Country,Year,Size_group,Efficiency_level,device_thousand
Brunei Darussalam,2005,Large,High_eff,3.1297
Brunei Darussalam,2006,Large,High_eff,3.282
Brunei Darussalam,2007,Large,High_eff,3.4366
Brunei Darussalam,2008,Large,High_eff,3.5937
Brunei Darussalam,2009,Large,High_eff,3.7533
Brunei Darussalam,2010,Large,High_eff,3.9163
Brunei Darussalam,2011,Large,High_eff,4.0796
Brunei Darussalam,2012,Large,High_eff,4.2424
Brunei Darussalam,2013,Large,High_eff,4.4074
Brunei Darussalam,2014,Large,High_eff,4.5738
Brunei Darussalam,2015,Large,High_eff,4.7406
Brunei Darussalam,2016,Large,High_eff,4.9071
Brunei Darussalam,2017,Large,High_eff,5.0727
Brunei Darussalam,2018,Large,High_eff,5.2364
Brunei Darussalam,2019,Large,High_eff,5.3993
Brunei Darussalam,2020,Large,High_eff,5.5623
Brunei Darussalam,2021,Large,High_eff,5.7261
Brunei Darussalam,2022,Large,High_eff,5.8909
Brunei Darussalam,2023,Large,High_eff,6.0554
Brunei Darussalam,2024,Large,High_eff,6.2185
Brunei Darussalam,2025,Large,High_eff,6.3802
Brunei Darussalam,2026,Large,High_eff,5.933
Brunei Darussalam,2027,Large,High_eff,5.4738
Brunei Darussalam,2028,Large,High_eff,5.0043
Brunei Darussalam,2029,Large,High_eff,4.5272
Brunei Darussalam,2030,Large,High_eff,4.0467
Brunei Darussalam,2031,Large,High_eff,3.5684
Brunei Darussalam,2032,Large,High_eff,3.0989
Brunei Darussalam,2033,Large,High_eff,2.6456
Brunei Darussalam,2034,Large,High_eff,2.2163
Brunei Darussalam,2035,Large,High_eff,1.8182
Brunei Darussalam,2036,Large,High_eff,1.4577
Brunei Darussalam,2037,Large,High_eff,1.1398
Brunei Darussalam,2038,Large,High_eff,0.8672
Brunei Darussalam,2039,Large,High_eff,0.6406
Brunei Darussalam,2040,Large,High_eff,0.4584
Brunei Darussalam,2041,Large,High_eff,0.317
Brunei Darussalam,2042,Large,High_eff,0.2114
Brunei Darussalam,2043,Large,High_eff,0.1355
Brunei Darussalam,2044,Large,High_eff,0.0834
Brunei Darussalam,2045,Large,High_eff,0.0491
Brunei Darussalam,2046,Large,High_eff,0.0276
Brunei Darussalam,2047,Large,High_eff,0.0148
Brunei Darussalam,2048,Large,High_eff,0.0075
Brunei Darussalam,2049,Large,High_eff,0.0036
Brunei Darussalam,2050,Large,High_eff,0.0016
Brunei Darussalam,2051,Large,High_eff,0.0007
Brunei Darussalam,2052,Large,High_eff,0.0003
Brunei Darussalam,2053,Large,High_eff,0.0001
Brunei Darussalam,2054,Large,High_eff,0.0
Brunei Darussalam,2055,Large,High_eff,0.0
Brunei Darussalam,2056,Large,High_eff,0.0
Brunei Darussalam,2057,Large,High_eff,0.0
Brunei Darussalam,2058,Large,High_eff,0.0
Brunei Darussalam,2059,Large,High_eff,0.0
Brunei Darussalam,2060,Large,High_eff,0.0
Brunei Darussalam,2005,Large,Low_eff,1.9978
Brunei Darussalam,2006,Large,Low_eff,2.095
Brunei Darussalam,2007,Large,Low_eff,2.1937
Brunei Darussalam,2008,Large,Low_eff,2.2939
Brunei Darussalam,2009,Large,Low_eff,2.3958
Brunei Darussalam,2010,Large,Low_eff,2.4999
Brunei Darussalam,2011,Large,Low_eff,2.6041
Brunei Darussalam,2012,Large,Low_eff,2.708
Brunei Darussalam,2013,Large,Low_eff,2.8134
Brunei Darussalam,2014,Large,Low_eff,2.9196
Brunei Darussalam,2015,Large,Low_eff,3.0261
Brunei Darussalam,2016,Large,Low_eff,3.1324
Brunei Darussalam,2017,Large,Low_eff,3.238
Brunei Darussalam,2018,Large,Low_eff,3.3426
Brunei Darussalam,2019,Large,Low_eff,3.4465
Brunei Darussalam,2020,Large,Low_eff,3.5505
Brunei Darussalam,2021,Large,Low_eff,3.6551
Brunei Darussalam,2022,Large,Low_eff,3.7603
Brunei Darussalam,2023,Large,Low_eff,3.8653
Brunei Darussalam,2024,Large,Low_eff,3.9694
Brunei Darussalam,2025,Large,Low_eff,4.0727
Brunei Darussalam,2026,Large,Low_eff,3.7872
Brunei Darussalam,2027,Large,Low_eff,3.4941
Brunei Darussalam,2028,Large,Low_eff,3.1944
Brunei Darussalam,2029,Large,Low_eff,2.8899
Brunei Darussalam,2030,Large,Low_eff,2.5831
Brunei Darussalam,2031,Large,Low_eff,2.2778
Brunei Darussalam,2032,Large,Low_eff,1.9781
Brunei Darussalam,2033,Large,Low_eff,1.6888
Brunei Darussalam,2034,Large,Low_eff,1.4147
Brunei Darussalam,2035,Large,Low_eff,1.1606
Brunei Darussalam,2036,Large,Low_eff,0.9305
Brunei Darussalam,2037,Large,Low_eff,0.7276
Brunei Darussalam,2038,Large,Low_eff,0.5536
Brunei Darussalam,2039,Large,Low_eff,0.409
Brunei Darussalam,2040,Large,Low_eff,0.2926
Brunei Darussalam,2041,Large,Low_eff,0.2024
Brunei Darussalam,2042,Large,Low_eff,0.1349
Brunei Darussalam,2043,Large,Low_eff,0.0865
Brunei Darussalam,2044,Large,Low_eff,0.0532
Brunei Darussalam,2045,Large,Low_eff,0.0313
Brunei Darussalam,2046,Large,Low_eff,0.0176
Brunei Darussalam,2047,Large,Low_eff,0.0094
Brunei Darussalam,2048,Large,Low_eff,0.0048
Brunei Darussalam,2049,Large,Low_eff,0.0023
Brunei Darussalam,2050,Large,Low_eff,0.0011
Brunei Darussalam,2051,Large,Low_eff,0.0005
Brunei Darussalam,2052,Large,Low_eff,0.0002
Brunei Darussalam,2053,Large,Low_eff,0.0001
Brunei Darussalam,2054,Large,Low_eff,0.0
Brunei Darussalam,2055,Large,Low_eff,0.0
Brunei Darussalam,2056,Large,Low_eff,0.0
Brunei Darussalam,2057,Large,Low_eff,0.0
Brunei Darussalam,2058,Large,Low_eff,0.0
Brunei Darussalam,2059,Large,Low_eff,0.0
Brunei Darussalam,2060,Large,Low_eff,0.0
Brunei Darussalam,2005,Large,Mid_eff,2.5004
Brunei Darussalam,2006,Large,Mid_eff,2.6221
Brunei Darussalam,2007,Large,Mid_eff,2.7456
Brunei Darussalam,2008,Large,Mid_eff,2.871
Brunei Darussalam,2009,Large,Mid_eff,2.9986
Brunei Darussalam,2010,Large,Mid_eff,3.1288
Brunei Darussalam,2011,Large,Mid_eff,3.2593
Brunei Darussalam,2012,Large,Mid_eff,3.3894
Brunei Darussalam,2013,Large,Mid_eff,3.5212
Brunei Darussalam,2014,Large,Mid_eff,3.6541
Brunei Darussalam,2015,Large,Mid_eff,3.7874
Brunei Darussalam,2016,Large,Mid_eff,3.9204
Brunei Darussalam,2017,Large,Mid_eff,4.0527
Brunei Darussalam,2018,Large,Mid_eff,4.1835
Brunei Darussalam,2019,Large,Mid_eff,4.3136
Brunei Darussalam,2020,Large,Mid_eff,4.4438
Brunei Darussalam,2021,Large,Mid_eff,4.5747
Brunei Darussalam,2022,Large,Mid_eff,4.7064
Brunei Darussalam,2023,Large,Mid_eff,4.8378
Brunei Darussalam,2024,Large,Mid_eff,4.9681
Brunei Darussalam,2025,Large,Mid_eff,5.0973
Brunei Darussalam,2026,Large,Mid_eff,4.74
Brunei Darussalam,2027,Large,Mid_eff,4.3732
Brunei Darussalam,2028,Large,Mid_eff,3.9981
Brunei Darussalam,2029,Large,Mid_eff,3.6169
Brunei Darussalam,2030,Large,Mid_eff,3.233
Brunei Darussalam,2031,Large,Mid_eff,2.8509
Brunei Darussalam,2032,Large,Mid_eff,2.4758
Brunei Darussalam,2033,Large,Mid_eff,2.1137
Brunei Darussalam,2034,Large,Mid_eff,1.7706
Brunei Darussalam,2035,Large,Mid_eff,1.4526
Brunei Darussalam,2036,Large,Mid_eff,1.1646
Brunei Darussalam,2037,Large,Mid_eff,0.9106
Brunei Darussalam,2038,Large,Mid_eff,0.6928
Brunei Darussalam,2039,Large,Mid_eff,0.5118
Brunei Darussalam,2040,Large,Mid_eff,0.3662
Brunei Darussalam,2041,Large,Mid_eff,0.2533
Brunei Darussalam,2042,Large,Mid_eff,0.1689
Brunei Darussalam,2043,Large,Mid_eff,0.1083
Brunei Darussalam,2044,Large,Mid_eff,0.0666
Brunei Darussalam,2045,Large,Mid_eff,0.0392
Brunei Darussalam,2046,Large,Mid_eff,0.022
Brunei Darussalam,2047,Large,Mid_eff,0.0118
Brunei Darussalam,2048,Large,Mid_eff,0.006
Brunei Darussalam,2049,Large,Mid_eff,0.0029
Brunei Darussalam,2050,Large,Mid_eff,0.0013
Brunei Darussalam,2051,Large,Mid_eff,0.0006
Brunei Darussalam,2052,Large,Mid_eff,0.0002
Brunei Darussalam,2053,Large,Mid_eff,0.0001
Brunei Darussalam,2054,Large,Mid_eff,0.0
Brunei Darussalam,2055,Large,Mid_eff,0.0
Brunei Darussalam,2056,Large,Mid_eff,0.0
Brunei Darussalam,2057,Large,Mid_eff,0.0
Brunei Darussalam,2058,Large,Mid_eff,0.0
Brunei Darussalam,2059,Large,Mid_eff,0.0
Brunei Darussalam,2060,Large,Mid_eff,0.0
Brunei Darussalam,2005,Medium,High_eff,0.0
Brunei Darussalam,2006,Medium,High_eff,0.0
Brunei Darussalam,2007,Medium,High_eff,0.0
Brunei Darussalam,2008,Medium,High_eff,0.0
Brunei Darussalam,2009,Medium,High_eff,0.0
Brunei Darussalam,2010,Medium,High_eff,0.0
Brunei Darussalam,2011,Medium,High_eff,0.0
Brunei Darussalam,2012,Medium,High_eff,0.0
Brunei Darussalam,2013,Medium,High_eff,0.0
Brunei Darussalam,2014,Medium,High_eff,0.0
Brunei Darussalam,2015,Medium,High_eff,0.0
Brunei Darussalam,2016,Medium,High_eff,0.0
Brunei Darussalam,2017,Medium,High_eff,0.0
Brunei Darussalam,2018,Medium,High_eff,0.0
Brunei Darussalam,2019,Medium,High_eff,0.0
Brunei Darussalam,2020,Medium,High_eff,0.0
Brunei Darussalam,2021,Medium,High_eff,0.0
Brunei Darussalam,2022,Medium,High_eff,0.0
Brunei Darussalam,2023,Medium,High_eff,0.0
Brunei Darussalam,2024,Medium,High_eff,0.0
Brunei Darussalam,2025,Medium,High_eff,0.0
Brunei Darussalam,2026,Medium,High_eff,0.0
Brunei Darussalam,2027,Medium,High_eff,0.0
Brunei Darussalam,2028,Medium,High_eff,0.0
Brunei Darussalam,2029,Medium,High_eff,0.0
Brunei Darussalam,2030,Medium,High_eff,0.0
Brunei Darussalam,2031,Medium,High_eff,0.0
Brunei Darussalam,2032,Medium,High_eff,0.0
Brunei Darussalam,2033,Medium,High_eff,0.0
Brunei Darussalam,2034,Medium,High_eff,0.0
Brunei Darussalam,2035,Medium,High_eff,0.0
Brunei Darussalam,2036,Medium,High_eff,0.0
Brunei Darussalam,2037,Medium,High_eff,0.0
Brunei Darussalam,2038,Medium,High_eff,0.0
Brunei Darussalam,2039,Medium,High_eff,0.0
Brunei Darussalam,2040,Medium,High_eff,0.0
Brunei Darussalam,2041,Medium,High_eff,0.0
Brunei Darussalam,2042,Medium,High_eff,0.0
Brunei Darussalam,2043,Medium,High_eff,0.0
Brunei Darussalam,2044,Medium,High_eff,0.0
Brunei Darussalam,2045,Medium,High_eff,0.0
Brunei Darussalam,2046,Medium,High_eff,0.0
Brunei Darussalam,2047,Medium,High_eff,0.0
Brunei Darussalam,2048,Medium,High_eff,0.0
Brunei Darussalam,2049,Medium,High_eff,0.0
Brunei Darussalam,2050,Medium,High_eff,0.0
Brunei Darussalam,2051,Medium,High_eff,0.0
Brunei Darussalam,2052,Medium,High_eff,0.0
Brunei Darussalam,2053,Medium,High_eff,0.0
Brunei Darussalam,2054,Medium,High_eff,0.0
Brunei Darussalam,2055,Medium,High_eff,0.0
Brunei Darussalam,2056,Medium,High_eff,0.0
Brunei Darussalam,2057,Medium,High_eff,0.0
Brunei Darussalam,2058,Medium,High_eff,0.0
Brunei Darussalam,2059,Medium,High_eff,0.0
Brunei Darussalam,2060,Medium,High_eff,0.0
Brunei Darussalam,2005,Medium,Low_eff,0.0
Brunei Darussalam,2006,Medium,Low_eff,0.0
Brunei Darussalam,2007,Medium,Low_eff,0.0
Brunei Darussalam,2008,Medium,Low_eff,0.0
Brunei Darussalam,2009,Medium,Low_eff,0.0
Brunei Darussalam,2010,Medium,Low_eff,0.0
Brunei Darussalam,2011,Medium,Low_eff,0.0
Brunei Darussalam,2012,Medium,Low_eff,0.0
Brunei Darussalam,2013,Medium,Low_eff,0.0
Brunei Darussalam,2014,Medium,Low_eff,0.0
Brunei Darussalam,2015,Medium,Low_eff,0.0
Brunei Darussalam,2016,Medium,Low_eff,0.0
Brunei Darussalam,2017,Medium,Low_eff,0.0
Brunei Darussalam,2018,Medium,Low_eff,0.0
Brunei Darussalam,2019,Medium,Low_eff,0.0
Brunei Darussalam,2020,Medium,Low_eff,0.0
Brunei Darussalam,2021,Medium,Low_eff,0.0
Brunei Darussalam,2022,Medium,Low_eff,0.0
Brunei Darussalam,2023,Medium,Low_eff,0.0
Brunei Darussalam,2024,Medium,Low_eff,0.0
Brunei Darussalam,2025,Medium,Low_eff,0.0
Brunei Darussalam,2026,Medium,Low_eff,0.0
Brunei Darussalam,2027,Medium,Low_eff,0.0
Brunei Darussalam,2028,Medium,Low_eff,0.0
Brunei Darussalam,2029,Medium,Low_eff,0.0
Brunei Darussalam,2030,Medium,Low_eff,0.0
Brunei Darussalam,2031,Medium,Low_eff,0.0
Brunei Darussalam,2032,Medium,Low_eff,0.0
Brunei Darussalam,2033,Medium,Low_eff,0.0
Brunei Darussalam,2034,Medium,Low_eff,0.0
Brunei Darussalam,2035,Medium,Low_eff,0.0
Brunei Darussalam,2036,Medium,Low_eff,0.0
Brunei Darussalam,2037,Medium,Low_eff,0.0
Brunei Darussalam,2038,Medium,Low_eff,0.0
Brunei Darussalam,2039,Medium,Low_eff,0.0
Brunei Darussalam,2040,Medium,Low_eff,0.0
Brunei Darussalam,2041,Medium,Low_eff,0.0
Brunei Darussalam,2042,Medium,Low_eff,0.0
Brunei Darussalam,2043,Medium,Low_eff,0.0
Brunei Darussalam,2044,Medium,Low_eff,0.0
Brunei Darussalam,2045,Medium,Low_eff,0.0
Brunei Darussalam,2046,Medium,Low_eff,0.0
Brunei Darussalam,2047,Medium,Low_eff,0.0
Brunei Darussalam,2048,Medium,Low_eff,0.0
Brunei Darussalam,2049,Medium,Low_eff,0.0
Brunei Darussalam,2050,Medium,Low_eff,0.0
Brunei Darussalam,2051,Medium,Low_eff,0.0
Brunei Darussalam,2052,Medium,Low_eff,0.0
Brunei Darussalam,2053,Medium,Low_eff,0.0
Brunei Darussalam,2054,Medium,Low_eff,0.0
Brunei Darussalam,2055,Medium,Low_eff,0.0
Brunei Darussalam,2056,Medium,Low_eff,0.0
Brunei Darussalam,2057,Medium,Low_eff,0.0
Brunei Darussalam,2058,Medium,Low_eff,0.0
Brunei Darussalam,2059,Medium,Low_eff,0.0
Brunei Darussalam,2060,Medium,Low_eff,0.0
Brunei Darussalam,2005,Medium,Mid_eff,19.5935
Brunei Darussalam,2006,Medium,Mid_eff,20.5469
Brunei Darussalam,2007,Medium,Mid_eff,21.5148
Brunei Darussalam,2008,Medium,Mid_eff,22.4979
Brunei Darussalam,2009,Medium,Mid_eff,23.4975
Brunei Darussalam,2010,Medium,Mid_eff,24.5178
Brunei Darussalam,2011,Medium,Mid_eff,25.5404
Brunei Darussalam,2012,Medium,Mid_eff,26.5595
Brunei Darussalam,2013,Medium,Mid_eff,27.5923
Brunei Darussalam,2014,Medium,Mid_eff,28.634
Brunei Darussalam,2015,Medium,Mid_eff,29.6786
Brunei Darussalam,2016,Medium,Mid_eff,30.7209
Brunei Darussalam,2017,Medium,Mid_eff,31.7572
Brunei Darussalam,2018,Medium,Mid_eff,32.7826
Brunei Darussalam,2019,Medium,Mid_eff,33.8019
Brunei Darussalam,2020,Medium,Mid_eff,34.8223
Brunei Darussalam,2021,Medium,Mid_eff,35.8477
Brunei Darussalam,2022,Medium,Mid_eff,36.8798
Brunei Darussalam,2023,Medium,Mid_eff,37.9097
Brunei Darussalam,2024,Medium,Mid_eff,38.9304
Brunei Darussalam,2025,Medium,Mid_eff,39.9432
Brunei Darussalam,2026,Medium,Mid_eff,37.1433
Brunei Darussalam,2027,Medium,Mid_eff,34.2689
Brunei Darussalam,2028,Medium,Mid_eff,31.3294
Brunei Darussalam,2029,Medium,Mid_eff,28.3423
Brunei Darussalam,2030,Medium,Mid_eff,25.3343
Brunei Darussalam,2031,Medium,Mid_eff,22.3398
Brunei Darussalam,2032,Medium,Mid_eff,19.4006
Brunei Darussalam,2033,Medium,Mid_eff,16.563
Brunei Darussalam,2034,Medium,Mid_eff,13.8751
Brunei Darussalam,2035,Medium,Mid_eff,11.3828
Brunei Darussalam,2036,Medium,Mid_eff,9.1261
Brunei Darussalam,2037,Medium,Mid_eff,7.1357
Brunei Darussalam,2038,Medium,Mid_eff,5.4292
Brunei Darussalam,2039,Medium,Mid_eff,4.0107
Brunei Darussalam,2040,Medium,Mid_eff,2.87
Brunei Darussalam,2041,Medium,Mid_eff,1.9848
Brunei Darussalam,2042,Medium,Mid_eff,1.3233
Brunei Darussalam,2043,Medium,Mid_eff,0.8485
Brunei Darussalam,2044,Medium,Mid_eff,0.522
Brunei Darussalam,2045,Medium,Mid_eff,0.3073
Brunei Darussalam,2046,Medium,Mid_eff,0.1727
Brunei Darussalam,2047,Medium,Mid_eff,0.0924
Brunei Darussalam,2048,Medium,Mid_eff,0.047
Brunei Darussalam,2049,Medium,Mid_eff,0.0226
Brunei Darussalam,2050,Medium,Mid_eff,0.0103
Brunei Darussalam,2051,Medium,Mid_eff,0.0044
Brunei Darussalam,2052,Medium,Mid_eff,0.0018
Brunei Darussalam,2053,Medium,Mid_eff,0.0007
Brunei Darussalam,2054,Medium,Mid_eff,0.0002
Brunei Darussalam,2055,Medium,Mid_eff,0.0001
Brunei Darussalam,2056,Medium,Mid_eff,0.0
Brunei Darussalam,2057,Medium,Mid_eff,0.0
Brunei Darussalam,2058,Medium,Mid_eff,0.0
Brunei Darussalam,2059,Medium,Mid_eff,0.0
Brunei Darussalam,2060,Medium,Mid_eff,0.0
Brunei Darussalam,2005,Small,High_eff,0.0
Brunei Darussalam,2006,Small,High_eff,0.0
Brunei Darussalam,2007,Small,High_eff,0.0
Brunei Darussalam,2008,Small,High_eff,0.0
Brunei Darussalam,2009,Small,High_eff,0.0
Brunei Darussalam,2010,Small,High_eff,0.0
Brunei Darussalam,2011,Small,High_eff,0.0
Brunei Darussalam,2012,Small,High_eff,0.0
Brunei Darussalam,2013,Small,High_eff,0.0
Brunei Darussalam,2014,Small,High_eff,0.0
Brunei Darussalam,2015,Small,High_eff,0.0
Brunei Darussalam,2016,Small,High_eff,0.0
Brunei Darussalam,2017,Small,High_eff,0.0
Brunei Darussalam,2018,Small,High_eff,0.0
Brunei Darussalam,2019,Small,High_eff,0.0
Brunei Darussalam,2020,Small,High_eff,0.0
Brunei Darussalam,2021,Small,High_eff,0.0
Brunei Darussalam,2022,Small,High_eff,0.0
Brunei Darussalam,2023,Small,High_eff,0.0
Brunei Darussalam,2024,Small,High_eff,0.0
Brunei Darussalam,2025,Small,High_eff,0.0
Brunei Darussalam,2026,Small,High_eff,0.0
Brunei Darussalam,2027,Small,High_eff,0.0
Brunei Darussalam,2028,Small,High_eff,0.0
Brunei Darussalam,2029,Small,High_eff,0.0
Brunei Darussalam,2030,Small,High_eff,0.0
Brunei Darussalam,2031,Small,High_eff,0.0
Brunei Darussalam,2032,Small,High_eff,0.0
Brunei Darussalam,2033,Small,High_eff,0.0
Brunei Darussalam,2034,Small,High_eff,0.0
Brunei Darussalam,2035,Small,High_eff,0.0
Brunei Darussalam,2036,Small,High_eff,0.0
Brunei Darussalam,2037,Small,High_eff,0.0
Brunei Darussalam,2038,Small,High_eff,0.0
Brunei Darussalam,2039,Small,High_eff,0.0
Brunei Darussalam,2040,Small,High_eff,0.0
Brunei Darussalam,2041,Small,High_eff,0.0
Brunei Darussalam,2042,Small,High_eff,0.0
Brunei Darussalam,2043,Small,High_eff,0.0
Brunei Darussalam,2044,Small,High_eff,0.0
Brunei Darussalam,2045,Small,High_eff,0.0
Brunei Darussalam,2046,Small,High_eff,0.0
Brunei Darussalam,2047,Small,High_eff,0.0
Brunei Darussalam,2048,Small,High_eff,0.0
Brunei Darussalam,2049,Small,High_eff,0.0
Brunei Darussalam,2050,Small,High_eff,0.0
Brunei Darussalam,2051,Small,High_eff,0.0
Brunei Darussalam,2052,Small,High_eff,0.0
Brunei Darussalam,2053,Small,High_eff,0.0
Brunei Darussalam,2054,Small,High_eff,0.0
Brunei Darussalam,2055,Small,High_eff,0.0
Brunei Darussalam,2056,Small,High_eff,0.0
Brunei Darussalam,2057,Small,High_eff,0.0
Brunei Darussalam,2058,Small,High_eff,0.0
Brunei Darussalam,2059,Small,High_eff,0.0
Brunei Darussalam,2060,Small,High_eff,0.0
Brunei Darussalam,2005,Small,Low_eff,15.015
Brunei Darussalam,2006,Small,Low_eff,15.7457
Brunei Darussalam,2007,Small,Low_eff,16.4874
Brunei Darussalam,2008,Small,Low_eff,17.2408
Brunei Darussalam,2009,Small,Low_eff,18.0068
Brunei Darussalam,2010,Small,Low_eff,18.7887
Brunei Darussalam,2011,Small,Low_eff,19.5723
Brunei Darussalam,2012,Small,Low_eff,20.3533
Brunei Darussalam,2013,Small,Low_eff,21.1448
Brunei Darussalam,2014,Small,Low_eff,21.9431
Brunei Darussalam,2015,Small,Low_eff,22.7436
Brunei Darussalam,2016,Small,Low_eff,23.5423
Brunei Darussalam,2017,Small,Low_eff,24.3365
Brunei Darussalam,2018,Small,Low_eff,25.1222
Brunei Darussalam,2019,Small,Low_eff,25.9034
Brunei Darussalam,2020,Small,Low_eff,26.6854
Brunei Darussalam,2021,Small,Low_eff,27.4711
Brunei Darussalam,2022,Small,Low_eff,28.2621
Brunei Darussalam,2023,Small,Low_eff,29.0513
Brunei Darussalam,2024,Small,Low_eff,29.8335
Brunei Darussalam,2025,Small,Low_eff,30.6096
Brunei Darussalam,2026,Small,Low_eff,28.4639
Brunei Darussalam,2027,Small,Low_eff,26.2613
Brunei Darussalam,2028,Small,Low_eff,24.0086
Brunei Darussalam,2029,Small,Low_eff,21.7195
Brunei Darussalam,2030,Small,Low_eff,19.4143
Brunei Darussalam,2031,Small,Low_eff,17.1196
Brunei Darussalam,2032,Small,Low_eff,14.8672
Brunei Darussalam,2033,Small,Low_eff,12.6927
Brunei Darussalam,2034,Small,Low_eff,10.6328
Brunei Darussalam,2035,Small,Low_eff,8.7229
Brunei Darussalam,2036,Small,Low_eff,6.9936
Brunei Darussalam,2037,Small,Low_eff,5.4682
Brunei Darussalam,2038,Small,Low_eff,4.1606
Brunei Darussalam,2039,Small,Low_eff,3.0735
Brunei Darussalam,2040,Small,Low_eff,2.1994
Brunei Darussalam,2041,Small,Low_eff,1.521
Brunei Darussalam,2042,Small,Low_eff,1.0141
Brunei Darussalam,2043,Small,Low_eff,0.6502
Brunei Darussalam,2044,Small,Low_eff,0.4
Brunei Darussalam,2045,Small,Low_eff,0.2355
Brunei Darussalam,2046,Small,Low_eff,0.1324
Brunei Darussalam,2047,Small,Low_eff,0.0708
Brunei Darussalam,2048,Small,Low_eff,0.036
Brunei Darussalam,2049,Small,Low_eff,0.0173
Brunei Darussalam,2050,Small,Low_eff,0.0079
Brunei Darussalam,2051,Small,Low_eff,0.0034
Brunei Darussalam,2052,Small,Low_eff,0.0014
Brunei Darussalam,2053,Small,Low_eff,0.0005
Brunei Darussalam,2054,Small,Low_eff,0.0002
Brunei Darussalam,2055,Small,Low_eff,0.0001
Brunei Darussalam,2056,Small,Low_eff,0.0
Brunei Darussalam,2057,Small,Low_eff,0.0
Brunei Darussalam,2058,Small,Low_eff,0.0
Brunei Darussalam,2059,Small,Low_eff,0.0
Brunei Darussalam,2060,Small,Low_eff,0.0
Brunei Darussalam,2005,Small,Mid_eff,0.0
Brunei Darussalam,2006,Small,Mid_eff,0.0
Brunei Darussalam,2007,Small,Mid_eff,0.0
Brunei Darussalam,2008,Small,Mid_eff,0.0
Brunei Darussalam,2009,Small,Mid_eff,0.0
Brunei Darussalam,2010,Small,Mid_eff,0.0
Brunei Darussalam,2011,Small,Mid_eff,0.0
Brunei Darussalam,2012,Small,Mid_eff,0.0
Brunei Darussalam,2013,Small,Mid_eff,0.0
Brunei Darussalam,2014,Small,Mid_eff,0.0
Brunei Darussalam,2015,Small,Mid_eff,0.0
Brunei Darussalam,2016,Small,Mid_eff,0.0
Brunei Darussalam,2017,Small,Mid_eff,0.0
Brunei Darussalam,2018,Small,Mid_eff,0.0
Brunei Darussalam,2019,Small,Mid_eff,0.0
Brunei Darussalam,2020,Small,Mid_eff,0.0
Brunei Darussalam,2021,Small,Mid_eff,0.0
Brunei Darussalam,2022,Small,Mid_eff,0.0
Brunei Darussalam,2023,Small,Mid_eff,0.0
Brunei Darussalam,2024,Small,Mid_eff,0.0
Brunei Darussalam,2025,Small,Mid_eff,0.0
Brunei Darussalam,2026,Small,Mid_eff,0.0
Brunei Darussalam,2027,Small,Mid_eff,0.0
Brunei Darussalam,2028,Small,Mid_eff,0.0
Brunei Darussalam,2029,Small,Mid_eff,0.0
Brunei Darussalam,2030,Small,Mid_eff,0.0
Brunei Darussalam,2031,Small,Mid_eff,0.0
Brunei Darussalam,2032,Small,Mid_eff,0.0
Brunei Darussalam,2033,Small,Mid_eff,0.0
Brunei Darussalam,2034,Small,Mid_eff,0.0
Brunei Darussalam,2035,Small,Mid_eff,0.0
Brunei Darussalam,2036,Small,Mid_eff,0.0
Brunei Darussalam,2037,Small,Mid_eff,0.0
Brunei Darussalam,2038,Small,Mid_eff,0.0
Brunei Darussalam,2039,Small,Mid_eff,0.0
Brunei Darussalam,2040,Small,Mid_eff,0.0
Brunei Darussalam,2041,Small,Mid_eff,0.0
Brunei Darussalam,2042,Small,Mid_eff,0.0
Brunei Darussalam,2043,Small,Mid_eff,0.0
Brunei Darussalam,2044,Small,Mid_eff,0.0
Brunei Darussalam,2045,Small,Mid_eff,0.0
Brunei Darussalam,2046,Small,Mid_eff,0.0
Brunei Darussalam,2047,Small,Mid_eff,0.0
Brunei Darussalam,2048,Small,Mid_eff,0.0
Brunei Darussalam,2049,Small,Mid_eff,0.0
Brunei Darussalam,2050,Small,Mid_eff,0.0
Brunei Darussalam,2051,Small,Mid_eff,0.0
Brunei Darussalam,2052,Small,Mid_eff,0.0
Brunei Darussalam,2053,Small,Mid_eff,0.0
Brunei Darussalam,2054,Small,Mid_eff,0.0
Brunei Darussalam,2055,Small,Mid_eff,0.0
Brunei Darussalam,2056,Small,Mid_eff,0.0
Brunei Darussalam,2057,Small,Mid_eff,0.0
Brunei Darussalam,2058,Small,Mid_eff,0.0
Brunei Darussalam,2059,Small,Mid_eff,0.0
Brunei Darussalam,2060,Small,Mid_eff,0.0
Cambodia,2005,Large,High_eff,40.536
Cambodia,2006,Large,High_eff,42.5274
Cambodia,2007,Large,High_eff,44.5904
Cambodia,2008,Large,High_eff,46.6802
Cambodia,2009,Large,High_eff,48.7619
Cambodia,2010,Large,High_eff,50.8766
Cambodia,2011,Large,High_eff,53.0466
Cambodia,2012,Large,High_eff,55.2714
Cambodia,2013,Large,High_eff,57.5427
Cambodia,2014,Large,High_eff,59.8514
Cambodia,2015,Large,High_eff,62.1859
Cambodia,2016,Large,High_eff,64.5638
Cambodia,2017,Large,High_eff,66.9789
Cambodia,2018,Large,High_eff,69.3841
Cambodia,2019,Large,High_eff,71.7729
Cambodia,2020,Large,High_eff,74.2253
Cambodia,2021,Large,High_eff,76.7258
Cambodia,2022,Large,High_eff,79.197
Cambodia,2023,Large,High_eff,81.6896
Cambodia,2024,Large,High_eff,84.2111
Cambodia,2025,Large,High_eff,86.7337
Cambodia,2026,Large,High_eff,80.7726
Cambodia,2027,Large,High_eff,74.6293
Cambodia,2028,Large,High_eff,68.3225
Cambodia,2029,Large,High_eff,61.8903
Cambodia,2030,Large,High_eff,55.391
Cambodia,2031,Large,High_eff,48.9014
Cambodia,2032,Large,High_eff,42.5142
Cambodia,2033,Large,High_eff,36.3329
Cambodia,2034,Large,High_eff,30.4653
Cambodia,2035,Large,High_eff,25.0148
Cambodia,2036,Large,High_eff,20.0719
Cambodia,2037,Large,High_eff,15.7058
Cambodia,2038,Large,High_eff,11.9582
Cambodia,2039,Large,High_eff,8.8395
Cambodia,2040,Large,High_eff,6.3292
Cambodia,2041,Large,High_eff,4.3794
Cambodia,2042,Large,High_eff,2.9214
Cambodia,2043,Large,High_eff,1.8742
Cambodia,2044,Large,High_eff,1.1535
Cambodia,2045,Large,High_eff,0.6794
Cambodia,2046,Large,High_eff,0.382
Cambodia,2047,Large,High_eff,0.2045
Cambodia,2048,Large,High_eff,0.104
Cambodia,2049,Large,High_eff,0.0501
Cambodia,2050,Large,High_eff,0.0228
Cambodia,2051,Large,High_eff,0.0098
Cambodia,2052,Large,High_eff,0.0039
Cambodia,2053,Large,High_eff,0.0015
Cambodia,2054,Large,High_eff,0.0005
Cambodia,2055,Large,High_eff,0.0002
Cambodia,2056,Large,High_eff,0.0001
Cambodia,2057,Large,High_eff,0.0
Cambodia,2058,Large,High_eff,0.0
Cambodia,2059,Large,High_eff,0.0
Cambodia,2060,Large,High_eff,0.0
Cambodia,2005,Large,Low_eff,5.6375
Cambodia,2006,Large,Low_eff,5.9144
Cambodia,2007,Large,Low_eff,6.2013
Cambodia,2008,Large,Low_eff,6.492
Cambodia,2009,Large,Low_eff,6.7815
Cambodia,2010,Large,Low_eff,7.0756
Cambodia,2011,Large,Low_eff,7.3773
Cambodia,2012,Large,Low_eff,7.6867
Cambodia,2013,Large,Low_eff,8.0026
Cambodia,2014,Large,Low_eff,8.3237
Cambodia,2015,Large,Low_eff,8.6484
Cambodia,2016,Large,Low_eff,8.9791
Cambodia,2017,Large,Low_eff,9.315
Cambodia,2018,Large,Low_eff,9.6494
Cambodia,2019,Large,Low_eff,9.9817
Cambodia,2020,Large,Low_eff,10.3227
Cambodia,2021,Large,Low_eff,10.6705
Cambodia,2022,Large,Low_eff,11.0142
Cambodia,2023,Large,Low_eff,11.3608
Cambodia,2024,Large,Low_eff,11.7115
Cambodia,2025,Large,Low_eff,12.0623
Cambodia,2026,Large,Low_eff,11.2333
Cambodia,2027,Large,Low_eff,10.3789
Cambodia,2028,Large,Low_eff,9.5018
Cambodia,2029,Large,Low_eff,8.6073
Cambodia,2030,Large,Low_eff,7.7034
Cambodia,2031,Large,Low_eff,6.8008
Cambodia,2032,Large,Low_eff,5.9126
Cambodia,2033,Large,Low_eff,5.0529
Cambodia,2034,Large,Low_eff,4.2369
Cambodia,2035,Large,Low_eff,3.4789
Cambodia,2036,Large,Low_eff,2.7914
Cambodia,2037,Large,Low_eff,2.1842
Cambodia,2038,Large,Low_eff,1.6631
Cambodia,2039,Large,Low_eff,1.2293
Cambodia,2040,Large,Low_eff,0.8802
Cambodia,2041,Large,Low_eff,0.6091
Cambodia,2042,Large,Low_eff,0.4063
Cambodia,2043,Large,Low_eff,0.2606
Cambodia,2044,Large,Low_eff,0.1604
Cambodia,2045,Large,Low_eff,0.0945
Cambodia,2046,Large,Low_eff,0.0531
Cambodia,2047,Large,Low_eff,0.0284
Cambodia,2048,Large,Low_eff,0.0145
Cambodia,2049,Large,Low_eff,0.007
Cambodia,2050,Large,Low_eff,0.0032
Cambodia,2051,Large,Low_eff,0.0014
Cambodia,2052,Large,Low_eff,0.0005
Cambodia,2053,Large,Low_eff,0.0002
Cambodia,2054,Large,Low_eff,0.0001
Cambodia,2055,Large,Low_eff,0.0
Cambodia,2056,Large,Low_eff,0.0
Cambodia,2057,Large,Low_eff,0.0
Cambodia,2058,Large,Low_eff,0.0
Cambodia,2059,Large,Low_eff,0.0
Cambodia,2060,Large,Low_eff,0.0
Cambodia,2005,Large,Mid_eff,22.6841
Cambodia,2006,Large,Mid_eff,23.7985
Cambodia,2007,Large,Mid_eff,24.9529
Cambodia,2008,Large,Mid_eff,26.1224
Cambodia,2009,Large,Mid_eff,27.2873
Cambodia,2010,Large,Mid_eff,28.4707
Cambodia,2011,Large,Mid_eff,29.685
Cambodia,2012,Large,Mid_eff,30.93
Cambodia,2013,Large,Mid_eff,32.2011
Cambodia,2014,Large,Mid_eff,33.493
Cambodia,2015,Large,Mid_eff,34.7994
Cambodia,2016,Large,Mid_eff,36.1301
Cambodia,2017,Large,Mid_eff,37.4816
Cambodia,2018,Large,Mid_eff,38.8275
Cambodia,2019,Large,Mid_eff,40.1643
Cambodia,2020,Large,Mid_eff,41.5367
Cambodia,2021,Large,Mid_eff,42.936
Cambodia,2022,Large,Mid_eff,44.3189
Cambodia,2023,Large,Mid_eff,45.7137
Cambodia,2024,Large,Mid_eff,47.1247
Cambodia,2025,Large,Mid_eff,48.5364
Cambodia,2026,Large,Mid_eff,45.2006
Cambodia,2027,Large,Mid_eff,41.7628
Cambodia,2028,Large,Mid_eff,38.2334
Cambodia,2029,Large,Mid_eff,34.634
Cambodia,2030,Large,Mid_eff,30.9969
Cambodia,2031,Large,Mid_eff,27.3653
Cambodia,2032,Large,Mid_eff,23.791
Cambodia,2033,Large,Mid_eff,20.332
Cambodia,2034,Large,Mid_eff,17.0485
Cambodia,2035,Large,Mid_eff,13.9984
Cambodia,2036,Large,Mid_eff,11.2323
Cambodia,2037,Large,Mid_eff,8.789
Cambodia,2038,Large,Mid_eff,6.6918
Cambodia,2039,Large,Mid_eff,4.9466
Cambodia,2040,Large,Mid_eff,3.5419
Cambodia,2041,Large,Mid_eff,2.4507
Cambodia,2042,Large,Mid_eff,1.6348
Cambodia,2043,Large,Mid_eff,1.0488
Cambodia,2044,Large,Mid_eff,0.6455
Cambodia,2045,Large,Mid_eff,0.3802
Cambodia,2046,Large,Mid_eff,0.2138
Cambodia,2047,Large,Mid_eff,0.1145
Cambodia,2048,Large,Mid_eff,0.0582
Cambodia,2049,Large,Mid_eff,0.028
Cambodia,2050,Large,Mid_eff,0.0128
Cambodia,2051,Large,Mid_eff,0.0055
Cambodia,2052,Large,Mid_eff,0.0022
Cambodia,2053,Large,Mid_eff,0.0008
Cambodia,2054,Large,Mid_eff,0.0003
Cambodia,2055,Large,Mid_eff,0.0001
Cambodia,2056,Large,Mid_eff,0.0
Cambodia,2057,Large,Mid_eff,0.0
Cambodia,2058,Large,Mid_eff,0.0
Cambodia,2059,Large,Mid_eff,0.0
Cambodia,2060,Large,Mid_eff,0.0
Cambodia,2005,Medium,High_eff,168.8553
Cambodia,2006,Medium,High_eff,177.1506
Cambodia,2007,Medium,High_eff,185.744
Cambodia,2008,Medium,High_eff,194.4494
Cambodia,2009,Medium,High_eff,203.1209
Cambodia,2010,Medium,High_eff,211.9298
Cambodia,2011,Medium,High_eff,220.9691
Cambodia,2012,Medium,High_eff,230.2363
Cambodia,2013,Medium,High_eff,239.6978
Cambodia,2014,Medium,High_eff,249.3149
Cambodia,2015,Medium,High_eff,259.0392
Cambodia,2016,Medium,High_eff,268.9447
Cambodia,2017,Medium,High_eff,279.0049
Cambodia,2018,Medium,High_eff,289.0239
Cambodia,2019,Medium,High_eff,298.9747
Cambodia,2020,Medium,High_eff,309.1902
Cambodia,2021,Medium,High_eff,319.6063
Cambodia,2022,Medium,High_eff,329.9003
Cambodia,2023,Medium,High_eff,340.283
Cambodia,2024,Medium,High_eff,350.7865
Cambodia,2025,Medium,High_eff,361.2945
Cambodia,2026,Medium,High_eff,336.4634
Cambodia,2027,Medium,High_eff,310.873
Cambodia,2028,Medium,High_eff,284.6013
Cambodia,2029,Medium,High_eff,257.8077
Cambodia,2030,Medium,High_eff,230.7344
Cambodia,2031,Medium,High_eff,203.7016
Cambodia,2032,Medium,High_eff,177.0952
Cambodia,2033,Medium,High_eff,151.3469
Cambodia,2034,Medium,High_eff,126.9051
Cambodia,2035,Medium,High_eff,104.2007
Cambodia,2036,Medium,High_eff,83.6107
Cambodia,2037,Medium,High_eff,65.4235
Cambodia,2038,Medium,High_eff,49.8125
Cambodia,2039,Medium,High_eff,36.8214
Cambodia,2040,Medium,High_eff,26.3647
Cambodia,2041,Medium,High_eff,18.2427
Cambodia,2042,Medium,High_eff,12.1691
Cambodia,2043,Medium,High_eff,7.8069
Cambodia,2044,Medium,High_eff,4.805
Cambodia,2045,Medium,High_eff,2.8301
Cambodia,2046,Medium,High_eff,1.5913
Cambodia,2047,Medium,High_eff,0.852
Cambodia,2048,Medium,High_eff,0.4332
Cambodia,2049,Medium,High_eff,0.2087
Cambodia,2050,Medium,High_eff,0.095
Cambodia,2051,Medium,High_eff,0.0408
Cambodia,2052,Medium,High_eff,0.0164
Cambodia,2053,Medium,High_eff,0.0062
Cambodia,2054,Medium,High_eff,0.0022
Cambodia,2055,Medium,High_eff,0.0007
Cambodia,2056,Medium,High_eff,0.0002
Cambodia,2057,Medium,High_eff,0.0001
Cambodia,2058,Medium,High_eff,0.0
Cambodia,2059,Medium,High_eff,0.0
Cambodia,2060,Medium,High_eff,0.0
Cambodia,2005,Medium,Low_eff,0.0
Cambodia,2006,Medium,Low_eff,0.0
Cambodia,2007,Medium,Low_eff,0.0
Cambodia,2008,Medium,Low_eff,0.0
Cambodia,2009,Medium,Low_eff,0.0
Cambodia,2010,Medium,Low_eff,0.0
Cambodia,2011,Medium,Low_eff,0.0
Cambodia,2012,Medium,Low_eff,0.0
Cambodia,2013,Medium,Low_eff,0.0
Cambodia,2014,Medium,Low_eff,0.0
Cambodia,2015,Medium,Low_eff,0.0
Cambodia,2016,Medium,Low_eff,0.0
Cambodia,2017,Medium,Low_eff,0.0
Cambodia,2018,Medium,Low_eff,0.0
Cambodia,2019,Medium,Low_eff,0.0
Cambodia,2020,Medium,Low_eff,0.0
Cambodia,2021,Medium,Low_eff,0.0
Cambodia,2022,Medium,Low_eff,0.0
Cambodia,2023,Medium,Low_eff,0.0
Cambodia,2024,Medium,Low_eff,0.0
Cambodia,2025,Medium,Low_eff,0.0
Cambodia,2026,Medium,Low_eff,0.0
Cambodia,2027,Medium,Low_eff,0.0
Cambodia,2028,Medium,Low_eff,0.0
Cambodia,2029,Medium,Low_eff,0.0
Cambodia,2030,Medium,Low_eff,0.0
Cambodia,2031,Medium,Low_eff,0.0
Cambodia,2032,Medium,Low_eff,0.0
Cambodia,2033,Medium,Low_eff,0.0
Cambodia,2034,Medium,Low_eff,0.0
Cambodia,2035,Medium,Low_eff,0.0
Cambodia,2036,Medium,Low_eff,0.0
Cambodia,2037,Medium,Low_eff,0.0
Cambodia,2038,Medium,Low_eff,0.0
Cambodia,2039,Medium,Low_eff,0.0
Cambodia,2040,Medium,Low_eff,0.0
Cambodia,2041,Medium,Low_eff,0.0
Cambodia,2042,Medium,Low_eff,0.0
Cambodia,2043,Medium,Low_eff,0.0
Cambodia,2044,Medium,Low_eff,0.0
Cambodia,2045,Medium,Low_eff,0.0
Cambodia,2046,Medium,Low_eff,0.0
Cambodia,2047,Medium,Low_eff,0.0
Cambodia,2048,Medium,Low_eff,0.0
Cambodia,2049,Medium,Low_eff,0.0
Cambodia,2050,Medium,Low_eff,0.0
Cambodia,2051,Medium,Low_eff,0.0
Cambodia,2052,Medium,Low_eff,0.0
Cambodia,2053,Medium,Low_eff,0.0
Cambodia,2054,Medium,Low_eff,0.0
Cambodia,2055,Medium,Low_eff,0.0
Cambodia,2056,Medium,Low_eff,0.0
Cambodia,2057,Medium,Low_eff,0.0
Cambodia,2058,Medium,Low_eff,0.0
Cambodia,2059,Medium,Low_eff,0.0
Cambodia,2060,Medium,Low_eff,0.0
Cambodia,2005,Medium,Mid_eff,0.0
Cambodia,2006,Medium,Mid_eff,0.0
Cambodia,2007,Medium,Mid_eff,0.0
Cambodia,2008,Medium,Mid_eff,0.0
Cambodia,2009,Medium,Mid_eff,0.0
Cambodia,2010,Medium,Mid_eff,0.0
Cambodia,2011,Medium,Mid_eff,0.0
Cambodia,2012,Medium,Mid_eff,0.0
Cambodia,2013,Medium,Mid_eff,0.0
Cambodia,2014,Medium,Mid_eff,0.0
Cambodia,2015,Medium,Mid_eff,0.0
Cambodia,2016,Medium,Mid_eff,0.0
Cambodia,2017,Medium,Mid_eff,0.0
Cambodia,2018,Medium,Mid_eff,0.0
Cambodia,2019,Medium,Mid_eff,0.0
Cambodia,2020,Medium,Mid_eff,0.0
Cambodia,2021,Medium,Mid_eff,0.0
Cambodia,2022,Medium,Mid_eff,0.0
Cambodia,2023,Medium,Mid_eff,0.0
Cambodia,2024,Medium,Mid_eff,0.0
Cambodia,2025,Medium,Mid_eff,0.0
Cambodia,2026,Medium,Mid_eff,0.0
Cambodia,2027,Medium,Mid_eff,0.0
Cambodia,2028,Medium,Mid_eff,0.0
Cambodia,2029,Medium,Mid_eff,0.0
Cambodia,2030,Medium,Mid_eff,0.0
Cambodia,2031,Medium,Mid_eff,0.0
Cambodia,2032,Medium,Mid_eff,0.0
Cambodia,2033,Medium,Mid_eff,0.0
Cambodia,2034,Medium,Mid_eff,0.0
Cambodia,2035,Medium,Mid_eff,0.0
Cambodia,2036,Medium,Mid_eff,0.0
Cambodia,2037,Medium,Mid_eff,0.0
Cambodia,2038,Medium,Mid_eff,0.0
Cambodia,2039,Medium,Mid_eff,0.0
Cambodia,2040,Medium,Mid_eff,0.0
Cambodia,2041,Medium,Mid_eff,0.0
Cambodia,2042,Medium,Mid_eff,0.0
Cambodia,2043,Medium,Mid_eff,0.0
Cambodia,2044,Medium,Mid_eff,0.0
Cambodia,2045,Medium,Mid_eff,0.0
Cambodia,2046,Medium,Mid_eff,0.0
Cambodia,2047,Medium,Mid_eff,0.0
Cambodia,2048,Medium,Mid_eff,0.0
Cambodia,2049,Medium,Mid_eff,0.0
Cambodia,2050,Medium,Mid_eff,0.0
Cambodia,2051,Medium,Mid_eff,0.0
Cambodia,2052,Medium,Mid_eff,0.0
Cambodia,2053,Medium,Mid_eff,0.0
Cambodia,2054,Medium,Mid_eff,0.0
Cambodia,2055,Medium,Mid_eff,0.0
Cambodia,2056,Medium,Mid_eff,0.0
Cambodia,2057,Medium,Mid_eff,0.0
Cambodia,2058,Medium,Mid_eff,0.0
Cambodia,2059,Medium,Mid_eff,0.0
Cambodia,2060,Medium,Mid_eff,0.0
Cambodia,2005,Small,High_eff,1104.5394
Cambodia,2006,Small,High_eff,1158.8017
Cambodia,2007,Small,High_eff,1215.0141
Cambodia,2008,Small,High_eff,1271.9585
Cambodia,2009,Small,High_eff,1328.6817
Cambodia,2010,Small,High_eff,1386.3041
Cambodia,2011,Small,High_eff,1445.4333
Cambodia,2012,Small,High_eff,1506.0531
Cambodia,2013,Small,High_eff,1567.9437
Cambodia,2014,Small,High_eff,1630.8522
Cambodia,2015,Small,High_eff,1694.4626
Cambodia,2016,Small,High_eff,1759.2572
Cambodia,2017,Small,High_eff,1825.0648
Cambodia,2018,Small,High_eff,1890.6022
Cambodia,2019,Small,High_eff,1955.6938
Cambodia,2020,Small,High_eff,2022.5168
Cambodia,2021,Small,High_eff,2090.6518
Cambodia,2022,Small,High_eff,2157.9883
Cambodia,2023,Small,High_eff,2225.9054
Cambodia,2024,Small,High_eff,2294.6121
Cambodia,2025,Small,High_eff,2363.3485
Cambodia,2026,Small,High_eff,2200.9197
Cambodia,2027,Small,High_eff,2033.5247
Cambodia,2028,Small,High_eff,1861.6725
Cambodia,2029,Small,High_eff,1686.4068
Cambodia,2030,Small,High_eff,1509.3114
Cambodia,2031,Small,High_eff,1332.4804
Cambodia,2032,Small,High_eff,1158.4393
Cambodia,2033,Small,High_eff,990.0109
Cambodia,2034,Small,High_eff,830.1287
Cambodia,2035,Small,High_eff,681.6119
Cambodia,2036,Small,High_eff,546.9257
Cambodia,2037,Small,High_eff,427.957
Cambodia,2038,Small,High_eff,325.8401
Cambodia,2039,Small,High_eff,240.8613
Cambodia,2040,Small,High_eff,172.4607
Cambodia,2041,Small,High_eff,119.3314
Cambodia,2042,Small,High_eff,79.6021
Cambodia,2043,Small,High_eff,51.0677
Cambodia,2044,Small,High_eff,31.4308
Cambodia,2045,Small,High_eff,18.5129
Cambodia,2046,Small,High_eff,10.4092
Cambodia,2047,Small,High_eff,5.5731
Cambodia,2048,Small,High_eff,2.834
Cambodia,2049,Small,High_eff,1.3653
Cambodia,2050,Small,High_eff,0.6216
Cambodia,2051,Small,High_eff,0.2667
Cambodia,2052,Small,High_eff,0.1076
Cambodia,2053,Small,High_eff,0.0407
Cambodia,2054,Small,High_eff,0.0144
Cambodia,2055,Small,High_eff,0.0048
Cambodia,2056,Small,High_eff,0.0015
Cambodia,2057,Small,High_eff,0.0004
Cambodia,2058,Small,High_eff,0.0001
Cambodia,2059,Small,High_eff,0.0
Cambodia,2060,Small,High_eff,0.0
Cambodia,2005,Small,Low_eff,0.0
Cambodia,2006,Small,Low_eff,0.0
Cambodia,2007,Small,Low_eff,0.0
Cambodia,2008,Small,Low_eff,0.0
Cambodia,2009,Small,Low_eff,0.0
Cambodia,2010,Small,Low_eff,0.0
Cambodia,2011,Small,Low_eff,0.0
Cambodia,2012,Small,Low_eff,0.0
Cambodia,2013,Small,Low_eff,0.0
Cambodia,2014,Small,Low_eff,0.0
Cambodia,2015,Small,Low_eff,0.0
Cambodia,2016,Small,Low_eff,0.0
Cambodia,2017,Small,Low_eff,0.0
Cambodia,2018,Small,Low_eff,0.0
Cambodia,2019,Small,Low_eff,0.0
Cambodia,2020,Small,Low_eff,0.0
Cambodia,2021,Small,Low_eff,0.0
Cambodia,2022,Small,Low_eff,0.0
Cambodia,2023,Small,Low_eff,0.0
Cambodia,2024,Small,Low_eff,0.0
Cambodia,2025,Small,Low_eff,0.0
Cambodia,2026,Small,Low_eff,0.0
Cambodia,2027,Small,Low_eff,0.0
Cambodia,2028,Small,Low_eff,0.0
Cambodia,2029,Small,Low_eff,0.0
Cambodia,2030,Small,Low_eff,0.0
Cambodia,2031,Small,Low_eff,0.0
Cambodia,2032,Small,Low_eff,0.0
Cambodia,2033,Small,Low_eff,0.0
Cambodia,2034,Small,Low_eff,0.0
Cambodia,2035,Small,Low_eff,0.0
Cambodia,2036,Small,Low_eff,0.0
Cambodia,2037,Small,Low_eff,0.0
Cambodia,2038,Small,Low_eff,0.0
Cambodia,2039,Small,Low_eff,0.0
Cambodia,2040,Small,Low_eff,0.0
Cambodia,2041,Small,Low_eff,0.0
Cambodia,2042,Small,Low_eff,0.0
Cambodia,2043,Small,Low_eff,0.0
Cambodia,2044,Small,Low_eff,0.0
Cambodia,2045,Small,Low_eff,0.0
Cambodia,2046,Small,Low_eff,0.0
Cambodia,2047,Small,Low_eff,0.0
Cambodia,2048,Small,Low_eff,0.0
Cambodia,2049,Small,Low_eff,0.0
Cambodia,2050,Small,Low_eff,0.0
Cambodia,2051,Small,Low_eff,0.0
Cambodia,2052,Small,Low_eff,0.0
Cambodia,2053,Small,Low_eff,0.0
Cambodia,2054,Small,Low_eff,0.0
Cambodia,2055,Small,Low_eff,0.0
Cambodia,2056,Small,Low_eff,0.0
Cambodia,2057,Small,Low_eff,0.0
Cambodia,2058,Small,Low_eff,0.0
Cambodia,2059,Small,Low_eff,0.0
Cambodia,2060,Small,Low_eff,0.0
Cambodia,2005,Small,Mid_eff,0.0
Cambodia,2006,Small,Mid_eff,0.0
Cambodia,2007,Small,Mid_eff,0.0
Cambodia,2008,Small,Mid_eff,0.0
Cambodia,2009,Small,Mid_eff,0.0
Cambodia,2010,Small,Mid_eff,0.0
Cambodia,2011,Small,Mid_eff,0.0
Cambodia,2012,Small,Mid_eff,0.0
Cambodia,2013,Small,Mid_eff,0.0
Cambodia,2014,Small,Mid_eff,0.0
Cambodia,2015,Small,Mid_eff,0.0
Cambodia,2016,Small,Mid_eff,0.0
Cambodia,2017,Small,Mid_eff,0.0
Cambodia,2018,Small,Mid_eff,0.0
Cambodia,2019,Small,Mid_eff,0.0
Cambodia,2020,Small,Mid_eff,0.0
Cambodia,2021,Small,Mid_eff,0.0
Cambodia,2022,Small,Mid_eff,0.0
Cambodia,2023,Small,Mid_eff,0.0
Cambodia,2024,Small,Mid_eff,0.0
Cambodia,2025,Small,Mid_eff,0.0
Cambodia,2026,Small,Mid_eff,0.0
Cambodia,2027,Small,Mid_eff,0.0
Cambodia,2028,Small,Mid_eff,0.0
Cambodia,2029,Small,Mid_eff,0.0
Cambodia,2030,Small,Mid_eff,0.0
Cambodia,2031,Small,Mid_eff,0.0
Cambodia,2032,Small,Mid_eff,0.0
Cambodia,2033,Small,Mid_eff,0.0
Cambodia,2034,Small,Mid_eff,0.0
Cambodia,2035,Small,Mid_eff,0.0
Cambodia,2036,Small,Mid_eff,0.0
Cambodia,2037,Small,Mid_eff,0.0
Cambodia,2038,Small,Mid_eff,0.0
Cambodia,2039,Small,Mid_eff,0.0
Cambodia,2040,Small,Mid_eff,0.0
Cambodia,2041,Small,Mid_eff,0.0
Cambodia,2042,Small,Mid_eff,0.0
Cambodia,2043,Small,Mid_eff,0.0
Cambodia,2044,Small,Mid_eff,0.0
Cambodia,2045,Small,Mid_eff,0.0
Cambodia,2046,Small,Mid_eff,0.0
Cambodia,2047,Small,Mid_eff,0.0
Cambodia,2048,Small,Mid_eff,0.0
Cambodia,2049,Small,Mid_eff,0.0
Cambodia,2050,Small,Mid_eff,0.0
Cambodia,2051,Small,Mid_eff,0.0
Cambodia,2052,Small,Mid_eff,0.0
Cambodia,2053,Small,Mid_eff,0.0
Cambodia,2054,Small,Mid_eff,0.0
Cambodia,2055,Small,Mid_eff,0.0
Cambodia,2056,Small,Mid_eff,0.0
Cambodia,2057,Small,Mid_eff,0.0
Cambodia,2058,Small,Mid_eff,0.0
Cambodia,2059,Small,Mid_eff,0.0
Cambodia,2060,Small,Mid_eff,0.0
Indonesia,2005,Large,High_eff,1311.6402
Indonesia,2006,Large,High_eff,1370.2389
Indonesia,2007,Large,High_eff,1430.217
Indonesia,2008,Large,High_eff,1491.2453
Indonesia,2009,Large,High_eff,1552.9595
Indonesia,2010,Large,High_eff,1615.4525
Indonesia,2011,Large,High_eff,1679.0714
Indonesia,2012,Large,High_eff,1743.732
Indonesia,2013,Large,High_eff,1808.6291
Indonesia,2014,Large,High_eff,1873.4654
Indonesia,2015,Large,High_eff,1938.2042
Indonesia,2016,Large,High_eff,2002.6615
Indonesia,2017,Large,High_eff,2066.7003
Indonesia,2018,Large,High_eff,2130.4567
Indonesia,2019,Large,High_eff,2194.0865
Indonesia,2020,Large,High_eff,2255.959
Indonesia,2021,Large,High_eff,2314.7501
Indonesia,2022,Large,High_eff,2372.2546
Indonesia,2023,Large,High_eff,2432.159
Indonesia,2024,Large,High_eff,2494.0883
Indonesia,2025,Large,High_eff,2555.5005
Indonesia,2026,Large,High_eff,2374.3105
Indonesia,2027,Large,High_eff,2188.6737
Indonesia,2028,Large,High_eff,1999.2135
Indonesia,2029,Large,High_eff,1807.0915
Indonesia,2030,Large,High_eff,1614.0087
Indonesia,2031,Large,High_eff,1422.1726
Indonesia,2032,Large,High_eff,1234.2139
Indonesia,2033,Large,High_eff,1053.0478
Indonesia,2034,Large,High_eff,881.6824
Indonesia,2035,Large,High_eff,722.9877
Indonesia,2036,Large,High_eff,579.4509
Indonesia,2037,Large,High_eff,452.948
Indonesia,2038,Large,High_eff,344.568
Indonesia,2039,Large,High_eff,254.5175
Indonesia,2040,Large,High_eff,182.1268
Indonesia,2041,Large,High_eff,125.9561
Indonesia,2042,Large,High_eff,83.9869
Indonesia,2043,Large,High_eff,53.8632
Indonesia,2044,Large,High_eff,33.1429
Indonesia,2045,Large,High_eff,19.5174
Indonesia,2046,Large,High_eff,10.9724
Indonesia,2047,Large,High_eff,5.8739
Indonesia,2048,Large,High_eff,2.9867
Indonesia,2049,Large,High_eff,1.4388
Indonesia,2050,Large,High_eff,0.655
Indonesia,2051,Large,High_eff,0.281
Indonesia,2052,Large,High_eff,0.1134
Indonesia,2053,Large,High_eff,0.0429
Indonesia,2054,Large,High_eff,0.0152
Indonesia,2055,Large,High_eff,0.005
Indonesia,2056,Large,High_eff,0.0015
Indonesia,2057,Large,High_eff,0.0004
Indonesia,2058,Large,High_eff,0.0001
Indonesia,2059,Large,High_eff,0.0
Indonesia,2060,Large,High_eff,0.0
Indonesia,2005,Large,Low_eff,433.9012
Indonesia,2006,Large,Low_eff,453.2861
Indonesia,2007,Large,Low_eff,473.1274
Indonesia,2008,Large,Low_eff,493.316
Indonesia,2009,Large,Low_eff,513.7315
Indonesia,2010,Large,Low_eff,534.4047
Indonesia,2011,Large,Low_eff,555.4504
Indonesia,2012,Large,Low_eff,576.8406
Indonesia,2013,Large,Low_eff,598.3091
Indonesia,2014,Large,Low_eff,619.7575
Indonesia,2015,Large,Low_eff,641.1736
Indonesia,2016,Large,Low_eff,662.4966
Indonesia,2017,Large,Low_eff,683.6812
Indonesia,2018,Large,Low_eff,704.7723
Indonesia,2019,Large,Low_eff,725.8215
Indonesia,2020,Large,Low_eff,746.2895
Indonesia,2021,Large,Low_eff,765.7381
Indonesia,2022,Large,Low_eff,784.761
Indonesia,2023,Large,Low_eff,804.5778
Indonesia,2024,Large,Low_eff,825.0646
Indonesia,2025,Large,Low_eff,845.3802
Indonesia,2026,Large,Low_eff,785.4411
Indonesia,2027,Large,Low_eff,724.0309
Indonesia,2028,Large,Low_eff,661.356
Indonesia,2029,Large,Low_eff,597.8005
Indonesia,2030,Large,Low_eff,533.9271
Indonesia,2031,Large,Low_eff,470.4662
Indonesia,2032,Large,Low_eff,408.2879
Indonesia,2033,Large,Low_eff,348.3567
Indonesia,2034,Large,Low_eff,291.6676
Indonesia,2035,Large,Low_eff,239.1701
Indonesia,2036,Large,Low_eff,191.687
Indonesia,2037,Large,Low_eff,149.8388
Indonesia,2038,Large,Low_eff,113.9859
Indonesia,2039,Large,Low_eff,84.1964
Indonesia,2040,Large,Low_eff,60.249
Indonesia,2041,Large,Low_eff,41.6673
Indonesia,2042,Large,Low_eff,27.7835
Indonesia,2043,Large,Low_eff,17.8184
Indonesia,2044,Large,Low_eff,10.9639
Indonesia,2045,Large,Low_eff,6.4565
Indonesia,2046,Large,Low_eff,3.6297
Indonesia,2047,Large,Low_eff,1.9431
Indonesia,2048,Large,Low_eff,0.988
Indonesia,2049,Large,Low_eff,0.476
Indonesia,2050,Large,Low_eff,0.2167
Indonesia,2051,Large,Low_eff,0.093
Indonesia,2052,Large,Low_eff,0.0375
Indonesia,2053,Large,Low_eff,0.0142
Indonesia,2054,Large,Low_eff,0.005
Indonesia,2055,Large,Low_eff,0.0017
Indonesia,2056,Large,Low_eff,0.0005
Indonesia,2057,Large,Low_eff,0.0001
Indonesia,2058,Large,Low_eff,0.0
Indonesia,2059,Large,Low_eff,0.0
Indonesia,2060,Large,Low_eff,0.0
Indonesia,2005,Large,Mid_eff,861.1779
Indonesia,2006,Large,Mid_eff,899.6518
Indonesia,2007,Large,Mid_eff,939.0314
Indonesia,2008,Large,Mid_eff,979.1004
Indonesia,2009,Large,Mid_eff,1019.6199
Indonesia,2010,Large,Mid_eff,1060.6506
Indonesia,2011,Large,Mid_eff,1102.4206
Indonesia,2012,Large,Mid_eff,1144.8745
Indonesia,2013,Large,Mid_eff,1187.4838
Indonesia,2014,Large,Mid_eff,1230.0531
Indonesia,2015,Large,Mid_eff,1272.5583
Indonesia,2016,Large,Mid_eff,1314.8787
Indonesia,2017,Large,Mid_eff,1356.9245
Indonesia,2018,Large,Mid_eff,1398.7847
Indonesia,2019,Large,Mid_eff,1440.5618
Indonesia,2020,Large,Mid_eff,1481.1852
Indonesia,2021,Large,Mid_eff,1519.7854
Indonesia,2022,Large,Mid_eff,1557.5409
Indonesia,2023,Large,Mid_eff,1596.8721
Indonesia,2024,Large,Mid_eff,1637.5327
Indonesia,2025,Large,Mid_eff,1677.8539
Indonesia,2026,Large,Mid_eff,1558.8908
Indonesia,2027,Large,Mid_eff,1437.008
Indonesia,2028,Large,Mid_eff,1312.615
Indonesia,2029,Large,Mid_eff,1186.4743
Indonesia,2030,Large,Mid_eff,1059.7027
Indonesia,2031,Large,Mid_eff,933.7497
Indonesia,2032,Large,Mid_eff,810.3425
Indonesia,2033,Large,Mid_eff,691.395
Indonesia,2034,Large,Mid_eff,578.8824
Indonesia,2035,Large,Mid_eff,474.6889
Indonesia,2036,Large,Mid_eff,380.4476
Indonesia,2037,Large,Mid_eff,297.3901
Indonesia,2038,Large,Mid_eff,226.2315
Indonesia,2039,Large,Mid_eff,167.1075
Indonesia,2040,Large,Mid_eff,119.5782
Indonesia,2041,Large,Mid_eff,82.6985
Indonesia,2042,Large,Mid_eff,55.1429
Indonesia,2043,Large,Mid_eff,35.3647
Indonesia,2044,Large,Mid_eff,21.7605
Indonesia,2045,Large,Mid_eff,12.8145
Indonesia,2046,Large,Mid_eff,7.2041
Indonesia,2047,Large,Mid_eff,3.8566
Indonesia,2048,Large,Mid_eff,1.961
Indonesia,2049,Large,Mid_eff,0.9446
Indonesia,2050,Large,Mid_eff,0.43
Indonesia,2051,Large,Mid_eff,0.1845
Indonesia,2052,Large,Mid_eff,0.0744
Indonesia,2053,Large,Mid_eff,0.0282
Indonesia,2054,Large,Mid_eff,0.01
Indonesia,2055,Large,Mid_eff,0.0033
Indonesia,2056,Large,Mid_eff,0.001
Indonesia,2057,Large,Mid_eff,0.0003
Indonesia,2058,Large,Mid_eff,0.0001
Indonesia,2059,Large,Mid_eff,0.0
Indonesia,2060,Large,Mid_eff,0.0
Indonesia,2005,Medium,High_eff,1487.188
Indonesia,2006,Medium,High_eff,1553.6295
Indonesia,2007,Medium,High_eff,1621.635
Indonesia,2008,Medium,High_eff,1690.8311
Indonesia,2009,Medium,High_eff,1760.8051
Indonesia,2010,Medium,High_eff,1831.6621
Indonesia,2011,Medium,High_eff,1903.7956
Indonesia,2012,Medium,High_eff,1977.1103
Indonesia,2013,Medium,High_eff,2050.6931
Indonesia,2014,Medium,High_eff,2124.207
Indonesia,2015,Medium,High_eff,2197.6103
Indonesia,2016,Medium,High_eff,2270.6944
Indonesia,2017,Medium,High_eff,2343.3042
Indonesia,2018,Medium,High_eff,2415.5936
Indonesia,2019,Medium,High_eff,2487.7395
Indonesia,2020,Medium,High_eff,2557.893
Indonesia,2021,Medium,High_eff,2624.5526
Indonesia,2022,Medium,High_eff,2689.7533
Indonesia,2023,Medium,High_eff,2757.6752
Indonesia,2024,Medium,High_eff,2827.8931
Indonesia,2025,Medium,High_eff,2897.5246
Indonesia,2026,Medium,High_eff,2692.0845
Indonesia,2027,Medium,High_eff,2481.6022
Indonesia,2028,Medium,High_eff,2266.7851
Indonesia,2029,Medium,High_eff,2048.9498
Indonesia,2030,Medium,High_eff,1830.0251
Indonesia,2031,Medium,High_eff,1612.5139
Indonesia,2032,Medium,High_eff,1399.3991
Indonesia,2033,Medium,High_eff,1193.986
Indonesia,2034,Medium,High_eff,999.6853
Indonesia,2035,Medium,High_eff,819.7512
Indonesia,2036,Medium,High_eff,657.0036
Indonesia,2037,Medium,High_eff,513.5698
Indonesia,2038,Medium,High_eff,390.6844
Indonesia,2039,Medium,High_eff,288.5817
Indonesia,2040,Medium,High_eff,206.5023
Indonesia,2041,Medium,High_eff,142.8139
Indonesia,2042,Medium,High_eff,95.2275
Indonesia,2043,Medium,High_eff,61.0721
Indonesia,2044,Medium,High_eff,37.5786
Indonesia,2045,Medium,High_eff,22.1296
Indonesia,2046,Medium,High_eff,12.4409
Indonesia,2047,Medium,High_eff,6.66
Indonesia,2048,Medium,High_eff,3.3864
Indonesia,2049,Medium,High_eff,1.6313
Indonesia,2050,Medium,High_eff,0.7426
Indonesia,2051,Medium,High_eff,0.3186
Indonesia,2052,Medium,High_eff,0.1285
Indonesia,2053,Medium,High_eff,0.0486
Indonesia,2054,Medium,High_eff,0.0172
Indonesia,2055,Medium,High_eff,0.0057
Indonesia,2056,Medium,High_eff,0.0017
Indonesia,2057,Medium,High_eff,0.0005
Indonesia,2058,Medium,High_eff,0.0001
Indonesia,2059,Medium,High_eff,0.0
Indonesia,2060,Medium,High_eff,0.0
Indonesia,2005,Medium,Low_eff,0.0
Indonesia,2006,Medium,Low_eff,0.0
Indonesia,2007,Medium,Low_eff,0.0
Indonesia,2008,Medium,Low_eff,0.0
Indonesia,2009,Medium,Low_eff,0.0
Indonesia,2010,Medium,Low_eff,0.0
Indonesia,2011,Medium,Low_eff,0.0
Indonesia,2012,Medium,Low_eff,0.0
Indonesia,2013,Medium,Low_eff,0.0
Indonesia,2014,Medium,Low_eff,0.0
Indonesia,2015,Medium,Low_eff,0.0
Indonesia,2016,Medium,Low_eff,0.0
Indonesia,2017,Medium,Low_eff,0.0
Indonesia,2018,Medium,Low_eff,0.0
Indonesia,2019,Medium,Low_eff,0.0
Indonesia,2020,Medium,Low_eff,0.0
Indonesia,2021,Medium,Low_eff,0.0
Indonesia,2022,Medium,Low_eff,0.0
Indonesia,2023,Medium,Low_eff,0.0
Indonesia,2024,Medium,Low_eff,0.0
Indonesia,2025,Medium,Low_eff,0.0
Indonesia,2026,Medium,Low_eff,0.0
Indonesia,2027,Medium,Low_eff,0.0
Indonesia,2028,Medium,Low_eff,0.0
Indonesia,2029,Medium,Low_eff,0.0
Indonesia,2030,Medium,Low_eff,0.0
Indonesia,2031,Medium,Low_eff,0.0
Indonesia,2032,Medium,Low_eff,0.0
Indonesia,2033,Medium,Low_eff,0.0
Indonesia,2034,Medium,Low_eff,0.0
Indonesia,2035,Medium,Low_eff,0.0
Indonesia,2036,Medium,Low_eff,0.0
Indonesia,2037,Medium,Low_eff,0.0
Indonesia,2038,Medium,Low_eff,0.0
Indonesia,2039,Medium,Low_eff,0.0
Indonesia,2040,Medium,Low_eff,0.0
Indonesia,2041,Medium,Low_eff,0.0
Indonesia,2042,Medium,Low_eff,0.0
Indonesia,2043,Medium,Low_eff,0.0
Indonesia,2044,Medium,Low_eff,0.0
Indonesia,2045,Medium,Low_eff,0.0
Indonesia,2046,Medium,Low_eff,0.0
Indonesia,2047,Medium,Low_eff,0.0
Indonesia,2048,Medium,Low_eff,0.0
Indonesia,2049,Medium,Low_eff,0.0
Indonesia,2050,Medium,Low_eff,0.0
Indonesia,2051,Medium,Low_eff,0.0
Indonesia,2052,Medium,Low_eff,0.0
Indonesia,2053,Medium,Low_eff,0.0
Indonesia,2054,Medium,Low_eff,0.0
Indonesia,2055,Medium,Low_eff,0.0
Indonesia,2056,Medium,Low_eff,0.0
Indonesia,2057,Medium,Low_eff,0.0
Indonesia,2058,Medium,Low_eff,0.0
Indonesia,2059,Medium,Low_eff,0.0
Indonesia,2060,Medium,Low_eff,0.0
Indonesia,2005,Medium,Mid_eff,0.0
Indonesia,2006,Medium,Mid_eff,0.0
Indonesia,2007,Medium,Mid_eff,0.0
Indonesia,2008,Medium,Mid_eff,0.0
Indonesia,2009,Medium,Mid_eff,0.0
Indonesia,2010,Medium,Mid_eff,0.0
Indonesia,2011,Medium,Mid_eff,0.0
Indonesia,2012,Medium,Mid_eff,0.0
Indonesia,2013,Medium,Mid_eff,0.0
Indonesia,2014,Medium,Mid_eff,0.0
Indonesia,2015,Medium,Mid_eff,0.0
Indonesia,2016,Medium,Mid_eff,0.0
Indonesia,2017,Medium,Mid_eff,0.0
Indonesia,2018,Medium,Mid_eff,0.0
Indonesia,2019,Medium,Mid_eff,0.0
Indonesia,2020,Medium,Mid_eff,0.0
Indonesia,2021,Medium,Mid_eff,0.0
Indonesia,2022,Medium,Mid_eff,0.0
Indonesia,2023,Medium,Mid_eff,0.0
Indonesia,2024,Medium,Mid_eff,0.0
Indonesia,2025,Medium,Mid_eff,0.0
Indonesia,2026,Medium,Mid_eff,0.0
Indonesia,2027,Medium,Mid_eff,0.0
Indonesia,2028,Medium,Mid_eff,0.0
Indonesia,2029,Medium,Mid_eff,0.0
Indonesia,2030,Medium,Mid_eff,0.0
Indonesia,2031,Medium,Mid_eff,0.0
Indonesia,2032,Medium,Mid_eff,0.0
Indonesia,2033,Medium,Mid_eff,0.0
Indonesia,2034,Medium,Mid_eff,0.0
Indonesia,2035,Medium,Mid_eff,0.0
Indonesia,2036,Medium,Mid_eff,0.0
Indonesia,2037,Medium,Mid_eff,0.0
Indonesia,2038,Medium,Mid_eff,0.0
Indonesia,2039,Medium,Mid_eff,0.0
Indonesia,2040,Medium,Mid_eff,0.0
Indonesia,2041,Medium,Mid_eff,0.0
Indonesia,2042,Medium,Mid_eff,0.0
Indonesia,2043,Medium,Mid_eff,0.0
Indonesia,2044,Medium,Mid_eff,0.0
Indonesia,2045,Medium,Mid_eff,0.0
Indonesia,2046,Medium,Mid_eff,0.0
Indonesia,2047,Medium,Mid_eff,0.0
Indonesia,2048,Medium,Mid_eff,0.0
Indonesia,2049,Medium,Mid_eff,0.0
Indonesia,2050,Medium,Mid_eff,0.0
Indonesia,2051,Medium,Mid_eff,0.0
Indonesia,2052,Medium,Mid_eff,0.0
Indonesia,2053,Medium,Mid_eff,0.0
Indonesia,2054,Medium,Mid_eff,0.0
Indonesia,2055,Medium,Mid_eff,0.0
Indonesia,2056,Medium,Mid_eff,0.0
Indonesia,2057,Medium,Mid_eff,0.0
Indonesia,2058,Medium,Mid_eff,0.0
Indonesia,2059,Medium,Mid_eff,0.0
Indonesia,2060,Medium,Mid_eff,0.0
Indonesia,2005,Small,High_eff,29025.0083
Indonesia,2006,Small,High_eff,30321.7263
Indonesia,2007,Small,High_eff,31648.9691
Indonesia,2008,Small,High_eff,32999.4502
Indonesia,2009,Small,High_eff,34365.111
Indonesia,2010,Small,High_eff,35748.006
Indonesia,2011,Small,High_eff,37155.8147
Indonesia,2012,Small,High_eff,38586.6748
Indonesia,2013,Small,High_eff,40022.7696
Indonesia,2014,Small,High_eff,41457.5192
Indonesia,2015,Small,High_eff,42890.109
Indonesia,2016,Small,High_eff,44316.4703
Indonesia,2017,Small,High_eff,45733.573
Indonesia,2018,Small,High_eff,47144.425
Indonesia,2019,Small,High_eff,48552.4744
Indonesia,2020,Small,High_eff,49921.6388
Indonesia,2021,Small,High_eff,51222.6146
Indonesia,2022,Small,High_eff,52495.1184
Indonesia,2023,Small,High_eff,53820.7302
Indonesia,2024,Small,High_eff,55191.1509
Indonesia,2025,Small,High_eff,56550.1282
Indonesia,2026,Small,High_eff,52540.6138
Indonesia,2027,Small,High_eff,48432.6949
Indonesia,2028,Small,High_eff,44240.1718
Indonesia,2029,Small,High_eff,39988.7445
Indonesia,2030,Small,High_eff,35716.0566
Indonesia,2031,Small,High_eff,31470.9553
Indonesia,2032,Small,High_eff,27311.6565
Indonesia,2033,Small,High_eff,23302.671
Indonesia,2034,Small,High_eff,19510.5616
Indonesia,2035,Small,High_eff,15998.8407
Indonesia,2036,Small,High_eff,12822.5448
Indonesia,2037,Small,High_eff,10023.1902
Indonesia,2038,Small,High_eff,7624.8711
Indonesia,2039,Small,High_eff,5632.1636
Indonesia,2040,Small,High_eff,4030.2446
Indonesia,2041,Small,High_eff,2787.2556
Indonesia,2042,Small,High_eff,1858.5272
Indonesia,2043,Small,High_eff,1191.9268
Indonesia,2044,Small,High_eff,733.4111
Indonesia,2045,Small,High_eff,431.8973
Indonesia,2046,Small,High_eff,242.8051
Indonesia,2047,Small,High_eff,129.9814
Indonesia,2048,Small,High_eff,66.0917
Indonesia,2049,Small,High_eff,31.8382
Indonesia,2050,Small,High_eff,14.4935
Indonesia,2051,Small,High_eff,6.2188
Indonesia,2052,Small,High_eff,2.5086
Indonesia,2053,Small,High_eff,0.949
Indonesia,2054,Small,High_eff,0.3358
Indonesia,2055,Small,High_eff,0.1108
Indonesia,2056,Small,High_eff,0.034
Indonesia,2057,Small,High_eff,0.0097
Indonesia,2058,Small,High_eff,0.0026
Indonesia,2059,Small,High_eff,0.0006
Indonesia,2060,Small,High_eff,0.0001
Indonesia,2005,Small,Low_eff,0.0
Indonesia,2006,Small,Low_eff,0.0
Indonesia,2007,Small,Low_eff,0.0
Indonesia,2008,Small,Low_eff,0.0
Indonesia,2009,Small,Low_eff,0.0
Indonesia,2010,Small,Low_eff,0.0
Indonesia,2011,Small,Low_eff,0.0
Indonesia,2012,Small,Low_eff,0.0
Indonesia,2013,Small,Low_eff,0.0
Indonesia,2014,Small,Low_eff,0.0
Indonesia,2015,Small,Low_eff,0.0
Indonesia,2016,Small,Low_eff,0.0
Indonesia,2017,Small,Low_eff,0.0
Indonesia,2018,Small,Low_eff,0.0
Indonesia,2019,Small,Low_eff,0.0
Indonesia,2020,Small,Low_eff,0.0
Indonesia,2021,Small,Low_eff,0.0
Indonesia,2022,Small,Low_eff,0.0
Indonesia,2023,Small,Low_eff,0.0
Indonesia,2024,Small,Low_eff,0.0
Indonesia,2025,Small,Low_eff,0.0
Indonesia,2026,Small,Low_eff,0.0
Indonesia,2027,Small,Low_eff,0.0
Indonesia,2028,Small,Low_eff,0.0
Indonesia,2029,Small,Low_eff,0.0
Indonesia,2030,Small,Low_eff,0.0
Indonesia,2031,Small,Low_eff,0.0
Indonesia,2032,Small,Low_eff,0.0
Indonesia,2033,Small,Low_eff,0.0
Indonesia,2034,Small,Low_eff,0.0
Indonesia,2035,Small,Low_eff,0.0
Indonesia,2036,Small,Low_eff,0.0
Indonesia,2037,Small,Low_eff,0.0
Indonesia,2038,Small,Low_eff,0.0
Indonesia,2039,Small,Low_eff,0.0
Indonesia,2040,Small,Low_eff,0.0
Indonesia,2041,Small,Low_eff,0.0
Indonesia,2042,Small,Low_eff,0.0
Indonesia,2043,Small,Low_eff,0.0
Indonesia,2044,Small,Low_eff,0.0
Indonesia,2045,Small,Low_eff,0.0
Indonesia,2046,Small,Low_eff,0.0
Indonesia,2047,Small,Low_eff,0.0
Indonesia,2048,Small,Low_eff,0.0
Indonesia,2049,Small,Low_eff,0.0
Indonesia,2050,Small,Low_eff,0.0
Indonesia,2051,Small,Low_eff,0.0
Indonesia,2052,Small,Low_eff,0.0
Indonesia,2053,Small,Low_eff,0.0
Indonesia,2054,Small,Low_eff,0.0
Indonesia,2055,Small,Low_eff,0.0
Indonesia,2056,Small,Low_eff,0.0
Indonesia,2057,Small,Low_eff,0.0
Indonesia,2058,Small,Low_eff,0.0
Indonesia,2059,Small,Low_eff,0.0
Indonesia,2060,Small,Low_eff,0.0
Indonesia,2005,Small,Mid_eff,0.0
Indonesia,2006,Small,Mid_eff,0.0
Indonesia,2007,Small,Mid_eff,0.0
Indonesia,2008,Small,Mid_eff,0.0
Indonesia,2009,Small,Mid_eff,0.0
Indonesia,2010,Small,Mid_eff,0.0
Indonesia,2011,Small,Mid_eff,0.0
Indonesia,2012,Small,Mid_eff,0.0
Indonesia,2013,Small,Mid_eff,0.0
Indonesia,2014,Small,Mid_eff,0.0
Indonesia,2015,Small,Mid_eff,0.0
Indonesia,2016,Small,Mid_eff,0.0
Indonesia,2017,Small,Mid_eff,0.0
Indonesia,2018,Small,Mid_eff,0.0
Indonesia,2019,Small,Mid_eff,0.0
Indonesia,2020,Small,Mid_eff,0.0
Indonesia,2021,Small,Mid_eff,0.0
Indonesia,2022,Small,Mid_eff,0.0
Indonesia,2023,Small,Mid_eff,0.0
Indonesia,2024,Small,Mid_eff,0.0
Indonesia,2025,Small,Mid_eff,0.0
Indonesia,2026,Small,Mid_eff,0.0
Indonesia,2027,Small,Mid_eff,0.0
Indonesia,2028,Small,Mid_eff,0.0
Indonesia,2029,Small,Mid_eff,0.0
Indonesia,2030,Small,Mid_eff,0.0
Indonesia,2031,Small,Mid_eff,0.0
Indonesia,2032,Small,Mid_eff,0.0
Indonesia,2033,Small,Mid_eff,0.0
Indonesia,2034,Small,Mid_eff,0.0
Indonesia,2035,Small,Mid_eff,0.0
Indonesia,2036,Small,Mid_eff,0.0
Indonesia,2037,Small,Mid_eff,0.0
Indonesia,2038,Small,Mid_eff,0.0
Indonesia,2039,Small,Mid_eff,0.0
Indonesia,2040,Small,Mid_eff,0.0
Indonesia,2041,Small,Mid_eff,0.0
Indonesia,2042,Small,Mid_eff,0.0
Indonesia,2043,Small,Mid_eff,0.0
Indonesia,2044,Small,Mid_eff,0.0
Indonesia,2045,Small,Mid_eff,0.0
Indonesia,2046,Small,Mid_eff,0.0
Indonesia,2047,Small,Mid_eff,0.0
Indonesia,2048,Small,Mid_eff,0.0
Indonesia,2049,Small,Mid_eff,0.0
Indonesia,2050,Small,Mid_eff,0.0
Indonesia,2051,Small,Mid_eff,0.0
Indonesia,2052,Small,Mid_eff,0.0
Indonesia,2053,Small,Mid_eff,0.0
Indonesia,2054,Small,Mid_eff,0.0
Indonesia,2055,Small,Mid_eff,0.0
Indonesia,2056,Small,Mid_eff,0.0
Indonesia,2057,Small,Mid_eff,0.0
Indonesia,2058,Small,Mid_eff,0.0
Indonesia,2059,Small,Mid_eff,0.0
Indonesia,2060,Small,Mid_eff,0.0
Lao PDR,2005,Large,High_eff,20.1474
Lao PDR,2006,Large,High_eff,21.0637
Lao PDR,2007,Large,High_eff,22.009
Lao PDR,2008,Large,High_eff,22.9785
Lao PDR,2009,Large,High_eff,23.9714
Lao PDR,2010,Large,High_eff,24.987
Lao PDR,2011,Large,High_eff,26.0251
Lao PDR,2012,Large,High_eff,27.0861
Lao PDR,2013,Large,High_eff,28.1694
Lao PDR,2014,Large,High_eff,29.2716
Lao PDR,2015,Large,High_eff,30.4214
Lao PDR,2016,Large,High_eff,31.6328
Lao PDR,2017,Large,High_eff,32.8831
Lao PDR,2018,Large,High_eff,34.1631
Lao PDR,2019,Large,High_eff,35.4698
Lao PDR,2020,Large,High_eff,36.8051
Lao PDR,2021,Large,High_eff,38.1584
Lao PDR,2022,Large,High_eff,39.5314
Lao PDR,2023,Large,High_eff,40.9296
Lao PDR,2024,Large,High_eff,42.3455
Lao PDR,2025,Large,High_eff,43.7794
Lao PDR,2026,Large,High_eff,40.8306
Lao PDR,2027,Large,High_eff,37.7807
Lao PDR,2028,Large,High_eff,34.6379
Lao PDR,2029,Large,High_eff,31.4208
Lao PDR,2030,Large,High_eff,28.1587
Lao PDR,2031,Large,High_eff,24.8907
Lao PDR,2032,Large,High_eff,21.6649
Lao PDR,2033,Large,High_eff,18.5349
Lao PDR,2034,Large,High_eff,15.5569
Lao PDR,2035,Large,High_eff,12.7851
Lao PDR,2036,Large,High_eff,10.2672
Lao PDR,2037,Large,High_eff,8.0397
Lao PDR,2038,Large,High_eff,6.1254
Lao PDR,2039,Large,High_eff,4.5307
Lao PDR,2040,Large,High_eff,3.2458
Lao PDR,2041,Large,High_eff,2.247
Lao PDR,2042,Large,High_eff,1.4996
Lao PDR,2043,Large,High_eff,0.9625
Lao PDR,2044,Large,High_eff,0.5926
Lao PDR,2045,Large,High_eff,0.3492
Lao PDR,2046,Large,High_eff,0.1964
Lao PDR,2047,Large,High_eff,0.1052
Lao PDR,2048,Large,High_eff,0.0535
Lao PDR,2049,Large,High_eff,0.0258
Lao PDR,2050,Large,High_eff,0.0117
Lao PDR,2051,Large,High_eff,0.005
Lao PDR,2052,Large,High_eff,0.002
Lao PDR,2053,Large,High_eff,0.0008
Lao PDR,2054,Large,High_eff,0.0003
Lao PDR,2055,Large,High_eff,0.0001
Lao PDR,2056,Large,High_eff,0.0
Lao PDR,2057,Large,High_eff,0.0
Lao PDR,2058,Large,High_eff,0.0
Lao PDR,2059,Large,High_eff,0.0
Lao PDR,2060,Large,High_eff,0.0
Lao PDR,2005,Large,Low_eff,2.8269
Lao PDR,2006,Large,Low_eff,2.9555
Lao PDR,2007,Large,Low_eff,3.0881
Lao PDR,2008,Large,Low_eff,3.2242
Lao PDR,2009,Large,Low_eff,3.3635
Lao PDR,2010,Large,Low_eff,3.506
Lao PDR,2011,Large,Low_eff,3.6516
Lao PDR,2012,Large,Low_eff,3.8005
Lao PDR,2013,Large,Low_eff,3.9525
Lao PDR,2014,Large,Low_eff,4.1072
Lao PDR,2015,Large,Low_eff,4.2685
Lao PDR,2016,Large,Low_eff,4.4385
Lao PDR,2017,Large,Low_eff,4.6139
Lao PDR,2018,Large,Low_eff,4.7935
Lao PDR,2019,Large,Low_eff,4.9768
Lao PDR,2020,Large,Low_eff,5.1642
Lao PDR,2021,Large,Low_eff,5.3541
Lao PDR,2022,Large,Low_eff,5.5467
Lao PDR,2023,Large,Low_eff,5.7429
Lao PDR,2024,Large,Low_eff,5.9416
Lao PDR,2025,Large,Low_eff,6.1428
Lao PDR,2026,Large,Low_eff,5.729
Lao PDR,2027,Large,Low_eff,5.3011
Lao PDR,2028,Large,Low_eff,4.8601
Lao PDR,2029,Large,Low_eff,4.4087
Lao PDR,2030,Large,Low_eff,3.951
Lao PDR,2031,Large,Low_eff,3.4925
Lao PDR,2032,Large,Low_eff,3.0399
Lao PDR,2033,Large,Low_eff,2.6007
Lao PDR,2034,Large,Low_eff,2.1828
Lao PDR,2035,Large,Low_eff,1.7939
Lao PDR,2036,Large,Low_eff,1.4406
Lao PDR,2037,Large,Low_eff,1.1281
Lao PDR,2038,Large,Low_eff,0.8595
Lao PDR,2039,Large,Low_eff,0.6357
Lao PDR,2040,Large,Low_eff,0.4554
Lao PDR,2041,Large,Low_eff,0.3153
Lao PDR,2042,Large,Low_eff,0.2104
Lao PDR,2043,Large,Low_eff,0.135
Lao PDR,2044,Large,Low_eff,0.0832
Lao PDR,2045,Large,Low_eff,0.049
Lao PDR,2046,Large,Low_eff,0.0276
Lao PDR,2047,Large,Low_eff,0.0148
Lao PDR,2048,Large,Low_eff,0.0075
Lao PDR,2049,Large,Low_eff,0.0036
Lao PDR,2050,Large,Low_eff,0.0016
Lao PDR,2051,Large,Low_eff,0.0007
Lao PDR,2052,Large,Low_eff,0.0003
Lao PDR,2053,Large,Low_eff,0.0001
Lao PDR,2054,Large,Low_eff,0.0
Lao PDR,2055,Large,Low_eff,0.0
Lao PDR,2056,Large,Low_eff,0.0
Lao PDR,2057,Large,Low_eff,0.0
Lao PDR,2058,Large,Low_eff,0.0
Lao PDR,2059,Large,Low_eff,0.0
Lao PDR,2060,Large,Low_eff,0.0
Lao PDR,2005,Large,Mid_eff,11.4423
Lao PDR,2006,Large,Mid_eff,11.9627
Lao PDR,2007,Large,Mid_eff,12.4995
Lao PDR,2008,Large,Mid_eff,13.0501
Lao PDR,2009,Large,Mid_eff,13.614
Lao PDR,2010,Large,Mid_eff,14.1908
Lao PDR,2011,Large,Mid_eff,14.7804
Lao PDR,2012,Large,Mid_eff,15.383
Lao PDR,2013,Large,Mid_eff,15.9982
Lao PDR,2014,Large,Mid_eff,16.6242
Lao PDR,2015,Large,Mid_eff,17.2772
Lao PDR,2016,Large,Mid_eff,17.9652
Lao PDR,2017,Large,Mid_eff,18.6753
Lao PDR,2018,Large,Mid_eff,19.4022
Lao PDR,2019,Large,Mid_eff,20.1443
Lao PDR,2020,Large,Mid_eff,20.9026
Lao PDR,2021,Large,Mid_eff,21.6712
Lao PDR,2022,Large,Mid_eff,22.451
Lao PDR,2023,Large,Mid_eff,23.2451
Lao PDR,2024,Large,Mid_eff,24.0493
Lao PDR,2025,Large,Mid_eff,24.8636
Lao PDR,2026,Large,Mid_eff,23.1889
Lao PDR,2027,Large,Mid_eff,21.4568
Lao PDR,2028,Large,Mid_eff,19.6719
Lao PDR,2029,Large,Mid_eff,17.8448
Lao PDR,2030,Large,Mid_eff,15.9921
Lao PDR,2031,Large,Mid_eff,14.1362
Lao PDR,2032,Large,Mid_eff,12.3041
Lao PDR,2033,Large,Mid_eff,10.5265
Lao PDR,2034,Large,Mid_eff,8.8352
Lao PDR,2035,Large,Mid_eff,7.2611
Lao PDR,2036,Large,Mid_eff,5.831
Lao PDR,2037,Large,Mid_eff,4.566
Lao PDR,2038,Large,Mid_eff,3.4788
Lao PDR,2039,Large,Mid_eff,2.5731
Lao PDR,2040,Large,Mid_eff,1.8434
Lao PDR,2041,Large,Mid_eff,1.2762
Lao PDR,2042,Large,Mid_eff,0.8517
Lao PDR,2043,Large,Mid_eff,0.5466
Lao PDR,2044,Large,Mid_eff,0.3366
Lao PDR,2045,Large,Mid_eff,0.1983
Lao PDR,2046,Large,Mid_eff,0.1115
Lao PDR,2047,Large,Mid_eff,0.0597
Lao PDR,2048,Large,Mid_eff,0.0304
Lao PDR,2049,Large,Mid_eff,0.0146
Lao PDR,2050,Large,Mid_eff,0.0067
Lao PDR,2051,Large,Mid_eff,0.0029
Lao PDR,2052,Large,Mid_eff,0.0012
Lao PDR,2053,Large,Mid_eff,0.0004
Lao PDR,2054,Large,Mid_eff,0.0002
Lao PDR,2055,Large,Mid_eff,0.0001
Lao PDR,2056,Large,Mid_eff,0.0
Lao PDR,2057,Large,Mid_eff,0.0
Lao PDR,2058,Large,Mid_eff,0.0
Lao PDR,2059,Large,Mid_eff,0.0
Lao PDR,2060,Large,Mid_eff,0.0
Lao PDR,2005,Medium,High_eff,56.8972
Lao PDR,2006,Medium,High_eff,59.4849
Lao PDR,2007,Medium,High_eff,62.1545
Lao PDR,2008,Medium,High_eff,64.8924
Lao PDR,2009,Medium,High_eff,67.6965
Lao PDR,2010,Medium,High_eff,70.5646
Lao PDR,2011,Medium,High_eff,73.4964
Lao PDR,2012,Medium,High_eff,76.4926
Lao PDR,2013,Medium,High_eff,79.5518
Lao PDR,2014,Medium,High_eff,82.6646
Lao PDR,2015,Medium,High_eff,85.9117
Lao PDR,2016,Medium,High_eff,89.3327
Lao PDR,2017,Medium,High_eff,92.8637
Lao PDR,2018,Medium,High_eff,96.4784
Lao PDR,2019,Medium,High_eff,100.1687
Lao PDR,2020,Medium,High_eff,103.9394
Lao PDR,2021,Medium,High_eff,107.7613
Lao PDR,2022,Medium,High_eff,111.6388
Lao PDR,2023,Medium,High_eff,115.5872
Lao PDR,2024,Medium,High_eff,119.5861
Lao PDR,2025,Medium,High_eff,123.6354
Lao PDR,2026,Medium,High_eff,115.3077
Lao PDR,2027,Medium,High_eff,106.6947
Lao PDR,2028,Medium,High_eff,97.8193
Lao PDR,2029,Medium,High_eff,88.7341
Lao PDR,2030,Medium,High_eff,79.5216
Lao PDR,2031,Medium,High_eff,70.2928
Lao PDR,2032,Medium,High_eff,61.1829
Lao PDR,2033,Medium,High_eff,52.3436
Lao PDR,2034,Medium,High_eff,43.9336
Lao PDR,2035,Medium,High_eff,36.1059
Lao PDR,2036,Medium,High_eff,28.995
Lao PDR,2037,Medium,High_eff,22.7047
Lao PDR,2038,Medium,High_eff,17.2986
Lao PDR,2039,Medium,High_eff,12.7949
Lao PDR,2040,Medium,High_eff,9.1665
Lao PDR,2041,Medium,High_eff,6.3458
Lao PDR,2042,Medium,High_eff,4.235
Lao PDR,2043,Medium,High_eff,2.7181
Lao PDR,2044,Medium,High_eff,1.6736
Lao PDR,2045,Medium,High_eff,0.9861
Lao PDR,2046,Medium,High_eff,0.5546
Lao PDR,2047,Medium,High_eff,0.297
Lao PDR,2048,Medium,High_eff,0.1511
Lao PDR,2049,Medium,High_eff,0.0728
Lao PDR,2050,Medium,High_eff,0.0332
Lao PDR,2051,Medium,High_eff,0.0142
Lao PDR,2052,Medium,High_eff,0.0057
Lao PDR,2053,Medium,High_eff,0.0022
Lao PDR,2054,Medium,High_eff,0.0008
Lao PDR,2055,Medium,High_eff,0.0003
Lao PDR,2056,Medium,High_eff,0.0001
Lao PDR,2057,Medium,High_eff,0.0
Lao PDR,2058,Medium,High_eff,0.0
Lao PDR,2059,Medium,High_eff,0.0
Lao PDR,2060,Medium,High_eff,0.0
Lao PDR,2005,Medium,Low_eff,0.0
Lao PDR,2006,Medium,Low_eff,0.0
Lao PDR,2007,Medium,Low_eff,0.0
Lao PDR,2008,Medium,Low_eff,0.0
Lao PDR,2009,Medium,Low_eff,0.0
Lao PDR,2010,Medium,Low_eff,0.0
Lao PDR,2011,Medium,Low_eff,0.0
Lao PDR,2012,Medium,Low_eff,0.0
Lao PDR,2013,Medium,Low_eff,0.0
Lao PDR,2014,Medium,Low_eff,0.0
Lao PDR,2015,Medium,Low_eff,0.0
Lao PDR,2016,Medium,Low_eff,0.0
Lao PDR,2017,Medium,Low_eff,0.0
Lao PDR,2018,Medium,Low_eff,0.0
Lao PDR,2019,Medium,Low_eff,0.0
Lao PDR,2020,Medium,Low_eff,0.0
Lao PDR,2021,Medium,Low_eff,0.0
Lao PDR,2022,Medium,Low_eff,0.0
Lao PDR,2023,Medium,Low_eff,0.0
Lao PDR,2024,Medium,Low_eff,0.0
Lao PDR,2025,Medium,Low_eff,0.0
Lao PDR,2026,Medium,Low_eff,0.0
Lao PDR,2027,Medium,Low_eff,0.0
Lao PDR,2028,Medium,Low_eff,0.0
Lao PDR,2029,Medium,Low_eff,0.0
Lao PDR,2030,Medium,Low_eff,0.0
Lao PDR,2031,Medium,Low_eff,0.0
Lao PDR,2032,Medium,Low_eff,0.0
Lao PDR,2033,Medium,Low_eff,0.0
Lao PDR,2034,Medium,Low_eff,0.0
Lao PDR,2035,Medium,Low_eff,0.0
Lao PDR,2036,Medium,Low_eff,0.0
Lao PDR,2037,Medium,Low_eff,0.0
Lao PDR,2038,Medium,Low_eff,0.0
Lao PDR,2039,Medium,Low_eff,0.0
Lao PDR,2040,Medium,Low_eff,0.0
Lao PDR,2041,Medium,Low_eff,0.0
Lao PDR,2042,Medium,Low_eff,0.0
Lao PDR,2043,Medium,Low_eff,0.0
Lao PDR,2044,Medium,Low_eff,0.0
Lao PDR,2045,Medium,Low_eff,0.0
Lao PDR,2046,Medium,Low_eff,0.0
Lao PDR,2047,Medium,Low_eff,0.0
Lao PDR,2048,Medium,Low_eff,0.0
Lao PDR,2049,Medium,Low_eff,0.0
Lao PDR,2050,Medium,Low_eff,0.0
Lao PDR,2051,Medium,Low_eff,0.0
Lao PDR,2052,Medium,Low_eff,0.0
Lao PDR,2053,Medium,Low_eff,0.0
Lao PDR,2054,Medium,Low_eff,0.0
Lao PDR,2055,Medium,Low_eff,0.0
Lao PDR,2056,Medium,Low_eff,0.0
Lao PDR,2057,Medium,Low_eff,0.0
Lao PDR,2058,Medium,Low_eff,0.0
Lao PDR,2059,Medium,Low_eff,0.0
Lao PDR,2060,Medium,Low_eff,0.0
Lao PDR,2005,Medium,Mid_eff,0.0
Lao PDR,2006,Medium,Mid_eff,0.0
Lao PDR,2007,Medium,Mid_eff,0.0
Lao PDR,2008,Medium,Mid_eff,0.0
Lao PDR,2009,Medium,Mid_eff,0.0
Lao PDR,2010,Medium,Mid_eff,0.0
Lao PDR,2011,Medium,Mid_eff,0.0
Lao PDR,2012,Medium,Mid_eff,0.0
Lao PDR,2013,Medium,Mid_eff,0.0
Lao PDR,2014,Medium,Mid_eff,0.0
Lao PDR,2015,Medium,Mid_eff,0.0
Lao PDR,2016,Medium,Mid_eff,0.0
Lao PDR,2017,Medium,Mid_eff,0.0
Lao PDR,2018,Medium,Mid_eff,0.0
Lao PDR,2019,Medium,Mid_eff,0.0
Lao PDR,2020,Medium,Mid_eff,0.0
Lao PDR,2021,Medium,Mid_eff,0.0
Lao PDR,2022,Medium,Mid_eff,0.0
Lao PDR,2023,Medium,Mid_eff,0.0
Lao PDR,2024,Medium,Mid_eff,0.0
Lao PDR,2025,Medium,Mid_eff,0.0
Lao PDR,2026,Medium,Mid_eff,0.0
Lao PDR,2027,Medium,Mid_eff,0.0
Lao PDR,2028,Medium,Mid_eff,0.0
Lao PDR,2029,Medium,Mid_eff,0.0
Lao PDR,2030,Medium,Mid_eff,0.0
Lao PDR,2031,Medium,Mid_eff,0.0
Lao PDR,2032,Medium,Mid_eff,0.0
Lao PDR,2033,Medium,Mid_eff,0.0
Lao PDR,2034,Medium,Mid_eff,0.0
Lao PDR,2035,Medium,Mid_eff,0.0
Lao PDR,2036,Medium,Mid_eff,0.0
Lao PDR,2037,Medium,Mid_eff,0.0
Lao PDR,2038,Medium,Mid_eff,0.0
Lao PDR,2039,Medium,Mid_eff,0.0
Lao PDR,2040,Medium,Mid_eff,0.0
Lao PDR,2041,Medium,Mid_eff,0.0
Lao PDR,2042,Medium,Mid_eff,0.0
Lao PDR,2043,Medium,Mid_eff,0.0
Lao PDR,2044,Medium,Mid_eff,0.0
Lao PDR,2045,Medium,Mid_eff,0.0
Lao PDR,2046,Medium,Mid_eff,0.0
Lao PDR,2047,Medium,Mid_eff,0.0
Lao PDR,2048,Medium,Mid_eff,0.0
Lao PDR,2049,Medium,Mid_eff,0.0
Lao PDR,2050,Medium,Mid_eff,0.0
Lao PDR,2051,Medium,Mid_eff,0.0
Lao PDR,2052,Medium,Mid_eff,0.0
Lao PDR,2053,Medium,Mid_eff,0.0
Lao PDR,2054,Medium,Mid_eff,0.0
Lao PDR,2055,Medium,Mid_eff,0.0
Lao PDR,2056,Medium,Mid_eff,0.0
Lao PDR,2057,Medium,Mid_eff,0.0
Lao PDR,2058,Medium,Mid_eff,0.0
Lao PDR,2059,Medium,Mid_eff,0.0
Lao PDR,2060,Medium,Mid_eff,0.0
Lao PDR,2005,Small,High_eff,357.4025
Lao PDR,2006,Small,High_eff,373.657
Lao PDR,2007,Small,High_eff,390.4263
Lao PDR,2008,Small,High_eff,407.6248
Lao PDR,2009,Small,High_eff,425.2385
Lao PDR,2010,Small,High_eff,443.255
Lao PDR,2011,Small,High_eff,461.6707
Lao PDR,2012,Small,High_eff,480.4921
Lao PDR,2013,Small,High_eff,499.7086
Lao PDR,2014,Small,High_eff,519.2615
Lao PDR,2015,Small,High_eff,539.6583
Lao PDR,2016,Small,High_eff,561.1477
Lao PDR,2017,Small,High_eff,583.3278
Lao PDR,2018,Small,High_eff,606.0334
Lao PDR,2019,Small,High_eff,629.2145
Lao PDR,2020,Small,High_eff,652.9004
Lao PDR,2021,Small,High_eff,676.9074
Lao PDR,2022,Small,High_eff,701.2643
Lao PDR,2023,Small,High_eff,726.0665
Lao PDR,2024,Small,High_eff,751.1854
Lao PDR,2025,Small,High_eff,776.6213
Lao PDR,2026,Small,High_eff,724.3108
Lao PDR,2027,Small,High_eff,670.2076
Lao PDR,2028,Small,High_eff,614.4563
Lao PDR,2029,Small,High_eff,557.387
Lao PDR,2030,Small,High_eff,499.5184
Lao PDR,2031,Small,High_eff,441.5476
Lao PDR,2032,Small,High_eff,384.3229
Lao PDR,2033,Small,High_eff,328.7987
Lao PDR,2034,Small,High_eff,275.9709
Lao PDR,2035,Small,High_eff,226.8008
Lao PDR,2036,Small,High_eff,182.1334
Lao PDR,2037,Small,High_eff,142.6206
Lao PDR,2038,Small,High_eff,108.662
Lao PDR,2039,Small,High_eff,80.3719
Lao PDR,2040,Small,High_eff,57.5795
Lao PDR,2041,Small,High_eff,39.8613
Lao PDR,2042,Small,High_eff,26.6024
Lao PDR,2043,Small,High_eff,17.0737
Lao PDR,2044,Small,High_eff,10.5125
Lao PDR,2045,Small,High_eff,6.1941
Lao PDR,2046,Small,High_eff,3.4839
Lao PDR,2047,Small,High_eff,1.8658
Lao PDR,2048,Small,High_eff,0.9491
Lao PDR,2049,Small,High_eff,0.4573
Lao PDR,2050,Small,High_eff,0.2083
Lao PDR,2051,Small,High_eff,0.0894
Lao PDR,2052,Small,High_eff,0.0361
Lao PDR,2053,Small,High_eff,0.0136
Lao PDR,2054,Small,High_eff,0.0048
Lao PDR,2055,Small,High_eff,0.0016
Lao PDR,2056,Small,High_eff,0.0005
Lao PDR,2057,Small,High_eff,0.0001
Lao PDR,2058,Small,High_eff,0.0
Lao PDR,2059,Small,High_eff,0.0
Lao PDR,2060,Small,High_eff,0.0
Lao PDR,2005,Small,Low_eff,0.0
Lao PDR,2006,Small,Low_eff,0.0
Lao PDR,2007,Small,Low_eff,0.0
Lao PDR,2008,Small,Low_eff,0.0
Lao PDR,2009,Small,Low_eff,0.0
Lao PDR,2010,Small,Low_eff,0.0
Lao PDR,2011,Small,Low_eff,0.0
Lao PDR,2012,Small,Low_eff,0.0
Lao PDR,2013,Small,Low_eff,0.0
Lao PDR,2014,Small,Low_eff,0.0
Lao PDR,2015,Small,Low_eff,0.0
Lao PDR,2016,Small,Low_eff,0.0
Lao PDR,2017,Small,Low_eff,0.0
Lao PDR,2018,Small,Low_eff,0.0
Lao PDR,2019,Small,Low_eff,0.0
Lao PDR,2020,Small,Low_eff,0.0
Lao PDR,2021,Small,Low_eff,0.0
Lao PDR,2022,Small,Low_eff,0.0
Lao PDR,2023,Small,Low_eff,0.0
Lao PDR,2024,Small,Low_eff,0.0
Lao PDR,2025,Small,Low_eff,0.0
Lao PDR,2026,Small,Low_eff,0.0
Lao PDR,2027,Small,Low_eff,0.0
Lao PDR,2028,Small,Low_eff,0.0
Lao PDR,2029,Small,Low_eff,0.0
Lao PDR,2030,Small,Low_eff,0.0
Lao PDR,2031,Small,Low_eff,0.0
Lao PDR,2032,Small,Low_eff,0.0
Lao PDR,2033,Small,Low_eff,0.0
Lao PDR,2034,Small,Low_eff,0.0
Lao PDR,2035,Small,Low_eff,0.0
Lao PDR,2036,Small,Low_eff,0.0
Lao PDR,2037,Small,Low_eff,0.0
Lao PDR,2038,Small,Low_eff,0.0
Lao PDR,2039,Small,Low_eff,0.0
Lao PDR,2040,Small,Low_eff,0.0
Lao PDR,2041,Small,Low_eff,0.0
Lao PDR,2042,Small,Low_eff,0.0
Lao PDR,2043,Small,Low_eff,0.0
Lao PDR,2044,Small,Low_eff,0.0
Lao PDR,2045,Small,Low_eff,0.0
Lao PDR,2046,Small,Low_eff,0.0
Lao PDR,2047,Small,Low_eff,0.0
Lao PDR,2048,Small,Low_eff,0.0
Lao PDR,2049,Small,Low_eff,0.0
Lao PDR,2050,Small,Low_eff,0.0
Lao PDR,2051,Small,Low_eff,0.0
Lao PDR,2052,Small,Low_eff,0.0
Lao PDR,2053,Small,Low_eff,0.0
Lao PDR,2054,Small,Low_eff,0.0
Lao PDR,2055,Small,Low_eff,0.0
Lao PDR,2056,Small,Low_eff,0.0
Lao PDR,2057,Small,Low_eff,0.0
Lao PDR,2058,Small,Low_eff,0.0
Lao PDR,2059,Small,Low_eff,0.0
Lao PDR,2060,Small,Low_eff,0.0
Lao PDR,2005,Small,Mid_eff,0.0
Lao PDR,2006,Small,Mid_eff,0.0
Lao PDR,2007,Small,Mid_eff,0.0
Lao PDR,2008,Small,Mid_eff,0.0
Lao PDR,2009,Small,Mid_eff,0.0
Lao PDR,2010,Small,Mid_eff,0.0
Lao PDR,2011,Small,Mid_eff,0.0
Lao PDR,2012,Small,Mid_eff,0.0
Lao PDR,2013,Small,Mid_eff,0.0
Lao PDR,2014,Small,Mid_eff,0.0
Lao PDR,2015,Small,Mid_eff,0.0
Lao PDR,2016,Small,Mid_eff,0.0
Lao PDR,2017,Small,Mid_eff,0.0
Lao PDR,2018,Small,Mid_eff,0.0
Lao PDR,2019,Small,Mid_eff,0.0
Lao PDR,2020,Small,Mid_eff,0.0
Lao PDR,2021,Small,Mid_eff,0.0
Lao PDR,2022,Small,Mid_eff,0.0
Lao PDR,2023,Small,Mid_eff,0.0
Lao PDR,2024,Small,Mid_eff,0.0
Lao PDR,2025,Small,Mid_eff,0.0
Lao PDR,2026,Small,Mid_eff,0.0
Lao PDR,2027,Small,Mid_eff,0.0
Lao PDR,2028,Small,Mid_eff,0.0
Lao PDR,2029,Small,Mid_eff,0.0
Lao PDR,2030,Small,Mid_eff,0.0
Lao PDR,2031,Small,Mid_eff,0.0
Lao PDR,2032,Small,Mid_eff,0.0
Lao PDR,2033,Small,Mid_eff,0.0
Lao PDR,2034,Small,Mid_eff,0.0
Lao PDR,2035,Small,Mid_eff,0.0
Lao PDR,2036,Small,Mid_eff,0.0
Lao PDR,2037,Small,Mid_eff,0.0
Lao PDR,2038,Small,Mid_eff,0.0
Lao PDR,2039,Small,Mid_eff,0.0
Lao PDR,2040,Small,Mid_eff,0.0
Lao PDR,2041,Small,Mid_eff,0.0
Lao PDR,2042,Small,Mid_eff,0.0
Lao PDR,2043,Small,Mid_eff,0.0
Lao PDR,2044,Small,Mid_eff,0.0
Lao PDR,2045,Small,Mid_eff,0.0
Lao PDR,2046,Small,Mid_eff,0.0
Lao PDR,2047,Small,Mid_eff,0.0
Lao PDR,2048,Small,Mid_eff,0.0
Lao PDR,2049,Small,Mid_eff,0.0
Lao PDR,2050,Small,Mid_eff,0.0
Lao PDR,2051,Small,Mid_eff,0.0
Lao PDR,2052,Small,Mid_eff,0.0
Lao PDR,2053,Small,Mid_eff,0.0
Lao PDR,2054,Small,Mid_eff,0.0
Lao PDR,2055,Small,Mid_eff,0.0
Lao PDR,2056,Small,Mid_eff,0.0
Lao PDR,2057,Small,Mid_eff,0.0
Lao PDR,2058,Small,Mid_eff,0.0
Lao PDR,2059,Small,Mid_eff,0.0
Lao PDR,2060,Small,Mid_eff,0.0
Malaysia,2005,Large,High_eff,277.5526
Malaysia,2006,Large,High_eff,292.7653
Malaysia,2007,Large,High_eff,308.3457
Malaysia,2008,Large,High_eff,324.1798
Malaysia,2009,Large,High_eff,340.159
Malaysia,2010,Large,High_eff,355.8393
Malaysia,2011,Large,High_eff,371.3909
Malaysia,2012,Large,High_eff,387.3423
Malaysia,2013,Large,High_eff,403.5441
Malaysia,2014,Large,High_eff,419.9651
Malaysia,2015,Large,High_eff,436.5035
Malaysia,2016,Large,High_eff,453.2053
Malaysia,2017,Large,High_eff,470.0057
Malaysia,2018,Large,High_eff,486.6208
Malaysia,2019,Large,High_eff,503.1267
Malaysia,2020,Large,High_eff,519.652
Malaysia,2021,Large,High_eff,535.9668
Malaysia,2022,Large,High_eff,552.246
Malaysia,2023,Large,High_eff,568.7293
Malaysia,2024,Large,High_eff,585.1959
Malaysia,2025,Large,High_eff,601.6263
Malaysia,2026,Large,High_eff,559.8869
Malaysia,2027,Large,High_eff,516.9419
Malaysia,2028,Large,High_eff,472.9284
Malaysia,2029,Large,High_eff,428.1158
Malaysia,2030,Large,High_eff,382.9074
Malaysia,2031,Large,High_eff,337.8336
Malaysia,2032,Large,High_eff,293.5317
Malaysia,2033,Large,High_eff,250.712
Malaysia,2034,Large,High_eff,210.1111
Malaysia,2035,Large,High_eff,172.4348
Malaysia,2036,Large,High_eff,138.2982
Malaysia,2037,Large,High_eff,108.1696
Malaysia,2038,Large,High_eff,82.3272
Malaysia,2039,Large,High_eff,60.8353
Malaysia,2040,Large,High_eff,43.5456
Malaysia,2041,Large,High_eff,30.1223
Malaysia,2042,Large,High_eff,20.0886
Malaysia,2043,Large,High_eff,12.8848
Malaysia,2044,Large,High_eff,7.9287
Malaysia,2045,Large,High_eff,4.6692
Malaysia,2046,Large,High_eff,2.6249
Malaysia,2047,Large,High_eff,1.4052
Malaysia,2048,Large,High_eff,0.7145
Malaysia,2049,Large,High_eff,0.3442
Malaysia,2050,Large,High_eff,0.1567
Malaysia,2051,Large,High_eff,0.0672
Malaysia,2052,Large,High_eff,0.0271
Malaysia,2053,Large,High_eff,0.0103
Malaysia,2054,Large,High_eff,0.0036
Malaysia,2055,Large,High_eff,0.0012
Malaysia,2056,Large,High_eff,0.0004
Malaysia,2057,Large,High_eff,0.0001
Malaysia,2058,Large,High_eff,0.0
Malaysia,2059,Large,High_eff,0.0
Malaysia,2060,Large,High_eff,0.0
Malaysia,2005,Large,Low_eff,180.7001
Malaysia,2006,Large,Low_eff,190.6043
Malaysia,2007,Large,Low_eff,200.7479
Malaysia,2008,Large,Low_eff,211.0566
Malaysia,2009,Large,Low_eff,221.4599
Malaysia,2010,Large,Low_eff,231.6685
Malaysia,2011,Large,Low_eff,241.7934
Malaysia,2012,Large,Low_eff,252.1785
Malaysia,2013,Large,Low_eff,262.7266
Malaysia,2014,Large,Low_eff,273.4174
Malaysia,2015,Large,Low_eff,284.1848
Malaysia,2016,Large,Low_eff,295.0585
Malaysia,2017,Large,Low_eff,305.9963
Malaysia,2018,Large,Low_eff,316.8135
Malaysia,2019,Large,Low_eff,327.5597
Malaysia,2020,Large,Low_eff,338.3185
Malaysia,2021,Large,Low_eff,348.9401
Malaysia,2022,Large,Low_eff,359.5387
Malaysia,2023,Large,Low_eff,370.2701
Malaysia,2024,Large,Low_eff,380.9906
Malaysia,2025,Large,Low_eff,391.6876
Malaysia,2026,Large,Low_eff,364.5132
Malaysia,2027,Large,Low_eff,336.554
Malaysia,2028,Large,Low_eff,307.8991
Malaysia,2029,Large,Low_eff,278.7239
Malaysia,2030,Large,Low_eff,249.2911
Malaysia,2031,Large,Low_eff,219.9459
Malaysia,2032,Large,Low_eff,191.1032
Malaysia,2033,Large,Low_eff,163.2255
Malaysia,2034,Large,Low_eff,136.7924
Malaysia,2035,Large,Low_eff,112.2633
Malaysia,2036,Large,Low_eff,90.0388
Malaysia,2037,Large,Low_eff,70.4236
Malaysia,2038,Large,Low_eff,53.599
Malaysia,2039,Large,Low_eff,39.6067
Malaysia,2040,Large,Low_eff,28.3502
Malaysia,2041,Large,Low_eff,19.6111
Malaysia,2042,Large,Low_eff,13.0787
Malaysia,2043,Large,Low_eff,8.3886
Malaysia,2044,Large,Low_eff,5.1619
Malaysia,2045,Large,Low_eff,3.0399
Malaysia,2046,Large,Low_eff,1.709
Malaysia,2047,Large,Low_eff,0.9148
Malaysia,2048,Large,Low_eff,0.4652
Malaysia,2049,Large,Low_eff,0.2241
Malaysia,2050,Large,Low_eff,0.102
Malaysia,2051,Large,Low_eff,0.0438
Malaysia,2052,Large,Low_eff,0.0177
Malaysia,2053,Large,Low_eff,0.0067
Malaysia,2054,Large,Low_eff,0.0024
Malaysia,2055,Large,Low_eff,0.0008
Malaysia,2056,Large,Low_eff,0.0002
Malaysia,2057,Large,Low_eff,0.0001
Malaysia,2058,Large,Low_eff,0.0
Malaysia,2059,Large,Low_eff,0.0
Malaysia,2060,Large,Low_eff,0.0
Malaysia,2005,Large,Mid_eff,223.1372
Malaysia,2006,Large,Mid_eff,235.3674
Malaysia,2007,Large,Mid_eff,247.8932
Malaysia,2008,Large,Mid_eff,260.623
Malaysia,2009,Large,Mid_eff,273.4694
Malaysia,2010,Large,Mid_eff,286.0755
Malaysia,2011,Large,Mid_eff,298.5782
Malaysia,2012,Large,Mid_eff,311.4022
Malaysia,2013,Large,Mid_eff,324.4276
Malaysia,2014,Large,Mid_eff,337.6291
Malaysia,2015,Large,Mid_eff,350.9252
Malaysia,2016,Large,Mid_eff,364.3525
Malaysia,2017,Large,Mid_eff,377.8591
Malaysia,2018,Large,Mid_eff,391.2167
Malaysia,2019,Large,Mid_eff,404.4866
Malaysia,2020,Large,Mid_eff,417.772
Malaysia,2021,Large,Mid_eff,430.8882
Malaysia,2022,Large,Mid_eff,443.9758
Malaysia,2023,Large,Mid_eff,457.2275
Malaysia,2024,Large,Mid_eff,470.4657
Malaysia,2025,Large,Mid_eff,483.6749
Malaysia,2026,Large,Mid_eff,450.1187
Malaysia,2027,Large,Mid_eff,415.5933
Malaysia,2028,Large,Mid_eff,380.2088
Malaysia,2029,Large,Mid_eff,344.1819
Malaysia,2030,Large,Mid_eff,307.8368
Malaysia,2031,Large,Mid_eff,271.5999
Malaysia,2032,Large,Mid_eff,235.9835
Malaysia,2033,Large,Mid_eff,201.5589
Malaysia,2034,Large,Mid_eff,168.9179
Malaysia,2035,Large,Mid_eff,138.6282
Malaysia,2036,Large,Mid_eff,111.1842
Malaysia,2037,Large,Mid_eff,86.9625
Malaysia,2038,Large,Mid_eff,66.1866
Malaysia,2039,Large,Mid_eff,48.9083
Malaysia,2040,Large,Mid_eff,35.0083
Malaysia,2041,Large,Mid_eff,24.2167
Malaysia,2042,Large,Mid_eff,16.1502
Malaysia,2043,Large,Mid_eff,10.3587
Malaysia,2044,Large,Mid_eff,6.3742
Malaysia,2045,Large,Mid_eff,3.7538
Malaysia,2046,Large,Mid_eff,2.1103
Malaysia,2047,Large,Mid_eff,1.1297
Malaysia,2048,Large,Mid_eff,0.5744
Malaysia,2049,Large,Mid_eff,0.2767
Malaysia,2050,Large,Mid_eff,0.1259
Malaysia,2051,Large,Mid_eff,0.054
Malaysia,2052,Large,Mid_eff,0.0218
Malaysia,2053,Large,Mid_eff,0.0082
Malaysia,2054,Large,Mid_eff,0.0029
Malaysia,2055,Large,Mid_eff,0.001
Malaysia,2056,Large,Mid_eff,0.0003
Malaysia,2057,Large,Mid_eff,0.0001
Malaysia,2058,Large,Mid_eff,0.0
Malaysia,2059,Large,Mid_eff,0.0
Malaysia,2060,Large,Mid_eff,0.0
Malaysia,2005,Medium,High_eff,1486.5131
Malaysia,2006,Medium,High_eff,1567.9889
Malaysia,2007,Medium,High_eff,1651.4347
Malaysia,2008,Medium,High_eff,1736.2386
Malaysia,2009,Medium,High_eff,1821.8198
Malaysia,2010,Medium,High_eff,1905.8004
Malaysia,2011,Medium,High_eff,1989.0914
Malaysia,2012,Medium,High_eff,2074.5235
Malaysia,2013,Medium,High_eff,2161.297
Malaysia,2014,Medium,High_eff,2249.2442
Malaysia,2015,Medium,High_eff,2337.8208
Malaysia,2016,Medium,High_eff,2427.2721
Malaysia,2017,Medium,High_eff,2517.2515
Malaysia,2018,Medium,High_eff,2606.238
Malaysia,2019,Medium,High_eff,2694.6406
Malaysia,2020,Medium,High_eff,2783.1465
Malaysia,2021,Medium,High_eff,2870.5249
Malaysia,2022,Medium,High_eff,2957.7131
Malaysia,2023,Medium,High_eff,3045.9939
Malaysia,2024,Medium,High_eff,3134.1855
Malaysia,2025,Medium,High_eff,3222.1833
Malaysia,2026,Medium,High_eff,2998.6357
Malaysia,2027,Medium,High_eff,2768.6316
Malaysia,2028,Medium,High_eff,2532.9048
Malaysia,2029,Medium,High_eff,2292.8976
Malaysia,2030,Medium,High_eff,2050.771
Malaysia,2031,Medium,High_eff,1809.3653
Malaysia,2032,Medium,High_eff,1572.0936
Malaysia,2033,Medium,High_eff,1342.7605
Malaysia,2034,Medium,High_eff,1125.3105
Malaysia,2035,Medium,High_eff,923.5242
Malaysia,2036,Medium,High_eff,740.6958
Malaysia,2037,Medium,High_eff,579.3337
Malaysia,2038,Medium,High_eff,440.9271
Malaysia,2039,Medium,High_eff,325.8211
Malaysia,2040,Medium,High_eff,233.2208
Malaysia,2041,Medium,High_eff,161.3286
Malaysia,2042,Medium,High_eff,107.5904
Malaysia,2043,Medium,High_eff,69.0081
Malaysia,2044,Medium,High_eff,42.4643
Malaysia,2045,Medium,High_eff,25.0073
Malaysia,2046,Medium,High_eff,14.0586
Malaysia,2047,Medium,High_eff,7.5259
Malaysia,2048,Medium,High_eff,3.8265
Malaysia,2049,Medium,High_eff,1.8433
Malaysia,2050,Medium,High_eff,0.8391
Malaysia,2051,Medium,High_eff,0.36
Malaysia,2052,Medium,High_eff,0.1452
Malaysia,2053,Medium,High_eff,0.0549
Malaysia,2054,Medium,High_eff,0.0194
Malaysia,2055,Medium,High_eff,0.0064
Malaysia,2056,Medium,High_eff,0.002
Malaysia,2057,Medium,High_eff,0.0006
Malaysia,2058,Medium,High_eff,0.0001
Malaysia,2059,Medium,High_eff,0.0
Malaysia,2060,Medium,High_eff,0.0
Malaysia,2005,Medium,Low_eff,0.0
Malaysia,2006,Medium,Low_eff,0.0
Malaysia,2007,Medium,Low_eff,0.0
Malaysia,2008,Medium,Low_eff,0.0
Malaysia,2009,Medium,Low_eff,0.0
Malaysia,2010,Medium,Low_eff,0.0
Malaysia,2011,Medium,Low_eff,0.0
Malaysia,2012,Medium,Low_eff,0.0
Malaysia,2013,Medium,Low_eff,0.0
Malaysia,2014,Medium,Low_eff,0.0
Malaysia,2015,Medium,Low_eff,0.0
Malaysia,2016,Medium,Low_eff,0.0
Malaysia,2017,Medium,Low_eff,0.0
Malaysia,2018,Medium,Low_eff,0.0
Malaysia,2019,Medium,Low_eff,0.0
Malaysia,2020,Medium,Low_eff,0.0
Malaysia,2021,Medium,Low_eff,0.0
Malaysia,2022,Medium,Low_eff,0.0
Malaysia,2023,Medium,Low_eff,0.0
Malaysia,2024,Medium,Low_eff,0.0
Malaysia,2025,Medium,Low_eff,0.0
Malaysia,2026,Medium,Low_eff,0.0
Malaysia,2027,Medium,Low_eff,0.0
Malaysia,2028,Medium,Low_eff,0.0
Malaysia,2029,Medium,Low_eff,0.0
Malaysia,2030,Medium,Low_eff,0.0
Malaysia,2031,Medium,Low_eff,0.0
Malaysia,2032,Medium,Low_eff,0.0
Malaysia,2033,Medium,Low_eff,0.0
Malaysia,2034,Medium,Low_eff,0.0
Malaysia,2035,Medium,Low_eff,0.0
Malaysia,2036,Medium,Low_eff,0.0
Malaysia,2037,Medium,Low_eff,0.0
Malaysia,2038,Medium,Low_eff,0.0
Malaysia,2039,Medium,Low_eff,0.0
Malaysia,2040,Medium,Low_eff,0.0
Malaysia,2041,Medium,Low_eff,0.0
Malaysia,2042,Medium,Low_eff,0.0
Malaysia,2043,Medium,Low_eff,0.0
Malaysia,2044,Medium,Low_eff,0.0
Malaysia,2045,Medium,Low_eff,0.0
Malaysia,2046,Medium,Low_eff,0.0
Malaysia,2047,Medium,Low_eff,0.0
Malaysia,2048,Medium,Low_eff,0.0
Malaysia,2049,Medium,Low_eff,0.0
Malaysia,2050,Medium,Low_eff,0.0
Malaysia,2051,Medium,Low_eff,0.0
Malaysia,2052,Medium,Low_eff,0.0
Malaysia,2053,Medium,Low_eff,0.0
Malaysia,2054,Medium,Low_eff,0.0
Malaysia,2055,Medium,Low_eff,0.0
Malaysia,2056,Medium,Low_eff,0.0
Malaysia,2057,Medium,Low_eff,0.0
Malaysia,2058,Medium,Low_eff,0.0
Malaysia,2059,Medium,Low_eff,0.0
Malaysia,2060,Medium,Low_eff,0.0
Malaysia,2005,Medium,Mid_eff,0.0
Malaysia,2006,Medium,Mid_eff,0.0
Malaysia,2007,Medium,Mid_eff,0.0
Malaysia,2008,Medium,Mid_eff,0.0
Malaysia,2009,Medium,Mid_eff,0.0
Malaysia,2010,Medium,Mid_eff,0.0
Malaysia,2011,Medium,Mid_eff,0.0
Malaysia,2012,Medium,Mid_eff,0.0
Malaysia,2013,Medium,Mid_eff,0.0
Malaysia,2014,Medium,Mid_eff,0.0
Malaysia,2015,Medium,Mid_eff,0.0
Malaysia,2016,Medium,Mid_eff,0.0
Malaysia,2017,Medium,Mid_eff,0.0
Malaysia,2018,Medium,Mid_eff,0.0
Malaysia,2019,Medium,Mid_eff,0.0
Malaysia,2020,Medium,Mid_eff,0.0
Malaysia,2021,Medium,Mid_eff,0.0
Malaysia,2022,Medium,Mid_eff,0.0
Malaysia,2023,Medium,Mid_eff,0.0
Malaysia,2024,Medium,Mid_eff,0.0
Malaysia,2025,Medium,Mid_eff,0.0
Malaysia,2026,Medium,Mid_eff,0.0
Malaysia,2027,Medium,Mid_eff,0.0
Malaysia,2028,Medium,Mid_eff,0.0
Malaysia,2029,Medium,Mid_eff,0.0
Malaysia,2030,Medium,Mid_eff,0.0
Malaysia,2031,Medium,Mid_eff,0.0
Malaysia,2032,Medium,Mid_eff,0.0
Malaysia,2033,Medium,Mid_eff,0.0
Malaysia,2034,Medium,Mid_eff,0.0
Malaysia,2035,Medium,Mid_eff,0.0
Malaysia,2036,Medium,Mid_eff,0.0
Malaysia,2037,Medium,Mid_eff,0.0
Malaysia,2038,Medium,Mid_eff,0.0
Malaysia,2039,Medium,Mid_eff,0.0
Malaysia,2040,Medium,Mid_eff,0.0
Malaysia,2041,Medium,Mid_eff,0.0
Malaysia,2042,Medium,Mid_eff,0.0
Malaysia,2043,Medium,Mid_eff,0.0
Malaysia,2044,Medium,Mid_eff,0.0
Malaysia,2045,Medium,Mid_eff,0.0
Malaysia,2046,Medium,Mid_eff,0.0
Malaysia,2047,Medium,Mid_eff,0.0
Malaysia,2048,Medium,Mid_eff,0.0
Malaysia,2049,Medium,Mid_eff,0.0
Malaysia,2050,Medium,Mid_eff,0.0
Malaysia,2051,Medium,Mid_eff,0.0
Malaysia,2052,Medium,Mid_eff,0.0
Malaysia,2053,Medium,Mid_eff,0.0
Malaysia,2054,Medium,Mid_eff,0.0
Malaysia,2055,Medium,Mid_eff,0.0
Malaysia,2056,Medium,Mid_eff,0.0
Malaysia,2057,Medium,Mid_eff,0.0
Malaysia,2058,Medium,Mid_eff,0.0
Malaysia,2059,Medium,Mid_eff,0.0
Malaysia,2060,Medium,Mid_eff,0.0
Malaysia,2005,Small,High_eff,1259.9544
Malaysia,2006,Small,High_eff,1329.0125
Malaysia,2007,Small,High_eff,1399.7404
Malaysia,2008,Small,High_eff,1471.6193
Malaysia,2009,Small,High_eff,1544.1572
Malaysia,2010,Small,High_eff,1615.3383
Malaysia,2011,Small,High_eff,1685.935
Malaysia,2012,Small,High_eff,1758.3464
Malaysia,2013,Small,High_eff,1831.8948
Malaysia,2014,Small,High_eff,1906.438
Malaysia,2015,Small,High_eff,1981.5147
Malaysia,2016,Small,High_eff,2057.3328
Malaysia,2017,Small,High_eff,2133.5984
Malaysia,2018,Small,High_eff,2209.0226
Malaysia,2019,Small,High_eff,2283.9517
Malaysia,2020,Small,High_eff,2358.9685
Malaysia,2021,Small,High_eff,2433.0296
Malaysia,2022,Small,High_eff,2506.9295
Malaysia,2023,Small,High_eff,2581.7555
Malaysia,2024,Small,High_eff,2656.5058
Malaysia,2025,Small,High_eff,2731.0919
Malaysia,2026,Small,High_eff,2541.6151
Malaysia,2027,Small,High_eff,2346.6658
Malaysia,2028,Small,High_eff,2146.866
Malaysia,2029,Small,High_eff,1943.4382
Malaysia,2030,Small,High_eff,1738.214
Malaysia,2031,Small,High_eff,1533.6008
Malaysia,2032,Small,High_eff,1332.4915
Malaysia,2033,Small,High_eff,1138.111
Malaysia,2034,Small,High_eff,953.8025
Malaysia,2035,Small,High_eff,782.7703
Malaysia,2036,Small,High_eff,627.8067
Malaysia,2037,Small,High_eff,491.0377
Malaysia,2038,Small,High_eff,373.7256
Malaysia,2039,Small,High_eff,276.1628
Malaysia,2040,Small,High_eff,197.6757
Malaysia,2041,Small,High_eff,136.7406
Malaysia,2042,Small,High_eff,91.1926
Malaysia,2043,Small,High_eff,58.4906
Malaysia,2044,Small,High_eff,35.9923
Malaysia,2045,Small,High_eff,21.196
Malaysia,2046,Small,High_eff,11.916
Malaysia,2047,Small,High_eff,6.3788
Malaysia,2048,Small,High_eff,3.2433
Malaysia,2049,Small,High_eff,1.5623
Malaysia,2050,Small,High_eff,0.7112
Malaysia,2051,Small,High_eff,0.3051
Malaysia,2052,Small,High_eff,0.1231
Malaysia,2053,Small,High_eff,0.0466
Malaysia,2054,Small,High_eff,0.0165
Malaysia,2055,Small,High_eff,0.0054
Malaysia,2056,Small,High_eff,0.0017
Malaysia,2057,Small,High_eff,0.0005
Malaysia,2058,Small,High_eff,0.0001
Malaysia,2059,Small,High_eff,0.0
Malaysia,2060,Small,High_eff,0.0
Malaysia,2005,Small,Low_eff,0.0
Malaysia,2006,Small,Low_eff,0.0
Malaysia,2007,Small,Low_eff,0.0
Malaysia,2008,Small,Low_eff,0.0
Malaysia,2009,Small,Low_eff,0.0
Malaysia,2010,Small,Low_eff,0.0
Malaysia,2011,Small,Low_eff,0.0
Malaysia,2012,Small,Low_eff,0.0
Malaysia,2013,Small,Low_eff,0.0
Malaysia,2014,Small,Low_eff,0.0
Malaysia,2015,Small,Low_eff,0.0
Malaysia,2016,Small,Low_eff,0.0
Malaysia,2017,Small,Low_eff,0.0
Malaysia,2018,Small,Low_eff,0.0
Malaysia,2019,Small,Low_eff,0.0
Malaysia,2020,Small,Low_eff,0.0
Malaysia,2021,Small,Low_eff,0.0
Malaysia,2022,Small,Low_eff,0.0
Malaysia,2023,Small,Low_eff,0.0
Malaysia,2024,Small,Low_eff,0.0
Malaysia,2025,Small,Low_eff,0.0
Malaysia,2026,Small,Low_eff,0.0
Malaysia,2027,Small,Low_eff,0.0
Malaysia,2028,Small,Low_eff,0.0
Malaysia,2029,Small,Low_eff,0.0
Malaysia,2030,Small,Low_eff,0.0
Malaysia,2031,Small,Low_eff,0.0
Malaysia,2032,Small,Low_eff,0.0
Malaysia,2033,Small,Low_eff,0.0
Malaysia,2034,Small,Low_eff,0.0
Malaysia,2035,Small,Low_eff,0.0
Malaysia,2036,Small,Low_eff,0.0
Malaysia,2037,Small,Low_eff,0.0
Malaysia,2038,Small,Low_eff,0.0
Malaysia,2039,Small,Low_eff,0.0
Malaysia,2040,Small,Low_eff,0.0
Malaysia,2041,Small,Low_eff,0.0
Malaysia,2042,Small,Low_eff,0.0
Malaysia,2043,Small,Low_eff,0.0
Malaysia,2044,Small,Low_eff,0.0
Malaysia,2045,Small,Low_eff,0.0
Malaysia,2046,Small,Low_eff,0.0
Malaysia,2047,Small,Low_eff,0.0
Malaysia,2048,Small,Low_eff,0.0
Malaysia,2049,Small,Low_eff,0.0
Malaysia,2050,Small,Low_eff,0.0
Malaysia,2051,Small,Low_eff,0.0
Malaysia,2052,Small,Low_eff,0.0
Malaysia,2053,Small,Low_eff,0.0
Malaysia,2054,Small,Low_eff,0.0
Malaysia,2055,Small,Low_eff,0.0
Malaysia,2056,Small,Low_eff,0.0
Malaysia,2057,Small,Low_eff,0.0
Malaysia,2058,Small,Low_eff,0.0
Malaysia,2059,Small,Low_eff,0.0
Malaysia,2060,Small,Low_eff,0.0
Malaysia,2005,Small,Mid_eff,0.0
Malaysia,2006,Small,Mid_eff,0.0
Malaysia,2007,Small,Mid_eff,0.0
Malaysia,2008,Small,Mid_eff,0.0
Malaysia,2009,Small,Mid_eff,0.0
Malaysia,2010,Small,Mid_eff,0.0
Malaysia,2011,Small,Mid_eff,0.0
Malaysia,2012,Small,Mid_eff,0.0
Malaysia,2013,Small,Mid_eff,0.0
Malaysia,2014,Small,Mid_eff,0.0
Malaysia,2015,Small,Mid_eff,0.0
Malaysia,2016,Small,Mid_eff,0.0
Malaysia,2017,Small,Mid_eff,0.0
Malaysia,2018,Small,Mid_eff,0.0
Malaysia,2019,Small,Mid_eff,0.0
Malaysia,2020,Small,Mid_eff,0.0
Malaysia,2021,Small,Mid_eff,0.0
Malaysia,2022,Small,Mid_eff,0.0
Malaysia,2023,Small,Mid_eff,0.0
Malaysia,2024,Small,Mid_eff,0.0
Malaysia,2025,Small,Mid_eff,0.0
Malaysia,2026,Small,Mid_eff,0.0
Malaysia,2027,Small,Mid_eff,0.0
Malaysia,2028,Small,Mid_eff,0.0
Malaysia,2029,Small,Mid_eff,0.0
Malaysia,2030,Small,Mid_eff,0.0
Malaysia,2031,Small,Mid_eff,0.0
Malaysia,2032,Small,Mid_eff,0.0
Malaysia,2033,Small,Mid_eff,0.0
Malaysia,2034,Small,Mid_eff,0.0
Malaysia,2035,Small,Mid_eff,0.0
Malaysia,2036,Small,Mid_eff,0.0
Malaysia,2037,Small,Mid_eff,0.0
Malaysia,2038,Small,Mid_eff,0.0
Malaysia,2039,Small,Mid_eff,0.0
Malaysia,2040,Small,Mid_eff,0.0
Malaysia,2041,Small,Mid_eff,0.0
Malaysia,2042,Small,Mid_eff,0.0
Malaysia,2043,Small,Mid_eff,0.0
Malaysia,2044,Small,Mid_eff,0.0
Malaysia,2045,Small,Mid_eff,0.0
Malaysia,2046,Small,Mid_eff,0.0
Malaysia,2047,Small,Mid_eff,0.0
Malaysia,2048,Small,Mid_eff,0.0
Malaysia,2049,Small,Mid_eff,0.0
Malaysia,2050,Small,Mid_eff,0.0
Malaysia,2051,Small,Mid_eff,0.0
Malaysia,2052,Small,Mid_eff,0.0
Malaysia,2053,Small,Mid_eff,0.0
Malaysia,2054,Small,Mid_eff,0.0
Malaysia,2055,Small,Mid_eff,0.0
Malaysia,2056,Small,Mid_eff,0.0
Malaysia,2057,Small,Mid_eff,0.0
Malaysia,2058,Small,Mid_eff,0.0
Malaysia,2059,Small,Mid_eff,0.0
Malaysia,2060,Small,Mid_eff,0.0
Myanmar,2005,Large,High_eff,70.885
Myanmar,2006,Large,High_eff,73.0925
Myanmar,2007,Large,High_eff,75.3345
Myanmar,2008,Large,High_eff,77.5035
Myanmar,2009,Large,High_eff,79.7157
Myanmar,2010,Large,High_eff,82.1147
Myanmar,2011,Large,High_eff,84.6077
Myanmar,2012,Large,High_eff,87.1837
Myanmar,2013,Large,High_eff,89.821
Myanmar,2014,Large,High_eff,92.4976
Myanmar,2015,Large,High_eff,95.2011
Myanmar,2016,Large,High_eff,97.9479
Myanmar,2017,Large,High_eff,100.7199
Myanmar,2018,Large,High_eff,103.5041
Myanmar,2019,Large,High_eff,106.3283
Myanmar,2020,Large,High_eff,109.2169
Myanmar,2021,Large,High_eff,112.136
Myanmar,2022,Large,High_eff,115.1153
Myanmar,2023,Large,High_eff,118.1794
Myanmar,2024,Large,High_eff,121.2657
Myanmar,2025,Large,High_eff,124.3667
Myanmar,2026,Large,High_eff,115.6021
Myanmar,2027,Large,High_eff,106.62
Myanmar,2028,Large,High_eff,97.446
Myanmar,2029,Large,High_eff,88.1336
Myanmar,2030,Large,High_eff,78.7635
Myanmar,2031,Large,High_eff,69.4424
Myanmar,2032,Large,High_eff,60.2985
Myanmar,2033,Large,High_eff,51.4747
Myanmar,2034,Large,High_eff,43.1192
Myanmar,2035,Large,High_eff,35.3737
Myanmar,2036,Large,High_eff,28.3618
Myanmar,2037,Large,High_eff,22.1772
Myanmar,2038,Large,High_eff,16.8752
Myanmar,2039,Large,High_eff,12.4675
Myanmar,2040,Large,High_eff,8.9228
Myanmar,2041,Large,High_eff,6.1714
Myanmar,2042,Large,High_eff,4.1152
Myanmar,2043,Large,High_eff,2.6392
Myanmar,2044,Large,High_eff,1.6239
Myanmar,2045,Large,High_eff,0.9562
Myanmar,2046,Large,High_eff,0.5375
Myanmar,2047,Large,High_eff,0.2877
Myanmar,2048,Large,High_eff,0.1463
Myanmar,2049,Large,High_eff,0.0705
Myanmar,2050,Large,High_eff,0.0321
Myanmar,2051,Large,High_eff,0.0138
Myanmar,2052,Large,High_eff,0.0055
Myanmar,2053,Large,High_eff,0.0021
Myanmar,2054,Large,High_eff,0.0007
Myanmar,2055,Large,High_eff,0.0002
Myanmar,2056,Large,High_eff,0.0001
Myanmar,2057,Large,High_eff,0.0
Myanmar,2058,Large,High_eff,0.0
Myanmar,2059,Large,High_eff,0.0
Myanmar,2060,Large,High_eff,0.0
Myanmar,2005,Large,Low_eff,9.2248
Myanmar,2006,Large,Low_eff,9.512
Myanmar,2007,Large,Low_eff,9.8038
Myanmar,2008,Large,Low_eff,10.0861
Myanmar,2009,Large,Low_eff,10.374
Myanmar,2010,Large,Low_eff,10.6862
Myanmar,2011,Large,Low_eff,11.0106
Myanmar,2012,Large,Low_eff,11.3458
Myanmar,2013,Large,Low_eff,11.689
Myanmar,2014,Large,Low_eff,12.0374
Myanmar,2015,Large,Low_eff,12.3892
Myanmar,2016,Large,Low_eff,12.7466
Myanmar,2017,Large,Low_eff,13.1074
Myanmar,2018,Large,Low_eff,13.4697
Myanmar,2019,Large,Low_eff,13.8372
Myanmar,2020,Large,Low_eff,14.2132
Myanmar,2021,Large,Low_eff,14.593
Myanmar,2022,Large,Low_eff,14.9808
Myanmar,2023,Large,Low_eff,15.3795
Myanmar,2024,Large,Low_eff,15.7812
Myanmar,2025,Large,Low_eff,16.1847
Myanmar,2026,Large,Low_eff,15.0441
Myanmar,2027,Large,Low_eff,13.8752
Myanmar,2028,Large,Low_eff,12.6813
Myanmar,2029,Large,Low_eff,11.4694
Myanmar,2030,Large,Low_eff,10.25
Myanmar,2031,Large,Low_eff,9.037
Myanmar,2032,Large,Low_eff,7.8471
Myanmar,2033,Large,Low_eff,6.6988
Myanmar,2034,Large,Low_eff,5.6114
Myanmar,2035,Large,Low_eff,4.6034
Myanmar,2036,Large,Low_eff,3.6909
Myanmar,2037,Large,Low_eff,2.8861
Myanmar,2038,Large,Low_eff,2.1961
Myanmar,2039,Large,Low_eff,1.6225
Myanmar,2040,Large,Low_eff,1.1612
Myanmar,2041,Large,Low_eff,0.8031
Myanmar,2042,Large,Low_eff,0.5355
Myanmar,2043,Large,Low_eff,0.3435
Myanmar,2044,Large,Low_eff,0.2113
Myanmar,2045,Large,Low_eff,0.1244
Myanmar,2046,Large,Low_eff,0.0699
Myanmar,2047,Large,Low_eff,0.0374
Myanmar,2048,Large,Low_eff,0.019
Myanmar,2049,Large,Low_eff,0.0092
Myanmar,2050,Large,Low_eff,0.0042
Myanmar,2051,Large,Low_eff,0.0018
Myanmar,2052,Large,Low_eff,0.0007
Myanmar,2053,Large,Low_eff,0.0003
Myanmar,2054,Large,Low_eff,0.0001
Myanmar,2055,Large,Low_eff,0.0
Myanmar,2056,Large,Low_eff,0.0
Myanmar,2057,Large,Low_eff,0.0
Myanmar,2058,Large,Low_eff,0.0
Myanmar,2059,Large,Low_eff,0.0
Myanmar,2060,Large,Low_eff,0.0
Myanmar,2005,Large,Mid_eff,38.8411
Myanmar,2006,Large,Mid_eff,40.0507
Myanmar,2007,Large,Mid_eff,41.2792
Myanmar,2008,Large,Mid_eff,42.4677
Myanmar,2009,Large,Mid_eff,43.6798
Myanmar,2010,Large,Mid_eff,44.9943
Myanmar,2011,Large,Mid_eff,46.3604
Myanmar,2012,Large,Mid_eff,47.7719
Myanmar,2013,Large,Mid_eff,49.217
Myanmar,2014,Large,Mid_eff,50.6836
Myanmar,2015,Large,Mid_eff,52.165
Myanmar,2016,Large,Mid_eff,53.6701
Myanmar,2017,Large,Mid_eff,55.189
Myanmar,2018,Large,Mid_eff,56.7146
Myanmar,2019,Large,Mid_eff,58.2621
Myanmar,2020,Large,Mid_eff,59.8449
Myanmar,2021,Large,Mid_eff,61.4444
Myanmar,2022,Large,Mid_eff,63.0769
Myanmar,2023,Large,Mid_eff,64.7559
Myanmar,2024,Large,Mid_eff,66.447
Myanmar,2025,Large,Mid_eff,68.1462
Myanmar,2026,Large,Mid_eff,63.3437
Myanmar,2027,Large,Mid_eff,58.422
Myanmar,2028,Large,Mid_eff,53.3951
Myanmar,2029,Large,Mid_eff,48.2924
Myanmar,2030,Large,Mid_eff,43.1581
Myanmar,2031,Large,Mid_eff,38.0507
Myanmar,2032,Large,Mid_eff,33.0403
Myanmar,2033,Large,Mid_eff,28.2054
Myanmar,2034,Large,Mid_eff,23.627
Myanmar,2035,Large,Mid_eff,19.3829
Myanmar,2036,Large,Mid_eff,15.5407
Myanmar,2037,Large,Mid_eff,12.1519
Myanmar,2038,Large,Mid_eff,9.2467
Myanmar,2039,Large,Mid_eff,6.8315
Myanmar,2040,Large,Mid_eff,4.8892
Myanmar,2041,Large,Mid_eff,3.3816
Myanmar,2042,Large,Mid_eff,2.2549
Myanmar,2043,Large,Mid_eff,1.4461
Myanmar,2044,Large,Mid_eff,0.8898
Myanmar,2045,Large,Mid_eff,0.524
Myanmar,2046,Large,Mid_eff,0.2945
Myanmar,2047,Large,Mid_eff,0.1577
Myanmar,2048,Large,Mid_eff,0.0802
Myanmar,2049,Large,Mid_eff,0.0386
Myanmar,2050,Large,Mid_eff,0.0176
Myanmar,2051,Large,Mid_eff,0.0075
Myanmar,2052,Large,Mid_eff,0.003
Myanmar,2053,Large,Mid_eff,0.0012
Myanmar,2054,Large,Mid_eff,0.0004
Myanmar,2055,Large,Mid_eff,0.0001
Myanmar,2056,Large,Mid_eff,0.0
Myanmar,2057,Large,Mid_eff,0.0
Myanmar,2058,Large,Mid_eff,0.0
Myanmar,2059,Large,Mid_eff,0.0
Myanmar,2060,Large,Mid_eff,0.0
Myanmar,2005,Medium,High_eff,305.1453
Myanmar,2006,Medium,High_eff,314.6484
Myanmar,2007,Medium,High_eff,324.2994
Myanmar,2008,Medium,High_eff,333.6368
Myanmar,2009,Medium,High_eff,343.1595
Myanmar,2010,Medium,High_eff,353.4868
Myanmar,2011,Medium,High_eff,364.2187
Myanmar,2012,Medium,High_eff,375.3081
Myanmar,2013,Medium,High_eff,386.6608
Myanmar,2014,Medium,High_eff,398.1833
Myanmar,2015,Medium,High_eff,409.8211
Myanmar,2016,Medium,High_eff,421.6456
Myanmar,2017,Medium,High_eff,433.5785
Myanmar,2018,Medium,High_eff,445.564
Myanmar,2019,Medium,High_eff,457.7213
Myanmar,2020,Medium,High_eff,470.1565
Myanmar,2021,Medium,High_eff,482.7225
Myanmar,2022,Medium,High_eff,495.5475
Myanmar,2023,Medium,High_eff,508.7382
Myanmar,2024,Medium,High_eff,522.024
Myanmar,2025,Medium,High_eff,535.3732
Myanmar,2026,Medium,High_eff,497.6435
Myanmar,2027,Medium,High_eff,458.9773
Myanmar,2028,Medium,High_eff,419.4853
Myanmar,2029,Medium,High_eff,379.3971
Myanmar,2030,Medium,High_eff,339.0607
Myanmar,2031,Medium,High_eff,298.9353
Myanmar,2032,Medium,High_eff,259.5727
Myanmar,2033,Medium,High_eff,221.5882
Myanmar,2034,Medium,High_eff,185.6192
Myanmar,2035,Medium,High_eff,152.2764
Myanmar,2036,Medium,High_eff,122.0916
Myanmar,2037,Medium,High_eff,95.4683
Myanmar,2038,Medium,High_eff,72.6442
Myanmar,2039,Medium,High_eff,53.6701
Myanmar,2040,Medium,High_eff,38.4106
Myanmar,2041,Medium,High_eff,26.5666
Myanmar,2042,Medium,High_eff,17.7151
Myanmar,2043,Medium,High_eff,11.3612
Myanmar,2044,Medium,High_eff,6.9904
Myanmar,2045,Medium,High_eff,4.1163
Myanmar,2046,Medium,High_eff,2.3139
Myanmar,2047,Medium,High_eff,1.2386
Myanmar,2048,Medium,High_eff,0.6297
Myanmar,2049,Medium,High_eff,0.3033
Myanmar,2050,Medium,High_eff,0.1381
Myanmar,2051,Medium,High_eff,0.0592
Myanmar,2052,Medium,High_eff,0.0239
Myanmar,2053,Medium,High_eff,0.009
Myanmar,2054,Medium,High_eff,0.0032
Myanmar,2055,Medium,High_eff,0.0011
Myanmar,2056,Medium,High_eff,0.0003
Myanmar,2057,Medium,High_eff,0.0001
Myanmar,2058,Medium,High_eff,0.0
Myanmar,2059,Medium,High_eff,0.0
Myanmar,2060,Medium,High_eff,0.0
Myanmar,2005,Medium,Low_eff,0.0
Myanmar,2006,Medium,Low_eff,0.0
Myanmar,2007,Medium,Low_eff,0.0
Myanmar,2008,Medium,Low_eff,0.0
Myanmar,2009,Medium,Low_eff,0.0
Myanmar,2010,Medium,Low_eff,0.0
Myanmar,2011,Medium,Low_eff,0.0
Myanmar,2012,Medium,Low_eff,0.0
Myanmar,2013,Medium,Low_eff,0.0
Myanmar,2014,Medium,Low_eff,0.0
Myanmar,2015,Medium,Low_eff,0.0
Myanmar,2016,Medium,Low_eff,0.0
Myanmar,2017,Medium,Low_eff,0.0
Myanmar,2018,Medium,Low_eff,0.0
Myanmar,2019,Medium,Low_eff,0.0
Myanmar,2020,Medium,Low_eff,0.0
Myanmar,2021,Medium,Low_eff,0.0
Myanmar,2022,Medium,Low_eff,0.0
Myanmar,2023,Medium,Low_eff,0.0
Myanmar,2024,Medium,Low_eff,0.0
Myanmar,2025,Medium,Low_eff,0.0
Myanmar,2026,Medium,Low_eff,0.0
Myanmar,2027,Medium,Low_eff,0.0
Myanmar,2028,Medium,Low_eff,0.0
Myanmar,2029,Medium,Low_eff,0.0
Myanmar,2030,Medium,Low_eff,0.0
Myanmar,2031,Medium,Low_eff,0.0
Myanmar,2032,Medium,Low_eff,0.0
Myanmar,2033,Medium,Low_eff,0.0
Myanmar,2034,Medium,Low_eff,0.0
Myanmar,2035,Medium,Low_eff,0.0
Myanmar,2036,Medium,Low_eff,0.0
Myanmar,2037,Medium,Low_eff,0.0
Myanmar,2038,Medium,Low_eff,0.0
Myanmar,2039,Medium,Low_eff,0.0
Myanmar,2040,Medium,Low_eff,0.0
Myanmar,2041,Medium,Low_eff,0.0
Myanmar,2042,Medium,Low_eff,0.0
Myanmar,2043,Medium,Low_eff,0.0
Myanmar,2044,Medium,Low_eff,0.0
Myanmar,2045,Medium,Low_eff,0.0
Myanmar,2046,Medium,Low_eff,0.0
Myanmar,2047,Medium,Low_eff,0.0
Myanmar,2048,Medium,Low_eff,0.0
Myanmar,2049,Medium,Low_eff,0.0
Myanmar,2050,Medium,Low_eff,0.0
Myanmar,2051,Medium,Low_eff,0.0
Myanmar,2052,Medium,Low_eff,0.0
Myanmar,2053,Medium,Low_eff,0.0
Myanmar,2054,Medium,Low_eff,0.0
Myanmar,2055,Medium,Low_eff,0.0
Myanmar,2056,Medium,Low_eff,0.0
Myanmar,2057,Medium,Low_eff,0.0
Myanmar,2058,Medium,Low_eff,0.0
Myanmar,2059,Medium,Low_eff,0.0
Myanmar,2060,Medium,Low_eff,0.0
Myanmar,2005,Medium,Mid_eff,0.0
Myanmar,2006,Medium,Mid_eff,0.0
Myanmar,2007,Medium,Mid_eff,0.0
Myanmar,2008,Medium,Mid_eff,0.0
Myanmar,2009,Medium,Mid_eff,0.0
Myanmar,2010,Medium,Mid_eff,0.0
Myanmar,2011,Medium,Mid_eff,0.0
Myanmar,2012,Medium,Mid_eff,0.0
Myanmar,2013,Medium,Mid_eff,0.0
Myanmar,2014,Medium,Mid_eff,0.0
Myanmar,2015,Medium,Mid_eff,0.0
Myanmar,2016,Medium,Mid_eff,0.0
Myanmar,2017,Medium,Mid_eff,0.0
Myanmar,2018,Medium,Mid_eff,0.0
Myanmar,2019,Medium,Mid_eff,0.0
Myanmar,2020,Medium,Mid_eff,0.0
Myanmar,2021,Medium,Mid_eff,0.0
Myanmar,2022,Medium,Mid_eff,0.0
Myanmar,2023,Medium,Mid_eff,0.0
Myanmar,2024,Medium,Mid_eff,0.0
Myanmar,2025,Medium,Mid_eff,0.0
Myanmar,2026,Medium,Mid_eff,0.0
Myanmar,2027,Medium,Mid_eff,0.0
Myanmar,2028,Medium,Mid_eff,0.0
Myanmar,2029,Medium,Mid_eff,0.0
Myanmar,2030,Medium,Mid_eff,0.0
Myanmar,2031,Medium,Mid_eff,0.0
Myanmar,2032,Medium,Mid_eff,0.0
Myanmar,2033,Medium,Mid_eff,0.0
Myanmar,2034,Medium,Mid_eff,0.0
Myanmar,2035,Medium,Mid_eff,0.0
Myanmar,2036,Medium,Mid_eff,0.0
Myanmar,2037,Medium,Mid_eff,0.0
Myanmar,2038,Medium,Mid_eff,0.0
Myanmar,2039,Medium,Mid_eff,0.0
Myanmar,2040,Medium,Mid_eff,0.0
Myanmar,2041,Medium,Mid_eff,0.0
Myanmar,2042,Medium,Mid_eff,0.0
Myanmar,2043,Medium,Mid_eff,0.0
Myanmar,2044,Medium,Mid_eff,0.0
Myanmar,2045,Medium,Mid_eff,0.0
Myanmar,2046,Medium,Mid_eff,0.0
Myanmar,2047,Medium,Mid_eff,0.0
Myanmar,2048,Medium,Mid_eff,0.0
Myanmar,2049,Medium,Mid_eff,0.0
Myanmar,2050,Medium,Mid_eff,0.0
Myanmar,2051,Medium,Mid_eff,0.0
Myanmar,2052,Medium,Mid_eff,0.0
Myanmar,2053,Medium,Mid_eff,0.0
Myanmar,2054,Medium,Mid_eff,0.0
Myanmar,2055,Medium,Mid_eff,0.0
Myanmar,2056,Medium,Mid_eff,0.0
Myanmar,2057,Medium,Mid_eff,0.0
Myanmar,2058,Medium,Mid_eff,0.0
Myanmar,2059,Medium,Mid_eff,0.0
Myanmar,2060,Medium,Mid_eff,0.0
Myanmar,2005,Small,High_eff,2003.4716
Myanmar,2006,Small,High_eff,2065.8655
Myanmar,2007,Small,High_eff,2129.2308
Myanmar,2008,Small,High_eff,2190.5364
Myanmar,2009,Small,High_eff,2253.0593
Myanmar,2010,Small,High_eff,2320.8641
Myanmar,2011,Small,High_eff,2391.3263
Myanmar,2012,Small,High_eff,2464.1348
Myanmar,2013,Small,High_eff,2538.6726
Myanmar,2014,Small,High_eff,2614.3253
Myanmar,2015,Small,High_eff,2690.7347
Myanmar,2016,Small,High_eff,2768.3697
Myanmar,2017,Small,High_eff,2846.717
Myanmar,2018,Small,High_eff,2925.4097
Myanmar,2019,Small,High_eff,3005.2297
Myanmar,2020,Small,High_eff,3086.8746
Myanmar,2021,Small,High_eff,3169.3787
Myanmar,2022,Small,High_eff,3253.5828
Myanmar,2023,Small,High_eff,3340.1883
Myanmar,2024,Small,High_eff,3427.4178
Myanmar,2025,Small,High_eff,3515.0636
Myanmar,2026,Small,High_eff,3267.3441
Myanmar,2027,Small,High_eff,3013.476
Myanmar,2028,Small,High_eff,2754.1862
Myanmar,2029,Small,High_eff,2490.9816
Myanmar,2030,Small,High_eff,2226.1479
Myanmar,2031,Small,High_eff,1962.6992
Myanmar,2032,Small,High_eff,1704.2591
Myanmar,2033,Small,High_eff,1454.8665
Myanmar,2034,Small,High_eff,1218.7071
Myanmar,2035,Small,High_eff,999.7908
Myanmar,2036,Small,High_eff,801.6083
Myanmar,2037,Small,High_eff,626.8098
Myanmar,2038,Small,High_eff,476.9552
Myanmar,2039,Small,High_eff,352.3781
Myanmar,2040,Small,High_eff,252.1901
Myanmar,2041,Small,High_eff,174.4264
Myanmar,2042,Small,High_eff,116.3111
Myanmar,2043,Small,High_eff,74.5933
Myanmar,2044,Small,High_eff,45.8965
Myanmar,2045,Small,High_eff,27.026
Myanmar,2046,Small,High_eff,15.1922
Myanmar,2047,Small,High_eff,8.132
Myanmar,2048,Small,High_eff,4.1344
Myanmar,2049,Small,High_eff,1.9914
Myanmar,2050,Small,High_eff,0.9064
Myanmar,2051,Small,High_eff,0.3889
Myanmar,2052,Small,High_eff,0.1569
Myanmar,2053,Small,High_eff,0.0593
Myanmar,2054,Small,High_eff,0.021
Myanmar,2055,Small,High_eff,0.0069
Myanmar,2056,Small,High_eff,0.0021
Myanmar,2057,Small,High_eff,0.0006
Myanmar,2058,Small,High_eff,0.0002
Myanmar,2059,Small,High_eff,0.0
Myanmar,2060,Small,High_eff,0.0
Myanmar,2005,Small,Low_eff,0.0
Myanmar,2006,Small,Low_eff,0.0
Myanmar,2007,Small,Low_eff,0.0
Myanmar,2008,Small,Low_eff,0.0
Myanmar,2009,Small,Low_eff,0.0
Myanmar,2010,Small,Low_eff,0.0
Myanmar,2011,Small,Low_eff,0.0
Myanmar,2012,Small,Low_eff,0.0
Myanmar,2013,Small,Low_eff,0.0
Myanmar,2014,Small,Low_eff,0.0
Myanmar,2015,Small,Low_eff,0.0
Myanmar,2016,Small,Low_eff,0.0
Myanmar,2017,Small,Low_eff,0.0
Myanmar,2018,Small,Low_eff,0.0
Myanmar,2019,Small,Low_eff,0.0
Myanmar,2020,Small,Low_eff,0.0
Myanmar,2021,Small,Low_eff,0.0
Myanmar,2022,Small,Low_eff,0.0
Myanmar,2023,Small,Low_eff,0.0
Myanmar,2024,Small,Low_eff,0.0
Myanmar,2025,Small,Low_eff,0.0
Myanmar,2026,Small,Low_eff,0.0
Myanmar,2027,Small,Low_eff,0.0
Myanmar,2028,Small,Low_eff,0.0
Myanmar,2029,Small,Low_eff,0.0
Myanmar,2030,Small,Low_eff,0.0
Myanmar,2031,Small,Low_eff,0.0
Myanmar,2032,Small,Low_eff,0.0
Myanmar,2033,Small,Low_eff,0.0
Myanmar,2034,Small,Low_eff,0.0
Myanmar,2035,Small,Low_eff,0.0
Myanmar,2036,Small,Low_eff,0.0
Myanmar,2037,Small,Low_eff,0.0
Myanmar,2038,Small,Low_eff,0.0
Myanmar,2039,Small,Low_eff,0.0
Myanmar,2040,Small,Low_eff,0.0
Myanmar,2041,Small,Low_eff,0.0
Myanmar,2042,Small,Low_eff,0.0
Myanmar,2043,Small,Low_eff,0.0
Myanmar,2044,Small,Low_eff,0.0
Myanmar,2045,Small,Low_eff,0.0
Myanmar,2046,Small,Low_eff,0.0
Myanmar,2047,Small,Low_eff,0.0
Myanmar,2048,Small,Low_eff,0.0
Myanmar,2049,Small,Low_eff,0.0
Myanmar,2050,Small,Low_eff,0.0
Myanmar,2051,Small,Low_eff,0.0
Myanmar,2052,Small,Low_eff,0.0
Myanmar,2053,Small,Low_eff,0.0
Myanmar,2054,Small,Low_eff,0.0
Myanmar,2055,Small,Low_eff,0.0
Myanmar,2056,Small,Low_eff,0.0
Myanmar,2057,Small,Low_eff,0.0
Myanmar,2058,Small,Low_eff,0.0
Myanmar,2059,Small,Low_eff,0.0
Myanmar,2060,Small,Low_eff,0.0
Myanmar,2005,Small,Mid_eff,0.0
Myanmar,2006,Small,Mid_eff,0.0
Myanmar,2007,Small,Mid_eff,0.0
Myanmar,2008,Small,Mid_eff,0.0
Myanmar,2009,Small,Mid_eff,0.0
Myanmar,2010,Small,Mid_eff,0.0
Myanmar,2011,Small,Mid_eff,0.0
Myanmar,2012,Small,Mid_eff,0.0
Myanmar,2013,Small,Mid_eff,0.0
Myanmar,2014,Small,Mid_eff,0.0
Myanmar,2015,Small,Mid_eff,0.0
Myanmar,2016,Small,Mid_eff,0.0
Myanmar,2017,Small,Mid_eff,0.0
Myanmar,2018,Small,Mid_eff,0.0
Myanmar,2019,Small,Mid_eff,0.0
Myanmar,2020,Small,Mid_eff,0.0
Myanmar,2021,Small,Mid_eff,0.0
Myanmar,2022,Small,Mid_eff,0.0
Myanmar,2023,Small,Mid_eff,0.0
Myanmar,2024,Small,Mid_eff,0.0
Myanmar,2025,Small,Mid_eff,0.0
Myanmar,2026,Small,Mid_eff,0.0
Myanmar,2027,Small,Mid_eff,0.0
Myanmar,2028,Small,Mid_eff,0.0
Myanmar,2029,Small,Mid_eff,0.0
Myanmar,2030,Small,Mid_eff,0.0
Myanmar,2031,Small,Mid_eff,0.0
Myanmar,2032,Small,Mid_eff,0.0
Myanmar,2033,Small,Mid_eff,0.0
Myanmar,2034,Small,Mid_eff,0.0
Myanmar,2035,Small,Mid_eff,0.0
Myanmar,2036,Small,Mid_eff,0.0
Myanmar,2037,Small,Mid_eff,0.0
Myanmar,2038,Small,Mid_eff,0.0
Myanmar,2039,Small,Mid_eff,0.0
Myanmar,2040,Small,Mid_eff,0.0
Myanmar,2041,Small,Mid_eff,0.0
Myanmar,2042,Small,Mid_eff,0.0
Myanmar,2043,Small,Mid_eff,0.0
Myanmar,2044,Small,Mid_eff,0.0
Myanmar,2045,Small,Mid_eff,0.0
Myanmar,2046,Small,Mid_eff,0.0
Myanmar,2047,Small,Mid_eff,0.0
Myanmar,2048,Small,Mid_eff,0.0
Myanmar,2049,Small,Mid_eff,0.0
Myanmar,2050,Small,Mid_eff,0.0
Myanmar,2051,Small,Mid_eff,0.0
Myanmar,2052,Small,Mid_eff,0.0
Myanmar,2053,Small,Mid_eff,0.0
Myanmar,2054,Small,Mid_eff,0.0
Myanmar,2055,Small,Mid_eff,0.0
Myanmar,2056,Small,Mid_eff,0.0
Myanmar,2057,Small,Mid_eff,0.0
Myanmar,2058,Small,Mid_eff,0.0
Myanmar,2059,Small,Mid_eff,0.0
Myanmar,2060,Small,Mid_eff,0.0
Philippines,2005,Large,High_eff,134.572
Philippines,2006,Large,High_eff,141.2017
Philippines,2007,Large,High_eff,148.0543
Philippines,2008,Large,High_eff,155.1539
Philippines,2009,Large,High_eff,162.4566
Philippines,2010,Large,High_eff,169.9473
Philippines,2011,Large,High_eff,177.6553
Philippines,2012,Large,High_eff,185.5473
Philippines,2013,Large,High_eff,193.5832
Philippines,2014,Large,High_eff,201.7264
Philippines,2015,Large,High_eff,210.2222
Philippines,2016,Large,High_eff,219.2001
Philippines,2017,Large,High_eff,228.4263
Philippines,2018,Large,High_eff,237.7879
Philippines,2019,Large,High_eff,247.3114
Philippines,2020,Large,High_eff,257.0305
Philippines,2021,Large,High_eff,266.6644
Philippines,2022,Large,High_eff,276.4567
Philippines,2023,Large,High_eff,286.6735
Philippines,2024,Large,High_eff,297.0556
Philippines,2025,Large,High_eff,307.5964
Philippines,2026,Large,High_eff,287.0005
Philippines,2027,Large,High_eff,265.6699
Philippines,2028,Large,High_eff,243.664
Philippines,2029,Large,High_eff,221.1154
Philippines,2030,Large,High_eff,198.2312
Philippines,2031,Large,High_eff,175.2892
Philippines,2032,Large,High_eff,152.6269
Philippines,2033,Large,High_eff,130.6241
Philippines,2034,Large,High_eff,109.6774
Philippines,2035,Large,High_eff,90.1699
Philippines,2036,Large,High_eff,72.4389
Philippines,2037,Large,High_eff,56.7455
Philippines,2038,Large,High_eff,43.2508
Philippines,2039,Large,High_eff,32.0028
Philippines,2040,Large,High_eff,22.936
Philippines,2041,Large,High_eff,15.8841
Philippines,2042,Large,High_eff,10.6045
Philippines,2043,Large,High_eff,6.8085
Philippines,2044,Large,High_eff,4.1935
Philippines,2045,Large,High_eff,2.4716
Philippines,2046,Large,High_eff,1.3906
Philippines,2047,Large,High_eff,0.745
Philippines,2048,Large,High_eff,0.379
Philippines,2049,Large,High_eff,0.1827
Philippines,2050,Large,High_eff,0.0832
Philippines,2051,Large,High_eff,0.0357
Philippines,2052,Large,High_eff,0.0144
Philippines,2053,Large,High_eff,0.0055
Philippines,2054,Large,High_eff,0.0019
Philippines,2055,Large,High_eff,0.0006
Philippines,2056,Large,High_eff,0.0002
Philippines,2057,Large,High_eff,0.0001
Philippines,2058,Large,High_eff,0.0
Philippines,2059,Large,High_eff,0.0
Philippines,2060,Large,High_eff,0.0
Philippines,2005,Large,Low_eff,18.6905
Philippines,2006,Large,Low_eff,19.6113
Philippines,2007,Large,Low_eff,20.5631
Philippines,2008,Large,Low_eff,21.5492
Philippines,2009,Large,Low_eff,22.5634
Philippines,2010,Large,Low_eff,23.6038
Philippines,2011,Large,Low_eff,24.6744
Philippines,2012,Large,Low_eff,25.7705
Philippines,2013,Large,Low_eff,26.8866
Philippines,2014,Large,Low_eff,28.0176
Philippines,2015,Large,Low_eff,29.1975
Philippines,2016,Large,Low_eff,30.4445
Philippines,2017,Large,Low_eff,31.7259
Philippines,2018,Large,Low_eff,33.0261
Philippines,2019,Large,Low_eff,34.3488
Philippines,2020,Large,Low_eff,35.6987
Philippines,2021,Large,Low_eff,37.0367
Philippines,2022,Large,Low_eff,38.3968
Philippines,2023,Large,Low_eff,39.8158
Philippines,2024,Large,Low_eff,41.2577
Philippines,2025,Large,Low_eff,42.7217
Philippines,2026,Large,Low_eff,39.8612
Philippines,2027,Large,Low_eff,36.8986
Philippines,2028,Large,Low_eff,33.8422
Philippines,2029,Large,Low_eff,30.7105
Philippines,2030,Large,Low_eff,27.5321
Philippines,2031,Large,Low_eff,24.3457
Philippines,2032,Large,Low_eff,21.1982
Philippines,2033,Large,Low_eff,18.1422
Philippines,2034,Large,Low_eff,15.233
Philippines,2035,Large,Low_eff,12.5236
Philippines,2036,Large,Low_eff,10.0609
Philippines,2037,Large,Low_eff,7.8813
Philippines,2038,Large,Low_eff,6.007
Philippines,2039,Large,Low_eff,4.4448
Philippines,2040,Large,Low_eff,3.1855
Philippines,2041,Large,Low_eff,2.2061
Philippines,2042,Large,Low_eff,1.4729
Philippines,2043,Large,Low_eff,0.9456
Philippines,2044,Large,Low_eff,0.5824
Philippines,2045,Large,Low_eff,0.3433
Philippines,2046,Large,Low_eff,0.1931
Philippines,2047,Large,Low_eff,0.1035
Philippines,2048,Large,Low_eff,0.0526
Philippines,2049,Large,Low_eff,0.0254
Philippines,2050,Large,Low_eff,0.0116
Philippines,2051,Large,Low_eff,0.005
Philippines,2052,Large,Low_eff,0.002
Philippines,2053,Large,Low_eff,0.0008
Philippines,2054,Large,Low_eff,0.0003
Philippines,2055,Large,Low_eff,0.0001
Philippines,2056,Large,Low_eff,0.0
Philippines,2057,Large,Low_eff,0.0
Philippines,2058,Large,Low_eff,0.0
Philippines,2059,Large,Low_eff,0.0
Philippines,2060,Large,Low_eff,0.0
Philippines,2005,Large,Mid_eff,74.0146
Philippines,2006,Large,Mid_eff,77.6609
Philippines,2007,Large,Mid_eff,81.4299
Philippines,2008,Large,Mid_eff,85.3347
Philippines,2009,Large,Mid_eff,89.3511
Philippines,2010,Large,Mid_eff,93.471
Philippines,2011,Large,Mid_eff,97.7104
Philippines,2012,Large,Mid_eff,102.051
Philippines,2013,Large,Mid_eff,106.4708
Philippines,2014,Large,Mid_eff,110.9495
Philippines,2015,Large,Mid_eff,115.6222
Philippines,2016,Large,Mid_eff,120.5601
Philippines,2017,Large,Mid_eff,125.6344
Philippines,2018,Large,Mid_eff,130.7834
Philippines,2019,Large,Mid_eff,136.0213
Philippines,2020,Large,Mid_eff,141.3667
Philippines,2021,Large,Mid_eff,146.6654
Philippines,2022,Large,Mid_eff,152.0512
Philippines,2023,Large,Mid_eff,157.6704
Philippines,2024,Large,Mid_eff,163.3806
Philippines,2025,Large,Mid_eff,169.178
Philippines,2026,Large,Mid_eff,157.8502
Philippines,2027,Large,Mid_eff,146.1184
Philippines,2028,Large,Mid_eff,134.0152
Philippines,2029,Large,Mid_eff,121.6135
Philippines,2030,Large,Mid_eff,109.0272
Philippines,2031,Large,Mid_eff,96.409
Philippines,2032,Large,Mid_eff,83.9448
Philippines,2033,Large,Mid_eff,71.8433
Philippines,2034,Large,Mid_eff,60.3226
Philippines,2035,Large,Mid_eff,49.5934
Philippines,2036,Large,Mid_eff,39.8414
Philippines,2037,Large,Mid_eff,31.21
Philippines,2038,Large,Mid_eff,23.7879
Philippines,2039,Large,Mid_eff,17.6015
Philippines,2040,Large,Mid_eff,12.6148
Philippines,2041,Large,Mid_eff,8.7363
Philippines,2042,Large,Mid_eff,5.8325
Philippines,2043,Large,Mid_eff,3.7447
Philippines,2044,Large,Mid_eff,2.3064
Philippines,2045,Large,Mid_eff,1.3594
Philippines,2046,Large,Mid_eff,0.7648
Philippines,2047,Large,Mid_eff,0.4097
Philippines,2048,Large,Mid_eff,0.2085
Philippines,2049,Large,Mid_eff,0.1005
Philippines,2050,Large,Mid_eff,0.0458
Philippines,2051,Large,Mid_eff,0.0196
Philippines,2052,Large,Mid_eff,0.0079
Philippines,2053,Large,Mid_eff,0.003
Philippines,2054,Large,Mid_eff,0.0011
Philippines,2055,Large,Mid_eff,0.0004
Philippines,2056,Large,Mid_eff,0.0001
Philippines,2057,Large,Mid_eff,0.0
Philippines,2058,Large,Mid_eff,0.0
Philippines,2059,Large,Mid_eff,0.0
Philippines,2060,Large,Mid_eff,0.0
Philippines,2005,Medium,High_eff,881.4952
Philippines,2006,Medium,High_eff,924.9222
Philippines,2007,Medium,High_eff,969.8096
Philippines,2008,Medium,High_eff,1016.3147
Philippines,2009,Medium,High_eff,1064.1496
Philippines,2010,Medium,High_eff,1113.2167
Philippines,2011,Medium,High_eff,1163.707
Philippines,2012,Medium,High_eff,1215.4023
Philippines,2013,Medium,High_eff,1268.0404
Philippines,2014,Medium,High_eff,1321.3813
Philippines,2015,Medium,High_eff,1377.0321
Philippines,2016,Medium,High_eff,1435.8406
Philippines,2017,Medium,High_eff,1496.275
Philippines,2018,Medium,High_eff,1557.5974
Philippines,2019,Medium,High_eff,1619.9796
Philippines,2020,Medium,High_eff,1683.6429
Philippines,2021,Medium,High_eff,1746.7489
Philippines,2022,Medium,High_eff,1810.8922
Philippines,2023,Medium,High_eff,1877.8156
Philippines,2024,Medium,High_eff,1945.822
Philippines,2025,Medium,High_eff,2014.8681
Philippines,2026,Medium,High_eff,1879.9573
Philippines,2027,Medium,High_eff,1740.2346
Philippines,2028,Medium,High_eff,1596.0878
Philippines,2029,Medium,High_eff,1448.3863
Philippines,2030,Medium,High_eff,1298.4866
Philippines,2031,Medium,High_eff,1148.2077
Philippines,2032,Medium,High_eff,999.7616
Philippines,2033,Medium,High_eff,855.6354
Philippines,2034,Medium,High_eff,718.4268
Philippines,2035,Medium,High_eff,590.6456
Philippines,2036,Medium,High_eff,474.5011
Philippines,2037,Medium,High_eff,371.7035
Philippines,2038,Medium,High_eff,283.3085
Philippines,2039,Medium,High_eff,209.6301
Philippines,2040,Medium,High_eff,150.239
Philippines,2041,Medium,High_eff,104.0469
Philippines,2042,Medium,High_eff,69.4636
Philippines,2043,Medium,High_eff,44.598
Philippines,2044,Medium,High_eff,27.4688
Philippines,2045,Medium,High_eff,16.1902
Philippines,2046,Medium,High_eff,9.109
Philippines,2047,Medium,High_eff,4.8797
Philippines,2048,Medium,High_eff,2.4828
Philippines,2049,Medium,High_eff,1.1967
Philippines,2050,Medium,High_eff,0.545
Philippines,2051,Medium,High_eff,0.234
Philippines,2052,Medium,High_eff,0.0944
Philippines,2053,Medium,High_eff,0.0357
Philippines,2054,Medium,High_eff,0.0126
Philippines,2055,Medium,High_eff,0.0042
Philippines,2056,Medium,High_eff,0.0013
Philippines,2057,Medium,High_eff,0.0004
Philippines,2058,Medium,High_eff,0.0001
Philippines,2059,Medium,High_eff,0.0
Philippines,2060,Medium,High_eff,0.0
Philippines,2005,Medium,Low_eff,0.0
Philippines,2006,Medium,Low_eff,0.0
Philippines,2007,Medium,Low_eff,0.0
Philippines,2008,Medium,Low_eff,0.0
Philippines,2009,Medium,Low_eff,0.0
Philippines,2010,Medium,Low_eff,0.0
Philippines,2011,Medium,Low_eff,0.0
Philippines,2012,Medium,Low_eff,0.0
Philippines,2013,Medium,Low_eff,0.0
Philippines,2014,Medium,Low_eff,0.0
Philippines,2015,Medium,Low_eff,0.0
Philippines,2016,Medium,Low_eff,0.0
Philippines,2017,Medium,Low_eff,0.0
Philippines,2018,Medium,Low_eff,0.0
Philippines,2019,Medium,Low_eff,0.0
Philippines,2020,Medium,Low_eff,0.0
Philippines,2021,Medium,Low_eff,0.0
Philippines,2022,Medium,Low_eff,0.0
Philippines,2023,Medium,Low_eff,0.0
Philippines,2024,Medium,Low_eff,0.0
Philippines,2025,Medium,Low_eff,0.0
Philippines,2026,Medium,Low_eff,0.0
Philippines,2027,Medium,Low_eff,0.0
Philippines,2028,Medium,Low_eff,0.0
Philippines,2029,Medium,Low_eff,0.0
Philippines,2030,Medium,Low_eff,0.0
Philippines,2031,Medium,Low_eff,0.0
Philippines,2032,Medium,Low_eff,0.0
Philippines,2033,Medium,Low_eff,0.0
Philippines,2034,Medium,Low_eff,0.0
Philippines,2035,Medium,Low_eff,0.0
Philippines,2036,Medium,Low_eff,0.0
Philippines,2037,Medium,Low_eff,0.0
Philippines,2038,Medium,Low_eff,0.0
Philippines,2039,Medium,Low_eff,0.0
Philippines,2040,Medium,Low_eff,0.0
Philippines,2041,Medium,Low_eff,0.0
Philippines,2042,Medium,Low_eff,0.0
Philippines,2043,Medium,Low_eff,0.0
Philippines,2044,Medium,Low_eff,0.0
Philippines,2045,Medium,Low_eff,0.0
Philippines,2046,Medium,Low_eff,0.0
Philippines,2047,Medium,Low_eff,0.0
Philippines,2048,Medium,Low_eff,0.0
Philippines,2049,Medium,Low_eff,0.0
Philippines,2050,Medium,Low_eff,0.0
Philippines,2051,Medium,Low_eff,0.0
Philippines,2052,Medium,Low_eff,0.0
Philippines,2053,Medium,Low_eff,0.0
Philippines,2054,Medium,Low_eff,0.0
Philippines,2055,Medium,Low_eff,0.0
Philippines,2056,Medium,Low_eff,0.0
Philippines,2057,Medium,Low_eff,0.0
Philippines,2058,Medium,Low_eff,0.0
Philippines,2059,Medium,Low_eff,0.0
Philippines,2060,Medium,Low_eff,0.0
Philippines,2005,Medium,Mid_eff,0.0
Philippines,2006,Medium,Mid_eff,0.0
Philippines,2007,Medium,Mid_eff,0.0
Philippines,2008,Medium,Mid_eff,0.0
Philippines,2009,Medium,Mid_eff,0.0
Philippines,2010,Medium,Mid_eff,0.0
Philippines,2011,Medium,Mid_eff,0.0
Philippines,2012,Medium,Mid_eff,0.0
Philippines,2013,Medium,Mid_eff,0.0
Philippines,2014,Medium,Mid_eff,0.0
Philippines,2015,Medium,Mid_eff,0.0
Philippines,2016,Medium,Mid_eff,0.0
Philippines,2017,Medium,Mid_eff,0.0
Philippines,2018,Medium,Mid_eff,0.0
Philippines,2019,Medium,Mid_eff,0.0
Philippines,2020,Medium,Mid_eff,0.0
Philippines,2021,Medium,Mid_eff,0.0
Philippines,2022,Medium,Mid_eff,0.0
Philippines,2023,Medium,Mid_eff,0.0
Philippines,2024,Medium,Mid_eff,0.0
Philippines,2025,Medium,Mid_eff,0.0
Philippines,2026,Medium,Mid_eff,0.0
Philippines,2027,Medium,Mid_eff,0.0
Philippines,2028,Medium,Mid_eff,0.0
Philippines,2029,Medium,Mid_eff,0.0
Philippines,2030,Medium,Mid_eff,0.0
Philippines,2031,Medium,Mid_eff,0.0
Philippines,2032,Medium,Mid_eff,0.0
Philippines,2033,Medium,Mid_eff,0.0
Philippines,2034,Medium,Mid_eff,0.0
Philippines,2035,Medium,Mid_eff,0.0
Philippines,2036,Medium,Mid_eff,0.0
Philippines,2037,Medium,Mid_eff,0.0
Philippines,2038,Medium,Mid_eff,0.0
Philippines,2039,Medium,Mid_eff,0.0
Philippines,2040,Medium,Mid_eff,0.0
Philippines,2041,Medium,Mid_eff,0.0
Philippines,2042,Medium,Mid_eff,0.0
Philippines,2043,Medium,Mid_eff,0.0
Philippines,2044,Medium,Mid_eff,0.0
Philippines,2045,Medium,Mid_eff,0.0
Philippines,2046,Medium,Mid_eff,0.0
Philippines,2047,Medium,Mid_eff,0.0
Philippines,2048,Medium,Mid_eff,0.0
Philippines,2049,Medium,Mid_eff,0.0
Philippines,2050,Medium,Mid_eff,0.0
Philippines,2051,Medium,Mid_eff,0.0
Philippines,2052,Medium,Mid_eff,0.0
Philippines,2053,Medium,Mid_eff,0.0
Philippines,2054,Medium,Mid_eff,0.0
Philippines,2055,Medium,Mid_eff,0.0
Philippines,2056,Medium,Mid_eff,0.0
Philippines,2057,Medium,Mid_eff,0.0
Philippines,2058,Medium,Mid_eff,0.0
Philippines,2059,Medium,Mid_eff,0.0
Philippines,2060,Medium,Mid_eff,0.0
Philippines,2005,Small,High_eff,5972.2187
Philippines,2006,Small,High_eff,6266.4409
Philippines,2007,Small,High_eff,6570.5572
Philippines,2008,Small,High_eff,6885.6341
Philippines,2009,Small,High_eff,7209.7205
Philippines,2010,Small,High_eff,7542.1548
Philippines,2011,Small,High_eff,7884.2314
Philippines,2012,Small,High_eff,8234.4724
Philippines,2013,Small,High_eff,8591.1012
Philippines,2014,Small,High_eff,8952.4912
Philippines,2015,Small,High_eff,9329.5304
Philippines,2016,Small,High_eff,9727.964
Philippines,2017,Small,High_eff,10137.413
Philippines,2018,Small,High_eff,10552.8784
Philippines,2019,Small,High_eff,10975.5242
Philippines,2020,Small,High_eff,11406.8495
Philippines,2021,Small,High_eff,11834.3992
Philippines,2022,Small,High_eff,12268.9762
Philippines,2023,Small,High_eff,12722.3892
Philippines,2024,Small,High_eff,13183.1391
Philippines,2025,Small,High_eff,13650.9335
Philippines,2026,Small,High_eff,12736.8991
Philippines,2027,Small,High_eff,11790.2637
Philippines,2028,Small,High_eff,10813.6553
Philippines,2029,Small,High_eff,9812.9625
Philippines,2030,Small,High_eff,8797.3771
Philippines,2031,Small,High_eff,7779.2224
Philippines,2032,Small,High_eff,6773.4852
Philippines,2033,Small,High_eff,5797.0156
Philippines,2034,Small,High_eff,4867.4138
Philippines,2035,Small,High_eff,4001.6833
Philippines,2036,Small,High_eff,3214.7924
Philippines,2037,Small,High_eff,2518.3285
Philippines,2038,Small,High_eff,1919.4434
Philippines,2039,Small,High_eff,1420.2649
Philippines,2040,Small,High_eff,1017.884
Philippines,2041,Small,High_eff,704.928
Philippines,2042,Small,High_eff,470.6229
Philippines,2043,Small,High_eff,302.1562
Philippines,2044,Small,High_eff,186.1038
Philippines,2045,Small,High_eff,109.6902
Philippines,2046,Small,High_eff,61.7141
Philippines,2047,Small,High_eff,33.0606
Philippines,2048,Small,High_eff,16.8209
Philippines,2049,Small,High_eff,8.1077
Philippines,2050,Small,High_eff,3.6927
Philippines,2051,Small,High_eff,1.5852
Philippines,2052,Small,High_eff,0.6397
Philippines,2053,Small,High_eff,0.2421
Philippines,2054,Small,High_eff,0.0857
Philippines,2055,Small,High_eff,0.0283
Philippines,2056,Small,High_eff,0.0087
Philippines,2057,Small,High_eff,0.0025
Philippines,2058,Small,High_eff,0.0007
Philippines,2059,Small,High_eff,0.0002
Philippines,2060,Small,High_eff,0.0
Philippines,2005,Small,Low_eff,0.0
Philippines,2006,Small,Low_eff,0.0
Philippines,2007,Small,Low_eff,0.0
Philippines,2008,Small,Low_eff,0.0
Philippines,2009,Small,Low_eff,0.0
Philippines,2010,Small,Low_eff,0.0
Philippines,2011,Small,Low_eff,0.0
Philippines,2012,Small,Low_eff,0.0
Philippines,2013,Small,Low_eff,0.0
Philippines,2014,Small,Low_eff,0.0
Philippines,2015,Small,Low_eff,0.0
Philippines,2016,Small,Low_eff,0.0
Philippines,2017,Small,Low_eff,0.0
Philippines,2018,Small,Low_eff,0.0
Philippines,2019,Small,Low_eff,0.0
Philippines,2020,Small,Low_eff,0.0
Philippines,2021,Small,Low_eff,0.0
Philippines,2022,Small,Low_eff,0.0
Philippines,2023,Small,Low_eff,0.0
Philippines,2024,Small,Low_eff,0.0
Philippines,2025,Small,Low_eff,0.0
Philippines,2026,Small,Low_eff,0.0
Philippines,2027,Small,Low_eff,0.0
Philippines,2028,Small,Low_eff,0.0
Philippines,2029,Small,Low_eff,0.0
Philippines,2030,Small,Low_eff,0.0
Philippines,2031,Small,Low_eff,0.0
Philippines,2032,Small,Low_eff,0.0
Philippines,2033,Small,Low_eff,0.0
Philippines,2034,Small,Low_eff,0.0
Philippines,2035,Small,Low_eff,0.0
Philippines,2036,Small,Low_eff,0.0
Philippines,2037,Small,Low_eff,0.0
Philippines,2038,Small,Low_eff,0.0
Philippines,2039,Small,Low_eff,0.0
Philippines,2040,Small,Low_eff,0.0
Philippines,2041,Small,Low_eff,0.0
Philippines,2042,Small,Low_eff,0.0
Philippines,2043,Small,Low_eff,0.0
Philippines,2044,Small,Low_eff,0.0
Philippines,2045,Small,Low_eff,0.0
Philippines,2046,Small,Low_eff,0.0
Philippines,2047,Small,Low_eff,0.0
Philippines,2048,Small,Low_eff,0.0
Philippines,2049,Small,Low_eff,0.0
Philippines,2050,Small,Low_eff,0.0
Philippines,2051,Small,Low_eff,0.0
Philippines,2052,Small,Low_eff,0.0
Philippines,2053,Small,Low_eff,0.0
Philippines,2054,Small,Low_eff,0.0
Philippines,2055,Small,Low_eff,0.0
Philippines,2056,Small,Low_eff,0.0
Philippines,2057,Small,Low_eff,0.0
Philippines,2058,Small,Low_eff,0.0
Philippines,2059,Small,Low_eff,0.0
Philippines,2060,Small,Low_eff,0.0
Philippines,2005,Small,Mid_eff,0.0
Philippines,2006,Small,Mid_eff,0.0
Philippines,2007,Small,Mid_eff,0.0
Philippines,2008,Small,Mid_eff,0.0
Philippines,2009,Small,Mid_eff,0.0
Philippines,2010,Small,Mid_eff,0.0
Philippines,2011,Small,Mid_eff,0.0
Philippines,2012,Small,Mid_eff,0.0
Philippines,2013,Small,Mid_eff,0.0
Philippines,2014,Small,Mid_eff,0.0
Philippines,2015,Small,Mid_eff,0.0
Philippines,2016,Small,Mid_eff,0.0
Philippines,2017,Small,Mid_eff,0.0
Philippines,2018,Small,Mid_eff,0.0
Philippines,2019,Small,Mid_eff,0.0
Philippines,2020,Small,Mid_eff,0.0
Philippines,2021,Small,Mid_eff,0.0
Philippines,2022,Small,Mid_eff,0.0
Philippines,2023,Small,Mid_eff,0.0
Philippines,2024,Small,Mid_eff,0.0
Philippines,2025,Small,Mid_eff,0.0
Philippines,2026,Small,Mid_eff,0.0
Philippines,2027,Small,Mid_eff,0.0
Philippines,2028,Small,Mid_eff,0.0
Philippines,2029,Small,Mid_eff,0.0
Philippines,2030,Small,Mid_eff,0.0
Philippines,2031,Small,Mid_eff,0.0
Philippines,2032,Small,Mid_eff,0.0
Philippines,2033,Small,Mid_eff,0.0
Philippines,2034,Small,Mid_eff,0.0
Philippines,2035,Small,Mid_eff,0.0
Philippines,2036,Small,Mid_eff,0.0
Philippines,2037,Small,Mid_eff,0.0
Philippines,2038,Small,Mid_eff,0.0
Philippines,2039,Small,Mid_eff,0.0
Philippines,2040,Small,Mid_eff,0.0
Philippines,2041,Small,Mid_eff,0.0
Philippines,2042,Small,Mid_eff,0.0
Philippines,2043,Small,Mid_eff,0.0
Philippines,2044,Small,Mid_eff,0.0
Philippines,2045,Small,Mid_eff,0.0
Philippines,2046,Small,Mid_eff,0.0
Philippines,2047,Small,Mid_eff,0.0
Philippines,2048,Small,Mid_eff,0.0
Philippines,2049,Small,Mid_eff,0.0
Philippines,2050,Small,Mid_eff,0.0
Philippines,2051,Small,Mid_eff,0.0
Philippines,2052,Small,Mid_eff,0.0
Philippines,2053,Small,Mid_eff,0.0
Philippines,2054,Small,Mid_eff,0.0
Philippines,2055,Small,Mid_eff,0.0
Philippines,2056,Small,Mid_eff,0.0
Philippines,2057,Small,Mid_eff,0.0
Philippines,2058,Small,Mid_eff,0.0
Philippines,2059,Small,Mid_eff,0.0
Philippines,2060,Small,Mid_eff,0.0
Singapore,2005,Large,High_eff,30.0732
Singapore,2006,Large,High_eff,32.0006
Singapore,2007,Large,High_eff,34.3729
Singapore,2008,Large,High_eff,37.3151
Singapore,2009,Large,High_eff,39.5497
Singapore,2010,Large,High_eff,41.3633
Singapore,2011,Large,High_eff,43.3588
Singapore,2012,Large,High_eff,45.5806
Singapore,2013,Large,High_eff,47.48
Singapore,2014,Large,High_eff,49.262
Singapore,2015,Large,High_eff,51.0153
Singapore,2016,Large,High_eff,52.8511
Singapore,2017,Large,High_eff,54.057
Singapore,2018,Large,High_eff,55.4638
Singapore,2019,Large,High_eff,57.2543
Singapore,2020,Large,High_eff,58.2109
Singapore,2021,Large,High_eff,56.9082
Singapore,2022,Large,High_eff,59.9189
Singapore,2023,Large,High_eff,61.3977
Singapore,2024,Large,High_eff,62.8677
Singapore,2025,Large,High_eff,64.3229
Singapore,2026,Large,High_eff,59.6448
Singapore,2027,Large,High_eff,54.8946
Singapore,2028,Large,High_eff,50.0865
Singapore,2029,Large,High_eff,45.2454
Singapore,2030,Large,High_eff,40.4071
Singapore,2031,Large,High_eff,35.6194
Singapore,2032,Large,High_eff,30.9396
Singapore,2033,Large,High_eff,26.4334
Singapore,2034,Large,High_eff,22.1695
Singapore,2035,Large,High_eff,18.2154
Singapore,2036,Large,High_eff,14.6312
Singapore,2037,Large,High_eff,11.4635
Singapore,2038,Large,High_eff,8.7409
Singapore,2039,Large,High_eff,6.4713
Singapore,2040,Large,High_eff,4.6406
Singapore,2041,Large,High_eff,3.2156
Singapore,2042,Large,High_eff,2.1478
Singapore,2043,Large,High_eff,1.3794
Singapore,2044,Large,High_eff,0.8497
Singapore,2045,Large,High_eff,0.5008
Singapore,2046,Large,High_eff,0.2817
Singapore,2047,Large,High_eff,0.1508
Singapore,2048,Large,High_eff,0.0767
Singapore,2049,Large,High_eff,0.0369
Singapore,2050,Large,High_eff,0.0168
Singapore,2051,Large,High_eff,0.0072
Singapore,2052,Large,High_eff,0.0029
Singapore,2053,Large,High_eff,0.0011
Singapore,2054,Large,High_eff,0.0004
Singapore,2055,Large,High_eff,0.0001
Singapore,2056,Large,High_eff,0.0
Singapore,2057,Large,High_eff,0.0
Singapore,2058,Large,High_eff,0.0
Singapore,2059,Large,High_eff,0.0
Singapore,2060,Large,High_eff,0.0
Singapore,2005,Large,Low_eff,14.4953
Singapore,2006,Large,Low_eff,15.4243
Singapore,2007,Large,Low_eff,16.5677
Singapore,2008,Large,Low_eff,17.9859
Singapore,2009,Large,Low_eff,19.0629
Singapore,2010,Large,Low_eff,19.9371
Singapore,2011,Large,Low_eff,20.8989
Singapore,2012,Large,Low_eff,21.9698
Singapore,2013,Large,Low_eff,22.8854
Singapore,2014,Large,Low_eff,23.7443
Singapore,2015,Large,Low_eff,24.5894
Singapore,2016,Large,Low_eff,25.4742
Singapore,2017,Large,Low_eff,26.0555
Singapore,2018,Large,Low_eff,26.7335
Singapore,2019,Large,Low_eff,27.5966
Singapore,2020,Large,Low_eff,28.0577
Singapore,2021,Large,Low_eff,27.4297
Singapore,2022,Large,Low_eff,28.8809
Singapore,2023,Large,Low_eff,29.5937
Singapore,2024,Large,Low_eff,30.3022
Singapore,2025,Large,Low_eff,31.0036
Singapore,2026,Large,Low_eff,28.7488
Singapore,2027,Large,Low_eff,26.4592
Singapore,2028,Large,Low_eff,24.1417
Singapore,2029,Large,Low_eff,21.8082
Singapore,2030,Large,Low_eff,19.4762
Singapore,2031,Large,Low_eff,17.1685
Singapore,2032,Large,Low_eff,14.9129
Singapore,2033,Large,Low_eff,12.7409
Singapore,2034,Large,Low_eff,10.6857
Singapore,2035,Large,Low_eff,8.7798
Singapore,2036,Large,Low_eff,7.0522
Singapore,2037,Large,Low_eff,5.5254
Singapore,2038,Large,Low_eff,4.2131
Singapore,2039,Large,Low_eff,3.1191
Singapore,2040,Large,Low_eff,2.2368
Singapore,2041,Large,Low_eff,1.5499
Singapore,2042,Large,Low_eff,1.0352
Singapore,2043,Large,Low_eff,0.6648
Singapore,2044,Large,Low_eff,0.4095
Singapore,2045,Large,Low_eff,0.2414
Singapore,2046,Large,Low_eff,0.1358
Singapore,2047,Large,Low_eff,0.0727
Singapore,2048,Large,Low_eff,0.037
Singapore,2049,Large,Low_eff,0.0178
Singapore,2050,Large,Low_eff,0.0081
Singapore,2051,Large,Low_eff,0.0035
Singapore,2052,Large,Low_eff,0.0014
Singapore,2053,Large,Low_eff,0.0005
Singapore,2054,Large,Low_eff,0.0002
Singapore,2055,Large,Low_eff,0.0001
Singapore,2056,Large,Low_eff,0.0
Singapore,2057,Large,Low_eff,0.0
Singapore,2058,Large,Low_eff,0.0
Singapore,2059,Large,Low_eff,0.0
Singapore,2060,Large,Low_eff,0.0
Singapore,2005,Large,Mid_eff,27.4869
Singapore,2006,Large,Mid_eff,29.2486
Singapore,2007,Large,Mid_eff,31.4168
Singapore,2008,Large,Mid_eff,34.106
Singapore,2009,Large,Mid_eff,36.1484
Singapore,2010,Large,Mid_eff,37.8061
Singapore,2011,Large,Mid_eff,39.63
Singapore,2012,Large,Mid_eff,41.6606
Singapore,2013,Large,Mid_eff,43.3968
Singapore,2014,Large,Mid_eff,45.0255
Singapore,2015,Large,Mid_eff,46.628
Singapore,2016,Large,Mid_eff,48.3059
Singapore,2017,Large,Mid_eff,49.4081
Singapore,2018,Large,Mid_eff,50.6939
Singapore,2019,Large,Mid_eff,52.3304
Singapore,2020,Large,Mid_eff,53.2048
Singapore,2021,Large,Mid_eff,52.0141
Singapore,2022,Large,Mid_eff,54.7659
Singapore,2023,Large,Mid_eff,56.1175
Singapore,2024,Large,Mid_eff,57.4611
Singapore,2025,Large,Mid_eff,58.7911
Singapore,2026,Large,Mid_eff,54.5153
Singapore,2027,Large,Mid_eff,50.1736
Singapore,2028,Large,Mid_eff,45.7791
Singapore,2029,Large,Mid_eff,41.3542
Singapore,2030,Large,Mid_eff,36.9321
Singapore,2031,Large,Mid_eff,32.5561
Singapore,2032,Large,Mid_eff,28.2788
Singapore,2033,Large,Mid_eff,24.1601
Singapore,2034,Large,Mid_eff,20.2629
Singapore,2035,Large,Mid_eff,16.6489
Singapore,2036,Large,Mid_eff,13.3729
Singapore,2037,Large,Mid_eff,10.4776
Singapore,2038,Large,Mid_eff,7.9892
Singapore,2039,Large,Mid_eff,5.9147
Singapore,2040,Large,Mid_eff,4.2415
Singapore,2041,Large,Mid_eff,2.939
Singapore,2042,Large,Mid_eff,1.9631
Singapore,2043,Large,Mid_eff,1.2607
Singapore,2044,Large,Mid_eff,0.7766
Singapore,2045,Large,Mid_eff,0.4577
Singapore,2046,Large,Mid_eff,0.2574
Singapore,2047,Large,Mid_eff,0.1378
Singapore,2048,Large,Mid_eff,0.0701
Singapore,2049,Large,Mid_eff,0.0338
Singapore,2050,Large,Mid_eff,0.0154
Singapore,2051,Large,Mid_eff,0.0066
Singapore,2052,Large,Mid_eff,0.0027
Singapore,2053,Large,Mid_eff,0.001
Singapore,2054,Large,Mid_eff,0.0004
Singapore,2055,Large,Mid_eff,0.0001
Singapore,2056,Large,Mid_eff,0.0
Singapore,2057,Large,Mid_eff,0.0
Singapore,2058,Large,Mid_eff,0.0
Singapore,2059,Large,Mid_eff,0.0
Singapore,2060,Large,Mid_eff,0.0
Singapore,2005,Medium,High_eff,337.181
Singapore,2006,Medium,High_eff,358.7911
Singapore,2007,Medium,High_eff,385.3889
Singapore,2008,Medium,High_eff,418.3764
Singapore,2009,Medium,High_eff,443.4307
Singapore,2010,Medium,High_eff,463.7658
Singapore,2011,Medium,High_eff,486.139
Singapore,2012,Medium,High_eff,511.0493
Singapore,2013,Medium,High_eff,532.3463
Singapore,2014,Medium,High_eff,552.3257
Singapore,2015,Medium,High_eff,571.9834
Singapore,2016,Medium,High_eff,592.567
Singapore,2017,Medium,High_eff,606.0875
Singapore,2018,Medium,High_eff,621.8596
Singapore,2019,Medium,High_eff,641.9349
Singapore,2020,Medium,High_eff,652.661
Singapore,2021,Medium,High_eff,638.0546
Singapore,2022,Medium,High_eff,671.8112
Singapore,2023,Medium,High_eff,688.3909
Singapore,2024,Medium,High_eff,704.8725
Singapore,2025,Medium,High_eff,721.1879
Singapore,2026,Medium,High_eff,668.7373
Singapore,2027,Medium,High_eff,615.478
Singapore,2028,Medium,High_eff,561.5698
Singapore,2029,Medium,High_eff,507.2905
Singapore,2030,Medium,High_eff,453.0445
Singapore,2031,Medium,High_eff,399.3638
Singapore,2032,Medium,High_eff,346.8949
Singapore,2033,Medium,High_eff,296.3704
Singapore,2034,Medium,High_eff,248.564
Singapore,2035,Medium,High_eff,204.2313
Singapore,2036,Medium,High_eff,164.0447
Singapore,2037,Medium,High_eff,128.528
Singapore,2038,Medium,High_eff,98.0029
Singapore,2039,Medium,High_eff,72.5555
Singapore,2040,Medium,High_eff,52.0303
Singapore,2041,Medium,High_eff,36.0532
Singapore,2042,Medium,High_eff,24.0807
Singapore,2043,Medium,High_eff,15.4654
Singapore,2044,Medium,High_eff,9.5266
Singapore,2045,Medium,High_eff,5.6146
Singapore,2046,Medium,High_eff,3.158
Singapore,2047,Medium,High_eff,1.691
Singapore,2048,Medium,High_eff,0.8598
Singapore,2049,Medium,High_eff,0.4141
Singapore,2050,Medium,High_eff,0.1884
Singapore,2051,Medium,High_eff,0.0808
Singapore,2052,Medium,High_eff,0.0326
Singapore,2053,Medium,High_eff,0.0123
Singapore,2054,Medium,High_eff,0.0044
Singapore,2055,Medium,High_eff,0.0014
Singapore,2056,Medium,High_eff,0.0004
Singapore,2057,Medium,High_eff,0.0001
Singapore,2058,Medium,High_eff,0.0
Singapore,2059,Medium,High_eff,0.0
Singapore,2060,Medium,High_eff,0.0
Singapore,2005,Medium,Low_eff,0.0
Singapore,2006,Medium,Low_eff,0.0
Singapore,2007,Medium,Low_eff,0.0
Singapore,2008,Medium,Low_eff,0.0
Singapore,2009,Medium,Low_eff,0.0
Singapore,2010,Medium,Low_eff,0.0
Singapore,2011,Medium,Low_eff,0.0
Singapore,2012,Medium,Low_eff,0.0
Singapore,2013,Medium,Low_eff,0.0
Singapore,2014,Medium,Low_eff,0.0
Singapore,2015,Medium,Low_eff,0.0
Singapore,2016,Medium,Low_eff,0.0
Singapore,2017,Medium,Low_eff,0.0
Singapore,2018,Medium,Low_eff,0.0
Singapore,2019,Medium,Low_eff,0.0
Singapore,2020,Medium,Low_eff,0.0
Singapore,2021,Medium,Low_eff,0.0
Singapore,2022,Medium,Low_eff,0.0
Singapore,2023,Medium,Low_eff,0.0
Singapore,2024,Medium,Low_eff,0.0
Singapore,2025,Medium,Low_eff,0.0
Singapore,2026,Medium,Low_eff,0.0
Singapore,2027,Medium,Low_eff,0.0
Singapore,2028,Medium,Low_eff,0.0
Singapore,2029,Medium,Low_eff,0.0
Singapore,2030,Medium,Low_eff,0.0
Singapore,2031,Medium,Low_eff,0.0
Singapore,2032,Medium,Low_eff,0.0
Singapore,2033,Medium,Low_eff,0.0
Singapore,2034,Medium,Low_eff,0.0
Singapore,2035,Medium,Low_eff,0.0
Singapore,2036,Medium,Low_eff,0.0
Singapore,2037,Medium,Low_eff,0.0
Singapore,2038,Medium,Low_eff,0.0
Singapore,2039,Medium,Low_eff,0.0
Singapore,2040,Medium,Low_eff,0.0
Singapore,2041,Medium,Low_eff,0.0
Singapore,2042,Medium,Low_eff,0.0
Singapore,2043,Medium,Low_eff,0.0
Singapore,2044,Medium,Low_eff,0.0
Singapore,2045,Medium,Low_eff,0.0
Singapore,2046,Medium,Low_eff,0.0
Singapore,2047,Medium,Low_eff,0.0
Singapore,2048,Medium,Low_eff,0.0
Singapore,2049,Medium,Low_eff,0.0
Singapore,2050,Medium,Low_eff,0.0
Singapore,2051,Medium,Low_eff,0.0
Singapore,2052,Medium,Low_eff,0.0
Singapore,2053,Medium,Low_eff,0.0
Singapore,2054,Medium,Low_eff,0.0
Singapore,2055,Medium,Low_eff,0.0
Singapore,2056,Medium,Low_eff,0.0
Singapore,2057,Medium,Low_eff,0.0
Singapore,2058,Medium,Low_eff,0.0
Singapore,2059,Medium,Low_eff,0.0
Singapore,2060,Medium,Low_eff,0.0
Singapore,2005,Medium,Mid_eff,0.0
Singapore,2006,Medium,Mid_eff,0.0
Singapore,2007,Medium,Mid_eff,0.0
Singapore,2008,Medium,Mid_eff,0.0
Singapore,2009,Medium,Mid_eff,0.0
Singapore,2010,Medium,Mid_eff,0.0
Singapore,2011,Medium,Mid_eff,0.0
Singapore,2012,Medium,Mid_eff,0.0
Singapore,2013,Medium,Mid_eff,0.0
Singapore,2014,Medium,Mid_eff,0.0
Singapore,2015,Medium,Mid_eff,0.0
Singapore,2016,Medium,Mid_eff,0.0
Singapore,2017,Medium,Mid_eff,0.0
Singapore,2018,Medium,Mid_eff,0.0
Singapore,2019,Medium,Mid_eff,0.0
Singapore,2020,Medium,Mid_eff,0.0
Singapore,2021,Medium,Mid_eff,0.0
Singapore,2022,Medium,Mid_eff,0.0
Singapore,2023,Medium,Mid_eff,0.0
Singapore,2024,Medium,Mid_eff,0.0
Singapore,2025,Medium,Mid_eff,0.0
Singapore,2026,Medium,Mid_eff,0.0
Singapore,2027,Medium,Mid_eff,0.0
Singapore,2028,Medium,Mid_eff,0.0
Singapore,2029,Medium,Mid_eff,0.0
Singapore,2030,Medium,Mid_eff,0.0
Singapore,2031,Medium,Mid_eff,0.0
Singapore,2032,Medium,Mid_eff,0.0
Singapore,2033,Medium,Mid_eff,0.0
Singapore,2034,Medium,Mid_eff,0.0
Singapore,2035,Medium,Mid_eff,0.0
Singapore,2036,Medium,Mid_eff,0.0
Singapore,2037,Medium,Mid_eff,0.0
Singapore,2038,Medium,Mid_eff,0.0
Singapore,2039,Medium,Mid_eff,0.0
Singapore,2040,Medium,Mid_eff,0.0
Singapore,2041,Medium,Mid_eff,0.0
Singapore,2042,Medium,Mid_eff,0.0
Singapore,2043,Medium,Mid_eff,0.0
Singapore,2044,Medium,Mid_eff,0.0
Singapore,2045,Medium,Mid_eff,0.0
Singapore,2046,Medium,Mid_eff,0.0
Singapore,2047,Medium,Mid_eff,0.0
Singapore,2048,Medium,Mid_eff,0.0
Singapore,2049,Medium,Mid_eff,0.0
Singapore,2050,Medium,Mid_eff,0.0
Singapore,2051,Medium,Mid_eff,0.0
Singapore,2052,Medium,Mid_eff,0.0
Singapore,2053,Medium,Mid_eff,0.0
Singapore,2054,Medium,Mid_eff,0.0
Singapore,2055,Medium,Mid_eff,0.0
Singapore,2056,Medium,Mid_eff,0.0
Singapore,2057,Medium,Mid_eff,0.0
Singapore,2058,Medium,Mid_eff,0.0
Singapore,2059,Medium,Mid_eff,0.0
Singapore,2060,Medium,Mid_eff,0.0
Singapore,2005,Small,High_eff,192.1679
Singapore,2006,Small,High_eff,204.484
Singapore,2007,Small,High_eff,219.6428
Singapore,2008,Small,High_eff,238.4432
Singapore,2009,Small,High_eff,252.7223
Singapore,2010,Small,High_eff,264.3118
Singapore,2011,Small,High_eff,277.0628
Singapore,2012,Small,High_eff,291.2598
Singapore,2013,Small,High_eff,303.3975
Singapore,2014,Small,High_eff,314.7843
Singapore,2015,Small,High_eff,325.9877
Singapore,2016,Small,High_eff,337.7188
Singapore,2017,Small,High_eff,345.4245
Singapore,2018,Small,High_eff,354.4134
Singapore,2019,Small,High_eff,365.8548
Singapore,2020,Small,High_eff,371.9679
Singapore,2021,Small,High_eff,363.6433
Singapore,2022,Small,High_eff,382.8821
Singapore,2023,Small,High_eff,392.3312
Singapore,2024,Small,High_eff,401.7245
Singapore,2025,Small,High_eff,411.0231
Singapore,2026,Small,High_eff,381.1302
Singapore,2027,Small,High_eff,350.7764
Singapore,2028,Small,High_eff,320.0527
Singapore,2029,Small,High_eff,289.1176
Singapore,2030,Small,High_eff,258.2014
Singapore,2031,Small,High_eff,227.6075
Singapore,2032,Small,High_eff,197.7041
Singapore,2033,Small,High_eff,168.909
Singapore,2034,Small,High_eff,141.6629
Singapore,2035,Small,High_eff,116.3965
Singapore,2036,Small,High_eff,93.4932
Singapore,2037,Small,High_eff,73.2514
Singapore,2038,Small,High_eff,55.8543
Singapore,2039,Small,High_eff,41.3512
Singapore,2040,Small,High_eff,29.6534
Singapore,2041,Small,High_eff,20.5476
Singapore,2042,Small,High_eff,13.7242
Singapore,2043,Small,High_eff,8.8141
Singapore,2044,Small,High_eff,5.4294
Singapore,2045,Small,High_eff,3.1999
Singapore,2046,Small,High_eff,1.7998
Singapore,2047,Small,High_eff,0.9637
Singapore,2048,Small,High_eff,0.49
Singapore,2049,Small,High_eff,0.236
Singapore,2050,Small,High_eff,0.1074
Singapore,2051,Small,High_eff,0.0461
Singapore,2052,Small,High_eff,0.0186
Singapore,2053,Small,High_eff,0.007
Singapore,2054,Small,High_eff,0.0025
Singapore,2055,Small,High_eff,0.0008
Singapore,2056,Small,High_eff,0.0003
Singapore,2057,Small,High_eff,0.0001
Singapore,2058,Small,High_eff,0.0
Singapore,2059,Small,High_eff,0.0
Singapore,2060,Small,High_eff,0.0
Singapore,2005,Small,Low_eff,0.0
Singapore,2006,Small,Low_eff,0.0
Singapore,2007,Small,Low_eff,0.0
Singapore,2008,Small,Low_eff,0.0
Singapore,2009,Small,Low_eff,0.0
Singapore,2010,Small,Low_eff,0.0
Singapore,2011,Small,Low_eff,0.0
Singapore,2012,Small,Low_eff,0.0
Singapore,2013,Small,Low_eff,0.0
Singapore,2014,Small,Low_eff,0.0
Singapore,2015,Small,Low_eff,0.0
Singapore,2016,Small,Low_eff,0.0
Singapore,2017,Small,Low_eff,0.0
Singapore,2018,Small,Low_eff,0.0
Singapore,2019,Small,Low_eff,0.0
Singapore,2020,Small,Low_eff,0.0
Singapore,2021,Small,Low_eff,0.0
Singapore,2022,Small,Low_eff,0.0
Singapore,2023,Small,Low_eff,0.0
Singapore,2024,Small,Low_eff,0.0
Singapore,2025,Small,Low_eff,0.0
Singapore,2026,Small,Low_eff,0.0
Singapore,2027,Small,Low_eff,0.0
Singapore,2028,Small,Low_eff,0.0
Singapore,2029,Small,Low_eff,0.0
Singapore,2030,Small,Low_eff,0.0
Singapore,2031,Small,Low_eff,0.0
Singapore,2032,Small,Low_eff,0.0
Singapore,2033,Small,Low_eff,0.0
Singapore,2034,Small,Low_eff,0.0
Singapore,2035,Small,Low_eff,0.0
Singapore,2036,Small,Low_eff,0.0
Singapore,2037,Small,Low_eff,0.0
Singapore,2038,Small,Low_eff,0.0
Singapore,2039,Small,Low_eff,0.0
Singapore,2040,Small,Low_eff,0.0
Singapore,2041,Small,Low_eff,0.0
Singapore,2042,Small,Low_eff,0.0
Singapore,2043,Small,Low_eff,0.0
Singapore,2044,Small,Low_eff,0.0
Singapore,2045,Small,Low_eff,0.0
Singapore,2046,Small,Low_eff,0.0
Singapore,2047,Small,Low_eff,0.0
Singapore,2048,Small,Low_eff,0.0
Singapore,2049,Small,Low_eff,0.0
Singapore,2050,Small,Low_eff,0.0
Singapore,2051,Small,Low_eff,0.0
Singapore,2052,Small,Low_eff,0.0
Singapore,2053,Small,Low_eff,0.0
Singapore,2054,Small,Low_eff,0.0
Singapore,2055,Small,Low_eff,0.0
Singapore,2056,Small,Low_eff,0.0
Singapore,2057,Small,Low_eff,0.0
Singapore,2058,Small,Low_eff,0.0
Singapore,2059,Small,Low_eff,0.0
Singapore,2060,Small,Low_eff,0.0
Singapore,2005,Small,Mid_eff,0.0
Singapore,2006,Small,Mid_eff,0.0
Singapore,2007,Small,Mid_eff,0.0
Singapore,2008,Small,Mid_eff,0.0
Singapore,2009,Small,Mid_eff,0.0
Singapore,2010,Small,Mid_eff,0.0
Singapore,2011,Small,Mid_eff,0.0
Singapore,2012,Small,Mid_eff,0.0
Singapore,2013,Small,Mid_eff,0.0
Singapore,2014,Small,Mid_eff,0.0
Singapore,2015,Small,Mid_eff,0.0
Singapore,2016,Small,Mid_eff,0.0
Singapore,2017,Small,Mid_eff,0.0
Singapore,2018,Small,Mid_eff,0.0
Singapore,2019,Small,Mid_eff,0.0
Singapore,2020,Small,Mid_eff,0.0
Singapore,2021,Small,Mid_eff,0.0
Singapore,2022,Small,Mid_eff,0.0
Singapore,2023,Small,Mid_eff,0.0
Singapore,2024,Small,Mid_eff,0.0
Singapore,2025,Small,Mid_eff,0.0
Singapore,2026,Small,Mid_eff,0.0
Singapore,2027,Small,Mid_eff,0.0
Singapore,2028,Small,Mid_eff,0.0
Singapore,2029,Small,Mid_eff,0.0
Singapore,2030,Small,Mid_eff,0.0
Singapore,2031,Small,Mid_eff,0.0
Singapore,2032,Small,Mid_eff,0.0
Singapore,2033,Small,Mid_eff,0.0
Singapore,2034,Small,Mid_eff,0.0
Singapore,2035,Small,Mid_eff,0.0
Singapore,2036,Small,Mid_eff,0.0
Singapore,2037,Small,Mid_eff,0.0
Singapore,2038,Small,Mid_eff,0.0
Singapore,2039,Small,Mid_eff,0.0
Singapore,2040,Small,Mid_eff,0.0
Singapore,2041,Small,Mid_eff,0.0
Singapore,2042,Small,Mid_eff,0.0
Singapore,2043,Small,Mid_eff,0.0
Singapore,2044,Small,Mid_eff,0.0
Singapore,2045,Small,Mid_eff,0.0
Singapore,2046,Small,Mid_eff,0.0
Singapore,2047,Small,Mid_eff,0.0
Singapore,2048,Small,Mid_eff,0.0
Singapore,2049,Small,Mid_eff,0.0
Singapore,2050,Small,Mid_eff,0.0
Singapore,2051,Small,Mid_eff,0.0
Singapore,2052,Small,Mid_eff,0.0
Singapore,2053,Small,Mid_eff,0.0
Singapore,2054,Small,Mid_eff,0.0
Singapore,2055,Small,Mid_eff,0.0
Singapore,2056,Small,Mid_eff,0.0
Singapore,2057,Small,Mid_eff,0.0
Singapore,2058,Small,Mid_eff,0.0
Singapore,2059,Small,Mid_eff,0.0
Singapore,2060,Small,Mid_eff,0.0
Thailand,2005,Large,High_eff,637.0339
Thailand,2006,Large,High_eff,655.1806
Thailand,2007,Large,High_eff,673.0641
Thailand,2008,Large,High_eff,690.5335
Thailand,2009,Large,High_eff,707.4756
Thailand,2010,Large,High_eff,723.7492
Thailand,2011,Large,High_eff,739.494
Thailand,2012,Large,High_eff,754.8846
Thailand,2013,Large,High_eff,769.6573
Thailand,2014,Large,High_eff,783.6225
Thailand,2015,Large,High_eff,796.6627
Thailand,2016,Large,High_eff,809.0904
Thailand,2017,Large,High_eff,820.9009
Thailand,2018,Large,High_eff,831.6297
Thailand,2019,Large,High_eff,841.4095
Thailand,2020,Large,High_eff,850.6858
Thailand,2021,Large,High_eff,859.1042
Thailand,2022,Large,High_eff,866.8236
Thailand,2023,Large,High_eff,874.3116
Thailand,2024,Large,High_eff,881.241
Thailand,2025,Large,High_eff,887.6518
Thailand,2026,Large,High_eff,819.2558
Thailand,2027,Large,High_eff,750.3285
Thailand,2028,Large,High_eff,681.0939
Thailand,2029,Large,High_eff,611.9374
Thailand,2030,Large,High_eff,543.4039
Thailand,2031,Large,High_eff,476.186
Thailand,2032,Large,High_eff,411.0964
Thailand,2033,Large,High_eff,349.0222
Thailand,2034,Large,High_eff,290.8649
Thailand,2035,Large,High_eff,237.4677
Thailand,2036,Large,High_eff,189.5405
Thailand,2037,Large,High_eff,147.5906
Thailand,2038,Large,High_eff,111.8712
Thailand,2039,Large,High_eff,82.3565
Thailand,2040,Large,High_eff,58.7476
Thailand,2041,Large,High_eff,40.5102
Thailand,2042,Large,High_eff,26.9387
Thailand,2043,Large,High_eff,17.233
Thailand,2044,Large,High_eff,10.5789
Thailand,2045,Large,High_eff,6.2164
Thailand,2046,Large,High_eff,3.4878
Thailand,2047,Large,High_eff,1.8637
Thailand,2048,Large,High_eff,0.946
Thailand,2049,Large,High_eff,0.455
Thailand,2050,Large,High_eff,0.2068
Thailand,2051,Large,High_eff,0.0886
Thailand,2052,Large,High_eff,0.0357
Thailand,2053,Large,High_eff,0.0135
Thailand,2054,Large,High_eff,0.0048
Thailand,2055,Large,High_eff,0.0016
Thailand,2056,Large,High_eff,0.0005
Thailand,2057,Large,High_eff,0.0001
Thailand,2058,Large,High_eff,0.0
Thailand,2059,Large,High_eff,0.0
Thailand,2060,Large,High_eff,0.0
Thailand,2005,Large,Low_eff,301.8453
Thailand,2006,Large,Low_eff,310.4437
Thailand,2007,Large,Low_eff,318.9174
Thailand,2008,Large,Low_eff,327.1949
Thailand,2009,Large,Low_eff,335.2226
Thailand,2010,Large,Low_eff,342.9335
Thailand,2011,Large,Low_eff,350.3938
Thailand,2012,Large,Low_eff,357.6864
Thailand,2013,Large,Low_eff,364.6861
Thailand,2014,Large,Low_eff,371.3032
Thailand,2015,Large,Low_eff,377.4821
Thailand,2016,Large,Low_eff,383.3706
Thailand,2017,Large,Low_eff,388.9668
Thailand,2018,Large,Low_eff,394.0504
Thailand,2019,Large,Low_eff,398.6844
Thailand,2020,Large,Low_eff,403.0798
Thailand,2021,Large,Low_eff,407.0686
Thailand,2022,Large,Low_eff,410.7263
Thailand,2023,Large,Low_eff,414.2744
Thailand,2024,Large,Low_eff,417.5577
Thailand,2025,Large,Low_eff,420.5954
Thailand,2026,Large,Low_eff,388.1874
Thailand,2027,Large,Low_eff,355.5276
Thailand,2028,Large,Low_eff,322.7223
Thailand,2029,Large,Low_eff,289.9539
Thailand,2030,Large,Low_eff,257.4807
Thailand,2031,Large,Low_eff,225.6309
Thailand,2032,Large,Low_eff,194.7895
Thailand,2033,Large,Low_eff,165.377
Thailand,2034,Large,Low_eff,137.8203
Thailand,2035,Large,Low_eff,112.5192
Thailand,2036,Large,Low_eff,89.8099
Thailand,2037,Large,Low_eff,69.9327
Thailand,2038,Large,Low_eff,53.0079
Thailand,2039,Large,Low_eff,39.0229
Thailand,2040,Large,Low_eff,27.8363
Thailand,2041,Large,Low_eff,19.1949
Thailand,2042,Large,Low_eff,12.7643
Thailand,2043,Large,Low_eff,8.1655
Thailand,2044,Large,Low_eff,5.0126
Thailand,2045,Large,Low_eff,2.9455
Thailand,2046,Large,Low_eff,1.6526
Thailand,2047,Large,Low_eff,0.8831
Thailand,2048,Large,Low_eff,0.4483
Thailand,2049,Large,Low_eff,0.2156
Thailand,2050,Large,Low_eff,0.098
Thailand,2051,Large,Low_eff,0.042
Thailand,2052,Large,Low_eff,0.0169
Thailand,2053,Large,Low_eff,0.0064
Thailand,2054,Large,Low_eff,0.0023
Thailand,2055,Large,Low_eff,0.0007
Thailand,2056,Large,Low_eff,0.0002
Thailand,2057,Large,Low_eff,0.0001
Thailand,2058,Large,Low_eff,0.0
Thailand,2059,Large,Low_eff,0.0
Thailand,2060,Large,Low_eff,0.0
Thailand,2005,Large,Mid_eff,656.338
Thailand,2006,Large,Mid_eff,675.0345
Thailand,2007,Large,Mid_eff,693.46
Thailand,2008,Large,Mid_eff,711.4588
Thailand,2009,Large,Mid_eff,728.9142
Thailand,2010,Large,Mid_eff,745.681
Thailand,2011,Large,Mid_eff,761.9029
Thailand,2012,Large,Mid_eff,777.7599
Thailand,2013,Large,Mid_eff,792.9803
Thailand,2014,Large,Mid_eff,807.3686
Thailand,2015,Large,Mid_eff,820.804
Thailand,2016,Large,Mid_eff,833.6082
Thailand,2017,Large,Mid_eff,845.7766
Thailand,2018,Large,Mid_eff,856.8306
Thailand,2019,Large,Mid_eff,866.9068
Thailand,2020,Large,Mid_eff,876.4642
Thailand,2021,Large,Mid_eff,885.1376
Thailand,2022,Large,Mid_eff,893.091
Thailand,2023,Large,Mid_eff,900.8059
Thailand,2024,Large,Mid_eff,907.9453
Thailand,2025,Large,Mid_eff,914.5504
Thailand,2026,Large,Mid_eff,844.0818
Thailand,2027,Large,Mid_eff,773.0658
Thailand,2028,Large,Mid_eff,701.7332
Thailand,2029,Large,Mid_eff,630.481
Thailand,2030,Large,Mid_eff,559.8707
Thailand,2031,Large,Mid_eff,490.616
Thailand,2032,Large,Mid_eff,423.5539
Thailand,2033,Large,Mid_eff,359.5987
Thailand,2034,Large,Mid_eff,299.679
Thailand,2035,Large,Mid_eff,244.6638
Thailand,2036,Large,Mid_eff,195.2842
Thailand,2037,Large,Mid_eff,152.063
Thailand,2038,Large,Mid_eff,115.2613
Thailand,2039,Large,Mid_eff,84.8522
Thailand,2040,Large,Mid_eff,60.5278
Thailand,2041,Large,Mid_eff,41.7378
Thailand,2042,Large,Mid_eff,27.755
Thailand,2043,Large,Mid_eff,17.7552
Thailand,2044,Large,Mid_eff,10.8995
Thailand,2045,Large,Mid_eff,6.4047
Thailand,2046,Large,Mid_eff,3.5935
Thailand,2047,Large,Mid_eff,1.9202
Thailand,2048,Large,Mid_eff,0.9747
Thailand,2049,Large,Mid_eff,0.4688
Thailand,2050,Large,Mid_eff,0.2131
Thailand,2051,Large,Mid_eff,0.0913
Thailand,2052,Large,Mid_eff,0.0368
Thailand,2053,Large,Mid_eff,0.0139
Thailand,2054,Large,Mid_eff,0.0049
Thailand,2055,Large,Mid_eff,0.0016
Thailand,2056,Large,Mid_eff,0.0005
Thailand,2057,Large,Mid_eff,0.0001
Thailand,2058,Large,Mid_eff,0.0
Thailand,2059,Large,Mid_eff,0.0
Thailand,2060,Large,Mid_eff,0.0
Thailand,2005,Medium,High_eff,3330.8274
Thailand,2006,Medium,High_eff,3425.7101
Thailand,2007,Medium,High_eff,3519.2166
Thailand,2008,Medium,High_eff,3610.5582
Thailand,2009,Medium,High_eff,3699.1422
Thailand,2010,Medium,High_eff,3784.2315
Thailand,2011,Medium,High_eff,3866.5552
Thailand,2012,Medium,High_eff,3947.0276
Thailand,2013,Medium,High_eff,4024.269
Thailand,2014,Medium,High_eff,4097.2877
Thailand,2015,Medium,High_eff,4165.4707
Thailand,2016,Medium,High_eff,4230.4504
Thailand,2017,Medium,High_eff,4292.2034
Thailand,2018,Medium,High_eff,4348.3005
Thailand,2019,Medium,High_eff,4399.4362
Thailand,2020,Medium,High_eff,4447.9385
Thailand,2021,Medium,High_eff,4491.9551
Thailand,2022,Medium,High_eff,4532.3174
Thailand,2023,Medium,High_eff,4571.4696
Thailand,2024,Medium,High_eff,4607.7012
Thailand,2025,Medium,High_eff,4641.221
Thailand,2026,Medium,High_eff,4283.6024
Thailand,2027,Medium,High_eff,3923.2054
Thailand,2028,Medium,High_eff,3561.2022
Thailand,2029,Medium,High_eff,3199.6067
Thailand,2030,Medium,High_eff,2841.2689
Thailand,2031,Medium,High_eff,2489.8104
Thailand,2032,Medium,High_eff,2149.4793
Thailand,2033,Medium,High_eff,1824.9152
Thailand,2034,Medium,High_eff,1520.8309
Thailand,2035,Medium,High_eff,1241.6359
Thailand,2036,Medium,High_eff,991.0411
Thailand,2037,Medium,High_eff,771.6995
Thailand,2038,Medium,High_eff,584.9355
Thailand,2039,Medium,High_eff,430.6135
Thailand,2040,Medium,High_eff,307.1705
Thailand,2041,Medium,High_eff,211.8139
Thailand,2042,Medium,High_eff,140.8528
Thailand,2043,Medium,High_eff,90.1052
Thailand,2044,Medium,High_eff,55.3136
Thailand,2045,Medium,High_eff,32.5032
Thailand,2046,Medium,High_eff,18.2363
Thailand,2047,Medium,High_eff,9.7446
Thailand,2048,Medium,High_eff,4.9465
Thailand,2049,Medium,High_eff,2.3792
Thailand,2050,Medium,High_eff,1.0815
Thailand,2051,Medium,High_eff,0.4635
Thailand,2052,Medium,High_eff,0.1867
Thailand,2053,Medium,High_eff,0.0706
Thailand,2054,Medium,High_eff,0.0249
Thailand,2055,Medium,High_eff,0.0082
Thailand,2056,Medium,High_eff,0.0025
Thailand,2057,Medium,High_eff,0.0007
Thailand,2058,Medium,High_eff,0.0002
Thailand,2059,Medium,High_eff,0.0
Thailand,2060,Medium,High_eff,0.0
Thailand,2005,Medium,Low_eff,0.0
Thailand,2006,Medium,Low_eff,0.0
Thailand,2007,Medium,Low_eff,0.0
Thailand,2008,Medium,Low_eff,0.0
Thailand,2009,Medium,Low_eff,0.0
Thailand,2010,Medium,Low_eff,0.0
Thailand,2011,Medium,Low_eff,0.0
Thailand,2012,Medium,Low_eff,0.0
Thailand,2013,Medium,Low_eff,0.0
Thailand,2014,Medium,Low_eff,0.0
Thailand,2015,Medium,Low_eff,0.0
Thailand,2016,Medium,Low_eff,0.0
Thailand,2017,Medium,Low_eff,0.0
Thailand,2018,Medium,Low_eff,0.0
Thailand,2019,Medium,Low_eff,0.0
Thailand,2020,Medium,Low_eff,0.0
Thailand,2021,Medium,Low_eff,0.0
Thailand,2022,Medium,Low_eff,0.0
Thailand,2023,Medium,Low_eff,0.0
Thailand,2024,Medium,Low_eff,0.0
Thailand,2025,Medium,Low_eff,0.0
Thailand,2026,Medium,Low_eff,0.0
Thailand,2027,Medium,Low_eff,0.0
Thailand,2028,Medium,Low_eff,0.0
Thailand,2029,Medium,Low_eff,0.0
Thailand,2030,Medium,Low_eff,0.0
Thailand,2031,Medium,Low_eff,0.0
Thailand,2032,Medium,Low_eff,0.0
Thailand,2033,Medium,Low_eff,0.0
Thailand,2034,Medium,Low_eff,0.0
Thailand,2035,Medium,Low_eff,0.0
Thailand,2036,Medium,Low_eff,0.0
Thailand,2037,Medium,Low_eff,0.0
Thailand,2038,Medium,Low_eff,0.0
Thailand,2039,Medium,Low_eff,0.0
Thailand,2040,Medium,Low_eff,0.0
Thailand,2041,Medium,Low_eff,0.0
Thailand,2042,Medium,Low_eff,0.0
Thailand,2043,Medium,Low_eff,0.0
Thailand,2044,Medium,Low_eff,0.0
Thailand,2045,Medium,Low_eff,0.0
Thailand,2046,Medium,Low_eff,0.0
Thailand,2047,Medium,Low_eff,0.0
Thailand,2048,Medium,Low_eff,0.0
Thailand,2049,Medium,Low_eff,0.0
Thailand,2050,Medium,Low_eff,0.0
Thailand,2051,Medium,Low_eff,0.0
Thailand,2052,Medium,Low_eff,0.0
Thailand,2053,Medium,Low_eff,0.0
Thailand,2054,Medium,Low_eff,0.0
Thailand,2055,Medium,Low_eff,0.0
Thailand,2056,Medium,Low_eff,0.0
Thailand,2057,Medium,Low_eff,0.0
Thailand,2058,Medium,Low_eff,0.0
Thailand,2059,Medium,Low_eff,0.0
Thailand,2060,Medium,Low_eff,0.0
Thailand,2005,Medium,Mid_eff,0.0
Thailand,2006,Medium,Mid_eff,0.0
Thailand,2007,Medium,Mid_eff,0.0
Thailand,2008,Medium,Mid_eff,0.0
Thailand,2009,Medium,Mid_eff,0.0
Thailand,2010,Medium,Mid_eff,0.0
Thailand,2011,Medium,Mid_eff,0.0
Thailand,2012,Medium,Mid_eff,0.0
Thailand,2013,Medium,Mid_eff,0.0
Thailand,2014,Medium,Mid_eff,0.0
Thailand,2015,Medium,Mid_eff,0.0
Thailand,2016,Medium,Mid_eff,0.0
Thailand,2017,Medium,Mid_eff,0.0
Thailand,2018,Medium,Mid_eff,0.0
Thailand,2019,Medium,Mid_eff,0.0
Thailand,2020,Medium,Mid_eff,0.0
Thailand,2021,Medium,Mid_eff,0.0
Thailand,2022,Medium,Mid_eff,0.0
Thailand,2023,Medium,Mid_eff,0.0
Thailand,2024,Medium,Mid_eff,0.0
Thailand,2025,Medium,Mid_eff,0.0
Thailand,2026,Medium,Mid_eff,0.0
Thailand,2027,Medium,Mid_eff,0.0
Thailand,2028,Medium,Mid_eff,0.0
Thailand,2029,Medium,Mid_eff,0.0
Thailand,2030,Medium,Mid_eff,0.0
Thailand,2031,Medium,Mid_eff,0.0
Thailand,2032,Medium,Mid_eff,0.0
Thailand,2033,Medium,Mid_eff,0.0
Thailand,2034,Medium,Mid_eff,0.0
Thailand,2035,Medium,Mid_eff,0.0
Thailand,2036,Medium,Mid_eff,0.0
Thailand,2037,Medium,Mid_eff,0.0
Thailand,2038,Medium,Mid_eff,0.0
Thailand,2039,Medium,Mid_eff,0.0
Thailand,2040,Medium,Mid_eff,0.0
Thailand,2041,Medium,Mid_eff,0.0
Thailand,2042,Medium,Mid_eff,0.0
Thailand,2043,Medium,Mid_eff,0.0
Thailand,2044,Medium,Mid_eff,0.0
Thailand,2045,Medium,Mid_eff,0.0
Thailand,2046,Medium,Mid_eff,0.0
Thailand,2047,Medium,Mid_eff,0.0
Thailand,2048,Medium,Mid_eff,0.0
Thailand,2049,Medium,Mid_eff,0.0
Thailand,2050,Medium,Mid_eff,0.0
Thailand,2051,Medium,Mid_eff,0.0
Thailand,2052,Medium,Mid_eff,0.0
Thailand,2053,Medium,Mid_eff,0.0
Thailand,2054,Medium,Mid_eff,0.0
Thailand,2055,Medium,Mid_eff,0.0
Thailand,2056,Medium,Mid_eff,0.0
Thailand,2057,Medium,Mid_eff,0.0
Thailand,2058,Medium,Mid_eff,0.0
Thailand,2059,Medium,Mid_eff,0.0
Thailand,2060,Medium,Mid_eff,0.0
Thailand,2005,Small,High_eff,12621.3438
Thailand,2006,Small,High_eff,12980.8782
Thailand,2007,Small,High_eff,13335.1977
Thailand,2008,Small,High_eff,13681.3143
Thailand,2009,Small,High_eff,14016.9812
Thailand,2010,Small,High_eff,14339.4059
Thailand,2011,Small,High_eff,14651.3513
Thailand,2012,Small,High_eff,14956.2816
Thailand,2013,Small,High_eff,15248.9687
Thailand,2014,Small,High_eff,15525.6547
Thailand,2015,Small,High_eff,15784.0173
Thailand,2016,Small,High_eff,16030.242
Thailand,2017,Small,High_eff,16264.2394
Thailand,2018,Small,High_eff,16476.8056
Thailand,2019,Small,High_eff,16670.5715
Thailand,2020,Small,High_eff,16854.3588
Thailand,2021,Small,High_eff,17021.1491
Thailand,2022,Small,High_eff,17174.0919
Thailand,2023,Small,High_eff,17322.4495
Thailand,2024,Small,High_eff,17459.7399
Thailand,2025,Small,High_eff,17586.755
Thailand,2026,Small,High_eff,16231.648
Thailand,2027,Small,High_eff,14866.0132
Thailand,2028,Small,High_eff,13494.2919
Thailand,2029,Small,High_eff,12124.1155
Thailand,2030,Small,High_eff,10766.2834
Thailand,2031,Small,High_eff,9434.5187
Thailand,2032,Small,High_eff,8144.9185
Thailand,2033,Small,High_eff,6915.0632
Thailand,2034,Small,High_eff,5762.8113
Thailand,2035,Small,High_eff,4704.8709
Thailand,2036,Small,High_eff,3755.3043
Thailand,2037,Small,High_eff,2924.1636
Thailand,2038,Small,High_eff,2216.468
Thailand,2039,Small,High_eff,1631.7031
Thailand,2040,Small,High_eff,1163.9464
Thailand,2041,Small,High_eff,802.6163
Thailand,2042,Small,High_eff,533.7268
Thailand,2043,Small,High_eff,341.4314
Thailand,2044,Small,High_eff,209.5973
Thailand,2045,Small,High_eff,123.1628
Thailand,2046,Small,High_eff,69.1019
Thailand,2047,Small,High_eff,36.9246
Thailand,2048,Small,High_eff,18.7434
Thailand,2049,Small,High_eff,9.0152
Thailand,2050,Small,High_eff,4.0981
Thailand,2051,Small,High_eff,1.7561
Thailand,2052,Small,High_eff,0.7076
Thailand,2053,Small,High_eff,0.2674
Thailand,2054,Small,High_eff,0.0945
Thailand,2055,Small,High_eff,0.0312
Thailand,2056,Small,High_eff,0.0096
Thailand,2057,Small,High_eff,0.0027
Thailand,2058,Small,High_eff,0.0007
Thailand,2059,Small,High_eff,0.0002
Thailand,2060,Small,High_eff,0.0
Thailand,2005,Small,Low_eff,0.0
Thailand,2006,Small,Low_eff,0.0
Thailand,2007,Small,Low_eff,0.0
Thailand,2008,Small,Low_eff,0.0
Thailand,2009,Small,Low_eff,0.0
Thailand,2010,Small,Low_eff,0.0
Thailand,2011,Small,Low_eff,0.0
Thailand,2012,Small,Low_eff,0.0
Thailand,2013,Small,Low_eff,0.0
Thailand,2014,Small,Low_eff,0.0
Thailand,2015,Small,Low_eff,0.0
Thailand,2016,Small,Low_eff,0.0
Thailand,2017,Small,Low_eff,0.0
Thailand,2018,Small,Low_eff,0.0
Thailand,2019,Small,Low_eff,0.0
Thailand,2020,Small,Low_eff,0.0
Thailand,2021,Small,Low_eff,0.0
Thailand,2022,Small,Low_eff,0.0
Thailand,2023,Small,Low_eff,0.0
Thailand,2024,Small,Low_eff,0.0
Thailand,2025,Small,Low_eff,0.0
Thailand,2026,Small,Low_eff,0.0
Thailand,2027,Small,Low_eff,0.0
Thailand,2028,Small,Low_eff,0.0
Thailand,2029,Small,Low_eff,0.0
Thailand,2030,Small,Low_eff,0.0
Thailand,2031,Small,Low_eff,0.0
Thailand,2032,Small,Low_eff,0.0
Thailand,2033,Small,Low_eff,0.0
Thailand,2034,Small,Low_eff,0.0
Thailand,2035,Small,Low_eff,0.0
Thailand,2036,Small,Low_eff,0.0
Thailand,2037,Small,Low_eff,0.0
Thailand,2038,Small,Low_eff,0.0
Thailand,2039,Small,Low_eff,0.0
Thailand,2040,Small,Low_eff,0.0
Thailand,2041,Small,Low_eff,0.0
Thailand,2042,Small,Low_eff,0.0
Thailand,2043,Small,Low_eff,0.0
Thailand,2044,Small,Low_eff,0.0
Thailand,2045,Small,Low_eff,0.0
Thailand,2046,Small,Low_eff,0.0
Thailand,2047,Small,Low_eff,0.0
Thailand,2048,Small,Low_eff,0.0
Thailand,2049,Small,Low_eff,0.0
Thailand,2050,Small,Low_eff,0.0
Thailand,2051,Small,Low_eff,0.0
Thailand,2052,Small,Low_eff,0.0
Thailand,2053,Small,Low_eff,0.0
Thailand,2054,Small,Low_eff,0.0
Thailand,2055,Small,Low_eff,0.0
Thailand,2056,Small,Low_eff,0.0
Thailand,2057,Small,Low_eff,0.0
Thailand,2058,Small,Low_eff,0.0
Thailand,2059,Small,Low_eff,0.0
Thailand,2060,Small,Low_eff,0.0
Thailand,2005,Small,Mid_eff,0.0
Thailand,2006,Small,Mid_eff,0.0
Thailand,2007,Small,Mid_eff,0.0
Thailand,2008,Small,Mid_eff,0.0
Thailand,2009,Small,Mid_eff,0.0
Thailand,2010,Small,Mid_eff,0.0
Thailand,2011,Small,Mid_eff,0.0
Thailand,2012,Small,Mid_eff,0.0
Thailand,2013,Small,Mid_eff,0.0
Thailand,2014,Small,Mid_eff,0.0
Thailand,2015,Small,Mid_eff,0.0
Thailand,2016,Small,Mid_eff,0.0
Thailand,2017,Small,Mid_eff,0.0
Thailand,2018,Small,Mid_eff,0.0
Thailand,2019,Small,Mid_eff,0.0
Thailand,2020,Small,Mid_eff,0.0
Thailand,2021,Small,Mid_eff,0.0
Thailand,2022,Small,Mid_eff,0.0
Thailand,2023,Small,Mid_eff,0.0
Thailand,2024,Small,Mid_eff,0.0
Thailand,2025,Small,Mid_eff,0.0
Thailand,2026,Small,Mid_eff,0.0
Thailand,2027,Small,Mid_eff,0.0
Thailand,2028,Small,Mid_eff,0.0
Thailand,2029,Small,Mid_eff,0.0
Thailand,2030,Small,Mid_eff,0.0
Thailand,2031,Small,Mid_eff,0.0
Thailand,2032,Small,Mid_eff,0.0
Thailand,2033,Small,Mid_eff,0.0
Thailand,2034,Small,Mid_eff,0.0
Thailand,2035,Small,Mid_eff,0.0
Thailand,2036,Small,Mid_eff,0.0
Thailand,2037,Small,Mid_eff,0.0
Thailand,2038,Small,Mid_eff,0.0
Thailand,2039,Small,Mid_eff,0.0
Thailand,2040,Small,Mid_eff,0.0
Thailand,2041,Small,Mid_eff,0.0
Thailand,2042,Small,Mid_eff,0.0
Thailand,2043,Small,Mid_eff,0.0
Thailand,2044,Small,Mid_eff,0.0
Thailand,2045,Small,Mid_eff,0.0
Thailand,2046,Small,Mid_eff,0.0
Thailand,2047,Small,Mid_eff,0.0
Thailand,2048,Small,Mid_eff,0.0
Thailand,2049,Small,Mid_eff,0.0
Thailand,2050,Small,Mid_eff,0.0
Thailand,2051,Small,Mid_eff,0.0
Thailand,2052,Small,Mid_eff,0.0
Thailand,2053,Small,Mid_eff,0.0
Thailand,2054,Small,Mid_eff,0.0
Thailand,2055,Small,Mid_eff,0.0
Thailand,2056,Small,Mid_eff,0.0
Thailand,2057,Small,Mid_eff,0.0
Thailand,2058,Small,Mid_eff,0.0
Thailand,2059,Small,Mid_eff,0.0
Thailand,2060,Small,Mid_eff,0.0
Viet Nam,2005,Large,High_eff,744.2309
Viet Nam,2006,Large,High_eff,774.5267
Viet Nam,2007,Large,High_eff,805.14
Viet Nam,2008,Large,High_eff,836.2762
Viet Nam,2009,Large,High_eff,868.1915
Viet Nam,2010,Large,High_eff,900.8147
Viet Nam,2011,Large,High_eff,933.8109
Viet Nam,2012,Large,High_eff,967.2063
Viet Nam,2013,Large,High_eff,1000.9875
Viet Nam,2014,Large,High_eff,1034.9948
Viet Nam,2015,Large,High_eff,1069.0515
Viet Nam,2016,Large,High_eff,1103.0198
Viet Nam,2017,Large,High_eff,1136.7668
Viet Nam,2018,Large,High_eff,1170.2917
Viet Nam,2019,Large,High_eff,1203.6356
Viet Nam,2020,Large,High_eff,1237.1304
Viet Nam,2021,Large,High_eff,1269.9536
Viet Nam,2022,Large,High_eff,1301.4175
Viet Nam,2023,Large,High_eff,1332.1638
Viet Nam,2024,Large,High_eff,1362.3315
Viet Nam,2025,Large,High_eff,1391.8997
Viet Nam,2026,Large,High_eff,1292.5616
Viet Nam,2027,Large,High_eff,1190.8546
Viet Nam,2028,Large,High_eff,1087.1283
Viet Nam,2029,Large,High_eff,982.0281
Viet Nam,2030,Large,High_eff,876.4942
Viet Nam,2031,Large,High_eff,771.7415
Viet Nam,2032,Large,High_eff,669.212
Viet Nam,2033,Large,High_eff,570.4972
Viet Nam,2034,Large,High_eff,477.2324
Viet Nam,2035,Large,High_eff,390.97
Viet Nam,2036,Large,High_eff,313.0468
Viet Nam,2037,Large,High_eff,244.4613
Viet Nam,2038,Large,High_eff,185.7798
Viet Nam,2039,Large,High_eff,137.0882
Viet Nam,2040,Large,High_eff,97.9978
Viet Nam,2041,Large,High_eff,67.706
Viet Nam,2042,Large,High_eff,45.1019
Viet Nam,2043,Large,High_eff,28.8978
Viet Nam,2044,Large,High_eff,17.7651
Viet Nam,2045,Large,High_eff,10.4527
Viet Nam,2046,Large,High_eff,5.8715
Viet Nam,2047,Large,High_eff,3.1408
Viet Nam,2048,Large,High_eff,1.5959
Viet Nam,2049,Large,High_eff,0.7683
Viet Nam,2050,Large,High_eff,0.3495
Viet Nam,2051,Large,High_eff,0.1499
Viet Nam,2052,Large,High_eff,0.0604
Viet Nam,2053,Large,High_eff,0.0229
Viet Nam,2054,Large,High_eff,0.0081
Viet Nam,2055,Large,High_eff,0.0027
Viet Nam,2056,Large,High_eff,0.0008
Viet Nam,2057,Large,High_eff,0.0002
Viet Nam,2058,Large,High_eff,0.0001
Viet Nam,2059,Large,High_eff,0.0
Viet Nam,2060,Large,High_eff,0.0
Viet Nam,2005,Large,Low_eff,133.6471
Viet Nam,2006,Large,Low_eff,139.0875
Viet Nam,2007,Large,Low_eff,144.585
Viet Nam,2008,Large,Low_eff,150.1764
Viet Nam,2009,Large,Low_eff,155.9076
Viet Nam,2010,Large,Low_eff,161.766
Viet Nam,2011,Large,Low_eff,167.6914
Viet Nam,2012,Large,Low_eff,173.6885
Viet Nam,2013,Large,Low_eff,179.7548
Viet Nam,2014,Large,Low_eff,185.8617
Viet Nam,2015,Large,Low_eff,191.9776
Viet Nam,2016,Large,Low_eff,198.0775
Viet Nam,2017,Large,Low_eff,204.1377
Viet Nam,2018,Large,Low_eff,210.158
Viet Nam,2019,Large,Low_eff,216.1458
Viet Nam,2020,Large,Low_eff,222.1607
Viet Nam,2021,Large,Low_eff,228.055
Viet Nam,2022,Large,Low_eff,233.7052
Viet Nam,2023,Large,Low_eff,239.2266
Viet Nam,2024,Large,Low_eff,244.644
Viet Nam,2025,Large,Low_eff,249.9538
Viet Nam,2026,Large,Low_eff,232.1149
Viet Nam,2027,Large,Low_eff,213.8506
Viet Nam,2028,Large,Low_eff,195.2237
Viet Nam,2029,Large,Low_eff,176.3501
Viet Nam,2030,Large,Low_eff,157.3986
Viet Nam,2031,Large,Low_eff,138.5874
Viet Nam,2032,Large,Low_eff,120.1754
Viet Nam,2033,Large,Low_eff,102.4484
Viet Nam,2034,Large,Low_eff,85.7002
Viet Nam,2035,Large,Low_eff,70.2094
Viet Nam,2036,Large,Low_eff,56.2162
Viet Nam,2037,Large,Low_eff,43.8997
Viet Nam,2038,Large,Low_eff,33.3619
Viet Nam,2039,Large,Low_eff,24.618
Viet Nam,2040,Large,Low_eff,17.5982
Viet Nam,2041,Large,Low_eff,12.1585
Viet Nam,2042,Large,Low_eff,8.0993
Viet Nam,2043,Large,Low_eff,5.1894
Viet Nam,2044,Large,Low_eff,3.1902
Viet Nam,2045,Large,Low_eff,1.8771
Viet Nam,2046,Large,Low_eff,1.0544
Viet Nam,2047,Large,Low_eff,0.564
Viet Nam,2048,Large,Low_eff,0.2866
Viet Nam,2049,Large,Low_eff,0.138
Viet Nam,2050,Large,Low_eff,0.0628
Viet Nam,2051,Large,Low_eff,0.0269
Viet Nam,2052,Large,Low_eff,0.0109
Viet Nam,2053,Large,Low_eff,0.0041
Viet Nam,2054,Large,Low_eff,0.0015
Viet Nam,2055,Large,Low_eff,0.0005
Viet Nam,2056,Large,Low_eff,0.0001
Viet Nam,2057,Large,Low_eff,0.0
Viet Nam,2058,Large,Low_eff,0.0
Viet Nam,2059,Large,Low_eff,0.0
Viet Nam,2060,Large,Low_eff,0.0
Viet Nam,2005,Large,Mid_eff,462.5238
Viet Nam,2006,Large,Mid_eff,481.352
Viet Nam,2007,Large,Mid_eff,500.3775
Viet Nam,2008,Large,Mid_eff,519.728
Viet Nam,2009,Large,Mid_eff,539.5627
Viet Nam,2010,Large,Mid_eff,559.8373
Viet Nam,2011,Large,Mid_eff,580.3438
Viet Nam,2012,Large,Mid_eff,601.0983
Viet Nam,2013,Large,Mid_eff,622.0926
Viet Nam,2014,Large,Mid_eff,643.2274
Viet Nam,2015,Large,Mid_eff,664.3929
Viet Nam,2016,Large,Mid_eff,685.5035
Viet Nam,2017,Large,Mid_eff,706.4766
Viet Nam,2018,Large,Mid_eff,727.3116
Viet Nam,2019,Large,Mid_eff,748.0341
Viet Nam,2020,Large,Mid_eff,768.8504
Viet Nam,2021,Large,Mid_eff,789.2493
Viet Nam,2022,Large,Mid_eff,808.8035
Viet Nam,2023,Large,Mid_eff,827.9117
Viet Nam,2024,Large,Mid_eff,846.6603
Viet Nam,2025,Large,Mid_eff,865.0363
Viet Nam,2026,Large,Mid_eff,803.2998
Viet Nam,2027,Large,Mid_eff,740.091
Viet Nam,2028,Large,Mid_eff,675.6273
Viet Nam,2029,Large,Mid_eff,610.3098
Viet Nam,2030,Large,Mid_eff,544.7227
Viet Nam,2031,Large,Mid_eff,479.6211
Viet Nam,2032,Large,Mid_eff,415.9012
Viet Nam,2033,Large,Mid_eff,354.552
Viet Nam,2034,Large,Mid_eff,296.5899
Viet Nam,2035,Large,Mid_eff,242.9796
Viet Nam,2036,Large,Mid_eff,194.552
Viet Nam,2037,Large,Mid_eff,151.9276
Viet Nam,2038,Large,Mid_eff,115.4582
Viet Nam,2039,Large,Mid_eff,85.1974
Viet Nam,2040,Large,Mid_eff,60.9036
Viet Nam,2041,Large,Mid_eff,42.0779
Viet Nam,2042,Large,Mid_eff,28.0299
Viet Nam,2043,Large,Mid_eff,17.9594
Viet Nam,2044,Large,Mid_eff,11.0407
Viet Nam,2045,Large,Mid_eff,6.4961
Viet Nam,2046,Large,Mid_eff,3.649
Viet Nam,2047,Large,Mid_eff,1.952
Viet Nam,2048,Large,Mid_eff,0.9918
Viet Nam,2049,Large,Mid_eff,0.4775
Viet Nam,2050,Large,Mid_eff,0.2172
Viet Nam,2051,Large,Mid_eff,0.0932
Viet Nam,2052,Large,Mid_eff,0.0376
Viet Nam,2053,Large,Mid_eff,0.0142
Viet Nam,2054,Large,Mid_eff,0.005
Viet Nam,2055,Large,Mid_eff,0.0017
Viet Nam,2056,Large,Mid_eff,0.0005
Viet Nam,2057,Large,Mid_eff,0.0001
Viet Nam,2058,Large,Mid_eff,0.0
Viet Nam,2059,Large,Mid_eff,0.0
Viet Nam,2060,Large,Mid_eff,0.0
Viet Nam,2005,Medium,High_eff,1741.343
Viet Nam,2006,Medium,High_eff,1812.2288
Viet Nam,2007,Medium,High_eff,1883.8574
Viet Nam,2008,Medium,High_eff,1956.7095
Viet Nam,2009,Medium,High_eff,2031.3847
Viet Nam,2010,Medium,High_eff,2107.7161
Viet Nam,2011,Medium,High_eff,2184.9203
Viet Nam,2012,Medium,High_eff,2263.0585
Viet Nam,2013,Medium,High_eff,2342.0993
Viet Nam,2014,Medium,High_eff,2421.6691
Viet Nam,2015,Medium,High_eff,2501.3547
Viet Nam,2016,Medium,High_eff,2580.8333
Viet Nam,2017,Medium,High_eff,2659.7942
Viet Nam,2018,Medium,High_eff,2738.2353
Viet Nam,2019,Medium,High_eff,2816.2531
Viet Nam,2020,Medium,High_eff,2894.6238
Viet Nam,2021,Medium,High_eff,2971.4231
Viet Nam,2022,Medium,High_eff,3045.0419
Viet Nam,2023,Medium,High_eff,3116.9819
Viet Nam,2024,Medium,High_eff,3187.5679
Viet Nam,2025,Medium,High_eff,3256.7513
Viet Nam,2026,Medium,High_eff,3024.3212
Viet Nam,2027,Medium,High_eff,2786.3482
Viet Nam,2028,Medium,High_eff,2543.6507
Viet Nam,2029,Medium,High_eff,2297.7384
Viet Nam,2030,Medium,High_eff,2050.8114
Viet Nam,2031,Medium,High_eff,1805.7122
Viet Nam,2032,Medium,High_eff,1565.8148
Viet Nam,2033,Medium,High_eff,1334.8431
Viet Nam,2034,Medium,High_eff,1116.623
Viet Nam,2035,Medium,High_eff,914.7872
Viet Nam,2036,Medium,High_eff,732.4635
Viet Nam,2037,Medium,High_eff,571.9879
Viet Nam,2038,Medium,High_eff,434.6855
Viet Nam,2039,Medium,High_eff,320.7575
Viet Nam,2040,Medium,High_eff,229.2942
Viet Nam,2041,Medium,High_eff,158.4179
Viet Nam,2042,Medium,High_eff,105.529
Viet Nam,2043,Medium,High_eff,67.6147
Viet Nam,2044,Medium,High_eff,41.5667
Viet Nam,2045,Medium,High_eff,24.457
Viet Nam,2046,Medium,High_eff,13.7382
Viet Nam,2047,Medium,High_eff,7.3489
Viet Nam,2048,Medium,High_eff,3.7341
Viet Nam,2049,Medium,High_eff,1.7976
Viet Nam,2050,Medium,High_eff,0.8178
Viet Nam,2051,Medium,High_eff,0.3507
Viet Nam,2052,Medium,High_eff,0.1414
Viet Nam,2053,Medium,High_eff,0.0535
Viet Nam,2054,Medium,High_eff,0.0189
Viet Nam,2055,Medium,High_eff,0.0062
Viet Nam,2056,Medium,High_eff,0.0019
Viet Nam,2057,Medium,High_eff,0.0005
Viet Nam,2058,Medium,High_eff,0.0001
Viet Nam,2059,Medium,High_eff,0.0
Viet Nam,2060,Medium,High_eff,0.0
Viet Nam,2005,Medium,Low_eff,0.0
Viet Nam,2006,Medium,Low_eff,0.0
Viet Nam,2007,Medium,Low_eff,0.0
Viet Nam,2008,Medium,Low_eff,0.0
Viet Nam,2009,Medium,Low_eff,0.0
Viet Nam,2010,Medium,Low_eff,0.0
Viet Nam,2011,Medium,Low_eff,0.0
Viet Nam,2012,Medium,Low_eff,0.0
Viet Nam,2013,Medium,Low_eff,0.0
Viet Nam,2014,Medium,Low_eff,0.0
Viet Nam,2015,Medium,Low_eff,0.0
Viet Nam,2016,Medium,Low_eff,0.0
Viet Nam,2017,Medium,Low_eff,0.0
Viet Nam,2018,Medium,Low_eff,0.0
Viet Nam,2019,Medium,Low_eff,0.0
Viet Nam,2020,Medium,Low_eff,0.0
Viet Nam,2021,Medium,Low_eff,0.0
Viet Nam,2022,Medium,Low_eff,0.0
Viet Nam,2023,Medium,Low_eff,0.0
Viet Nam,2024,Medium,Low_eff,0.0
Viet Nam,2025,Medium,Low_eff,0.0
Viet Nam,2026,Medium,Low_eff,0.0
Viet Nam,2027,Medium,Low_eff,0.0
Viet Nam,2028,Medium,Low_eff,0.0
Viet Nam,2029,Medium,Low_eff,0.0
Viet Nam,2030,Medium,Low_eff,0.0
Viet Nam,2031,Medium,Low_eff,0.0
Viet Nam,2032,Medium,Low_eff,0.0
Viet Nam,2033,Medium,Low_eff,0.0
Viet Nam,2034,Medium,Low_eff,0.0
Viet Nam,2035,Medium,Low_eff,0.0
Viet Nam,2036,Medium,Low_eff,0.0
Viet Nam,2037,Medium,Low_eff,0.0
Viet Nam,2038,Medium,Low_eff,0.0
Viet Nam,2039,Medium,Low_eff,0.0
Viet Nam,2040,Medium,Low_eff,0.0
Viet Nam,2041,Medium,Low_eff,0.0
Viet Nam,2042,Medium,Low_eff,0.0
Viet Nam,2043,Medium,Low_eff,0.0
Viet Nam,2044,Medium,Low_eff,0.0
Viet Nam,2045,Medium,Low_eff,0.0
Viet Nam,2046,Medium,Low_eff,0.0
Viet Nam,2047,Medium,Low_eff,0.0
Viet Nam,2048,Medium,Low_eff,0.0
Viet Nam,2049,Medium,Low_eff,0.0
Viet Nam,2050,Medium,Low_eff,0.0
Viet Nam,2051,Medium,Low_eff,0.0
Viet Nam,2052,Medium,Low_eff,0.0
Viet Nam,2053,Medium,Low_eff,0.0
Viet Nam,2054,Medium,Low_eff,0.0
Viet Nam,2055,Medium,Low_eff,0.0
Viet Nam,2056,Medium,Low_eff,0.0
Viet Nam,2057,Medium,Low_eff,0.0
Viet Nam,2058,Medium,Low_eff,0.0
Viet Nam,2059,Medium,Low_eff,0.0
Viet Nam,2060,Medium,Low_eff,0.0
Viet Nam,2005,Medium,Mid_eff,0.0
Viet Nam,2006,Medium,Mid_eff,0.0
Viet Nam,2007,Medium,Mid_eff,0.0
Viet Nam,2008,Medium,Mid_eff,0.0
Viet Nam,2009,Medium,Mid_eff,0.0
Viet Nam,2010,Medium,Mid_eff,0.0
Viet Nam,2011,Medium,Mid_eff,0.0
Viet Nam,2012,Medium,Mid_eff,0.0
Viet Nam,2013,Medium,Mid_eff,0.0
Viet Nam,2014,Medium,Mid_eff,0.0
Viet Nam,2015,Medium,Mid_eff,0.0
Viet Nam,2016,Medium,Mid_eff,0.0
Viet Nam,2017,Medium,Mid_eff,0.0
Viet Nam,2018,Medium,Mid_eff,0.0
Viet Nam,2019,Medium,Mid_eff,0.0
Viet Nam,2020,Medium,Mid_eff,0.0
Viet Nam,2021,Medium,Mid_eff,0.0
Viet Nam,2022,Medium,Mid_eff,0.0
Viet Nam,2023,Medium,Mid_eff,0.0
Viet Nam,2024,Medium,Mid_eff,0.0
Viet Nam,2025,Medium,Mid_eff,0.0
Viet Nam,2026,Medium,Mid_eff,0.0
Viet Nam,2027,Medium,Mid_eff,0.0
Viet Nam,2028,Medium,Mid_eff,0.0
Viet Nam,2029,Medium,Mid_eff,0.0
Viet Nam,2030,Medium,Mid_eff,0.0
Viet Nam,2031,Medium,Mid_eff,0.0
Viet Nam,2032,Medium,Mid_eff,0.0
Viet Nam,2033,Medium,Mid_eff,0.0
Viet Nam,2034,Medium,Mid_eff,0.0
Viet Nam,2035,Medium,Mid_eff,0.0
Viet Nam,2036,Medium,Mid_eff,0.0
Viet Nam,2037,Medium,Mid_eff,0.0
Viet Nam,2038,Medium,Mid_eff,0.0
Viet Nam,2039,Medium,Mid_eff,0.0
Viet Nam,2040,Medium,Mid_eff,0.0
Viet Nam,2041,Medium,Mid_eff,0.0
Viet Nam,2042,Medium,Mid_eff,0.0
Viet Nam,2043,Medium,Mid_eff,0.0
Viet Nam,2044,Medium,Mid_eff,0.0
Viet Nam,2045,Medium,Mid_eff,0.0
Viet Nam,2046,Medium,Mid_eff,0.0
Viet Nam,2047,Medium,Mid_eff,0.0
Viet Nam,2048,Medium,Mid_eff,0.0
Viet Nam,2049,Medium,Mid_eff,0.0
Viet Nam,2050,Medium,Mid_eff,0.0
Viet Nam,2051,Medium,Mid_eff,0.0
Viet Nam,2052,Medium,Mid_eff,0.0
Viet Nam,2053,Medium,Mid_eff,0.0
Viet Nam,2054,Medium,Mid_eff,0.0
Viet Nam,2055,Medium,Mid_eff,0.0
Viet Nam,2056,Medium,Mid_eff,0.0
Viet Nam,2057,Medium,Mid_eff,0.0
Viet Nam,2058,Medium,Mid_eff,0.0
Viet Nam,2059,Medium,Mid_eff,0.0
Viet Nam,2060,Medium,Mid_eff,0.0
Viet Nam,2005,Small,High_eff,10022.2215
Viet Nam,2006,Small,High_eff,10430.2015
Viet Nam,2007,Small,High_eff,10842.4571
Viet Nam,2008,Small,High_eff,11261.7541
Viet Nam,2009,Small,High_eff,11691.5434
Viet Nam,2010,Small,High_eff,12130.8655
Viet Nam,2011,Small,High_eff,12575.2108
Viet Nam,2012,Small,High_eff,13024.9315
Viet Nam,2013,Small,High_eff,13479.8478
Viet Nam,2014,Small,High_eff,13937.8079
Viet Nam,2015,Small,High_eff,14396.435
Viet Nam,2016,Small,High_eff,14853.8706
Viet Nam,2017,Small,High_eff,15308.3265
Viet Nam,2018,Small,High_eff,15759.7907
Viet Nam,2019,Small,High_eff,16208.8185
Viet Nam,2020,Small,High_eff,16659.8773
Viet Nam,2021,Small,High_eff,17101.8926
Viet Nam,2022,Small,High_eff,17525.6022
Viet Nam,2023,Small,High_eff,17939.6495
Viet Nam,2024,Small,High_eff,18345.9043
Viet Nam,2025,Small,High_eff,18744.086
Viet Nam,2026,Small,High_eff,17406.3447
Viet Nam,2027,Small,High_eff,16036.7023
Viet Nam,2028,Small,High_eff,14639.8673
Viet Nam,2029,Small,High_eff,13224.5301
Viet Nam,2030,Small,High_eff,11803.3528
Viet Nam,2031,Small,High_eff,10392.6953
Viet Nam,2032,Small,High_eff,9011.9766
Viet Nam,2033,Small,High_eff,7682.6294
Viet Nam,2034,Small,High_eff,6426.6736
Viet Nam,2035,Small,High_eff,5265.0168
Viet Nam,2036,Small,High_eff,4215.6608
Viet Nam,2037,Small,High_eff,3292.0504
Viet Nam,2038,Small,High_eff,2501.8131
Viet Nam,2039,Small,High_eff,1846.1051
Viet Nam,2040,Small,High_eff,1319.6923
Viet Nam,2041,Small,High_eff,911.7668
Viet Nam,2042,Small,High_eff,607.3673
Viet Nam,2043,Small,High_eff,389.1536
Viet Nam,2044,Small,High_eff,239.2351
Viet Nam,2045,Small,High_eff,140.7614
Viet Nam,2046,Small,High_eff,79.0693
Viet Nam,2047,Small,High_eff,42.2963
Viet Nam,2048,Small,High_eff,21.4913
Viet Nam,2049,Small,High_eff,10.3463
Viet Nam,2050,Small,High_eff,4.7071
Viet Nam,2051,Small,High_eff,2.0186
Viet Nam,2052,Small,High_eff,0.8139
Viet Nam,2053,Small,High_eff,0.3078
Viet Nam,2054,Small,High_eff,0.1088
Viet Nam,2055,Small,High_eff,0.0359
Viet Nam,2056,Small,High_eff,0.011
Viet Nam,2057,Small,High_eff,0.0031
Viet Nam,2058,Small,High_eff,0.0008
Viet Nam,2059,Small,High_eff,0.0002
Viet Nam,2060,Small,High_eff,0.0
Viet Nam,2005,Small,Low_eff,0.0
Viet Nam,2006,Small,Low_eff,0.0
Viet Nam,2007,Small,Low_eff,0.0
Viet Nam,2008,Small,Low_eff,0.0
Viet Nam,2009,Small,Low_eff,0.0
Viet Nam,2010,Small,Low_eff,0.0
Viet Nam,2011,Small,Low_eff,0.0
Viet Nam,2012,Small,Low_eff,0.0
Viet Nam,2013,Small,Low_eff,0.0
Viet Nam,2014,Small,Low_eff,0.0
Viet Nam,2015,Small,Low_eff,0.0
Viet Nam,2016,Small,Low_eff,0.0
Viet Nam,2017,Small,Low_eff,0.0
Viet Nam,2018,Small,Low_eff,0.0
Viet Nam,2019,Small,Low_eff,0.0
Viet Nam,2020,Small,Low_eff,0.0
Viet Nam,2021,Small,Low_eff,0.0
Viet Nam,2022,Small,Low_eff,0.0
Viet Nam,2023,Small,Low_eff,0.0
Viet Nam,2024,Small,Low_eff,0.0
Viet Nam,2025,Small,Low_eff,0.0
Viet Nam,2026,Small,Low_eff,0.0
Viet Nam,2027,Small,Low_eff,0.0
Viet Nam,2028,Small,Low_eff,0.0
Viet Nam,2029,Small,Low_eff,0.0
Viet Nam,2030,Small,Low_eff,0.0
Viet Nam,2031,Small,Low_eff,0.0
Viet Nam,2032,Small,Low_eff,0.0
Viet Nam,2033,Small,Low_eff,0.0
Viet Nam,2034,Small,Low_eff,0.0
Viet Nam,2035,Small,Low_eff,0.0
Viet Nam,2036,Small,Low_eff,0.0
Viet Nam,2037,Small,Low_eff,0.0
Viet Nam,2038,Small,Low_eff,0.0
Viet Nam,2039,Small,Low_eff,0.0
Viet Nam,2040,Small,Low_eff,0.0
Viet Nam,2041,Small,Low_eff,0.0
Viet Nam,2042,Small,Low_eff,0.0
Viet Nam,2043,Small,Low_eff,0.0
Viet Nam,2044,Small,Low_eff,0.0
Viet Nam,2045,Small,Low_eff,0.0
Viet Nam,2046,Small,Low_eff,0.0
Viet Nam,2047,Small,Low_eff,0.0
Viet Nam,2048,Small,Low_eff,0.0
Viet Nam,2049,Small,Low_eff,0.0
Viet Nam,2050,Small,Low_eff,0.0
Viet Nam,2051,Small,Low_eff,0.0
Viet Nam,2052,Small,Low_eff,0.0
Viet Nam,2053,Small,Low_eff,0.0
Viet Nam,2054,Small,Low_eff,0.0
Viet Nam,2055,Small,Low_eff,0.0
Viet Nam,2056,Small,Low_eff,0.0
Viet Nam,2057,Small,Low_eff,0.0
Viet Nam,2058,Small,Low_eff,0.0
Viet Nam,2059,Small,Low_eff,0.0
Viet Nam,2060,Small,Low_eff,0.0
Viet Nam,2005,Small,Mid_eff,0.0
Viet Nam,2006,Small,Mid_eff,0.0
Viet Nam,2007,Small,Mid_eff,0.0
Viet Nam,2008,Small,Mid_eff,0.0
Viet Nam,2009,Small,Mid_eff,0.0
Viet Nam,2010,Small,Mid_eff,0.0
Viet Nam,2011,Small,Mid_eff,0.0
Viet Nam,2012,Small,Mid_eff,0.0
Viet Nam,2013,Small,Mid_eff,0.0
Viet Nam,2014,Small,Mid_eff,0.0
Viet Nam,2015,Small,Mid_eff,0.0
Viet Nam,2016,Small,Mid_eff,0.0
Viet Nam,2017,Small,Mid_eff,0.0
Viet Nam,2018,Small,Mid_eff,0.0
Viet Nam,2019,Small,Mid_eff,0.0
Viet Nam,2020,Small,Mid_eff,0.0
Viet Nam,2021,Small,Mid_eff,0.0
Viet Nam,2022,Small,Mid_eff,0.0
Viet Nam,2023,Small,Mid_eff,0.0
Viet Nam,2024,Small,Mid_eff,0.0
Viet Nam,2025,Small,Mid_eff,0.0
Viet Nam,2026,Small,Mid_eff,0.0
Viet Nam,2027,Small,Mid_eff,0.0
Viet Nam,2028,Small,Mid_eff,0.0
Viet Nam,2029,Small,Mid_eff,0.0
Viet Nam,2030,Small,Mid_eff,0.0
Viet Nam,2031,Small,Mid_eff,0.0
Viet Nam,2032,Small,Mid_eff,0.0
Viet Nam,2033,Small,Mid_eff,0.0
Viet Nam,2034,Small,Mid_eff,0.0
Viet Nam,2035,Small,Mid_eff,0.0
Viet Nam,2036,Small,Mid_eff,0.0
Viet Nam,2037,Small,Mid_eff,0.0
Viet Nam,2038,Small,Mid_eff,0.0
Viet Nam,2039,Small,Mid_eff,0.0
Viet Nam,2040,Small,Mid_eff,0.0
Viet Nam,2041,Small,Mid_eff,0.0
Viet Nam,2042,Small,Mid_eff,0.0
Viet Nam,2043,Small,Mid_eff,0.0
Viet Nam,2044,Small,Mid_eff,0.0
Viet Nam,2045,Small,Mid_eff,0.0
Viet Nam,2046,Small,Mid_eff,0.0
Viet Nam,2047,Small,Mid_eff,0.0
Viet Nam,2048,Small,Mid_eff,0.0
Viet Nam,2049,Small,Mid_eff,0.0
Viet Nam,2050,Small,Mid_eff,0.0
Viet Nam,2051,Small,Mid_eff,0.0
Viet Nam,2052,Small,Mid_eff,0.0
Viet Nam,2053,Small,Mid_eff,0.0
Viet Nam,2054,Small,Mid_eff,0.0
Viet Nam,2055,Small,Mid_eff,0.0
Viet Nam,2056,Small,Mid_eff,0.0
Viet Nam,2057,Small,Mid_eff,0.0
Viet Nam,2058,Small,Mid_eff,0.0
Viet Nam,2059,Small,Mid_eff,0.0
Viet Nam,2060,Small,Mid_eff,0.0
