Country,Year,Size_group,Efficiency_level,device_thousand,source
Brunei Darussalam,2005,Large,High_eff,37.0969,existing_stock
Brunei Darussalam,2006,Large,High_eff,37.713,existing_stock
Brunei Darussalam,2007,Large,High_eff,38.3139,existing_stock
Brunei Darussalam,2008,Large,High_eff,38.9026,existing_stock
Brunei Darussalam,2009,Large,High_eff,39.4832,existing_stock
Brunei Darussalam,2010,Large,High_eff,40.0639,existing_stock
Brunei Darussalam,2011,Large,High_eff,40.6162,existing_stock
Brunei Darussalam,2012,Large,High_eff,41.1342,existing_stock
Brunei Darussalam,2013,Large,High_eff,41.647,existing_stock
Brunei Darussalam,2014,Large,High_eff,42.1488,existing_stock
Brunei Darussalam,2015,Large,High_eff,42.2679,existing_stock
Brunei Darussalam,2016,Large,High_eff,42.1718,existing_stock
Brunei Darussalam,2017,Large,High_eff,42.5965,existing_stock
Brunei Darussalam,2018,Large,High_eff,42.8038,existing_stock
Brunei Darussalam,2019,Large,High_eff,43.7445,existing_stock
Brunei Darussalam,2020,Large,High_eff,44.1119,existing_stock
Brunei Darussalam,2021,Large,High_eff,44.0904,existing_stock
Brunei Darussalam,2022,Large,High_eff,43.8674,existing_stock
Brunei Darussalam,2023,Large,High_eff,44.407,existing_stock
Brunei Darussalam,2024,Large,High_eff,45.3259,existing_stock
Brunei Darussalam,2025,Large,High_eff,46.04,existing_stock
Brunei Darussalam,2026,Large,High_eff,43.2197,retirement_survival
Brunei Darussalam,2027,Large,High_eff,40.3796,retirement_survival
Brunei Darussalam,2028,Large,High_eff,37.5252,retirement_survival
Brunei Darussalam,2029,Large,High_eff,34.6652,retirement_survival
Brunei Darussalam,2030,Large,High_eff,31.8115,retirement_survival
Brunei Darussalam,2031,Large,High_eff,28.9791,retirement_survival
Brunei Darussalam,2032,Large,High_eff,26.1853,retirement_survival
Brunei Darussalam,2033,Large,High_eff,23.4503,retirement_survival
Brunei Darussalam,2034,Large,High_eff,20.7956,retirement_survival
Brunei Darussalam,2035,Large,High_eff,18.2443,retirement_survival
Brunei Darussalam,2036,Large,High_eff,15.8194,retirement_survival
Brunei Darussalam,2037,Large,High_eff,13.543,retirement_survival
Brunei Darussalam,2038,Large,High_eff,11.4352,retirement_survival
Brunei Darussalam,2039,Large,High_eff,9.5125,retirement_survival
Brunei Darussalam,2040,Large,High_eff,7.7872,retirement_survival
Brunei Darussalam,2041,Large,High_eff,6.266,retirement_survival
Brunei Darussalam,2042,Large,High_eff,4.9502,retirement_survival
Brunei Darussalam,2043,Large,High_eff,3.8348,retirement_survival
Brunei Darussalam,2044,Large,High_eff,2.9095,retirement_survival
Brunei Darussalam,2045,Large,High_eff,2.1593,retirement_survival
Brunei Darussalam,2046,Large,High_eff,1.5656,retirement_survival
Brunei Darussalam,2047,Large,High_eff,1.1075,retirement_survival
Brunei Darussalam,2048,Large,High_eff,0.7635,retirement_survival
Brunei Darussalam,2049,Large,High_eff,0.5122,retirement_survival
Brunei Darussalam,2050,Large,High_eff,0.3339,retirement_survival
Brunei Darussalam,2051,Large,High_eff,0.2113,retirement_survival
Brunei Darussalam,2052,Large,High_eff,0.1297,retirement_survival
Brunei Darussalam,2053,Large,High_eff,0.077,retirement_survival
Brunei Darussalam,2054,Large,High_eff,0.0442,retirement_survival
Brunei Darussalam,2055,Large,High_eff,0.0245,retirement_survival
Brunei Darussalam,2056,Large,High_eff,0.0131,retirement_survival
Brunei Darussalam,2057,Large,High_eff,0.0067,retirement_survival
Brunei Darussalam,2058,Large,High_eff,0.0033,retirement_survival
Brunei Darussalam,2059,Large,High_eff,0.0016,retirement_survival
Brunei Darussalam,2060,Large,High_eff,0.0007,retirement_survival
Brunei Darussalam,2005,Large,Low_eff,27.1781,existing_stock
Brunei Darussalam,2006,Large,Low_eff,27.6294,existing_stock
Brunei Darussalam,2007,Large,Low_eff,28.0696,existing_stock
Brunei Darussalam,2008,Large,Low_eff,28.501,existing_stock
Brunei Darussalam,2009,Large,Low_eff,28.9264,existing_stock
Brunei Darussalam,2010,Large,Low_eff,29.3518,existing_stock
Brunei Darussalam,2011,Large,Low_eff,29.7564,existing_stock
Brunei Darussalam,2012,Large,Low_eff,30.1359,existing_stock
Brunei Darussalam,2013,Large,Low_eff,30.5116,existing_stock
Brunei Darussalam,2014,Large,Low_eff,30.8792,existing_stock
Brunei Darussalam,2015,Large,Low_eff,30.9665,existing_stock
Brunei Darussalam,2016,Large,Low_eff,30.8961,existing_stock
Brunei Darussalam,2017,Large,Low_eff,31.2072,existing_stock
Brunei Darussalam,2018,Large,Low_eff,31.3591,existing_stock
Brunei Darussalam,2019,Large,Low_eff,32.0482,existing_stock
Brunei Darussalam,2020,Large,Low_eff,32.3175,existing_stock
Brunei Darussalam,2021,Large,Low_eff,32.3017,existing_stock
Brunei Darussalam,2022,Large,Low_eff,32.1383,existing_stock
Brunei Darussalam,2023,Large,Low_eff,32.5336,existing_stock
Brunei Darussalam,2024,Large,Low_eff,33.2069,existing_stock
Brunei Darussalam,2025,Large,Low_eff,33.73,existing_stock
Brunei Darussalam,2026,Large,Low_eff,31.6638,retirement_survival
Brunei Darussalam,2027,Large,Low_eff,29.583,retirement_survival
Brunei Darussalam,2028,Large,Low_eff,27.4918,retirement_survival
Brunei Darussalam,2029,Large,Low_eff,25.3965,retirement_survival
Brunei Darussalam,2030,Large,Low_eff,23.3059,retirement_survival
Brunei Darussalam,2031,Large,Low_eff,21.2308,retirement_survival
Brunei Darussalam,2032,Large,Low_eff,19.184,retirement_survival
Brunei Darussalam,2033,Large,Low_eff,17.1802,retirement_survival
Brunei Darussalam,2034,Large,Low_eff,15.2354,retirement_survival
Brunei Darussalam,2035,Large,Low_eff,13.3662,retirement_survival
Brunei Darussalam,2036,Large,Low_eff,11.5897,retirement_survival
Brunei Darussalam,2037,Large,Low_eff,9.9219,retirement_survival
Brunei Darussalam,2038,Large,Low_eff,8.3777,retirement_survival
Brunei Darussalam,2039,Large,Low_eff,6.9691,retirement_survival
Brunei Darussalam,2040,Large,Low_eff,5.705,retirement_survival
Brunei Darussalam,2041,Large,Low_eff,4.5906,retirement_survival
Brunei Darussalam,2042,Large,Low_eff,3.6266,retirement_survival
Brunei Darussalam,2043,Large,Low_eff,2.8094,retirement_survival
Brunei Darussalam,2044,Large,Low_eff,2.1316,retirement_survival
Brunei Darussalam,2045,Large,Low_eff,1.5819,retirement_survival
Brunei Darussalam,2046,Large,Low_eff,1.147,retirement_survival
Brunei Darussalam,2047,Large,Low_eff,0.8114,retirement_survival
Brunei Darussalam,2048,Large,Low_eff,0.5593,retirement_survival
Brunei Darussalam,2049,Large,Low_eff,0.3752,retirement_survival
Brunei Darussalam,2050,Large,Low_eff,0.2447,retirement_survival
Brunei Darussalam,2051,Large,Low_eff,0.1548,retirement_survival
Brunei Darussalam,2052,Large,Low_eff,0.095,retirement_survival
Brunei Darussalam,2053,Large,Low_eff,0.0564,retirement_survival
Brunei Darussalam,2054,Large,Low_eff,0.0324,retirement_survival
Brunei Darussalam,2055,Large,Low_eff,0.018,retirement_survival
Brunei Darussalam,2056,Large,Low_eff,0.0096,retirement_survival
Brunei Darussalam,2057,Large,Low_eff,0.0049,retirement_survival
Brunei Darussalam,2058,Large,Low_eff,0.0024,retirement_survival
Brunei Darussalam,2059,Large,Low_eff,0.0012,retirement_survival
Brunei Darussalam,2060,Large,Low_eff,0.0005,retirement_survival
Brunei Darussalam,2005,Large,Mid_eff,38.8373,existing_stock
Brunei Darussalam,2006,Large,Mid_eff,39.4823,existing_stock
Brunei Darussalam,2007,Large,Mid_eff,40.1114,existing_stock
Brunei Darussalam,2008,Large,Mid_eff,40.7277,existing_stock
Brunei Darussalam,2009,Large,Mid_eff,41.3356,existing_stock
Brunei Darussalam,2010,Large,Mid_eff,41.9435,existing_stock
Brunei Darussalam,2011,Large,Mid_eff,42.5218,existing_stock
Brunei Darussalam,2012,Large,Mid_eff,43.064,existing_stock
Brunei Darussalam,2013,Large,Mid_eff,43.6009,existing_stock
Brunei Darussalam,2014,Large,Mid_eff,44.1262,existing_stock
Brunei Darussalam,2015,Large,Mid_eff,44.251,existing_stock
Brunei Darussalam,2016,Large,Mid_eff,44.1503,existing_stock
Brunei Darussalam,2017,Large,Mid_eff,44.595,existing_stock
Brunei Darussalam,2018,Large,Mid_eff,44.8119,existing_stock
Brunei Darussalam,2019,Large,Mid_eff,45.7968,existing_stock
Brunei Darussalam,2020,Large,Mid_eff,46.1815,existing_stock
Brunei Darussalam,2021,Large,Mid_eff,46.1589,existing_stock
Brunei Darussalam,2022,Large,Mid_eff,45.9255,existing_stock
Brunei Darussalam,2023,Large,Mid_eff,46.4903,existing_stock
Brunei Darussalam,2024,Large,Mid_eff,47.4524,existing_stock
Brunei Darussalam,2025,Large,Mid_eff,48.2,existing_stock
Brunei Darussalam,2026,Large,Mid_eff,45.2474,retirement_survival
Brunei Darussalam,2027,Large,Mid_eff,42.274,retirement_survival
Brunei Darussalam,2028,Large,Mid_eff,39.2857,retirement_survival
Brunei Darussalam,2029,Large,Mid_eff,36.2915,retirement_survival
Brunei Darussalam,2030,Large,Mid_eff,33.304,retirement_survival
Brunei Darussalam,2031,Large,Mid_eff,30.3386,retirement_survival
Brunei Darussalam,2032,Large,Mid_eff,27.4138,retirement_survival
Brunei Darussalam,2033,Large,Mid_eff,24.5504,retirement_survival
Brunei Darussalam,2034,Large,Mid_eff,21.7713,retirement_survival
Brunei Darussalam,2035,Large,Mid_eff,19.1003,retirement_survival
Brunei Darussalam,2036,Large,Mid_eff,16.5616,retirement_survival
Brunei Darussalam,2037,Large,Mid_eff,14.1784,retirement_survival
Brunei Darussalam,2038,Large,Mid_eff,11.9717,retirement_survival
Brunei Darussalam,2039,Large,Mid_eff,9.9588,retirement_survival
Brunei Darussalam,2040,Large,Mid_eff,8.1525,retirement_survival
Brunei Darussalam,2041,Large,Mid_eff,6.56,retirement_survival
Brunei Darussalam,2042,Large,Mid_eff,5.1824,retirement_survival
Brunei Darussalam,2043,Large,Mid_eff,4.0147,retirement_survival
Brunei Darussalam,2044,Large,Mid_eff,3.046,retirement_survival
Brunei Darussalam,2045,Large,Mid_eff,2.2606,retirement_survival
Brunei Darussalam,2046,Large,Mid_eff,1.639,retirement_survival
Brunei Darussalam,2047,Large,Mid_eff,1.1595,retirement_survival
Brunei Darussalam,2048,Large,Mid_eff,0.7993,retirement_survival
Brunei Darussalam,2049,Large,Mid_eff,0.5362,retirement_survival
Brunei Darussalam,2050,Large,Mid_eff,0.3496,retirement_survival
Brunei Darussalam,2051,Large,Mid_eff,0.2213,retirement_survival
Brunei Darussalam,2052,Large,Mid_eff,0.1357,retirement_survival
Brunei Darussalam,2053,Large,Mid_eff,0.0806,retirement_survival
Brunei Darussalam,2054,Large,Mid_eff,0.0463,retirement_survival
Brunei Darussalam,2055,Large,Mid_eff,0.0257,retirement_survival
Brunei Darussalam,2056,Large,Mid_eff,0.0137,retirement_survival
Brunei Darussalam,2057,Large,Mid_eff,0.0071,retirement_survival
Brunei Darussalam,2058,Large,Mid_eff,0.0035,retirement_survival
Brunei Darussalam,2059,Large,Mid_eff,0.0017,retirement_survival
Brunei Darussalam,2060,Large,Mid_eff,0.0008,retirement_survival
Brunei Darussalam,2005,Medium,High_eff,15.5108,existing_stock
Brunei Darussalam,2006,Medium,High_eff,15.7683,existing_stock
Brunei Darussalam,2007,Medium,High_eff,16.0196,existing_stock
Brunei Darussalam,2008,Medium,High_eff,16.2657,existing_stock
Brunei Darussalam,2009,Medium,High_eff,16.5085,existing_stock
Brunei Darussalam,2010,Medium,High_eff,16.7513,existing_stock
Brunei Darussalam,2011,Medium,High_eff,16.9822,existing_stock
Brunei Darussalam,2012,Medium,High_eff,17.1988,existing_stock
Brunei Darussalam,2013,Medium,High_eff,17.4132,existing_stock
Brunei Darussalam,2014,Medium,High_eff,17.623,existing_stock
Brunei Darussalam,2015,Medium,High_eff,17.6728,existing_stock
Brunei Darussalam,2016,Medium,High_eff,17.6327,existing_stock
Brunei Darussalam,2017,Medium,High_eff,17.8102,existing_stock
Brunei Darussalam,2018,Medium,High_eff,17.8969,existing_stock
Brunei Darussalam,2019,Medium,High_eff,18.2902,existing_stock
Brunei Darussalam,2020,Medium,High_eff,18.4439,existing_stock
Brunei Darussalam,2021,Medium,High_eff,18.4348,existing_stock
Brunei Darussalam,2022,Medium,High_eff,18.3416,existing_stock
Brunei Darussalam,2023,Medium,High_eff,18.5672,existing_stock
Brunei Darussalam,2024,Medium,High_eff,18.9514,existing_stock
Brunei Darussalam,2025,Medium,High_eff,19.25,existing_stock
Brunei Darussalam,2026,Medium,High_eff,18.0708,retirement_survival
Brunei Darussalam,2027,Medium,High_eff,16.8833,retirement_survival
Brunei Darussalam,2028,Medium,High_eff,15.6898,retirement_survival
Brunei Darussalam,2029,Medium,High_eff,14.494,retirement_survival
Brunei Darussalam,2030,Medium,High_eff,13.3009,retirement_survival
Brunei Darussalam,2031,Medium,High_eff,12.1166,retirement_survival
Brunei Darussalam,2032,Medium,High_eff,10.9485,retirement_survival
Brunei Darussalam,2033,Medium,High_eff,9.8049,retirement_survival
Brunei Darussalam,2034,Medium,High_eff,8.695,retirement_survival
Brunei Darussalam,2035,Medium,High_eff,7.6282,retirement_survival
Brunei Darussalam,2036,Medium,High_eff,6.6143,retirement_survival
Brunei Darussalam,2037,Medium,High_eff,5.6625,retirement_survival
Brunei Darussalam,2038,Medium,High_eff,4.7812,retirement_survival
Brunei Darussalam,2039,Medium,High_eff,3.9773,retirement_survival
Brunei Darussalam,2040,Medium,High_eff,3.2559,retirement_survival
Brunei Darussalam,2041,Medium,High_eff,2.6199,retirement_survival
Brunei Darussalam,2042,Medium,High_eff,2.0697,retirement_survival
Brunei Darussalam,2043,Medium,High_eff,1.6034,retirement_survival
Brunei Darussalam,2044,Medium,High_eff,1.2165,retirement_survival
Brunei Darussalam,2045,Medium,High_eff,0.9028,retirement_survival
Brunei Darussalam,2046,Medium,High_eff,0.6546,retirement_survival
Brunei Darussalam,2047,Medium,High_eff,0.4631,retirement_survival
Brunei Darussalam,2048,Medium,High_eff,0.3192,retirement_survival
Brunei Darussalam,2049,Medium,High_eff,0.2141,retirement_survival
Brunei Darussalam,2050,Medium,High_eff,0.1396,retirement_survival
Brunei Darussalam,2051,Medium,High_eff,0.0884,retirement_survival
Brunei Darussalam,2052,Medium,High_eff,0.0542,retirement_survival
Brunei Darussalam,2053,Medium,High_eff,0.0322,retirement_survival
Brunei Darussalam,2054,Medium,High_eff,0.0185,retirement_survival
Brunei Darussalam,2055,Medium,High_eff,0.0102,retirement_survival
Brunei Darussalam,2056,Medium,High_eff,0.0055,retirement_survival
Brunei Darussalam,2057,Medium,High_eff,0.0028,retirement_survival
Brunei Darussalam,2058,Medium,High_eff,0.0014,retirement_survival
Brunei Darussalam,2059,Medium,High_eff,0.0007,retirement_survival
Brunei Darussalam,2060,Medium,High_eff,0.0003,retirement_survival
Brunei Darussalam,2005,Medium,Low_eff,20.2808,existing_stock
Brunei Darussalam,2006,Medium,Low_eff,20.6176,existing_stock
Brunei Darussalam,2007,Medium,Low_eff,20.9461,existing_stock
Brunei Darussalam,2008,Medium,Low_eff,21.268,existing_stock
Brunei Darussalam,2009,Medium,Low_eff,21.5854,existing_stock
Brunei Darussalam,2010,Medium,Low_eff,21.9029,existing_stock
Brunei Darussalam,2011,Medium,Low_eff,22.2048,existing_stock
Brunei Darussalam,2012,Medium,Low_eff,22.488,existing_stock
Brunei Darussalam,2013,Medium,Low_eff,22.7684,existing_stock
Brunei Darussalam,2014,Medium,Low_eff,23.0427,existing_stock
Brunei Darussalam,2015,Medium,Low_eff,23.1078,existing_stock
Brunei Darussalam,2016,Medium,Low_eff,23.0553,existing_stock
Brunei Darussalam,2017,Medium,Low_eff,23.2874,existing_stock
Brunei Darussalam,2018,Medium,Low_eff,23.4008,existing_stock
Brunei Darussalam,2019,Medium,Low_eff,23.915,existing_stock
Brunei Darussalam,2020,Medium,Low_eff,24.1159,existing_stock
Brunei Darussalam,2021,Medium,Low_eff,24.1041,existing_stock
Brunei Darussalam,2022,Medium,Low_eff,23.9823,existing_stock
Brunei Darussalam,2023,Medium,Low_eff,24.2772,existing_stock
Brunei Darussalam,2024,Medium,Low_eff,24.7796,existing_stock
Brunei Darussalam,2025,Medium,Low_eff,25.17,existing_stock
Brunei Darussalam,2026,Medium,Low_eff,23.6281,retirement_survival
Brunei Darussalam,2027,Medium,Low_eff,22.0755,retirement_survival
Brunei Darussalam,2028,Medium,Low_eff,20.515,retirement_survival
Brunei Darussalam,2029,Medium,Low_eff,18.9514,retirement_survival
Brunei Darussalam,2030,Medium,Low_eff,17.3913,retirement_survival
Brunei Darussalam,2031,Medium,Low_eff,15.8428,retirement_survival
Brunei Darussalam,2032,Medium,Low_eff,14.3155,retirement_survival
Brunei Darussalam,2033,Medium,Low_eff,12.8202,retirement_survival
Brunei Darussalam,2034,Medium,Low_eff,11.3689,retirement_survival
Brunei Darussalam,2035,Medium,Low_eff,9.9741,retirement_survival
Brunei Darussalam,2036,Medium,Low_eff,8.6485,retirement_survival
Brunei Darussalam,2037,Medium,Low_eff,7.404,retirement_survival
Brunei Darussalam,2038,Medium,Low_eff,6.2516,retirement_survival
Brunei Darussalam,2039,Medium,Low_eff,5.2005,retirement_survival
Brunei Darussalam,2040,Medium,Low_eff,4.2572,retirement_survival
Brunei Darussalam,2041,Medium,Low_eff,3.4256,retirement_survival
Brunei Darussalam,2042,Medium,Low_eff,2.7063,retirement_survival
Brunei Darussalam,2043,Medium,Low_eff,2.0965,retirement_survival
Brunei Darussalam,2044,Medium,Low_eff,1.5906,retirement_survival
Brunei Darussalam,2045,Medium,Low_eff,1.1805,retirement_survival
Brunei Darussalam,2046,Medium,Low_eff,0.8559,retirement_survival
Brunei Darussalam,2047,Medium,Low_eff,0.6055,retirement_survival
Brunei Darussalam,2048,Medium,Low_eff,0.4174,retirement_survival
Brunei Darussalam,2049,Medium,Low_eff,0.28,retirement_survival
Brunei Darussalam,2050,Medium,Low_eff,0.1826,retirement_survival
Brunei Darussalam,2051,Medium,Low_eff,0.1155,retirement_survival
Brunei Darussalam,2052,Medium,Low_eff,0.0709,retirement_survival
Brunei Darussalam,2053,Medium,Low_eff,0.0421,retirement_survival
Brunei Darussalam,2054,Medium,Low_eff,0.0242,retirement_survival
Brunei Darussalam,2055,Medium,Low_eff,0.0134,retirement_survival
Brunei Darussalam,2056,Medium,Low_eff,0.0072,retirement_survival
Brunei Darussalam,2057,Medium,Low_eff,0.0037,retirement_survival
Brunei Darussalam,2058,Medium,Low_eff,0.0018,retirement_survival
Brunei Darussalam,2059,Medium,Low_eff,0.0009,retirement_survival
Brunei Darussalam,2060,Medium,Low_eff,0.0004,retirement_survival
Brunei Darussalam,2005,Medium,Mid_eff,15.7686,existing_stock
Brunei Darussalam,2006,Medium,Mid_eff,16.0305,existing_stock
Brunei Darussalam,2007,Medium,Mid_eff,16.2859,existing_stock
Brunei Darussalam,2008,Medium,Mid_eff,16.5361,existing_stock
Brunei Darussalam,2009,Medium,Mid_eff,16.783,existing_stock
Brunei Darussalam,2010,Medium,Mid_eff,17.0298,existing_stock
Brunei Darussalam,2011,Medium,Mid_eff,17.2645,existing_stock
Brunei Darussalam,2012,Medium,Mid_eff,17.4847,existing_stock
Brunei Darussalam,2013,Medium,Mid_eff,17.7027,existing_stock
Brunei Darussalam,2014,Medium,Mid_eff,17.916,existing_stock
Brunei Darussalam,2015,Medium,Mid_eff,17.9666,existing_stock
Brunei Darussalam,2016,Medium,Mid_eff,17.9258,existing_stock
Brunei Darussalam,2017,Medium,Mid_eff,18.1063,existing_stock
Brunei Darussalam,2018,Medium,Mid_eff,18.1944,existing_stock
Brunei Darussalam,2019,Medium,Mid_eff,18.5942,existing_stock
Brunei Darussalam,2020,Medium,Mid_eff,18.7505,existing_stock
Brunei Darussalam,2021,Medium,Mid_eff,18.7413,existing_stock
Brunei Darussalam,2022,Medium,Mid_eff,18.6465,existing_stock
Brunei Darussalam,2023,Medium,Mid_eff,18.8758,existing_stock
Brunei Darussalam,2024,Medium,Mid_eff,19.2665,existing_stock
Brunei Darussalam,2025,Medium,Mid_eff,19.57,existing_stock
Brunei Darussalam,2026,Medium,Mid_eff,18.3712,retirement_survival
Brunei Darussalam,2027,Medium,Mid_eff,17.164,retirement_survival
Brunei Darussalam,2028,Medium,Mid_eff,15.9506,retirement_survival
Brunei Darussalam,2029,Medium,Mid_eff,14.735,retirement_survival
Brunei Darussalam,2030,Medium,Mid_eff,13.522,retirement_survival
Brunei Darussalam,2031,Medium,Mid_eff,12.318,retirement_survival
Brunei Darussalam,2032,Medium,Mid_eff,11.1305,retirement_survival
Brunei Darussalam,2033,Medium,Mid_eff,9.9679,retirement_survival
Brunei Darussalam,2034,Medium,Mid_eff,8.8395,retirement_survival
Brunei Darussalam,2035,Medium,Mid_eff,7.755,retirement_survival
Brunei Darussalam,2036,Medium,Mid_eff,6.7243,retirement_survival
Brunei Darussalam,2037,Medium,Mid_eff,5.7567,retirement_survival
Brunei Darussalam,2038,Medium,Mid_eff,4.8607,retirement_survival
Brunei Darussalam,2039,Medium,Mid_eff,4.0434,retirement_survival
Brunei Darussalam,2040,Medium,Mid_eff,3.31,retirement_survival
Brunei Darussalam,2041,Medium,Mid_eff,2.6635,retirement_survival
Brunei Darussalam,2042,Medium,Mid_eff,2.1042,retirement_survival
Brunei Darussalam,2043,Medium,Mid_eff,1.63,retirement_survival
Brunei Darussalam,2044,Medium,Mid_eff,1.2367,retirement_survival
Brunei Darussalam,2045,Medium,Mid_eff,0.9178,retirement_survival
Brunei Darussalam,2046,Medium,Mid_eff,0.6655,retirement_survival
Brunei Darussalam,2047,Medium,Mid_eff,0.4708,retirement_survival
Brunei Darussalam,2048,Medium,Mid_eff,0.3245,retirement_survival
Brunei Darussalam,2049,Medium,Mid_eff,0.2177,retirement_survival
Brunei Darussalam,2050,Medium,Mid_eff,0.1419,retirement_survival
Brunei Darussalam,2051,Medium,Mid_eff,0.0898,retirement_survival
Brunei Darussalam,2052,Medium,Mid_eff,0.0551,retirement_survival
Brunei Darussalam,2053,Medium,Mid_eff,0.0327,retirement_survival
Brunei Darussalam,2054,Medium,Mid_eff,0.0188,retirement_survival
Brunei Darussalam,2055,Medium,Mid_eff,0.0104,retirement_survival
Brunei Darussalam,2056,Medium,Mid_eff,0.0056,retirement_survival
Brunei Darussalam,2057,Medium,Mid_eff,0.0029,retirement_survival
Brunei Darussalam,2058,Medium,Mid_eff,0.0014,retirement_survival
Brunei Darussalam,2059,Medium,Mid_eff,0.0007,retirement_survival
Brunei Darussalam,2060,Medium,Mid_eff,0.0003,retirement_survival
Brunei Darussalam,2005,Small,High_eff,13.585,existing_stock
Brunei Darussalam,2006,Small,High_eff,13.8106,existing_stock
Brunei Darussalam,2007,Small,High_eff,14.0307,existing_stock
Brunei Darussalam,2008,Small,High_eff,14.2463,existing_stock
Brunei Darussalam,2009,Small,High_eff,14.4589,existing_stock
Brunei Darussalam,2010,Small,High_eff,14.6715,existing_stock
Brunei Darussalam,2011,Small,High_eff,14.8738,existing_stock
Brunei Darussalam,2012,Small,High_eff,15.0635,existing_stock
Brunei Darussalam,2013,Small,High_eff,15.2513,existing_stock
Brunei Darussalam,2014,Small,High_eff,15.435,existing_stock
Brunei Darussalam,2015,Small,High_eff,15.4787,existing_stock
Brunei Darussalam,2016,Small,High_eff,15.4435,existing_stock
Brunei Darussalam,2017,Small,High_eff,15.599,existing_stock
Brunei Darussalam,2018,Small,High_eff,15.6749,existing_stock
Brunei Darussalam,2019,Small,High_eff,16.0194,existing_stock
Brunei Darussalam,2020,Small,High_eff,16.1539,existing_stock
Brunei Darussalam,2021,Small,High_eff,16.146,existing_stock
Brunei Darussalam,2022,Small,High_eff,16.0644,existing_stock
Brunei Darussalam,2023,Small,High_eff,16.262,existing_stock
Brunei Darussalam,2024,Small,High_eff,16.5985,existing_stock
Brunei Darussalam,2025,Small,High_eff,16.86,existing_stock
Brunei Darussalam,2026,Small,High_eff,15.8272,retirement_survival
Brunei Darussalam,2027,Small,High_eff,14.7871,retirement_survival
Brunei Darussalam,2028,Small,High_eff,13.7418,retirement_survival
Brunei Darussalam,2029,Small,High_eff,12.6945,retirement_survival
Brunei Darussalam,2030,Small,High_eff,11.6495,retirement_survival
Brunei Darussalam,2031,Small,High_eff,10.6122,retirement_survival
Brunei Darussalam,2032,Small,High_eff,9.5892,retirement_survival
Brunei Darussalam,2033,Small,High_eff,8.5876,retirement_survival
Brunei Darussalam,2034,Small,High_eff,7.6154,retirement_survival
Brunei Darussalam,2035,Small,High_eff,6.6811,retirement_survival
Brunei Darussalam,2036,Small,High_eff,5.7931,retirement_survival
Brunei Darussalam,2037,Small,High_eff,4.9595,retirement_survival
Brunei Darussalam,2038,Small,High_eff,4.1876,retirement_survival
Brunei Darussalam,2039,Small,High_eff,3.4835,retirement_survival
Brunei Darussalam,2040,Small,High_eff,2.8517,retirement_survival
Brunei Darussalam,2041,Small,High_eff,2.2946,retirement_survival
Brunei Darussalam,2042,Small,High_eff,1.8128,retirement_survival
Brunei Darussalam,2043,Small,High_eff,1.4043,retirement_survival
Brunei Darussalam,2044,Small,High_eff,1.0655,retirement_survival
Brunei Darussalam,2045,Small,High_eff,0.7907,retirement_survival
Brunei Darussalam,2046,Small,High_eff,0.5733,retirement_survival
Brunei Darussalam,2047,Small,High_eff,0.4056,retirement_survival
Brunei Darussalam,2048,Small,High_eff,0.2796,retirement_survival
Brunei Darussalam,2049,Small,High_eff,0.1876,retirement_survival
Brunei Darussalam,2050,Small,High_eff,0.1223,retirement_survival
Brunei Darussalam,2051,Small,High_eff,0.0774,retirement_survival
Brunei Darussalam,2052,Small,High_eff,0.0475,retirement_survival
Brunei Darussalam,2053,Small,High_eff,0.0282,retirement_survival
Brunei Darussalam,2054,Small,High_eff,0.0162,retirement_survival
Brunei Darussalam,2055,Small,High_eff,0.009,retirement_survival
Brunei Darussalam,2056,Small,High_eff,0.0048,retirement_survival
Brunei Darussalam,2057,Small,High_eff,0.0025,retirement_survival
Brunei Darussalam,2058,Small,High_eff,0.0012,retirement_survival
Brunei Darussalam,2059,Small,High_eff,0.0006,retirement_survival
Brunei Darussalam,2060,Small,High_eff,0.0003,retirement_survival
Brunei Darussalam,2005,Small,Low_eff,21.6909,existing_stock
Brunei Darussalam,2006,Small,Low_eff,22.0511,existing_stock
Brunei Darussalam,2007,Small,Low_eff,22.4025,existing_stock
Brunei Darussalam,2008,Small,Low_eff,22.7467,existing_stock
Brunei Darussalam,2009,Small,Low_eff,23.0862,existing_stock
Brunei Darussalam,2010,Small,Low_eff,23.4257,existing_stock
Brunei Darussalam,2011,Small,Low_eff,23.7487,existing_stock
Brunei Darussalam,2012,Small,Low_eff,24.0515,existing_stock
Brunei Darussalam,2013,Small,Low_eff,24.3514,existing_stock
Brunei Darussalam,2014,Small,Low_eff,24.6448,existing_stock
Brunei Darussalam,2015,Small,Low_eff,24.7144,existing_stock
Brunei Darussalam,2016,Small,Low_eff,24.6582,existing_stock
Brunei Darussalam,2017,Small,Low_eff,24.9066,existing_stock
Brunei Darussalam,2018,Small,Low_eff,25.0277,existing_stock
Brunei Darussalam,2019,Small,Low_eff,25.5778,existing_stock
Brunei Darussalam,2020,Small,Low_eff,25.7926,existing_stock
Brunei Darussalam,2021,Small,Low_eff,25.78,existing_stock
Brunei Darussalam,2022,Small,Low_eff,25.6497,existing_stock
Brunei Darussalam,2023,Small,Low_eff,25.9651,existing_stock
Brunei Darussalam,2024,Small,Low_eff,26.5025,existing_stock
Brunei Darussalam,2025,Small,Low_eff,26.92,existing_stock
Brunei Darussalam,2026,Small,Low_eff,25.2709,retirement_survival
Brunei Darussalam,2027,Small,Low_eff,23.6103,retirement_survival
Brunei Darussalam,2028,Small,Low_eff,21.9413,retirement_survival
Brunei Darussalam,2029,Small,Low_eff,20.269,retirement_survival
Brunei Darussalam,2030,Small,Low_eff,18.6005,retirement_survival
Brunei Darussalam,2031,Small,Low_eff,16.9443,retirement_survival
Brunei Darussalam,2032,Small,Low_eff,15.3108,retirement_survival
Brunei Darussalam,2033,Small,Low_eff,13.7116,retirement_survival
Brunei Darussalam,2034,Small,Low_eff,12.1594,retirement_survival
Brunei Darussalam,2035,Small,Low_eff,10.6676,retirement_survival
Brunei Darussalam,2036,Small,Low_eff,9.2498,retirement_survival
Brunei Darussalam,2037,Small,Low_eff,7.9187,retirement_survival
Brunei Darussalam,2038,Small,Low_eff,6.6863,retirement_survival
Brunei Darussalam,2039,Small,Low_eff,5.562,retirement_survival
Brunei Darussalam,2040,Small,Low_eff,4.5532,retirement_survival
Brunei Darussalam,2041,Small,Low_eff,3.6638,retirement_survival
Brunei Darussalam,2042,Small,Low_eff,2.8944,retirement_survival
Brunei Darussalam,2043,Small,Low_eff,2.2422,retirement_survival
Brunei Darussalam,2044,Small,Low_eff,1.7012,retirement_survival
Brunei Darussalam,2045,Small,Low_eff,1.2626,retirement_survival
Brunei Darussalam,2046,Small,Low_eff,0.9154,retirement_survival
Brunei Darussalam,2047,Small,Low_eff,0.6476,retirement_survival
Brunei Darussalam,2048,Small,Low_eff,0.4464,retirement_survival
Brunei Darussalam,2049,Small,Low_eff,0.2995,retirement_survival
Brunei Darussalam,2050,Small,Low_eff,0.1953,retirement_survival
Brunei Darussalam,2051,Small,Low_eff,0.1236,retirement_survival
Brunei Darussalam,2052,Small,Low_eff,0.0758,retirement_survival
Brunei Darussalam,2053,Small,Low_eff,0.045,retirement_survival
Brunei Darussalam,2054,Small,Low_eff,0.0259,retirement_survival
Brunei Darussalam,2055,Small,Low_eff,0.0143,retirement_survival
Brunei Darussalam,2056,Small,Low_eff,0.0077,retirement_survival
Brunei Darussalam,2057,Small,Low_eff,0.0039,retirement_survival
Brunei Darussalam,2058,Small,Low_eff,0.002,retirement_survival
Brunei Darussalam,2059,Small,Low_eff,0.0009,retirement_survival
Brunei Darussalam,2060,Small,Low_eff,0.0004,retirement_survival
Brunei Darussalam,2005,Small,Mid_eff,24.6641,existing_stock
Brunei Darussalam,2006,Small,Mid_eff,25.0737,existing_stock
Brunei Darussalam,2007,Small,Mid_eff,25.4732,existing_stock
Brunei Darussalam,2008,Small,Mid_eff,25.8647,existing_stock
Brunei Darussalam,2009,Small,Mid_eff,26.2507,existing_stock
Brunei Darussalam,2010,Small,Mid_eff,26.6367,existing_stock
Brunei Darussalam,2011,Small,Mid_eff,27.004,existing_stock
Brunei Darussalam,2012,Small,Mid_eff,27.3483,existing_stock
Brunei Darussalam,2013,Small,Mid_eff,27.6893,existing_stock
Brunei Darussalam,2014,Small,Mid_eff,28.0229,existing_stock
Brunei Darussalam,2015,Small,Mid_eff,28.1021,existing_stock
Brunei Darussalam,2016,Small,Mid_eff,28.0382,existing_stock
Brunei Darussalam,2017,Small,Mid_eff,28.3206,existing_stock
Brunei Darussalam,2018,Small,Mid_eff,28.4584,existing_stock
Brunei Darussalam,2019,Small,Mid_eff,29.0838,existing_stock
Brunei Darussalam,2020,Small,Mid_eff,29.3281,existing_stock
Brunei Darussalam,2021,Small,Mid_eff,29.3138,existing_stock
Brunei Darussalam,2022,Small,Mid_eff,29.1655,existing_stock
Brunei Darussalam,2023,Small,Mid_eff,29.5243,existing_stock
Brunei Darussalam,2024,Small,Mid_eff,30.1352,existing_stock
Brunei Darussalam,2025,Small,Mid_eff,30.61,existing_stock
Brunei Darussalam,2026,Small,Mid_eff,28.7349,retirement_survival
Brunei Darussalam,2027,Small,Mid_eff,26.8466,retirement_survival
Brunei Darussalam,2028,Small,Mid_eff,24.9489,retirement_survival
Brunei Darussalam,2029,Small,Mid_eff,23.0474,retirement_survival
Brunei Darussalam,2030,Small,Mid_eff,21.1501,retirement_survival
Brunei Darussalam,2031,Small,Mid_eff,19.2669,retirement_survival
Brunei Darussalam,2032,Small,Mid_eff,17.4095,retirement_survival
Brunei Darussalam,2033,Small,Mid_eff,15.5911,retirement_survival
Brunei Darussalam,2034,Small,Mid_eff,13.8261,retirement_survival
Brunei Darussalam,2035,Small,Mid_eff,12.1299,retirement_survival
Brunei Darussalam,2036,Small,Mid_eff,10.5176,retirement_survival
Brunei Darussalam,2037,Small,Mid_eff,9.0042,retirement_survival
Brunei Darussalam,2038,Small,Mid_eff,7.6028,retirement_survival
Brunei Darussalam,2039,Small,Mid_eff,6.3244,retirement_survival
Brunei Darussalam,2040,Small,Mid_eff,5.1773,retirement_survival
Brunei Darussalam,2041,Small,Mid_eff,4.166,retirement_survival
Brunei Darussalam,2042,Small,Mid_eff,3.2912,retirement_survival
Brunei Darussalam,2043,Small,Mid_eff,2.5496,retirement_survival
Brunei Darussalam,2044,Small,Mid_eff,1.9344,retirement_survival
Brunei Darussalam,2045,Small,Mid_eff,1.4356,retirement_survival
Brunei Darussalam,2046,Small,Mid_eff,1.0409,retirement_survival
Brunei Darussalam,2047,Small,Mid_eff,0.7363,retirement_survival
Brunei Darussalam,2048,Small,Mid_eff,0.5076,retirement_survival
Brunei Darussalam,2049,Small,Mid_eff,0.3405,retirement_survival
Brunei Darussalam,2050,Small,Mid_eff,0.222,retirement_survival
Brunei Darussalam,2051,Small,Mid_eff,0.1405,retirement_survival
Brunei Darussalam,2052,Small,Mid_eff,0.0862,retirement_survival
Brunei Darussalam,2053,Small,Mid_eff,0.0512,retirement_survival
Brunei Darussalam,2054,Small,Mid_eff,0.0294,retirement_survival
Brunei Darussalam,2055,Small,Mid_eff,0.0163,retirement_survival
Brunei Darussalam,2056,Small,Mid_eff,0.0087,retirement_survival
Brunei Darussalam,2057,Small,Mid_eff,0.0045,retirement_survival
Brunei Darussalam,2058,Small,Mid_eff,0.0022,retirement_survival
Brunei Darussalam,2059,Small,Mid_eff,0.0011,retirement_survival
Brunei Darussalam,2060,Small,Mid_eff,0.0005,retirement_survival
Cambodia,2005,Large,High_eff,10.8935,existing_stock
Cambodia,2006,Large,High_eff,12.1761,existing_stock
Cambodia,2007,Large,High_eff,13.6114,existing_stock
Cambodia,2008,Large,High_eff,15.2027,existing_stock
Cambodia,2009,Large,High_eff,16.9548,existing_stock
Cambodia,2010,Large,High_eff,18.8993,existing_stock
Cambodia,2011,Large,High_eff,21.0661,existing_stock
Cambodia,2012,Large,High_eff,23.4802,existing_stock
Cambodia,2013,Large,High_eff,26.1661,existing_stock
Cambodia,2014,Large,High_eff,29.1497,existing_stock
Cambodia,2015,Large,High_eff,29.5458,existing_stock
Cambodia,2016,Large,High_eff,35.9311,existing_stock
Cambodia,2017,Large,High_eff,42.4726,existing_stock
Cambodia,2018,Large,High_eff,42.9945,existing_stock
Cambodia,2019,Large,High_eff,49.6962,existing_stock
Cambodia,2020,Large,High_eff,43.9916,existing_stock
Cambodia,2021,Large,High_eff,50.8653,existing_stock
Cambodia,2022,Large,High_eff,51.4136,existing_stock
Cambodia,2023,Large,High_eff,58.4508,existing_stock
Cambodia,2024,Large,High_eff,65.6238,existing_stock
Cambodia,2025,Large,High_eff,72.91,existing_stock
Cambodia,2026,Large,High_eff,70.0592,retirement_survival
Cambodia,2027,Large,High_eff,66.9662,retirement_survival
Cambodia,2028,Large,High_eff,63.6311,retirement_survival
Cambodia,2029,Large,High_eff,60.0643,retirement_survival
Cambodia,2030,Large,High_eff,56.2859,retirement_survival
Cambodia,2031,Large,High_eff,52.3252,retirement_survival
Cambodia,2032,Large,High_eff,48.2203,retirement_survival
Cambodia,2033,Large,High_eff,44.0168,retirement_survival
Cambodia,2034,Large,High_eff,39.7668,retirement_survival
Cambodia,2035,Large,High_eff,35.5272,retirement_survival
Cambodia,2036,Large,High_eff,31.3574,retirement_survival
Cambodia,2037,Large,High_eff,27.3173,retirement_survival
Cambodia,2038,Large,High_eff,23.4645,retirement_survival
Cambodia,2039,Large,High_eff,19.8515,retirement_survival
Cambodia,2040,Large,High_eff,16.5234,retirement_survival
Cambodia,2041,Large,High_eff,13.5151,retirement_survival
Cambodia,2042,Large,High_eff,10.8501,retirement_survival
Cambodia,2043,Large,High_eff,8.5388,retirement_survival
Cambodia,2044,Large,High_eff,6.5789,retirement_survival
Cambodia,2045,Large,High_eff,4.9561,retirement_survival
Cambodia,2046,Large,High_eff,3.6458,retirement_survival
Cambodia,2047,Large,High_eff,2.6153,retirement_survival
Cambodia,2048,Large,High_eff,1.827,retirement_survival
Cambodia,2049,Large,High_eff,1.2414,retirement_survival
Cambodia,2050,Large,High_eff,0.8192,retirement_survival
Cambodia,2051,Large,High_eff,0.5243,retirement_survival
Cambodia,2052,Large,High_eff,0.3251,retirement_survival
Cambodia,2053,Large,High_eff,0.195,retirement_survival
Cambodia,2054,Large,High_eff,0.113,retirement_survival
Cambodia,2055,Large,High_eff,0.0632,retirement_survival
Cambodia,2056,Large,High_eff,0.034,retirement_survival
Cambodia,2057,Large,High_eff,0.0177,retirement_survival
Cambodia,2058,Large,High_eff,0.0088,retirement_survival
Cambodia,2059,Large,High_eff,0.0042,retirement_survival
Cambodia,2060,Large,High_eff,0.0019,retirement_survival
Cambodia,2005,Large,Low_eff,3.4275,existing_stock
Cambodia,2006,Large,Low_eff,3.831,existing_stock
Cambodia,2007,Large,Low_eff,4.2826,existing_stock
Cambodia,2008,Large,Low_eff,4.7833,existing_stock
Cambodia,2009,Large,Low_eff,5.3346,existing_stock
Cambodia,2010,Large,Low_eff,5.9464,existing_stock
Cambodia,2011,Large,Low_eff,6.6281,existing_stock
Cambodia,2012,Large,Low_eff,7.3877,existing_stock
Cambodia,2013,Large,Low_eff,8.2328,existing_stock
Cambodia,2014,Large,Low_eff,9.1715,existing_stock
Cambodia,2015,Large,Low_eff,9.2961,existing_stock
Cambodia,2016,Large,Low_eff,11.3052,existing_stock
Cambodia,2017,Large,Low_eff,13.3633,existing_stock
Cambodia,2018,Large,Low_eff,13.5276,existing_stock
Cambodia,2019,Large,Low_eff,15.6361,existing_stock
Cambodia,2020,Large,Low_eff,13.8413,existing_stock
Cambodia,2021,Large,Low_eff,16.004,existing_stock
Cambodia,2022,Large,Low_eff,16.1765,existing_stock
Cambodia,2023,Large,Low_eff,18.3906,existing_stock
Cambodia,2024,Large,Low_eff,20.6475,existing_stock
Cambodia,2025,Large,Low_eff,22.94,existing_stock
Cambodia,2026,Large,Low_eff,22.0431,retirement_survival
Cambodia,2027,Large,Low_eff,21.0699,retirement_survival
Cambodia,2028,Large,Low_eff,20.0205,retirement_survival
Cambodia,2029,Large,Low_eff,18.8983,retirement_survival
Cambodia,2030,Large,Low_eff,17.7095,retirement_survival
Cambodia,2031,Large,Low_eff,16.4633,retirement_survival
Cambodia,2032,Large,Low_eff,15.1718,retirement_survival
Cambodia,2033,Large,Low_eff,13.8492,retirement_survival
Cambodia,2034,Large,Low_eff,12.512,retirement_survival
Cambodia,2035,Large,Low_eff,11.1781,retirement_survival
Cambodia,2036,Large,Low_eff,9.8661,retirement_survival
Cambodia,2037,Large,Low_eff,8.595,retirement_survival
Cambodia,2038,Large,Low_eff,7.3827,retirement_survival
Cambodia,2039,Large,Low_eff,6.246,retirement_survival
Cambodia,2040,Large,Low_eff,5.1988,retirement_survival
Cambodia,2041,Large,Low_eff,4.2523,retirement_survival
Cambodia,2042,Large,Low_eff,3.4138,retirement_survival
Cambodia,2043,Large,Low_eff,2.6866,retirement_survival
Cambodia,2044,Large,Low_eff,2.0699,retirement_survival
Cambodia,2045,Large,Low_eff,1.5594,retirement_survival
Cambodia,2046,Large,Low_eff,1.1471,retirement_survival
Cambodia,2047,Large,Low_eff,0.8229,retirement_survival
Cambodia,2048,Large,Low_eff,0.5749,retirement_survival
Cambodia,2049,Large,Low_eff,0.3906,retirement_survival
Cambodia,2050,Large,Low_eff,0.2577,retirement_survival
Cambodia,2051,Large,Low_eff,0.165,retirement_survival
Cambodia,2052,Large,Low_eff,0.1023,retirement_survival
Cambodia,2053,Large,Low_eff,0.0614,retirement_survival
Cambodia,2054,Large,Low_eff,0.0356,retirement_survival
Cambodia,2055,Large,Low_eff,0.0199,retirement_survival
Cambodia,2056,Large,Low_eff,0.0107,retirement_survival
Cambodia,2057,Large,Low_eff,0.0056,retirement_survival
Cambodia,2058,Large,Low_eff,0.0028,retirement_survival
Cambodia,2059,Large,Low_eff,0.0013,retirement_survival
Cambodia,2060,Large,Low_eff,0.0006,retirement_survival
Cambodia,2005,Large,Mid_eff,6.713,existing_stock
Cambodia,2006,Large,Mid_eff,7.5034,existing_stock
Cambodia,2007,Large,Mid_eff,8.3879,existing_stock
Cambodia,2008,Large,Mid_eff,9.3685,existing_stock
Cambodia,2009,Large,Mid_eff,10.4482,existing_stock
Cambodia,2010,Large,Mid_eff,11.6465,existing_stock
Cambodia,2011,Large,Mid_eff,12.9818,existing_stock
Cambodia,2012,Large,Mid_eff,14.4694,existing_stock
Cambodia,2013,Large,Mid_eff,16.1246,existing_stock
Cambodia,2014,Large,Mid_eff,17.9632,existing_stock
Cambodia,2015,Large,Mid_eff,18.2073,existing_stock
Cambodia,2016,Large,Mid_eff,22.1421,existing_stock
Cambodia,2017,Large,Mid_eff,26.1733,existing_stock
Cambodia,2018,Large,Mid_eff,26.4949,existing_stock
Cambodia,2019,Large,Mid_eff,30.6248,existing_stock
Cambodia,2020,Large,Mid_eff,27.1093,existing_stock
Cambodia,2021,Large,Mid_eff,31.3452,existing_stock
Cambodia,2022,Large,Mid_eff,31.6831,existing_stock
Cambodia,2023,Large,Mid_eff,36.0197,existing_stock
Cambodia,2024,Large,Mid_eff,40.44,existing_stock
Cambodia,2025,Large,Mid_eff,44.93,existing_stock
Cambodia,2026,Large,Mid_eff,43.1732,retirement_survival
Cambodia,2027,Large,Mid_eff,41.2672,retirement_survival
Cambodia,2028,Large,Mid_eff,39.212,retirement_survival
Cambodia,2029,Large,Mid_eff,37.014,retirement_survival
Cambodia,2030,Large,Mid_eff,34.6856,retirement_survival
Cambodia,2031,Large,Mid_eff,32.2448,retirement_survival
Cambodia,2032,Large,Mid_eff,29.7152,retirement_survival
Cambodia,2033,Large,Mid_eff,27.1249,retirement_survival
Cambodia,2034,Large,Mid_eff,24.5058,retirement_survival
Cambodia,2035,Large,Mid_eff,21.8932,retirement_survival
Cambodia,2036,Large,Mid_eff,19.3236,retirement_survival
Cambodia,2037,Large,Mid_eff,16.834,retirement_survival
Cambodia,2038,Large,Mid_eff,14.4597,retirement_survival
Cambodia,2039,Large,Mid_eff,12.2333,retirement_survival
Cambodia,2040,Large,Mid_eff,10.1824,retirement_survival
Cambodia,2041,Large,Mid_eff,8.3286,retirement_survival
Cambodia,2042,Large,Mid_eff,6.6862,retirement_survival
Cambodia,2043,Large,Mid_eff,5.2619,retirement_survival
Cambodia,2044,Large,Mid_eff,4.0542,retirement_survival
Cambodia,2045,Large,Mid_eff,3.0541,retirement_survival
Cambodia,2046,Large,Mid_eff,2.2467,retirement_survival
Cambodia,2047,Large,Mid_eff,1.6116,retirement_survival
Cambodia,2048,Large,Mid_eff,1.1259,retirement_survival
Cambodia,2049,Large,Mid_eff,0.765,retirement_survival
Cambodia,2050,Large,Mid_eff,0.5048,retirement_survival
Cambodia,2051,Large,Mid_eff,0.3231,retirement_survival
Cambodia,2052,Large,Mid_eff,0.2003,retirement_survival
Cambodia,2053,Large,Mid_eff,0.1202,retirement_survival
Cambodia,2054,Large,Mid_eff,0.0696,retirement_survival
Cambodia,2055,Large,Mid_eff,0.0389,retirement_survival
Cambodia,2056,Large,Mid_eff,0.021,retirement_survival
Cambodia,2057,Large,Mid_eff,0.0109,retirement_survival
Cambodia,2058,Large,Mid_eff,0.0054,retirement_survival
Cambodia,2059,Large,Mid_eff,0.0026,retirement_survival
Cambodia,2060,Large,Mid_eff,0.0012,retirement_survival
Cambodia,2005,Medium,High_eff,10.8801,existing_stock
Cambodia,2006,Medium,High_eff,12.161,existing_stock
Cambodia,2007,Medium,High_eff,13.5946,existing_stock
Cambodia,2008,Medium,High_eff,15.1839,existing_stock
Cambodia,2009,Medium,High_eff,16.9339,existing_stock
Cambodia,2010,Medium,High_eff,18.876,existing_stock
Cambodia,2011,Medium,High_eff,21.0401,existing_stock
Cambodia,2012,Medium,High_eff,23.4512,existing_stock
Cambodia,2013,Medium,High_eff,26.1338,existing_stock
Cambodia,2014,Medium,High_eff,29.1137,existing_stock
Cambodia,2015,Medium,High_eff,29.5093,existing_stock
Cambodia,2016,Medium,High_eff,35.8867,existing_stock
Cambodia,2017,Medium,High_eff,42.4202,existing_stock
Cambodia,2018,Medium,High_eff,42.9415,existing_stock
Cambodia,2019,Medium,High_eff,49.6349,existing_stock
Cambodia,2020,Medium,High_eff,43.9373,existing_stock
Cambodia,2021,Medium,High_eff,50.8025,existing_stock
Cambodia,2022,Medium,High_eff,51.3501,existing_stock
Cambodia,2023,Medium,High_eff,58.3787,existing_stock
Cambodia,2024,Medium,High_eff,65.5428,existing_stock
Cambodia,2025,Medium,High_eff,72.82,existing_stock
Cambodia,2026,Medium,High_eff,69.9728,retirement_survival
Cambodia,2027,Medium,High_eff,66.8835,retirement_survival
Cambodia,2028,Medium,High_eff,63.5525,retirement_survival
Cambodia,2029,Medium,High_eff,59.9902,retirement_survival
Cambodia,2030,Medium,High_eff,56.2164,retirement_survival
Cambodia,2031,Medium,High_eff,52.2606,retirement_survival
Cambodia,2032,Medium,High_eff,48.1608,retirement_survival
Cambodia,2033,Medium,High_eff,43.9624,retirement_survival
Cambodia,2034,Medium,High_eff,39.7177,retirement_survival
Cambodia,2035,Medium,High_eff,35.4833,retirement_survival
Cambodia,2036,Medium,High_eff,31.3186,retirement_survival
Cambodia,2037,Medium,High_eff,27.2835,retirement_survival
Cambodia,2038,Medium,High_eff,23.4355,retirement_survival
Cambodia,2039,Medium,High_eff,19.827,retirement_survival
Cambodia,2040,Medium,High_eff,16.503,retirement_survival
Cambodia,2041,Medium,High_eff,13.4985,retirement_survival
Cambodia,2042,Medium,High_eff,10.8367,retirement_survival
Cambodia,2043,Medium,High_eff,8.5282,retirement_survival
Cambodia,2044,Medium,High_eff,6.5708,retirement_survival
Cambodia,2045,Medium,High_eff,4.95,retirement_survival
Cambodia,2046,Medium,High_eff,3.6413,retirement_survival
Cambodia,2047,Medium,High_eff,2.6121,retirement_survival
Cambodia,2048,Medium,High_eff,1.8248,retirement_survival
Cambodia,2049,Medium,High_eff,1.2398,retirement_survival
Cambodia,2050,Medium,High_eff,0.8182,retirement_survival
Cambodia,2051,Medium,High_eff,0.5237,retirement_survival
Cambodia,2052,Medium,High_eff,0.3247,retirement_survival
Cambodia,2053,Medium,High_eff,0.1948,retirement_survival
Cambodia,2054,Medium,High_eff,0.1129,retirement_survival
Cambodia,2055,Medium,High_eff,0.0631,retirement_survival
Cambodia,2056,Medium,High_eff,0.034,retirement_survival
Cambodia,2057,Medium,High_eff,0.0176,retirement_survival
Cambodia,2058,Medium,High_eff,0.0088,retirement_survival
Cambodia,2059,Medium,High_eff,0.0042,retirement_survival
Cambodia,2060,Medium,High_eff,0.0019,retirement_survival
Cambodia,2005,Medium,Low_eff,6.3993,existing_stock
Cambodia,2006,Medium,Low_eff,7.1527,existing_stock
Cambodia,2007,Medium,Low_eff,7.9958,existing_stock
Cambodia,2008,Medium,Low_eff,8.9306,existing_stock
Cambodia,2009,Medium,Low_eff,9.9599,existing_stock
Cambodia,2010,Medium,Low_eff,11.1021,existing_stock
Cambodia,2011,Medium,Low_eff,12.375,existing_stock
Cambodia,2012,Medium,Low_eff,13.7931,existing_stock
Cambodia,2013,Medium,Low_eff,15.3709,existing_stock
Cambodia,2014,Medium,Low_eff,17.1236,existing_stock
Cambodia,2015,Medium,Low_eff,17.3563,existing_stock
Cambodia,2016,Medium,Low_eff,21.1072,existing_stock
Cambodia,2017,Medium,Low_eff,24.9499,existing_stock
Cambodia,2018,Medium,Low_eff,25.2566,existing_stock
Cambodia,2019,Medium,Low_eff,29.1934,existing_stock
Cambodia,2020,Medium,Low_eff,25.8423,existing_stock
Cambodia,2021,Medium,Low_eff,29.8801,existing_stock
Cambodia,2022,Medium,Low_eff,30.2022,existing_stock
Cambodia,2023,Medium,Low_eff,34.3361,existing_stock
Cambodia,2024,Medium,Low_eff,38.5498,existing_stock
Cambodia,2025,Medium,Low_eff,42.83,existing_stock
Cambodia,2026,Medium,Low_eff,41.1554,retirement_survival
Cambodia,2027,Medium,Low_eff,39.3384,retirement_survival
Cambodia,2028,Medium,Low_eff,37.3792,retirement_survival
Cambodia,2029,Medium,Low_eff,35.284,retirement_survival
Cambodia,2030,Medium,Low_eff,33.0644,retirement_survival
Cambodia,2031,Medium,Low_eff,30.7378,retirement_survival
Cambodia,2032,Medium,Low_eff,28.3264,retirement_survival
Cambodia,2033,Medium,Low_eff,25.8571,retirement_survival
Cambodia,2034,Medium,Low_eff,23.3605,retirement_survival
Cambodia,2035,Medium,Low_eff,20.8699,retirement_survival
Cambodia,2036,Medium,Low_eff,18.4205,retirement_survival
Cambodia,2037,Medium,Low_eff,16.0472,retirement_survival
Cambodia,2038,Medium,Low_eff,13.7839,retirement_survival
Cambodia,2039,Medium,Low_eff,11.6615,retirement_survival
Cambodia,2040,Medium,Low_eff,9.7064,retirement_survival
Cambodia,2041,Medium,Low_eff,7.9393,retirement_survival
Cambodia,2042,Medium,Low_eff,6.3737,retirement_survival
Cambodia,2043,Medium,Low_eff,5.016,retirement_survival
Cambodia,2044,Medium,Low_eff,3.8647,retirement_survival
Cambodia,2045,Medium,Low_eff,2.9114,retirement_survival
Cambodia,2046,Medium,Low_eff,2.1417,retirement_survival
Cambodia,2047,Medium,Low_eff,1.5363,retirement_survival
Cambodia,2048,Medium,Low_eff,1.0733,retirement_survival
Cambodia,2049,Medium,Low_eff,0.7292,retirement_survival
Cambodia,2050,Medium,Low_eff,0.4812,retirement_survival
Cambodia,2051,Medium,Low_eff,0.308,retirement_survival
Cambodia,2052,Medium,Low_eff,0.191,retirement_survival
Cambodia,2053,Medium,Low_eff,0.1146,retirement_survival
Cambodia,2054,Medium,Low_eff,0.0664,retirement_survival
Cambodia,2055,Medium,Low_eff,0.0371,retirement_survival
Cambodia,2056,Medium,Low_eff,0.02,retirement_survival
Cambodia,2057,Medium,Low_eff,0.0104,retirement_survival
Cambodia,2058,Medium,Low_eff,0.0052,retirement_survival
Cambodia,2059,Medium,Low_eff,0.0025,retirement_survival
Cambodia,2060,Medium,Low_eff,0.0011,retirement_survival
Cambodia,2005,Medium,Mid_eff,7.9636,existing_stock
Cambodia,2006,Medium,Mid_eff,8.9012,existing_stock
Cambodia,2007,Medium,Mid_eff,9.9504,existing_stock
Cambodia,2008,Medium,Mid_eff,11.1138,existing_stock
Cambodia,2009,Medium,Mid_eff,12.3946,existing_stock
Cambodia,2010,Medium,Mid_eff,13.8161,existing_stock
Cambodia,2011,Medium,Mid_eff,15.4001,existing_stock
Cambodia,2012,Medium,Mid_eff,17.1649,existing_stock
Cambodia,2013,Medium,Mid_eff,19.1284,existing_stock
Cambodia,2014,Medium,Mid_eff,21.3095,existing_stock
Cambodia,2015,Medium,Mid_eff,21.5991,existing_stock
Cambodia,2016,Medium,Mid_eff,26.267,existing_stock
Cambodia,2017,Medium,Mid_eff,31.0491,existing_stock
Cambodia,2018,Medium,Mid_eff,31.4307,existing_stock
Cambodia,2019,Medium,Mid_eff,36.3298,existing_stock
Cambodia,2020,Medium,Mid_eff,32.1595,existing_stock
Cambodia,2021,Medium,Mid_eff,37.1845,existing_stock
Cambodia,2022,Medium,Mid_eff,37.5853,existing_stock
Cambodia,2023,Medium,Mid_eff,42.7298,existing_stock
Cambodia,2024,Medium,Mid_eff,47.9735,existing_stock
Cambodia,2025,Medium,Mid_eff,53.3,existing_stock
Cambodia,2026,Medium,Mid_eff,51.216,retirement_survival
Cambodia,2027,Medium,Mid_eff,48.9548,retirement_survival
Cambodia,2028,Medium,Mid_eff,46.5168,retirement_survival
Cambodia,2029,Medium,Mid_eff,43.9093,retirement_survival
Cambodia,2030,Medium,Mid_eff,41.1471,retirement_survival
Cambodia,2031,Medium,Mid_eff,38.2517,retirement_survival
Cambodia,2032,Medium,Mid_eff,35.2509,retirement_survival
Cambodia,2033,Medium,Mid_eff,32.178,retirement_survival
Cambodia,2034,Medium,Mid_eff,29.071,retirement_survival
Cambodia,2035,Medium,Mid_eff,25.9717,retirement_survival
Cambodia,2036,Medium,Mid_eff,22.9234,retirement_survival
Cambodia,2037,Medium,Mid_eff,19.97,retirement_survival
Cambodia,2038,Medium,Mid_eff,17.1534,retirement_survival
Cambodia,2039,Medium,Mid_eff,14.5122,retirement_survival
Cambodia,2040,Medium,Mid_eff,12.0792,retirement_survival
Cambodia,2041,Medium,Mid_eff,9.8801,retirement_survival
Cambodia,2042,Medium,Mid_eff,7.9318,retirement_survival
Cambodia,2043,Medium,Mid_eff,6.2422,retirement_survival
Cambodia,2044,Medium,Mid_eff,4.8094,retirement_survival
Cambodia,2045,Medium,Mid_eff,3.6231,retirement_survival
Cambodia,2046,Medium,Mid_eff,2.6652,retirement_survival
Cambodia,2047,Medium,Mid_eff,1.9119,retirement_survival
Cambodia,2048,Medium,Mid_eff,1.3356,retirement_survival
Cambodia,2049,Medium,Mid_eff,0.9075,retirement_survival
Cambodia,2050,Medium,Mid_eff,0.5989,retirement_survival
Cambodia,2051,Medium,Mid_eff,0.3833,retirement_survival
Cambodia,2052,Medium,Mid_eff,0.2377,retirement_survival
Cambodia,2053,Medium,Mid_eff,0.1426,retirement_survival
Cambodia,2054,Medium,Mid_eff,0.0826,retirement_survival
Cambodia,2055,Medium,Mid_eff,0.0462,retirement_survival
Cambodia,2056,Medium,Mid_eff,0.0249,retirement_survival
Cambodia,2057,Medium,Mid_eff,0.0129,retirement_survival
Cambodia,2058,Medium,Mid_eff,0.0064,retirement_survival
Cambodia,2059,Medium,Mid_eff,0.0031,retirement_survival
Cambodia,2060,Medium,Mid_eff,0.0014,retirement_survival
Cambodia,2005,Small,High_eff,6.834,existing_stock
Cambodia,2006,Small,High_eff,7.6386,existing_stock
Cambodia,2007,Small,High_eff,8.5391,existing_stock
Cambodia,2008,Small,High_eff,9.5374,existing_stock
Cambodia,2009,Small,High_eff,10.6366,existing_stock
Cambodia,2010,Small,High_eff,11.8565,existing_stock
Cambodia,2011,Small,High_eff,13.2158,existing_stock
Cambodia,2012,Small,High_eff,14.7303,existing_stock
Cambodia,2013,Small,High_eff,16.4153,existing_stock
Cambodia,2014,Small,High_eff,18.287,existing_stock
Cambodia,2015,Small,High_eff,18.5355,existing_stock
Cambodia,2016,Small,High_eff,22.5413,existing_stock
Cambodia,2017,Small,High_eff,26.6451,existing_stock
Cambodia,2018,Small,High_eff,26.9726,existing_stock
Cambodia,2019,Small,High_eff,31.1769,existing_stock
Cambodia,2020,Small,High_eff,27.5981,existing_stock
Cambodia,2021,Small,High_eff,31.9103,existing_stock
Cambodia,2022,Small,High_eff,32.2542,existing_stock
Cambodia,2023,Small,High_eff,36.669,existing_stock
Cambodia,2024,Small,High_eff,41.169,existing_stock
Cambodia,2025,Small,High_eff,45.74,existing_stock
Cambodia,2026,Small,High_eff,43.9516,retirement_survival
Cambodia,2027,Small,High_eff,42.0111,retirement_survival
Cambodia,2028,Small,High_eff,39.9189,retirement_survival
Cambodia,2029,Small,High_eff,37.6813,retirement_survival
Cambodia,2030,Small,High_eff,35.3109,retirement_survival
Cambodia,2031,Small,High_eff,32.8262,retirement_survival
Cambodia,2032,Small,High_eff,30.2509,retirement_survival
Cambodia,2033,Small,High_eff,27.6139,retirement_survival
Cambodia,2034,Small,High_eff,24.9477,retirement_survival
Cambodia,2035,Small,High_eff,22.2879,retirement_survival
Cambodia,2036,Small,High_eff,19.672,retirement_survival
Cambodia,2037,Small,High_eff,17.1375,retirement_survival
Cambodia,2038,Small,High_eff,14.7204,retirement_survival
Cambodia,2039,Small,High_eff,12.4538,retirement_survival
Cambodia,2040,Small,High_eff,10.3659,retirement_survival
Cambodia,2041,Small,High_eff,8.4787,retirement_survival
Cambodia,2042,Small,High_eff,6.8068,retirement_survival
Cambodia,2043,Small,High_eff,5.3568,retirement_survival
Cambodia,2044,Small,High_eff,4.1273,retirement_survival
Cambodia,2045,Small,High_eff,3.1092,retirement_survival
Cambodia,2046,Small,High_eff,2.2872,retirement_survival
Cambodia,2047,Small,High_eff,1.6407,retirement_survival
Cambodia,2048,Small,High_eff,1.1462,retirement_survival
Cambodia,2049,Small,High_eff,0.7788,retirement_survival
Cambodia,2050,Small,High_eff,0.5139,retirement_survival
Cambodia,2051,Small,High_eff,0.3289,retirement_survival
Cambodia,2052,Small,High_eff,0.204,retirement_survival
Cambodia,2053,Small,High_eff,0.1223,retirement_survival
Cambodia,2054,Small,High_eff,0.0709,retirement_survival
Cambodia,2055,Small,High_eff,0.0396,retirement_survival
Cambodia,2056,Small,High_eff,0.0214,retirement_survival
Cambodia,2057,Small,High_eff,0.0111,retirement_survival
Cambodia,2058,Small,High_eff,0.0055,retirement_survival
Cambodia,2059,Small,High_eff,0.0026,retirement_survival
Cambodia,2060,Small,High_eff,0.0012,retirement_survival
Cambodia,2005,Small,Low_eff,5.2339,existing_stock
Cambodia,2006,Small,Low_eff,5.8501,existing_stock
Cambodia,2007,Small,Low_eff,6.5397,existing_stock
Cambodia,2008,Small,Low_eff,7.3042,existing_stock
Cambodia,2009,Small,Low_eff,8.146,existing_stock
Cambodia,2010,Small,Low_eff,9.0803,existing_stock
Cambodia,2011,Small,Low_eff,10.1213,existing_stock
Cambodia,2012,Small,Low_eff,11.2812,existing_stock
Cambodia,2013,Small,Low_eff,12.5716,existing_stock
Cambodia,2014,Small,Low_eff,14.0051,existing_stock
Cambodia,2015,Small,Low_eff,14.1954,existing_stock
Cambodia,2016,Small,Low_eff,17.2633,existing_stock
Cambodia,2017,Small,Low_eff,20.4062,existing_stock
Cambodia,2018,Small,Low_eff,20.657,existing_stock
Cambodia,2019,Small,Low_eff,23.8768,existing_stock
Cambodia,2020,Small,Low_eff,21.136,existing_stock
Cambodia,2021,Small,Low_eff,24.4385,existing_stock
Cambodia,2022,Small,Low_eff,24.7019,existing_stock
Cambodia,2023,Small,Low_eff,28.083,existing_stock
Cambodia,2024,Small,Low_eff,31.5293,existing_stock
Cambodia,2025,Small,Low_eff,35.03,existing_stock
Cambodia,2026,Small,Low_eff,33.6603,retirement_survival
Cambodia,2027,Small,Low_eff,32.1743,retirement_survival
Cambodia,2028,Small,Low_eff,30.5719,retirement_survival
Cambodia,2029,Small,Low_eff,28.8582,retirement_survival
Cambodia,2030,Small,Low_eff,27.0429,retirement_survival
Cambodia,2031,Small,Low_eff,25.1399,retirement_survival
Cambodia,2032,Small,Low_eff,23.1677,retirement_survival
Cambodia,2033,Small,Low_eff,21.1481,retirement_survival
Cambodia,2034,Small,Low_eff,19.1062,retirement_survival
Cambodia,2035,Small,Low_eff,17.0692,retirement_survival
Cambodia,2036,Small,Low_eff,15.0658,retirement_survival
Cambodia,2037,Small,Low_eff,13.1247,retirement_survival
Cambodia,2038,Small,Low_eff,11.2736,retirement_survival
Cambodia,2039,Small,Low_eff,9.5378,retirement_survival
Cambodia,2040,Small,Low_eff,7.9388,retirement_survival
Cambodia,2041,Small,Low_eff,6.4934,retirement_survival
Cambodia,2042,Small,Low_eff,5.213,retirement_survival
Cambodia,2043,Small,Low_eff,4.1025,retirement_survival
Cambodia,2044,Small,Low_eff,3.1609,retirement_survival
Cambodia,2045,Small,Low_eff,2.3812,retirement_survival
Cambodia,2046,Small,Low_eff,1.7516,retirement_survival
Cambodia,2047,Small,Low_eff,1.2565,retirement_survival
Cambodia,2048,Small,Low_eff,0.8778,retirement_survival
Cambodia,2049,Small,Low_eff,0.5964,retirement_survival
Cambodia,2050,Small,Low_eff,0.3936,retirement_survival
Cambodia,2051,Small,Low_eff,0.2519,retirement_survival
Cambodia,2052,Small,Low_eff,0.1562,retirement_survival
Cambodia,2053,Small,Low_eff,0.0937,retirement_survival
Cambodia,2054,Small,Low_eff,0.0543,retirement_survival
Cambodia,2055,Small,Low_eff,0.0304,retirement_survival
Cambodia,2056,Small,Low_eff,0.0164,retirement_survival
Cambodia,2057,Small,Low_eff,0.0085,retirement_survival
Cambodia,2058,Small,Low_eff,0.0042,retirement_survival
Cambodia,2059,Small,Low_eff,0.002,retirement_survival
Cambodia,2060,Small,Low_eff,0.0009,retirement_survival
Cambodia,2005,Small,Mid_eff,9.4846,existing_stock
Cambodia,2006,Small,Mid_eff,10.6012,existing_stock
Cambodia,2007,Small,Mid_eff,11.8509,existing_stock
Cambodia,2008,Small,Mid_eff,13.2364,existing_stock
Cambodia,2009,Small,Mid_eff,14.7619,existing_stock
Cambodia,2010,Small,Mid_eff,16.4549,existing_stock
Cambodia,2011,Small,Mid_eff,18.3415,existing_stock
Cambodia,2012,Small,Mid_eff,20.4434,existing_stock
Cambodia,2013,Small,Mid_eff,22.7818,existing_stock
Cambodia,2014,Small,Mid_eff,25.3795,existing_stock
Cambodia,2015,Small,Mid_eff,25.7244,existing_stock
Cambodia,2016,Small,Mid_eff,31.2838,existing_stock
Cambodia,2017,Small,Mid_eff,36.9793,existing_stock
Cambodia,2018,Small,Mid_eff,37.4337,existing_stock
Cambodia,2019,Small,Mid_eff,43.2686,existing_stock
Cambodia,2020,Small,Mid_eff,38.3018,existing_stock
Cambodia,2021,Small,Mid_eff,44.2865,existing_stock
Cambodia,2022,Small,Mid_eff,44.7639,existing_stock
Cambodia,2023,Small,Mid_eff,50.8909,existing_stock
Cambodia,2024,Small,Mid_eff,57.1362,existing_stock
Cambodia,2025,Small,Mid_eff,63.48,existing_stock
Cambodia,2026,Small,Mid_eff,60.9979,retirement_survival
Cambodia,2027,Small,Mid_eff,58.3049,retirement_survival
Cambodia,2028,Small,Mid_eff,55.4012,retirement_survival
Cambodia,2029,Small,Mid_eff,52.2957,retirement_survival
Cambodia,2030,Small,Mid_eff,49.006,retirement_survival
Cambodia,2031,Small,Mid_eff,45.5576,retirement_survival
Cambodia,2032,Small,Mid_eff,41.9836,retirement_survival
Cambodia,2033,Small,Mid_eff,38.3238,retirement_survival
Cambodia,2034,Small,Mid_eff,34.6235,retirement_survival
Cambodia,2035,Small,Mid_eff,30.9322,retirement_survival
Cambodia,2036,Small,Mid_eff,27.3017,retirement_survival
Cambodia,2037,Small,Mid_eff,23.7841,retirement_survival
Cambodia,2038,Small,Mid_eff,20.4296,retirement_survival
Cambodia,2039,Small,Mid_eff,17.284,retirement_survival
Cambodia,2040,Small,Mid_eff,14.3863,retirement_survival
Cambodia,2041,Small,Mid_eff,11.7671,retirement_survival
Cambodia,2042,Small,Mid_eff,9.4468,retirement_survival
Cambodia,2043,Small,Mid_eff,7.4344,retirement_survival
Cambodia,2044,Small,Mid_eff,5.728,retirement_survival
Cambodia,2045,Small,Mid_eff,4.3151,retirement_survival
Cambodia,2046,Small,Mid_eff,3.1742,retirement_survival
Cambodia,2047,Small,Mid_eff,2.277,retirement_survival
Cambodia,2048,Small,Mid_eff,1.5907,retirement_survival
Cambodia,2049,Small,Mid_eff,1.0808,retirement_survival
Cambodia,2050,Small,Mid_eff,0.7132,retirement_survival
Cambodia,2051,Small,Mid_eff,0.4565,retirement_survival
Cambodia,2052,Small,Mid_eff,0.2831,retirement_survival
Cambodia,2053,Small,Mid_eff,0.1698,retirement_survival
Cambodia,2054,Small,Mid_eff,0.0984,retirement_survival
Cambodia,2055,Small,Mid_eff,0.055,retirement_survival
Cambodia,2056,Small,Mid_eff,0.0296,retirement_survival
Cambodia,2057,Small,Mid_eff,0.0154,retirement_survival
Cambodia,2058,Small,Mid_eff,0.0077,retirement_survival
Cambodia,2059,Small,Mid_eff,0.0037,retirement_survival
Cambodia,2060,Small,Mid_eff,0.0017,retirement_survival
Indonesia,2005,Large,High_eff,402.3985,existing_stock
Indonesia,2006,Large,High_eff,434.47,existing_stock
Indonesia,2007,Large,High_eff,469.1564,existing_stock
Indonesia,2008,Large,High_eff,506.5629,existing_stock
Indonesia,2009,Large,High_eff,546.7844,existing_stock
Indonesia,2010,Large,High_eff,590.0814,existing_stock
Indonesia,2011,Large,High_eff,636.8338,existing_stock
Indonesia,2012,Large,High_eff,687.2917,existing_stock
Indonesia,2013,Large,High_eff,741.4278,existing_stock
Indonesia,2014,Large,High_eff,799.4017,existing_stock
Indonesia,2015,Large,High_eff,858.8521,existing_stock
Indonesia,2016,Large,High_eff,919.0537,existing_stock
Indonesia,2017,Large,High_eff,1005.7126,existing_stock
Indonesia,2018,Large,High_eff,1067.5527,existing_stock
Indonesia,2019,Large,High_eff,1156.4597,existing_stock
Indonesia,2020,Large,High_eff,1113.2094,existing_stock
Indonesia,2021,Large,High_eff,1174.3495,existing_stock
Indonesia,2022,Large,High_eff,1262.4293,existing_stock
Indonesia,2023,Large,High_eff,1352.9193,existing_stock
Indonesia,2024,Large,High_eff,1473.0719,existing_stock
Indonesia,2025,Large,High_eff,1567.17,existing_stock
Indonesia,2026,Large,High_eff,1497.2797,retirement_survival
Indonesia,2027,Large,High_eff,1423.0114,retirement_survival
Indonesia,2028,Large,High_eff,1344.4868,retirement_survival
Indonesia,2029,Large,High_eff,1262.0144,retirement_survival
Indonesia,2030,Large,High_eff,1176.081,retirement_survival
Indonesia,2031,Large,High_eff,1087.342,retirement_survival
Indonesia,2032,Large,High_eff,996.608,retirement_survival
Indonesia,2033,Large,High_eff,904.8266,retirement_survival
Indonesia,2034,Large,High_eff,813.0574,retirement_survival
Indonesia,2035,Large,High_eff,722.4403,retirement_survival
Indonesia,2036,Large,High_eff,634.1546,retirement_survival
Indonesia,2037,Large,High_eff,549.3719,retirement_survival
Indonesia,2038,Large,High_eff,469.2023,retirement_survival
Indonesia,2039,Large,High_eff,394.6397,retirement_survival
Indonesia,2040,Large,High_eff,326.5087,retirement_survival
Indonesia,2041,Large,High_eff,265.4189,retirement_survival
Indonesia,2042,Large,High_eff,211.7327,retirement_survival
Indonesia,2043,Large,High_eff,165.549,retirement_survival
Indonesia,2044,Large,High_eff,126.7074,retirement_survival
Indonesia,2045,Large,High_eff,94.8114,retirement_survival
Indonesia,2046,Large,High_eff,69.2695,retirement_survival
Indonesia,2047,Large,High_eff,49.3497,retirement_survival
Indonesia,2048,Large,High_eff,34.2391,retirement_survival
Indonesia,2049,Large,High_eff,23.104,retirement_survival
Indonesia,2050,Large,High_eff,15.1431,retirement_survival
Indonesia,2051,Large,High_eff,9.6281,retirement_survival
Indonesia,2052,Large,High_eff,5.9306,retirement_survival
Indonesia,2053,Large,High_eff,3.5345,retirement_survival
Indonesia,2054,Large,High_eff,2.0355,retirement_survival
Indonesia,2055,Large,High_eff,1.1312,retirement_survival
Indonesia,2056,Large,High_eff,0.6059,retirement_survival
Indonesia,2057,Large,High_eff,0.3124,retirement_survival
Indonesia,2058,Large,High_eff,0.1549,retirement_survival
Indonesia,2059,Large,High_eff,0.0737,retirement_survival
Indonesia,2060,Large,High_eff,0.0336,retirement_survival
Indonesia,2005,Large,Low_eff,451.3256,existing_stock
Indonesia,2006,Large,Low_eff,487.2966,existing_stock
Indonesia,2007,Large,Low_eff,526.2004,existing_stock
Indonesia,2008,Large,Low_eff,568.1552,existing_stock
Indonesia,2009,Large,Low_eff,613.2672,existing_stock
Indonesia,2010,Large,Low_eff,661.8286,existing_stock
Indonesia,2011,Large,Low_eff,714.2655,existing_stock
Indonesia,2012,Large,Low_eff,770.8586,existing_stock
Indonesia,2013,Large,Low_eff,831.5769,existing_stock
Indonesia,2014,Large,Low_eff,896.5998,existing_stock
Indonesia,2015,Large,Low_eff,963.2787,existing_stock
Indonesia,2016,Large,Low_eff,1030.8001,existing_stock
Indonesia,2017,Large,Low_eff,1127.9958,existing_stock
Indonesia,2018,Large,Low_eff,1197.355,existing_stock
Indonesia,2019,Large,Low_eff,1297.072,existing_stock
Indonesia,2020,Large,Low_eff,1248.563,existing_stock
Indonesia,2021,Large,Low_eff,1317.137,existing_stock
Indonesia,2022,Large,Low_eff,1415.9264,existing_stock
Indonesia,2023,Large,Low_eff,1517.4189,existing_stock
Indonesia,2024,Large,Low_eff,1652.1807,existing_stock
Indonesia,2025,Large,Low_eff,1757.72,existing_stock
Indonesia,2026,Large,Low_eff,1679.3319,retirement_survival
Indonesia,2027,Large,Low_eff,1596.0334,retirement_survival
Indonesia,2028,Large,Low_eff,1507.9611,retirement_survival
Indonesia,2029,Large,Low_eff,1415.4609,retirement_survival
Indonesia,2030,Large,Low_eff,1319.079,retirement_survival
Indonesia,2031,Large,Low_eff,1219.5504,retirement_survival
Indonesia,2032,Large,Low_eff,1117.7842,retirement_survival
Indonesia,2033,Large,Low_eff,1014.8432,retirement_survival
Indonesia,2034,Large,Low_eff,911.9159,retirement_survival
Indonesia,2035,Large,Low_eff,810.2808,retirement_survival
Indonesia,2036,Large,Low_eff,711.2606,retirement_survival
Indonesia,2037,Large,Low_eff,616.1692,retirement_survival
Indonesia,2038,Large,Low_eff,526.2519,retirement_survival
Indonesia,2039,Large,Low_eff,442.6234,retirement_survival
Indonesia,2040,Large,Low_eff,366.2084,retirement_survival
Indonesia,2041,Large,Low_eff,297.6908,retirement_survival
Indonesia,2042,Large,Low_eff,237.477,retirement_survival
Indonesia,2043,Large,Low_eff,185.6779,retirement_survival
Indonesia,2044,Large,Low_eff,142.1136,retirement_survival
Indonesia,2045,Large,Low_eff,106.3393,retirement_survival
Indonesia,2046,Large,Low_eff,77.6919,retirement_survival
Indonesia,2047,Large,Low_eff,55.3501,retirement_survival
Indonesia,2048,Large,Low_eff,38.4022,retirement_survival
Indonesia,2049,Large,Low_eff,25.9132,retirement_survival
Indonesia,2050,Large,Low_eff,16.9844,retirement_survival
Indonesia,2051,Large,Low_eff,10.7988,retirement_survival
Indonesia,2052,Large,Low_eff,6.6517,retirement_survival
Indonesia,2053,Large,Low_eff,3.9642,retirement_survival
Indonesia,2054,Large,Low_eff,2.2829,retirement_survival
Indonesia,2055,Large,Low_eff,1.2688,retirement_survival
Indonesia,2056,Large,Low_eff,0.6796,retirement_survival
Indonesia,2057,Large,Low_eff,0.3504,retirement_survival
Indonesia,2058,Large,Low_eff,0.1737,retirement_survival
Indonesia,2059,Large,Low_eff,0.0827,retirement_survival
Indonesia,2060,Large,Low_eff,0.0377,retirement_survival
Indonesia,2005,Large,Mid_eff,585.3532,existing_stock
Indonesia,2006,Large,Mid_eff,632.0063,existing_stock
Indonesia,2007,Large,Mid_eff,682.4631,existing_stock
Indonesia,2008,Large,Mid_eff,736.877,existing_stock
Indonesia,2009,Large,Mid_eff,795.3856,existing_stock
Indonesia,2010,Large,Mid_eff,858.368,existing_stock
Indonesia,2011,Large,Mid_eff,926.3768,existing_stock
Indonesia,2012,Large,Mid_eff,999.776,existing_stock
Indonesia,2013,Large,Mid_eff,1078.5256,existing_stock
Indonesia,2014,Large,Mid_eff,1162.8579,existing_stock
Indonesia,2015,Large,Mid_eff,1249.3381,existing_stock
Indonesia,2016,Large,Mid_eff,1336.9109,existing_stock
Indonesia,2017,Large,Mid_eff,1462.9702,existing_stock
Indonesia,2018,Large,Mid_eff,1552.9266,existing_stock
Indonesia,2019,Large,Mid_eff,1682.256,existing_stock
Indonesia,2020,Large,Mid_eff,1619.3415,existing_stock
Indonesia,2021,Large,Mid_eff,1708.2796,existing_stock
Indonesia,2022,Large,Mid_eff,1836.4059,existing_stock
Indonesia,2023,Large,Mid_eff,1968.038,existing_stock
Indonesia,2024,Large,Mid_eff,2142.8193,existing_stock
Indonesia,2025,Large,Mid_eff,2279.7,existing_stock
Indonesia,2026,Large,Mid_eff,2178.0334,retirement_survival
Indonesia,2027,Large,Mid_eff,2069.9982,retirement_survival
Indonesia,2028,Large,Mid_eff,1955.7716,retirement_survival
Indonesia,2029,Large,Mid_eff,1835.8022,retirement_survival
Indonesia,2030,Large,Mid_eff,1710.7983,retirement_survival
Indonesia,2031,Large,Mid_eff,1581.7133,retirement_survival
Indonesia,2032,Large,Mid_eff,1449.7262,retirement_survival
Indonesia,2033,Large,Mid_eff,1316.2153,retirement_survival
Indonesia,2034,Large,Mid_eff,1182.7223,retirement_survival
Indonesia,2035,Large,Mid_eff,1050.9052,retirement_survival
Indonesia,2036,Large,Mid_eff,922.4796,retirement_survival
Indonesia,2037,Large,Mid_eff,799.1495,retirement_survival
Indonesia,2038,Large,Mid_eff,682.53,retirement_survival
Indonesia,2039,Large,Mid_eff,574.0668,retirement_survival
Indonesia,2040,Large,Mid_eff,474.9592,retirement_survival
Indonesia,2041,Large,Mid_eff,386.0943,retirement_survival
Indonesia,2042,Large,Mid_eff,307.9991,retirement_survival
Indonesia,2043,Large,Mid_eff,240.8176,retirement_survival
Indonesia,2044,Large,Mid_eff,184.3163,retirement_survival
Indonesia,2045,Large,Mid_eff,137.9183,retirement_survival
Indonesia,2046,Large,Mid_eff,100.7637,retirement_survival
Indonesia,2047,Large,Mid_eff,71.7871,retirement_survival
Indonesia,2048,Large,Mid_eff,49.8062,retirement_survival
Indonesia,2049,Large,Mid_eff,33.6085,retirement_survival
Indonesia,2050,Large,Mid_eff,22.0281,retirement_survival
Indonesia,2051,Large,Mid_eff,14.0056,retirement_survival
Indonesia,2052,Large,Mid_eff,8.627,retirement_survival
Indonesia,2053,Large,Mid_eff,5.1415,retirement_survival
Indonesia,2054,Large,Mid_eff,2.9609,retirement_survival
Indonesia,2055,Large,Mid_eff,1.6456,retirement_survival
Indonesia,2056,Large,Mid_eff,0.8814,retirement_survival
Indonesia,2057,Large,Mid_eff,0.4545,retirement_survival
Indonesia,2058,Large,Mid_eff,0.2253,retirement_survival
Indonesia,2059,Large,Mid_eff,0.1072,retirement_survival
Indonesia,2060,Large,Mid_eff,0.0489,retirement_survival
Indonesia,2005,Medium,High_eff,460.5436,existing_stock
Indonesia,2006,Medium,High_eff,497.2492,existing_stock
Indonesia,2007,Medium,High_eff,536.9476,existing_stock
Indonesia,2008,Medium,High_eff,579.7593,existing_stock
Indonesia,2009,Medium,High_eff,625.7927,existing_stock
Indonesia,2010,Medium,High_eff,675.3459,existing_stock
Indonesia,2011,Medium,High_eff,728.8538,existing_stock
Indonesia,2012,Medium,High_eff,786.6027,existing_stock
Indonesia,2013,Medium,High_eff,848.5612,existing_stock
Indonesia,2014,Medium,High_eff,914.9121,existing_stock
Indonesia,2015,Medium,High_eff,982.9529,existing_stock
Indonesia,2016,Medium,High_eff,1051.8534,existing_stock
Indonesia,2017,Medium,High_eff,1151.0342,existing_stock
Indonesia,2018,Medium,High_eff,1221.81,existing_stock
Indonesia,2019,Medium,High_eff,1323.5636,existing_stock
Indonesia,2020,Medium,High_eff,1274.0639,existing_stock
Indonesia,2021,Medium,High_eff,1344.0385,existing_stock
Indonesia,2022,Medium,High_eff,1444.8455,existing_stock
Indonesia,2023,Medium,High_eff,1548.4109,existing_stock
Indonesia,2024,Medium,High_eff,1685.9251,existing_stock
Indonesia,2025,Medium,High_eff,1793.62,existing_stock
Indonesia,2026,Medium,High_eff,1713.6309,retirement_survival
Indonesia,2027,Medium,High_eff,1628.6311,retirement_survival
Indonesia,2028,Medium,High_eff,1538.76,retirement_survival
Indonesia,2029,Medium,High_eff,1444.3706,retirement_survival
Indonesia,2030,Medium,High_eff,1346.0201,retirement_survival
Indonesia,2031,Medium,High_eff,1244.4587,retirement_survival
Indonesia,2032,Medium,High_eff,1140.614,retirement_survival
Indonesia,2033,Medium,High_eff,1035.5705,retirement_survival
Indonesia,2034,Medium,High_eff,930.5411,retirement_survival
Indonesia,2035,Medium,High_eff,826.8301,retirement_survival
Indonesia,2036,Medium,High_eff,725.7875,retirement_survival
Indonesia,2037,Medium,High_eff,628.754,retirement_survival
Indonesia,2038,Medium,High_eff,537.0002,retirement_survival
Indonesia,2039,Medium,High_eff,451.6637,retirement_survival
Indonesia,2040,Medium,High_eff,373.6879,retirement_survival
Indonesia,2041,Medium,High_eff,303.7709,retirement_survival
Indonesia,2042,Medium,High_eff,242.3272,retirement_survival
Indonesia,2043,Medium,High_eff,189.4702,retirement_survival
Indonesia,2044,Medium,High_eff,145.0162,retirement_survival
Indonesia,2045,Medium,High_eff,108.5112,retirement_survival
Indonesia,2046,Medium,High_eff,79.2787,retirement_survival
Indonesia,2047,Medium,High_eff,56.4806,retirement_survival
Indonesia,2048,Medium,High_eff,39.1865,retirement_survival
Indonesia,2049,Medium,High_eff,26.4425,retirement_survival
Indonesia,2050,Medium,High_eff,17.3313,retirement_survival
Indonesia,2051,Medium,High_eff,11.0193,retirement_survival
Indonesia,2052,Medium,High_eff,6.7875,retirement_survival
Indonesia,2053,Medium,High_eff,4.0452,retirement_survival
Indonesia,2054,Medium,High_eff,2.3296,retirement_survival
Indonesia,2055,Medium,High_eff,1.2947,retirement_survival
Indonesia,2056,Medium,High_eff,0.6935,retirement_survival
Indonesia,2057,Medium,High_eff,0.3576,retirement_survival
Indonesia,2058,Medium,High_eff,0.1772,retirement_survival
Indonesia,2059,Medium,High_eff,0.0844,retirement_survival
Indonesia,2060,Medium,High_eff,0.0385,retirement_survival
Indonesia,2005,Medium,Low_eff,891.4998,existing_stock
Indonesia,2006,Medium,Low_eff,962.553,existing_stock
Indonesia,2007,Medium,Low_eff,1039.3994,existing_stock
Indonesia,2008,Medium,Low_eff,1122.2723,existing_stock
Indonesia,2009,Medium,Low_eff,1211.3816,existing_stock
Indonesia,2010,Medium,Low_eff,1307.3046,existing_stock
Indonesia,2011,Medium,Low_eff,1410.8828,existing_stock
Indonesia,2012,Medium,Low_eff,1522.6706,existing_stock
Indonesia,2013,Medium,Low_eff,1642.6071,existing_stock
Indonesia,2014,Medium,Low_eff,1771.0463,existing_stock
Indonesia,2015,Medium,Low_eff,1902.7566,existing_stock
Indonesia,2016,Medium,Low_eff,2036.1311,existing_stock
Indonesia,2017,Medium,Low_eff,2228.1209,existing_stock
Indonesia,2018,Medium,Low_eff,2365.1255,existing_stock
Indonesia,2019,Medium,Low_eff,2562.0957,existing_stock
Indonesia,2020,Medium,Low_eff,2466.2763,existing_stock
Indonesia,2021,Medium,Low_eff,2601.73,existing_stock
Indonesia,2022,Medium,Low_eff,2796.8678,existing_stock
Indonesia,2023,Medium,Low_eff,2997.3451,existing_stock
Indonesia,2024,Medium,Low_eff,3263.539,existing_stock
Indonesia,2025,Medium,Low_eff,3472.01,existing_stock
Indonesia,2026,Medium,Low_eff,3317.1706,retirement_survival
Indonesia,2027,Medium,Low_eff,3152.6317,retirement_survival
Indonesia,2028,Medium,Low_eff,2978.6633,retirement_survival
Indonesia,2029,Medium,Low_eff,2795.9485,retirement_survival
Indonesia,2030,Medium,Low_eff,2605.566,retirement_survival
Indonesia,2031,Medium,Low_eff,2408.968,retirement_survival
Indonesia,2032,Medium,Low_eff,2207.9501,retirement_survival
Indonesia,2033,Medium,Low_eff,2004.6115,retirement_survival
Indonesia,2034,Medium,Low_eff,1801.3001,retirement_survival
Indonesia,2035,Medium,Low_eff,1600.541,retirement_survival
Indonesia,2036,Medium,Low_eff,1404.9472,retirement_survival
Indonesia,2037,Medium,Low_eff,1217.1141,retirement_survival
Indonesia,2038,Medium,Low_eff,1039.5012,retirement_survival
Indonesia,2039,Medium,Low_eff,874.3105,retirement_survival
Indonesia,2040,Medium,Low_eff,723.3685,retirement_survival
Indonesia,2041,Medium,Low_eff,588.0262,retirement_survival
Indonesia,2042,Medium,Low_eff,469.0863,retirement_survival
Indonesia,2043,Medium,Low_eff,366.7681,retirement_survival
Indonesia,2044,Medium,Low_eff,280.7158,retirement_survival
Indonesia,2045,Medium,Low_eff,210.0512,retirement_survival
Indonesia,2046,Medium,Low_eff,153.4642,retirement_survival
Indonesia,2047,Medium,Low_eff,109.3326,retirement_survival
Indonesia,2048,Medium,Low_eff,75.8555,retirement_survival
Indonesia,2049,Medium,Low_eff,51.1862,retirement_survival
Indonesia,2050,Medium,Low_eff,33.5491,retirement_survival
Indonesia,2051,Medium,Low_eff,21.3307,retirement_survival
Indonesia,2052,Medium,Low_eff,13.139,retirement_survival
Indonesia,2053,Medium,Low_eff,7.8305,retirement_survival
Indonesia,2054,Medium,Low_eff,4.5095,retirement_survival
Indonesia,2055,Medium,Low_eff,2.5062,retirement_survival
Indonesia,2056,Medium,Low_eff,1.3424,retirement_survival
Indonesia,2057,Medium,Low_eff,0.6922,retirement_survival
Indonesia,2058,Medium,Low_eff,0.3431,retirement_survival
Indonesia,2059,Medium,Low_eff,0.1633,retirement_survival
Indonesia,2060,Medium,Low_eff,0.0745,retirement_survival
Indonesia,2005,Medium,Mid_eff,571.783,existing_stock
Indonesia,2006,Medium,Mid_eff,617.3545,existing_stock
Indonesia,2007,Medium,Mid_eff,666.6417,existing_stock
Indonesia,2008,Medium,Mid_eff,719.794,existing_stock
Indonesia,2009,Medium,Mid_eff,776.9463,existing_stock
Indonesia,2010,Medium,Mid_eff,838.4686,existing_stock
Indonesia,2011,Medium,Mid_eff,904.9007,existing_stock
Indonesia,2012,Medium,Mid_eff,976.5983,existing_stock
Indonesia,2013,Medium,Mid_eff,1053.5222,existing_stock
Indonesia,2014,Medium,Mid_eff,1135.8995,existing_stock
Indonesia,2015,Medium,Mid_eff,1220.3748,existing_stock
Indonesia,2016,Medium,Mid_eff,1305.9175,existing_stock
Indonesia,2017,Medium,Mid_eff,1429.0544,existing_stock
Indonesia,2018,Medium,Mid_eff,1516.9253,existing_stock
Indonesia,2019,Medium,Mid_eff,1643.2565,existing_stock
Indonesia,2020,Medium,Mid_eff,1581.8006,existing_stock
Indonesia,2021,Medium,Mid_eff,1668.6768,existing_stock
Indonesia,2022,Medium,Mid_eff,1793.8327,existing_stock
Indonesia,2023,Medium,Mid_eff,1922.4132,existing_stock
Indonesia,2024,Medium,Mid_eff,2093.1425,existing_stock
Indonesia,2025,Medium,Mid_eff,2226.85,existing_stock
Indonesia,2026,Medium,Mid_eff,2127.5403,retirement_survival
Indonesia,2027,Medium,Mid_eff,2022.0097,retirement_survival
Indonesia,2028,Medium,Mid_eff,1910.4312,retirement_survival
Indonesia,2029,Medium,Mid_eff,1793.2431,retirement_survival
Indonesia,2030,Medium,Mid_eff,1671.1371,retirement_survival
Indonesia,2031,Medium,Mid_eff,1545.0446,retirement_survival
Indonesia,2032,Medium,Mid_eff,1416.1173,retirement_survival
Indonesia,2033,Medium,Mid_eff,1285.7017,retirement_survival
Indonesia,2034,Medium,Mid_eff,1155.3034,retirement_survival
Indonesia,2035,Medium,Mid_eff,1026.5422,retirement_survival
Indonesia,2036,Medium,Mid_eff,901.0938,retirement_survival
Indonesia,2037,Medium,Mid_eff,780.6229,retirement_survival
Indonesia,2038,Medium,Mid_eff,666.707,retirement_survival
Indonesia,2039,Medium,Mid_eff,560.7582,retirement_survival
Indonesia,2040,Medium,Mid_eff,463.9483,retirement_survival
Indonesia,2041,Medium,Mid_eff,377.1436,retirement_survival
Indonesia,2042,Medium,Mid_eff,300.8588,retirement_survival
Indonesia,2043,Medium,Mid_eff,235.2348,retirement_survival
Indonesia,2044,Medium,Mid_eff,180.0433,retirement_survival
Indonesia,2045,Medium,Mid_eff,134.721,retirement_survival
Indonesia,2046,Medium,Mid_eff,98.4277,retirement_survival
Indonesia,2047,Medium,Mid_eff,70.1228,retirement_survival
Indonesia,2048,Medium,Mid_eff,48.6516,retirement_survival
Indonesia,2049,Medium,Mid_eff,32.8294,retirement_survival
Indonesia,2050,Medium,Mid_eff,21.5175,retirement_survival
Indonesia,2051,Medium,Mid_eff,13.6809,retirement_survival
Indonesia,2052,Medium,Mid_eff,8.427,retirement_survival
Indonesia,2053,Medium,Mid_eff,5.0223,retirement_survival
Indonesia,2054,Medium,Mid_eff,2.8923,retirement_survival
Indonesia,2055,Medium,Mid_eff,1.6074,retirement_survival
Indonesia,2056,Medium,Mid_eff,0.861,retirement_survival
Indonesia,2057,Medium,Mid_eff,0.4439,retirement_survival
Indonesia,2058,Medium,Mid_eff,0.22,retirement_survival
Indonesia,2059,Medium,Mid_eff,0.1047,retirement_survival
Indonesia,2060,Medium,Mid_eff,0.0478,retirement_survival
Indonesia,2005,Small,High_eff,1228.3251,existing_stock
Indonesia,2006,Small,High_eff,1326.2234,existing_stock
Indonesia,2007,Small,High_eff,1432.1038,existing_stock
Indonesia,2008,Small,High_eff,1546.2877,existing_stock
Indonesia,2009,Small,High_eff,1669.0642,existing_stock
Indonesia,2010,Small,High_eff,1801.2286,existing_stock
Indonesia,2011,Small,High_eff,1943.9406,existing_stock
Indonesia,2012,Small,High_eff,2097.9639,existing_stock
Indonesia,2013,Small,High_eff,2263.2147,existing_stock
Indonesia,2014,Small,High_eff,2440.1805,existing_stock
Indonesia,2015,Small,High_eff,2621.6535,existing_stock
Indonesia,2016,Small,High_eff,2805.4194,existing_stock
Indonesia,2017,Small,High_eff,3069.9465,existing_stock
Indonesia,2018,Small,High_eff,3258.7139,existing_stock
Indonesia,2019,Small,High_eff,3530.1032,existing_stock
Indonesia,2020,Small,High_eff,3398.0814,existing_stock
Indonesia,2021,Small,High_eff,3584.7121,existing_stock
Indonesia,2022,Small,High_eff,3853.5765,existing_stock
Indonesia,2023,Small,High_eff,4129.7979,existing_stock
Indonesia,2024,Small,High_eff,4496.5648,existing_stock
Indonesia,2025,Small,High_eff,4783.8,existing_stock
Indonesia,2026,Small,High_eff,4570.4593,retirement_survival
Indonesia,2027,Small,High_eff,4343.7547,retirement_survival
Indonesia,2028,Small,High_eff,4104.0577,retirement_survival
Indonesia,2029,Small,High_eff,3852.3098,retirement_survival
Indonesia,2030,Small,High_eff,3589.9973,retirement_survival
Indonesia,2031,Small,High_eff,3319.1209,retirement_survival
Indonesia,2032,Small,High_eff,3042.1547,retirement_survival
Indonesia,2033,Small,High_eff,2761.991,retirement_survival
Indonesia,2034,Small,High_eff,2481.8648,retirement_survival
Indonesia,2035,Small,High_eff,2205.2552,retirement_survival
Indonesia,2036,Small,High_eff,1935.7624,retirement_survival
Indonesia,2037,Small,High_eff,1676.9624,retirement_survival
Indonesia,2038,Small,High_eff,1432.2441,retirement_survival
Indonesia,2039,Small,High_eff,1204.6412,retirement_survival
Indonesia,2040,Small,High_eff,996.6706,retirement_survival
Indonesia,2041,Small,High_eff,810.1935,retirement_survival
Indonesia,2042,Small,High_eff,646.3159,retirement_survival
Indonesia,2043,Small,High_eff,505.3399,retirement_survival
Indonesia,2044,Small,High_eff,386.7755,retirement_survival
Indonesia,2045,Small,High_eff,289.4125,retirement_survival
Indonesia,2046,Small,High_eff,211.4459,retirement_survival
Indonesia,2047,Small,High_eff,150.6404,retirement_survival
Indonesia,2048,Small,High_eff,104.5151,retirement_survival
Indonesia,2049,Small,High_eff,70.5253,retirement_survival
Indonesia,2050,Small,High_eff,46.2246,retirement_survival
Indonesia,2051,Small,High_eff,29.3899,retirement_survival
Indonesia,2052,Small,High_eff,18.1032,retirement_survival
Indonesia,2053,Small,High_eff,10.789,retirement_survival
Indonesia,2054,Small,High_eff,6.2133,retirement_survival
Indonesia,2055,Small,High_eff,3.4531,retirement_survival
Indonesia,2056,Small,High_eff,1.8496,retirement_survival
Indonesia,2057,Small,High_eff,0.9537,retirement_survival
Indonesia,2058,Small,High_eff,0.4727,retirement_survival
Indonesia,2059,Small,High_eff,0.225,retirement_survival
Indonesia,2060,Small,High_eff,0.1027,retirement_survival
Indonesia,2005,Small,Low_eff,2967.2814,existing_stock
Indonesia,2006,Small,Low_eff,3203.7757,existing_stock
Indonesia,2007,Small,Low_eff,3459.5525,existing_stock
Indonesia,2008,Small,Low_eff,3735.3879,existing_stock
Indonesia,2009,Small,Low_eff,4031.9808,existing_stock
Indonesia,2010,Small,Low_eff,4351.2522,existing_stock
Indonesia,2011,Small,Low_eff,4696.0035,existing_stock
Indonesia,2012,Small,Low_eff,5068.0797,existing_stock
Indonesia,2013,Small,Low_eff,5467.2782,existing_stock
Indonesia,2014,Small,Low_eff,5894.777,existing_stock
Indonesia,2015,Small,Low_eff,6333.1635,existing_stock
Indonesia,2016,Small,Low_eff,6777.0893,existing_stock
Indonesia,2017,Small,Low_eff,7416.1111,existing_stock
Indonesia,2018,Small,Low_eff,7872.1191,existing_stock
Indonesia,2019,Small,Low_eff,8527.7177,existing_stock
Indonesia,2020,Small,Low_eff,8208.7908,existing_stock
Indonesia,2021,Small,Low_eff,8659.6372,existing_stock
Indonesia,2022,Small,Low_eff,9309.1366,existing_stock
Indonesia,2023,Small,Low_eff,9976.4084,existing_stock
Indonesia,2024,Small,Low_eff,10862.4121,existing_stock
Indonesia,2025,Small,Low_eff,11556.29,existing_stock
Indonesia,2026,Small,Low_eff,11040.9201,retirement_survival
Indonesia,2027,Small,Low_eff,10493.2666,retirement_survival
Indonesia,2028,Small,Low_eff,9914.2274,retirement_survival
Indonesia,2029,Small,Low_eff,9306.0767,retirement_survival
Indonesia,2030,Small,Low_eff,8672.4049,retirement_survival
Indonesia,2031,Small,Low_eff,8018.045,retirement_survival
Indonesia,2032,Small,Low_eff,7348.974,retirement_survival
Indonesia,2033,Small,Low_eff,6672.1788,retirement_survival
Indonesia,2034,Small,Low_eff,5995.4741,retirement_survival
Indonesia,2035,Small,Low_eff,5327.2646,retirement_survival
Indonesia,2036,Small,Low_eff,4676.2474,retirement_survival
Indonesia,2037,Small,Low_eff,4051.0606,retirement_survival
Indonesia,2038,Small,Low_eff,3459.8913,retirement_survival
Indonesia,2039,Small,Low_eff,2910.068,retirement_survival
Indonesia,2040,Small,Low_eff,2407.6705,retirement_survival
Indonesia,2041,Small,Low_eff,1957.1953,retirement_survival
Indonesia,2042,Small,Low_eff,1561.3139,retirement_survival
Indonesia,2043,Small,Low_eff,1220.7563,retirement_survival
Indonesia,2044,Small,Low_eff,934.3388,retirement_survival
Indonesia,2045,Small,Low_eff,699.1377,retirement_survival
Indonesia,2046,Small,Low_eff,510.7926,retirement_survival
Indonesia,2047,Small,Low_eff,363.9041,retirement_survival
Indonesia,2048,Small,Low_eff,252.4785,retirement_survival
Indonesia,2049,Small,Low_eff,170.3689,retirement_survival
Indonesia,2050,Small,Low_eff,111.6653,retirement_survival
Indonesia,2051,Small,Low_eff,70.9975,retirement_survival
Indonesia,2052,Small,Low_eff,43.7321,retirement_survival
Indonesia,2053,Small,Low_eff,26.0632,retirement_survival
Indonesia,2054,Small,Low_eff,15.0095,retirement_survival
Indonesia,2055,Small,Low_eff,8.3417,retirement_survival
Indonesia,2056,Small,Low_eff,4.4682,retirement_survival
Indonesia,2057,Small,Low_eff,2.3038,retirement_survival
Indonesia,2058,Small,Low_eff,1.142,retirement_survival
Indonesia,2059,Small,Low_eff,0.5435,retirement_survival
Indonesia,2060,Small,Low_eff,0.248,retirement_survival
Indonesia,2005,Small,Mid_eff,2764.0498,existing_stock
Indonesia,2006,Small,Mid_eff,2984.3464,existing_stock
Indonesia,2007,Small,Mid_eff,3222.6048,existing_stock
Indonesia,2008,Small,Mid_eff,3479.5481,existing_stock
Indonesia,2009,Small,Mid_eff,3755.827,existing_stock
Indonesia,2010,Small,Mid_eff,4053.2313,existing_stock
Indonesia,2011,Small,Mid_eff,4374.3702,existing_stock
Indonesia,2012,Small,Mid_eff,4720.9627,existing_stock
Indonesia,2013,Small,Mid_eff,5092.8197,existing_stock
Indonesia,2014,Small,Mid_eff,5491.0388,existing_stock
Indonesia,2015,Small,Mid_eff,5899.3998,existing_stock
Indonesia,2016,Small,Mid_eff,6312.9208,existing_stock
Indonesia,2017,Small,Mid_eff,6908.1754,existing_stock
Indonesia,2018,Small,Mid_eff,7332.951,existing_stock
Indonesia,2019,Small,Mid_eff,7943.6472,existing_stock
Indonesia,2020,Small,Mid_eff,7646.5639,existing_stock
Indonesia,2021,Small,Mid_eff,8066.5313,existing_stock
Indonesia,2022,Small,Mid_eff,8671.546,existing_stock
Indonesia,2023,Small,Mid_eff,9293.1158,existing_stock
Indonesia,2024,Small,Mid_eff,10118.4363,existing_stock
Indonesia,2025,Small,Mid_eff,10764.79,existing_stock
Indonesia,2026,Small,Mid_eff,10284.7182,retirement_survival
Indonesia,2027,Small,Mid_eff,9774.5739,retirement_survival
Indonesia,2028,Small,Mid_eff,9235.1936,retirement_survival
Indonesia,2029,Small,Mid_eff,8668.6957,retirement_survival
Indonesia,2030,Small,Mid_eff,8078.4246,retirement_survival
Indonesia,2031,Small,Mid_eff,7468.8823,retirement_survival
Indonesia,2032,Small,Mid_eff,6845.6366,retirement_survival
Indonesia,2033,Small,Mid_eff,6215.1957,retirement_survival
Indonesia,2034,Small,Mid_eff,5584.8391,retirement_survival
Indonesia,2035,Small,Mid_eff,4962.3957,retirement_survival
Indonesia,2036,Small,Mid_eff,4355.9673,retirement_survival
Indonesia,2037,Small,Mid_eff,3773.6001,retirement_survival
Indonesia,2038,Small,Mid_eff,3222.9205,retirement_survival
Indonesia,2039,Small,Mid_eff,2710.755,retirement_survival
Indonesia,2040,Small,Mid_eff,2242.7671,retirement_survival
Indonesia,2041,Small,Mid_eff,1823.1454,retirement_survival
Indonesia,2042,Small,Mid_eff,1454.3782,retirement_survival
Indonesia,2043,Small,Mid_eff,1137.1457,retirement_survival
Indonesia,2044,Small,Mid_eff,870.3451,retirement_survival
Indonesia,2045,Small,Mid_eff,651.2532,retirement_survival
Indonesia,2046,Small,Mid_eff,475.808,retirement_survival
Indonesia,2047,Small,Mid_eff,338.98,retirement_survival
Indonesia,2048,Small,Mid_eff,235.186,retirement_survival
Indonesia,2049,Small,Mid_eff,158.7002,retirement_survival
Indonesia,2050,Small,Mid_eff,104.0173,retirement_survival
Indonesia,2051,Small,Mid_eff,66.1349,retirement_survival
Indonesia,2052,Small,Mid_eff,40.7369,retirement_survival
Indonesia,2053,Small,Mid_eff,24.2781,retirement_survival
Indonesia,2054,Small,Mid_eff,13.9814,retirement_survival
Indonesia,2055,Small,Mid_eff,7.7703,retirement_survival
Indonesia,2056,Small,Mid_eff,4.1622,retirement_survival
Indonesia,2057,Small,Mid_eff,2.146,retirement_survival
Indonesia,2058,Small,Mid_eff,1.0637,retirement_survival
Indonesia,2059,Small,Mid_eff,0.5062,retirement_survival
Indonesia,2060,Small,Mid_eff,0.231,retirement_survival
Lao PDR,2005,Large,High_eff,4.3758,existing_stock
Lao PDR,2006,Large,High_eff,4.8664,existing_stock
Lao PDR,2007,Large,High_eff,5.4117,existing_stock
Lao PDR,2008,Large,High_eff,6.0163,existing_stock
Lao PDR,2009,Large,High_eff,6.6865,existing_stock
Lao PDR,2010,Large,High_eff,7.4289,existing_stock
Lao PDR,2011,Large,High_eff,8.2512,existing_stock
Lao PDR,2012,Large,High_eff,9.162,existing_stock
Lao PDR,2013,Large,High_eff,10.1705,existing_stock
Lao PDR,2014,Large,High_eff,11.2857,existing_stock
Lao PDR,2015,Large,High_eff,13.083,existing_stock
Lao PDR,2016,Large,High_eff,14.1135,existing_stock
Lao PDR,2017,Large,High_eff,16.0178,existing_stock
Lao PDR,2018,Large,High_eff,17.9748,existing_stock
Lao PDR,2019,Large,High_eff,19.1145,existing_stock
Lao PDR,2020,Large,High_eff,20.2808,existing_stock
Lao PDR,2021,Large,High_eff,20.5735,existing_stock
Lao PDR,2022,Large,High_eff,22.677,existing_stock
Lao PDR,2023,Large,High_eff,23.9108,existing_stock
Lao PDR,2024,Large,High_eff,25.1651,existing_stock
Lao PDR,2025,Large,High_eff,26.44,existing_stock
Lao PDR,2026,Large,High_eff,25.2907,retirement_survival
Lao PDR,2027,Large,High_eff,24.0442,retirement_survival
Lao PDR,2028,Large,High_eff,22.7047,retirement_survival
Lao PDR,2029,Large,High_eff,21.2802,retirement_survival
Lao PDR,2030,Large,High_eff,19.783,retirement_survival
Lao PDR,2031,Large,High_eff,18.2286,retirement_survival
Lao PDR,2032,Large,High_eff,16.6358,retirement_survival
Lao PDR,2033,Large,High_eff,15.0258,retirement_survival
Lao PDR,2034,Large,High_eff,13.4212,retirement_survival
Lao PDR,2035,Large,High_eff,11.8454,retirement_survival
Lao PDR,2036,Large,High_eff,10.3215,retirement_survival
Lao PDR,2037,Large,High_eff,8.8712,retirement_survival
Lao PDR,2038,Large,High_eff,7.5139,retirement_survival
Lao PDR,2039,Large,High_eff,6.2656,retirement_survival
Lao PDR,2040,Large,High_eff,5.1384,retirement_survival
Lao PDR,2041,Large,High_eff,4.1402,retirement_survival
Lao PDR,2042,Large,High_eff,3.2737,retirement_survival
Lao PDR,2043,Large,High_eff,2.5375,retirement_survival
Lao PDR,2044,Large,High_eff,1.9258,retirement_survival
Lao PDR,2045,Large,High_eff,1.4294,retirement_survival
Lao PDR,2046,Large,High_eff,1.0362,retirement_survival
Lao PDR,2047,Large,High_eff,0.7328,retirement_survival
Lao PDR,2048,Large,High_eff,0.5049,retirement_survival
Lao PDR,2049,Large,High_eff,0.3385,retirement_survival
Lao PDR,2050,Large,High_eff,0.2206,retirement_survival
Lao PDR,2051,Large,High_eff,0.1395,retirement_survival
Lao PDR,2052,Large,High_eff,0.0855,retirement_survival
Lao PDR,2053,Large,High_eff,0.0507,retirement_survival
Lao PDR,2054,Large,High_eff,0.0291,retirement_survival
Lao PDR,2055,Large,High_eff,0.0161,retirement_survival
Lao PDR,2056,Large,High_eff,0.0086,retirement_survival
Lao PDR,2057,Large,High_eff,0.0044,retirement_survival
Lao PDR,2058,Large,High_eff,0.0022,retirement_survival
Lao PDR,2059,Large,High_eff,0.001,retirement_survival
Lao PDR,2060,Large,High_eff,0.0005,retirement_survival
Lao PDR,2005,Large,Low_eff,7.7685,existing_stock
Lao PDR,2006,Large,Low_eff,8.6395,existing_stock
Lao PDR,2007,Large,Low_eff,9.6075,existing_stock
Lao PDR,2008,Large,Low_eff,10.681,existing_stock
Lao PDR,2009,Large,Low_eff,11.8708,existing_stock
Lao PDR,2010,Large,Low_eff,13.1889,existing_stock
Lao PDR,2011,Large,Low_eff,14.6487,existing_stock
Lao PDR,2012,Large,Low_eff,16.2657,existing_stock
Lao PDR,2013,Large,Low_eff,18.0561,existing_stock
Lao PDR,2014,Large,Low_eff,20.036,existing_stock
Lao PDR,2015,Large,Low_eff,23.2267,existing_stock
Lao PDR,2016,Large,Low_eff,25.0563,existing_stock
Lao PDR,2017,Large,Low_eff,28.4371,existing_stock
Lao PDR,2018,Large,Low_eff,31.9115,existing_stock
Lao PDR,2019,Large,Low_eff,33.9347,existing_stock
Lao PDR,2020,Large,Low_eff,36.0053,existing_stock
Lao PDR,2021,Large,Low_eff,36.525,existing_stock
Lao PDR,2022,Large,Low_eff,40.2594,existing_stock
Lao PDR,2023,Large,Low_eff,42.4498,existing_stock
Lao PDR,2024,Large,Low_eff,44.6767,existing_stock
Lao PDR,2025,Large,Low_eff,46.94,existing_stock
Lao PDR,2026,Large,Low_eff,44.8996,retirement_survival
Lao PDR,2027,Large,Low_eff,42.6867,retirement_survival
Lao PDR,2028,Large,Low_eff,40.3085,retirement_survival
Lao PDR,2029,Large,Low_eff,37.7796,retirement_survival
Lao PDR,2030,Large,Low_eff,35.1215,retirement_survival
Lao PDR,2031,Large,Low_eff,32.362,retirement_survival
Lao PDR,2032,Large,Low_eff,29.5343,retirement_survival
Lao PDR,2033,Large,Low_eff,26.6759,retirement_survival
Lao PDR,2034,Large,Low_eff,23.8272,retirement_survival
Lao PDR,2035,Large,Low_eff,21.0296,retirement_survival
Lao PDR,2036,Large,Low_eff,18.3242,retirement_survival
Lao PDR,2037,Large,Low_eff,15.7494,retirement_survival
Lao PDR,2038,Large,Low_eff,13.3396,retirement_survival
Lao PDR,2039,Large,Low_eff,11.1235,retirement_survival
Lao PDR,2040,Large,Low_eff,9.1225,retirement_survival
Lao PDR,2041,Large,Low_eff,7.3502,retirement_survival
Lao PDR,2042,Large,Low_eff,5.812,retirement_survival
Lao PDR,2043,Large,Low_eff,4.505,retirement_survival
Lao PDR,2044,Large,Low_eff,3.419,retirement_survival
Lao PDR,2045,Large,Low_eff,2.5376,retirement_survival
Lao PDR,2046,Large,Low_eff,1.8396,retirement_survival
Lao PDR,2047,Large,Low_eff,1.301,retirement_survival
Lao PDR,2048,Large,Low_eff,0.8964,retirement_survival
Lao PDR,2049,Large,Low_eff,0.601,retirement_survival
Lao PDR,2050,Large,Low_eff,0.3916,retirement_survival
Lao PDR,2051,Large,Low_eff,0.2476,retirement_survival
Lao PDR,2052,Large,Low_eff,0.1518,retirement_survival
Lao PDR,2053,Large,Low_eff,0.0901,retirement_survival
Lao PDR,2054,Large,Low_eff,0.0517,retirement_survival
Lao PDR,2055,Large,Low_eff,0.0286,retirement_survival
Lao PDR,2056,Large,Low_eff,0.0153,retirement_survival
Lao PDR,2057,Large,Low_eff,0.0079,retirement_survival
Lao PDR,2058,Large,Low_eff,0.0039,retirement_survival
Lao PDR,2059,Large,Low_eff,0.0018,retirement_survival
Lao PDR,2060,Large,Low_eff,0.0008,retirement_survival
Lao PDR,2005,Large,Mid_eff,9.3209,existing_stock
Lao PDR,2006,Large,Mid_eff,10.3659,existing_stock
Lao PDR,2007,Large,Mid_eff,11.5274,existing_stock
Lao PDR,2008,Large,Mid_eff,12.8154,existing_stock
Lao PDR,2009,Large,Mid_eff,14.2429,existing_stock
Lao PDR,2010,Large,Mid_eff,15.8244,existing_stock
Lao PDR,2011,Large,Mid_eff,17.576,existing_stock
Lao PDR,2012,Large,Mid_eff,19.5161,existing_stock
Lao PDR,2013,Large,Mid_eff,21.6643,existing_stock
Lao PDR,2014,Large,Mid_eff,24.0398,existing_stock
Lao PDR,2015,Large,Mid_eff,27.8681,existing_stock
Lao PDR,2016,Large,Mid_eff,30.0633,existing_stock
Lao PDR,2017,Large,Mid_eff,34.1197,existing_stock
Lao PDR,2018,Large,Mid_eff,38.2883,existing_stock
Lao PDR,2019,Large,Mid_eff,40.7159,existing_stock
Lao PDR,2020,Large,Mid_eff,43.2002,existing_stock
Lao PDR,2021,Large,Mid_eff,43.8238,existing_stock
Lao PDR,2022,Large,Mid_eff,48.3045,existing_stock
Lao PDR,2023,Large,Mid_eff,50.9325,existing_stock
Lao PDR,2024,Large,Mid_eff,53.6044,existing_stock
Lao PDR,2025,Large,Mid_eff,56.32,existing_stock
Lao PDR,2026,Large,Mid_eff,53.8718,retirement_survival
Lao PDR,2027,Large,Mid_eff,51.2167,retirement_survival
Lao PDR,2028,Large,Mid_eff,48.3634,retirement_survival
Lao PDR,2029,Large,Mid_eff,45.3291,retirement_survival
Lao PDR,2030,Large,Mid_eff,42.1398,retirement_survival
Lao PDR,2031,Large,Mid_eff,38.8288,retirement_survival
Lao PDR,2032,Large,Mid_eff,35.4361,retirement_survival
Lao PDR,2033,Large,Mid_eff,32.0065,retirement_survival
Lao PDR,2034,Large,Mid_eff,28.5886,retirement_survival
Lao PDR,2035,Large,Mid_eff,25.232,retirement_survival
Lao PDR,2036,Large,Mid_eff,21.9859,retirement_survival
Lao PDR,2037,Large,Mid_eff,18.8966,retirement_survival
Lao PDR,2038,Large,Mid_eff,16.0053,retirement_survival
Lao PDR,2039,Large,Mid_eff,13.3463,retirement_survival
Lao PDR,2040,Large,Mid_eff,10.9454,retirement_survival
Lao PDR,2041,Large,Mid_eff,8.819,retirement_survival
Lao PDR,2042,Large,Mid_eff,6.9734,retirement_survival
Lao PDR,2043,Large,Mid_eff,5.4052,retirement_survival
Lao PDR,2044,Large,Mid_eff,4.1022,retirement_survival
Lao PDR,2045,Large,Mid_eff,3.0447,retirement_survival
Lao PDR,2046,Large,Mid_eff,2.2072,retirement_survival
Lao PDR,2047,Large,Mid_eff,1.561,retirement_survival
Lao PDR,2048,Large,Mid_eff,1.0756,retirement_survival
Lao PDR,2049,Large,Mid_eff,0.7211,retirement_survival
Lao PDR,2050,Large,Mid_eff,0.4699,retirement_survival
Lao PDR,2051,Large,Mid_eff,0.2971,retirement_survival
Lao PDR,2052,Large,Mid_eff,0.1821,retirement_survival
Lao PDR,2053,Large,Mid_eff,0.1081,retirement_survival
Lao PDR,2054,Large,Mid_eff,0.062,retirement_survival
Lao PDR,2055,Large,Mid_eff,0.0343,retirement_survival
Lao PDR,2056,Large,Mid_eff,0.0183,retirement_survival
Lao PDR,2057,Large,Mid_eff,0.0094,retirement_survival
Lao PDR,2058,Large,Mid_eff,0.0047,retirement_survival
Lao PDR,2059,Large,Mid_eff,0.0022,retirement_survival
Lao PDR,2060,Large,Mid_eff,0.001,retirement_survival
Lao PDR,2005,Medium,High_eff,3.2074,existing_stock
Lao PDR,2006,Medium,High_eff,3.567,existing_stock
Lao PDR,2007,Medium,High_eff,3.9666,existing_stock
Lao PDR,2008,Medium,High_eff,4.4098,existing_stock
Lao PDR,2009,Medium,High_eff,4.9011,existing_stock
Lao PDR,2010,Medium,High_eff,5.4452,existing_stock
Lao PDR,2011,Medium,High_eff,6.048,existing_stock
Lao PDR,2012,Medium,High_eff,6.7156,existing_stock
Lao PDR,2013,Medium,High_eff,7.4548,existing_stock
Lao PDR,2014,Medium,High_eff,8.2722,existing_stock
Lao PDR,2015,Medium,High_eff,9.5895,existing_stock
Lao PDR,2016,Medium,High_eff,10.3449,existing_stock
Lao PDR,2017,Medium,High_eff,11.7408,existing_stock
Lao PDR,2018,Medium,High_eff,13.1752,existing_stock
Lao PDR,2019,Medium,High_eff,14.0105,existing_stock
Lao PDR,2020,Medium,High_eff,14.8654,existing_stock
Lao PDR,2021,Medium,High_eff,15.08,existing_stock
Lao PDR,2022,Medium,High_eff,16.6218,existing_stock
Lao PDR,2023,Medium,High_eff,17.5261,existing_stock
Lao PDR,2024,Medium,High_eff,18.4456,existing_stock
Lao PDR,2025,Medium,High_eff,19.38,existing_stock
Lao PDR,2026,Medium,High_eff,18.5376,retirement_survival
Lao PDR,2027,Medium,High_eff,17.6239,retirement_survival
Lao PDR,2028,Medium,High_eff,16.6421,retirement_survival
Lao PDR,2029,Medium,High_eff,15.598,retirement_survival
Lao PDR,2030,Medium,High_eff,14.5005,retirement_survival
Lao PDR,2031,Medium,High_eff,13.3612,retirement_survival
Lao PDR,2032,Medium,High_eff,12.1937,retirement_survival
Lao PDR,2033,Medium,High_eff,11.0136,retirement_survival
Lao PDR,2034,Medium,High_eff,9.8375,retirement_survival
Lao PDR,2035,Medium,High_eff,8.6825,retirement_survival
Lao PDR,2036,Medium,High_eff,7.5655,retirement_survival
Lao PDR,2037,Medium,High_eff,6.5024,retirement_survival
Lao PDR,2038,Medium,High_eff,5.5075,retirement_survival
Lao PDR,2039,Medium,High_eff,4.5925,retirement_survival
Lao PDR,2040,Medium,High_eff,3.7664,retirement_survival
Lao PDR,2041,Medium,High_eff,3.0347,retirement_survival
Lao PDR,2042,Medium,High_eff,2.3996,retirement_survival
Lao PDR,2043,Medium,High_eff,1.86,retirement_survival
Lao PDR,2044,Medium,High_eff,1.4116,retirement_survival
Lao PDR,2045,Medium,High_eff,1.0477,retirement_survival
Lao PDR,2046,Medium,High_eff,0.7595,retirement_survival
Lao PDR,2047,Medium,High_eff,0.5371,retirement_survival
Lao PDR,2048,Medium,High_eff,0.3701,retirement_survival
Lao PDR,2049,Medium,High_eff,0.2481,retirement_survival
Lao PDR,2050,Medium,High_eff,0.1617,retirement_survival
Lao PDR,2051,Medium,High_eff,0.1022,retirement_survival
Lao PDR,2052,Medium,High_eff,0.0627,retirement_survival
Lao PDR,2053,Medium,High_eff,0.0372,retirement_survival
Lao PDR,2054,Medium,High_eff,0.0213,retirement_survival
Lao PDR,2055,Medium,High_eff,0.0118,retirement_survival
Lao PDR,2056,Medium,High_eff,0.0063,retirement_survival
Lao PDR,2057,Medium,High_eff,0.0032,retirement_survival
Lao PDR,2058,Medium,High_eff,0.0016,retirement_survival
Lao PDR,2059,Medium,High_eff,0.0008,retirement_survival
Lao PDR,2060,Medium,High_eff,0.0003,retirement_survival
Lao PDR,2005,Medium,Low_eff,9.4599,existing_stock
Lao PDR,2006,Medium,Low_eff,10.5205,existing_stock
Lao PDR,2007,Medium,Low_eff,11.6993,existing_stock
Lao PDR,2008,Medium,Low_eff,13.0065,existing_stock
Lao PDR,2009,Medium,Low_eff,14.4553,existing_stock
Lao PDR,2010,Medium,Low_eff,16.0604,existing_stock
Lao PDR,2011,Medium,Low_eff,17.8381,existing_stock
Lao PDR,2012,Medium,Low_eff,19.8072,existing_stock
Lao PDR,2013,Medium,Low_eff,21.9874,existing_stock
Lao PDR,2014,Medium,Low_eff,24.3983,existing_stock
Lao PDR,2015,Medium,Low_eff,28.2837,existing_stock
Lao PDR,2016,Medium,Low_eff,30.5116,existing_stock
Lao PDR,2017,Medium,Low_eff,34.6286,existing_stock
Lao PDR,2018,Medium,Low_eff,38.8594,existing_stock
Lao PDR,2019,Medium,Low_eff,41.3231,existing_stock
Lao PDR,2020,Medium,Low_eff,43.8445,existing_stock
Lao PDR,2021,Medium,Low_eff,44.4774,existing_stock
Lao PDR,2022,Medium,Low_eff,49.0249,existing_stock
Lao PDR,2023,Medium,Low_eff,51.6922,existing_stock
Lao PDR,2024,Medium,Low_eff,54.4039,existing_stock
Lao PDR,2025,Medium,Low_eff,57.16,existing_stock
Lao PDR,2026,Medium,Low_eff,54.6753,retirement_survival
Lao PDR,2027,Medium,Low_eff,51.9806,retirement_survival
Lao PDR,2028,Medium,Low_eff,49.0847,retirement_survival
Lao PDR,2029,Medium,Low_eff,46.0052,retirement_survival
Lao PDR,2030,Medium,Low_eff,42.7683,retirement_survival
Lao PDR,2031,Medium,Low_eff,39.408,retirement_survival
Lao PDR,2032,Medium,Low_eff,35.9646,retirement_survival
Lao PDR,2033,Medium,Low_eff,32.4839,retirement_survival
Lao PDR,2034,Medium,Low_eff,29.015,retirement_survival
Lao PDR,2035,Medium,Low_eff,25.6083,retirement_survival
Lao PDR,2036,Medium,Low_eff,22.3138,retirement_survival
Lao PDR,2037,Medium,Low_eff,19.1785,retirement_survival
Lao PDR,2038,Medium,Low_eff,16.244,retirement_survival
Lao PDR,2039,Medium,Low_eff,13.5453,retirement_survival
Lao PDR,2040,Medium,Low_eff,11.1087,retirement_survival
Lao PDR,2041,Medium,Low_eff,8.9505,retirement_survival
Lao PDR,2042,Medium,Low_eff,7.0774,retirement_survival
Lao PDR,2043,Medium,Low_eff,5.4858,retirement_survival
Lao PDR,2044,Medium,Low_eff,4.1634,retirement_survival
Lao PDR,2045,Medium,Low_eff,3.0901,retirement_survival
Lao PDR,2046,Medium,Low_eff,2.2401,retirement_survival
Lao PDR,2047,Medium,Low_eff,1.5843,retirement_survival
Lao PDR,2048,Medium,Low_eff,1.0916,retirement_survival
Lao PDR,2049,Medium,Low_eff,0.7319,retirement_survival
Lao PDR,2050,Medium,Low_eff,0.4769,retirement_survival
Lao PDR,2051,Medium,Low_eff,0.3016,retirement_survival
Lao PDR,2052,Medium,Low_eff,0.1848,retirement_survival
Lao PDR,2053,Medium,Low_eff,0.1097,retirement_survival
Lao PDR,2054,Medium,Low_eff,0.0629,retirement_survival
Lao PDR,2055,Medium,Low_eff,0.0348,retirement_survival
Lao PDR,2056,Medium,Low_eff,0.0186,retirement_survival
Lao PDR,2057,Medium,Low_eff,0.0096,retirement_survival
Lao PDR,2058,Medium,Low_eff,0.0047,retirement_survival
Lao PDR,2059,Medium,Low_eff,0.0022,retirement_survival
Lao PDR,2060,Medium,Low_eff,0.001,retirement_survival
Lao PDR,2005,Medium,Mid_eff,5.2182,existing_stock
Lao PDR,2006,Medium,Mid_eff,5.8032,existing_stock
Lao PDR,2007,Medium,Mid_eff,6.4535,existing_stock
Lao PDR,2008,Medium,Mid_eff,7.1745,existing_stock
Lao PDR,2009,Medium,Mid_eff,7.9737,existing_stock
Lao PDR,2010,Medium,Mid_eff,8.8591,existing_stock
Lao PDR,2011,Medium,Mid_eff,9.8397,existing_stock
Lao PDR,2012,Medium,Mid_eff,10.9258,existing_stock
Lao PDR,2013,Medium,Mid_eff,12.1284,existing_stock
Lao PDR,2014,Medium,Mid_eff,13.4583,existing_stock
Lao PDR,2015,Medium,Mid_eff,15.6016,existing_stock
Lao PDR,2016,Medium,Mid_eff,16.8305,existing_stock
Lao PDR,2017,Medium,Mid_eff,19.1014,existing_stock
Lao PDR,2018,Medium,Mid_eff,21.4352,existing_stock
Lao PDR,2019,Medium,Mid_eff,22.7942,existing_stock
Lao PDR,2020,Medium,Mid_eff,24.185,existing_stock
Lao PDR,2021,Medium,Mid_eff,24.5342,existing_stock
Lao PDR,2022,Medium,Mid_eff,27.0426,existing_stock
Lao PDR,2023,Medium,Mid_eff,28.5139,existing_stock
Lao PDR,2024,Medium,Mid_eff,30.0097,existing_stock
Lao PDR,2025,Medium,Mid_eff,31.53,existing_stock
Lao PDR,2026,Medium,Mid_eff,30.1594,retirement_survival
Lao PDR,2027,Medium,Mid_eff,28.673,retirement_survival
Lao PDR,2028,Medium,Mid_eff,27.0756,retirement_survival
Lao PDR,2029,Medium,Mid_eff,25.3769,retirement_survival
Lao PDR,2030,Medium,Mid_eff,23.5914,retirement_survival
Lao PDR,2031,Medium,Mid_eff,21.7378,retirement_survival
Lao PDR,2032,Medium,Mid_eff,19.8384,retirement_survival
Lao PDR,2033,Medium,Mid_eff,17.9184,retirement_survival
Lao PDR,2034,Medium,Mid_eff,16.0049,retirement_survival
Lao PDR,2035,Medium,Mid_eff,14.1258,retirement_survival
Lao PDR,2036,Medium,Mid_eff,12.3085,retirement_survival
Lao PDR,2037,Medium,Mid_eff,10.579,retirement_survival
Lao PDR,2038,Medium,Mid_eff,8.9604,retirement_survival
Lao PDR,2039,Medium,Mid_eff,7.4717,retirement_survival
Lao PDR,2040,Medium,Mid_eff,6.1276,retirement_survival
Lao PDR,2041,Medium,Mid_eff,4.9372,retirement_survival
Lao PDR,2042,Medium,Mid_eff,3.9039,retirement_survival
Lao PDR,2043,Medium,Mid_eff,3.026,retirement_survival
Lao PDR,2044,Medium,Mid_eff,2.2966,retirement_survival
Lao PDR,2045,Medium,Mid_eff,1.7045,retirement_survival
Lao PDR,2046,Medium,Mid_eff,1.2357,retirement_survival
Lao PDR,2047,Medium,Mid_eff,0.8739,retirement_survival
Lao PDR,2048,Medium,Mid_eff,0.6021,retirement_survival
Lao PDR,2049,Medium,Mid_eff,0.4037,retirement_survival
Lao PDR,2050,Medium,Mid_eff,0.2631,retirement_survival
Lao PDR,2051,Medium,Mid_eff,0.1663,retirement_survival
Lao PDR,2052,Medium,Mid_eff,0.102,retirement_survival
Lao PDR,2053,Medium,Mid_eff,0.0605,retirement_survival
Lao PDR,2054,Medium,Mid_eff,0.0347,retirement_survival
Lao PDR,2055,Medium,Mid_eff,0.0192,retirement_survival
Lao PDR,2056,Medium,Mid_eff,0.0103,retirement_survival
Lao PDR,2057,Medium,Mid_eff,0.0053,retirement_survival
Lao PDR,2058,Medium,Mid_eff,0.0026,retirement_survival
Lao PDR,2059,Medium,Mid_eff,0.0012,retirement_survival
Lao PDR,2060,Medium,Mid_eff,0.0006,retirement_survival
Lao PDR,2005,Small,High_eff,6.802,existing_stock
Lao PDR,2006,Small,High_eff,7.5646,existing_stock
Lao PDR,2007,Small,High_eff,8.4122,existing_stock
Lao PDR,2008,Small,High_eff,9.3521,existing_stock
Lao PDR,2009,Small,High_eff,10.3939,existing_stock
Lao PDR,2010,Small,High_eff,11.548,existing_stock
Lao PDR,2011,Small,High_eff,12.8262,existing_stock
Lao PDR,2012,Small,High_eff,14.242,existing_stock
Lao PDR,2013,Small,High_eff,15.8097,existing_stock
Lao PDR,2014,Small,High_eff,17.5432,existing_stock
Lao PDR,2015,Small,High_eff,20.337,existing_stock
Lao PDR,2016,Small,High_eff,21.9389,existing_stock
Lao PDR,2017,Small,High_eff,24.8991,existing_stock
Lao PDR,2018,Small,High_eff,27.9412,existing_stock
Lao PDR,2019,Small,High_eff,29.7127,existing_stock
Lao PDR,2020,Small,High_eff,31.5257,existing_stock
Lao PDR,2021,Small,High_eff,31.9808,existing_stock
Lao PDR,2022,Small,High_eff,35.2506,existing_stock
Lao PDR,2023,Small,High_eff,37.1684,existing_stock
Lao PDR,2024,Small,High_eff,39.1183,existing_stock
Lao PDR,2025,Small,High_eff,41.1,existing_stock
Lao PDR,2026,Small,High_eff,39.3134,retirement_survival
Lao PDR,2027,Small,High_eff,37.3759,retirement_survival
Lao PDR,2028,Small,High_eff,35.2936,retirement_survival
Lao PDR,2029,Small,High_eff,33.0793,retirement_survival
Lao PDR,2030,Small,High_eff,30.7519,retirement_survival
Lao PDR,2031,Small,High_eff,28.3357,retirement_survival
Lao PDR,2032,Small,High_eff,25.8598,retirement_survival
Lao PDR,2033,Small,High_eff,23.357,retirement_survival
Lao PDR,2034,Small,High_eff,20.8628,retirement_survival
Lao PDR,2035,Small,High_eff,18.4133,retirement_survival
Lao PDR,2036,Small,High_eff,16.0444,retirement_survival
Lao PDR,2037,Small,High_eff,13.79,retirement_survival
Lao PDR,2038,Small,High_eff,11.68,retirement_survival
Lao PDR,2039,Small,High_eff,9.7396,retirement_survival
Lao PDR,2040,Small,High_eff,7.9875,retirement_survival
Lao PDR,2041,Small,High_eff,6.4357,retirement_survival
Lao PDR,2042,Small,High_eff,5.0889,retirement_survival
Lao PDR,2043,Small,High_eff,3.9445,retirement_survival
Lao PDR,2044,Small,High_eff,2.9936,retirement_survival
Lao PDR,2045,Small,High_eff,2.2219,retirement_survival
Lao PDR,2046,Small,High_eff,1.6107,retirement_survival
Lao PDR,2047,Small,High_eff,1.1391,retirement_survival
Lao PDR,2048,Small,High_eff,0.7849,retirement_survival
Lao PDR,2049,Small,High_eff,0.5263,retirement_survival
Lao PDR,2050,Small,High_eff,0.3429,retirement_survival
Lao PDR,2051,Small,High_eff,0.2168,retirement_survival
Lao PDR,2052,Small,High_eff,0.1329,retirement_survival
Lao PDR,2053,Small,High_eff,0.0789,retirement_survival
Lao PDR,2054,Small,High_eff,0.0452,retirement_survival
Lao PDR,2055,Small,High_eff,0.0251,retirement_survival
Lao PDR,2056,Small,High_eff,0.0134,retirement_survival
Lao PDR,2057,Small,High_eff,0.0069,retirement_survival
Lao PDR,2058,Small,High_eff,0.0034,retirement_survival
Lao PDR,2059,Small,High_eff,0.0016,retirement_survival
Lao PDR,2060,Small,High_eff,0.0007,retirement_survival
Lao PDR,2005,Small,Low_eff,25.0399,existing_stock
Lao PDR,2006,Small,Low_eff,27.8473,existing_stock
Lao PDR,2007,Small,Low_eff,30.9676,existing_stock
Lao PDR,2008,Small,Low_eff,34.4277,existing_stock
Lao PDR,2009,Small,Low_eff,38.2626,existing_stock
Lao PDR,2010,Small,Low_eff,42.5111,existing_stock
Lao PDR,2011,Small,Low_eff,47.2168,existing_stock
Lao PDR,2012,Small,Low_eff,52.4288,existing_stock
Lao PDR,2013,Small,Low_eff,58.1996,existing_stock
Lao PDR,2014,Small,Low_eff,64.5813,existing_stock
Lao PDR,2015,Small,Low_eff,74.8657,existing_stock
Lao PDR,2016,Small,Low_eff,80.763,existing_stock
Lao PDR,2017,Small,Low_eff,91.6602,existing_stock
Lao PDR,2018,Small,Low_eff,102.859,existing_stock
Lao PDR,2019,Small,Low_eff,109.3805,existing_stock
Lao PDR,2020,Small,Low_eff,116.0544,existing_stock
Lao PDR,2021,Small,Low_eff,117.7298,existing_stock
Lao PDR,2022,Small,Low_eff,129.7668,existing_stock
Lao PDR,2023,Small,Low_eff,136.8269,existing_stock
Lao PDR,2024,Small,Low_eff,144.0048,existing_stock
Lao PDR,2025,Small,Low_eff,151.3,existing_stock
Lao PDR,2026,Small,Low_eff,144.7231,retirement_survival
Lao PDR,2027,Small,Low_eff,137.5904,retirement_survival
Lao PDR,2028,Small,Low_eff,129.925,retirement_survival
Lao PDR,2029,Small,Low_eff,121.7737,retirement_survival
Lao PDR,2030,Small,Low_eff,113.2059,retirement_survival
Lao PDR,2031,Small,Low_eff,104.3112,retirement_survival
Lao PDR,2032,Small,Low_eff,95.1968,retirement_survival
Lao PDR,2033,Small,Low_eff,85.9835,retirement_survival
Lao PDR,2034,Small,Low_eff,76.8013,retirement_survival
Lao PDR,2035,Small,Low_eff,67.7841,retirement_survival
Lao PDR,2036,Small,Low_eff,59.0637,retirement_survival
Lao PDR,2037,Small,Low_eff,50.7645,retirement_survival
Lao PDR,2038,Small,Low_eff,42.9972,retirement_survival
Lao PDR,2039,Small,Low_eff,35.8539,retirement_survival
Lao PDR,2040,Small,Low_eff,29.4041,retirement_survival
Lao PDR,2041,Small,Low_eff,23.6916,retirement_survival
Lao PDR,2042,Small,Low_eff,18.7335,retirement_survival
Lao PDR,2043,Small,Low_eff,14.5207,retirement_survival
Lao PDR,2044,Small,Low_eff,11.0203,retirement_survival
Lao PDR,2045,Small,Low_eff,8.1793,retirement_survival
Lao PDR,2046,Small,Low_eff,5.9296,retirement_survival
Lao PDR,2047,Small,Low_eff,4.1935,retirement_survival
Lao PDR,2048,Small,Low_eff,2.8894,retirement_survival
Lao PDR,2049,Small,Low_eff,1.9373,retirement_survival
Lao PDR,2050,Small,Low_eff,1.2623,retirement_survival
Lao PDR,2051,Small,Low_eff,0.7982,retirement_survival
Lao PDR,2052,Small,Low_eff,0.4893,retirement_survival
Lao PDR,2053,Small,Low_eff,0.2903,retirement_survival
Lao PDR,2054,Small,Low_eff,0.1665,retirement_survival
Lao PDR,2055,Small,Low_eff,0.0922,retirement_survival
Lao PDR,2056,Small,Low_eff,0.0493,retirement_survival
Lao PDR,2057,Small,Low_eff,0.0253,retirement_survival
Lao PDR,2058,Small,Low_eff,0.0125,retirement_survival
Lao PDR,2059,Small,Low_eff,0.006,retirement_survival
Lao PDR,2060,Small,Low_eff,0.0027,retirement_survival
Lao PDR,2005,Small,Mid_eff,19.825,existing_stock
Lao PDR,2006,Small,Mid_eff,22.0478,existing_stock
Lao PDR,2007,Small,Mid_eff,24.5183,existing_stock
Lao PDR,2008,Small,Mid_eff,27.2577,existing_stock
Lao PDR,2009,Small,Mid_eff,30.294,existing_stock
Lao PDR,2010,Small,Mid_eff,33.6577,existing_stock
Lao PDR,2011,Small,Mid_eff,37.3833,existing_stock
Lao PDR,2012,Small,Mid_eff,41.5099,existing_stock
Lao PDR,2013,Small,Mid_eff,46.0789,existing_stock
Lao PDR,2014,Small,Mid_eff,51.1315,existing_stock
Lao PDR,2015,Small,Mid_eff,59.2741,existing_stock
Lao PDR,2016,Small,Mid_eff,63.9431,existing_stock
Lao PDR,2017,Small,Mid_eff,72.5709,existing_stock
Lao PDR,2018,Small,Mid_eff,81.4374,existing_stock
Lao PDR,2019,Small,Mid_eff,86.6007,existing_stock
Lao PDR,2020,Small,Mid_eff,91.8847,existing_stock
Lao PDR,2021,Small,Mid_eff,93.2112,existing_stock
Lao PDR,2022,Small,Mid_eff,102.7413,existing_stock
Lao PDR,2023,Small,Mid_eff,108.3311,existing_stock
Lao PDR,2024,Small,Mid_eff,114.0141,existing_stock
Lao PDR,2025,Small,Mid_eff,119.79,existing_stock
Lao PDR,2026,Small,Mid_eff,114.5828,retirement_survival
Lao PDR,2027,Small,Mid_eff,108.9356,retirement_survival
Lao PDR,2028,Small,Mid_eff,102.8666,retirement_survival
Lao PDR,2029,Small,Mid_eff,96.4129,retirement_survival
Lao PDR,2030,Small,Mid_eff,89.6294,retirement_survival
Lao PDR,2031,Small,Mid_eff,82.5872,retirement_survival
Lao PDR,2032,Small,Mid_eff,75.3709,retirement_survival
Lao PDR,2033,Small,Mid_eff,68.0764,retirement_survival
Lao PDR,2034,Small,Mid_eff,60.8065,retirement_survival
Lao PDR,2035,Small,Mid_eff,53.6672,retirement_survival
Lao PDR,2036,Small,Mid_eff,46.763,retirement_survival
Lao PDR,2037,Small,Mid_eff,40.1922,retirement_survival
Lao PDR,2038,Small,Mid_eff,34.0425,retirement_survival
Lao PDR,2039,Small,Mid_eff,28.3869,retirement_survival
Lao PDR,2040,Small,Mid_eff,23.2804,retirement_survival
Lao PDR,2041,Small,Mid_eff,18.7576,retirement_survival
Lao PDR,2042,Small,Mid_eff,14.832,retirement_survival
Lao PDR,2043,Small,Mid_eff,11.4966,retirement_survival
Lao PDR,2044,Small,Mid_eff,8.7252,retirement_survival
Lao PDR,2045,Small,Mid_eff,6.4759,retirement_survival
Lao PDR,2046,Small,Mid_eff,4.6947,retirement_survival
Lao PDR,2047,Small,Mid_eff,3.3201,retirement_survival
Lao PDR,2048,Small,Mid_eff,2.2877,retirement_survival
Lao PDR,2049,Small,Mid_eff,1.5338,retirement_survival
Lao PDR,2050,Small,Mid_eff,0.9994,retirement_survival
Lao PDR,2051,Small,Mid_eff,0.632,retirement_survival
Lao PDR,2052,Small,Mid_eff,0.3874,retirement_survival
Lao PDR,2053,Small,Mid_eff,0.2299,retirement_survival
Lao PDR,2054,Small,Mid_eff,0.1318,retirement_survival
Lao PDR,2055,Small,Mid_eff,0.073,retirement_survival
Lao PDR,2056,Small,Mid_eff,0.039,retirement_survival
Lao PDR,2057,Small,Mid_eff,0.0201,retirement_survival
Lao PDR,2058,Small,Mid_eff,0.0099,retirement_survival
Lao PDR,2059,Small,Mid_eff,0.0047,retirement_survival
Lao PDR,2060,Small,Mid_eff,0.0021,retirement_survival
Malaysia,2005,Large,High_eff,1130.0047,existing_stock
Malaysia,2006,Large,High_eff,1198.0964,existing_stock
Malaysia,2007,Large,High_eff,1269.545,existing_stock
Malaysia,2008,Large,High_eff,1344.0729,existing_stock
Malaysia,2009,Large,High_eff,1421.4212,existing_stock
Malaysia,2010,Large,High_eff,1499.9084,existing_stock
Malaysia,2011,Large,High_eff,1580.4003,existing_stock
Malaysia,2012,Large,High_eff,1665.33,existing_stock
Malaysia,2013,Large,High_eff,1754.2855,existing_stock
Malaysia,2014,Large,High_eff,1847.3562,existing_stock
Malaysia,2015,Large,High_eff,1942.8412,existing_stock
Malaysia,2016,Large,High_eff,2040.0283,existing_stock
Malaysia,2017,Large,High_eff,2173.4324,existing_stock
Malaysia,2018,Large,High_eff,2272.6863,existing_stock
Malaysia,2019,Large,High_eff,2372.4293,existing_stock
Malaysia,2020,Large,High_eff,2238.5882,existing_stock
Malaysia,2021,Large,High_eff,2300.3108,existing_stock
Malaysia,2022,Large,High_eff,2509.8198,existing_stock
Malaysia,2023,Large,High_eff,2593.1729,existing_stock
Malaysia,2024,Large,High_eff,2714.9054,existing_stock
Malaysia,2025,Large,High_eff,2818.98,existing_stock
Malaysia,2026,Large,High_eff,2672.2289,retirement_survival
Malaysia,2027,Large,High_eff,2519.7011,retirement_survival
Malaysia,2028,Large,High_eff,2361.9245,retirement_survival
Malaysia,2029,Large,High_eff,2199.7003,retirement_survival
Malaysia,2030,Large,High_eff,2034.0763,retirement_survival
Malaysia,2031,Large,High_eff,1866.3205,retirement_survival
Malaysia,2032,Large,High_eff,1697.8907,retirement_survival
Malaysia,2033,Large,High_eff,1530.3996,retirement_survival
Malaysia,2034,Large,High_eff,1365.5733,retirement_survival
Malaysia,2035,Large,High_eff,1205.1998,retirement_survival
Malaysia,2036,Large,High_eff,1051.0683,retirement_survival
Malaysia,2037,Large,High_eff,904.8991,retirement_survival
Malaysia,2038,Large,High_eff,768.2682,retirement_survival
Malaysia,2039,Large,High_eff,642.5298,retirement_survival
Malaysia,2040,Large,High_eff,528.7442,retirement_survival
Malaysia,2041,Large,High_eff,427.6183,retirement_survival
Malaysia,2042,Large,High_eff,339.4662,retirement_survival
Malaysia,2043,Large,High_eff,264.195,retirement_survival
Malaysia,2044,Large,High_eff,201.3208,retirement_survival
Malaysia,2045,Large,High_eff,150.0133,retirement_survival
Malaysia,2046,Large,High_eff,109.1649,retirement_survival
Malaysia,2047,Large,High_eff,77.4784,retirement_survival
Malaysia,2048,Large,High_eff,53.5615,retirement_survival
Malaysia,2049,Large,High_eff,36.0189,retirement_survival
Malaysia,2050,Large,High_eff,23.5313,retirement_survival
Malaysia,2051,Large,High_eff,14.9153,retirement_survival
Malaysia,2052,Large,High_eff,9.1606,retirement_survival
Malaysia,2053,Large,High_eff,5.4445,retirement_survival
Malaysia,2054,Large,High_eff,3.1273,retirement_survival
Malaysia,2055,Large,High_eff,1.7339,retirement_survival
Malaysia,2056,Large,High_eff,0.9267,retirement_survival
Malaysia,2057,Large,High_eff,0.4768,retirement_survival
Malaysia,2058,Large,High_eff,0.2359,retirement_survival
Malaysia,2059,Large,High_eff,0.1121,retirement_survival
Malaysia,2060,Large,High_eff,0.0511,retirement_survival
Malaysia,2005,Large,Low_eff,126.8348,existing_stock
Malaysia,2006,Large,Low_eff,134.4776,existing_stock
Malaysia,2007,Large,Low_eff,142.4972,existing_stock
Malaysia,2008,Large,Low_eff,150.8624,existing_stock
Malaysia,2009,Large,Low_eff,159.5442,existing_stock
Malaysia,2010,Large,Low_eff,168.3538,existing_stock
Malaysia,2011,Large,Low_eff,177.3884,existing_stock
Malaysia,2012,Large,Low_eff,186.9212,existing_stock
Malaysia,2013,Large,Low_eff,196.9058,existing_stock
Malaysia,2014,Large,Low_eff,207.3523,existing_stock
Malaysia,2015,Large,Low_eff,218.0698,existing_stock
Malaysia,2016,Large,Low_eff,228.9783,existing_stock
Malaysia,2017,Large,Low_eff,243.952,existing_stock
Malaysia,2018,Large,Low_eff,255.0925,existing_stock
Malaysia,2019,Large,Low_eff,266.2879,existing_stock
Malaysia,2020,Large,Low_eff,251.2652,existing_stock
Malaysia,2021,Large,Low_eff,258.1932,existing_stock
Malaysia,2022,Large,Low_eff,281.709,existing_stock
Malaysia,2023,Large,Low_eff,291.0648,existing_stock
Malaysia,2024,Large,Low_eff,304.7284,existing_stock
Malaysia,2025,Large,Low_eff,316.41,existing_stock
Malaysia,2026,Large,Low_eff,299.9383,retirement_survival
Malaysia,2027,Large,Low_eff,282.8181,retirement_survival
Malaysia,2028,Large,Low_eff,265.1088,retirement_survival
Malaysia,2029,Large,Low_eff,246.9004,retirement_survival
Malaysia,2030,Large,Low_eff,228.3103,retirement_survival
Malaysia,2031,Large,Low_eff,209.4809,retirement_survival
Malaysia,2032,Large,Low_eff,190.5759,retirement_survival
Malaysia,2033,Large,Low_eff,171.7762,retirement_survival
Malaysia,2034,Large,Low_eff,153.2757,retirement_survival
Malaysia,2035,Large,Low_eff,135.2749,retirement_survival
Malaysia,2036,Large,Low_eff,117.9748,retirement_survival
Malaysia,2037,Large,Low_eff,101.5683,retirement_survival
Malaysia,2038,Large,Low_eff,86.2325,retirement_survival
Malaysia,2039,Large,Low_eff,72.1193,retirement_survival
Malaysia,2040,Large,Low_eff,59.3477,retirement_survival
Malaysia,2041,Large,Low_eff,47.997,retirement_survival
Malaysia,2042,Large,Low_eff,38.1026,retirement_survival
Malaysia,2043,Large,Low_eff,29.654,retirement_survival
Malaysia,2044,Large,Low_eff,22.5968,retirement_survival
Malaysia,2045,Large,Low_eff,16.8379,retirement_survival
Malaysia,2046,Large,Low_eff,12.253,retirement_survival
Malaysia,2047,Large,Low_eff,8.6964,retirement_survival
Malaysia,2048,Large,Low_eff,6.0119,retirement_survival
Malaysia,2049,Large,Low_eff,4.0429,retirement_survival
Malaysia,2050,Large,Low_eff,2.6412,retirement_survival
Malaysia,2051,Large,Low_eff,1.6741,retirement_survival
Malaysia,2052,Large,Low_eff,1.0282,retirement_survival
Malaysia,2053,Large,Low_eff,0.6111,retirement_survival
Malaysia,2054,Large,Low_eff,0.351,retirement_survival
Malaysia,2055,Large,Low_eff,0.1946,retirement_survival
Malaysia,2056,Large,Low_eff,0.104,retirement_survival
Malaysia,2057,Large,Low_eff,0.0535,retirement_survival
Malaysia,2058,Large,Low_eff,0.0265,retirement_survival
Malaysia,2059,Large,Low_eff,0.0126,retirement_survival
Malaysia,2060,Large,Low_eff,0.0057,retirement_survival
Malaysia,2005,Large,Mid_eff,459.1564,existing_stock
Malaysia,2006,Large,Mid_eff,486.8241,existing_stock
Malaysia,2007,Large,Mid_eff,515.856,existing_stock
Malaysia,2008,Large,Mid_eff,546.139,existing_stock
Malaysia,2009,Large,Mid_eff,577.568,existing_stock
Malaysia,2010,Large,Mid_eff,609.4598,existing_stock
Malaysia,2011,Large,Mid_eff,642.1662,existing_stock
Malaysia,2012,Large,Mid_eff,676.6758,existing_stock
Malaysia,2013,Large,Mid_eff,712.8212,existing_stock
Malaysia,2014,Large,Mid_eff,750.6388,existing_stock
Malaysia,2015,Large,Mid_eff,789.4373,existing_stock
Malaysia,2016,Large,Mid_eff,828.9275,existing_stock
Malaysia,2017,Large,Mid_eff,883.1338,existing_stock
Malaysia,2018,Large,Mid_eff,923.4637,existing_stock
Malaysia,2019,Large,Mid_eff,963.9924,existing_stock
Malaysia,2020,Large,Mid_eff,909.6086,existing_stock
Malaysia,2021,Large,Mid_eff,934.6884,existing_stock
Malaysia,2022,Large,Mid_eff,1019.8185,existing_stock
Malaysia,2023,Large,Mid_eff,1053.6875,existing_stock
Malaysia,2024,Large,Mid_eff,1103.1512,existing_stock
Malaysia,2025,Large,Mid_eff,1145.44,existing_stock
Malaysia,2026,Large,Mid_eff,1085.8104,retirement_survival
Malaysia,2027,Large,Mid_eff,1023.8336,retirement_survival
Malaysia,2028,Large,Mid_eff,959.724,retirement_survival
Malaysia,2029,Large,Mid_eff,893.8072,retirement_survival
Malaysia,2030,Large,Mid_eff,826.509,retirement_survival
Malaysia,2031,Large,Mid_eff,758.3446,retirement_survival
Malaysia,2032,Large,Mid_eff,689.9062,retirement_survival
Malaysia,2033,Large,Mid_eff,621.8494,retirement_survival
Malaysia,2034,Large,Mid_eff,554.8753,retirement_survival
Malaysia,2035,Large,Mid_eff,489.7105,retirement_survival
Malaysia,2036,Large,Mid_eff,427.082,retirement_survival
Malaysia,2037,Large,Mid_eff,367.6889,retirement_survival
Malaysia,2038,Large,Mid_eff,312.1715,retirement_survival
Malaysia,2039,Large,Mid_eff,261.08,retirement_survival
Malaysia,2040,Large,Mid_eff,214.8454,retirement_survival
Malaysia,2041,Large,Mid_eff,173.7548,retirement_survival
Malaysia,2042,Large,Mid_eff,137.9358,retirement_survival
Malaysia,2043,Large,Mid_eff,107.3507,retirement_survival
Malaysia,2044,Large,Mid_eff,81.803,retirement_survival
Malaysia,2045,Large,Mid_eff,60.9551,retirement_survival
Malaysia,2046,Large,Mid_eff,44.3571,retirement_survival
Malaysia,2047,Large,Mid_eff,31.4819,retirement_survival
Malaysia,2048,Large,Mid_eff,21.7637,retirement_survival
Malaysia,2049,Large,Mid_eff,14.6356,retirement_survival
Malaysia,2050,Large,Mid_eff,9.5615,retirement_survival
Malaysia,2051,Large,Mid_eff,6.0605,retirement_survival
Malaysia,2052,Large,Mid_eff,3.7222,retirement_survival
Malaysia,2053,Large,Mid_eff,2.2123,retirement_survival
Malaysia,2054,Large,Mid_eff,1.2707,retirement_survival
Malaysia,2055,Large,Mid_eff,0.7045,retirement_survival
Malaysia,2056,Large,Mid_eff,0.3765,retirement_survival
Malaysia,2057,Large,Mid_eff,0.1938,retirement_survival
Malaysia,2058,Large,Mid_eff,0.0959,retirement_survival
Malaysia,2059,Large,Mid_eff,0.0455,retirement_survival
Malaysia,2060,Large,Mid_eff,0.0208,retirement_survival
Malaysia,2005,Medium,High_eff,793.6626,existing_stock
Malaysia,2006,Medium,High_eff,841.487,existing_stock
Malaysia,2007,Medium,High_eff,891.6692,existing_stock
Malaysia,2008,Medium,High_eff,944.0141,existing_stock
Malaysia,2009,Medium,High_eff,998.3399,existing_stock
Malaysia,2010,Medium,High_eff,1053.4656,existing_stock
Malaysia,2011,Medium,High_eff,1109.9994,existing_stock
Malaysia,2012,Medium,High_eff,1169.6501,existing_stock
Malaysia,2013,Medium,High_eff,1232.1283,existing_stock
Malaysia,2014,Medium,High_eff,1297.4968,existing_stock
Malaysia,2015,Medium,High_eff,1364.561,existing_stock
Malaysia,2016,Medium,High_eff,1432.8207,existing_stock
Malaysia,2017,Medium,High_eff,1526.5175,existing_stock
Malaysia,2018,Medium,High_eff,1596.2288,existing_stock
Malaysia,2019,Medium,High_eff,1666.2836,existing_stock
Malaysia,2020,Medium,High_eff,1572.2799,existing_stock
Malaysia,2021,Medium,High_eff,1615.6309,existing_stock
Malaysia,2022,Medium,High_eff,1762.7803,existing_stock
Malaysia,2023,Medium,High_eff,1821.3236,existing_stock
Malaysia,2024,Medium,High_eff,1906.8229,existing_stock
Malaysia,2025,Medium,High_eff,1979.92,existing_stock
Malaysia,2026,Medium,High_eff,1876.8489,retirement_survival
Malaysia,2027,Medium,High_eff,1769.7205,retirement_survival
Malaysia,2028,Medium,High_eff,1658.9056,retirement_survival
Malaysia,2029,Medium,High_eff,1544.9668,retirement_survival
Malaysia,2030,Medium,High_eff,1428.6403,retirement_survival
Malaysia,2031,Medium,High_eff,1310.8165,retirement_survival
Malaysia,2032,Medium,High_eff,1192.5192,retirement_survival
Malaysia,2033,Medium,High_eff,1074.8813,retirement_survival
Malaysia,2034,Medium,High_eff,959.115,retirement_survival
Malaysia,2035,Medium,High_eff,846.4761,retirement_survival
Malaysia,2036,Medium,High_eff,738.2213,retirement_survival
Malaysia,2037,Medium,High_eff,635.5589,retirement_survival
Malaysia,2038,Medium,High_eff,539.5958,retirement_survival
Malaysia,2039,Medium,High_eff,451.283,retirement_survival
Malaysia,2040,Medium,High_eff,371.3653,retirement_survival
Malaysia,2041,Medium,High_eff,300.3392,retirement_survival
Malaysia,2042,Medium,High_eff,238.4252,retirement_survival
Malaysia,2043,Medium,High_eff,185.5582,retirement_survival
Malaysia,2044,Medium,High_eff,141.3984,retirement_survival
Malaysia,2045,Medium,High_eff,105.3623,retirement_survival
Malaysia,2046,Medium,High_eff,76.6723,retirement_survival
Malaysia,2047,Medium,High_eff,54.4172,retirement_survival
Malaysia,2048,Medium,High_eff,37.6191,retirement_survival
Malaysia,2049,Medium,High_eff,25.298,retirement_survival
Malaysia,2050,Medium,High_eff,16.5273,retirement_survival
Malaysia,2051,Medium,High_eff,10.4758,retirement_survival
Malaysia,2052,Medium,High_eff,6.434,retirement_survival
Malaysia,2053,Medium,High_eff,3.824,retirement_survival
Malaysia,2054,Medium,High_eff,2.1965,retirement_survival
Malaysia,2055,Medium,High_eff,1.2178,retirement_survival
Malaysia,2056,Medium,High_eff,0.6509,retirement_survival
Malaysia,2057,Medium,High_eff,0.3349,retirement_survival
Malaysia,2058,Medium,High_eff,0.1657,retirement_survival
Malaysia,2059,Medium,High_eff,0.0787,retirement_survival
Malaysia,2060,Medium,High_eff,0.0359,retirement_survival
Malaysia,2005,Medium,Low_eff,188.0094,existing_stock
Malaysia,2006,Medium,Low_eff,199.3385,existing_stock
Malaysia,2007,Medium,Low_eff,211.226,existing_stock
Malaysia,2008,Medium,Low_eff,223.626,existing_stock
Malaysia,2009,Medium,Low_eff,236.4951,existing_stock
Malaysia,2010,Medium,Low_eff,249.5537,existing_stock
Malaysia,2011,Medium,Low_eff,262.9459,existing_stock
Malaysia,2012,Medium,Low_eff,277.0765,existing_stock
Malaysia,2013,Medium,Low_eff,291.8768,existing_stock
Malaysia,2014,Medium,Low_eff,307.3619,existing_stock
Malaysia,2015,Medium,Low_eff,323.2486,existing_stock
Malaysia,2016,Medium,Low_eff,339.4185,existing_stock
Malaysia,2017,Medium,Low_eff,361.6142,existing_stock
Malaysia,2018,Medium,Low_eff,378.128,existing_stock
Malaysia,2019,Medium,Low_eff,394.7232,existing_stock
Malaysia,2020,Medium,Low_eff,372.4548,existing_stock
Malaysia,2021,Medium,Low_eff,382.7242,existing_stock
Malaysia,2022,Medium,Low_eff,417.5821,existing_stock
Malaysia,2023,Medium,Low_eff,431.4504,existing_stock
Malaysia,2024,Medium,Low_eff,451.7041,existing_stock
Malaysia,2025,Medium,Low_eff,469.02,existing_stock
Malaysia,2026,Medium,Low_eff,444.6036,retirement_survival
Malaysia,2027,Medium,Low_eff,419.2262,retirement_survival
Malaysia,2028,Medium,Low_eff,392.9754,retirement_survival
Malaysia,2029,Medium,Low_eff,365.9847,retirement_survival
Malaysia,2030,Medium,Low_eff,338.4283,retirement_survival
Malaysia,2031,Medium,Low_eff,310.5172,retirement_survival
Malaysia,2032,Medium,Low_eff,282.4939,retirement_survival
Malaysia,2033,Medium,Low_eff,254.6269,retirement_survival
Malaysia,2034,Medium,Low_eff,227.2032,retirement_survival
Malaysia,2035,Medium,Low_eff,200.5203,retirement_survival
Malaysia,2036,Medium,Low_eff,174.876,retirement_survival
Malaysia,2037,Medium,Low_eff,150.5565,retirement_survival
Malaysia,2038,Medium,Low_eff,127.824,retirement_survival
Malaysia,2039,Medium,Low_eff,106.9037,retirement_survival
Malaysia,2040,Medium,Low_eff,87.9721,retirement_survival
Malaysia,2041,Medium,Low_eff,71.1469,retirement_survival
Malaysia,2042,Medium,Low_eff,56.4802,retirement_survival
Malaysia,2043,Medium,Low_eff,43.9566,retirement_survival
Malaysia,2044,Medium,Low_eff,33.4956,retirement_survival
Malaysia,2045,Medium,Low_eff,24.9591,retirement_survival
Malaysia,2046,Medium,Low_eff,18.1628,retirement_survival
Malaysia,2047,Medium,Low_eff,12.8908,retirement_survival
Malaysia,2048,Medium,Low_eff,8.9115,retirement_survival
Malaysia,2049,Medium,Low_eff,5.9928,retirement_survival
Malaysia,2050,Medium,Low_eff,3.9151,retirement_survival
Malaysia,2051,Medium,Low_eff,2.4816,retirement_survival
Malaysia,2052,Medium,Low_eff,1.5241,retirement_survival
Malaysia,2053,Medium,Low_eff,0.9059,retirement_survival
Malaysia,2054,Medium,Low_eff,0.5203,retirement_survival
Malaysia,2055,Medium,Low_eff,0.2885,retirement_survival
Malaysia,2056,Medium,Low_eff,0.1542,retirement_survival
Malaysia,2057,Medium,Low_eff,0.0793,retirement_survival
Malaysia,2058,Medium,Low_eff,0.0393,retirement_survival
Malaysia,2059,Medium,Low_eff,0.0186,retirement_survival
Malaysia,2060,Medium,Low_eff,0.0085,retirement_survival
Malaysia,2005,Medium,Mid_eff,475.2988,existing_stock
Malaysia,2006,Medium,Mid_eff,503.9393,existing_stock
Malaysia,2007,Medium,Mid_eff,533.9918,existing_stock
Malaysia,2008,Medium,Mid_eff,565.3395,existing_stock
Malaysia,2009,Medium,Mid_eff,597.8735,existing_stock
Malaysia,2010,Medium,Mid_eff,630.8865,existing_stock
Malaysia,2011,Medium,Mid_eff,664.7427,existing_stock
Malaysia,2012,Medium,Mid_eff,700.4656,existing_stock
Malaysia,2013,Medium,Mid_eff,737.8817,existing_stock
Malaysia,2014,Medium,Mid_eff,777.0288,existing_stock
Malaysia,2015,Medium,Mid_eff,817.1914,existing_stock
Malaysia,2016,Medium,Mid_eff,858.0699,existing_stock
Malaysia,2017,Medium,Mid_eff,914.1819,existing_stock
Malaysia,2018,Medium,Mid_eff,955.9298,existing_stock
Malaysia,2019,Medium,Mid_eff,997.8833,existing_stock
Malaysia,2020,Medium,Mid_eff,941.5875,existing_stock
Malaysia,2021,Medium,Mid_eff,967.5491,existing_stock
Malaysia,2022,Medium,Mid_eff,1055.672,existing_stock
Malaysia,2023,Medium,Mid_eff,1090.7318,existing_stock
Malaysia,2024,Medium,Mid_eff,1141.9345,existing_stock
Malaysia,2025,Medium,Mid_eff,1185.71,existing_stock
Malaysia,2026,Medium,Mid_eff,1123.984,retirement_survival
Malaysia,2027,Medium,Mid_eff,1059.8283,retirement_survival
Malaysia,2028,Medium,Mid_eff,993.4649,retirement_survival
Malaysia,2029,Medium,Mid_eff,925.2306,retirement_survival
Malaysia,2030,Medium,Mid_eff,855.5664,retirement_survival
Malaysia,2031,Medium,Mid_eff,785.0056,retirement_survival
Malaysia,2032,Medium,Mid_eff,714.1611,retirement_survival
Malaysia,2033,Medium,Mid_eff,643.7116,retirement_survival
Malaysia,2034,Medium,Mid_eff,574.3829,retirement_survival
Malaysia,2035,Medium,Mid_eff,506.9271,retirement_survival
Malaysia,2036,Medium,Mid_eff,442.0968,retirement_survival
Malaysia,2037,Medium,Mid_eff,380.6156,retirement_survival
Malaysia,2038,Medium,Mid_eff,323.1464,retirement_survival
Malaysia,2039,Medium,Mid_eff,270.2588,retirement_survival
Malaysia,2040,Medium,Mid_eff,222.3986,retirement_survival
Malaysia,2041,Medium,Mid_eff,179.8634,retirement_survival
Malaysia,2042,Medium,Mid_eff,142.7851,retirement_survival
Malaysia,2043,Medium,Mid_eff,111.1248,retirement_survival
Malaysia,2044,Medium,Mid_eff,84.6789,retirement_survival
Malaysia,2045,Medium,Mid_eff,63.0981,retirement_survival
Malaysia,2046,Medium,Mid_eff,45.9166,retirement_survival
Malaysia,2047,Medium,Mid_eff,32.5887,retirement_survival
Malaysia,2048,Medium,Mid_eff,22.5289,retirement_survival
Malaysia,2049,Medium,Mid_eff,15.1502,retirement_survival
Malaysia,2050,Medium,Mid_eff,9.8977,retirement_survival
Malaysia,2051,Medium,Mid_eff,6.2736,retirement_survival
Malaysia,2052,Medium,Mid_eff,3.8531,retirement_survival
Malaysia,2053,Medium,Mid_eff,2.29,retirement_survival
Malaysia,2054,Medium,Mid_eff,1.3154,retirement_survival
Malaysia,2055,Medium,Mid_eff,0.7293,retirement_survival
Malaysia,2056,Medium,Mid_eff,0.3898,retirement_survival
Malaysia,2057,Medium,Mid_eff,0.2006,retirement_survival
Malaysia,2058,Medium,Mid_eff,0.0992,retirement_survival
Malaysia,2059,Medium,Mid_eff,0.0471,retirement_survival
Malaysia,2060,Medium,Mid_eff,0.0215,retirement_survival
Malaysia,2005,Small,High_eff,821.2735,existing_stock
Malaysia,2006,Small,High_eff,870.7617,existing_stock
Malaysia,2007,Small,High_eff,922.6897,existing_stock
Malaysia,2008,Small,High_eff,976.8557,existing_stock
Malaysia,2009,Small,High_eff,1033.0715,existing_stock
Malaysia,2010,Small,High_eff,1090.1149,existing_stock
Malaysia,2011,Small,High_eff,1148.6155,existing_stock
Malaysia,2012,Small,High_eff,1210.3414,existing_stock
Malaysia,2013,Small,High_eff,1274.9931,existing_stock
Malaysia,2014,Small,High_eff,1342.6358,existing_stock
Malaysia,2015,Small,High_eff,1412.0331,existing_stock
Malaysia,2016,Small,High_eff,1482.6675,existing_stock
Malaysia,2017,Small,High_eff,1579.6239,existing_stock
Malaysia,2018,Small,High_eff,1651.7605,existing_stock
Malaysia,2019,Small,High_eff,1724.2524,existing_stock
Malaysia,2020,Small,High_eff,1626.9784,existing_stock
Malaysia,2021,Small,High_eff,1671.8376,existing_stock
Malaysia,2022,Small,High_eff,1824.1061,existing_stock
Malaysia,2023,Small,High_eff,1884.6862,existing_stock
Malaysia,2024,Small,High_eff,1973.1599,existing_stock
Malaysia,2025,Small,High_eff,2048.8,existing_stock
Malaysia,2026,Small,High_eff,1942.1431,retirement_survival
Malaysia,2027,Small,High_eff,1831.2878,retirement_survival
Malaysia,2028,Small,High_eff,1716.6177,retirement_survival
Malaysia,2029,Small,High_eff,1598.7151,retirement_survival
Malaysia,2030,Small,High_eff,1478.3417,retirement_survival
Malaysia,2031,Small,High_eff,1356.4188,retirement_survival
Malaysia,2032,Small,High_eff,1234.0061,retirement_survival
Malaysia,2033,Small,High_eff,1112.2756,retirement_survival
Malaysia,2034,Small,High_eff,992.4819,retirement_survival
Malaysia,2035,Small,High_eff,875.9244,retirement_survival
Malaysia,2036,Small,High_eff,763.9035,retirement_survival
Malaysia,2037,Small,High_eff,657.6695,retirement_survival
Malaysia,2038,Small,High_eff,558.3679,retirement_survival
Malaysia,2039,Small,High_eff,466.9828,retirement_survival
Malaysia,2040,Small,High_eff,384.2848,retirement_survival
Malaysia,2041,Small,High_eff,310.7878,retirement_survival
Malaysia,2042,Small,High_eff,246.7198,retirement_survival
Malaysia,2043,Small,High_eff,192.0136,retirement_survival
Malaysia,2044,Small,High_eff,146.3175,retirement_survival
Malaysia,2045,Small,High_eff,109.0278,retirement_survival
Malaysia,2046,Small,High_eff,79.3397,retirement_survival
Malaysia,2047,Small,High_eff,56.3103,retirement_survival
Malaysia,2048,Small,High_eff,38.9279,retirement_survival
Malaysia,2049,Small,High_eff,26.1781,retirement_survival
Malaysia,2050,Small,High_eff,17.1023,retirement_survival
Malaysia,2051,Small,High_eff,10.8402,retirement_survival
Malaysia,2052,Small,High_eff,6.6578,retirement_survival
Malaysia,2053,Small,High_eff,3.957,retirement_survival
Malaysia,2054,Small,High_eff,2.2729,retirement_survival
Malaysia,2055,Small,High_eff,1.2602,retirement_survival
Malaysia,2056,Small,High_eff,0.6735,retirement_survival
Malaysia,2057,Small,High_eff,0.3466,retirement_survival
Malaysia,2058,Small,High_eff,0.1715,retirement_survival
Malaysia,2059,Small,High_eff,0.0815,retirement_survival
Malaysia,2060,Small,High_eff,0.0371,retirement_survival
Malaysia,2005,Small,Low_eff,263.2461,existing_stock
Malaysia,2006,Small,Low_eff,279.1087,existing_stock
Malaysia,2007,Small,Low_eff,295.7534,existing_stock
Malaysia,2008,Small,Low_eff,313.1154,existing_stock
Malaysia,2009,Small,Low_eff,331.1345,existing_stock
Malaysia,2010,Small,Low_eff,349.4189,existing_stock
Malaysia,2011,Small,Low_eff,368.1703,existing_stock
Malaysia,2012,Small,Low_eff,387.9555,existing_stock
Malaysia,2013,Small,Low_eff,408.6786,existing_stock
Malaysia,2014,Small,Low_eff,430.3604,existing_stock
Malaysia,2015,Small,Low_eff,452.6046,existing_stock
Malaysia,2016,Small,Low_eff,475.2453,existing_stock
Malaysia,2017,Small,Low_eff,506.3231,existing_stock
Malaysia,2018,Small,Low_eff,529.4453,existing_stock
Malaysia,2019,Small,Low_eff,552.6815,existing_stock
Malaysia,2020,Small,Low_eff,521.5018,existing_stock
Malaysia,2021,Small,Low_eff,535.8807,existing_stock
Malaysia,2022,Small,Low_eff,584.688,existing_stock
Malaysia,2023,Small,Low_eff,604.1059,existing_stock
Malaysia,2024,Small,Low_eff,632.4648,existing_stock
Malaysia,2025,Small,Low_eff,656.71,existing_stock
Malaysia,2026,Small,Low_eff,622.5228,retirement_survival
Malaysia,2027,Small,Low_eff,586.9899,retirement_survival
Malaysia,2028,Small,Low_eff,550.2343,retirement_survival
Malaysia,2029,Small,Low_eff,512.4425,retirement_survival
Malaysia,2030,Small,Low_eff,473.8587,retirement_survival
Malaysia,2031,Small,Low_eff,434.7783,retirement_survival
Malaysia,2032,Small,Low_eff,395.5409,retirement_survival
Malaysia,2033,Small,Low_eff,356.5221,retirement_survival
Malaysia,2034,Small,Low_eff,318.1242,retirement_survival
Malaysia,2035,Small,Low_eff,280.7635,retirement_survival
Malaysia,2036,Small,Low_eff,244.857,retirement_survival
Malaysia,2037,Small,Low_eff,210.8054,retirement_survival
Malaysia,2038,Small,Low_eff,178.9759,retirement_survival
Malaysia,2039,Small,Low_eff,149.6839,retirement_survival
Malaysia,2040,Small,Low_eff,123.1763,retirement_survival
Malaysia,2041,Small,Low_eff,99.618,retirement_survival
Malaysia,2042,Small,Low_eff,79.0821,retirement_survival
Malaysia,2043,Small,Low_eff,61.5469,retirement_survival
Malaysia,2044,Small,Low_eff,46.8997,retirement_survival
Malaysia,2045,Small,Low_eff,34.9471,retirement_survival
Malaysia,2046,Small,Low_eff,25.4311,retirement_survival
Malaysia,2047,Small,Low_eff,18.0494,retirement_survival
Malaysia,2048,Small,Low_eff,12.4777,retirement_survival
Malaysia,2049,Small,Low_eff,8.391,retirement_survival
Malaysia,2050,Small,Low_eff,5.4819,retirement_survival
Malaysia,2051,Small,Low_eff,3.4747,retirement_survival
Malaysia,2052,Small,Low_eff,2.134,retirement_survival
Malaysia,2053,Small,Low_eff,1.2683,retirement_survival
Malaysia,2054,Small,Low_eff,0.7285,retirement_survival
Malaysia,2055,Small,Low_eff,0.4039,retirement_survival
Malaysia,2056,Small,Low_eff,0.2159,retirement_survival
Malaysia,2057,Small,Low_eff,0.1111,retirement_survival
Malaysia,2058,Small,Low_eff,0.055,retirement_survival
Malaysia,2059,Small,Low_eff,0.0261,retirement_survival
Malaysia,2060,Small,Low_eff,0.0119,retirement_survival
Malaysia,2005,Small,Mid_eff,946.4288,existing_stock
Malaysia,2006,Small,Mid_eff,1003.4585,existing_stock
Malaysia,2007,Small,Mid_eff,1063.2999,existing_stock
Malaysia,2008,Small,Mid_eff,1125.7203,existing_stock
Malaysia,2009,Small,Mid_eff,1190.5029,existing_stock
Malaysia,2010,Small,Mid_eff,1256.2394,existing_stock
Malaysia,2011,Small,Mid_eff,1323.6549,existing_stock
Malaysia,2012,Small,Mid_eff,1394.7873,existing_stock
Malaysia,2013,Small,Mid_eff,1469.2914,existing_stock
Malaysia,2014,Small,Mid_eff,1547.2423,existing_stock
Malaysia,2015,Small,Mid_eff,1627.2151,existing_stock
Malaysia,2016,Small,Mid_eff,1708.6136,existing_stock
Malaysia,2017,Small,Mid_eff,1820.3454,existing_stock
Malaysia,2018,Small,Mid_eff,1903.475,existing_stock
Malaysia,2019,Small,Mid_eff,1987.0141,existing_stock
Malaysia,2020,Small,Mid_eff,1874.9163,existing_stock
Malaysia,2021,Small,Mid_eff,1926.6117,existing_stock
Malaysia,2022,Small,Mid_eff,2102.0847,existing_stock
Malaysia,2023,Small,Mid_eff,2171.8966,existing_stock
Malaysia,2024,Small,Mid_eff,2273.8529,existing_stock
Malaysia,2025,Small,Mid_eff,2361.02,existing_stock
Malaysia,2026,Small,Mid_eff,2238.1095,retirement_survival
Malaysia,2027,Small,Mid_eff,2110.3607,retirement_survival
Malaysia,2028,Small,Mid_eff,1978.2159,retirement_survival
Malaysia,2029,Small,Mid_eff,1842.3459,retirement_survival
Malaysia,2030,Small,Mid_eff,1703.6286,retirement_survival
Malaysia,2031,Small,Mid_eff,1563.1257,retirement_survival
Malaysia,2032,Small,Mid_eff,1422.0583,retirement_survival
Malaysia,2033,Small,Mid_eff,1281.7771,retirement_survival
Malaysia,2034,Small,Mid_eff,1143.7278,retirement_survival
Malaysia,2035,Small,Mid_eff,1009.408,retirement_survival
Malaysia,2036,Small,Mid_eff,880.316,retirement_survival
Malaysia,2037,Small,Mid_eff,757.8929,retirement_survival
Malaysia,2038,Small,Mid_eff,643.4585,retirement_survival
Malaysia,2039,Small,Mid_eff,538.1471,retirement_survival
Malaysia,2040,Small,Mid_eff,442.8466,retirement_survival
Malaysia,2041,Small,Mid_eff,358.1492,retirement_survival
Malaysia,2042,Small,Mid_eff,284.3179,retirement_survival
Malaysia,2043,Small,Mid_eff,221.2749,retirement_survival
Malaysia,2044,Small,Mid_eff,168.6151,retirement_survival
Malaysia,2045,Small,Mid_eff,125.6428,retirement_survival
Malaysia,2046,Small,Mid_eff,91.4304,retirement_survival
Malaysia,2047,Small,Mid_eff,64.8916,retirement_survival
Malaysia,2048,Small,Mid_eff,44.8601,retirement_survival
Malaysia,2049,Small,Mid_eff,30.1674,retirement_survival
Malaysia,2050,Small,Mid_eff,19.7085,retirement_survival
Malaysia,2051,Small,Mid_eff,12.4922,retirement_survival
Malaysia,2052,Small,Mid_eff,7.6724,retirement_survival
Malaysia,2053,Small,Mid_eff,4.56,retirement_survival
Malaysia,2054,Small,Mid_eff,2.6193,retirement_survival
Malaysia,2055,Small,Mid_eff,1.4522,retirement_survival
Malaysia,2056,Small,Mid_eff,0.7761,retirement_survival
Malaysia,2057,Small,Mid_eff,0.3994,retirement_survival
Malaysia,2058,Small,Mid_eff,0.1976,retirement_survival
Malaysia,2059,Small,Mid_eff,0.0939,retirement_survival
Malaysia,2060,Small,Mid_eff,0.0428,retirement_survival
Myanmar,2005,Large,High_eff,23.2506,existing_stock
Myanmar,2006,Large,High_eff,25.4068,existing_stock
Myanmar,2007,Large,High_eff,27.7577,existing_stock
Myanmar,2008,Large,High_eff,30.2788,existing_stock
Myanmar,2009,Large,High_eff,33.0295,existing_stock
Myanmar,2010,Large,High_eff,36.0937,existing_stock
Myanmar,2011,Large,High_eff,39.4624,existing_stock
Myanmar,2012,Large,High_eff,43.16,existing_stock
Myanmar,2013,Large,High_eff,47.2067,existing_stock
Myanmar,2014,Large,High_eff,51.623,existing_stock
Myanmar,2015,Large,High_eff,52.039,existing_stock
Myanmar,2016,Large,High_eff,61.1937,existing_stock
Myanmar,2017,Large,High_eff,70.4694,existing_stock
Myanmar,2018,Large,High_eff,70.9784,existing_stock
Myanmar,2019,Large,High_eff,80.418,existing_stock
Myanmar,2020,Large,High_eff,89.9985,existing_stock
Myanmar,2021,Large,High_eff,81.5671,existing_stock
Myanmar,2022,Large,High_eff,82.1451,existing_stock
Myanmar,2023,Large,High_eff,82.7496,existing_stock
Myanmar,2024,Large,High_eff,83.3358,existing_stock
Myanmar,2025,Large,High_eff,83.9,existing_stock
Myanmar,2026,Large,High_eff,79.1455,retirement_survival
Myanmar,2027,Large,High_eff,74.1079,retirement_survival
Myanmar,2028,Large,High_eff,68.8298,retirement_survival
Myanmar,2029,Large,High_eff,63.3673,retirement_survival
Myanmar,2030,Large,High_eff,57.7874,retirement_survival
Myanmar,2031,Large,High_eff,52.1655,retirement_survival
Myanmar,2032,Large,High_eff,46.5822,retirement_survival
Myanmar,2033,Large,High_eff,41.1195,retirement_survival
Myanmar,2034,Large,High_eff,35.8568,retirement_survival
Myanmar,2035,Large,High_eff,30.8675,retirement_survival
Myanmar,2036,Large,High_eff,26.2148,retirement_survival
Myanmar,2037,Large,High_eff,21.9491,retirement_survival
Myanmar,2038,Large,High_eff,18.106,retirement_survival
Myanmar,2039,Large,High_eff,14.7053,retirement_survival
Myanmar,2040,Large,High_eff,11.751,retirement_survival
Myanmar,2041,Large,High_eff,9.2324,retirement_survival
Myanmar,2042,Large,High_eff,7.1264,retirement_survival
Myanmar,2043,Large,High_eff,5.4,retirement_survival
Myanmar,2044,Large,High_eff,4.0135,retirement_survival
Myanmar,2045,Large,High_eff,2.9231,retirement_survival
Myanmar,2046,Large,High_eff,2.0841,retirement_survival
Myanmar,2047,Large,High_eff,1.453,retirement_survival
Myanmar,2048,Large,High_eff,0.9895,retirement_survival
Myanmar,2049,Large,High_eff,0.6573,retirement_survival
Myanmar,2050,Large,High_eff,0.4253,retirement_survival
Myanmar,2051,Large,High_eff,0.2677,retirement_survival
Myanmar,2052,Large,High_eff,0.1637,retirement_survival
Myanmar,2053,Large,High_eff,0.0971,retirement_survival
Myanmar,2054,Large,High_eff,0.0557,retirement_survival
Myanmar,2055,Large,High_eff,0.031,retirement_survival
Myanmar,2056,Large,High_eff,0.0166,retirement_survival
Myanmar,2057,Large,High_eff,0.0086,retirement_survival
Myanmar,2058,Large,High_eff,0.0043,retirement_survival
Myanmar,2059,Large,High_eff,0.002,retirement_survival
Myanmar,2060,Large,High_eff,0.0009,retirement_survival
Myanmar,2005,Large,Low_eff,29.1145,existing_stock
Myanmar,2006,Large,Low_eff,31.8145,existing_stock
Myanmar,2007,Large,Low_eff,34.7584,existing_stock
Myanmar,2008,Large,Low_eff,37.9153,existing_stock
Myanmar,2009,Large,Low_eff,41.3597,existing_stock
Myanmar,2010,Large,Low_eff,45.1967,existing_stock
Myanmar,2011,Large,Low_eff,49.415,existing_stock
Myanmar,2012,Large,Low_eff,54.0452,existing_stock
Myanmar,2013,Large,Low_eff,59.1125,existing_stock
Myanmar,2014,Large,Low_eff,64.6426,existing_stock
Myanmar,2015,Large,Low_eff,65.1635,existing_stock
Myanmar,2016,Large,Low_eff,76.6271,existing_stock
Myanmar,2017,Large,Low_eff,88.2421,existing_stock
Myanmar,2018,Large,Low_eff,88.8795,existing_stock
Myanmar,2019,Large,Low_eff,100.6998,existing_stock
Myanmar,2020,Large,Low_eff,112.6966,existing_stock
Myanmar,2021,Large,Low_eff,102.1387,existing_stock
Myanmar,2022,Large,Low_eff,102.8625,existing_stock
Myanmar,2023,Large,Low_eff,103.6194,existing_stock
Myanmar,2024,Large,Low_eff,104.3536,existing_stock
Myanmar,2025,Large,Low_eff,105.06,existing_stock
Myanmar,2026,Large,Low_eff,99.1064,retirement_survival
Myanmar,2027,Large,Low_eff,92.7982,retirement_survival
Myanmar,2028,Large,Low_eff,86.1891,retirement_survival
Myanmar,2029,Large,Low_eff,79.3489,retirement_survival
Myanmar,2030,Large,Low_eff,72.3617,retirement_survival
Myanmar,2031,Large,Low_eff,65.3219,retirement_survival
Myanmar,2032,Large,Low_eff,58.3305,retirement_survival
Myanmar,2033,Large,Low_eff,51.49,retirement_survival
Myanmar,2034,Large,Low_eff,44.9001,retirement_survival
Myanmar,2035,Large,Low_eff,38.6524,retirement_survival
Myanmar,2036,Large,Low_eff,32.8262,retirement_survival
Myanmar,2037,Large,Low_eff,27.4847,retirement_survival
Myanmar,2038,Large,Low_eff,22.6724,retirement_survival
Myanmar,2039,Large,Low_eff,18.4141,retirement_survival
Myanmar,2040,Large,Low_eff,14.7146,retirement_survival
Myanmar,2041,Large,Low_eff,11.5608,retirement_survival
Myanmar,2042,Large,Low_eff,8.9237,retirement_survival
Myanmar,2043,Large,Low_eff,6.7619,retirement_survival
Myanmar,2044,Large,Low_eff,5.0257,retirement_survival
Myanmar,2045,Large,Low_eff,3.6603,retirement_survival
Myanmar,2046,Large,Low_eff,2.6097,retirement_survival
Myanmar,2047,Large,Low_eff,1.8195,retirement_survival
Myanmar,2048,Large,Low_eff,1.239,retirement_survival
Myanmar,2049,Large,Low_eff,0.823,retirement_survival
Myanmar,2050,Large,Low_eff,0.5326,retirement_survival
Myanmar,2051,Large,Low_eff,0.3352,retirement_survival
Myanmar,2052,Large,Low_eff,0.205,retirement_survival
Myanmar,2053,Large,Low_eff,0.1215,retirement_survival
Myanmar,2054,Large,Low_eff,0.0698,retirement_survival
Myanmar,2055,Large,Low_eff,0.0388,retirement_survival
Myanmar,2056,Large,Low_eff,0.0208,retirement_survival
Myanmar,2057,Large,Low_eff,0.0107,retirement_survival
Myanmar,2058,Large,Low_eff,0.0053,retirement_survival
Myanmar,2059,Large,Low_eff,0.0026,retirement_survival
Myanmar,2060,Large,Low_eff,0.0012,retirement_survival
Myanmar,2005,Large,Mid_eff,36.9626,existing_stock
Myanmar,2006,Large,Mid_eff,40.3905,existing_stock
Myanmar,2007,Large,Mid_eff,44.1278,existing_stock
Myanmar,2008,Large,Mid_eff,48.1358,existing_stock
Myanmar,2009,Large,Mid_eff,52.5086,existing_stock
Myanmar,2010,Large,Mid_eff,57.38,existing_stock
Myanmar,2011,Large,Mid_eff,62.7354,existing_stock
Myanmar,2012,Large,Mid_eff,68.6136,existing_stock
Myanmar,2013,Large,Mid_eff,75.0468,existing_stock
Myanmar,2014,Large,Mid_eff,82.0677,existing_stock
Myanmar,2015,Large,Mid_eff,82.7289,existing_stock
Myanmar,2016,Large,Mid_eff,97.2827,existing_stock
Myanmar,2017,Large,Mid_eff,112.0287,existing_stock
Myanmar,2018,Large,Mid_eff,112.8378,existing_stock
Myanmar,2019,Large,Mid_eff,127.8445,existing_stock
Myanmar,2020,Large,Mid_eff,143.0752,existing_stock
Myanmar,2021,Large,Mid_eff,129.6712,existing_stock
Myanmar,2022,Large,Mid_eff,130.5901,existing_stock
Myanmar,2023,Large,Mid_eff,131.5511,existing_stock
Myanmar,2024,Large,Mid_eff,132.4831,existing_stock
Myanmar,2025,Large,Mid_eff,133.38,existing_stock
Myanmar,2026,Large,Mid_eff,125.8215,retirement_survival
Myanmar,2027,Large,Mid_eff,117.813,retirement_survival
Myanmar,2028,Large,Mid_eff,109.4222,retirement_survival
Myanmar,2029,Large,Mid_eff,100.7382,retirement_survival
Myanmar,2030,Large,Mid_eff,91.8675,retirement_survival
Myanmar,2031,Large,Mid_eff,82.9301,retirement_survival
Myanmar,2032,Large,Mid_eff,74.0541,retirement_survival
Myanmar,2033,Large,Mid_eff,65.3697,retirement_survival
Myanmar,2034,Large,Mid_eff,57.0034,retirement_survival
Myanmar,2035,Large,Mid_eff,49.0716,retirement_survival
Myanmar,2036,Large,Mid_eff,41.6749,retirement_survival
Myanmar,2037,Large,Mid_eff,34.8935,retirement_survival
Myanmar,2038,Large,Mid_eff,28.784,retirement_survival
Myanmar,2039,Large,Mid_eff,23.3778,retirement_survival
Myanmar,2040,Large,Mid_eff,18.6811,retirement_survival
Myanmar,2041,Large,Mid_eff,14.6772,retirement_survival
Myanmar,2042,Large,Mid_eff,11.3291,retirement_survival
Myanmar,2043,Large,Mid_eff,8.5847,retirement_survival
Myanmar,2044,Large,Mid_eff,6.3804,retirement_survival
Myanmar,2045,Large,Mid_eff,4.647,retirement_survival
Myanmar,2046,Large,Mid_eff,3.3132,retirement_survival
Myanmar,2047,Large,Mid_eff,2.31,retirement_survival
Myanmar,2048,Large,Mid_eff,1.573,retirement_survival
Myanmar,2049,Large,Mid_eff,1.0449,retirement_survival
Myanmar,2050,Large,Mid_eff,0.6761,retirement_survival
Myanmar,2051,Large,Mid_eff,0.4256,retirement_survival
Myanmar,2052,Large,Mid_eff,0.2602,retirement_survival
Myanmar,2053,Large,Mid_eff,0.1543,retirement_survival
Myanmar,2054,Large,Mid_eff,0.0886,retirement_survival
Myanmar,2055,Large,Mid_eff,0.0492,retirement_survival
Myanmar,2056,Large,Mid_eff,0.0264,retirement_survival
Myanmar,2057,Large,Mid_eff,0.0136,retirement_survival
Myanmar,2058,Large,Mid_eff,0.0068,retirement_survival
Myanmar,2059,Large,Mid_eff,0.0032,retirement_survival
Myanmar,2060,Large,Mid_eff,0.0015,retirement_survival
Myanmar,2005,Medium,High_eff,22.5883,existing_stock
Myanmar,2006,Medium,High_eff,24.6831,existing_stock
Myanmar,2007,Medium,High_eff,26.967,existing_stock
Myanmar,2008,Medium,High_eff,29.4163,existing_stock
Myanmar,2009,Medium,High_eff,32.0886,existing_stock
Myanmar,2010,Medium,High_eff,35.0655,existing_stock
Myanmar,2011,Medium,High_eff,38.3383,existing_stock
Myanmar,2012,Medium,High_eff,41.9305,existing_stock
Myanmar,2013,Medium,High_eff,45.862,existing_stock
Myanmar,2014,Medium,High_eff,50.1525,existing_stock
Myanmar,2015,Medium,High_eff,50.5566,existing_stock
Myanmar,2016,Medium,High_eff,59.4506,existing_stock
Myanmar,2017,Medium,High_eff,68.462,existing_stock
Myanmar,2018,Medium,High_eff,68.9565,existing_stock
Myanmar,2019,Medium,High_eff,78.1272,existing_stock
Myanmar,2020,Medium,High_eff,87.4348,existing_stock
Myanmar,2021,Medium,High_eff,79.2435,existing_stock
Myanmar,2022,Medium,High_eff,79.8051,existing_stock
Myanmar,2023,Medium,High_eff,80.3923,existing_stock
Myanmar,2024,Medium,High_eff,80.9619,existing_stock
Myanmar,2025,Medium,High_eff,81.51,existing_stock
Myanmar,2026,Medium,High_eff,76.8909,retirement_survival
Myanmar,2027,Medium,High_eff,71.9968,retirement_survival
Myanmar,2028,Medium,High_eff,66.8691,retirement_survival
Myanmar,2029,Medium,High_eff,61.5622,retirement_survival
Myanmar,2030,Medium,High_eff,56.1413,retirement_survival
Myanmar,2031,Medium,High_eff,50.6795,retirement_survival
Myanmar,2032,Medium,High_eff,45.2553,retirement_survival
Myanmar,2033,Medium,High_eff,39.9481,retirement_survival
Myanmar,2034,Medium,High_eff,34.8354,retirement_survival
Myanmar,2035,Medium,High_eff,29.9882,retirement_survival
Myanmar,2036,Medium,High_eff,25.468,retirement_survival
Myanmar,2037,Medium,High_eff,21.3238,retirement_survival
Myanmar,2038,Medium,High_eff,17.5902,retirement_survival
Myanmar,2039,Medium,High_eff,14.2864,retirement_survival
Myanmar,2040,Medium,High_eff,11.4162,retirement_survival
Myanmar,2041,Medium,High_eff,8.9694,retirement_survival
Myanmar,2042,Medium,High_eff,6.9234,retirement_survival
Myanmar,2043,Medium,High_eff,5.2462,retirement_survival
Myanmar,2044,Medium,High_eff,3.8991,retirement_survival
Myanmar,2045,Medium,High_eff,2.8398,retirement_survival
Myanmar,2046,Medium,High_eff,2.0247,retirement_survival
Myanmar,2047,Medium,High_eff,1.4117,retirement_survival
Myanmar,2048,Medium,High_eff,0.9613,retirement_survival
Myanmar,2049,Medium,High_eff,0.6385,retirement_survival
Myanmar,2050,Medium,High_eff,0.4132,retirement_survival
Myanmar,2051,Medium,High_eff,0.2601,retirement_survival
Myanmar,2052,Medium,High_eff,0.159,retirement_survival
Myanmar,2053,Medium,High_eff,0.0943,retirement_survival
Myanmar,2054,Medium,High_eff,0.0542,retirement_survival
Myanmar,2055,Medium,High_eff,0.0301,retirement_survival
Myanmar,2056,Medium,High_eff,0.0161,retirement_survival
Myanmar,2057,Medium,High_eff,0.0083,retirement_survival
Myanmar,2058,Medium,High_eff,0.0041,retirement_survival
Myanmar,2059,Medium,High_eff,0.002,retirement_survival
Myanmar,2060,Medium,High_eff,0.0009,retirement_survival
Myanmar,2005,Medium,Low_eff,48.5352,existing_stock
Myanmar,2006,Medium,Low_eff,53.0363,existing_stock
Myanmar,2007,Medium,Low_eff,57.9438,existing_stock
Myanmar,2008,Medium,Low_eff,63.2066,existing_stock
Myanmar,2009,Medium,Low_eff,68.9486,existing_stock
Myanmar,2010,Medium,Low_eff,75.3451,existing_stock
Myanmar,2011,Medium,Low_eff,82.3772,existing_stock
Myanmar,2012,Medium,Low_eff,90.0958,existing_stock
Myanmar,2013,Medium,Low_eff,98.5433,existing_stock
Myanmar,2014,Medium,Low_eff,107.7623,existing_stock
Myanmar,2015,Medium,Low_eff,108.6306,existing_stock
Myanmar,2016,Medium,Low_eff,127.741,existing_stock
Myanmar,2017,Medium,Low_eff,147.1038,existing_stock
Myanmar,2018,Medium,Low_eff,148.1663,existing_stock
Myanmar,2019,Medium,Low_eff,167.8714,existing_stock
Myanmar,2020,Medium,Low_eff,187.8706,existing_stock
Myanmar,2021,Medium,Low_eff,170.27,existing_stock
Myanmar,2022,Medium,Low_eff,171.4766,existing_stock
Myanmar,2023,Medium,Low_eff,172.7385,existing_stock
Myanmar,2024,Medium,Low_eff,173.9623,existing_stock
Myanmar,2025,Medium,Low_eff,175.14,existing_stock
Myanmar,2026,Medium,Low_eff,165.2151,retirement_survival
Myanmar,2027,Medium,Low_eff,154.6991,retirement_survival
Myanmar,2028,Medium,Low_eff,143.6813,retirement_survival
Myanmar,2029,Medium,Low_eff,132.2784,retirement_survival
Myanmar,2030,Medium,Low_eff,120.6304,retirement_survival
Myanmar,2031,Medium,Low_eff,108.8948,retirement_survival
Myanmar,2032,Medium,Low_eff,97.2397,retirement_survival
Myanmar,2033,Medium,Low_eff,85.8363,retirement_survival
Myanmar,2034,Medium,Low_eff,74.8506,retirement_survival
Myanmar,2035,Medium,Low_eff,64.4355,retirement_survival
Myanmar,2036,Medium,Low_eff,54.7229,retirement_survival
Myanmar,2037,Medium,Low_eff,45.8183,retirement_survival
Myanmar,2038,Medium,Low_eff,37.796,retirement_survival
Myanmar,2039,Medium,Low_eff,30.6971,retirement_survival
Myanmar,2040,Medium,Low_eff,24.53,retirement_survival
Myanmar,2041,Medium,Low_eff,19.2724,retirement_survival
Myanmar,2042,Medium,Low_eff,14.8762,retirement_survival
Myanmar,2043,Medium,Low_eff,11.2724,retirement_survival
Myanmar,2044,Medium,Low_eff,8.3781,retirement_survival
Myanmar,2045,Medium,Low_eff,6.1019,retirement_survival
Myanmar,2046,Medium,Low_eff,4.3505,retirement_survival
Myanmar,2047,Medium,Low_eff,3.0332,retirement_survival
Myanmar,2048,Medium,Low_eff,2.0655,retirement_survival
Myanmar,2049,Medium,Low_eff,1.372,retirement_survival
Myanmar,2050,Medium,Low_eff,0.8878,retirement_survival
Myanmar,2051,Medium,Low_eff,0.5589,retirement_survival
Myanmar,2052,Medium,Low_eff,0.3417,retirement_survival
Myanmar,2053,Medium,Low_eff,0.2026,retirement_survival
Myanmar,2054,Medium,Low_eff,0.1164,retirement_survival
Myanmar,2055,Medium,Low_eff,0.0646,retirement_survival
Myanmar,2056,Medium,Low_eff,0.0346,retirement_survival
Myanmar,2057,Medium,Low_eff,0.0179,retirement_survival
Myanmar,2058,Medium,Low_eff,0.0089,retirement_survival
Myanmar,2059,Medium,Low_eff,0.0043,retirement_survival
Myanmar,2060,Medium,Low_eff,0.0019,retirement_survival
Myanmar,2005,Medium,Mid_eff,29.8599,existing_stock
Myanmar,2006,Medium,Mid_eff,32.6291,existing_stock
Myanmar,2007,Medium,Mid_eff,35.6483,existing_stock
Myanmar,2008,Medium,Mid_eff,38.8861,existing_stock
Myanmar,2009,Medium,Mid_eff,42.4187,existing_stock
Myanmar,2010,Medium,Mid_eff,46.354,existing_stock
Myanmar,2011,Medium,Mid_eff,50.6803,existing_stock
Myanmar,2012,Medium,Mid_eff,55.429,existing_stock
Myanmar,2013,Medium,Mid_eff,60.626,existing_stock
Myanmar,2014,Medium,Mid_eff,66.2977,existing_stock
Myanmar,2015,Medium,Mid_eff,66.8319,existing_stock
Myanmar,2016,Medium,Mid_eff,78.5891,existing_stock
Myanmar,2017,Medium,Mid_eff,90.5015,existing_stock
Myanmar,2018,Medium,Mid_eff,91.1552,existing_stock
Myanmar,2019,Medium,Mid_eff,103.2782,existing_stock
Myanmar,2020,Medium,Mid_eff,115.5822,existing_stock
Myanmar,2021,Medium,Mid_eff,104.7539,existing_stock
Myanmar,2022,Medium,Mid_eff,105.4962,existing_stock
Myanmar,2023,Medium,Mid_eff,106.2725,existing_stock
Myanmar,2024,Medium,Mid_eff,107.0255,existing_stock
Myanmar,2025,Medium,Mid_eff,107.75,existing_stock
Myanmar,2026,Medium,Mid_eff,101.644,retirement_survival
Myanmar,2027,Medium,Mid_eff,95.1743,retirement_survival
Myanmar,2028,Medium,Mid_eff,88.3959,retirement_survival
Myanmar,2029,Medium,Mid_eff,81.3806,retirement_survival
Myanmar,2030,Medium,Mid_eff,74.2145,retirement_survival
Myanmar,2031,Medium,Mid_eff,66.9945,retirement_survival
Myanmar,2032,Medium,Mid_eff,59.824,retirement_survival
Myanmar,2033,Medium,Mid_eff,52.8084,retirement_survival
Myanmar,2034,Medium,Mid_eff,46.0498,retirement_survival
Myanmar,2035,Medium,Mid_eff,39.6421,retirement_survival
Myanmar,2036,Medium,Mid_eff,33.6667,retirement_survival
Myanmar,2037,Medium,Mid_eff,28.1884,retirement_survival
Myanmar,2038,Medium,Mid_eff,23.2529,retirement_survival
Myanmar,2039,Medium,Mid_eff,18.8856,retirement_survival
Myanmar,2040,Medium,Mid_eff,15.0914,retirement_survival
Myanmar,2041,Medium,Mid_eff,11.8568,retirement_survival
Myanmar,2042,Medium,Mid_eff,9.1522,retirement_survival
Myanmar,2043,Medium,Mid_eff,6.935,retirement_survival
Myanmar,2044,Medium,Mid_eff,5.1544,retirement_survival
Myanmar,2045,Medium,Mid_eff,3.754,retirement_survival
Myanmar,2046,Medium,Mid_eff,2.6765,retirement_survival
Myanmar,2047,Medium,Mid_eff,1.8661,retirement_survival
Myanmar,2048,Medium,Mid_eff,1.2707,retirement_survival
Myanmar,2049,Medium,Mid_eff,0.8441,retirement_survival
Myanmar,2050,Medium,Mid_eff,0.5462,retirement_survival
Myanmar,2051,Medium,Mid_eff,0.3438,retirement_survival
Myanmar,2052,Medium,Mid_eff,0.2102,retirement_survival
Myanmar,2053,Medium,Mid_eff,0.1247,retirement_survival
Myanmar,2054,Medium,Mid_eff,0.0716,retirement_survival
Myanmar,2055,Medium,Mid_eff,0.0397,retirement_survival
Myanmar,2056,Medium,Mid_eff,0.0213,retirement_survival
Myanmar,2057,Medium,Mid_eff,0.011,retirement_survival
Myanmar,2058,Medium,Mid_eff,0.0055,retirement_survival
Myanmar,2059,Medium,Mid_eff,0.0026,retirement_survival
Myanmar,2060,Medium,Mid_eff,0.0012,retirement_survival
Myanmar,2005,Small,High_eff,26.3266,existing_stock
Myanmar,2006,Small,High_eff,28.7681,existing_stock
Myanmar,2007,Small,High_eff,31.4301,existing_stock
Myanmar,2008,Small,High_eff,34.2847,existing_stock
Myanmar,2009,Small,High_eff,37.3993,existing_stock
Myanmar,2010,Small,High_eff,40.8689,existing_stock
Myanmar,2011,Small,High_eff,44.6833,existing_stock
Myanmar,2012,Small,High_eff,48.8701,existing_stock
Myanmar,2013,Small,High_eff,53.4522,existing_stock
Myanmar,2014,Small,High_eff,58.4528,existing_stock
Myanmar,2015,Small,High_eff,58.9237,existing_stock
Myanmar,2016,Small,High_eff,69.2897,existing_stock
Myanmar,2017,Small,High_eff,79.7925,existing_stock
Myanmar,2018,Small,High_eff,80.3688,existing_stock
Myanmar,2019,Small,High_eff,91.0573,existing_stock
Myanmar,2020,Small,High_eff,101.9054,existing_stock
Myanmar,2021,Small,High_eff,92.3584,existing_stock
Myanmar,2022,Small,High_eff,93.0129,existing_stock
Myanmar,2023,Small,High_eff,93.6974,existing_stock
Myanmar,2024,Small,High_eff,94.3612,existing_stock
Myanmar,2025,Small,High_eff,95.0,existing_stock
Myanmar,2026,Small,High_eff,89.6165,retirement_survival
Myanmar,2027,Small,High_eff,83.9124,retirement_survival
Myanmar,2028,Small,High_eff,77.9361,retirement_survival
Myanmar,2029,Small,High_eff,71.7509,retirement_survival
Myanmar,2030,Small,High_eff,65.4327,retirement_survival
Myanmar,2031,Small,High_eff,59.067,retirement_survival
Myanmar,2032,Small,High_eff,52.7451,retirement_survival
Myanmar,2033,Small,High_eff,46.5596,retirement_survival
Myanmar,2034,Small,High_eff,40.6007,retirement_survival
Myanmar,2035,Small,High_eff,34.9513,retirement_survival
Myanmar,2036,Small,High_eff,29.683,retirement_survival
Myanmar,2037,Small,High_eff,24.8529,retirement_survival
Myanmar,2038,Small,High_eff,20.5014,retirement_survival
Myanmar,2039,Small,High_eff,16.6508,retirement_survival
Myanmar,2040,Small,High_eff,13.3056,retirement_survival
Myanmar,2041,Small,High_eff,10.4538,retirement_survival
Myanmar,2042,Small,High_eff,8.0692,retirement_survival
Myanmar,2043,Small,High_eff,6.1144,retirement_survival
Myanmar,2044,Small,High_eff,4.5444,retirement_survival
Myanmar,2045,Small,High_eff,3.3098,retirement_survival
Myanmar,2046,Small,High_eff,2.3598,retirement_survival
Myanmar,2047,Small,High_eff,1.6453,retirement_survival
Myanmar,2048,Small,High_eff,1.1204,retirement_survival
Myanmar,2049,Small,High_eff,0.7442,retirement_survival
Myanmar,2050,Small,High_eff,0.4816,retirement_survival
Myanmar,2051,Small,High_eff,0.3031,retirement_survival
Myanmar,2052,Small,High_eff,0.1853,retirement_survival
Myanmar,2053,Small,High_eff,0.1099,retirement_survival
Myanmar,2054,Small,High_eff,0.0631,retirement_survival
Myanmar,2055,Small,High_eff,0.035,retirement_survival
Myanmar,2056,Small,High_eff,0.0188,retirement_survival
Myanmar,2057,Small,High_eff,0.0097,retirement_survival
Myanmar,2058,Small,High_eff,0.0048,retirement_survival
Myanmar,2059,Small,High_eff,0.0023,retirement_survival
Myanmar,2060,Small,High_eff,0.0011,retirement_survival
Myanmar,2005,Small,Low_eff,70.148,existing_stock
Myanmar,2006,Small,Low_eff,76.6534,existing_stock
Myanmar,2007,Small,Low_eff,83.7463,existing_stock
Myanmar,2008,Small,Low_eff,91.3526,existing_stock
Myanmar,2009,Small,Low_eff,99.6515,existing_stock
Myanmar,2010,Small,Low_eff,108.8963,existing_stock
Myanmar,2011,Small,Low_eff,119.0598,existing_stock
Myanmar,2012,Small,Low_eff,130.2156,existing_stock
Myanmar,2013,Small,Low_eff,142.4247,existing_stock
Myanmar,2014,Small,Low_eff,155.7489,existing_stock
Myanmar,2015,Small,Low_eff,157.0039,existing_stock
Myanmar,2016,Small,Low_eff,184.6242,existing_stock
Myanmar,2017,Small,Low_eff,212.6092,existing_stock
Myanmar,2018,Small,Low_eff,214.1448,existing_stock
Myanmar,2019,Small,Low_eff,242.6247,existing_stock
Myanmar,2020,Small,Low_eff,271.5296,existing_stock
Myanmar,2021,Small,Low_eff,246.0914,existing_stock
Myanmar,2022,Small,Low_eff,247.8353,existing_stock
Myanmar,2023,Small,Low_eff,249.6591,existing_stock
Myanmar,2024,Small,Low_eff,251.4279,existing_stock
Myanmar,2025,Small,Low_eff,253.13,existing_stock
Myanmar,2026,Small,Low_eff,238.7855,retirement_survival
Myanmar,2027,Small,Low_eff,223.5867,retirement_survival
Myanmar,2028,Small,Low_eff,207.6627,retirement_survival
Myanmar,2029,Small,Low_eff,191.1821,retirement_survival
Myanmar,2030,Small,Low_eff,174.3472,retirement_survival
Myanmar,2031,Small,Low_eff,157.3857,retirement_survival
Myanmar,2032,Small,Low_eff,140.5406,retirement_survival
Myanmar,2033,Small,Low_eff,124.0593,retirement_survival
Myanmar,2034,Small,Low_eff,108.1817,retirement_survival
Myanmar,2035,Small,Low_eff,93.1286,retirement_survival
Myanmar,2036,Small,Low_eff,79.0911,retirement_survival
Myanmar,2037,Small,Low_eff,66.2213,retirement_survival
Myanmar,2038,Small,Low_eff,54.6266,retirement_survival
Myanmar,2039,Small,Low_eff,44.3666,retirement_survival
Myanmar,2040,Small,Low_eff,35.4532,retirement_survival
Myanmar,2041,Small,Low_eff,27.8545,retirement_survival
Myanmar,2042,Small,Low_eff,21.5006,retirement_survival
Myanmar,2043,Small,Low_eff,16.2921,retirement_survival
Myanmar,2044,Small,Low_eff,12.1088,retirement_survival
Myanmar,2045,Small,Low_eff,8.8191,retirement_survival
Myanmar,2046,Small,Low_eff,6.2878,retirement_survival
Myanmar,2047,Small,Low_eff,4.3839,retirement_survival
Myanmar,2048,Small,Low_eff,2.9853,retirement_survival
Myanmar,2049,Small,Low_eff,1.983,retirement_survival
Myanmar,2050,Small,Low_eff,1.2832,retirement_survival
Myanmar,2051,Small,Low_eff,0.8077,retirement_survival
Myanmar,2052,Small,Low_eff,0.4939,retirement_survival
Myanmar,2053,Small,Low_eff,0.2929,retirement_survival
Myanmar,2054,Small,Low_eff,0.1682,retirement_survival
Myanmar,2055,Small,Low_eff,0.0934,retirement_survival
Myanmar,2056,Small,Low_eff,0.0501,retirement_survival
Myanmar,2057,Small,Low_eff,0.0259,retirement_survival
Myanmar,2058,Small,Low_eff,0.0129,retirement_survival
Myanmar,2059,Small,Low_eff,0.0061,retirement_survival
Myanmar,2060,Small,Low_eff,0.0028,retirement_survival
Myanmar,2005,Small,Mid_eff,62.6768,existing_stock
Myanmar,2006,Small,Mid_eff,68.4893,existing_stock
Myanmar,2007,Small,Mid_eff,74.8267,existing_stock
Myanmar,2008,Small,Mid_eff,81.6229,existing_stock
Myanmar,2009,Small,Mid_eff,89.0379,existing_stock
Myanmar,2010,Small,Mid_eff,97.2981,existing_stock
Myanmar,2011,Small,Mid_eff,106.3792,existing_stock
Myanmar,2012,Small,Mid_eff,116.3468,existing_stock
Myanmar,2013,Small,Mid_eff,127.2556,existing_stock
Myanmar,2014,Small,Mid_eff,139.1607,existing_stock
Myanmar,2015,Small,Mid_eff,140.2819,existing_stock
Myanmar,2016,Small,Mid_eff,164.9605,existing_stock
Myanmar,2017,Small,Mid_eff,189.9649,existing_stock
Myanmar,2018,Small,Mid_eff,191.337,existing_stock
Myanmar,2019,Small,Mid_eff,216.7836,existing_stock
Myanmar,2020,Small,Mid_eff,242.6099,existing_stock
Myanmar,2021,Small,Mid_eff,219.8811,existing_stock
Myanmar,2022,Small,Mid_eff,221.4392,existing_stock
Myanmar,2023,Small,Mid_eff,223.0687,existing_stock
Myanmar,2024,Small,Mid_eff,224.6492,existing_stock
Myanmar,2025,Small,Mid_eff,226.17,existing_stock
Myanmar,2026,Small,Mid_eff,213.3532,retirement_survival
Myanmar,2027,Small,Mid_eff,199.7733,retirement_survival
Myanmar,2028,Small,Mid_eff,185.5452,retirement_survival
Myanmar,2029,Small,Mid_eff,170.8199,retirement_survival
Myanmar,2030,Small,Mid_eff,155.7781,retirement_survival
Myanmar,2031,Small,Mid_eff,140.6231,retirement_survival
Myanmar,2032,Small,Mid_eff,125.5721,retirement_survival
Myanmar,2033,Small,Mid_eff,110.8462,retirement_survival
Myanmar,2034,Small,Mid_eff,96.6596,retirement_survival
Myanmar,2035,Small,Mid_eff,83.2098,retirement_survival
Myanmar,2036,Small,Mid_eff,70.6674,retirement_survival
Myanmar,2037,Small,Mid_eff,59.1683,retirement_survival
Myanmar,2038,Small,Mid_eff,48.8085,retirement_survival
Myanmar,2039,Small,Mid_eff,39.6413,retirement_survival
Myanmar,2040,Small,Mid_eff,31.6772,retirement_survival
Myanmar,2041,Small,Mid_eff,24.8878,retirement_survival
Myanmar,2042,Small,Mid_eff,19.2106,retirement_survival
Myanmar,2043,Small,Mid_eff,14.5568,retirement_survival
Myanmar,2044,Small,Mid_eff,10.8191,retirement_survival
Myanmar,2045,Small,Mid_eff,7.8798,retirement_survival
Myanmar,2046,Small,Mid_eff,5.6182,retirement_survival
Myanmar,2047,Small,Mid_eff,3.917,retirement_survival
Myanmar,2048,Small,Mid_eff,2.6673,retirement_survival
Myanmar,2049,Small,Mid_eff,1.7718,retirement_survival
Myanmar,2050,Small,Mid_eff,1.1465,retirement_survival
Myanmar,2051,Small,Mid_eff,0.7217,retirement_survival
Myanmar,2052,Small,Mid_eff,0.4413,retirement_survival
Myanmar,2053,Small,Mid_eff,0.2617,retirement_survival
Myanmar,2054,Small,Mid_eff,0.1503,retirement_survival
Myanmar,2055,Small,Mid_eff,0.0834,retirement_survival
Myanmar,2056,Small,Mid_eff,0.0447,retirement_survival
Myanmar,2057,Small,Mid_eff,0.0231,retirement_survival
Myanmar,2058,Small,Mid_eff,0.0115,retirement_survival
Myanmar,2059,Small,Mid_eff,0.0055,retirement_survival
Myanmar,2060,Small,Mid_eff,0.0025,retirement_survival
Philippines,2005,Large,High_eff,276.0612,existing_stock
Philippines,2006,Large,High_eff,305.0745,existing_stock
Philippines,2007,Large,High_eff,337.0908,existing_stock
Philippines,2008,Large,High_eff,372.4675,existing_stock
Philippines,2009,Large,High_eff,411.4317,existing_stock
Philippines,2010,Large,High_eff,454.2976,existing_stock
Philippines,2011,Large,High_eff,501.5293,existing_stock
Philippines,2012,Large,High_eff,553.4605,existing_stock
Philippines,2013,Large,High_eff,610.4235,existing_stock
Philippines,2014,Large,High_eff,672.7773,existing_stock
Philippines,2015,Large,High_eff,722.1118,existing_stock
Philippines,2016,Large,High_eff,812.4072,existing_stock
Philippines,2017,Large,High_eff,905.5873,existing_stock
Philippines,2018,Large,High_eff,1001.2133,existing_stock
Philippines,2019,Large,High_eff,1099.3568,existing_stock
Philippines,2020,Large,High_eff,910.4624,existing_stock
Philippines,2021,Large,High_eff,966.1798,existing_stock
Philippines,2022,Large,High_eff,1108.3031,existing_stock
Philippines,2023,Large,High_eff,1211.9251,existing_stock
Philippines,2024,Large,High_eff,1318.0658,existing_stock
Philippines,2025,Large,High_eff,1426.69,existing_stock
Philippines,2026,Large,High_eff,1363.6815,retirement_survival
Philippines,2027,Large,High_eff,1296.2246,retirement_survival
Philippines,2028,Large,High_eff,1224.5207,retirement_survival
Philippines,2029,Large,High_eff,1148.9575,retirement_survival
Philippines,2030,Large,High_eff,1070.0932,retirement_survival
Philippines,2031,Large,High_eff,988.6382,retirement_survival
Philippines,2032,Large,High_eff,905.4335,retirement_survival
Philippines,2033,Large,High_eff,821.4244,retirement_survival
Philippines,2034,Large,High_eff,737.6314,retirement_survival
Philippines,2035,Large,High_eff,655.1166,retirement_survival
Philippines,2036,Large,High_eff,574.9466,retirement_survival
Philippines,2037,Large,High_eff,498.1531,retirement_survival
Philippines,2038,Large,High_eff,425.6914,retirement_survival
Philippines,2039,Large,High_eff,358.3994,retirement_survival
Philippines,2040,Large,High_eff,296.9604,retirement_survival
Philippines,2041,Large,High_eff,241.8704,retirement_survival
Philippines,2042,Large,High_eff,193.416,retirement_survival
Philippines,2043,Large,High_eff,151.6635,retirement_survival
Philippines,2044,Large,High_eff,116.4625,retirement_survival
Philippines,2045,Large,High_eff,87.4647,retirement_survival
Philippines,2046,Large,High_eff,64.1561,retirement_survival
Philippines,2047,Large,High_eff,45.8998,retirement_survival
Philippines,2048,Large,High_eff,31.9859,retirement_survival
Philippines,2049,Large,High_eff,21.6814,retirement_survival
Philippines,2050,Large,High_eff,14.276,retirement_survival
Philippines,2051,Large,High_eff,9.1186,retirement_survival
Philippines,2052,Large,High_eff,5.6424,retirement_survival
Philippines,2053,Large,High_eff,3.3778,retirement_survival
Philippines,2054,Large,High_eff,1.9537,retirement_survival
Philippines,2055,Large,High_eff,1.0904,retirement_survival
Philippines,2056,Large,High_eff,0.5864,retirement_survival
Philippines,2057,Large,High_eff,0.3036,retirement_survival
Philippines,2058,Large,High_eff,0.151,retirement_survival
Philippines,2059,Large,High_eff,0.0721,retirement_survival
Philippines,2060,Large,High_eff,0.033,retirement_survival
Philippines,2005,Large,Low_eff,90.3518,existing_stock
Philippines,2006,Large,Low_eff,99.8475,existing_stock
Philippines,2007,Large,Low_eff,110.3261,existing_stock
Philippines,2008,Large,Low_eff,121.9045,existing_stock
Philippines,2009,Large,Low_eff,134.6571,existing_stock
Philippines,2010,Large,Low_eff,148.6866,existing_stock
Philippines,2011,Large,Low_eff,164.1451,existing_stock
Philippines,2012,Large,Low_eff,181.1416,existing_stock
Philippines,2013,Large,Low_eff,199.7849,existing_stock
Philippines,2014,Large,Low_eff,220.1927,existing_stock
Philippines,2015,Large,Low_eff,236.3393,existing_stock
Philippines,2016,Large,Low_eff,265.892,existing_stock
Philippines,2017,Large,Low_eff,296.3888,existing_stock
Philippines,2018,Large,Low_eff,327.6861,existing_stock
Philippines,2019,Large,Low_eff,359.8074,existing_stock
Philippines,2020,Large,Low_eff,297.9844,existing_stock
Philippines,2021,Large,Low_eff,316.22,existing_stock
Philippines,2022,Large,Low_eff,362.7355,existing_stock
Philippines,2023,Large,Low_eff,396.6498,existing_stock
Philippines,2024,Large,Low_eff,431.3885,existing_stock
Philippines,2025,Large,Low_eff,466.94,existing_stock
Philippines,2026,Large,Low_eff,446.318,retirement_survival
Philippines,2027,Large,Low_eff,424.2401,retirement_survival
Philippines,2028,Large,Low_eff,400.7722,retirement_survival
Philippines,2029,Large,Low_eff,376.0412,retirement_survival
Philippines,2030,Large,Low_eff,350.2298,retirement_survival
Philippines,2031,Large,Low_eff,323.5705,retirement_survival
Philippines,2032,Large,Low_eff,296.3385,retirement_survival
Philippines,2033,Large,Low_eff,268.8432,retirement_survival
Philippines,2034,Large,Low_eff,241.4187,retirement_survival
Philippines,2035,Large,Low_eff,214.4125,retirement_survival
Philippines,2036,Large,Low_eff,188.1737,retirement_survival
Philippines,2037,Large,Low_eff,163.0401,retirement_survival
Philippines,2038,Large,Low_eff,139.3241,retirement_survival
Philippines,2039,Large,Low_eff,117.3002,retirement_survival
Philippines,2040,Large,Low_eff,97.1919,retirement_survival
Philippines,2041,Large,Low_eff,79.1615,retirement_survival
Philippines,2042,Large,Low_eff,63.3029,retirement_survival
Philippines,2043,Large,Low_eff,49.6378,retirement_survival
Philippines,2044,Large,Low_eff,38.1169,retirement_survival
Philippines,2045,Large,Low_eff,28.6263,retirement_survival
Philippines,2046,Large,Low_eff,20.9976,retirement_survival
Philippines,2047,Large,Low_eff,15.0225,retirement_survival
Philippines,2048,Large,Low_eff,10.4686,retirement_survival
Philippines,2049,Large,Low_eff,7.0961,retirement_survival
Philippines,2050,Large,Low_eff,4.6724,retirement_survival
Philippines,2051,Large,Low_eff,2.9844,retirement_survival
Philippines,2052,Large,Low_eff,1.8467,retirement_survival
Philippines,2053,Large,Low_eff,1.1055,retirement_survival
Philippines,2054,Large,Low_eff,0.6394,retirement_survival
Philippines,2055,Large,Low_eff,0.3569,retirement_survival
Philippines,2056,Large,Low_eff,0.1919,retirement_survival
Philippines,2057,Large,Low_eff,0.0993,retirement_survival
Philippines,2058,Large,Low_eff,0.0494,retirement_survival
Philippines,2059,Large,Low_eff,0.0236,retirement_survival
Philippines,2060,Large,Low_eff,0.0108,retirement_survival
Philippines,2005,Large,Mid_eff,173.8635,existing_stock
Philippines,2006,Large,Mid_eff,192.136,existing_stock
Philippines,2007,Large,Mid_eff,212.2999,existing_stock
Philippines,2008,Large,Mid_eff,234.5802,existing_stock
Philippines,2009,Large,Mid_eff,259.1199,existing_stock
Philippines,2010,Large,Mid_eff,286.1168,existing_stock
Philippines,2011,Large,Mid_eff,315.8634,existing_stock
Philippines,2012,Large,Mid_eff,348.5697,existing_stock
Philippines,2013,Large,Mid_eff,384.445,existing_stock
Philippines,2014,Large,Mid_eff,423.7155,existing_stock
Philippines,2015,Large,Mid_eff,454.7864,existing_stock
Philippines,2016,Large,Mid_eff,511.6544,existing_stock
Philippines,2017,Large,Mid_eff,570.3393,existing_stock
Philippines,2018,Large,Mid_eff,630.5646,existing_stock
Philippines,2019,Large,Mid_eff,692.3754,existing_stock
Philippines,2020,Large,Mid_eff,573.4096,existing_stock
Philippines,2021,Large,Mid_eff,608.5004,existing_stock
Philippines,2022,Large,Mid_eff,698.0098,existing_stock
Philippines,2023,Large,Mid_eff,763.2709,existing_stock
Philippines,2024,Large,Mid_eff,830.1184,existing_stock
Philippines,2025,Large,Mid_eff,898.53,existing_stock
Philippines,2026,Large,Mid_eff,858.8472,retirement_survival
Philippines,2027,Large,Mid_eff,816.3628,retirement_survival
Philippines,2028,Large,Mid_eff,771.2037,retirement_survival
Philippines,2029,Large,Mid_eff,723.6139,retirement_survival
Philippines,2030,Large,Mid_eff,673.9451,retirement_survival
Philippines,2031,Large,Mid_eff,622.6448,retirement_survival
Philippines,2032,Large,Mid_eff,570.2424,retirement_survival
Philippines,2033,Large,Mid_eff,517.3335,retirement_survival
Philippines,2034,Large,Mid_eff,464.5606,retirement_survival
Philippines,2035,Large,Mid_eff,412.5927,retirement_survival
Philippines,2036,Large,Mid_eff,362.1016,retirement_survival
Philippines,2037,Large,Mid_eff,313.7371,retirement_survival
Philippines,2038,Large,Mid_eff,268.1006,retirement_survival
Philippines,2039,Large,Mid_eff,225.7201,retirement_survival
Philippines,2040,Large,Mid_eff,187.0258,retirement_survival
Philippines,2041,Large,Mid_eff,152.3301,retirement_survival
Philippines,2042,Large,Mid_eff,121.8135,retirement_survival
Philippines,2043,Large,Mid_eff,95.5177,retirement_survival
Philippines,2044,Large,Mid_eff,73.3481,retirement_survival
Philippines,2045,Large,Mid_eff,55.0853,retirement_survival
Philippines,2046,Large,Mid_eff,40.4055,retirement_survival
Philippines,2047,Large,Mid_eff,28.9077,retirement_survival
Philippines,2048,Large,Mid_eff,20.1447,retirement_survival
Philippines,2049,Large,Mid_eff,13.655,retirement_survival
Philippines,2050,Large,Mid_eff,8.991,retirement_survival
Philippines,2051,Large,Mid_eff,5.7429,retirement_survival
Philippines,2052,Large,Mid_eff,3.5536,retirement_survival
Philippines,2053,Large,Mid_eff,2.1273,retirement_survival
Philippines,2054,Large,Mid_eff,1.2305,retirement_survival
Philippines,2055,Large,Mid_eff,0.6867,retirement_survival
Philippines,2056,Large,Mid_eff,0.3693,retirement_survival
Philippines,2057,Large,Mid_eff,0.1912,retirement_survival
Philippines,2058,Large,Mid_eff,0.0951,retirement_survival
Philippines,2059,Large,Mid_eff,0.0454,retirement_survival
Philippines,2060,Large,Mid_eff,0.0208,retirement_survival
Philippines,2005,Medium,High_eff,179.711,existing_stock
Philippines,2006,Medium,High_eff,198.5981,existing_stock
Philippines,2007,Medium,High_eff,219.4402,existing_stock
Philippines,2008,Medium,High_eff,242.4697,existing_stock
Philippines,2009,Medium,High_eff,267.8348,existing_stock
Philippines,2010,Medium,High_eff,295.7397,existing_stock
Philippines,2011,Medium,High_eff,326.4868,existing_stock
Philippines,2012,Medium,High_eff,360.293,existing_stock
Philippines,2013,Medium,High_eff,397.3749,existing_stock
Philippines,2014,Medium,High_eff,437.9662,existing_stock
Philippines,2015,Medium,High_eff,470.082,existing_stock
Philippines,2016,Medium,High_eff,528.8627,existing_stock
Philippines,2017,Medium,High_eff,589.5213,existing_stock
Philippines,2018,Medium,High_eff,651.7721,existing_stock
Philippines,2019,Medium,High_eff,715.6619,existing_stock
Philippines,2020,Medium,High_eff,592.6949,existing_stock
Philippines,2021,Medium,High_eff,628.966,existing_stock
Philippines,2022,Medium,High_eff,721.4857,existing_stock
Philippines,2023,Medium,High_eff,788.9418,existing_stock
Philippines,2024,Medium,High_eff,858.0375,existing_stock
Philippines,2025,Medium,High_eff,928.75,existing_stock
Philippines,2026,Medium,High_eff,887.7326,retirement_survival
Philippines,2027,Medium,High_eff,843.8193,retirement_survival
Philippines,2028,Medium,High_eff,797.1414,retirement_survival
Philippines,2029,Medium,High_eff,747.951,retirement_survival
Philippines,2030,Medium,High_eff,696.6118,retirement_survival
Philippines,2031,Medium,High_eff,643.586,retirement_survival
Philippines,2032,Medium,High_eff,589.4212,retirement_survival
Philippines,2033,Medium,High_eff,534.7328,retirement_survival
Philippines,2034,Medium,High_eff,480.185,retirement_survival
Philippines,2035,Medium,High_eff,426.4693,retirement_survival
Philippines,2036,Medium,High_eff,374.2801,retirement_survival
Philippines,2037,Medium,High_eff,324.2889,retirement_survival
Philippines,2038,Medium,High_eff,277.1176,retirement_survival
Philippines,2039,Medium,High_eff,233.3117,retirement_survival
Philippines,2040,Medium,High_eff,193.316,retirement_survival
Philippines,2041,Medium,High_eff,157.4534,retirement_survival
Philippines,2042,Medium,High_eff,125.9104,retirement_survival
Philippines,2043,Medium,High_eff,98.7302,retirement_survival
Philippines,2044,Medium,High_eff,75.815,retirement_survival
Philippines,2045,Medium,High_eff,56.938,retirement_survival
Philippines,2046,Medium,High_eff,41.7645,retirement_survival
Philippines,2047,Medium,High_eff,29.8799,retirement_survival
Philippines,2048,Medium,High_eff,20.8222,retirement_survival
Philippines,2049,Medium,High_eff,14.1142,retirement_survival
Philippines,2050,Medium,High_eff,9.2934,retirement_survival
Philippines,2051,Medium,High_eff,5.936,retirement_survival
Philippines,2052,Medium,High_eff,3.6731,retirement_survival
Philippines,2053,Medium,High_eff,2.1989,retirement_survival
Philippines,2054,Medium,High_eff,1.2718,retirement_survival
Philippines,2055,Medium,High_eff,0.7098,retirement_survival
Philippines,2056,Medium,High_eff,0.3818,retirement_survival
Philippines,2057,Medium,High_eff,0.1976,retirement_survival
Philippines,2058,Medium,High_eff,0.0983,retirement_survival
Philippines,2059,Medium,High_eff,0.047,retirement_survival
Philippines,2060,Medium,High_eff,0.0215,retirement_survival
Philippines,2005,Medium,Low_eff,109.4055,existing_stock
Philippines,2006,Medium,Low_eff,120.9037,existing_stock
Philippines,2007,Medium,Low_eff,133.5921,existing_stock
Philippines,2008,Medium,Low_eff,147.6122,existing_stock
Philippines,2009,Medium,Low_eff,163.0541,existing_stock
Philippines,2010,Medium,Low_eff,180.0422,existing_stock
Philippines,2011,Medium,Low_eff,198.7606,existing_stock
Philippines,2012,Medium,Low_eff,219.3414,existing_stock
Philippines,2013,Medium,Low_eff,241.9163,existing_stock
Philippines,2014,Medium,Low_eff,266.6277,existing_stock
Philippines,2015,Medium,Low_eff,286.1794,existing_stock
Philippines,2016,Medium,Low_eff,321.9642,existing_stock
Philippines,2017,Medium,Low_eff,358.8923,existing_stock
Philippines,2018,Medium,Low_eff,396.7898,existing_stock
Philippines,2019,Medium,Low_eff,435.6849,existing_stock
Philippines,2020,Medium,Low_eff,360.8244,existing_stock
Philippines,2021,Medium,Low_eff,382.9057,existing_stock
Philippines,2022,Medium,Low_eff,439.2304,existing_stock
Philippines,2023,Medium,Low_eff,480.2967,existing_stock
Philippines,2024,Medium,Low_eff,522.3612,existing_stock
Philippines,2025,Medium,Low_eff,565.41,existing_stock
Philippines,2026,Medium,Low_eff,540.4392,retirement_survival
Philippines,2027,Medium,Low_eff,513.7054,retirement_survival
Philippines,2028,Medium,Low_eff,485.2885,retirement_survival
Philippines,2029,Medium,Low_eff,455.3421,retirement_survival
Philippines,2030,Medium,Low_eff,424.0875,retirement_survival
Philippines,2031,Medium,Low_eff,391.8062,retirement_survival
Philippines,2032,Medium,Low_eff,358.8314,retirement_survival
Philippines,2033,Medium,Low_eff,325.5378,retirement_survival
Philippines,2034,Medium,Low_eff,292.3299,retirement_survival
Philippines,2035,Medium,Low_eff,259.6286,retirement_survival
Philippines,2036,Medium,Low_eff,227.8565,retirement_survival
Philippines,2037,Medium,Low_eff,197.4226,retirement_survival
Philippines,2038,Medium,Low_eff,168.7053,retirement_survival
Philippines,2039,Medium,Low_eff,142.0369,retirement_survival
Philippines,2040,Medium,Low_eff,117.6881,retirement_survival
Philippines,2041,Medium,Low_eff,95.8554,retirement_survival
Philippines,2042,Medium,Low_eff,76.6525,retirement_survival
Philippines,2043,Medium,Low_eff,60.1056,retirement_survival
Philippines,2044,Medium,Low_eff,46.1551,retirement_survival
Philippines,2045,Medium,Low_eff,34.6631,retirement_survival
Philippines,2046,Medium,Low_eff,25.4256,retirement_survival
Philippines,2047,Medium,Low_eff,18.1905,retirement_survival
Philippines,2048,Medium,Low_eff,12.6763,retirement_survival
Philippines,2049,Medium,Low_eff,8.5925,retirement_survival
Philippines,2050,Medium,Low_eff,5.6577,retirement_survival
Philippines,2051,Medium,Low_eff,3.6138,retirement_survival
Philippines,2052,Medium,Low_eff,2.2361,retirement_survival
Philippines,2053,Medium,Low_eff,1.3386,retirement_survival
Philippines,2054,Medium,Low_eff,0.7743,retirement_survival
Philippines,2055,Medium,Low_eff,0.4321,retirement_survival
Philippines,2056,Medium,Low_eff,0.2324,retirement_survival
Philippines,2057,Medium,Low_eff,0.1203,retirement_survival
Philippines,2058,Medium,Low_eff,0.0599,retirement_survival
Philippines,2059,Medium,Low_eff,0.0286,retirement_survival
Philippines,2060,Medium,Low_eff,0.0131,retirement_survival
Philippines,2005,Medium,Mid_eff,132.9019,existing_stock
Philippines,2006,Medium,Mid_eff,146.8696,existing_stock
Philippines,2007,Medium,Mid_eff,162.2829,existing_stock
Philippines,2008,Medium,Mid_eff,179.314,existing_stock
Philippines,2009,Medium,Mid_eff,198.0723,existing_stock
Philippines,2010,Medium,Mid_eff,218.7089,existing_stock
Philippines,2011,Medium,Mid_eff,241.4473,existing_stock
Philippines,2012,Medium,Mid_eff,266.4481,existing_stock
Philippines,2013,Medium,Mid_eff,293.8713,existing_stock
Philippines,2014,Medium,Mid_eff,323.8898,existing_stock
Philippines,2015,Medium,Mid_eff,347.6405,existing_stock
Philippines,2016,Medium,Mid_eff,391.1107,existing_stock
Philippines,2017,Medium,Mid_eff,435.9697,existing_stock
Philippines,2018,Medium,Mid_eff,482.0061,existing_stock
Philippines,2019,Medium,Mid_eff,529.2546,existing_stock
Philippines,2020,Medium,Mid_eff,438.3166,existing_stock
Philippines,2021,Medium,Mid_eff,465.1402,existing_stock
Philippines,2022,Medium,Mid_eff,533.5615,existing_stock
Philippines,2023,Medium,Mid_eff,583.4474,existing_stock
Philippines,2024,Medium,Mid_eff,634.5459,existing_stock
Philippines,2025,Medium,Mid_eff,686.84,existing_stock
Philippines,2026,Medium,Mid_eff,656.5063,retirement_survival
Philippines,2027,Medium,Mid_eff,624.0311,retirement_survival
Philippines,2028,Medium,Mid_eff,589.5113,retirement_survival
Philippines,2029,Medium,Mid_eff,553.1335,retirement_survival
Philippines,2030,Medium,Mid_eff,515.1664,retirement_survival
Philippines,2031,Medium,Mid_eff,475.9522,retirement_survival
Philippines,2032,Medium,Mid_eff,435.8956,retirement_survival
Philippines,2033,Medium,Mid_eff,395.4518,retirement_survival
Philippines,2034,Medium,Mid_eff,355.112,retirement_survival
Philippines,2035,Medium,Mid_eff,315.3876,retirement_survival
Philippines,2036,Medium,Mid_eff,276.792,retirement_survival
Philippines,2037,Medium,Mid_eff,239.8219,retirement_survival
Philippines,2038,Medium,Mid_eff,204.9372,retirement_survival
Philippines,2039,Medium,Mid_eff,172.5414,retirement_survival
Philippines,2040,Medium,Mid_eff,142.9633,retirement_survival
Philippines,2041,Medium,Mid_eff,116.4418,retirement_survival
Philippines,2042,Medium,Mid_eff,93.1147,retirement_survival
Philippines,2043,Medium,Mid_eff,73.0141,retirement_survival
Philippines,2044,Medium,Mid_eff,56.0676,retirement_survival
Philippines,2045,Medium,Mid_eff,42.1075,retirement_survival
Philippines,2046,Medium,Mid_eff,30.8861,retirement_survival
Philippines,2047,Medium,Mid_eff,22.0972,retirement_survival
Philippines,2048,Medium,Mid_eff,15.3987,retirement_survival
Philippines,2049,Medium,Mid_eff,10.4379,retirement_survival
Philippines,2050,Medium,Mid_eff,6.8728,retirement_survival
Philippines,2051,Medium,Mid_eff,4.3899,retirement_survival
Philippines,2052,Medium,Mid_eff,2.7164,retirement_survival
Philippines,2053,Medium,Mid_eff,1.6261,retirement_survival
Philippines,2054,Medium,Mid_eff,0.9406,retirement_survival
Philippines,2055,Medium,Mid_eff,0.5249,retirement_survival
Philippines,2056,Medium,Mid_eff,0.2823,retirement_survival
Philippines,2057,Medium,Mid_eff,0.1461,retirement_survival
Philippines,2058,Medium,Mid_eff,0.0727,retirement_survival
Philippines,2059,Medium,Mid_eff,0.0347,retirement_survival
Philippines,2060,Medium,Mid_eff,0.0159,retirement_survival
Philippines,2005,Small,High_eff,285.709,existing_stock
Philippines,2006,Small,High_eff,315.7362,existing_stock
Philippines,2007,Small,High_eff,348.8715,existing_stock
Philippines,2008,Small,High_eff,385.4845,existing_stock
Philippines,2009,Small,High_eff,425.8104,existing_stock
Philippines,2010,Small,High_eff,470.1744,existing_stock
Philippines,2011,Small,High_eff,519.0568,existing_stock
Philippines,2012,Small,High_eff,572.8029,existing_stock
Philippines,2013,Small,High_eff,631.7566,existing_stock
Philippines,2014,Small,High_eff,696.2896,existing_stock
Philippines,2015,Small,High_eff,747.3482,existing_stock
Philippines,2016,Small,High_eff,840.7992,existing_stock
Philippines,2017,Small,High_eff,937.2358,existing_stock
Philippines,2018,Small,High_eff,1036.2037,existing_stock
Philippines,2019,Small,High_eff,1137.7772,existing_stock
Philippines,2020,Small,High_eff,942.2812,existing_stock
Philippines,2021,Small,High_eff,999.9458,existing_stock
Philippines,2022,Small,High_eff,1147.0361,existing_stock
Philippines,2023,Small,High_eff,1254.2794,existing_stock
Philippines,2024,Small,High_eff,1364.1296,existing_stock
Philippines,2025,Small,High_eff,1476.55,existing_stock
Philippines,2026,Small,High_eff,1411.3395,retirement_survival
Philippines,2027,Small,High_eff,1341.5251,retirement_survival
Philippines,2028,Small,High_eff,1267.3153,retirement_survival
Philippines,2029,Small,High_eff,1189.1113,retirement_survival
Philippines,2030,Small,High_eff,1107.4908,retirement_survival
Philippines,2031,Small,High_eff,1023.1892,retirement_survival
Philippines,2032,Small,High_eff,937.0766,retirement_survival
Philippines,2033,Small,High_eff,850.1316,retirement_survival
Philippines,2034,Small,High_eff,763.4102,retirement_survival
Philippines,2035,Small,High_eff,678.0116,retirement_survival
Philippines,2036,Small,High_eff,595.0399,retirement_survival
Philippines,2037,Small,High_eff,515.5626,retirement_survival
Philippines,2038,Small,High_eff,440.5685,retirement_survival
Philippines,2039,Small,High_eff,370.9248,retirement_survival
Philippines,2040,Small,High_eff,307.3386,retirement_survival
Philippines,2041,Small,High_eff,250.3233,retirement_survival
Philippines,2042,Small,High_eff,200.1755,retirement_survival
Philippines,2043,Small,High_eff,156.9638,retirement_survival
Philippines,2044,Small,High_eff,120.5326,retirement_survival
Philippines,2045,Small,High_eff,90.5215,retirement_survival
Philippines,2046,Small,High_eff,66.3982,retirement_survival
Philippines,2047,Small,High_eff,47.5039,retirement_survival
Philippines,2048,Small,High_eff,33.1037,retirement_survival
Philippines,2049,Small,High_eff,22.4391,retirement_survival
Philippines,2050,Small,High_eff,14.7749,retirement_survival
Philippines,2051,Small,High_eff,9.4372,retirement_survival
Philippines,2052,Small,High_eff,5.8396,retirement_survival
Philippines,2053,Small,High_eff,3.4958,retirement_survival
Philippines,2054,Small,High_eff,2.022,retirement_survival
Philippines,2055,Small,High_eff,1.1285,retirement_survival
Philippines,2056,Small,High_eff,0.6069,retirement_survival
Philippines,2057,Small,High_eff,0.3142,retirement_survival
Philippines,2058,Small,High_eff,0.1563,retirement_survival
Philippines,2059,Small,High_eff,0.0746,retirement_survival
Philippines,2060,Small,High_eff,0.0342,retirement_survival
Philippines,2005,Small,Low_eff,222.3443,existing_stock
Philippines,2006,Small,Low_eff,245.7121,existing_stock
Philippines,2007,Small,Low_eff,271.4986,existing_stock
Philippines,2008,Small,Low_eff,299.9915,existing_stock
Philippines,2009,Small,Low_eff,331.374,existing_stock
Philippines,2010,Small,Low_eff,365.8989,existing_stock
Philippines,2011,Small,Low_eff,403.9401,existing_stock
Philippines,2012,Small,Low_eff,445.7664,existing_stock
Philippines,2013,Small,Low_eff,491.6453,existing_stock
Philippines,2014,Small,Low_eff,541.8661,existing_stock
Philippines,2015,Small,Low_eff,581.6009,existing_stock
Philippines,2016,Small,Low_eff,654.3264,existing_stock
Philippines,2017,Small,Low_eff,729.3751,existing_stock
Philippines,2018,Small,Low_eff,806.3939,existing_stock
Philippines,2019,Small,Low_eff,885.4404,existing_stock
Philippines,2020,Small,Low_eff,733.3016,existing_stock
Philippines,2021,Small,Low_eff,778.1773,existing_stock
Philippines,2022,Small,Low_eff,892.6459,existing_stock
Philippines,2023,Small,Low_eff,976.1047,existing_stock
Philippines,2024,Small,Low_eff,1061.5922,existing_stock
Philippines,2025,Small,Low_eff,1149.08,existing_stock
Philippines,2026,Small,Low_eff,1098.3319,retirement_survival
Philippines,2027,Small,Low_eff,1044.001,retirement_survival
Philippines,2028,Small,Low_eff,986.2495,retirement_survival
Philippines,2029,Small,Low_eff,925.3896,retirement_survival
Philippines,2030,Small,Low_eff,861.8709,retirement_survival
Philippines,2031,Small,Low_eff,796.2658,retirement_survival
Philippines,2032,Small,Low_eff,729.2513,retirement_survival
Philippines,2033,Small,Low_eff,661.589,retirement_survival
Philippines,2034,Small,Low_eff,594.1007,retirement_survival
Philippines,2035,Small,Low_eff,527.6419,retirement_survival
Philippines,2036,Small,Low_eff,463.0716,retirement_survival
Philippines,2037,Small,Low_eff,401.2209,retirement_survival
Philippines,2038,Small,Low_eff,342.859,retirement_survival
Philippines,2039,Small,Low_eff,288.6609,retirement_survival
Philippines,2040,Small,Low_eff,239.1769,retirement_survival
Philippines,2041,Small,Low_eff,194.8065,retirement_survival
Philippines,2042,Small,Low_eff,155.7805,retirement_survival
Philippines,2043,Small,Low_eff,122.1523,retirement_survival
Philippines,2044,Small,Low_eff,93.8008,retirement_survival
Philippines,2045,Small,Low_eff,70.4456,retirement_survival
Philippines,2046,Small,Low_eff,51.6724,retirement_survival
Philippines,2047,Small,Low_eff,36.9684,retirement_survival
Philippines,2048,Small,Low_eff,25.762,retirement_survival
Philippines,2049,Small,Low_eff,17.4626,retirement_survival
Philippines,2050,Small,Low_eff,11.4981,retirement_survival
Philippines,2051,Small,Low_eff,7.3442,retirement_survival
Philippines,2052,Small,Low_eff,4.5445,retirement_survival
Philippines,2053,Small,Low_eff,2.7205,retirement_survival
Philippines,2054,Small,Low_eff,1.5736,retirement_survival
Philippines,2055,Small,Low_eff,0.8782,retirement_survival
Philippines,2056,Small,Low_eff,0.4723,retirement_survival
Philippines,2057,Small,Low_eff,0.2445,retirement_survival
Philippines,2058,Small,Low_eff,0.1216,retirement_survival
Philippines,2059,Small,Low_eff,0.0581,retirement_survival
Philippines,2060,Small,Low_eff,0.0266,retirement_survival
Philippines,2005,Small,Mid_eff,397.808,existing_stock
Philippines,2006,Small,Mid_eff,439.6165,existing_stock
Philippines,2007,Small,Mid_eff,485.7525,existing_stock
Philippines,2008,Small,Mid_eff,536.7308,existing_stock
Philippines,2009,Small,Mid_eff,592.8788,existing_stock
Philippines,2010,Small,Mid_eff,654.6492,existing_stock
Philippines,2011,Small,Mid_eff,722.7107,existing_stock
Philippines,2012,Small,Mid_eff,797.5443,existing_stock
Philippines,2013,Small,Mid_eff,879.6288,existing_stock
Philippines,2014,Small,Mid_eff,969.4814,existing_stock
Philippines,2015,Small,Mid_eff,1040.5731,existing_stock
Philippines,2016,Small,Mid_eff,1170.69,existing_stock
Philippines,2017,Small,Mid_eff,1304.9638,existing_stock
Philippines,2018,Small,Mid_eff,1442.7621,existing_stock
Philippines,2019,Small,Mid_eff,1584.1884,existing_stock
Philippines,2020,Small,Mid_eff,1311.9889,existing_stock
Philippines,2021,Small,Mid_eff,1392.2784,existing_stock
Philippines,2022,Small,Mid_eff,1597.0801,existing_stock
Philippines,2023,Small,Mid_eff,1746.4007,existing_stock
Philippines,2024,Small,Mid_eff,1899.351,existing_stock
Philippines,2025,Small,Mid_eff,2055.88,existing_stock
Philippines,2026,Small,Mid_eff,1965.0839,retirement_survival
Philippines,2027,Small,Mid_eff,1867.8775,retirement_survival
Philippines,2028,Small,Mid_eff,1764.5513,retirement_survival
Philippines,2029,Small,Mid_eff,1655.6636,retirement_survival
Philippines,2030,Small,Mid_eff,1542.019,retirement_survival
Philippines,2031,Small,Mid_eff,1424.6413,retirement_survival
Philippines,2032,Small,Mid_eff,1304.7422,retirement_survival
Philippines,2033,Small,Mid_eff,1183.6839,retirement_survival
Philippines,2034,Small,Mid_eff,1062.9371,retirement_survival
Philippines,2035,Small,Mid_eff,944.032,retirement_survival
Philippines,2036,Small,Mid_eff,828.506,retirement_survival
Philippines,2037,Small,Mid_eff,717.8456,retirement_survival
Philippines,2038,Small,Mid_eff,613.4272,retirement_survival
Philippines,2039,Small,Mid_eff,516.4586,retirement_survival
Philippines,2040,Small,Mid_eff,427.9241,retirement_survival
Philippines,2041,Small,Mid_eff,348.5386,retirement_survival
Philippines,2042,Small,Mid_eff,278.7151,retirement_survival
Philippines,2043,Small,Mid_eff,218.5491,retirement_survival
Philippines,2044,Small,Mid_eff,167.8241,retirement_survival
Philippines,2045,Small,Mid_eff,126.0379,retirement_survival
Philippines,2046,Small,Mid_eff,92.4498,retirement_survival
Philippines,2047,Small,Mid_eff,66.1422,retirement_survival
Philippines,2048,Small,Mid_eff,46.0921,retirement_survival
Philippines,2049,Small,Mid_eff,31.2432,retirement_survival
Philippines,2050,Small,Mid_eff,20.5719,retirement_survival
Philippines,2051,Small,Mid_eff,13.14,retirement_survival
Philippines,2052,Small,Mid_eff,8.1307,retirement_survival
Philippines,2053,Small,Mid_eff,4.8674,retirement_survival
Philippines,2054,Small,Mid_eff,2.8153,retirement_survival
Philippines,2055,Small,Mid_eff,1.5713,retirement_survival
Philippines,2056,Small,Mid_eff,0.8451,retirement_survival
Philippines,2057,Small,Mid_eff,0.4374,retirement_survival
Philippines,2058,Small,Mid_eff,0.2176,retirement_survival
Philippines,2059,Small,Mid_eff,0.1039,retirement_survival
Philippines,2060,Small,Mid_eff,0.0476,retirement_survival
Singapore,2005,Large,High_eff,534.4879,existing_stock
Singapore,2006,Large,High_eff,559.8391,existing_stock
Singapore,2007,Large,High_eff,592.5013,existing_stock
Singapore,2008,Large,High_eff,634.3581,existing_stock
Singapore,2009,Large,High_eff,663.6908,existing_stock
Singapore,2010,Large,High_eff,685.7956,existing_stock
Singapore,2011,Large,High_eff,710.859,existing_stock
Singapore,2012,Large,High_eff,739.5581,existing_stock
Singapore,2013,Large,High_eff,763.0241,existing_stock
Singapore,2014,Large,High_eff,784.7133,existing_stock
Singapore,2015,Large,High_eff,806.4861,existing_stock
Singapore,2016,Large,High_eff,829.5873,existing_stock
Singapore,2017,Large,High_eff,846.0484,existing_stock
Singapore,2018,Large,High_eff,862.6727,existing_stock
Singapore,2019,Large,High_eff,882.1893,existing_stock
Singapore,2020,Large,High_eff,873.0696,existing_stock
Singapore,2021,Large,High_eff,858.8022,existing_stock
Singapore,2022,Large,High_eff,881.373,existing_stock
Singapore,2023,Large,High_eff,887.1143,existing_stock
Singapore,2024,Large,High_eff,895.9538,existing_stock
Singapore,2025,Large,High_eff,907.88,existing_stock
Singapore,2026,Large,High_eff,851.1749,retirement_survival
Singapore,2027,Large,High_eff,793.6859,retirement_survival
Singapore,2028,Large,High_eff,735.7117,retirement_survival
Singapore,2029,Large,High_eff,677.6,retirement_survival
Singapore,2030,Large,High_eff,619.7355,retirement_survival
Singapore,2031,Large,High_eff,562.5305,retirement_survival
Singapore,2032,Large,High_eff,506.4159,retirement_survival
Singapore,2033,Large,High_eff,451.8337,retirement_survival
Singapore,2034,Large,High_eff,399.2271,retirement_survival
Singapore,2035,Large,High_eff,349.031,retirement_survival
Singapore,2036,Large,High_eff,301.6583,retirement_survival
Singapore,2037,Large,High_eff,257.4851,retirement_survival
Singapore,2038,Large,High_eff,216.8344,retirement_survival
Singapore,2039,Large,High_eff,179.9594,retirement_survival
Singapore,2040,Large,High_eff,147.0287,retirement_survival
Singapore,2041,Large,High_eff,118.1145,retirement_survival
Singapore,2042,Large,High_eff,93.1868,retirement_survival
Singapore,2043,Large,High_eff,72.1139,retirement_survival
Singapore,2044,Large,High_eff,54.6699,retirement_survival
Singapore,2045,Large,High_eff,40.5495,retirement_survival
Singapore,2046,Large,High_eff,29.3876,retirement_survival
Singapore,2047,Large,High_eff,20.7834,retirement_survival
Singapore,2048,Large,High_eff,14.3241,retirement_survival
Singapore,2049,Large,High_eff,9.6082,retirement_survival
Singapore,2050,Large,High_eff,6.2641,retirement_survival
Singapore,2051,Large,High_eff,3.9641,retirement_survival
Singapore,2052,Large,High_eff,2.4318,retirement_survival
Singapore,2053,Large,High_eff,1.4442,retirement_survival
Singapore,2054,Large,High_eff,0.8292,retirement_survival
Singapore,2055,Large,High_eff,0.4597,retirement_survival
Singapore,2056,Large,High_eff,0.2457,retirement_survival
Singapore,2057,Large,High_eff,0.1265,retirement_survival
Singapore,2058,Large,High_eff,0.0626,retirement_survival
Singapore,2059,Large,High_eff,0.0298,retirement_survival
Singapore,2060,Large,High_eff,0.0136,retirement_survival
Singapore,2005,Large,Low_eff,56.6467,existing_stock
Singapore,2006,Large,Low_eff,59.3335,existing_stock
Singapore,2007,Large,Low_eff,62.7952,existing_stock
Singapore,2008,Large,Low_eff,67.2313,existing_stock
Singapore,2009,Large,Low_eff,70.3401,existing_stock
Singapore,2010,Large,Low_eff,72.6828,existing_stock
Singapore,2011,Large,Low_eff,75.3391,existing_stock
Singapore,2012,Large,Low_eff,78.3807,existing_stock
Singapore,2013,Large,Low_eff,80.8677,existing_stock
Singapore,2014,Large,Low_eff,83.1664,existing_stock
Singapore,2015,Large,Low_eff,85.474,existing_stock
Singapore,2016,Large,Low_eff,87.9223,existing_stock
Singapore,2017,Large,Low_eff,89.6669,existing_stock
Singapore,2018,Large,Low_eff,91.4288,existing_stock
Singapore,2019,Large,Low_eff,93.4972,existing_stock
Singapore,2020,Large,Low_eff,92.5307,existing_stock
Singapore,2021,Large,Low_eff,91.0186,existing_stock
Singapore,2022,Large,Low_eff,93.4107,existing_stock
Singapore,2023,Large,Low_eff,94.0192,existing_stock
Singapore,2024,Large,Low_eff,94.956,existing_stock
Singapore,2025,Large,Low_eff,96.22,existing_stock
Singapore,2026,Large,Low_eff,90.2102,retirement_survival
Singapore,2027,Large,Low_eff,84.1173,retirement_survival
Singapore,2028,Large,Low_eff,77.9731,retirement_survival
Singapore,2029,Large,Low_eff,71.8142,retirement_survival
Singapore,2030,Large,Low_eff,65.6815,retirement_survival
Singapore,2031,Large,Low_eff,59.6188,retirement_survival
Singapore,2032,Large,Low_eff,53.6716,retirement_survival
Singapore,2033,Large,Low_eff,47.8868,retirement_survival
Singapore,2034,Large,Low_eff,42.3114,retirement_survival
Singapore,2035,Large,Low_eff,36.9914,retirement_survival
Singapore,2036,Large,Low_eff,31.9707,retirement_survival
Singapore,2037,Large,Low_eff,27.2891,retirement_survival
Singapore,2038,Large,Low_eff,22.9808,retirement_survival
Singapore,2039,Large,Low_eff,19.0727,retirement_survival
Singapore,2040,Large,Low_eff,15.5826,retirement_survival
Singapore,2041,Large,Low_eff,12.5182,retirement_survival
Singapore,2042,Large,Low_eff,9.8762,retirement_survival
Singapore,2043,Large,Low_eff,7.6429,retirement_survival
Singapore,2044,Large,Low_eff,5.7941,retirement_survival
Singapore,2045,Large,Low_eff,4.2976,retirement_survival
Singapore,2046,Large,Low_eff,3.1146,retirement_survival
Singapore,2047,Large,Low_eff,2.2027,retirement_survival
Singapore,2048,Large,Low_eff,1.5181,retirement_survival
Singapore,2049,Large,Low_eff,1.0183,retirement_survival
Singapore,2050,Large,Low_eff,0.6639,retirement_survival
Singapore,2051,Large,Low_eff,0.4201,retirement_survival
Singapore,2052,Large,Low_eff,0.2577,retirement_survival
Singapore,2053,Large,Low_eff,0.1531,retirement_survival
Singapore,2054,Large,Low_eff,0.0879,retirement_survival
Singapore,2055,Large,Low_eff,0.0487,retirement_survival
Singapore,2056,Large,Low_eff,0.026,retirement_survival
Singapore,2057,Large,Low_eff,0.0134,retirement_survival
Singapore,2058,Large,Low_eff,0.0066,retirement_survival
Singapore,2059,Large,Low_eff,0.0032,retirement_survival
Singapore,2060,Large,Low_eff,0.0014,retirement_survival
Singapore,2005,Large,Mid_eff,213.8588,existing_stock
Singapore,2006,Large,Mid_eff,224.0022,existing_stock
Singapore,2007,Large,Mid_eff,237.071,existing_stock
Singapore,2008,Large,Mid_eff,253.8187,existing_stock
Singapore,2009,Large,Mid_eff,265.5553,existing_stock
Singapore,2010,Large,Mid_eff,274.3998,existing_stock
Singapore,2011,Large,Mid_eff,284.4282,existing_stock
Singapore,2012,Large,Mid_eff,295.9112,existing_stock
Singapore,2013,Large,Mid_eff,305.3004,existing_stock
Singapore,2014,Large,Mid_eff,313.9787,existing_stock
Singapore,2015,Large,Mid_eff,322.6904,existing_stock
Singapore,2016,Large,Mid_eff,331.9336,existing_stock
Singapore,2017,Large,Mid_eff,338.52,existing_stock
Singapore,2018,Large,Mid_eff,345.1717,existing_stock
Singapore,2019,Large,Mid_eff,352.9807,existing_stock
Singapore,2020,Large,Mid_eff,349.3317,existing_stock
Singapore,2021,Large,Mid_eff,343.623,existing_stock
Singapore,2022,Large,Mid_eff,352.654,existing_stock
Singapore,2023,Large,Mid_eff,354.9512,existing_stock
Singapore,2024,Large,Mid_eff,358.4881,existing_stock
Singapore,2025,Large,Mid_eff,363.26,existing_stock
Singapore,2026,Large,Mid_eff,340.5712,retirement_survival
Singapore,2027,Large,Mid_eff,317.5688,retirement_survival
Singapore,2028,Large,Mid_eff,294.3722,retirement_survival
Singapore,2029,Large,Mid_eff,271.1206,retirement_survival
Singapore,2030,Large,Mid_eff,247.9679,retirement_survival
Singapore,2031,Large,Mid_eff,225.0791,retirement_survival
Singapore,2032,Large,Mid_eff,202.6266,retirement_survival
Singapore,2033,Large,Mid_eff,180.7872,retirement_survival
Singapore,2034,Large,Mid_eff,159.7384,retirement_survival
Singapore,2035,Large,Mid_eff,139.6539,retirement_survival
Singapore,2036,Large,Mid_eff,120.6992,retirement_survival
Singapore,2037,Large,Mid_eff,103.0247,retirement_survival
Singapore,2038,Large,Mid_eff,86.7596,retirement_survival
Singapore,2039,Large,Mid_eff,72.0052,retirement_survival
Singapore,2040,Large,Mid_eff,58.829,retirement_survival
Singapore,2041,Large,Mid_eff,47.2599,retirement_survival
Singapore,2042,Large,Mid_eff,37.2858,retirement_survival
Singapore,2043,Large,Mid_eff,28.8541,retirement_survival
Singapore,2044,Large,Mid_eff,21.8745,retirement_survival
Singapore,2045,Large,Mid_eff,16.2246,retirement_survival
Singapore,2046,Large,Mid_eff,11.7586,retirement_survival
Singapore,2047,Large,Mid_eff,8.3158,retirement_survival
Singapore,2048,Large,Mid_eff,5.7314,retirement_survival
Singapore,2049,Large,Mid_eff,3.8444,retirement_survival
Singapore,2050,Large,Mid_eff,2.5064,retirement_survival
Singapore,2051,Large,Mid_eff,1.5861,retirement_survival
Singapore,2052,Large,Mid_eff,0.973,retirement_survival
Singapore,2053,Large,Mid_eff,0.5778,retirement_survival
Singapore,2054,Large,Mid_eff,0.3318,retirement_survival
Singapore,2055,Large,Mid_eff,0.1839,retirement_survival
Singapore,2056,Large,Mid_eff,0.0983,retirement_survival
Singapore,2057,Large,Mid_eff,0.0506,retirement_survival
Singapore,2058,Large,Mid_eff,0.0251,retirement_survival
Singapore,2059,Large,Mid_eff,0.0119,retirement_survival
Singapore,2060,Large,Mid_eff,0.0054,retirement_survival
Singapore,2005,Medium,High_eff,458.4429,existing_stock
Singapore,2006,Medium,High_eff,480.1871,existing_stock
Singapore,2007,Medium,High_eff,508.2023,existing_stock
Singapore,2008,Medium,High_eff,544.1038,existing_stock
Singapore,2009,Medium,High_eff,569.2632,existing_stock
Singapore,2010,Medium,High_eff,588.223,existing_stock
Singapore,2011,Medium,High_eff,609.7204,existing_stock
Singapore,2012,Medium,High_eff,634.3363,existing_stock
Singapore,2013,Medium,High_eff,654.4637,existing_stock
Singapore,2014,Medium,High_eff,673.067,existing_stock
Singapore,2015,Medium,High_eff,691.7421,existing_stock
Singapore,2016,Medium,High_eff,711.5565,existing_stock
Singapore,2017,Medium,High_eff,725.6756,existing_stock
Singapore,2018,Medium,High_eff,739.9346,existing_stock
Singapore,2019,Medium,High_eff,756.6745,existing_stock
Singapore,2020,Medium,High_eff,748.8523,existing_stock
Singapore,2021,Medium,High_eff,736.6148,existing_stock
Singapore,2022,Medium,High_eff,755.9743,existing_stock
Singapore,2023,Medium,High_eff,760.8988,existing_stock
Singapore,2024,Medium,High_eff,768.4806,existing_stock
Singapore,2025,Medium,High_eff,778.71,existing_stock
Singapore,2026,Medium,High_eff,730.0727,retirement_survival
Singapore,2027,Medium,High_eff,680.7631,retirement_survival
Singapore,2028,Medium,High_eff,631.0372,retirement_survival
Singapore,2029,Medium,High_eff,581.1934,retirement_survival
Singapore,2030,Medium,High_eff,531.5617,retirement_survival
Singapore,2031,Medium,High_eff,482.4956,retirement_survival
Singapore,2032,Medium,High_eff,434.3649,retirement_survival
Singapore,2033,Medium,High_eff,387.5483,retirement_survival
Singapore,2034,Medium,High_eff,342.4265,retirement_survival
Singapore,2035,Medium,High_eff,299.3721,retirement_survival
Singapore,2036,Medium,High_eff,258.7394,retirement_survival
Singapore,2037,Medium,High_eff,220.851,retirement_survival
Singapore,2038,Medium,High_eff,185.9839,retirement_survival
Singapore,2039,Medium,High_eff,154.3554,retirement_survival
Singapore,2040,Medium,High_eff,126.11,retirement_survival
Singapore,2041,Medium,High_eff,101.3096,retirement_survival
Singapore,2042,Medium,High_eff,79.9285,retirement_survival
Singapore,2043,Medium,High_eff,61.8538,retirement_survival
Singapore,2044,Medium,High_eff,46.8917,retirement_survival
Singapore,2045,Medium,High_eff,34.7802,retirement_survival
Singapore,2046,Medium,High_eff,25.2065,retirement_survival
Singapore,2047,Medium,High_eff,17.8264,retirement_survival
Singapore,2048,Medium,High_eff,12.2861,retirement_survival
Singapore,2049,Medium,High_eff,8.2412,retirement_survival
Singapore,2050,Medium,High_eff,5.3729,retirement_survival
Singapore,2051,Medium,High_eff,3.4001,retirement_survival
Singapore,2052,Medium,High_eff,2.0858,retirement_survival
Singapore,2053,Medium,High_eff,1.2387,retirement_survival
Singapore,2054,Medium,High_eff,0.7112,retirement_survival
Singapore,2055,Medium,High_eff,0.3943,retirement_survival
Singapore,2056,Medium,High_eff,0.2108,retirement_survival
Singapore,2057,Medium,High_eff,0.1085,retirement_survival
Singapore,2058,Medium,High_eff,0.0537,retirement_survival
Singapore,2059,Medium,High_eff,0.0255,retirement_survival
Singapore,2060,Medium,High_eff,0.0116,retirement_survival
Singapore,2005,Medium,Low_eff,103.6443,existing_stock
Singapore,2006,Medium,Low_eff,108.5602,existing_stock
Singapore,2007,Medium,Low_eff,114.8939,existing_stock
Singapore,2008,Medium,Low_eff,123.0105,existing_stock
Singapore,2009,Medium,Low_eff,128.6985,existing_stock
Singapore,2010,Medium,Low_eff,132.9849,existing_stock
Singapore,2011,Medium,Low_eff,137.845,existing_stock
Singapore,2012,Medium,Low_eff,143.4101,existing_stock
Singapore,2013,Medium,Low_eff,147.9605,existing_stock
Singapore,2014,Medium,Low_eff,152.1663,existing_stock
Singapore,2015,Medium,Low_eff,156.3884,existing_stock
Singapore,2016,Medium,Low_eff,160.868,existing_stock
Singapore,2017,Medium,Low_eff,164.06,existing_stock
Singapore,2018,Medium,Low_eff,167.2837,existing_stock
Singapore,2019,Medium,Low_eff,171.0682,existing_stock
Singapore,2020,Medium,Low_eff,169.2998,existing_stock
Singapore,2021,Medium,Low_eff,166.5332,existing_stock
Singapore,2022,Medium,Low_eff,170.9099,existing_stock
Singapore,2023,Medium,Low_eff,172.0233,existing_stock
Singapore,2024,Medium,Low_eff,173.7374,existing_stock
Singapore,2025,Medium,Low_eff,176.05,existing_stock
Singapore,2026,Medium,Low_eff,165.0541,retirement_survival
Singapore,2027,Medium,Low_eff,153.9063,retirement_survival
Singapore,2028,Medium,Low_eff,142.6643,retirement_survival
Singapore,2029,Medium,Low_eff,131.3957,retirement_survival
Singapore,2030,Medium,Low_eff,120.175,retirement_survival
Singapore,2031,Medium,Low_eff,109.0821,retirement_survival
Singapore,2032,Medium,Low_eff,98.2008,retirement_survival
Singapore,2033,Medium,Low_eff,87.6166,retirement_survival
Singapore,2034,Medium,Low_eff,77.4154,retirement_survival
Singapore,2035,Medium,Low_eff,67.6818,retirement_survival
Singapore,2036,Medium,Low_eff,58.4956,retirement_survival
Singapore,2037,Medium,Low_eff,49.9298,retirement_survival
Singapore,2038,Medium,Low_eff,42.0471,retirement_survival
Singapore,2039,Medium,Low_eff,34.8965,retirement_survival
Singapore,2040,Medium,Low_eff,28.5108,retirement_survival
Singapore,2041,Medium,Low_eff,22.904,retirement_survival
Singapore,2042,Medium,Low_eff,18.0702,retirement_survival
Singapore,2043,Medium,Low_eff,13.9838,retirement_survival
Singapore,2044,Medium,Low_eff,10.6012,retirement_survival
Singapore,2045,Medium,Low_eff,7.8631,retirement_survival
Singapore,2046,Medium,Low_eff,5.6987,retirement_survival
Singapore,2047,Medium,Low_eff,4.0302,retirement_survival
Singapore,2048,Medium,Low_eff,2.7776,retirement_survival
Singapore,2049,Medium,Low_eff,1.8632,retirement_survival
Singapore,2050,Medium,Low_eff,1.2147,retirement_survival
Singapore,2051,Medium,Low_eff,0.7687,retirement_survival
Singapore,2052,Medium,Low_eff,0.4716,retirement_survival
Singapore,2053,Medium,Low_eff,0.28,retirement_survival
Singapore,2054,Medium,Low_eff,0.1608,retirement_survival
Singapore,2055,Medium,Low_eff,0.0891,retirement_survival
Singapore,2056,Medium,Low_eff,0.0476,retirement_survival
Singapore,2057,Medium,Low_eff,0.0245,retirement_survival
Singapore,2058,Medium,Low_eff,0.0121,retirement_survival
Singapore,2059,Medium,Low_eff,0.0058,retirement_survival
Singapore,2060,Medium,Low_eff,0.0026,retirement_survival
Singapore,2005,Medium,Mid_eff,272.7014,existing_stock
Singapore,2006,Medium,Mid_eff,285.6358,existing_stock
Singapore,2007,Medium,Mid_eff,302.3005,existing_stock
Singapore,2008,Medium,Mid_eff,323.6562,existing_stock
Singapore,2009,Medium,Mid_eff,338.6221,existing_stock
Singapore,2010,Medium,Mid_eff,349.9002,existing_stock
Singapore,2011,Medium,Mid_eff,362.6878,existing_stock
Singapore,2012,Medium,Mid_eff,377.3304,existing_stock
Singapore,2013,Medium,Mid_eff,389.303,existing_stock
Singapore,2014,Medium,Mid_eff,400.369,existing_stock
Singapore,2015,Medium,Mid_eff,411.4778,existing_stock
Singapore,2016,Medium,Mid_eff,423.2642,existing_stock
Singapore,2017,Medium,Mid_eff,431.6629,existing_stock
Singapore,2018,Medium,Mid_eff,440.1447,existing_stock
Singapore,2019,Medium,Mid_eff,450.1023,existing_stock
Singapore,2020,Medium,Mid_eff,445.4493,existing_stock
Singapore,2021,Medium,Mid_eff,438.17,existing_stock
Singapore,2022,Medium,Mid_eff,449.6858,existing_stock
Singapore,2023,Medium,Mid_eff,452.6151,existing_stock
Singapore,2024,Medium,Mid_eff,457.1251,existing_stock
Singapore,2025,Medium,Mid_eff,463.21,existing_stock
Singapore,2026,Medium,Mid_eff,434.2785,retirement_survival
Singapore,2027,Medium,Mid_eff,404.947,retirement_survival
Singapore,2028,Medium,Mid_eff,375.3679,retirement_survival
Singapore,2029,Medium,Mid_eff,345.7187,retirement_survival
Singapore,2030,Medium,Mid_eff,316.1956,retirement_survival
Singapore,2031,Medium,Mid_eff,287.009,retirement_survival
Singapore,2032,Medium,Mid_eff,258.3788,retirement_survival
Singapore,2033,Medium,Mid_eff,230.5303,retirement_survival
Singapore,2034,Medium,Mid_eff,203.6899,retirement_survival
Singapore,2035,Medium,Mid_eff,178.0794,retirement_survival
Singapore,2036,Medium,Mid_eff,153.9093,retirement_survival
Singapore,2037,Medium,Mid_eff,131.3716,retirement_survival
Singapore,2038,Medium,Mid_eff,110.6312,retirement_survival
Singapore,2039,Medium,Mid_eff,91.8172,retirement_survival
Singapore,2040,Medium,Mid_eff,75.0156,retirement_survival
Singapore,2041,Medium,Mid_eff,60.2633,retirement_survival
Singapore,2042,Medium,Mid_eff,47.5449,retirement_survival
Singapore,2043,Medium,Mid_eff,36.7933,retirement_survival
Singapore,2044,Medium,Mid_eff,27.8932,retirement_survival
Singapore,2045,Medium,Mid_eff,20.6888,retirement_survival
Singapore,2046,Medium,Mid_eff,14.9939,retirement_survival
Singapore,2047,Medium,Mid_eff,10.6039,retirement_survival
Singapore,2048,Medium,Mid_eff,7.3083,retirement_survival
Singapore,2049,Medium,Mid_eff,4.9022,retirement_survival
Singapore,2050,Medium,Mid_eff,3.196,retirement_survival
Singapore,2051,Medium,Mid_eff,2.0225,retirement_survival
Singapore,2052,Medium,Mid_eff,1.2407,retirement_survival
Singapore,2053,Medium,Mid_eff,0.7368,retirement_survival
Singapore,2054,Medium,Mid_eff,0.4231,retirement_survival
Singapore,2055,Medium,Mid_eff,0.2345,retirement_survival
Singapore,2056,Medium,Mid_eff,0.1254,retirement_survival
Singapore,2057,Medium,Mid_eff,0.0645,retirement_survival
Singapore,2058,Medium,Mid_eff,0.0319,retirement_survival
Singapore,2059,Medium,Mid_eff,0.0152,retirement_survival
Singapore,2060,Medium,Mid_eff,0.0069,retirement_survival
Singapore,2005,Small,High_eff,301.5782,existing_stock
Singapore,2006,Small,High_eff,315.8822,existing_stock
Singapore,2007,Small,High_eff,334.3115,existing_stock
Singapore,2008,Small,High_eff,357.9287,existing_stock
Singapore,2009,Small,High_eff,374.4793,existing_stock
Singapore,2010,Small,High_eff,386.9516,existing_stock
Singapore,2011,Small,High_eff,401.0933,existing_stock
Singapore,2012,Small,High_eff,417.2865,existing_stock
Singapore,2013,Small,High_eff,430.5269,existing_stock
Singapore,2014,Small,High_eff,442.7647,existing_stock
Singapore,2015,Small,High_eff,455.0498,existing_stock
Singapore,2016,Small,High_eff,468.0843,existing_stock
Singapore,2017,Small,High_eff,477.3723,existing_stock
Singapore,2018,Small,High_eff,486.7523,existing_stock
Singapore,2019,Small,High_eff,497.7644,existing_stock
Singapore,2020,Small,High_eff,492.6186,existing_stock
Singapore,2021,Small,High_eff,484.5685,existing_stock
Singapore,2022,Small,High_eff,497.3037,existing_stock
Singapore,2023,Small,High_eff,500.5432,existing_stock
Singapore,2024,Small,High_eff,505.5308,existing_stock
Singapore,2025,Small,High_eff,512.26,existing_stock
Singapore,2026,Small,High_eff,480.2649,retirement_survival
Singapore,2027,Small,High_eff,447.8274,retirement_survival
Singapore,2028,Small,High_eff,415.1162,retirement_survival
Singapore,2029,Small,High_eff,382.3274,retirement_survival
Singapore,2030,Small,High_eff,349.6781,retirement_survival
Singapore,2031,Small,High_eff,317.4008,retirement_survival
Singapore,2032,Small,High_eff,285.7389,retirement_survival
Singapore,2033,Small,High_eff,254.9415,retirement_survival
Singapore,2034,Small,High_eff,225.259,retirement_survival
Singapore,2035,Small,High_eff,196.9364,retirement_survival
Singapore,2036,Small,High_eff,170.2069,retirement_survival
Singapore,2037,Small,High_eff,145.2828,retirement_survival
Singapore,2038,Small,High_eff,122.3461,retirement_survival
Singapore,2039,Small,High_eff,101.5399,retirement_survival
Singapore,2040,Small,High_eff,82.9591,retirement_survival
Singapore,2041,Small,High_eff,66.6446,retirement_survival
Singapore,2042,Small,High_eff,52.5795,retirement_survival
Singapore,2043,Small,High_eff,40.6894,retirement_survival
Singapore,2044,Small,High_eff,30.8468,retirement_survival
Singapore,2045,Small,High_eff,22.8795,retirement_survival
Singapore,2046,Small,High_eff,16.5816,retirement_survival
Singapore,2047,Small,High_eff,11.7268,retirement_survival
Singapore,2048,Small,High_eff,8.0822,retirement_survival
Singapore,2049,Small,High_eff,5.4213,retirement_survival
Singapore,2050,Small,High_eff,3.5345,retirement_survival
Singapore,2051,Small,High_eff,2.2367,retirement_survival
Singapore,2052,Small,High_eff,1.3721,retirement_survival
Singapore,2053,Small,High_eff,0.8148,retirement_survival
Singapore,2054,Small,High_eff,0.4679,retirement_survival
Singapore,2055,Small,High_eff,0.2594,retirement_survival
Singapore,2056,Small,High_eff,0.1386,retirement_survival
Singapore,2057,Small,High_eff,0.0714,retirement_survival
Singapore,2058,Small,High_eff,0.0353,retirement_survival
Singapore,2059,Small,High_eff,0.0168,retirement_survival
Singapore,2060,Small,High_eff,0.0077,retirement_survival
Singapore,2005,Small,Low_eff,93.8245,existing_stock
Singapore,2006,Small,Low_eff,98.2746,existing_stock
Singapore,2007,Small,Low_eff,104.0082,existing_stock
Singapore,2008,Small,Low_eff,111.3557,existing_stock
Singapore,2009,Small,Low_eff,116.5048,existing_stock
Singapore,2010,Small,Low_eff,120.3851,existing_stock
Singapore,2011,Small,Low_eff,124.7848,existing_stock
Singapore,2012,Small,Low_eff,129.8226,existing_stock
Singapore,2013,Small,Low_eff,133.9419,existing_stock
Singapore,2014,Small,Low_eff,137.7492,existing_stock
Singapore,2015,Small,Low_eff,141.5712,existing_stock
Singapore,2016,Small,Low_eff,145.6264,existing_stock
Singapore,2017,Small,Low_eff,148.516,existing_stock
Singapore,2018,Small,Low_eff,151.4343,existing_stock
Singapore,2019,Small,Low_eff,154.8602,existing_stock
Singapore,2020,Small,Low_eff,153.2593,existing_stock
Singapore,2021,Small,Low_eff,150.7548,existing_stock
Singapore,2022,Small,Low_eff,154.7169,existing_stock
Singapore,2023,Small,Low_eff,155.7248,existing_stock
Singapore,2024,Small,Low_eff,157.2765,existing_stock
Singapore,2025,Small,Low_eff,159.37,existing_stock
Singapore,2026,Small,Low_eff,149.4159,retirement_survival
Singapore,2027,Small,Low_eff,139.3243,retirement_survival
Singapore,2028,Small,Low_eff,129.1474,retirement_survival
Singapore,2029,Small,Low_eff,118.9465,retirement_survival
Singapore,2030,Small,Low_eff,108.7889,retirement_survival
Singapore,2031,Small,Low_eff,98.7471,retirement_survival
Singapore,2032,Small,Low_eff,88.8967,retirement_survival
Singapore,2033,Small,Low_eff,79.3153,retirement_survival
Singapore,2034,Small,Low_eff,70.0807,retirement_survival
Singapore,2035,Small,Low_eff,61.2692,retirement_survival
Singapore,2036,Small,Low_eff,52.9534,retirement_survival
Singapore,2037,Small,Low_eff,45.1991,retirement_survival
Singapore,2038,Small,Low_eff,38.0633,retirement_survival
Singapore,2039,Small,Low_eff,31.5902,retirement_survival
Singapore,2040,Small,Low_eff,25.8095,retirement_survival
Singapore,2041,Small,Low_eff,20.7339,retirement_survival
Singapore,2042,Small,Low_eff,16.3581,retirement_survival
Singapore,2043,Small,Low_eff,12.6589,retirement_survival
Singapore,2044,Small,Low_eff,9.5968,retirement_survival
Singapore,2045,Small,Low_eff,7.1181,retirement_survival
Singapore,2046,Small,Low_eff,5.1587,retirement_survival
Singapore,2047,Small,Low_eff,3.6483,retirement_survival
Singapore,2048,Small,Low_eff,2.5145,retirement_survival
Singapore,2049,Small,Low_eff,1.6866,retirement_survival
Singapore,2050,Small,Low_eff,1.0996,retirement_survival
Singapore,2051,Small,Low_eff,0.6959,retirement_survival
Singapore,2052,Small,Low_eff,0.4269,retirement_survival
Singapore,2053,Small,Low_eff,0.2535,retirement_survival
Singapore,2054,Small,Low_eff,0.1456,retirement_survival
Singapore,2055,Small,Low_eff,0.0807,retirement_survival
Singapore,2056,Small,Low_eff,0.0431,retirement_survival
Singapore,2057,Small,Low_eff,0.0222,retirement_survival
Singapore,2058,Small,Low_eff,0.011,retirement_survival
Singapore,2059,Small,Low_eff,0.0052,retirement_survival
Singapore,2060,Small,Low_eff,0.0024,retirement_survival
Singapore,2005,Small,Mid_eff,346.0089,existing_stock
Singapore,2006,Small,Mid_eff,362.4204,existing_stock
Singapore,2007,Small,Mid_eff,383.5648,existing_stock
Singapore,2008,Small,Mid_eff,410.6614,existing_stock
Singapore,2009,Small,Mid_eff,429.6504,existing_stock
Singapore,2010,Small,Mid_eff,443.9603,existing_stock
Singapore,2011,Small,Mid_eff,460.1854,existing_stock
Singapore,2012,Small,Mid_eff,478.7642,existing_stock
Singapore,2013,Small,Mid_eff,493.9553,existing_stock
Singapore,2014,Small,Mid_eff,507.9961,existing_stock
Singapore,2015,Small,Mid_eff,522.0911,existing_stock
Singapore,2016,Small,Mid_eff,537.046,existing_stock
Singapore,2017,Small,Mid_eff,547.7024,existing_stock
Singapore,2018,Small,Mid_eff,558.4643,existing_stock
Singapore,2019,Small,Mid_eff,571.0987,existing_stock
Singapore,2020,Small,Mid_eff,565.1949,existing_stock
Singapore,2021,Small,Mid_eff,555.9587,existing_stock
Singapore,2022,Small,Mid_eff,570.5703,existing_stock
Singapore,2023,Small,Mid_eff,574.287,existing_stock
Singapore,2024,Small,Mid_eff,580.0094,existing_stock
Singapore,2025,Small,Mid_eff,587.73,existing_stock
Singapore,2026,Small,Mid_eff,551.0211,retirement_survival
Singapore,2027,Small,Mid_eff,513.8047,retirement_survival
Singapore,2028,Small,Mid_eff,476.2743,retirement_survival
Singapore,2029,Small,Mid_eff,438.6547,retirement_survival
Singapore,2030,Small,Mid_eff,401.1953,retirement_survival
Singapore,2031,Small,Mid_eff,364.1627,retirement_survival
Singapore,2032,Small,Mid_eff,327.8361,retirement_survival
Singapore,2033,Small,Mid_eff,292.5014,retirement_survival
Singapore,2034,Small,Mid_eff,258.4458,retirement_survival
Singapore,2035,Small,Mid_eff,225.9506,retirement_survival
Singapore,2036,Small,Mid_eff,195.2831,retirement_survival
Singapore,2037,Small,Mid_eff,166.6869,retirement_survival
Singapore,2038,Small,Mid_eff,140.3711,retirement_survival
Singapore,2039,Small,Mid_eff,116.4995,retirement_survival
Singapore,2040,Small,Mid_eff,95.1813,retirement_survival
Singapore,2041,Small,Mid_eff,76.4632,retirement_survival
Singapore,2042,Small,Mid_eff,60.3259,retirement_survival
Singapore,2043,Small,Mid_eff,46.684,retirement_survival
Singapore,2044,Small,Mid_eff,35.3914,retirement_survival
Singapore,2045,Small,Mid_eff,26.2503,retirement_survival
Singapore,2046,Small,Mid_eff,19.0245,retirement_survival
Singapore,2047,Small,Mid_eff,13.4545,retirement_survival
Singapore,2048,Small,Mid_eff,9.2729,retirement_survival
Singapore,2049,Small,Mid_eff,6.22,retirement_survival
Singapore,2050,Small,Mid_eff,4.0552,retirement_survival
Singapore,2051,Small,Mid_eff,2.5662,retirement_survival
Singapore,2052,Small,Mid_eff,1.5743,retirement_survival
Singapore,2053,Small,Mid_eff,0.9349,retirement_survival
Singapore,2054,Small,Mid_eff,0.5368,retirement_survival
Singapore,2055,Small,Mid_eff,0.2976,retirement_survival
Singapore,2056,Small,Mid_eff,0.1591,retirement_survival
Singapore,2057,Small,Mid_eff,0.0819,retirement_survival
Singapore,2058,Small,Mid_eff,0.0405,retirement_survival
Singapore,2059,Small,Mid_eff,0.0193,retirement_survival
Singapore,2060,Small,Mid_eff,0.0088,retirement_survival
Thailand,2005,Large,High_eff,1909.9201,existing_stock
Thailand,2006,Large,High_eff,2004.8321,existing_stock
Thailand,2007,Large,High_eff,2104.627,existing_stock
Thailand,2008,Large,High_eff,2209.074,existing_stock
Thailand,2009,Large,High_eff,2318.0262,existing_stock
Thailand,2010,Large,High_eff,2431.2099,existing_stock
Thailand,2011,Large,High_eff,2549.2687,existing_stock
Thailand,2012,Large,High_eff,2673.0196,existing_stock
Thailand,2013,Large,High_eff,2801.7526,existing_stock
Thailand,2014,Large,High_eff,2934.9313,existing_stock
Thailand,2015,Large,High_eff,3038.2815,existing_stock
Thailand,2016,Large,High_eff,3186.4325,existing_stock
Thailand,2017,Large,High_eff,3379.8299,existing_stock
Thailand,2018,Large,High_eff,3571.6166,existing_stock
Thailand,2019,Large,High_eff,3671.3026,existing_stock
Thailand,2020,Large,High_eff,3361.9269,existing_stock
Thailand,2021,Large,High_eff,3413.3383,existing_stock
Thailand,2022,Large,High_eff,3554.6279,existing_stock
Thailand,2023,Large,High_eff,3651.0732,existing_stock
Thailand,2024,Large,High_eff,3746.7553,existing_stock
Thailand,2025,Large,High_eff,3933.2,existing_stock
Thailand,2026,Large,High_eff,3708.688,retirement_survival
Thailand,2027,Large,High_eff,3477.8905,retirement_survival
Thailand,2028,Large,High_eff,3241.9458,retirement_survival
Thailand,2029,Large,High_eff,3002.3289,retirement_survival
Thailand,2030,Large,High_eff,2760.7891,retirement_survival
Thailand,2031,Large,High_eff,2519.2878,retirement_survival
Thailand,2032,Large,High_eff,2279.9352,retirement_survival
Thailand,2033,Large,High_eff,2044.9274,retirement_survival
Thailand,2034,Large,High_eff,1816.4827,retirement_survival
Thailand,2035,Large,High_eff,1596.7765,retirement_survival
Thailand,2036,Large,High_eff,1387.8744,retirement_survival
Thailand,2037,Large,High_eff,1191.6643,retirement_survival
Thailand,2038,Large,High_eff,1009.7881,retirement_survival
Thailand,2039,Large,High_eff,843.5767,retirement_survival
Thailand,2040,Large,High_eff,693.9912,retirement_survival
Thailand,2041,Large,High_eff,561.5766,retirement_survival
Thailand,2042,Large,High_eff,446.4332,retirement_survival
Thailand,2043,Large,High_eff,348.2111,retirement_survival
Thailand,2044,Large,High_eff,266.1315,retirement_survival
Thailand,2045,Large,High_eff,199.0366,retirement_survival
Thailand,2046,Large,High_eff,145.4651,retirement_survival
Thailand,2047,Large,High_eff,103.7465,retirement_survival
Thailand,2048,Large,High_eff,72.1064,retirement_survival
Thailand,2049,Large,High_eff,48.7703,retirement_survival
Thailand,2050,Large,High_eff,32.0565,retirement_survival
Thailand,2051,Large,High_eff,20.4483,retirement_survival
Thailand,2052,Large,High_eff,12.6411,retirement_survival
Thailand,2053,Large,High_eff,7.5632,retirement_survival
Thailand,2054,Large,High_eff,4.3736,retirement_survival
Thailand,2055,Large,High_eff,2.4412,retirement_survival
Thailand,2056,Large,High_eff,1.3135,retirement_survival
Thailand,2057,Large,High_eff,0.6803,retirement_survival
Thailand,2058,Large,High_eff,0.3388,retirement_survival
Thailand,2059,Large,High_eff,0.162,retirement_survival
Thailand,2060,Large,High_eff,0.0743,retirement_survival
Thailand,2005,Large,Low_eff,580.8766,existing_stock
Thailand,2006,Large,Low_eff,609.7428,existing_stock
Thailand,2007,Large,Low_eff,640.094,existing_stock
Thailand,2008,Large,Low_eff,671.8602,existing_stock
Thailand,2009,Large,Low_eff,704.9966,existing_stock
Thailand,2010,Large,Low_eff,739.4199,existing_stock
Thailand,2011,Large,Low_eff,775.3259,existing_stock
Thailand,2012,Large,Low_eff,812.963,existing_stock
Thailand,2013,Large,Low_eff,852.1154,existing_stock
Thailand,2014,Large,Low_eff,892.62,existing_stock
Thailand,2015,Large,Low_eff,924.0526,existing_stock
Thailand,2016,Large,Low_eff,969.1107,existing_stock
Thailand,2017,Large,Low_eff,1027.9299,existing_stock
Thailand,2018,Large,Low_eff,1086.2593,existing_stock
Thailand,2019,Large,Low_eff,1116.5774,existing_stock
Thailand,2020,Large,Low_eff,1022.485,existing_stock
Thailand,2021,Large,Low_eff,1038.121,existing_stock
Thailand,2022,Large,Low_eff,1081.0924,existing_stock
Thailand,2023,Large,Low_eff,1110.4249,existing_stock
Thailand,2024,Large,Low_eff,1139.5254,existing_stock
Thailand,2025,Large,Low_eff,1196.23,existing_stock
Thailand,2026,Large,Low_eff,1127.9477,retirement_survival
Thailand,2027,Large,Low_eff,1057.7537,retirement_survival
Thailand,2028,Large,Low_eff,985.9943,retirement_survival
Thailand,2029,Large,Low_eff,913.118,retirement_survival
Thailand,2030,Large,Low_eff,839.657,retirement_survival
Thailand,2031,Large,Low_eff,766.2076,retirement_survival
Thailand,2032,Large,Low_eff,693.4117,retirement_survival
Thailand,2033,Large,Low_eff,621.9372,retirement_survival
Thailand,2034,Large,Low_eff,552.4588,retirement_survival
Thailand,2035,Large,Low_eff,485.6381,retirement_survival
Thailand,2036,Large,Low_eff,422.1034,retirement_survival
Thailand,2037,Large,Low_eff,362.4287,retirement_survival
Thailand,2038,Large,Low_eff,307.1135,retirement_survival
Thailand,2039,Large,Low_eff,256.5625,retirement_survival
Thailand,2040,Large,Low_eff,211.0681,retirement_survival
Thailand,2041,Large,Low_eff,170.796,retirement_survival
Thailand,2042,Large,Low_eff,135.7767,retirement_survival
Thailand,2043,Large,Low_eff,105.9037,retirement_survival
Thailand,2044,Large,Low_eff,80.9403,retirement_survival
Thailand,2045,Large,Low_eff,60.5343,retirement_survival
Thailand,2046,Large,Low_eff,44.2413,retirement_survival
Thailand,2047,Large,Low_eff,31.5531,retirement_survival
Thailand,2048,Large,Low_eff,21.9302,retirement_survival
Thailand,2049,Large,Low_eff,14.8328,retirement_survival
Thailand,2050,Large,Low_eff,9.7495,retirement_survival
Thailand,2051,Large,Low_eff,6.2191,retirement_survival
Thailand,2052,Large,Low_eff,3.8446,retirement_survival
Thailand,2053,Large,Low_eff,2.3002,retirement_survival
Thailand,2054,Large,Low_eff,1.3302,retirement_survival
Thailand,2055,Large,Low_eff,0.7425,retirement_survival
Thailand,2056,Large,Low_eff,0.3995,retirement_survival
Thailand,2057,Large,Low_eff,0.2069,retirement_survival
Thailand,2058,Large,Low_eff,0.103,retirement_survival
Thailand,2059,Large,Low_eff,0.0493,retirement_survival
Thailand,2060,Large,Low_eff,0.0226,retirement_survival
Thailand,2005,Large,Mid_eff,1156.7953,existing_stock
Thailand,2006,Large,Mid_eff,1214.2813,existing_stock
Thailand,2007,Large,Mid_eff,1274.7248,existing_stock
Thailand,2008,Large,Mid_eff,1337.986,existing_stock
Thailand,2009,Large,Mid_eff,1403.9759,existing_stock
Thailand,2010,Large,Mid_eff,1472.5287,existing_stock
Thailand,2011,Large,Mid_eff,1544.0342,existing_stock
Thailand,2012,Large,Mid_eff,1618.9873,existing_stock
Thailand,2013,Large,Mid_eff,1696.958,existing_stock
Thailand,2014,Large,Mid_eff,1777.6213,existing_stock
Thailand,2015,Large,Mid_eff,1840.2182,existing_stock
Thailand,2016,Large,Mid_eff,1929.9499,existing_stock
Thailand,2017,Large,Mid_eff,2047.0863,existing_stock
Thailand,2018,Large,Mid_eff,2163.2472,existing_stock
Thailand,2019,Large,Mid_eff,2223.6247,existing_stock
Thailand,2020,Large,Mid_eff,2036.2428,existing_stock
Thailand,2021,Large,Mid_eff,2067.3815,existing_stock
Thailand,2022,Large,Mid_eff,2152.9574,existing_stock
Thailand,2023,Large,Mid_eff,2211.3722,existing_stock
Thailand,2024,Large,Mid_eff,2269.3247,existing_stock
Thailand,2025,Large,Mid_eff,2382.25,existing_stock
Thailand,2026,Large,Mid_eff,2246.2682,retirement_survival
Thailand,2027,Large,Mid_eff,2106.4794,retirement_survival
Thailand,2028,Large,Mid_eff,1963.573,retirement_survival
Thailand,2029,Large,Mid_eff,1818.4425,retirement_survival
Thailand,2030,Large,Mid_eff,1672.1473,retirement_survival
Thailand,2031,Large,Mid_eff,1525.8755,retirement_survival
Thailand,2032,Large,Mid_eff,1380.905,retirement_survival
Thailand,2033,Large,Mid_eff,1238.5661,retirement_survival
Thailand,2034,Large,Mid_eff,1100.2024,retirement_survival
Thailand,2035,Large,Mid_eff,967.1313,retirement_survival
Thailand,2036,Large,Mid_eff,840.604,retirement_survival
Thailand,2037,Large,Mid_eff,721.764,retirement_survival
Thailand,2038,Large,Mid_eff,611.6057,retirement_survival
Thailand,2039,Large,Mid_eff,510.9353,retirement_survival
Thailand,2040,Large,Mid_eff,420.3347,retirement_survival
Thailand,2041,Large,Mid_eff,340.1342,retirement_survival
Thailand,2042,Large,Mid_eff,270.3945,retirement_survival
Thailand,2043,Large,Mid_eff,210.9035,retirement_survival
Thailand,2044,Large,Mid_eff,161.1898,retirement_survival
Thailand,2045,Large,Mid_eff,120.552,retirement_survival
Thailand,2046,Large,Mid_eff,88.1049,retirement_survival
Thailand,2047,Large,Mid_eff,62.8369,retirement_survival
Thailand,2048,Large,Mid_eff,43.6732,retirement_survival
Thailand,2049,Large,Mid_eff,29.539,retirement_survival
Thailand,2050,Large,Mid_eff,19.4159,retirement_survival
Thailand,2051,Large,Mid_eff,12.3851,retirement_survival
Thailand,2052,Large,Mid_eff,7.6564,retirement_survival
Thailand,2053,Large,Mid_eff,4.5809,retirement_survival
Thailand,2054,Large,Mid_eff,2.649,retirement_survival
Thailand,2055,Large,Mid_eff,1.4786,retirement_survival
Thailand,2056,Large,Mid_eff,0.7955,retirement_survival
Thailand,2057,Large,Mid_eff,0.4121,retirement_survival
Thailand,2058,Large,Mid_eff,0.2052,retirement_survival
Thailand,2059,Large,Mid_eff,0.0981,retirement_survival
Thailand,2060,Large,Mid_eff,0.045,retirement_survival
Thailand,2005,Medium,High_eff,948.4872,existing_stock
Thailand,2006,Medium,High_eff,995.6215,existing_stock
Thailand,2007,Medium,High_eff,1045.1807,existing_stock
Thailand,2008,Medium,High_eff,1097.0502,existing_stock
Thailand,2009,Medium,High_eff,1151.1571,existing_stock
Thailand,2010,Medium,High_eff,1207.3654,existing_stock
Thailand,2011,Medium,High_eff,1265.9946,existing_stock
Thailand,2012,Medium,High_eff,1327.4507,existing_stock
Thailand,2013,Medium,High_eff,1391.3809,existing_stock
Thailand,2014,Medium,High_eff,1457.5189,existing_stock
Thailand,2015,Medium,High_eff,1508.8437,existing_stock
Thailand,2016,Medium,High_eff,1582.4171,existing_stock
Thailand,2017,Medium,High_eff,1678.4604,existing_stock
Thailand,2018,Medium,High_eff,1773.7038,existing_stock
Thailand,2019,Medium,High_eff,1823.2089,existing_stock
Thailand,2020,Medium,High_eff,1669.5695,existing_stock
Thailand,2021,Medium,High_eff,1695.101,existing_stock
Thailand,2022,Medium,High_eff,1765.2669,existing_stock
Thailand,2023,Medium,High_eff,1813.1628,existing_stock
Thailand,2024,Medium,High_eff,1860.6795,existing_stock
Thailand,2025,Medium,High_eff,1953.27,existing_stock
Thailand,2026,Medium,High_eff,1841.7749,retirement_survival
Thailand,2027,Medium,High_eff,1727.1584,retirement_survival
Thailand,2028,Medium,High_eff,1609.9856,retirement_survival
Thailand,2029,Medium,High_eff,1490.9892,retirement_survival
Thailand,2030,Medium,High_eff,1371.038,retirement_survival
Thailand,2031,Medium,High_eff,1251.1058,retirement_survival
Thailand,2032,Medium,High_eff,1132.2407,retirement_survival
Thailand,2033,Medium,High_eff,1015.5333,retirement_survival
Thailand,2034,Medium,High_eff,902.0851,retirement_survival
Thailand,2035,Medium,High_eff,792.9766,retirement_survival
Thailand,2036,Medium,High_eff,689.2335,retirement_survival
Thailand,2037,Medium,High_eff,591.7935,retirement_survival
Thailand,2038,Medium,High_eff,501.4718,retirement_survival
Thailand,2039,Medium,High_eff,418.9294,retirement_survival
Thailand,2040,Medium,High_eff,344.6436,retirement_survival
Thailand,2041,Medium,High_eff,278.8851,retirement_survival
Thailand,2042,Medium,High_eff,221.7036,retirement_survival
Thailand,2043,Medium,High_eff,172.9254,retirement_survival
Thailand,2044,Medium,High_eff,132.1638,retirement_survival
Thailand,2045,Medium,High_eff,98.8438,retirement_survival
Thailand,2046,Medium,High_eff,72.2396,retirement_survival
Thailand,2047,Medium,High_eff,51.5217,retirement_survival
Thailand,2048,Medium,High_eff,35.8088,retirement_survival
Thailand,2049,Medium,High_eff,24.2198,retirement_survival
Thailand,2050,Medium,High_eff,15.9196,retirement_survival
Thailand,2051,Medium,High_eff,10.1548,retirement_survival
Thailand,2052,Medium,High_eff,6.2777,retirement_survival
Thailand,2053,Medium,High_eff,3.756,retirement_survival
Thailand,2054,Medium,High_eff,2.172,retirement_survival
Thailand,2055,Medium,High_eff,1.2123,retirement_survival
Thailand,2056,Medium,High_eff,0.6523,retirement_survival
Thailand,2057,Medium,High_eff,0.3379,retirement_survival
Thailand,2058,Medium,High_eff,0.1683,retirement_survival
Thailand,2059,Medium,High_eff,0.0805,retirement_survival
Thailand,2060,Medium,High_eff,0.0369,retirement_survival
Thailand,2005,Medium,Low_eff,539.5384,existing_stock
Thailand,2006,Medium,Low_eff,566.3503,existing_stock
Thailand,2007,Medium,Low_eff,594.5416,existing_stock
Thailand,2008,Medium,Low_eff,624.0471,existing_stock
Thailand,2009,Medium,Low_eff,654.8253,existing_stock
Thailand,2010,Medium,Low_eff,686.7989,existing_stock
Thailand,2011,Medium,Low_eff,720.1496,existing_stock
Thailand,2012,Medium,Low_eff,755.1083,existing_stock
Thailand,2013,Medium,Low_eff,791.4744,existing_stock
Thailand,2014,Medium,Low_eff,829.0965,existing_stock
Thailand,2015,Medium,Low_eff,858.2921,existing_stock
Thailand,2016,Medium,Low_eff,900.1437,existing_stock
Thailand,2017,Medium,Low_eff,954.777,existing_stock
Thailand,2018,Medium,Low_eff,1008.9554,existing_stock
Thailand,2019,Medium,Low_eff,1037.1159,existing_stock
Thailand,2020,Medium,Low_eff,949.7196,existing_stock
Thailand,2021,Medium,Low_eff,964.2429,existing_stock
Thailand,2022,Medium,Low_eff,1004.1562,existing_stock
Thailand,2023,Medium,Low_eff,1031.4013,existing_stock
Thailand,2024,Medium,Low_eff,1058.4308,existing_stock
Thailand,2025,Medium,Low_eff,1111.1,existing_stock
Thailand,2026,Medium,Low_eff,1047.677,retirement_survival
Thailand,2027,Medium,Low_eff,982.4784,retirement_survival
Thailand,2028,Medium,Low_eff,915.8258,retirement_survival
Thailand,2029,Medium,Low_eff,848.1358,retirement_survival
Thailand,2030,Medium,Low_eff,779.9026,retirement_survival
Thailand,2031,Medium,Low_eff,711.6802,retirement_survival
Thailand,2032,Medium,Low_eff,644.0649,retirement_survival
Thailand,2033,Medium,Low_eff,577.6769,retirement_survival
Thailand,2034,Medium,Low_eff,513.143,retirement_survival
Thailand,2035,Medium,Low_eff,451.0776,retirement_survival
Thailand,2036,Medium,Low_eff,392.0643,retirement_survival
Thailand,2037,Medium,Low_eff,336.6364,retirement_survival
Thailand,2038,Medium,Low_eff,285.2577,retirement_survival
Thailand,2039,Medium,Low_eff,238.3042,retirement_survival
Thailand,2040,Medium,Low_eff,196.0474,retirement_survival
Thailand,2041,Medium,Low_eff,158.6412,retirement_survival
Thailand,2042,Medium,Low_eff,126.1141,retirement_survival
Thailand,2043,Medium,Low_eff,98.3671,retirement_survival
Thailand,2044,Medium,Low_eff,75.1802,retirement_survival
Thailand,2045,Medium,Low_eff,56.2264,retirement_survival
Thailand,2046,Medium,Low_eff,41.0928,retirement_survival
Thailand,2047,Medium,Low_eff,29.3076,retirement_survival
Thailand,2048,Medium,Low_eff,20.3695,retirement_survival
Thailand,2049,Medium,Low_eff,13.7772,retirement_survival
Thailand,2050,Medium,Low_eff,9.0557,retirement_survival
Thailand,2051,Medium,Low_eff,5.7765,retirement_survival
Thailand,2052,Medium,Low_eff,3.571,retirement_survival
Thailand,2053,Medium,Low_eff,2.1365,retirement_survival
Thailand,2054,Medium,Low_eff,1.2355,retirement_survival
Thailand,2055,Medium,Low_eff,0.6896,retirement_survival
Thailand,2056,Medium,Low_eff,0.371,retirement_survival
Thailand,2057,Medium,Low_eff,0.1922,retirement_survival
Thailand,2058,Medium,Low_eff,0.0957,retirement_survival
Thailand,2059,Medium,Low_eff,0.0458,retirement_survival
Thailand,2060,Medium,Low_eff,0.021,retirement_survival
Thailand,2005,Medium,Mid_eff,687.1624,existing_stock
Thailand,2006,Medium,Mid_eff,721.3104,existing_stock
Thailand,2007,Medium,Mid_eff,757.2152,existing_stock
Thailand,2008,Medium,Mid_eff,794.7937,existing_stock
Thailand,2009,Medium,Mid_eff,833.9932,existing_stock
Thailand,2010,Medium,Mid_eff,874.7151,existing_stock
Thailand,2011,Medium,Mid_eff,917.191,existing_stock
Thailand,2012,Medium,Mid_eff,961.7148,existing_stock
Thailand,2013,Medium,Mid_eff,1008.0311,existing_stock
Thailand,2014,Medium,Mid_eff,1055.947,existing_stock
Thailand,2015,Medium,Mid_eff,1093.1309,existing_stock
Thailand,2016,Medium,Mid_eff,1146.4336,existing_stock
Thailand,2017,Medium,Mid_eff,1216.0152,existing_stock
Thailand,2018,Medium,Mid_eff,1285.0174,existing_stock
Thailand,2019,Medium,Mid_eff,1320.883,existing_stock
Thailand,2020,Medium,Mid_eff,1209.574,existing_stock
Thailand,2021,Medium,Mid_eff,1228.0711,existing_stock
Thailand,2022,Medium,Mid_eff,1278.9051,existing_stock
Thailand,2023,Medium,Mid_eff,1313.6048,existing_stock
Thailand,2024,Medium,Mid_eff,1348.0298,existing_stock
Thailand,2025,Medium,Mid_eff,1415.11,existing_stock
Thailand,2026,Medium,Mid_eff,1334.3337,retirement_survival
Thailand,2027,Medium,Mid_eff,1251.2961,retirement_survival
Thailand,2028,Medium,Mid_eff,1166.4065,retirement_survival
Thailand,2029,Medium,Mid_eff,1080.1957,retirement_survival
Thailand,2030,Medium,Mid_eff,993.2931,retirement_survival
Thailand,2031,Medium,Mid_eff,906.4043,retirement_survival
Thailand,2032,Medium,Mid_eff,820.2886,retirement_survival
Thailand,2033,Medium,Mid_eff,735.7361,retirement_survival
Thailand,2034,Medium,Mid_eff,653.5449,retirement_survival
Thailand,2035,Medium,Mid_eff,574.4977,retirement_survival
Thailand,2036,Medium,Mid_eff,499.3377,retirement_survival
Thailand,2037,Medium,Mid_eff,428.744,retirement_survival
Thailand,2038,Medium,Mid_eff,363.3075,retirement_survival
Thailand,2039,Medium,Mid_eff,303.507,retirement_survival
Thailand,2040,Medium,Mid_eff,249.6882,retirement_survival
Thailand,2041,Medium,Mid_eff,202.0473,retirement_survival
Thailand,2042,Medium,Mid_eff,160.6204,retirement_survival
Thailand,2043,Medium,Mid_eff,125.2814,retirement_survival
Thailand,2044,Medium,Mid_eff,95.7503,retirement_survival
Thailand,2045,Medium,Mid_eff,71.6106,retirement_survival
Thailand,2046,Medium,Mid_eff,52.3363,retirement_survival
Thailand,2047,Medium,Mid_eff,37.3265,retirement_survival
Thailand,2048,Medium,Mid_eff,25.9429,retirement_survival
Thailand,2049,Medium,Mid_eff,17.5469,retirement_survival
Thailand,2050,Medium,Mid_eff,11.5335,retirement_survival
Thailand,2051,Medium,Mid_eff,7.357,retirement_survival
Thailand,2052,Medium,Mid_eff,4.5481,retirement_survival
Thailand,2053,Medium,Mid_eff,2.7211,retirement_survival
Thailand,2054,Medium,Mid_eff,1.5736,retirement_survival
Thailand,2055,Medium,Mid_eff,0.8783,retirement_survival
Thailand,2056,Medium,Mid_eff,0.4726,retirement_survival
Thailand,2057,Medium,Mid_eff,0.2448,retirement_survival
Thailand,2058,Medium,Mid_eff,0.1219,retirement_survival
Thailand,2059,Medium,Mid_eff,0.0583,retirement_survival
Thailand,2060,Medium,Mid_eff,0.0267,retirement_survival
Thailand,2005,Small,High_eff,533.3665,existing_stock
Thailand,2006,Small,High_eff,559.8717,existing_stock
Thailand,2007,Small,High_eff,587.7406,existing_stock
Thailand,2008,Small,High_eff,616.9086,existing_stock
Thailand,2009,Small,High_eff,647.3347,existing_stock
Thailand,2010,Small,High_eff,678.9425,existing_stock
Thailand,2011,Small,High_eff,711.9117,existing_stock
Thailand,2012,Small,High_eff,746.4706,existing_stock
Thailand,2013,Small,High_eff,782.4207,existing_stock
Thailand,2014,Small,High_eff,819.6123,existing_stock
Thailand,2015,Small,High_eff,848.474,existing_stock
Thailand,2016,Small,High_eff,889.8468,existing_stock
Thailand,2017,Small,High_eff,943.8552,existing_stock
Thailand,2018,Small,High_eff,997.4138,existing_stock
Thailand,2019,Small,High_eff,1025.2522,existing_stock
Thailand,2020,Small,High_eff,938.8556,existing_stock
Thailand,2021,Small,High_eff,953.2128,existing_stock
Thailand,2022,Small,High_eff,992.6695,existing_stock
Thailand,2023,Small,High_eff,1019.603,existing_stock
Thailand,2024,Small,High_eff,1046.3232,existing_stock
Thailand,2025,Small,High_eff,1098.39,existing_stock
Thailand,2026,Small,High_eff,1035.6925,retirement_survival
Thailand,2027,Small,High_eff,971.2398,retirement_survival
Thailand,2028,Small,High_eff,905.3496,retirement_survival
Thailand,2029,Small,High_eff,838.4338,retirement_survival
Thailand,2030,Small,High_eff,770.9812,retirement_survival
Thailand,2031,Small,High_eff,703.5393,retirement_survival
Thailand,2032,Small,High_eff,636.6974,retirement_survival
Thailand,2033,Small,High_eff,571.0688,retirement_survival
Thailand,2034,Small,High_eff,507.2731,retirement_survival
Thailand,2035,Small,High_eff,445.9177,retirement_survival
Thailand,2036,Small,High_eff,387.5794,retirement_survival
Thailand,2037,Small,High_eff,332.7856,retirement_survival
Thailand,2038,Small,High_eff,281.9946,retirement_survival
Thailand,2039,Small,High_eff,235.5782,retirement_survival
Thailand,2040,Small,High_eff,193.8048,retirement_survival
Thailand,2041,Small,High_eff,156.8265,retirement_survival
Thailand,2042,Small,High_eff,124.6715,retirement_survival
Thailand,2043,Small,High_eff,97.2418,retirement_survival
Thailand,2044,Small,High_eff,74.3202,retirement_survival
Thailand,2045,Small,High_eff,55.5832,retirement_survival
Thailand,2046,Small,High_eff,40.6228,retirement_survival
Thailand,2047,Small,High_eff,28.9724,retirement_survival
Thailand,2048,Small,High_eff,20.1365,retirement_survival
Thailand,2049,Small,High_eff,13.6196,retirement_survival
Thailand,2050,Small,High_eff,8.9521,retirement_survival
Thailand,2051,Small,High_eff,5.7104,retirement_survival
Thailand,2052,Small,High_eff,3.5302,retirement_survival
Thailand,2053,Small,High_eff,2.1121,retirement_survival
Thailand,2054,Small,High_eff,1.2214,retirement_survival
Thailand,2055,Small,High_eff,0.6817,retirement_survival
Thailand,2056,Small,High_eff,0.3668,retirement_survival
Thailand,2057,Small,High_eff,0.19,retirement_survival
Thailand,2058,Small,High_eff,0.0946,retirement_survival
Thailand,2059,Small,High_eff,0.0452,retirement_survival
Thailand,2060,Small,High_eff,0.0207,retirement_survival
Thailand,2005,Small,Low_eff,387.1895,existing_stock
Thailand,2006,Small,Low_eff,406.4306,existing_stock
Thailand,2007,Small,Low_eff,426.6616,existing_stock
Thailand,2008,Small,Low_eff,447.8357,existing_stock
Thailand,2009,Small,Low_eff,469.9231,existing_stock
Thailand,2010,Small,Low_eff,492.8683,existing_stock
Thailand,2011,Small,Low_eff,516.8018,existing_stock
Thailand,2012,Small,Low_eff,541.8893,existing_stock
Thailand,2013,Small,Low_eff,567.9867,existing_stock
Thailand,2014,Small,Low_eff,594.9855,existing_stock
Thailand,2015,Small,Low_eff,615.9372,existing_stock
Thailand,2016,Small,Low_eff,645.9712,existing_stock
Thailand,2017,Small,Low_eff,685.1778,existing_stock
Thailand,2018,Small,Low_eff,724.0578,existing_stock
Thailand,2019,Small,Low_eff,744.2667,existing_stock
Thailand,2020,Small,Low_eff,681.5484,existing_stock
Thailand,2021,Small,Low_eff,691.9708,existing_stock
Thailand,2022,Small,Low_eff,720.6138,existing_stock
Thailand,2023,Small,Low_eff,740.1657,existing_stock
Thailand,2024,Small,Low_eff,759.5629,existing_stock
Thailand,2025,Small,Low_eff,797.36,existing_stock
Thailand,2026,Small,Low_eff,751.8457,retirement_survival
Thailand,2027,Small,Low_eff,705.0572,retirement_survival
Thailand,2028,Small,Low_eff,657.2251,retirement_survival
Thailand,2029,Small,Low_eff,608.6487,retirement_survival
Thailand,2030,Small,Low_eff,559.6824,retirement_survival
Thailand,2031,Small,Low_eff,510.7239,retirement_survival
Thailand,2032,Small,Low_eff,462.201,retirement_survival
Thailand,2033,Small,Low_eff,414.559,retirement_survival
Thailand,2034,Small,Low_eff,368.2474,retirement_survival
Thailand,2035,Small,Low_eff,323.7073,retirement_survival
Thailand,2036,Small,Low_eff,281.3575,retirement_survival
Thailand,2037,Small,Low_eff,241.5808,retirement_survival
Thailand,2038,Small,Low_eff,204.7098,retirement_survival
Thailand,2039,Small,Low_eff,171.0145,retirement_survival
Thailand,2040,Small,Low_eff,140.6897,retirement_survival
Thailand,2041,Small,Low_eff,113.8459,retirement_survival
Thailand,2042,Small,Low_eff,90.5034,retirement_survival
Thailand,2043,Small,Low_eff,70.5913,retirement_survival
Thailand,2044,Small,Low_eff,53.9516,retirement_survival
Thailand,2045,Small,Low_eff,40.3498,retirement_survival
Thailand,2046,Small,Low_eff,29.4895,retirement_survival
Thailand,2047,Small,Low_eff,21.0321,retirement_survival
Thailand,2048,Small,Low_eff,14.6178,retirement_survival
Thailand,2049,Small,Low_eff,9.887,retirement_survival
Thailand,2050,Small,Low_eff,6.4987,retirement_survival
Thailand,2051,Small,Low_eff,4.1454,retirement_survival
Thailand,2052,Small,Low_eff,2.5627,retirement_survival
Thailand,2053,Small,Low_eff,1.5333,retirement_survival
Thailand,2054,Small,Low_eff,0.8866,retirement_survival
Thailand,2055,Small,Low_eff,0.4949,retirement_survival
Thailand,2056,Small,Low_eff,0.2663,retirement_survival
Thailand,2057,Small,Low_eff,0.1379,retirement_survival
Thailand,2058,Small,Low_eff,0.0687,retirement_survival
Thailand,2059,Small,Low_eff,0.0328,retirement_survival
Thailand,2060,Small,Low_eff,0.0151,retirement_survival
Thailand,2005,Small,Mid_eff,728.0005,existing_stock
Thailand,2006,Small,Mid_eff,764.1779,existing_stock
Thailand,2007,Small,Mid_eff,802.2165,existing_stock
Thailand,2008,Small,Mid_eff,842.0283,existing_stock
Thailand,2009,Small,Mid_eff,883.5574,existing_stock
Thailand,2010,Small,Mid_eff,926.6994,existing_stock
Thailand,2011,Small,Mid_eff,971.6997,existing_stock
Thailand,2012,Small,Mid_eff,1018.8696,existing_stock
Thailand,2013,Small,Mid_eff,1067.9384,existing_stock
Thailand,2014,Small,Mid_eff,1118.7019,existing_stock
Thailand,2015,Small,Mid_eff,1158.0957,existing_stock
Thailand,2016,Small,Mid_eff,1214.5661,existing_stock
Thailand,2017,Small,Mid_eff,1288.283,existing_stock
Thailand,2018,Small,Mid_eff,1361.386,existing_stock
Thailand,2019,Small,Mid_eff,1399.3831,existing_stock
Thailand,2020,Small,Mid_eff,1281.459,existing_stock
Thailand,2021,Small,Mid_eff,1301.0553,existing_stock
Thailand,2022,Small,Mid_eff,1354.9104,existing_stock
Thailand,2023,Small,Mid_eff,1391.6723,existing_stock
Thailand,2024,Small,Mid_eff,1428.1433,existing_stock
Thailand,2025,Small,Mid_eff,1499.21,existing_stock
Thailand,2026,Small,Mid_eff,1413.6332,retirement_survival
Thailand,2027,Small,Mid_eff,1325.6606,retirement_survival
Thailand,2028,Small,Mid_eff,1235.726,retirement_survival
Thailand,2029,Small,Mid_eff,1144.3917,retirement_survival
Thailand,2030,Small,Mid_eff,1052.3245,retirement_survival
Thailand,2031,Small,Mid_eff,960.2719,retirement_survival
Thailand,2032,Small,Mid_eff,869.0384,retirement_survival
Thailand,2033,Small,Mid_eff,779.4609,retirement_survival
Thailand,2034,Small,Mid_eff,692.3851,retirement_survival
Thailand,2035,Small,Mid_eff,608.6401,retirement_survival
Thailand,2036,Small,Mid_eff,529.0133,retirement_survival
Thailand,2037,Small,Mid_eff,454.2243,retirement_survival
Thailand,2038,Small,Mid_eff,384.8989,retirement_survival
Thailand,2039,Small,Mid_eff,321.5444,retirement_survival
Thailand,2040,Small,Mid_eff,264.5272,retirement_survival
Thailand,2041,Small,Mid_eff,214.055,retirement_survival
Thailand,2042,Small,Mid_eff,170.1661,retirement_survival
Thailand,2043,Small,Mid_eff,132.7269,retirement_survival
Thailand,2044,Small,Mid_eff,101.4408,retirement_survival
Thailand,2045,Small,Mid_eff,75.8664,retirement_survival
Thailand,2046,Small,Mid_eff,55.4467,retirement_survival
Thailand,2047,Small,Mid_eff,39.5449,retirement_survival
Thailand,2048,Small,Mid_eff,27.4846,retirement_survival
Thailand,2049,Small,Mid_eff,18.5897,retirement_survival
Thailand,2050,Small,Mid_eff,12.2189,retirement_survival
Thailand,2051,Small,Mid_eff,7.7942,retirement_survival
Thailand,2052,Small,Mid_eff,4.8184,retirement_survival
Thailand,2053,Small,Mid_eff,2.8828,retirement_survival
Thailand,2054,Small,Mid_eff,1.6671,retirement_survival
Thailand,2055,Small,Mid_eff,0.9305,retirement_survival
Thailand,2056,Small,Mid_eff,0.5007,retirement_survival
Thailand,2057,Small,Mid_eff,0.2593,retirement_survival
Thailand,2058,Small,Mid_eff,0.1291,retirement_survival
Thailand,2059,Small,Mid_eff,0.0618,retirement_survival
Thailand,2060,Small,Mid_eff,0.0283,retirement_survival
Viet Nam,2005,Large,High_eff,215.3545,existing_stock
Viet Nam,2006,Large,High_eff,240.8422,existing_stock
Viet Nam,2007,Large,High_eff,269.3239,existing_stock
Viet Nam,2008,Large,High_eff,301.2325,existing_stock
Viet Nam,2009,Large,High_eff,337.0872,existing_stock
Viet Nam,2010,Large,High_eff,377.353,existing_stock
Viet Nam,2011,Large,High_eff,422.4289,existing_stock
Viet Nam,2012,Large,High_eff,472.9106,existing_stock
Viet Nam,2013,Large,High_eff,529.4481,existing_stock
Viet Nam,2014,Large,High_eff,592.6857,existing_stock
Viet Nam,2015,Large,High_eff,655.9331,existing_stock
Viet Nam,2016,Large,High_eff,749.0108,existing_stock
Viet Nam,2017,Large,High_eff,814.479,existing_stock
Viet Nam,2018,Large,High_eff,910.1957,existing_stock
Viet Nam,2019,Large,High_eff,1036.9775,existing_stock
Viet Nam,2020,Large,High_eff,1076.316,existing_stock
Viet Nam,2021,Large,High_eff,1115.5916,existing_stock
Viet Nam,2022,Large,High_eff,1245.3131,existing_stock
Viet Nam,2023,Large,High_eff,1345.5814,existing_stock
Viet Nam,2024,Large,High_eff,1477.3912,existing_stock
Viet Nam,2025,Large,High_eff,1610.26,existing_stock
Viet Nam,2026,Large,High_eff,1549.3227,retirement_survival
Viet Nam,2027,Large,High_eff,1482.5091,retirement_survival
Viet Nam,2028,Large,High_eff,1409.7808,retirement_survival
Viet Nam,2029,Large,High_eff,1331.3449,retirement_survival
Viet Nam,2030,Large,High_eff,1247.6532,retirement_survival
Viet Nam,2031,Large,High_eff,1159.3961,retirement_survival
Viet Nam,2032,Large,High_eff,1067.4885,retirement_survival
Viet Nam,2033,Large,High_eff,973.0454,retirement_survival
Viet Nam,2034,Large,High_eff,877.3483,retirement_survival
Viet Nam,2035,Large,High_eff,781.7977,retirement_survival
Viet Nam,2036,Large,High_eff,687.8573,retirement_survival
Viet Nam,2037,Large,High_eff,596.9874,retirement_survival
Viet Nam,2038,Large,High_eff,510.5751,retirement_survival
Viet Nam,2039,Large,High_eff,429.8631,retirement_survival
Viet Nam,2040,Large,High_eff,355.885,retirement_survival
Viet Nam,2041,Large,High_eff,289.4116,retirement_survival
Viet Nam,2042,Large,High_eff,230.9157,retirement_survival
Viet Nam,2043,Large,High_eff,180.5568,retirement_survival
Viet Nam,2044,Large,High_eff,138.1902,retirement_survival
Viet Nam,2045,Large,High_eff,103.3986,retirement_survival
Viet Nam,2046,Large,High_eff,75.542,retirement_survival
Viet Nam,2047,Large,High_eff,53.8212,retirement_survival
Viet Nam,2048,Large,High_eff,37.3474,retirement_survival
Viet Nam,2049,Large,High_eff,25.2089,retirement_survival
Viet Nam,2050,Large,High_eff,16.5302,retirement_survival
Viet Nam,2051,Large,High_eff,10.5165,retirement_survival
Viet Nam,2052,Large,High_eff,6.4829,retirement_survival
Viet Nam,2053,Large,High_eff,3.8674,retirement_survival
Viet Nam,2054,Large,High_eff,2.2297,retirement_survival
Viet Nam,2055,Large,High_eff,1.2408,retirement_survival
Viet Nam,2056,Large,High_eff,0.6656,retirement_survival
Viet Nam,2057,Large,High_eff,0.3437,retirement_survival
Viet Nam,2058,Large,High_eff,0.1707,retirement_survival
Viet Nam,2059,Large,High_eff,0.0814,retirement_survival
Viet Nam,2060,Large,High_eff,0.0372,retirement_survival
Viet Nam,2005,Large,Low_eff,38.7776,existing_stock
Viet Nam,2006,Large,Low_eff,43.367,existing_stock
Viet Nam,2007,Large,Low_eff,48.4956,existing_stock
Viet Nam,2008,Large,Low_eff,54.2412,existing_stock
Viet Nam,2009,Large,Low_eff,60.6973,existing_stock
Viet Nam,2010,Large,Low_eff,67.9477,existing_stock
Viet Nam,2011,Large,Low_eff,76.0643,existing_stock
Viet Nam,2012,Large,Low_eff,85.1542,existing_stock
Viet Nam,2013,Large,Low_eff,95.3346,existing_stock
Viet Nam,2014,Large,Low_eff,106.7214,existing_stock
Viet Nam,2015,Large,Low_eff,118.11,existing_stock
Viet Nam,2016,Large,Low_eff,134.8699,existing_stock
Viet Nam,2017,Large,Low_eff,146.6584,existing_stock
Viet Nam,2018,Large,Low_eff,163.8936,existing_stock
Viet Nam,2019,Large,Low_eff,186.7224,existing_stock
Viet Nam,2020,Large,Low_eff,193.8059,existing_stock
Viet Nam,2021,Large,Low_eff,200.878,existing_stock
Viet Nam,2022,Large,Low_eff,224.2362,existing_stock
Viet Nam,2023,Large,Low_eff,242.2909,existing_stock
Viet Nam,2024,Large,Low_eff,266.0251,existing_stock
Viet Nam,2025,Large,Low_eff,289.95,existing_stock
Viet Nam,2026,Large,Low_eff,278.9774,retirement_survival
Viet Nam,2027,Large,Low_eff,266.9467,retirement_survival
Viet Nam,2028,Large,Low_eff,253.8509,retirement_survival
Viet Nam,2029,Large,Low_eff,239.7274,retirement_survival
Viet Nam,2030,Large,Low_eff,224.6575,retirement_survival
Viet Nam,2031,Large,Low_eff,208.7656,retirement_survival
Viet Nam,2032,Large,Low_eff,192.2163,retirement_survival
Viet Nam,2033,Large,Low_eff,175.2105,retirement_survival
Viet Nam,2034,Large,Low_eff,157.9789,retirement_survival
Viet Nam,2035,Large,Low_eff,140.7737,retirement_survival
Viet Nam,2036,Large,Low_eff,123.8584,retirement_survival
Viet Nam,2037,Large,Low_eff,107.496,retirement_survival
Viet Nam,2038,Large,Low_eff,91.9362,retirement_survival
Viet Nam,2039,Large,Low_eff,77.4029,retirement_survival
Viet Nam,2040,Large,Low_eff,64.0821,retirement_survival
Viet Nam,2041,Large,Low_eff,52.1126,retirement_survival
Viet Nam,2042,Large,Low_eff,41.5796,retirement_survival
Viet Nam,2043,Large,Low_eff,32.5118,retirement_survival
Viet Nam,2044,Large,Low_eff,24.8831,retirement_survival
Viet Nam,2045,Large,Low_eff,18.6184,retirement_survival
Viet Nam,2046,Large,Low_eff,13.6024,retirement_survival
Viet Nam,2047,Large,Low_eff,9.6913,retirement_survival
Viet Nam,2048,Large,Low_eff,6.7249,retirement_survival
Viet Nam,2049,Large,Low_eff,4.5392,retirement_survival
Viet Nam,2050,Large,Low_eff,2.9765,retirement_survival
Viet Nam,2051,Large,Low_eff,1.8936,retirement_survival
Viet Nam,2052,Large,Low_eff,1.1673,retirement_survival
Viet Nam,2053,Large,Low_eff,0.6964,retirement_survival
Viet Nam,2054,Large,Low_eff,0.4015,retirement_survival
Viet Nam,2055,Large,Low_eff,0.2234,retirement_survival
Viet Nam,2056,Large,Low_eff,0.1199,retirement_survival
Viet Nam,2057,Large,Low_eff,0.0619,retirement_survival
Viet Nam,2058,Large,Low_eff,0.0307,retirement_survival
Viet Nam,2059,Large,Low_eff,0.0147,retirement_survival
Viet Nam,2060,Large,Low_eff,0.0067,retirement_survival
Viet Nam,2005,Large,Mid_eff,102.6834,existing_stock
Viet Nam,2006,Large,Mid_eff,114.8363,existing_stock
Viet Nam,2007,Large,Mid_eff,128.4167,existing_stock
Viet Nam,2008,Large,Mid_eff,143.631,existing_stock
Viet Nam,2009,Large,Mid_eff,160.7269,existing_stock
Viet Nam,2010,Large,Mid_eff,179.9261,existing_stock
Viet Nam,2011,Large,Mid_eff,201.4188,existing_stock
Viet Nam,2012,Large,Mid_eff,225.4891,existing_stock
Viet Nam,2013,Large,Mid_eff,252.4468,existing_stock
Viet Nam,2014,Large,Mid_eff,282.5992,existing_stock
Viet Nam,2015,Large,Mid_eff,312.7563,existing_stock
Viet Nam,2016,Large,Mid_eff,357.1367,existing_stock
Viet Nam,2017,Large,Mid_eff,388.3527,existing_stock
Viet Nam,2018,Large,Mid_eff,433.9915,existing_stock
Viet Nam,2019,Large,Mid_eff,494.4425,existing_stock
Viet Nam,2020,Large,Mid_eff,513.1995,existing_stock
Viet Nam,2021,Large,Mid_eff,531.9266,existing_stock
Viet Nam,2022,Large,Mid_eff,593.7792,existing_stock
Viet Nam,2023,Large,Mid_eff,641.5883,existing_stock
Viet Nam,2024,Large,Mid_eff,704.4367,existing_stock
Viet Nam,2025,Large,Mid_eff,767.79,existing_stock
Viet Nam,2026,Large,Mid_eff,738.7344,retirement_survival
Viet Nam,2027,Large,Mid_eff,706.877,retirement_survival
Viet Nam,2028,Large,Mid_eff,672.1993,retirement_survival
Viet Nam,2029,Large,Mid_eff,634.8001,retirement_survival
Viet Nam,2030,Large,Mid_eff,594.895,retirement_survival
Viet Nam,2031,Large,Mid_eff,552.8131,retirement_survival
Viet Nam,2032,Large,Mid_eff,508.9904,retirement_survival
Viet Nam,2033,Large,Mid_eff,463.959,retirement_survival
Viet Nam,2034,Large,Mid_eff,418.3295,retirement_survival
Viet Nam,2035,Large,Mid_eff,372.7699,retirement_survival
Viet Nam,2036,Large,Mid_eff,327.978,retirement_survival
Viet Nam,2037,Large,Mid_eff,284.6503,retirement_survival
Viet Nam,2038,Large,Mid_eff,243.4479,retirement_survival
Viet Nam,2039,Large,Mid_eff,204.9635,retirement_survival
Viet Nam,2040,Large,Mid_eff,169.6899,retirement_survival
Viet Nam,2041,Large,Mid_eff,137.9947,retirement_survival
Viet Nam,2042,Large,Mid_eff,110.1032,retirement_survival
Viet Nam,2043,Large,Mid_eff,86.0915,retirement_survival
Viet Nam,2044,Large,Mid_eff,65.8906,retirement_survival
Viet Nam,2045,Large,Mid_eff,49.3016,retirement_survival
Viet Nam,2046,Large,Mid_eff,36.0193,retirement_survival
Viet Nam,2047,Large,Mid_eff,25.6626,retirement_survival
Viet Nam,2048,Large,Mid_eff,17.8077,retirement_survival
Viet Nam,2049,Large,Mid_eff,12.0199,retirement_survival
Viet Nam,2050,Large,Mid_eff,7.8818,retirement_survival
Viet Nam,2051,Large,Mid_eff,5.0144,retirement_survival
Viet Nam,2052,Large,Mid_eff,3.0911,retirement_survival
Viet Nam,2053,Large,Mid_eff,1.844,retirement_survival
Viet Nam,2054,Large,Mid_eff,1.0632,retirement_survival
Viet Nam,2055,Large,Mid_eff,0.5916,retirement_survival
Viet Nam,2056,Large,Mid_eff,0.3174,retirement_survival
Viet Nam,2057,Large,Mid_eff,0.1639,retirement_survival
Viet Nam,2058,Large,Mid_eff,0.0814,retirement_survival
Viet Nam,2059,Large,Mid_eff,0.0388,retirement_survival
Viet Nam,2060,Large,Mid_eff,0.0177,retirement_survival
Viet Nam,2005,Medium,High_eff,299.2355,existing_stock
Viet Nam,2006,Medium,High_eff,334.6508,existing_stock
Viet Nam,2007,Medium,High_eff,374.2262,existing_stock
Viet Nam,2008,Medium,High_eff,418.5633,existing_stock
Viet Nam,2009,Medium,High_eff,468.3834,existing_stock
Viet Nam,2010,Medium,High_eff,524.3328,existing_stock
Viet Nam,2011,Medium,High_eff,586.9659,existing_stock
Viet Nam,2012,Medium,High_eff,657.1104,existing_stock
Viet Nam,2013,Medium,High_eff,735.6694,existing_stock
Viet Nam,2014,Medium,High_eff,823.5382,existing_stock
Viet Nam,2015,Medium,High_eff,911.4206,existing_stock
Viet Nam,2016,Medium,High_eff,1040.7523,existing_stock
Viet Nam,2017,Medium,High_eff,1131.7204,existing_stock
Viet Nam,2018,Medium,High_eff,1264.7191,existing_stock
Viet Nam,2019,Medium,High_eff,1440.8826,existing_stock
Viet Nam,2020,Medium,High_eff,1495.5436,existing_stock
Viet Nam,2021,Medium,High_eff,1550.1171,existing_stock
Viet Nam,2022,Medium,High_eff,1730.3654,existing_stock
Viet Nam,2023,Medium,High_eff,1869.6885,existing_stock
Viet Nam,2024,Medium,High_eff,2052.8385,existing_stock
Viet Nam,2025,Medium,High_eff,2237.46,existing_stock
Viet Nam,2026,Medium,High_eff,2152.7875,retirement_survival
Viet Nam,2027,Medium,High_eff,2059.9499,retirement_survival
Viet Nam,2028,Medium,High_eff,1958.8937,retirement_survival
Viet Nam,2029,Medium,High_eff,1849.9068,retirement_survival
Viet Nam,2030,Medium,High_eff,1733.617,retirement_survival
Viet Nam,2031,Medium,High_eff,1610.9836,retirement_survival
Viet Nam,2032,Medium,High_eff,1483.2777,retirement_survival
Viet Nam,2033,Medium,High_eff,1352.0489,retirement_survival
Viet Nam,2034,Medium,High_eff,1219.0775,retirement_survival
Viet Nam,2035,Medium,High_eff,1086.3098,retirement_survival
Viet Nam,2036,Medium,High_eff,955.7792,retirement_survival
Viet Nam,2037,Medium,High_eff,829.5153,retirement_survival
Viet Nam,2038,Medium,High_eff,709.4452,retirement_survival
Viet Nam,2039,Medium,High_eff,597.2958,retirement_survival
Viet Nam,2040,Medium,High_eff,494.503,retirement_survival
Viet Nam,2041,Medium,High_eff,402.1382,retirement_survival
Viet Nam,2042,Medium,High_eff,320.8579,retirement_survival
Viet Nam,2043,Medium,High_eff,250.884,retirement_survival
Viet Nam,2044,Medium,High_eff,192.0156,retirement_survival
Viet Nam,2045,Medium,High_eff,143.6726,retirement_survival
Viet Nam,2046,Medium,High_eff,104.9657,retirement_survival
Viet Nam,2047,Medium,High_eff,74.7847,retirement_survival
Viet Nam,2048,Medium,High_eff,51.8943,retirement_survival
Viet Nam,2049,Medium,High_eff,35.0278,retirement_survival
Viet Nam,2050,Medium,High_eff,22.9687,retirement_survival
Viet Nam,2051,Medium,High_eff,14.6127,retirement_survival
Viet Nam,2052,Medium,High_eff,9.008,retirement_survival
Viet Nam,2053,Medium,High_eff,5.3738,retirement_survival
Viet Nam,2054,Medium,High_eff,3.0982,retirement_survival
Viet Nam,2055,Medium,High_eff,1.7241,retirement_survival
Viet Nam,2056,Medium,High_eff,0.9249,retirement_survival
Viet Nam,2057,Medium,High_eff,0.4776,retirement_survival
Viet Nam,2058,Medium,High_eff,0.2372,retirement_survival
Viet Nam,2059,Medium,High_eff,0.1131,retirement_survival
Viet Nam,2060,Medium,High_eff,0.0517,retirement_survival
Viet Nam,2005,Medium,Low_eff,106.1192,existing_stock
Viet Nam,2006,Medium,Low_eff,118.6787,existing_stock
Viet Nam,2007,Medium,Low_eff,132.7134,existing_stock
Viet Nam,2008,Medium,Low_eff,148.4369,existing_stock
Viet Nam,2009,Medium,Low_eff,166.1048,existing_stock
Viet Nam,2010,Medium,Low_eff,185.9464,existing_stock
Viet Nam,2011,Medium,Low_eff,208.1582,existing_stock
Viet Nam,2012,Medium,Low_eff,233.0339,existing_stock
Viet Nam,2013,Medium,Low_eff,260.8936,existing_stock
Viet Nam,2014,Medium,Low_eff,292.0549,existing_stock
Viet Nam,2015,Medium,Low_eff,323.221,existing_stock
Viet Nam,2016,Medium,Low_eff,369.0864,existing_stock
Viet Nam,2017,Medium,Low_eff,401.3468,existing_stock
Viet Nam,2018,Medium,Low_eff,448.5127,existing_stock
Viet Nam,2019,Medium,Low_eff,510.9864,existing_stock
Viet Nam,2020,Medium,Low_eff,530.371,existing_stock
Viet Nam,2021,Medium,Low_eff,549.7246,existing_stock
Viet Nam,2022,Medium,Low_eff,613.6469,existing_stock
Viet Nam,2023,Medium,Low_eff,663.0556,existing_stock
Viet Nam,2024,Medium,Low_eff,728.0069,existing_stock
Viet Nam,2025,Medium,Low_eff,793.48,existing_stock
Viet Nam,2026,Medium,Low_eff,763.4522,retirement_survival
Viet Nam,2027,Medium,Low_eff,730.5288,retirement_survival
Viet Nam,2028,Medium,Low_eff,694.6908,retirement_survival
Viet Nam,2029,Medium,Low_eff,656.0404,retirement_survival
Viet Nam,2030,Medium,Low_eff,614.8,retirement_survival
Viet Nam,2031,Medium,Low_eff,571.31,retirement_survival
Viet Nam,2032,Medium,Low_eff,526.0211,retirement_survival
Viet Nam,2033,Medium,Low_eff,479.4829,retirement_survival
Viet Nam,2034,Medium,Low_eff,432.3267,retirement_survival
Viet Nam,2035,Medium,Low_eff,385.2427,retirement_survival
Viet Nam,2036,Medium,Low_eff,338.9521,retirement_survival
Viet Nam,2037,Medium,Low_eff,294.1746,retirement_survival
Viet Nam,2038,Medium,Low_eff,251.5936,retirement_survival
Viet Nam,2039,Medium,Low_eff,211.8216,retirement_survival
Viet Nam,2040,Medium,Low_eff,175.3677,retirement_survival
Viet Nam,2041,Medium,Low_eff,142.612,retirement_survival
Viet Nam,2042,Medium,Low_eff,113.7872,retirement_survival
Viet Nam,2043,Medium,Low_eff,88.9721,retirement_survival
Viet Nam,2044,Medium,Low_eff,68.0953,retirement_survival
Viet Nam,2045,Medium,Low_eff,50.9512,retirement_survival
Viet Nam,2046,Medium,Low_eff,37.2244,retirement_survival
Viet Nam,2047,Medium,Low_eff,26.5212,retirement_survival
Viet Nam,2048,Medium,Low_eff,18.4035,retirement_survival
Viet Nam,2049,Medium,Low_eff,12.4221,retirement_survival
Viet Nam,2050,Medium,Low_eff,8.1455,retirement_survival
Viet Nam,2051,Medium,Low_eff,5.1822,retirement_survival
Viet Nam,2052,Medium,Low_eff,3.1946,retirement_survival
Viet Nam,2053,Medium,Low_eff,1.9057,retirement_survival
Viet Nam,2054,Medium,Low_eff,1.0987,retirement_survival
Viet Nam,2055,Medium,Low_eff,0.6114,retirement_survival
Viet Nam,2056,Medium,Low_eff,0.328,retirement_survival
Viet Nam,2057,Medium,Low_eff,0.1694,retirement_survival
Viet Nam,2058,Medium,Low_eff,0.0841,retirement_survival
Viet Nam,2059,Medium,Low_eff,0.0401,retirement_survival
Viet Nam,2060,Medium,Low_eff,0.0183,retirement_survival
Viet Nam,2005,Medium,Mid_eff,192.5546,existing_stock
Viet Nam,2006,Medium,Mid_eff,215.344,existing_stock
Viet Nam,2007,Medium,Mid_eff,240.8103,existing_stock
Viet Nam,2008,Medium,Mid_eff,269.3407,existing_stock
Viet Nam,2009,Medium,Mid_eff,301.3994,existing_stock
Viet Nam,2010,Medium,Mid_eff,337.4022,existing_stock
Viet Nam,2011,Medium,Mid_eff,377.7059,existing_stock
Viet Nam,2012,Medium,Mid_eff,422.843,existing_stock
Viet Nam,2013,Medium,Mid_eff,473.3949,existing_stock
Viet Nam,2014,Medium,Mid_eff,529.9374,existing_stock
Viet Nam,2015,Medium,Mid_eff,586.4888,existing_stock
Viet Nam,2016,Medium,Mid_eff,669.7122,existing_stock
Viet Nam,2017,Medium,Mid_eff,728.2492,existing_stock
Viet Nam,2018,Medium,Mid_eff,813.8323,existing_stock
Viet Nam,2019,Medium,Mid_eff,927.1915,existing_stock
Viet Nam,2020,Medium,Mid_eff,962.3652,existing_stock
Viet Nam,2021,Medium,Mid_eff,997.4827,existing_stock
Viet Nam,2022,Medium,Mid_eff,1113.4704,existing_stock
Viet Nam,2023,Medium,Mid_eff,1203.1232,existing_stock
Viet Nam,2024,Medium,Mid_eff,1320.9782,existing_stock
Viet Nam,2025,Medium,Mid_eff,1439.78,existing_stock
Viet Nam,2026,Medium,Mid_eff,1385.2942,retirement_survival
Viet Nam,2027,Medium,Mid_eff,1325.5543,retirement_survival
Viet Nam,2028,Medium,Mid_eff,1260.5258,retirement_survival
Viet Nam,2029,Medium,Mid_eff,1190.3939,retirement_survival
Viet Nam,2030,Medium,Mid_eff,1115.5628,retirement_survival
Viet Nam,2031,Medium,Mid_eff,1036.6496,retirement_survival
Viet Nam,2032,Medium,Mid_eff,954.4723,retirement_survival
Viet Nam,2033,Medium,Mid_eff,870.0281,retirement_survival
Viet Nam,2034,Medium,Mid_eff,784.4625,retirement_survival
Viet Nam,2035,Medium,Mid_eff,699.028,retirement_survival
Viet Nam,2036,Medium,Mid_eff,615.0331,retirement_survival
Viet Nam,2037,Medium,Mid_eff,533.7837,retirement_survival
Viet Nam,2038,Medium,Mid_eff,456.5199,retirement_survival
Viet Nam,2039,Medium,Mid_eff,384.353,retirement_survival
Viet Nam,2040,Medium,Mid_eff,318.207,retirement_survival
Viet Nam,2041,Medium,Mid_eff,258.7713,retirement_survival
Viet Nam,2042,Medium,Mid_eff,206.4684,retirement_survival
Viet Nam,2043,Medium,Mid_eff,161.441,retirement_survival
Viet Nam,2044,Medium,Mid_eff,123.5599,retirement_survival
Viet Nam,2045,Medium,Mid_eff,92.4517,retirement_survival
Viet Nam,2046,Medium,Mid_eff,67.5443,retirement_survival
Viet Nam,2047,Medium,Mid_eff,48.1231,retirement_survival
Viet Nam,2048,Medium,Mid_eff,33.3934,retirement_survival
Viet Nam,2049,Medium,Mid_eff,22.54,retirement_survival
Viet Nam,2050,Medium,Mid_eff,14.7801,retirement_survival
Viet Nam,2051,Medium,Mid_eff,9.4031,retirement_survival
Viet Nam,2052,Medium,Mid_eff,5.7966,retirement_survival
Viet Nam,2053,Medium,Mid_eff,3.4579,retirement_survival
Viet Nam,2054,Medium,Mid_eff,1.9937,retirement_survival
Viet Nam,2055,Medium,Mid_eff,1.1094,retirement_survival
Viet Nam,2056,Medium,Mid_eff,0.5951,retirement_survival
Viet Nam,2057,Medium,Mid_eff,0.3073,retirement_survival
Viet Nam,2058,Medium,Mid_eff,0.1526,retirement_survival
Viet Nam,2059,Medium,Mid_eff,0.0728,retirement_survival
Viet Nam,2060,Medium,Mid_eff,0.0333,retirement_survival
Viet Nam,2005,Small,High_eff,290.2295,existing_stock
Viet Nam,2006,Small,High_eff,324.579,existing_stock
Viet Nam,2007,Small,High_eff,362.9633,existing_stock
Viet Nam,2008,Small,High_eff,405.966,existing_stock
Viet Nam,2009,Small,High_eff,454.2866,existing_stock
Viet Nam,2010,Small,High_eff,508.5521,existing_stock
Viet Nam,2011,Small,High_eff,569.3002,existing_stock
Viet Nam,2012,Small,High_eff,637.3336,existing_stock
Viet Nam,2013,Small,High_eff,713.5283,existing_stock
Viet Nam,2014,Small,High_eff,798.7525,existing_stock
Viet Nam,2015,Small,High_eff,883.9899,existing_stock
Viet Nam,2016,Small,High_eff,1009.4291,existing_stock
Viet Nam,2017,Small,High_eff,1097.6594,existing_stock
Viet Nam,2018,Small,High_eff,1226.6553,existing_stock
Viet Nam,2019,Small,High_eff,1397.5169,existing_stock
Viet Nam,2020,Small,High_eff,1450.5327,existing_stock
Viet Nam,2021,Small,High_eff,1503.4638,existing_stock
Viet Nam,2022,Small,High_eff,1678.2872,existing_stock
Viet Nam,2023,Small,High_eff,1813.4172,existing_stock
Viet Nam,2024,Small,High_eff,1991.055,existing_stock
Viet Nam,2025,Small,High_eff,2170.12,existing_stock
Viet Nam,2026,Small,High_eff,2087.9959,retirement_survival
Viet Nam,2027,Small,High_eff,1997.9523,retirement_survival
Viet Nam,2028,Small,High_eff,1899.9376,retirement_survival
Viet Nam,2029,Small,High_eff,1794.2308,retirement_survival
Viet Nam,2030,Small,High_eff,1681.441,retirement_survival
Viet Nam,2031,Small,High_eff,1562.4985,retirement_survival
Viet Nam,2032,Small,High_eff,1438.636,retirement_survival
Viet Nam,2033,Small,High_eff,1311.3568,retirement_survival
Viet Nam,2034,Small,High_eff,1182.3874,retirement_survival
Viet Nam,2035,Small,High_eff,1053.6155,retirement_survival
Viet Nam,2036,Small,High_eff,927.0135,retirement_survival
Viet Nam,2037,Small,High_eff,804.5497,retirement_survival
Viet Nam,2038,Small,High_eff,688.0933,retirement_survival
Viet Nam,2039,Small,High_eff,579.3192,retirement_survival
Viet Nam,2040,Small,High_eff,479.6201,retirement_survival
Viet Nam,2041,Small,High_eff,390.0352,retirement_survival
Viet Nam,2042,Small,High_eff,311.2012,retirement_survival
Viet Nam,2043,Small,High_eff,243.3333,retirement_survival
Viet Nam,2044,Small,High_eff,186.2366,retirement_survival
Viet Nam,2045,Small,High_eff,139.3485,retirement_survival
Viet Nam,2046,Small,High_eff,101.8066,retirement_survival
Viet Nam,2047,Small,High_eff,72.5339,retirement_survival
Viet Nam,2048,Small,High_eff,50.3324,retirement_survival
Viet Nam,2049,Small,High_eff,33.9736,retirement_survival
Viet Nam,2050,Small,High_eff,22.2774,retirement_survival
Viet Nam,2051,Small,High_eff,14.1729,retirement_survival
Viet Nam,2052,Small,High_eff,8.7369,retirement_survival
Viet Nam,2053,Small,High_eff,5.212,retirement_survival
Viet Nam,2054,Small,High_eff,3.005,retirement_survival
Viet Nam,2055,Small,High_eff,1.6722,retirement_survival
Viet Nam,2056,Small,High_eff,0.897,retirement_survival
Viet Nam,2057,Small,High_eff,0.4632,retirement_survival
Viet Nam,2058,Small,High_eff,0.23,retirement_survival
Viet Nam,2059,Small,High_eff,0.1097,retirement_survival
Viet Nam,2060,Small,High_eff,0.0501,retirement_survival
Viet Nam,2005,Small,Low_eff,138.167,existing_stock
Viet Nam,2006,Small,Low_eff,154.5195,existing_stock
Viet Nam,2007,Small,Low_eff,172.7927,existing_stock
Viet Nam,2008,Small,Low_eff,193.2647,existing_stock
Viet Nam,2009,Small,Low_eff,216.2683,existing_stock
Viet Nam,2010,Small,Low_eff,242.102,existing_stock
Viet Nam,2011,Small,Low_eff,271.0218,existing_stock
Viet Nam,2012,Small,Low_eff,303.4098,existing_stock
Viet Nam,2013,Small,Low_eff,339.6831,existing_stock
Viet Nam,2014,Small,Low_eff,380.2551,existing_stock
Viet Nam,2015,Small,Low_eff,420.8333,existing_stock
Viet Nam,2016,Small,Low_eff,480.5501,existing_stock
Viet Nam,2017,Small,Low_eff,522.5531,existing_stock
Viet Nam,2018,Small,Low_eff,583.963,existing_stock
Viet Nam,2019,Small,Low_eff,665.3036,existing_stock
Viet Nam,2020,Small,Low_eff,690.5424,existing_stock
Viet Nam,2021,Small,Low_eff,715.7408,existing_stock
Viet Nam,2022,Small,Low_eff,798.9675,existing_stock
Viet Nam,2023,Small,Low_eff,863.2976,existing_stock
Viet Nam,2024,Small,Low_eff,947.8641,existing_stock
Viet Nam,2025,Small,Low_eff,1033.11,existing_stock
Viet Nam,2026,Small,Low_eff,994.0139,retirement_survival
Viet Nam,2027,Small,Low_eff,951.1476,retirement_survival
Viet Nam,2028,Small,Low_eff,904.4866,retirement_survival
Viet Nam,2029,Small,Low_eff,854.1637,retirement_survival
Viet Nam,2030,Small,Low_eff,800.4689,retirement_survival
Viet Nam,2031,Small,Low_eff,743.8449,retirement_survival
Viet Nam,2032,Small,Low_eff,684.8788,retirement_survival
Viet Nam,2033,Small,Low_eff,624.2861,retirement_survival
Viet Nam,2034,Small,Low_eff,562.8888,retirement_survival
Viet Nam,2035,Small,Low_eff,501.5855,retirement_survival
Viet Nam,2036,Small,Low_eff,441.3152,retirement_survival
Viet Nam,2037,Small,Low_eff,383.0149,retirement_survival
Viet Nam,2038,Small,Low_eff,327.5746,retirement_survival
Viet Nam,2039,Small,Low_eff,275.7914,retirement_survival
Viet Nam,2040,Small,Low_eff,228.3285,retirement_survival
Viet Nam,2041,Small,Low_eff,185.6806,retirement_survival
Viet Nam,2042,Small,Low_eff,148.1508,retirement_survival
Viet Nam,2043,Small,Low_eff,115.8415,retirement_survival
Viet Nam,2044,Small,Low_eff,88.66,retirement_survival
Viet Nam,2045,Small,Low_eff,66.3384,retirement_survival
Viet Nam,2046,Small,Low_eff,48.4662,retirement_survival
Viet Nam,2047,Small,Low_eff,34.5306,retirement_survival
Viet Nam,2048,Small,Low_eff,23.9613,retirement_survival
Viet Nam,2049,Small,Low_eff,16.1735,retirement_survival
Viet Nam,2050,Small,Low_eff,10.6054,retirement_survival
Viet Nam,2051,Small,Low_eff,6.7472,retirement_survival
Viet Nam,2052,Small,Low_eff,4.1593,retirement_survival
Viet Nam,2053,Small,Low_eff,2.4812,retirement_survival
Viet Nam,2054,Small,Low_eff,1.4305,retirement_survival
Viet Nam,2055,Small,Low_eff,0.7961,retirement_survival
Viet Nam,2056,Small,Low_eff,0.427,retirement_survival
Viet Nam,2057,Small,Low_eff,0.2205,retirement_survival
Viet Nam,2058,Small,Low_eff,0.1095,retirement_survival
Viet Nam,2059,Small,Low_eff,0.0522,retirement_survival
Viet Nam,2060,Small,Low_eff,0.0239,retirement_survival
Viet Nam,2005,Small,Mid_eff,358.1234,existing_stock
Viet Nam,2006,Small,Mid_eff,400.5083,existing_stock
Viet Nam,2007,Small,Mid_eff,447.8719,existing_stock
Viet Nam,2008,Small,Mid_eff,500.9343,existing_stock
Viet Nam,2009,Small,Mid_eff,560.5587,existing_stock
Viet Nam,2010,Small,Mid_eff,627.5187,existing_stock
Viet Nam,2011,Small,Mid_eff,702.4776,existing_stock
Viet Nam,2012,Small,Mid_eff,786.4261,existing_stock
Viet Nam,2013,Small,Mid_eff,880.4452,existing_stock
Viet Nam,2014,Small,Mid_eff,985.606,existing_stock
Viet Nam,2015,Small,Mid_eff,1090.7832,existing_stock
Viet Nam,2016,Small,Mid_eff,1245.5667,existing_stock
Viet Nam,2017,Small,Mid_eff,1354.4368,existing_stock
Viet Nam,2018,Small,Mid_eff,1513.6089,existing_stock
Viet Nam,2019,Small,Mid_eff,1724.4405,existing_stock
Viet Nam,2020,Small,Mid_eff,1789.8584,existing_stock
Viet Nam,2021,Small,Mid_eff,1855.1717,existing_stock
Viet Nam,2022,Small,Mid_eff,2070.8919,existing_stock
Viet Nam,2023,Small,Mid_eff,2237.6331,existing_stock
Viet Nam,2024,Small,Mid_eff,2456.826,existing_stock
Viet Nam,2025,Small,Mid_eff,2677.78,existing_stock
Viet Nam,2026,Small,Mid_eff,2576.4444,retirement_survival
Viet Nam,2027,Small,Mid_eff,2465.3368,retirement_survival
Viet Nam,2028,Small,Mid_eff,2344.3934,retirement_survival
Viet Nam,2029,Small,Mid_eff,2213.9584,retirement_survival
Viet Nam,2030,Small,Mid_eff,2074.7834,retirement_survival
Viet Nam,2031,Small,Mid_eff,1928.0165,retirement_survival
Viet Nam,2032,Small,Mid_eff,1775.1787,retirement_survival
Viet Nam,2033,Small,Mid_eff,1618.1248,retirement_survival
Viet Nam,2034,Small,Mid_eff,1458.9853,retirement_survival
Viet Nam,2035,Small,Mid_eff,1300.0896,retirement_survival
Viet Nam,2036,Small,Mid_eff,1143.8714,retirement_survival
Viet Nam,2037,Small,Mid_eff,992.7594,retirement_survival
Viet Nam,2038,Small,Mid_eff,849.0602,retirement_survival
Viet Nam,2039,Small,Mid_eff,714.8403,retirement_survival
Viet Nam,2040,Small,Mid_eff,591.8185,retirement_survival
Viet Nam,2041,Small,Mid_eff,481.2768,retirement_survival
Viet Nam,2042,Small,Mid_eff,384.001,retirement_survival
Viet Nam,2043,Small,Mid_eff,300.2567,retirement_survival
Viet Nam,2044,Small,Mid_eff,229.8032,retirement_survival
Viet Nam,2045,Small,Mid_eff,171.9466,retirement_survival
Viet Nam,2046,Small,Mid_eff,125.6224,retirement_survival
Viet Nam,2047,Small,Mid_eff,89.5019,retirement_survival
Viet Nam,2048,Small,Mid_eff,62.1068,retirement_survival
Viet Nam,2049,Small,Mid_eff,41.9211,retirement_survival
Viet Nam,2050,Small,Mid_eff,27.4888,retirement_survival
Viet Nam,2051,Small,Mid_eff,17.4884,retirement_survival
Viet Nam,2052,Small,Mid_eff,10.7808,retirement_survival
Viet Nam,2053,Small,Mid_eff,6.4313,retirement_survival
Viet Nam,2054,Small,Mid_eff,3.7079,retirement_survival
Viet Nam,2055,Small,Mid_eff,2.0634,retirement_survival
Viet Nam,2056,Small,Mid_eff,1.1069,retirement_survival
Viet Nam,2057,Small,Mid_eff,0.5716,retirement_survival
Viet Nam,2058,Small,Mid_eff,0.2838,retirement_survival
Viet Nam,2059,Small,Mid_eff,0.1353,retirement_survival
Viet Nam,2060,Small,Mid_eff,0.0619,retirement_survival
