branch_path,variable,scenario,region,expression,units,scale,per
Key\Energy Access\Electrification Rate,Activity Level,AMS Target Scenario,Base Template,0,%,,
Key\Energy Access\Electrification Rate,Activity Level,AMS Target Scenario,Brunei,"Interp(2005, 100, 2006, 100, 2007, 100, 2008, 100, 2009, 100, 2010, 100, 2011, 100, 2012, 100, 2013, 100, 2014, 100, 2015, 100, 2016, 100, 2017, 100, 2018, 100, 2019, 100, 2020, 100, 2021, 100, 2022, 100, 2023, 100, 2024, 100, 2025, 100, 2026, 100, 2027, 100, 2028, 100, 2029, 100, 2030, 100, 2031, 100, 2032, 100, 2033, 100, 2034, 100, 2035, 100, 2036, 100, 2037, 100, 2038, 100, 2039, 100, 2040, 100, 2041, 100, 2042, 100, 2043, 100, 2044, 100, 2045, 100, 2046, 100, 2047, 100, 2048, 100, 2049, 100, 2050, 100) ? AMS Socioeconomic Data AEO9",%,,
Key\Energy Access\Electrification Rate,Activity Level,AMS Target Scenario,Cambodia,"Interp(2005, 11.78, 2006, 13.42, 2007, 14.83, 2008, 17.22, 2009, 18.79, 2010, 22.88, 2011, 24.17, 2012, 29.25, 2013, 38.14, 2014, 42.72, 2015, 49.37, 2016, 58.23, 2017, 68.64, 2018, 72.16, 2019, 77.87, 2020, 81.06, 2021, 86.43, 2022, 88.41, 2023, 94.02, 2030, 100) ?_x000D_
_x000D_
MME feedback on AEO8 draft_x000D_
All - 2023 - 94.02%_x000D_
Baseline assumption - 2030 - 98.27%_x000D_
Other scenarios - 2030 - 100%",%,,
Key\Energy Access\Electrification Rate,Activity Level,AMS Target Scenario,Indonesia,"Interp(2006, 63.00, 2007, 64.34, 2008, 66.71, 2009, 66.00, 2010, 67.15, 2011, 72.95, 2012, 76.56, 2013, 80.51, 2014, 84.35, 2015, 88.30, 2016, 91.16, 2017, 95.35, 2018, 98.30, 2019, 98.89, 2020, 99.20, 2021, 99.45, 2022, 99.63, 2023, 99.79, 2024, 99.89, 2025, 100.00) ? Historical: HEESI; Projection: SEA Energy Outlook 2022 by IEA; AEO8 CV",%,,
Key\Energy Access\Electrification Rate,Activity Level,AMS Target Scenario,Laos,"Interp(2005, 48.3, 2006, 50.87, 2007, 56.24, 2008, 61.76, 2009, 69.25, 2010, 72.98, 2011, 78.29, 2012, 82.25, 2013, 87.34, 2014, 88.7, 2015, 90.51, 2016, 92.05, 2017, 92.46, 2018, 93.79, 2019, 94.02, 2020, 94.29, 2021, 94.65, 2022, 95.32, 2025, 98) ? Historical: Country Consultation (EDL), Projection: Lao PDR's Energy Sector Assessment, Strategy, and Road Map, ADB (p.48); AEO8 ATS assumption",%,,
Key\Energy Access\Electrification Rate,Activity Level,AMS Target Scenario,Malaysia,"Interp(2005, 98.7, 2006, 98.8, 2007, 98.9, 2008, 99, 2009, 99.3, 2010, 99.5, 2011, 99.5, 2012, 99.8, 2013, 99.6, 2014, 99.7, 2015, 99.9, 2016, 99.9, 2017, 100, 2018, 100, 2019, 100, 2020, 100, 2021, 100, 2022, 100, 2023, 100, 2024, 100, 2025, 100, 2026, 100, 2027, 100, 2028, 100, 2029, 100, 2030, 100, 2031, 100, 2032, 100, 2033, 100, 2034, 100, 2035, 100, 2036, 100, 2037, 100, 2038, 100, 2039, 100, 2040, 100, 2041, 100, 2042, 100, 2043, 100, 2044, 100, 2045, 100, 2046, 100, 2047, 100, 2048, 100, 2049, 100, 2050, 100) ? AMS Socioeconomic Data AEO9",%,,
Key\Energy Access\Electrification Rate,Activity Level,AMS Target Scenario,Myanmar,"Interp(2005, 23.2, 2006, 23.2, 2007, 23.2, 2008, 23.2, 2009, 23.2, 2010, 25, 2011, 27, 2012, 29, 2014, 31, 2016, 32, 2017, 42, 2018, 44, 2019, 50, 2020, 70.42, 2021, 72.47, 2025, 75, 2030, 100) ? Historical: AEO7 Country Consultation, 2009 & 2012 = National Energy Policy 2014 (p.14, 19), 2014 = Myanmar Energy Master Plan 2015 (p.iv), 2020 & 2021 = WDI; Projection: 2025 = https://www.iea.org/policies/6287-myanmar-national-electrification-project-nep, 2030 = National Energy Policy 2014 (p.14) ; AEO8 ATS assumption",%,,
Key\Energy Access\Electrification Rate,Activity Level,AMS Target Scenario,Philippines,"Interp(2005, 80.04, 2006, 81.03, 2007, 82.03, 2008, 83.3, 2009, 84.06, 2010, 79.74, 2011, 80.33, 2012, 83.75, 2013, 86.29, 2014, 87.92, 2015, 89.62, 2016, 90.65, 2017, 91.09, 2018, 96.12, 2019, 92.96, 2020, 94.5, 2021, 95.41, 2022, 96.17, 2028, 100) ? country consultation; AEO8 ATS assumption",%,,
Key\Energy Access\Electrification Rate,Activity Level,AMS Target Scenario,Singapore,"Interp(2005, 100, 2006, 100, 2007, 100, 2008, 100, 2009, 100, 2010, 100, 2011, 100, 2012, 100, 2013, 100, 2014, 100, 2015, 100, 2016, 100, 2017, 100, 2018, 100, 2019, 100, 2020, 100, 2021, 100, 2022, 100, 2023, 100, 2024, 100, 2025, 100, 2026, 100, 2027, 100, 2028, 100, 2029, 100, 2030, 100, 2031, 100, 2032, 100, 2033, 100, 2034, 100, 2035, 100, 2036, 100, 2037, 100, 2038, 100, 2039, 100, 2040, 100, 2041, 100, 2042, 100, 2043, 100, 2044, 100, 2045, 100, 2046, 100, 2047, 100, 2048, 100, 2049, 100, 2050, 100) ? AMS Socioeconomic Data AEO9",%,,
Key\Energy Access\Electrification Rate,Activity Level,AMS Target Scenario,Thailand,"Interp(2005, 92.8, 2006, 99.1, 2007, 94.1, 2008, 94.8, 2009, 99, 2010, 99.7, 2011, 99.3, 2012, 99.1, 2013, 99.4, 2014, 99.5, 2015, 99.6, 2016, 99.9, 2017, 99.9, 2018, 99.8, 2019, 99.9, 2020, 100, 2021, 100, 2022, 99.9, 2023, 100, 2024, 100, 2025, 100, 2026, 100, 2027, 100, 2028, 100, 2029, 100, 2030, 100, 2031, 100, 2032, 100, 2033, 100, 2034, 100, 2035, 100, 2036, 100, 2037, 100, 2038, 100, 2039, 100, 2040, 100, 2041, 100, 2042, 100, 2043, 100, 2044, 100, 2045, 100, 2046, 100, 2047, 100, 2048, 100, 2049, 100, 2050, 100) ? AMS Socioeconomic Data AEO9",%,,
Key\Energy Access\Electrification Rate,Activity Level,AMS Target Scenario,Timor Leste,"Interp(2005, 33.5, 2006, 36.7, 2007, 36.6, 2008, 43.1, 2009, 46.3, 2010, 38, 2011, 52.7, 2012, 56, 2013, 59.2, 2014, 62.4, 2015, 67.3, 2016, 76.5, 2017, 79.5, 2018, 85.2, 2019, 90.6, 2020, 96, 2021, 100, 2022, 99.7, 2023, 100) ? AMS Socioeconomic Data AEO9",%,,
Key\Energy Access\Electrification Rate,Activity Level,AMS Target Scenario,Vietnam,"Interp(2005, 96.1, 2006, 96, 2007, 93.1, 2008, 93.8, 2009, 96.1, 2010, 97.4, 2011, 99, 2012, 97.9, 2013, 98.5, 2014, 99.2, 2015, 99.3, 2016, 99.2, 2017, 100, 2018, 100, 2019, 99.4, 2020, 99.8, 2021, 100, 2022, 100, 2023, 99.8, 2024, 100, 2025, 100, 2026, 100, 2027, 100, 2028, 100, 2029, 100, 2030, 100, 2031, 100, 2032, 100, 2033, 100, 2034, 100, 2035, 100, 2036, 100, 2037, 100, 2038, 100, 2039, 100, 2040, 100, 2041, 100, 2042, 100, 2043, 100, 2044, 100, 2045, 100, 2046, 100, 2047, 100, 2048, 100, 2049, 100, 2050, 100) ? AMS Socioeconomic Data AEO9",%,,
Key\Energy Access\Electrification Rate,Activity Level,Baseline Simulation,Base Template,0,%,,
Key\Energy Access\Electrification Rate,Activity Level,Baseline Simulation,Brunei,"Interp(2005, 100, 2006, 100, 2007, 100, 2008, 100, 2009, 100, 2010, 100, 2011, 100, 2012, 100, 2013, 100, 2014, 100, 2015, 100, 2016, 100, 2017, 100, 2018, 100, 2019, 100, 2020, 100, 2021, 100, 2022, 100, 2023, 100, 2024, 100, 2025, 100, 2026, 100, 2027, 100, 2028, 100, 2029, 100, 2030, 100, 2031, 100, 2032, 100, 2033, 100, 2034, 100, 2035, 100, 2036, 100, 2037, 100, 2038, 100, 2039, 100, 2040, 100, 2041, 100, 2042, 100, 2043, 100, 2044, 100, 2045, 100, 2046, 100, 2047, 100, 2048, 100, 2049, 100, 2050, 100) ? AMS Socioeconomic Data AEO9",%,,
Key\Energy Access\Electrification Rate,Activity Level,Baseline Simulation,Cambodia,"Interp(2005, 11.78, 2006, 13.42, 2007, 14.83, 2008, 17.22, 2009, 18.79, 2010, 22.88, 2011, 24.17, 2012, 29.25, 2013, 38.14, 2014, 42.72, 2015, 49.37, 2016, 58.23, 2017, 68.64, 2018, 72.16, 2019, 77.87, 2020, 81.06, 2021, 86.43, 2022, 89.86, 2023, 94.05, 2024, 95.24, 2025, 85, 2030, 90) ? AMS Socioeconomic Data AEO9",%,,
Key\Energy Access\Electrification Rate,Activity Level,Baseline Simulation,Indonesia,"Interp(2005, 62.09, 2006, 63, 2007, 64.34, 2008, 66.71, 2009, 66, 2010, 67.15, 2011, 72.95, 2012, 76.56, 2013, 80.51, 2014, 84.35, 2015, 88.3, 2016, 91.16, 2017, 95.35, 2018, 98.3, 2019, 98.89, 2020, 99.2, 2021, 99.45, 2022, 99.63, 2023, 99.79, 2024, 99.83, 2029, 100, 2030, 100, 2031, 100, 2032, 100, 2033, 100, 2034, 100, 2035, 100, 2036, 100, 2037, 100, 2038, 100, 2039, 100, 2040, 100, 2041, 100, 2042, 100, 2043, 100, 2044, 100, 2045, 100, 2046, 100, 2047, 100, 2048, 100, 2049, 100, 2050, 100) ? AMS Socioeconomic Data AEO9",%,,
Key\Energy Access\Electrification Rate,Activity Level,Baseline Simulation,Laos,"Interp(2005, 57.2, 2006, 57, 2007, 55, 2008, 66, 2009, 67.4, 2010, 70.2, 2011, 70, 2012, 76.4, 2013, 79.3, 2014, 82.5, 2015, 89.7, 2016, 89, 2017, 93.6, 2018, 92.9, 2019, 98.4, 2020, 99.3, 2021, 100, 2022, 100, 2023, 96.5, 2025, 98) ? AMS Socioeconomic Data AEO9",%,,
Key\Energy Access\Electrification Rate,Activity Level,Baseline Simulation,Malaysia,"Interp(2005, 98.7, 2006, 98.8, 2007, 98.9, 2008, 99, 2009, 99.3, 2010, 99.5, 2011, 99.5, 2012, 99.8, 2013, 99.6, 2014, 99.7, 2015, 99.9, 2016, 99.9, 2017, 100, 2018, 100, 2019, 100, 2020, 100, 2021, 100, 2022, 100, 2023, 100, 2024, 100, 2025, 100, 2026, 100, 2027, 100, 2028, 100, 2029, 100, 2030, 100, 2031, 100, 2032, 100, 2033, 100, 2034, 100, 2035, 100, 2036, 100, 2037, 100, 2038, 100, 2039, 100, 2040, 100, 2041, 100, 2042, 100, 2043, 100, 2044, 100, 2045, 100, 2046, 100, 2047, 100, 2048, 100, 2049, 100, 2050, 100) ? AMS Socioeconomic Data AEO9",%,,
Key\Energy Access\Electrification Rate,Activity Level,Baseline Simulation,Myanmar,"Interp(2005, 47.3, 2006, 48.4, 2007, 49.5, 2008, 50.6, 2009, 51.8, 2010, 48.8, 2011, 54.1, 2012, 55.3, 2013, 56.5, 2014, 52, 2015, 60.5, 2016, 55.6, 2017, 69.8, 2018, 66.1, 2019, 68.3, 2020, 70.4, 2021, 72.5, 2022, 73.6, 2023, 76.8, 2030, 100, 2031, 100, 2032, 100, 2033, 100, 2034, 100, 2035, 100, 2036, 100, 2037, 100, 2038, 100, 2039, 100, 2040, 100, 2041, 100, 2042, 100, 2043, 100, 2044, 100, 2045, 100, 2046, 100, 2047, 100, 2048, 100, 2049, 100, 2050, 100) ? AMS Socioeconomic Data AEO9",%,,
Key\Energy Access\Electrification Rate,Activity Level,Baseline Simulation,Philippines,"Interp(2005,79.8,2006,80.2,2007,82,2008,83.3,2009,84.3,2010,85.5,2011,87.2,2012,87.1,2013,87.5,2014,89.8,2015,89.1,2016,92,2017,93,2018,94.2,2019,95.3,2020,96.4,2021,97.5,2022,94.8,2023,98,2024,98.4,2025,98.8,2026,99.2,2027,99.6,2028,100,2029,100,2030,100,2031,100,2032,100,2033,100,2034,100,2035,100,2036,100,2037,100,2038,100,2039,100,2040,100,2041,100,2042,100,2043,100,2044,100,2045,100,2046,100,2047,100,2048,100,2049,100,2050,100)",%,,
Key\Energy Access\Electrification Rate,Activity Level,Baseline Simulation,Singapore,"Interp(2005, 100, 2006, 100, 2007, 100, 2008, 100, 2009, 100, 2010, 100, 2011, 100, 2012, 100, 2013, 100, 2014, 100, 2015, 100, 2016, 100, 2017, 100, 2018, 100, 2019, 100, 2020, 100, 2021, 100, 2022, 100, 2023, 100, 2024, 100, 2025, 100, 2026, 100, 2027, 100, 2028, 100, 2029, 100, 2030, 100, 2031, 100, 2032, 100, 2033, 100, 2034, 100, 2035, 100, 2036, 100, 2037, 100, 2038, 100, 2039, 100, 2040, 100, 2041, 100, 2042, 100, 2043, 100, 2044, 100, 2045, 100, 2046, 100, 2047, 100, 2048, 100, 2049, 100, 2050, 100) ? AMS Socioeconomic Data AEO9",%,,
Key\Energy Access\Electrification Rate,Activity Level,Baseline Simulation,Thailand,"Interp(2005, 92.8, 2006, 99.1, 2007, 94.1, 2008, 94.8, 2009, 99, 2010, 99.7, 2011, 99.3, 2012, 99.1, 2013, 99.4, 2014, 99.5, 2015, 99.6, 2016, 99.9, 2017, 99.9, 2018, 99.8, 2019, 99.9, 2020, 100, 2021, 100, 2022, 99.9, 2023, 100, 2024, 100, 2025, 100, 2026, 100, 2027, 100, 2028, 100, 2029, 100, 2030, 100, 2031, 100, 2032, 100, 2033, 100, 2034, 100, 2035, 100, 2036, 100, 2037, 100, 2038, 100, 2039, 100, 2040, 100, 2041, 100, 2042, 100, 2043, 100, 2044, 100, 2045, 100, 2046, 100, 2047, 100, 2048, 100, 2049, 100, 2050, 100) ? AMS Socioeconomic Data AEO9",%,,
Key\Energy Access\Electrification Rate,Activity Level,Baseline Simulation,Timor Leste,"Interp(2005, 33.5, 2006, 36.7, 2007, 36.6, 2008, 43.1, 2009, 46.3, 2010, 38, 2011, 52.7, 2012, 56, 2013, 59.2, 2014, 62.4, 2015, 67.3, 2016, 76.5, 2017, 79.5, 2018, 85.2, 2019, 90.6, 2020, 96, 2021, 100, 2022, 99.7, 2023, 100) ? AMS Socioeconomic Data AEO9",%,,
Key\Energy Access\Electrification Rate,Activity Level,Baseline Simulation,Vietnam,"Interp(2005, 96.1, 2006, 96, 2007, 93.1, 2008, 93.8, 2009, 96.1, 2010, 97.4, 2011, 99, 2012, 97.9, 2013, 98.5, 2014, 99.2, 2015, 99.3, 2016, 99.2, 2017, 100, 2018, 100, 2019, 99.4, 2020, 99.8, 2021, 100, 2022, 100, 2023, 99.8, 2024, 100, 2025, 100, 2026, 100, 2027, 100, 2028, 100, 2029, 100, 2030, 100, 2031, 100, 2032, 100, 2033, 100, 2034, 100, 2035, 100, 2036, 100, 2037, 100, 2038, 100, 2039, 100, 2040, 100, 2041, 100, 2042, 100, 2043, 100, 2044, 100, 2045, 100, 2046, 100, 2047, 100, 2048, 100, 2049, 100, 2050, 100) ? AMS Socioeconomic Data AEO9",%,,
Key\Energy Access\Electrification Rate,Activity Level,Current Accounts,Base Template,0,%,,
Key\Energy Access\Electrification Rate,Activity Level,Current Accounts,Brunei,"Interp(2005, 100, 2006, 100, 2007, 100, 2008, 100, 2009, 100, 2010, 100, 2011, 100, 2012, 100, 2013, 100, 2014, 100, 2015, 100, 2016, 100, 2017, 100, 2018, 100, 2019, 100, 2020, 100, 2021, 100, 2022, 100, 2023, 100, 2024, 100, 2025, 100, 2026, 100, 2027, 100, 2028, 100, 2029, 100, 2030, 100, 2031, 100, 2032, 100, 2033, 100, 2034, 100, 2035, 100, 2036, 100, 2037, 100, 2038, 100, 2039, 100, 2040, 100, 2041, 100, 2042, 100, 2043, 100, 2044, 100, 2045, 100, 2046, 100, 2047, 100, 2048, 100, 2049, 100, 2050, 100) ? AMS Socioeconomic Data AEO9",%,,
Key\Energy Access\Electrification Rate,Activity Level,Current Accounts,Cambodia,"Interp(2005, 11.78, 2006, 13.42, 2007, 14.83, 2008, 17.22, 2009, 18.79, 2010, 22.88, 2011, 24.17, 2012, 29.25, 2013, 38.14, 2014, 42.72, 2015, 49.37, 2016, 58.23, 2017, 68.64, 2018, 72.16, 2019, 77.87, 2020, 81.06, 2021, 86.43, 2022, 89.86, 2023, 94.05, 2024, 95.24, 2025, 85, 2030, 90) ? AMS Socioeconomic Data AEO9",%,,
Key\Energy Access\Electrification Rate,Activity Level,Current Accounts,Indonesia,"Interp(2005, 62.09, 2006, 63, 2007, 64.34, 2008, 66.71, 2009, 66, 2010, 67.15, 2011, 72.95, 2012, 76.56, 2013, 80.51, 2014, 84.35, 2015, 88.3, 2016, 91.16, 2017, 95.35, 2018, 98.3, 2019, 98.89, 2020, 99.2, 2021, 99.45, 2022, 99.63, 2023, 99.79, 2024, 99.83, 2029, 100, 2030, 100, 2031, 100, 2032, 100, 2033, 100, 2034, 100, 2035, 100, 2036, 100, 2037, 100, 2038, 100, 2039, 100, 2040, 100, 2041, 100, 2042, 100, 2043, 100, 2044, 100, 2045, 100, 2046, 100, 2047, 100, 2048, 100, 2049, 100, 2050, 100) ? AMS Socioeconomic Data AEO9",%,,
Key\Energy Access\Electrification Rate,Activity Level,Current Accounts,Laos,"Interp(2005, 57.2, 2006, 57, 2007, 55, 2008, 66, 2009, 67.4, 2010, 70.2, 2011, 70, 2012, 76.4, 2013, 79.3, 2014, 82.5, 2015, 89.7, 2016, 89, 2017, 93.6, 2018, 92.9, 2019, 98.4, 2020, 99.3, 2021, 100, 2022, 100, 2023, 96.5, 2025, 98) ? AMS Socioeconomic Data AEO9",%,,
Key\Energy Access\Electrification Rate,Activity Level,Current Accounts,Malaysia,"Interp(2005, 98.7, 2006, 98.8, 2007, 98.9, 2008, 99, 2009, 99.3, 2010, 99.5, 2011, 99.5, 2012, 99.8, 2013, 99.6, 2014, 99.7, 2015, 99.9, 2016, 99.9, 2017, 100, 2018, 100, 2019, 100, 2020, 100, 2021, 100, 2022, 100, 2023, 100, 2024, 100, 2025, 100, 2026, 100, 2027, 100, 2028, 100, 2029, 100, 2030, 100, 2031, 100, 2032, 100, 2033, 100, 2034, 100, 2035, 100, 2036, 100, 2037, 100, 2038, 100, 2039, 100, 2040, 100, 2041, 100, 2042, 100, 2043, 100, 2044, 100, 2045, 100, 2046, 100, 2047, 100, 2048, 100, 2049, 100, 2050, 100) ? AMS Socioeconomic Data AEO9",%,,
Key\Energy Access\Electrification Rate,Activity Level,Current Accounts,Myanmar,"Interp(2005, 47.3, 2006, 48.4, 2007, 49.5, 2008, 50.6, 2009, 51.8, 2010, 48.8, 2011, 54.1, 2012, 55.3, 2013, 56.5, 2014, 52, 2015, 60.5, 2016, 55.6, 2017, 69.8, 2018, 66.1, 2019, 68.3, 2020, 70.4, 2021, 72.5, 2022, 73.6, 2023, 76.8, 2030, 100, 2031, 100, 2032, 100, 2033, 100, 2034, 100, 2035, 100, 2036, 100, 2037, 100, 2038, 100, 2039, 100, 2040, 100, 2041, 100, 2042, 100, 2043, 100, 2044, 100, 2045, 100, 2046, 100, 2047, 100, 2048, 100, 2049, 100, 2050, 100) ? AMS Socioeconomic Data AEO9",%,,
Key\Energy Access\Electrification Rate,Activity Level,Current Accounts,Philippines,"Interp(2005,79.8,2006,80.2,2007,82,2008,83.3,2009,84.3,2010,85.5,2011,87.2,2012,87.1,2013,87.5,2014,89.8,2015,89.1,2016,92,2017,93,2018,94.2,2019,95.3,2020,96.4,2021,97.5,2022,94.8,2023,98,2024,98.4,2025,98.8,2026,99.2,2027,99.6,2028,100,2029,100,2030,100,2031,100,2032,100,2033,100,2034,100,2035,100,2036,100,2037,100,2038,100,2039,100,2040,100,2041,100,2042,100,2043,100,2044,100,2045,100,2046,100,2047,100,2048,100,2049,100,2050,100)",%,,
Key\Energy Access\Electrification Rate,Activity Level,Current Accounts,Singapore,"Interp(2005, 100, 2006, 100, 2007, 100, 2008, 100, 2009, 100, 2010, 100, 2011, 100, 2012, 100, 2013, 100, 2014, 100, 2015, 100, 2016, 100, 2017, 100, 2018, 100, 2019, 100, 2020, 100, 2021, 100, 2022, 100, 2023, 100, 2024, 100, 2025, 100, 2026, 100, 2027, 100, 2028, 100, 2029, 100, 2030, 100, 2031, 100, 2032, 100, 2033, 100, 2034, 100, 2035, 100, 2036, 100, 2037, 100, 2038, 100, 2039, 100, 2040, 100, 2041, 100, 2042, 100, 2043, 100, 2044, 100, 2045, 100, 2046, 100, 2047, 100, 2048, 100, 2049, 100, 2050, 100) ? AMS Socioeconomic Data AEO9",%,,
Key\Energy Access\Electrification Rate,Activity Level,Current Accounts,Thailand,"Interp(2005, 92.8, 2006, 99.1, 2007, 94.1, 2008, 94.8, 2009, 99, 2010, 99.7, 2011, 99.3, 2012, 99.1, 2013, 99.4, 2014, 99.5, 2015, 99.6, 2016, 99.9, 2017, 99.9, 2018, 99.8, 2019, 99.9, 2020, 100, 2021, 100, 2022, 99.9, 2023, 100, 2024, 100, 2025, 100, 2026, 100, 2027, 100, 2028, 100, 2029, 100, 2030, 100, 2031, 100, 2032, 100, 2033, 100, 2034, 100, 2035, 100, 2036, 100, 2037, 100, 2038, 100, 2039, 100, 2040, 100, 2041, 100, 2042, 100, 2043, 100, 2044, 100, 2045, 100, 2046, 100, 2047, 100, 2048, 100, 2049, 100, 2050, 100) ? AMS Socioeconomic Data AEO9",%,,
Key\Energy Access\Electrification Rate,Activity Level,Current Accounts,Timor Leste,"Interp(2005, 33.5, 2006, 36.7, 2007, 36.6, 2008, 43.1, 2009, 46.3, 2010, 38, 2011, 52.7, 2012, 56, 2013, 59.2, 2014, 62.4, 2015, 67.3, 2016, 76.5, 2017, 79.5, 2018, 85.2, 2019, 90.6, 2020, 96, 2021, 100, 2022, 99.7, 2023, 100) ? AMS Socioeconomic Data AEO9",%,,
Key\Energy Access\Electrification Rate,Activity Level,Current Accounts,Vietnam,"Interp(2005, 96.1, 2006, 96, 2007, 93.1, 2008, 93.8, 2009, 96.1, 2010, 97.4, 2011, 99, 2012, 97.9, 2013, 98.5, 2014, 99.2, 2015, 99.3, 2016, 99.2, 2017, 100, 2018, 100, 2019, 99.4, 2020, 99.8, 2021, 100, 2022, 100, 2023, 99.8, 2024, 100, 2025, 100, 2026, 100, 2027, 100, 2028, 100, 2029, 100, 2030, 100, 2031, 100, 2032, 100, 2033, 100, 2034, 100, 2035, 100, 2036, 100, 2037, 100, 2038, 100, 2039, 100, 2040, 100, 2041, 100, 2042, 100, 2043, 100, 2044, 100, 2045, 100, 2046, 100, 2047, 100, 2048, 100, 2049, 100, 2050, 100) ? AMS Socioeconomic Data AEO9",%,,
Key\Energy Access\Electrification Rate,Activity Level,Regional Aspiration Scenario,Base Template,0,%,,
Key\Energy Access\Electrification Rate,Activity Level,Regional Aspiration Scenario,Brunei,"Interp(2005, 100, 2006, 100, 2007, 100, 2008, 100, 2009, 100, 2010, 100, 2011, 100, 2012, 100, 2013, 100, 2014, 100, 2015, 100, 2016, 100, 2017, 100, 2018, 100, 2019, 100, 2020, 100, 2021, 100, 2022, 100, 2023, 100, 2024, 100, 2025, 100, 2026, 100, 2027, 100, 2028, 100, 2029, 100, 2030, 100, 2031, 100, 2032, 100, 2033, 100, 2034, 100, 2035, 100, 2036, 100, 2037, 100, 2038, 100, 2039, 100, 2040, 100, 2041, 100, 2042, 100, 2043, 100, 2044, 100, 2045, 100, 2046, 100, 2047, 100, 2048, 100, 2049, 100, 2050, 100) ? AMS Socioeconomic Data AEO9",%,,
Key\Energy Access\Electrification Rate,Activity Level,Regional Aspiration Scenario,Cambodia,"Interp(2005, 11.78, 2006, 13.42, 2007, 14.83, 2008, 17.22, 2009, 18.79, 2010, 22.88, 2011, 24.17, 2012, 29.25, 2013, 38.14, 2014, 42.72, 2015, 49.37, 2016, 58.23, 2017, 68.64, 2018, 72.16, 2019, 77.87, 2020, 81.06, 2021, 86.43, 2022, 88.41, 2023, 94.02, 2030, 100) ?_x000D_
_x000D_
MME feedback on AEO8 draft_x000D_
All - 2023 - 94.02%_x000D_
Baseline assumption - 2030 - 98.27%_x000D_
Other scenarios - 2030 - 100%",%,,
Key\Energy Access\Electrification Rate,Activity Level,Regional Aspiration Scenario,Indonesia,"Interp(2006, 63.00, 2007, 64.34, 2008, 66.71, 2009, 66.00, 2010, 67.15, 2011, 72.95, 2012, 76.56, 2013, 80.51, 2014, 84.35, 2015, 88.30, 2016, 91.16, 2017, 95.35, 2018, 98.30, 2019, 98.89, 2020, 99.20, 2021, 99.45, 2022, 99.63, 2023, 99.79, 2024, 99.89, 2025, 100.00) ? Historical: HEESI; Projection: SEA Energy Outlook 2022 by IEA; AEO8 CV",%,,
Key\Energy Access\Electrification Rate,Activity Level,Regional Aspiration Scenario,Laos,"Interp(2005, 48.3, 2006, 50.87, 2007, 56.24, 2008, 61.76, 2009, 69.25, 2010, 72.98, 2011, 78.29, 2012, 82.25, 2013, 87.34, 2014, 88.7, 2015, 90.51, 2016, 92.05, 2017, 92.46, 2018, 93.79, 2019, 94.02, 2020, 94.29, 2021, 94.65, 2022, 95.32, 2025, 98) ? Historical: Country Consultation (EDL), Projection: Lao PDR's Energy Sector Assessment, Strategy, and Road Map, ADB (p.48); AEO8 ATS assumption",%,,
Key\Energy Access\Electrification Rate,Activity Level,Regional Aspiration Scenario,Malaysia,"Interp(2005, 98.7, 2006, 98.8, 2007, 98.9, 2008, 99, 2009, 99.3, 2010, 99.5, 2011, 99.5, 2012, 99.8, 2013, 99.6, 2014, 99.7, 2015, 99.9, 2016, 99.9, 2017, 100, 2018, 100, 2019, 100, 2020, 100, 2021, 100, 2022, 100, 2023, 100, 2024, 100, 2025, 100, 2026, 100, 2027, 100, 2028, 100, 2029, 100, 2030, 100, 2031, 100, 2032, 100, 2033, 100, 2034, 100, 2035, 100, 2036, 100, 2037, 100, 2038, 100, 2039, 100, 2040, 100, 2041, 100, 2042, 100, 2043, 100, 2044, 100, 2045, 100, 2046, 100, 2047, 100, 2048, 100, 2049, 100, 2050, 100) ? AMS Socioeconomic Data AEO9",%,,
Key\Energy Access\Electrification Rate,Activity Level,Regional Aspiration Scenario,Myanmar,"Interp(2005, 23.2, 2006, 23.2, 2007, 23.2, 2008, 23.2, 2009, 23.2, 2010, 25, 2011, 27, 2012, 29, 2014, 31, 2016, 32, 2017, 42, 2018, 44, 2019, 50, 2020, 70.42, 2021, 72.47, 2025, 75, 2030, 100) ? Historical: AEO7 Country Consultation, 2009 & 2012 = National Energy Policy 2014 (p.14, 19), 2014 = Myanmar Energy Master Plan 2015 (p.iv), 2020 & 2021 = WDI; Projection: 2025 = https://www.iea.org/policies/6287-myanmar-national-electrification-project-nep, 2030 = National Energy Policy 2014 (p.14) ; AEO8 ATS assumption",%,,
Key\Energy Access\Electrification Rate,Activity Level,Regional Aspiration Scenario,Philippines,"Interp(2005, 80.04, 2006, 81.03, 2007, 82.03, 2008, 83.3, 2009, 84.06, 2010, 79.74, 2011, 80.33, 2012, 83.75, 2013, 86.29, 2014, 87.92, 2015, 89.62, 2016, 90.65, 2017, 91.09, 2018, 96.12, 2019, 92.96, 2020, 94.5, 2021, 95.41, 2022, 96.17, 2028, 100) ? country consultation; AEO8 ATS assumption",%,,
Key\Energy Access\Electrification Rate,Activity Level,Regional Aspiration Scenario,Singapore,"Interp(2005, 100, 2006, 100, 2007, 100, 2008, 100, 2009, 100, 2010, 100, 2011, 100, 2012, 100, 2013, 100, 2014, 100, 2015, 100, 2016, 100, 2017, 100, 2018, 100, 2019, 100, 2020, 100, 2021, 100, 2022, 100, 2023, 100, 2024, 100, 2025, 100, 2026, 100, 2027, 100, 2028, 100, 2029, 100, 2030, 100, 2031, 100, 2032, 100, 2033, 100, 2034, 100, 2035, 100, 2036, 100, 2037, 100, 2038, 100, 2039, 100, 2040, 100, 2041, 100, 2042, 100, 2043, 100, 2044, 100, 2045, 100, 2046, 100, 2047, 100, 2048, 100, 2049, 100, 2050, 100) ? AMS Socioeconomic Data AEO9",%,,
Key\Energy Access\Electrification Rate,Activity Level,Regional Aspiration Scenario,Thailand,"Interp(2005, 92.8, 2006, 99.1, 2007, 94.1, 2008, 94.8, 2009, 99, 2010, 99.7, 2011, 99.3, 2012, 99.1, 2013, 99.4, 2014, 99.5, 2015, 99.6, 2016, 99.9, 2017, 99.9, 2018, 99.8, 2019, 99.9, 2020, 100, 2021, 100, 2022, 99.9, 2023, 100, 2024, 100, 2025, 100, 2026, 100, 2027, 100, 2028, 100, 2029, 100, 2030, 100, 2031, 100, 2032, 100, 2033, 100, 2034, 100, 2035, 100, 2036, 100, 2037, 100, 2038, 100, 2039, 100, 2040, 100, 2041, 100, 2042, 100, 2043, 100, 2044, 100, 2045, 100, 2046, 100, 2047, 100, 2048, 100, 2049, 100, 2050, 100) ? AMS Socioeconomic Data AEO9",%,,
Key\Energy Access\Electrification Rate,Activity Level,Regional Aspiration Scenario,Timor Leste,"Interp(2005, 33.5, 2006, 36.7, 2007, 36.6, 2008, 43.1, 2009, 46.3, 2010, 38, 2011, 52.7, 2012, 56, 2013, 59.2, 2014, 62.4, 2015, 67.3, 2016, 76.5, 2017, 79.5, 2018, 85.2, 2019, 90.6, 2020, 96, 2021, 100, 2022, 99.7, 2023, 100) ? AMS Socioeconomic Data AEO9",%,,
Key\Energy Access\Electrification Rate,Activity Level,Regional Aspiration Scenario,Vietnam,"Interp(2005, 96.1, 2006, 96, 2007, 93.1, 2008, 93.8, 2009, 96.1, 2010, 97.4, 2011, 99, 2012, 97.9, 2013, 98.5, 2014, 99.2, 2015, 99.3, 2016, 99.2, 2017, 100, 2018, 100, 2019, 99.4, 2020, 99.8, 2021, 100, 2022, 100, 2023, 99.8, 2024, 100, 2025, 100, 2026, 100, 2027, 100, 2028, 100, 2029, 100, 2030, 100, 2031, 100, 2032, 100, 2033, 100, 2034, 100, 2035, 100, 2036, 100, 2037, 100, 2038, 100, 2039, 100, 2040, 100, 2041, 100, 2042, 100, 2043, 100, 2044, 100, 2045, 100, 2046, 100, 2047, 100, 2048, 100, 2049, 100, 2050, 100) ? AMS Socioeconomic Data AEO9",%,,
Key\Industry\Appliances_share\Chemical,Activity Level,AMS Target Scenario,ALL (12 regions),"Data(2005,0.117847522613,2006,0.117847522613,2007,0.117847522613,2008,0.117847522613,2009,0.117847522613,2010,0.117847522613,2011,0.117847522613,2012,0.117847522613,2013,0.117847522613,2014,0.117847522613,2015,0.117847522613,2016,0.117847522613,2017,0.117847522613,2018,0.117847522613,2019,0.117847522613,2020,0.139140899899,2021,0.15066600425,2022,0.106071914769,2023,0.130115495917,2024,0.132925083464,2025,0.134364352556,2026,0.133113672814,2027,0.129307800223,2028,0.124507369967,2029,0.11919837866,2030,0.11389013364,2031,0.11048462042,2032,0.106935204853,2033,0.103278107056,2034,0.0994390387501,2035,0.0958600806366,2036,0.0940294018028,2037,0.0923869668995,2038,0.0908863033361,2039,0.0895265255497,2040,0.0883080087013,2041,0.0872356085127,2042,0.0863104315053,2043,0.0855328047696,2044,0.0848652349336,2045,0.0843335002062,2046,0.0833233459068,2047,0.0823386800245,2048,0.0811579371751,2049,0.0799292815807,2050,0.0787574132095,2051,0.0773627668296,2052,0.0759669526486,2053,0.0750750101476,2054,0.0742002250399,2055,0.0733391629039,2056,0.0719434388813,2057,0.070441694787,2058,0.0688329017371,2059,0.0671201840407,2060,0.0653073476166)",Fraction,,
Key\Industry\Appliances_share\Chemical,Activity Level,Baseline Simulation,ALL (12 regions),"Data(2005,0.117847522613,2006,0.117847522613,2007,0.117847522613,2008,0.117847522613,2009,0.117847522613,2010,0.117847522613,2011,0.117847522613,2012,0.117847522613,2013,0.117847522613,2014,0.117847522613,2015,0.117847522613,2016,0.117847522613,2017,0.117847522613,2018,0.117847522613,2019,0.117847522613,2020,0.139140899899,2021,0.15066600425,2022,0.106071914769,2023,0.130115495917,2024,0.132925083464,2025,0.134364352556,2026,0.133113672814,2027,0.129307800223,2028,0.124507369967,2029,0.11919837866,2030,0.11389013364,2031,0.11048462042,2032,0.106935204853,2033,0.103278107056,2034,0.0994390387501,2035,0.0958600806366,2036,0.0940294018028,2037,0.0923869668995,2038,0.0908863033361,2039,0.0895265255497,2040,0.0883080087013,2041,0.0872356085127,2042,0.0863104315053,2043,0.0855328047696,2044,0.0848652349336,2045,0.0843335002062,2046,0.0833233459068,2047,0.0823386800245,2048,0.0811579371751,2049,0.0799292815807,2050,0.0787574132095,2051,0.0773627668296,2052,0.0759669526486,2053,0.0750750101476,2054,0.0742002250399,2055,0.0733391629039,2056,0.0719434388813,2057,0.070441694787,2058,0.0688329017371,2059,0.0671201840407,2060,0.0653073476166)",Fraction,,
Key\Industry\Appliances_share\Chemical,Activity Level,Current Accounts,ALL (12 regions),"Data(2005,0.117847522613,2006,0.117847522613,2007,0.117847522613,2008,0.117847522613,2009,0.117847522613,2010,0.117847522613,2011,0.117847522613,2012,0.117847522613,2013,0.117847522613,2014,0.117847522613,2015,0.117847522613,2016,0.117847522613,2017,0.117847522613,2018,0.117847522613,2019,0.117847522613,2020,0.139140899899,2021,0.15066600425,2022,0.106071914769,2023,0.130115495917,2024,0.132925083464,2025,0.134364352556,2026,0.133113672814,2027,0.129307800223,2028,0.124507369967,2029,0.11919837866,2030,0.11389013364,2031,0.11048462042,2032,0.106935204853,2033,0.103278107056,2034,0.0994390387501,2035,0.0958600806366,2036,0.0940294018028,2037,0.0923869668995,2038,0.0908863033361,2039,0.0895265255497,2040,0.0883080087013,2041,0.0872356085127,2042,0.0863104315053,2043,0.0855328047696,2044,0.0848652349336,2045,0.0843335002062,2046,0.0833233459068,2047,0.0823386800245,2048,0.0811579371751,2049,0.0799292815807,2050,0.0787574132095,2051,0.0773627668296,2052,0.0759669526486,2053,0.0750750101476,2054,0.0742002250399,2055,0.0733391629039,2056,0.0719434388813,2057,0.070441694787,2058,0.0688329017371,2059,0.0671201840407,2060,0.0653073476166)",Fraction,,
Key\Industry\Appliances_share\Chemical,Activity Level,Regional Aspiration Scenario,ALL (12 regions),"Data(2005,0.117847522613,2006,0.117847522613,2007,0.117847522613,2008,0.117847522613,2009,0.117847522613,2010,0.117847522613,2011,0.117847522613,2012,0.117847522613,2013,0.117847522613,2014,0.117847522613,2015,0.117847522613,2016,0.117847522613,2017,0.117847522613,2018,0.117847522613,2019,0.117847522613,2020,0.139140899899,2021,0.15066600425,2022,0.106071914769,2023,0.130115495917,2024,0.132925083464,2025,0.134364352556,2026,0.133113672814,2027,0.129307800223,2028,0.124507369967,2029,0.11919837866,2030,0.11389013364,2031,0.11048462042,2032,0.106935204853,2033,0.103278107056,2034,0.0994390387501,2035,0.0958600806366,2036,0.0940294018028,2037,0.0923869668995,2038,0.0908863033361,2039,0.0895265255497,2040,0.0883080087013,2041,0.0872356085127,2042,0.0863104315053,2043,0.0855328047696,2044,0.0848652349336,2045,0.0843335002062,2046,0.0833233459068,2047,0.0823386800245,2048,0.0811579371751,2049,0.0799292815807,2050,0.0787574132095,2051,0.0773627668296,2052,0.0759669526486,2053,0.0750750101476,2054,0.0742002250399,2055,0.0733391629039,2056,0.0719434388813,2057,0.070441694787,2058,0.0688329017371,2059,0.0671201840407,2060,0.0653073476166)",Fraction,,
Key\Industry\Appliances_share\Construction,Activity Level,AMS Target Scenario,ALL (12 regions),"Data(2005,0.791315796763,2006,0.791315796763,2007,0.791315796763,2008,0.791315796763,2009,0.791315796763,2010,0.791315796763,2011,0.791315796763,2012,0.791315796763,2013,0.791315796763,2014,0.791315796763,2015,0.791315796763,2016,0.791315796763,2017,0.791315796763,2018,0.791315796763,2019,0.791315796763,2020,0.734491675701,2021,0.763924619855,2022,0.819450141528,2023,1.10681529656,2024,1.12822397528,2025,1.13813520092,2026,1.12545527272,2027,1.09143217323,2028,1.04928557981,2029,1.00312438014,2030,0.957217017337,2031,0.925516692262,2032,0.892838323181,2033,0.859480303837,2034,0.824811401634,2035,0.792496195658,2036,0.778842684396,2037,0.766790132173,2038,0.755969101133,2039,0.746362617041,2040,0.737983647737,2041,0.730878386297,2042,0.725062814341,2043,0.72055605494,2044,0.717041859554,2045,0.714756140242,2046,0.707944890498,2047,0.701376055764,2048,0.693187033327,2049,0.684610697085,2050,0.676545509132,2051,0.666814662314,2052,0.657085993178,2053,0.651672357666,2054,0.646447153721,2055,0.64138061073,2056,0.631667609269,2057,0.621001866498,2058,0.609357845438,2059,0.596762111276,2060,0.583225947386)",Fraction,,
Key\Industry\Appliances_share\Construction,Activity Level,Baseline Simulation,ALL (12 regions),"Data(2005,0.791315796763,2006,0.791315796763,2007,0.791315796763,2008,0.791315796763,2009,0.791315796763,2010,0.791315796763,2011,0.791315796763,2012,0.791315796763,2013,0.791315796763,2014,0.791315796763,2015,0.791315796763,2016,0.791315796763,2017,0.791315796763,2018,0.791315796763,2019,0.791315796763,2020,0.734491675701,2021,0.763924619855,2022,0.819450141528,2023,1.10681529656,2024,1.12822397528,2025,1.13813520092,2026,1.12545527272,2027,1.09143217323,2028,1.04928557981,2029,1.00312438014,2030,0.957217017337,2031,0.925516692262,2032,0.892838323181,2033,0.859480303837,2034,0.824811401634,2035,0.792496195658,2036,0.778842684396,2037,0.766790132173,2038,0.755969101133,2039,0.746362617041,2040,0.737983647737,2041,0.730878386297,2042,0.725062814341,2043,0.72055605494,2044,0.717041859554,2045,0.714756140242,2046,0.707944890498,2047,0.701376055764,2048,0.693187033327,2049,0.684610697085,2050,0.676545509132,2051,0.666814662314,2052,0.657085993178,2053,0.651672357666,2054,0.646447153721,2055,0.64138061073,2056,0.631667609269,2057,0.621001866498,2058,0.609357845438,2059,0.596762111276,2060,0.583225947386)",Fraction,,
Key\Industry\Appliances_share\Construction,Activity Level,Current Accounts,ALL (12 regions),"Data(2005,0.791315796763,2006,0.791315796763,2007,0.791315796763,2008,0.791315796763,2009,0.791315796763,2010,0.791315796763,2011,0.791315796763,2012,0.791315796763,2013,0.791315796763,2014,0.791315796763,2015,0.791315796763,2016,0.791315796763,2017,0.791315796763,2018,0.791315796763,2019,0.791315796763,2020,0.734491675701,2021,0.763924619855,2022,0.819450141528,2023,1.10681529656,2024,1.12822397528,2025,1.13813520092,2026,1.12545527272,2027,1.09143217323,2028,1.04928557981,2029,1.00312438014,2030,0.957217017337,2031,0.925516692262,2032,0.892838323181,2033,0.859480303837,2034,0.824811401634,2035,0.792496195658,2036,0.778842684396,2037,0.766790132173,2038,0.755969101133,2039,0.746362617041,2040,0.737983647737,2041,0.730878386297,2042,0.725062814341,2043,0.72055605494,2044,0.717041859554,2045,0.714756140242,2046,0.707944890498,2047,0.701376055764,2048,0.693187033327,2049,0.684610697085,2050,0.676545509132,2051,0.666814662314,2052,0.657085993178,2053,0.651672357666,2054,0.646447153721,2055,0.64138061073,2056,0.631667609269,2057,0.621001866498,2058,0.609357845438,2059,0.596762111276,2060,0.583225947386)",Fraction,,
Key\Industry\Appliances_share\Construction,Activity Level,Regional Aspiration Scenario,ALL (12 regions),"Data(2005,0.791315796763,2006,0.791315796763,2007,0.791315796763,2008,0.791315796763,2009,0.791315796763,2010,0.791315796763,2011,0.791315796763,2012,0.791315796763,2013,0.791315796763,2014,0.791315796763,2015,0.791315796763,2016,0.791315796763,2017,0.791315796763,2018,0.791315796763,2019,0.791315796763,2020,0.734491675701,2021,0.763924619855,2022,0.819450141528,2023,1.10681529656,2024,1.12822397528,2025,1.13813520092,2026,1.12545527272,2027,1.09143217323,2028,1.04928557981,2029,1.00312438014,2030,0.957217017337,2031,0.925516692262,2032,0.892838323181,2033,0.859480303837,2034,0.824811401634,2035,0.792496195658,2036,0.778842684396,2037,0.766790132173,2038,0.755969101133,2039,0.746362617041,2040,0.737983647737,2041,0.730878386297,2042,0.725062814341,2043,0.72055605494,2044,0.717041859554,2045,0.714756140242,2046,0.707944890498,2047,0.701376055764,2048,0.693187033327,2049,0.684610697085,2050,0.676545509132,2051,0.666814662314,2052,0.657085993178,2053,0.651672357666,2054,0.646447153721,2055,0.64138061073,2056,0.631667609269,2057,0.621001866498,2058,0.609357845438,2059,0.596762111276,2060,0.583225947386)",Fraction,,
Key\Industry\Appliances_share\Food Beverages and Tobacco,Activity Level,AMS Target Scenario,ALL (12 regions),"Data(2005,0.49014174167,2006,0.49014174167,2007,0.49014174167,2008,0.49014174167,2009,0.49014174167,2010,0.49014174167,2011,0.49014174167,2012,0.49014174167,2013,0.49014174167,2014,0.49014174167,2015,0.49014174167,2016,0.49014174167,2017,0.49014174167,2018,0.49014174167,2019,0.49014174167,2020,0.548500698341,2021,0.572501648196,2022,0.419082588199,2023,0.606175944482,2024,0.614399939739,2025,0.61669532138,2026,0.607156476843,2027,0.586572901839,2028,0.562110055258,2029,0.535939653033,2030,0.510298355268,2031,0.493570141948,2032,0.476583483749,2033,0.459456710777,2034,0.441808551759,2035,0.425565115865,2036,0.416111929464,2037,0.407676071198,2038,0.400028353317,2039,0.393141053671,2040,0.386992000264,2041,0.381589260786,2042,0.376919630077,2043,0.37297128048,2044,0.369566501835,2045,0.366807995256,2046,0.36222618015,2047,0.357755116087,2048,0.35261138751,2049,0.347371968446,2050,0.342429228947,2051,0.336548980297,2052,0.330701715907,2053,0.326600939977,2054,0.322570800982,2055,0.318600646297,2056,0.312341924656,2057,0.305576590546,2058,0.298306544099,2059,0.290557415539,2060,0.282344079487)",Fraction,,
Key\Industry\Appliances_share\Food Beverages and Tobacco,Activity Level,Baseline Simulation,ALL (12 regions),"Data(2005,0.49014174167,2006,0.49014174167,2007,0.49014174167,2008,0.49014174167,2009,0.49014174167,2010,0.49014174167,2011,0.49014174167,2012,0.49014174167,2013,0.49014174167,2014,0.49014174167,2015,0.49014174167,2016,0.49014174167,2017,0.49014174167,2018,0.49014174167,2019,0.49014174167,2020,0.548500698341,2021,0.572501648196,2022,0.419082588199,2023,0.606175944482,2024,0.614399939739,2025,0.61669532138,2026,0.607156476843,2027,0.586572901839,2028,0.562110055258,2029,0.535939653033,2030,0.510298355268,2031,0.493570141948,2032,0.476583483749,2033,0.459456710777,2034,0.441808551759,2035,0.425565115865,2036,0.416111929464,2037,0.407676071198,2038,0.400028353317,2039,0.393141053671,2040,0.386992000264,2041,0.381589260786,2042,0.376919630077,2043,0.37297128048,2044,0.369566501835,2045,0.366807995256,2046,0.36222618015,2047,0.357755116087,2048,0.35261138751,2049,0.347371968446,2050,0.342429228947,2051,0.336548980297,2052,0.330701715907,2053,0.326600939977,2054,0.322570800982,2055,0.318600646297,2056,0.312341924656,2057,0.305576590546,2058,0.298306544099,2059,0.290557415539,2060,0.282344079487)",Fraction,,
Key\Industry\Appliances_share\Food Beverages and Tobacco,Activity Level,Current Accounts,ALL (12 regions),"Data(2005,0.49014174167,2006,0.49014174167,2007,0.49014174167,2008,0.49014174167,2009,0.49014174167,2010,0.49014174167,2011,0.49014174167,2012,0.49014174167,2013,0.49014174167,2014,0.49014174167,2015,0.49014174167,2016,0.49014174167,2017,0.49014174167,2018,0.49014174167,2019,0.49014174167,2020,0.548500698341,2021,0.572501648196,2022,0.419082588199,2023,0.606175944482,2024,0.614399939739,2025,0.61669532138,2026,0.607156476843,2027,0.586572901839,2028,0.562110055258,2029,0.535939653033,2030,0.510298355268,2031,0.493570141948,2032,0.476583483749,2033,0.459456710777,2034,0.441808551759,2035,0.425565115865,2036,0.416111929464,2037,0.407676071198,2038,0.400028353317,2039,0.393141053671,2040,0.386992000264,2041,0.381589260786,2042,0.376919630077,2043,0.37297128048,2044,0.369566501835,2045,0.366807995256,2046,0.36222618015,2047,0.357755116087,2048,0.35261138751,2049,0.347371968446,2050,0.342429228947,2051,0.336548980297,2052,0.330701715907,2053,0.326600939977,2054,0.322570800982,2055,0.318600646297,2056,0.312341924656,2057,0.305576590546,2058,0.298306544099,2059,0.290557415539,2060,0.282344079487)",Fraction,,
Key\Industry\Appliances_share\Food Beverages and Tobacco,Activity Level,Regional Aspiration Scenario,ALL (12 regions),"Data(2005,0.49014174167,2006,0.49014174167,2007,0.49014174167,2008,0.49014174167,2009,0.49014174167,2010,0.49014174167,2011,0.49014174167,2012,0.49014174167,2013,0.49014174167,2014,0.49014174167,2015,0.49014174167,2016,0.49014174167,2017,0.49014174167,2018,0.49014174167,2019,0.49014174167,2020,0.548500698341,2021,0.572501648196,2022,0.419082588199,2023,0.606175944482,2024,0.614399939739,2025,0.61669532138,2026,0.607156476843,2027,0.586572901839,2028,0.562110055258,2029,0.535939653033,2030,0.510298355268,2031,0.493570141948,2032,0.476583483749,2033,0.459456710777,2034,0.441808551759,2035,0.425565115865,2036,0.416111929464,2037,0.407676071198,2038,0.400028353317,2039,0.393141053671,2040,0.386992000264,2041,0.381589260786,2042,0.376919630077,2043,0.37297128048,2044,0.369566501835,2045,0.366807995256,2046,0.36222618015,2047,0.357755116087,2048,0.35261138751,2049,0.347371968446,2050,0.342429228947,2051,0.336548980297,2052,0.330701715907,2053,0.326600939977,2054,0.322570800982,2055,0.318600646297,2056,0.312341924656,2057,0.305576590546,2058,0.298306544099,2059,0.290557415539,2060,0.282344079487)",Fraction,,
Key\Industry\Appliances_share\Iron and Steel,Activity Level,AMS Target Scenario,ALL (12 regions),"Data(2005,0.0429602068682,2006,0.0429602068682,2007,0.0429602068682,2008,0.0429602068682,2009,0.0429602068682,2010,0.0429602068682,2011,0.0429602068682,2012,0.0429602068682,2013,0.0429602068682,2014,0.0429602068682,2015,0.0429602068682,2016,0.0429602068682,2017,0.0429602068682,2018,0.0429602068682,2019,0.0429602068682,2020,0.0608413488179,2021,0.0780534630019,2022,0.0446757299933,2023,0.0609246194516,2024,0.0619292789925,2025,0.0623150358505,2026,0.0614800110547,2027,0.0594996673205,2028,0.0570979271479,2029,0.0544982519976,2030,0.0519303590379,2031,0.0503100128955,2032,0.0486425714969,2033,0.046941043479,2034,0.0451695996074,2035,0.0435274039722,2036,0.0426286622949,2037,0.0418229954337,2038,0.0410876847376,2039,0.0404211989701,2040,0.0398229789126,2041,0.0392942691606,2042,0.0388349733737,2043,0.0384435655772,2044,0.038102800522,2045,0.0378239067351,2046,0.0373308024376,2047,0.0368487602305,2048,0.036285550848,2049,0.035703530392,2050,0.0351484610736,2051,0.0344894306883,2052,0.0338306113082,2053,0.0333794510376,2054,0.0329346479249,2055,0.0324946089497,2056,0.0318126318391,2057,0.0310827524997,2058,0.030306130297,2059,0.0294847074116,2060,0.0286201669365)",Fraction,,
Key\Industry\Appliances_share\Iron and Steel,Activity Level,Baseline Simulation,ALL (12 regions),"Data(2005,0.0429602068682,2006,0.0429602068682,2007,0.0429602068682,2008,0.0429602068682,2009,0.0429602068682,2010,0.0429602068682,2011,0.0429602068682,2012,0.0429602068682,2013,0.0429602068682,2014,0.0429602068682,2015,0.0429602068682,2016,0.0429602068682,2017,0.0429602068682,2018,0.0429602068682,2019,0.0429602068682,2020,0.0608413488179,2021,0.0780534630019,2022,0.0446757299933,2023,0.0609246194516,2024,0.0619292789925,2025,0.0623150358505,2026,0.0614800110547,2027,0.0594996673205,2028,0.0570979271479,2029,0.0544982519976,2030,0.0519303590379,2031,0.0503100128955,2032,0.0486425714969,2033,0.046941043479,2034,0.0451695996074,2035,0.0435274039722,2036,0.0426286622949,2037,0.0418229954337,2038,0.0410876847376,2039,0.0404211989701,2040,0.0398229789126,2041,0.0392942691606,2042,0.0388349733737,2043,0.0384435655772,2044,0.038102800522,2045,0.0378239067351,2046,0.0373308024376,2047,0.0368487602305,2048,0.036285550848,2049,0.035703530392,2050,0.0351484610736,2051,0.0344894306883,2052,0.0338306113082,2053,0.0333794510376,2054,0.0329346479249,2055,0.0324946089497,2056,0.0318126318391,2057,0.0310827524997,2058,0.030306130297,2059,0.0294847074116,2060,0.0286201669365)",Fraction,,
Key\Industry\Appliances_share\Iron and Steel,Activity Level,Current Accounts,ALL (12 regions),"Data(2005,0.0429602068682,2006,0.0429602068682,2007,0.0429602068682,2008,0.0429602068682,2009,0.0429602068682,2010,0.0429602068682,2011,0.0429602068682,2012,0.0429602068682,2013,0.0429602068682,2014,0.0429602068682,2015,0.0429602068682,2016,0.0429602068682,2017,0.0429602068682,2018,0.0429602068682,2019,0.0429602068682,2020,0.0608413488179,2021,0.0780534630019,2022,0.0446757299933,2023,0.0609246194516,2024,0.0619292789925,2025,0.0623150358505,2026,0.0614800110547,2027,0.0594996673205,2028,0.0570979271479,2029,0.0544982519976,2030,0.0519303590379,2031,0.0503100128955,2032,0.0486425714969,2033,0.046941043479,2034,0.0451695996074,2035,0.0435274039722,2036,0.0426286622949,2037,0.0418229954337,2038,0.0410876847376,2039,0.0404211989701,2040,0.0398229789126,2041,0.0392942691606,2042,0.0388349733737,2043,0.0384435655772,2044,0.038102800522,2045,0.0378239067351,2046,0.0373308024376,2047,0.0368487602305,2048,0.036285550848,2049,0.035703530392,2050,0.0351484610736,2051,0.0344894306883,2052,0.0338306113082,2053,0.0333794510376,2054,0.0329346479249,2055,0.0324946089497,2056,0.0318126318391,2057,0.0310827524997,2058,0.030306130297,2059,0.0294847074116,2060,0.0286201669365)",Fraction,,
Key\Industry\Appliances_share\Iron and Steel,Activity Level,Regional Aspiration Scenario,ALL (12 regions),"Data(2005,0.0429602068682,2006,0.0429602068682,2007,0.0429602068682,2008,0.0429602068682,2009,0.0429602068682,2010,0.0429602068682,2011,0.0429602068682,2012,0.0429602068682,2013,0.0429602068682,2014,0.0429602068682,2015,0.0429602068682,2016,0.0429602068682,2017,0.0429602068682,2018,0.0429602068682,2019,0.0429602068682,2020,0.0608413488179,2021,0.0780534630019,2022,0.0446757299933,2023,0.0609246194516,2024,0.0619292789925,2025,0.0623150358505,2026,0.0614800110547,2027,0.0594996673205,2028,0.0570979271479,2029,0.0544982519976,2030,0.0519303590379,2031,0.0503100128955,2032,0.0486425714969,2033,0.046941043479,2034,0.0451695996074,2035,0.0435274039722,2036,0.0426286622949,2037,0.0418229954337,2038,0.0410876847376,2039,0.0404211989701,2040,0.0398229789126,2041,0.0392942691606,2042,0.0388349733737,2043,0.0384435655772,2044,0.038102800522,2045,0.0378239067351,2046,0.0373308024376,2047,0.0368487602305,2048,0.036285550848,2049,0.035703530392,2050,0.0351484610736,2051,0.0344894306883,2052,0.0338306113082,2053,0.0333794510376,2054,0.0329346479249,2055,0.0324946089497,2056,0.0318126318391,2057,0.0310827524997,2058,0.030306130297,2059,0.0294847074116,2060,0.0286201669365)",Fraction,,
Key\Industry\Appliances_share\Non Metallic Minerals,Activity Level,AMS Target Scenario,ALL (12 regions),"Data(2005,0.0291147222622,2006,0.0291147222622,2007,0.0291147222622,2008,0.0291147222622,2009,0.0291147222622,2010,0.0291147222622,2011,0.0291147222622,2012,0.0291147222622,2013,0.0291147222622,2014,0.0291147222622,2015,0.0291147222622,2016,0.0291147222622,2017,0.0291147222622,2018,0.0291147222622,2019,0.0291147222622,2020,0.0347763578067,2021,0.0396214018931,2022,0.0187601080914,2023,0.0223518961223,2024,0.0229834528975,2025,0.0233702688123,2026,0.0232772491119,2027,0.0227223554928,2028,0.0219760201889,2029,0.021122269438,2030,0.0202540796191,2031,0.019729739859,2032,0.019168271684,2033,0.0185765035873,2034,0.017942357533,2035,0.0173460185608,2036,0.0170527282278,2037,0.0167885232122,2038,0.0165451326839,2039,0.0163223718259,2040,0.0161220566641,2041,0.0159444800721,2042,0.0157908283196,2043,0.0156610087638,2044,0.0155490407359,2045,0.0154593817526,2046,0.0152791217407,2047,0.0151037983715,2048,0.0148848973491,2049,0.0146528130377,2050,0.0144282068513,2051,0.0141597198115,2052,0.0138884218559,2053,0.0137268014057,2054,0.0135681250902,2055,0.0134121091051,2056,0.0131582207027,2057,0.0128863297134,2058,0.0125967619719,2059,0.0122894651106,2060,0.0119648370927)",Fraction,,
Key\Industry\Appliances_share\Non Metallic Minerals,Activity Level,Baseline Simulation,ALL (12 regions),"Data(2005,0.0291147222622,2006,0.0291147222622,2007,0.0291147222622,2008,0.0291147222622,2009,0.0291147222622,2010,0.0291147222622,2011,0.0291147222622,2012,0.0291147222622,2013,0.0291147222622,2014,0.0291147222622,2015,0.0291147222622,2016,0.0291147222622,2017,0.0291147222622,2018,0.0291147222622,2019,0.0291147222622,2020,0.0347763578067,2021,0.0396214018931,2022,0.0187601080914,2023,0.0223518961223,2024,0.0229834528975,2025,0.0233702688123,2026,0.0232772491119,2027,0.0227223554928,2028,0.0219760201889,2029,0.021122269438,2030,0.0202540796191,2031,0.019729739859,2032,0.019168271684,2033,0.0185765035873,2034,0.017942357533,2035,0.0173460185608,2036,0.0170527282278,2037,0.0167885232122,2038,0.0165451326839,2039,0.0163223718259,2040,0.0161220566641,2041,0.0159444800721,2042,0.0157908283196,2043,0.0156610087638,2044,0.0155490407359,2045,0.0154593817526,2046,0.0152791217407,2047,0.0151037983715,2048,0.0148848973491,2049,0.0146528130377,2050,0.0144282068513,2051,0.0141597198115,2052,0.0138884218559,2053,0.0137268014057,2054,0.0135681250902,2055,0.0134121091051,2056,0.0131582207027,2057,0.0128863297134,2058,0.0125967619719,2059,0.0122894651106,2060,0.0119648370927)",Fraction,,
Key\Industry\Appliances_share\Non Metallic Minerals,Activity Level,Current Accounts,ALL (12 regions),"Data(2005,0.0291147222622,2006,0.0291147222622,2007,0.0291147222622,2008,0.0291147222622,2009,0.0291147222622,2010,0.0291147222622,2011,0.0291147222622,2012,0.0291147222622,2013,0.0291147222622,2014,0.0291147222622,2015,0.0291147222622,2016,0.0291147222622,2017,0.0291147222622,2018,0.0291147222622,2019,0.0291147222622,2020,0.0347763578067,2021,0.0396214018931,2022,0.0187601080914,2023,0.0223518961223,2024,0.0229834528975,2025,0.0233702688123,2026,0.0232772491119,2027,0.0227223554928,2028,0.0219760201889,2029,0.021122269438,2030,0.0202540796191,2031,0.019729739859,2032,0.019168271684,2033,0.0185765035873,2034,0.017942357533,2035,0.0173460185608,2036,0.0170527282278,2037,0.0167885232122,2038,0.0165451326839,2039,0.0163223718259,2040,0.0161220566641,2041,0.0159444800721,2042,0.0157908283196,2043,0.0156610087638,2044,0.0155490407359,2045,0.0154593817526,2046,0.0152791217407,2047,0.0151037983715,2048,0.0148848973491,2049,0.0146528130377,2050,0.0144282068513,2051,0.0141597198115,2052,0.0138884218559,2053,0.0137268014057,2054,0.0135681250902,2055,0.0134121091051,2056,0.0131582207027,2057,0.0128863297134,2058,0.0125967619719,2059,0.0122894651106,2060,0.0119648370927)",Fraction,,
Key\Industry\Appliances_share\Non Metallic Minerals,Activity Level,Regional Aspiration Scenario,ALL (12 regions),"Data(2005,0.0291147222622,2006,0.0291147222622,2007,0.0291147222622,2008,0.0291147222622,2009,0.0291147222622,2010,0.0291147222622,2011,0.0291147222622,2012,0.0291147222622,2013,0.0291147222622,2014,0.0291147222622,2015,0.0291147222622,2016,0.0291147222622,2017,0.0291147222622,2018,0.0291147222622,2019,0.0291147222622,2020,0.0347763578067,2021,0.0396214018931,2022,0.0187601080914,2023,0.0223518961223,2024,0.0229834528975,2025,0.0233702688123,2026,0.0232772491119,2027,0.0227223554928,2028,0.0219760201889,2029,0.021122269438,2030,0.0202540796191,2031,0.019729739859,2032,0.019168271684,2033,0.0185765035873,2034,0.017942357533,2035,0.0173460185608,2036,0.0170527282278,2037,0.0167885232122,2038,0.0165451326839,2039,0.0163223718259,2040,0.0161220566641,2041,0.0159444800721,2042,0.0157908283196,2043,0.0156610087638,2044,0.0155490407359,2045,0.0154593817526,2046,0.0152791217407,2047,0.0151037983715,2048,0.0148848973491,2049,0.0146528130377,2050,0.0144282068513,2051,0.0141597198115,2052,0.0138884218559,2053,0.0137268014057,2054,0.0135681250902,2055,0.0134121091051,2056,0.0131582207027,2057,0.0128863297134,2058,0.0125967619719,2059,0.0122894651106,2060,0.0119648370927)",Fraction,,
Key\Industry\Appliances_share\Other Industry,Activity Level,AMS Target Scenario,ALL (12 regions),"Data(2005,0.615634794514,2006,0.615634794514,2007,0.615634794514,2008,0.615634794514,2009,0.615634794514,2010,0.615634794514,2011,0.615634794514,2012,0.615634794514,2013,0.615634794514,2014,0.615634794514,2015,0.615634794514,2016,0.615634794514,2017,0.615634794514,2018,0.615634794514,2019,0.615634794514,2020,0.613997962208,2021,0.578224006634,2022,0.605129116361,2023,0.88153590216,2024,0.920906838826,2025,0.950426408291,2026,0.960496326867,2027,0.950623261405,2028,0.931660147035,2029,0.90687944133,2030,0.880403383969,2031,0.865584918268,2032,0.848161665528,2033,0.829401584641,2034,0.807908470446,2035,0.788004452031,2036,0.778173718977,2037,0.769539832347,2038,0.761785525905,2039,0.754821536299,2040,0.748284311688,2041,0.743270547015,2042,0.738817520883,2043,0.735714440922,2044,0.732924246693,2045,0.731475443131,2046,0.727154785914,2047,0.722929283309,2048,0.716322442313,2049,0.708809678925,2050,0.701592965664,2051,0.692324067088,2052,0.682972036683,2053,0.679726955448,2054,0.677114079406,2055,0.674716094146,2056,0.668159409491,2057,0.660931985001,2058,0.652398504804,2059,0.643329636787,2060,0.633309291046)",Fraction,,
Key\Industry\Appliances_share\Other Industry,Activity Level,Baseline Simulation,ALL (12 regions),"Data(2005,0.615634794514,2006,0.615634794514,2007,0.615634794514,2008,0.615634794514,2009,0.615634794514,2010,0.615634794514,2011,0.615634794514,2012,0.615634794514,2013,0.615634794514,2014,0.615634794514,2015,0.615634794514,2016,0.615634794514,2017,0.615634794514,2018,0.615634794514,2019,0.615634794514,2020,0.613997962208,2021,0.578224006634,2022,0.605129116361,2023,0.88153590216,2024,0.920906838826,2025,0.950426408291,2026,0.960496326867,2027,0.950623261405,2028,0.931660147035,2029,0.90687944133,2030,0.880403383969,2031,0.865584918268,2032,0.848161665528,2033,0.829401584641,2034,0.807908470446,2035,0.788004452031,2036,0.778173718977,2037,0.769539832347,2038,0.761785525905,2039,0.754821536299,2040,0.748284311688,2041,0.743270547015,2042,0.738817520883,2043,0.735714440922,2044,0.732924246693,2045,0.731475443131,2046,0.727154785914,2047,0.722929283309,2048,0.716322442313,2049,0.708809678925,2050,0.701592965664,2051,0.692324067088,2052,0.682972036683,2053,0.679726955448,2054,0.677114079406,2055,0.674716094146,2056,0.668159409491,2057,0.660931985001,2058,0.652398504804,2059,0.643329636787,2060,0.633309291046)",Fraction,,
Key\Industry\Appliances_share\Other Industry,Activity Level,Current Accounts,ALL (12 regions),"Data(2005,0.615634794514,2006,0.615634794514,2007,0.615634794514,2008,0.615634794514,2009,0.615634794514,2010,0.615634794514,2011,0.615634794514,2012,0.615634794514,2013,0.615634794514,2014,0.615634794514,2015,0.615634794514,2016,0.615634794514,2017,0.615634794514,2018,0.615634794514,2019,0.615634794514,2020,0.613997962208,2021,0.578224006634,2022,0.605129116361,2023,0.88153590216,2024,0.920906838826,2025,0.950426408291,2026,0.960496326867,2027,0.950623261405,2028,0.931660147035,2029,0.90687944133,2030,0.880403383969,2031,0.865584918268,2032,0.848161665528,2033,0.829401584641,2034,0.807908470446,2035,0.788004452031,2036,0.778173718977,2037,0.769539832347,2038,0.761785525905,2039,0.754821536299,2040,0.748284311688,2041,0.743270547015,2042,0.738817520883,2043,0.735714440922,2044,0.732924246693,2045,0.731475443131,2046,0.727154785914,2047,0.722929283309,2048,0.716322442313,2049,0.708809678925,2050,0.701592965664,2051,0.692324067088,2052,0.682972036683,2053,0.679726955448,2054,0.677114079406,2055,0.674716094146,2056,0.668159409491,2057,0.660931985001,2058,0.652398504804,2059,0.643329636787,2060,0.633309291046)",Fraction,,
Key\Industry\Appliances_share\Other Industry,Activity Level,Regional Aspiration Scenario,ALL (12 regions),"Data(2005,0.615634794514,2006,0.615634794514,2007,0.615634794514,2008,0.615634794514,2009,0.615634794514,2010,0.615634794514,2011,0.615634794514,2012,0.615634794514,2013,0.615634794514,2014,0.615634794514,2015,0.615634794514,2016,0.615634794514,2017,0.615634794514,2018,0.615634794514,2019,0.615634794514,2020,0.613997962208,2021,0.578224006634,2022,0.605129116361,2023,0.88153590216,2024,0.920906838826,2025,0.950426408291,2026,0.960496326867,2027,0.950623261405,2028,0.931660147035,2029,0.90687944133,2030,0.880403383969,2031,0.865584918268,2032,0.848161665528,2033,0.829401584641,2034,0.807908470446,2035,0.788004452031,2036,0.778173718977,2037,0.769539832347,2038,0.761785525905,2039,0.754821536299,2040,0.748284311688,2041,0.743270547015,2042,0.738817520883,2043,0.735714440922,2044,0.732924246693,2045,0.731475443131,2046,0.727154785914,2047,0.722929283309,2048,0.716322442313,2049,0.708809678925,2050,0.701592965664,2051,0.692324067088,2052,0.682972036683,2053,0.679726955448,2054,0.677114079406,2055,0.674716094146,2056,0.668159409491,2057,0.660931985001,2058,0.652398504804,2059,0.643329636787,2060,0.633309291046)",Fraction,,
Key\Industry\Appliances_share\Pulp and Paper,Activity Level,AMS Target Scenario,ALL (12 regions),"Data(2005,0.0485146054063,2006,0.0485146054063,2007,0.0485146054063,2008,0.0485146054063,2009,0.0485146054063,2010,0.0485146054063,2011,0.0485146054063,2012,0.0485146054063,2013,0.0485146054063,2014,0.0485146054063,2015,0.0485146054063,2016,0.0485146054063,2017,0.0485146054063,2018,0.0485146054063,2019,0.0485146054063,2020,0.0538902030163,2021,0.0554447915952,2022,0.0354186269016,2023,0.0560361921979,2024,0.0577161921555,2025,0.0587871120883,2026,0.0586523671404,2027,0.0573507397634,2028,0.0555600948344,2029,0.05349306141,2030,0.0513802627419,2031,0.0501287357362,2032,0.0487810073967,2033,0.0473542959213,2034,0.0458168357033,2035,0.0443721202865,2036,0.043622822662,2037,0.0429452035548,2038,0.0423199496045,2039,0.0417508288535,2040,0.0412364152556,2041,0.0407809137774,2042,0.0403856540152,2043,0.0400533960959,2044,0.0397657508011,2045,0.0395345292624,2046,0.0390914358307,2047,0.0386602057802,2048,0.0381187656963,2049,0.0375426827796,2050,0.0369870228394,2051,0.0363176960128,2052,0.0356408638813,2053,0.0352463151498,2054,0.0348606564619,2055,0.0344800536116,2056,0.0338548674752,2057,0.0331826737972,2058,0.0324638140496,2059,0.0316997757286,2060,0.0308900292655)",Fraction,,
Key\Industry\Appliances_share\Pulp and Paper,Activity Level,Baseline Simulation,ALL (12 regions),"Data(2005,0.0485146054063,2006,0.0485146054063,2007,0.0485146054063,2008,0.0485146054063,2009,0.0485146054063,2010,0.0485146054063,2011,0.0485146054063,2012,0.0485146054063,2013,0.0485146054063,2014,0.0485146054063,2015,0.0485146054063,2016,0.0485146054063,2017,0.0485146054063,2018,0.0485146054063,2019,0.0485146054063,2020,0.0538902030163,2021,0.0554447915952,2022,0.0354186269016,2023,0.0560361921979,2024,0.0577161921555,2025,0.0587871120883,2026,0.0586523671404,2027,0.0573507397634,2028,0.0555600948344,2029,0.05349306141,2030,0.0513802627419,2031,0.0501287357362,2032,0.0487810073967,2033,0.0473542959213,2034,0.0458168357033,2035,0.0443721202865,2036,0.043622822662,2037,0.0429452035548,2038,0.0423199496045,2039,0.0417508288535,2040,0.0412364152556,2041,0.0407809137774,2042,0.0403856540152,2043,0.0400533960959,2044,0.0397657508011,2045,0.0395345292624,2046,0.0390914358307,2047,0.0386602057802,2048,0.0381187656963,2049,0.0375426827796,2050,0.0369870228394,2051,0.0363176960128,2052,0.0356408638813,2053,0.0352463151498,2054,0.0348606564619,2055,0.0344800536116,2056,0.0338548674752,2057,0.0331826737972,2058,0.0324638140496,2059,0.0316997757286,2060,0.0308900292655)",Fraction,,
Key\Industry\Appliances_share\Pulp and Paper,Activity Level,Current Accounts,ALL (12 regions),"Data(2005,0.0485146054063,2006,0.0485146054063,2007,0.0485146054063,2008,0.0485146054063,2009,0.0485146054063,2010,0.0485146054063,2011,0.0485146054063,2012,0.0485146054063,2013,0.0485146054063,2014,0.0485146054063,2015,0.0485146054063,2016,0.0485146054063,2017,0.0485146054063,2018,0.0485146054063,2019,0.0485146054063,2020,0.0538902030163,2021,0.0554447915952,2022,0.0354186269016,2023,0.0560361921979,2024,0.0577161921555,2025,0.0587871120883,2026,0.0586523671404,2027,0.0573507397634,2028,0.0555600948344,2029,0.05349306141,2030,0.0513802627419,2031,0.0501287357362,2032,0.0487810073967,2033,0.0473542959213,2034,0.0458168357033,2035,0.0443721202865,2036,0.043622822662,2037,0.0429452035548,2038,0.0423199496045,2039,0.0417508288535,2040,0.0412364152556,2041,0.0407809137774,2042,0.0403856540152,2043,0.0400533960959,2044,0.0397657508011,2045,0.0395345292624,2046,0.0390914358307,2047,0.0386602057802,2048,0.0381187656963,2049,0.0375426827796,2050,0.0369870228394,2051,0.0363176960128,2052,0.0356408638813,2053,0.0352463151498,2054,0.0348606564619,2055,0.0344800536116,2056,0.0338548674752,2057,0.0331826737972,2058,0.0324638140496,2059,0.0316997757286,2060,0.0308900292655)",Fraction,,
Key\Industry\Appliances_share\Pulp and Paper,Activity Level,Regional Aspiration Scenario,ALL (12 regions),"Data(2005,0.0485146054063,2006,0.0485146054063,2007,0.0485146054063,2008,0.0485146054063,2009,0.0485146054063,2010,0.0485146054063,2011,0.0485146054063,2012,0.0485146054063,2013,0.0485146054063,2014,0.0485146054063,2015,0.0485146054063,2016,0.0485146054063,2017,0.0485146054063,2018,0.0485146054063,2019,0.0485146054063,2020,0.0538902030163,2021,0.0554447915952,2022,0.0354186269016,2023,0.0560361921979,2024,0.0577161921555,2025,0.0587871120883,2026,0.0586523671404,2027,0.0573507397634,2028,0.0555600948344,2029,0.05349306141,2030,0.0513802627419,2031,0.0501287357362,2032,0.0487810073967,2033,0.0473542959213,2034,0.0458168357033,2035,0.0443721202865,2036,0.043622822662,2037,0.0429452035548,2038,0.0423199496045,2039,0.0417508288535,2040,0.0412364152556,2041,0.0407809137774,2042,0.0403856540152,2043,0.0400533960959,2044,0.0397657508011,2045,0.0395345292624,2046,0.0390914358307,2047,0.0386602057802,2048,0.0381187656963,2049,0.0375426827796,2050,0.0369870228394,2051,0.0363176960128,2052,0.0356408638813,2053,0.0352463151498,2054,0.0348606564619,2055,0.0344800536116,2056,0.0338548674752,2057,0.0331826737972,2058,0.0324638140496,2059,0.0316997757286,2060,0.0308900292655)",Fraction,,
Key\Industry\Appliances_share\Textile and Leather,Activity Level,AMS Target Scenario,ALL (12 regions),"Data(2005,0.157199345471,2006,0.157199345471,2007,0.157199345471,2008,0.157199345471,2009,0.157199345471,2010,0.157199345471,2011,0.157199345471,2012,0.157199345471,2013,0.157199345471,2014,0.157199345471,2015,0.157199345471,2016,0.157199345471,2017,0.157199345471,2018,0.157199345471,2019,0.157199345471,2020,0.194968995903,2021,0.223757346065,2022,0.10087532052,2023,0.117784516715,2024,0.122300505905,2025,0.125487680506,2026,0.126041656981,2027,0.123994417233,2028,0.120784248173,2029,0.116871098572,2030,0.112760116653,2031,0.110466664746,2032,0.107893457248,2033,0.105083843006,2034,0.101968183229,2035,0.0990099389999,2036,0.0976221693425,2037,0.0963624707298,2038,0.0951910129746,2039,0.0941151596174,2040,0.0931387130836,2041,0.0922735291563,2042,0.0915283323582,2043,0.0909028816718,2044,0.0903658080382,2045,0.0899464331325,2046,0.0890254983613,2047,0.088127646281,2048,0.0869316830246,2049,0.0856213615518,2050,0.0843423218142,2051,0.0827848058965,2052,0.0811943453606,2053,0.0803689732224,2054,0.0795680305962,2055,0.0787816185613,2056,0.0774378467061,2057,0.0759978443462,2058,0.0744592010557,2059,0.0728211678637,2060,0.071086129211)",Fraction,,
Key\Industry\Appliances_share\Textile and Leather,Activity Level,Baseline Simulation,ALL (12 regions),"Data(2005,0.157199345471,2006,0.157199345471,2007,0.157199345471,2008,0.157199345471,2009,0.157199345471,2010,0.157199345471,2011,0.157199345471,2012,0.157199345471,2013,0.157199345471,2014,0.157199345471,2015,0.157199345471,2016,0.157199345471,2017,0.157199345471,2018,0.157199345471,2019,0.157199345471,2020,0.194968995903,2021,0.223757346065,2022,0.10087532052,2023,0.117784516715,2024,0.122300505905,2025,0.125487680506,2026,0.126041656981,2027,0.123994417233,2028,0.120784248173,2029,0.116871098572,2030,0.112760116653,2031,0.110466664746,2032,0.107893457248,2033,0.105083843006,2034,0.101968183229,2035,0.0990099389999,2036,0.0976221693425,2037,0.0963624707298,2038,0.0951910129746,2039,0.0941151596174,2040,0.0931387130836,2041,0.0922735291563,2042,0.0915283323582,2043,0.0909028816718,2044,0.0903658080382,2045,0.0899464331325,2046,0.0890254983613,2047,0.088127646281,2048,0.0869316830246,2049,0.0856213615518,2050,0.0843423218142,2051,0.0827848058965,2052,0.0811943453606,2053,0.0803689732224,2054,0.0795680305962,2055,0.0787816185613,2056,0.0774378467061,2057,0.0759978443462,2058,0.0744592010557,2059,0.0728211678637,2060,0.071086129211)",Fraction,,
Key\Industry\Appliances_share\Textile and Leather,Activity Level,Current Accounts,ALL (12 regions),"Data(2005,0.157199345471,2006,0.157199345471,2007,0.157199345471,2008,0.157199345471,2009,0.157199345471,2010,0.157199345471,2011,0.157199345471,2012,0.157199345471,2013,0.157199345471,2014,0.157199345471,2015,0.157199345471,2016,0.157199345471,2017,0.157199345471,2018,0.157199345471,2019,0.157199345471,2020,0.194968995903,2021,0.223757346065,2022,0.10087532052,2023,0.117784516715,2024,0.122300505905,2025,0.125487680506,2026,0.126041656981,2027,0.123994417233,2028,0.120784248173,2029,0.116871098572,2030,0.112760116653,2031,0.110466664746,2032,0.107893457248,2033,0.105083843006,2034,0.101968183229,2035,0.0990099389999,2036,0.0976221693425,2037,0.0963624707298,2038,0.0951910129746,2039,0.0941151596174,2040,0.0931387130836,2041,0.0922735291563,2042,0.0915283323582,2043,0.0909028816718,2044,0.0903658080382,2045,0.0899464331325,2046,0.0890254983613,2047,0.088127646281,2048,0.0869316830246,2049,0.0856213615518,2050,0.0843423218142,2051,0.0827848058965,2052,0.0811943453606,2053,0.0803689732224,2054,0.0795680305962,2055,0.0787816185613,2056,0.0774378467061,2057,0.0759978443462,2058,0.0744592010557,2059,0.0728211678637,2060,0.071086129211)",Fraction,,
Key\Industry\Appliances_share\Textile and Leather,Activity Level,Regional Aspiration Scenario,ALL (12 regions),"Data(2005,0.157199345471,2006,0.157199345471,2007,0.157199345471,2008,0.157199345471,2009,0.157199345471,2010,0.157199345471,2011,0.157199345471,2012,0.157199345471,2013,0.157199345471,2014,0.157199345471,2015,0.157199345471,2016,0.157199345471,2017,0.157199345471,2018,0.157199345471,2019,0.157199345471,2020,0.194968995903,2021,0.223757346065,2022,0.10087532052,2023,0.117784516715,2024,0.122300505905,2025,0.125487680506,2026,0.126041656981,2027,0.123994417233,2028,0.120784248173,2029,0.116871098572,2030,0.112760116653,2031,0.110466664746,2032,0.107893457248,2033,0.105083843006,2034,0.101968183229,2035,0.0990099389999,2036,0.0976221693425,2037,0.0963624707298,2038,0.0951910129746,2039,0.0941151596174,2040,0.0931387130836,2041,0.0922735291563,2042,0.0915283323582,2043,0.0909028816718,2044,0.0903658080382,2045,0.0899464331325,2046,0.0890254983613,2047,0.088127646281,2048,0.0869316830246,2049,0.0856213615518,2050,0.0843423218142,2051,0.0827848058965,2052,0.0811943453606,2053,0.0803689732224,2054,0.0795680305962,2055,0.0787816185613,2056,0.0774378467061,2057,0.0759978443462,2058,0.0744592010557,2059,0.0728211678637,2060,0.071086129211)",Fraction,,
Key\Industry\Cal\Cement,Activity Level,AMS Target Scenario,Base Template,0,Fraction,,
Key\Industry\Cal\Cement,Activity Level,AMS Target Scenario,Brunei,"Interp(2024,0)",Fraction,,
Key\Industry\Cal\Cement,Activity Level,AMS Target Scenario,Cambodia,"Interp(2024,14.9344600353)",Fraction,,
Key\Industry\Cal\Cement,Activity Level,AMS Target Scenario,Indonesia,"Interp(2024,263.435805941)",Fraction,,
Key\Industry\Cal\Cement,Activity Level,AMS Target Scenario,Laos,"Interp(2024,0)",Fraction,,
Key\Industry\Cal\Cement,Activity Level,AMS Target Scenario,Malaysia,"Interp(2024,0)",Fraction,,
Key\Industry\Cal\Cement,Activity Level,AMS Target Scenario,Myanmar,"Interp(2024,202.056678131)",Fraction,,
Key\Industry\Cal\Cement,Activity Level,AMS Target Scenario,Philippines,"Interp(2024,147.824206298)",Fraction,,
Key\Industry\Cal\Cement,Activity Level,AMS Target Scenario,Singapore,0,Fraction,,
Key\Industry\Cal\Cement,Activity Level,AMS Target Scenario,Thailand,"Interp(2024,119.371180396)",Fraction,,
Key\Industry\Cal\Cement,Activity Level,AMS Target Scenario,Timor Leste,0,Fraction,,
Key\Industry\Cal\Cement,Activity Level,AMS Target Scenario,Vietnam,"Interp(2024,137.090664536)",Fraction,,
Key\Industry\Cal\Cement,Activity Level,Baseline Simulation,Base Template,0,Fraction,,
Key\Industry\Cal\Cement,Activity Level,Baseline Simulation,Brunei,"Interp(2024,0)",Fraction,,
Key\Industry\Cal\Cement,Activity Level,Baseline Simulation,Cambodia,"Interp(2024,14.9344600353)",Fraction,,
Key\Industry\Cal\Cement,Activity Level,Baseline Simulation,Indonesia,"Interp(2024,263.435805941)",Fraction,,
Key\Industry\Cal\Cement,Activity Level,Baseline Simulation,Laos,"Interp(2024,0)",Fraction,,
Key\Industry\Cal\Cement,Activity Level,Baseline Simulation,Malaysia,"Interp(2024,0)",Fraction,,
Key\Industry\Cal\Cement,Activity Level,Baseline Simulation,Myanmar,"Interp(2024,202.056678131)",Fraction,,
Key\Industry\Cal\Cement,Activity Level,Baseline Simulation,Philippines,"Interp(2024,147.824206298)",Fraction,,
Key\Industry\Cal\Cement,Activity Level,Baseline Simulation,Singapore,0,Fraction,,
Key\Industry\Cal\Cement,Activity Level,Baseline Simulation,Thailand,"Interp(2024,119.371180396)",Fraction,,
Key\Industry\Cal\Cement,Activity Level,Baseline Simulation,Timor Leste,0,Fraction,,
Key\Industry\Cal\Cement,Activity Level,Baseline Simulation,Vietnam,"Interp(2024,137.090664536)",Fraction,,
Key\Industry\Cal\Cement,Activity Level,Current Accounts,Base Template,0,Fraction,,
Key\Industry\Cal\Cement,Activity Level,Current Accounts,Brunei,"Interp(2024,0)",Fraction,,
Key\Industry\Cal\Cement,Activity Level,Current Accounts,Cambodia,"Interp(2024,14.9344600353)",Fraction,,
Key\Industry\Cal\Cement,Activity Level,Current Accounts,Indonesia,"Interp(2024,263.435805941)",Fraction,,
Key\Industry\Cal\Cement,Activity Level,Current Accounts,Laos,"Interp(2024,0)",Fraction,,
Key\Industry\Cal\Cement,Activity Level,Current Accounts,Malaysia,"Interp(2024,0)",Fraction,,
Key\Industry\Cal\Cement,Activity Level,Current Accounts,Myanmar,"Interp(2024,202.056678131)",Fraction,,
Key\Industry\Cal\Cement,Activity Level,Current Accounts,Philippines,"Interp(2024,147.824206298)",Fraction,,
Key\Industry\Cal\Cement,Activity Level,Current Accounts,Singapore,0,Fraction,,
Key\Industry\Cal\Cement,Activity Level,Current Accounts,Thailand,"Interp(2024,119.371180396)",Fraction,,
Key\Industry\Cal\Cement,Activity Level,Current Accounts,Timor Leste,0,Fraction,,
Key\Industry\Cal\Cement,Activity Level,Current Accounts,Vietnam,"Interp(2024,137.090664536)",Fraction,,
Key\Industry\Cal\Cement,Activity Level,Regional Aspiration Scenario,Base Template,0,Fraction,,
Key\Industry\Cal\Cement,Activity Level,Regional Aspiration Scenario,Brunei,"Interp(2024,0)",Fraction,,
Key\Industry\Cal\Cement,Activity Level,Regional Aspiration Scenario,Cambodia,"Interp(2024,14.9344600353)",Fraction,,
Key\Industry\Cal\Cement,Activity Level,Regional Aspiration Scenario,Indonesia,"Interp(2024,263.435805941)",Fraction,,
Key\Industry\Cal\Cement,Activity Level,Regional Aspiration Scenario,Laos,"Interp(2024,0)",Fraction,,
Key\Industry\Cal\Cement,Activity Level,Regional Aspiration Scenario,Malaysia,"Interp(2024,0)",Fraction,,
Key\Industry\Cal\Cement,Activity Level,Regional Aspiration Scenario,Myanmar,"Interp(2024,202.056678131)",Fraction,,
Key\Industry\Cal\Cement,Activity Level,Regional Aspiration Scenario,Philippines,"Interp(2024,147.824206298)",Fraction,,
Key\Industry\Cal\Cement,Activity Level,Regional Aspiration Scenario,Singapore,0,Fraction,,
Key\Industry\Cal\Cement,Activity Level,Regional Aspiration Scenario,Thailand,"Interp(2024,119.371180396)",Fraction,,
Key\Industry\Cal\Cement,Activity Level,Regional Aspiration Scenario,Timor Leste,0,Fraction,,
Key\Industry\Cal\Cement,Activity Level,Regional Aspiration Scenario,Vietnam,"Interp(2024,137.090664536)",Fraction,,
Key\Industry\Cal\Electricity,Activity Level,AMS Target Scenario,Base Template,1,Fraction,,
Key\Industry\Cal\Electricity,Activity Level,AMS Target Scenario,Brunei,"Interp(2024,0.102175255144)",Fraction,,
Key\Industry\Cal\Electricity,Activity Level,AMS Target Scenario,Cambodia,"Interp(2024,0.110098656086)",Fraction,,
Key\Industry\Cal\Electricity,Activity Level,AMS Target Scenario,Indonesia,"Interp(2024,0.317885947462)",Fraction,,
Key\Industry\Cal\Electricity,Activity Level,AMS Target Scenario,Laos,"Interp(2024,0.36706230519)",Fraction,,
Key\Industry\Cal\Electricity,Activity Level,AMS Target Scenario,Malaysia,"Interp(2024,0.24321278739)",Fraction,,
Key\Industry\Cal\Electricity,Activity Level,AMS Target Scenario,Myanmar,"Interp(2024,0.0432915961375)",Fraction,,
Key\Industry\Cal\Electricity,Activity Level,AMS Target Scenario,Philippines,"Interp(2024,0.0747814613925)",Fraction,,
Key\Industry\Cal\Electricity,Activity Level,AMS Target Scenario,Singapore,"Interp(2024,0.140160818427)",Fraction,,
Key\Industry\Cal\Electricity,Activity Level,AMS Target Scenario,Thailand,"Interp(2024,0.119783939148)",Fraction,,
Key\Industry\Cal\Electricity,Activity Level,AMS Target Scenario,Timor Leste,1,Fraction,,
Key\Industry\Cal\Electricity,Activity Level,AMS Target Scenario,Vietnam,"Interp(2024,0.18027545494)",Fraction,,
Key\Industry\Cal\Electricity,Activity Level,Baseline Simulation,Base Template,1,Fraction,,
Key\Industry\Cal\Electricity,Activity Level,Baseline Simulation,Brunei,"Interp(2024,0.102175255144)",Fraction,,
Key\Industry\Cal\Electricity,Activity Level,Baseline Simulation,Cambodia,"Interp(2024,0.110098656086)",Fraction,,
Key\Industry\Cal\Electricity,Activity Level,Baseline Simulation,Indonesia,"Interp(2024,0.317885947462)",Fraction,,
Key\Industry\Cal\Electricity,Activity Level,Baseline Simulation,Laos,"Interp(2024,0.36706230519)",Fraction,,
Key\Industry\Cal\Electricity,Activity Level,Baseline Simulation,Malaysia,"Interp(2024,0.24321278739)",Fraction,,
Key\Industry\Cal\Electricity,Activity Level,Baseline Simulation,Myanmar,"Interp(2024,0.0432915961375)",Fraction,,
Key\Industry\Cal\Electricity,Activity Level,Baseline Simulation,Philippines,"Interp(2024,0.0747814613925)",Fraction,,
Key\Industry\Cal\Electricity,Activity Level,Baseline Simulation,Singapore,"Interp(2024,0.140160818427)",Fraction,,
Key\Industry\Cal\Electricity,Activity Level,Baseline Simulation,Thailand,"Interp(2024,0.119783939148)",Fraction,,
Key\Industry\Cal\Electricity,Activity Level,Baseline Simulation,Timor Leste,1,Fraction,,
Key\Industry\Cal\Electricity,Activity Level,Baseline Simulation,Vietnam,"Interp(2024,0.18027545494)",Fraction,,
Key\Industry\Cal\Electricity,Activity Level,Current Accounts,Base Template,1,Fraction,,
Key\Industry\Cal\Electricity,Activity Level,Current Accounts,Brunei,"Interp(2024,0.102175255144)",Fraction,,
Key\Industry\Cal\Electricity,Activity Level,Current Accounts,Cambodia,"Interp(2024,0.110098656086)",Fraction,,
Key\Industry\Cal\Electricity,Activity Level,Current Accounts,Indonesia,"Interp(2024,0.317885947462)",Fraction,,
Key\Industry\Cal\Electricity,Activity Level,Current Accounts,Laos,"Interp(2024,0.36706230519)",Fraction,,
Key\Industry\Cal\Electricity,Activity Level,Current Accounts,Malaysia,"Interp(2024,0.24321278739)",Fraction,,
Key\Industry\Cal\Electricity,Activity Level,Current Accounts,Myanmar,"Interp(2024,0.0432915961375)",Fraction,,
Key\Industry\Cal\Electricity,Activity Level,Current Accounts,Philippines,"Interp(2024,0.0747814613925)",Fraction,,
Key\Industry\Cal\Electricity,Activity Level,Current Accounts,Singapore,"Interp(2024,0.140160818427)",Fraction,,
Key\Industry\Cal\Electricity,Activity Level,Current Accounts,Thailand,"Interp(2024,0.119783939148)",Fraction,,
Key\Industry\Cal\Electricity,Activity Level,Current Accounts,Timor Leste,1,Fraction,,
Key\Industry\Cal\Electricity,Activity Level,Current Accounts,Vietnam,"Interp(2024,0.18027545494)",Fraction,,
Key\Industry\Cal\Electricity,Activity Level,Regional Aspiration Scenario,Base Template,1,Fraction,,
Key\Industry\Cal\Electricity,Activity Level,Regional Aspiration Scenario,Brunei,"Interp(2024,0.102175255144)",Fraction,,
Key\Industry\Cal\Electricity,Activity Level,Regional Aspiration Scenario,Cambodia,"Interp(2024,0.110098656086)",Fraction,,
Key\Industry\Cal\Electricity,Activity Level,Regional Aspiration Scenario,Indonesia,"Interp(2024,0.317885947462)",Fraction,,
Key\Industry\Cal\Electricity,Activity Level,Regional Aspiration Scenario,Laos,"Interp(2024,0.36706230519)",Fraction,,
Key\Industry\Cal\Electricity,Activity Level,Regional Aspiration Scenario,Malaysia,"Interp(2024,0.24321278739)",Fraction,,
Key\Industry\Cal\Electricity,Activity Level,Regional Aspiration Scenario,Myanmar,"Interp(2024,0.0432915961375)",Fraction,,
Key\Industry\Cal\Electricity,Activity Level,Regional Aspiration Scenario,Philippines,"Interp(2024,0.0747814613925)",Fraction,,
Key\Industry\Cal\Electricity,Activity Level,Regional Aspiration Scenario,Singapore,"Interp(2024,0.140160818427)",Fraction,,
Key\Industry\Cal\Electricity,Activity Level,Regional Aspiration Scenario,Thailand,"Interp(2024,0.119783939148)",Fraction,,
Key\Industry\Cal\Electricity,Activity Level,Regional Aspiration Scenario,Timor Leste,1,Fraction,,
Key\Industry\Cal\Electricity,Activity Level,Regional Aspiration Scenario,Vietnam,"Interp(2024,0.18027545494)",Fraction,,
Key\Industry\Cal\Iron and Steel,Activity Level,AMS Target Scenario,Base Template,0,Fraction,,
Key\Industry\Cal\Iron and Steel,Activity Level,AMS Target Scenario,Brunei,0,Fraction,,
Key\Industry\Cal\Iron and Steel,Activity Level,AMS Target Scenario,Cambodia,0,Fraction,,
Key\Industry\Cal\Iron and Steel,Activity Level,AMS Target Scenario,Indonesia,"Interp(2024,6.8142110644)",Fraction,,
Key\Industry\Cal\Iron and Steel,Activity Level,AMS Target Scenario,Laos,0,Fraction,,
Key\Industry\Cal\Iron and Steel,Activity Level,AMS Target Scenario,Malaysia,"Interp(2024,3.21843308156)",Fraction,,
Key\Industry\Cal\Iron and Steel,Activity Level,AMS Target Scenario,Myanmar,0,Fraction,,
Key\Industry\Cal\Iron and Steel,Activity Level,AMS Target Scenario,Philippines,"Interp(2024,2.47773904181)",Fraction,,
Key\Industry\Cal\Iron and Steel,Activity Level,AMS Target Scenario,Singapore,"Interp(2024,1.82664282288)",Fraction,,
Key\Industry\Cal\Iron and Steel,Activity Level,AMS Target Scenario,Thailand,"Interp(2024,1.65618194996)",Fraction,,
Key\Industry\Cal\Iron and Steel,Activity Level,AMS Target Scenario,Timor Leste,0,Fraction,,
Key\Industry\Cal\Iron and Steel,Activity Level,AMS Target Scenario,Vietnam,"Interp(2024,0.859243464696)",Fraction,,
Key\Industry\Cal\Iron and Steel,Activity Level,Baseline Simulation,Base Template,0,Fraction,,
Key\Industry\Cal\Iron and Steel,Activity Level,Baseline Simulation,Brunei,0,Fraction,,
Key\Industry\Cal\Iron and Steel,Activity Level,Baseline Simulation,Cambodia,0,Fraction,,
Key\Industry\Cal\Iron and Steel,Activity Level,Baseline Simulation,Indonesia,"Interp(2024,6.8142110644)",Fraction,,
Key\Industry\Cal\Iron and Steel,Activity Level,Baseline Simulation,Laos,0,Fraction,,
Key\Industry\Cal\Iron and Steel,Activity Level,Baseline Simulation,Malaysia,"Interp(2024,3.21843308156)",Fraction,,
Key\Industry\Cal\Iron and Steel,Activity Level,Baseline Simulation,Myanmar,0,Fraction,,
Key\Industry\Cal\Iron and Steel,Activity Level,Baseline Simulation,Philippines,"Interp(2024,2.47773904181)",Fraction,,
Key\Industry\Cal\Iron and Steel,Activity Level,Baseline Simulation,Singapore,"Interp(2024,1.82664282288)",Fraction,,
Key\Industry\Cal\Iron and Steel,Activity Level,Baseline Simulation,Thailand,"Interp(2024,1.65618194996)",Fraction,,
Key\Industry\Cal\Iron and Steel,Activity Level,Baseline Simulation,Timor Leste,0,Fraction,,
Key\Industry\Cal\Iron and Steel,Activity Level,Baseline Simulation,Vietnam,"Interp(2024,0.859243464696)",Fraction,,
Key\Industry\Cal\Iron and Steel,Activity Level,Current Accounts,Base Template,0,Fraction,,
Key\Industry\Cal\Iron and Steel,Activity Level,Current Accounts,Brunei,0,Fraction,,
Key\Industry\Cal\Iron and Steel,Activity Level,Current Accounts,Cambodia,0,Fraction,,
Key\Industry\Cal\Iron and Steel,Activity Level,Current Accounts,Indonesia,"Interp(2024,6.8142110644)",Fraction,,
Key\Industry\Cal\Iron and Steel,Activity Level,Current Accounts,Laos,0,Fraction,,
Key\Industry\Cal\Iron and Steel,Activity Level,Current Accounts,Malaysia,"Interp(2024,3.21843308156)",Fraction,,
Key\Industry\Cal\Iron and Steel,Activity Level,Current Accounts,Myanmar,0,Fraction,,
Key\Industry\Cal\Iron and Steel,Activity Level,Current Accounts,Philippines,"Interp(2024,2.47773904181)",Fraction,,
Key\Industry\Cal\Iron and Steel,Activity Level,Current Accounts,Singapore,"Interp(2024,1.82664282288)",Fraction,,
Key\Industry\Cal\Iron and Steel,Activity Level,Current Accounts,Thailand,"Interp(2024,1.65618194996)",Fraction,,
Key\Industry\Cal\Iron and Steel,Activity Level,Current Accounts,Timor Leste,0,Fraction,,
Key\Industry\Cal\Iron and Steel,Activity Level,Current Accounts,Vietnam,"Interp(2024,0.859243464696)",Fraction,,
Key\Industry\Cal\Iron and Steel,Activity Level,Regional Aspiration Scenario,Base Template,0,Fraction,,
Key\Industry\Cal\Iron and Steel,Activity Level,Regional Aspiration Scenario,Brunei,0,Fraction,,
Key\Industry\Cal\Iron and Steel,Activity Level,Regional Aspiration Scenario,Cambodia,0,Fraction,,
Key\Industry\Cal\Iron and Steel,Activity Level,Regional Aspiration Scenario,Indonesia,"Interp(2024,6.8142110644)",Fraction,,
Key\Industry\Cal\Iron and Steel,Activity Level,Regional Aspiration Scenario,Laos,0,Fraction,,
Key\Industry\Cal\Iron and Steel,Activity Level,Regional Aspiration Scenario,Malaysia,"Interp(2024,3.21843308156)",Fraction,,
Key\Industry\Cal\Iron and Steel,Activity Level,Regional Aspiration Scenario,Myanmar,0,Fraction,,
Key\Industry\Cal\Iron and Steel,Activity Level,Regional Aspiration Scenario,Philippines,"Interp(2024,2.47773904181)",Fraction,,
Key\Industry\Cal\Iron and Steel,Activity Level,Regional Aspiration Scenario,Singapore,"Interp(2024,1.82664282288)",Fraction,,
Key\Industry\Cal\Iron and Steel,Activity Level,Regional Aspiration Scenario,Thailand,"Interp(2024,1.65618194996)",Fraction,,
Key\Industry\Cal\Iron and Steel,Activity Level,Regional Aspiration Scenario,Timor Leste,0,Fraction,,
Key\Industry\Cal\Iron and Steel,Activity Level,Regional Aspiration Scenario,Vietnam,"Interp(2024,0.859243464696)",Fraction,,
Key\Industry\Cal\Liquid FF,Activity Level,AMS Target Scenario,Base Template,1,Fraction,,
Key\Industry\Cal\Liquid FF,Activity Level,AMS Target Scenario,Brunei,"Interp(2024,0.259502801626)",Fraction,,
Key\Industry\Cal\Liquid FF,Activity Level,AMS Target Scenario,Cambodia,"Interp(2024,0.180308216486)",Fraction,,
Key\Industry\Cal\Liquid FF,Activity Level,AMS Target Scenario,Indonesia,"Interp(2024,0.341318285363)",Fraction,,
Key\Industry\Cal\Liquid FF,Activity Level,AMS Target Scenario,Laos,"Interp(2024,0.222371171182)",Fraction,,
Key\Industry\Cal\Liquid FF,Activity Level,AMS Target Scenario,Malaysia,"Interp(2024,0.182109549594)",Fraction,,
Key\Industry\Cal\Liquid FF,Activity Level,AMS Target Scenario,Myanmar,"Interp(2024,0.137925049192)",Fraction,,
Key\Industry\Cal\Liquid FF,Activity Level,AMS Target Scenario,Philippines,"Interp(2024,0.128996476318)",Fraction,,
Key\Industry\Cal\Liquid FF,Activity Level,AMS Target Scenario,Singapore,"Interp(2024,0.0813717083503)",Fraction,,
Key\Industry\Cal\Liquid FF,Activity Level,AMS Target Scenario,Thailand,"Interp(2024,0.163580703788)",Fraction,,
Key\Industry\Cal\Liquid FF,Activity Level,AMS Target Scenario,Timor Leste,1,Fraction,,
Key\Industry\Cal\Liquid FF,Activity Level,AMS Target Scenario,Vietnam,"Interp(2024,0.0691920081559)",Fraction,,
Key\Industry\Cal\Liquid FF,Activity Level,Baseline Simulation,Base Template,1,Fraction,,
Key\Industry\Cal\Liquid FF,Activity Level,Baseline Simulation,Brunei,"Interp(2024,0.259502801626)",Fraction,,
Key\Industry\Cal\Liquid FF,Activity Level,Baseline Simulation,Cambodia,"Interp(2024,0.180308216486)",Fraction,,
Key\Industry\Cal\Liquid FF,Activity Level,Baseline Simulation,Indonesia,"Interp(2024,0.341318285363)",Fraction,,
Key\Industry\Cal\Liquid FF,Activity Level,Baseline Simulation,Laos,"Interp(2024,0.222371171182)",Fraction,,
Key\Industry\Cal\Liquid FF,Activity Level,Baseline Simulation,Malaysia,"Interp(2024,0.182109549594)",Fraction,,
Key\Industry\Cal\Liquid FF,Activity Level,Baseline Simulation,Myanmar,"Interp(2024,0.137925049192)",Fraction,,
Key\Industry\Cal\Liquid FF,Activity Level,Baseline Simulation,Philippines,"Interp(2024,0.128996476318)",Fraction,,
Key\Industry\Cal\Liquid FF,Activity Level,Baseline Simulation,Singapore,"Interp(2024,0.0813717083503)",Fraction,,
Key\Industry\Cal\Liquid FF,Activity Level,Baseline Simulation,Thailand,"Interp(2024,0.163580703788)",Fraction,,
Key\Industry\Cal\Liquid FF,Activity Level,Baseline Simulation,Timor Leste,1,Fraction,,
Key\Industry\Cal\Liquid FF,Activity Level,Baseline Simulation,Vietnam,"Interp(2024,0.0691920081559)",Fraction,,
Key\Industry\Cal\Liquid FF,Activity Level,Current Accounts,Base Template,1,Fraction,,
Key\Industry\Cal\Liquid FF,Activity Level,Current Accounts,Brunei,"Interp(2024,0.259502801626)",Fraction,,
Key\Industry\Cal\Liquid FF,Activity Level,Current Accounts,Cambodia,"Interp(2024,0.180308216486)",Fraction,,
Key\Industry\Cal\Liquid FF,Activity Level,Current Accounts,Indonesia,"Interp(2024,0.341318285363)",Fraction,,
Key\Industry\Cal\Liquid FF,Activity Level,Current Accounts,Laos,"Interp(2024,0.222371171182)",Fraction,,
Key\Industry\Cal\Liquid FF,Activity Level,Current Accounts,Malaysia,"Interp(2024,0.182109549594)",Fraction,,
Key\Industry\Cal\Liquid FF,Activity Level,Current Accounts,Myanmar,"Interp(2024,0.137925049192)",Fraction,,
Key\Industry\Cal\Liquid FF,Activity Level,Current Accounts,Philippines,"Interp(2024,0.128996476318)",Fraction,,
Key\Industry\Cal\Liquid FF,Activity Level,Current Accounts,Singapore,"Interp(2024,0.0813717083503)",Fraction,,
Key\Industry\Cal\Liquid FF,Activity Level,Current Accounts,Thailand,"Interp(2024,0.163580703788)",Fraction,,
Key\Industry\Cal\Liquid FF,Activity Level,Current Accounts,Timor Leste,1,Fraction,,
Key\Industry\Cal\Liquid FF,Activity Level,Current Accounts,Vietnam,"Interp(2024,0.0691920081559)",Fraction,,
Key\Industry\Cal\Liquid FF,Activity Level,Regional Aspiration Scenario,Base Template,1,Fraction,,
Key\Industry\Cal\Liquid FF,Activity Level,Regional Aspiration Scenario,Brunei,"Interp(2024,0.259502801626)",Fraction,,
Key\Industry\Cal\Liquid FF,Activity Level,Regional Aspiration Scenario,Cambodia,"Interp(2024,0.180308216486)",Fraction,,
Key\Industry\Cal\Liquid FF,Activity Level,Regional Aspiration Scenario,Indonesia,"Interp(2024,0.341318285363)",Fraction,,
Key\Industry\Cal\Liquid FF,Activity Level,Regional Aspiration Scenario,Laos,"Interp(2024,0.222371171182)",Fraction,,
Key\Industry\Cal\Liquid FF,Activity Level,Regional Aspiration Scenario,Malaysia,"Interp(2024,0.182109549594)",Fraction,,
Key\Industry\Cal\Liquid FF,Activity Level,Regional Aspiration Scenario,Myanmar,"Interp(2024,0.137925049192)",Fraction,,
Key\Industry\Cal\Liquid FF,Activity Level,Regional Aspiration Scenario,Philippines,"Interp(2024,0.128996476318)",Fraction,,
Key\Industry\Cal\Liquid FF,Activity Level,Regional Aspiration Scenario,Singapore,"Interp(2024,0.0813717083503)",Fraction,,
Key\Industry\Cal\Liquid FF,Activity Level,Regional Aspiration Scenario,Thailand,"Interp(2024,0.163580703788)",Fraction,,
Key\Industry\Cal\Liquid FF,Activity Level,Regional Aspiration Scenario,Timor Leste,1,Fraction,,
Key\Industry\Cal\Liquid FF,Activity Level,Regional Aspiration Scenario,Vietnam,"Interp(2024,0.0691920081559)",Fraction,,
Key\Industry\Cal\Others,Activity Level,AMS Target Scenario,Base Template,1,Fraction,,
Key\Industry\Cal\Others,Activity Level,AMS Target Scenario,Brunei,"Interp(2024,0)",Fraction,,
Key\Industry\Cal\Others,Activity Level,AMS Target Scenario,Cambodia,"Interp(2024,0.32117861073)",Fraction,,
Key\Industry\Cal\Others,Activity Level,AMS Target Scenario,Indonesia,"Interp(2024,0.358084901769)",Fraction,,
Key\Industry\Cal\Others,Activity Level,AMS Target Scenario,Laos,"Interp(2024,2.09316255405)",Fraction,,
Key\Industry\Cal\Others,Activity Level,AMS Target Scenario,Malaysia,"Interp(2024,0.0961481855699)",Fraction,,
Key\Industry\Cal\Others,Activity Level,AMS Target Scenario,Myanmar,"Interp(2024,0.0644875946095)",Fraction,,
Key\Industry\Cal\Others,Activity Level,AMS Target Scenario,Philippines,"Interp(2024,0.0128686666514)",Fraction,,
Key\Industry\Cal\Others,Activity Level,AMS Target Scenario,Singapore,"Interp(2024,0.155243085674)",Fraction,,
Key\Industry\Cal\Others,Activity Level,AMS Target Scenario,Thailand,"Interp(2024,0.0388573291478)",Fraction,,
Key\Industry\Cal\Others,Activity Level,AMS Target Scenario,Timor Leste,1,Fraction,,
Key\Industry\Cal\Others,Activity Level,AMS Target Scenario,Vietnam,"Interp(2024,0.0257186459907)",Fraction,,
Key\Industry\Cal\Others,Activity Level,Baseline Simulation,Base Template,1,Fraction,,
Key\Industry\Cal\Others,Activity Level,Baseline Simulation,Brunei,"Interp(2024,0)",Fraction,,
Key\Industry\Cal\Others,Activity Level,Baseline Simulation,Cambodia,"Interp(2024,0.32117861073)",Fraction,,
Key\Industry\Cal\Others,Activity Level,Baseline Simulation,Indonesia,"Interp(2024,0.358084901769)",Fraction,,
Key\Industry\Cal\Others,Activity Level,Baseline Simulation,Laos,"Interp(2024,2.09316255405)",Fraction,,
Key\Industry\Cal\Others,Activity Level,Baseline Simulation,Malaysia,"Interp(2024,0.0961481855699)",Fraction,,
Key\Industry\Cal\Others,Activity Level,Baseline Simulation,Myanmar,"Interp(2024,0.0644875946095)",Fraction,,
Key\Industry\Cal\Others,Activity Level,Baseline Simulation,Philippines,"Interp(2024,0.0128686666514)",Fraction,,
Key\Industry\Cal\Others,Activity Level,Baseline Simulation,Singapore,"Interp(2024,0.155243085674)",Fraction,,
Key\Industry\Cal\Others,Activity Level,Baseline Simulation,Thailand,"Interp(2024,0.0388573291478)",Fraction,,
Key\Industry\Cal\Others,Activity Level,Baseline Simulation,Timor Leste,1,Fraction,,
Key\Industry\Cal\Others,Activity Level,Baseline Simulation,Vietnam,"Interp(2024,0.0257186459907)",Fraction,,
Key\Industry\Cal\Others,Activity Level,Current Accounts,Base Template,1,Fraction,,
Key\Industry\Cal\Others,Activity Level,Current Accounts,Brunei,"Interp(2024,0)",Fraction,,
Key\Industry\Cal\Others,Activity Level,Current Accounts,Cambodia,"Interp(2024,0.32117861073)",Fraction,,
Key\Industry\Cal\Others,Activity Level,Current Accounts,Indonesia,"Interp(2024,0.358084901769)",Fraction,,
Key\Industry\Cal\Others,Activity Level,Current Accounts,Laos,"Interp(2024,2.09316255405)",Fraction,,
Key\Industry\Cal\Others,Activity Level,Current Accounts,Malaysia,"Interp(2024,0.0961481855699)",Fraction,,
Key\Industry\Cal\Others,Activity Level,Current Accounts,Myanmar,"Interp(2024,0.0644875946095)",Fraction,,
Key\Industry\Cal\Others,Activity Level,Current Accounts,Philippines,"Interp(2024,0.0128686666514)",Fraction,,
Key\Industry\Cal\Others,Activity Level,Current Accounts,Singapore,"Interp(2024,0.155243085674)",Fraction,,
Key\Industry\Cal\Others,Activity Level,Current Accounts,Thailand,"Interp(2024,0.0388573291478)",Fraction,,
Key\Industry\Cal\Others,Activity Level,Current Accounts,Timor Leste,1,Fraction,,
Key\Industry\Cal\Others,Activity Level,Current Accounts,Vietnam,"Interp(2024,0.0257186459907)",Fraction,,
Key\Industry\Cal\Others,Activity Level,Regional Aspiration Scenario,Base Template,1,Fraction,,
Key\Industry\Cal\Others,Activity Level,Regional Aspiration Scenario,Brunei,"Interp(2024,0)",Fraction,,
Key\Industry\Cal\Others,Activity Level,Regional Aspiration Scenario,Cambodia,"Interp(2024,0.32117861073)",Fraction,,
Key\Industry\Cal\Others,Activity Level,Regional Aspiration Scenario,Indonesia,"Interp(2024,0.358084901769)",Fraction,,
Key\Industry\Cal\Others,Activity Level,Regional Aspiration Scenario,Laos,"Interp(2024,2.09316255405)",Fraction,,
Key\Industry\Cal\Others,Activity Level,Regional Aspiration Scenario,Malaysia,"Interp(2024,0.0961481855699)",Fraction,,
Key\Industry\Cal\Others,Activity Level,Regional Aspiration Scenario,Myanmar,"Interp(2024,0.0644875946095)",Fraction,,
Key\Industry\Cal\Others,Activity Level,Regional Aspiration Scenario,Philippines,"Interp(2024,0.0128686666514)",Fraction,,
Key\Industry\Cal\Others,Activity Level,Regional Aspiration Scenario,Singapore,"Interp(2024,0.155243085674)",Fraction,,
Key\Industry\Cal\Others,Activity Level,Regional Aspiration Scenario,Thailand,"Interp(2024,0.0388573291478)",Fraction,,
Key\Industry\Cal\Others,Activity Level,Regional Aspiration Scenario,Timor Leste,1,Fraction,,
Key\Industry\Cal\Others,Activity Level,Regional Aspiration Scenario,Vietnam,"Interp(2024,0.0257186459907)",Fraction,,
Key\Industry\Cal\Total_,Activity Level,AMS Target Scenario,Base Template,1,Fraction,,
Key\Industry\Cal\Total_,Activity Level,AMS Target Scenario,Brunei,"Interp(2005,0.0181362619211,2006,0.0154249245357,2007,0.0160474490975,2008,0.0196269141693,2009,0.0251294276717,2010,0.0281616304284,2011,0.0312839561274,2012,0.0355487948545,2013,0.0300073116407,2014,0.0268893568022,2015,0.0307431334884,2016,0.0259505507781,2017,0.0333464328766,2018,0.031125401362,2019,0.039044838781,2020,0.0532376104624,2021,0.064491295519,2022,0.0533479960434,2023,0.0516017440151,2024,0.0505324900702)",Fraction,,
Key\Industry\Cal\Total_,Activity Level,AMS Target Scenario,Cambodia,"Interp(2005,0.267660663763,2006,0.236000162199,2007,0.220783856284,2008,0.21364571397,2009,0.23218425701,2010,0.263520490428,2011,0.236608551241,2012,0.219988381089,2013,0.196544788504,2014,0.186270193382,2015,0.165080138288,2016,0.184601103387,2017,0.168347485148,2018,0.139911907318,2019,0.185166576823,2020,0.435522697779,2021,0.47128367635,2022,0.303921200769,2023,0.259295445822)",Fraction,,
Key\Industry\Cal\Total_,Activity Level,AMS Target Scenario,Indonesia,"Interp(2005,0.452104787738,2006,0.507738281917,2007,0.55503797114,2008,0.495907049621,2009,0.452253143808,2010,0.4897002123,2011,0.494939207178,2012,0.458950682142,2013,0.33364585063,2014,0.326823753868,2015,0.464590545136,2016,0.279348840954,2017,0.251118364477,2018,0.307858189437,2019,0.341770438006,2020,0.34834915633,2021,0.359919029487,2022,0.352307713955,2023,0.355299349951,2024,0.355128850162)~~ ? 0.48",Fraction,,
Key\Industry\Cal\Total_,Activity Level,AMS Target Scenario,Laos,"Interp(2005,0.111183296519,2006,0.211094957097,2007,0.203682363644,2008,0.260628480899,2009,0.243471833178,2010,0.269450139795,2011,0.216908655202,2012,0.197852267907,2013,0.238324242132,2014,0.30636545168,2015,0.229458817052,2016,0.174890204223,2017,0.168787797131,2018,0.170249857075,2019,0.188804806632,2020,0.32918472842,2021,0.324127395705,2022,0.387113069428,2023,0.843538554942,2024,1.10614305589)",Fraction,,
Key\Industry\Cal\Total_,Activity Level,AMS Target Scenario,Malaysia,"Interp(2005,0.254670081879,2006,0.236958391089,2007,0.240393395983,2008,0.22660793262,2009,0.204415506329,2010,0.173167572175,2011,0.154621739638,2012,0.168069357894,2013,0.15611583434,2014,0.144020553542,2015,0.145660084337,2016,0.159196170149,2017,0.163835054154,2018,0.167322460258,2019,0.157634842524,2020,0.176486329665,2021,0.189979381349,2022,0.126611221259,2023,0.151374470246,2024,0.132816118462)",Fraction,,
Key\Industry\Cal\Total_,Activity Level,AMS Target Scenario,Myanmar,"Interp(2005,0.251609461483,2006,0.253204177851,2007,0.2393402218,2008,0.209645090024,2009,0.18093019855,2010,0.198505704488,2011,0.194523972791,2012,0.185631625959,2013,0.177656491416,2014,0.192672374725,2015,0.197524793024,2016,0.16811840289,2017,0.189725137935,2018,0.172524497833,2019,0.151955631743,2020,0.120923057805,2021,0.109482277116,2022,0.0565535250809,2023,0.0678747713196,2024,0.0645451240056)",Fraction,,
Key\Industry\Cal\Total_,Activity Level,AMS Target Scenario,Philippines,"Interp(2005,0.0580386117001,2006,0.0560884474584,2007,0.055005963114,2008,0.0579268824535,2009,0.0531297523506,2010,0.0549059518984,2011,0.0529147578318,2012,0.0482900456862,2013,0.0492154524968,2014,0.0478864840819,2015,0.0465574728432,2016,0.0479243742172,2017,0.0477665801218,2018,0.042536790101,2019,0.0389420708027,2020,0.0431970975387,2021,0.0482678491129,2022,0.0263798207777,2023,0.0245505632442,2024,0.0241109999052)",Fraction,,
Key\Industry\Cal\Total_,Activity Level,AMS Target Scenario,Singapore,"Interp(2005,0.172694335829,2006,0.171006516488,2007,0.168265730419,2008,0.165580439516,2009,0.200424322168,2010,0.214027717616,2011,0.218751420464,2012,0.203884536967,2013,0.212400977044,2014,0.215517534842,2015,0.207051402579,2016,0.181899630552,2017,0.195012526134,2018,0.200060967173,2019,0.199986428067,2020,0.206408084486,2021,0.202919702222,2022,0.180625894725)",Fraction,,
Key\Industry\Cal\Total_,Activity Level,AMS Target Scenario,Thailand,"Interp(2005,0.0892773158896,2006,0.0901143765238,2007,0.088178261814,2008,0.0889062818545,2009,0.0908478960511,2010,0.0898234097807,2011,0.0866115575481,2012,0.0874101713407,2013,0.0860406298246,2014,0.0881578008388,2015,0.0864277089362,2016,0.0865697419449,2017,0.0802514846085,2018,0.0823578790206,2019,0.0825597619191,2020,0.0932926300181,2021,0.0926345050541,2022,0.0607801764455,2023,0.0550588576905,2024,0.050802267301)",Fraction,,
Key\Industry\Cal\Total_,Activity Level,AMS Target Scenario,Timor Leste,0.02,Fraction,,
Key\Industry\Cal\Total_,Activity Level,AMS Target Scenario,Vietnam,"Interp(2005,0.0667224607745,2006,0.0664013849272,2007,0.0712821702547,2008,0.0753978182194,2009,0.0769827554882,2010,0.0784370078976,2011,0.0785538088625,2012,0.0768759501927,2013,0.076989667231,2014,0.0777193352214,2015,0.0612297887345,2016,0.0633705787549,2017,0.0637615164251,2018,0.0738943602246,2019,0.0760429456656,2020,0.0984363868675,2021,0.107264735269,2022,0.054536664233,2023,0.0536062145311)",Fraction,,
Key\Industry\Cal\Total_,Activity Level,Baseline Simulation,Base Template,1,Fraction,,
Key\Industry\Cal\Total_,Activity Level,Baseline Simulation,Brunei,"Interp(2005,0.0181362619211,2006,0.0154249245357,2007,0.0160474490975,2008,0.0196269141693,2009,0.0251294276717,2010,0.0281616304284,2011,0.0312839561274,2012,0.0355487948545,2013,0.0300073116407,2014,0.0268893568022,2015,0.0307431334884,2016,0.0259505507781,2017,0.0333464328766,2018,0.031125401362,2019,0.039044838781,2020,0.0532376104624,2021,0.064491295519,2022,0.0533479960434,2023,0.0516017440151,2024,0.0505324900702)",Fraction,,
Key\Industry\Cal\Total_,Activity Level,Baseline Simulation,Cambodia,"Interp(2005,0.267660663763,2006,0.236000162199,2007,0.220783856284,2008,0.21364571397,2009,0.23218425701,2010,0.263520490428,2011,0.236608551241,2012,0.219988381089,2013,0.196544788504,2014,0.186270193382,2015,0.165080138288,2016,0.184601103387,2017,0.168347485148,2018,0.139911907318,2019,0.185166576823,2020,0.435522697779,2021,0.47128367635,2022,0.303921200769,2023,0.259295445822)",Fraction,,
Key\Industry\Cal\Total_,Activity Level,Baseline Simulation,Indonesia,"Interp(2005,0.452104787738,2006,0.507738281917,2007,0.55503797114,2008,0.495907049621,2009,0.452253143808,2010,0.4897002123,2011,0.494939207178,2012,0.458950682142,2013,0.33364585063,2014,0.326823753868,2015,0.464590545136,2016,0.279348840954,2017,0.251118364477,2018,0.307858189437,2019,0.341770438006,2020,0.34834915633,2021,0.359919029487,2022,0.352307713955,2023,0.355299349951,2024,0.355128850162)~~ ? 0.48",Fraction,,
Key\Industry\Cal\Total_,Activity Level,Baseline Simulation,Laos,"Interp(2005,0.111183296519,2006,0.211094957097,2007,0.203682363644,2008,0.260628480899,2009,0.243471833178,2010,0.269450139795,2011,0.216908655202,2012,0.197852267907,2013,0.238324242132,2014,0.30636545168,2015,0.229458817052,2016,0.174890204223,2017,0.168787797131,2018,0.170249857075,2019,0.188804806632,2020,0.32918472842,2021,0.324127395705,2022,0.387113069428,2023,0.843538554942,2024,1.10614305589)",Fraction,,
Key\Industry\Cal\Total_,Activity Level,Baseline Simulation,Malaysia,"Interp(2005,0.254670081879,2006,0.236958391089,2007,0.240393395983,2008,0.22660793262,2009,0.204415506329,2010,0.173167572175,2011,0.154621739638,2012,0.168069357894,2013,0.15611583434,2014,0.144020553542,2015,0.145660084337,2016,0.159196170149,2017,0.163835054154,2018,0.167322460258,2019,0.157634842524,2020,0.176486329665,2021,0.189979381349,2022,0.126611221259,2023,0.151374470246,2024,0.132816118462)",Fraction,,
Key\Industry\Cal\Total_,Activity Level,Baseline Simulation,Myanmar,"Interp(2005,0.251609461483,2006,0.253204177851,2007,0.2393402218,2008,0.209645090024,2009,0.18093019855,2010,0.198505704488,2011,0.194523972791,2012,0.185631625959,2013,0.177656491416,2014,0.192672374725,2015,0.197524793024,2016,0.16811840289,2017,0.189725137935,2018,0.172524497833,2019,0.151955631743,2020,0.120923057805,2021,0.109482277116,2022,0.0565535250809,2023,0.0678747713196,2024,0.0645451240056)",Fraction,,
Key\Industry\Cal\Total_,Activity Level,Baseline Simulation,Philippines,"Interp(2005,0.0580386117001,2006,0.0560884474584,2007,0.055005963114,2008,0.0579268824535,2009,0.0531297523506,2010,0.0549059518984,2011,0.0529147578318,2012,0.0482900456862,2013,0.0492154524968,2014,0.0478864840819,2015,0.0465574728432,2016,0.0479243742172,2017,0.0477665801218,2018,0.042536790101,2019,0.0389420708027,2020,0.0431970975387,2021,0.0482678491129,2022,0.0263798207777,2023,0.0245505632442,2024,0.0241109999052)",Fraction,,
Key\Industry\Cal\Total_,Activity Level,Baseline Simulation,Singapore,"Interp(2005,0.172694335829,2006,0.171006516488,2007,0.168265730419,2008,0.165580439516,2009,0.200424322168,2010,0.214027717616,2011,0.218751420464,2012,0.203884536967,2013,0.212400977044,2014,0.215517534842,2015,0.207051402579,2016,0.181899630552,2017,0.195012526134,2018,0.200060967173,2019,0.199986428067,2020,0.206408084486,2021,0.202919702222,2022,0.180625894725)",Fraction,,
Key\Industry\Cal\Total_,Activity Level,Baseline Simulation,Thailand,"Interp(2005,0.0892773158896,2006,0.0901143765238,2007,0.088178261814,2008,0.0889062818545,2009,0.0908478960511,2010,0.0898234097807,2011,0.0866115575481,2012,0.0874101713407,2013,0.0860406298246,2014,0.0881578008388,2015,0.0864277089362,2016,0.0865697419449,2017,0.0802514846085,2018,0.0823578790206,2019,0.0825597619191,2020,0.0932926300181,2021,0.0926345050541,2022,0.0607801764455,2023,0.0550588576905,2024,0.050802267301)",Fraction,,
Key\Industry\Cal\Total_,Activity Level,Baseline Simulation,Timor Leste,0.02,Fraction,,
Key\Industry\Cal\Total_,Activity Level,Baseline Simulation,Vietnam,"Interp(2005,0.0667224607745,2006,0.0664013849272,2007,0.0712821702547,2008,0.0753978182194,2009,0.0769827554882,2010,0.0784370078976,2011,0.0785538088625,2012,0.0768759501927,2013,0.076989667231,2014,0.0777193352214,2015,0.0612297887345,2016,0.0633705787549,2017,0.0637615164251,2018,0.0738943602246,2019,0.0760429456656,2020,0.0984363868675,2021,0.107264735269,2022,0.054536664233,2023,0.0536062145311)",Fraction,,
Key\Industry\Cal\Total_,Activity Level,Current Accounts,Base Template,1,Fraction,,
Key\Industry\Cal\Total_,Activity Level,Current Accounts,Brunei,"Interp(2005,0.0181362619211,2006,0.0154249245357,2007,0.0160474490975,2008,0.0196269141693,2009,0.0251294276717,2010,0.0281616304284,2011,0.0312839561274,2012,0.0355487948545,2013,0.0300073116407,2014,0.0268893568022,2015,0.0307431334884,2016,0.0259505507781,2017,0.0333464328766,2018,0.031125401362,2019,0.039044838781,2020,0.0532376104624,2021,0.064491295519,2022,0.0533479960434,2023,0.0516017440151,2024,0.0505324900702)",Fraction,,
Key\Industry\Cal\Total_,Activity Level,Current Accounts,Cambodia,"Interp(2005,0.267660663763,2006,0.236000162199,2007,0.220783856284,2008,0.21364571397,2009,0.23218425701,2010,0.263520490428,2011,0.236608551241,2012,0.219988381089,2013,0.196544788504,2014,0.186270193382,2015,0.165080138288,2016,0.184601103387,2017,0.168347485148,2018,0.139911907318,2019,0.185166576823,2020,0.435522697779,2021,0.47128367635,2022,0.303921200769,2023,0.259295445822)",Fraction,,
Key\Industry\Cal\Total_,Activity Level,Current Accounts,Indonesia,"Interp(2005,0.452104787738,2006,0.507738281917,2007,0.55503797114,2008,0.495907049621,2009,0.452253143808,2010,0.4897002123,2011,0.494939207178,2012,0.458950682142,2013,0.33364585063,2014,0.326823753868,2015,0.464590545136,2016,0.279348840954,2017,0.251118364477,2018,0.307858189437,2019,0.341770438006,2020,0.34834915633,2021,0.359919029487,2022,0.352307713955,2023,0.355299349951,2024,0.355128850162)~~ ? 0.48",Fraction,,
Key\Industry\Cal\Total_,Activity Level,Current Accounts,Laos,"Interp(2005,0.111183296519,2006,0.211094957097,2007,0.203682363644,2008,0.260628480899,2009,0.243471833178,2010,0.269450139795,2011,0.216908655202,2012,0.197852267907,2013,0.238324242132,2014,0.30636545168,2015,0.229458817052,2016,0.174890204223,2017,0.168787797131,2018,0.170249857075,2019,0.188804806632,2020,0.32918472842,2021,0.324127395705,2022,0.387113069428,2023,0.843538554942,2024,1.10614305589)",Fraction,,
Key\Industry\Cal\Total_,Activity Level,Current Accounts,Malaysia,"Interp(2005,0.254670081879,2006,0.236958391089,2007,0.240393395983,2008,0.22660793262,2009,0.204415506329,2010,0.173167572175,2011,0.154621739638,2012,0.168069357894,2013,0.15611583434,2014,0.144020553542,2015,0.145660084337,2016,0.159196170149,2017,0.163835054154,2018,0.167322460258,2019,0.157634842524,2020,0.176486329665,2021,0.189979381349,2022,0.126611221259,2023,0.151374470246,2024,0.132816118462)",Fraction,,
Key\Industry\Cal\Total_,Activity Level,Current Accounts,Myanmar,"Interp(2005,0.251609461483,2006,0.253204177851,2007,0.2393402218,2008,0.209645090024,2009,0.18093019855,2010,0.198505704488,2011,0.194523972791,2012,0.185631625959,2013,0.177656491416,2014,0.192672374725,2015,0.197524793024,2016,0.16811840289,2017,0.189725137935,2018,0.172524497833,2019,0.151955631743,2020,0.120923057805,2021,0.109482277116,2022,0.0565535250809,2023,0.0678747713196,2024,0.0645451240056)",Fraction,,
Key\Industry\Cal\Total_,Activity Level,Current Accounts,Philippines,"Interp(2005,0.0580386117001,2006,0.0560884474584,2007,0.055005963114,2008,0.0579268824535,2009,0.0531297523506,2010,0.0549059518984,2011,0.0529147578318,2012,0.0482900456862,2013,0.0492154524968,2014,0.0478864840819,2015,0.0465574728432,2016,0.0479243742172,2017,0.0477665801218,2018,0.042536790101,2019,0.0389420708027,2020,0.0431970975387,2021,0.0482678491129,2022,0.0263798207777,2023,0.0245505632442,2024,0.0241109999052)",Fraction,,
Key\Industry\Cal\Total_,Activity Level,Current Accounts,Singapore,"Interp(2005,0.172694335829,2006,0.171006516488,2007,0.168265730419,2008,0.165580439516,2009,0.200424322168,2010,0.214027717616,2011,0.218751420464,2012,0.203884536967,2013,0.212400977044,2014,0.215517534842,2015,0.207051402579,2016,0.181899630552,2017,0.195012526134,2018,0.200060967173,2019,0.199986428067,2020,0.206408084486,2021,0.202919702222,2022,0.180625894725)",Fraction,,
Key\Industry\Cal\Total_,Activity Level,Current Accounts,Thailand,"Interp(2005,0.0892773158896,2006,0.0901143765238,2007,0.088178261814,2008,0.0889062818545,2009,0.0908478960511,2010,0.0898234097807,2011,0.0866115575481,2012,0.0874101713407,2013,0.0860406298246,2014,0.0881578008388,2015,0.0864277089362,2016,0.0865697419449,2017,0.0802514846085,2018,0.0823578790206,2019,0.0825597619191,2020,0.0932926300181,2021,0.0926345050541,2022,0.0607801764455,2023,0.0550588576905,2024,0.050802267301)",Fraction,,
Key\Industry\Cal\Total_,Activity Level,Current Accounts,Timor Leste,0.02,Fraction,,
Key\Industry\Cal\Total_,Activity Level,Current Accounts,Vietnam,"Interp(2005,0.0667224607745,2006,0.0664013849272,2007,0.0712821702547,2008,0.0753978182194,2009,0.0769827554882,2010,0.0784370078976,2011,0.0785538088625,2012,0.0768759501927,2013,0.076989667231,2014,0.0777193352214,2015,0.0612297887345,2016,0.0633705787549,2017,0.0637615164251,2018,0.0738943602246,2019,0.0760429456656,2020,0.0984363868675,2021,0.107264735269,2022,0.054536664233,2023,0.0536062145311)",Fraction,,
Key\Industry\Cal\Total_,Activity Level,Regional Aspiration Scenario,Base Template,1,Fraction,,
Key\Industry\Cal\Total_,Activity Level,Regional Aspiration Scenario,Brunei,"Interp(2005,0.0181362619211,2006,0.0154249245357,2007,0.0160474490975,2008,0.0196269141693,2009,0.0251294276717,2010,0.0281616304284,2011,0.0312839561274,2012,0.0355487948545,2013,0.0300073116407,2014,0.0268893568022,2015,0.0307431334884,2016,0.0259505507781,2017,0.0333464328766,2018,0.031125401362,2019,0.039044838781,2020,0.0532376104624,2021,0.064491295519,2022,0.0533479960434,2023,0.0516017440151,2024,0.0505324900702)",Fraction,,
Key\Industry\Cal\Total_,Activity Level,Regional Aspiration Scenario,Cambodia,"Interp(2005,0.267660663763,2006,0.236000162199,2007,0.220783856284,2008,0.21364571397,2009,0.23218425701,2010,0.263520490428,2011,0.236608551241,2012,0.219988381089,2013,0.196544788504,2014,0.186270193382,2015,0.165080138288,2016,0.184601103387,2017,0.168347485148,2018,0.139911907318,2019,0.185166576823,2020,0.435522697779,2021,0.47128367635,2022,0.303921200769,2023,0.259295445822)",Fraction,,
Key\Industry\Cal\Total_,Activity Level,Regional Aspiration Scenario,Indonesia,"Interp(2005,0.452104787738,2006,0.507738281917,2007,0.55503797114,2008,0.495907049621,2009,0.452253143808,2010,0.4897002123,2011,0.494939207178,2012,0.458950682142,2013,0.33364585063,2014,0.326823753868,2015,0.464590545136,2016,0.279348840954,2017,0.251118364477,2018,0.307858189437,2019,0.341770438006,2020,0.34834915633,2021,0.359919029487,2022,0.352307713955,2023,0.355299349951,2024,0.355128850162)~~ ? 0.48",Fraction,,
Key\Industry\Cal\Total_,Activity Level,Regional Aspiration Scenario,Laos,"Interp(2005,0.111183296519,2006,0.211094957097,2007,0.203682363644,2008,0.260628480899,2009,0.243471833178,2010,0.269450139795,2011,0.216908655202,2012,0.197852267907,2013,0.238324242132,2014,0.30636545168,2015,0.229458817052,2016,0.174890204223,2017,0.168787797131,2018,0.170249857075,2019,0.188804806632,2020,0.32918472842,2021,0.324127395705,2022,0.387113069428,2023,0.843538554942,2024,1.10614305589)",Fraction,,
Key\Industry\Cal\Total_,Activity Level,Regional Aspiration Scenario,Malaysia,"Interp(2005,0.254670081879,2006,0.236958391089,2007,0.240393395983,2008,0.22660793262,2009,0.204415506329,2010,0.173167572175,2011,0.154621739638,2012,0.168069357894,2013,0.15611583434,2014,0.144020553542,2015,0.145660084337,2016,0.159196170149,2017,0.163835054154,2018,0.167322460258,2019,0.157634842524,2020,0.176486329665,2021,0.189979381349,2022,0.126611221259,2023,0.151374470246,2024,0.132816118462)",Fraction,,
Key\Industry\Cal\Total_,Activity Level,Regional Aspiration Scenario,Myanmar,"Interp(2005,0.251609461483,2006,0.253204177851,2007,0.2393402218,2008,0.209645090024,2009,0.18093019855,2010,0.198505704488,2011,0.194523972791,2012,0.185631625959,2013,0.177656491416,2014,0.192672374725,2015,0.197524793024,2016,0.16811840289,2017,0.189725137935,2018,0.172524497833,2019,0.151955631743,2020,0.120923057805,2021,0.109482277116,2022,0.0565535250809,2023,0.0678747713196,2024,0.0645451240056)",Fraction,,
Key\Industry\Cal\Total_,Activity Level,Regional Aspiration Scenario,Philippines,"Interp(2005,0.0580386117001,2006,0.0560884474584,2007,0.055005963114,2008,0.0579268824535,2009,0.0531297523506,2010,0.0549059518984,2011,0.0529147578318,2012,0.0482900456862,2013,0.0492154524968,2014,0.0478864840819,2015,0.0465574728432,2016,0.0479243742172,2017,0.0477665801218,2018,0.042536790101,2019,0.0389420708027,2020,0.0431970975387,2021,0.0482678491129,2022,0.0263798207777,2023,0.0245505632442,2024,0.0241109999052)",Fraction,,
Key\Industry\Cal\Total_,Activity Level,Regional Aspiration Scenario,Singapore,"Interp(2005,0.172694335829,2006,0.171006516488,2007,0.168265730419,2008,0.165580439516,2009,0.200424322168,2010,0.214027717616,2011,0.218751420464,2012,0.203884536967,2013,0.212400977044,2014,0.215517534842,2015,0.207051402579,2016,0.181899630552,2017,0.195012526134,2018,0.200060967173,2019,0.199986428067,2020,0.206408084486,2021,0.202919702222,2022,0.180625894725)",Fraction,,
Key\Industry\Cal\Total_,Activity Level,Regional Aspiration Scenario,Thailand,"Interp(2005,0.0892773158896,2006,0.0901143765238,2007,0.088178261814,2008,0.0889062818545,2009,0.0908478960511,2010,0.0898234097807,2011,0.0866115575481,2012,0.0874101713407,2013,0.0860406298246,2014,0.0881578008388,2015,0.0864277089362,2016,0.0865697419449,2017,0.0802514846085,2018,0.0823578790206,2019,0.0825597619191,2020,0.0932926300181,2021,0.0926345050541,2022,0.0607801764455,2023,0.0550588576905,2024,0.050802267301)",Fraction,,
Key\Industry\Cal\Total_,Activity Level,Regional Aspiration Scenario,Timor Leste,0.02,Fraction,,
Key\Industry\Cal\Total_,Activity Level,Regional Aspiration Scenario,Vietnam,"Interp(2005,0.0667224607745,2006,0.0664013849272,2007,0.0712821702547,2008,0.0753978182194,2009,0.0769827554882,2010,0.0784370078976,2011,0.0785538088625,2012,0.0768759501927,2013,0.076989667231,2014,0.0777193352214,2015,0.0612297887345,2016,0.0633705787549,2017,0.0637615164251,2018,0.0738943602246,2019,0.0760429456656,2020,0.0984363868675,2021,0.107264735269,2022,0.054536664233,2023,0.0536062145311)",Fraction,,
Key\Industry\Cement RAS Measures\CCS Adoption,Activity Level,AMS Target Scenario,ALL (12 regions),0,Share,%,
Key\Industry\Cement RAS Measures\CCS Adoption,Activity Level,Baseline Simulation,ALL (12 regions),0,Share,%,
Key\Industry\Cement RAS Measures\CCS Adoption,Activity Level,Current Accounts,ALL (12 regions),0,Share,%,
Key\Industry\Cement RAS Measures\CCS Adoption,Activity Level,Regional Aspiration Scenario,ALL (12 regions),"InterpFSY(2030,0,2035,5,2040,13,2045,24,2050,33,2055,40,2060,48)",Share,%,
Key\Industry\Cement RAS Measures\Clinker Fraction,Activity Level,AMS Target Scenario,ALL (12 regions),0.8,Fraction,,
Key\Industry\Cement RAS Measures\Clinker Fraction,Activity Level,Baseline Simulation,ALL (12 regions),0.8,Fraction,,
Key\Industry\Cement RAS Measures\Clinker Fraction,Activity Level,Current Accounts,ALL (12 regions),0.8,Fraction,,
Key\Industry\Cement RAS Measures\Clinker Fraction,Activity Level,Regional Aspiration Scenario,ALL (12 regions),"InterpFSY(2030,0.65,2035,0.6,2040,0.57,2045,0.55,2050,0.52)",Fraction,,
Key\Industry\Intensity\Cement\Cement Kiln CCS\Electricity,Activity Level,AMS Target Scenario,ALL (12 regions),Growth(Key\Annual EI Reduction\Industry[%]),GJ/Metric Tonne,,
Key\Industry\Intensity\Cement\Cement Kiln CCS\Electricity,Activity Level,Baseline Simulation,ALL (12 regions),"Interp(2005,941,2006,941,2007,941,2008,941,2009,941,2010,941,2011,941,2012,941,2013,941,2014,941,2015,941,2016,941,2017,941,2018,941,2019,941,2020,941,2021,941,2022,941,2023,941,2024,941)",GJ/Metric Tonne,,
Key\Industry\Intensity\Cement\Cement Kiln CCS\Electricity,Activity Level,Current Accounts,ALL (12 regions),"Interp(2005,941,2006,941,2007,941,2008,941,2009,941,2010,941,2011,941,2012,941,2013,941,2014,941,2015,941,2016,941,2017,941,2018,941,2019,941,2020,941,2021,941,2022,941,2023,941,2024,941)",GJ/Metric Tonne,,
Key\Industry\Intensity\Cement\Cement Kiln CCS\Electricity,Activity Level,Regional Aspiration Scenario,ALL (12 regions),Growth(Key\Annual EI Reduction\Industry[%]),GJ/Metric Tonne,,
Key\Industry\Intensity\Cement\Cement Kiln CCS\Heat,Activity Level,AMS Target Scenario,ALL (12 regions),Growth(Key\Annual EI Reduction\Industry[%]),GJ/Metric Tonne,,
Key\Industry\Intensity\Cement\Cement Kiln CCS\Heat,Activity Level,Baseline Simulation,ALL (12 regions),"Interp(2005,1.17,2006,1.17,2007,1.17,2008,1.17,2009,1.17,2010,1.17,2011,1.17,2012,1.17,2013,1.17,2014,1.17,2015,1.17,2016,1.17,2017,1.17,2018,1.17,2019,1.17,2020,1.17,2021,1.17,2022,1.17,2023,1.17,2024,1.17)",GJ/Metric Tonne,,
Key\Industry\Intensity\Cement\Cement Kiln CCS\Heat,Activity Level,Current Accounts,ALL (12 regions),"Interp(2005,1.17,2006,1.17,2007,1.17,2008,1.17,2009,1.17,2010,1.17,2011,1.17,2012,1.17,2013,1.17,2014,1.17,2015,1.17,2016,1.17,2017,1.17,2018,1.17,2019,1.17,2020,1.17,2021,1.17,2022,1.17,2023,1.17,2024,1.17)",GJ/Metric Tonne,,
Key\Industry\Intensity\Cement\Cement Kiln CCS\Heat,Activity Level,Regional Aspiration Scenario,ALL (12 regions),Growth(Key\Annual EI Reduction\Industry[%]),GJ/Metric Tonne,,
Key\Industry\Intensity\Cement\Cement Kiln Conventional\Electricity,Activity Level,AMS Target Scenario,ALL (12 regions),Growth(Key\Annual EI Reduction\Industry[%]),GJ/Metric Tonne,,
Key\Industry\Intensity\Cement\Cement Kiln Conventional\Electricity,Activity Level,Baseline Simulation,ALL (12 regions),"Interp(2005,88,2006,88,2007,88,2008,88,2009,88,2010,88,2011,88,2012,88,2013,88,2014,88,2015,88,2016,88,2017,88,2018,88,2019,88,2020,88,2021,88,2022,88,2023,88,2024,88)",GJ/Metric Tonne,,
Key\Industry\Intensity\Cement\Cement Kiln Conventional\Electricity,Activity Level,Current Accounts,ALL (12 regions),"Interp(2005,88,2006,88,2007,88,2008,88,2009,88,2010,88,2011,88,2012,88,2013,88,2014,88,2015,88,2016,88,2017,88,2018,88,2019,88,2020,88,2021,88,2022,88,2023,88,2024,88)",GJ/Metric Tonne,,
Key\Industry\Intensity\Cement\Cement Kiln Conventional\Electricity,Activity Level,Regional Aspiration Scenario,ALL (12 regions),"Interp(2005,88,2006,88,2007,88,2008,88,2009,88,2010,88,2011,88,2012,88,2013,88,2014,88,2015,88,2016,88,2017,88,2018,88,2019,88,2020,88,2021,88,2022,88,2023,88,2024,88,2025,88,2026,87.824,2027,87.648352,2028,87.473055296,2029,87.2981091854,2030,87.123512967,2031,86.9492659411,2032,86.7753674092,2033,86.6018166744,2034,86.4286130411,2035,86.255755815,2036,92.6103649885,2037,99.9420646104,2038,108.309585493,2039,117.742141753,2040,128.228882543,2041,139.709533652,2042,152.068197927,2043,165.132330562,2044,178.678384592,2045,192.444493537,2046,206.149036427,2047,219.512467751,2048,232.278915518,2049,244.234100107,2050,255.217088402,2051,265.124900833,2052,273.910502585,2053,281.575793627,2054,288.161672958,2055,293.73715036,2056,298.389022778,2057,302.21305419,2058,305.307069628,2059,307.765983101,2060,309.678541788)",GJ/Metric Tonne,,
Key\Industry\Intensity\Cement\Cement Kiln Conventional\Heat,Activity Level,AMS Target Scenario,ALL (12 regions),Growth(Key\Annual EI Reduction\Industry[%]),GJ/Metric Tonne,,
Key\Industry\Intensity\Cement\Cement Kiln Conventional\Heat,Activity Level,Baseline Simulation,ALL (12 regions),"Interp(2005,3.5,2006,3.5,2007,3.5,2008,3.5,2009,3.5,2010,3.5,2011,3.5,2012,3.5,2013,3.5,2014,3.5,2015,3.5,2016,3.5,2017,3.5,2018,3.5,2019,3.5,2020,3.5,2021,3.5,2022,3.5,2023,3.5,2024,3.5)",GJ/Metric Tonne,,
Key\Industry\Intensity\Cement\Cement Kiln Conventional\Heat,Activity Level,Current Accounts,ALL (12 regions),"Interp(2005,3.5,2006,3.5,2007,3.5,2008,3.5,2009,3.5,2010,3.5,2011,3.5,2012,3.5,2013,3.5,2014,3.5,2015,3.5,2016,3.5,2017,3.5,2018,3.5,2019,3.5,2020,3.5,2021,3.5,2022,3.5,2023,3.5,2024,3.5)",GJ/Metric Tonne,,
Key\Industry\Intensity\Cement\Cement Kiln Conventional\Heat,Activity Level,Regional Aspiration Scenario,ALL (12 regions),"Interp(2005,3.5,2006,3.5,2007,3.5,2008,3.5,2009,3.5,2010,3.5,2011,3.5,2012,3.5,2013,3.5,2014,3.5,2015,3.5,2016,3.5,2017,3.5,2018,3.5,2019,3.5,2020,3.5,2021,3.5,2022,3.5,2023,3.5,2024,3.5,2025,3.5,2026,3.4895,2027,3.4790315,2028,3.4685944055,2029,3.45818862228,2030,3.44781405642,2031,3.43747061425,2032,3.4271582024,2033,3.4168767278,2034,3.40662609761,2035,3.39735231872,2036,3.36305955783,2037,3.32479683251,2038,3.28228088175,2039,3.23534876492,2040,3.18400402709,2041,3.12845812479,2042,3.06915861755,2043,3.00679540782,2044,2.94227852124,2045,2.87668572962,2046,2.81118481543,2047,2.74694153136,2048,2.6850280902,2049,2.62634685545,2050,2.5715798567,2051,2.52116839658,2052,2.47532059933,2053,2.43404014585,2054,2.39716746735,2055,2.36442508008,2056,2.33546065574,2057,2.30988385606,2058,2.28729518569,2059,2.26730676655,2060,2.24955593866)",GJ/Metric Tonne,,
Key\Industry\Intensity\Cement\Oxyfuel Biomass CCS\Electricity,Activity Level,AMS Target Scenario,ALL (12 regions),Growth(Key\Annual EI Reduction\Industry[%]),GJ/Metric Tonne,,
Key\Industry\Intensity\Cement\Oxyfuel Biomass CCS\Electricity,Activity Level,Baseline Simulation,ALL (12 regions),"Interp(2005,268,2006,268,2007,268,2008,268,2009,268,2010,268,2011,268,2012,268,2013,268,2014,268,2015,268,2016,268,2017,268,2018,268,2019,268,2020,268,2021,268,2022,268,2023,268,2024,268)",GJ/Metric Tonne,,
Key\Industry\Intensity\Cement\Oxyfuel Biomass CCS\Electricity,Activity Level,Current Accounts,ALL (12 regions),"Interp(2005,268,2006,268,2007,268,2008,268,2009,268,2010,268,2011,268,2012,268,2013,268,2014,268,2015,268,2016,268,2017,268,2018,268,2019,268,2020,268,2021,268,2022,268,2023,268,2024,268)",GJ/Metric Tonne,,
Key\Industry\Intensity\Cement\Oxyfuel Biomass CCS\Electricity,Activity Level,Regional Aspiration Scenario,ALL (12 regions),Growth(Key\Annual EI Reduction\Industry[%]),GJ/Metric Tonne,,
Key\Industry\Intensity\Cement\Oxyfuel Biomass CCS\Heat,Activity Level,AMS Target Scenario,ALL (12 regions),Growth(Key\Annual EI Reduction\Industry[%]),GJ/Metric Tonne,,
Key\Industry\Intensity\Cement\Oxyfuel Biomass CCS\Heat,Activity Level,Baseline Simulation,ALL (12 regions),"Interp(2005,3.5,2006,3.5,2007,3.5,2008,3.5,2009,3.5,2010,3.5,2011,3.5,2012,3.5,2013,3.5,2014,3.5,2015,3.5,2016,3.5,2017,3.5,2018,3.5,2019,3.5,2020,3.5,2021,3.5,2022,3.5,2023,3.5,2024,3.5)",GJ/Metric Tonne,,
Key\Industry\Intensity\Cement\Oxyfuel Biomass CCS\Heat,Activity Level,Current Accounts,ALL (12 regions),"Interp(2005,3.5,2006,3.5,2007,3.5,2008,3.5,2009,3.5,2010,3.5,2011,3.5,2012,3.5,2013,3.5,2014,3.5,2015,3.5,2016,3.5,2017,3.5,2018,3.5,2019,3.5,2020,3.5,2021,3.5,2022,3.5,2023,3.5,2024,3.5)",GJ/Metric Tonne,,
Key\Industry\Intensity\Cement\Oxyfuel Biomass CCS\Heat,Activity Level,Regional Aspiration Scenario,ALL (12 regions),Growth(Key\Annual EI Reduction\Industry[%]),GJ/Metric Tonne,,
Key\Industry\Intensity\Cement\Oxyfuel Gas CCS\Electricity,Activity Level,AMS Target Scenario,ALL (12 regions),Growth(Key\Annual EI Reduction\Industry[%]),GJ/Metric Tonne,,
Key\Industry\Intensity\Cement\Oxyfuel Gas CCS\Electricity,Activity Level,Baseline Simulation,ALL (12 regions),"Interp(2005,257,2006,257,2007,257,2008,257,2009,257,2010,257,2011,257,2012,257,2013,257,2014,257,2015,257,2016,257,2017,257,2018,257,2019,257,2020,257,2021,257,2022,257,2023,257,2024,257)",GJ/Metric Tonne,,
Key\Industry\Intensity\Cement\Oxyfuel Gas CCS\Electricity,Activity Level,Current Accounts,ALL (12 regions),"Interp(2005,257,2006,257,2007,257,2008,257,2009,257,2010,257,2011,257,2012,257,2013,257,2014,257,2015,257,2016,257,2017,257,2018,257,2019,257,2020,257,2021,257,2022,257,2023,257,2024,257)",GJ/Metric Tonne,,
Key\Industry\Intensity\Cement\Oxyfuel Gas CCS\Electricity,Activity Level,Regional Aspiration Scenario,ALL (12 regions),Growth(Key\Annual EI Reduction\Industry[%]),GJ/Metric Tonne,,
Key\Industry\Intensity\Cement\Oxyfuel Gas CCS\Heat,Activity Level,AMS Target Scenario,ALL (12 regions),Growth(Key\Annual EI Reduction\Industry[%]),GJ/Metric Tonne,,
Key\Industry\Intensity\Cement\Oxyfuel Gas CCS\Heat,Activity Level,Baseline Simulation,ALL (12 regions),"Interp(2005,3.5,2006,3.5,2007,3.5,2008,3.5,2009,3.5,2010,3.5,2011,3.5,2012,3.5,2013,3.5,2014,3.5,2015,3.5,2016,3.5,2017,3.5,2018,3.5,2019,3.5,2020,3.5,2021,3.5,2022,3.5,2023,3.5,2024,3.5)",GJ/Metric Tonne,,
Key\Industry\Intensity\Cement\Oxyfuel Gas CCS\Heat,Activity Level,Current Accounts,ALL (12 regions),"Interp(2005,3.5,2006,3.5,2007,3.5,2008,3.5,2009,3.5,2010,3.5,2011,3.5,2012,3.5,2013,3.5,2014,3.5,2015,3.5,2016,3.5,2017,3.5,2018,3.5,2019,3.5,2020,3.5,2021,3.5,2022,3.5,2023,3.5,2024,3.5)",GJ/Metric Tonne,,
Key\Industry\Intensity\Cement\Oxyfuel Gas CCS\Heat,Activity Level,Regional Aspiration Scenario,ALL (12 regions),Growth(Key\Annual EI Reduction\Industry[%]),GJ/Metric Tonne,,
Key\Industry\Intensity\Chemical\Direct Process Heating\Electricity,Activity Level,AMS Target Scenario,ALL (12 regions),Growth(Key\Annual EI Reduction\Industry[%]),GJ/USD,,
Key\Industry\Intensity\Chemical\Direct Process Heating\Electricity,Activity Level,Baseline Simulation,ALL (12 regions),"Data(2005,0.0009160194371,2006,0.0009160194371,2007,0.0009160194371,2008,0.0009160194371,2009,0.0009160194371,2010,0.0009160194371,2011,0.0009160194371,2012,0.0009160194371,2013,0.0009160194371,2014,0.0009160194371,2015,0.0009160194371,2016,0.0009160194371,2017,0.0009160194371,2018,0.0009160194371,2019,0.0009160194371,2020,0.00087265667554,2021,0.00085649434442,2022,0.00091441496452,2023,0.00115007082466,2024,0.00115007082466,2025,0.00115007082466,2026,0.00115007082466,2027,0.00115007082466,2028,0.00115007082466,2029,0.00115007082466,2030,0.00115007082466,2031,0.00115007082466,2032,0.00115007082466,2033,0.00115007082466,2034,0.00115007082466,2035,0.00115007082466,2036,0.00115007082466,2037,0.00115007082466,2038,0.00115007082466,2039,0.00115007082466,2040,0.00115007082466,2041,0.00115007082466,2042,0.00115007082466,2043,0.00115007082466,2044,0.00115007082466,2045,0.00115007082466,2046,0.00115007082466,2047,0.00115007082466,2048,0.00115007082466,2049,0.00115007082466,2050,0.00115007082466,2051,0.00115007082466,2052,0.00115007082466,2053,0.00115007082466,2054,0.00115007082466,2055,0.00115007082466,2056,0.00115007082466,2057,0.00115007082466,2058,0.00115007082466,2059,0.00115007082466,2060,0.00115007082466)",GJ/USD,,
Key\Industry\Intensity\Chemical\Direct Process Heating\Electricity,Activity Level,Current Accounts,ALL (12 regions),"Data(2005,0.0009160194371,2006,0.0009160194371,2007,0.0009160194371,2008,0.0009160194371,2009,0.0009160194371,2010,0.0009160194371,2011,0.0009160194371,2012,0.0009160194371,2013,0.0009160194371,2014,0.0009160194371,2015,0.0009160194371,2016,0.0009160194371,2017,0.0009160194371,2018,0.0009160194371,2019,0.0009160194371,2020,0.00087265667554,2021,0.00085649434442,2022,0.00091441496452,2023,0.00115007082466,2024,0.00115007082466,2025,0.00115007082466,2026,0.00115007082466,2027,0.00115007082466,2028,0.00115007082466,2029,0.00115007082466,2030,0.00115007082466,2031,0.00115007082466,2032,0.00115007082466,2033,0.00115007082466,2034,0.00115007082466,2035,0.00115007082466,2036,0.00115007082466,2037,0.00115007082466,2038,0.00115007082466,2039,0.00115007082466,2040,0.00115007082466,2041,0.00115007082466,2042,0.00115007082466,2043,0.00115007082466,2044,0.00115007082466,2045,0.00115007082466,2046,0.00115007082466,2047,0.00115007082466,2048,0.00115007082466,2049,0.00115007082466,2050,0.00115007082466,2051,0.00115007082466,2052,0.00115007082466,2053,0.00115007082466,2054,0.00115007082466,2055,0.00115007082466,2056,0.00115007082466,2057,0.00115007082466,2058,0.00115007082466,2059,0.00115007082466,2060,0.00115007082466)",GJ/USD,,
Key\Industry\Intensity\Chemical\Direct Process Heating\Electricity,Activity Level,Regional Aspiration Scenario,ALL (12 regions),"Interp(2005,0.0009160194371,2006,0.0009160194371,2007,0.0009160194371,2008,0.0009160194371,2009,0.0009160194371,2010,0.0009160194371,2011,0.0009160194371,2012,0.0009160194371,2013,0.0009160194371,2014,0.0009160194371,2015,0.0009160194371,2016,0.0009160194371,2017,0.0009160194371,2018,0.0009160194371,2019,0.0009160194371,2020,0.00087265667554,2021,0.00085649434442,2022,0.00091441496452,2023,0.00115007082466,2024,0.0011522684869,2025,0.001157570788,2026,0.00116092388017,2027,0.00116925663459,2028,0.00118397695419,2029,0.00120682826437,2030,0.00123992005134,2031,0.00128548915823,2032,0.00134636721984,2033,0.00142534748589,2034,0.00152496091433,2035,0.00164693665382,2036,0.00177573539713,2037,0.00192528639778,2038,0.00209069636331,2039,0.00226419730934,2040,0.00243588372692,2041,0.00259519152133,2042,0.00273271021994,2043,0.00284170744947,2044,0.00291887272539,2045,0.00296417061625,2046,0.00298005969647,2047,0.00297047978995,2048,0.00293993623883,2049,0.00289284338722,2050,0.00283314589718,2051,0.00279087561266,2052,0.00274152867462,2053,0.00268705776134,2054,0.00262896807129,2055,0.00256840063585,2056,0.00251811227264,2057,0.00246650110084,2058,0.00241401295687,2059,0.00236097660504,2060,0.0023076335498)",GJ/USD,,
Key\Industry\Intensity\Chemical\Direct Process Heating\Liquid FF,Activity Level,AMS Target Scenario,ALL (12 regions),Growth(Key\Annual EI Reduction\Industry[%]),GJ/USD,,
Key\Industry\Intensity\Chemical\Direct Process Heating\Liquid FF,Activity Level,Baseline Simulation,ALL (12 regions),"Data(2005,0.00097858546734,2006,0.00097858546734,2007,0.00097858546734,2008,0.00097858546734,2009,0.00097858546734,2010,0.00097858546734,2011,0.00097858546734,2012,0.00097858546734,2013,0.00097858546734,2014,0.00097858546734,2015,0.00097858546734,2016,0.00097858546734,2017,0.00097858546734,2018,0.00097858546734,2019,0.00097858546734,2020,0.00084039081596,2021,0.00088992785682,2022,0.00111798137306,2023,0.0009987211782,2024,0.0009987211782,2025,0.0009987211782,2026,0.0009987211782,2027,0.0009987211782,2028,0.0009987211782,2029,0.0009987211782,2030,0.0009987211782,2031,0.0009987211782,2032,0.0009987211782,2033,0.0009987211782,2034,0.0009987211782,2035,0.0009987211782,2036,0.0009987211782,2037,0.0009987211782,2038,0.0009987211782,2039,0.0009987211782,2040,0.0009987211782,2041,0.0009987211782,2042,0.0009987211782,2043,0.0009987211782,2044,0.0009987211782,2045,0.0009987211782,2046,0.0009987211782,2047,0.0009987211782,2048,0.0009987211782,2049,0.0009987211782,2050,0.0009987211782,2051,0.0009987211782,2052,0.0009987211782,2053,0.0009987211782,2054,0.0009987211782,2055,0.0009987211782,2056,0.0009987211782,2057,0.0009987211782,2058,0.0009987211782,2059,0.0009987211782,2060,0.0009987211782)",GJ/USD,,
Key\Industry\Intensity\Chemical\Direct Process Heating\Liquid FF,Activity Level,Current Accounts,ALL (12 regions),"Data(2005,0.00097858546734,2006,0.00097858546734,2007,0.00097858546734,2008,0.00097858546734,2009,0.00097858546734,2010,0.00097858546734,2011,0.00097858546734,2012,0.00097858546734,2013,0.00097858546734,2014,0.00097858546734,2015,0.00097858546734,2016,0.00097858546734,2017,0.00097858546734,2018,0.00097858546734,2019,0.00097858546734,2020,0.00084039081596,2021,0.00088992785682,2022,0.00111798137306,2023,0.0009987211782,2024,0.0009987211782,2025,0.0009987211782,2026,0.0009987211782,2027,0.0009987211782,2028,0.0009987211782,2029,0.0009987211782,2030,0.0009987211782,2031,0.0009987211782,2032,0.0009987211782,2033,0.0009987211782,2034,0.0009987211782,2035,0.0009987211782,2036,0.0009987211782,2037,0.0009987211782,2038,0.0009987211782,2039,0.0009987211782,2040,0.0009987211782,2041,0.0009987211782,2042,0.0009987211782,2043,0.0009987211782,2044,0.0009987211782,2045,0.0009987211782,2046,0.0009987211782,2047,0.0009987211782,2048,0.0009987211782,2049,0.0009987211782,2050,0.0009987211782,2051,0.0009987211782,2052,0.0009987211782,2053,0.0009987211782,2054,0.0009987211782,2055,0.0009987211782,2056,0.0009987211782,2057,0.0009987211782,2058,0.0009987211782,2059,0.0009987211782,2060,0.0009987211782)",GJ/USD,,
Key\Industry\Intensity\Chemical\Direct Process Heating\Liquid FF,Activity Level,Regional Aspiration Scenario,ALL (12 regions),"Interp(2005,0.00097858546734,2006,0.00097858546734,2007,0.00097858546734,2008,0.00097858546734,2009,0.00097858546734,2010,0.00097858546734,2011,0.00097858546734,2012,0.00097858546734,2013,0.00097858546734,2014,0.00097858546734,2015,0.00097858546734,2016,0.00097858546734,2017,0.00097858546734,2018,0.00097858546734,2019,0.00097858546734,2020,0.00084039081596,2021,0.00088992785682,2022,0.00111798137306,2023,0.0009987211782,2024,0.000976305337401,2025,0.000953650016513,2026,0.00092137700085,2027,0.000889169936023,2028,0.000856930891444,2029,0.000824541440487,2030,0.000791862269707,2031,0.000758413046635,2032,0.000724371192178,2033,0.000689577111104,2034,0.00065390487981,2035,0.000617301312744,2036,0.000579833827316,2037,0.000541736841424,2038,0.000503438481625,2039,0.000465546166945,2040,0.000428778126574,2041,0.000393849664619,2042,0.000361347776147,2043,0.00033163776542,2044,0.000304831275998,2045,0.000280816129697,2046,0.000259324539662,2047,0.000240009823052,2048,0.000222510018397,2049,0.000206489726674,2050,0.000191661289386,2051,0.000177790893023,2052,0.000164695694543,2053,0.000152236714123,2054,0.000140310528401,2055,0.000128841398854,2056,0.000118883659773,2057,0.000109118684222,2058,9.95202782555e-05,2059,9.00697733652e-05,2060,8.07539358347e-05)",GJ/USD,,
Key\Industry\Intensity\Chemical\Direct Process Heating\Others,Activity Level,AMS Target Scenario,ALL (12 regions),Growth(Key\Annual EI Reduction\Industry[%]),GJ/USD,,
Key\Industry\Intensity\Chemical\Direct Process Heating\Others,Activity Level,Baseline Simulation,ALL (12 regions),"Data(2005,0.00900922274164,2006,0.00900922274164,2007,0.00900922274164,2008,0.00900922274164,2009,0.00900922274164,2010,0.00900922274164,2011,0.00900922274164,2012,0.00900922274164,2013,0.00900922274164,2014,0.00900922274164,2015,0.00900922274164,2016,0.00900922274164,2017,0.00900922274164,2018,0.00900922274164,2019,0.00900922274164,2020,0.00783665569934,2021,0.0072488559096,2022,0.0107503695042,2023,0.010872015407,2024,0.010872015407,2025,0.010872015407,2026,0.010872015407,2027,0.010872015407,2028,0.010872015407,2029,0.010872015407,2030,0.010872015407,2031,0.010872015407,2032,0.010872015407,2033,0.010872015407,2034,0.010872015407,2035,0.010872015407,2036,0.010872015407,2037,0.010872015407,2038,0.010872015407,2039,0.010872015407,2040,0.010872015407,2041,0.010872015407,2042,0.010872015407,2043,0.010872015407,2044,0.010872015407,2045,0.010872015407,2046,0.010872015407,2047,0.010872015407,2048,0.010872015407,2049,0.010872015407,2050,0.010872015407,2051,0.010872015407,2052,0.010872015407,2053,0.010872015407,2054,0.010872015407,2055,0.010872015407,2056,0.010872015407,2057,0.010872015407,2058,0.010872015407,2059,0.010872015407,2060,0.010872015407)",GJ/USD,,
Key\Industry\Intensity\Chemical\Direct Process Heating\Others,Activity Level,Current Accounts,ALL (12 regions),"Data(2005,0.00900922274164,2006,0.00900922274164,2007,0.00900922274164,2008,0.00900922274164,2009,0.00900922274164,2010,0.00900922274164,2011,0.00900922274164,2012,0.00900922274164,2013,0.00900922274164,2014,0.00900922274164,2015,0.00900922274164,2016,0.00900922274164,2017,0.00900922274164,2018,0.00900922274164,2019,0.00900922274164,2020,0.00783665569934,2021,0.0072488559096,2022,0.0107503695042,2023,0.010872015407,2024,0.010872015407,2025,0.010872015407,2026,0.010872015407,2027,0.010872015407,2028,0.010872015407,2029,0.010872015407,2030,0.010872015407,2031,0.010872015407,2032,0.010872015407,2033,0.010872015407,2034,0.010872015407,2035,0.010872015407,2036,0.010872015407,2037,0.010872015407,2038,0.010872015407,2039,0.010872015407,2040,0.010872015407,2041,0.010872015407,2042,0.010872015407,2043,0.010872015407,2044,0.010872015407,2045,0.010872015407,2046,0.010872015407,2047,0.010872015407,2048,0.010872015407,2049,0.010872015407,2050,0.010872015407,2051,0.010872015407,2052,0.010872015407,2053,0.010872015407,2054,0.010872015407,2055,0.010872015407,2056,0.010872015407,2057,0.010872015407,2058,0.010872015407,2059,0.010872015407,2060,0.010872015407)",GJ/USD,,
Key\Industry\Intensity\Chemical\Direct Process Heating\Others,Activity Level,Regional Aspiration Scenario,ALL (12 regions),"Interp(2005,0.00900922274164,2006,0.00900922274164,2007,0.00900922274164,2008,0.00900922274164,2009,0.00900922274164,2010,0.00900922274164,2011,0.00900922274164,2012,0.00900922274164,2013,0.00900922274164,2014,0.00900922274164,2015,0.00900922274164,2016,0.00900922274164,2017,0.00900922274164,2018,0.00900922274164,2019,0.00900922274164,2020,0.00783665569934,2021,0.0072488559096,2022,0.0107503695042,2023,0.010872015407,2024,0.0107421723041,2025,0.0106094640425,2026,0.0103682517959,2027,0.0101249184905,2028,0.00987815415392,2029,0.00962633378736,2030,0.00936748721808,2031,0.00908962193361,2032,0.00880022375557,2033,0.00849665902945,2034,0.00817652272094,2035,0.0078381388669,2036,0.00748122338686,2037,0.00710759859388,2038,0.00672172965385,2039,0.00633077713212,2040,0.00594392830846,2041,0.00557103197348,2042,0.00522091160474,2043,0.00489993427126,2044,0.00461129881401,2045,0.00435515284263,2046,0.00412930556954,2047,0.0039301638537,2048,0.00375358431442,2049,0.00359548800662,2050,0.00345221792675,2051,0.00334960637707,2052,0.00325513705561,2053,0.0031669962639,2054,0.00308378222685,2055,0.00300442965159,2056,0.00294531277116,2057,0.00288819449656,2058,0.00283265518529,2059,0.00277838474157,2060,0.00272515489466)",GJ/USD,,
Key\Industry\Intensity\Chemical\Indirect Process Heating\Electricity,Activity Level,AMS Target Scenario,ALL (12 regions),Growth(Key\Annual EI Reduction\Industry[%]),GJ/USD,,
Key\Industry\Intensity\Chemical\Indirect Process Heating\Electricity,Activity Level,Baseline Simulation,ALL (12 regions),"Data(2005,3.00313585e-05,2006,3.00313585e-05,2007,3.00313585e-05,2008,3.00313585e-05,2009,3.00313585e-05,2010,3.00313585e-05,2011,3.00313585e-05,2012,3.00313585e-05,2013,3.00313585e-05,2014,3.00313585e-05,2015,3.00313585e-05,2016,3.00313585e-05,2017,3.00313585e-05,2018,3.00313585e-05,2019,3.00313585e-05,2020,2.861169428e-05,2021,2.808247034e-05,2022,2.998095622e-05,2023,3.770930582e-05,2024,3.770930582e-05,2025,3.770930582e-05,2026,3.770930582e-05,2027,3.770930582e-05,2028,3.770930582e-05,2029,3.770930582e-05,2030,3.770930582e-05,2031,3.770930582e-05,2032,3.770930582e-05,2033,3.770930582e-05,2034,3.770930582e-05,2035,3.770930582e-05,2036,3.770930582e-05,2037,3.770930582e-05,2038,3.770930582e-05,2039,3.770930582e-05,2040,3.770930582e-05,2041,3.770930582e-05,2042,3.770930582e-05,2043,3.770930582e-05,2044,3.770930582e-05,2045,3.770930582e-05,2046,3.770930582e-05,2047,3.770930582e-05,2048,3.770930582e-05,2049,3.770930582e-05,2050,3.770930582e-05,2051,3.770930582e-05,2052,3.770930582e-05,2053,3.770930582e-05,2054,3.770930582e-05,2055,3.770930582e-05,2056,3.770930582e-05,2057,3.770930582e-05,2058,3.770930582e-05,2059,3.770930582e-05,2060,3.770930582e-05)",GJ/USD,,
Key\Industry\Intensity\Chemical\Indirect Process Heating\Electricity,Activity Level,Current Accounts,ALL (12 regions),"Data(2005,3.00313585e-05,2006,3.00313585e-05,2007,3.00313585e-05,2008,3.00313585e-05,2009,3.00313585e-05,2010,3.00313585e-05,2011,3.00313585e-05,2012,3.00313585e-05,2013,3.00313585e-05,2014,3.00313585e-05,2015,3.00313585e-05,2016,3.00313585e-05,2017,3.00313585e-05,2018,3.00313585e-05,2019,3.00313585e-05,2020,2.861169428e-05,2021,2.808247034e-05,2022,2.998095622e-05,2023,3.770930582e-05,2024,3.770930582e-05,2025,3.770930582e-05,2026,3.770930582e-05,2027,3.770930582e-05,2028,3.770930582e-05,2029,3.770930582e-05,2030,3.770930582e-05,2031,3.770930582e-05,2032,3.770930582e-05,2033,3.770930582e-05,2034,3.770930582e-05,2035,3.770930582e-05,2036,3.770930582e-05,2037,3.770930582e-05,2038,3.770930582e-05,2039,3.770930582e-05,2040,3.770930582e-05,2041,3.770930582e-05,2042,3.770930582e-05,2043,3.770930582e-05,2044,3.770930582e-05,2045,3.770930582e-05,2046,3.770930582e-05,2047,3.770930582e-05,2048,3.770930582e-05,2049,3.770930582e-05,2050,3.770930582e-05,2051,3.770930582e-05,2052,3.770930582e-05,2053,3.770930582e-05,2054,3.770930582e-05,2055,3.770930582e-05,2056,3.770930582e-05,2057,3.770930582e-05,2058,3.770930582e-05,2059,3.770930582e-05,2060,3.770930582e-05)",GJ/USD,,
Key\Industry\Intensity\Chemical\Indirect Process Heating\Electricity,Activity Level,Regional Aspiration Scenario,ALL (12 regions),"Interp(2005,3.00313585e-05,2006,3.00313585e-05,2007,3.00313585e-05,2008,3.00313585e-05,2009,3.00313585e-05,2010,3.00313585e-05,2011,3.00313585e-05,2012,3.00313585e-05,2013,3.00313585e-05,2014,3.00313585e-05,2015,3.00313585e-05,2016,3.00313585e-05,2017,3.00313585e-05,2018,3.00313585e-05,2019,3.00313585e-05,2020,2.861169428e-05,2021,2.808247034e-05,2022,2.998095622e-05,2023,3.770930582e-05,2024,4.72251190035e-05,2025,5.98148569943e-05,2026,7.58694907313e-05,2027,9.67811243008e-05,2028,0.000123943732392,2029,0.000159083492886,2030,0.000204289023116,2031,0.00026177503738,2032,0.000334345157613,2033,0.000424765000459,2034,0.000535540485715,2035,0.000668383656262,2036,0.000822992414876,2037,0.000997854537679,2038,0.00118812514173,2039,0.00138611309104,2040,0.0015820108711,2041,0.00176535889657,2042,0.00192683979117,2043,0.00205978778354,2044,0.00216092513855,2045,0.00223021677441,2046,0.00227009694238,2047,0.00228446648953,2048,0.00227778618673,2049,0.00225442670722,2050,0.0022182936888,2051,0.00219075440453,2052,0.0021562084741,2053,0.00211658925814,2054,0.00207338706433,2055,0.00202773163598,2056,0.00199225358964,2057,0.00195546582056,2058,0.00191780975461,2059,0.00187961090369,2060,0.0018411083831)",GJ/USD,,
Key\Industry\Intensity\Chemical\Indirect Process Heating\Liquid FF,Activity Level,AMS Target Scenario,ALL (12 regions),Growth(Key\Annual EI Reduction\Industry[%]),GJ/USD,,
Key\Industry\Intensity\Chemical\Indirect Process Heating\Liquid FF,Activity Level,Baseline Simulation,ALL (12 regions),"Data(2005,0.00096890822958,2006,0.00096890822958,2007,0.00096890822958,2008,0.00096890822958,2009,0.00096890822958,2010,0.00096890822958,2011,0.00096890822958,2012,0.00096890822958,2013,0.00096890822958,2014,0.00096890822958,2015,0.00096890822958,2016,0.00096890822958,2017,0.00096890822958,2018,0.00096890822958,2019,0.00096890822958,2020,0.00083207443976,2021,0.00088112425858,2022,0.00110692647298,2023,0.00098883393094,2024,0.00098883393094,2025,0.00098883393094,2026,0.00098883393094,2027,0.00098883393094,2028,0.00098883393094,2029,0.00098883393094,2030,0.00098883393094,2031,0.00098883393094,2032,0.00098883393094,2033,0.00098883393094,2034,0.00098883393094,2035,0.00098883393094,2036,0.00098883393094,2037,0.00098883393094,2038,0.00098883393094,2039,0.00098883393094,2040,0.00098883393094,2041,0.00098883393094,2042,0.00098883393094,2043,0.00098883393094,2044,0.00098883393094,2045,0.00098883393094,2046,0.00098883393094,2047,0.00098883393094,2048,0.00098883393094,2049,0.00098883393094,2050,0.00098883393094,2051,0.00098883393094,2052,0.00098883393094,2053,0.00098883393094,2054,0.00098883393094,2055,0.00098883393094,2056,0.00098883393094,2057,0.00098883393094,2058,0.00098883393094,2059,0.00098883393094,2060,0.00098883393094)",GJ/USD,,
Key\Industry\Intensity\Chemical\Indirect Process Heating\Liquid FF,Activity Level,Current Accounts,ALL (12 regions),"Data(2005,0.00096890822958,2006,0.00096890822958,2007,0.00096890822958,2008,0.00096890822958,2009,0.00096890822958,2010,0.00096890822958,2011,0.00096890822958,2012,0.00096890822958,2013,0.00096890822958,2014,0.00096890822958,2015,0.00096890822958,2016,0.00096890822958,2017,0.00096890822958,2018,0.00096890822958,2019,0.00096890822958,2020,0.00083207443976,2021,0.00088112425858,2022,0.00110692647298,2023,0.00098883393094,2024,0.00098883393094,2025,0.00098883393094,2026,0.00098883393094,2027,0.00098883393094,2028,0.00098883393094,2029,0.00098883393094,2030,0.00098883393094,2031,0.00098883393094,2032,0.00098883393094,2033,0.00098883393094,2034,0.00098883393094,2035,0.00098883393094,2036,0.00098883393094,2037,0.00098883393094,2038,0.00098883393094,2039,0.00098883393094,2040,0.00098883393094,2041,0.00098883393094,2042,0.00098883393094,2043,0.00098883393094,2044,0.00098883393094,2045,0.00098883393094,2046,0.00098883393094,2047,0.00098883393094,2048,0.00098883393094,2049,0.00098883393094,2050,0.00098883393094,2051,0.00098883393094,2052,0.00098883393094,2053,0.00098883393094,2054,0.00098883393094,2055,0.00098883393094,2056,0.00098883393094,2057,0.00098883393094,2058,0.00098883393094,2059,0.00098883393094,2060,0.00098883393094)",GJ/USD,,
Key\Industry\Intensity\Chemical\Indirect Process Heating\Liquid FF,Activity Level,Regional Aspiration Scenario,ALL (12 regions),"Interp(2005,0.00096890822958,2006,0.00096890822958,2007,0.00096890822958,2008,0.00096890822958,2009,0.00096890822958,2010,0.00096890822958,2011,0.00096890822958,2012,0.00096890822958,2013,0.00096890822958,2014,0.00096890822958,2015,0.00096890822958,2016,0.00096890822958,2017,0.00096890822958,2018,0.00096890822958,2019,0.00096890822958,2020,0.00083207443976,2021,0.00088112425858,2022,0.00110692647298,2023,0.00098883393094,2024,0.000966640004891,2025,0.000944208969584,2026,0.00091225545379,2027,0.000880367235925,2028,0.000848447354904,2029,0.000816378556515,2030,0.000784022906502,2031,0.000750904827644,2032,0.000717199984396,2033,0.000682750361505,2034,0.000647431282,2035,0.000611190086862,2036,0.000574093526073,2037,0.000536373696817,2038,0.000498454487236,2039,0.000460937302966,2040,0.000424533262793,2041,0.000389950589379,2042,0.000357770466596,2043,0.000328354582226,2044,0.00030181347457,2045,0.000278036075995,2046,0.000256757250713,2047,0.00023763374801,2048,0.000220307189802,2049,0.000204445497485,2050,0.000189763860354,2051,0.000176030779632,2052,0.000163065222406,2053,0.000150729584738,2054,0.000138921467152,2055,0.000127565880926,2056,0.000117706722541,2057,0.000108038419344,2058,9.85350367086e-05,2059,8.91780909424e-05,2060,7.99544793415e-05)",GJ/USD,,
Key\Industry\Intensity\Chemical\Indirect Process Heating\Others,Activity Level,AMS Target Scenario,ALL (12 regions),Growth(Key\Annual EI Reduction\Industry[%]),GJ/USD,,
Key\Industry\Intensity\Chemical\Indirect Process Heating\Others,Activity Level,Baseline Simulation,ALL (12 regions),"Data(2005,0.00892010311022,2006,0.00892010311022,2007,0.00892010311022,2008,0.00892010311022,2009,0.00892010311022,2010,0.00892010311022,2011,0.00892010311022,2012,0.00892010311022,2013,0.00892010311022,2014,0.00892010311022,2015,0.00892010311022,2016,0.00892010311022,2017,0.00892010311022,2018,0.00892010311022,2019,0.00892010311022,2020,0.0077591369927,2021,0.00717715026592,2022,0.0106440290938,2023,0.0107644653419,2024,0.0107644653419,2025,0.0107644653419,2026,0.0107644653419,2027,0.0107644653419,2028,0.0107644653419,2029,0.0107644653419,2030,0.0107644653419,2031,0.0107644653419,2032,0.0107644653419,2033,0.0107644653419,2034,0.0107644653419,2035,0.0107644653419,2036,0.0107644653419,2037,0.0107644653419,2038,0.0107644653419,2039,0.0107644653419,2040,0.0107644653419,2041,0.0107644653419,2042,0.0107644653419,2043,0.0107644653419,2044,0.0107644653419,2045,0.0107644653419,2046,0.0107644653419,2047,0.0107644653419,2048,0.0107644653419,2049,0.0107644653419,2050,0.0107644653419,2051,0.0107644653419,2052,0.0107644653419,2053,0.0107644653419,2054,0.0107644653419,2055,0.0107644653419,2056,0.0107644653419,2057,0.0107644653419,2058,0.0107644653419,2059,0.0107644653419,2060,0.0107644653419)",GJ/USD,,
Key\Industry\Intensity\Chemical\Indirect Process Heating\Others,Activity Level,Current Accounts,ALL (12 regions),"Data(2005,0.00892010311022,2006,0.00892010311022,2007,0.00892010311022,2008,0.00892010311022,2009,0.00892010311022,2010,0.00892010311022,2011,0.00892010311022,2012,0.00892010311022,2013,0.00892010311022,2014,0.00892010311022,2015,0.00892010311022,2016,0.00892010311022,2017,0.00892010311022,2018,0.00892010311022,2019,0.00892010311022,2020,0.0077591369927,2021,0.00717715026592,2022,0.0106440290938,2023,0.0107644653419,2024,0.0107644653419,2025,0.0107644653419,2026,0.0107644653419,2027,0.0107644653419,2028,0.0107644653419,2029,0.0107644653419,2030,0.0107644653419,2031,0.0107644653419,2032,0.0107644653419,2033,0.0107644653419,2034,0.0107644653419,2035,0.0107644653419,2036,0.0107644653419,2037,0.0107644653419,2038,0.0107644653419,2039,0.0107644653419,2040,0.0107644653419,2041,0.0107644653419,2042,0.0107644653419,2043,0.0107644653419,2044,0.0107644653419,2045,0.0107644653419,2046,0.0107644653419,2047,0.0107644653419,2048,0.0107644653419,2049,0.0107644653419,2050,0.0107644653419,2051,0.0107644653419,2052,0.0107644653419,2053,0.0107644653419,2054,0.0107644653419,2055,0.0107644653419,2056,0.0107644653419,2057,0.0107644653419,2058,0.0107644653419,2059,0.0107644653419,2060,0.0107644653419)",GJ/USD,,
Key\Industry\Intensity\Chemical\Indirect Process Heating\Others,Activity Level,Regional Aspiration Scenario,ALL (12 regions),"Interp(2005,0.00892010311022,2006,0.00892010311022,2007,0.00892010311022,2008,0.00892010311022,2009,0.00892010311022,2010,0.00892010311022,2011,0.00892010311022,2012,0.00892010311022,2013,0.00892010311022,2014,0.00892010311022,2015,0.00892010311022,2016,0.00892010311022,2017,0.00892010311022,2018,0.00892010311022,2019,0.00892010311022,2020,0.0077591369927,2021,0.00717715026592,2022,0.0106440290938,2023,0.0107644653419,2024,0.0106359066958,2025,0.0105045112342,2026,0.0102656851499,2027,0.010024758989,2028,0.00978043573807,2029,0.00953110647328,2030,0.0092748205116,2031,0.00899970397503,2032,0.0087131686326,2033,0.00841260688292,2034,0.00809563748316,2035,0.00776060104947,2036,0.00740721631159,2037,0.00703728755557,2038,0.00665523577621,2039,0.00626815070386,2040,0.00588512873425,2041,0.00551592123005,2042,0.00516926438367,2043,0.00485146227869,2044,0.00456568211193,2045,0.00431207003283,2046,0.00408845692591,2047,0.00389128519481,2048,0.00371645244674,2049,0.00355992008707,2050,0.00341806728871,2051,0.00331647081107,2052,0.00322293601567,2053,0.00313566714582,2054,0.00305327629332,2055,0.00297470870357,2056,0.00291617662956,2057,0.00285962339041,2058,0.0028046334949,2059,0.00275089991482,2060,0.00269819663757)",GJ/USD,,
Key\Industry\Intensity\Construction\Direct Process Heating\Electricity,Activity Level,AMS Target Scenario,ALL (12 regions),Growth(Key\Annual EI Reduction\Industry[%]),GJ/USD,,
Key\Industry\Intensity\Construction\Direct Process Heating\Electricity,Activity Level,Baseline Simulation,ALL (12 regions),"Data(2005,0.00025834528652,2006,0.00025834528652,2007,0.00025834528652,2008,0.00025834528652,2009,0.00025834528652,2010,0.00025834528652,2011,0.00025834528652,2012,0.00025834528652,2013,0.00025834528652,2014,0.00025834528652,2015,0.00025834528652,2016,0.00025834528652,2017,0.00025834528652,2018,0.00025834528652,2019,0.00025834528652,2020,0.00029404690152,2021,0.0002885950549,2022,0.00028368923298,2023,0.0003249266984,2024,0.0003249266984,2025,0.0003249266984,2026,0.0003249266984,2027,0.0003249266984,2028,0.0003249266984,2029,0.0003249266984,2030,0.0003249266984,2031,0.0003249266984,2032,0.0003249266984,2033,0.0003249266984,2034,0.0003249266984,2035,0.0003249266984,2036,0.0003249266984,2037,0.0003249266984,2038,0.0003249266984,2039,0.0003249266984,2040,0.0003249266984,2041,0.0003249266984,2042,0.0003249266984,2043,0.0003249266984,2044,0.0003249266984,2045,0.0003249266984,2046,0.0003249266984,2047,0.0003249266984,2048,0.0003249266984,2049,0.0003249266984,2050,0.0003249266984,2051,0.0003249266984,2052,0.0003249266984,2053,0.0003249266984,2054,0.0003249266984,2055,0.0003249266984,2056,0.0003249266984,2057,0.0003249266984,2058,0.0003249266984,2059,0.0003249266984,2060,0.0003249266984)",GJ/USD,,
Key\Industry\Intensity\Construction\Direct Process Heating\Electricity,Activity Level,Current Accounts,ALL (12 regions),"Data(2005,0.00025834528652,2006,0.00025834528652,2007,0.00025834528652,2008,0.00025834528652,2009,0.00025834528652,2010,0.00025834528652,2011,0.00025834528652,2012,0.00025834528652,2013,0.00025834528652,2014,0.00025834528652,2015,0.00025834528652,2016,0.00025834528652,2017,0.00025834528652,2018,0.00025834528652,2019,0.00025834528652,2020,0.00029404690152,2021,0.0002885950549,2022,0.00028368923298,2023,0.0003249266984,2024,0.0003249266984,2025,0.0003249266984,2026,0.0003249266984,2027,0.0003249266984,2028,0.0003249266984,2029,0.0003249266984,2030,0.0003249266984,2031,0.0003249266984,2032,0.0003249266984,2033,0.0003249266984,2034,0.0003249266984,2035,0.0003249266984,2036,0.0003249266984,2037,0.0003249266984,2038,0.0003249266984,2039,0.0003249266984,2040,0.0003249266984,2041,0.0003249266984,2042,0.0003249266984,2043,0.0003249266984,2044,0.0003249266984,2045,0.0003249266984,2046,0.0003249266984,2047,0.0003249266984,2048,0.0003249266984,2049,0.0003249266984,2050,0.0003249266984,2051,0.0003249266984,2052,0.0003249266984,2053,0.0003249266984,2054,0.0003249266984,2055,0.0003249266984,2056,0.0003249266984,2057,0.0003249266984,2058,0.0003249266984,2059,0.0003249266984,2060,0.0003249266984)",GJ/USD,,
Key\Industry\Intensity\Construction\Direct Process Heating\Electricity,Activity Level,Regional Aspiration Scenario,ALL (12 regions),Growth(Key\Annual EI Reduction\Industry[%]),GJ/USD,,
Key\Industry\Intensity\Construction\Direct Process Heating\Liquid FF,Activity Level,AMS Target Scenario,ALL (12 regions),Growth(Key\Annual EI Reduction\Industry[%]),GJ/USD,,
Key\Industry\Intensity\Construction\Direct Process Heating\Liquid FF,Activity Level,Baseline Simulation,ALL (12 regions),"Data(2005,0.00028353802614,2006,0.00028353802614,2007,0.00028353802614,2008,0.00028353802614,2009,0.00028353802614,2010,0.00028353802614,2011,0.00028353802614,2012,0.00028353802614,2013,0.00028353802614,2014,0.00028353802614,2015,0.00028353802614,2016,0.00028353802614,2017,0.00028353802614,2018,0.00028353802614,2019,0.00028353802614,2020,0.0003082519441,2021,0.00033511635934,2022,0.000333075067,2023,0.00029542456384,2024,0.00029542456384,2025,0.00029542456384,2026,0.00029542456384,2027,0.00029542456384,2028,0.00029542456384,2029,0.00029542456384,2030,0.00029542456384,2031,0.00029542456384,2032,0.00029542456384,2033,0.00029542456384,2034,0.00029542456384,2035,0.00029542456384,2036,0.00029542456384,2037,0.00029542456384,2038,0.00029542456384,2039,0.00029542456384,2040,0.00029542456384,2041,0.00029542456384,2042,0.00029542456384,2043,0.00029542456384,2044,0.00029542456384,2045,0.00029542456384,2046,0.00029542456384,2047,0.00029542456384,2048,0.00029542456384,2049,0.00029542456384,2050,0.00029542456384,2051,0.00029542456384,2052,0.00029542456384,2053,0.00029542456384,2054,0.00029542456384,2055,0.00029542456384,2056,0.00029542456384,2057,0.00029542456384,2058,0.00029542456384,2059,0.00029542456384,2060,0.00029542456384)",GJ/USD,,
Key\Industry\Intensity\Construction\Direct Process Heating\Liquid FF,Activity Level,Current Accounts,ALL (12 regions),"Data(2005,0.00028353802614,2006,0.00028353802614,2007,0.00028353802614,2008,0.00028353802614,2009,0.00028353802614,2010,0.00028353802614,2011,0.00028353802614,2012,0.00028353802614,2013,0.00028353802614,2014,0.00028353802614,2015,0.00028353802614,2016,0.00028353802614,2017,0.00028353802614,2018,0.00028353802614,2019,0.00028353802614,2020,0.0003082519441,2021,0.00033511635934,2022,0.000333075067,2023,0.00029542456384,2024,0.00029542456384,2025,0.00029542456384,2026,0.00029542456384,2027,0.00029542456384,2028,0.00029542456384,2029,0.00029542456384,2030,0.00029542456384,2031,0.00029542456384,2032,0.00029542456384,2033,0.00029542456384,2034,0.00029542456384,2035,0.00029542456384,2036,0.00029542456384,2037,0.00029542456384,2038,0.00029542456384,2039,0.00029542456384,2040,0.00029542456384,2041,0.00029542456384,2042,0.00029542456384,2043,0.00029542456384,2044,0.00029542456384,2045,0.00029542456384,2046,0.00029542456384,2047,0.00029542456384,2048,0.00029542456384,2049,0.00029542456384,2050,0.00029542456384,2051,0.00029542456384,2052,0.00029542456384,2053,0.00029542456384,2054,0.00029542456384,2055,0.00029542456384,2056,0.00029542456384,2057,0.00029542456384,2058,0.00029542456384,2059,0.00029542456384,2060,0.00029542456384)",GJ/USD,,
Key\Industry\Intensity\Construction\Direct Process Heating\Liquid FF,Activity Level,Regional Aspiration Scenario,ALL (12 regions),Growth(Key\Annual EI Reduction\Industry[%]),GJ/USD,,
Key\Industry\Intensity\Construction\Direct Process Heating\Others,Activity Level,AMS Target Scenario,ALL (12 regions),Growth(Key\Annual EI Reduction\Industry[%]),GJ/USD,,
Key\Industry\Intensity\Construction\Direct Process Heating\Others,Activity Level,Baseline Simulation,ALL (12 regions),"Data(2005,0.00176641510564,2006,0.00176641510564,2007,0.00176641510564,2008,0.00176641510564,2009,0.00176641510564,2010,0.00176641510564,2011,0.00176641510564,2012,0.00176641510564,2013,0.00176641510564,2014,0.00176641510564,2015,0.00176641510564,2016,0.00176641510564,2017,0.00176641510564,2018,0.00176641510564,2019,0.00176641510564,2020,0.00196167353836,2021,0.0018860533176,2022,0.00175488978428,2023,0.00157218991966,2024,0.00157218991966,2025,0.00157218991966,2026,0.00157218991966,2027,0.00157218991966,2028,0.00157218991966,2029,0.00157218991966,2030,0.00157218991966,2031,0.00157218991966,2032,0.00157218991966,2033,0.00157218991966,2034,0.00157218991966,2035,0.00157218991966,2036,0.00157218991966,2037,0.00157218991966,2038,0.00157218991966,2039,0.00157218991966,2040,0.00157218991966,2041,0.00157218991966,2042,0.00157218991966,2043,0.00157218991966,2044,0.00157218991966,2045,0.00157218991966,2046,0.00157218991966,2047,0.00157218991966,2048,0.00157218991966,2049,0.00157218991966,2050,0.00157218991966,2051,0.00157218991966,2052,0.00157218991966,2053,0.00157218991966,2054,0.00157218991966,2055,0.00157218991966,2056,0.00157218991966,2057,0.00157218991966,2058,0.00157218991966,2059,0.00157218991966,2060,0.00157218991966)",GJ/USD,,
Key\Industry\Intensity\Construction\Direct Process Heating\Others,Activity Level,Current Accounts,ALL (12 regions),"Data(2005,0.00176641510564,2006,0.00176641510564,2007,0.00176641510564,2008,0.00176641510564,2009,0.00176641510564,2010,0.00176641510564,2011,0.00176641510564,2012,0.00176641510564,2013,0.00176641510564,2014,0.00176641510564,2015,0.00176641510564,2016,0.00176641510564,2017,0.00176641510564,2018,0.00176641510564,2019,0.00176641510564,2020,0.00196167353836,2021,0.0018860533176,2022,0.00175488978428,2023,0.00157218991966,2024,0.00157218991966,2025,0.00157218991966,2026,0.00157218991966,2027,0.00157218991966,2028,0.00157218991966,2029,0.00157218991966,2030,0.00157218991966,2031,0.00157218991966,2032,0.00157218991966,2033,0.00157218991966,2034,0.00157218991966,2035,0.00157218991966,2036,0.00157218991966,2037,0.00157218991966,2038,0.00157218991966,2039,0.00157218991966,2040,0.00157218991966,2041,0.00157218991966,2042,0.00157218991966,2043,0.00157218991966,2044,0.00157218991966,2045,0.00157218991966,2046,0.00157218991966,2047,0.00157218991966,2048,0.00157218991966,2049,0.00157218991966,2050,0.00157218991966,2051,0.00157218991966,2052,0.00157218991966,2053,0.00157218991966,2054,0.00157218991966,2055,0.00157218991966,2056,0.00157218991966,2057,0.00157218991966,2058,0.00157218991966,2059,0.00157218991966,2060,0.00157218991966)",GJ/USD,,
Key\Industry\Intensity\Construction\Direct Process Heating\Others,Activity Level,Regional Aspiration Scenario,ALL (12 regions),Growth(Key\Annual EI Reduction\Industry[%]),GJ/USD,,
Key\Industry\Intensity\Construction\Indirect Process Heating\Electricity,Activity Level,AMS Target Scenario,ALL (12 regions),Growth(Key\Annual EI Reduction\Industry[%]),GJ/USD,,
Key\Industry\Intensity\Construction\Indirect Process Heating\Electricity,Activity Level,Baseline Simulation,ALL (12 regions),"Data(2005,5.87186562e-06,2006,5.87186562e-06,2007,5.87186562e-06,2008,5.87186562e-06,2009,5.87186562e-06,2010,5.87186562e-06,2011,5.87186562e-06,2012,5.87186562e-06,2013,5.87186562e-06,2014,5.87186562e-06,2015,5.87186562e-06,2016,5.87186562e-06,2017,5.87186562e-06,2018,5.87186562e-06,2019,5.87186562e-06,2020,6.68670248e-06,2021,6.56069678e-06,2022,6.45149184e-06,2023,7.38393402e-06,2024,7.38393402e-06,2025,7.38393402e-06,2026,7.38393402e-06,2027,7.38393402e-06,2028,7.38393402e-06,2029,7.38393402e-06,2030,7.38393402e-06,2031,7.38393402e-06,2032,7.38393402e-06,2033,7.38393402e-06,2034,7.38393402e-06,2035,7.38393402e-06,2036,7.38393402e-06,2037,7.38393402e-06,2038,7.38393402e-06,2039,7.38393402e-06,2040,7.38393402e-06,2041,7.38393402e-06,2042,7.38393402e-06,2043,7.38393402e-06,2044,7.38393402e-06,2045,7.38393402e-06,2046,7.38393402e-06,2047,7.38393402e-06,2048,7.38393402e-06,2049,7.38393402e-06,2050,7.38393402e-06,2051,7.38393402e-06,2052,7.38393402e-06,2053,7.38393402e-06,2054,7.38393402e-06,2055,7.38393402e-06,2056,7.38393402e-06,2057,7.38393402e-06,2058,7.38393402e-06,2059,7.38393402e-06,2060,7.38393402e-06)",GJ/USD,,
Key\Industry\Intensity\Construction\Indirect Process Heating\Electricity,Activity Level,Current Accounts,ALL (12 regions),"Data(2005,5.87186562e-06,2006,5.87186562e-06,2007,5.87186562e-06,2008,5.87186562e-06,2009,5.87186562e-06,2010,5.87186562e-06,2011,5.87186562e-06,2012,5.87186562e-06,2013,5.87186562e-06,2014,5.87186562e-06,2015,5.87186562e-06,2016,5.87186562e-06,2017,5.87186562e-06,2018,5.87186562e-06,2019,5.87186562e-06,2020,6.68670248e-06,2021,6.56069678e-06,2022,6.45149184e-06,2023,7.38393402e-06,2024,7.38393402e-06,2025,7.38393402e-06,2026,7.38393402e-06,2027,7.38393402e-06,2028,7.38393402e-06,2029,7.38393402e-06,2030,7.38393402e-06,2031,7.38393402e-06,2032,7.38393402e-06,2033,7.38393402e-06,2034,7.38393402e-06,2035,7.38393402e-06,2036,7.38393402e-06,2037,7.38393402e-06,2038,7.38393402e-06,2039,7.38393402e-06,2040,7.38393402e-06,2041,7.38393402e-06,2042,7.38393402e-06,2043,7.38393402e-06,2044,7.38393402e-06,2045,7.38393402e-06,2046,7.38393402e-06,2047,7.38393402e-06,2048,7.38393402e-06,2049,7.38393402e-06,2050,7.38393402e-06,2051,7.38393402e-06,2052,7.38393402e-06,2053,7.38393402e-06,2054,7.38393402e-06,2055,7.38393402e-06,2056,7.38393402e-06,2057,7.38393402e-06,2058,7.38393402e-06,2059,7.38393402e-06,2060,7.38393402e-06)",GJ/USD,,
Key\Industry\Intensity\Construction\Indirect Process Heating\Electricity,Activity Level,Regional Aspiration Scenario,ALL (12 regions),Growth(Key\Annual EI Reduction\Industry[%]),GJ/USD,,
Key\Industry\Intensity\Construction\Indirect Process Heating\Liquid FF,Activity Level,AMS Target Scenario,ALL (12 regions),Growth(Key\Annual EI Reduction\Industry[%]),GJ/USD,,
Key\Industry\Intensity\Construction\Indirect Process Heating\Liquid FF,Activity Level,Baseline Simulation,ALL (12 regions),"Data(2005,0.00010883532328,2006,0.00010883532328,2007,0.00010883532328,2008,0.00010883532328,2009,0.00010883532328,2010,0.00010883532328,2011,0.00010883532328,2012,0.00010883532328,2013,0.00010883532328,2014,0.00010883532328,2015,0.00010883532328,2016,0.00010883532328,2017,0.00010883532328,2018,0.00010883532328,2019,0.00010883532328,2020,0.00011832775268,2021,0.00012863501894,2022,0.0001278537836,2023,0.00011340513,2024,0.00011340513,2025,0.00011340513,2026,0.00011340513,2027,0.00011340513,2028,0.00011340513,2029,0.00011340513,2030,0.00011340513,2031,0.00011340513,2032,0.00011340513,2033,0.00011340513,2034,0.00011340513,2035,0.00011340513,2036,0.00011340513,2037,0.00011340513,2038,0.00011340513,2039,0.00011340513,2040,0.00011340513,2041,0.00011340513,2042,0.00011340513,2043,0.00011340513,2044,0.00011340513,2045,0.00011340513,2046,0.00011340513,2047,0.00011340513,2048,0.00011340513,2049,0.00011340513,2050,0.00011340513,2051,0.00011340513,2052,0.00011340513,2053,0.00011340513,2054,0.00011340513,2055,0.00011340513,2056,0.00011340513,2057,0.00011340513,2058,0.00011340513,2059,0.00011340513,2060,0.00011340513)",GJ/USD,,
Key\Industry\Intensity\Construction\Indirect Process Heating\Liquid FF,Activity Level,Current Accounts,ALL (12 regions),"Data(2005,0.00010883532328,2006,0.00010883532328,2007,0.00010883532328,2008,0.00010883532328,2009,0.00010883532328,2010,0.00010883532328,2011,0.00010883532328,2012,0.00010883532328,2013,0.00010883532328,2014,0.00010883532328,2015,0.00010883532328,2016,0.00010883532328,2017,0.00010883532328,2018,0.00010883532328,2019,0.00010883532328,2020,0.00011832775268,2021,0.00012863501894,2022,0.0001278537836,2023,0.00011340513,2024,0.00011340513,2025,0.00011340513,2026,0.00011340513,2027,0.00011340513,2028,0.00011340513,2029,0.00011340513,2030,0.00011340513,2031,0.00011340513,2032,0.00011340513,2033,0.00011340513,2034,0.00011340513,2035,0.00011340513,2036,0.00011340513,2037,0.00011340513,2038,0.00011340513,2039,0.00011340513,2040,0.00011340513,2041,0.00011340513,2042,0.00011340513,2043,0.00011340513,2044,0.00011340513,2045,0.00011340513,2046,0.00011340513,2047,0.00011340513,2048,0.00011340513,2049,0.00011340513,2050,0.00011340513,2051,0.00011340513,2052,0.00011340513,2053,0.00011340513,2054,0.00011340513,2055,0.00011340513,2056,0.00011340513,2057,0.00011340513,2058,0.00011340513,2059,0.00011340513,2060,0.00011340513)",GJ/USD,,
Key\Industry\Intensity\Construction\Indirect Process Heating\Liquid FF,Activity Level,Regional Aspiration Scenario,ALL (12 regions),Growth(Key\Annual EI Reduction\Industry[%]),GJ/USD,,
Key\Industry\Intensity\Construction\Indirect Process Heating\Others,Activity Level,AMS Target Scenario,ALL (12 regions),Growth(Key\Annual EI Reduction\Industry[%]),GJ/USD,,
Key\Industry\Intensity\Construction\Indirect Process Heating\Others,Activity Level,Baseline Simulation,ALL (12 regions),"Data(2005,0.00067806187284,2006,0.00067806187284,2007,0.00067806187284,2008,0.00067806187284,2009,0.00067806187284,2010,0.00067806187284,2011,0.00067806187284,2012,0.00067806187284,2013,0.00067806187284,2014,0.00067806187284,2015,0.00067806187284,2016,0.00067806187284,2017,0.00067806187284,2018,0.00067806187284,2019,0.00067806187284,2020,0.00075301846358,2021,0.0007239867503,2022,0.00067363487258,2023,0.00060350850034,2024,0.00060350850034,2025,0.00060350850034,2026,0.00060350850034,2027,0.00060350850034,2028,0.00060350850034,2029,0.00060350850034,2030,0.00060350850034,2031,0.00060350850034,2032,0.00060350850034,2033,0.00060350850034,2034,0.00060350850034,2035,0.00060350850034,2036,0.00060350850034,2037,0.00060350850034,2038,0.00060350850034,2039,0.00060350850034,2040,0.00060350850034,2041,0.00060350850034,2042,0.00060350850034,2043,0.00060350850034,2044,0.00060350850034,2045,0.00060350850034,2046,0.00060350850034,2047,0.00060350850034,2048,0.00060350850034,2049,0.00060350850034,2050,0.00060350850034,2051,0.00060350850034,2052,0.00060350850034,2053,0.00060350850034,2054,0.00060350850034,2055,0.00060350850034,2056,0.00060350850034,2057,0.00060350850034,2058,0.00060350850034,2059,0.00060350850034,2060,0.00060350850034)",GJ/USD,,
Key\Industry\Intensity\Construction\Indirect Process Heating\Others,Activity Level,Current Accounts,ALL (12 regions),"Data(2005,0.00067806187284,2006,0.00067806187284,2007,0.00067806187284,2008,0.00067806187284,2009,0.00067806187284,2010,0.00067806187284,2011,0.00067806187284,2012,0.00067806187284,2013,0.00067806187284,2014,0.00067806187284,2015,0.00067806187284,2016,0.00067806187284,2017,0.00067806187284,2018,0.00067806187284,2019,0.00067806187284,2020,0.00075301846358,2021,0.0007239867503,2022,0.00067363487258,2023,0.00060350850034,2024,0.00060350850034,2025,0.00060350850034,2026,0.00060350850034,2027,0.00060350850034,2028,0.00060350850034,2029,0.00060350850034,2030,0.00060350850034,2031,0.00060350850034,2032,0.00060350850034,2033,0.00060350850034,2034,0.00060350850034,2035,0.00060350850034,2036,0.00060350850034,2037,0.00060350850034,2038,0.00060350850034,2039,0.00060350850034,2040,0.00060350850034,2041,0.00060350850034,2042,0.00060350850034,2043,0.00060350850034,2044,0.00060350850034,2045,0.00060350850034,2046,0.00060350850034,2047,0.00060350850034,2048,0.00060350850034,2049,0.00060350850034,2050,0.00060350850034,2051,0.00060350850034,2052,0.00060350850034,2053,0.00060350850034,2054,0.00060350850034,2055,0.00060350850034,2056,0.00060350850034,2057,0.00060350850034,2058,0.00060350850034,2059,0.00060350850034,2060,0.00060350850034)",GJ/USD,,
Key\Industry\Intensity\Construction\Indirect Process Heating\Others,Activity Level,Regional Aspiration Scenario,ALL (12 regions),Growth(Key\Annual EI Reduction\Industry[%]),GJ/USD,,
Key\Industry\Intensity\Food Beverages and Tobacco\Direct Process Heating\Electricity,Activity Level,AMS Target Scenario,ALL (12 regions),Growth(Key\Annual EI Reduction\Industry[%]),GJ/USD,,
Key\Industry\Intensity\Food Beverages and Tobacco\Direct Process Heating\Electricity,Activity Level,Baseline Simulation,ALL (12 regions),"Data(2005,3.332430746e-05,2006,3.332430746e-05,2007,3.332430746e-05,2008,3.332430746e-05,2009,3.332430746e-05,2010,3.332430746e-05,2011,3.332430746e-05,2012,3.332430746e-05,2013,3.332430746e-05,2014,3.332430746e-05,2015,3.332430746e-05,2016,3.332430746e-05,2017,3.332430746e-05,2018,3.332430746e-05,2019,3.332430746e-05,2020,3.3181501e-05,2021,3.429035116e-05,2022,3.499598308e-05,2023,4.181709164e-05,2024,4.181709164e-05,2025,4.181709164e-05,2026,4.181709164e-05,2027,4.181709164e-05,2028,4.181709164e-05,2029,4.181709164e-05,2030,4.181709164e-05,2031,4.181709164e-05,2032,4.181709164e-05,2033,4.181709164e-05,2034,4.181709164e-05,2035,4.181709164e-05,2036,4.181709164e-05,2037,4.181709164e-05,2038,4.181709164e-05,2039,4.181709164e-05,2040,4.181709164e-05,2041,4.181709164e-05,2042,4.181709164e-05,2043,4.181709164e-05,2044,4.181709164e-05,2045,4.181709164e-05,2046,4.181709164e-05,2047,4.181709164e-05,2048,4.181709164e-05,2049,4.181709164e-05,2050,4.181709164e-05,2051,4.181709164e-05,2052,4.181709164e-05,2053,4.181709164e-05,2054,4.181709164e-05,2055,4.181709164e-05,2056,4.181709164e-05,2057,4.181709164e-05,2058,4.181709164e-05,2059,4.181709164e-05,2060,4.181709164e-05)",GJ/USD,,
Key\Industry\Intensity\Food Beverages and Tobacco\Direct Process Heating\Electricity,Activity Level,Current Accounts,ALL (12 regions),"Data(2005,3.332430746e-05,2006,3.332430746e-05,2007,3.332430746e-05,2008,3.332430746e-05,2009,3.332430746e-05,2010,3.332430746e-05,2011,3.332430746e-05,2012,3.332430746e-05,2013,3.332430746e-05,2014,3.332430746e-05,2015,3.332430746e-05,2016,3.332430746e-05,2017,3.332430746e-05,2018,3.332430746e-05,2019,3.332430746e-05,2020,3.3181501e-05,2021,3.429035116e-05,2022,3.499598308e-05,2023,4.181709164e-05,2024,4.181709164e-05,2025,4.181709164e-05,2026,4.181709164e-05,2027,4.181709164e-05,2028,4.181709164e-05,2029,4.181709164e-05,2030,4.181709164e-05,2031,4.181709164e-05,2032,4.181709164e-05,2033,4.181709164e-05,2034,4.181709164e-05,2035,4.181709164e-05,2036,4.181709164e-05,2037,4.181709164e-05,2038,4.181709164e-05,2039,4.181709164e-05,2040,4.181709164e-05,2041,4.181709164e-05,2042,4.181709164e-05,2043,4.181709164e-05,2044,4.181709164e-05,2045,4.181709164e-05,2046,4.181709164e-05,2047,4.181709164e-05,2048,4.181709164e-05,2049,4.181709164e-05,2050,4.181709164e-05,2051,4.181709164e-05,2052,4.181709164e-05,2053,4.181709164e-05,2054,4.181709164e-05,2055,4.181709164e-05,2056,4.181709164e-05,2057,4.181709164e-05,2058,4.181709164e-05,2059,4.181709164e-05,2060,4.181709164e-05)",GJ/USD,,
Key\Industry\Intensity\Food Beverages and Tobacco\Direct Process Heating\Electricity,Activity Level,Regional Aspiration Scenario,ALL (12 regions),"Interp(2005,3.332430746e-05,2006,3.332430746e-05,2007,3.332430746e-05,2008,3.332430746e-05,2009,3.332430746e-05,2010,3.332430746e-05,2011,3.332430746e-05,2012,3.332430746e-05,2013,3.332430746e-05,2014,3.332430746e-05,2015,3.332430746e-05,2016,3.332430746e-05,2017,3.332430746e-05,2018,3.332430746e-05,2019,3.332430746e-05,2020,3.3181501e-05,2021,3.429035116e-05,2022,3.499598308e-05,2023,4.181709164e-05,2024,4.54295915101e-05,2025,5.02614611466e-05,2026,5.6334521005e-05,2027,6.43326702508e-05,2028,7.48059302223e-05,2029,8.84346159204e-05,2030,0.00010604078824,2031,0.000128496751143,2032,0.000156901361244,2033,0.000192336279213,2034,0.00023577644185,2035,0.000287878865936,2036,0.000348132548749,2037,0.000416290053043,2038,0.000490415524689,2039,0.000567455761724,2040,0.000643532947293,2041,0.000714525418706,2042,0.000776775452831,2043,0.00082768133805,2044,0.000865982496324,2045,0.000891696706306,2046,0.000905811144109,2047,0.000909885004004,2048,0.000905691774109,2049,0.000894963812024,2050,0.000879245829313,2051,0.000866829458163,2052,0.000851694310439,2053,0.000834604103736,2054,0.000816146517908,2055,0.000796766315404,2056,0.000781416686733,2057,0.000765570139152,2058,0.000749399517547,2059,0.000733032100979,2060,0.000716561254057)",GJ/USD,,
Key\Industry\Intensity\Food Beverages and Tobacco\Direct Process Heating\Liquid FF,Activity Level,AMS Target Scenario,ALL (12 regions),Growth(Key\Annual EI Reduction\Industry[%]),GJ/USD,,
Key\Industry\Intensity\Food Beverages and Tobacco\Direct Process Heating\Liquid FF,Activity Level,Baseline Simulation,ALL (12 regions),"Data(2005,0.00024993650614,2006,0.00024993650614,2007,0.00024993650614,2008,0.00024993650614,2009,0.00024993650614,2010,0.00024993650614,2011,0.00024993650614,2012,0.00024993650614,2013,0.00024993650614,2014,0.00024993650614,2015,0.00024993650614,2016,0.00024993650614,2017,0.00024993650614,2018,0.00024993650614,2019,0.00024993650614,2020,0.00023326175184,2021,0.00026420035138,2022,0.00028815823514,2023,0.00025858889754,2024,0.00025858889754,2025,0.00025858889754,2026,0.00025858889754,2027,0.00025858889754,2028,0.00025858889754,2029,0.00025858889754,2030,0.00025858889754,2031,0.00025858889754,2032,0.00025858889754,2033,0.00025858889754,2034,0.00025858889754,2035,0.00025858889754,2036,0.00025858889754,2037,0.00025858889754,2038,0.00025858889754,2039,0.00025858889754,2040,0.00025858889754,2041,0.00025858889754,2042,0.00025858889754,2043,0.00025858889754,2044,0.00025858889754,2045,0.00025858889754,2046,0.00025858889754,2047,0.00025858889754,2048,0.00025858889754,2049,0.00025858889754,2050,0.00025858889754,2051,0.00025858889754,2052,0.00025858889754,2053,0.00025858889754,2054,0.00025858889754,2055,0.00025858889754,2056,0.00025858889754,2057,0.00025858889754,2058,0.00025858889754,2059,0.00025858889754,2060,0.00025858889754)",GJ/USD,,
Key\Industry\Intensity\Food Beverages and Tobacco\Direct Process Heating\Liquid FF,Activity Level,Current Accounts,ALL (12 regions),"Data(2005,0.00024993650614,2006,0.00024993650614,2007,0.00024993650614,2008,0.00024993650614,2009,0.00024993650614,2010,0.00024993650614,2011,0.00024993650614,2012,0.00024993650614,2013,0.00024993650614,2014,0.00024993650614,2015,0.00024993650614,2016,0.00024993650614,2017,0.00024993650614,2018,0.00024993650614,2019,0.00024993650614,2020,0.00023326175184,2021,0.00026420035138,2022,0.00028815823514,2023,0.00025858889754,2024,0.00025858889754,2025,0.00025858889754,2026,0.00025858889754,2027,0.00025858889754,2028,0.00025858889754,2029,0.00025858889754,2030,0.00025858889754,2031,0.00025858889754,2032,0.00025858889754,2033,0.00025858889754,2034,0.00025858889754,2035,0.00025858889754,2036,0.00025858889754,2037,0.00025858889754,2038,0.00025858889754,2039,0.00025858889754,2040,0.00025858889754,2041,0.00025858889754,2042,0.00025858889754,2043,0.00025858889754,2044,0.00025858889754,2045,0.00025858889754,2046,0.00025858889754,2047,0.00025858889754,2048,0.00025858889754,2049,0.00025858889754,2050,0.00025858889754,2051,0.00025858889754,2052,0.00025858889754,2053,0.00025858889754,2054,0.00025858889754,2055,0.00025858889754,2056,0.00025858889754,2057,0.00025858889754,2058,0.00025858889754,2059,0.00025858889754,2060,0.00025858889754)",GJ/USD,,
Key\Industry\Intensity\Food Beverages and Tobacco\Direct Process Heating\Liquid FF,Activity Level,Regional Aspiration Scenario,ALL (12 regions),"Interp(2005,0.00024993650614,2006,0.00024993650614,2007,0.00024993650614,2008,0.00024993650614,2009,0.00024993650614,2010,0.00024993650614,2011,0.00024993650614,2012,0.00024993650614,2013,0.00024993650614,2014,0.00024993650614,2015,0.00024993650614,2016,0.00024993650614,2017,0.00024993650614,2018,0.00024993650614,2019,0.00024993650614,2020,0.00023326175184,2021,0.00026420035138,2022,0.00028815823514,2023,0.00025858889754,2024,0.000252465790172,2025,0.000246187667337,2026,0.000237311243886,2027,0.000228309777074,2028,0.000219119876428,2029,0.000209664884392,2030,0.000199854623368,2031,0.00018950649014,2032,0.00017860030393,2033,0.000167032758739,2034,0.000154722344217,2035,0.000141634633353,2036,0.000127813265439,2037,0.000113409979186,2038,9.87019009256e-05,2039,8.4082213009e-05,2040,7.00158252082e-05,2041,5.69657538894e-05,2042,4.53119609757e-05,2043,3.52909079236e-05,2044,2.69748616134e-05,2045,2.02912091033e-05,2046,1.50666119553e-05,2047,1.10766623576e-05,2048,8.08706264179e-06,2049,5.88070901181e-06,2050,4.2714001151e-06,2051,3.10778846054e-06,2052,2.27151974325e-06,2053,1.67263231883e-06,2054,1.24418024422e-06,2055,9.37137970771e-07,2056,7.22786754146e-07,2057,5.66118039778e-07,2058,4.50176485907e-07,2059,3.62877967024e-07,2060,2.95656297939e-07)",GJ/USD,,
Key\Industry\Intensity\Food Beverages and Tobacco\Direct Process Heating\Others,Activity Level,AMS Target Scenario,ALL (12 regions),Growth(Key\Annual EI Reduction\Industry[%]),GJ/USD,,
Key\Industry\Intensity\Food Beverages and Tobacco\Direct Process Heating\Others,Activity Level,Baseline Simulation,ALL (12 regions),"Data(2005,0.00151535294858,2006,0.00151535294858,2007,0.00151535294858,2008,0.00151535294858,2009,0.00151535294858,2010,0.00151535294858,2011,0.00151535294858,2012,0.00151535294858,2013,0.00151535294858,2014,0.00151535294858,2015,0.00151535294858,2016,0.00151535294858,2017,0.00151535294858,2018,0.00151535294858,2019,0.00151535294858,2020,0.00139042249722,2021,0.00131825483264,2022,0.00190779350104,2023,0.00161550227894,2024,0.00161550227894,2025,0.00161550227894,2026,0.00161550227894,2027,0.00161550227894,2028,0.00161550227894,2029,0.00161550227894,2030,0.00161550227894,2031,0.00161550227894,2032,0.00161550227894,2033,0.00161550227894,2034,0.00161550227894,2035,0.00161550227894,2036,0.00161550227894,2037,0.00161550227894,2038,0.00161550227894,2039,0.00161550227894,2040,0.00161550227894,2041,0.00161550227894,2042,0.00161550227894,2043,0.00161550227894,2044,0.00161550227894,2045,0.00161550227894,2046,0.00161550227894,2047,0.00161550227894,2048,0.00161550227894,2049,0.00161550227894,2050,0.00161550227894,2051,0.00161550227894,2052,0.00161550227894,2053,0.00161550227894,2054,0.00161550227894,2055,0.00161550227894,2056,0.00161550227894,2057,0.00161550227894,2058,0.00161550227894,2059,0.00161550227894,2060,0.00161550227894)",GJ/USD,,
Key\Industry\Intensity\Food Beverages and Tobacco\Direct Process Heating\Others,Activity Level,Current Accounts,ALL (12 regions),"Data(2005,0.00151535294858,2006,0.00151535294858,2007,0.00151535294858,2008,0.00151535294858,2009,0.00151535294858,2010,0.00151535294858,2011,0.00151535294858,2012,0.00151535294858,2013,0.00151535294858,2014,0.00151535294858,2015,0.00151535294858,2016,0.00151535294858,2017,0.00151535294858,2018,0.00151535294858,2019,0.00151535294858,2020,0.00139042249722,2021,0.00131825483264,2022,0.00190779350104,2023,0.00161550227894,2024,0.00161550227894,2025,0.00161550227894,2026,0.00161550227894,2027,0.00161550227894,2028,0.00161550227894,2029,0.00161550227894,2030,0.00161550227894,2031,0.00161550227894,2032,0.00161550227894,2033,0.00161550227894,2034,0.00161550227894,2035,0.00161550227894,2036,0.00161550227894,2037,0.00161550227894,2038,0.00161550227894,2039,0.00161550227894,2040,0.00161550227894,2041,0.00161550227894,2042,0.00161550227894,2043,0.00161550227894,2044,0.00161550227894,2045,0.00161550227894,2046,0.00161550227894,2047,0.00161550227894,2048,0.00161550227894,2049,0.00161550227894,2050,0.00161550227894,2051,0.00161550227894,2052,0.00161550227894,2053,0.00161550227894,2054,0.00161550227894,2055,0.00161550227894,2056,0.00161550227894,2057,0.00161550227894,2058,0.00161550227894,2059,0.00161550227894,2060,0.00161550227894)",GJ/USD,,
Key\Industry\Intensity\Food Beverages and Tobacco\Direct Process Heating\Others,Activity Level,Regional Aspiration Scenario,ALL (12 regions),"Interp(2005,0.00151535294858,2006,0.00151535294858,2007,0.00151535294858,2008,0.00151535294858,2009,0.00151535294858,2010,0.00151535294858,2011,0.00151535294858,2012,0.00151535294858,2013,0.00151535294858,2014,0.00151535294858,2015,0.00151535294858,2016,0.00151535294858,2017,0.00151535294858,2018,0.00151535294858,2019,0.00151535294858,2020,0.00139042249722,2021,0.00131825483264,2022,0.00190779350104,2023,0.00161550227894,2024,0.00159419296921,2025,0.00157181930517,2026,0.00153256317012,2027,0.00149198059958,2028,0.00144958496269,2029,0.00140477260199,2030,0.00135681163421,2031,0.0013034549125,2032,0.00124522158005,2033,0.0011811332822,2034,0.00111029659249,2035,0.00103208892114,2036,0.000946404737448,2037,0.000853920997506,2038,0.000756296429117,2039,0.00065619105189,2040,0.000557017772911,2041,0.000462435238503,2042,0.000375721209873,2043,0.000299240937184,2044,0.000234182731596,2045,0.000180601427395,2046,0.000137683186909,2047,0.000104093223676,2048,7.82923472471e-05,2049,5.87653038198e-05,2050,4.41535831818e-05,2051,3.36021923619e-05,2052,2.57653145854e-05,2053,1.99691939029e-05,2054,1.56930964007e-05,2055,1.25412851815e-05,2056,1.02766446594e-05,2057,8.59936158221e-06,2058,7.35354640495e-06,2059,6.42400419132e-06,2060,5.72593651818e-06)",GJ/USD,,
Key\Industry\Intensity\Food Beverages and Tobacco\Indirect Process Heating\Electricity,Activity Level,AMS Target Scenario,ALL (12 regions),Growth(Key\Annual EI Reduction\Industry[%]),GJ/USD,,
Key\Industry\Intensity\Food Beverages and Tobacco\Indirect Process Heating\Electricity,Activity Level,Baseline Simulation,ALL (12 regions),"Data(2005,2.22190051e-05,2006,2.22190051e-05,2007,2.22190051e-05,2008,2.22190051e-05,2009,2.22190051e-05,2010,2.22190051e-05,2011,2.22190051e-05,2012,2.22190051e-05,2013,2.22190051e-05,2014,2.22190051e-05,2015,2.22190051e-05,2016,2.22190051e-05,2017,2.22190051e-05,2018,2.22190051e-05,2019,2.22190051e-05,2020,2.211820054e-05,2021,2.285743398e-05,2022,2.332785526e-05,2023,2.787246084e-05,2024,2.787246084e-05,2025,2.787246084e-05,2026,2.787246084e-05,2027,2.787246084e-05,2028,2.787246084e-05,2029,2.787246084e-05,2030,2.787246084e-05,2031,2.787246084e-05,2032,2.787246084e-05,2033,2.787246084e-05,2034,2.787246084e-05,2035,2.787246084e-05,2036,2.787246084e-05,2037,2.787246084e-05,2038,2.787246084e-05,2039,2.787246084e-05,2040,2.787246084e-05,2041,2.787246084e-05,2042,2.787246084e-05,2043,2.787246084e-05,2044,2.787246084e-05,2045,2.787246084e-05,2046,2.787246084e-05,2047,2.787246084e-05,2048,2.787246084e-05,2049,2.787246084e-05,2050,2.787246084e-05,2051,2.787246084e-05,2052,2.787246084e-05,2053,2.787246084e-05,2054,2.787246084e-05,2055,2.787246084e-05,2056,2.787246084e-05,2057,2.787246084e-05,2058,2.787246084e-05,2059,2.787246084e-05,2060,2.787246084e-05)",GJ/USD,,
Key\Industry\Intensity\Food Beverages and Tobacco\Indirect Process Heating\Electricity,Activity Level,Current Accounts,ALL (12 regions),"Data(2005,2.22190051e-05,2006,2.22190051e-05,2007,2.22190051e-05,2008,2.22190051e-05,2009,2.22190051e-05,2010,2.22190051e-05,2011,2.22190051e-05,2012,2.22190051e-05,2013,2.22190051e-05,2014,2.22190051e-05,2015,2.22190051e-05,2016,2.22190051e-05,2017,2.22190051e-05,2018,2.22190051e-05,2019,2.22190051e-05,2020,2.211820054e-05,2021,2.285743398e-05,2022,2.332785526e-05,2023,2.787246084e-05,2024,2.787246084e-05,2025,2.787246084e-05,2026,2.787246084e-05,2027,2.787246084e-05,2028,2.787246084e-05,2029,2.787246084e-05,2030,2.787246084e-05,2031,2.787246084e-05,2032,2.787246084e-05,2033,2.787246084e-05,2034,2.787246084e-05,2035,2.787246084e-05,2036,2.787246084e-05,2037,2.787246084e-05,2038,2.787246084e-05,2039,2.787246084e-05,2040,2.787246084e-05,2041,2.787246084e-05,2042,2.787246084e-05,2043,2.787246084e-05,2044,2.787246084e-05,2045,2.787246084e-05,2046,2.787246084e-05,2047,2.787246084e-05,2048,2.787246084e-05,2049,2.787246084e-05,2050,2.787246084e-05,2051,2.787246084e-05,2052,2.787246084e-05,2053,2.787246084e-05,2054,2.787246084e-05,2055,2.787246084e-05,2056,2.787246084e-05,2057,2.787246084e-05,2058,2.787246084e-05,2059,2.787246084e-05,2060,2.787246084e-05)",GJ/USD,,
Key\Industry\Intensity\Food Beverages and Tobacco\Indirect Process Heating\Electricity,Activity Level,Regional Aspiration Scenario,ALL (12 regions),"Interp(2005,2.22190051e-05,2006,2.22190051e-05,2007,2.22190051e-05,2008,2.22190051e-05,2009,2.22190051e-05,2010,2.22190051e-05,2011,2.22190051e-05,2012,2.22190051e-05,2013,2.22190051e-05,2014,2.22190051e-05,2015,2.22190051e-05,2016,2.22190051e-05,2017,2.22190051e-05,2018,2.22190051e-05,2019,2.22190051e-05,2020,2.211820054e-05,2021,2.285743398e-05,2022,2.332785526e-05,2023,2.787246084e-05,2024,3.47090229565e-05,2025,4.37461143702e-05,2026,5.52563167301e-05,2027,7.0237448896e-05,2028,8.96821041033e-05,2029,0.000114818009414,2030,0.000147128692943,2031,0.000188188353687,2032,0.00023998003793,2033,0.000304455759451,2034,0.000383374933467,2035,0.000477923242584,2036,0.000587830526873,2037,0.000711988714408,2038,0.000846904276556,2039,0.000987067268373,2040,0.00112547960747,2041,0.00125470315588,2042,0.0013681370214,2043,0.00146108603738,2044,0.00153127530698,2045,0.00157873691336,2046,0.00160525235806,2047,0.00161363543254,2048,0.00160708665277,2049,0.00158873230891,2050,0.00156136005678,2051,0.00153957165616,2052,0.00151287682765,2053,0.00148265381033,2054,0.00144996315771,2055,0.00141560750811,2056,0.0013885256128,2057,0.00136054695465,2058,0.00133198345736,2059,0.00130306481448,2060,0.00127395951602)",GJ/USD,,
Key\Industry\Intensity\Food Beverages and Tobacco\Indirect Process Heating\Liquid FF,Activity Level,AMS Target Scenario,ALL (12 regions),Growth(Key\Annual EI Reduction\Industry[%]),GJ/USD,,
Key\Industry\Intensity\Food Beverages and Tobacco\Indirect Process Heating\Liquid FF,Activity Level,Baseline Simulation,ALL (12 regions),"Data(2005,0.00045105000372,2006,0.00045105000372,2007,0.00045105000372,2008,0.00045105000372,2009,0.00045105000372,2010,0.00045105000372,2011,0.00045105000372,2012,0.00045105000372,2013,0.00045105000372,2014,0.00045105000372,2015,0.00045105000372,2016,0.00045105000372,2017,0.00045105000372,2018,0.00045105000372,2019,0.00045105000372,2020,0.00042095144218,2021,0.00047679716842,2022,0.00052001712352,2023,0.00046665790976,2024,0.00046665790976,2025,0.00046665790976,2026,0.00046665790976,2027,0.00046665790976,2028,0.00046665790976,2029,0.00046665790976,2030,0.00046665790976,2031,0.00046665790976,2032,0.00046665790976,2033,0.00046665790976,2034,0.00046665790976,2035,0.00046665790976,2036,0.00046665790976,2037,0.00046665790976,2038,0.00046665790976,2039,0.00046665790976,2040,0.00046665790976,2041,0.00046665790976,2042,0.00046665790976,2043,0.00046665790976,2044,0.00046665790976,2045,0.00046665790976,2046,0.00046665790976,2047,0.00046665790976,2048,0.00046665790976,2049,0.00046665790976,2050,0.00046665790976,2051,0.00046665790976,2052,0.00046665790976,2053,0.00046665790976,2054,0.00046665790976,2055,0.00046665790976,2056,0.00046665790976,2057,0.00046665790976,2058,0.00046665790976,2059,0.00046665790976,2060,0.00046665790976)",GJ/USD,,
Key\Industry\Intensity\Food Beverages and Tobacco\Indirect Process Heating\Liquid FF,Activity Level,Current Accounts,ALL (12 regions),"Data(2005,0.00045105000372,2006,0.00045105000372,2007,0.00045105000372,2008,0.00045105000372,2009,0.00045105000372,2010,0.00045105000372,2011,0.00045105000372,2012,0.00045105000372,2013,0.00045105000372,2014,0.00045105000372,2015,0.00045105000372,2016,0.00045105000372,2017,0.00045105000372,2018,0.00045105000372,2019,0.00045105000372,2020,0.00042095144218,2021,0.00047679716842,2022,0.00052001712352,2023,0.00046665790976,2024,0.00046665790976,2025,0.00046665790976,2026,0.00046665790976,2027,0.00046665790976,2028,0.00046665790976,2029,0.00046665790976,2030,0.00046665790976,2031,0.00046665790976,2032,0.00046665790976,2033,0.00046665790976,2034,0.00046665790976,2035,0.00046665790976,2036,0.00046665790976,2037,0.00046665790976,2038,0.00046665790976,2039,0.00046665790976,2040,0.00046665790976,2041,0.00046665790976,2042,0.00046665790976,2043,0.00046665790976,2044,0.00046665790976,2045,0.00046665790976,2046,0.00046665790976,2047,0.00046665790976,2048,0.00046665790976,2049,0.00046665790976,2050,0.00046665790976,2051,0.00046665790976,2052,0.00046665790976,2053,0.00046665790976,2054,0.00046665790976,2055,0.00046665790976,2056,0.00046665790976,2057,0.00046665790976,2058,0.00046665790976,2059,0.00046665790976,2060,0.00046665790976)",GJ/USD,,
Key\Industry\Intensity\Food Beverages and Tobacco\Indirect Process Heating\Liquid FF,Activity Level,Regional Aspiration Scenario,ALL (12 regions),"Interp(2005,0.00045105000372,2006,0.00045105000372,2007,0.00045105000372,2008,0.00045105000372,2009,0.00045105000372,2010,0.00045105000372,2011,0.00045105000372,2012,0.00045105000372,2013,0.00045105000372,2014,0.00045105000372,2015,0.00045105000372,2016,0.00045105000372,2017,0.00045105000372,2018,0.00045105000372,2019,0.00045105000372,2020,0.00042095144218,2021,0.00047679716842,2022,0.00052001712352,2023,0.00046665790976,2024,0.000455607951651,2025,0.000444278247602,2026,0.000428259566006,2027,0.000412015227106,2028,0.0003954308344,2029,0.000378368049175,2030,0.000360664134013,2031,0.000341989557232,2032,0.000322307899943,2033,0.000301432732791,2034,0.000279216959553,2035,0.000255598452134,2036,0.000230655963411,2037,0.000204663325984,2038,0.000178120651016,2039,0.000151737488129,2040,0.000126352828573,2041,0.000102802246697,2042,8.17714341073e-05,2043,6.36871168167e-05,2044,4.86797099811e-05,2045,3.66181739306e-05,2046,2.71896964994e-05,2047,1.99893040733e-05,2048,1.45941754825e-05,2049,1.06125181764e-05,2050,7.70830715635e-06,2051,5.60841583212e-06,2052,4.09925818722e-06,2053,3.01848652099e-06,2054,2.24528801373e-06,2055,1.69118957062e-06,2056,1.30436441433e-06,2057,1.02163497209e-06,2058,8.12403084336e-07,2059,6.54861346332e-07,2060,5.33550942504e-07)",GJ/USD,,
Key\Industry\Intensity\Food Beverages and Tobacco\Indirect Process Heating\Others,Activity Level,AMS Target Scenario,ALL (12 regions),Growth(Key\Annual EI Reduction\Industry[%]),GJ/USD,,
Key\Industry\Intensity\Food Beverages and Tobacco\Indirect Process Heating\Others,Activity Level,Baseline Simulation,ALL (12 regions),"Data(2005,0.00273467650596,2006,0.00273467650596,2007,0.00273467650596,2008,0.00273467650596,2009,0.00273467650596,2010,0.00273467650596,2011,0.00273467650596,2012,0.00273467650596,2013,0.00273467650596,2014,0.00273467650596,2015,0.00273467650596,2016,0.00273467650596,2017,0.00273467650596,2018,0.00273467650596,2019,0.00273467650596,2020,0.00250921870714,2021,0.00237899601638,2022,0.00344290414338,2023,0.00291541068166,2024,0.00291541068166,2025,0.00291541068166,2026,0.00291541068166,2027,0.00291541068166,2028,0.00291541068166,2029,0.00291541068166,2030,0.00291541068166,2031,0.00291541068166,2032,0.00291541068166,2033,0.00291541068166,2034,0.00291541068166,2035,0.00291541068166,2036,0.00291541068166,2037,0.00291541068166,2038,0.00291541068166,2039,0.00291541068166,2040,0.00291541068166,2041,0.00291541068166,2042,0.00291541068166,2043,0.00291541068166,2044,0.00291541068166,2045,0.00291541068166,2046,0.00291541068166,2047,0.00291541068166,2048,0.00291541068166,2049,0.00291541068166,2050,0.00291541068166,2051,0.00291541068166,2052,0.00291541068166,2053,0.00291541068166,2054,0.00291541068166,2055,0.00291541068166,2056,0.00291541068166,2057,0.00291541068166,2058,0.00291541068166,2059,0.00291541068166,2060,0.00291541068166)",GJ/USD,,
Key\Industry\Intensity\Food Beverages and Tobacco\Indirect Process Heating\Others,Activity Level,Current Accounts,ALL (12 regions),"Data(2005,0.00273467650596,2006,0.00273467650596,2007,0.00273467650596,2008,0.00273467650596,2009,0.00273467650596,2010,0.00273467650596,2011,0.00273467650596,2012,0.00273467650596,2013,0.00273467650596,2014,0.00273467650596,2015,0.00273467650596,2016,0.00273467650596,2017,0.00273467650596,2018,0.00273467650596,2019,0.00273467650596,2020,0.00250921870714,2021,0.00237899601638,2022,0.00344290414338,2023,0.00291541068166,2024,0.00291541068166,2025,0.00291541068166,2026,0.00291541068166,2027,0.00291541068166,2028,0.00291541068166,2029,0.00291541068166,2030,0.00291541068166,2031,0.00291541068166,2032,0.00291541068166,2033,0.00291541068166,2034,0.00291541068166,2035,0.00291541068166,2036,0.00291541068166,2037,0.00291541068166,2038,0.00291541068166,2039,0.00291541068166,2040,0.00291541068166,2041,0.00291541068166,2042,0.00291541068166,2043,0.00291541068166,2044,0.00291541068166,2045,0.00291541068166,2046,0.00291541068166,2047,0.00291541068166,2048,0.00291541068166,2049,0.00291541068166,2050,0.00291541068166,2051,0.00291541068166,2052,0.00291541068166,2053,0.00291541068166,2054,0.00291541068166,2055,0.00291541068166,2056,0.00291541068166,2057,0.00291541068166,2058,0.00291541068166,2059,0.00291541068166,2060,0.00291541068166)",GJ/USD,,
Key\Industry\Intensity\Food Beverages and Tobacco\Indirect Process Heating\Others,Activity Level,Regional Aspiration Scenario,ALL (12 regions),"Interp(2005,0.00273467650596,2006,0.00273467650596,2007,0.00273467650596,2008,0.00273467650596,2009,0.00273467650596,2010,0.00273467650596,2011,0.00273467650596,2012,0.00273467650596,2013,0.00273467650596,2014,0.00273467650596,2015,0.00273467650596,2016,0.00273467650596,2017,0.00273467650596,2018,0.00273467650596,2019,0.00273467650596,2020,0.00250921870714,2021,0.00237899601638,2022,0.00344290414338,2023,0.00291541068166,2024,0.00287695490848,2025,0.00283657835194,2026,0.00276573490161,2027,0.002692497704,2028,0.00261598856237,2029,0.00253511808838,2030,0.00244856549132,2031,0.00235227546535,2032,0.00224718488042,2033,0.00213152815213,2034,0.00200369296147,2035,0.00186255575393,2036,0.00170792608386,2037,0.00154102561778,2038,0.00136484777316,2039,0.00118419294533,2040,0.00100522022543,2041,0.000834532177071,2042,0.000678044000848,2043,0.000540024137403,2044,0.000422617068423,2045,0.000325921750414,2046,0.000248469493996,2047,0.000187851481332,2048,0.00014129001762,2049,0.000106050605252,2050,7.96816134028e-05,2051,6.06400819214e-05,2052,4.6497287152e-05,2053,3.60373377169e-05,2054,2.83204929336e-05,2055,2.26325875591e-05,2056,1.85457117593e-05,2057,1.55188085706e-05,2058,1.3270552457e-05,2059,1.15930572693e-05,2060,1.03332918221e-05)",GJ/USD,,
Key\Industry\Intensity\Iron and Steel\Casting\Electricity,Activity Level,AMS Target Scenario,ALL (12 regions),"Interp(2005,0.134,2006,0.134,2007,0.134,2008,0.134,2009,0.134,2010,0.134,2011,0.134,2012,0.134,2013,0.134,2014,0.134,2015,0.134,2016,0.134,2017,0.134,2018,0.134,2019,0.134,2020,0.134,2021,0.134,2022,0.134,2023,0.134,2024,0.134)",GJ/Metric Tonne,,
Key\Industry\Intensity\Iron and Steel\Casting\Electricity,Activity Level,Baseline Simulation,ALL (12 regions),"Interp(2005,0.134,2006,0.134,2007,0.134,2008,0.134,2009,0.134,2010,0.134,2011,0.134,2012,0.134,2013,0.134,2014,0.134,2015,0.134,2016,0.134,2017,0.134,2018,0.134,2019,0.134,2020,0.134,2021,0.134,2022,0.134,2023,0.134,2024,0.134)",GJ/Metric Tonne,,
Key\Industry\Intensity\Iron and Steel\Casting\Electricity,Activity Level,Current Accounts,ALL (12 regions),"Interp(2005,0.134,2006,0.134,2007,0.134,2008,0.134,2009,0.134,2010,0.134,2011,0.134,2012,0.134,2013,0.134,2014,0.134,2015,0.134,2016,0.134,2017,0.134,2018,0.134,2019,0.134,2020,0.134,2021,0.134,2022,0.134,2023,0.134,2024,0.134)",GJ/Metric Tonne,,
Key\Industry\Intensity\Iron and Steel\Casting\Electricity,Activity Level,Regional Aspiration Scenario,ALL (12 regions),"Interp(2005,0.134,2006,0.134,2007,0.134,2008,0.134,2009,0.134,2010,0.134,2011,0.134,2012,0.134,2013,0.134,2014,0.134,2015,0.134,2016,0.134,2017,0.134,2018,0.134,2019,0.134,2020,0.134,2021,0.134,2022,0.134,2023,0.134,2024,0.134)",GJ/Metric Tonne,,
Key\Industry\Intensity\Iron and Steel\Casting\Natural Gas,Activity Level,AMS Target Scenario,ALL (12 regions),"Interp(2005,0.551,2006,0.551,2007,0.551,2008,0.551,2009,0.551,2010,0.551,2011,0.551,2012,0.551,2013,0.551,2014,0.551,2015,0.551,2016,0.551,2017,0.551,2018,0.551,2019,0.551,2020,0.551,2021,0.551,2022,0.551,2023,0.551,2024,0.551)",GJ/Metric Tonne,,
Key\Industry\Intensity\Iron and Steel\Casting\Natural Gas,Activity Level,Baseline Simulation,ALL (12 regions),"Interp(2005,0.551,2006,0.551,2007,0.551,2008,0.551,2009,0.551,2010,0.551,2011,0.551,2012,0.551,2013,0.551,2014,0.551,2015,0.551,2016,0.551,2017,0.551,2018,0.551,2019,0.551,2020,0.551,2021,0.551,2022,0.551,2023,0.551,2024,0.551)",GJ/Metric Tonne,,
Key\Industry\Intensity\Iron and Steel\Casting\Natural Gas,Activity Level,Current Accounts,ALL (12 regions),"Interp(2005,0.551,2006,0.551,2007,0.551,2008,0.551,2009,0.551,2010,0.551,2011,0.551,2012,0.551,2013,0.551,2014,0.551,2015,0.551,2016,0.551,2017,0.551,2018,0.551,2019,0.551,2020,0.551,2021,0.551,2022,0.551,2023,0.551,2024,0.551)",GJ/Metric Tonne,,
Key\Industry\Intensity\Iron and Steel\Casting\Natural Gas,Activity Level,Regional Aspiration Scenario,ALL (12 regions),"Interp(2005,0.551,2006,0.551,2007,0.551,2008,0.551,2009,0.551,2010,0.551,2011,0.551,2012,0.551,2013,0.551,2014,0.551,2015,0.551,2016,0.551,2017,0.551,2018,0.551,2019,0.551,2020,0.551,2021,0.551,2022,0.551,2023,0.551,2024,0.551)",GJ/Metric Tonne,,
Key\Industry\Intensity\Iron and Steel\Crude Steel\BOF\BF CCS\Coal Bituminous,Activity Level,AMS Target Scenario,ALL (12 regions),Growth(Key\Annual EI Reduction\Industry[%]),GJ/Metric Tonne,,
Key\Industry\Intensity\Iron and Steel\Crude Steel\BOF\BF CCS\Coal Bituminous,Activity Level,Baseline Simulation,ALL (12 regions),"Interp(2005,4.075613617,2006,4.075613617,2007,4.075613617,2008,4.075613617,2009,4.075613617,2010,4.075613617,2011,4.075613617,2012,4.075613617,2013,4.075613617,2014,4.075613617,2015,4.075613617,2016,4.075613617,2017,4.075613617,2018,4.075613617,2019,4.075613617,2020,4.075613617,2021,4.075613617,2022,4.075613617,2023,4.075613617,2024,4.075613617)",GJ/Metric Tonne,,
Key\Industry\Intensity\Iron and Steel\Crude Steel\BOF\BF CCS\Coal Bituminous,Activity Level,Current Accounts,ALL (12 regions),"Interp(2005,4.075613617,2006,4.075613617,2007,4.075613617,2008,4.075613617,2009,4.075613617,2010,4.075613617,2011,4.075613617,2012,4.075613617,2013,4.075613617,2014,4.075613617,2015,4.075613617,2016,4.075613617,2017,4.075613617,2018,4.075613617,2019,4.075613617,2020,4.075613617,2021,4.075613617,2022,4.075613617,2023,4.075613617,2024,4.075613617)",GJ/Metric Tonne,,
Key\Industry\Intensity\Iron and Steel\Crude Steel\BOF\BF CCS\Coal Bituminous,Activity Level,Regional Aspiration Scenario,ALL (12 regions),Growth(Key\Annual EI Reduction\Industry[%]),GJ/Metric Tonne,,
Key\Industry\Intensity\Iron and Steel\Crude Steel\BOF\BF CCS\Electricity,Activity Level,AMS Target Scenario,ALL (12 regions),Growth(Key\Annual EI Reduction\Industry[%]),GJ/Metric Tonne,,
Key\Industry\Intensity\Iron and Steel\Crude Steel\BOF\BF CCS\Electricity,Activity Level,Baseline Simulation,ALL (12 regions),"Interp(2005,0.827444346,2006,0.827444346,2007,0.827444346,2008,0.827444346,2009,0.827444346,2010,0.827444346,2011,0.827444346,2012,0.827444346,2013,0.827444346,2014,0.827444346,2015,0.827444346,2016,0.827444346,2017,0.827444346,2018,0.827444346,2019,0.827444346,2020,0.827444346,2021,0.827444346,2022,0.827444346,2023,0.827444346,2024,0.827444346)",GJ/Metric Tonne,,
Key\Industry\Intensity\Iron and Steel\Crude Steel\BOF\BF CCS\Electricity,Activity Level,Current Accounts,ALL (12 regions),"Interp(2005,0.827444346,2006,0.827444346,2007,0.827444346,2008,0.827444346,2009,0.827444346,2010,0.827444346,2011,0.827444346,2012,0.827444346,2013,0.827444346,2014,0.827444346,2015,0.827444346,2016,0.827444346,2017,0.827444346,2018,0.827444346,2019,0.827444346,2020,0.827444346,2021,0.827444346,2022,0.827444346,2023,0.827444346,2024,0.827444346)",GJ/Metric Tonne,,
Key\Industry\Intensity\Iron and Steel\Crude Steel\BOF\BF CCS\Electricity,Activity Level,Regional Aspiration Scenario,ALL (12 regions),Growth(Key\Annual EI Reduction\Industry[%]),GJ/Metric Tonne,,
Key\Industry\Intensity\Iron and Steel\Crude Steel\BOF\BF CCS\Iron Ore,Activity Level,AMS Target Scenario,ALL (12 regions),0,GJ/Metric Tonne,,
Key\Industry\Intensity\Iron and Steel\Crude Steel\BOF\BF CCS\Iron Ore,Activity Level,Baseline Simulation,ALL (12 regions),0,GJ/Metric Tonne,,
Key\Industry\Intensity\Iron and Steel\Crude Steel\BOF\BF CCS\Iron Ore,Activity Level,Current Accounts,ALL (12 regions),0,GJ/Metric Tonne,,
Key\Industry\Intensity\Iron and Steel\Crude Steel\BOF\BF CCS\Iron Ore,Activity Level,Regional Aspiration Scenario,ALL (12 regions),0,GJ/Metric Tonne,,
Key\Industry\Intensity\Iron and Steel\Crude Steel\BOF\BF CCS\Metalurgical Coke,Activity Level,AMS Target Scenario,ALL (12 regions),Growth(Key\Annual EI Reduction\Industry[%]),GJ/Metric Tonne,,
Key\Industry\Intensity\Iron and Steel\Crude Steel\BOF\BF CCS\Metalurgical Coke,Activity Level,Baseline Simulation,ALL (12 regions),"Interp(2005,6.346583438,2006,6.346583438,2007,6.346583438,2008,6.346583438,2009,6.346583438,2010,6.346583438,2011,6.346583438,2012,6.346583438,2013,6.346583438,2014,6.346583438,2015,6.346583438,2016,6.346583438,2017,6.346583438,2018,6.346583438,2019,6.346583438,2020,6.346583438,2021,6.346583438,2022,6.346583438,2023,6.346583438,2024,6.346583438)",GJ/Metric Tonne,,
Key\Industry\Intensity\Iron and Steel\Crude Steel\BOF\BF CCS\Metalurgical Coke,Activity Level,Current Accounts,ALL (12 regions),"Interp(2005,6.346583438,2006,6.346583438,2007,6.346583438,2008,6.346583438,2009,6.346583438,2010,6.346583438,2011,6.346583438,2012,6.346583438,2013,6.346583438,2014,6.346583438,2015,6.346583438,2016,6.346583438,2017,6.346583438,2018,6.346583438,2019,6.346583438,2020,6.346583438,2021,6.346583438,2022,6.346583438,2023,6.346583438,2024,6.346583438)",GJ/Metric Tonne,,
Key\Industry\Intensity\Iron and Steel\Crude Steel\BOF\BF CCS\Metalurgical Coke,Activity Level,Regional Aspiration Scenario,ALL (12 regions),Growth(Key\Annual EI Reduction\Industry[%]),GJ/Metric Tonne,,
Key\Industry\Intensity\Iron and Steel\Crude Steel\BOF\BF CCS\Natural Gas,Activity Level,AMS Target Scenario,ALL (12 regions),Growth(Key\Annual EI Reduction\Industry[%]),GJ/Metric Tonne,,
Key\Industry\Intensity\Iron and Steel\Crude Steel\BOF\BF CCS\Natural Gas,Activity Level,Baseline Simulation,ALL (12 regions),"Interp(2005,1.173397595,2006,1.173397595,2007,1.173397595,2008,1.173397595,2009,1.173397595,2010,1.173397595,2011,1.173397595,2012,1.173397595,2013,1.173397595,2014,1.173397595,2015,1.173397595,2016,1.173397595,2017,1.173397595,2018,1.173397595,2019,1.173397595,2020,1.173397595,2021,1.173397595,2022,1.173397595,2023,1.173397595,2024,1.173397595)",GJ/Metric Tonne,,
Key\Industry\Intensity\Iron and Steel\Crude Steel\BOF\BF CCS\Natural Gas,Activity Level,Current Accounts,ALL (12 regions),"Interp(2005,1.173397595,2006,1.173397595,2007,1.173397595,2008,1.173397595,2009,1.173397595,2010,1.173397595,2011,1.173397595,2012,1.173397595,2013,1.173397595,2014,1.173397595,2015,1.173397595,2016,1.173397595,2017,1.173397595,2018,1.173397595,2019,1.173397595,2020,1.173397595,2021,1.173397595,2022,1.173397595,2023,1.173397595,2024,1.173397595)",GJ/Metric Tonne,,
Key\Industry\Intensity\Iron and Steel\Crude Steel\BOF\BF CCS\Natural Gas,Activity Level,Regional Aspiration Scenario,ALL (12 regions),Growth(Key\Annual EI Reduction\Industry[%]),GJ/Metric Tonne,,
Key\Industry\Intensity\Iron and Steel\Crude Steel\BOF\BF CCS\Residual Fuel Oil,Activity Level,AMS Target Scenario,ALL (12 regions),Growth(Key\Annual EI Reduction\Industry[%]),GJ/Metric Tonne,,
Key\Industry\Intensity\Iron and Steel\Crude Steel\BOF\BF CCS\Residual Fuel Oil,Activity Level,Baseline Simulation,ALL (12 regions),"Interp(2005,0.107103335,2006,0.107103335,2007,0.107103335,2008,0.107103335,2009,0.107103335,2010,0.107103335,2011,0.107103335,2012,0.107103335,2013,0.107103335,2014,0.107103335,2015,0.107103335,2016,0.107103335,2017,0.107103335,2018,0.107103335,2019,0.107103335,2020,0.107103335,2021,0.107103335,2022,0.107103335,2023,0.107103335,2024,0.107103335)",GJ/Metric Tonne,,
Key\Industry\Intensity\Iron and Steel\Crude Steel\BOF\BF CCS\Residual Fuel Oil,Activity Level,Current Accounts,ALL (12 regions),"Interp(2005,0.107103335,2006,0.107103335,2007,0.107103335,2008,0.107103335,2009,0.107103335,2010,0.107103335,2011,0.107103335,2012,0.107103335,2013,0.107103335,2014,0.107103335,2015,0.107103335,2016,0.107103335,2017,0.107103335,2018,0.107103335,2019,0.107103335,2020,0.107103335,2021,0.107103335,2022,0.107103335,2023,0.107103335,2024,0.107103335)",GJ/Metric Tonne,,
Key\Industry\Intensity\Iron and Steel\Crude Steel\BOF\BF CCS\Residual Fuel Oil,Activity Level,Regional Aspiration Scenario,ALL (12 regions),Growth(Key\Annual EI Reduction\Industry[%]),GJ/Metric Tonne,,
Key\Industry\Intensity\Iron and Steel\Crude Steel\BOF\BF CCS\Scrap,Activity Level,AMS Target Scenario,ALL (12 regions),0,GJ/Metric Tonne,,
Key\Industry\Intensity\Iron and Steel\Crude Steel\BOF\BF CCS\Scrap,Activity Level,Baseline Simulation,ALL (12 regions),0,GJ/Metric Tonne,,
Key\Industry\Intensity\Iron and Steel\Crude Steel\BOF\BF CCS\Scrap,Activity Level,Current Accounts,ALL (12 regions),0,GJ/Metric Tonne,,
Key\Industry\Intensity\Iron and Steel\Crude Steel\BOF\BF CCS\Scrap,Activity Level,Regional Aspiration Scenario,ALL (12 regions),0,GJ/Metric Tonne,,
Key\Industry\Intensity\Iron and Steel\Crude Steel\BOF\BF\Coal Bituminous,Activity Level,AMS Target Scenario,ALL (12 regions),Growth(Key\Annual EI Reduction\Industry[%]),GJ/Metric Tonne,,
Key\Industry\Intensity\Iron and Steel\Crude Steel\BOF\BF\Coal Bituminous,Activity Level,Baseline Simulation,ALL (12 regions),"Interp(2005,0.853983225,2006,0.853983225,2007,0.853983225,2008,0.853983225,2009,0.853983225,2010,0.853983225,2011,0.853983225,2012,0.853983225,2013,0.853983225,2014,0.853983225,2015,0.853983225,2016,0.853983225,2017,0.853983225,2018,0.853983225,2019,0.853983225,2020,0.853983225,2021,0.853983225,2022,0.853983225,2023,0.853983225,2024,0.853983225)",GJ/Metric Tonne,,
Key\Industry\Intensity\Iron and Steel\Crude Steel\BOF\BF\Coal Bituminous,Activity Level,Current Accounts,ALL (12 regions),"Interp(2005,0.853983225,2006,0.853983225,2007,0.853983225,2008,0.853983225,2009,0.853983225,2010,0.853983225,2011,0.853983225,2012,0.853983225,2013,0.853983225,2014,0.853983225,2015,0.853983225,2016,0.853983225,2017,0.853983225,2018,0.853983225,2019,0.853983225,2020,0.853983225,2021,0.853983225,2022,0.853983225,2023,0.853983225,2024,0.853983225)",GJ/Metric Tonne,,
Key\Industry\Intensity\Iron and Steel\Crude Steel\BOF\BF\Coal Bituminous,Activity Level,Regional Aspiration Scenario,ALL (12 regions),Growth(Key\Annual EI Reduction\Industry[%]),GJ/Metric Tonne,,
Key\Industry\Intensity\Iron and Steel\Crude Steel\BOF\BF\Electricity,Activity Level,AMS Target Scenario,ALL (12 regions),Growth(Key\Annual EI Reduction\Industry[%]),GJ/Metric Tonne,,
Key\Industry\Intensity\Iron and Steel\Crude Steel\BOF\BF\Electricity,Activity Level,Baseline Simulation,ALL (12 regions),"Interp(2005,0.827444346,2006,0.827444346,2007,0.827444346,2008,0.827444346,2009,0.827444346,2010,0.827444346,2011,0.827444346,2012,0.827444346,2013,0.827444346,2014,0.827444346,2015,0.827444346,2016,0.827444346,2017,0.827444346,2018,0.827444346,2019,0.827444346,2020,0.827444346,2021,0.827444346,2022,0.827444346,2023,0.827444346,2024,0.827444346)",GJ/Metric Tonne,,
Key\Industry\Intensity\Iron and Steel\Crude Steel\BOF\BF\Electricity,Activity Level,Current Accounts,ALL (12 regions),"Interp(2005,0.827444346,2006,0.827444346,2007,0.827444346,2008,0.827444346,2009,0.827444346,2010,0.827444346,2011,0.827444346,2012,0.827444346,2013,0.827444346,2014,0.827444346,2015,0.827444346,2016,0.827444346,2017,0.827444346,2018,0.827444346,2019,0.827444346,2020,0.827444346,2021,0.827444346,2022,0.827444346,2023,0.827444346,2024,0.827444346)",GJ/Metric Tonne,,
Key\Industry\Intensity\Iron and Steel\Crude Steel\BOF\BF\Electricity,Activity Level,Regional Aspiration Scenario,ALL (12 regions),Growth(Key\Annual EI Reduction\Industry[%]),GJ/Metric Tonne,,
Key\Industry\Intensity\Iron and Steel\Crude Steel\BOF\BF\Iron Ore,Activity Level,AMS Target Scenario,ALL (12 regions),0,GJ/Metric Tonne,,
Key\Industry\Intensity\Iron and Steel\Crude Steel\BOF\BF\Iron Ore,Activity Level,Baseline Simulation,ALL (12 regions),0,GJ/Metric Tonne,,
Key\Industry\Intensity\Iron and Steel\Crude Steel\BOF\BF\Iron Ore,Activity Level,Current Accounts,ALL (12 regions),0,GJ/Metric Tonne,,
Key\Industry\Intensity\Iron and Steel\Crude Steel\BOF\BF\Iron Ore,Activity Level,Regional Aspiration Scenario,ALL (12 regions),0,GJ/Metric Tonne,,
Key\Industry\Intensity\Iron and Steel\Crude Steel\BOF\BF\Metalurgical Coke,Activity Level,AMS Target Scenario,ALL (12 regions),Growth(Key\Annual EI Reduction\Industry[%]),GJ/Metric Tonne,,
Key\Industry\Intensity\Iron and Steel\Crude Steel\BOF\BF\Metalurgical Coke,Activity Level,Baseline Simulation,ALL (12 regions),"Interp(2005,6.346583438,2006,6.346583438,2007,6.346583438,2008,6.346583438,2009,6.346583438,2010,6.346583438,2011,6.346583438,2012,6.346583438,2013,6.346583438,2014,6.346583438,2015,6.346583438,2016,6.346583438,2017,6.346583438,2018,6.346583438,2019,6.346583438,2020,6.346583438,2021,6.346583438,2022,6.346583438,2023,6.346583438,2024,6.346583438)",GJ/Metric Tonne,,
Key\Industry\Intensity\Iron and Steel\Crude Steel\BOF\BF\Metalurgical Coke,Activity Level,Current Accounts,ALL (12 regions),"Interp(2005,6.346583438,2006,6.346583438,2007,6.346583438,2008,6.346583438,2009,6.346583438,2010,6.346583438,2011,6.346583438,2012,6.346583438,2013,6.346583438,2014,6.346583438,2015,6.346583438,2016,6.346583438,2017,6.346583438,2018,6.346583438,2019,6.346583438,2020,6.346583438,2021,6.346583438,2022,6.346583438,2023,6.346583438,2024,6.346583438)",GJ/Metric Tonne,,
Key\Industry\Intensity\Iron and Steel\Crude Steel\BOF\BF\Metalurgical Coke,Activity Level,Regional Aspiration Scenario,ALL (12 regions),Growth(Key\Annual EI Reduction\Industry[%]),GJ/Metric Tonne,,
Key\Industry\Intensity\Iron and Steel\Crude Steel\BOF\BF\Natural Gas,Activity Level,AMS Target Scenario,ALL (12 regions),Growth(Key\Annual EI Reduction\Industry[%]),GJ/Metric Tonne,,
Key\Industry\Intensity\Iron and Steel\Crude Steel\BOF\BF\Natural Gas,Activity Level,Baseline Simulation,ALL (12 regions),"Interp(2005,1.173397595,2006,1.173397595,2007,1.173397595,2008,1.173397595,2009,1.173397595,2010,1.173397595,2011,1.173397595,2012,1.173397595,2013,1.173397595,2014,1.173397595,2015,1.173397595,2016,1.173397595,2017,1.173397595,2018,1.173397595,2019,1.173397595,2020,1.173397595,2021,1.173397595,2022,1.173397595,2023,1.173397595,2024,1.173397595)",GJ/Metric Tonne,,
Key\Industry\Intensity\Iron and Steel\Crude Steel\BOF\BF\Natural Gas,Activity Level,Current Accounts,ALL (12 regions),"Interp(2005,1.173397595,2006,1.173397595,2007,1.173397595,2008,1.173397595,2009,1.173397595,2010,1.173397595,2011,1.173397595,2012,1.173397595,2013,1.173397595,2014,1.173397595,2015,1.173397595,2016,1.173397595,2017,1.173397595,2018,1.173397595,2019,1.173397595,2020,1.173397595,2021,1.173397595,2022,1.173397595,2023,1.173397595,2024,1.173397595)",GJ/Metric Tonne,,
Key\Industry\Intensity\Iron and Steel\Crude Steel\BOF\BF\Natural Gas,Activity Level,Regional Aspiration Scenario,ALL (12 regions),Growth(Key\Annual EI Reduction\Industry[%]),GJ/Metric Tonne,,
Key\Industry\Intensity\Iron and Steel\Crude Steel\BOF\BF\Residual Fuel Oil,Activity Level,AMS Target Scenario,ALL (12 regions),Growth(Key\Annual EI Reduction\Industry[%]),GJ/Metric Tonne,,
Key\Industry\Intensity\Iron and Steel\Crude Steel\BOF\BF\Residual Fuel Oil,Activity Level,Baseline Simulation,ALL (12 regions),"Interp(2005,0.107103335,2006,0.107103335,2007,0.107103335,2008,0.107103335,2009,0.107103335,2010,0.107103335,2011,0.107103335,2012,0.107103335,2013,0.107103335,2014,0.107103335,2015,0.107103335,2016,0.107103335,2017,0.107103335,2018,0.107103335,2019,0.107103335,2020,0.107103335,2021,0.107103335,2022,0.107103335,2023,0.107103335,2024,0.107103335)",GJ/Metric Tonne,,
Key\Industry\Intensity\Iron and Steel\Crude Steel\BOF\BF\Residual Fuel Oil,Activity Level,Current Accounts,ALL (12 regions),"Interp(2005,0.107103335,2006,0.107103335,2007,0.107103335,2008,0.107103335,2009,0.107103335,2010,0.107103335,2011,0.107103335,2012,0.107103335,2013,0.107103335,2014,0.107103335,2015,0.107103335,2016,0.107103335,2017,0.107103335,2018,0.107103335,2019,0.107103335,2020,0.107103335,2021,0.107103335,2022,0.107103335,2023,0.107103335,2024,0.107103335)",GJ/Metric Tonne,,
Key\Industry\Intensity\Iron and Steel\Crude Steel\BOF\BF\Residual Fuel Oil,Activity Level,Regional Aspiration Scenario,ALL (12 regions),Growth(Key\Annual EI Reduction\Industry[%]),GJ/Metric Tonne,,
Key\Industry\Intensity\Iron and Steel\Crude Steel\BOF\BF\Scrap,Activity Level,AMS Target Scenario,ALL (12 regions),0,GJ/Metric Tonne,,
Key\Industry\Intensity\Iron and Steel\Crude Steel\BOF\BF\Scrap,Activity Level,Baseline Simulation,ALL (12 regions),0,GJ/Metric Tonne,,
Key\Industry\Intensity\Iron and Steel\Crude Steel\BOF\BF\Scrap,Activity Level,Current Accounts,ALL (12 regions),0,GJ/Metric Tonne,,
Key\Industry\Intensity\Iron and Steel\Crude Steel\BOF\BF\Scrap,Activity Level,Regional Aspiration Scenario,ALL (12 regions),0,GJ/Metric Tonne,,
Key\Industry\Intensity\Iron and Steel\Crude Steel\EAF\DRI H2\Electricity,Activity Level,AMS Target Scenario,ALL (12 regions),Growth(Key\Annual EI Reduction\Industry[%]),GJ/Metric Tonne,,
Key\Industry\Intensity\Iron and Steel\Crude Steel\EAF\DRI H2\Electricity,Activity Level,Baseline Simulation,ALL (12 regions),"Interp(2005,0.295,2006,0.295,2007,0.295,2008,0.295,2009,0.295,2010,0.295,2011,0.295,2012,0.295,2013,0.295,2014,0.295,2015,0.295,2016,0.295,2017,0.295,2018,0.295,2019,0.295,2020,0.295,2021,0.295,2022,0.295,2023,0.295,2024,0.295)",GJ/Metric Tonne,,
Key\Industry\Intensity\Iron and Steel\Crude Steel\EAF\DRI H2\Electricity,Activity Level,Current Accounts,ALL (12 regions),"Interp(2005,0.295,2006,0.295,2007,0.295,2008,0.295,2009,0.295,2010,0.295,2011,0.295,2012,0.295,2013,0.295,2014,0.295,2015,0.295,2016,0.295,2017,0.295,2018,0.295,2019,0.295,2020,0.295,2021,0.295,2022,0.295,2023,0.295,2024,0.295)",GJ/Metric Tonne,,
Key\Industry\Intensity\Iron and Steel\Crude Steel\EAF\DRI H2\Electricity,Activity Level,Regional Aspiration Scenario,ALL (12 regions),Growth(Key\Annual EI Reduction\Industry[%]),GJ/Metric Tonne,,
Key\Industry\Intensity\Iron and Steel\Crude Steel\EAF\DRI H2\Hydrogen,Activity Level,AMS Target Scenario,ALL (12 regions),Growth(Key\Annual EI Reduction\Industry[%]),GJ/Metric Tonne,,
Key\Industry\Intensity\Iron and Steel\Crude Steel\EAF\DRI H2\Hydrogen,Activity Level,Baseline Simulation,ALL (12 regions),"Interp(2005,7.758,2006,7.758,2007,7.758,2008,7.758,2009,7.758,2010,7.758,2011,7.758,2012,7.758,2013,7.758,2014,7.758,2015,7.758,2016,7.758,2017,7.758,2018,7.758,2019,7.758,2020,7.758,2021,7.758,2022,7.758,2023,7.758,2024,7.758)",GJ/Metric Tonne,,
Key\Industry\Intensity\Iron and Steel\Crude Steel\EAF\DRI H2\Hydrogen,Activity Level,Current Accounts,ALL (12 regions),"Interp(2005,7.758,2006,7.758,2007,7.758,2008,7.758,2009,7.758,2010,7.758,2011,7.758,2012,7.758,2013,7.758,2014,7.758,2015,7.758,2016,7.758,2017,7.758,2018,7.758,2019,7.758,2020,7.758,2021,7.758,2022,7.758,2023,7.758,2024,7.758)",GJ/Metric Tonne,,
Key\Industry\Intensity\Iron and Steel\Crude Steel\EAF\DRI H2\Hydrogen,Activity Level,Regional Aspiration Scenario,ALL (12 regions),Growth(Key\Annual EI Reduction\Industry[%]),GJ/Metric Tonne,,
Key\Industry\Intensity\Iron and Steel\Crude Steel\EAF\DRI H2\Iron Ore,Activity Level,AMS Target Scenario,ALL (12 regions),0,GJ/Metric Tonne,,
Key\Industry\Intensity\Iron and Steel\Crude Steel\EAF\DRI H2\Iron Ore,Activity Level,Baseline Simulation,ALL (12 regions),0,GJ/Metric Tonne,,
Key\Industry\Intensity\Iron and Steel\Crude Steel\EAF\DRI H2\Iron Ore,Activity Level,Current Accounts,ALL (12 regions),0,GJ/Metric Tonne,,
Key\Industry\Intensity\Iron and Steel\Crude Steel\EAF\DRI H2\Iron Ore,Activity Level,Regional Aspiration Scenario,ALL (12 regions),0,GJ/Metric Tonne,,
Key\Industry\Intensity\Iron and Steel\Crude Steel\EAF\DRI H2\Natural Gas,Activity Level,AMS Target Scenario,ALL (12 regions),Growth(Key\Annual EI Reduction\Industry[%]),GJ/Metric Tonne,,
Key\Industry\Intensity\Iron and Steel\Crude Steel\EAF\DRI H2\Natural Gas,Activity Level,Baseline Simulation,ALL (12 regions),"Interp(2005,1.739,2006,1.739,2007,1.739,2008,1.739,2009,1.739,2010,1.739,2011,1.739,2012,1.739,2013,1.739,2014,1.739,2015,1.739,2016,1.739,2017,1.739,2018,1.739,2019,1.739,2020,1.739,2021,1.739,2022,1.739,2023,1.739,2024,1.739)",GJ/Metric Tonne,,
Key\Industry\Intensity\Iron and Steel\Crude Steel\EAF\DRI H2\Natural Gas,Activity Level,Current Accounts,ALL (12 regions),"Interp(2005,1.739,2006,1.739,2007,1.739,2008,1.739,2009,1.739,2010,1.739,2011,1.739,2012,1.739,2013,1.739,2014,1.739,2015,1.739,2016,1.739,2017,1.739,2018,1.739,2019,1.739,2020,1.739,2021,1.739,2022,1.739,2023,1.739,2024,1.739)",GJ/Metric Tonne,,
Key\Industry\Intensity\Iron and Steel\Crude Steel\EAF\DRI H2\Natural Gas,Activity Level,Regional Aspiration Scenario,ALL (12 regions),Growth(Key\Annual EI Reduction\Industry[%]),GJ/Metric Tonne,,
Key\Industry\Intensity\Iron and Steel\Crude Steel\EAF\DRI\Electricity,Activity Level,AMS Target Scenario,ALL (12 regions),Growth(Key\Annual EI Reduction\Industry[%]),GJ/Metric Tonne,,
Key\Industry\Intensity\Iron and Steel\Crude Steel\EAF\DRI\Electricity,Activity Level,Baseline Simulation,ALL (12 regions),"Interp(2005,0.295,2006,0.295,2007,0.295,2008,0.295,2009,0.295,2010,0.295,2011,0.295,2012,0.295,2013,0.295,2014,0.295,2015,0.295,2016,0.295,2017,0.295,2018,0.295,2019,0.295,2020,0.295,2021,0.295,2022,0.295,2023,0.295,2024,0.295)",GJ/Metric Tonne,,
Key\Industry\Intensity\Iron and Steel\Crude Steel\EAF\DRI\Electricity,Activity Level,Current Accounts,ALL (12 regions),"Interp(2005,0.295,2006,0.295,2007,0.295,2008,0.295,2009,0.295,2010,0.295,2011,0.295,2012,0.295,2013,0.295,2014,0.295,2015,0.295,2016,0.295,2017,0.295,2018,0.295,2019,0.295,2020,0.295,2021,0.295,2022,0.295,2023,0.295,2024,0.295)",GJ/Metric Tonne,,
Key\Industry\Intensity\Iron and Steel\Crude Steel\EAF\DRI\Electricity,Activity Level,Regional Aspiration Scenario,ALL (12 regions),Growth(Key\Annual EI Reduction\Industry[%]),GJ/Metric Tonne,,
Key\Industry\Intensity\Iron and Steel\Crude Steel\EAF\DRI\Iron Ore,Activity Level,AMS Target Scenario,ALL (12 regions),0,GJ/Metric Tonne,,
Key\Industry\Intensity\Iron and Steel\Crude Steel\EAF\DRI\Iron Ore,Activity Level,Baseline Simulation,ALL (12 regions),0,GJ/Metric Tonne,,
Key\Industry\Intensity\Iron and Steel\Crude Steel\EAF\DRI\Iron Ore,Activity Level,Current Accounts,ALL (12 regions),0,GJ/Metric Tonne,,
Key\Industry\Intensity\Iron and Steel\Crude Steel\EAF\DRI\Iron Ore,Activity Level,Regional Aspiration Scenario,ALL (12 regions),0,GJ/Metric Tonne,,
Key\Industry\Intensity\Iron and Steel\Crude Steel\EAF\DRI\Natural Gas,Activity Level,AMS Target Scenario,ALL (12 regions),Growth(Key\Annual EI Reduction\Industry[%]),GJ/Metric Tonne,,
Key\Industry\Intensity\Iron and Steel\Crude Steel\EAF\DRI\Natural Gas,Activity Level,Baseline Simulation,ALL (12 regions),"Interp(2005,7.43,2006,7.43,2007,7.43,2008,7.43,2009,7.43,2010,7.43,2011,7.43,2012,7.43,2013,7.43,2014,7.43,2015,7.43,2016,7.43,2017,7.43,2018,7.43,2019,7.43,2020,7.43,2021,7.43,2022,7.43,2023,7.43,2024,7.43)",GJ/Metric Tonne,,
Key\Industry\Intensity\Iron and Steel\Crude Steel\EAF\DRI\Natural Gas,Activity Level,Current Accounts,ALL (12 regions),"Interp(2005,7.43,2006,7.43,2007,7.43,2008,7.43,2009,7.43,2010,7.43,2011,7.43,2012,7.43,2013,7.43,2014,7.43,2015,7.43,2016,7.43,2017,7.43,2018,7.43,2019,7.43,2020,7.43,2021,7.43,2022,7.43,2023,7.43,2024,7.43)",GJ/Metric Tonne,,
Key\Industry\Intensity\Iron and Steel\Crude Steel\EAF\DRI\Natural Gas,Activity Level,Regional Aspiration Scenario,ALL (12 regions),Growth(Key\Annual EI Reduction\Industry[%]),GJ/Metric Tonne,,
Key\Industry\Intensity\Iron and Steel\Crude Steel\EAF\Scrap\Electricity,Activity Level,AMS Target Scenario,ALL (12 regions),Growth(Key\Annual EI Reduction\Industry[%]),GJ/Metric Tonne,,
Key\Industry\Intensity\Iron and Steel\Crude Steel\EAF\Scrap\Electricity,Activity Level,Baseline Simulation,ALL (12 regions),"Interp(2005,1.872,2006,1.872,2007,1.872,2008,1.872,2009,1.872,2010,1.872,2011,1.872,2012,1.872,2013,1.872,2014,1.872,2015,1.872,2016,1.872,2017,1.872,2018,1.872,2019,1.872,2020,1.872,2021,1.872,2022,1.872,2023,1.872,2024,1.872)",GJ/Metric Tonne,,
Key\Industry\Intensity\Iron and Steel\Crude Steel\EAF\Scrap\Electricity,Activity Level,Current Accounts,ALL (12 regions),"Interp(2005,1.872,2006,1.872,2007,1.872,2008,1.872,2009,1.872,2010,1.872,2011,1.872,2012,1.872,2013,1.872,2014,1.872,2015,1.872,2016,1.872,2017,1.872,2018,1.872,2019,1.872,2020,1.872,2021,1.872,2022,1.872,2023,1.872,2024,1.872)",GJ/Metric Tonne,,
Key\Industry\Intensity\Iron and Steel\Crude Steel\EAF\Scrap\Electricity,Activity Level,Regional Aspiration Scenario,ALL (12 regions),Growth(Key\Annual EI Reduction\Industry[%]),GJ/Metric Tonne,,
Key\Industry\Intensity\Iron and Steel\Crude Steel\EAF\Scrap\Scrap,Activity Level,AMS Target Scenario,ALL (12 regions),0,GJ/Metric Tonne,,
Key\Industry\Intensity\Iron and Steel\Crude Steel\EAF\Scrap\Scrap,Activity Level,Baseline Simulation,ALL (12 regions),0,GJ/Metric Tonne,,
Key\Industry\Intensity\Iron and Steel\Crude Steel\EAF\Scrap\Scrap,Activity Level,Current Accounts,ALL (12 regions),0,GJ/Metric Tonne,,
Key\Industry\Intensity\Iron and Steel\Crude Steel\EAF\Scrap\Scrap,Activity Level,Regional Aspiration Scenario,ALL (12 regions),0,GJ/Metric Tonne,,
Key\Industry\Intensity\Iron and Steel\Hot Rolling\Electricity,Activity Level,AMS Target Scenario,ALL (12 regions),"Interp(2005,0.908,2006,0.908,2007,0.908,2008,0.908,2009,0.908,2010,0.908,2011,0.908,2012,0.908,2013,0.908,2014,0.908,2015,0.908,2016,0.908,2017,0.908,2018,0.908,2019,0.908,2020,0.908,2021,0.908,2022,0.908,2023,0.908,2024,0.908)",GJ/Metric Tonne,,
Key\Industry\Intensity\Iron and Steel\Hot Rolling\Electricity,Activity Level,Baseline Simulation,ALL (12 regions),"Interp(2005,0.908,2006,0.908,2007,0.908,2008,0.908,2009,0.908,2010,0.908,2011,0.908,2012,0.908,2013,0.908,2014,0.908,2015,0.908,2016,0.908,2017,0.908,2018,0.908,2019,0.908,2020,0.908,2021,0.908,2022,0.908,2023,0.908,2024,0.908)",GJ/Metric Tonne,,
Key\Industry\Intensity\Iron and Steel\Hot Rolling\Electricity,Activity Level,Current Accounts,ALL (12 regions),"Interp(2005,0.908,2006,0.908,2007,0.908,2008,0.908,2009,0.908,2010,0.908,2011,0.908,2012,0.908,2013,0.908,2014,0.908,2015,0.908,2016,0.908,2017,0.908,2018,0.908,2019,0.908,2020,0.908,2021,0.908,2022,0.908,2023,0.908,2024,0.908)",GJ/Metric Tonne,,
Key\Industry\Intensity\Iron and Steel\Hot Rolling\Electricity,Activity Level,Regional Aspiration Scenario,ALL (12 regions),"Interp(2005,0.908,2006,0.908,2007,0.908,2008,0.908,2009,0.908,2010,0.908,2011,0.908,2012,0.908,2013,0.908,2014,0.908,2015,0.908,2016,0.908,2017,0.908,2018,0.908,2019,0.908,2020,0.908,2021,0.908,2022,0.908,2023,0.908,2024,0.908)",GJ/Metric Tonne,,
Key\Industry\Intensity\Iron and Steel\Hot Rolling\Natural Gas,Activity Level,AMS Target Scenario,ALL (12 regions),"Interp(2005,2.055,2006,2.055,2007,2.055,2008,2.055,2009,2.055,2010,2.055,2011,2.055,2012,2.055,2013,2.055,2014,2.055,2015,2.055,2016,2.055,2017,2.055,2018,2.055,2019,2.055,2020,2.055,2021,2.055,2022,2.055,2023,2.055,2024,2.055)",GJ/Metric Tonne,,
Key\Industry\Intensity\Iron and Steel\Hot Rolling\Natural Gas,Activity Level,Baseline Simulation,ALL (12 regions),"Interp(2005,2.055,2006,2.055,2007,2.055,2008,2.055,2009,2.055,2010,2.055,2011,2.055,2012,2.055,2013,2.055,2014,2.055,2015,2.055,2016,2.055,2017,2.055,2018,2.055,2019,2.055,2020,2.055,2021,2.055,2022,2.055,2023,2.055,2024,2.055)",GJ/Metric Tonne,,
Key\Industry\Intensity\Iron and Steel\Hot Rolling\Natural Gas,Activity Level,Current Accounts,ALL (12 regions),"Interp(2005,2.055,2006,2.055,2007,2.055,2008,2.055,2009,2.055,2010,2.055,2011,2.055,2012,2.055,2013,2.055,2014,2.055,2015,2.055,2016,2.055,2017,2.055,2018,2.055,2019,2.055,2020,2.055,2021,2.055,2022,2.055,2023,2.055,2024,2.055)",GJ/Metric Tonne,,
Key\Industry\Intensity\Iron and Steel\Hot Rolling\Natural Gas,Activity Level,Regional Aspiration Scenario,ALL (12 regions),"Interp(2005,2.055,2006,2.055,2007,2.055,2008,2.055,2009,2.055,2010,2.055,2011,2.055,2012,2.055,2013,2.055,2014,2.055,2015,2.055,2016,2.055,2017,2.055,2018,2.055,2019,2.055,2020,2.055,2021,2.055,2022,2.055,2023,2.055,2024,2.055)",GJ/Metric Tonne,,
Key\Industry\Intensity\Iron and Steel\Hot Rolling\Residual Fuel Oil,Activity Level,AMS Target Scenario,ALL (12 regions),"Interp(2005,0.051,2006,0.051,2007,0.051,2008,0.051,2009,0.051,2010,0.051,2011,0.051,2012,0.051,2013,0.051,2014,0.051,2015,0.051,2016,0.051,2017,0.051,2018,0.051,2019,0.051,2020,0.051,2021,0.051,2022,0.051,2023,0.051,2024,0.051)",GJ/Metric Tonne,,
Key\Industry\Intensity\Iron and Steel\Hot Rolling\Residual Fuel Oil,Activity Level,Baseline Simulation,ALL (12 regions),"Interp(2005,0.051,2006,0.051,2007,0.051,2008,0.051,2009,0.051,2010,0.051,2011,0.051,2012,0.051,2013,0.051,2014,0.051,2015,0.051,2016,0.051,2017,0.051,2018,0.051,2019,0.051,2020,0.051,2021,0.051,2022,0.051,2023,0.051,2024,0.051)",GJ/Metric Tonne,,
Key\Industry\Intensity\Iron and Steel\Hot Rolling\Residual Fuel Oil,Activity Level,Current Accounts,ALL (12 regions),"Interp(2005,0.051,2006,0.051,2007,0.051,2008,0.051,2009,0.051,2010,0.051,2011,0.051,2012,0.051,2013,0.051,2014,0.051,2015,0.051,2016,0.051,2017,0.051,2018,0.051,2019,0.051,2020,0.051,2021,0.051,2022,0.051,2023,0.051,2024,0.051)",GJ/Metric Tonne,,
Key\Industry\Intensity\Iron and Steel\Hot Rolling\Residual Fuel Oil,Activity Level,Regional Aspiration Scenario,ALL (12 regions),"Interp(2005,0.051,2006,0.051,2007,0.051,2008,0.051,2009,0.051,2010,0.051,2011,0.051,2012,0.051,2013,0.051,2014,0.051,2015,0.051,2016,0.051,2017,0.051,2018,0.051,2019,0.051,2020,0.051,2021,0.051,2022,0.051,2023,0.051,2024,0.051)",GJ/Metric Tonne,,
Key\Industry\Intensity\Mining\Direct Process Heating\Electricity,Activity Level,AMS Target Scenario,ALL (12 regions),Growth(Key\Annual EI Reduction\Industry[%]),GJ/USD,,
Key\Industry\Intensity\Mining\Direct Process Heating\Electricity,Activity Level,Baseline Simulation,ALL (12 regions),"Interp(2005,0.00122416785844,2006,0.00113369791353,2007,0.00115087620949,2008,0.00107927448781,2009,0.000970865805009,2010,0.000816492773707,2011,0.000725945663132,2012,0.000791637215415,2013,0.000733383360058,2014,0.000674811465965,2015,0.000683305891272,2016,0.00074940446259,2017,0.000772091575716,2018,0.000802775141897,2019,0.00076438428141,2020,0.000759316089336,2021,0.000795402676849,2022,0.00077353590811,2023,0.000746078045795,2024,0.00071395028244)",GJ/USD,,
Key\Industry\Intensity\Mining\Direct Process Heating\Electricity,Activity Level,Current Accounts,ALL (12 regions),"Interp(2005,0.00122416785844,2006,0.00113369791353,2007,0.00115087620949,2008,0.00107927448781,2009,0.000970865805009,2010,0.000816492773707,2011,0.000725945663132,2012,0.000791637215415,2013,0.000733383360058,2014,0.000674811465965,2015,0.000683305891272,2016,0.00074940446259,2017,0.000772091575716,2018,0.000802775141897,2019,0.00076438428141,2020,0.000759316089336,2021,0.000795402676849,2022,0.00077353590811,2023,0.000746078045795,2024,0.00071395028244)",GJ/USD,,
Key\Industry\Intensity\Mining\Direct Process Heating\Electricity,Activity Level,Regional Aspiration Scenario,ALL (12 regions),Growth(Key\Annual EI Reduction\Industry[%]),GJ/USD,,
Key\Industry\Intensity\Mining\Direct Process Heating\Liquid FF,Activity Level,AMS Target Scenario,ALL (12 regions),Growth(Key\Annual EI Reduction\Industry[%]),GJ/USD,,
Key\Industry\Intensity\Mining\Direct Process Heating\Liquid FF,Activity Level,Baseline Simulation,ALL (12 regions),"Interp(2005,0.00060640563511,2006,0.000561590306868,2007,0.00057009977344,2008,0.000534631036691,2009,0.000480929548211,2010,0.000404459090794,2011,0.000359605537649,2012,0.000392146603982,2013,0.000363289886407,2014,0.000334275624685,2015,0.000338483436006,2016,0.0003712261239,2017,0.000382464446447,2018,0.000397663904029,2019,0.000378646549525,2020,0.000376135962262,2021,0.000394011868632,2022,0.000383179913118,2023,0.000369578345064,2024,0.000353663487794)",GJ/USD,,
Key\Industry\Intensity\Mining\Direct Process Heating\Liquid FF,Activity Level,Current Accounts,ALL (12 regions),"Interp(2005,0.00060640563511,2006,0.000561590306868,2007,0.00057009977344,2008,0.000534631036691,2009,0.000480929548211,2010,0.000404459090794,2011,0.000359605537649,2012,0.000392146603982,2013,0.000363289886407,2014,0.000334275624685,2015,0.000338483436006,2016,0.0003712261239,2017,0.000382464446447,2018,0.000397663904029,2019,0.000378646549525,2020,0.000376135962262,2021,0.000394011868632,2022,0.000383179913118,2023,0.000369578345064,2024,0.000353663487794)",GJ/USD,,
Key\Industry\Intensity\Mining\Direct Process Heating\Liquid FF,Activity Level,Regional Aspiration Scenario,ALL (12 regions),Growth(Key\Annual EI Reduction\Industry[%]),GJ/USD,,
Key\Industry\Intensity\Mining\Direct Process Heating\Others,Activity Level,AMS Target Scenario,ALL (12 regions),0,GJ/USD,,
Key\Industry\Intensity\Mining\Direct Process Heating\Others,Activity Level,Baseline Simulation,ALL (12 regions),0,GJ/USD,,
Key\Industry\Intensity\Mining\Direct Process Heating\Others,Activity Level,Current Accounts,ALL (12 regions),0,GJ/USD,,
Key\Industry\Intensity\Mining\Direct Process Heating\Others,Activity Level,Regional Aspiration Scenario,ALL (12 regions),0,GJ/USD,,
Key\Industry\Intensity\Mining\Indirect Process Heating\Electricity,Activity Level,AMS Target Scenario,ALL (12 regions),Growth(Key\Annual EI Reduction\Industry[%]),GJ/USD,,
Key\Industry\Intensity\Mining\Indirect Process Heating\Electricity,Activity Level,Baseline Simulation,ALL (12 regions),"Interp(2005,0.00122416785844,2006,0.00113369791353,2007,0.00115087620949,2008,0.00107927448781,2009,0.000970865805009,2010,0.000816492773707,2011,0.000725945663132,2012,0.000791637215415,2013,0.000733383360058,2014,0.000674811465965,2015,0.000683305891272,2016,0.00074940446259,2017,0.000772091575716,2018,0.000802775141897,2019,0.00076438428141,2020,0.000759316089336,2021,0.000795402676849,2022,0.00077353590811,2023,0.000746078045795,2024,0.00071395028244)",GJ/USD,,
Key\Industry\Intensity\Mining\Indirect Process Heating\Electricity,Activity Level,Current Accounts,ALL (12 regions),"Interp(2005,0.00122416785844,2006,0.00113369791353,2007,0.00115087620949,2008,0.00107927448781,2009,0.000970865805009,2010,0.000816492773707,2011,0.000725945663132,2012,0.000791637215415,2013,0.000733383360058,2014,0.000674811465965,2015,0.000683305891272,2016,0.00074940446259,2017,0.000772091575716,2018,0.000802775141897,2019,0.00076438428141,2020,0.000759316089336,2021,0.000795402676849,2022,0.00077353590811,2023,0.000746078045795,2024,0.00071395028244)",GJ/USD,,
Key\Industry\Intensity\Mining\Indirect Process Heating\Electricity,Activity Level,Regional Aspiration Scenario,ALL (12 regions),Growth(Key\Annual EI Reduction\Industry[%]),GJ/USD,,
Key\Industry\Intensity\Mining\Indirect Process Heating\Liquid FF,Activity Level,AMS Target Scenario,ALL (12 regions),Growth(Key\Annual EI Reduction\Industry[%]),GJ/USD,,
Key\Industry\Intensity\Mining\Indirect Process Heating\Liquid FF,Activity Level,Baseline Simulation,ALL (12 regions),"Interp(2005,0.00060640563511,2006,0.000561590306868,2007,0.00057009977344,2008,0.000534631036691,2009,0.000480929548211,2010,0.000404459090794,2011,0.000359605537649,2012,0.000392146603982,2013,0.000363289886407,2014,0.000334275624685,2015,0.000338483436006,2016,0.0003712261239,2017,0.000382464446447,2018,0.000397663904029,2019,0.000378646549525,2020,0.000376135962262,2021,0.000394011868632,2022,0.000383179913118,2023,0.000369578345064,2024,0.000353663487794)",GJ/USD,,
Key\Industry\Intensity\Mining\Indirect Process Heating\Liquid FF,Activity Level,Current Accounts,ALL (12 regions),"Interp(2005,0.00060640563511,2006,0.000561590306868,2007,0.00057009977344,2008,0.000534631036691,2009,0.000480929548211,2010,0.000404459090794,2011,0.000359605537649,2012,0.000392146603982,2013,0.000363289886407,2014,0.000334275624685,2015,0.000338483436006,2016,0.0003712261239,2017,0.000382464446447,2018,0.000397663904029,2019,0.000378646549525,2020,0.000376135962262,2021,0.000394011868632,2022,0.000383179913118,2023,0.000369578345064,2024,0.000353663487794)",GJ/USD,,
Key\Industry\Intensity\Mining\Indirect Process Heating\Liquid FF,Activity Level,Regional Aspiration Scenario,ALL (12 regions),Growth(Key\Annual EI Reduction\Industry[%]),GJ/USD,,
Key\Industry\Intensity\Mining\Indirect Process Heating\Others,Activity Level,AMS Target Scenario,ALL (12 regions),0,GJ/USD,,
Key\Industry\Intensity\Mining\Indirect Process Heating\Others,Activity Level,Baseline Simulation,ALL (12 regions),0,GJ/USD,,
Key\Industry\Intensity\Mining\Indirect Process Heating\Others,Activity Level,Current Accounts,ALL (12 regions),0,GJ/USD,,
Key\Industry\Intensity\Mining\Indirect Process Heating\Others,Activity Level,Regional Aspiration Scenario,ALL (12 regions),0,GJ/USD,,
Key\Industry\Intensity\Non Metallic Minerals\Direct Process Heating\Electricity,Activity Level,AMS Target Scenario,ALL (12 regions),Growth(Key\Annual EI Reduction\Industry[%]),GJ/USD,,
Key\Industry\Intensity\Non Metallic Minerals\Direct Process Heating\Electricity,Activity Level,Baseline Simulation,ALL (12 regions),"Data(2005,0.00421814161206,2006,0.00421814161206,2007,0.00421814161206,2008,0.00421814161206,2009,0.00421814161206,2010,0.00421814161206,2011,0.00421814161206,2012,0.00421814161206,2013,0.00421814161206,2014,0.00421814161206,2015,0.00421814161206,2016,0.00421814161206,2017,0.00421814161206,2018,0.00421814161206,2019,0.00421814161206,2020,0.00465780910088,2021,0.00487275802432,2022,0.0052871571701,2023,0.00634150566466,2024,0.00634150566466,2025,0.00634150566466,2026,0.00634150566466,2027,0.00634150566466,2028,0.00634150566466,2029,0.00634150566466,2030,0.00634150566466,2031,0.00634150566466,2032,0.00634150566466,2033,0.00634150566466,2034,0.00634150566466,2035,0.00634150566466,2036,0.00634150566466,2037,0.00634150566466,2038,0.00634150566466,2039,0.00634150566466,2040,0.00634150566466,2041,0.00634150566466,2042,0.00634150566466,2043,0.00634150566466,2044,0.00634150566466,2045,0.00634150566466,2046,0.00634150566466,2047,0.00634150566466,2048,0.00634150566466,2049,0.00634150566466,2050,0.00634150566466,2051,0.00634150566466,2052,0.00634150566466,2053,0.00634150566466,2054,0.00634150566466,2055,0.00634150566466,2056,0.00634150566466,2057,0.00634150566466,2058,0.00634150566466,2059,0.00634150566466,2060,0.00634150566466)",GJ/USD,,
Key\Industry\Intensity\Non Metallic Minerals\Direct Process Heating\Electricity,Activity Level,Current Accounts,ALL (12 regions),"Data(2005,0.00421814161206,2006,0.00421814161206,2007,0.00421814161206,2008,0.00421814161206,2009,0.00421814161206,2010,0.00421814161206,2011,0.00421814161206,2012,0.00421814161206,2013,0.00421814161206,2014,0.00421814161206,2015,0.00421814161206,2016,0.00421814161206,2017,0.00421814161206,2018,0.00421814161206,2019,0.00421814161206,2020,0.00465780910088,2021,0.00487275802432,2022,0.0052871571701,2023,0.00634150566466,2024,0.00634150566466,2025,0.00634150566466,2026,0.00634150566466,2027,0.00634150566466,2028,0.00634150566466,2029,0.00634150566466,2030,0.00634150566466,2031,0.00634150566466,2032,0.00634150566466,2033,0.00634150566466,2034,0.00634150566466,2035,0.00634150566466,2036,0.00634150566466,2037,0.00634150566466,2038,0.00634150566466,2039,0.00634150566466,2040,0.00634150566466,2041,0.00634150566466,2042,0.00634150566466,2043,0.00634150566466,2044,0.00634150566466,2045,0.00634150566466,2046,0.00634150566466,2047,0.00634150566466,2048,0.00634150566466,2049,0.00634150566466,2050,0.00634150566466,2051,0.00634150566466,2052,0.00634150566466,2053,0.00634150566466,2054,0.00634150566466,2055,0.00634150566466,2056,0.00634150566466,2057,0.00634150566466,2058,0.00634150566466,2059,0.00634150566466,2060,0.00634150566466)",GJ/USD,,
Key\Industry\Intensity\Non Metallic Minerals\Direct Process Heating\Electricity,Activity Level,Regional Aspiration Scenario,ALL (12 regions),"Interp(2005,0.00421814161206,2006,0.00421814161206,2007,0.00421814161206,2008,0.00421814161206,2009,0.00421814161206,2010,0.00421814161206,2011,0.00421814161206,2012,0.00421814161206,2013,0.00421814161206,2014,0.00421814161206,2015,0.00421814161206,2016,0.00421814161206,2017,0.00421814161206,2018,0.00421814161206,2019,0.00421814161206,2020,0.00465780910088,2021,0.00487275802432,2022,0.0052871571701,2023,0.00634150566466,2024,0.00635616628556,2025,0.00638883928288,2026,0.00641185429345,2027,0.00646379763903,2028,0.0065528894497,2029,0.00668932262607,2030,0.00688544955678,2031,0.00715435760412,2032,0.0075127091995,2033,0.00797698139592,2034,0.0085621947536,2035,0.00927877080551,2036,0.0100414964862,2037,0.0109269539966,2038,0.011906999702,2039,0.0129366055504,2040,0.0139580795148,2041,0.0149096477179,2042,0.015736038371,2043,0.0163974439956,2044,0.0168739600701,2045,0.0171648230217,2046,0.0172839174587,2047,0.0172538935645,2048,0.0171008201596,2049,0.0168503330172,2050,0.0165253988245,2051,0.0163045798664,2052,0.0160416363886,2053,0.0157479539014,2054,0.0154323267919,2055,0.0151014346666,2056,0.0148302956033,2057,0.0145510836077,2058,0.0142664251175,2059,0.013978260037,2060,0.0136880157159)",GJ/USD,,
Key\Industry\Intensity\Non Metallic Minerals\Direct Process Heating\Liquid FF,Activity Level,AMS Target Scenario,ALL (12 regions),Growth(Key\Annual EI Reduction\Industry[%]),GJ/USD,,
Key\Industry\Intensity\Non Metallic Minerals\Direct Process Heating\Liquid FF,Activity Level,Baseline Simulation,ALL (12 regions),"Data(2005,0.00217987340886,2006,0.00217987340886,2007,0.00217987340886,2008,0.00217987340886,2009,0.00217987340886,2010,0.00217987340886,2011,0.00217987340886,2012,0.00217987340886,2013,0.00217987340886,2014,0.00217987340886,2015,0.00217987340886,2016,0.00217987340886,2017,0.00217987340886,2018,0.00217987340886,2019,0.00217987340886,2020,0.00211299798368,2021,0.00235249281748,2022,0.0032106672379,2023,0.00263730770138,2024,0.00263730770138,2025,0.00263730770138,2026,0.00263730770138,2027,0.00263730770138,2028,0.00263730770138,2029,0.00263730770138,2030,0.00263730770138,2031,0.00263730770138,2032,0.00263730770138,2033,0.00263730770138,2034,0.00263730770138,2035,0.00263730770138,2036,0.00263730770138,2037,0.00263730770138,2038,0.00263730770138,2039,0.00263730770138,2040,0.00263730770138,2041,0.00263730770138,2042,0.00263730770138,2043,0.00263730770138,2044,0.00263730770138,2045,0.00263730770138,2046,0.00263730770138,2047,0.00263730770138,2048,0.00263730770138,2049,0.00263730770138,2050,0.00263730770138,2051,0.00263730770138,2052,0.00263730770138,2053,0.00263730770138,2054,0.00263730770138,2055,0.00263730770138,2056,0.00263730770138,2057,0.00263730770138,2058,0.00263730770138,2059,0.00263730770138,2060,0.00263730770138)",GJ/USD,,
Key\Industry\Intensity\Non Metallic Minerals\Direct Process Heating\Liquid FF,Activity Level,Current Accounts,ALL (12 regions),"Data(2005,0.00217987340886,2006,0.00217987340886,2007,0.00217987340886,2008,0.00217987340886,2009,0.00217987340886,2010,0.00217987340886,2011,0.00217987340886,2012,0.00217987340886,2013,0.00217987340886,2014,0.00217987340886,2015,0.00217987340886,2016,0.00217987340886,2017,0.00217987340886,2018,0.00217987340886,2019,0.00217987340886,2020,0.00211299798368,2021,0.00235249281748,2022,0.0032106672379,2023,0.00263730770138,2024,0.00263730770138,2025,0.00263730770138,2026,0.00263730770138,2027,0.00263730770138,2028,0.00263730770138,2029,0.00263730770138,2030,0.00263730770138,2031,0.00263730770138,2032,0.00263730770138,2033,0.00263730770138,2034,0.00263730770138,2035,0.00263730770138,2036,0.00263730770138,2037,0.00263730770138,2038,0.00263730770138,2039,0.00263730770138,2040,0.00263730770138,2041,0.00263730770138,2042,0.00263730770138,2043,0.00263730770138,2044,0.00263730770138,2045,0.00263730770138,2046,0.00263730770138,2047,0.00263730770138,2048,0.00263730770138,2049,0.00263730770138,2050,0.00263730770138,2051,0.00263730770138,2052,0.00263730770138,2053,0.00263730770138,2054,0.00263730770138,2055,0.00263730770138,2056,0.00263730770138,2057,0.00263730770138,2058,0.00263730770138,2059,0.00263730770138,2060,0.00263730770138)",GJ/USD,,
Key\Industry\Intensity\Non Metallic Minerals\Direct Process Heating\Liquid FF,Activity Level,Regional Aspiration Scenario,ALL (12 regions),"Interp(2005,0.00217987340886,2006,0.00217987340886,2007,0.00217987340886,2008,0.00217987340886,2009,0.00217987340886,2010,0.00217987340886,2011,0.00217987340886,2012,0.00217987340886,2013,0.00217987340886,2014,0.00217987340886,2015,0.00217987340886,2016,0.00217987340886,2017,0.00217987340886,2018,0.00217987340886,2019,0.00217987340886,2020,0.00211299798368,2021,0.00235249281748,2022,0.0032106672379,2023,0.00263730770138,2024,0.00257919968323,2025,0.00252077546938,2026,0.0024373214105,2027,0.00235452465799,2028,0.00227225590996,2029,0.00219035880271,2030,0.0021086493948,2031,0.002026057258,2032,0.00194327568273,2033,0.00186009394865,2034,0.00177634579351,2035,0.00169196099415,2036,0.00160702856466,2037,0.00152185801689,2038,0.00143701462446,2039,0.00135330038844,2040,0.00127166361722,2041,0.00119304875709,2042,0.00111823084251,2043,0.00104769220013,2044,0.000981580237696,2045,0.000919746841587,2046,0.000861838441487,2047,0.000807397297363,2048,0.000755945496165,2049,0.000707040196363,2050,0.000660301590267,2051,0.000615420964,2052,0.000572156902156,2053,0.000530325903788,2054,0.000489791414656,2055,0.000450453433981,2056,0.000416121813613,2057,0.000382272798572,2058,0.000348871803882,2059,0.00031589418072,2060,0.000283322456051)",GJ/USD,,
Key\Industry\Intensity\Non Metallic Minerals\Direct Process Heating\Others,Activity Level,AMS Target Scenario,ALL (12 regions),Growth(Key\Annual EI Reduction\Industry[%]),GJ/USD,,
Key\Industry\Intensity\Non Metallic Minerals\Direct Process Heating\Others,Activity Level,Baseline Simulation,ALL (12 regions),"Data(2005,0.0772152009106,2006,0.0772152009106,2007,0.0772152009106,2008,0.0772152009106,2009,0.0772152009106,2010,0.0772152009106,2011,0.0772152009106,2012,0.0772152009106,2013,0.0772152009106,2014,0.0772152009106,2015,0.0772152009106,2016,0.0772152009106,2017,0.0772152009106,2018,0.0772152009106,2019,0.0772152009106,2020,0.0653552756144,2021,0.0572262530896,2022,0.129267987573,2023,0.13429842073,2024,0.13429842073,2025,0.13429842073,2026,0.13429842073,2027,0.13429842073,2028,0.13429842073,2029,0.13429842073,2030,0.13429842073,2031,0.13429842073,2032,0.13429842073,2033,0.13429842073,2034,0.13429842073,2035,0.13429842073,2036,0.13429842073,2037,0.13429842073,2038,0.13429842073,2039,0.13429842073,2040,0.13429842073,2041,0.13429842073,2042,0.13429842073,2043,0.13429842073,2044,0.13429842073,2045,0.13429842073,2046,0.13429842073,2047,0.13429842073,2048,0.13429842073,2049,0.13429842073,2050,0.13429842073,2051,0.13429842073,2052,0.13429842073,2053,0.13429842073,2054,0.13429842073,2055,0.13429842073,2056,0.13429842073,2057,0.13429842073,2058,0.13429842073,2059,0.13429842073,2060,0.13429842073)",GJ/USD,,
Key\Industry\Intensity\Non Metallic Minerals\Direct Process Heating\Others,Activity Level,Current Accounts,ALL (12 regions),"Data(2005,0.0772152009106,2006,0.0772152009106,2007,0.0772152009106,2008,0.0772152009106,2009,0.0772152009106,2010,0.0772152009106,2011,0.0772152009106,2012,0.0772152009106,2013,0.0772152009106,2014,0.0772152009106,2015,0.0772152009106,2016,0.0772152009106,2017,0.0772152009106,2018,0.0772152009106,2019,0.0772152009106,2020,0.0653552756144,2021,0.0572262530896,2022,0.129267987573,2023,0.13429842073,2024,0.13429842073,2025,0.13429842073,2026,0.13429842073,2027,0.13429842073,2028,0.13429842073,2029,0.13429842073,2030,0.13429842073,2031,0.13429842073,2032,0.13429842073,2033,0.13429842073,2034,0.13429842073,2035,0.13429842073,2036,0.13429842073,2037,0.13429842073,2038,0.13429842073,2039,0.13429842073,2040,0.13429842073,2041,0.13429842073,2042,0.13429842073,2043,0.13429842073,2044,0.13429842073,2045,0.13429842073,2046,0.13429842073,2047,0.13429842073,2048,0.13429842073,2049,0.13429842073,2050,0.13429842073,2051,0.13429842073,2052,0.13429842073,2053,0.13429842073,2054,0.13429842073,2055,0.13429842073,2056,0.13429842073,2057,0.13429842073,2058,0.13429842073,2059,0.13429842073,2060,0.13429842073)",GJ/USD,,
Key\Industry\Intensity\Non Metallic Minerals\Direct Process Heating\Others,Activity Level,Regional Aspiration Scenario,ALL (12 regions),"Interp(2005,0.0772152009106,2006,0.0772152009106,2007,0.0772152009106,2008,0.0772152009106,2009,0.0772152009106,2010,0.0772152009106,2011,0.0772152009106,2012,0.0772152009106,2013,0.0772152009106,2014,0.0772152009106,2015,0.0772152009106,2016,0.0772152009106,2017,0.0772152009106,2018,0.0772152009106,2019,0.0772152009106,2020,0.0653552756144,2021,0.0572262530896,2022,0.129267987573,2023,0.13429842073,2024,0.132750363879,2025,0.131184610847,2026,0.128299591811,2027,0.125416394452,2028,0.122526927941,2029,0.119621155741,2030,0.116686909406,2031,0.113588938768,2032,0.110436151365,2033,0.107212280866,2034,0.103902472973,2035,0.100496376375,2036,0.0969922364958,2037,0.0934013085524,2038,0.0897511709052,2039,0.0860860496054,2040,0.0824626883715,2041,0.0789419166344,2042,0.0755782311487,2043,0.0724109570658,2044,0.0694598514998,2045,0.0667258261371,2046,0.0641953499397,2047,0.0618462304641,2048,0.0596528768031,2049,0.0575900960249,2050,0.05563530125,2051,0.0542376485169,2052,0.0528988800127,2053,0.0516077937279,2054,0.0503557318297,2055,0.0491361147125,2056,0.048225200267,2057,0.0473309274304,2058,0.0464507043499,2059,0.04558261577,2060,0.0447252518141)",GJ/USD,,
Key\Industry\Intensity\Non Metallic Minerals\Indirect Process Heating\Electricity,Activity Level,AMS Target Scenario,ALL (12 regions),Growth(Key\Annual EI Reduction\Industry[%]),GJ/USD,,
Key\Industry\Intensity\Non Metallic Minerals\Indirect Process Heating\Electricity,Activity Level,Baseline Simulation,ALL (12 regions),"Data(2005,0,2006,0,2007,0,2008,0,2009,0,2010,0,2011,0,2012,0,2013,0,2014,0,2015,0,2016,0,2017,0,2018,0,2019,0,2020,0,2021,0,2022,0,2023,0,2024,0,2025,0,2026,0,2027,0,2028,0,2029,0,2030,0,2031,0,2032,0,2033,0,2034,0,2035,0,2036,0,2037,0,2038,0,2039,0,2040,0,2041,0,2042,0,2043,0,2044,0,2045,0,2046,0,2047,0,2048,0,2049,0,2050,0,2051,0,2052,0,2053,0,2054,0,2055,0,2056,0,2057,0,2058,0,2059,0,2060,0)",GJ/USD,,
Key\Industry\Intensity\Non Metallic Minerals\Indirect Process Heating\Electricity,Activity Level,Current Accounts,ALL (12 regions),"Data(2005,0,2006,0,2007,0,2008,0,2009,0,2010,0,2011,0,2012,0,2013,0,2014,0,2015,0,2016,0,2017,0,2018,0,2019,0,2020,0,2021,0,2022,0,2023,0,2024,0,2025,0,2026,0,2027,0,2028,0,2029,0,2030,0,2031,0,2032,0,2033,0,2034,0,2035,0,2036,0,2037,0,2038,0,2039,0,2040,0,2041,0,2042,0,2043,0,2044,0,2045,0,2046,0,2047,0,2048,0,2049,0,2050,0,2051,0,2052,0,2053,0,2054,0,2055,0,2056,0,2057,0,2058,0,2059,0,2060,0)",GJ/USD,,
Key\Industry\Intensity\Non Metallic Minerals\Indirect Process Heating\Electricity,Activity Level,Regional Aspiration Scenario,ALL (12 regions),"Interp(2005,0,2006,0,2007,0,2008,0,2009,0,2010,0,2011,0,2012,0,2013,0,2014,0,2015,0,2016,0,2017,0,2018,0,2019,0,2020,0,2021,0,2022,0,2023,0,2024,4.81499054696e-07,2025,1.11532247727e-06,2026,1.93024837112e-06,2027,2.98623588253e-06,2028,4.35279977527e-06,2029,6.11613784322e-06,2030,8.38070991424e-06,2031,1.12571912314e-05,2032,1.48864901439e-05,2033,1.94079473199e-05,2034,2.49485863756e-05,2035,3.1596538561e-05,2036,3.93658889429e-05,2037,4.81588386527e-05,2038,5.77373868105e-05,2039,6.77207469251e-05,2040,7.76210377083e-05,2041,8.6915859095e-05,2042,9.51377969149e-05,2043,0.000101950213263,2044,0.00010718478258,2045,0.00011083504761,2046,0.000113018425639,2047,0.000113926461351,2048,0.000113779609647,2049,0.000112794663294,2050,0.000111165843531,2051,0.000109995616978,2052,0.00010846915812,2053,0.000106682750235,2054,0.000104710764378,2055,0.000102609687642,2056,0.000101013921651,2057,9.93498857055e-05,2058,9.76397906684e-05,2059,9.59000416317e-05,2060,9.41427091913e-05)",GJ/USD,,
Key\Industry\Intensity\Non Metallic Minerals\Indirect Process Heating\Liquid FF,Activity Level,AMS Target Scenario,ALL (12 regions),Growth(Key\Annual EI Reduction\Industry[%]),GJ/USD,,
Key\Industry\Intensity\Non Metallic Minerals\Indirect Process Heating\Liquid FF,Activity Level,Baseline Simulation,ALL (12 regions),"Data(2005,1.843043372e-05,2006,1.843043372e-05,2007,1.843043372e-05,2008,1.843043372e-05,2009,1.843043372e-05,2010,1.843043372e-05,2011,1.843043372e-05,2012,1.843043372e-05,2013,1.843043372e-05,2014,1.843043372e-05,2015,1.843043372e-05,2016,1.843043372e-05,2017,1.843043372e-05,2018,1.843043372e-05,2019,1.843043372e-05,2020,1.786760826e-05,2021,1.989209984e-05,2022,2.715002816e-05,2023,2.23030089e-05,2024,2.23030089e-05,2025,2.23030089e-05,2026,2.23030089e-05,2027,2.23030089e-05,2028,2.23030089e-05,2029,2.23030089e-05,2030,2.23030089e-05,2031,2.23030089e-05,2032,2.23030089e-05,2033,2.23030089e-05,2034,2.23030089e-05,2035,2.23030089e-05,2036,2.23030089e-05,2037,2.23030089e-05,2038,2.23030089e-05,2039,2.23030089e-05,2040,2.23030089e-05,2041,2.23030089e-05,2042,2.23030089e-05,2043,2.23030089e-05,2044,2.23030089e-05,2045,2.23030089e-05,2046,2.23030089e-05,2047,2.23030089e-05,2048,2.23030089e-05,2049,2.23030089e-05,2050,2.23030089e-05,2051,2.23030089e-05,2052,2.23030089e-05,2053,2.23030089e-05,2054,2.23030089e-05,2055,2.23030089e-05,2056,2.23030089e-05,2057,2.23030089e-05,2058,2.23030089e-05,2059,2.23030089e-05,2060,2.23030089e-05)",GJ/USD,,
Key\Industry\Intensity\Non Metallic Minerals\Indirect Process Heating\Liquid FF,Activity Level,Current Accounts,ALL (12 regions),"Data(2005,1.843043372e-05,2006,1.843043372e-05,2007,1.843043372e-05,2008,1.843043372e-05,2009,1.843043372e-05,2010,1.843043372e-05,2011,1.843043372e-05,2012,1.843043372e-05,2013,1.843043372e-05,2014,1.843043372e-05,2015,1.843043372e-05,2016,1.843043372e-05,2017,1.843043372e-05,2018,1.843043372e-05,2019,1.843043372e-05,2020,1.786760826e-05,2021,1.989209984e-05,2022,2.715002816e-05,2023,2.23030089e-05,2024,2.23030089e-05,2025,2.23030089e-05,2026,2.23030089e-05,2027,2.23030089e-05,2028,2.23030089e-05,2029,2.23030089e-05,2030,2.23030089e-05,2031,2.23030089e-05,2032,2.23030089e-05,2033,2.23030089e-05,2034,2.23030089e-05,2035,2.23030089e-05,2036,2.23030089e-05,2037,2.23030089e-05,2038,2.23030089e-05,2039,2.23030089e-05,2040,2.23030089e-05,2041,2.23030089e-05,2042,2.23030089e-05,2043,2.23030089e-05,2044,2.23030089e-05,2045,2.23030089e-05,2046,2.23030089e-05,2047,2.23030089e-05,2048,2.23030089e-05,2049,2.23030089e-05,2050,2.23030089e-05,2051,2.23030089e-05,2052,2.23030089e-05,2053,2.23030089e-05,2054,2.23030089e-05,2055,2.23030089e-05,2056,2.23030089e-05,2057,2.23030089e-05,2058,2.23030089e-05,2059,2.23030089e-05,2060,2.23030089e-05)",GJ/USD,,
Key\Industry\Intensity\Non Metallic Minerals\Indirect Process Heating\Liquid FF,Activity Level,Regional Aspiration Scenario,ALL (12 regions),"Interp(2005,1.843043372e-05,2006,1.843043372e-05,2007,1.843043372e-05,2008,1.843043372e-05,2009,1.843043372e-05,2010,1.843043372e-05,2011,1.843043372e-05,2012,1.843043372e-05,2013,1.843043372e-05,2014,1.843043372e-05,2015,1.843043372e-05,2016,1.843043372e-05,2017,1.843043372e-05,2018,1.843043372e-05,2019,1.843043372e-05,2020,1.786760826e-05,2021,1.989209984e-05,2022,2.715002816e-05,2023,2.23030089e-05,2024,2.1811604865e-05,2025,2.13175268472e-05,2026,2.06117780955e-05,2027,1.99115880088e-05,2028,1.92158631154e-05,2029,1.8523281089e-05,2030,1.78322863861e-05,2031,1.71338266799e-05,2032,1.64337649431e-05,2033,1.57303191698e-05,2034,1.50220833243e-05,2035,1.43084635484e-05,2036,1.35902126101e-05,2037,1.28699479691e-05,2038,1.21524499936e-05,2039,1.14445009932e-05,2040,1.07541205593e-05,2041,1.00892956228e-05,2042,9.45658044362e-06,2043,8.86005392993e-06,2044,8.3009626696e-06,2045,7.7780541053e-06,2046,7.288338187e-06,2047,6.82794392914e-06,2048,6.39282974833e-06,2049,5.97925065168e-06,2050,5.58399470669e-06,2051,5.20445120232e-06,2052,4.83857855278e-06,2053,4.48482493942e-06,2054,4.14203555941e-06,2055,3.80936473277e-06,2056,3.51903136204e-06,2057,3.23277925603e-06,2058,2.95031593881e-06,2059,2.67143296187e-06,2060,2.39598256039e-06)",GJ/USD,,
Key\Industry\Intensity\Non Metallic Minerals\Indirect Process Heating\Others,Activity Level,AMS Target Scenario,ALL (12 regions),Growth(Key\Annual EI Reduction\Industry[%]),GJ/USD,,
Key\Industry\Intensity\Non Metallic Minerals\Indirect Process Heating\Others,Activity Level,Baseline Simulation,ALL (12 regions),"Data(2005,0.00065298673854,2006,0.00065298673854,2007,0.00065298673854,2008,0.00065298673854,2009,0.00065298673854,2010,0.00065298673854,2011,0.00065298673854,2012,0.00065298673854,2013,0.00065298673854,2014,0.00065298673854,2015,0.00065298673854,2016,0.00065298673854,2017,0.00065298673854,2018,0.00065298673854,2019,0.00065298673854,2020,0.00055268620134,2021,0.0004839458918,2022,0.00109317505092,2023,0.00113571457524,2024,0.00113571457524,2025,0.00113571457524,2026,0.00113571457524,2027,0.00113571457524,2028,0.00113571457524,2029,0.00113571457524,2030,0.00113571457524,2031,0.00113571457524,2032,0.00113571457524,2033,0.00113571457524,2034,0.00113571457524,2035,0.00113571457524,2036,0.00113571457524,2037,0.00113571457524,2038,0.00113571457524,2039,0.00113571457524,2040,0.00113571457524,2041,0.00113571457524,2042,0.00113571457524,2043,0.00113571457524,2044,0.00113571457524,2045,0.00113571457524,2046,0.00113571457524,2047,0.00113571457524,2048,0.00113571457524,2049,0.00113571457524,2050,0.00113571457524,2051,0.00113571457524,2052,0.00113571457524,2053,0.00113571457524,2054,0.00113571457524,2055,0.00113571457524,2056,0.00113571457524,2057,0.00113571457524,2058,0.00113571457524,2059,0.00113571457524,2060,0.00113571457524)",GJ/USD,,
Key\Industry\Intensity\Non Metallic Minerals\Indirect Process Heating\Others,Activity Level,Current Accounts,ALL (12 regions),"Data(2005,0.00065298673854,2006,0.00065298673854,2007,0.00065298673854,2008,0.00065298673854,2009,0.00065298673854,2010,0.00065298673854,2011,0.00065298673854,2012,0.00065298673854,2013,0.00065298673854,2014,0.00065298673854,2015,0.00065298673854,2016,0.00065298673854,2017,0.00065298673854,2018,0.00065298673854,2019,0.00065298673854,2020,0.00055268620134,2021,0.0004839458918,2022,0.00109317505092,2023,0.00113571457524,2024,0.00113571457524,2025,0.00113571457524,2026,0.00113571457524,2027,0.00113571457524,2028,0.00113571457524,2029,0.00113571457524,2030,0.00113571457524,2031,0.00113571457524,2032,0.00113571457524,2033,0.00113571457524,2034,0.00113571457524,2035,0.00113571457524,2036,0.00113571457524,2037,0.00113571457524,2038,0.00113571457524,2039,0.00113571457524,2040,0.00113571457524,2041,0.00113571457524,2042,0.00113571457524,2043,0.00113571457524,2044,0.00113571457524,2045,0.00113571457524,2046,0.00113571457524,2047,0.00113571457524,2048,0.00113571457524,2049,0.00113571457524,2050,0.00113571457524,2051,0.00113571457524,2052,0.00113571457524,2053,0.00113571457524,2054,0.00113571457524,2055,0.00113571457524,2056,0.00113571457524,2057,0.00113571457524,2058,0.00113571457524,2059,0.00113571457524,2060,0.00113571457524)",GJ/USD,,
Key\Industry\Intensity\Non Metallic Minerals\Indirect Process Heating\Others,Activity Level,Regional Aspiration Scenario,ALL (12 regions),"Interp(2005,0.00065298673854,2006,0.00065298673854,2007,0.00065298673854,2008,0.00065298673854,2009,0.00065298673854,2010,0.00065298673854,2011,0.00065298673854,2012,0.00065298673854,2013,0.00065298673854,2014,0.00065298673854,2015,0.00065298673854,2016,0.00065298673854,2017,0.00065298673854,2018,0.00065298673854,2019,0.00065298673854,2020,0.00055268620134,2021,0.0004839458918,2022,0.00109317505092,2023,0.00113571457524,2024,0.00112262320216,2025,0.0011093821787,2026,0.00108498458601,2027,0.00106060239859,2028,0.00103616719516,2029,0.00101159410024,2030,0.000986780209564,2031,0.000960581759958,2032,0.000933919744232,2033,0.000906656603724,2034,0.000878666720853,2035,0.000849862558227,2036,0.000820229278012,2037,0.000789862061616,2038,0.00075899412955,2039,0.000727999485998,2040,0.000697357992655,2041,0.000667584062656,2042,0.00063913855591,2043,0.000612354031416,2044,0.000587397568144,2045,0.000564276875908,2046,0.000542877527471,2047,0.000523011849134,2048,0.000504463427582,2049,0.000487019215039,2050,0.0004704882022,2051,0.000458668743926,2052,0.000447347248894,2053,0.000436428985644,2054,0.000425840737926,2055,0.000415526864324,2056,0.000407823580795,2057,0.000400261029505,2058,0.000392817292069,2059,0.000385476171843,2060,0.000378225745996)",GJ/USD,,
Key\Industry\Intensity\Other Industry\Direct Process Heating\Electricity,Activity Level,AMS Target Scenario,ALL (12 regions),Growth(Key\Annual EI Reduction\Industry[%]),GJ/USD,,
Key\Industry\Intensity\Other Industry\Direct Process Heating\Electricity,Activity Level,Baseline Simulation,ALL (12 regions),"Data(2005,0,2006,0,2007,0,2008,0,2009,0,2010,0,2011,0,2012,0,2013,0,2014,0,2015,0,2016,0,2017,0,2018,0,2019,0,2020,0,2021,0,2022,0,2023,0,2024,0,2025,0,2026,0,2027,0,2028,0,2029,0,2030,0,2031,0,2032,0,2033,0,2034,0,2035,0,2036,0,2037,0,2038,0,2039,0,2040,0,2041,0,2042,0,2043,0,2044,0,2045,0,2046,0,2047,0,2048,0,2049,0,2050,0,2051,0,2052,0,2053,0,2054,0,2055,0,2056,0,2057,0,2058,0,2059,0,2060,0)",GJ/USD,,
Key\Industry\Intensity\Other Industry\Direct Process Heating\Electricity,Activity Level,Current Accounts,ALL (12 regions),"Data(2005,0,2006,0,2007,0,2008,0,2009,0,2010,0,2011,0,2012,0,2013,0,2014,0,2015,0,2016,0,2017,0,2018,0,2019,0,2020,0,2021,0,2022,0,2023,0,2024,0,2025,0,2026,0,2027,0,2028,0,2029,0,2030,0,2031,0,2032,0,2033,0,2034,0,2035,0,2036,0,2037,0,2038,0,2039,0,2040,0,2041,0,2042,0,2043,0,2044,0,2045,0,2046,0,2047,0,2048,0,2049,0,2050,0,2051,0,2052,0,2053,0,2054,0,2055,0,2056,0,2057,0,2058,0,2059,0,2060,0)",GJ/USD,,
Key\Industry\Intensity\Other Industry\Direct Process Heating\Electricity,Activity Level,Regional Aspiration Scenario,ALL (12 regions),Growth(Key\Annual EI Reduction\Industry[%]),GJ/USD,,
Key\Industry\Intensity\Other Industry\Direct Process Heating\Liquid FF,Activity Level,AMS Target Scenario,ALL (12 regions),Growth(Key\Annual EI Reduction\Industry[%]),GJ/USD,,
Key\Industry\Intensity\Other Industry\Direct Process Heating\Liquid FF,Activity Level,Baseline Simulation,ALL (12 regions),"Data(2005,0.0005591712947,2006,0.0005591712947,2007,0.0005591712947,2008,0.0005591712947,2009,0.0005591712947,2010,0.0005591712947,2011,0.0005591712947,2012,0.0005591712947,2013,0.0005591712947,2014,0.0005591712947,2015,0.0005591712947,2016,0.0005591712947,2017,0.0005591712947,2018,0.0005591712947,2019,0.0005591712947,2020,0.00054443702818,2021,0.00064740888622,2022,0.00064860174018,2023,0.00064630843644,2024,0.00064630843644,2025,0.00064630843644,2026,0.00064630843644,2027,0.00064630843644,2028,0.00064630843644,2029,0.00064630843644,2030,0.00064630843644,2031,0.00064630843644,2032,0.00064630843644,2033,0.00064630843644,2034,0.00064630843644,2035,0.00064630843644,2036,0.00064630843644,2037,0.00064630843644,2038,0.00064630843644,2039,0.00064630843644,2040,0.00064630843644,2041,0.00064630843644,2042,0.00064630843644,2043,0.00064630843644,2044,0.00064630843644,2045,0.00064630843644,2046,0.00064630843644,2047,0.00064630843644,2048,0.00064630843644,2049,0.00064630843644,2050,0.00064630843644,2051,0.00064630843644,2052,0.00064630843644,2053,0.00064630843644,2054,0.00064630843644,2055,0.00064630843644,2056,0.00064630843644,2057,0.00064630843644,2058,0.00064630843644,2059,0.00064630843644,2060,0.00064630843644)",GJ/USD,,
Key\Industry\Intensity\Other Industry\Direct Process Heating\Liquid FF,Activity Level,Current Accounts,ALL (12 regions),"Data(2005,0.0005591712947,2006,0.0005591712947,2007,0.0005591712947,2008,0.0005591712947,2009,0.0005591712947,2010,0.0005591712947,2011,0.0005591712947,2012,0.0005591712947,2013,0.0005591712947,2014,0.0005591712947,2015,0.0005591712947,2016,0.0005591712947,2017,0.0005591712947,2018,0.0005591712947,2019,0.0005591712947,2020,0.00054443702818,2021,0.00064740888622,2022,0.00064860174018,2023,0.00064630843644,2024,0.00064630843644,2025,0.00064630843644,2026,0.00064630843644,2027,0.00064630843644,2028,0.00064630843644,2029,0.00064630843644,2030,0.00064630843644,2031,0.00064630843644,2032,0.00064630843644,2033,0.00064630843644,2034,0.00064630843644,2035,0.00064630843644,2036,0.00064630843644,2037,0.00064630843644,2038,0.00064630843644,2039,0.00064630843644,2040,0.00064630843644,2041,0.00064630843644,2042,0.00064630843644,2043,0.00064630843644,2044,0.00064630843644,2045,0.00064630843644,2046,0.00064630843644,2047,0.00064630843644,2048,0.00064630843644,2049,0.00064630843644,2050,0.00064630843644,2051,0.00064630843644,2052,0.00064630843644,2053,0.00064630843644,2054,0.00064630843644,2055,0.00064630843644,2056,0.00064630843644,2057,0.00064630843644,2058,0.00064630843644,2059,0.00064630843644,2060,0.00064630843644)",GJ/USD,,
Key\Industry\Intensity\Other Industry\Direct Process Heating\Liquid FF,Activity Level,Regional Aspiration Scenario,ALL (12 regions),Growth(Key\Annual EI Reduction\Industry[%]),GJ/USD,,
Key\Industry\Intensity\Other Industry\Direct Process Heating\Others,Activity Level,AMS Target Scenario,ALL (12 regions),Growth(Key\Annual EI Reduction\Industry[%]),GJ/USD,,
Key\Industry\Intensity\Other Industry\Direct Process Heating\Others,Activity Level,Baseline Simulation,ALL (12 regions),"Data(2005,0.00203173270756,2006,0.00203173270756,2007,0.00203173270756,2008,0.00203173270756,2009,0.00203173270756,2010,0.00203173270756,2011,0.00203173270756,2012,0.00203173270756,2013,0.00203173270756,2014,0.00203173270756,2015,0.00203173270756,2016,0.00203173270756,2017,0.00203173270756,2018,0.00203173270756,2019,0.00203173270756,2020,0.00213192403982,2021,0.00224568198578,2022,0.0021501192629,2023,0.00173414924606,2024,0.00173414924606,2025,0.00173414924606,2026,0.00173414924606,2027,0.00173414924606,2028,0.00173414924606,2029,0.00173414924606,2030,0.00173414924606,2031,0.00173414924606,2032,0.00173414924606,2033,0.00173414924606,2034,0.00173414924606,2035,0.00173414924606,2036,0.00173414924606,2037,0.00173414924606,2038,0.00173414924606,2039,0.00173414924606,2040,0.00173414924606,2041,0.00173414924606,2042,0.00173414924606,2043,0.00173414924606,2044,0.00173414924606,2045,0.00173414924606,2046,0.00173414924606,2047,0.00173414924606,2048,0.00173414924606,2049,0.00173414924606,2050,0.00173414924606,2051,0.00173414924606,2052,0.00173414924606,2053,0.00173414924606,2054,0.00173414924606,2055,0.00173414924606,2056,0.00173414924606,2057,0.00173414924606,2058,0.00173414924606,2059,0.00173414924606,2060,0.00173414924606)",GJ/USD,,
Key\Industry\Intensity\Other Industry\Direct Process Heating\Others,Activity Level,Current Accounts,ALL (12 regions),"Data(2005,0.00203173270756,2006,0.00203173270756,2007,0.00203173270756,2008,0.00203173270756,2009,0.00203173270756,2010,0.00203173270756,2011,0.00203173270756,2012,0.00203173270756,2013,0.00203173270756,2014,0.00203173270756,2015,0.00203173270756,2016,0.00203173270756,2017,0.00203173270756,2018,0.00203173270756,2019,0.00203173270756,2020,0.00213192403982,2021,0.00224568198578,2022,0.0021501192629,2023,0.00173414924606,2024,0.00173414924606,2025,0.00173414924606,2026,0.00173414924606,2027,0.00173414924606,2028,0.00173414924606,2029,0.00173414924606,2030,0.00173414924606,2031,0.00173414924606,2032,0.00173414924606,2033,0.00173414924606,2034,0.00173414924606,2035,0.00173414924606,2036,0.00173414924606,2037,0.00173414924606,2038,0.00173414924606,2039,0.00173414924606,2040,0.00173414924606,2041,0.00173414924606,2042,0.00173414924606,2043,0.00173414924606,2044,0.00173414924606,2045,0.00173414924606,2046,0.00173414924606,2047,0.00173414924606,2048,0.00173414924606,2049,0.00173414924606,2050,0.00173414924606,2051,0.00173414924606,2052,0.00173414924606,2053,0.00173414924606,2054,0.00173414924606,2055,0.00173414924606,2056,0.00173414924606,2057,0.00173414924606,2058,0.00173414924606,2059,0.00173414924606,2060,0.00173414924606)",GJ/USD,,
Key\Industry\Intensity\Other Industry\Direct Process Heating\Others,Activity Level,Regional Aspiration Scenario,ALL (12 regions),Growth(Key\Annual EI Reduction\Industry[%]),GJ/USD,,
Key\Industry\Intensity\Other Industry\Indirect Process Heating\Electricity,Activity Level,AMS Target Scenario,ALL (12 regions),Growth(Key\Annual EI Reduction\Industry[%]),GJ/USD,,
Key\Industry\Intensity\Other Industry\Indirect Process Heating\Electricity,Activity Level,Baseline Simulation,ALL (12 regions),"Data(2005,0,2006,0,2007,0,2008,0,2009,0,2010,0,2011,0,2012,0,2013,0,2014,0,2015,0,2016,0,2017,0,2018,0,2019,0,2020,0,2021,0,2022,0,2023,0,2024,0,2025,0,2026,0,2027,0,2028,0,2029,0,2030,0,2031,0,2032,0,2033,0,2034,0,2035,0,2036,0,2037,0,2038,0,2039,0,2040,0,2041,0,2042,0,2043,0,2044,0,2045,0,2046,0,2047,0,2048,0,2049,0,2050,0,2051,0,2052,0,2053,0,2054,0,2055,0,2056,0,2057,0,2058,0,2059,0,2060,0)",GJ/USD,,
Key\Industry\Intensity\Other Industry\Indirect Process Heating\Electricity,Activity Level,Current Accounts,ALL (12 regions),"Data(2005,0,2006,0,2007,0,2008,0,2009,0,2010,0,2011,0,2012,0,2013,0,2014,0,2015,0,2016,0,2017,0,2018,0,2019,0,2020,0,2021,0,2022,0,2023,0,2024,0,2025,0,2026,0,2027,0,2028,0,2029,0,2030,0,2031,0,2032,0,2033,0,2034,0,2035,0,2036,0,2037,0,2038,0,2039,0,2040,0,2041,0,2042,0,2043,0,2044,0,2045,0,2046,0,2047,0,2048,0,2049,0,2050,0,2051,0,2052,0,2053,0,2054,0,2055,0,2056,0,2057,0,2058,0,2059,0,2060,0)",GJ/USD,,
Key\Industry\Intensity\Other Industry\Indirect Process Heating\Electricity,Activity Level,Regional Aspiration Scenario,ALL (12 regions),Growth(Key\Annual EI Reduction\Industry[%]),GJ/USD,,
Key\Industry\Intensity\Other Industry\Indirect Process Heating\Liquid FF,Activity Level,AMS Target Scenario,ALL (12 regions),Growth(Key\Annual EI Reduction\Industry[%]),GJ/USD,,
Key\Industry\Intensity\Other Industry\Indirect Process Heating\Liquid FF,Activity Level,Baseline Simulation,ALL (12 regions),"Data(2005,0.00030109482034,2006,0.00030109482034,2007,0.00030109482034,2008,0.00030109482034,2009,0.00030109482034,2010,0.00030109482034,2011,0.00030109482034,2012,0.00030109482034,2013,0.00030109482034,2014,0.00030109482034,2015,0.00030109482034,2016,0.00030109482034,2017,0.00030109482034,2018,0.00030109482034,2019,0.00030109482034,2020,0.00029315646124,2021,0.00034860736962,2022,0.0003492457985,2023,0.00034801094264,2024,0.00034801094264,2025,0.00034801094264,2026,0.00034801094264,2027,0.00034801094264,2028,0.00034801094264,2029,0.00034801094264,2030,0.00034801094264,2031,0.00034801094264,2032,0.00034801094264,2033,0.00034801094264,2034,0.00034801094264,2035,0.00034801094264,2036,0.00034801094264,2037,0.00034801094264,2038,0.00034801094264,2039,0.00034801094264,2040,0.00034801094264,2041,0.00034801094264,2042,0.00034801094264,2043,0.00034801094264,2044,0.00034801094264,2045,0.00034801094264,2046,0.00034801094264,2047,0.00034801094264,2048,0.00034801094264,2049,0.00034801094264,2050,0.00034801094264,2051,0.00034801094264,2052,0.00034801094264,2053,0.00034801094264,2054,0.00034801094264,2055,0.00034801094264,2056,0.00034801094264,2057,0.00034801094264,2058,0.00034801094264,2059,0.00034801094264,2060,0.00034801094264)",GJ/USD,,
Key\Industry\Intensity\Other Industry\Indirect Process Heating\Liquid FF,Activity Level,Current Accounts,ALL (12 regions),"Data(2005,0.00030109482034,2006,0.00030109482034,2007,0.00030109482034,2008,0.00030109482034,2009,0.00030109482034,2010,0.00030109482034,2011,0.00030109482034,2012,0.00030109482034,2013,0.00030109482034,2014,0.00030109482034,2015,0.00030109482034,2016,0.00030109482034,2017,0.00030109482034,2018,0.00030109482034,2019,0.00030109482034,2020,0.00029315646124,2021,0.00034860736962,2022,0.0003492457985,2023,0.00034801094264,2024,0.00034801094264,2025,0.00034801094264,2026,0.00034801094264,2027,0.00034801094264,2028,0.00034801094264,2029,0.00034801094264,2030,0.00034801094264,2031,0.00034801094264,2032,0.00034801094264,2033,0.00034801094264,2034,0.00034801094264,2035,0.00034801094264,2036,0.00034801094264,2037,0.00034801094264,2038,0.00034801094264,2039,0.00034801094264,2040,0.00034801094264,2041,0.00034801094264,2042,0.00034801094264,2043,0.00034801094264,2044,0.00034801094264,2045,0.00034801094264,2046,0.00034801094264,2047,0.00034801094264,2048,0.00034801094264,2049,0.00034801094264,2050,0.00034801094264,2051,0.00034801094264,2052,0.00034801094264,2053,0.00034801094264,2054,0.00034801094264,2055,0.00034801094264,2056,0.00034801094264,2057,0.00034801094264,2058,0.00034801094264,2059,0.00034801094264,2060,0.00034801094264)",GJ/USD,,
Key\Industry\Intensity\Other Industry\Indirect Process Heating\Liquid FF,Activity Level,Regional Aspiration Scenario,ALL (12 regions),Growth(Key\Annual EI Reduction\Industry[%]),GJ/USD,,
Key\Industry\Intensity\Other Industry\Indirect Process Heating\Others,Activity Level,AMS Target Scenario,ALL (12 regions),Growth(Key\Annual EI Reduction\Industry[%]),GJ/USD,,
Key\Industry\Intensity\Other Industry\Indirect Process Heating\Others,Activity Level,Baseline Simulation,ALL (12 regions),"Data(2005,0.00109400668854,2006,0.00109400668854,2007,0.00109400668854,2008,0.00109400668854,2009,0.00109400668854,2010,0.00109400668854,2011,0.00109400668854,2012,0.00109400668854,2013,0.00109400668854,2014,0.00109400668854,2015,0.00109400668854,2016,0.00109400668854,2017,0.00109400668854,2018,0.00109400668854,2019,0.00109400668854,2020,0.00114796232928,2021,0.00120920949986,2022,0.00115775717236,2023,0.00093377784042,2024,0.00093377784042,2025,0.00093377784042,2026,0.00093377784042,2027,0.00093377784042,2028,0.00093377784042,2029,0.00093377784042,2030,0.00093377784042,2031,0.00093377784042,2032,0.00093377784042,2033,0.00093377784042,2034,0.00093377784042,2035,0.00093377784042,2036,0.00093377784042,2037,0.00093377784042,2038,0.00093377784042,2039,0.00093377784042,2040,0.00093377784042,2041,0.00093377784042,2042,0.00093377784042,2043,0.00093377784042,2044,0.00093377784042,2045,0.00093377784042,2046,0.00093377784042,2047,0.00093377784042,2048,0.00093377784042,2049,0.00093377784042,2050,0.00093377784042,2051,0.00093377784042,2052,0.00093377784042,2053,0.00093377784042,2054,0.00093377784042,2055,0.00093377784042,2056,0.00093377784042,2057,0.00093377784042,2058,0.00093377784042,2059,0.00093377784042,2060,0.00093377784042)",GJ/USD,,
Key\Industry\Intensity\Other Industry\Indirect Process Heating\Others,Activity Level,Current Accounts,ALL (12 regions),"Data(2005,0.00109400668854,2006,0.00109400668854,2007,0.00109400668854,2008,0.00109400668854,2009,0.00109400668854,2010,0.00109400668854,2011,0.00109400668854,2012,0.00109400668854,2013,0.00109400668854,2014,0.00109400668854,2015,0.00109400668854,2016,0.00109400668854,2017,0.00109400668854,2018,0.00109400668854,2019,0.00109400668854,2020,0.00114796232928,2021,0.00120920949986,2022,0.00115775717236,2023,0.00093377784042,2024,0.00093377784042,2025,0.00093377784042,2026,0.00093377784042,2027,0.00093377784042,2028,0.00093377784042,2029,0.00093377784042,2030,0.00093377784042,2031,0.00093377784042,2032,0.00093377784042,2033,0.00093377784042,2034,0.00093377784042,2035,0.00093377784042,2036,0.00093377784042,2037,0.00093377784042,2038,0.00093377784042,2039,0.00093377784042,2040,0.00093377784042,2041,0.00093377784042,2042,0.00093377784042,2043,0.00093377784042,2044,0.00093377784042,2045,0.00093377784042,2046,0.00093377784042,2047,0.00093377784042,2048,0.00093377784042,2049,0.00093377784042,2050,0.00093377784042,2051,0.00093377784042,2052,0.00093377784042,2053,0.00093377784042,2054,0.00093377784042,2055,0.00093377784042,2056,0.00093377784042,2057,0.00093377784042,2058,0.00093377784042,2059,0.00093377784042,2060,0.00093377784042)",GJ/USD,,
Key\Industry\Intensity\Other Industry\Indirect Process Heating\Others,Activity Level,Regional Aspiration Scenario,ALL (12 regions),Growth(Key\Annual EI Reduction\Industry[%]),GJ/USD,,
Key\Industry\Intensity\Pulp and Paper\Direct Process Heating\Electricity,Activity Level,AMS Target Scenario,ALL (12 regions),Growth(Key\Annual EI Reduction\Industry[%]),GJ/USD,,
Key\Industry\Intensity\Pulp and Paper\Direct Process Heating\Electricity,Activity Level,Baseline Simulation,ALL (12 regions),"Data(2005,0.00035064026158,2006,0.00035064026158,2007,0.00035064026158,2008,0.00035064026158,2009,0.00035064026158,2010,0.00035064026158,2011,0.00035064026158,2012,0.00035064026158,2013,0.00035064026158,2014,0.00035064026158,2015,0.00035064026158,2016,0.00035064026158,2017,0.00035064026158,2018,0.00035064026158,2019,0.00035064026158,2020,0.00035108548172,2021,0.00038159566188,2022,0.0003911636947,2023,0.00046732153978,2024,0.00046732153978,2025,0.00046732153978,2026,0.00046732153978,2027,0.00046732153978,2028,0.00046732153978,2029,0.00046732153978,2030,0.00046732153978,2031,0.00046732153978,2032,0.00046732153978,2033,0.00046732153978,2034,0.00046732153978,2035,0.00046732153978,2036,0.00046732153978,2037,0.00046732153978,2038,0.00046732153978,2039,0.00046732153978,2040,0.00046732153978,2041,0.00046732153978,2042,0.00046732153978,2043,0.00046732153978,2044,0.00046732153978,2045,0.00046732153978,2046,0.00046732153978,2047,0.00046732153978,2048,0.00046732153978,2049,0.00046732153978,2050,0.00046732153978,2051,0.00046732153978,2052,0.00046732153978,2053,0.00046732153978,2054,0.00046732153978,2055,0.00046732153978,2056,0.00046732153978,2057,0.00046732153978,2058,0.00046732153978,2059,0.00046732153978,2060,0.00046732153978)",GJ/USD,,
Key\Industry\Intensity\Pulp and Paper\Direct Process Heating\Electricity,Activity Level,Current Accounts,ALL (12 regions),"Data(2005,0.00035064026158,2006,0.00035064026158,2007,0.00035064026158,2008,0.00035064026158,2009,0.00035064026158,2010,0.00035064026158,2011,0.00035064026158,2012,0.00035064026158,2013,0.00035064026158,2014,0.00035064026158,2015,0.00035064026158,2016,0.00035064026158,2017,0.00035064026158,2018,0.00035064026158,2019,0.00035064026158,2020,0.00035108548172,2021,0.00038159566188,2022,0.0003911636947,2023,0.00046732153978,2024,0.00046732153978,2025,0.00046732153978,2026,0.00046732153978,2027,0.00046732153978,2028,0.00046732153978,2029,0.00046732153978,2030,0.00046732153978,2031,0.00046732153978,2032,0.00046732153978,2033,0.00046732153978,2034,0.00046732153978,2035,0.00046732153978,2036,0.00046732153978,2037,0.00046732153978,2038,0.00046732153978,2039,0.00046732153978,2040,0.00046732153978,2041,0.00046732153978,2042,0.00046732153978,2043,0.00046732153978,2044,0.00046732153978,2045,0.00046732153978,2046,0.00046732153978,2047,0.00046732153978,2048,0.00046732153978,2049,0.00046732153978,2050,0.00046732153978,2051,0.00046732153978,2052,0.00046732153978,2053,0.00046732153978,2054,0.00046732153978,2055,0.00046732153978,2056,0.00046732153978,2057,0.00046732153978,2058,0.00046732153978,2059,0.00046732153978,2060,0.00046732153978)",GJ/USD,,
Key\Industry\Intensity\Pulp and Paper\Direct Process Heating\Electricity,Activity Level,Regional Aspiration Scenario,ALL (12 regions),"Interp(2005,0.00035064026158,2006,0.00035064026158,2007,0.00035064026158,2008,0.00035064026158,2009,0.00035064026158,2010,0.00035064026158,2011,0.00035064026158,2012,0.00035064026158,2013,0.00035064026158,2014,0.00035064026158,2015,0.00035064026158,2016,0.00035064026158,2017,0.00035064026158,2018,0.00035064026158,2019,0.00035064026158,2020,0.00035108548172,2021,0.00038159566188,2022,0.0003911636947,2023,0.00046732153978,2024,0.000473334836496,2025,0.000482226289176,2026,0.000492246724008,2027,0.000506846932599,2028,0.000527334981742,2029,0.000555331432923,2030,0.000592798181443,2031,0.000641814971651,2032,0.000705019831364,2033,0.000785017271006,2034,0.000884172258568,2035,0.00100410937391,2036,0.00113864980045,2037,0.00129240299681,2038,0.00146084626742,2039,0.00163678051391,2040,0.00181101050051,2041,0.00197371599711,2042,0.00211613566125,2043,0.00223198681771,2044,0.00231816182199,2045,0.00237459691624,2046,0.00240355030213,2047,0.00240866288631,2048,0.00239410746353,2049,0.00236397772593,2050,0.0023219350433,2051,0.00229164805898,2052,0.00225474152945,2053,0.00221302881726,2054,0.00216790872832,2055,0.0021204423583,2056,0.00208251164798,2057,0.00204333256307,2058,0.00200332062111,2059,0.001962782403,2060,0.00192194324675)",GJ/USD,,
Key\Industry\Intensity\Pulp and Paper\Direct Process Heating\Liquid FF,Activity Level,AMS Target Scenario,ALL (12 regions),Growth(Key\Annual EI Reduction\Industry[%]),GJ/USD,,
Key\Industry\Intensity\Pulp and Paper\Direct Process Heating\Liquid FF,Activity Level,Baseline Simulation,ALL (12 regions),"Data(2005,0.0002532294551,2006,0.0002532294551,2007,0.0002532294551,2008,0.0002532294551,2009,0.0002532294551,2010,0.0002532294551,2011,0.0002532294551,2012,0.0002532294551,2013,0.0002532294551,2014,0.0002532294551,2015,0.0002532294551,2016,0.0002532294551,2017,0.0002532294551,2018,0.0002532294551,2019,0.0002532294551,2020,0.00021788065606,2021,0.00025023051944,2022,0.0003411814337,2023,0.00027117266678,2024,0.00027117266678,2025,0.00027117266678,2026,0.00027117266678,2027,0.00027117266678,2028,0.00027117266678,2029,0.00027117266678,2030,0.00027117266678,2031,0.00027117266678,2032,0.00027117266678,2033,0.00027117266678,2034,0.00027117266678,2035,0.00027117266678,2036,0.00027117266678,2037,0.00027117266678,2038,0.00027117266678,2039,0.00027117266678,2040,0.00027117266678,2041,0.00027117266678,2042,0.00027117266678,2043,0.00027117266678,2044,0.00027117266678,2045,0.00027117266678,2046,0.00027117266678,2047,0.00027117266678,2048,0.00027117266678,2049,0.00027117266678,2050,0.00027117266678,2051,0.00027117266678,2052,0.00027117266678,2053,0.00027117266678,2054,0.00027117266678,2055,0.00027117266678,2056,0.00027117266678,2057,0.00027117266678,2058,0.00027117266678,2059,0.00027117266678,2060,0.00027117266678)",GJ/USD,,
Key\Industry\Intensity\Pulp and Paper\Direct Process Heating\Liquid FF,Activity Level,Current Accounts,ALL (12 regions),"Data(2005,0.0002532294551,2006,0.0002532294551,2007,0.0002532294551,2008,0.0002532294551,2009,0.0002532294551,2010,0.0002532294551,2011,0.0002532294551,2012,0.0002532294551,2013,0.0002532294551,2014,0.0002532294551,2015,0.0002532294551,2016,0.0002532294551,2017,0.0002532294551,2018,0.0002532294551,2019,0.0002532294551,2020,0.00021788065606,2021,0.00025023051944,2022,0.0003411814337,2023,0.00027117266678,2024,0.00027117266678,2025,0.00027117266678,2026,0.00027117266678,2027,0.00027117266678,2028,0.00027117266678,2029,0.00027117266678,2030,0.00027117266678,2031,0.00027117266678,2032,0.00027117266678,2033,0.00027117266678,2034,0.00027117266678,2035,0.00027117266678,2036,0.00027117266678,2037,0.00027117266678,2038,0.00027117266678,2039,0.00027117266678,2040,0.00027117266678,2041,0.00027117266678,2042,0.00027117266678,2043,0.00027117266678,2044,0.00027117266678,2045,0.00027117266678,2046,0.00027117266678,2047,0.00027117266678,2048,0.00027117266678,2049,0.00027117266678,2050,0.00027117266678,2051,0.00027117266678,2052,0.00027117266678,2053,0.00027117266678,2054,0.00027117266678,2055,0.00027117266678,2056,0.00027117266678,2057,0.00027117266678,2058,0.00027117266678,2059,0.00027117266678,2060,0.00027117266678)",GJ/USD,,
Key\Industry\Intensity\Pulp and Paper\Direct Process Heating\Liquid FF,Activity Level,Regional Aspiration Scenario,ALL (12 regions),"Interp(2005,0.0002532294551,2006,0.0002532294551,2007,0.0002532294551,2008,0.0002532294551,2009,0.0002532294551,2010,0.0002532294551,2011,0.0002532294551,2012,0.0002532294551,2013,0.0002532294551,2014,0.0002532294551,2015,0.0002532294551,2016,0.0002532294551,2017,0.0002532294551,2018,0.0002532294551,2019,0.0002532294551,2020,0.00021788065606,2021,0.00025023051944,2022,0.0003411814337,2023,0.00027117266678,2024,0.000264751589272,2025,0.000258167952744,2026,0.000248859573917,2027,0.000239420066716,2028,0.000229782955884,2029,0.00021986785346,2030,0.000209580193514,2031,0.000198728486769,2032,0.000187291570385,2033,0.000175161111161,2034,0.000162251632188,2035,0.00014852703113,2036,0.000134033070904,2037,0.000118928874317,2038,0.000103505053561,2039,8.81739245085e-05,2040,7.34230209384e-05,2041,5.97378910861e-05,2042,4.75169870467e-05,2043,3.7008277253e-05,2044,2.82875453251e-05,2045,2.12786447411e-05,2046,1.57998018559e-05,2047,1.16156884503e-05,2048,8.48060517622e-06,2049,6.16688326707e-06,2050,4.47926021231e-06,2051,3.25902346408e-06,2052,2.38205921554e-06,2053,1.7540279987e-06,2054,1.30472606515e-06,2055,9.82742125019e-07,2056,7.57959887295e-07,2057,5.93667168309e-07,2058,4.72083524724e-07,2059,3.80536778531e-07,2060,3.10043886358e-07)",GJ/USD,,
Key\Industry\Intensity\Pulp and Paper\Direct Process Heating\Others,Activity Level,AMS Target Scenario,ALL (12 regions),Growth(Key\Annual EI Reduction\Industry[%]),GJ/USD,,
Key\Industry\Intensity\Pulp and Paper\Direct Process Heating\Others,Activity Level,Baseline Simulation,ALL (12 regions),"Data(2005,0.0036153975463,2006,0.0036153975463,2007,0.0036153975463,2008,0.0036153975463,2009,0.0036153975463,2010,0.0036153975463,2011,0.0036153975463,2012,0.0036153975463,2013,0.0036153975463,2014,0.0036153975463,2015,0.0036153975463,2016,0.0036153975463,2017,0.0036153975463,2018,0.0036153975463,2019,0.0036153975463,2020,0.00336503262078,2021,0.0032881187415,2022,0.00530877134784,2023,0.00412179765384,2024,0.00412179765384,2025,0.00412179765384,2026,0.00412179765384,2027,0.00412179765384,2028,0.00412179765384,2029,0.00412179765384,2030,0.00412179765384,2031,0.00412179765384,2032,0.00412179765384,2033,0.00412179765384,2034,0.00412179765384,2035,0.00412179765384,2036,0.00412179765384,2037,0.00412179765384,2038,0.00412179765384,2039,0.00412179765384,2040,0.00412179765384,2041,0.00412179765384,2042,0.00412179765384,2043,0.00412179765384,2044,0.00412179765384,2045,0.00412179765384,2046,0.00412179765384,2047,0.00412179765384,2048,0.00412179765384,2049,0.00412179765384,2050,0.00412179765384,2051,0.00412179765384,2052,0.00412179765384,2053,0.00412179765384,2054,0.00412179765384,2055,0.00412179765384,2056,0.00412179765384,2057,0.00412179765384,2058,0.00412179765384,2059,0.00412179765384,2060,0.00412179765384)",GJ/USD,,
Key\Industry\Intensity\Pulp and Paper\Direct Process Heating\Others,Activity Level,Current Accounts,ALL (12 regions),"Data(2005,0.0036153975463,2006,0.0036153975463,2007,0.0036153975463,2008,0.0036153975463,2009,0.0036153975463,2010,0.0036153975463,2011,0.0036153975463,2012,0.0036153975463,2013,0.0036153975463,2014,0.0036153975463,2015,0.0036153975463,2016,0.0036153975463,2017,0.0036153975463,2018,0.0036153975463,2019,0.0036153975463,2020,0.00336503262078,2021,0.0032881187415,2022,0.00530877134784,2023,0.00412179765384,2024,0.00412179765384,2025,0.00412179765384,2026,0.00412179765384,2027,0.00412179765384,2028,0.00412179765384,2029,0.00412179765384,2030,0.00412179765384,2031,0.00412179765384,2032,0.00412179765384,2033,0.00412179765384,2034,0.00412179765384,2035,0.00412179765384,2036,0.00412179765384,2037,0.00412179765384,2038,0.00412179765384,2039,0.00412179765384,2040,0.00412179765384,2041,0.00412179765384,2042,0.00412179765384,2043,0.00412179765384,2044,0.00412179765384,2045,0.00412179765384,2046,0.00412179765384,2047,0.00412179765384,2048,0.00412179765384,2049,0.00412179765384,2050,0.00412179765384,2051,0.00412179765384,2052,0.00412179765384,2053,0.00412179765384,2054,0.00412179765384,2055,0.00412179765384,2056,0.00412179765384,2057,0.00412179765384,2058,0.00412179765384,2059,0.00412179765384,2060,0.00412179765384)",GJ/USD,,
Key\Industry\Intensity\Pulp and Paper\Direct Process Heating\Others,Activity Level,Regional Aspiration Scenario,ALL (12 regions),"Interp(2005,0.0036153975463,2006,0.0036153975463,2007,0.0036153975463,2008,0.0036153975463,2009,0.0036153975463,2010,0.0036153975463,2011,0.0036153975463,2012,0.0036153975463,2013,0.0036153975463,2014,0.0036153975463,2015,0.0036153975463,2016,0.0036153975463,2017,0.0036153975463,2018,0.0036153975463,2019,0.0036153975463,2020,0.00336503262078,2021,0.0032881187415,2022,0.00530877134784,2023,0.00412179765384,2024,0.0040674290132,2025,0.00401034477561,2026,0.00391018654775,2027,0.00380664404817,2028,0.00369847568532,2029,0.00358414128569,2030,0.0034617735199,2031,0.00332563901039,2032,0.00317706230074,2033,0.00301354721371,2034,0.00283281425822,2035,0.00263327495676,2036,0.0024146600579,2037,0.00217869674959,2038,0.00192961711523,2039,0.00167420793731,2040,0.00142117691783,2041,0.00117985873865,2042,0.000958616290143,2043,0.000763484279099,2044,0.000597494566393,2045,0.000460787056398,2046,0.000351285321086,2047,0.000265583782036,2048,0.000199755343836,2049,0.000149933983114,2050,0.000112653592595,2051,8.573274049e-05,2052,6.57377055997e-05,2053,5.09494648512e-05,2054,4.00394160807e-05,2055,3.19978749094e-05,2056,2.62198638769e-05,2057,2.19404384978e-05,2058,1.87618616912e-05,2059,1.63902247302e-05,2060,1.46091726482e-05)",GJ/USD,,
Key\Industry\Intensity\Pulp and Paper\Indirect Process Heating\Electricity,Activity Level,AMS Target Scenario,ALL (12 regions),Growth(Key\Annual EI Reduction\Industry[%]),GJ/USD,,
Key\Industry\Intensity\Pulp and Paper\Indirect Process Heating\Electricity,Activity Level,Baseline Simulation,ALL (12 regions),"Data(2005,0.00054190011342,2006,0.00054190011342,2007,0.00054190011342,2008,0.00054190011342,2009,0.00054190011342,2010,0.00054190011342,2011,0.00054190011342,2012,0.00054190011342,2013,0.00054190011342,2014,0.00054190011342,2015,0.00054190011342,2016,0.00054190011342,2017,0.00054190011342,2018,0.00054190011342,2019,0.00054190011342,2020,0.00054258894458,2021,0.00058974027752,2022,0.00060452494632,2023,0.0007222226705,2024,0.0007222226705,2025,0.0007222226705,2026,0.0007222226705,2027,0.0007222226705,2028,0.0007222226705,2029,0.0007222226705,2030,0.0007222226705,2031,0.0007222226705,2032,0.0007222226705,2033,0.0007222226705,2034,0.0007222226705,2035,0.0007222226705,2036,0.0007222226705,2037,0.0007222226705,2038,0.0007222226705,2039,0.0007222226705,2040,0.0007222226705,2041,0.0007222226705,2042,0.0007222226705,2043,0.0007222226705,2044,0.0007222226705,2045,0.0007222226705,2046,0.0007222226705,2047,0.0007222226705,2048,0.0007222226705,2049,0.0007222226705,2050,0.0007222226705,2051,0.0007222226705,2052,0.0007222226705,2053,0.0007222226705,2054,0.0007222226705,2055,0.0007222226705,2056,0.0007222226705,2057,0.0007222226705,2058,0.0007222226705,2059,0.0007222226705,2060,0.0007222226705)",GJ/USD,,
Key\Industry\Intensity\Pulp and Paper\Indirect Process Heating\Electricity,Activity Level,Current Accounts,ALL (12 regions),"Data(2005,0.00054190011342,2006,0.00054190011342,2007,0.00054190011342,2008,0.00054190011342,2009,0.00054190011342,2010,0.00054190011342,2011,0.00054190011342,2012,0.00054190011342,2013,0.00054190011342,2014,0.00054190011342,2015,0.00054190011342,2016,0.00054190011342,2017,0.00054190011342,2018,0.00054190011342,2019,0.00054190011342,2020,0.00054258894458,2021,0.00058974027752,2022,0.00060452494632,2023,0.0007222226705,2024,0.0007222226705,2025,0.0007222226705,2026,0.0007222226705,2027,0.0007222226705,2028,0.0007222226705,2029,0.0007222226705,2030,0.0007222226705,2031,0.0007222226705,2032,0.0007222226705,2033,0.0007222226705,2034,0.0007222226705,2035,0.0007222226705,2036,0.0007222226705,2037,0.0007222226705,2038,0.0007222226705,2039,0.0007222226705,2040,0.0007222226705,2041,0.0007222226705,2042,0.0007222226705,2043,0.0007222226705,2044,0.0007222226705,2045,0.0007222226705,2046,0.0007222226705,2047,0.0007222226705,2048,0.0007222226705,2049,0.0007222226705,2050,0.0007222226705,2051,0.0007222226705,2052,0.0007222226705,2053,0.0007222226705,2054,0.0007222226705,2055,0.0007222226705,2056,0.0007222226705,2057,0.0007222226705,2058,0.0007222226705,2059,0.0007222226705,2060,0.0007222226705)",GJ/USD,,
Key\Industry\Intensity\Pulp and Paper\Indirect Process Heating\Electricity,Activity Level,Regional Aspiration Scenario,ALL (12 regions),"Interp(2005,0.00054190011342,2006,0.00054190011342,2007,0.00054190011342,2008,0.00054190011342,2009,0.00054190011342,2010,0.00054190011342,2011,0.00054190011342,2012,0.00054190011342,2013,0.00054190011342,2014,0.00054190011342,2015,0.00054190011342,2016,0.00054190011342,2017,0.00054190011342,2018,0.00054190011342,2019,0.00054190011342,2020,0.00054258894458,2021,0.00058974027752,2022,0.00060452494632,2023,0.0007222226705,2024,0.000825528925561,2025,0.000962924019449,2026,0.00113727312423,2027,0.00136554415543,2028,0.00166322983675,2029,0.0020495240741,2030,0.00254766352559,2031,0.00318228065189,2032,0.0039846202127,2033,0.00498552998747,2034,0.0062130206171,2035,0.00768633359482,2036,0.00939822145656,2037,0.0113363816517,2038,0.0134472474325,2039,0.0156455527781,2040,0.0178223894495,2041,0.0198614467892,2042,0.0216589555933,2043,0.02314050396,2044,0.0242692850055,2045,0.0250445435939,2046,0.0254930258418,2047,0.0256578546005,2048,0.0255884523939,2049,0.0253333048537,2050,0.0249357771907,2051,0.0246396236208,2052,0.024265068272,2053,0.0238335885835,2054,0.0233617519916,2055,0.0228621260975,2056,0.0224754404207,2057,0.0220739690208,2058,0.0216626332809,2059,0.0212450643403,2060,0.0208239310985)",GJ/USD,,
Key\Industry\Intensity\Pulp and Paper\Indirect Process Heating\Liquid FF,Activity Level,AMS Target Scenario,ALL (12 regions),Growth(Key\Annual EI Reduction\Industry[%]),GJ/USD,,
Key\Industry\Intensity\Pulp and Paper\Indirect Process Heating\Liquid FF,Activity Level,Baseline Simulation,ALL (12 regions),"Data(2005,0.00299925487444,2006,0.00299925487444,2007,0.00299925487444,2008,0.00299925487444,2009,0.00299925487444,2010,0.00299925487444,2011,0.00299925487444,2012,0.00299925487444,2013,0.00299925487444,2014,0.00299925487444,2015,0.00299925487444,2016,0.00299925487444,2017,0.00299925487444,2018,0.00299925487444,2019,0.00299925487444,2020,0.00258053793334,2021,0.00296367926514,2022,0.00404094399634,2023,0.0032118012892,2024,0.0032118012892,2025,0.0032118012892,2026,0.0032118012892,2027,0.0032118012892,2028,0.0032118012892,2029,0.0032118012892,2030,0.0032118012892,2031,0.0032118012892,2032,0.0032118012892,2033,0.0032118012892,2034,0.0032118012892,2035,0.0032118012892,2036,0.0032118012892,2037,0.0032118012892,2038,0.0032118012892,2039,0.0032118012892,2040,0.0032118012892,2041,0.0032118012892,2042,0.0032118012892,2043,0.0032118012892,2044,0.0032118012892,2045,0.0032118012892,2046,0.0032118012892,2047,0.0032118012892,2048,0.0032118012892,2049,0.0032118012892,2050,0.0032118012892,2051,0.0032118012892,2052,0.0032118012892,2053,0.0032118012892,2054,0.0032118012892,2055,0.0032118012892,2056,0.0032118012892,2057,0.0032118012892,2058,0.0032118012892,2059,0.0032118012892,2060,0.0032118012892)",GJ/USD,,
Key\Industry\Intensity\Pulp and Paper\Indirect Process Heating\Liquid FF,Activity Level,Current Accounts,ALL (12 regions),"Data(2005,0.00299925487444,2006,0.00299925487444,2007,0.00299925487444,2008,0.00299925487444,2009,0.00299925487444,2010,0.00299925487444,2011,0.00299925487444,2012,0.00299925487444,2013,0.00299925487444,2014,0.00299925487444,2015,0.00299925487444,2016,0.00299925487444,2017,0.00299925487444,2018,0.00299925487444,2019,0.00299925487444,2020,0.00258053793334,2021,0.00296367926514,2022,0.00404094399634,2023,0.0032118012892,2024,0.0032118012892,2025,0.0032118012892,2026,0.0032118012892,2027,0.0032118012892,2028,0.0032118012892,2029,0.0032118012892,2030,0.0032118012892,2031,0.0032118012892,2032,0.0032118012892,2033,0.0032118012892,2034,0.0032118012892,2035,0.0032118012892,2036,0.0032118012892,2037,0.0032118012892,2038,0.0032118012892,2039,0.0032118012892,2040,0.0032118012892,2041,0.0032118012892,2042,0.0032118012892,2043,0.0032118012892,2044,0.0032118012892,2045,0.0032118012892,2046,0.0032118012892,2047,0.0032118012892,2048,0.0032118012892,2049,0.0032118012892,2050,0.0032118012892,2051,0.0032118012892,2052,0.0032118012892,2053,0.0032118012892,2054,0.0032118012892,2055,0.0032118012892,2056,0.0032118012892,2057,0.0032118012892,2058,0.0032118012892,2059,0.0032118012892,2060,0.0032118012892)",GJ/USD,,
Key\Industry\Intensity\Pulp and Paper\Indirect Process Heating\Liquid FF,Activity Level,Regional Aspiration Scenario,ALL (12 regions),"Interp(2005,0.00299925487444,2006,0.00299925487444,2007,0.00299925487444,2008,0.00299925487444,2009,0.00299925487444,2010,0.00299925487444,2011,0.00299925487444,2012,0.00299925487444,2013,0.00299925487444,2014,0.00299925487444,2015,0.00299925487444,2016,0.00299925487444,2017,0.00299925487444,2018,0.00299925487444,2019,0.00299925487444,2020,0.00258053793334,2021,0.00296367926514,2022,0.00404094399634,2023,0.0032118012892,2024,0.00313574928417,2025,0.00305777191079,2026,0.00294752236583,2027,0.00283571972084,2028,0.00272157663495,2029,0.00260414098361,2030,0.00248229271671,2031,0.0023537638125,2032,0.00221830361579,2033,0.00207462901525,2034,0.00192172761225,2035,0.00175917180639,2036,0.00158750361914,2037,0.00140860771991,2038,0.00122592615404,2039,0.00104434243972,2040,0.000869630984962,2041,0.000707542680767,2042,0.000562796841096,2043,0.000438330433535,2044,0.000335041048282,2045,0.000252026796887,2046,0.000187134730695,2047,0.000137577594315,2048,0.00010044529547,2049,7.30412982353e-05,2050,5.30528902318e-05,2051,3.86002611832e-05,2052,2.82133924125e-05,2053,2.07749160504e-05,2054,1.54533305582e-05,2055,1.16397145095e-05,2056,8.97736697464e-06,2057,7.03146448782e-06,2058,5.59141336523e-06,2059,4.50712282468e-06,2060,3.67219663301e-06)",GJ/USD,,
Key\Industry\Intensity\Pulp and Paper\Indirect Process Heating\Others,Activity Level,AMS Target Scenario,ALL (12 regions),Growth(Key\Annual EI Reduction\Industry[%]),GJ/USD,,
Key\Industry\Intensity\Pulp and Paper\Indirect Process Heating\Others,Activity Level,Baseline Simulation,ALL (12 regions),"Data(2005,0.0428207102397,2006,0.0428207102397,2007,0.0428207102397,2008,0.0428207102397,2009,0.0428207102397,2010,0.0428207102397,2011,0.0428207102397,2012,0.0428207102397,2013,0.0428207102397,2014,0.0428207102397,2015,0.0428207102397,2016,0.0428207102397,2017,0.0428207102397,2018,0.0428207102397,2019,0.0428207102397,2020,0.0398553760997,2021,0.0389443716895,2022,0.0628769367042,2023,0.0488184807552,2024,0.0488184807552,2025,0.0488184807552,2026,0.0488184807552,2027,0.0488184807552,2028,0.0488184807552,2029,0.0488184807552,2030,0.0488184807552,2031,0.0488184807552,2032,0.0488184807552,2033,0.0488184807552,2034,0.0488184807552,2035,0.0488184807552,2036,0.0488184807552,2037,0.0488184807552,2038,0.0488184807552,2039,0.0488184807552,2040,0.0488184807552,2041,0.0488184807552,2042,0.0488184807552,2043,0.0488184807552,2044,0.0488184807552,2045,0.0488184807552,2046,0.0488184807552,2047,0.0488184807552,2048,0.0488184807552,2049,0.0488184807552,2050,0.0488184807552,2051,0.0488184807552,2052,0.0488184807552,2053,0.0488184807552,2054,0.0488184807552,2055,0.0488184807552,2056,0.0488184807552,2057,0.0488184807552,2058,0.0488184807552,2059,0.0488184807552,2060,0.0488184807552)",GJ/USD,,
Key\Industry\Intensity\Pulp and Paper\Indirect Process Heating\Others,Activity Level,Current Accounts,ALL (12 regions),"Data(2005,0.0428207102397,2006,0.0428207102397,2007,0.0428207102397,2008,0.0428207102397,2009,0.0428207102397,2010,0.0428207102397,2011,0.0428207102397,2012,0.0428207102397,2013,0.0428207102397,2014,0.0428207102397,2015,0.0428207102397,2016,0.0428207102397,2017,0.0428207102397,2018,0.0428207102397,2019,0.0428207102397,2020,0.0398553760997,2021,0.0389443716895,2022,0.0628769367042,2023,0.0488184807552,2024,0.0488184807552,2025,0.0488184807552,2026,0.0488184807552,2027,0.0488184807552,2028,0.0488184807552,2029,0.0488184807552,2030,0.0488184807552,2031,0.0488184807552,2032,0.0488184807552,2033,0.0488184807552,2034,0.0488184807552,2035,0.0488184807552,2036,0.0488184807552,2037,0.0488184807552,2038,0.0488184807552,2039,0.0488184807552,2040,0.0488184807552,2041,0.0488184807552,2042,0.0488184807552,2043,0.0488184807552,2044,0.0488184807552,2045,0.0488184807552,2046,0.0488184807552,2047,0.0488184807552,2048,0.0488184807552,2049,0.0488184807552,2050,0.0488184807552,2051,0.0488184807552,2052,0.0488184807552,2053,0.0488184807552,2054,0.0488184807552,2055,0.0488184807552,2056,0.0488184807552,2057,0.0488184807552,2058,0.0488184807552,2059,0.0488184807552,2060,0.0488184807552)",GJ/USD,,
Key\Industry\Intensity\Pulp and Paper\Indirect Process Heating\Others,Activity Level,Regional Aspiration Scenario,ALL (12 regions),"Interp(2005,0.0428207102397,2006,0.0428207102397,2007,0.0428207102397,2008,0.0428207102397,2009,0.0428207102397,2010,0.0428207102397,2011,0.0428207102397,2012,0.0428207102397,2013,0.0428207102397,2014,0.0428207102397,2015,0.0428207102397,2016,0.0428207102397,2017,0.0428207102397,2018,0.0428207102397,2019,0.0428207102397,2020,0.0398553760997,2021,0.0389443716895,2022,0.0628769367042,2023,0.0488184807552,2024,0.0481745397712,2025,0.0474984353167,2026,0.0463121634689,2027,0.0450858083812,2028,0.0438046646708,2029,0.0424504905563,2030,0.0410011694297,2031,0.0393887952933,2032,0.037629056012,2033,0.0356923869177,2034,0.0335517897681,2035,0.0311884506703,2036,0.0285991806165,2037,0.0258044363828,2038,0.0228543426719,2039,0.0198292819862,2040,0.0168323881567,2041,0.0139742209501,2042,0.0113538302562,2043,0.00904269100919,2044,0.00707671250276,2045,0.00545755176119,2046,0.0041606156166,2047,0.00314556847305,2048,0.00236589789887,2049,0.00177581479828,2050,0.00133426667293,2051,0.00101541669271,2052,0.000778595939254,2053,0.00060344434109,2054,0.000474225963413,2055,0.000378982126649,2056,0.000310547491065,2057,0.000259862070998,2058,0.000222215077213,2059,0.00019412546121,2060,0.000173030719524)",GJ/USD,,
Key\Industry\Intensity\Textile and Leather\Direct Process Heating\Electricity,Activity Level,AMS Target Scenario,ALL (12 regions),Growth(Key\Annual EI Reduction\Industry[%]),GJ/USD,,
Key\Industry\Intensity\Textile and Leather\Direct Process Heating\Electricity,Activity Level,Baseline Simulation,ALL (12 regions),"Data(2005,0.00047414264834,2006,0.00047414264834,2007,0.00047414264834,2008,0.00047414264834,2009,0.00047414264834,2010,0.00047414264834,2011,0.00047414264834,2012,0.00047414264834,2013,0.00047414264834,2014,0.00047414264834,2015,0.00047414264834,2016,0.00047414264834,2017,0.00047414264834,2018,0.00047414264834,2019,0.00047414264834,2020,0.00052205841586,2021,0.00056304386988,2022,0.00054756196954,2023,0.00069545065944,2024,0.00069545065944,2025,0.00069545065944,2026,0.00069545065944,2027,0.00069545065944,2028,0.00069545065944,2029,0.00069545065944,2030,0.00069545065944,2031,0.00069545065944,2032,0.00069545065944,2033,0.00069545065944,2034,0.00069545065944,2035,0.00069545065944,2036,0.00069545065944,2037,0.00069545065944,2038,0.00069545065944,2039,0.00069545065944,2040,0.00069545065944,2041,0.00069545065944,2042,0.00069545065944,2043,0.00069545065944,2044,0.00069545065944,2045,0.00069545065944,2046,0.00069545065944,2047,0.00069545065944,2048,0.00069545065944,2049,0.00069545065944,2050,0.00069545065944,2051,0.00069545065944,2052,0.00069545065944,2053,0.00069545065944,2054,0.00069545065944,2055,0.00069545065944,2056,0.00069545065944,2057,0.00069545065944,2058,0.00069545065944,2059,0.00069545065944,2060,0.00069545065944)",GJ/USD,,
Key\Industry\Intensity\Textile and Leather\Direct Process Heating\Electricity,Activity Level,Current Accounts,ALL (12 regions),"Data(2005,0.00047414264834,2006,0.00047414264834,2007,0.00047414264834,2008,0.00047414264834,2009,0.00047414264834,2010,0.00047414264834,2011,0.00047414264834,2012,0.00047414264834,2013,0.00047414264834,2014,0.00047414264834,2015,0.00047414264834,2016,0.00047414264834,2017,0.00047414264834,2018,0.00047414264834,2019,0.00047414264834,2020,0.00052205841586,2021,0.00056304386988,2022,0.00054756196954,2023,0.00069545065944,2024,0.00069545065944,2025,0.00069545065944,2026,0.00069545065944,2027,0.00069545065944,2028,0.00069545065944,2029,0.00069545065944,2030,0.00069545065944,2031,0.00069545065944,2032,0.00069545065944,2033,0.00069545065944,2034,0.00069545065944,2035,0.00069545065944,2036,0.00069545065944,2037,0.00069545065944,2038,0.00069545065944,2039,0.00069545065944,2040,0.00069545065944,2041,0.00069545065944,2042,0.00069545065944,2043,0.00069545065944,2044,0.00069545065944,2045,0.00069545065944,2046,0.00069545065944,2047,0.00069545065944,2048,0.00069545065944,2049,0.00069545065944,2050,0.00069545065944,2051,0.00069545065944,2052,0.00069545065944,2053,0.00069545065944,2054,0.00069545065944,2055,0.00069545065944,2056,0.00069545065944,2057,0.00069545065944,2058,0.00069545065944,2059,0.00069545065944,2060,0.00069545065944)",GJ/USD,,
Key\Industry\Intensity\Textile and Leather\Direct Process Heating\Electricity,Activity Level,Regional Aspiration Scenario,ALL (12 regions),"Interp(2005,0.00047414264834,2006,0.00047414264834,2007,0.00047414264834,2008,0.00047414264834,2009,0.00047414264834,2010,0.00047414264834,2011,0.00047414264834,2012,0.00047414264834,2013,0.00047414264834,2014,0.00047414264834,2015,0.00047414264834,2016,0.00047414264834,2017,0.00047414264834,2018,0.00047414264834,2019,0.00047414264834,2020,0.00052205841586,2021,0.00056304386988,2022,0.00054756196954,2023,0.00069545065944,2024,0.000712702289488,2025,0.000736864840539,2026,0.000765832055894,2027,0.000805773992904,2028,0.00085983708413,2029,0.000931920914414,2030,0.00102674849058,2031,0.0011493253741,2032,0.00130601096612,2033,0.00150308818589,2034,0.00174627176456,2035,0.00203950430648,2036,0.00237383854111,2037,0.00275445131479,2038,0.00317050926521,2039,0.00360473046515,2040,0.00403501180471,2041,0.00443772150835,2042,0.00479174990308,2043,0.00508193113682,2044,0.00530072847724,2045,0.00544792904525,2046,0.00552891449503,2047,0.00555240497863,2048,0.00552841254458,2049,0.00546676947105,2050,0.00537627594887,2051,0.00531125441856,2052,0.00523022391293,2053,0.00513754466795,2054,0.0050365820425,2055,0.00492989028714,2056,0.00484610766677,2057,0.00475928481994,2058,0.00467042373618,2059,0.00458026404742,2060,0.00448934963383)",GJ/USD,,
Key\Industry\Intensity\Textile and Leather\Direct Process Heating\Liquid FF,Activity Level,AMS Target Scenario,ALL (12 regions),Growth(Key\Annual EI Reduction\Industry[%]),GJ/USD,,
Key\Industry\Intensity\Textile and Leather\Direct Process Heating\Liquid FF,Activity Level,Baseline Simulation,ALL (12 regions),"Data(2005,0.00037869753078,2006,0.00037869753078,2007,0.00037869753078,2008,0.00037869753078,2009,0.00037869753078,2010,0.00037869753078,2011,0.00037869753078,2012,0.00037869753078,2013,0.00037869753078,2014,0.00037869753078,2015,0.00037869753078,2016,0.00037869753078,2017,0.00037869753078,2018,0.00037869753078,2019,0.00037869753078,2020,0.00039371741022,2021,0.00046621268962,2022,0.00047657035816,2023,0.00045931597764,2024,0.00045931597764,2025,0.00045931597764,2026,0.00045931597764,2027,0.00045931597764,2028,0.00045931597764,2029,0.00045931597764,2030,0.00045931597764,2031,0.00045931597764,2032,0.00045931597764,2033,0.00045931597764,2034,0.00045931597764,2035,0.00045931597764,2036,0.00045931597764,2037,0.00045931597764,2038,0.00045931597764,2039,0.00045931597764,2040,0.00045931597764,2041,0.00045931597764,2042,0.00045931597764,2043,0.00045931597764,2044,0.00045931597764,2045,0.00045931597764,2046,0.00045931597764,2047,0.00045931597764,2048,0.00045931597764,2049,0.00045931597764,2050,0.00045931597764,2051,0.00045931597764,2052,0.00045931597764,2053,0.00045931597764,2054,0.00045931597764,2055,0.00045931597764,2056,0.00045931597764,2057,0.00045931597764,2058,0.00045931597764,2059,0.00045931597764,2060,0.00045931597764)",GJ/USD,,
Key\Industry\Intensity\Textile and Leather\Direct Process Heating\Liquid FF,Activity Level,Current Accounts,ALL (12 regions),"Data(2005,0.00037869753078,2006,0.00037869753078,2007,0.00037869753078,2008,0.00037869753078,2009,0.00037869753078,2010,0.00037869753078,2011,0.00037869753078,2012,0.00037869753078,2013,0.00037869753078,2014,0.00037869753078,2015,0.00037869753078,2016,0.00037869753078,2017,0.00037869753078,2018,0.00037869753078,2019,0.00037869753078,2020,0.00039371741022,2021,0.00046621268962,2022,0.00047657035816,2023,0.00045931597764,2024,0.00045931597764,2025,0.00045931597764,2026,0.00045931597764,2027,0.00045931597764,2028,0.00045931597764,2029,0.00045931597764,2030,0.00045931597764,2031,0.00045931597764,2032,0.00045931597764,2033,0.00045931597764,2034,0.00045931597764,2035,0.00045931597764,2036,0.00045931597764,2037,0.00045931597764,2038,0.00045931597764,2039,0.00045931597764,2040,0.00045931597764,2041,0.00045931597764,2042,0.00045931597764,2043,0.00045931597764,2044,0.00045931597764,2045,0.00045931597764,2046,0.00045931597764,2047,0.00045931597764,2048,0.00045931597764,2049,0.00045931597764,2050,0.00045931597764,2051,0.00045931597764,2052,0.00045931597764,2053,0.00045931597764,2054,0.00045931597764,2055,0.00045931597764,2056,0.00045931597764,2057,0.00045931597764,2058,0.00045931597764,2059,0.00045931597764,2060,0.00045931597764)",GJ/USD,,
Key\Industry\Intensity\Textile and Leather\Direct Process Heating\Liquid FF,Activity Level,Regional Aspiration Scenario,ALL (12 regions),"Interp(2005,0.00037869753078,2006,0.00037869753078,2007,0.00037869753078,2008,0.00037869753078,2009,0.00037869753078,2010,0.00037869753078,2011,0.00037869753078,2012,0.00037869753078,2013,0.00037869753078,2014,0.00037869753078,2015,0.00037869753078,2016,0.00037869753078,2017,0.00037869753078,2018,0.00037869753078,2019,0.00037869753078,2020,0.00039371741022,2021,0.00046621268962,2022,0.00047657035816,2023,0.00045931597764,2024,0.000448439868598,2025,0.000437288414861,2026,0.000421521755293,2027,0.00040553298869,2028,0.000389209518349,2029,0.000372415182042,2030,0.000354989802699,2031,0.000336609033164,2032,0.000317237027525,2033,0.000296690289522,2034,0.000274824037198,2035,0.00025157711992,2036,0.000227027051544,2037,0.000201443356461,2038,0.000175318277582,2039,0.000149350201179,2040,0.000124364918648,2041,0.000101184858239,2042,8.04849235692e-05,2043,6.26851269676e-05,2044,4.79138317675e-05,2045,3.60420599471e-05,2046,2.67619208164e-05,2047,1.96748122141e-05,2048,1.43645652187e-05,2049,1.04455513546e-05,2050,7.58703230657e-06,2051,5.52017858706e-06,2052,4.03476452982e-06,2053,2.97099665169e-06,2054,2.20996288189e-06,2055,1.66458207341e-06,2056,1.28384283998e-06,2057,1.00556158201e-06,2058,7.99621540995e-07,2059,6.44558408243e-07,2060,5.25156581837e-07)",GJ/USD,,
Key\Industry\Intensity\Textile and Leather\Direct Process Heating\Others,Activity Level,AMS Target Scenario,ALL (12 regions),Growth(Key\Annual EI Reduction\Industry[%]),GJ/USD,,
Key\Industry\Intensity\Textile and Leather\Direct Process Heating\Others,Activity Level,Baseline Simulation,ALL (12 regions),"Data(2005,0.00558361498068,2006,0.00558361498068,2007,0.00558361498068,2008,0.00558361498068,2009,0.00558361498068,2010,0.00558361498068,2011,0.00558361498068,2012,0.00558361498068,2013,0.00558361498068,2014,0.00558361498068,2015,0.00558361498068,2016,0.00558361498068,2017,0.00558361498068,2018,0.00558361498068,2019,0.00558361498068,2020,0.00450094880514,2021,0.00383026246594,2022,0.00949596595998,2023,0.010071635601,2024,0.010071635601,2025,0.010071635601,2026,0.010071635601,2027,0.010071635601,2028,0.010071635601,2029,0.010071635601,2030,0.010071635601,2031,0.010071635601,2032,0.010071635601,2033,0.010071635601,2034,0.010071635601,2035,0.010071635601,2036,0.010071635601,2037,0.010071635601,2038,0.010071635601,2039,0.010071635601,2040,0.010071635601,2041,0.010071635601,2042,0.010071635601,2043,0.010071635601,2044,0.010071635601,2045,0.010071635601,2046,0.010071635601,2047,0.010071635601,2048,0.010071635601,2049,0.010071635601,2050,0.010071635601,2051,0.010071635601,2052,0.010071635601,2053,0.010071635601,2054,0.010071635601,2055,0.010071635601,2056,0.010071635601,2057,0.010071635601,2058,0.010071635601,2059,0.010071635601,2060,0.010071635601)",GJ/USD,,
Key\Industry\Intensity\Textile and Leather\Direct Process Heating\Others,Activity Level,Current Accounts,ALL (12 regions),"Data(2005,0.00558361498068,2006,0.00558361498068,2007,0.00558361498068,2008,0.00558361498068,2009,0.00558361498068,2010,0.00558361498068,2011,0.00558361498068,2012,0.00558361498068,2013,0.00558361498068,2014,0.00558361498068,2015,0.00558361498068,2016,0.00558361498068,2017,0.00558361498068,2018,0.00558361498068,2019,0.00558361498068,2020,0.00450094880514,2021,0.00383026246594,2022,0.00949596595998,2023,0.010071635601,2024,0.010071635601,2025,0.010071635601,2026,0.010071635601,2027,0.010071635601,2028,0.010071635601,2029,0.010071635601,2030,0.010071635601,2031,0.010071635601,2032,0.010071635601,2033,0.010071635601,2034,0.010071635601,2035,0.010071635601,2036,0.010071635601,2037,0.010071635601,2038,0.010071635601,2039,0.010071635601,2040,0.010071635601,2041,0.010071635601,2042,0.010071635601,2043,0.010071635601,2044,0.010071635601,2045,0.010071635601,2046,0.010071635601,2047,0.010071635601,2048,0.010071635601,2049,0.010071635601,2050,0.010071635601,2051,0.010071635601,2052,0.010071635601,2053,0.010071635601,2054,0.010071635601,2055,0.010071635601,2056,0.010071635601,2057,0.010071635601,2058,0.010071635601,2059,0.010071635601,2060,0.010071635601)",GJ/USD,,
Key\Industry\Intensity\Textile and Leather\Direct Process Heating\Others,Activity Level,Regional Aspiration Scenario,ALL (12 regions),"Interp(2005,0.00558361498068,2006,0.00558361498068,2007,0.00558361498068,2008,0.00558361498068,2009,0.00558361498068,2010,0.00558361498068,2011,0.00558361498068,2012,0.00558361498068,2013,0.00558361498068,2014,0.00558361498068,2015,0.00558361498068,2016,0.00558361498068,2017,0.00558361498068,2018,0.00558361498068,2019,0.00558361498068,2020,0.00450094880514,2021,0.00383026246594,2022,0.00949596595998,2023,0.010071635601,2024,0.00993878552376,2025,0.00979929987021,2026,0.00955456268072,2027,0.00930155600436,2028,0.00903724600528,2029,0.00875786926084,2030,0.00845886294131,2031,0.00812621750656,2032,0.00776316948623,2033,0.0073636194573,2034,0.00692199747059,2035,0.00643442207238,2036,0.00590023534532,2037,0.00532365768284,2038,0.00471503020435,2039,0.0040909364508,2040,0.00347265374068,2041,0.00288299142129,2042,0.002342384262,2043,0.00186557810256,2044,0.00145998131196,2045,0.00112593574732,2046,0.000858367645162,2047,0.000648955455566,2048,0.000488103298955,2049,0.000366364525616,2050,0.000275269683047,2051,0.000209488430487,2052,0.000160630450995,2053,0.000124495302085,2054,9.78365369455e-05,2055,7.81869861548e-05,2056,6.40683839077e-05,2057,5.3611584079e-05,2058,4.58447138894e-05,2059,4.00496057218e-05,2060,3.56975950064e-05)",GJ/USD,,
Key\Industry\Intensity\Textile and Leather\Indirect Process Heating\Electricity,Activity Level,AMS Target Scenario,ALL (12 regions),Growth(Key\Annual EI Reduction\Industry[%]),GJ/USD,,
Key\Industry\Intensity\Textile and Leather\Indirect Process Heating\Electricity,Activity Level,Baseline Simulation,ALL (12 regions),"Data(2005,6.773226394e-05,2006,6.773226394e-05,2007,6.773226394e-05,2008,6.773226394e-05,2009,6.773226394e-05,2010,6.773226394e-05,2011,6.773226394e-05,2012,6.773226394e-05,2013,6.773226394e-05,2014,6.773226394e-05,2015,6.773226394e-05,2016,6.773226394e-05,2017,6.773226394e-05,2018,6.773226394e-05,2019,6.773226394e-05,2020,7.457857364e-05,2021,8.04336385e-05,2022,7.822433856e-05,2023,7.822433856e-05,2024,9.935129426e-05,2025,9.935129426e-05,2026,9.935129426e-05,2027,9.935129426e-05,2028,9.935129426e-05,2029,9.935129426e-05,2030,9.935129426e-05,2031,9.935129426e-05,2032,9.935129426e-05,2033,9.935129426e-05,2034,9.935129426e-05,2035,9.935129426e-05,2036,9.935129426e-05,2037,9.935129426e-05,2038,9.935129426e-05,2039,9.935129426e-05,2040,9.935129426e-05,2041,9.935129426e-05,2042,9.935129426e-05,2043,9.935129426e-05,2044,9.935129426e-05,2045,9.935129426e-05,2046,9.935129426e-05,2047,9.935129426e-05,2048,9.935129426e-05,2049,9.935129426e-05,2050,9.935129426e-05,2051,9.935129426e-05,2052,9.935129426e-05,2053,9.935129426e-05,2054,9.935129426e-05,2055,9.935129426e-05,2056,9.935129426e-05,2057,9.935129426e-05,2058,9.935129426e-05,2059,9.935129426e-05,2060,9.935129426e-05)",GJ/USD,,
Key\Industry\Intensity\Textile and Leather\Indirect Process Heating\Electricity,Activity Level,Current Accounts,ALL (12 regions),"Data(2005,6.773226394e-05,2006,6.773226394e-05,2007,6.773226394e-05,2008,6.773226394e-05,2009,6.773226394e-05,2010,6.773226394e-05,2011,6.773226394e-05,2012,6.773226394e-05,2013,6.773226394e-05,2014,6.773226394e-05,2015,6.773226394e-05,2016,6.773226394e-05,2017,6.773226394e-05,2018,6.773226394e-05,2019,6.773226394e-05,2020,7.457857364e-05,2021,8.04336385e-05,2022,7.822433856e-05,2023,7.822433856e-05,2024,9.935129426e-05,2025,9.935129426e-05,2026,9.935129426e-05,2027,9.935129426e-05,2028,9.935129426e-05,2029,9.935129426e-05,2030,9.935129426e-05,2031,9.935129426e-05,2032,9.935129426e-05,2033,9.935129426e-05,2034,9.935129426e-05,2035,9.935129426e-05,2036,9.935129426e-05,2037,9.935129426e-05,2038,9.935129426e-05,2039,9.935129426e-05,2040,9.935129426e-05,2041,9.935129426e-05,2042,9.935129426e-05,2043,9.935129426e-05,2044,9.935129426e-05,2045,9.935129426e-05,2046,9.935129426e-05,2047,9.935129426e-05,2048,9.935129426e-05,2049,9.935129426e-05,2050,9.935129426e-05,2051,9.935129426e-05,2052,9.935129426e-05,2053,9.935129426e-05,2054,9.935129426e-05,2055,9.935129426e-05,2056,9.935129426e-05,2057,9.935129426e-05,2058,9.935129426e-05,2059,9.935129426e-05,2060,9.935129426e-05)",GJ/USD,,
Key\Industry\Intensity\Textile and Leather\Indirect Process Heating\Electricity,Activity Level,Regional Aspiration Scenario,ALL (12 regions),"Interp(2005,6.773226394e-05,2006,6.773226394e-05,2007,6.773226394e-05,2008,6.773226394e-05,2009,6.773226394e-05,2010,6.773226394e-05,2011,6.773226394e-05,2012,6.773226394e-05,2013,6.773226394e-05,2014,6.773226394e-05,2015,6.773226394e-05,2016,6.773226394e-05,2017,6.773226394e-05,2018,6.773226394e-05,2019,6.773226394e-05,2020,7.457857364e-05,2021,8.04336385e-05,2022,7.822433856e-05,2023,9.935129426e-05,2024,0.000132117851122,2025,0.000175439270066,2026,0.000230816401384,2027,0.000302890741181,2028,0.000396467750566,2029,0.000517503159716,2030,0.000673210288885,2031,0.000871233996384,2032,0.00112128682321,2033,0.00143296450172,2034,0.00181499498604,2035,0.00227339970921,2036,0.00280770399345,2037,0.00341243149247,2038,0.00407103670632,2039,0.00475712541661,2040,0.00543694014329,2041,0.00607438871641,2042,0.00663723090464,2043,0.00710230431291,2044,0.00745809829375,2045,0.00770428772211,2046,0.00784909185196,2047,0.00790582873464,2048,0.00788978950005,2049,0.00781599071982,2050,0.00769787268664,2051,0.0076110833805,2052,0.00749984399972,2053,0.0073708138144,2054,0.0072291326459,2055,0.00707870153185,2056,0.00696325891802,2057,0.00684317304841,2058,0.00671997423447,2059,0.00659479209602,2060,0.0064684572865)",GJ/USD,,
Key\Industry\Intensity\Textile and Leather\Indirect Process Heating\Liquid FF,Activity Level,AMS Target Scenario,ALL (12 regions),Growth(Key\Annual EI Reduction\Industry[%]),GJ/USD,,
Key\Industry\Intensity\Textile and Leather\Indirect Process Heating\Liquid FF,Activity Level,Baseline Simulation,ALL (12 regions),"Data(2005,0.00057837456338,2006,0.00057837456338,2007,0.00057837456338,2008,0.00057837456338,2009,0.00057837456338,2010,0.00057837456338,2011,0.00057837456338,2012,0.00057837456338,2013,0.00057837456338,2014,0.00057837456338,2015,0.00057837456338,2016,0.00057837456338,2017,0.00057837456338,2018,0.00057837456338,2019,0.00057837456338,2020,0.00060131600116,2021,0.00071203300956,2022,0.0007278509251,2023,0.00070149893304,2024,0.00070149893304,2025,0.00070149893304,2026,0.00070149893304,2027,0.00070149893304,2028,0.00070149893304,2029,0.00070149893304,2030,0.00070149893304,2031,0.00070149893304,2032,0.00070149893304,2033,0.00070149893304,2034,0.00070149893304,2035,0.00070149893304,2036,0.00070149893304,2037,0.00070149893304,2038,0.00070149893304,2039,0.00070149893304,2040,0.00070149893304,2041,0.00070149893304,2042,0.00070149893304,2043,0.00070149893304,2044,0.00070149893304,2045,0.00070149893304,2046,0.00070149893304,2047,0.00070149893304,2048,0.00070149893304,2049,0.00070149893304,2050,0.00070149893304,2051,0.00070149893304,2052,0.00070149893304,2053,0.00070149893304,2054,0.00070149893304,2055,0.00070149893304,2056,0.00070149893304,2057,0.00070149893304,2058,0.00070149893304,2059,0.00070149893304,2060,0.00070149893304)",GJ/USD,,
Key\Industry\Intensity\Textile and Leather\Indirect Process Heating\Liquid FF,Activity Level,Current Accounts,ALL (12 regions),"Data(2005,0.00057837456338,2006,0.00057837456338,2007,0.00057837456338,2008,0.00057837456338,2009,0.00057837456338,2010,0.00057837456338,2011,0.00057837456338,2012,0.00057837456338,2013,0.00057837456338,2014,0.00057837456338,2015,0.00057837456338,2016,0.00057837456338,2017,0.00057837456338,2018,0.00057837456338,2019,0.00057837456338,2020,0.00060131600116,2021,0.00071203300956,2022,0.0007278509251,2023,0.00070149893304,2024,0.00070149893304,2025,0.00070149893304,2026,0.00070149893304,2027,0.00070149893304,2028,0.00070149893304,2029,0.00070149893304,2030,0.00070149893304,2031,0.00070149893304,2032,0.00070149893304,2033,0.00070149893304,2034,0.00070149893304,2035,0.00070149893304,2036,0.00070149893304,2037,0.00070149893304,2038,0.00070149893304,2039,0.00070149893304,2040,0.00070149893304,2041,0.00070149893304,2042,0.00070149893304,2043,0.00070149893304,2044,0.00070149893304,2045,0.00070149893304,2046,0.00070149893304,2047,0.00070149893304,2048,0.00070149893304,2049,0.00070149893304,2050,0.00070149893304,2051,0.00070149893304,2052,0.00070149893304,2053,0.00070149893304,2054,0.00070149893304,2055,0.00070149893304,2056,0.00070149893304,2057,0.00070149893304,2058,0.00070149893304,2059,0.00070149893304,2060,0.00070149893304)",GJ/USD,,
Key\Industry\Intensity\Textile and Leather\Indirect Process Heating\Liquid FF,Activity Level,Regional Aspiration Scenario,ALL (12 regions),"Interp(2005,0.00057837456338,2006,0.00057837456338,2007,0.00057837456338,2008,0.00057837456338,2009,0.00057837456338,2010,0.00057837456338,2011,0.00057837456338,2012,0.00057837456338,2013,0.00057837456338,2014,0.00057837456338,2015,0.00057837456338,2016,0.00057837456338,2017,0.00057837456338,2018,0.00057837456338,2019,0.00057837456338,2020,0.00060131600116,2021,0.00071203300956,2022,0.0007278509251,2023,0.00070149893304,2024,0.00068488819172,2025,0.000667856925057,2026,0.000643776998812,2027,0.000619357855436,2028,0.000594427529505,2029,0.000568778064705,2030,0.000542164827606,2031,0.000514092452933,2032,0.000484506194348,2033,0.000453125803749,2034,0.000419730160181,2035,0.00038422587019,2036,0.000346731318269,2037,0.000307658140593,2038,0.00026775812437,2039,0.000228097893121,2040,0.000189938652226,2041,0.000154536470643,2042,0.000122922107565,2043,9.57370346906e-05,2044,7.31772973269e-05,2045,5.50459113731e-05,2046,4.08726450042e-05,2047,3.00487256003e-05,2048,2.19385513787e-05,2049,1.59531640242e-05,2050,1.15874372482e-05,2051,8.43079617851e-06,2052,6.16216972743e-06,2053,4.53751030376e-06,2054,3.37520721938e-06,2055,2.54226416084e-06,2056,1.96077303269e-06,2057,1.5357627673e-06,2058,1.22123698097e-06,2059,9.84413906061e-07,2060,8.02055229454e-07)",GJ/USD,,
Key\Industry\Intensity\Textile and Leather\Indirect Process Heating\Others,Activity Level,AMS Target Scenario,ALL (12 regions),Growth(Key\Annual EI Reduction\Industry[%]),GJ/USD,,
Key\Industry\Intensity\Textile and Leather\Indirect Process Heating\Others,Activity Level,Baseline Simulation,ALL (12 regions),"Data(2005,0.00852770455966,2006,0.00852770455966,2007,0.00852770455966,2008,0.00852770455966,2009,0.00852770455966,2010,0.00852770455966,2011,0.00852770455966,2012,0.00852770455966,2013,0.00852770455966,2014,0.00852770455966,2015,0.00852770455966,2016,0.00852770455966,2017,0.00852770455966,2018,0.00852770455966,2019,0.00852770455966,2020,0.00687418216084,2021,0.0058498566244,2022,0.0145029284552,2023,0.0153821374271,2024,0.0153821374271,2025,0.0153821374271,2026,0.0153821374271,2027,0.0153821374271,2028,0.0153821374271,2029,0.0153821374271,2030,0.0153821374271,2031,0.0153821374271,2032,0.0153821374271,2033,0.0153821374271,2034,0.0153821374271,2035,0.0153821374271,2036,0.0153821374271,2037,0.0153821374271,2038,0.0153821374271,2039,0.0153821374271,2040,0.0153821374271,2041,0.0153821374271,2042,0.0153821374271,2043,0.0153821374271,2044,0.0153821374271,2045,0.0153821374271,2046,0.0153821374271,2047,0.0153821374271,2048,0.0153821374271,2049,0.0153821374271,2050,0.0153821374271,2051,0.0153821374271,2052,0.0153821374271,2053,0.0153821374271,2054,0.0153821374271,2055,0.0153821374271,2056,0.0153821374271,2057,0.0153821374271,2058,0.0153821374271,2059,0.0153821374271,2060,0.0153821374271)",GJ/USD,,
Key\Industry\Intensity\Textile and Leather\Indirect Process Heating\Others,Activity Level,Current Accounts,ALL (12 regions),"Data(2005,0.00852770455966,2006,0.00852770455966,2007,0.00852770455966,2008,0.00852770455966,2009,0.00852770455966,2010,0.00852770455966,2011,0.00852770455966,2012,0.00852770455966,2013,0.00852770455966,2014,0.00852770455966,2015,0.00852770455966,2016,0.00852770455966,2017,0.00852770455966,2018,0.00852770455966,2019,0.00852770455966,2020,0.00687418216084,2021,0.0058498566244,2022,0.0145029284552,2023,0.0153821374271,2024,0.0153821374271,2025,0.0153821374271,2026,0.0153821374271,2027,0.0153821374271,2028,0.0153821374271,2029,0.0153821374271,2030,0.0153821374271,2031,0.0153821374271,2032,0.0153821374271,2033,0.0153821374271,2034,0.0153821374271,2035,0.0153821374271,2036,0.0153821374271,2037,0.0153821374271,2038,0.0153821374271,2039,0.0153821374271,2040,0.0153821374271,2041,0.0153821374271,2042,0.0153821374271,2043,0.0153821374271,2044,0.0153821374271,2045,0.0153821374271,2046,0.0153821374271,2047,0.0153821374271,2048,0.0153821374271,2049,0.0153821374271,2050,0.0153821374271,2051,0.0153821374271,2052,0.0153821374271,2053,0.0153821374271,2054,0.0153821374271,2055,0.0153821374271,2056,0.0153821374271,2057,0.0153821374271,2058,0.0153821374271,2059,0.0153821374271,2060,0.0153821374271)",GJ/USD,,
Key\Industry\Intensity\Textile and Leather\Indirect Process Heating\Others,Activity Level,Regional Aspiration Scenario,ALL (12 regions),"Interp(2005,0.00852770455966,2006,0.00852770455966,2007,0.00852770455966,2008,0.00852770455966,2009,0.00852770455966,2010,0.00852770455966,2011,0.00852770455966,2012,0.00852770455966,2013,0.00852770455966,2014,0.00852770455966,2015,0.00852770455966,2016,0.00852770455966,2017,0.00852770455966,2018,0.00852770455966,2019,0.00852770455966,2020,0.00687418216084,2021,0.0058498566244,2022,0.0145029284552,2023,0.0153821374271,2024,0.015179239087,2025,0.0149662064102,2026,0.0145924259011,2027,0.0142060156278,2028,0.0138023420945,2029,0.0133756575273,2030,0.0129189932395,2031,0.0124109528383,2032,0.011856479388,2033,0.0112462574045,2034,0.0105717800545,2035,0.00982711929844,2036,0.00901127031691,2037,0.00813067880298,2038,0.00720113846942,2039,0.00624797691108,2040,0.00530369040265,2041,0.0044031150451,2042,0.00357746031058,2043,0.00284924712246,2044,0.00222979008289,2045,0.00171961130104,2046,0.00131096175477,2047,0.000991132165326,2048,0.000745467004626,2049,0.00055953865933,2050,0.000420411963051,2051,0.0003199460301,2052,0.000245326555692,2053,0.000190138317307,2054,0.000149423104281,2055,0.000119412875296,2056,9.78499148543e-05,2057,8.18795264899e-05,2058,7.00173951174e-05,2059,6.11666827039e-05,2060,5.45199741095e-05)",GJ/USD,,
Key\Industry\Steel RAS Measures\BOF\BOF_share,Activity Level,AMS Target Scenario,Base Template,0,Share,%,
Key\Industry\Steel RAS Measures\BOF\BOF_share,Activity Level,AMS Target Scenario,Brunei,0,Share,%,
Key\Industry\Steel RAS Measures\BOF\BOF_share,Activity Level,AMS Target Scenario,Cambodia,0,Share,%,
Key\Industry\Steel RAS Measures\BOF\BOF_share,Activity Level,AMS Target Scenario,Indonesia,"InterpFSY(2025,59.778,2026,61.8006,2027,63.6133,2028,65.2265,2029,66.6509,2030,67.8972,2031,68.9758,2032,69.8976,2033,70.6729,2034,71.3126,2035,71.8272,2036,72.2272,2037,72.5234,2038,72.7263,2039,72.8466,2040,72.8949,2041,72.8817,2042,72.8178,2043,72.7136,2044,72.5799,2045,72.4273,2046,72.2663,2047,72.1076,2048,71.9618,2049,71.8395,2050,71.7513,2051,71.7079,2052,71.7199,2053,71.7978,2054,71.9523,2055,72.194,2056,72.5335,2057,72.9815,2058,73.5485,2059,74.2452,2060,75.0821)",Share,%,
Key\Industry\Steel RAS Measures\BOF\BOF_share,Activity Level,AMS Target Scenario,Laos,0,Share,%,
Key\Industry\Steel RAS Measures\BOF\BOF_share,Activity Level,AMS Target Scenario,Malaysia,"InterpFSY(2025,48.9725,2026,49.3371,2027,49.6625,2028,49.9506,2029,50.2034,2030,50.4228,2031,50.6108,2032,50.7694,2033,50.9006,2034,51.0063,2035,51.0884,2036,51.1491,2037,51.1901,2038,51.2135,2039,51.2213,2040,51.2155,2041,51.1979,2042,51.1706,2043,51.1356,2044,51.0948,2045,51.0501,2046,51.0037,2047,50.9573,2048,50.913,2049,50.8728,2050,50.8386,2051,50.8124,2052,50.7962,2053,50.7919,2054,50.8015,2055,50.827,2056,50.8703,2057,50.9335,2058,51.0184,2059,51.1271,2060,51.2615)",Share,%,
Key\Industry\Steel RAS Measures\BOF\BOF_share,Activity Level,AMS Target Scenario,Myanmar,0,Share,%,
Key\Industry\Steel RAS Measures\BOF\BOF_share,Activity Level,AMS Target Scenario,Philippines,"InterpFSY(2025,38.4615,2026,35.7999,2027,33.4034,2028,31.2585,2029,29.3516,2030,27.6693,2031,26.198,2032,24.9241,2033,23.834,2034,22.9143,2035,22.1513,2036,21.5315,2037,21.0414,2038,20.6674,2039,20.396,2040,20.2135,2041,20.1065,2042,20.0615,2043,20.0648,2044,20.1029,2045,20.1622,2046,20.2293,2047,20.2905,2048,20.3323,2049,20.3411,2050,20.3035,2051,20.2058,2052,20.0345,2053,19.7761,2054,19.4169,2055,18.9435,2056,18.3423,2057,17.5998,2058,16.7023,2059,15.6364,2060,14.3885)",Share,%,
Key\Industry\Steel RAS Measures\BOF\BOF_share,Activity Level,AMS Target Scenario,Singapore,"InterpFSY(2025,0,2026,0,2027,0,2028,0,2029,0,2030,0,2031,0,2032,0,2033,0,2034,0,2035,0,2036,0,2037,0,2038,0,2039,0,2040,0,2041,0,2042,0,2043,0,2044,0,2045,0,2046,0,2047,0,2048,0,2049,0,2050,0,2051,0,2052,0,2053,0,2054,0,2055,0,2056,0,2057,0,2058,0,2059,0,2060,0)",Share,%,
Key\Industry\Steel RAS Measures\BOF\BOF_share,Activity Level,AMS Target Scenario,Thailand,"InterpFSY(2025,0,2026,0,2027,0,2028,0,2029,0,2030,0,2031,0,2032,0,2033,0,2034,0,2035,0,2036,0,2037,0,2038,0,2039,0,2040,0,2041,0,2042,0,2043,0,2044,0,2045,0,2046,0,2047,0,2048,0,2049,0,2050,0,2051,0,2052,0,2053,0,2054,0,2055,0,2056,0,2057,0,2058,0,2059,0,2060,0)",Share,%,
Key\Industry\Steel RAS Measures\BOF\BOF_share,Activity Level,AMS Target Scenario,Timor Leste,0,Share,%,
Key\Industry\Steel RAS Measures\BOF\BOF_share,Activity Level,AMS Target Scenario,Vietnam,"InterpFSY(2025,77.1784,2026,74.5489,2027,72.1992,2028,70.1151,2029,68.2824,2030,66.6871,2031,65.3149,2032,64.1517,2033,63.1834,2034,62.3957,2035,61.7745,2036,61.3056,2037,60.975,2038,60.7684,2039,60.6716,2040,60.6706,2041,60.7511,2042,60.899,2043,61.1002,2044,61.3404,2045,61.6055,2046,61.8814,2047,62.1539,2048,62.4089,2049,62.6321,2050,62.8094,2051,62.9267,2052,62.9698,2053,62.9246,2054,62.7768,2055,62.5124,2056,62.1171,2057,61.5768,2058,60.8774,2059,60.0047,2060,58.9445)",Share,%,
Key\Industry\Steel RAS Measures\BOF\BOF_share,Activity Level,Baseline Simulation,Base Template,0,Share,%,
Key\Industry\Steel RAS Measures\BOF\BOF_share,Activity Level,Baseline Simulation,Brunei,0,Share,%,
Key\Industry\Steel RAS Measures\BOF\BOF_share,Activity Level,Baseline Simulation,Cambodia,0,Share,%,
Key\Industry\Steel RAS Measures\BOF\BOF_share,Activity Level,Baseline Simulation,Indonesia,"InterpFSY(2025,59.778,2026,61.8006,2027,63.6133,2028,65.2265,2029,66.6509,2030,67.8972,2031,68.9758,2032,69.8976,2033,70.6729,2034,71.3126,2035,71.8272,2036,72.2272,2037,72.5234,2038,72.7263,2039,72.8466,2040,72.8949,2041,72.8817,2042,72.8178,2043,72.7136,2044,72.5799,2045,72.4273,2046,72.2663,2047,72.1076,2048,71.9618,2049,71.8395,2050,71.7513,2051,71.7079,2052,71.7199,2053,71.7978,2054,71.9523,2055,72.194,2056,72.5335,2057,72.9815,2058,73.5485,2059,74.2452,2060,75.0821)",Share,%,
Key\Industry\Steel RAS Measures\BOF\BOF_share,Activity Level,Baseline Simulation,Laos,0,Share,%,
Key\Industry\Steel RAS Measures\BOF\BOF_share,Activity Level,Baseline Simulation,Malaysia,"InterpFSY(2025,48.9725,2026,49.3371,2027,49.6625,2028,49.9506,2029,50.2034,2030,50.4228,2031,50.6108,2032,50.7694,2033,50.9006,2034,51.0063,2035,51.0884,2036,51.1491,2037,51.1901,2038,51.2135,2039,51.2213,2040,51.2155,2041,51.1979,2042,51.1706,2043,51.1356,2044,51.0948,2045,51.0501,2046,51.0037,2047,50.9573,2048,50.913,2049,50.8728,2050,50.8386,2051,50.8124,2052,50.7962,2053,50.7919,2054,50.8015,2055,50.827,2056,50.8703,2057,50.9335,2058,51.0184,2059,51.1271,2060,51.2615)",Share,%,
Key\Industry\Steel RAS Measures\BOF\BOF_share,Activity Level,Baseline Simulation,Myanmar,0,Share,%,
Key\Industry\Steel RAS Measures\BOF\BOF_share,Activity Level,Baseline Simulation,Philippines,"InterpFSY(2025,38.4615,2026,35.7999,2027,33.4034,2028,31.2585,2029,29.3516,2030,27.6693,2031,26.198,2032,24.9241,2033,23.834,2034,22.9143,2035,22.1513,2036,21.5315,2037,21.0414,2038,20.6674,2039,20.396,2040,20.2135,2041,20.1065,2042,20.0615,2043,20.0648,2044,20.1029,2045,20.1622,2046,20.2293,2047,20.2905,2048,20.3323,2049,20.3411,2050,20.3035,2051,20.2058,2052,20.0345,2053,19.7761,2054,19.4169,2055,18.9435,2056,18.3423,2057,17.5998,2058,16.7023,2059,15.6364,2060,14.3885)",Share,%,
Key\Industry\Steel RAS Measures\BOF\BOF_share,Activity Level,Baseline Simulation,Singapore,"InterpFSY(2025,0,2026,0,2027,0,2028,0,2029,0,2030,0,2031,0,2032,0,2033,0,2034,0,2035,0,2036,0,2037,0,2038,0,2039,0,2040,0,2041,0,2042,0,2043,0,2044,0,2045,0,2046,0,2047,0,2048,0,2049,0,2050,0,2051,0,2052,0,2053,0,2054,0,2055,0,2056,0,2057,0,2058,0,2059,0,2060,0)",Share,%,
Key\Industry\Steel RAS Measures\BOF\BOF_share,Activity Level,Baseline Simulation,Thailand,"InterpFSY(2025,0,2026,0,2027,0,2028,0,2029,0,2030,0,2031,0,2032,0,2033,0,2034,0,2035,0,2036,0,2037,0,2038,0,2039,0,2040,0,2041,0,2042,0,2043,0,2044,0,2045,0,2046,0,2047,0,2048,0,2049,0,2050,0,2051,0,2052,0,2053,0,2054,0,2055,0,2056,0,2057,0,2058,0,2059,0,2060,0)",Share,%,
Key\Industry\Steel RAS Measures\BOF\BOF_share,Activity Level,Baseline Simulation,Timor Leste,0,Share,%,
Key\Industry\Steel RAS Measures\BOF\BOF_share,Activity Level,Baseline Simulation,Vietnam,"InterpFSY(2025,77.1784,2026,74.5489,2027,72.1992,2028,70.1151,2029,68.2824,2030,66.6871,2031,65.3149,2032,64.1517,2033,63.1834,2034,62.3957,2035,61.7745,2036,61.3056,2037,60.975,2038,60.7684,2039,60.6716,2040,60.6706,2041,60.7511,2042,60.899,2043,61.1002,2044,61.3404,2045,61.6055,2046,61.8814,2047,62.1539,2048,62.4089,2049,62.6321,2050,62.8094,2051,62.9267,2052,62.9698,2053,62.9246,2054,62.7768,2055,62.5124,2056,62.1171,2057,61.5768,2058,60.8774,2059,60.0047,2060,58.9445)",Share,%,
Key\Industry\Steel RAS Measures\BOF\BOF_share,Activity Level,Current Accounts,Base Template,0,Share,%,
Key\Industry\Steel RAS Measures\BOF\BOF_share,Activity Level,Current Accounts,Brunei,0,Share,%,
Key\Industry\Steel RAS Measures\BOF\BOF_share,Activity Level,Current Accounts,Cambodia,0,Share,%,
Key\Industry\Steel RAS Measures\BOF\BOF_share,Activity Level,Current Accounts,Indonesia,"Interp(2024,56)",Share,%,
Key\Industry\Steel RAS Measures\BOF\BOF_share,Activity Level,Current Accounts,Laos,0,Share,%,
Key\Industry\Steel RAS Measures\BOF\BOF_share,Activity Level,Current Accounts,Malaysia,"Interp(2024,45)",Share,%,
Key\Industry\Steel RAS Measures\BOF\BOF_share,Activity Level,Current Accounts,Myanmar,0,Share,%,
Key\Industry\Steel RAS Measures\BOF\BOF_share,Activity Level,Current Accounts,Philippines,"Interp(2024,0)",Share,%,
Key\Industry\Steel RAS Measures\BOF\BOF_share,Activity Level,Current Accounts,Singapore,"Interp(2024,0)",Share,%,
Key\Industry\Steel RAS Measures\BOF\BOF_share,Activity Level,Current Accounts,Thailand,"Interp(2024,0)",Share,%,
Key\Industry\Steel RAS Measures\BOF\BOF_share,Activity Level,Current Accounts,Timor Leste,0,Share,%,
Key\Industry\Steel RAS Measures\BOF\BOF_share,Activity Level,Current Accounts,Vietnam,"Interp(2024,62)",Share,%,
Key\Industry\Steel RAS Measures\BOF\BOF_share,Activity Level,Regional Aspiration Scenario,Base Template,0,Share,%,
Key\Industry\Steel RAS Measures\BOF\BOF_share,Activity Level,Regional Aspiration Scenario,Brunei,0,Share,%,
Key\Industry\Steel RAS Measures\BOF\BOF_share,Activity Level,Regional Aspiration Scenario,Cambodia,0,Share,%,
Key\Industry\Steel RAS Measures\BOF\BOF_share,Activity Level,Regional Aspiration Scenario,Indonesia,"InterpFSY(2025,59.778,2026,63.5467,2027,66.5304,2028,68.7729,2029,70.3184,2030,71.2106,2031,71.4937,2032,71.2115,2033,70.4082,2034,69.1275,2035,67.4136,2036,65.3104,2037,62.8618,2038,60.1118,2039,57.1045,2040,53.8838,2041,50.4936,2042,46.9779,2043,43.3808,2044,39.7461,2045,36.1179,2046,32.5402,2047,29.0568,2048,25.7119,2049,22.5493,2050,19.613,2051,16.947,2052,14.5954,2053,12.6019,2054,11.0108,2055,9.8658,2056,9.211,2057,9.0903,2058,9.0903,2059,9.0903,2060,9.0903)",Share,%,
Key\Industry\Steel RAS Measures\BOF\BOF_share,Activity Level,Regional Aspiration Scenario,Laos,0,Share,%,
Key\Industry\Steel RAS Measures\BOF\BOF_share,Activity Level,Regional Aspiration Scenario,Malaysia,"InterpFSY(2025,48.9725,2026,49.5659,2027,50.1132,2028,50.6113,2029,51.0573,2030,51.4482,2031,51.7811,2032,52.0528,2033,52.2605,2034,52.4012,2035,52.4719,2036,52.4695,2037,52.3912,2038,52.2339,2039,51.9946,2040,51.6705,2041,51.2584,2042,50.7554,2043,50.1585,2044,49.4647,2045,48.6711,2046,47.7747,2047,46.7724,2048,45.6614,2049,44.4385,2050,43.1009,2051,41.6456,2052,40.0695,2053,38.3697,2054,36.5432,2055,34.587,2056,32.4982,2057,30.2737,2058,27.9106,2059,25.4059,2060,22.7565)",Share,%,
Key\Industry\Steel RAS Measures\BOF\BOF_share,Activity Level,Regional Aspiration Scenario,Myanmar,0,Share,%,
Key\Industry\Steel RAS Measures\BOF\BOF_share,Activity Level,Regional Aspiration Scenario,Philippines,"InterpFSY(2025,38.4615,2026,35.8616,2027,33.4748,2028,31.2903,2029,29.2975,2030,27.4855,2031,25.8436,2032,24.3611,2033,23.0271,2034,21.831,2035,20.762,2036,19.8093,2037,18.9622,2038,18.2099,2039,17.5416,2040,16.9466,2041,16.4142,2042,15.9336,2043,15.494,2044,15.0847,2045,14.6949,2046,14.3139,2047,13.9309,2048,13.5352,2049,13.1159,2050,12.6624,2051,12.1639,2052,11.6096,2053,10.9888,2054,10.2908,2055,9.5047,2056,8.6198,2057,7.6253,2058,6.5106,2059,5.2648,2060,3.8772)",Share,%,
Key\Industry\Steel RAS Measures\BOF\BOF_share,Activity Level,Regional Aspiration Scenario,Singapore,"InterpFSY(2025,0,2026,0,2027,0,2028,0,2029,0,2030,0,2031,0,2032,0,2033,0,2034,0,2035,0,2036,0,2037,0,2038,0,2039,0,2040,0,2041,0,2042,0,2043,0,2044,0,2045,0,2046,0,2047,0,2048,0,2049,0,2050,0,2051,0,2052,0,2053,0,2054,0,2055,0,2056,0,2057,0,2058,0,2059,0,2060,0)",Share,%,
Key\Industry\Steel RAS Measures\BOF\BOF_share,Activity Level,Regional Aspiration Scenario,Thailand,"InterpFSY(2025,0,2026,0,2027,0,2028,0,2029,0,2030,0,2031,0,2032,0,2033,0,2034,0,2035,0,2036,0,2037,0,2038,0,2039,0,2040,0,2041,0,2042,0,2043,0,2044,0,2045,0,2046,0,2047,0,2048,0,2049,0,2050,0,2051,0,2052,0,2053,0,2054,0,2055,0,2056,0,2057,0,2058,0,2059,0,2060,0)",Share,%,
Key\Industry\Steel RAS Measures\BOF\BOF_share,Activity Level,Regional Aspiration Scenario,Timor Leste,0,Share,%,
Key\Industry\Steel RAS Measures\BOF\BOF_share,Activity Level,Regional Aspiration Scenario,Vietnam,"InterpFSY(2025,77.1784,2026,75.5387,2027,73.9915,2028,72.5277,2029,71.1381,2030,69.8135,2031,68.5447,2032,67.3226,2033,66.138,2034,64.9816,2035,63.8444,2036,62.717,2037,61.5904,2038,60.4553,2039,59.3026,2040,58.123,2041,56.9075,2042,55.6467,2043,54.3316,2044,52.9529,2045,51.5015,2046,49.9682,2047,48.3437,2048,46.6189,2049,44.7847,2050,42.8318,2051,40.7511,2052,38.5333,2053,36.1693,2054,33.65,2055,30.966,2056,28.1083,2057,25.0676,2058,21.8348,2059,18.4007,2060,14.756)",Share,%,
Key\Industry\Steel RAS Measures\BOF\CCS_uptake_share,Activity Level,AMS Target Scenario,ALL (12 regions),0,Share,%,
Key\Industry\Steel RAS Measures\BOF\CCS_uptake_share,Activity Level,Baseline Simulation,ALL (12 regions),0,Share,%,
Key\Industry\Steel RAS Measures\BOF\CCS_uptake_share,Activity Level,Current Accounts,ALL (12 regions),0,Share,%,
Key\Industry\Steel RAS Measures\BOF\CCS_uptake_share,Activity Level,Regional Aspiration Scenario,ALL (12 regions),"InterpFSY(2035,0,2060,100)",Share,%,
Key\Industry\Steel RAS Measures\EAF\Hydrogen Adoption Rate,Activity Level,AMS Target Scenario,ALL (12 regions),0,Share,%,
Key\Industry\Steel RAS Measures\EAF\Hydrogen Adoption Rate,Activity Level,Baseline Simulation,ALL (12 regions),0,Share,%,
Key\Industry\Steel RAS Measures\EAF\Hydrogen Adoption Rate,Activity Level,Current Accounts,ALL (12 regions),0,Share,%,
Key\Industry\Steel RAS Measures\EAF\Hydrogen Adoption Rate,Activity Level,Regional Aspiration Scenario,Base Template,0,Share,%,
Key\Industry\Steel RAS Measures\EAF\Hydrogen Adoption Rate,Activity Level,Regional Aspiration Scenario,Brunei,"Interp(2025,0,2026,0.4,2027,0.8,2028,1.2,2029,1.6,2030,2,2031,2.6,2032,3.2,2033,3.8,2034,7.33,2035,12.33,2036,17.33,2037,22.33,2038,27.33,2039,32.33,2040,37.33,2041,42.33,2042,47.33,2043,52.33,2044,57.33,2045,62.33,2046,67.33,2047,72.33,2048,77.33,2049,82.33,2050,87.33,2051,92.151,2052,92.724,2053,93.236,2054,93.7,2055,94.117,2056,94.493,2057,94.834,2058,95.145,2059,95.428,2060,95.685)",Share,%,
Key\Industry\Steel RAS Measures\EAF\Hydrogen Adoption Rate,Activity Level,Regional Aspiration Scenario,Cambodia,"Interp(2025,0,2026,0.4,2027,0.8,2028,1.2,2029,1.6,2030,2,2031,2.6,2032,3.2,2033,3.8,2034,7.33,2035,12.33,2036,17.33,2037,22.33,2038,27.33,2039,32.33,2040,37.33,2041,42.33,2042,47.33,2043,52.33,2044,57.33,2045,62.33,2046,67.33,2047,72.33,2048,77.33,2049,82.33,2050,87.33,2051,92.151,2052,92.724,2053,93.236,2054,93.7,2055,94.117,2056,94.493,2057,94.834,2058,95.145,2059,95.428,2060,95.685)",Share,%,
Key\Industry\Steel RAS Measures\EAF\Hydrogen Adoption Rate,Activity Level,Regional Aspiration Scenario,Indonesia,"Interp(2025,0,2026,0.4,2027,0.8,2028,1.2,2029,1.6,2030,2,2031,2.6,2032,3.2,2033,3.8,2034,4.4,2035,5,2036,5.6,2037,6.2,2038,9.059,2039,14.059,2040,19.059,2041,24.059,2042,29.059,2043,34.059,2044,39.059,2045,44.059,2046,49.059,2047,54.059,2048,59.059,2049,64.059,2050,69.059,2051,74.059,2052,79.059,2053,84.059,2054,89.059,2055,91.093,2056,91.897,2057,92.598,2058,93.214,2059,93.756,2060,94.232)",Share,%,
Key\Industry\Steel RAS Measures\EAF\Hydrogen Adoption Rate,Activity Level,Regional Aspiration Scenario,Laos,"Interp(2025,0,2026,0.4,2027,0.8,2028,1.2,2029,1.6,2030,2,2031,2.6,2032,3.2,2033,3.8,2034,7.33,2035,12.33,2036,17.33,2037,22.33,2038,27.33,2039,32.33,2040,37.33,2041,42.33,2042,47.33,2043,52.33,2044,57.33,2045,62.33,2046,67.33,2047,72.33,2048,77.33,2049,82.33,2050,87.33,2051,92.151,2052,92.724,2053,93.236,2054,93.7,2055,94.117,2056,94.493,2057,94.834,2058,95.145,2059,95.428,2060,95.685)",Share,%,
Key\Industry\Steel RAS Measures\EAF\Hydrogen Adoption Rate,Activity Level,Regional Aspiration Scenario,Malaysia,"Interp(2025,0,2026,0.4,2027,0.8,2028,1.2,2029,1.6,2030,2,2031,2.6,2032,3.2,2033,3.8,2034,4.4,2035,5,2036,5.6,2037,6.2,2038,6.8,2039,9.792,2040,14.792,2041,19.792,2042,24.792,2043,29.792,2044,34.792,2045,39.792,2046,44.792,2047,49.792,2048,54.792,2049,59.792,2050,64.792,2051,69.792,2052,74.792,2053,79.792,2054,84.792,2055,89.792,2056,92.056,2057,92.751,2058,93.358,2059,93.889,2060,94.359)",Share,%,
Key\Industry\Steel RAS Measures\EAF\Hydrogen Adoption Rate,Activity Level,Regional Aspiration Scenario,Myanmar,"Interp(2025,0,2026,0.4,2027,0.8,2028,1.2,2029,1.6,2030,2,2031,2.6,2032,3.2,2033,3.8,2034,4.4,2035,5,2036,5.6,2037,6.36,2038,10.248,2039,15.248,2040,20.248,2041,25.248,2042,30.248,2043,35.248,2044,40.248,2045,45.248,2046,50.248,2047,55.248,2048,60.248,2049,65.248,2050,70.248,2051,75.248,2052,80.248,2053,85.248,2054,89.032,2055,89.917,2056,90.708,2057,91.42,2058,92.056,2059,92.629,2060,93.147)",Share,%,
Key\Industry\Steel RAS Measures\EAF\Hydrogen Adoption Rate,Activity Level,Regional Aspiration Scenario,Philippines,"Interp(2025,0,2026,0.4,2027,0.8,2028,1.2,2029,1.6,2030,2,2031,2.6,2032,3.2,2033,3.8,2034,4.4,2035,5.575,2036,8.936,2037,13.693,2038,18.693,2039,23.693,2040,28.693,2041,33.693,2042,38.693,2043,43.693,2044,48.693,2045,53.693,2046,58.693,2047,63.693,2048,68.693,2049,73.693,2050,78.693,2051,83.693,2052,88.693,2053,91.424,2054,92.049,2055,92.608,2056,93.115,2057,93.575,2058,93.989,2059,94.367,2060,94.71)",Share,%,
Key\Industry\Steel RAS Measures\EAF\Hydrogen Adoption Rate,Activity Level,Regional Aspiration Scenario,Singapore,"Interp(2025,0.014,2026,0.4,2027,0.8,2028,1.2,2029,2.62,2030,6.891,2031,11.891,2032,16.891,2033,21.891,2034,26.891,2035,31.891,2036,36.891,2037,41.891,2038,46.891,2039,51.891,2040,56.891,2041,61.891,2042,66.891,2043,71.891,2044,76.891,2045,81.891,2046,86.891,2047,91.891,2048,93.157,2049,93.709,2050,94.216,2051,94.377,2052,94.534,2053,94.687,2054,94.836,2055,94.981,2056,95.122,2057,95.26,2058,95.393,2059,95.523,2060,95.65)",Share,%,
Key\Industry\Steel RAS Measures\EAF\Hydrogen Adoption Rate,Activity Level,Regional Aspiration Scenario,Thailand,"Interp(2025,0,2026,0.4,2027,0.8,2028,1.2,2029,1.6,2030,2,2031,2.6,2032,3.2,2033,3.8,2034,4.4,2035,5.004,2036,8.321,2037,13.13,2038,18.13,2039,23.13,2040,28.13,2041,33.13,2042,38.13,2043,43.13,2044,48.13,2045,53.13,2046,58.13,2047,63.13,2048,68.13,2049,73.13,2050,78.13,2051,83.13,2052,88.13,2053,92.55,2054,93.076,2055,93.551,2056,94.05,2057,94.49,2058,94.883,2059,95.233,2060,95.545)",Share,%,
Key\Industry\Steel RAS Measures\EAF\Hydrogen Adoption Rate,Activity Level,Regional Aspiration Scenario,Timor Leste,0,Share,%,
Key\Industry\Steel RAS Measures\EAF\Hydrogen Adoption Rate,Activity Level,Regional Aspiration Scenario,Vietnam,"Interp(2025,0,2026,0.4,2027,0.8,2028,1.2,2029,1.6,2030,2,2031,2.6,2032,3.2,2033,3.8,2034,4.4,2035,7.447,2036,11.655,2037,16.655,2038,21.655,2039,26.655,2040,31.655,2041,36.655,2042,41.655,2043,46.655,2044,51.655,2045,56.655,2046,61.655,2047,66.655,2048,71.655,2049,76.655,2050,81.655,2051,86.655,2052,91.655,2053,92.848,2054,93.333,2055,93.77,2056,94.23,2057,94.642,2058,95.007,2059,95.336,2060,95.631)",Share,%,
Key\Industry\Steel RAS Measures\EAF\Scrap_share,Activity Level,AMS Target Scenario,ALL (12 regions),0,Share,%,
Key\Industry\Steel RAS Measures\EAF\Scrap_share,Activity Level,Baseline Simulation,ALL (12 regions),0,Share,%,
Key\Industry\Steel RAS Measures\EAF\Scrap_share,Activity Level,Current Accounts,ALL (12 regions),0,Share,%,
Key\Industry\Steel RAS Measures\EAF\Scrap_share,Activity Level,Regional Aspiration Scenario,Base Template,0,Share,%,
Key\Industry\Steel RAS Measures\EAF\Scrap_share,Activity Level,Regional Aspiration Scenario,Brunei,0,Share,%,
Key\Industry\Steel RAS Measures\EAF\Scrap_share,Activity Level,Regional Aspiration Scenario,Cambodia,0,Share,%,
Key\Industry\Steel RAS Measures\EAF\Scrap_share,Activity Level,Regional Aspiration Scenario,Indonesia,"Interp(2025,117.987101128,2026,130.623525115,2027,142.694948705,2028,153.375360277,2029,161.815663171,2030,167.315897377,2031,165.558045909,2032,161.027792624,2033,154.23232449,2034,145.903879149,2035,136.727502802,2036,125.548418804,2037,114.939670521,2038,105.132683697,2039,96.2388832553,2040,88.274972276,2041,80.7411616949,2042,74.296762164,2043,68.7915300727,2044,64.0701154089,2045,60.0333798593,2046,56.4024838743,2047,53.4267036383,2048,51.0164943124,2049,49.1022217935,2050,47.6354000284,2051,46.5247646902,2052,45.7801211218,2053,45.3824995094,2054,45.3279560265,2055,45.6153243652,2056,46.3256939551,2057,47.384957336,2058,48.8276366479,2059,50.7061173132,2060,53.0957524523)",Share,%,
Key\Industry\Steel RAS Measures\EAF\Scrap_share,Activity Level,Regional Aspiration Scenario,Laos,0,Share,%,
Key\Industry\Steel RAS Measures\EAF\Scrap_share,Activity Level,Regional Aspiration Scenario,Malaysia,"Interp(2025,109.215157151,2026,111.655585327,2027,113.977166892,2028,116.193934044,2029,118.314992626,2030,120.349380243,2031,121.449809868,2032,122.409997322,2033,123.07477308,2034,123.449093229,2035,123.42972253,2036,122.331625555,2037,120.599301666,2038,118.268915994,2039,115.362890071,2040,111.911972769,2041,107.703796191,2042,103.206498064,2043,98.655157144,2044,94.0712587989,2045,89.6094131056,2046,85.5030294378,2047,81.9031559431,2048,78.7482843017,2049,76.0016209965,2050,73.6244276386,2051,71.652572536,2052,69.9327495638,2053,68.3792470505,2054,66.9732301807,2055,65.6579795643,2056,64.1611307269,2057,62.6491636207,2058,61.1337200872,2059,59.6186326642,2060,58.1094518096)",Share,%,
Key\Industry\Steel RAS Measures\EAF\Scrap_share,Activity Level,Regional Aspiration Scenario,Myanmar,0,Share,%,
Key\Industry\Steel RAS Measures\EAF\Scrap_share,Activity Level,Regional Aspiration Scenario,Philippines,"Interp(2025,168.52536404,2026,161.958907064,2027,156.404176275,2028,151.726804872,2029,147.7964645,2030,144.529683251,2031,141.838673868,2032,139.937558915,2033,138.681594741,2034,138.076103209,2035,137.886695053,2036,137.254390329,2037,136.846946066,2038,136.624574536,2039,136.407594052,2040,136.194734178,2041,135.295416122,2042,134.148916964,2043,132.840182824,2044,131.303889852,2045,129.762949564,2046,128.27225447,2047,126.995665632,2048,125.90638236,2049,125.17124265,2050,124.737109015,2051,124.165264478,2052,123.917242579,2053,123.902675118,2054,124.089550949,2055,124.355937429,2056,124.03250661,2057,123.674150572,2058,123.259592542,2059,122.702445025,2060,121.999006828)",Share,%,
Key\Industry\Steel RAS Measures\EAF\Scrap_share,Activity Level,Regional Aspiration Scenario,Singapore,"Interp(2025,100)",Share,%,
Key\Industry\Steel RAS Measures\EAF\Scrap_share,Activity Level,Regional Aspiration Scenario,Thailand,"Interp(2025,104.688187973,2026,105.966457928,2027,107.161829438,2028,108.277284225,2029,109.320905473,2030,110.294571427,2031,109.946832609,2032,109.640465337,2033,109.242171119,2034,108.739208561,2035,108.071421617,2036,106.746294605,2037,105.283166489,2038,103.568171337,2039,101.605398427,2040,99.4147932306,2041,96.7654511016,2042,93.9309105189,2043,91.1063119079,2044,88.3219800988,2045,85.670727894,2046,83.1326614455,2047,80.8010332636,2048,78.8536642816,2049,77.2982519488,2050,76.1178213792,2051,74.9817465125,2052,74.2254480708,2053,73.7594242938,2054,73.5558300881,2055,73.5662716699,2056,73.4437084847,2057,73.4996202901,2058,73.6487839167,2059,73.8688388678,2060,74.1493069107)",Share,%,
Key\Industry\Steel RAS Measures\EAF\Scrap_share,Activity Level,Regional Aspiration Scenario,Timor Leste,0,Share,%,
Key\Industry\Steel RAS Measures\EAF\Scrap_share,Activity Level,Regional Aspiration Scenario,Vietnam,"Interp(2025,184.94648082,2026,176.271018234,2027,168.888555995,2028,162.541320358,2029,157.035459888,2030,152.219876477,2031,147.906669851,2032,144.66080772,2033,142.131523752,2034,140.171013087,2035,138.759638876,2036,136.943519304,2037,135.264399141,2038,133.628595769,2039,131.892265492,2040,130.058492477,2041,127.524691706,2042,124.433683284,2043,121.032991114,2044,117.404560375,2045,113.520019012,2046,109.358306106,2047,105.34436837,2048,101.520320164,2049,97.9869053386,2050,94.7038825792,2051,91.1600394594,2052,87.9885610299,2053,85.0847824082,2054,82.3932578052,2055,79.8927752028,2056,77.1363717672,2057,74.4957244404,2058,71.9460064625,2059,69.452756302,2060,67.0172757073)",Share,%,
Key\Industry\Subsector_share\Chemical,Activity Level,AMS Target Scenario,Base Template,0,Share,%,
Key\Industry\Subsector_share\Chemical,Activity Level,AMS Target Scenario,Brunei,"Interp(2005,35,2006,35,2007,35,2008,35,2009,35,2010,35,2011,35,2012,35,2013,35,2014,35,2015,35,2016,35,2017,35,2018,35,2019,35,2020,35,2021,35,2022,35,2023,35,2024,35,2025,35)",Share,%,
Key\Industry\Subsector_share\Chemical,Activity Level,AMS Target Scenario,Cambodia,"Interp(2005,0,2006,0,2007,0,2008,0,2009,0,2010,0,2011,0,2012,0,2013,0,2014,0,2015,0,2016,0,2017,0,2018,0,2019,0,2020,0,2021,0,2022,0,2023,0,2024,0,2025,0)",Share,%,
Key\Industry\Subsector_share\Chemical,Activity Level,AMS Target Scenario,Indonesia,"Interp(2005,10.29,2006,10.29,2007,10.29,2008,10.29,2009,10.29,2010,10.29,2011,10.29,2012,10.29,2013,10.29,2014,10.29,2015,10.29,2016,10.29,2017,10.29,2018,10.29,2019,10.29,2020,10.29,2021,10.29,2022,10.29,2023,10.29,2024,10.29,2025,10.29)",Share,%,
Key\Industry\Subsector_share\Chemical,Activity Level,AMS Target Scenario,Laos,"Interp(2005,0,2006,0,2007,0,2008,0,2009,0,2010,0,2011,0,2012,0,2013,0,2014,0,2015,0,2016,0,2017,0,2018,0,2019,0,2020,0,2021,0,2022,0,2023,0,2024,0,2025,0)",Share,%,
Key\Industry\Subsector_share\Chemical,Activity Level,AMS Target Scenario,Malaysia,"Interp(2005,16.8831908527,2006,16.8831908527,2007,16.8831908527,2008,16.8831908527,2009,16.8831908527,2010,16.8831908527,2011,16.8831908527,2012,16.8831908527,2013,16.8831908527,2014,16.8831908527,2015,16.8831908527,2016,16.8831908527,2017,16.8831908527,2018,17.6913330813,2019,17.9147290374,2020,18.6809541667,2021,22.4934414079,2022,20.8291666111,2023,20.8291666111,2024,20.8291666111,2025,20.8291666111)",Share,%,
Key\Industry\Subsector_share\Chemical,Activity Level,AMS Target Scenario,Myanmar,"Interp(2005,2.97,2006,2.97,2007,2.97,2008,2.97,2009,2.97,2010,2.97,2011,2.97,2012,2.97,2013,2.97,2014,2.97,2015,2.97,2016,2.97,2017,2.97,2018,2.97,2019,2.97,2020,2.97,2021,2.97,2022,2.97,2023,2.97,2024,2.97,2025,2.97)",Share,%,
Key\Industry\Subsector_share\Chemical,Activity Level,AMS Target Scenario,Philippines,"Interp(2005,4.31,2006,4.31,2007,4.31,2008,4.31,2009,4.31,2010,4.31,2011,4.31,2012,4.31,2013,4.31,2014,4.31,2015,4.31,2016,4.31,2017,4.31,2018,4.31,2019,4.31,2020,4.31,2021,4.31,2022,4.31,2023,4.31,2024,4.31,2025,4.31)",Share,%,
Key\Industry\Subsector_share\Chemical,Activity Level,AMS Target Scenario,Singapore,"Interp(2005,21.0011493469,2006,21.0011493469,2007,21.0011493469,2008,21.0011493469,2009,21.0011493469,2010,21.0011493469,2011,21.0096146439,2012,21.0180799409,2013,21.0265452379,2014,21.0350105349,2015,21.0434758319,2016,26.5619303734,2017,21.8942887311,2018,18.5036658469,2019,15.1130429626,2020,15.7018308989,2021,16.2906188352,2022,16.2906188352,2023,16.2906188352,2024,16.2906188352,2025,16.2906188352)",Share,%,
Key\Industry\Subsector_share\Chemical,Activity Level,AMS Target Scenario,Thailand,"Interp(2005,16.8,2006,16.8,2007,16.8,2008,16.8,2009,16.8,2010,16.8,2011,16.8,2012,16.8,2013,16.8,2014,16.8,2015,16.8,2016,16.8,2017,16.8,2018,16.8,2019,16.8,2020,16.8,2021,16.8,2022,16.8,2023,16.8,2024,16.8,2025,16.8)",Share,%,
Key\Industry\Subsector_share\Chemical,Activity Level,AMS Target Scenario,Timor Leste,0,Share,%,
Key\Industry\Subsector_share\Chemical,Activity Level,AMS Target Scenario,Vietnam,"Interp(2005,6.48,2006,6.48,2007,6.48,2008,6.48,2009,6.48,2010,6.48,2011,6.48,2012,6.48,2013,6.48,2014,6.48,2015,6.48,2016,6.48,2017,6.48,2018,6.48,2019,6.48,2020,6.48,2021,6.48,2022,6.48,2023,6.48,2024,6.48,2025,6.48)",Share,%,
Key\Industry\Subsector_share\Chemical,Activity Level,Baseline Simulation,Base Template,0,Share,%,
Key\Industry\Subsector_share\Chemical,Activity Level,Baseline Simulation,Brunei,"Interp(2005,35,2006,35,2007,35,2008,35,2009,35,2010,35,2011,35,2012,35,2013,35,2014,35,2015,35,2016,35,2017,35,2018,35,2019,35,2020,35,2021,35,2022,35,2023,35,2024,35,2025,35)",Share,%,
Key\Industry\Subsector_share\Chemical,Activity Level,Baseline Simulation,Cambodia,"Interp(2005,0,2006,0,2007,0,2008,0,2009,0,2010,0,2011,0,2012,0,2013,0,2014,0,2015,0,2016,0,2017,0,2018,0,2019,0,2020,0,2021,0,2022,0,2023,0,2024,0,2025,0)",Share,%,
Key\Industry\Subsector_share\Chemical,Activity Level,Baseline Simulation,Indonesia,"Interp(2005,10.29,2006,10.29,2007,10.29,2008,10.29,2009,10.29,2010,10.29,2011,10.29,2012,10.29,2013,10.29,2014,10.29,2015,10.29,2016,10.29,2017,10.29,2018,10.29,2019,10.29,2020,10.29,2021,10.29,2022,10.29,2023,10.29,2024,10.29,2025,10.29)",Share,%,
Key\Industry\Subsector_share\Chemical,Activity Level,Baseline Simulation,Laos,"Interp(2005,0,2006,0,2007,0,2008,0,2009,0,2010,0,2011,0,2012,0,2013,0,2014,0,2015,0,2016,0,2017,0,2018,0,2019,0,2020,0,2021,0,2022,0,2023,0,2024,0,2025,0)",Share,%,
Key\Industry\Subsector_share\Chemical,Activity Level,Baseline Simulation,Malaysia,"Interp(2005,16.8831908527,2006,16.8831908527,2007,16.8831908527,2008,16.8831908527,2009,16.8831908527,2010,16.8831908527,2011,16.8831908527,2012,16.8831908527,2013,16.8831908527,2014,16.8831908527,2015,16.8831908527,2016,16.8831908527,2017,16.8831908527,2018,17.6913330813,2019,17.9147290374,2020,18.6809541667,2021,22.4934414079,2022,20.8291666111,2023,20.8291666111,2024,20.8291666111,2025,20.8291666111)",Share,%,
Key\Industry\Subsector_share\Chemical,Activity Level,Baseline Simulation,Myanmar,"Interp(2005,2.97,2006,2.97,2007,2.97,2008,2.97,2009,2.97,2010,2.97,2011,2.97,2012,2.97,2013,2.97,2014,2.97,2015,2.97,2016,2.97,2017,2.97,2018,2.97,2019,2.97,2020,2.97,2021,2.97,2022,2.97,2023,2.97,2024,2.97,2025,2.97)",Share,%,
Key\Industry\Subsector_share\Chemical,Activity Level,Baseline Simulation,Philippines,"Interp(2005,4.31,2006,4.31,2007,4.31,2008,4.31,2009,4.31,2010,4.31,2011,4.31,2012,4.31,2013,4.31,2014,4.31,2015,4.31,2016,4.31,2017,4.31,2018,4.31,2019,4.31,2020,4.31,2021,4.31,2022,4.31,2023,4.31,2024,4.31,2025,4.31)",Share,%,
Key\Industry\Subsector_share\Chemical,Activity Level,Baseline Simulation,Singapore,"Interp(2005,21.0011493469,2006,21.0011493469,2007,21.0011493469,2008,21.0011493469,2009,21.0011493469,2010,21.0011493469,2011,21.0096146439,2012,21.0180799409,2013,21.0265452379,2014,21.0350105349,2015,21.0434758319,2016,26.5619303734,2017,21.8942887311,2018,18.5036658469,2019,15.1130429626,2020,15.7018308989,2021,16.2906188352,2022,16.2906188352,2023,16.2906188352,2024,16.2906188352,2025,16.2906188352)",Share,%,
Key\Industry\Subsector_share\Chemical,Activity Level,Baseline Simulation,Thailand,"Interp(2005,16.8,2006,16.8,2007,16.8,2008,16.8,2009,16.8,2010,16.8,2011,16.8,2012,16.8,2013,16.8,2014,16.8,2015,16.8,2016,16.8,2017,16.8,2018,16.8,2019,16.8,2020,16.8,2021,16.8,2022,16.8,2023,16.8,2024,16.8,2025,16.8)",Share,%,
Key\Industry\Subsector_share\Chemical,Activity Level,Baseline Simulation,Timor Leste,0,Share,%,
Key\Industry\Subsector_share\Chemical,Activity Level,Baseline Simulation,Vietnam,"Interp(2005,6.48,2006,6.48,2007,6.48,2008,6.48,2009,6.48,2010,6.48,2011,6.48,2012,6.48,2013,6.48,2014,6.48,2015,6.48,2016,6.48,2017,6.48,2018,6.48,2019,6.48,2020,6.48,2021,6.48,2022,6.48,2023,6.48,2024,6.48,2025,6.48)",Share,%,
Key\Industry\Subsector_share\Chemical,Activity Level,Current Accounts,Base Template,0,Share,%,
Key\Industry\Subsector_share\Chemical,Activity Level,Current Accounts,Brunei,"Interp(2005,35,2006,35,2007,35,2008,35,2009,35,2010,35,2011,35,2012,35,2013,35,2014,35,2015,35,2016,35,2017,35,2018,35,2019,35,2020,35,2021,35,2022,35,2023,35,2024,35,2025,35)",Share,%,
Key\Industry\Subsector_share\Chemical,Activity Level,Current Accounts,Cambodia,"Interp(2005,0,2006,0,2007,0,2008,0,2009,0,2010,0,2011,0,2012,0,2013,0,2014,0,2015,0,2016,0,2017,0,2018,0,2019,0,2020,0,2021,0,2022,0,2023,0,2024,0,2025,0)",Share,%,
Key\Industry\Subsector_share\Chemical,Activity Level,Current Accounts,Indonesia,"Interp(2005,10.29,2006,10.29,2007,10.29,2008,10.29,2009,10.29,2010,10.29,2011,10.29,2012,10.29,2013,10.29,2014,10.29,2015,10.29,2016,10.29,2017,10.29,2018,10.29,2019,10.29,2020,10.29,2021,10.29,2022,10.29,2023,10.29,2024,10.29,2025,10.29)",Share,%,
Key\Industry\Subsector_share\Chemical,Activity Level,Current Accounts,Laos,"Interp(2005,0,2006,0,2007,0,2008,0,2009,0,2010,0,2011,0,2012,0,2013,0,2014,0,2015,0,2016,0,2017,0,2018,0,2019,0,2020,0,2021,0,2022,0,2023,0,2024,0,2025,0)",Share,%,
Key\Industry\Subsector_share\Chemical,Activity Level,Current Accounts,Malaysia,"Interp(2005,16.8831908527,2006,16.8831908527,2007,16.8831908527,2008,16.8831908527,2009,16.8831908527,2010,16.8831908527,2011,16.8831908527,2012,16.8831908527,2013,16.8831908527,2014,16.8831908527,2015,16.8831908527,2016,16.8831908527,2017,16.8831908527,2018,17.6913330813,2019,17.9147290374,2020,18.6809541667,2021,22.4934414079,2022,20.8291666111,2023,20.8291666111,2024,20.8291666111,2025,20.8291666111)",Share,%,
Key\Industry\Subsector_share\Chemical,Activity Level,Current Accounts,Myanmar,"Interp(2005,2.97,2006,2.97,2007,2.97,2008,2.97,2009,2.97,2010,2.97,2011,2.97,2012,2.97,2013,2.97,2014,2.97,2015,2.97,2016,2.97,2017,2.97,2018,2.97,2019,2.97,2020,2.97,2021,2.97,2022,2.97,2023,2.97,2024,2.97,2025,2.97)",Share,%,
Key\Industry\Subsector_share\Chemical,Activity Level,Current Accounts,Philippines,"Interp(2005,4.31,2006,4.31,2007,4.31,2008,4.31,2009,4.31,2010,4.31,2011,4.31,2012,4.31,2013,4.31,2014,4.31,2015,4.31,2016,4.31,2017,4.31,2018,4.31,2019,4.31,2020,4.31,2021,4.31,2022,4.31,2023,4.31,2024,4.31,2025,4.31)",Share,%,
Key\Industry\Subsector_share\Chemical,Activity Level,Current Accounts,Singapore,"Interp(2005,21.0011493469,2006,21.0011493469,2007,21.0011493469,2008,21.0011493469,2009,21.0011493469,2010,21.0011493469,2011,21.0096146439,2012,21.0180799409,2013,21.0265452379,2014,21.0350105349,2015,21.0434758319,2016,26.5619303734,2017,21.8942887311,2018,18.5036658469,2019,15.1130429626,2020,15.7018308989,2021,16.2906188352,2022,16.2906188352,2023,16.2906188352,2024,16.2906188352,2025,16.2906188352)",Share,%,
Key\Industry\Subsector_share\Chemical,Activity Level,Current Accounts,Thailand,"Interp(2005,16.8,2006,16.8,2007,16.8,2008,16.8,2009,16.8,2010,16.8,2011,16.8,2012,16.8,2013,16.8,2014,16.8,2015,16.8,2016,16.8,2017,16.8,2018,16.8,2019,16.8,2020,16.8,2021,16.8,2022,16.8,2023,16.8,2024,16.8,2025,16.8)",Share,%,
Key\Industry\Subsector_share\Chemical,Activity Level,Current Accounts,Timor Leste,0,Share,%,
Key\Industry\Subsector_share\Chemical,Activity Level,Current Accounts,Vietnam,"Interp(2005,6.48,2006,6.48,2007,6.48,2008,6.48,2009,6.48,2010,6.48,2011,6.48,2012,6.48,2013,6.48,2014,6.48,2015,6.48,2016,6.48,2017,6.48,2018,6.48,2019,6.48,2020,6.48,2021,6.48,2022,6.48,2023,6.48,2024,6.48,2025,6.48)",Share,%,
Key\Industry\Subsector_share\Chemical,Activity Level,Regional Aspiration Scenario,Base Template,0,Share,%,
Key\Industry\Subsector_share\Chemical,Activity Level,Regional Aspiration Scenario,Brunei,"Interp(2005,35,2006,35,2007,35,2008,35,2009,35,2010,35,2011,35,2012,35,2013,35,2014,35,2015,35,2016,35,2017,35,2018,35,2019,35,2020,35,2021,35,2022,35,2023,35,2024,35,2025,35)",Share,%,
Key\Industry\Subsector_share\Chemical,Activity Level,Regional Aspiration Scenario,Cambodia,"Interp(2005,0,2006,0,2007,0,2008,0,2009,0,2010,0,2011,0,2012,0,2013,0,2014,0,2015,0,2016,0,2017,0,2018,0,2019,0,2020,0,2021,0,2022,0,2023,0,2024,0,2025,0)",Share,%,
Key\Industry\Subsector_share\Chemical,Activity Level,Regional Aspiration Scenario,Indonesia,"Interp(2005,10.29,2006,10.29,2007,10.29,2008,10.29,2009,10.29,2010,10.29,2011,10.29,2012,10.29,2013,10.29,2014,10.29,2015,10.29,2016,10.29,2017,10.29,2018,10.29,2019,10.29,2020,10.29,2021,10.29,2022,10.29,2023,10.29,2024,10.29,2025,10.29)",Share,%,
Key\Industry\Subsector_share\Chemical,Activity Level,Regional Aspiration Scenario,Laos,"Interp(2005,0,2006,0,2007,0,2008,0,2009,0,2010,0,2011,0,2012,0,2013,0,2014,0,2015,0,2016,0,2017,0,2018,0,2019,0,2020,0,2021,0,2022,0,2023,0,2024,0,2025,0)",Share,%,
Key\Industry\Subsector_share\Chemical,Activity Level,Regional Aspiration Scenario,Malaysia,"Interp(2005,16.8831908527,2006,16.8831908527,2007,16.8831908527,2008,16.8831908527,2009,16.8831908527,2010,16.8831908527,2011,16.8831908527,2012,16.8831908527,2013,16.8831908527,2014,16.8831908527,2015,16.8831908527,2016,16.8831908527,2017,16.8831908527,2018,17.6913330813,2019,17.9147290374,2020,18.6809541667,2021,22.4934414079,2022,20.8291666111,2023,20.8291666111,2024,20.8291666111,2025,20.8291666111)",Share,%,
Key\Industry\Subsector_share\Chemical,Activity Level,Regional Aspiration Scenario,Myanmar,"Interp(2005,2.97,2006,2.97,2007,2.97,2008,2.97,2009,2.97,2010,2.97,2011,2.97,2012,2.97,2013,2.97,2014,2.97,2015,2.97,2016,2.97,2017,2.97,2018,2.97,2019,2.97,2020,2.97,2021,2.97,2022,2.97,2023,2.97,2024,2.97,2025,2.97)",Share,%,
Key\Industry\Subsector_share\Chemical,Activity Level,Regional Aspiration Scenario,Philippines,"Interp(2005,4.31,2006,4.31,2007,4.31,2008,4.31,2009,4.31,2010,4.31,2011,4.31,2012,4.31,2013,4.31,2014,4.31,2015,4.31,2016,4.31,2017,4.31,2018,4.31,2019,4.31,2020,4.31,2021,4.31,2022,4.31,2023,4.31,2024,4.31,2025,4.31)",Share,%,
Key\Industry\Subsector_share\Chemical,Activity Level,Regional Aspiration Scenario,Singapore,"Interp(2005,21.0011493469,2006,21.0011493469,2007,21.0011493469,2008,21.0011493469,2009,21.0011493469,2010,21.0011493469,2011,21.0096146439,2012,21.0180799409,2013,21.0265452379,2014,21.0350105349,2015,21.0434758319,2016,26.5619303734,2017,21.8942887311,2018,18.5036658469,2019,15.1130429626,2020,15.7018308989,2021,16.2906188352,2022,16.2906188352,2023,16.2906188352,2024,16.2906188352,2025,16.2906188352)",Share,%,
Key\Industry\Subsector_share\Chemical,Activity Level,Regional Aspiration Scenario,Thailand,"Interp(2005,16.8,2006,16.8,2007,16.8,2008,16.8,2009,16.8,2010,16.8,2011,16.8,2012,16.8,2013,16.8,2014,16.8,2015,16.8,2016,16.8,2017,16.8,2018,16.8,2019,16.8,2020,16.8,2021,16.8,2022,16.8,2023,16.8,2024,16.8,2025,16.8)",Share,%,
Key\Industry\Subsector_share\Chemical,Activity Level,Regional Aspiration Scenario,Timor Leste,0,Share,%,
Key\Industry\Subsector_share\Chemical,Activity Level,Regional Aspiration Scenario,Vietnam,"Interp(2005,6.48,2006,6.48,2007,6.48,2008,6.48,2009,6.48,2010,6.48,2011,6.48,2012,6.48,2013,6.48,2014,6.48,2015,6.48,2016,6.48,2017,6.48,2018,6.48,2019,6.48,2020,6.48,2021,6.48,2022,6.48,2023,6.48,2024,6.48,2025,6.48)",Share,%,
Key\Industry\Subsector_share\Construction,Activity Level,AMS Target Scenario,Base Template,0,Share,%,
Key\Industry\Subsector_share\Construction,Activity Level,AMS Target Scenario,Brunei,"Interp(2005,0,2006,0,2007,0,2008,0,2009,0,2010,0,2011,0,2012,0,2013,0,2014,0,2015,0,2016,0,2017,0,2018,0,2019,0,2020,0,2021,0,2022,0,2023,0,2024,0,2025,0)",Share,%,
Key\Industry\Subsector_share\Construction,Activity Level,AMS Target Scenario,Cambodia,"Interp(2005,6.81206366311,2006,6.81206366311,2007,6.81206366311,2008,6.81206366311,2009,6.81206366311,2010,6.81206366311,2011,6.78383365712,2012,7.66576985553,2013,8.18947584643,2014,8.86281623638,2015,9.79910045476,2016,10.0765553582,2017,10.9069184729,2018,11.8336450693,2019,13.1825625269,2020,13.1825625269,2021,13.1825625269,2022,13.1825625269,2023,13.1825625269,2024,13.1825625269,2025,13.1825625269)",Share,%,
Key\Industry\Subsector_share\Construction,Activity Level,AMS Target Scenario,Indonesia,"Interp(2005,7.051,2006,7.051,2007,7.051,2008,7.051,2009,7.051,2010,7.051,2011,7.051,2012,7.051,2013,7.051,2014,7.051,2015,7.051,2016,7.051,2017,7.051,2018,7.051,2019,7.051,2020,7.051,2021,7.051,2022,7.051,2023,7.051,2024,7.051,2025,7.051)",Share,%,
Key\Industry\Subsector_share\Construction,Activity Level,AMS Target Scenario,Laos,"Interp(2005,24.5723658518,2006,24.5723658518,2007,24.5723658518,2008,24.5723658518,2009,24.5723658518,2010,24.5723658518,2011,24.5723658518,2012,24.5723658518,2013,24.5723658518,2014,24.5723658518,2015,24.5723658518,2016,24.8836927061,2017,27.031668623,2018,30.2377772837,2019,33.1233702459,2020,37.5335186711,2021,36.7106369243,2022,36.7106369243,2023,36.7106369243,2024,36.7106369243,2025,36.7106369243)",Share,%,
Key\Industry\Subsector_share\Construction,Activity Level,AMS Target Scenario,Malaysia,"Interp(2005,13.6905812283,2006,13.6905812283,2007,13.6905812283,2008,13.6905812283,2009,13.6905812283,2010,13.6905812283,2011,13.6905812283,2012,13.6905812283,2013,13.6905812283,2014,13.6905812283,2015,13.6905812283,2016,13.6905812283,2017,13.6905812283,2018,13.6792659382,2019,13.4259134773,2020,11.5988546291,2021,10.712965899,2022,0,2023,0,2024,0,2025,0)",Share,%,
Key\Industry\Subsector_share\Construction,Activity Level,AMS Target Scenario,Myanmar,"Interp(2005,3.606,2006,3.606,2007,3.606,2008,3.606,2009,3.606,2010,3.606,2011,3.606,2012,3.606,2013,3.606,2014,3.606,2015,3.606,2016,3.606,2017,3.606,2018,3.606,2019,3.606,2020,3.606,2021,3.606,2022,3.606,2023,3.606,2024,3.606,2025,3.606)",Share,%,
Key\Industry\Subsector_share\Construction,Activity Level,AMS Target Scenario,Philippines,"Interp(2005,10.95,2006,10.95,2007,10.95,2008,10.95,2009,10.95,2010,10.95,2011,10.95,2012,10.95,2013,10.95,2014,10.95,2015,10.95,2016,10.95,2017,10.95,2018,10.95,2019,10.95,2020,10.95,2021,10.95,2022,10.95,2023,10.95,2024,10.95,2025,10.95)",Share,%,
Key\Industry\Subsector_share\Construction,Activity Level,AMS Target Scenario,Singapore,"Interp(2005,17.8153271939,2006,17.8153271939,2007,17.8153271939,2008,17.8153271939,2009,17.8153271939,2010,17.8153271939,2011,18.6617619274,2012,19.5081966608,2013,20.3546313943,2014,21.2010661278,2015,22.0475008613,2016,20.448863387,2017,17.310020961,2018,16.3162510798,2019,15.3224811987,2020,14.0288430464,2021,12.735204894,2022,12.735204894,2023,12.735204894,2024,12.735204894,2025,12.735204894)",Share,%,
Key\Industry\Subsector_share\Construction,Activity Level,AMS Target Scenario,Thailand,"Interp(2005,0,2006,0,2007,0,2008,0,2009,0,2010,0,2011,0,2012,0,2013,0,2014,0,2015,0,2016,0,2017,0,2018,0,2019,0,2020,0,2021,0,2022,0,2023,0,2024,0,2025,0)",Share,%,
Key\Industry\Subsector_share\Construction,Activity Level,AMS Target Scenario,Timor Leste,0,Share,%,
Key\Industry\Subsector_share\Construction,Activity Level,AMS Target Scenario,Vietnam,"Interp(2005,3.2,2006,3.2,2007,3.2,2008,3.2,2009,3.2,2010,3.2,2011,3.2,2012,3.2,2013,3.2,2014,3.2,2015,3.2,2016,3.2,2017,3.2,2018,3.2,2019,3.2,2020,3.2,2021,3.2,2022,3.2,2023,3.2,2024,3.2,2025,3.2)",Share,%,
Key\Industry\Subsector_share\Construction,Activity Level,Baseline Simulation,Base Template,0,Share,%,
Key\Industry\Subsector_share\Construction,Activity Level,Baseline Simulation,Brunei,"Interp(2005,0,2006,0,2007,0,2008,0,2009,0,2010,0,2011,0,2012,0,2013,0,2014,0,2015,0,2016,0,2017,0,2018,0,2019,0,2020,0,2021,0,2022,0,2023,0,2024,0,2025,0)",Share,%,
Key\Industry\Subsector_share\Construction,Activity Level,Baseline Simulation,Cambodia,"Interp(2005,6.81206366311,2006,6.81206366311,2007,6.81206366311,2008,6.81206366311,2009,6.81206366311,2010,6.81206366311,2011,6.78383365712,2012,7.66576985553,2013,8.18947584643,2014,8.86281623638,2015,9.79910045476,2016,10.0765553582,2017,10.9069184729,2018,11.8336450693,2019,13.1825625269,2020,13.1825625269,2021,13.1825625269,2022,13.1825625269,2023,13.1825625269,2024,13.1825625269,2025,13.1825625269)",Share,%,
Key\Industry\Subsector_share\Construction,Activity Level,Baseline Simulation,Indonesia,"Interp(2005,7.051,2006,7.051,2007,7.051,2008,7.051,2009,7.051,2010,7.051,2011,7.051,2012,7.051,2013,7.051,2014,7.051,2015,7.051,2016,7.051,2017,7.051,2018,7.051,2019,7.051,2020,7.051,2021,7.051,2022,7.051,2023,7.051,2024,7.051,2025,7.051)",Share,%,
Key\Industry\Subsector_share\Construction,Activity Level,Baseline Simulation,Laos,"Interp(2005,24.5723658518,2006,24.5723658518,2007,24.5723658518,2008,24.5723658518,2009,24.5723658518,2010,24.5723658518,2011,24.5723658518,2012,24.5723658518,2013,24.5723658518,2014,24.5723658518,2015,24.5723658518,2016,24.8836927061,2017,27.031668623,2018,30.2377772837,2019,33.1233702459,2020,37.5335186711,2021,36.7106369243,2022,36.7106369243,2023,36.7106369243,2024,36.7106369243,2025,36.7106369243)",Share,%,
Key\Industry\Subsector_share\Construction,Activity Level,Baseline Simulation,Malaysia,"Interp(2005,13.6905812283,2006,13.6905812283,2007,13.6905812283,2008,13.6905812283,2009,13.6905812283,2010,13.6905812283,2011,13.6905812283,2012,13.6905812283,2013,13.6905812283,2014,13.6905812283,2015,13.6905812283,2016,13.6905812283,2017,13.6905812283,2018,13.6792659382,2019,13.4259134773,2020,11.5988546291,2021,10.712965899,2022,0,2023,0,2024,0,2025,0)",Share,%,
Key\Industry\Subsector_share\Construction,Activity Level,Baseline Simulation,Myanmar,"Interp(2005,3.606,2006,3.606,2007,3.606,2008,3.606,2009,3.606,2010,3.606,2011,3.606,2012,3.606,2013,3.606,2014,3.606,2015,3.606,2016,3.606,2017,3.606,2018,3.606,2019,3.606,2020,3.606,2021,3.606,2022,3.606,2023,3.606,2024,3.606,2025,3.606)",Share,%,
Key\Industry\Subsector_share\Construction,Activity Level,Baseline Simulation,Philippines,"Interp(2005,10.95,2006,10.95,2007,10.95,2008,10.95,2009,10.95,2010,10.95,2011,10.95,2012,10.95,2013,10.95,2014,10.95,2015,10.95,2016,10.95,2017,10.95,2018,10.95,2019,10.95,2020,10.95,2021,10.95,2022,10.95,2023,10.95,2024,10.95,2025,10.95)",Share,%,
Key\Industry\Subsector_share\Construction,Activity Level,Baseline Simulation,Singapore,"Interp(2005,17.8153271939,2006,17.8153271939,2007,17.8153271939,2008,17.8153271939,2009,17.8153271939,2010,17.8153271939,2011,18.6617619274,2012,19.5081966608,2013,20.3546313943,2014,21.2010661278,2015,22.0475008613,2016,20.448863387,2017,17.310020961,2018,16.3162510798,2019,15.3224811987,2020,14.0288430464,2021,12.735204894,2022,12.735204894,2023,12.735204894,2024,12.735204894,2025,12.735204894)",Share,%,
Key\Industry\Subsector_share\Construction,Activity Level,Baseline Simulation,Thailand,"Interp(2005,0,2006,0,2007,0,2008,0,2009,0,2010,0,2011,0,2012,0,2013,0,2014,0,2015,0,2016,0,2017,0,2018,0,2019,0,2020,0,2021,0,2022,0,2023,0,2024,0,2025,0)",Share,%,
Key\Industry\Subsector_share\Construction,Activity Level,Baseline Simulation,Timor Leste,0,Share,%,
Key\Industry\Subsector_share\Construction,Activity Level,Baseline Simulation,Vietnam,"Interp(2005,3.2,2006,3.2,2007,3.2,2008,3.2,2009,3.2,2010,3.2,2011,3.2,2012,3.2,2013,3.2,2014,3.2,2015,3.2,2016,3.2,2017,3.2,2018,3.2,2019,3.2,2020,3.2,2021,3.2,2022,3.2,2023,3.2,2024,3.2,2025,3.2)",Share,%,
Key\Industry\Subsector_share\Construction,Activity Level,Current Accounts,Base Template,0,Share,%,
Key\Industry\Subsector_share\Construction,Activity Level,Current Accounts,Brunei,"Interp(2005,0,2006,0,2007,0,2008,0,2009,0,2010,0,2011,0,2012,0,2013,0,2014,0,2015,0,2016,0,2017,0,2018,0,2019,0,2020,0,2021,0,2022,0,2023,0,2024,0,2025,0)",Share,%,
Key\Industry\Subsector_share\Construction,Activity Level,Current Accounts,Cambodia,"Interp(2005,6.81206366311,2006,6.81206366311,2007,6.81206366311,2008,6.81206366311,2009,6.81206366311,2010,6.81206366311,2011,6.78383365712,2012,7.66576985553,2013,8.18947584643,2014,8.86281623638,2015,9.79910045476,2016,10.0765553582,2017,10.9069184729,2018,11.8336450693,2019,13.1825625269,2020,13.1825625269,2021,13.1825625269,2022,13.1825625269,2023,13.1825625269,2024,13.1825625269,2025,13.1825625269)",Share,%,
Key\Industry\Subsector_share\Construction,Activity Level,Current Accounts,Indonesia,"Interp(2005,7.051,2006,7.051,2007,7.051,2008,7.051,2009,7.051,2010,7.051,2011,7.051,2012,7.051,2013,7.051,2014,7.051,2015,7.051,2016,7.051,2017,7.051,2018,7.051,2019,7.051,2020,7.051,2021,7.051,2022,7.051,2023,7.051,2024,7.051,2025,7.051)",Share,%,
Key\Industry\Subsector_share\Construction,Activity Level,Current Accounts,Laos,"Interp(2005,24.5723658518,2006,24.5723658518,2007,24.5723658518,2008,24.5723658518,2009,24.5723658518,2010,24.5723658518,2011,24.5723658518,2012,24.5723658518,2013,24.5723658518,2014,24.5723658518,2015,24.5723658518,2016,24.8836927061,2017,27.031668623,2018,30.2377772837,2019,33.1233702459,2020,37.5335186711,2021,36.7106369243,2022,36.7106369243,2023,36.7106369243,2024,36.7106369243,2025,36.7106369243)",Share,%,
Key\Industry\Subsector_share\Construction,Activity Level,Current Accounts,Malaysia,"Interp(2005,13.6905812283,2006,13.6905812283,2007,13.6905812283,2008,13.6905812283,2009,13.6905812283,2010,13.6905812283,2011,13.6905812283,2012,13.6905812283,2013,13.6905812283,2014,13.6905812283,2015,13.6905812283,2016,13.6905812283,2017,13.6905812283,2018,13.6792659382,2019,13.4259134773,2020,11.5988546291,2021,10.712965899,2022,0,2023,0,2024,0,2025,0)",Share,%,
Key\Industry\Subsector_share\Construction,Activity Level,Current Accounts,Myanmar,"Interp(2005,3.606,2006,3.606,2007,3.606,2008,3.606,2009,3.606,2010,3.606,2011,3.606,2012,3.606,2013,3.606,2014,3.606,2015,3.606,2016,3.606,2017,3.606,2018,3.606,2019,3.606,2020,3.606,2021,3.606,2022,3.606,2023,3.606,2024,3.606,2025,3.606)",Share,%,
Key\Industry\Subsector_share\Construction,Activity Level,Current Accounts,Philippines,"Interp(2005,10.95,2006,10.95,2007,10.95,2008,10.95,2009,10.95,2010,10.95,2011,10.95,2012,10.95,2013,10.95,2014,10.95,2015,10.95,2016,10.95,2017,10.95,2018,10.95,2019,10.95,2020,10.95,2021,10.95,2022,10.95,2023,10.95,2024,10.95,2025,10.95)",Share,%,
Key\Industry\Subsector_share\Construction,Activity Level,Current Accounts,Singapore,"Interp(2005,17.8153271939,2006,17.8153271939,2007,17.8153271939,2008,17.8153271939,2009,17.8153271939,2010,17.8153271939,2011,18.6617619274,2012,19.5081966608,2013,20.3546313943,2014,21.2010661278,2015,22.0475008613,2016,20.448863387,2017,17.310020961,2018,16.3162510798,2019,15.3224811987,2020,14.0288430464,2021,12.735204894,2022,12.735204894,2023,12.735204894,2024,12.735204894,2025,12.735204894)",Share,%,
Key\Industry\Subsector_share\Construction,Activity Level,Current Accounts,Thailand,"Interp(2005,0,2006,0,2007,0,2008,0,2009,0,2010,0,2011,0,2012,0,2013,0,2014,0,2015,0,2016,0,2017,0,2018,0,2019,0,2020,0,2021,0,2022,0,2023,0,2024,0,2025,0)",Share,%,
Key\Industry\Subsector_share\Construction,Activity Level,Current Accounts,Timor Leste,0,Share,%,
Key\Industry\Subsector_share\Construction,Activity Level,Current Accounts,Vietnam,"Interp(2005,3.2,2006,3.2,2007,3.2,2008,3.2,2009,3.2,2010,3.2,2011,3.2,2012,3.2,2013,3.2,2014,3.2,2015,3.2,2016,3.2,2017,3.2,2018,3.2,2019,3.2,2020,3.2,2021,3.2,2022,3.2,2023,3.2,2024,3.2,2025,3.2)",Share,%,
Key\Industry\Subsector_share\Construction,Activity Level,Regional Aspiration Scenario,Base Template,0,Share,%,
Key\Industry\Subsector_share\Construction,Activity Level,Regional Aspiration Scenario,Brunei,"Interp(2005,0,2006,0,2007,0,2008,0,2009,0,2010,0,2011,0,2012,0,2013,0,2014,0,2015,0,2016,0,2017,0,2018,0,2019,0,2020,0,2021,0,2022,0,2023,0,2024,0,2025,0)",Share,%,
Key\Industry\Subsector_share\Construction,Activity Level,Regional Aspiration Scenario,Cambodia,"Interp(2005,6.81206366311,2006,6.81206366311,2007,6.81206366311,2008,6.81206366311,2009,6.81206366311,2010,6.81206366311,2011,6.78383365712,2012,7.66576985553,2013,8.18947584643,2014,8.86281623638,2015,9.79910045476,2016,10.0765553582,2017,10.9069184729,2018,11.8336450693,2019,13.1825625269,2020,13.1825625269,2021,13.1825625269,2022,13.1825625269,2023,13.1825625269,2024,13.1825625269,2025,13.1825625269)",Share,%,
Key\Industry\Subsector_share\Construction,Activity Level,Regional Aspiration Scenario,Indonesia,"Interp(2005,7.051,2006,7.051,2007,7.051,2008,7.051,2009,7.051,2010,7.051,2011,7.051,2012,7.051,2013,7.051,2014,7.051,2015,7.051,2016,7.051,2017,7.051,2018,7.051,2019,7.051,2020,7.051,2021,7.051,2022,7.051,2023,7.051,2024,7.051,2025,7.051)",Share,%,
Key\Industry\Subsector_share\Construction,Activity Level,Regional Aspiration Scenario,Laos,"Interp(2005,24.5723658518,2006,24.5723658518,2007,24.5723658518,2008,24.5723658518,2009,24.5723658518,2010,24.5723658518,2011,24.5723658518,2012,24.5723658518,2013,24.5723658518,2014,24.5723658518,2015,24.5723658518,2016,24.8836927061,2017,27.031668623,2018,30.2377772837,2019,33.1233702459,2020,37.5335186711,2021,36.7106369243,2022,36.7106369243,2023,36.7106369243,2024,36.7106369243,2025,36.7106369243)",Share,%,
Key\Industry\Subsector_share\Construction,Activity Level,Regional Aspiration Scenario,Malaysia,"Interp(2005,13.6905812283,2006,13.6905812283,2007,13.6905812283,2008,13.6905812283,2009,13.6905812283,2010,13.6905812283,2011,13.6905812283,2012,13.6905812283,2013,13.6905812283,2014,13.6905812283,2015,13.6905812283,2016,13.6905812283,2017,13.6905812283,2018,13.6792659382,2019,13.4259134773,2020,11.5988546291,2021,10.712965899,2022,0,2023,0,2024,0,2025,0)",Share,%,
Key\Industry\Subsector_share\Construction,Activity Level,Regional Aspiration Scenario,Myanmar,"Interp(2005,3.606,2006,3.606,2007,3.606,2008,3.606,2009,3.606,2010,3.606,2011,3.606,2012,3.606,2013,3.606,2014,3.606,2015,3.606,2016,3.606,2017,3.606,2018,3.606,2019,3.606,2020,3.606,2021,3.606,2022,3.606,2023,3.606,2024,3.606,2025,3.606)",Share,%,
Key\Industry\Subsector_share\Construction,Activity Level,Regional Aspiration Scenario,Philippines,"Interp(2005,10.95,2006,10.95,2007,10.95,2008,10.95,2009,10.95,2010,10.95,2011,10.95,2012,10.95,2013,10.95,2014,10.95,2015,10.95,2016,10.95,2017,10.95,2018,10.95,2019,10.95,2020,10.95,2021,10.95,2022,10.95,2023,10.95,2024,10.95,2025,10.95)",Share,%,
Key\Industry\Subsector_share\Construction,Activity Level,Regional Aspiration Scenario,Singapore,"Interp(2005,17.8153271939,2006,17.8153271939,2007,17.8153271939,2008,17.8153271939,2009,17.8153271939,2010,17.8153271939,2011,18.6617619274,2012,19.5081966608,2013,20.3546313943,2014,21.2010661278,2015,22.0475008613,2016,20.448863387,2017,17.310020961,2018,16.3162510798,2019,15.3224811987,2020,14.0288430464,2021,12.735204894,2022,12.735204894,2023,12.735204894,2024,12.735204894,2025,12.735204894)",Share,%,
Key\Industry\Subsector_share\Construction,Activity Level,Regional Aspiration Scenario,Thailand,"Interp(2005,0,2006,0,2007,0,2008,0,2009,0,2010,0,2011,0,2012,0,2013,0,2014,0,2015,0,2016,0,2017,0,2018,0,2019,0,2020,0,2021,0,2022,0,2023,0,2024,0,2025,0)",Share,%,
Key\Industry\Subsector_share\Construction,Activity Level,Regional Aspiration Scenario,Timor Leste,0,Share,%,
Key\Industry\Subsector_share\Construction,Activity Level,Regional Aspiration Scenario,Vietnam,"Interp(2005,3.2,2006,3.2,2007,3.2,2008,3.2,2009,3.2,2010,3.2,2011,3.2,2012,3.2,2013,3.2,2014,3.2,2015,3.2,2016,3.2,2017,3.2,2018,3.2,2019,3.2,2020,3.2,2021,3.2,2022,3.2,2023,3.2,2024,3.2,2025,3.2)",Share,%,
Key\Industry\Subsector_share\Food Beverages and Tobacco,Activity Level,AMS Target Scenario,Base Template,0,Share,%,
Key\Industry\Subsector_share\Food Beverages and Tobacco,Activity Level,AMS Target Scenario,Brunei,"Interp(2005,0.341005184014,2006,0.341005184014,2007,0.341005184014,2008,0.341005184014,2009,0.341005184014,2010,0.341005184014,2011,0.341005184014,2012,0.341005184014,2013,0.341005184014,2014,0.341005184014,2015,0.341005184014,2016,0.341005184014,2017,0.341005184014,2018,0.341005184014,2019,0.306269517175,2020,0.294710739297,2021,0.394506570166,2022,0.414067541407,2023,0.420751502684,2024,0.351742965141,2025,0.351742965141)",Share,%,
Key\Industry\Subsector_share\Food Beverages and Tobacco,Activity Level,AMS Target Scenario,Cambodia,"Interp(2005,2.87620465776,2006,2.87620465776,2007,2.87620465776,2008,2.87620465776,2009,2.87620465776,2010,2.87620465776,2011,2.73384687617,2012,2.81145649055,2013,2.76615613721,2014,2.65816676715,2015,2.65018982463,2016,2.63405868026,2017,2.59258576492,2018,2.54235536125,2019,2.49689470749,2020,2.49689470749,2021,2.49689470749,2022,2.49689470749,2023,2.49689470749,2024,2.49689470749,2025,2.49689470749)",Share,%,
Key\Industry\Subsector_share\Food Beverages and Tobacco,Activity Level,AMS Target Scenario,Indonesia,"Interp(2005,1.25,2006,1.25,2007,1.25,2008,1.25,2009,1.25,2010,1.25,2011,1.25,2012,1.25,2013,1.25,2014,1.25,2015,1.25,2016,1.25,2017,1.25,2018,1.25,2019,1.25,2020,1.25,2021,1.25,2022,1.25,2023,1.25,2024,1.25,2025,1.25)",Share,%,
Key\Industry\Subsector_share\Food Beverages and Tobacco,Activity Level,AMS Target Scenario,Laos,"Interp(2005,12.4502069827,2006,12.4502069827,2007,12.4502069827,2008,12.4502069827,2009,12.4502069827,2010,12.4502069827,2011,12.4502069827,2012,12.4502069827,2013,12.4502069827,2014,12.4502069827,2015,12.4502069827,2016,11.9383346824,2017,11.2480768767,2018,10.7138109901,2019,10.3122020638,2020,10.4349830842,2021,9.5546531509,2022,9.5546531509,2023,9.5546531509,2024,9.5546531509,2025,9.5546531509)",Share,%,
Key\Industry\Subsector_share\Food Beverages and Tobacco,Activity Level,AMS Target Scenario,Malaysia,"Interp(2005,6.94503393897,2006,6.94503393897,2007,6.94503393897,2008,6.94503393897,2009,6.94503393897,2010,6.94503393897,2011,6.94503393897,2012,6.94503393897,2013,6.94503393897,2014,6.94503393897,2015,6.94503393897,2016,6.94503393897,2017,6.94503393897,2018,6.68141275987,2019,6.61214858953,2020,7.56798643898,2021,8.30388072412,2022,8.69506393226,2023,8.69506393226,2024,8.69506393226,2025,8.69506393226)",Share,%,
Key\Industry\Subsector_share\Food Beverages and Tobacco,Activity Level,AMS Target Scenario,Myanmar,"Interp(2005,0.3,2006,0.3,2007,0.3,2008,0.3,2009,0.3,2010,0.3,2011,0.3,2012,0.3,2013,0.3,2014,0.3,2015,0.3,2016,0.3,2017,0.3,2018,0.3,2019,0.3,2020,0.3,2021,0.3,2022,0.3,2023,0.3,2024,0.3,2025,0.3)",Share,%,
Key\Industry\Subsector_share\Food Beverages and Tobacco,Activity Level,AMS Target Scenario,Philippines,"Interp(2005,33.34,2006,33.34,2007,33.34,2008,33.34,2009,33.34,2010,33.34,2011,33.34,2012,33.34,2013,33.34,2014,33.34,2015,33.34,2016,33.34,2017,33.34,2018,33.34,2019,33.34,2020,33.34,2021,33.34,2022,33.34,2023,33.34,2024,33.34,2025,33.34)",Share,%,
Key\Industry\Subsector_share\Food Beverages and Tobacco,Activity Level,AMS Target Scenario,Singapore,"Interp(2005,3.4557614788,2006,3.4557614788,2007,3.4557614788,2008,3.4557614788,2009,3.4557614788,2010,3.4557614788,2011,3.65718515223,2012,3.85860882566,2013,4.06003249909,2014,4.26145617252,2015,4.46287984595,2016,4.86169485161,2017,3.94811352007,2018,3.9797518867,2019,4.01139025332,2020,3.63309353931,2021,3.25479682529,2022,3.25479682529,2023,3.25479682529,2024,3.25479682529,2025,3.25479682529)",Share,%,
Key\Industry\Subsector_share\Food Beverages and Tobacco,Activity Level,AMS Target Scenario,Thailand,"Interp(2005,28.87,2006,28.87,2007,28.87,2008,28.87,2009,28.87,2010,28.87,2011,28.87,2012,28.87,2013,28.87,2014,28.87,2015,28.87,2016,28.87,2017,28.87,2018,28.87,2019,28.87,2020,28.87,2021,28.87,2022,28.87,2023,28.87,2024,28.87,2025,28.87)",Share,%,
Key\Industry\Subsector_share\Food Beverages and Tobacco,Activity Level,AMS Target Scenario,Timor Leste,0,Share,%,
Key\Industry\Subsector_share\Food Beverages and Tobacco,Activity Level,AMS Target Scenario,Vietnam,"Interp(2005,8.52,2006,8.52,2007,8.52,2008,8.52,2009,8.52,2010,8.52,2011,8.52,2012,8.52,2013,8.52,2014,8.52,2015,8.52,2016,8.52,2017,8.52,2018,8.52,2019,8.52,2020,8.52,2021,8.52,2022,8.52,2023,8.52,2024,8.52,2025,8.52)",Share,%,
Key\Industry\Subsector_share\Food Beverages and Tobacco,Activity Level,Baseline Simulation,Base Template,0,Share,%,
Key\Industry\Subsector_share\Food Beverages and Tobacco,Activity Level,Baseline Simulation,Brunei,"Interp(2005,0.341005184014,2006,0.341005184014,2007,0.341005184014,2008,0.341005184014,2009,0.341005184014,2010,0.341005184014,2011,0.341005184014,2012,0.341005184014,2013,0.341005184014,2014,0.341005184014,2015,0.341005184014,2016,0.341005184014,2017,0.341005184014,2018,0.341005184014,2019,0.306269517175,2020,0.294710739297,2021,0.394506570166,2022,0.414067541407,2023,0.420751502684,2024,0.351742965141,2025,0.351742965141)",Share,%,
Key\Industry\Subsector_share\Food Beverages and Tobacco,Activity Level,Baseline Simulation,Cambodia,"Interp(2005,2.87620465776,2006,2.87620465776,2007,2.87620465776,2008,2.87620465776,2009,2.87620465776,2010,2.87620465776,2011,2.73384687617,2012,2.81145649055,2013,2.76615613721,2014,2.65816676715,2015,2.65018982463,2016,2.63405868026,2017,2.59258576492,2018,2.54235536125,2019,2.49689470749,2020,2.49689470749,2021,2.49689470749,2022,2.49689470749,2023,2.49689470749,2024,2.49689470749,2025,2.49689470749)",Share,%,
Key\Industry\Subsector_share\Food Beverages and Tobacco,Activity Level,Baseline Simulation,Indonesia,"Interp(2005,1.25,2006,1.25,2007,1.25,2008,1.25,2009,1.25,2010,1.25,2011,1.25,2012,1.25,2013,1.25,2014,1.25,2015,1.25,2016,1.25,2017,1.25,2018,1.25,2019,1.25,2020,1.25,2021,1.25,2022,1.25,2023,1.25,2024,1.25,2025,1.25)",Share,%,
Key\Industry\Subsector_share\Food Beverages and Tobacco,Activity Level,Baseline Simulation,Laos,"Interp(2005,12.4502069827,2006,12.4502069827,2007,12.4502069827,2008,12.4502069827,2009,12.4502069827,2010,12.4502069827,2011,12.4502069827,2012,12.4502069827,2013,12.4502069827,2014,12.4502069827,2015,12.4502069827,2016,11.9383346824,2017,11.2480768767,2018,10.7138109901,2019,10.3122020638,2020,10.4349830842,2021,9.5546531509,2022,9.5546531509,2023,9.5546531509,2024,9.5546531509,2025,9.5546531509)",Share,%,
Key\Industry\Subsector_share\Food Beverages and Tobacco,Activity Level,Baseline Simulation,Malaysia,"Interp(2005,6.94503393897,2006,6.94503393897,2007,6.94503393897,2008,6.94503393897,2009,6.94503393897,2010,6.94503393897,2011,6.94503393897,2012,6.94503393897,2013,6.94503393897,2014,6.94503393897,2015,6.94503393897,2016,6.94503393897,2017,6.94503393897,2018,6.68141275987,2019,6.61214858953,2020,7.56798643898,2021,8.30388072412,2022,8.69506393226,2023,8.69506393226,2024,8.69506393226,2025,8.69506393226)",Share,%,
Key\Industry\Subsector_share\Food Beverages and Tobacco,Activity Level,Baseline Simulation,Myanmar,"Interp(2005,0.3,2006,0.3,2007,0.3,2008,0.3,2009,0.3,2010,0.3,2011,0.3,2012,0.3,2013,0.3,2014,0.3,2015,0.3,2016,0.3,2017,0.3,2018,0.3,2019,0.3,2020,0.3,2021,0.3,2022,0.3,2023,0.3,2024,0.3,2025,0.3)",Share,%,
Key\Industry\Subsector_share\Food Beverages and Tobacco,Activity Level,Baseline Simulation,Philippines,"Interp(2005,33.34,2006,33.34,2007,33.34,2008,33.34,2009,33.34,2010,33.34,2011,33.34,2012,33.34,2013,33.34,2014,33.34,2015,33.34,2016,33.34,2017,33.34,2018,33.34,2019,33.34,2020,33.34,2021,33.34,2022,33.34,2023,33.34,2024,33.34,2025,33.34)",Share,%,
Key\Industry\Subsector_share\Food Beverages and Tobacco,Activity Level,Baseline Simulation,Singapore,"Interp(2005,3.4557614788,2006,3.4557614788,2007,3.4557614788,2008,3.4557614788,2009,3.4557614788,2010,3.4557614788,2011,3.65718515223,2012,3.85860882566,2013,4.06003249909,2014,4.26145617252,2015,4.46287984595,2016,4.86169485161,2017,3.94811352007,2018,3.9797518867,2019,4.01139025332,2020,3.63309353931,2021,3.25479682529,2022,3.25479682529,2023,3.25479682529,2024,3.25479682529,2025,3.25479682529)",Share,%,
Key\Industry\Subsector_share\Food Beverages and Tobacco,Activity Level,Baseline Simulation,Thailand,"Interp(2005,28.87,2006,28.87,2007,28.87,2008,28.87,2009,28.87,2010,28.87,2011,28.87,2012,28.87,2013,28.87,2014,28.87,2015,28.87,2016,28.87,2017,28.87,2018,28.87,2019,28.87,2020,28.87,2021,28.87,2022,28.87,2023,28.87,2024,28.87,2025,28.87)",Share,%,
Key\Industry\Subsector_share\Food Beverages and Tobacco,Activity Level,Baseline Simulation,Timor Leste,0,Share,%,
Key\Industry\Subsector_share\Food Beverages and Tobacco,Activity Level,Baseline Simulation,Vietnam,"Interp(2005,8.52,2006,8.52,2007,8.52,2008,8.52,2009,8.52,2010,8.52,2011,8.52,2012,8.52,2013,8.52,2014,8.52,2015,8.52,2016,8.52,2017,8.52,2018,8.52,2019,8.52,2020,8.52,2021,8.52,2022,8.52,2023,8.52,2024,8.52,2025,8.52)",Share,%,
Key\Industry\Subsector_share\Food Beverages and Tobacco,Activity Level,Current Accounts,Base Template,0,Share,%,
Key\Industry\Subsector_share\Food Beverages and Tobacco,Activity Level,Current Accounts,Brunei,"Interp(2005,0.341005184014,2006,0.341005184014,2007,0.341005184014,2008,0.341005184014,2009,0.341005184014,2010,0.341005184014,2011,0.341005184014,2012,0.341005184014,2013,0.341005184014,2014,0.341005184014,2015,0.341005184014,2016,0.341005184014,2017,0.341005184014,2018,0.341005184014,2019,0.306269517175,2020,0.294710739297,2021,0.394506570166,2022,0.414067541407,2023,0.420751502684,2024,0.351742965141,2025,0.351742965141)",Share,%,
Key\Industry\Subsector_share\Food Beverages and Tobacco,Activity Level,Current Accounts,Cambodia,"Interp(2005,2.87620465776,2006,2.87620465776,2007,2.87620465776,2008,2.87620465776,2009,2.87620465776,2010,2.87620465776,2011,2.73384687617,2012,2.81145649055,2013,2.76615613721,2014,2.65816676715,2015,2.65018982463,2016,2.63405868026,2017,2.59258576492,2018,2.54235536125,2019,2.49689470749,2020,2.49689470749,2021,2.49689470749,2022,2.49689470749,2023,2.49689470749,2024,2.49689470749,2025,2.49689470749)",Share,%,
Key\Industry\Subsector_share\Food Beverages and Tobacco,Activity Level,Current Accounts,Indonesia,"Interp(2005,1.25,2006,1.25,2007,1.25,2008,1.25,2009,1.25,2010,1.25,2011,1.25,2012,1.25,2013,1.25,2014,1.25,2015,1.25,2016,1.25,2017,1.25,2018,1.25,2019,1.25,2020,1.25,2021,1.25,2022,1.25,2023,1.25,2024,1.25,2025,1.25)",Share,%,
Key\Industry\Subsector_share\Food Beverages and Tobacco,Activity Level,Current Accounts,Laos,"Interp(2005,12.4502069827,2006,12.4502069827,2007,12.4502069827,2008,12.4502069827,2009,12.4502069827,2010,12.4502069827,2011,12.4502069827,2012,12.4502069827,2013,12.4502069827,2014,12.4502069827,2015,12.4502069827,2016,11.9383346824,2017,11.2480768767,2018,10.7138109901,2019,10.3122020638,2020,10.4349830842,2021,9.5546531509,2022,9.5546531509,2023,9.5546531509,2024,9.5546531509,2025,9.5546531509)",Share,%,
Key\Industry\Subsector_share\Food Beverages and Tobacco,Activity Level,Current Accounts,Malaysia,"Interp(2005,6.94503393897,2006,6.94503393897,2007,6.94503393897,2008,6.94503393897,2009,6.94503393897,2010,6.94503393897,2011,6.94503393897,2012,6.94503393897,2013,6.94503393897,2014,6.94503393897,2015,6.94503393897,2016,6.94503393897,2017,6.94503393897,2018,6.68141275987,2019,6.61214858953,2020,7.56798643898,2021,8.30388072412,2022,8.69506393226,2023,8.69506393226,2024,8.69506393226,2025,8.69506393226)",Share,%,
Key\Industry\Subsector_share\Food Beverages and Tobacco,Activity Level,Current Accounts,Myanmar,"Interp(2005,0.3,2006,0.3,2007,0.3,2008,0.3,2009,0.3,2010,0.3,2011,0.3,2012,0.3,2013,0.3,2014,0.3,2015,0.3,2016,0.3,2017,0.3,2018,0.3,2019,0.3,2020,0.3,2021,0.3,2022,0.3,2023,0.3,2024,0.3,2025,0.3)",Share,%,
Key\Industry\Subsector_share\Food Beverages and Tobacco,Activity Level,Current Accounts,Philippines,"Interp(2005,33.34,2006,33.34,2007,33.34,2008,33.34,2009,33.34,2010,33.34,2011,33.34,2012,33.34,2013,33.34,2014,33.34,2015,33.34,2016,33.34,2017,33.34,2018,33.34,2019,33.34,2020,33.34,2021,33.34,2022,33.34,2023,33.34,2024,33.34,2025,33.34)",Share,%,
Key\Industry\Subsector_share\Food Beverages and Tobacco,Activity Level,Current Accounts,Singapore,"Interp(2005,3.4557614788,2006,3.4557614788,2007,3.4557614788,2008,3.4557614788,2009,3.4557614788,2010,3.4557614788,2011,3.65718515223,2012,3.85860882566,2013,4.06003249909,2014,4.26145617252,2015,4.46287984595,2016,4.86169485161,2017,3.94811352007,2018,3.9797518867,2019,4.01139025332,2020,3.63309353931,2021,3.25479682529,2022,3.25479682529,2023,3.25479682529,2024,3.25479682529,2025,3.25479682529)",Share,%,
Key\Industry\Subsector_share\Food Beverages and Tobacco,Activity Level,Current Accounts,Thailand,"Interp(2005,28.87,2006,28.87,2007,28.87,2008,28.87,2009,28.87,2010,28.87,2011,28.87,2012,28.87,2013,28.87,2014,28.87,2015,28.87,2016,28.87,2017,28.87,2018,28.87,2019,28.87,2020,28.87,2021,28.87,2022,28.87,2023,28.87,2024,28.87,2025,28.87)",Share,%,
Key\Industry\Subsector_share\Food Beverages and Tobacco,Activity Level,Current Accounts,Timor Leste,0,Share,%,
Key\Industry\Subsector_share\Food Beverages and Tobacco,Activity Level,Current Accounts,Vietnam,"Interp(2005,8.52,2006,8.52,2007,8.52,2008,8.52,2009,8.52,2010,8.52,2011,8.52,2012,8.52,2013,8.52,2014,8.52,2015,8.52,2016,8.52,2017,8.52,2018,8.52,2019,8.52,2020,8.52,2021,8.52,2022,8.52,2023,8.52,2024,8.52,2025,8.52)",Share,%,
Key\Industry\Subsector_share\Food Beverages and Tobacco,Activity Level,Regional Aspiration Scenario,Base Template,0,Share,%,
Key\Industry\Subsector_share\Food Beverages and Tobacco,Activity Level,Regional Aspiration Scenario,Brunei,"Interp(2005,0.341005184014,2006,0.341005184014,2007,0.341005184014,2008,0.341005184014,2009,0.341005184014,2010,0.341005184014,2011,0.341005184014,2012,0.341005184014,2013,0.341005184014,2014,0.341005184014,2015,0.341005184014,2016,0.341005184014,2017,0.341005184014,2018,0.341005184014,2019,0.306269517175,2020,0.294710739297,2021,0.394506570166,2022,0.414067541407,2023,0.420751502684,2024,0.351742965141,2025,0.351742965141)",Share,%,
Key\Industry\Subsector_share\Food Beverages and Tobacco,Activity Level,Regional Aspiration Scenario,Cambodia,"Interp(2005,2.87620465776,2006,2.87620465776,2007,2.87620465776,2008,2.87620465776,2009,2.87620465776,2010,2.87620465776,2011,2.73384687617,2012,2.81145649055,2013,2.76615613721,2014,2.65816676715,2015,2.65018982463,2016,2.63405868026,2017,2.59258576492,2018,2.54235536125,2019,2.49689470749,2020,2.49689470749,2021,2.49689470749,2022,2.49689470749,2023,2.49689470749,2024,2.49689470749,2025,2.49689470749)",Share,%,
Key\Industry\Subsector_share\Food Beverages and Tobacco,Activity Level,Regional Aspiration Scenario,Indonesia,"Interp(2005,1.25,2006,1.25,2007,1.25,2008,1.25,2009,1.25,2010,1.25,2011,1.25,2012,1.25,2013,1.25,2014,1.25,2015,1.25,2016,1.25,2017,1.25,2018,1.25,2019,1.25,2020,1.25,2021,1.25,2022,1.25,2023,1.25,2024,1.25,2025,1.25)",Share,%,
Key\Industry\Subsector_share\Food Beverages and Tobacco,Activity Level,Regional Aspiration Scenario,Laos,"Interp(2005,12.4502069827,2006,12.4502069827,2007,12.4502069827,2008,12.4502069827,2009,12.4502069827,2010,12.4502069827,2011,12.4502069827,2012,12.4502069827,2013,12.4502069827,2014,12.4502069827,2015,12.4502069827,2016,11.9383346824,2017,11.2480768767,2018,10.7138109901,2019,10.3122020638,2020,10.4349830842,2021,9.5546531509,2022,9.5546531509,2023,9.5546531509,2024,9.5546531509,2025,9.5546531509)",Share,%,
Key\Industry\Subsector_share\Food Beverages and Tobacco,Activity Level,Regional Aspiration Scenario,Malaysia,"Interp(2005,6.94503393897,2006,6.94503393897,2007,6.94503393897,2008,6.94503393897,2009,6.94503393897,2010,6.94503393897,2011,6.94503393897,2012,6.94503393897,2013,6.94503393897,2014,6.94503393897,2015,6.94503393897,2016,6.94503393897,2017,6.94503393897,2018,6.68141275987,2019,6.61214858953,2020,7.56798643898,2021,8.30388072412,2022,8.69506393226,2023,8.69506393226,2024,8.69506393226,2025,8.69506393226)",Share,%,
Key\Industry\Subsector_share\Food Beverages and Tobacco,Activity Level,Regional Aspiration Scenario,Myanmar,"Interp(2005,0.3,2006,0.3,2007,0.3,2008,0.3,2009,0.3,2010,0.3,2011,0.3,2012,0.3,2013,0.3,2014,0.3,2015,0.3,2016,0.3,2017,0.3,2018,0.3,2019,0.3,2020,0.3,2021,0.3,2022,0.3,2023,0.3,2024,0.3,2025,0.3)",Share,%,
Key\Industry\Subsector_share\Food Beverages and Tobacco,Activity Level,Regional Aspiration Scenario,Philippines,"Interp(2005,33.34,2006,33.34,2007,33.34,2008,33.34,2009,33.34,2010,33.34,2011,33.34,2012,33.34,2013,33.34,2014,33.34,2015,33.34,2016,33.34,2017,33.34,2018,33.34,2019,33.34,2020,33.34,2021,33.34,2022,33.34,2023,33.34,2024,33.34,2025,33.34)",Share,%,
Key\Industry\Subsector_share\Food Beverages and Tobacco,Activity Level,Regional Aspiration Scenario,Singapore,"Interp(2005,3.4557614788,2006,3.4557614788,2007,3.4557614788,2008,3.4557614788,2009,3.4557614788,2010,3.4557614788,2011,3.65718515223,2012,3.85860882566,2013,4.06003249909,2014,4.26145617252,2015,4.46287984595,2016,4.86169485161,2017,3.94811352007,2018,3.9797518867,2019,4.01139025332,2020,3.63309353931,2021,3.25479682529,2022,3.25479682529,2023,3.25479682529,2024,3.25479682529,2025,3.25479682529)",Share,%,
Key\Industry\Subsector_share\Food Beverages and Tobacco,Activity Level,Regional Aspiration Scenario,Thailand,"Interp(2005,28.87,2006,28.87,2007,28.87,2008,28.87,2009,28.87,2010,28.87,2011,28.87,2012,28.87,2013,28.87,2014,28.87,2015,28.87,2016,28.87,2017,28.87,2018,28.87,2019,28.87,2020,28.87,2021,28.87,2022,28.87,2023,28.87,2024,28.87,2025,28.87)",Share,%,
Key\Industry\Subsector_share\Food Beverages and Tobacco,Activity Level,Regional Aspiration Scenario,Timor Leste,0,Share,%,
Key\Industry\Subsector_share\Food Beverages and Tobacco,Activity Level,Regional Aspiration Scenario,Vietnam,"Interp(2005,8.52,2006,8.52,2007,8.52,2008,8.52,2009,8.52,2010,8.52,2011,8.52,2012,8.52,2013,8.52,2014,8.52,2015,8.52,2016,8.52,2017,8.52,2018,8.52,2019,8.52,2020,8.52,2021,8.52,2022,8.52,2023,8.52,2024,8.52,2025,8.52)",Share,%,
Key\Industry\Subsector_share\Iron and Steel,Activity Level,AMS Target Scenario,Base Template,0,Share,%,
Key\Industry\Subsector_share\Iron and Steel,Activity Level,AMS Target Scenario,Brunei,"Interp(2005,0,2006,0,2007,0,2008,0,2009,0,2010,0,2011,0,2012,0,2013,0,2014,0,2015,0,2016,0,2017,0,2018,0,2019,0,2020,0,2021,0,2022,0,2023,0,2024,0,2025,0)",Share,%,
Key\Industry\Subsector_share\Iron and Steel,Activity Level,AMS Target Scenario,Cambodia,"Interp(2005,0.348630867607,2006,0.348630867607,2007,0.348630867607,2008,0.348630867607,2009,0.348630867607,2010,0.348630867607,2011,0.342788849798,2012,0.351937718961,2013,0.357044610101,2014,0.349223440071,2015,0.358388659558,2016,0.372201561117,2017,0.378290918249,2018,0.378297069919,2019,0.379207473611,2020,0.379207473611,2021,0.379207473611,2022,0.379207473611,2023,0.379207473611,2024,0.379207473611,2025,0.379207473611)",Share,%,
Key\Industry\Subsector_share\Iron and Steel,Activity Level,AMS Target Scenario,Indonesia,"Interp(2005,15.62,2006,15.62,2007,15.62,2008,15.62,2009,15.62,2010,15.62,2011,15.62,2012,15.62,2013,15.62,2014,15.62,2015,15.62,2016,15.62,2017,15.62,2018,15.62,2019,15.62,2020,15.62,2021,15.62,2022,15.62,2023,15.62,2024,15.62,2025,15.62)",Share,%,
Key\Industry\Subsector_share\Iron and Steel,Activity Level,AMS Target Scenario,Laos,"Interp(2005,0,2006,0,2007,0,2008,0,2009,0,2010,0,2011,0,2012,0,2013,0,2014,0,2015,0,2016,0,2017,0,2018,0,2019,0,2020,0,2021,0,2022,0,2023,0,2024,0,2025,0)",Share,%,
Key\Industry\Subsector_share\Iron and Steel,Activity Level,AMS Target Scenario,Malaysia,"Interp(2005,7.18912808117,2006,7.18912808117,2007,7.18912808117,2008,7.18912808117,2009,7.18912808117,2010,7.18912808117,2011,7.18912808117,2012,7.18912808117,2013,7.18912808117,2014,7.18912808117,2015,7.18912808117,2016,7.18912808117,2017,7.18912808117,2018,7.45219299539,2019,7.53097786803,2020,6.8597371743,2021,6.96282106544,2022,6.94821338139,2023,6.94821338139,2024,6.94821338139,2025,6.94821338139)",Share,%,
Key\Industry\Subsector_share\Iron and Steel,Activity Level,AMS Target Scenario,Myanmar,"Interp(2005,2.03,2006,2.03,2007,2.03,2008,2.03,2009,2.03,2010,2.03,2011,2.03,2012,2.03,2013,2.03,2014,2.03,2015,2.03,2016,2.03,2017,2.03,2018,2.03,2019,2.03,2020,2.03,2021,2.03,2022,2.03,2023,2.03,2024,2.03,2025,2.03)",Share,%,
Key\Industry\Subsector_share\Iron and Steel,Activity Level,AMS Target Scenario,Philippines,"Interp(2005,9.43,2006,9.43,2007,9.43,2008,9.43,2009,9.43,2010,9.43,2011,9.43,2012,9.43,2013,9.43,2014,9.43,2015,9.43,2016,9.43,2017,9.43,2018,9.43,2019,9.43,2020,9.43,2021,9.43,2022,9.43,2023,9.43,2024,9.43,2025,9.43)",Share,%,
Key\Industry\Subsector_share\Iron and Steel,Activity Level,AMS Target Scenario,Singapore,"Interp(2005,0.194123244683,2006,0.194123244683,2007,0.194123244683,2008,0.194123244683,2009,0.194123244683,2010,0.194123244683,2011,0.225109050955,2012,0.256094857226,2013,0.287080663498,2014,0.31806646977,2015,0.349052276041,2016,0.349606991646,2017,0.314811902716,2018,0.294920574368,2019,0.275029246021,2020,0.288310807613,2021,0.301592369206,2022,0.301592369206,2023,0.301592369206,2024,0.301592369206,2025,0.301592369206)",Share,%,
Key\Industry\Subsector_share\Iron and Steel,Activity Level,AMS Target Scenario,Thailand,"Interp(2005,5.18,2006,5.18,2007,5.18,2008,5.18,2009,5.18,2010,5.18,2011,5.18,2012,5.18,2013,5.18,2014,5.18,2015,5.18,2016,5.18,2017,5.18,2018,5.18,2019,5.18,2020,5.18,2021,5.18,2022,5.18,2023,5.18,2024,5.18,2025,5.18)",Share,%,
Key\Industry\Subsector_share\Iron and Steel,Activity Level,AMS Target Scenario,Timor Leste,0,Share,%,
Key\Industry\Subsector_share\Iron and Steel,Activity Level,AMS Target Scenario,Vietnam,"Interp(2005,11.14,2006,11.14,2007,11.14,2008,11.14,2009,11.14,2010,11.14,2011,11.14,2012,11.14,2013,11.14,2014,11.14,2015,11.14,2016,11.14,2017,11.14,2018,11.14,2019,11.14,2020,11.14,2021,11.14,2022,11.14,2023,11.14,2024,11.14,2025,11.14)",Share,%,
Key\Industry\Subsector_share\Iron and Steel,Activity Level,Baseline Simulation,Base Template,0,Share,%,
Key\Industry\Subsector_share\Iron and Steel,Activity Level,Baseline Simulation,Brunei,"Interp(2005,0,2006,0,2007,0,2008,0,2009,0,2010,0,2011,0,2012,0,2013,0,2014,0,2015,0,2016,0,2017,0,2018,0,2019,0,2020,0,2021,0,2022,0,2023,0,2024,0,2025,0)",Share,%,
Key\Industry\Subsector_share\Iron and Steel,Activity Level,Baseline Simulation,Cambodia,"Interp(2005,0.348630867607,2006,0.348630867607,2007,0.348630867607,2008,0.348630867607,2009,0.348630867607,2010,0.348630867607,2011,0.342788849798,2012,0.351937718961,2013,0.357044610101,2014,0.349223440071,2015,0.358388659558,2016,0.372201561117,2017,0.378290918249,2018,0.378297069919,2019,0.379207473611,2020,0.379207473611,2021,0.379207473611,2022,0.379207473611,2023,0.379207473611,2024,0.379207473611,2025,0.379207473611)",Share,%,
Key\Industry\Subsector_share\Iron and Steel,Activity Level,Baseline Simulation,Indonesia,"Interp(2005,15.62,2006,15.62,2007,15.62,2008,15.62,2009,15.62,2010,15.62,2011,15.62,2012,15.62,2013,15.62,2014,15.62,2015,15.62,2016,15.62,2017,15.62,2018,15.62,2019,15.62,2020,15.62,2021,15.62,2022,15.62,2023,15.62,2024,15.62,2025,15.62)",Share,%,
Key\Industry\Subsector_share\Iron and Steel,Activity Level,Baseline Simulation,Laos,"Interp(2005,0,2006,0,2007,0,2008,0,2009,0,2010,0,2011,0,2012,0,2013,0,2014,0,2015,0,2016,0,2017,0,2018,0,2019,0,2020,0,2021,0,2022,0,2023,0,2024,0,2025,0)",Share,%,
Key\Industry\Subsector_share\Iron and Steel,Activity Level,Baseline Simulation,Malaysia,"Interp(2005,7.18912808117,2006,7.18912808117,2007,7.18912808117,2008,7.18912808117,2009,7.18912808117,2010,7.18912808117,2011,7.18912808117,2012,7.18912808117,2013,7.18912808117,2014,7.18912808117,2015,7.18912808117,2016,7.18912808117,2017,7.18912808117,2018,7.45219299539,2019,7.53097786803,2020,6.8597371743,2021,6.96282106544,2022,6.94821338139,2023,6.94821338139,2024,6.94821338139,2025,6.94821338139)",Share,%,
Key\Industry\Subsector_share\Iron and Steel,Activity Level,Baseline Simulation,Myanmar,"Interp(2005,2.03,2006,2.03,2007,2.03,2008,2.03,2009,2.03,2010,2.03,2011,2.03,2012,2.03,2013,2.03,2014,2.03,2015,2.03,2016,2.03,2017,2.03,2018,2.03,2019,2.03,2020,2.03,2021,2.03,2022,2.03,2023,2.03,2024,2.03,2025,2.03)",Share,%,
Key\Industry\Subsector_share\Iron and Steel,Activity Level,Baseline Simulation,Philippines,"Interp(2005,9.43,2006,9.43,2007,9.43,2008,9.43,2009,9.43,2010,9.43,2011,9.43,2012,9.43,2013,9.43,2014,9.43,2015,9.43,2016,9.43,2017,9.43,2018,9.43,2019,9.43,2020,9.43,2021,9.43,2022,9.43,2023,9.43,2024,9.43,2025,9.43)",Share,%,
Key\Industry\Subsector_share\Iron and Steel,Activity Level,Baseline Simulation,Singapore,"Interp(2005,0.194123244683,2006,0.194123244683,2007,0.194123244683,2008,0.194123244683,2009,0.194123244683,2010,0.194123244683,2011,0.225109050955,2012,0.256094857226,2013,0.287080663498,2014,0.31806646977,2015,0.349052276041,2016,0.349606991646,2017,0.314811902716,2018,0.294920574368,2019,0.275029246021,2020,0.288310807613,2021,0.301592369206,2022,0.301592369206,2023,0.301592369206,2024,0.301592369206,2025,0.301592369206)",Share,%,
Key\Industry\Subsector_share\Iron and Steel,Activity Level,Baseline Simulation,Thailand,"Interp(2005,5.18,2006,5.18,2007,5.18,2008,5.18,2009,5.18,2010,5.18,2011,5.18,2012,5.18,2013,5.18,2014,5.18,2015,5.18,2016,5.18,2017,5.18,2018,5.18,2019,5.18,2020,5.18,2021,5.18,2022,5.18,2023,5.18,2024,5.18,2025,5.18)",Share,%,
Key\Industry\Subsector_share\Iron and Steel,Activity Level,Baseline Simulation,Timor Leste,0,Share,%,
Key\Industry\Subsector_share\Iron and Steel,Activity Level,Baseline Simulation,Vietnam,"Interp(2005,11.14,2006,11.14,2007,11.14,2008,11.14,2009,11.14,2010,11.14,2011,11.14,2012,11.14,2013,11.14,2014,11.14,2015,11.14,2016,11.14,2017,11.14,2018,11.14,2019,11.14,2020,11.14,2021,11.14,2022,11.14,2023,11.14,2024,11.14,2025,11.14)",Share,%,
Key\Industry\Subsector_share\Iron and Steel,Activity Level,Current Accounts,Base Template,0,Share,%,
Key\Industry\Subsector_share\Iron and Steel,Activity Level,Current Accounts,Brunei,"Interp(2005,0,2006,0,2007,0,2008,0,2009,0,2010,0,2011,0,2012,0,2013,0,2014,0,2015,0,2016,0,2017,0,2018,0,2019,0,2020,0,2021,0,2022,0,2023,0,2024,0,2025,0)",Share,%,
Key\Industry\Subsector_share\Iron and Steel,Activity Level,Current Accounts,Cambodia,"Interp(2005,0.348630867607,2006,0.348630867607,2007,0.348630867607,2008,0.348630867607,2009,0.348630867607,2010,0.348630867607,2011,0.342788849798,2012,0.351937718961,2013,0.357044610101,2014,0.349223440071,2015,0.358388659558,2016,0.372201561117,2017,0.378290918249,2018,0.378297069919,2019,0.379207473611,2020,0.379207473611,2021,0.379207473611,2022,0.379207473611,2023,0.379207473611,2024,0.379207473611,2025,0.379207473611)",Share,%,
Key\Industry\Subsector_share\Iron and Steel,Activity Level,Current Accounts,Indonesia,"Interp(2005,15.62,2006,15.62,2007,15.62,2008,15.62,2009,15.62,2010,15.62,2011,15.62,2012,15.62,2013,15.62,2014,15.62,2015,15.62,2016,15.62,2017,15.62,2018,15.62,2019,15.62,2020,15.62,2021,15.62,2022,15.62,2023,15.62,2024,15.62,2025,15.62)",Share,%,
Key\Industry\Subsector_share\Iron and Steel,Activity Level,Current Accounts,Laos,"Interp(2005,0,2006,0,2007,0,2008,0,2009,0,2010,0,2011,0,2012,0,2013,0,2014,0,2015,0,2016,0,2017,0,2018,0,2019,0,2020,0,2021,0,2022,0,2023,0,2024,0,2025,0)",Share,%,
Key\Industry\Subsector_share\Iron and Steel,Activity Level,Current Accounts,Malaysia,"Interp(2005,7.18912808117,2006,7.18912808117,2007,7.18912808117,2008,7.18912808117,2009,7.18912808117,2010,7.18912808117,2011,7.18912808117,2012,7.18912808117,2013,7.18912808117,2014,7.18912808117,2015,7.18912808117,2016,7.18912808117,2017,7.18912808117,2018,7.45219299539,2019,7.53097786803,2020,6.8597371743,2021,6.96282106544,2022,6.94821338139,2023,6.94821338139,2024,6.94821338139,2025,6.94821338139)",Share,%,
Key\Industry\Subsector_share\Iron and Steel,Activity Level,Current Accounts,Myanmar,"Interp(2005,2.03,2006,2.03,2007,2.03,2008,2.03,2009,2.03,2010,2.03,2011,2.03,2012,2.03,2013,2.03,2014,2.03,2015,2.03,2016,2.03,2017,2.03,2018,2.03,2019,2.03,2020,2.03,2021,2.03,2022,2.03,2023,2.03,2024,2.03,2025,2.03)",Share,%,
Key\Industry\Subsector_share\Iron and Steel,Activity Level,Current Accounts,Philippines,"Interp(2005,9.43,2006,9.43,2007,9.43,2008,9.43,2009,9.43,2010,9.43,2011,9.43,2012,9.43,2013,9.43,2014,9.43,2015,9.43,2016,9.43,2017,9.43,2018,9.43,2019,9.43,2020,9.43,2021,9.43,2022,9.43,2023,9.43,2024,9.43,2025,9.43)",Share,%,
Key\Industry\Subsector_share\Iron and Steel,Activity Level,Current Accounts,Singapore,"Interp(2005,0.194123244683,2006,0.194123244683,2007,0.194123244683,2008,0.194123244683,2009,0.194123244683,2010,0.194123244683,2011,0.225109050955,2012,0.256094857226,2013,0.287080663498,2014,0.31806646977,2015,0.349052276041,2016,0.349606991646,2017,0.314811902716,2018,0.294920574368,2019,0.275029246021,2020,0.288310807613,2021,0.301592369206,2022,0.301592369206,2023,0.301592369206,2024,0.301592369206,2025,0.301592369206)",Share,%,
Key\Industry\Subsector_share\Iron and Steel,Activity Level,Current Accounts,Thailand,"Interp(2005,5.18,2006,5.18,2007,5.18,2008,5.18,2009,5.18,2010,5.18,2011,5.18,2012,5.18,2013,5.18,2014,5.18,2015,5.18,2016,5.18,2017,5.18,2018,5.18,2019,5.18,2020,5.18,2021,5.18,2022,5.18,2023,5.18,2024,5.18,2025,5.18)",Share,%,
Key\Industry\Subsector_share\Iron and Steel,Activity Level,Current Accounts,Timor Leste,0,Share,%,
Key\Industry\Subsector_share\Iron and Steel,Activity Level,Current Accounts,Vietnam,"Interp(2005,11.14,2006,11.14,2007,11.14,2008,11.14,2009,11.14,2010,11.14,2011,11.14,2012,11.14,2013,11.14,2014,11.14,2015,11.14,2016,11.14,2017,11.14,2018,11.14,2019,11.14,2020,11.14,2021,11.14,2022,11.14,2023,11.14,2024,11.14,2025,11.14)",Share,%,
Key\Industry\Subsector_share\Iron and Steel,Activity Level,Regional Aspiration Scenario,Base Template,0,Share,%,
Key\Industry\Subsector_share\Iron and Steel,Activity Level,Regional Aspiration Scenario,Brunei,"Interp(2005,0,2006,0,2007,0,2008,0,2009,0,2010,0,2011,0,2012,0,2013,0,2014,0,2015,0,2016,0,2017,0,2018,0,2019,0,2020,0,2021,0,2022,0,2023,0,2024,0,2025,0)",Share,%,
Key\Industry\Subsector_share\Iron and Steel,Activity Level,Regional Aspiration Scenario,Cambodia,"Interp(2005,0.348630867607,2006,0.348630867607,2007,0.348630867607,2008,0.348630867607,2009,0.348630867607,2010,0.348630867607,2011,0.342788849798,2012,0.351937718961,2013,0.357044610101,2014,0.349223440071,2015,0.358388659558,2016,0.372201561117,2017,0.378290918249,2018,0.378297069919,2019,0.379207473611,2020,0.379207473611,2021,0.379207473611,2022,0.379207473611,2023,0.379207473611,2024,0.379207473611,2025,0.379207473611)",Share,%,
Key\Industry\Subsector_share\Iron and Steel,Activity Level,Regional Aspiration Scenario,Indonesia,"Interp(2005,15.62,2006,15.62,2007,15.62,2008,15.62,2009,15.62,2010,15.62,2011,15.62,2012,15.62,2013,15.62,2014,15.62,2015,15.62,2016,15.62,2017,15.62,2018,15.62,2019,15.62,2020,15.62,2021,15.62,2022,15.62,2023,15.62,2024,15.62,2025,15.62)",Share,%,
Key\Industry\Subsector_share\Iron and Steel,Activity Level,Regional Aspiration Scenario,Laos,"Interp(2005,0,2006,0,2007,0,2008,0,2009,0,2010,0,2011,0,2012,0,2013,0,2014,0,2015,0,2016,0,2017,0,2018,0,2019,0,2020,0,2021,0,2022,0,2023,0,2024,0,2025,0)",Share,%,
Key\Industry\Subsector_share\Iron and Steel,Activity Level,Regional Aspiration Scenario,Malaysia,"Interp(2005,7.18912808117,2006,7.18912808117,2007,7.18912808117,2008,7.18912808117,2009,7.18912808117,2010,7.18912808117,2011,7.18912808117,2012,7.18912808117,2013,7.18912808117,2014,7.18912808117,2015,7.18912808117,2016,7.18912808117,2017,7.18912808117,2018,7.45219299539,2019,7.53097786803,2020,6.8597371743,2021,6.96282106544,2022,6.94821338139,2023,6.94821338139,2024,6.94821338139,2025,6.94821338139)",Share,%,
Key\Industry\Subsector_share\Iron and Steel,Activity Level,Regional Aspiration Scenario,Myanmar,"Interp(2005,2.03,2006,2.03,2007,2.03,2008,2.03,2009,2.03,2010,2.03,2011,2.03,2012,2.03,2013,2.03,2014,2.03,2015,2.03,2016,2.03,2017,2.03,2018,2.03,2019,2.03,2020,2.03,2021,2.03,2022,2.03,2023,2.03,2024,2.03,2025,2.03)",Share,%,
Key\Industry\Subsector_share\Iron and Steel,Activity Level,Regional Aspiration Scenario,Philippines,"Interp(2005,9.43,2006,9.43,2007,9.43,2008,9.43,2009,9.43,2010,9.43,2011,9.43,2012,9.43,2013,9.43,2014,9.43,2015,9.43,2016,9.43,2017,9.43,2018,9.43,2019,9.43,2020,9.43,2021,9.43,2022,9.43,2023,9.43,2024,9.43,2025,9.43)",Share,%,
Key\Industry\Subsector_share\Iron and Steel,Activity Level,Regional Aspiration Scenario,Singapore,"Interp(2005,0.194123244683,2006,0.194123244683,2007,0.194123244683,2008,0.194123244683,2009,0.194123244683,2010,0.194123244683,2011,0.225109050955,2012,0.256094857226,2013,0.287080663498,2014,0.31806646977,2015,0.349052276041,2016,0.349606991646,2017,0.314811902716,2018,0.294920574368,2019,0.275029246021,2020,0.288310807613,2021,0.301592369206,2022,0.301592369206,2023,0.301592369206,2024,0.301592369206,2025,0.301592369206)",Share,%,
Key\Industry\Subsector_share\Iron and Steel,Activity Level,Regional Aspiration Scenario,Thailand,"Interp(2005,5.18,2006,5.18,2007,5.18,2008,5.18,2009,5.18,2010,5.18,2011,5.18,2012,5.18,2013,5.18,2014,5.18,2015,5.18,2016,5.18,2017,5.18,2018,5.18,2019,5.18,2020,5.18,2021,5.18,2022,5.18,2023,5.18,2024,5.18,2025,5.18)",Share,%,
Key\Industry\Subsector_share\Iron and Steel,Activity Level,Regional Aspiration Scenario,Timor Leste,0,Share,%,
Key\Industry\Subsector_share\Iron and Steel,Activity Level,Regional Aspiration Scenario,Vietnam,"Interp(2005,11.14,2006,11.14,2007,11.14,2008,11.14,2009,11.14,2010,11.14,2011,11.14,2012,11.14,2013,11.14,2014,11.14,2015,11.14,2016,11.14,2017,11.14,2018,11.14,2019,11.14,2020,11.14,2021,11.14,2022,11.14,2023,11.14,2024,11.14,2025,11.14)",Share,%,
Key\Industry\Subsector_share\Mining,Activity Level,AMS Target Scenario,Base Template,0,Share,%,
Key\Industry\Subsector_share\Mining,Activity Level,AMS Target Scenario,Brunei,"Interp(2005,0,2006,0,2007,0,2008,0,2009,0,2010,0,2011,0,2012,0,2013,0,2014,0,2015,0,2016,0,2017,0,2018,0,2019,0,2020,0,2021,0,2022,0,2023,0,2024,0,2025,0)",Share,%,
Key\Industry\Subsector_share\Mining,Activity Level,AMS Target Scenario,Cambodia,"Interp(2005,0.885338913791,2006,0.885338913791,2007,0.885338913791,2008,0.885338913791,2009,0.885338913791,2010,0.885338913791,2011,0.9818149772,2012,1.18526151328,2013,1.30039405363,2014,1.46131361816,2015,1.6253240087,2016,1.79677031396,2017,1.93164867147,2018,2.07080385677,2019,2.30494518518,2020,2.30494518518,2021,2.30494518518,2022,2.30494518518,2023,2.30494518518,2024,2.30494518518,2025,2.30494518518)",Share,%,
Key\Industry\Subsector_share\Mining,Activity Level,AMS Target Scenario,Indonesia,"Interp(2005,17.626,2006,17.626,2007,17.626,2008,17.626,2009,17.626,2010,17.626,2011,17.626,2012,17.626,2013,17.626,2014,17.626,2015,17.626,2016,17.626,2017,17.626,2018,17.626,2019,17.626,2020,17.626,2021,17.626,2022,17.626,2023,17.626,2024,17.626,2025,17.626)",Share,%,
Key\Industry\Subsector_share\Mining,Activity Level,AMS Target Scenario,Laos,"Interp(2005,41.4629383738,2006,41.4629383738,2007,41.4629383738,2008,41.4629383738,2009,41.4629383738,2010,41.4629383738,2011,41.4629383738,2012,41.4629383738,2013,41.4629383738,2014,41.4629383738,2015,41.4629383738,2016,40.3247172709,2017,35.5416383747,2018,30.3205449222,2019,27.4316785255,2020,22.6201199926,2021,20.7737934602,2022,20.7737934602,2023,20.7737934602,2024,20.7737934602,2025,20.7737934602)",Share,%,
Key\Industry\Subsector_share\Mining,Activity Level,AMS Target Scenario,Malaysia,"Interp(2005,22.5859605325,2006,22.5859605325,2007,22.5859605325,2008,22.5859605325,2009,22.5859605325,2010,22.5859605325,2011,22.5859605325,2012,22.5859605325,2013,22.5859605325,2014,22.5859605325,2015,22.5859605325,2016,22.5859605325,2017,22.5859605325,2018,24.1765834971,2019,23.0113707747,2020,18.3144847465,2021,23.1037189927,2022,21.9739932217,2023,21.9739932217,2024,21.9739932217,2025,21.9739932217)",Share,%,
Key\Industry\Subsector_share\Mining,Activity Level,AMS Target Scenario,Myanmar,"Interp(2005,12.772,2006,12.772,2007,12.772,2008,12.772,2009,12.772,2010,12.772,2011,12.772,2012,12.772,2013,12.772,2014,12.772,2015,12.772,2016,12.772,2017,12.772,2018,12.772,2019,12.772,2020,12.772,2021,12.772,2022,12.772,2023,12.772,2024,12.772,2025,12.772)",Share,%,
Key\Industry\Subsector_share\Mining,Activity Level,AMS Target Scenario,Philippines,"Interp(2005,8.5,2006,8.5,2007,8.5,2008,8.5,2009,8.5,2010,8.5,2011,8.5,2012,8.5,2013,8.5,2014,8.5,2015,8.5,2016,8.5,2017,8.5,2018,8.5,2019,8.5,2020,8.5,2021,8.5,2022,8.5,2023,8.5,2024,8.5,2025,8.5)",Share,%,
Key\Industry\Subsector_share\Mining,Activity Level,AMS Target Scenario,Singapore,"Interp(2005,0,2006,0,2007,0,2008,0,2009,0,2010,0,2011,0,2012,0,2013,0,2014,0,2015,0,2016,0,2017,0,2018,0,2019,0,2020,0,2021,0,2022,0,2023,0,2024,0,2025,0)",Share,%,
Key\Industry\Subsector_share\Mining,Activity Level,AMS Target Scenario,Thailand,"Interp(2005,4.229,2006,4.229,2007,4.229,2008,4.229,2009,4.229,2010,4.229,2011,4.229,2012,4.229,2013,4.229,2014,4.229,2015,4.229,2016,4.229,2017,4.229,2018,4.229,2019,4.229,2020,4.229,2021,4.229,2022,4.229,2023,4.229,2024,4.229,2025,4.229)",Share,%,
Key\Industry\Subsector_share\Mining,Activity Level,AMS Target Scenario,Timor Leste,0,Share,%,
Key\Industry\Subsector_share\Mining,Activity Level,AMS Target Scenario,Vietnam,"Interp(2005,4.9,2006,4.9,2007,4.9,2008,4.9,2009,4.9,2010,4.9,2011,4.9,2012,4.9,2013,4.9,2014,4.9,2015,4.9,2016,4.9,2017,4.9,2018,4.9,2019,4.9,2020,4.9,2021,4.9,2022,4.9,2023,4.9,2024,4.9,2025,4.9)",Share,%,
Key\Industry\Subsector_share\Mining,Activity Level,Baseline Simulation,Base Template,0,Share,%,
Key\Industry\Subsector_share\Mining,Activity Level,Baseline Simulation,Brunei,"Interp(2005,0,2006,0,2007,0,2008,0,2009,0,2010,0,2011,0,2012,0,2013,0,2014,0,2015,0,2016,0,2017,0,2018,0,2019,0,2020,0,2021,0,2022,0,2023,0,2024,0,2025,0)",Share,%,
Key\Industry\Subsector_share\Mining,Activity Level,Baseline Simulation,Cambodia,"Interp(2005,0.885338913791,2006,0.885338913791,2007,0.885338913791,2008,0.885338913791,2009,0.885338913791,2010,0.885338913791,2011,0.9818149772,2012,1.18526151328,2013,1.30039405363,2014,1.46131361816,2015,1.6253240087,2016,1.79677031396,2017,1.93164867147,2018,2.07080385677,2019,2.30494518518,2020,2.30494518518,2021,2.30494518518,2022,2.30494518518,2023,2.30494518518,2024,2.30494518518,2025,2.30494518518)",Share,%,
Key\Industry\Subsector_share\Mining,Activity Level,Baseline Simulation,Indonesia,"Interp(2005,17.626,2006,17.626,2007,17.626,2008,17.626,2009,17.626,2010,17.626,2011,17.626,2012,17.626,2013,17.626,2014,17.626,2015,17.626,2016,17.626,2017,17.626,2018,17.626,2019,17.626,2020,17.626,2021,17.626,2022,17.626,2023,17.626,2024,17.626,2025,17.626)",Share,%,
Key\Industry\Subsector_share\Mining,Activity Level,Baseline Simulation,Laos,"Interp(2005,41.4629383738,2006,41.4629383738,2007,41.4629383738,2008,41.4629383738,2009,41.4629383738,2010,41.4629383738,2011,41.4629383738,2012,41.4629383738,2013,41.4629383738,2014,41.4629383738,2015,41.4629383738,2016,40.3247172709,2017,35.5416383747,2018,30.3205449222,2019,27.4316785255,2020,22.6201199926,2021,20.7737934602,2022,20.7737934602,2023,20.7737934602,2024,20.7737934602,2025,20.7737934602)",Share,%,
Key\Industry\Subsector_share\Mining,Activity Level,Baseline Simulation,Malaysia,"Interp(2005,22.5859605325,2006,22.5859605325,2007,22.5859605325,2008,22.5859605325,2009,22.5859605325,2010,22.5859605325,2011,22.5859605325,2012,22.5859605325,2013,22.5859605325,2014,22.5859605325,2015,22.5859605325,2016,22.5859605325,2017,22.5859605325,2018,24.1765834971,2019,23.0113707747,2020,18.3144847465,2021,23.1037189927,2022,21.9739932217,2023,21.9739932217,2024,21.9739932217,2025,21.9739932217)",Share,%,
Key\Industry\Subsector_share\Mining,Activity Level,Baseline Simulation,Myanmar,"Interp(2005,12.772,2006,12.772,2007,12.772,2008,12.772,2009,12.772,2010,12.772,2011,12.772,2012,12.772,2013,12.772,2014,12.772,2015,12.772,2016,12.772,2017,12.772,2018,12.772,2019,12.772,2020,12.772,2021,12.772,2022,12.772,2023,12.772,2024,12.772,2025,12.772)",Share,%,
Key\Industry\Subsector_share\Mining,Activity Level,Baseline Simulation,Philippines,"Interp(2005,8.5,2006,8.5,2007,8.5,2008,8.5,2009,8.5,2010,8.5,2011,8.5,2012,8.5,2013,8.5,2014,8.5,2015,8.5,2016,8.5,2017,8.5,2018,8.5,2019,8.5,2020,8.5,2021,8.5,2022,8.5,2023,8.5,2024,8.5,2025,8.5)",Share,%,
Key\Industry\Subsector_share\Mining,Activity Level,Baseline Simulation,Singapore,"Interp(2005,0,2006,0,2007,0,2008,0,2009,0,2010,0,2011,0,2012,0,2013,0,2014,0,2015,0,2016,0,2017,0,2018,0,2019,0,2020,0,2021,0,2022,0,2023,0,2024,0,2025,0)",Share,%,
Key\Industry\Subsector_share\Mining,Activity Level,Baseline Simulation,Thailand,"Interp(2005,4.229,2006,4.229,2007,4.229,2008,4.229,2009,4.229,2010,4.229,2011,4.229,2012,4.229,2013,4.229,2014,4.229,2015,4.229,2016,4.229,2017,4.229,2018,4.229,2019,4.229,2020,4.229,2021,4.229,2022,4.229,2023,4.229,2024,4.229,2025,4.229)",Share,%,
Key\Industry\Subsector_share\Mining,Activity Level,Baseline Simulation,Timor Leste,0,Share,%,
Key\Industry\Subsector_share\Mining,Activity Level,Baseline Simulation,Vietnam,"Interp(2005,4.9,2006,4.9,2007,4.9,2008,4.9,2009,4.9,2010,4.9,2011,4.9,2012,4.9,2013,4.9,2014,4.9,2015,4.9,2016,4.9,2017,4.9,2018,4.9,2019,4.9,2020,4.9,2021,4.9,2022,4.9,2023,4.9,2024,4.9,2025,4.9)",Share,%,
Key\Industry\Subsector_share\Mining,Activity Level,Current Accounts,Base Template,0,Share,%,
Key\Industry\Subsector_share\Mining,Activity Level,Current Accounts,Brunei,"Interp(2005,0,2006,0,2007,0,2008,0,2009,0,2010,0,2011,0,2012,0,2013,0,2014,0,2015,0,2016,0,2017,0,2018,0,2019,0,2020,0,2021,0,2022,0,2023,0,2024,0,2025,0)",Share,%,
Key\Industry\Subsector_share\Mining,Activity Level,Current Accounts,Cambodia,"Interp(2005,0.885338913791,2006,0.885338913791,2007,0.885338913791,2008,0.885338913791,2009,0.885338913791,2010,0.885338913791,2011,0.9818149772,2012,1.18526151328,2013,1.30039405363,2014,1.46131361816,2015,1.6253240087,2016,1.79677031396,2017,1.93164867147,2018,2.07080385677,2019,2.30494518518,2020,2.30494518518,2021,2.30494518518,2022,2.30494518518,2023,2.30494518518,2024,2.30494518518,2025,2.30494518518)",Share,%,
Key\Industry\Subsector_share\Mining,Activity Level,Current Accounts,Indonesia,"Interp(2005,17.626,2006,17.626,2007,17.626,2008,17.626,2009,17.626,2010,17.626,2011,17.626,2012,17.626,2013,17.626,2014,17.626,2015,17.626,2016,17.626,2017,17.626,2018,17.626,2019,17.626,2020,17.626,2021,17.626,2022,17.626,2023,17.626,2024,17.626,2025,17.626)",Share,%,
Key\Industry\Subsector_share\Mining,Activity Level,Current Accounts,Laos,"Interp(2005,41.4629383738,2006,41.4629383738,2007,41.4629383738,2008,41.4629383738,2009,41.4629383738,2010,41.4629383738,2011,41.4629383738,2012,41.4629383738,2013,41.4629383738,2014,41.4629383738,2015,41.4629383738,2016,40.3247172709,2017,35.5416383747,2018,30.3205449222,2019,27.4316785255,2020,22.6201199926,2021,20.7737934602,2022,20.7737934602,2023,20.7737934602,2024,20.7737934602,2025,20.7737934602)",Share,%,
Key\Industry\Subsector_share\Mining,Activity Level,Current Accounts,Malaysia,"Interp(2005,22.5859605325,2006,22.5859605325,2007,22.5859605325,2008,22.5859605325,2009,22.5859605325,2010,22.5859605325,2011,22.5859605325,2012,22.5859605325,2013,22.5859605325,2014,22.5859605325,2015,22.5859605325,2016,22.5859605325,2017,22.5859605325,2018,24.1765834971,2019,23.0113707747,2020,18.3144847465,2021,23.1037189927,2022,21.9739932217,2023,21.9739932217,2024,21.9739932217,2025,21.9739932217)",Share,%,
Key\Industry\Subsector_share\Mining,Activity Level,Current Accounts,Myanmar,"Interp(2005,12.772,2006,12.772,2007,12.772,2008,12.772,2009,12.772,2010,12.772,2011,12.772,2012,12.772,2013,12.772,2014,12.772,2015,12.772,2016,12.772,2017,12.772,2018,12.772,2019,12.772,2020,12.772,2021,12.772,2022,12.772,2023,12.772,2024,12.772,2025,12.772)",Share,%,
Key\Industry\Subsector_share\Mining,Activity Level,Current Accounts,Philippines,"Interp(2005,8.5,2006,8.5,2007,8.5,2008,8.5,2009,8.5,2010,8.5,2011,8.5,2012,8.5,2013,8.5,2014,8.5,2015,8.5,2016,8.5,2017,8.5,2018,8.5,2019,8.5,2020,8.5,2021,8.5,2022,8.5,2023,8.5,2024,8.5,2025,8.5)",Share,%,
Key\Industry\Subsector_share\Mining,Activity Level,Current Accounts,Singapore,"Interp(2005,0,2006,0,2007,0,2008,0,2009,0,2010,0,2011,0,2012,0,2013,0,2014,0,2015,0,2016,0,2017,0,2018,0,2019,0,2020,0,2021,0,2022,0,2023,0,2024,0,2025,0)",Share,%,
Key\Industry\Subsector_share\Mining,Activity Level,Current Accounts,Thailand,"Interp(2005,4.229,2006,4.229,2007,4.229,2008,4.229,2009,4.229,2010,4.229,2011,4.229,2012,4.229,2013,4.229,2014,4.229,2015,4.229,2016,4.229,2017,4.229,2018,4.229,2019,4.229,2020,4.229,2021,4.229,2022,4.229,2023,4.229,2024,4.229,2025,4.229)",Share,%,
Key\Industry\Subsector_share\Mining,Activity Level,Current Accounts,Timor Leste,0,Share,%,
Key\Industry\Subsector_share\Mining,Activity Level,Current Accounts,Vietnam,"Interp(2005,4.9,2006,4.9,2007,4.9,2008,4.9,2009,4.9,2010,4.9,2011,4.9,2012,4.9,2013,4.9,2014,4.9,2015,4.9,2016,4.9,2017,4.9,2018,4.9,2019,4.9,2020,4.9,2021,4.9,2022,4.9,2023,4.9,2024,4.9,2025,4.9)",Share,%,
Key\Industry\Subsector_share\Mining,Activity Level,Regional Aspiration Scenario,Base Template,0,Share,%,
Key\Industry\Subsector_share\Mining,Activity Level,Regional Aspiration Scenario,Brunei,"Interp(2005,0,2006,0,2007,0,2008,0,2009,0,2010,0,2011,0,2012,0,2013,0,2014,0,2015,0,2016,0,2017,0,2018,0,2019,0,2020,0,2021,0,2022,0,2023,0,2024,0,2025,0)",Share,%,
Key\Industry\Subsector_share\Mining,Activity Level,Regional Aspiration Scenario,Cambodia,"Interp(2005,0.885338913791,2006,0.885338913791,2007,0.885338913791,2008,0.885338913791,2009,0.885338913791,2010,0.885338913791,2011,0.9818149772,2012,1.18526151328,2013,1.30039405363,2014,1.46131361816,2015,1.6253240087,2016,1.79677031396,2017,1.93164867147,2018,2.07080385677,2019,2.30494518518,2020,2.30494518518,2021,2.30494518518,2022,2.30494518518,2023,2.30494518518,2024,2.30494518518,2025,2.30494518518)",Share,%,
Key\Industry\Subsector_share\Mining,Activity Level,Regional Aspiration Scenario,Indonesia,"Interp(2005,17.626,2006,17.626,2007,17.626,2008,17.626,2009,17.626,2010,17.626,2011,17.626,2012,17.626,2013,17.626,2014,17.626,2015,17.626,2016,17.626,2017,17.626,2018,17.626,2019,17.626,2020,17.626,2021,17.626,2022,17.626,2023,17.626,2024,17.626,2025,17.626)",Share,%,
Key\Industry\Subsector_share\Mining,Activity Level,Regional Aspiration Scenario,Laos,"Interp(2005,41.4629383738,2006,41.4629383738,2007,41.4629383738,2008,41.4629383738,2009,41.4629383738,2010,41.4629383738,2011,41.4629383738,2012,41.4629383738,2013,41.4629383738,2014,41.4629383738,2015,41.4629383738,2016,40.3247172709,2017,35.5416383747,2018,30.3205449222,2019,27.4316785255,2020,22.6201199926,2021,20.7737934602,2022,20.7737934602,2023,20.7737934602,2024,20.7737934602,2025,20.7737934602)",Share,%,
Key\Industry\Subsector_share\Mining,Activity Level,Regional Aspiration Scenario,Malaysia,"Interp(2005,22.5859605325,2006,22.5859605325,2007,22.5859605325,2008,22.5859605325,2009,22.5859605325,2010,22.5859605325,2011,22.5859605325,2012,22.5859605325,2013,22.5859605325,2014,22.5859605325,2015,22.5859605325,2016,22.5859605325,2017,22.5859605325,2018,24.1765834971,2019,23.0113707747,2020,18.3144847465,2021,23.1037189927,2022,21.9739932217,2023,21.9739932217,2024,21.9739932217,2025,21.9739932217)",Share,%,
Key\Industry\Subsector_share\Mining,Activity Level,Regional Aspiration Scenario,Myanmar,"Interp(2005,12.772,2006,12.772,2007,12.772,2008,12.772,2009,12.772,2010,12.772,2011,12.772,2012,12.772,2013,12.772,2014,12.772,2015,12.772,2016,12.772,2017,12.772,2018,12.772,2019,12.772,2020,12.772,2021,12.772,2022,12.772,2023,12.772,2024,12.772,2025,12.772)",Share,%,
Key\Industry\Subsector_share\Mining,Activity Level,Regional Aspiration Scenario,Philippines,"Interp(2005,8.5,2006,8.5,2007,8.5,2008,8.5,2009,8.5,2010,8.5,2011,8.5,2012,8.5,2013,8.5,2014,8.5,2015,8.5,2016,8.5,2017,8.5,2018,8.5,2019,8.5,2020,8.5,2021,8.5,2022,8.5,2023,8.5,2024,8.5,2025,8.5)",Share,%,
Key\Industry\Subsector_share\Mining,Activity Level,Regional Aspiration Scenario,Singapore,"Interp(2005,0,2006,0,2007,0,2008,0,2009,0,2010,0,2011,0,2012,0,2013,0,2014,0,2015,0,2016,0,2017,0,2018,0,2019,0,2020,0,2021,0,2022,0,2023,0,2024,0,2025,0)",Share,%,
Key\Industry\Subsector_share\Mining,Activity Level,Regional Aspiration Scenario,Thailand,"Interp(2005,4.229,2006,4.229,2007,4.229,2008,4.229,2009,4.229,2010,4.229,2011,4.229,2012,4.229,2013,4.229,2014,4.229,2015,4.229,2016,4.229,2017,4.229,2018,4.229,2019,4.229,2020,4.229,2021,4.229,2022,4.229,2023,4.229,2024,4.229,2025,4.229)",Share,%,
Key\Industry\Subsector_share\Mining,Activity Level,Regional Aspiration Scenario,Timor Leste,0,Share,%,
Key\Industry\Subsector_share\Mining,Activity Level,Regional Aspiration Scenario,Vietnam,"Interp(2005,4.9,2006,4.9,2007,4.9,2008,4.9,2009,4.9,2010,4.9,2011,4.9,2012,4.9,2013,4.9,2014,4.9,2015,4.9,2016,4.9,2017,4.9,2018,4.9,2019,4.9,2020,4.9,2021,4.9,2022,4.9,2023,4.9,2024,4.9,2025,4.9)",Share,%,
Key\Industry\Subsector_share\Non Metallic Minerals,Activity Level,AMS Target Scenario,Base Template,0,Share,%,
Key\Industry\Subsector_share\Non Metallic Minerals,Activity Level,AMS Target Scenario,Brunei,"Interp(2005,0,2006,0,2007,0,2008,0,2009,0,2010,0,2011,0,2012,0,2013,0,2014,0,2015,0,2016,0,2017,0,2018,0,2019,0,2020,0,2021,0,2022,0,2023,0,2024,0,2025,0)",Share,%,
Key\Industry\Subsector_share\Non Metallic Minerals,Activity Level,AMS Target Scenario,Cambodia,"Interp(2005,0.577993280506,2006,0.577993280506,2007,0.577993280506,2008,0.577993280506,2009,0.577993280506,2010,0.577993280506,2011,0.566236396333,2012,0.589799073845,2013,0.58855985202,2014,0.565538541786,2015,0.552673038161,2016,0.560099950873,2017,0.554363902913,2018,0.550789713381,2019,0.551607309417,2020,0.551607309417,2021,0.551607309417,2022,0.551607309417,2023,0.551607309417,2024,0.551607309417,2025,0.551607309417)",Share,%,
Key\Industry\Subsector_share\Non Metallic Minerals,Activity Level,AMS Target Scenario,Indonesia,"Interp(2005,5.04781,2006,5.04781,2007,5.04781,2008,5.04781,2009,5.04781,2010,5.04781,2011,5.04781,2012,5.04781,2013,5.04781,2014,5.04781,2015,5.04781,2016,5.04781,2017,5.04781,2018,5.04781,2019,5.04781,2020,5.04781,2021,5.04781,2022,5.04781,2023,5.04781,2024,5.04781,2025,5.04781)",Share,%,
Key\Industry\Subsector_share\Non Metallic Minerals,Activity Level,AMS Target Scenario,Laos,"Interp(2005,0,2006,0,2007,0,2008,0,2009,0,2010,0,2011,0,2012,0,2013,0,2014,0,2015,0,2016,0,2017,0,2018,0,2019,0,2020,0,2021,0,2022,0,2023,0,2024,0,2025,0)",Share,%,
Key\Industry\Subsector_share\Non Metallic Minerals,Activity Level,AMS Target Scenario,Malaysia,"Interp(2005,0,2006,0,2007,0,2008,0,2009,0,2010,0,2011,0,2012,0,2013,0,2014,0,2015,0,2016,0,2017,0,2018,0,2019,0,2020,0,2021,0,2022,0,2023,0,2024,0,2025,0)",Share,%,
Key\Industry\Subsector_share\Non Metallic Minerals,Activity Level,AMS Target Scenario,Myanmar,"Interp(2005,8.622,2006,8.622,2007,8.622,2008,8.622,2009,8.622,2010,8.622,2011,8.622,2012,8.622,2013,8.622,2014,8.622,2015,8.622,2016,8.622,2017,8.622,2018,8.622,2019,8.622,2020,8.622,2021,8.622,2022,8.622,2023,8.622,2024,8.622,2025,8.622)",Share,%,
Key\Industry\Subsector_share\Non Metallic Minerals,Activity Level,AMS Target Scenario,Philippines,"Interp(2005,5.452839,2006,5.452839,2007,5.452839,2008,5.452839,2009,5.452839,2010,5.452839,2011,5.452839,2012,5.452839,2013,5.452839,2014,5.452839,2015,5.452839,2016,5.452839,2017,5.452839,2018,5.452839,2019,5.452839,2020,5.452839,2021,5.452839,2022,5.452839,2023,5.452839,2024,5.452839,2025,5.452839)",Share,%,
Key\Industry\Subsector_share\Non Metallic Minerals,Activity Level,AMS Target Scenario,Singapore,"Interp(2005,0.576163971311,2006,0.576163971311,2007,0.576163971311,2008,0.576163971311,2009,0.576163971311,2010,0.576163971311,2011,0.550847523263,2012,0.525531075215,2013,0.500214627167,2014,0.474898179119,2015,0.44958173107,2016,0.380478867735,2017,0.261558521685,2018,0.271802491123,2019,0.282046460562,2020,0.263262947573,2021,0.244479434585,2022,0.244479434585,2023,0.244479434585,2024,0.244479434585,2025,0.244479434585)",Share,%,
Key\Industry\Subsector_share\Non Metallic Minerals,Activity Level,AMS Target Scenario,Thailand,"Interp(2005,21.193033,2006,21.193033,2007,21.193033,2008,21.193033,2009,21.193033,2010,21.193033,2011,21.193033,2012,21.193033,2013,21.193033,2014,21.193033,2015,21.193033,2016,21.193033,2017,21.193033,2018,21.193033,2019,21.193033,2020,21.193033,2021,21.193033,2022,21.193033,2023,21.193033,2024,21.193033,2025,21.193033)",Share,%,
Key\Industry\Subsector_share\Non Metallic Minerals,Activity Level,AMS Target Scenario,Timor Leste,0,Share,%,
Key\Industry\Subsector_share\Non Metallic Minerals,Activity Level,AMS Target Scenario,Vietnam,"Interp(2005,22.180356,2006,22.180356,2007,22.180356,2008,22.180356,2009,22.180356,2010,22.180356,2011,22.180356,2012,22.180356,2013,22.180356,2014,22.180356,2015,22.180356,2016,22.180356,2017,22.180356,2018,22.180356,2019,22.180356,2020,22.180356,2021,22.180356,2022,22.180356,2023,22.180356,2024,22.180356,2025,22.180356)",Share,%,
Key\Industry\Subsector_share\Non Metallic Minerals,Activity Level,Baseline Simulation,Base Template,0,Share,%,
Key\Industry\Subsector_share\Non Metallic Minerals,Activity Level,Baseline Simulation,Brunei,"Interp(2005,0,2006,0,2007,0,2008,0,2009,0,2010,0,2011,0,2012,0,2013,0,2014,0,2015,0,2016,0,2017,0,2018,0,2019,0,2020,0,2021,0,2022,0,2023,0,2024,0,2025,0)",Share,%,
Key\Industry\Subsector_share\Non Metallic Minerals,Activity Level,Baseline Simulation,Cambodia,"Interp(2005,0.577993280506,2006,0.577993280506,2007,0.577993280506,2008,0.577993280506,2009,0.577993280506,2010,0.577993280506,2011,0.566236396333,2012,0.589799073845,2013,0.58855985202,2014,0.565538541786,2015,0.552673038161,2016,0.560099950873,2017,0.554363902913,2018,0.550789713381,2019,0.551607309417,2020,0.551607309417,2021,0.551607309417,2022,0.551607309417,2023,0.551607309417,2024,0.551607309417,2025,0.551607309417)",Share,%,
Key\Industry\Subsector_share\Non Metallic Minerals,Activity Level,Baseline Simulation,Indonesia,"Interp(2005,5.04781,2006,5.04781,2007,5.04781,2008,5.04781,2009,5.04781,2010,5.04781,2011,5.04781,2012,5.04781,2013,5.04781,2014,5.04781,2015,5.04781,2016,5.04781,2017,5.04781,2018,5.04781,2019,5.04781,2020,5.04781,2021,5.04781,2022,5.04781,2023,5.04781,2024,5.04781,2025,5.04781)",Share,%,
Key\Industry\Subsector_share\Non Metallic Minerals,Activity Level,Baseline Simulation,Laos,"Interp(2005,0,2006,0,2007,0,2008,0,2009,0,2010,0,2011,0,2012,0,2013,0,2014,0,2015,0,2016,0,2017,0,2018,0,2019,0,2020,0,2021,0,2022,0,2023,0,2024,0,2025,0)",Share,%,
Key\Industry\Subsector_share\Non Metallic Minerals,Activity Level,Baseline Simulation,Malaysia,"Interp(2005,0,2006,0,2007,0,2008,0,2009,0,2010,0,2011,0,2012,0,2013,0,2014,0,2015,0,2016,0,2017,0,2018,0,2019,0,2020,0,2021,0,2022,0,2023,0,2024,0,2025,0)",Share,%,
Key\Industry\Subsector_share\Non Metallic Minerals,Activity Level,Baseline Simulation,Myanmar,"Interp(2005,8.622,2006,8.622,2007,8.622,2008,8.622,2009,8.622,2010,8.622,2011,8.622,2012,8.622,2013,8.622,2014,8.622,2015,8.622,2016,8.622,2017,8.622,2018,8.622,2019,8.622,2020,8.622,2021,8.622,2022,8.622,2023,8.622,2024,8.622,2025,8.622)",Share,%,
Key\Industry\Subsector_share\Non Metallic Minerals,Activity Level,Baseline Simulation,Philippines,"Interp(2005,5.452839,2006,5.452839,2007,5.452839,2008,5.452839,2009,5.452839,2010,5.452839,2011,5.452839,2012,5.452839,2013,5.452839,2014,5.452839,2015,5.452839,2016,5.452839,2017,5.452839,2018,5.452839,2019,5.452839,2020,5.452839,2021,5.452839,2022,5.452839,2023,5.452839,2024,5.452839,2025,5.452839)",Share,%,
Key\Industry\Subsector_share\Non Metallic Minerals,Activity Level,Baseline Simulation,Singapore,"Interp(2005,0.576163971311,2006,0.576163971311,2007,0.576163971311,2008,0.576163971311,2009,0.576163971311,2010,0.576163971311,2011,0.550847523263,2012,0.525531075215,2013,0.500214627167,2014,0.474898179119,2015,0.44958173107,2016,0.380478867735,2017,0.261558521685,2018,0.271802491123,2019,0.282046460562,2020,0.263262947573,2021,0.244479434585,2022,0.244479434585,2023,0.244479434585,2024,0.244479434585,2025,0.244479434585)",Share,%,
Key\Industry\Subsector_share\Non Metallic Minerals,Activity Level,Baseline Simulation,Thailand,"Interp(2005,21.193033,2006,21.193033,2007,21.193033,2008,21.193033,2009,21.193033,2010,21.193033,2011,21.193033,2012,21.193033,2013,21.193033,2014,21.193033,2015,21.193033,2016,21.193033,2017,21.193033,2018,21.193033,2019,21.193033,2020,21.193033,2021,21.193033,2022,21.193033,2023,21.193033,2024,21.193033,2025,21.193033)",Share,%,
Key\Industry\Subsector_share\Non Metallic Minerals,Activity Level,Baseline Simulation,Timor Leste,0,Share,%,
Key\Industry\Subsector_share\Non Metallic Minerals,Activity Level,Baseline Simulation,Vietnam,"Interp(2005,22.180356,2006,22.180356,2007,22.180356,2008,22.180356,2009,22.180356,2010,22.180356,2011,22.180356,2012,22.180356,2013,22.180356,2014,22.180356,2015,22.180356,2016,22.180356,2017,22.180356,2018,22.180356,2019,22.180356,2020,22.180356,2021,22.180356,2022,22.180356,2023,22.180356,2024,22.180356,2025,22.180356)",Share,%,
Key\Industry\Subsector_share\Non Metallic Minerals,Activity Level,Current Accounts,Base Template,0,Share,%,
Key\Industry\Subsector_share\Non Metallic Minerals,Activity Level,Current Accounts,Brunei,"Interp(2005,0,2006,0,2007,0,2008,0,2009,0,2010,0,2011,0,2012,0,2013,0,2014,0,2015,0,2016,0,2017,0,2018,0,2019,0,2020,0,2021,0,2022,0,2023,0,2024,0,2025,0)",Share,%,
Key\Industry\Subsector_share\Non Metallic Minerals,Activity Level,Current Accounts,Cambodia,"Interp(2005,0.577993280506,2006,0.577993280506,2007,0.577993280506,2008,0.577993280506,2009,0.577993280506,2010,0.577993280506,2011,0.566236396333,2012,0.589799073845,2013,0.58855985202,2014,0.565538541786,2015,0.552673038161,2016,0.560099950873,2017,0.554363902913,2018,0.550789713381,2019,0.551607309417,2020,0.551607309417,2021,0.551607309417,2022,0.551607309417,2023,0.551607309417,2024,0.551607309417,2025,0.551607309417)",Share,%,
Key\Industry\Subsector_share\Non Metallic Minerals,Activity Level,Current Accounts,Indonesia,"Interp(2005,5.04781,2006,5.04781,2007,5.04781,2008,5.04781,2009,5.04781,2010,5.04781,2011,5.04781,2012,5.04781,2013,5.04781,2014,5.04781,2015,5.04781,2016,5.04781,2017,5.04781,2018,5.04781,2019,5.04781,2020,5.04781,2021,5.04781,2022,5.04781,2023,5.04781,2024,5.04781,2025,5.04781)",Share,%,
Key\Industry\Subsector_share\Non Metallic Minerals,Activity Level,Current Accounts,Laos,"Interp(2005,0,2006,0,2007,0,2008,0,2009,0,2010,0,2011,0,2012,0,2013,0,2014,0,2015,0,2016,0,2017,0,2018,0,2019,0,2020,0,2021,0,2022,0,2023,0,2024,0,2025,0)",Share,%,
Key\Industry\Subsector_share\Non Metallic Minerals,Activity Level,Current Accounts,Malaysia,"Interp(2005,0,2006,0,2007,0,2008,0,2009,0,2010,0,2011,0,2012,0,2013,0,2014,0,2015,0,2016,0,2017,0,2018,0,2019,0,2020,0,2021,0,2022,0,2023,0,2024,0,2025,0)",Share,%,
Key\Industry\Subsector_share\Non Metallic Minerals,Activity Level,Current Accounts,Myanmar,"Interp(2005,8.622,2006,8.622,2007,8.622,2008,8.622,2009,8.622,2010,8.622,2011,8.622,2012,8.622,2013,8.622,2014,8.622,2015,8.622,2016,8.622,2017,8.622,2018,8.622,2019,8.622,2020,8.622,2021,8.622,2022,8.622,2023,8.622,2024,8.622,2025,8.622)",Share,%,
Key\Industry\Subsector_share\Non Metallic Minerals,Activity Level,Current Accounts,Philippines,"Interp(2005,5.452839,2006,5.452839,2007,5.452839,2008,5.452839,2009,5.452839,2010,5.452839,2011,5.452839,2012,5.452839,2013,5.452839,2014,5.452839,2015,5.452839,2016,5.452839,2017,5.452839,2018,5.452839,2019,5.452839,2020,5.452839,2021,5.452839,2022,5.452839,2023,5.452839,2024,5.452839,2025,5.452839)",Share,%,
Key\Industry\Subsector_share\Non Metallic Minerals,Activity Level,Current Accounts,Singapore,"Interp(2005,0.576163971311,2006,0.576163971311,2007,0.576163971311,2008,0.576163971311,2009,0.576163971311,2010,0.576163971311,2011,0.550847523263,2012,0.525531075215,2013,0.500214627167,2014,0.474898179119,2015,0.44958173107,2016,0.380478867735,2017,0.261558521685,2018,0.271802491123,2019,0.282046460562,2020,0.263262947573,2021,0.244479434585,2022,0.244479434585,2023,0.244479434585,2024,0.244479434585,2025,0.244479434585)",Share,%,
Key\Industry\Subsector_share\Non Metallic Minerals,Activity Level,Current Accounts,Thailand,"Interp(2005,21.193033,2006,21.193033,2007,21.193033,2008,21.193033,2009,21.193033,2010,21.193033,2011,21.193033,2012,21.193033,2013,21.193033,2014,21.193033,2015,21.193033,2016,21.193033,2017,21.193033,2018,21.193033,2019,21.193033,2020,21.193033,2021,21.193033,2022,21.193033,2023,21.193033,2024,21.193033,2025,21.193033)",Share,%,
Key\Industry\Subsector_share\Non Metallic Minerals,Activity Level,Current Accounts,Timor Leste,0,Share,%,
Key\Industry\Subsector_share\Non Metallic Minerals,Activity Level,Current Accounts,Vietnam,"Interp(2005,22.180356,2006,22.180356,2007,22.180356,2008,22.180356,2009,22.180356,2010,22.180356,2011,22.180356,2012,22.180356,2013,22.180356,2014,22.180356,2015,22.180356,2016,22.180356,2017,22.180356,2018,22.180356,2019,22.180356,2020,22.180356,2021,22.180356,2022,22.180356,2023,22.180356,2024,22.180356,2025,22.180356)",Share,%,
Key\Industry\Subsector_share\Non Metallic Minerals,Activity Level,Regional Aspiration Scenario,Base Template,0,Share,%,
Key\Industry\Subsector_share\Non Metallic Minerals,Activity Level,Regional Aspiration Scenario,Brunei,"Interp(2005,0,2006,0,2007,0,2008,0,2009,0,2010,0,2011,0,2012,0,2013,0,2014,0,2015,0,2016,0,2017,0,2018,0,2019,0,2020,0,2021,0,2022,0,2023,0,2024,0,2025,0)",Share,%,
Key\Industry\Subsector_share\Non Metallic Minerals,Activity Level,Regional Aspiration Scenario,Cambodia,"Interp(2005,0.577993280506,2006,0.577993280506,2007,0.577993280506,2008,0.577993280506,2009,0.577993280506,2010,0.577993280506,2011,0.566236396333,2012,0.589799073845,2013,0.58855985202,2014,0.565538541786,2015,0.552673038161,2016,0.560099950873,2017,0.554363902913,2018,0.550789713381,2019,0.551607309417,2020,0.551607309417,2021,0.551607309417,2022,0.551607309417,2023,0.551607309417,2024,0.551607309417,2025,0.551607309417)",Share,%,
Key\Industry\Subsector_share\Non Metallic Minerals,Activity Level,Regional Aspiration Scenario,Indonesia,"Interp(2005,5.04781,2006,5.04781,2007,5.04781,2008,5.04781,2009,5.04781,2010,5.04781,2011,5.04781,2012,5.04781,2013,5.04781,2014,5.04781,2015,5.04781,2016,5.04781,2017,5.04781,2018,5.04781,2019,5.04781,2020,5.04781,2021,5.04781,2022,5.04781,2023,5.04781,2024,5.04781,2025,5.04781)",Share,%,
Key\Industry\Subsector_share\Non Metallic Minerals,Activity Level,Regional Aspiration Scenario,Laos,"Interp(2005,0,2006,0,2007,0,2008,0,2009,0,2010,0,2011,0,2012,0,2013,0,2014,0,2015,0,2016,0,2017,0,2018,0,2019,0,2020,0,2021,0,2022,0,2023,0,2024,0,2025,0)",Share,%,
Key\Industry\Subsector_share\Non Metallic Minerals,Activity Level,Regional Aspiration Scenario,Malaysia,"Interp(2005,0,2006,0,2007,0,2008,0,2009,0,2010,0,2011,0,2012,0,2013,0,2014,0,2015,0,2016,0,2017,0,2018,0,2019,0,2020,0,2021,0,2022,0,2023,0,2024,0,2025,0)",Share,%,
Key\Industry\Subsector_share\Non Metallic Minerals,Activity Level,Regional Aspiration Scenario,Myanmar,"Interp(2005,8.622,2006,8.622,2007,8.622,2008,8.622,2009,8.622,2010,8.622,2011,8.622,2012,8.622,2013,8.622,2014,8.622,2015,8.622,2016,8.622,2017,8.622,2018,8.622,2019,8.622,2020,8.622,2021,8.622,2022,8.622,2023,8.622,2024,8.622,2025,8.622)",Share,%,
Key\Industry\Subsector_share\Non Metallic Minerals,Activity Level,Regional Aspiration Scenario,Philippines,"Interp(2005,5.452839,2006,5.452839,2007,5.452839,2008,5.452839,2009,5.452839,2010,5.452839,2011,5.452839,2012,5.452839,2013,5.452839,2014,5.452839,2015,5.452839,2016,5.452839,2017,5.452839,2018,5.452839,2019,5.452839,2020,5.452839,2021,5.452839,2022,5.452839,2023,5.452839,2024,5.452839,2025,5.452839)",Share,%,
Key\Industry\Subsector_share\Non Metallic Minerals,Activity Level,Regional Aspiration Scenario,Singapore,"Interp(2005,0.576163971311,2006,0.576163971311,2007,0.576163971311,2008,0.576163971311,2009,0.576163971311,2010,0.576163971311,2011,0.550847523263,2012,0.525531075215,2013,0.500214627167,2014,0.474898179119,2015,0.44958173107,2016,0.380478867735,2017,0.261558521685,2018,0.271802491123,2019,0.282046460562,2020,0.263262947573,2021,0.244479434585,2022,0.244479434585,2023,0.244479434585,2024,0.244479434585,2025,0.244479434585)",Share,%,
Key\Industry\Subsector_share\Non Metallic Minerals,Activity Level,Regional Aspiration Scenario,Thailand,"Interp(2005,21.193033,2006,21.193033,2007,21.193033,2008,21.193033,2009,21.193033,2010,21.193033,2011,21.193033,2012,21.193033,2013,21.193033,2014,21.193033,2015,21.193033,2016,21.193033,2017,21.193033,2018,21.193033,2019,21.193033,2020,21.193033,2021,21.193033,2022,21.193033,2023,21.193033,2024,21.193033,2025,21.193033)",Share,%,
Key\Industry\Subsector_share\Non Metallic Minerals,Activity Level,Regional Aspiration Scenario,Timor Leste,0,Share,%,
Key\Industry\Subsector_share\Non Metallic Minerals,Activity Level,Regional Aspiration Scenario,Vietnam,"Interp(2005,22.180356,2006,22.180356,2007,22.180356,2008,22.180356,2009,22.180356,2010,22.180356,2011,22.180356,2012,22.180356,2013,22.180356,2014,22.180356,2015,22.180356,2016,22.180356,2017,22.180356,2018,22.180356,2019,22.180356,2020,22.180356,2021,22.180356,2022,22.180356,2023,22.180356,2024,22.180356,2025,22.180356)",Share,%,
Key\Industry\Subsector_share\Other Industry,Activity Level,AMS Target Scenario,Base Template,0,Share,%,
Key\Industry\Subsector_share\Other Industry,Activity Level,AMS Target Scenario,Brunei,"Interp(2005,64.1880216184,2006,64.1880216184,2007,64.1880216184,2008,64.1880216184,2009,64.1880216184,2010,64.1880216184,2011,64.1880216184,2012,64.1880216184,2013,64.1880216184,2014,64.1880216184,2015,64.1880216184,2016,64.1880216184,2017,64.1880216184,2018,64.1880216184,2019,64.2829690127,2020,64.4372837017,2021,64.26912467,2022,64.2374704237,2023,64.1528719745,2024,64.2209155817,2025,64.2209155817)",Share,%,
Key\Industry\Subsector_share\Other Industry,Activity Level,AMS Target Scenario,Cambodia,"Interp(2005,66.0176649048,2006,66.0176649048,2007,66.0176649048,2008,66.0176649048,2009,66.0176649048,2010,66.0176649048,2011,63.8590521324,2012,62.2132157148,2013,60.9468363836,2014,61.2497602274,2015,59.741007243,2016,59.4887751223,2017,59.3005687827,2018,58.0216977751,2019,56.9071609795,2020,56.9071609795,2021,56.9071609795,2022,56.9071609795,2023,56.9071609795,2024,56.9071609795,2025,56.9071609795)",Share,%,
Key\Industry\Subsector_share\Other Industry,Activity Level,AMS Target Scenario,Indonesia,"Interp(2005,38.083,2006,38.083,2007,38.083,2008,38.083,2009,38.083,2010,38.083,2011,38.083,2012,38.083,2013,38.083,2014,38.083,2015,38.083,2016,38.083,2017,38.083,2018,38.083,2019,38.083,2020,38.083,2021,38.083,2022,38.083,2023,38.083,2024,38.083,2025,38.083)",Share,%,
Key\Industry\Subsector_share\Other Industry,Activity Level,AMS Target Scenario,Laos,"Interp(2005,16.2149496212,2006,16.2149496212,2007,16.2149496212,2008,16.2149496212,2009,16.2149496212,2010,16.2149496212,2011,16.2149496212,2012,16.2149496212,2013,16.2149496212,2014,16.2149496212,2015,16.2149496212,2016,17.8619222582,2017,21.5490313179,2018,24.3963603865,2019,25.0894557291,2020,25.3890467,2021,29.3338250449,2022,29.3338250449,2023,29.3338250449,2024,29.3338250449,2025,29.3338250449)",Share,%,
Key\Industry\Subsector_share\Other Industry,Activity Level,AMS Target Scenario,Malaysia,"Interp(2005,27.9858860848,2006,27.9858860848,2007,27.9858860848,2008,27.9858860848,2009,27.9858860848,2010,27.9858860848,2011,27.9858860848,2012,27.9858860848,2013,27.9858860848,2014,27.9858860848,2015,27.9858860848,2016,27.9858860848,2017,27.9858860848,2018,25.5387494927,2019,26.6162607144,2020,32.1495157424,2021,23.4120115276,2022,36.5353882143,2023,36.5353882143,2024,36.5353882143,2025,36.5353882143)",Share,%,
Key\Industry\Subsector_share\Other Industry,Activity Level,AMS Target Scenario,Myanmar,"Interp(2005,63.742,2006,63.742,2007,63.742,2008,63.742,2009,63.742,2010,63.742,2011,63.742,2012,63.742,2013,63.742,2014,63.742,2015,63.742,2016,63.742,2017,63.742,2018,63.742,2019,63.742,2020,63.742,2021,63.742,2022,63.742,2023,63.742,2024,63.742,2025,63.742)",Share,%,
Key\Industry\Subsector_share\Other Industry,Activity Level,AMS Target Scenario,Philippines,"Interp(2005,11.57,2006,11.57,2007,11.57,2008,11.57,2009,11.57,2010,11.57,2011,11.57,2012,11.57,2013,11.57,2014,11.57,2015,11.57,2016,11.57,2017,11.57,2018,11.57,2019,11.57,2020,11.57,2021,11.57,2022,11.57,2023,11.57,2024,11.57,2025,11.57)",Share,%,
Key\Industry\Subsector_share\Other Industry,Activity Level,AMS Target Scenario,Singapore,"Interp(2005,54.4652453095,2006,54.4652453095,2007,54.4652453095,2008,54.4652453095,2009,54.4652453095,2010,54.4652453095,2011,53.5475966514,2012,52.6299479933,2013,51.7122993351,2014,50.794650677,2015,49.8770020189,2016,45.7538234683,2017,54.8682176358,2018,59.3857935264,2019,63.9033694169,2020,65.1848739474,2021,66.4663784779,2022,66.4663784779,2023,66.4663784779,2024,66.4663784779,2025,66.4663784779)",Share,%,
Key\Industry\Subsector_share\Other Industry,Activity Level,AMS Target Scenario,Thailand,"Interp(2005,11.391,2006,11.391,2007,11.391,2008,11.391,2009,11.391,2010,11.391,2011,11.391,2012,11.391,2013,11.391,2014,11.391,2015,11.391,2016,11.391,2017,11.391,2018,11.391,2019,11.391,2020,11.391,2021,11.391,2022,11.391,2023,11.391,2024,11.391,2025,11.391)",Share,%,
Key\Industry\Subsector_share\Other Industry,Activity Level,AMS Target Scenario,Timor Leste,0,Share,%,
Key\Industry\Subsector_share\Other Industry,Activity Level,AMS Target Scenario,Vietnam,"Interp(2005,17.48,2006,17.48,2007,17.48,2008,17.48,2009,17.48,2010,17.48,2011,17.48,2012,17.48,2013,17.48,2014,17.48,2015,17.48,2016,17.48,2017,17.48,2018,17.48,2019,17.48,2020,17.48,2021,17.48,2022,17.48,2023,17.48,2024,17.48,2025,17.48)",Share,%,
Key\Industry\Subsector_share\Other Industry,Activity Level,Baseline Simulation,Base Template,0,Share,%,
Key\Industry\Subsector_share\Other Industry,Activity Level,Baseline Simulation,Brunei,"Interp(2005,64.1880216184,2006,64.1880216184,2007,64.1880216184,2008,64.1880216184,2009,64.1880216184,2010,64.1880216184,2011,64.1880216184,2012,64.1880216184,2013,64.1880216184,2014,64.1880216184,2015,64.1880216184,2016,64.1880216184,2017,64.1880216184,2018,64.1880216184,2019,64.2829690127,2020,64.4372837017,2021,64.26912467,2022,64.2374704237,2023,64.1528719745,2024,64.2209155817,2025,64.2209155817)",Share,%,
Key\Industry\Subsector_share\Other Industry,Activity Level,Baseline Simulation,Cambodia,"Interp(2005,66.0176649048,2006,66.0176649048,2007,66.0176649048,2008,66.0176649048,2009,66.0176649048,2010,66.0176649048,2011,63.8590521324,2012,62.2132157148,2013,60.9468363836,2014,61.2497602274,2015,59.741007243,2016,59.4887751223,2017,59.3005687827,2018,58.0216977751,2019,56.9071609795,2020,56.9071609795,2021,56.9071609795,2022,56.9071609795,2023,56.9071609795,2024,56.9071609795,2025,56.9071609795)",Share,%,
Key\Industry\Subsector_share\Other Industry,Activity Level,Baseline Simulation,Indonesia,"Interp(2005,38.083,2006,38.083,2007,38.083,2008,38.083,2009,38.083,2010,38.083,2011,38.083,2012,38.083,2013,38.083,2014,38.083,2015,38.083,2016,38.083,2017,38.083,2018,38.083,2019,38.083,2020,38.083,2021,38.083,2022,38.083,2023,38.083,2024,38.083,2025,38.083)",Share,%,
Key\Industry\Subsector_share\Other Industry,Activity Level,Baseline Simulation,Laos,"Interp(2005,16.2149496212,2006,16.2149496212,2007,16.2149496212,2008,16.2149496212,2009,16.2149496212,2010,16.2149496212,2011,16.2149496212,2012,16.2149496212,2013,16.2149496212,2014,16.2149496212,2015,16.2149496212,2016,17.8619222582,2017,21.5490313179,2018,24.3963603865,2019,25.0894557291,2020,25.3890467,2021,29.3338250449,2022,29.3338250449,2023,29.3338250449,2024,29.3338250449,2025,29.3338250449)",Share,%,
Key\Industry\Subsector_share\Other Industry,Activity Level,Baseline Simulation,Malaysia,"Interp(2005,27.9858860848,2006,27.9858860848,2007,27.9858860848,2008,27.9858860848,2009,27.9858860848,2010,27.9858860848,2011,27.9858860848,2012,27.9858860848,2013,27.9858860848,2014,27.9858860848,2015,27.9858860848,2016,27.9858860848,2017,27.9858860848,2018,25.5387494927,2019,26.6162607144,2020,32.1495157424,2021,23.4120115276,2022,36.5353882143,2023,36.5353882143,2024,36.5353882143,2025,36.5353882143)",Share,%,
Key\Industry\Subsector_share\Other Industry,Activity Level,Baseline Simulation,Myanmar,"Interp(2005,63.742,2006,63.742,2007,63.742,2008,63.742,2009,63.742,2010,63.742,2011,63.742,2012,63.742,2013,63.742,2014,63.742,2015,63.742,2016,63.742,2017,63.742,2018,63.742,2019,63.742,2020,63.742,2021,63.742,2022,63.742,2023,63.742,2024,63.742,2025,63.742)",Share,%,
Key\Industry\Subsector_share\Other Industry,Activity Level,Baseline Simulation,Philippines,"Interp(2005,11.57,2006,11.57,2007,11.57,2008,11.57,2009,11.57,2010,11.57,2011,11.57,2012,11.57,2013,11.57,2014,11.57,2015,11.57,2016,11.57,2017,11.57,2018,11.57,2019,11.57,2020,11.57,2021,11.57,2022,11.57,2023,11.57,2024,11.57,2025,11.57)",Share,%,
Key\Industry\Subsector_share\Other Industry,Activity Level,Baseline Simulation,Singapore,"Interp(2005,54.4652453095,2006,54.4652453095,2007,54.4652453095,2008,54.4652453095,2009,54.4652453095,2010,54.4652453095,2011,53.5475966514,2012,52.6299479933,2013,51.7122993351,2014,50.794650677,2015,49.8770020189,2016,45.7538234683,2017,54.8682176358,2018,59.3857935264,2019,63.9033694169,2020,65.1848739474,2021,66.4663784779,2022,66.4663784779,2023,66.4663784779,2024,66.4663784779,2025,66.4663784779)",Share,%,
Key\Industry\Subsector_share\Other Industry,Activity Level,Baseline Simulation,Thailand,"Interp(2005,11.391,2006,11.391,2007,11.391,2008,11.391,2009,11.391,2010,11.391,2011,11.391,2012,11.391,2013,11.391,2014,11.391,2015,11.391,2016,11.391,2017,11.391,2018,11.391,2019,11.391,2020,11.391,2021,11.391,2022,11.391,2023,11.391,2024,11.391,2025,11.391)",Share,%,
Key\Industry\Subsector_share\Other Industry,Activity Level,Baseline Simulation,Timor Leste,0,Share,%,
Key\Industry\Subsector_share\Other Industry,Activity Level,Baseline Simulation,Vietnam,"Interp(2005,17.48,2006,17.48,2007,17.48,2008,17.48,2009,17.48,2010,17.48,2011,17.48,2012,17.48,2013,17.48,2014,17.48,2015,17.48,2016,17.48,2017,17.48,2018,17.48,2019,17.48,2020,17.48,2021,17.48,2022,17.48,2023,17.48,2024,17.48,2025,17.48)",Share,%,
Key\Industry\Subsector_share\Other Industry,Activity Level,Current Accounts,Base Template,0,Share,%,
Key\Industry\Subsector_share\Other Industry,Activity Level,Current Accounts,Brunei,"Interp(2005,64.1880216184,2006,64.1880216184,2007,64.1880216184,2008,64.1880216184,2009,64.1880216184,2010,64.1880216184,2011,64.1880216184,2012,64.1880216184,2013,64.1880216184,2014,64.1880216184,2015,64.1880216184,2016,64.1880216184,2017,64.1880216184,2018,64.1880216184,2019,64.2829690127,2020,64.4372837017,2021,64.26912467,2022,64.2374704237,2023,64.1528719745,2024,64.2209155817,2025,64.2209155817)",Share,%,
Key\Industry\Subsector_share\Other Industry,Activity Level,Current Accounts,Cambodia,"Interp(2005,66.0176649048,2006,66.0176649048,2007,66.0176649048,2008,66.0176649048,2009,66.0176649048,2010,66.0176649048,2011,63.8590521324,2012,62.2132157148,2013,60.9468363836,2014,61.2497602274,2015,59.741007243,2016,59.4887751223,2017,59.3005687827,2018,58.0216977751,2019,56.9071609795,2020,56.9071609795,2021,56.9071609795,2022,56.9071609795,2023,56.9071609795,2024,56.9071609795,2025,56.9071609795)",Share,%,
Key\Industry\Subsector_share\Other Industry,Activity Level,Current Accounts,Indonesia,"Interp(2005,38.083,2006,38.083,2007,38.083,2008,38.083,2009,38.083,2010,38.083,2011,38.083,2012,38.083,2013,38.083,2014,38.083,2015,38.083,2016,38.083,2017,38.083,2018,38.083,2019,38.083,2020,38.083,2021,38.083,2022,38.083,2023,38.083,2024,38.083,2025,38.083)",Share,%,
Key\Industry\Subsector_share\Other Industry,Activity Level,Current Accounts,Laos,"Interp(2005,16.2149496212,2006,16.2149496212,2007,16.2149496212,2008,16.2149496212,2009,16.2149496212,2010,16.2149496212,2011,16.2149496212,2012,16.2149496212,2013,16.2149496212,2014,16.2149496212,2015,16.2149496212,2016,17.8619222582,2017,21.5490313179,2018,24.3963603865,2019,25.0894557291,2020,25.3890467,2021,29.3338250449,2022,29.3338250449,2023,29.3338250449,2024,29.3338250449,2025,29.3338250449)",Share,%,
Key\Industry\Subsector_share\Other Industry,Activity Level,Current Accounts,Malaysia,"Interp(2005,27.9858860848,2006,27.9858860848,2007,27.9858860848,2008,27.9858860848,2009,27.9858860848,2010,27.9858860848,2011,27.9858860848,2012,27.9858860848,2013,27.9858860848,2014,27.9858860848,2015,27.9858860848,2016,27.9858860848,2017,27.9858860848,2018,25.5387494927,2019,26.6162607144,2020,32.1495157424,2021,23.4120115276,2022,36.5353882143,2023,36.5353882143,2024,36.5353882143,2025,36.5353882143)",Share,%,
Key\Industry\Subsector_share\Other Industry,Activity Level,Current Accounts,Myanmar,"Interp(2005,63.742,2006,63.742,2007,63.742,2008,63.742,2009,63.742,2010,63.742,2011,63.742,2012,63.742,2013,63.742,2014,63.742,2015,63.742,2016,63.742,2017,63.742,2018,63.742,2019,63.742,2020,63.742,2021,63.742,2022,63.742,2023,63.742,2024,63.742,2025,63.742)",Share,%,
Key\Industry\Subsector_share\Other Industry,Activity Level,Current Accounts,Philippines,"Interp(2005,11.57,2006,11.57,2007,11.57,2008,11.57,2009,11.57,2010,11.57,2011,11.57,2012,11.57,2013,11.57,2014,11.57,2015,11.57,2016,11.57,2017,11.57,2018,11.57,2019,11.57,2020,11.57,2021,11.57,2022,11.57,2023,11.57,2024,11.57,2025,11.57)",Share,%,
Key\Industry\Subsector_share\Other Industry,Activity Level,Current Accounts,Singapore,"Interp(2005,54.4652453095,2006,54.4652453095,2007,54.4652453095,2008,54.4652453095,2009,54.4652453095,2010,54.4652453095,2011,53.5475966514,2012,52.6299479933,2013,51.7122993351,2014,50.794650677,2015,49.8770020189,2016,45.7538234683,2017,54.8682176358,2018,59.3857935264,2019,63.9033694169,2020,65.1848739474,2021,66.4663784779,2022,66.4663784779,2023,66.4663784779,2024,66.4663784779,2025,66.4663784779)",Share,%,
Key\Industry\Subsector_share\Other Industry,Activity Level,Current Accounts,Thailand,"Interp(2005,11.391,2006,11.391,2007,11.391,2008,11.391,2009,11.391,2010,11.391,2011,11.391,2012,11.391,2013,11.391,2014,11.391,2015,11.391,2016,11.391,2017,11.391,2018,11.391,2019,11.391,2020,11.391,2021,11.391,2022,11.391,2023,11.391,2024,11.391,2025,11.391)",Share,%,
Key\Industry\Subsector_share\Other Industry,Activity Level,Current Accounts,Timor Leste,0,Share,%,
Key\Industry\Subsector_share\Other Industry,Activity Level,Current Accounts,Vietnam,"Interp(2005,17.48,2006,17.48,2007,17.48,2008,17.48,2009,17.48,2010,17.48,2011,17.48,2012,17.48,2013,17.48,2014,17.48,2015,17.48,2016,17.48,2017,17.48,2018,17.48,2019,17.48,2020,17.48,2021,17.48,2022,17.48,2023,17.48,2024,17.48,2025,17.48)",Share,%,
Key\Industry\Subsector_share\Other Industry,Activity Level,Regional Aspiration Scenario,Base Template,0,Share,%,
Key\Industry\Subsector_share\Other Industry,Activity Level,Regional Aspiration Scenario,Brunei,"Interp(2005,64.1880216184,2006,64.1880216184,2007,64.1880216184,2008,64.1880216184,2009,64.1880216184,2010,64.1880216184,2011,64.1880216184,2012,64.1880216184,2013,64.1880216184,2014,64.1880216184,2015,64.1880216184,2016,64.1880216184,2017,64.1880216184,2018,64.1880216184,2019,64.2829690127,2020,64.4372837017,2021,64.26912467,2022,64.2374704237,2023,64.1528719745,2024,64.2209155817,2025,64.2209155817)",Share,%,
Key\Industry\Subsector_share\Other Industry,Activity Level,Regional Aspiration Scenario,Cambodia,"Interp(2005,66.0176649048,2006,66.0176649048,2007,66.0176649048,2008,66.0176649048,2009,66.0176649048,2010,66.0176649048,2011,63.8590521324,2012,62.2132157148,2013,60.9468363836,2014,61.2497602274,2015,59.741007243,2016,59.4887751223,2017,59.3005687827,2018,58.0216977751,2019,56.9071609795,2020,56.9071609795,2021,56.9071609795,2022,56.9071609795,2023,56.9071609795,2024,56.9071609795,2025,56.9071609795)",Share,%,
Key\Industry\Subsector_share\Other Industry,Activity Level,Regional Aspiration Scenario,Indonesia,"Interp(2005,38.083,2006,38.083,2007,38.083,2008,38.083,2009,38.083,2010,38.083,2011,38.083,2012,38.083,2013,38.083,2014,38.083,2015,38.083,2016,38.083,2017,38.083,2018,38.083,2019,38.083,2020,38.083,2021,38.083,2022,38.083,2023,38.083,2024,38.083,2025,38.083)",Share,%,
Key\Industry\Subsector_share\Other Industry,Activity Level,Regional Aspiration Scenario,Laos,"Interp(2005,16.2149496212,2006,16.2149496212,2007,16.2149496212,2008,16.2149496212,2009,16.2149496212,2010,16.2149496212,2011,16.2149496212,2012,16.2149496212,2013,16.2149496212,2014,16.2149496212,2015,16.2149496212,2016,17.8619222582,2017,21.5490313179,2018,24.3963603865,2019,25.0894557291,2020,25.3890467,2021,29.3338250449,2022,29.3338250449,2023,29.3338250449,2024,29.3338250449,2025,29.3338250449)",Share,%,
Key\Industry\Subsector_share\Other Industry,Activity Level,Regional Aspiration Scenario,Malaysia,"Interp(2005,27.9858860848,2006,27.9858860848,2007,27.9858860848,2008,27.9858860848,2009,27.9858860848,2010,27.9858860848,2011,27.9858860848,2012,27.9858860848,2013,27.9858860848,2014,27.9858860848,2015,27.9858860848,2016,27.9858860848,2017,27.9858860848,2018,25.5387494927,2019,26.6162607144,2020,32.1495157424,2021,23.4120115276,2022,36.5353882143,2023,36.5353882143,2024,36.5353882143,2025,36.5353882143)",Share,%,
Key\Industry\Subsector_share\Other Industry,Activity Level,Regional Aspiration Scenario,Myanmar,"Interp(2005,63.742,2006,63.742,2007,63.742,2008,63.742,2009,63.742,2010,63.742,2011,63.742,2012,63.742,2013,63.742,2014,63.742,2015,63.742,2016,63.742,2017,63.742,2018,63.742,2019,63.742,2020,63.742,2021,63.742,2022,63.742,2023,63.742,2024,63.742,2025,63.742)",Share,%,
Key\Industry\Subsector_share\Other Industry,Activity Level,Regional Aspiration Scenario,Philippines,"Interp(2005,11.57,2006,11.57,2007,11.57,2008,11.57,2009,11.57,2010,11.57,2011,11.57,2012,11.57,2013,11.57,2014,11.57,2015,11.57,2016,11.57,2017,11.57,2018,11.57,2019,11.57,2020,11.57,2021,11.57,2022,11.57,2023,11.57,2024,11.57,2025,11.57)",Share,%,
Key\Industry\Subsector_share\Other Industry,Activity Level,Regional Aspiration Scenario,Singapore,"Interp(2005,54.4652453095,2006,54.4652453095,2007,54.4652453095,2008,54.4652453095,2009,54.4652453095,2010,54.4652453095,2011,53.5475966514,2012,52.6299479933,2013,51.7122993351,2014,50.794650677,2015,49.8770020189,2016,45.7538234683,2017,54.8682176358,2018,59.3857935264,2019,63.9033694169,2020,65.1848739474,2021,66.4663784779,2022,66.4663784779,2023,66.4663784779,2024,66.4663784779,2025,66.4663784779)",Share,%,
Key\Industry\Subsector_share\Other Industry,Activity Level,Regional Aspiration Scenario,Thailand,"Interp(2005,11.391,2006,11.391,2007,11.391,2008,11.391,2009,11.391,2010,11.391,2011,11.391,2012,11.391,2013,11.391,2014,11.391,2015,11.391,2016,11.391,2017,11.391,2018,11.391,2019,11.391,2020,11.391,2021,11.391,2022,11.391,2023,11.391,2024,11.391,2025,11.391)",Share,%,
Key\Industry\Subsector_share\Other Industry,Activity Level,Regional Aspiration Scenario,Timor Leste,0,Share,%,
Key\Industry\Subsector_share\Other Industry,Activity Level,Regional Aspiration Scenario,Vietnam,"Interp(2005,17.48,2006,17.48,2007,17.48,2008,17.48,2009,17.48,2010,17.48,2011,17.48,2012,17.48,2013,17.48,2014,17.48,2015,17.48,2016,17.48,2017,17.48,2018,17.48,2019,17.48,2020,17.48,2021,17.48,2022,17.48,2023,17.48,2024,17.48,2025,17.48)",Share,%,
Key\Industry\Subsector_share\Pulp and Paper,Activity Level,AMS Target Scenario,Base Template,0,Share,%,
Key\Industry\Subsector_share\Pulp and Paper,Activity Level,AMS Target Scenario,Brunei,"Interp(2005,0,2006,0,2007,0,2008,0,2009,0,2010,0,2011,0,2012,0,2013,0,2014,0,2015,0,2016,0,2017,0,2018,0,2019,0,2020,0,2021,0,2022,0,2023,0,2024,0,2025,0)",Share,%,
Key\Industry\Subsector_share\Pulp and Paper,Activity Level,AMS Target Scenario,Cambodia,"Interp(2005,0.555057039216,2006,0.555057039216,2007,0.555057039216,2008,0.555057039216,2009,0.555057039216,2010,0.555057039216,2011,0.524763177469,2012,0.52992920901,2013,0.514895911409,2014,0.488234712333,2015,0.474707785906,2016,0.462108327505,2017,0.445083052985,2018,0.431527982782,2019,0.409883611659,2020,0.409883611659,2021,0.409883611659,2022,0.409883611659,2023,0.409883611659,2024,0.409883611659,2025,0.409883611659)",Share,%,
Key\Industry\Subsector_share\Pulp and Paper,Activity Level,AMS Target Scenario,Indonesia,"Interp(2005,2.06,2006,2.06,2007,2.06,2008,2.06,2009,2.06,2010,2.06,2011,2.06,2012,2.06,2013,2.06,2014,2.06,2015,2.06,2016,2.06,2017,2.06,2018,2.06,2019,2.06,2020,2.06,2021,2.06,2022,2.06,2023,2.06,2024,2.06,2025,2.06)",Share,%,
Key\Industry\Subsector_share\Pulp and Paper,Activity Level,AMS Target Scenario,Laos,"Interp(2005,0,2006,0,2007,0,2008,0,2009,0,2010,0,2011,0,2012,0,2013,0,2014,0,2015,0,2016,0,2017,0,2018,0,2019,0,2020,0,2021,0,2022,0,2023,0,2024,0,2025,0)",Share,%,
Key\Industry\Subsector_share\Pulp and Paper,Activity Level,AMS Target Scenario,Malaysia,"Interp(2005,3.5815780024,2006,3.5815780024,2007,3.5815780024,2008,3.5815780024,2009,3.5815780024,2010,3.5815780024,2011,3.5815780024,2012,3.5815780024,2013,3.5815780024,2014,3.5815780024,2015,3.5815780024,2016,3.5815780024,2017,3.5815780024,2018,3.64487602897,2019,3.72891400328,2020,3.71323395319,2021,3.82366948907,2022,3.80363455376,2023,3.80363455376,2024,3.80363455376,2025,3.80363455376)",Share,%,
Key\Industry\Subsector_share\Pulp and Paper,Activity Level,AMS Target Scenario,Myanmar,"Interp(2005,0.03,2006,0.03,2007,0.03,2008,0.03,2009,0.03,2010,0.03,2011,0.03,2012,0.03,2013,0.03,2014,0.03,2015,0.03,2016,0.03,2017,0.03,2018,0.03,2019,0.03,2020,0.03,2021,0.03,2022,0.03,2023,0.03,2024,0.03,2025,0.03)",Share,%,
Key\Industry\Subsector_share\Pulp and Paper,Activity Level,AMS Target Scenario,Philippines,"Interp(2005,4.28,2006,4.28,2007,4.28,2008,4.28,2009,4.28,2010,4.28,2011,4.28,2012,4.28,2013,4.28,2014,4.28,2015,4.28,2016,4.28,2017,4.28,2018,4.28,2019,4.28,2020,4.28,2021,4.28,2022,4.28,2023,4.28,2024,4.28,2025,4.28)",Share,%,
Key\Industry\Subsector_share\Pulp and Paper,Activity Level,AMS Target Scenario,Singapore,"Interp(2005,2.10795145763,2006,2.10795145763,2007,2.10795145763,2008,2.10795145763,2009,2.10795145763,2010,2.10795145763,2011,1.99089382788,2012,1.87383619812,2013,1.75677856837,2014,1.63972093862,2015,1.52266330887,2016,1.39739186365,2017,1.16873452879,2018,1.04631771096,2019,0.92390089313,2020,0.770568178651,2021,0.617235464171,2022,0.617235464171,2023,0.617235464171,2024,0.617235464171,2025,0.617235464171)",Share,%,
Key\Industry\Subsector_share\Pulp and Paper,Activity Level,AMS Target Scenario,Thailand,"Interp(2005,4.82,2006,4.82,2007,4.82,2008,4.82,2009,4.82,2010,4.82,2011,4.82,2012,4.82,2013,4.82,2014,4.82,2015,4.82,2016,4.82,2017,4.82,2018,4.82,2019,4.82,2020,4.82,2021,4.82,2022,4.82,2023,4.82,2024,4.82,2025,4.82)",Share,%,
Key\Industry\Subsector_share\Pulp and Paper,Activity Level,AMS Target Scenario,Timor Leste,0,Share,%,
Key\Industry\Subsector_share\Pulp and Paper,Activity Level,AMS Target Scenario,Vietnam,"Interp(2005,3.96,2006,3.96,2007,3.96,2008,3.96,2009,3.96,2010,3.96,2011,3.96,2012,3.96,2013,3.96,2014,3.96,2015,3.96,2016,3.96,2017,3.96,2018,3.96,2019,3.96,2020,3.96,2021,3.96,2022,3.96,2023,3.96,2024,3.96,2025,3.96)",Share,%,
Key\Industry\Subsector_share\Pulp and Paper,Activity Level,Baseline Simulation,Base Template,0,Share,%,
Key\Industry\Subsector_share\Pulp and Paper,Activity Level,Baseline Simulation,Brunei,"Interp(2005,0,2006,0,2007,0,2008,0,2009,0,2010,0,2011,0,2012,0,2013,0,2014,0,2015,0,2016,0,2017,0,2018,0,2019,0,2020,0,2021,0,2022,0,2023,0,2024,0,2025,0)",Share,%,
Key\Industry\Subsector_share\Pulp and Paper,Activity Level,Baseline Simulation,Cambodia,"Interp(2005,0.555057039216,2006,0.555057039216,2007,0.555057039216,2008,0.555057039216,2009,0.555057039216,2010,0.555057039216,2011,0.524763177469,2012,0.52992920901,2013,0.514895911409,2014,0.488234712333,2015,0.474707785906,2016,0.462108327505,2017,0.445083052985,2018,0.431527982782,2019,0.409883611659,2020,0.409883611659,2021,0.409883611659,2022,0.409883611659,2023,0.409883611659,2024,0.409883611659,2025,0.409883611659)",Share,%,
Key\Industry\Subsector_share\Pulp and Paper,Activity Level,Baseline Simulation,Indonesia,"Interp(2005,2.06,2006,2.06,2007,2.06,2008,2.06,2009,2.06,2010,2.06,2011,2.06,2012,2.06,2013,2.06,2014,2.06,2015,2.06,2016,2.06,2017,2.06,2018,2.06,2019,2.06,2020,2.06,2021,2.06,2022,2.06,2023,2.06,2024,2.06,2025,2.06)",Share,%,
Key\Industry\Subsector_share\Pulp and Paper,Activity Level,Baseline Simulation,Laos,"Interp(2005,0,2006,0,2007,0,2008,0,2009,0,2010,0,2011,0,2012,0,2013,0,2014,0,2015,0,2016,0,2017,0,2018,0,2019,0,2020,0,2021,0,2022,0,2023,0,2024,0,2025,0)",Share,%,
Key\Industry\Subsector_share\Pulp and Paper,Activity Level,Baseline Simulation,Malaysia,"Interp(2005,3.5815780024,2006,3.5815780024,2007,3.5815780024,2008,3.5815780024,2009,3.5815780024,2010,3.5815780024,2011,3.5815780024,2012,3.5815780024,2013,3.5815780024,2014,3.5815780024,2015,3.5815780024,2016,3.5815780024,2017,3.5815780024,2018,3.64487602897,2019,3.72891400328,2020,3.71323395319,2021,3.82366948907,2022,3.80363455376,2023,3.80363455376,2024,3.80363455376,2025,3.80363455376)",Share,%,
Key\Industry\Subsector_share\Pulp and Paper,Activity Level,Baseline Simulation,Myanmar,"Interp(2005,0.03,2006,0.03,2007,0.03,2008,0.03,2009,0.03,2010,0.03,2011,0.03,2012,0.03,2013,0.03,2014,0.03,2015,0.03,2016,0.03,2017,0.03,2018,0.03,2019,0.03,2020,0.03,2021,0.03,2022,0.03,2023,0.03,2024,0.03,2025,0.03)",Share,%,
Key\Industry\Subsector_share\Pulp and Paper,Activity Level,Baseline Simulation,Philippines,"Interp(2005,4.28,2006,4.28,2007,4.28,2008,4.28,2009,4.28,2010,4.28,2011,4.28,2012,4.28,2013,4.28,2014,4.28,2015,4.28,2016,4.28,2017,4.28,2018,4.28,2019,4.28,2020,4.28,2021,4.28,2022,4.28,2023,4.28,2024,4.28,2025,4.28)",Share,%,
Key\Industry\Subsector_share\Pulp and Paper,Activity Level,Baseline Simulation,Singapore,"Interp(2005,2.10795145763,2006,2.10795145763,2007,2.10795145763,2008,2.10795145763,2009,2.10795145763,2010,2.10795145763,2011,1.99089382788,2012,1.87383619812,2013,1.75677856837,2014,1.63972093862,2015,1.52266330887,2016,1.39739186365,2017,1.16873452879,2018,1.04631771096,2019,0.92390089313,2020,0.770568178651,2021,0.617235464171,2022,0.617235464171,2023,0.617235464171,2024,0.617235464171,2025,0.617235464171)",Share,%,
Key\Industry\Subsector_share\Pulp and Paper,Activity Level,Baseline Simulation,Thailand,"Interp(2005,4.82,2006,4.82,2007,4.82,2008,4.82,2009,4.82,2010,4.82,2011,4.82,2012,4.82,2013,4.82,2014,4.82,2015,4.82,2016,4.82,2017,4.82,2018,4.82,2019,4.82,2020,4.82,2021,4.82,2022,4.82,2023,4.82,2024,4.82,2025,4.82)",Share,%,
Key\Industry\Subsector_share\Pulp and Paper,Activity Level,Baseline Simulation,Timor Leste,0,Share,%,
Key\Industry\Subsector_share\Pulp and Paper,Activity Level,Baseline Simulation,Vietnam,"Interp(2005,3.96,2006,3.96,2007,3.96,2008,3.96,2009,3.96,2010,3.96,2011,3.96,2012,3.96,2013,3.96,2014,3.96,2015,3.96,2016,3.96,2017,3.96,2018,3.96,2019,3.96,2020,3.96,2021,3.96,2022,3.96,2023,3.96,2024,3.96,2025,3.96)",Share,%,
Key\Industry\Subsector_share\Pulp and Paper,Activity Level,Current Accounts,Base Template,0,Share,%,
Key\Industry\Subsector_share\Pulp and Paper,Activity Level,Current Accounts,Brunei,"Interp(2005,0,2006,0,2007,0,2008,0,2009,0,2010,0,2011,0,2012,0,2013,0,2014,0,2015,0,2016,0,2017,0,2018,0,2019,0,2020,0,2021,0,2022,0,2023,0,2024,0,2025,0)",Share,%,
Key\Industry\Subsector_share\Pulp and Paper,Activity Level,Current Accounts,Cambodia,"Interp(2005,0.555057039216,2006,0.555057039216,2007,0.555057039216,2008,0.555057039216,2009,0.555057039216,2010,0.555057039216,2011,0.524763177469,2012,0.52992920901,2013,0.514895911409,2014,0.488234712333,2015,0.474707785906,2016,0.462108327505,2017,0.445083052985,2018,0.431527982782,2019,0.409883611659,2020,0.409883611659,2021,0.409883611659,2022,0.409883611659,2023,0.409883611659,2024,0.409883611659,2025,0.409883611659)",Share,%,
Key\Industry\Subsector_share\Pulp and Paper,Activity Level,Current Accounts,Indonesia,"Interp(2005,2.06,2006,2.06,2007,2.06,2008,2.06,2009,2.06,2010,2.06,2011,2.06,2012,2.06,2013,2.06,2014,2.06,2015,2.06,2016,2.06,2017,2.06,2018,2.06,2019,2.06,2020,2.06,2021,2.06,2022,2.06,2023,2.06,2024,2.06,2025,2.06)",Share,%,
Key\Industry\Subsector_share\Pulp and Paper,Activity Level,Current Accounts,Laos,"Interp(2005,0,2006,0,2007,0,2008,0,2009,0,2010,0,2011,0,2012,0,2013,0,2014,0,2015,0,2016,0,2017,0,2018,0,2019,0,2020,0,2021,0,2022,0,2023,0,2024,0,2025,0)",Share,%,
Key\Industry\Subsector_share\Pulp and Paper,Activity Level,Current Accounts,Malaysia,"Interp(2005,3.5815780024,2006,3.5815780024,2007,3.5815780024,2008,3.5815780024,2009,3.5815780024,2010,3.5815780024,2011,3.5815780024,2012,3.5815780024,2013,3.5815780024,2014,3.5815780024,2015,3.5815780024,2016,3.5815780024,2017,3.5815780024,2018,3.64487602897,2019,3.72891400328,2020,3.71323395319,2021,3.82366948907,2022,3.80363455376,2023,3.80363455376,2024,3.80363455376,2025,3.80363455376)",Share,%,
Key\Industry\Subsector_share\Pulp and Paper,Activity Level,Current Accounts,Myanmar,"Interp(2005,0.03,2006,0.03,2007,0.03,2008,0.03,2009,0.03,2010,0.03,2011,0.03,2012,0.03,2013,0.03,2014,0.03,2015,0.03,2016,0.03,2017,0.03,2018,0.03,2019,0.03,2020,0.03,2021,0.03,2022,0.03,2023,0.03,2024,0.03,2025,0.03)",Share,%,
Key\Industry\Subsector_share\Pulp and Paper,Activity Level,Current Accounts,Philippines,"Interp(2005,4.28,2006,4.28,2007,4.28,2008,4.28,2009,4.28,2010,4.28,2011,4.28,2012,4.28,2013,4.28,2014,4.28,2015,4.28,2016,4.28,2017,4.28,2018,4.28,2019,4.28,2020,4.28,2021,4.28,2022,4.28,2023,4.28,2024,4.28,2025,4.28)",Share,%,
Key\Industry\Subsector_share\Pulp and Paper,Activity Level,Current Accounts,Singapore,"Interp(2005,2.10795145763,2006,2.10795145763,2007,2.10795145763,2008,2.10795145763,2009,2.10795145763,2010,2.10795145763,2011,1.99089382788,2012,1.87383619812,2013,1.75677856837,2014,1.63972093862,2015,1.52266330887,2016,1.39739186365,2017,1.16873452879,2018,1.04631771096,2019,0.92390089313,2020,0.770568178651,2021,0.617235464171,2022,0.617235464171,2023,0.617235464171,2024,0.617235464171,2025,0.617235464171)",Share,%,
Key\Industry\Subsector_share\Pulp and Paper,Activity Level,Current Accounts,Thailand,"Interp(2005,4.82,2006,4.82,2007,4.82,2008,4.82,2009,4.82,2010,4.82,2011,4.82,2012,4.82,2013,4.82,2014,4.82,2015,4.82,2016,4.82,2017,4.82,2018,4.82,2019,4.82,2020,4.82,2021,4.82,2022,4.82,2023,4.82,2024,4.82,2025,4.82)",Share,%,
Key\Industry\Subsector_share\Pulp and Paper,Activity Level,Current Accounts,Timor Leste,0,Share,%,
Key\Industry\Subsector_share\Pulp and Paper,Activity Level,Current Accounts,Vietnam,"Interp(2005,3.96,2006,3.96,2007,3.96,2008,3.96,2009,3.96,2010,3.96,2011,3.96,2012,3.96,2013,3.96,2014,3.96,2015,3.96,2016,3.96,2017,3.96,2018,3.96,2019,3.96,2020,3.96,2021,3.96,2022,3.96,2023,3.96,2024,3.96,2025,3.96)",Share,%,
Key\Industry\Subsector_share\Pulp and Paper,Activity Level,Regional Aspiration Scenario,Base Template,0,Share,%,
Key\Industry\Subsector_share\Pulp and Paper,Activity Level,Regional Aspiration Scenario,Brunei,"Interp(2005,0,2006,0,2007,0,2008,0,2009,0,2010,0,2011,0,2012,0,2013,0,2014,0,2015,0,2016,0,2017,0,2018,0,2019,0,2020,0,2021,0,2022,0,2023,0,2024,0,2025,0)",Share,%,
Key\Industry\Subsector_share\Pulp and Paper,Activity Level,Regional Aspiration Scenario,Cambodia,"Interp(2005,0.555057039216,2006,0.555057039216,2007,0.555057039216,2008,0.555057039216,2009,0.555057039216,2010,0.555057039216,2011,0.524763177469,2012,0.52992920901,2013,0.514895911409,2014,0.488234712333,2015,0.474707785906,2016,0.462108327505,2017,0.445083052985,2018,0.431527982782,2019,0.409883611659,2020,0.409883611659,2021,0.409883611659,2022,0.409883611659,2023,0.409883611659,2024,0.409883611659,2025,0.409883611659)",Share,%,
Key\Industry\Subsector_share\Pulp and Paper,Activity Level,Regional Aspiration Scenario,Indonesia,"Interp(2005,2.06,2006,2.06,2007,2.06,2008,2.06,2009,2.06,2010,2.06,2011,2.06,2012,2.06,2013,2.06,2014,2.06,2015,2.06,2016,2.06,2017,2.06,2018,2.06,2019,2.06,2020,2.06,2021,2.06,2022,2.06,2023,2.06,2024,2.06,2025,2.06)",Share,%,
Key\Industry\Subsector_share\Pulp and Paper,Activity Level,Regional Aspiration Scenario,Laos,"Interp(2005,0,2006,0,2007,0,2008,0,2009,0,2010,0,2011,0,2012,0,2013,0,2014,0,2015,0,2016,0,2017,0,2018,0,2019,0,2020,0,2021,0,2022,0,2023,0,2024,0,2025,0)",Share,%,
Key\Industry\Subsector_share\Pulp and Paper,Activity Level,Regional Aspiration Scenario,Malaysia,"Interp(2005,3.5815780024,2006,3.5815780024,2007,3.5815780024,2008,3.5815780024,2009,3.5815780024,2010,3.5815780024,2011,3.5815780024,2012,3.5815780024,2013,3.5815780024,2014,3.5815780024,2015,3.5815780024,2016,3.5815780024,2017,3.5815780024,2018,3.64487602897,2019,3.72891400328,2020,3.71323395319,2021,3.82366948907,2022,3.80363455376,2023,3.80363455376,2024,3.80363455376,2025,3.80363455376)",Share,%,
Key\Industry\Subsector_share\Pulp and Paper,Activity Level,Regional Aspiration Scenario,Myanmar,"Interp(2005,0.03,2006,0.03,2007,0.03,2008,0.03,2009,0.03,2010,0.03,2011,0.03,2012,0.03,2013,0.03,2014,0.03,2015,0.03,2016,0.03,2017,0.03,2018,0.03,2019,0.03,2020,0.03,2021,0.03,2022,0.03,2023,0.03,2024,0.03,2025,0.03)",Share,%,
Key\Industry\Subsector_share\Pulp and Paper,Activity Level,Regional Aspiration Scenario,Philippines,"Interp(2005,4.28,2006,4.28,2007,4.28,2008,4.28,2009,4.28,2010,4.28,2011,4.28,2012,4.28,2013,4.28,2014,4.28,2015,4.28,2016,4.28,2017,4.28,2018,4.28,2019,4.28,2020,4.28,2021,4.28,2022,4.28,2023,4.28,2024,4.28,2025,4.28)",Share,%,
Key\Industry\Subsector_share\Pulp and Paper,Activity Level,Regional Aspiration Scenario,Singapore,"Interp(2005,2.10795145763,2006,2.10795145763,2007,2.10795145763,2008,2.10795145763,2009,2.10795145763,2010,2.10795145763,2011,1.99089382788,2012,1.87383619812,2013,1.75677856837,2014,1.63972093862,2015,1.52266330887,2016,1.39739186365,2017,1.16873452879,2018,1.04631771096,2019,0.92390089313,2020,0.770568178651,2021,0.617235464171,2022,0.617235464171,2023,0.617235464171,2024,0.617235464171,2025,0.617235464171)",Share,%,
Key\Industry\Subsector_share\Pulp and Paper,Activity Level,Regional Aspiration Scenario,Thailand,"Interp(2005,4.82,2006,4.82,2007,4.82,2008,4.82,2009,4.82,2010,4.82,2011,4.82,2012,4.82,2013,4.82,2014,4.82,2015,4.82,2016,4.82,2017,4.82,2018,4.82,2019,4.82,2020,4.82,2021,4.82,2022,4.82,2023,4.82,2024,4.82,2025,4.82)",Share,%,
Key\Industry\Subsector_share\Pulp and Paper,Activity Level,Regional Aspiration Scenario,Timor Leste,0,Share,%,
Key\Industry\Subsector_share\Pulp and Paper,Activity Level,Regional Aspiration Scenario,Vietnam,"Interp(2005,3.96,2006,3.96,2007,3.96,2008,3.96,2009,3.96,2010,3.96,2011,3.96,2012,3.96,2013,3.96,2014,3.96,2015,3.96,2016,3.96,2017,3.96,2018,3.96,2019,3.96,2020,3.96,2021,3.96,2022,3.96,2023,3.96,2024,3.96,2025,3.96)",Share,%,
Key\Industry\Subsector_share\Textile and Leather,Activity Level,AMS Target Scenario,Base Template,0,Share,%,
Key\Industry\Subsector_share\Textile and Leather,Activity Level,AMS Target Scenario,Brunei,"Interp(2005,0.470973197544,2006,0.470973197544,2007,0.470973197544,2008,0.470973197544,2009,0.470973197544,2010,0.470973197544,2011,0.470973197544,2012,0.470973197544,2013,0.470973197544,2014,0.470973197544,2015,0.470973197544,2016,0.470973197544,2017,0.470973197544,2018,0.470973197544,2019,0.410761470094,2020,0.268005559038,2021,0.336368759826,2022,0.348462034846,2023,0.426376522773,2024,0.427341453171,2025,0.427341453171)",Share,%,
Key\Industry\Subsector_share\Textile and Leather,Activity Level,AMS Target Scenario,Cambodia,"Interp(2005,21.5417178195,2006,21.5417178195,2007,21.5417178195,2008,21.5417178195,2009,21.5417178195,2010,21.5417178195,2011,23.8301730026,2012,24.2594310415,2013,24.944263971,2014,23.9879207622,2015,24.4301602932,2016,24.2360307186,2017,23.5209644986,2018,23.8036900292,2019,23.4,2020,23.4,2021,23.4,2022,23.4,2023,23.4,2024,23.4,2025,23.4)",Share,%,
Key\Industry\Subsector_share\Textile and Leather,Activity Level,AMS Target Scenario,Indonesia,"Interp(2005,0.2,2006,0.2,2007,0.2,2008,0.2,2009,0.2,2010,0.2,2011,0.2,2012,0.2,2013,0.2,2014,0.2,2015,0.2,2016,0.2,2017,0.2,2018,0.2,2019,0.2,2020,0.2,2021,0.2,2022,0.2,2023,0.2,2024,0.2,2025,0.2)",Share,%,
Key\Industry\Subsector_share\Textile and Leather,Activity Level,AMS Target Scenario,Laos,"Interp(2005,5.29953917051,2006,5.29953917051,2007,5.29953917051,2008,5.29953917051,2009,5.29953917051,2010,5.29953917051,2011,5.29953917051,2012,5.29953917051,2013,5.29953917051,2014,5.29953917051,2015,5.29953917051,2016,4.99133308239,2017,4.62958480767,2018,4.33150641746,2019,4.04329343568,2020,4.02233155219,2021,3.62709141974,2022,3.62709141974,2023,3.62709141974,2024,3.62709141974,2025,3.62709141974)",Share,%,
Key\Industry\Subsector_share\Textile and Leather,Activity Level,AMS Target Scenario,Malaysia,"Interp(2005,1.13864127911,2006,1.13864127911,2007,1.13864127911,2008,1.13864127911,2009,1.13864127911,2010,1.13864127911,2011,1.13864127911,2012,1.13864127911,2013,1.13864127911,2014,1.13864127911,2015,1.13864127911,2016,1.13864127911,2017,1.13864127911,2018,1.13558620655,2019,1.15968553536,2020,1.11523314876,2021,1.18749089418,2022,1.21454008554,2023,1.21454008554,2024,1.21454008554,2025,1.21454008554)",Share,%,
Key\Industry\Subsector_share\Textile and Leather,Activity Level,AMS Target Scenario,Myanmar,"Interp(2005,0.18,2006,0.18,2007,0.18,2008,0.18,2009,0.18,2010,0.18,2011,0.18,2012,0.18,2013,0.18,2014,0.18,2015,0.18,2016,0.18,2017,0.18,2018,0.18,2019,0.18,2020,0.18,2021,0.18,2022,0.18,2023,0.18,2024,0.18,2025,0.18)",Share,%,
Key\Industry\Subsector_share\Textile and Leather,Activity Level,AMS Target Scenario,Philippines,"Interp(2005,1.69,2006,1.69,2007,1.69,2008,1.69,2009,1.69,2010,1.69,2011,1.69,2012,1.69,2013,1.69,2014,1.69,2015,1.69,2016,1.69,2017,1.69,2018,1.69,2019,1.69,2020,1.69,2021,1.69,2022,1.69,2023,1.69,2024,1.69,2025,1.69)",Share,%,
Key\Industry\Subsector_share\Textile and Leather,Activity Level,AMS Target Scenario,Singapore,"Interp(2005,0.384277997315,2006,0.384277997315,2007,0.384277997315,2008,0.384277997315,2009,0.384277997315,2010,0.384277997315,2011,0.356991223042,2012,0.32970444877,2013,0.302417674498,2014,0.275130900225,2015,0.247844125953,2016,0.246210196772,2017,0.234254198769,2018,0.201496883761,2019,0.168739568753,2020,0.129216634225,2021,0.0896936996961,2022,0.0896936996961,2023,0.0896936996961,2024,0.0896936996961,2025,0.0896936996961)",Share,%,
Key\Industry\Subsector_share\Textile and Leather,Activity Level,AMS Target Scenario,Thailand,"Interp(2005,3.32,2006,3.32,2007,3.32,2008,3.32,2009,3.32,2010,3.32,2011,3.32,2012,3.32,2013,3.32,2014,3.32,2015,3.32,2016,3.32,2017,3.32,2018,3.32,2019,3.32,2020,3.32,2021,3.32,2022,3.32,2023,3.32,2024,3.32,2025,3.32)",Share,%,
Key\Industry\Subsector_share\Textile and Leather,Activity Level,AMS Target Scenario,Timor Leste,0,Share,%,
Key\Industry\Subsector_share\Textile and Leather,Activity Level,AMS Target Scenario,Vietnam,"Interp(2005,9.56,2006,9.56,2007,9.56,2008,9.56,2009,9.56,2010,9.56,2011,9.56,2012,9.56,2013,9.56,2014,9.56,2015,9.56,2016,9.56,2017,9.56,2018,9.56,2019,9.56,2020,9.56,2021,9.56,2022,9.56,2023,9.56,2024,9.56,2025,9.56)",Share,%,
Key\Industry\Subsector_share\Textile and Leather,Activity Level,Baseline Simulation,Base Template,0,Share,%,
Key\Industry\Subsector_share\Textile and Leather,Activity Level,Baseline Simulation,Brunei,"Interp(2005,0.470973197544,2006,0.470973197544,2007,0.470973197544,2008,0.470973197544,2009,0.470973197544,2010,0.470973197544,2011,0.470973197544,2012,0.470973197544,2013,0.470973197544,2014,0.470973197544,2015,0.470973197544,2016,0.470973197544,2017,0.470973197544,2018,0.470973197544,2019,0.410761470094,2020,0.268005559038,2021,0.336368759826,2022,0.348462034846,2023,0.426376522773,2024,0.427341453171,2025,0.427341453171)",Share,%,
Key\Industry\Subsector_share\Textile and Leather,Activity Level,Baseline Simulation,Cambodia,"Interp(2005,21.5417178195,2006,21.5417178195,2007,21.5417178195,2008,21.5417178195,2009,21.5417178195,2010,21.5417178195,2011,23.8301730026,2012,24.2594310415,2013,24.944263971,2014,23.9879207622,2015,24.4301602932,2016,24.2360307186,2017,23.5209644986,2018,23.8036900292,2019,23.4,2020,23.4,2021,23.4,2022,23.4,2023,23.4,2024,23.4,2025,23.4)",Share,%,
Key\Industry\Subsector_share\Textile and Leather,Activity Level,Baseline Simulation,Indonesia,"Interp(2005,0.2,2006,0.2,2007,0.2,2008,0.2,2009,0.2,2010,0.2,2011,0.2,2012,0.2,2013,0.2,2014,0.2,2015,0.2,2016,0.2,2017,0.2,2018,0.2,2019,0.2,2020,0.2,2021,0.2,2022,0.2,2023,0.2,2024,0.2,2025,0.2)",Share,%,
Key\Industry\Subsector_share\Textile and Leather,Activity Level,Baseline Simulation,Laos,"Interp(2005,5.29953917051,2006,5.29953917051,2007,5.29953917051,2008,5.29953917051,2009,5.29953917051,2010,5.29953917051,2011,5.29953917051,2012,5.29953917051,2013,5.29953917051,2014,5.29953917051,2015,5.29953917051,2016,4.99133308239,2017,4.62958480767,2018,4.33150641746,2019,4.04329343568,2020,4.02233155219,2021,3.62709141974,2022,3.62709141974,2023,3.62709141974,2024,3.62709141974,2025,3.62709141974)",Share,%,
Key\Industry\Subsector_share\Textile and Leather,Activity Level,Baseline Simulation,Malaysia,"Interp(2005,1.13864127911,2006,1.13864127911,2007,1.13864127911,2008,1.13864127911,2009,1.13864127911,2010,1.13864127911,2011,1.13864127911,2012,1.13864127911,2013,1.13864127911,2014,1.13864127911,2015,1.13864127911,2016,1.13864127911,2017,1.13864127911,2018,1.13558620655,2019,1.15968553536,2020,1.11523314876,2021,1.18749089418,2022,1.21454008554,2023,1.21454008554,2024,1.21454008554,2025,1.21454008554)",Share,%,
Key\Industry\Subsector_share\Textile and Leather,Activity Level,Baseline Simulation,Myanmar,"Interp(2005,0.18,2006,0.18,2007,0.18,2008,0.18,2009,0.18,2010,0.18,2011,0.18,2012,0.18,2013,0.18,2014,0.18,2015,0.18,2016,0.18,2017,0.18,2018,0.18,2019,0.18,2020,0.18,2021,0.18,2022,0.18,2023,0.18,2024,0.18,2025,0.18)",Share,%,
Key\Industry\Subsector_share\Textile and Leather,Activity Level,Baseline Simulation,Philippines,"Interp(2005,1.69,2006,1.69,2007,1.69,2008,1.69,2009,1.69,2010,1.69,2011,1.69,2012,1.69,2013,1.69,2014,1.69,2015,1.69,2016,1.69,2017,1.69,2018,1.69,2019,1.69,2020,1.69,2021,1.69,2022,1.69,2023,1.69,2024,1.69,2025,1.69)",Share,%,
Key\Industry\Subsector_share\Textile and Leather,Activity Level,Baseline Simulation,Singapore,"Interp(2005,0.384277997315,2006,0.384277997315,2007,0.384277997315,2008,0.384277997315,2009,0.384277997315,2010,0.384277997315,2011,0.356991223042,2012,0.32970444877,2013,0.302417674498,2014,0.275130900225,2015,0.247844125953,2016,0.246210196772,2017,0.234254198769,2018,0.201496883761,2019,0.168739568753,2020,0.129216634225,2021,0.0896936996961,2022,0.0896936996961,2023,0.0896936996961,2024,0.0896936996961,2025,0.0896936996961)",Share,%,
Key\Industry\Subsector_share\Textile and Leather,Activity Level,Baseline Simulation,Thailand,"Interp(2005,3.32,2006,3.32,2007,3.32,2008,3.32,2009,3.32,2010,3.32,2011,3.32,2012,3.32,2013,3.32,2014,3.32,2015,3.32,2016,3.32,2017,3.32,2018,3.32,2019,3.32,2020,3.32,2021,3.32,2022,3.32,2023,3.32,2024,3.32,2025,3.32)",Share,%,
Key\Industry\Subsector_share\Textile and Leather,Activity Level,Baseline Simulation,Timor Leste,0,Share,%,
Key\Industry\Subsector_share\Textile and Leather,Activity Level,Baseline Simulation,Vietnam,"Interp(2005,9.56,2006,9.56,2007,9.56,2008,9.56,2009,9.56,2010,9.56,2011,9.56,2012,9.56,2013,9.56,2014,9.56,2015,9.56,2016,9.56,2017,9.56,2018,9.56,2019,9.56,2020,9.56,2021,9.56,2022,9.56,2023,9.56,2024,9.56,2025,9.56)",Share,%,
Key\Industry\Subsector_share\Textile and Leather,Activity Level,Current Accounts,Base Template,0,Share,%,
Key\Industry\Subsector_share\Textile and Leather,Activity Level,Current Accounts,Brunei,"Interp(2005,0.470973197544,2006,0.470973197544,2007,0.470973197544,2008,0.470973197544,2009,0.470973197544,2010,0.470973197544,2011,0.470973197544,2012,0.470973197544,2013,0.470973197544,2014,0.470973197544,2015,0.470973197544,2016,0.470973197544,2017,0.470973197544,2018,0.470973197544,2019,0.410761470094,2020,0.268005559038,2021,0.336368759826,2022,0.348462034846,2023,0.426376522773,2024,0.427341453171,2025,0.427341453171)",Share,%,
Key\Industry\Subsector_share\Textile and Leather,Activity Level,Current Accounts,Cambodia,"Interp(2005,21.5417178195,2006,21.5417178195,2007,21.5417178195,2008,21.5417178195,2009,21.5417178195,2010,21.5417178195,2011,23.8301730026,2012,24.2594310415,2013,24.944263971,2014,23.9879207622,2015,24.4301602932,2016,24.2360307186,2017,23.5209644986,2018,23.8036900292,2019,23.4,2020,23.4,2021,23.4,2022,23.4,2023,23.4,2024,23.4,2025,23.4)",Share,%,
Key\Industry\Subsector_share\Textile and Leather,Activity Level,Current Accounts,Indonesia,"Interp(2005,0.2,2006,0.2,2007,0.2,2008,0.2,2009,0.2,2010,0.2,2011,0.2,2012,0.2,2013,0.2,2014,0.2,2015,0.2,2016,0.2,2017,0.2,2018,0.2,2019,0.2,2020,0.2,2021,0.2,2022,0.2,2023,0.2,2024,0.2,2025,0.2)",Share,%,
Key\Industry\Subsector_share\Textile and Leather,Activity Level,Current Accounts,Laos,"Interp(2005,5.29953917051,2006,5.29953917051,2007,5.29953917051,2008,5.29953917051,2009,5.29953917051,2010,5.29953917051,2011,5.29953917051,2012,5.29953917051,2013,5.29953917051,2014,5.29953917051,2015,5.29953917051,2016,4.99133308239,2017,4.62958480767,2018,4.33150641746,2019,4.04329343568,2020,4.02233155219,2021,3.62709141974,2022,3.62709141974,2023,3.62709141974,2024,3.62709141974,2025,3.62709141974)",Share,%,
Key\Industry\Subsector_share\Textile and Leather,Activity Level,Current Accounts,Malaysia,"Interp(2005,1.13864127911,2006,1.13864127911,2007,1.13864127911,2008,1.13864127911,2009,1.13864127911,2010,1.13864127911,2011,1.13864127911,2012,1.13864127911,2013,1.13864127911,2014,1.13864127911,2015,1.13864127911,2016,1.13864127911,2017,1.13864127911,2018,1.13558620655,2019,1.15968553536,2020,1.11523314876,2021,1.18749089418,2022,1.21454008554,2023,1.21454008554,2024,1.21454008554,2025,1.21454008554)",Share,%,
Key\Industry\Subsector_share\Textile and Leather,Activity Level,Current Accounts,Myanmar,"Interp(2005,0.18,2006,0.18,2007,0.18,2008,0.18,2009,0.18,2010,0.18,2011,0.18,2012,0.18,2013,0.18,2014,0.18,2015,0.18,2016,0.18,2017,0.18,2018,0.18,2019,0.18,2020,0.18,2021,0.18,2022,0.18,2023,0.18,2024,0.18,2025,0.18)",Share,%,
Key\Industry\Subsector_share\Textile and Leather,Activity Level,Current Accounts,Philippines,"Interp(2005,1.69,2006,1.69,2007,1.69,2008,1.69,2009,1.69,2010,1.69,2011,1.69,2012,1.69,2013,1.69,2014,1.69,2015,1.69,2016,1.69,2017,1.69,2018,1.69,2019,1.69,2020,1.69,2021,1.69,2022,1.69,2023,1.69,2024,1.69,2025,1.69)",Share,%,
Key\Industry\Subsector_share\Textile and Leather,Activity Level,Current Accounts,Singapore,"Interp(2005,0.384277997315,2006,0.384277997315,2007,0.384277997315,2008,0.384277997315,2009,0.384277997315,2010,0.384277997315,2011,0.356991223042,2012,0.32970444877,2013,0.302417674498,2014,0.275130900225,2015,0.247844125953,2016,0.246210196772,2017,0.234254198769,2018,0.201496883761,2019,0.168739568753,2020,0.129216634225,2021,0.0896936996961,2022,0.0896936996961,2023,0.0896936996961,2024,0.0896936996961,2025,0.0896936996961)",Share,%,
Key\Industry\Subsector_share\Textile and Leather,Activity Level,Current Accounts,Thailand,"Interp(2005,3.32,2006,3.32,2007,3.32,2008,3.32,2009,3.32,2010,3.32,2011,3.32,2012,3.32,2013,3.32,2014,3.32,2015,3.32,2016,3.32,2017,3.32,2018,3.32,2019,3.32,2020,3.32,2021,3.32,2022,3.32,2023,3.32,2024,3.32,2025,3.32)",Share,%,
Key\Industry\Subsector_share\Textile and Leather,Activity Level,Current Accounts,Timor Leste,0,Share,%,
Key\Industry\Subsector_share\Textile and Leather,Activity Level,Current Accounts,Vietnam,"Interp(2005,9.56,2006,9.56,2007,9.56,2008,9.56,2009,9.56,2010,9.56,2011,9.56,2012,9.56,2013,9.56,2014,9.56,2015,9.56,2016,9.56,2017,9.56,2018,9.56,2019,9.56,2020,9.56,2021,9.56,2022,9.56,2023,9.56,2024,9.56,2025,9.56)",Share,%,
Key\Industry\Subsector_share\Textile and Leather,Activity Level,Regional Aspiration Scenario,Base Template,0,Share,%,
Key\Industry\Subsector_share\Textile and Leather,Activity Level,Regional Aspiration Scenario,Brunei,"Interp(2005,0.470973197544,2006,0.470973197544,2007,0.470973197544,2008,0.470973197544,2009,0.470973197544,2010,0.470973197544,2011,0.470973197544,2012,0.470973197544,2013,0.470973197544,2014,0.470973197544,2015,0.470973197544,2016,0.470973197544,2017,0.470973197544,2018,0.470973197544,2019,0.410761470094,2020,0.268005559038,2021,0.336368759826,2022,0.348462034846,2023,0.426376522773,2024,0.427341453171,2025,0.427341453171)",Share,%,
Key\Industry\Subsector_share\Textile and Leather,Activity Level,Regional Aspiration Scenario,Cambodia,"Interp(2005,21.5417178195,2006,21.5417178195,2007,21.5417178195,2008,21.5417178195,2009,21.5417178195,2010,21.5417178195,2011,23.8301730026,2012,24.2594310415,2013,24.944263971,2014,23.9879207622,2015,24.4301602932,2016,24.2360307186,2017,23.5209644986,2018,23.8036900292,2019,23.4,2020,23.4,2021,23.4,2022,23.4,2023,23.4,2024,23.4,2025,23.4)",Share,%,
Key\Industry\Subsector_share\Textile and Leather,Activity Level,Regional Aspiration Scenario,Indonesia,"Interp(2005,0.2,2006,0.2,2007,0.2,2008,0.2,2009,0.2,2010,0.2,2011,0.2,2012,0.2,2013,0.2,2014,0.2,2015,0.2,2016,0.2,2017,0.2,2018,0.2,2019,0.2,2020,0.2,2021,0.2,2022,0.2,2023,0.2,2024,0.2,2025,0.2)",Share,%,
Key\Industry\Subsector_share\Textile and Leather,Activity Level,Regional Aspiration Scenario,Laos,"Interp(2005,5.29953917051,2006,5.29953917051,2007,5.29953917051,2008,5.29953917051,2009,5.29953917051,2010,5.29953917051,2011,5.29953917051,2012,5.29953917051,2013,5.29953917051,2014,5.29953917051,2015,5.29953917051,2016,4.99133308239,2017,4.62958480767,2018,4.33150641746,2019,4.04329343568,2020,4.02233155219,2021,3.62709141974,2022,3.62709141974,2023,3.62709141974,2024,3.62709141974,2025,3.62709141974)",Share,%,
Key\Industry\Subsector_share\Textile and Leather,Activity Level,Regional Aspiration Scenario,Malaysia,"Interp(2005,1.13864127911,2006,1.13864127911,2007,1.13864127911,2008,1.13864127911,2009,1.13864127911,2010,1.13864127911,2011,1.13864127911,2012,1.13864127911,2013,1.13864127911,2014,1.13864127911,2015,1.13864127911,2016,1.13864127911,2017,1.13864127911,2018,1.13558620655,2019,1.15968553536,2020,1.11523314876,2021,1.18749089418,2022,1.21454008554,2023,1.21454008554,2024,1.21454008554,2025,1.21454008554)",Share,%,
Key\Industry\Subsector_share\Textile and Leather,Activity Level,Regional Aspiration Scenario,Myanmar,"Interp(2005,0.18,2006,0.18,2007,0.18,2008,0.18,2009,0.18,2010,0.18,2011,0.18,2012,0.18,2013,0.18,2014,0.18,2015,0.18,2016,0.18,2017,0.18,2018,0.18,2019,0.18,2020,0.18,2021,0.18,2022,0.18,2023,0.18,2024,0.18,2025,0.18)",Share,%,
Key\Industry\Subsector_share\Textile and Leather,Activity Level,Regional Aspiration Scenario,Philippines,"Interp(2005,1.69,2006,1.69,2007,1.69,2008,1.69,2009,1.69,2010,1.69,2011,1.69,2012,1.69,2013,1.69,2014,1.69,2015,1.69,2016,1.69,2017,1.69,2018,1.69,2019,1.69,2020,1.69,2021,1.69,2022,1.69,2023,1.69,2024,1.69,2025,1.69)",Share,%,
Key\Industry\Subsector_share\Textile and Leather,Activity Level,Regional Aspiration Scenario,Singapore,"Interp(2005,0.384277997315,2006,0.384277997315,2007,0.384277997315,2008,0.384277997315,2009,0.384277997315,2010,0.384277997315,2011,0.356991223042,2012,0.32970444877,2013,0.302417674498,2014,0.275130900225,2015,0.247844125953,2016,0.246210196772,2017,0.234254198769,2018,0.201496883761,2019,0.168739568753,2020,0.129216634225,2021,0.0896936996961,2022,0.0896936996961,2023,0.0896936996961,2024,0.0896936996961,2025,0.0896936996961)",Share,%,
Key\Industry\Subsector_share\Textile and Leather,Activity Level,Regional Aspiration Scenario,Thailand,"Interp(2005,3.32,2006,3.32,2007,3.32,2008,3.32,2009,3.32,2010,3.32,2011,3.32,2012,3.32,2013,3.32,2014,3.32,2015,3.32,2016,3.32,2017,3.32,2018,3.32,2019,3.32,2020,3.32,2021,3.32,2022,3.32,2023,3.32,2024,3.32,2025,3.32)",Share,%,
Key\Industry\Subsector_share\Textile and Leather,Activity Level,Regional Aspiration Scenario,Timor Leste,0,Share,%,
Key\Industry\Subsector_share\Textile and Leather,Activity Level,Regional Aspiration Scenario,Vietnam,"Interp(2005,9.56,2006,9.56,2007,9.56,2008,9.56,2009,9.56,2010,9.56,2011,9.56,2012,9.56,2013,9.56,2014,9.56,2015,9.56,2016,9.56,2017,9.56,2018,9.56,2019,9.56,2020,9.56,2021,9.56,2022,9.56,2023,9.56,2024,9.56,2025,9.56)",Share,%,
Key\Macroeconomic\Gross Fixed Capital Formation,Activity Level,AMS Target Scenario,Base Template,0,2021 USD,Million,
Key\Macroeconomic\Gross Fixed Capital Formation,Activity Level,AMS Target Scenario,Brunei,0,2021 USD,Million,
Key\Macroeconomic\Gross Fixed Capital Formation,Activity Level,AMS Target Scenario,Cambodia,"Interp(2005, 4935.705677, 2006, 5600.237275, 2007, 6307.838205, 2008, 5877.506844, 2009, 6856.44557, 2010, 5846.056256, 2011, 6173.416502, 2012, 7201.211247, 2013, 8436.695806, 2014, 10038.21521, 2015, 10946.34371, 2016, 11852.80061, 2017, 12808.53479)",2021 USD,Million,
Key\Macroeconomic\Gross Fixed Capital Formation,Activity Level,AMS Target Scenario,Indonesia,"Interp(2000, 100255.4869, 2001, 102975.503, 2002, 106276.9546, 2003, 111798.1065, 2004, 135136.1304, 2005, 150412.2565, 2006, 161978.695, 2007, 178080.8593, 2008, 209613.6662, 2009, 246365.5437, 2010, 260728.7424, 2011, 279565.8922, 2012, 309794.541, 2013, 319476.4322, 2014, 341253.7384, 2015, 361143.3203, 2016, 376612.7757, 2017, 390704.3246)",2021 USD,Million,
Key\Macroeconomic\Gross Fixed Capital Formation,Activity Level,AMS Target Scenario,Laos,0,2021 USD,Million,
Key\Macroeconomic\Gross Fixed Capital Formation,Activity Level,AMS Target Scenario,Malaysia,0,2021 USD,Million,
Key\Macroeconomic\Gross Fixed Capital Formation,Activity Level,AMS Target Scenario,Myanmar,0,2021 USD,Million,
Key\Macroeconomic\Gross Fixed Capital Formation,Activity Level,AMS Target Scenario,Philippines,"Interp(2005, 33821.15742, 2006, 35993.94159, 2007, 37949.9543, 2008, 39054.80542, 2009, 38198.68508, 2010, 44374.7443, 2011, 42003.42273, 2012, 46844.03791, 2013, 52814.4548, 2014, 56171.24477, 2015, 63372.3256, 2016, 75911.50682, 2017, 82261.20704)",2021 USD,Million,
Key\Macroeconomic\Gross Fixed Capital Formation,Activity Level,AMS Target Scenario,Singapore,0,2021 USD,Million,
Key\Macroeconomic\Gross Fixed Capital Formation,Activity Level,AMS Target Scenario,Thailand,0,2021 USD,Million,
Key\Macroeconomic\Gross Fixed Capital Formation,Activity Level,AMS Target Scenario,Timor Leste,0,2021 USD,Million,
Key\Macroeconomic\Gross Fixed Capital Formation,Activity Level,AMS Target Scenario,Vietnam,0,2021 USD,Million,
Key\Macroeconomic\Gross Fixed Capital Formation,Activity Level,Baseline Simulation,Base Template,0,2021 USD,Million,
Key\Macroeconomic\Gross Fixed Capital Formation,Activity Level,Baseline Simulation,Brunei,0,2021 USD,Million,
Key\Macroeconomic\Gross Fixed Capital Formation,Activity Level,Baseline Simulation,Cambodia,"Interp(2005, 4935.705677, 2006, 5600.237275, 2007, 6307.838205, 2008, 5877.506844, 2009, 6856.44557, 2010, 5846.056256, 2011, 6173.416502, 2012, 7201.211247, 2013, 8436.695806, 2014, 10038.21521, 2015, 10946.34371, 2016, 11852.80061, 2017, 12808.53479)",2021 USD,Million,
Key\Macroeconomic\Gross Fixed Capital Formation,Activity Level,Baseline Simulation,Indonesia,"Interp(2000, 100255.4869, 2001, 102975.503, 2002, 106276.9546, 2003, 111798.1065, 2004, 135136.1304, 2005, 150412.2565, 2006, 161978.695, 2007, 178080.8593, 2008, 209613.6662, 2009, 246365.5437, 2010, 260728.7424, 2011, 279565.8922, 2012, 309794.541, 2013, 319476.4322, 2014, 341253.7384, 2015, 361143.3203, 2016, 376612.7757, 2017, 390704.3246)",2021 USD,Million,
Key\Macroeconomic\Gross Fixed Capital Formation,Activity Level,Baseline Simulation,Laos,0,2021 USD,Million,
Key\Macroeconomic\Gross Fixed Capital Formation,Activity Level,Baseline Simulation,Malaysia,0,2021 USD,Million,
Key\Macroeconomic\Gross Fixed Capital Formation,Activity Level,Baseline Simulation,Myanmar,0,2021 USD,Million,
Key\Macroeconomic\Gross Fixed Capital Formation,Activity Level,Baseline Simulation,Philippines,"Interp(2005, 33821.15742, 2006, 35993.94159, 2007, 37949.9543, 2008, 39054.80542, 2009, 38198.68508, 2010, 44374.7443, 2011, 42003.42273, 2012, 46844.03791, 2013, 52814.4548, 2014, 56171.24477, 2015, 63372.3256, 2016, 75911.50682, 2017, 82261.20704)",2021 USD,Million,
Key\Macroeconomic\Gross Fixed Capital Formation,Activity Level,Baseline Simulation,Singapore,0,2021 USD,Million,
Key\Macroeconomic\Gross Fixed Capital Formation,Activity Level,Baseline Simulation,Thailand,0,2021 USD,Million,
Key\Macroeconomic\Gross Fixed Capital Formation,Activity Level,Baseline Simulation,Timor Leste,0,2021 USD,Million,
Key\Macroeconomic\Gross Fixed Capital Formation,Activity Level,Baseline Simulation,Vietnam,0,2021 USD,Million,
Key\Macroeconomic\Gross Fixed Capital Formation,Activity Level,Current Accounts,Base Template,0,2021 USD,Million,
Key\Macroeconomic\Gross Fixed Capital Formation,Activity Level,Current Accounts,Brunei,0,2021 USD,Million,
Key\Macroeconomic\Gross Fixed Capital Formation,Activity Level,Current Accounts,Cambodia,"Interp(2005, 4935.705677, 2006, 5600.237275, 2007, 6307.838205, 2008, 5877.506844, 2009, 6856.44557, 2010, 5846.056256, 2011, 6173.416502, 2012, 7201.211247, 2013, 8436.695806, 2014, 10038.21521, 2015, 10946.34371, 2016, 11852.80061, 2017, 12808.53479)",2021 USD,Million,
Key\Macroeconomic\Gross Fixed Capital Formation,Activity Level,Current Accounts,Indonesia,"Interp(2000, 100255.4869, 2001, 102975.503, 2002, 106276.9546, 2003, 111798.1065, 2004, 135136.1304, 2005, 150412.2565, 2006, 161978.695, 2007, 178080.8593, 2008, 209613.6662, 2009, 246365.5437, 2010, 260728.7424, 2011, 279565.8922, 2012, 309794.541, 2013, 319476.4322, 2014, 341253.7384, 2015, 361143.3203, 2016, 376612.7757, 2017, 390704.3246)",2021 USD,Million,
Key\Macroeconomic\Gross Fixed Capital Formation,Activity Level,Current Accounts,Laos,0,2021 USD,Million,
Key\Macroeconomic\Gross Fixed Capital Formation,Activity Level,Current Accounts,Malaysia,0,2021 USD,Million,
Key\Macroeconomic\Gross Fixed Capital Formation,Activity Level,Current Accounts,Myanmar,0,2021 USD,Million,
Key\Macroeconomic\Gross Fixed Capital Formation,Activity Level,Current Accounts,Philippines,"Interp(2005, 33821.15742, 2006, 35993.94159, 2007, 37949.9543, 2008, 39054.80542, 2009, 38198.68508, 2010, 44374.7443, 2011, 42003.42273, 2012, 46844.03791, 2013, 52814.4548, 2014, 56171.24477, 2015, 63372.3256, 2016, 75911.50682, 2017, 82261.20704)",2021 USD,Million,
Key\Macroeconomic\Gross Fixed Capital Formation,Activity Level,Current Accounts,Singapore,0,2021 USD,Million,
Key\Macroeconomic\Gross Fixed Capital Formation,Activity Level,Current Accounts,Thailand,0,2021 USD,Million,
Key\Macroeconomic\Gross Fixed Capital Formation,Activity Level,Current Accounts,Timor Leste,0,2021 USD,Million,
Key\Macroeconomic\Gross Fixed Capital Formation,Activity Level,Current Accounts,Vietnam,0,2021 USD,Million,
Key\Macroeconomic\Gross Fixed Capital Formation,Activity Level,Regional Aspiration Scenario,Base Template,0,2021 USD,Million,
Key\Macroeconomic\Gross Fixed Capital Formation,Activity Level,Regional Aspiration Scenario,Brunei,0,2021 USD,Million,
Key\Macroeconomic\Gross Fixed Capital Formation,Activity Level,Regional Aspiration Scenario,Cambodia,"Interp(2005, 4935.705677, 2006, 5600.237275, 2007, 6307.838205, 2008, 5877.506844, 2009, 6856.44557, 2010, 5846.056256, 2011, 6173.416502, 2012, 7201.211247, 2013, 8436.695806, 2014, 10038.21521, 2015, 10946.34371, 2016, 11852.80061, 2017, 12808.53479)",2021 USD,Million,
Key\Macroeconomic\Gross Fixed Capital Formation,Activity Level,Regional Aspiration Scenario,Indonesia,"Interp(2000, 100255.4869, 2001, 102975.503, 2002, 106276.9546, 2003, 111798.1065, 2004, 135136.1304, 2005, 150412.2565, 2006, 161978.695, 2007, 178080.8593, 2008, 209613.6662, 2009, 246365.5437, 2010, 260728.7424, 2011, 279565.8922, 2012, 309794.541, 2013, 319476.4322, 2014, 341253.7384, 2015, 361143.3203, 2016, 376612.7757, 2017, 390704.3246)",2021 USD,Million,
Key\Macroeconomic\Gross Fixed Capital Formation,Activity Level,Regional Aspiration Scenario,Laos,0,2021 USD,Million,
Key\Macroeconomic\Gross Fixed Capital Formation,Activity Level,Regional Aspiration Scenario,Malaysia,0,2021 USD,Million,
Key\Macroeconomic\Gross Fixed Capital Formation,Activity Level,Regional Aspiration Scenario,Myanmar,0,2021 USD,Million,
Key\Macroeconomic\Gross Fixed Capital Formation,Activity Level,Regional Aspiration Scenario,Philippines,"Interp(2005, 33821.15742, 2006, 35993.94159, 2007, 37949.9543, 2008, 39054.80542, 2009, 38198.68508, 2010, 44374.7443, 2011, 42003.42273, 2012, 46844.03791, 2013, 52814.4548, 2014, 56171.24477, 2015, 63372.3256, 2016, 75911.50682, 2017, 82261.20704)",2021 USD,Million,
Key\Macroeconomic\Gross Fixed Capital Formation,Activity Level,Regional Aspiration Scenario,Singapore,0,2021 USD,Million,
Key\Macroeconomic\Gross Fixed Capital Formation,Activity Level,Regional Aspiration Scenario,Thailand,0,2021 USD,Million,
Key\Macroeconomic\Gross Fixed Capital Formation,Activity Level,Regional Aspiration Scenario,Timor Leste,0,2021 USD,Million,
Key\Macroeconomic\Gross Fixed Capital Formation,Activity Level,Regional Aspiration Scenario,Vietnam,0,2021 USD,Million,
Key\Macroeconomic\Manufacturing Fraction in Industry,Activity Level,AMS Target Scenario,Base Template,0,fraction,,
Key\Macroeconomic\Manufacturing Fraction in Industry,Activity Level,AMS Target Scenario,Brunei,"Interp(2005, 0.171989, 2006, 0.144358, 2007, 0.145588, 2008, 0.184958, 2009, 0.213582, 2010, 0.217139, 2011, 0.223071, 2012, 0.228784, 2013, 0.235615, 2014, 0.237707, 2015, 0.236751, 2016, 0.200051, 2017, 0.211957, 2018, 0.222411, 2019, 0.217582, 2020, 0.266682, 2021, 0.295278, 2022, 0.325706, 2023, 0.302209, 2024, 0.301176) ? AMS Socioeconomic Data AEO9",fraction,,
Key\Macroeconomic\Manufacturing Fraction in Industry,Activity Level,AMS Target Scenario,Cambodia,"Interp(2005, 0.757841, 2006, 0.76022, 2007, 0.755893, 2008, 0.755866, 2009, 0.746764, 2010, 0.757178, 2011, 0.772377, 2012, 0.757714, 2013, 0.746027, 2014, 0.728682, 2015, 0.713742, 2016, 0.687739, 2017, 0.675114, 2018, 0.639151, 2019, 0.630433, 2020, 0.640673, 2021, 0.661051, 2022, 0.663706, 2023, 0.649917, 2024, 0.660309) ? AMS Socioeconomic Data AEO9",fraction,,
Key\Macroeconomic\Manufacturing Fraction in Industry,Activity Level,AMS Target Scenario,Indonesia,"Interp(2005, 0.588889, 2006, 0.58661, 2007, 0.577968, 2008, 0.578732, 2009, 0.55308, 2010, 0.515212, 2011, 0.49554, 2012, 0.492065, 2013, 0.493218, 2014, 0.502647, 2015, 0.524018, 2016, 0.522101, 2017, 0.511947, 2018, 0.499958, 2019, 0.505845, 2020, 0.519541, 2021, 0.482962, 2022, 0.442591, 2023, 0.464182, 2024, 0.482826) ? AMS Socioeconomic Data AEO9",fraction,,
Key\Macroeconomic\Manufacturing Fraction in Industry,Activity Level,AMS Target Scenario,Laos,"Interp(2005, 0.367054, 2006, 0.277348, 2007, 0.316999, 2008, 0.334514, 2009, 0.513573, 2010, 0.348369, 2011, 0.315758, 2012, 0.276964, 2013, 0.277228, 2014, 0.292476, 2015, 0.295743, 2016, 0.270204, 2017, 0.242101, 2018, 0.236363, 2019, 0.242419, 2020, 0.251938, 2021, 0.246635, 2022, 0.266961, 2023, 0.312099, 2024, 0.35178) ? AMS Socioeconomic Data AEO9",fraction,,
Key\Macroeconomic\Manufacturing Fraction in Industry,Activity Level,AMS Target Scenario,Malaysia,"Interp(2005, 0.594149, 2006, 0.59262, 2007, 0.585761, 2008, 0.544522, 2009, 0.580947, 2010, 0.578627, 2011, 0.585578, 2012, 0.576509, 2013, 0.57266, 2014, 0.572931, 2015, 0.579805, 2016, 0.578425, 2017, 0.57317, 2018, 0.562218, 2019, 0.571263, 2020, 0.61868, 2021, 0.619997, 2022, 0.596783, 2023, 0.61103, 2024, 0.606785) ? AMS Socioeconomic Data AEO9",fraction,,
Key\Macroeconomic\Manufacturing Fraction in Industry,Activity Level,AMS Target Scenario,Myanmar,"Interp(2005, 0.731012, 2006, 0.727354, 2007, 0.7294, 2008, 0.74213, 2009, 0.736937, 2010, 0.750417, 2011, 0.630242, 2012, 0.620651, 2013, 0.615406, 2014, 0.577875, 2015, 0.60368, 2016, 0.628486, 2017, 0.648235, 2018, 0.659298, 2019, 0.652261, 2020, 0.661991, 2021, 0.689824, 2022, 0.668274) ? AMS Socioeconomic Data AEO9",fraction,,
Key\Macroeconomic\Manufacturing Fraction in Industry,Activity Level,AMS Target Scenario,Philippines,"Interp(2005, 0.717754, 2006, 0.712114, 2007, 0.701524, 2008, 0.710162, 2009, 0.689621, 2010, 0.677783, 2011, 0.692573, 2012, 0.679265, 2013, 0.663987, 2014, 0.662698, 2015, 0.653765, 2016, 0.646845, 2017, 0.647276, 2018, 0.624866, 2019, 0.61055, 2020, 0.621769, 2021, 0.610599, 2022, 0.589618, 2023, 0.575592, 2024, 0.566085) ? AMS Socioeconomic Data AEO9",fraction,,
Key\Macroeconomic\Manufacturing Fraction in Industry,Activity Level,AMS Target Scenario,Singapore,"Interp(2005, 0.862107, 2006, 0.860288, 2007, 0.844004, 2008, 0.779307, 2009, 0.750412, 2010, 0.779919, 2011, 0.775252, 2012, 0.763994, 2013, 0.752404, 2014, 0.744761, 2015, 0.744784, 2016, 0.751713, 2017, 0.789298, 2018, 0.816292, 2019, 0.806126, 2020, 0.845636, 2021, 0.838263, 2022, 0.824459, 2023, 0.76653, 2024, 0.76402) ? AMS Socioeconomic Data AEO9",fraction,,
Key\Macroeconomic\Manufacturing Fraction in Industry,Activity Level,AMS Target Scenario,Thailand,"Interp(2005, 0.769118, 2006, 0.770639, 2007, 0.775713, 2008, 0.773937, 2009, 0.763098, 2010, 0.774778, 2011, 0.763423, 2012, 0.749063, 2013, 0.74769, 2014, 0.750033, 2015, 0.756625, 2016, 0.762762, 2017, 0.771438, 2018, 0.768881, 2019, 0.762686, 2020, 0.767641, 2021, 0.775058, 2022, 0.769424, 2023, 0.757398, 2024, 0.757011) ? AMS Socioeconomic Data AEO9",fraction,,
Key\Macroeconomic\Manufacturing Fraction in Industry,Activity Level,AMS Target Scenario,Timor Leste,"Interp(2005, 0.462527, 2006, 0.497021, 2007, 0.388662, 2008, 0.218595, 2009, 0.138037, 2010, 0.110448, 2011, 0.070096, 2012, 0.062074, 2013, 0.035976, 2014, 0.045739, 2015, 0.053006, 2016, 0.05724, 2017, 0.098997, 2018, 0.102554, 2019, 0.134536, 2020, 0.152134, 2021, 0.140044, 2022, 0.187406, 2023, 0.154817) ? AMS Socioeconomic Data AEO9",fraction,,
Key\Macroeconomic\Manufacturing Fraction in Industry,Activity Level,AMS Target Scenario,Vietnam,"Interp(2005, 0.493646, 2006, 0.50229, 2007, 0.503236, 2008, 0.501101, 2009, 0.489487, 2010, 0.518749, 2011, 0.540599, 2012, 0.565364, 2013, 0.581514, 2014, 0.577112, 2015, 0.611678, 2016, 0.629873, 2017, 0.639358, 2018, 0.639453, 2019, 0.646323, 2020, 0.651737, 2021, 0.654142, 2022, 0.640719, 2023, 0.640011, 2024, 0.64903) ? AMS Socioeconomic Data AEO9",fraction,,
Key\Macroeconomic\Manufacturing Fraction in Industry,Activity Level,Baseline Simulation,Base Template,0,fraction,,
Key\Macroeconomic\Manufacturing Fraction in Industry,Activity Level,Baseline Simulation,Brunei,"Interp(2005, 0.171989, 2006, 0.144358, 2007, 0.145588, 2008, 0.184958, 2009, 0.213582, 2010, 0.217139, 2011, 0.223071, 2012, 0.228784, 2013, 0.235615, 2014, 0.237707, 2015, 0.236751, 2016, 0.200051, 2017, 0.211957, 2018, 0.222411, 2019, 0.217582, 2020, 0.266682, 2021, 0.295278, 2022, 0.325706, 2023, 0.302209, 2024, 0.301176) ? AMS Socioeconomic Data AEO9",fraction,,
Key\Macroeconomic\Manufacturing Fraction in Industry,Activity Level,Baseline Simulation,Cambodia,"Interp(2005, 0.757841, 2006, 0.76022, 2007, 0.755893, 2008, 0.755866, 2009, 0.746764, 2010, 0.757178, 2011, 0.772377, 2012, 0.757714, 2013, 0.746027, 2014, 0.728682, 2015, 0.713742, 2016, 0.687739, 2017, 0.675114, 2018, 0.639151, 2019, 0.630433, 2020, 0.640673, 2021, 0.661051, 2022, 0.663706, 2023, 0.649917, 2024, 0.660309) ? AMS Socioeconomic Data AEO9",fraction,,
Key\Macroeconomic\Manufacturing Fraction in Industry,Activity Level,Baseline Simulation,Indonesia,"Interp(2005, 0.588889, 2006, 0.58661, 2007, 0.577968, 2008, 0.578732, 2009, 0.55308, 2010, 0.515212, 2011, 0.49554, 2012, 0.492065, 2013, 0.493218, 2014, 0.502647, 2015, 0.524018, 2016, 0.522101, 2017, 0.511947, 2018, 0.499958, 2019, 0.505845, 2020, 0.519541, 2021, 0.482962, 2022, 0.442591, 2023, 0.464182, 2024, 0.482826) ? AMS Socioeconomic Data AEO9",fraction,,
Key\Macroeconomic\Manufacturing Fraction in Industry,Activity Level,Baseline Simulation,Laos,"Interp(2005, 0.367054, 2006, 0.277348, 2007, 0.316999, 2008, 0.334514, 2009, 0.513573, 2010, 0.348369, 2011, 0.315758, 2012, 0.276964, 2013, 0.277228, 2014, 0.292476, 2015, 0.295743, 2016, 0.270204, 2017, 0.242101, 2018, 0.236363, 2019, 0.242419, 2020, 0.251938, 2021, 0.246635, 2022, 0.266961, 2023, 0.312099, 2024, 0.35178) ? AMS Socioeconomic Data AEO9",fraction,,
Key\Macroeconomic\Manufacturing Fraction in Industry,Activity Level,Baseline Simulation,Malaysia,"Interp(2005, 0.594149, 2006, 0.59262, 2007, 0.585761, 2008, 0.544522, 2009, 0.580947, 2010, 0.578627, 2011, 0.585578, 2012, 0.576509, 2013, 0.57266, 2014, 0.572931, 2015, 0.579805, 2016, 0.578425, 2017, 0.57317, 2018, 0.562218, 2019, 0.571263, 2020, 0.61868, 2021, 0.619997, 2022, 0.596783, 2023, 0.61103, 2024, 0.606785) ? AMS Socioeconomic Data AEO9",fraction,,
Key\Macroeconomic\Manufacturing Fraction in Industry,Activity Level,Baseline Simulation,Myanmar,"Interp(2005, 0.731012, 2006, 0.727354, 2007, 0.7294, 2008, 0.74213, 2009, 0.736937, 2010, 0.750417, 2011, 0.630242, 2012, 0.620651, 2013, 0.615406, 2014, 0.577875, 2015, 0.60368, 2016, 0.628486, 2017, 0.648235, 2018, 0.659298, 2019, 0.652261, 2020, 0.661991, 2021, 0.689824, 2022, 0.668274) ? AMS Socioeconomic Data AEO9",fraction,,
Key\Macroeconomic\Manufacturing Fraction in Industry,Activity Level,Baseline Simulation,Philippines,"Interp(2005, 0.717754, 2006, 0.712114, 2007, 0.701524, 2008, 0.710162, 2009, 0.689621, 2010, 0.677783, 2011, 0.692573, 2012, 0.679265, 2013, 0.663987, 2014, 0.662698, 2015, 0.653765, 2016, 0.646845, 2017, 0.647276, 2018, 0.624866, 2019, 0.61055, 2020, 0.621769, 2021, 0.610599, 2022, 0.589618, 2023, 0.575592, 2024, 0.566085) ? AMS Socioeconomic Data AEO9",fraction,,
Key\Macroeconomic\Manufacturing Fraction in Industry,Activity Level,Baseline Simulation,Singapore,"Interp(2005, 0.862107, 2006, 0.860288, 2007, 0.844004, 2008, 0.779307, 2009, 0.750412, 2010, 0.779919, 2011, 0.775252, 2012, 0.763994, 2013, 0.752404, 2014, 0.744761, 2015, 0.744784, 2016, 0.751713, 2017, 0.789298, 2018, 0.816292, 2019, 0.806126, 2020, 0.845636, 2021, 0.838263, 2022, 0.824459, 2023, 0.76653, 2024, 0.76402) ? AMS Socioeconomic Data AEO9",fraction,,
Key\Macroeconomic\Manufacturing Fraction in Industry,Activity Level,Baseline Simulation,Thailand,"Interp(2005, 0.769118, 2006, 0.770639, 2007, 0.775713, 2008, 0.773937, 2009, 0.763098, 2010, 0.774778, 2011, 0.763423, 2012, 0.749063, 2013, 0.74769, 2014, 0.750033, 2015, 0.756625, 2016, 0.762762, 2017, 0.771438, 2018, 0.768881, 2019, 0.762686, 2020, 0.767641, 2021, 0.775058, 2022, 0.769424, 2023, 0.757398, 2024, 0.757011) ? AMS Socioeconomic Data AEO9",fraction,,
Key\Macroeconomic\Manufacturing Fraction in Industry,Activity Level,Baseline Simulation,Timor Leste,"Interp(2005, 0.462527, 2006, 0.497021, 2007, 0.388662, 2008, 0.218595, 2009, 0.138037, 2010, 0.110448, 2011, 0.070096, 2012, 0.062074, 2013, 0.035976, 2014, 0.045739, 2015, 0.053006, 2016, 0.05724, 2017, 0.098997, 2018, 0.102554, 2019, 0.134536, 2020, 0.152134, 2021, 0.140044, 2022, 0.187406, 2023, 0.154817) ? AMS Socioeconomic Data AEO9",fraction,,
Key\Macroeconomic\Manufacturing Fraction in Industry,Activity Level,Baseline Simulation,Vietnam,"Interp(2005, 0.493646, 2006, 0.50229, 2007, 0.503236, 2008, 0.501101, 2009, 0.489487, 2010, 0.518749, 2011, 0.540599, 2012, 0.565364, 2013, 0.581514, 2014, 0.577112, 2015, 0.611678, 2016, 0.629873, 2017, 0.639358, 2018, 0.639453, 2019, 0.646323, 2020, 0.651737, 2021, 0.654142, 2022, 0.640719, 2023, 0.640011, 2024, 0.64903) ? AMS Socioeconomic Data AEO9",fraction,,
Key\Macroeconomic\Manufacturing Fraction in Industry,Activity Level,Current Accounts,Base Template,0,fraction,,
Key\Macroeconomic\Manufacturing Fraction in Industry,Activity Level,Current Accounts,Brunei,"Interp(2005, 0.171989, 2006, 0.144358, 2007, 0.145588, 2008, 0.184958, 2009, 0.213582, 2010, 0.217139, 2011, 0.223071, 2012, 0.228784, 2013, 0.235615, 2014, 0.237707, 2015, 0.236751, 2016, 0.200051, 2017, 0.211957, 2018, 0.222411, 2019, 0.217582, 2020, 0.266682, 2021, 0.295278, 2022, 0.325706, 2023, 0.302209, 2024, 0.301176) ? AMS Socioeconomic Data AEO9",fraction,,
Key\Macroeconomic\Manufacturing Fraction in Industry,Activity Level,Current Accounts,Cambodia,"Interp(2005, 0.757841, 2006, 0.76022, 2007, 0.755893, 2008, 0.755866, 2009, 0.746764, 2010, 0.757178, 2011, 0.772377, 2012, 0.757714, 2013, 0.746027, 2014, 0.728682, 2015, 0.713742, 2016, 0.687739, 2017, 0.675114, 2018, 0.639151, 2019, 0.630433, 2020, 0.640673, 2021, 0.661051, 2022, 0.663706, 2023, 0.649917, 2024, 0.660309) ? AMS Socioeconomic Data AEO9",fraction,,
Key\Macroeconomic\Manufacturing Fraction in Industry,Activity Level,Current Accounts,Indonesia,"Interp(2005, 0.588889, 2006, 0.58661, 2007, 0.577968, 2008, 0.578732, 2009, 0.55308, 2010, 0.515212, 2011, 0.49554, 2012, 0.492065, 2013, 0.493218, 2014, 0.502647, 2015, 0.524018, 2016, 0.522101, 2017, 0.511947, 2018, 0.499958, 2019, 0.505845, 2020, 0.519541, 2021, 0.482962, 2022, 0.442591, 2023, 0.464182, 2024, 0.482826) ? AMS Socioeconomic Data AEO9",fraction,,
Key\Macroeconomic\Manufacturing Fraction in Industry,Activity Level,Current Accounts,Laos,"Interp(2005, 0.367054, 2006, 0.277348, 2007, 0.316999, 2008, 0.334514, 2009, 0.513573, 2010, 0.348369, 2011, 0.315758, 2012, 0.276964, 2013, 0.277228, 2014, 0.292476, 2015, 0.295743, 2016, 0.270204, 2017, 0.242101, 2018, 0.236363, 2019, 0.242419, 2020, 0.251938, 2021, 0.246635, 2022, 0.266961, 2023, 0.312099, 2024, 0.35178) ? AMS Socioeconomic Data AEO9",fraction,,
Key\Macroeconomic\Manufacturing Fraction in Industry,Activity Level,Current Accounts,Malaysia,"Interp(2005, 0.594149, 2006, 0.59262, 2007, 0.585761, 2008, 0.544522, 2009, 0.580947, 2010, 0.578627, 2011, 0.585578, 2012, 0.576509, 2013, 0.57266, 2014, 0.572931, 2015, 0.579805, 2016, 0.578425, 2017, 0.57317, 2018, 0.562218, 2019, 0.571263, 2020, 0.61868, 2021, 0.619997, 2022, 0.596783, 2023, 0.61103, 2024, 0.606785) ? AMS Socioeconomic Data AEO9",fraction,,
Key\Macroeconomic\Manufacturing Fraction in Industry,Activity Level,Current Accounts,Myanmar,"Interp(2005, 0.731012, 2006, 0.727354, 2007, 0.7294, 2008, 0.74213, 2009, 0.736937, 2010, 0.750417, 2011, 0.630242, 2012, 0.620651, 2013, 0.615406, 2014, 0.577875, 2015, 0.60368, 2016, 0.628486, 2017, 0.648235, 2018, 0.659298, 2019, 0.652261, 2020, 0.661991, 2021, 0.689824, 2022, 0.668274) ? AMS Socioeconomic Data AEO9",fraction,,
Key\Macroeconomic\Manufacturing Fraction in Industry,Activity Level,Current Accounts,Philippines,"Interp(2005, 0.717754, 2006, 0.712114, 2007, 0.701524, 2008, 0.710162, 2009, 0.689621, 2010, 0.677783, 2011, 0.692573, 2012, 0.679265, 2013, 0.663987, 2014, 0.662698, 2015, 0.653765, 2016, 0.646845, 2017, 0.647276, 2018, 0.624866, 2019, 0.61055, 2020, 0.621769, 2021, 0.610599, 2022, 0.589618, 2023, 0.575592, 2024, 0.566085) ? AMS Socioeconomic Data AEO9",fraction,,
Key\Macroeconomic\Manufacturing Fraction in Industry,Activity Level,Current Accounts,Singapore,"Interp(2005, 0.862107, 2006, 0.860288, 2007, 0.844004, 2008, 0.779307, 2009, 0.750412, 2010, 0.779919, 2011, 0.775252, 2012, 0.763994, 2013, 0.752404, 2014, 0.744761, 2015, 0.744784, 2016, 0.751713, 2017, 0.789298, 2018, 0.816292, 2019, 0.806126, 2020, 0.845636, 2021, 0.838263, 2022, 0.824459, 2023, 0.76653, 2024, 0.76402) ? AMS Socioeconomic Data AEO9",fraction,,
Key\Macroeconomic\Manufacturing Fraction in Industry,Activity Level,Current Accounts,Thailand,"Interp(2005, 0.769118, 2006, 0.770639, 2007, 0.775713, 2008, 0.773937, 2009, 0.763098, 2010, 0.774778, 2011, 0.763423, 2012, 0.749063, 2013, 0.74769, 2014, 0.750033, 2015, 0.756625, 2016, 0.762762, 2017, 0.771438, 2018, 0.768881, 2019, 0.762686, 2020, 0.767641, 2021, 0.775058, 2022, 0.769424, 2023, 0.757398, 2024, 0.757011) ? AMS Socioeconomic Data AEO9",fraction,,
Key\Macroeconomic\Manufacturing Fraction in Industry,Activity Level,Current Accounts,Timor Leste,"Interp(2005, 0.462527, 2006, 0.497021, 2007, 0.388662, 2008, 0.218595, 2009, 0.138037, 2010, 0.110448, 2011, 0.070096, 2012, 0.062074, 2013, 0.035976, 2014, 0.045739, 2015, 0.053006, 2016, 0.05724, 2017, 0.098997, 2018, 0.102554, 2019, 0.134536, 2020, 0.152134, 2021, 0.140044, 2022, 0.187406, 2023, 0.154817) ? AMS Socioeconomic Data AEO9",fraction,,
Key\Macroeconomic\Manufacturing Fraction in Industry,Activity Level,Current Accounts,Vietnam,"Interp(2005, 0.493646, 2006, 0.50229, 2007, 0.503236, 2008, 0.501101, 2009, 0.489487, 2010, 0.518749, 2011, 0.540599, 2012, 0.565364, 2013, 0.581514, 2014, 0.577112, 2015, 0.611678, 2016, 0.629873, 2017, 0.639358, 2018, 0.639453, 2019, 0.646323, 2020, 0.651737, 2021, 0.654142, 2022, 0.640719, 2023, 0.640011, 2024, 0.64903) ? AMS Socioeconomic Data AEO9",fraction,,
Key\Macroeconomic\Manufacturing Fraction in Industry,Activity Level,Regional Aspiration Scenario,Base Template,0,fraction,,
Key\Macroeconomic\Manufacturing Fraction in Industry,Activity Level,Regional Aspiration Scenario,Brunei,"Interp(2005, 0.171989, 2006, 0.144358, 2007, 0.145588, 2008, 0.184958, 2009, 0.213582, 2010, 0.217139, 2011, 0.223071, 2012, 0.228784, 2013, 0.235615, 2014, 0.237707, 2015, 0.236751, 2016, 0.200051, 2017, 0.211957, 2018, 0.222411, 2019, 0.217582, 2020, 0.266682, 2021, 0.295278, 2022, 0.325706, 2023, 0.302209, 2024, 0.301176) ? AMS Socioeconomic Data AEO9",fraction,,
Key\Macroeconomic\Manufacturing Fraction in Industry,Activity Level,Regional Aspiration Scenario,Cambodia,"Interp(2005, 0.757841, 2006, 0.76022, 2007, 0.755893, 2008, 0.755866, 2009, 0.746764, 2010, 0.757178, 2011, 0.772377, 2012, 0.757714, 2013, 0.746027, 2014, 0.728682, 2015, 0.713742, 2016, 0.687739, 2017, 0.675114, 2018, 0.639151, 2019, 0.630433, 2020, 0.640673, 2021, 0.661051, 2022, 0.663706, 2023, 0.649917, 2024, 0.660309) ? AMS Socioeconomic Data AEO9",fraction,,
Key\Macroeconomic\Manufacturing Fraction in Industry,Activity Level,Regional Aspiration Scenario,Indonesia,"Interp(2005, 0.588889, 2006, 0.58661, 2007, 0.577968, 2008, 0.578732, 2009, 0.55308, 2010, 0.515212, 2011, 0.49554, 2012, 0.492065, 2013, 0.493218, 2014, 0.502647, 2015, 0.524018, 2016, 0.522101, 2017, 0.511947, 2018, 0.499958, 2019, 0.505845, 2020, 0.519541, 2021, 0.482962, 2022, 0.442591, 2023, 0.464182, 2024, 0.482826) ? AMS Socioeconomic Data AEO9",fraction,,
Key\Macroeconomic\Manufacturing Fraction in Industry,Activity Level,Regional Aspiration Scenario,Laos,"Interp(2005, 0.367054, 2006, 0.277348, 2007, 0.316999, 2008, 0.334514, 2009, 0.513573, 2010, 0.348369, 2011, 0.315758, 2012, 0.276964, 2013, 0.277228, 2014, 0.292476, 2015, 0.295743, 2016, 0.270204, 2017, 0.242101, 2018, 0.236363, 2019, 0.242419, 2020, 0.251938, 2021, 0.246635, 2022, 0.266961, 2023, 0.312099, 2024, 0.35178) ? AMS Socioeconomic Data AEO9",fraction,,
Key\Macroeconomic\Manufacturing Fraction in Industry,Activity Level,Regional Aspiration Scenario,Malaysia,"Interp(2005, 0.594149, 2006, 0.59262, 2007, 0.585761, 2008, 0.544522, 2009, 0.580947, 2010, 0.578627, 2011, 0.585578, 2012, 0.576509, 2013, 0.57266, 2014, 0.572931, 2015, 0.579805, 2016, 0.578425, 2017, 0.57317, 2018, 0.562218, 2019, 0.571263, 2020, 0.61868, 2021, 0.619997, 2022, 0.596783, 2023, 0.61103, 2024, 0.606785) ? AMS Socioeconomic Data AEO9",fraction,,
Key\Macroeconomic\Manufacturing Fraction in Industry,Activity Level,Regional Aspiration Scenario,Myanmar,"Interp(2005, 0.731012, 2006, 0.727354, 2007, 0.7294, 2008, 0.74213, 2009, 0.736937, 2010, 0.750417, 2011, 0.630242, 2012, 0.620651, 2013, 0.615406, 2014, 0.577875, 2015, 0.60368, 2016, 0.628486, 2017, 0.648235, 2018, 0.659298, 2019, 0.652261, 2020, 0.661991, 2021, 0.689824, 2022, 0.668274) ? AMS Socioeconomic Data AEO9",fraction,,
Key\Macroeconomic\Manufacturing Fraction in Industry,Activity Level,Regional Aspiration Scenario,Philippines,"Interp(2005, 0.717754, 2006, 0.712114, 2007, 0.701524, 2008, 0.710162, 2009, 0.689621, 2010, 0.677783, 2011, 0.692573, 2012, 0.679265, 2013, 0.663987, 2014, 0.662698, 2015, 0.653765, 2016, 0.646845, 2017, 0.647276, 2018, 0.624866, 2019, 0.61055, 2020, 0.621769, 2021, 0.610599, 2022, 0.589618, 2023, 0.575592, 2024, 0.566085) ? AMS Socioeconomic Data AEO9",fraction,,
Key\Macroeconomic\Manufacturing Fraction in Industry,Activity Level,Regional Aspiration Scenario,Singapore,"Interp(2005, 0.862107, 2006, 0.860288, 2007, 0.844004, 2008, 0.779307, 2009, 0.750412, 2010, 0.779919, 2011, 0.775252, 2012, 0.763994, 2013, 0.752404, 2014, 0.744761, 2015, 0.744784, 2016, 0.751713, 2017, 0.789298, 2018, 0.816292, 2019, 0.806126, 2020, 0.845636, 2021, 0.838263, 2022, 0.824459, 2023, 0.76653, 2024, 0.76402) ? AMS Socioeconomic Data AEO9",fraction,,
Key\Macroeconomic\Manufacturing Fraction in Industry,Activity Level,Regional Aspiration Scenario,Thailand,"Interp(2005, 0.769118, 2006, 0.770639, 2007, 0.775713, 2008, 0.773937, 2009, 0.763098, 2010, 0.774778, 2011, 0.763423, 2012, 0.749063, 2013, 0.74769, 2014, 0.750033, 2015, 0.756625, 2016, 0.762762, 2017, 0.771438, 2018, 0.768881, 2019, 0.762686, 2020, 0.767641, 2021, 0.775058, 2022, 0.769424, 2023, 0.757398, 2024, 0.757011) ? AMS Socioeconomic Data AEO9",fraction,,
Key\Macroeconomic\Manufacturing Fraction in Industry,Activity Level,Regional Aspiration Scenario,Timor Leste,"Interp(2005, 0.462527, 2006, 0.497021, 2007, 0.388662, 2008, 0.218595, 2009, 0.138037, 2010, 0.110448, 2011, 0.070096, 2012, 0.062074, 2013, 0.035976, 2014, 0.045739, 2015, 0.053006, 2016, 0.05724, 2017, 0.098997, 2018, 0.102554, 2019, 0.134536, 2020, 0.152134, 2021, 0.140044, 2022, 0.187406, 2023, 0.154817) ? AMS Socioeconomic Data AEO9",fraction,,
Key\Macroeconomic\Manufacturing Fraction in Industry,Activity Level,Regional Aspiration Scenario,Vietnam,"Interp(2005, 0.493646, 2006, 0.50229, 2007, 0.503236, 2008, 0.501101, 2009, 0.489487, 2010, 0.518749, 2011, 0.540599, 2012, 0.565364, 2013, 0.581514, 2014, 0.577112, 2015, 0.611678, 2016, 0.629873, 2017, 0.639358, 2018, 0.639453, 2019, 0.646323, 2020, 0.651737, 2021, 0.654142, 2022, 0.640719, 2023, 0.640011, 2024, 0.64903) ? AMS Socioeconomic Data AEO9",fraction,,
Key\Macroeconomic\Real GDP Industry,Activity Level,AMS Target Scenario,ALL (12 regions),GDP[Million 2021 USD] * Industry Fraction in GDP[fraction],2021 USD,Million,
Key\Macroeconomic\Real GDP Industry,Activity Level,Baseline Simulation,ALL (12 regions),GDP[Million 2021 USD] * Industry Fraction in GDP[fraction],2021 USD,Million,
Key\Macroeconomic\Real GDP Industry,Activity Level,Current Accounts,ALL (12 regions),GDP[Million 2021 USD] * Industry Fraction in GDP[fraction],2021 USD,Million,
Key\Macroeconomic\Real GDP Industry,Activity Level,Regional Aspiration Scenario,ALL (12 regions),GDP[Million 2021 USD] * Industry Fraction in GDP[fraction],2021 USD,Million,
