ams,branch,variable,expression,unit,fuel,source,note,src_csv,domain,data_confidence,scenario
Brunei,Transformation\Diesel Blending\Processes\Biodiesel,Maximum_Share_of_Production,"Max(Minimum Share of Production, Interp(2025, 0, 2026, 2.7081, 2027, 5.4326, 2030, 10.9312, 2035, 18.3673, 2040, 27.8351, 2045, 37.5, 2050, 47.3684, 2055, 47.3684, 2060, 47.3684))",%,Biodiesel,"blend_ceiling_ramp.csv (bioenergy team 20260722); vol%->energy% via canon Moebius transform (E_bio/E_fossil from canon Minimum Share of Production, v0.67 slice lines 624/1980 - canon VALUE may be stale)","R6/R7 wrapper: reference FIRST, numeric LAST (S11.2e). Max() guarantees ceiling >= canon floor at every year. RAS only: ATS/BAS carry Optimize=No so the bound is inert; canon has NO Current Accounts row for this variable.",blend_ceiling_ramp.csv,blend_ceiling,Low,Regional Aspiration Scenario
Cambodia,Transformation\Diesel Blending\Processes\Biodiesel,Maximum_Share_of_Production,"Max(Minimum Share of Production, Interp(2025, 0, 2026, 2.7081, 2027, 5.4326, 2030, 10.9312, 2035, 18.3673, 2040, 27.8351, 2045, 37.5, 2050, 47.3684, 2055, 47.3684, 2060, 47.3684))",%,Biodiesel,"blend_ceiling_ramp.csv (bioenergy team 20260722); vol%->energy% via canon Moebius transform (E_bio/E_fossil from canon Minimum Share of Production, v0.67 slice lines 624/1980 - canon VALUE may be stale)","R6/R7 wrapper: reference FIRST, numeric LAST (S11.2e). Max() guarantees ceiling >= canon floor at every year. RAS only: ATS/BAS carry Optimize=No so the bound is inert; canon has NO Current Accounts row for this variable.",blend_ceiling_ramp.csv,blend_ceiling,Low,Regional Aspiration Scenario
Indonesia,Transformation\Diesel Blending\Processes\Biodiesel,Maximum_Share_of_Production,"Max(Minimum Share of Production, Interp(2025, 31.7735, 2026, 47.3684, 2027, 47.3684, 2030, 47.3684, 2035, 47.3684, 2040, 47.3684, 2045, 47.3684, 2050, 47.3684, 2055, 47.3684, 2060, 47.3684))",%,Biodiesel,"blend_ceiling_ramp.csv (bioenergy team 20260722); vol%->energy% via canon Moebius transform (E_bio/E_fossil from canon Minimum Share of Production, v0.67 slice lines 624/1980 - canon VALUE may be stale)","R6/R7 wrapper: reference FIRST, numeric LAST (S11.2e). Max() guarantees ceiling >= canon floor at every year. RAS only: ATS/BAS carry Optimize=No so the bound is inert; canon has NO Current Accounts row for this variable.",blend_ceiling_ramp.csv,blend_ceiling,Low,Regional Aspiration Scenario
Laos,Transformation\Diesel Blending\Processes\Biodiesel,Maximum_Share_of_Production,"Max(Minimum Share of Production, Interp(2025, 0, 2026, 2.7081, 2027, 5.4326, 2030, 10.9312, 2035, 18.3673, 2040, 27.8351, 2045, 37.5, 2050, 47.3684, 2055, 47.3684, 2060, 47.3684))",%,Biodiesel,"blend_ceiling_ramp.csv (bioenergy team 20260722); vol%->energy% via canon Moebius transform (E_bio/E_fossil from canon Minimum Share of Production, v0.67 slice lines 624/1980 - canon VALUE may be stale)","R6/R7 wrapper: reference FIRST, numeric LAST (S11.2e). Max() guarantees ceiling >= canon floor at every year. RAS only: ATS/BAS carry Optimize=No so the bound is inert; canon has NO Current Accounts row for this variable.",blend_ceiling_ramp.csv,blend_ceiling,Low,Regional Aspiration Scenario
Malaysia,Transformation\Diesel Blending\Processes\Biodiesel,Maximum_Share_of_Production,"Max(Minimum Share of Production, Interp(2025, 10.9312, 2026, 13.7056, 2027, 13.7056, 2030, 13.7056, 2035, 18.3673, 2040, 27.8351, 2045, 37.5, 2050, 47.3684, 2055, 47.3684, 2060, 47.3684))",%,Biodiesel,"blend_ceiling_ramp.csv (bioenergy team 20260722); vol%->energy% via canon Moebius transform (E_bio/E_fossil from canon Minimum Share of Production, v0.67 slice lines 624/1980 - canon VALUE may be stale)","R6/R7 wrapper: reference FIRST, numeric LAST (S11.2e). Max() guarantees ceiling >= canon floor at every year. RAS only: ATS/BAS carry Optimize=No so the bound is inert; canon has NO Current Accounts row for this variable.",blend_ceiling_ramp.csv,blend_ceiling,Low,Regional Aspiration Scenario
Myanmar,Transformation\Diesel Blending\Processes\Biodiesel,Maximum_Share_of_Production,"Max(Minimum Share of Production, Interp(2025, 0, 2026, 2.7081, 2027, 5.4326, 2030, 10.9312, 2035, 18.3673, 2040, 27.8351, 2045, 37.5, 2050, 47.3684, 2055, 47.3684, 2060, 47.3684))",%,Biodiesel,"blend_ceiling_ramp.csv (bioenergy team 20260722); vol%->energy% via canon Moebius transform (E_bio/E_fossil from canon Minimum Share of Production, v0.67 slice lines 624/1980 - canon VALUE may be stale)","R6/R7 wrapper: reference FIRST, numeric LAST (S11.2e). Max() guarantees ceiling >= canon floor at every year. RAS only: ATS/BAS carry Optimize=No so the bound is inert; canon has NO Current Accounts row for this variable.",blend_ceiling_ramp.csv,blend_ceiling,Low,Regional Aspiration Scenario
Philippines,Transformation\Diesel Blending\Processes\Biodiesel,Maximum_Share_of_Production,"Max(Minimum Share of Production, Interp(2025, 2.9798, 2026, 5.7059, 2027, 8.1736, 2030, 10.9312, 2035, 18.3673, 2040, 27.8351, 2045, 37.5, 2050, 47.3684, 2055, 47.3684, 2060, 47.3684))",%,Biodiesel,"blend_ceiling_ramp.csv (bioenergy team 20260722); vol%->energy% via canon Moebius transform (E_bio/E_fossil from canon Minimum Share of Production, v0.67 slice lines 624/1980 - canon VALUE may be stale)","R6/R7 wrapper: reference FIRST, numeric LAST (S11.2e). Max() guarantees ceiling >= canon floor at every year. RAS only: ATS/BAS carry Optimize=No so the bound is inert; canon has NO Current Accounts row for this variable.",blend_ceiling_ramp.csv,blend_ceiling,Low,Regional Aspiration Scenario
Singapore,Transformation\Diesel Blending\Processes\Biodiesel,Maximum_Share_of_Production,"Max(Minimum Share of Production, Interp(2025, 0, 2026, 2.7081, 2027, 5.4326, 2030, 10.9312, 2035, 18.3673, 2040, 27.8351, 2045, 37.5, 2050, 47.3684, 2055, 47.3684, 2060, 47.3684))",%,Biodiesel,"blend_ceiling_ramp.csv (bioenergy team 20260722); vol%->energy% via canon Moebius transform (E_bio/E_fossil from canon Minimum Share of Production, v0.67 slice lines 624/1980 - canon VALUE may be stale)","R6/R7 wrapper: reference FIRST, numeric LAST (S11.2e). Max() guarantees ceiling >= canon floor at every year. RAS only: ATS/BAS carry Optimize=No so the bound is inert; canon has NO Current Accounts row for this variable.",blend_ceiling_ramp.csv,blend_ceiling,Low,Regional Aspiration Scenario
Thailand,Transformation\Diesel Blending\Processes\Biodiesel,Maximum_Share_of_Production,"Max(Minimum Share of Production, Interp(2025, 7.441, 2026, 7.441, 2027, 8.1736, 2030, 10.9312, 2035, 18.3673, 2040, 27.8351, 2045, 37.5, 2050, 47.3684, 2055, 47.3684, 2060, 47.3684))",%,Biodiesel,"blend_ceiling_ramp.csv (bioenergy team 20260722); vol%->energy% via canon Moebius transform (E_bio/E_fossil from canon Minimum Share of Production, v0.67 slice lines 624/1980 - canon VALUE may be stale)","R6/R7 wrapper: reference FIRST, numeric LAST (S11.2e). Max() guarantees ceiling >= canon floor at every year. RAS only: ATS/BAS carry Optimize=No so the bound is inert; canon has NO Current Accounts row for this variable.",blend_ceiling_ramp.csv,blend_ceiling,Low,Regional Aspiration Scenario
Vietnam,Transformation\Diesel Blending\Processes\Biodiesel,Maximum_Share_of_Production,"Max(Minimum Share of Production, Interp(2025, 0, 2026, 2.7081, 2027, 5.4326, 2030, 10.9312, 2035, 18.3673, 2040, 27.8351, 2045, 37.5, 2050, 47.3684, 2055, 47.3684, 2060, 47.3684))",%,Biodiesel,"blend_ceiling_ramp.csv (bioenergy team 20260722); vol%->energy% via canon Moebius transform (E_bio/E_fossil from canon Minimum Share of Production, v0.67 slice lines 624/1980 - canon VALUE may be stale)","R6/R7 wrapper: reference FIRST, numeric LAST (S11.2e). Max() guarantees ceiling >= canon floor at every year. RAS only: ATS/BAS carry Optimize=No so the bound is inert; canon has NO Current Accounts row for this variable.",blend_ceiling_ramp.csv,blend_ceiling,Low,Regional Aspiration Scenario
Brunei,Transformation\Gasoline Blending\Processes\Ethanol,Maximum_Share_of_Production,"Max(Minimum Share of Production, Interp(2025, 0, 2026, 1.8128, 2027, 3.6705, 2030, 9.5306, 2035, 12.9861, 2040, 12.9861, 2045, 12.9861, 2050, 12.9861, 2055, 12.9861, 2060, 12.9861))",%,Bioethanol,"blend_ceiling_ramp.csv (bioenergy team 20260722); vol%->energy% via canon Moebius transform (E_bio/E_fossil from canon Minimum Share of Production, v0.67 slice lines 624/1980 - canon VALUE may be stale)","R6/R7 wrapper: reference FIRST, numeric LAST (S11.2e). Max() guarantees ceiling >= canon floor at every year. RAS only: ATS/BAS carry Optimize=No so the bound is inert; canon has NO Current Accounts row for this variable.",blend_ceiling_ramp.csv,blend_ceiling,Low,Regional Aspiration Scenario
Cambodia,Transformation\Gasoline Blending\Processes\Ethanol,Maximum_Share_of_Production,"Max(Minimum Share of Production, Interp(2025, 0, 2026, 1.8128, 2027, 3.6705, 2030, 9.5306, 2035, 12.9861, 2040, 12.9861, 2045, 12.9861, 2050, 12.9861, 2055, 12.9861, 2060, 12.9861))",%,Bioethanol,"blend_ceiling_ramp.csv (bioenergy team 20260722); vol%->energy% via canon Moebius transform (E_bio/E_fossil from canon Minimum Share of Production, v0.67 slice lines 624/1980 - canon VALUE may be stale)","R6/R7 wrapper: reference FIRST, numeric LAST (S11.2e). Max() guarantees ceiling >= canon floor at every year. RAS only: ATS/BAS carry Optimize=No so the bound is inert; canon has NO Current Accounts row for this variable.",blend_ceiling_ramp.csv,blend_ceiling,Low,Regional Aspiration Scenario
Indonesia,Transformation\Gasoline Blending\Processes\Ethanol,Maximum_Share_of_Production,"Max(Minimum Share of Production, Interp(2025, 0, 2026, 1.8128, 2027, 3.6705, 2030, 9.5306, 2035, 12.9861, 2040, 12.9861, 2045, 12.9861, 2050, 12.9861, 2055, 12.9861, 2060, 12.9861))",%,Bioethanol,"blend_ceiling_ramp.csv (bioenergy team 20260722); vol%->energy% via canon Moebius transform (E_bio/E_fossil from canon Minimum Share of Production, v0.67 slice lines 624/1980 - canon VALUE may be stale)","R6/R7 wrapper: reference FIRST, numeric LAST (S11.2e). Max() guarantees ceiling >= canon floor at every year. RAS only: ATS/BAS carry Optimize=No so the bound is inert; canon has NO Current Accounts row for this variable.",blend_ceiling_ramp.csv,blend_ceiling,Low,Regional Aspiration Scenario
Laos,Transformation\Gasoline Blending\Processes\Ethanol,Maximum_Share_of_Production,"Max(Minimum Share of Production, Interp(2025, 0, 2026, 1.8128, 2027, 3.6705, 2030, 9.5306, 2035, 12.9861, 2040, 12.9861, 2045, 12.9861, 2050, 12.9861, 2055, 12.9861, 2060, 12.9861))",%,Bioethanol,"blend_ceiling_ramp.csv (bioenergy team 20260722); vol%->energy% via canon Moebius transform (E_bio/E_fossil from canon Minimum Share of Production, v0.67 slice lines 624/1980 - canon VALUE may be stale)","R6/R7 wrapper: reference FIRST, numeric LAST (S11.2e). Max() guarantees ceiling >= canon floor at every year. RAS only: ATS/BAS carry Optimize=No so the bound is inert; canon has NO Current Accounts row for this variable.",blend_ceiling_ramp.csv,blend_ceiling,Low,Regional Aspiration Scenario
Malaysia,Transformation\Gasoline Blending\Processes\Ethanol,Maximum_Share_of_Production,"Max(Minimum Share of Production, Interp(2025, 0, 2026, 1.8128, 2027, 3.6705, 2030, 9.5306, 2035, 12.9861, 2040, 12.9861, 2045, 12.9861, 2050, 12.9861, 2055, 12.9861, 2060, 12.9861))",%,Bioethanol,"blend_ceiling_ramp.csv (bioenergy team 20260722); vol%->energy% via canon Moebius transform (E_bio/E_fossil from canon Minimum Share of Production, v0.67 slice lines 624/1980 - canon VALUE may be stale)","R6/R7 wrapper: reference FIRST, numeric LAST (S11.2e). Max() guarantees ceiling >= canon floor at every year. RAS only: ATS/BAS carry Optimize=No so the bound is inert; canon has NO Current Accounts row for this variable.",blend_ceiling_ramp.csv,blend_ceiling,Low,Regional Aspiration Scenario
Myanmar,Transformation\Gasoline Blending\Processes\Ethanol,Maximum_Share_of_Production,"Max(Minimum Share of Production, Interp(2025, 0, 2026, 1.8128, 2027, 3.6705, 2030, 9.5306, 2035, 12.9861, 2040, 12.9861, 2045, 12.9861, 2050, 12.9861, 2055, 12.9861, 2060, 12.9861))",%,Bioethanol,"blend_ceiling_ramp.csv (bioenergy team 20260722); vol%->energy% via canon Moebius transform (E_bio/E_fossil from canon Minimum Share of Production, v0.67 slice lines 624/1980 - canon VALUE may be stale)","R6/R7 wrapper: reference FIRST, numeric LAST (S11.2e). Max() guarantees ceiling >= canon floor at every year. RAS only: ATS/BAS carry Optimize=No so the bound is inert; canon has NO Current Accounts row for this variable.",blend_ceiling_ramp.csv,blend_ceiling,Low,Regional Aspiration Scenario
Philippines,Transformation\Gasoline Blending\Processes\Ethanol,Maximum_Share_of_Production,"Max(Minimum Share of Production, Interp(2025, 6.2852, 2026, 6.8712, 2027, 7.5276, 2030, 9.5306, 2035, 12.9861, 2040, 12.9861, 2045, 12.9861, 2050, 12.9861, 2055, 12.9861, 2060, 12.9861))",%,Bioethanol,"blend_ceiling_ramp.csv (bioenergy team 20260722); vol%->energy% via canon Moebius transform (E_bio/E_fossil from canon Minimum Share of Production, v0.67 slice lines 624/1980 - canon VALUE may be stale)","R6/R7 wrapper: reference FIRST, numeric LAST (S11.2e). Max() guarantees ceiling >= canon floor at every year. RAS only: ATS/BAS carry Optimize=No so the bound is inert; canon has NO Current Accounts row for this variable.",blend_ceiling_ramp.csv,blend_ceiling,Low,Regional Aspiration Scenario
Singapore,Transformation\Gasoline Blending\Processes\Ethanol,Maximum_Share_of_Production,"Max(Minimum Share of Production, Interp(2025, 0, 2026, 1.8128, 2027, 3.6705, 2030, 9.5306, 2035, 12.9861, 2040, 12.9861, 2045, 12.9861, 2050, 12.9861, 2055, 12.9861, 2060, 12.9861))",%,Bioethanol,"blend_ceiling_ramp.csv (bioenergy team 20260722); vol%->energy% via canon Moebius transform (E_bio/E_fossil from canon Minimum Share of Production, v0.67 slice lines 624/1980 - canon VALUE may be stale)","R6/R7 wrapper: reference FIRST, numeric LAST (S11.2e). Max() guarantees ceiling >= canon floor at every year. RAS only: ATS/BAS carry Optimize=No so the bound is inert; canon has NO Current Accounts row for this variable.",blend_ceiling_ramp.csv,blend_ceiling,Low,Regional Aspiration Scenario
Thailand,Transformation\Gasoline Blending\Processes\Ethanol,Maximum_Share_of_Production,"Max(Minimum Share of Production, Interp(2025, 8.6564, 2026, 8.6564, 2027, 12.9861, 2030, 12.9861, 2035, 12.9861, 2040, 12.9861, 2045, 12.9861, 2050, 12.9861, 2055, 12.9861, 2060, 12.9861))",%,Bioethanol,"blend_ceiling_ramp.csv (bioenergy team 20260722); vol%->energy% via canon Moebius transform (E_bio/E_fossil from canon Minimum Share of Production, v0.67 slice lines 624/1980 - canon VALUE may be stale)","R6/R7 wrapper: reference FIRST, numeric LAST (S11.2e). Max() guarantees ceiling >= canon floor at every year. RAS only: ATS/BAS carry Optimize=No so the bound is inert; canon has NO Current Accounts row for this variable.",blend_ceiling_ramp.csv,blend_ceiling,Low,Regional Aspiration Scenario
Vietnam,Transformation\Gasoline Blending\Processes\Ethanol,Maximum_Share_of_Production,"Max(Minimum Share of Production, Interp(2025, 0.9009, 2026, 6.2203, 2027, 7.5276, 2030, 9.5306, 2035, 12.9861, 2040, 12.9861, 2045, 12.9861, 2050, 12.9861, 2055, 12.9861, 2060, 12.9861))",%,Bioethanol,"blend_ceiling_ramp.csv (bioenergy team 20260722); vol%->energy% via canon Moebius transform (E_bio/E_fossil from canon Minimum Share of Production, v0.67 slice lines 624/1980 - canon VALUE may be stale)","R6/R7 wrapper: reference FIRST, numeric LAST (S11.2e). Max() guarantees ceiling >= canon floor at every year. RAS only: ATS/BAS carry Optimize=No so the bound is inert; canon has NO Current Accounts row for this variable.",blend_ceiling_ramp.csv,blend_ceiling,Low,Regional Aspiration Scenario
Indonesia,Key\Biofuel Blending Targets\Bioethanol,Activity Level,"InterpFSY(2025, 0, 2050, 20)",Volume %,Bioethanol,"USER RULING R4 (2026-07-22) accepting the bioenergy team's E20 physical wall; 2025 anchor = observed achieved 0.0% (blend_observed_panel.csv, USDA GAIN ID2025-0029 T7, 2015-2025)","SCENARIO-NARRATIVE CHANGE. Was: InterpFSY(2025, 20, 2050, 50) (E50 by 2050). Volume % pass-through - NO energy conversion on this variable. ONE reversible row per scenario; revert by restoring the old expression. Endpoint 20 EQUALS the wall from 2050 on, so the Max() ceiling wrapper pins lb=ub in 2050/2055/2060.",USER_RULING_R4,blend_mandate,High,AMS Target Scenario
Indonesia,Key\Biofuel Blending Targets\Bioethanol,Activity Level,"InterpFSY(2025, 0, 2050, 20)",Volume %,Bioethanol,"USER RULING R4 (2026-07-22) accepting the bioenergy team's E20 physical wall; 2025 anchor = observed achieved 0.0% (blend_observed_panel.csv, USDA GAIN ID2025-0029 T7, 2015-2025)","SCENARIO-NARRATIVE CHANGE. Was: InterpFSY(2025, 20, 2050, 50) (E50 by 2050). Volume % pass-through - NO energy conversion on this variable. ONE reversible row per scenario; revert by restoring the old expression. Endpoint 20 EQUALS the wall from 2050 on, so the Max() ceiling wrapper pins lb=ub in 2050/2055/2060.",USER_RULING_R4,blend_mandate,High,Regional Aspiration Scenario
Indonesia,Key\Biofuel Blending Targets\Biodiesel,Activity Level,"InterpFSY(2025, 34.1)",Volume %,Biodiesel,USER RULING R5 (2026-07-22) uniform 2025 start; anchor from blend_ceiling_ramp.csv 2025 row (binding_reason=observed_achieved_floor) == blend_observed_panel.csv,"2025 anchor := 34.1 vol% (observed achieved 34.1% (2025, High confidence)). Post-2025 trajectory PRESERVED verbatim. Was: 0",blend_observed_panel.csv,blend_mandate,Medium,Baseline Simulation
Indonesia,Key\Biofuel Blending Targets\Biodiesel,Activity Level,"InterpFSY(2023, 35, 2025, 34.1, 2050, 50)",Volume %,Biodiesel,USER RULING R5 (2026-07-22) uniform 2025 start; anchor from blend_ceiling_ramp.csv 2025 row (binding_reason=observed_achieved_floor) == blend_observed_panel.csv,"2025 anchor := 34.1 vol% (observed achieved 34.1% (2025, High confidence)). Post-2025 trajectory PRESERVED verbatim. Was: InterpFSY(2023, 35, 2025, 40, 2050, 50)",blend_observed_panel.csv,blend_mandate,Medium,AMS Target Scenario
Indonesia,Key\Biofuel Blending Targets\Biodiesel,Activity Level,"InterpFSY(2023, 35, 2025, 34.1, 2050, 50)",Volume %,Biodiesel,USER RULING R5 (2026-07-22) uniform 2025 start; anchor from blend_ceiling_ramp.csv 2025 row (binding_reason=observed_achieved_floor) == blend_observed_panel.csv,"2025 anchor := 34.1 vol% (observed achieved 34.1% (2025, High confidence)). Post-2025 trajectory PRESERVED verbatim. Was: InterpFSY(2023, 35, 2025, 40, 2050, 50)",blend_observed_panel.csv,blend_mandate,Medium,Regional Aspiration Scenario
Laos,Key\Biofuel Blending Targets\Biodiesel,Activity Level,"InterpFSY(2025, 0, 2030, 10)",Volume %,Biodiesel,USER RULING R5 (2026-07-22) uniform 2025 start; anchor from blend_ceiling_ramp.csv 2025 row (binding_reason=observed_achieved_floor) == blend_observed_panel.csv,"2025 anchor := 0 vol% (NO observation in blend_observed_panel.csv -> 0.0). Post-2025 trajectory PRESERVED verbatim. Was: InterpFSY(2030, 10)",blend_observed_panel.csv,blend_mandate,Medium,AMS Target Scenario
Laos,Key\Biofuel Blending Targets\Biodiesel,Activity Level,"InterpFSY(2025, 0, 2030, 10)",Volume %,Biodiesel,USER RULING R5 (2026-07-22) uniform 2025 start; anchor from blend_ceiling_ramp.csv 2025 row (binding_reason=observed_achieved_floor) == blend_observed_panel.csv,"2025 anchor := 0 vol% (NO observation in blend_observed_panel.csv -> 0.0). Post-2025 trajectory PRESERVED verbatim. Was: InterpFSY(2030, 10)",blend_observed_panel.csv,blend_mandate,Medium,Regional Aspiration Scenario
Malaysia,Key\Biofuel Blending Targets\Biodiesel,Activity Level,"InterpFSY(2025, 12)",Volume %,Biodiesel,USER RULING R5 (2026-07-22) uniform 2025 start; anchor from blend_ceiling_ramp.csv 2025 row (binding_reason=observed_achieved_floor) == blend_observed_panel.csv,"2025 anchor := 12 vol% (observed achieved 12.0% (2026, Low confidence)). Post-2025 trajectory PRESERVED verbatim. Was: 0",blend_observed_panel.csv,blend_mandate,Medium,Baseline Simulation
Malaysia,Key\Biofuel Blending Targets\Biodiesel,Activity Level,"InterpFSY(2025, 12, 2030, 30)",Volume %,Biodiesel,USER RULING R5 (2026-07-22) uniform 2025 start; anchor from blend_ceiling_ramp.csv 2025 row (binding_reason=observed_achieved_floor) == blend_observed_panel.csv,"2025 anchor := 12 vol% (observed achieved 12.0% (2026, Low confidence)). Post-2025 trajectory PRESERVED verbatim. Was: InterpFSY(2030, 30)",blend_observed_panel.csv,blend_mandate,Medium,AMS Target Scenario
Malaysia,Key\Biofuel Blending Targets\Biodiesel,Activity Level,"InterpFSY(2025, 12, 2030, 30)",Volume %,Biodiesel,USER RULING R5 (2026-07-22) uniform 2025 start; anchor from blend_ceiling_ramp.csv 2025 row (binding_reason=observed_achieved_floor) == blend_observed_panel.csv,"2025 anchor := 12 vol% (observed achieved 12.0% (2026, Low confidence)). Post-2025 trajectory PRESERVED verbatim. Was: InterpFSY(2030, 30)",blend_observed_panel.csv,blend_mandate,Medium,Regional Aspiration Scenario
Philippines,Key\Biofuel Blending Targets\Biodiesel,Activity Level,"InterpFSY(2025, 3.3)",Volume %,Biodiesel,USER RULING R5 (2026-07-22) uniform 2025 start; anchor from blend_ceiling_ramp.csv 2025 row (binding_reason=observed_achieved_floor) == blend_observed_panel.csv,"2025 anchor := 3.3 vol% (observed achieved 3.3% (2025, High confidence)). Post-2025 trajectory PRESERVED verbatim. Was: InterpFSY(2025, 2.5%)",blend_observed_panel.csv,blend_mandate,Medium,Baseline Simulation
Philippines,Key\Biofuel Blending Targets\Biodiesel,Activity Level,"InterpFSY(2024, 3, 2025, 3.3, 2026, 5)",Volume %,Biodiesel,USER RULING R5 (2026-07-22) uniform 2025 start; anchor from blend_ceiling_ramp.csv 2025 row (binding_reason=observed_achieved_floor) == blend_observed_panel.csv,"2025 anchor := 3.3 vol% (observed achieved 3.3% (2025, High confidence)). Post-2025 trajectory PRESERVED verbatim. Was: InterpFSY(2024, 3, 2025, 4, 2026, 5)",blend_observed_panel.csv,blend_mandate,Medium,AMS Target Scenario
Philippines,Key\Biofuel Blending Targets\Biodiesel,Activity Level,"InterpFSY(2024, 3, 2025, 3.3, 2026, 5)",Volume %,Biodiesel,USER RULING R5 (2026-07-22) uniform 2025 start; anchor from blend_ceiling_ramp.csv 2025 row (binding_reason=observed_achieved_floor) == blend_observed_panel.csv,"2025 anchor := 3.3 vol% (observed achieved 3.3% (2025, High confidence)). Post-2025 trajectory PRESERVED verbatim. Was: InterpFSY(2024, 3, 2025, 4, 2026, 5)",blend_observed_panel.csv,blend_mandate,Medium,Regional Aspiration Scenario
Thailand,Key\Biofuel Blending Targets\Biodiesel,Activity Level,"InterpFSY(2025, 8.2)",Volume %,Biodiesel,USER RULING R5 (2026-07-22) uniform 2025 start; anchor from blend_ceiling_ramp.csv 2025 row (binding_reason=observed_achieved_floor) == blend_observed_panel.csv,"2025 anchor := 8.2 vol% (observed achieved 6.8% (2024, Medium-High confidence)). Post-2025 trajectory PRESERVED verbatim. Was: 0",blend_observed_panel.csv,blend_mandate,Medium,Baseline Simulation
Thailand,Key\Biofuel Blending Targets\Biodiesel,Activity Level,"InterpFSY(2025, 8.2, 2037, 25)",Volume %,Biodiesel,USER RULING R5 (2026-07-22) uniform 2025 start; anchor from blend_ceiling_ramp.csv 2025 row (binding_reason=observed_achieved_floor) == blend_observed_panel.csv,"2025 anchor := 8.2 vol% (observed achieved 6.8% (2024, Medium-High confidence)). Post-2025 trajectory PRESERVED verbatim. Was: InterpFSY(2037, 25)",blend_observed_panel.csv,blend_mandate,Medium,AMS Target Scenario
Thailand,Key\Biofuel Blending Targets\Biodiesel,Activity Level,"InterpFSY(2025, 8.2, 2037, 25)",Volume %,Biodiesel,USER RULING R5 (2026-07-22) uniform 2025 start; anchor from blend_ceiling_ramp.csv 2025 row (binding_reason=observed_achieved_floor) == blend_observed_panel.csv,"2025 anchor := 8.2 vol% (observed achieved 6.8% (2024, Medium-High confidence)). Post-2025 trajectory PRESERVED verbatim. Was: InterpFSY(2037, 25)",blend_observed_panel.csv,blend_mandate,Medium,Regional Aspiration Scenario
Vietnam,Key\Biofuel Blending Targets\Biodiesel,Activity Level,"Interp(2023, 0, 2025, 0, 2050, 20)",Volume %,Biodiesel,USER RULING R5 (2026-07-22) uniform 2025 start; anchor from blend_ceiling_ramp.csv 2025 row (binding_reason=observed_achieved_floor) == blend_observed_panel.csv,"2025 anchor := 0 vol% (observed achieved 0.0% (2024, High confidence)). Post-2025 trajectory PRESERVED verbatim. Was: Interp(2023,0, 2050, 20)",blend_observed_panel.csv,blend_mandate,Medium,AMS Target Scenario
Vietnam,Key\Biofuel Blending Targets\Biodiesel,Activity Level,"Interp(2023, 0, 2025, 0, 2050, 20)",Volume %,Biodiesel,USER RULING R5 (2026-07-22) uniform 2025 start; anchor from blend_ceiling_ramp.csv 2025 row (binding_reason=observed_achieved_floor) == blend_observed_panel.csv,"2025 anchor := 0 vol% (observed achieved 0.0% (2024, High confidence)). Post-2025 trajectory PRESERVED verbatim. Was: Interp(2023,0, 2050, 20)",blend_observed_panel.csv,blend_mandate,Medium,Regional Aspiration Scenario
Laos,Key\Biofuel Blending Targets\Bioethanol,Activity Level,"InterpFSY(2025, 0, 2030, 10)",Volume %,Bioethanol,USER RULING R5 (2026-07-22) uniform 2025 start; anchor from blend_ceiling_ramp.csv 2025 row (binding_reason=observed_achieved_floor) == blend_observed_panel.csv,"2025 anchor := 0 vol% (NO observation in blend_observed_panel.csv -> 0.0). Post-2025 trajectory PRESERVED verbatim. Was: InterpFSY(2030, 10)",blend_observed_panel.csv,blend_mandate,Medium,AMS Target Scenario
Laos,Key\Biofuel Blending Targets\Bioethanol,Activity Level,"InterpFSY(2025, 0, 2030, 10)",Volume %,Bioethanol,USER RULING R5 (2026-07-22) uniform 2025 start; anchor from blend_ceiling_ramp.csv 2025 row (binding_reason=observed_achieved_floor) == blend_observed_panel.csv,"2025 anchor := 0 vol% (NO observation in blend_observed_panel.csv -> 0.0). Post-2025 trajectory PRESERVED verbatim. Was: InterpFSY(2030, 10)",blend_observed_panel.csv,blend_mandate,Medium,Regional Aspiration Scenario
Philippines,Key\Biofuel Blending Targets\Bioethanol,Activity Level,"InterpFSY(2025, 10.1)",Volume %,Bioethanol,USER RULING R5 (2026-07-22) uniform 2025 start; anchor from blend_ceiling_ramp.csv 2025 row (binding_reason=observed_achieved_floor) == blend_observed_panel.csv,"2025 anchor := 10.1 vol% (observed achieved 10.1% (2025, Medium-High confidence)). Post-2025 trajectory PRESERVED verbatim. Was: 0",blend_observed_panel.csv,blend_mandate,Medium,Baseline Simulation
Philippines,Key\Biofuel Blending Targets\Bioethanol,Activity Level,"InterpFSY(2025, 10.1, 2026, 10)",Volume %,Bioethanol,USER RULING R5 (2026-07-22) uniform 2025 start; anchor from blend_ceiling_ramp.csv 2025 row (binding_reason=observed_achieved_floor) == blend_observed_panel.csv,"2025 anchor := 10.1 vol% (observed achieved 10.1% (2025, Medium-High confidence)). Post-2025 trajectory PRESERVED verbatim. Was: InterpFSY(2026, 10)",blend_observed_panel.csv,blend_mandate,Medium,AMS Target Scenario
Philippines,Key\Biofuel Blending Targets\Bioethanol,Activity Level,"InterpFSY(2025, 10.1, 2026, 10)",Volume %,Bioethanol,USER RULING R5 (2026-07-22) uniform 2025 start; anchor from blend_ceiling_ramp.csv 2025 row (binding_reason=observed_achieved_floor) == blend_observed_panel.csv,"2025 anchor := 10.1 vol% (observed achieved 10.1% (2025, Medium-High confidence)). Post-2025 trajectory PRESERVED verbatim. Was: InterpFSY(2026, 10)",blend_observed_panel.csv,blend_mandate,Medium,Regional Aspiration Scenario
Thailand,Key\Biofuel Blending Targets\Bioethanol,Activity Level,"InterpFSY(2025, 13.7)",Volume %,Bioethanol,USER RULING R5 (2026-07-22) uniform 2025 start; anchor from blend_ceiling_ramp.csv 2025 row (binding_reason=observed_achieved_floor) == blend_observed_panel.csv,"2025 anchor := 13.7 vol% (observed achieved 11.3% (2024, Medium confidence)). Post-2025 trajectory PRESERVED verbatim. Was: 0",blend_observed_panel.csv,blend_mandate,Medium,Baseline Simulation
Thailand,Key\Biofuel Blending Targets\Bioethanol,Activity Level,"InterpFSY(2025, 13.7, 2050, 20)",Volume %,Bioethanol,USER RULING R5 (2026-07-22) uniform 2025 start; anchor from blend_ceiling_ramp.csv 2025 row (binding_reason=observed_achieved_floor) == blend_observed_panel.csv,"2025 anchor := 13.7 vol% (observed achieved 11.3% (2024, Medium confidence)). Post-2025 trajectory PRESERVED verbatim. Was: InterpFSY(2050, 20)",blend_observed_panel.csv,blend_mandate,Medium,AMS Target Scenario
Thailand,Key\Biofuel Blending Targets\Bioethanol,Activity Level,"InterpFSY(2025, 13.7, 2050, 20)",Volume %,Bioethanol,USER RULING R5 (2026-07-22) uniform 2025 start; anchor from blend_ceiling_ramp.csv 2025 row (binding_reason=observed_achieved_floor) == blend_observed_panel.csv,"2025 anchor := 13.7 vol% (observed achieved 11.3% (2024, Medium confidence)). Post-2025 trajectory PRESERVED verbatim. Was: InterpFSY(2050, 20)",blend_observed_panel.csv,blend_mandate,Medium,Regional Aspiration Scenario
Vietnam,Key\Biofuel Blending Targets\Bioethanol,Activity Level,"InterpFSY(2025, 1.5)",Volume %,Bioethanol,USER RULING R5 (2026-07-22) uniform 2025 start; anchor from blend_ceiling_ramp.csv 2025 row (binding_reason=observed_achieved_floor) == blend_observed_panel.csv,"2025 anchor := 1.5 vol% (observed achieved 1.5% (2024, Low-Medium confidence)). Post-2025 trajectory PRESERVED verbatim. Was: 0",blend_observed_panel.csv,blend_mandate,Medium,Baseline Simulation
Vietnam,Key\Biofuel Blending Targets\Bioethanol,Activity Level,"Interp(2023, 0, 2025, 1.5, 2050, 20)",Volume %,Bioethanol,USER RULING R5 (2026-07-22) uniform 2025 start; anchor from blend_ceiling_ramp.csv 2025 row (binding_reason=observed_achieved_floor) == blend_observed_panel.csv,"2025 anchor := 1.5 vol% (observed achieved 1.5% (2024, Low-Medium confidence)). Post-2025 trajectory PRESERVED verbatim. Was: Interp(2023,0, 2050, 20)",blend_observed_panel.csv,blend_mandate,Medium,AMS Target Scenario
Vietnam,Key\Biofuel Blending Targets\Bioethanol,Activity Level,"Interp(2023, 0, 2025, 1.5, 2050, 20)",Volume %,Bioethanol,USER RULING R5 (2026-07-22) uniform 2025 start; anchor from blend_ceiling_ramp.csv 2025 row (binding_reason=observed_achieved_floor) == blend_observed_panel.csv,"2025 anchor := 1.5 vol% (observed achieved 1.5% (2024, Low-Medium confidence)). Post-2025 trajectory PRESERVED verbatim. Was: Interp(2023,0, 2050, 20)",blend_observed_panel.csv,blend_mandate,Medium,Regional Aspiration Scenario
Brunei,Transformation\Biodiesel Production\Processes\CME Biodiesel,Maximum Capacity,"Max(Exogenous Capacity, Interp(2025, 0.0, 2030, 0.0, 2035, 0.0, 2040, 0.0, 2045, 0.0, 2050, 0.0, 2055, 0.0, 2060, 0.0))",Million Gigajoules/Year,Biodiesel,"USDA FAS GAIN Biofuels Annuals 2024 (per-country); national association registers (APROBI ID, MBA MY, DEDE TH, PCA PH, Petrolimex VN)","R7 wrapper: reference FIRST, numeric/Interp LAST (S11.2e). Prevents LEAP's 'Maximum capacity constraint is less than exogenous capacity' halt. Values are the team's, native unit, pass-through (no conversion). Original note: baseline_2023=0.0 Mt/yr; max_addition_rate=0.0 Mt/yr/yr (empirical history); practical_ceiling=0.0 Mt (5x baseline or 0.5 Mt greenfield); LEAP team to verify Variable name + Units match RAS schema (may be 'Mt/yr' or 'PJ/",biomass_supply_cap_rows.csv (20260721 handover),refining_capacity,Low,Regional Aspiration Scenario
Cambodia,Transformation\Biodiesel Production\Processes\CME Biodiesel,Maximum Capacity,"Max(Exogenous Capacity, Interp(2025, 0.0, 2030, 0.0, 2035, 0.0, 2040, 0.0, 2045, 0.0, 2050, 0.0, 2055, 0.0, 2060, 0.0))",Million Gigajoules/Year,Biodiesel,"USDA FAS GAIN Biofuels Annuals 2024 (per-country); national association registers (APROBI ID, MBA MY, DEDE TH, PCA PH, Petrolimex VN)","R7 wrapper: reference FIRST, numeric/Interp LAST (S11.2e). Prevents LEAP's 'Maximum capacity constraint is less than exogenous capacity' halt. Values are the team's, native unit, pass-through (no conversion). Original note: baseline_2023=0.0 Mt/yr; max_addition_rate=0.0 Mt/yr/yr (empirical history); practical_ceiling=0.0 Mt (5x baseline or 0.5 Mt greenfield); LEAP team to verify Variable name + Units match RAS schema (may be 'Mt/yr' or 'PJ/",biomass_supply_cap_rows.csv (20260721 handover),refining_capacity,Low,Regional Aspiration Scenario
Indonesia,Transformation\Biodiesel Production\Processes\CME Biodiesel,Maximum Capacity,"Max(Exogenous Capacity, Interp(2025, 0.0, 2030, 0.0, 2035, 0.0, 2040, 0.0, 2045, 0.0, 2050, 0.0, 2055, 0.0, 2060, 0.0))",Million Gigajoules/Year,Biodiesel,"USDA FAS GAIN Biofuels Annuals 2024 (per-country); national association registers (APROBI ID, MBA MY, DEDE TH, PCA PH, Petrolimex VN)","R7 wrapper: reference FIRST, numeric/Interp LAST (S11.2e). Prevents LEAP's 'Maximum capacity constraint is less than exogenous capacity' halt. Values are the team's, native unit, pass-through (no conversion). Original note: baseline_2023=0.0 Mt/yr; max_addition_rate=0.0 Mt/yr/yr (empirical history); practical_ceiling=0.0 Mt (5x baseline or 0.5 Mt greenfield); LEAP team to verify Variable name + Units match RAS schema (may be 'Mt/yr' or 'PJ/",biomass_supply_cap_rows.csv (20260721 handover),refining_capacity,Low,Regional Aspiration Scenario
Laos,Transformation\Biodiesel Production\Processes\CME Biodiesel,Maximum Capacity,"Max(Exogenous Capacity, Interp(2025, 0.0, 2030, 0.0, 2035, 0.0, 2040, 0.0, 2045, 0.0, 2050, 0.0, 2055, 0.0, 2060, 0.0))",Million Gigajoules/Year,Biodiesel,"USDA FAS GAIN Biofuels Annuals 2024 (per-country); national association registers (APROBI ID, MBA MY, DEDE TH, PCA PH, Petrolimex VN)","R7 wrapper: reference FIRST, numeric/Interp LAST (S11.2e). Prevents LEAP's 'Maximum capacity constraint is less than exogenous capacity' halt. Values are the team's, native unit, pass-through (no conversion). Original note: baseline_2023=0.0 Mt/yr; max_addition_rate=0.0 Mt/yr/yr (empirical history); practical_ceiling=0.0 Mt (5x baseline or 0.5 Mt greenfield); LEAP team to verify Variable name + Units match RAS schema (may be 'Mt/yr' or 'PJ/",biomass_supply_cap_rows.csv (20260721 handover),refining_capacity,Low,Regional Aspiration Scenario
Malaysia,Transformation\Biodiesel Production\Processes\CME Biodiesel,Maximum Capacity,"Max(Exogenous Capacity, Interp(2025, 0.0, 2030, 0.0, 2035, 0.0, 2040, 0.0, 2045, 0.0, 2050, 0.0, 2055, 0.0, 2060, 0.0))",Million Gigajoules/Year,Biodiesel,"USDA FAS GAIN Biofuels Annuals 2024 (per-country); national association registers (APROBI ID, MBA MY, DEDE TH, PCA PH, Petrolimex VN)","R7 wrapper: reference FIRST, numeric/Interp LAST (S11.2e). Prevents LEAP's 'Maximum capacity constraint is less than exogenous capacity' halt. Values are the team's, native unit, pass-through (no conversion). Original note: baseline_2023=0.0 Mt/yr; max_addition_rate=0.0 Mt/yr/yr (empirical history); practical_ceiling=0.0 Mt (5x baseline or 0.5 Mt greenfield); LEAP team to verify Variable name + Units match RAS schema (may be 'Mt/yr' or 'PJ/",biomass_supply_cap_rows.csv (20260721 handover),refining_capacity,Low,Regional Aspiration Scenario
Myanmar,Transformation\Biodiesel Production\Processes\CME Biodiesel,Maximum Capacity,"Max(Exogenous Capacity, Interp(2025, 0.0, 2030, 0.0, 2035, 0.0, 2040, 0.0, 2045, 0.0, 2050, 0.0, 2055, 0.0, 2060, 0.0))",Million Gigajoules/Year,Biodiesel,"USDA FAS GAIN Biofuels Annuals 2024 (per-country); national association registers (APROBI ID, MBA MY, DEDE TH, PCA PH, Petrolimex VN)","R7 wrapper: reference FIRST, numeric/Interp LAST (S11.2e). Prevents LEAP's 'Maximum capacity constraint is less than exogenous capacity' halt. Values are the team's, native unit, pass-through (no conversion). Original note: baseline_2023=0.0 Mt/yr; max_addition_rate=0.0 Mt/yr/yr (empirical history); practical_ceiling=0.0 Mt (5x baseline or 0.5 Mt greenfield); LEAP team to verify Variable name + Units match RAS schema (may be 'Mt/yr' or 'PJ/",biomass_supply_cap_rows.csv (20260721 handover),refining_capacity,Low,Regional Aspiration Scenario
Philippines,Transformation\Biodiesel Production\Processes\CME Biodiesel,Maximum Capacity,"Max(Exogenous Capacity, Interp(2025, 19.4985, 2030, 29.2477, 2035, 38.997, 2040, 48.7463, 2045, 58.4955, 2050, 68.2447, 2055, 77.994, 2060, 77.994))",Million Gigajoules/Year,Biodiesel,"USDA FAS GAIN Biofuels Annuals 2024 (per-country); national association registers (APROBI ID, MBA MY, DEDE TH, PCA PH, Petrolimex VN)","R7 wrapper: reference FIRST, numeric/Interp LAST (S11.2e). Prevents LEAP's 'Maximum capacity constraint is less than exogenous capacity' halt. Values are the team's, native unit, pass-through (no conversion). Original note: baseline_2023=0.4 Mt/yr; max_addition_rate=0.05 Mt/yr/yr (empirical history); practical_ceiling=2.0 Mt (5x baseline or 0.5 Mt greenfield); LEAP team to verify Variable name + Units match RAS schema (may be 'Mt/yr' or 'PJ",biomass_supply_cap_rows.csv (20260721 handover),refining_capacity,Medium-High,Regional Aspiration Scenario
Singapore,Transformation\Biodiesel Production\Processes\CME Biodiesel,Maximum Capacity,"Max(Exogenous Capacity, Interp(2025, 0.0, 2030, 0.0, 2035, 0.0, 2040, 0.0, 2045, 0.0, 2050, 0.0, 2055, 0.0, 2060, 0.0))",Million Gigajoules/Year,Biodiesel,"USDA FAS GAIN Biofuels Annuals 2024 (per-country); national association registers (APROBI ID, MBA MY, DEDE TH, PCA PH, Petrolimex VN)","R7 wrapper: reference FIRST, numeric/Interp LAST (S11.2e). Prevents LEAP's 'Maximum capacity constraint is less than exogenous capacity' halt. Values are the team's, native unit, pass-through (no conversion). Original note: baseline_2023=0.0 Mt/yr; max_addition_rate=0.0 Mt/yr/yr (empirical history); practical_ceiling=0.0 Mt (5x baseline or 0.5 Mt greenfield); LEAP team to verify Variable name + Units match RAS schema (may be 'Mt/yr' or 'PJ/",biomass_supply_cap_rows.csv (20260721 handover),refining_capacity,Low,Regional Aspiration Scenario
Thailand,Transformation\Biodiesel Production\Processes\CME Biodiesel,Maximum Capacity,"Max(Exogenous Capacity, Interp(2025, 0.0, 2030, 0.0, 2035, 0.0, 2040, 0.0, 2045, 0.0, 2050, 0.0, 2055, 0.0, 2060, 0.0))",Million Gigajoules/Year,Biodiesel,"USDA FAS GAIN Biofuels Annuals 2024 (per-country); national association registers (APROBI ID, MBA MY, DEDE TH, PCA PH, Petrolimex VN)","R7 wrapper: reference FIRST, numeric/Interp LAST (S11.2e). Prevents LEAP's 'Maximum capacity constraint is less than exogenous capacity' halt. Values are the team's, native unit, pass-through (no conversion). Original note: baseline_2023=0.0 Mt/yr; max_addition_rate=0.0 Mt/yr/yr (empirical history); practical_ceiling=0.0 Mt (5x baseline or 0.5 Mt greenfield); LEAP team to verify Variable name + Units match RAS schema (may be 'Mt/yr' or 'PJ/",biomass_supply_cap_rows.csv (20260721 handover),refining_capacity,Low,Regional Aspiration Scenario
Vietnam,Transformation\Biodiesel Production\Processes\CME Biodiesel,Maximum Capacity,"Max(Exogenous Capacity, Interp(2025, 0.0, 2030, 0.0, 2035, 0.0, 2040, 0.0, 2045, 0.0, 2050, 0.0, 2055, 0.0, 2060, 0.0))",Million Gigajoules/Year,Biodiesel,"USDA FAS GAIN Biofuels Annuals 2024 (per-country); national association registers (APROBI ID, MBA MY, DEDE TH, PCA PH, Petrolimex VN)","R7 wrapper: reference FIRST, numeric/Interp LAST (S11.2e). Prevents LEAP's 'Maximum capacity constraint is less than exogenous capacity' halt. Values are the team's, native unit, pass-through (no conversion). Original note: baseline_2023=0.0 Mt/yr; max_addition_rate=0.0 Mt/yr/yr (empirical history); practical_ceiling=0.0 Mt (5x baseline or 0.5 Mt greenfield); LEAP team to verify Variable name + Units match RAS schema (may be 'Mt/yr' or 'PJ/",biomass_supply_cap_rows.csv (20260721 handover),refining_capacity,Low,Regional Aspiration Scenario
Brunei,Transformation\Bioethanol Production\Processes\Cassava,Maximum Capacity,"Max(Exogenous Capacity, Interp(2025, 0.0, 2030, 0.0, 2035, 0.0, 2040, 0.0, 2045, 0.0, 2050, 0.0, 2055, 0.0, 2060, 0.0))",Million Tonne Coal Equiv/Year,Ethanol,"USDA FAS GAIN Biofuels Annuals 2024 (per-country); national association registers (APROBI ID, MBA MY, DEDE TH, PCA PH, Petrolimex VN)","R7 wrapper: reference FIRST, numeric/Interp LAST (S11.2e). Prevents LEAP's 'Maximum capacity constraint is less than exogenous capacity' halt. Values are the team's, native unit, pass-through (no conversion). Original note: baseline_2023=0.0 Mt/yr; max_addition_rate=0.0 Mt/yr/yr (empirical history); practical_ceiling=0.0 Mt (5x baseline or 0.5 Mt greenfield); LEAP team to verify Variable name + Units match RAS schema (may be 'Mt/yr' or 'PJ/",biomass_supply_cap_rows.csv (20260721 handover),refining_capacity,Low,Regional Aspiration Scenario
Cambodia,Transformation\Bioethanol Production\Processes\Cassava,Maximum Capacity,"Max(Exogenous Capacity, Interp(2025, 0.0913, 2030, 0.3194, 2035, 0.4563, 2040, 0.4563, 2045, 0.4563, 2050, 0.4563, 2055, 0.4563, 2060, 0.4563))",Million Tonne Coal Equiv/Year,Ethanol,"USDA FAS GAIN Biofuels Annuals 2024 (per-country); national association registers (APROBI ID, MBA MY, DEDE TH, PCA PH, Petrolimex VN)","R7 wrapper: reference FIRST, numeric/Interp LAST (S11.2e). Prevents LEAP's 'Maximum capacity constraint is less than exogenous capacity' halt. Values are the team's, native unit, pass-through (no conversion). Original note: baseline_2023=0.0 Mt/yr; max_addition_rate=0.05 Mt/yr/yr (empirical history); practical_ceiling=0.5 Mt (5x baseline or 0.5 Mt greenfield); LEAP team to verify Variable name + Units match RAS schema (may be 'Mt/yr' or 'PJ",biomass_supply_cap_rows.csv (20260721 handover),refining_capacity,Low,Regional Aspiration Scenario
Indonesia,Transformation\Bioethanol Production\Processes\Cassava,Maximum Capacity,"Max(Exogenous Capacity, Interp(2025, 0.1095, 2030, 0.3376, 2035, 0.4563, 2040, 0.4563, 2045, 0.4563, 2050, 0.4563, 2055, 0.4563, 2060, 0.4563))",Million Tonne Coal Equiv/Year,Ethanol,"USDA FAS GAIN Biofuels Annuals 2024 (per-country); national association registers (APROBI ID, MBA MY, DEDE TH, PCA PH, Petrolimex VN)","R7 wrapper: reference FIRST, numeric/Interp LAST (S11.2e). Prevents LEAP's 'Maximum capacity constraint is less than exogenous capacity' halt. Values are the team's, native unit, pass-through (no conversion). Original note: baseline_2023=0.02 Mt/yr; max_addition_rate=0.05 Mt/yr/yr (empirical history); practical_ceiling=0.5 Mt (5x baseline or 0.5 Mt greenfield); LEAP team to verify Variable name + Units match RAS schema (may be 'Mt/yr' or 'P",biomass_supply_cap_rows.csv (20260721 handover),refining_capacity,Medium-High,Regional Aspiration Scenario
Laos,Transformation\Bioethanol Production\Processes\Cassava,Maximum Capacity,"Max(Exogenous Capacity, Interp(2025, 0.0913, 2030, 0.3194, 2035, 0.4563, 2040, 0.4563, 2045, 0.4563, 2050, 0.4563, 2055, 0.4563, 2060, 0.4563))",Million Tonne Coal Equiv/Year,Ethanol,"USDA FAS GAIN Biofuels Annuals 2024 (per-country); national association registers (APROBI ID, MBA MY, DEDE TH, PCA PH, Petrolimex VN)","R7 wrapper: reference FIRST, numeric/Interp LAST (S11.2e). Prevents LEAP's 'Maximum capacity constraint is less than exogenous capacity' halt. Values are the team's, native unit, pass-through (no conversion). Original note: baseline_2023=0.0 Mt/yr; max_addition_rate=0.05 Mt/yr/yr (empirical history); practical_ceiling=0.5 Mt (5x baseline or 0.5 Mt greenfield); LEAP team to verify Variable name + Units match RAS schema (may be 'Mt/yr' or 'PJ",biomass_supply_cap_rows.csv (20260721 handover),refining_capacity,Low,Regional Aspiration Scenario
Malaysia,Transformation\Bioethanol Production\Processes\Cassava,Maximum Capacity,"Max(Exogenous Capacity, Interp(2025, 0.0, 2030, 0.0, 2035, 0.0, 2040, 0.0, 2045, 0.0, 2050, 0.0, 2055, 0.0, 2060, 0.0))",Million Tonne Coal Equiv/Year,Ethanol,"USDA FAS GAIN Biofuels Annuals 2024 (per-country); national association registers (APROBI ID, MBA MY, DEDE TH, PCA PH, Petrolimex VN)","R7 wrapper: reference FIRST, numeric/Interp LAST (S11.2e). Prevents LEAP's 'Maximum capacity constraint is less than exogenous capacity' halt. Values are the team's, native unit, pass-through (no conversion). Original note: baseline_2023=0.0 Mt/yr; max_addition_rate=0.0 Mt/yr/yr (empirical history); practical_ceiling=0.0 Mt (5x baseline or 0.5 Mt greenfield); LEAP team to verify Variable name + Units match RAS schema (may be 'Mt/yr' or 'PJ/",biomass_supply_cap_rows.csv (20260721 handover),refining_capacity,Low,Regional Aspiration Scenario
Myanmar,Transformation\Bioethanol Production\Processes\Cassava,Maximum Capacity,"Max(Exogenous Capacity, Interp(2025, 0.0913, 2030, 0.3194, 2035, 0.4563, 2040, 0.4563, 2045, 0.4563, 2050, 0.4563, 2055, 0.4563, 2060, 0.4563))",Million Tonne Coal Equiv/Year,Ethanol,"USDA FAS GAIN Biofuels Annuals 2024 (per-country); national association registers (APROBI ID, MBA MY, DEDE TH, PCA PH, Petrolimex VN)","R7 wrapper: reference FIRST, numeric/Interp LAST (S11.2e). Prevents LEAP's 'Maximum capacity constraint is less than exogenous capacity' halt. Values are the team's, native unit, pass-through (no conversion). Original note: baseline_2023=0.0 Mt/yr; max_addition_rate=0.05 Mt/yr/yr (empirical history); practical_ceiling=0.5 Mt (5x baseline or 0.5 Mt greenfield); LEAP team to verify Variable name + Units match RAS schema (may be 'Mt/yr' or 'PJ",biomass_supply_cap_rows.csv (20260721 handover),refining_capacity,Low,Regional Aspiration Scenario
Philippines,Transformation\Bioethanol Production\Processes\Cassava,Maximum Capacity,"Max(Exogenous Capacity, Interp(2025, 0.0, 2030, 0.0, 2035, 0.0, 2040, 0.0, 2045, 0.0, 2050, 0.0, 2055, 0.0, 2060, 0.0))",Million Tonne Coal Equiv/Year,Ethanol,"USDA FAS GAIN Biofuels Annuals 2024 (per-country); national association registers (APROBI ID, MBA MY, DEDE TH, PCA PH, Petrolimex VN)","R7 wrapper: reference FIRST, numeric/Interp LAST (S11.2e). Prevents LEAP's 'Maximum capacity constraint is less than exogenous capacity' halt. Values are the team's, native unit, pass-through (no conversion). Original note: baseline_2023=0.0 Mt/yr; max_addition_rate=0.0 Mt/yr/yr (empirical history); practical_ceiling=0.0 Mt (5x baseline or 0.5 Mt greenfield); LEAP team to verify Variable name + Units match RAS schema (may be 'Mt/yr' or 'PJ/",biomass_supply_cap_rows.csv (20260721 handover),refining_capacity,Low,Regional Aspiration Scenario
Singapore,Transformation\Bioethanol Production\Processes\Cassava,Maximum Capacity,"Max(Exogenous Capacity, Interp(2025, 0.0, 2030, 0.0, 2035, 0.0, 2040, 0.0, 2045, 0.0, 2050, 0.0, 2055, 0.0, 2060, 0.0))",Million Tonne Coal Equiv/Year,Ethanol,"USDA FAS GAIN Biofuels Annuals 2024 (per-country); national association registers (APROBI ID, MBA MY, DEDE TH, PCA PH, Petrolimex VN)","R7 wrapper: reference FIRST, numeric/Interp LAST (S11.2e). Prevents LEAP's 'Maximum capacity constraint is less than exogenous capacity' halt. Values are the team's, native unit, pass-through (no conversion). Original note: baseline_2023=0.0 Mt/yr; max_addition_rate=0.0 Mt/yr/yr (empirical history); practical_ceiling=0.0 Mt (5x baseline or 0.5 Mt greenfield); LEAP team to verify Variable name + Units match RAS schema (may be 'Mt/yr' or 'PJ/",biomass_supply_cap_rows.csv (20260721 handover),refining_capacity,Low,Regional Aspiration Scenario
Thailand,Transformation\Bioethanol Production\Processes\Cassava,Maximum Capacity,"Max(Exogenous Capacity, Interp(2025, 1.095, 2030, 1.5513, 2035, 2.0076, 2040, 2.4638, 2045, 2.9201, 2050, 3.3764, 2055, 3.8326, 2060, 4.2889))",Million Tonne Coal Equiv/Year,Ethanol,"USDA FAS GAIN Biofuels Annuals 2024 (per-country); national association registers (APROBI ID, MBA MY, DEDE TH, PCA PH, Petrolimex VN)","R7 wrapper: reference FIRST, numeric/Interp LAST (S11.2e). Prevents LEAP's 'Maximum capacity constraint is less than exogenous capacity' halt. Values are the team's, native unit, pass-through (no conversion). Original note: baseline_2023=1.0 Mt/yr; max_addition_rate=0.1 Mt/yr/yr (empirical history); practical_ceiling=5.0 Mt (5x baseline or 0.5 Mt greenfield); LEAP team to verify Variable name + Units match RAS schema (may be 'Mt/yr' or 'PJ/",biomass_supply_cap_rows.csv (20260721 handover),refining_capacity,Medium-High,Regional Aspiration Scenario
Vietnam,Transformation\Bioethanol Production\Processes\Cassava,Maximum Capacity,"Max(Exogenous Capacity, Interp(2025, 0.5475, 2030, 1.0038, 2035, 1.46, 2040, 1.8251, 2045, 1.8251, 2050, 1.8251, 2055, 1.8251, 2060, 1.8251))",Million Tonne Coal Equiv/Year,Ethanol,"USDA FAS GAIN Biofuels Annuals 2024 (per-country); national association registers (APROBI ID, MBA MY, DEDE TH, PCA PH, Petrolimex VN)","R7 wrapper: reference FIRST, numeric/Interp LAST (S11.2e). Prevents LEAP's 'Maximum capacity constraint is less than exogenous capacity' halt. Values are the team's, native unit, pass-through (no conversion). Original note: baseline_2023=0.4 Mt/yr; max_addition_rate=0.1 Mt/yr/yr (empirical history); practical_ceiling=2.0 Mt (5x baseline or 0.5 Mt greenfield); LEAP team to verify Variable name + Units match RAS schema (may be 'Mt/yr' or 'PJ/",biomass_supply_cap_rows.csv (20260721 handover),refining_capacity,Medium-High,Regional Aspiration Scenario
Brunei,Transformation\Bioethanol Production\Processes\Corn Ethanol,Maximum Capacity,"Max(Exogenous Capacity, Interp(2025, 0.0, 2030, 0.0, 2035, 0.0, 2040, 0.0, 2045, 0.0, 2050, 0.0, 2055, 0.0, 2060, 0.0))",Million Tonne Coal Equiv/Year,Ethanol,"USDA FAS GAIN Biofuels Annuals 2024 (per-country); national association registers (APROBI ID, MBA MY, DEDE TH, PCA PH, Petrolimex VN)","R7 wrapper: reference FIRST, numeric/Interp LAST (S11.2e). Prevents LEAP's 'Maximum capacity constraint is less than exogenous capacity' halt. Values are the team's, native unit, pass-through (no conversion). Original note: baseline_2023=0.0 Mt/yr; max_addition_rate=0.0 Mt/yr/yr (empirical history); practical_ceiling=0.0 Mt (5x baseline or 0.5 Mt greenfield); LEAP team to verify Variable name + Units match RAS schema (may be 'Mt/yr' or 'PJ/",biomass_supply_cap_rows.csv (20260721 handover),refining_capacity,Low,Regional Aspiration Scenario
Cambodia,Transformation\Bioethanol Production\Processes\Corn Ethanol,Maximum Capacity,"Max(Exogenous Capacity, Interp(2025, 0.0, 2030, 0.0, 2035, 0.0, 2040, 0.0, 2045, 0.0, 2050, 0.0, 2055, 0.0, 2060, 0.0))",Million Tonne Coal Equiv/Year,Ethanol,"USDA FAS GAIN Biofuels Annuals 2024 (per-country); national association registers (APROBI ID, MBA MY, DEDE TH, PCA PH, Petrolimex VN)","R7 wrapper: reference FIRST, numeric/Interp LAST (S11.2e). Prevents LEAP's 'Maximum capacity constraint is less than exogenous capacity' halt. Values are the team's, native unit, pass-through (no conversion). Original note: baseline_2023=0.0 Mt/yr; max_addition_rate=0.0 Mt/yr/yr (empirical history); practical_ceiling=0.0 Mt (5x baseline or 0.5 Mt greenfield); LEAP team to verify Variable name + Units match RAS schema (may be 'Mt/yr' or 'PJ/",biomass_supply_cap_rows.csv (20260721 handover),refining_capacity,Low,Regional Aspiration Scenario
Indonesia,Transformation\Bioethanol Production\Processes\Corn Ethanol,Maximum Capacity,"Max(Exogenous Capacity, Interp(2025, 0.0, 2030, 0.0, 2035, 0.0, 2040, 0.0, 2045, 0.0, 2050, 0.0, 2055, 0.0, 2060, 0.0))",Million Tonne Coal Equiv/Year,Ethanol,"USDA FAS GAIN Biofuels Annuals 2024 (per-country); national association registers (APROBI ID, MBA MY, DEDE TH, PCA PH, Petrolimex VN)","R7 wrapper: reference FIRST, numeric/Interp LAST (S11.2e). Prevents LEAP's 'Maximum capacity constraint is less than exogenous capacity' halt. Values are the team's, native unit, pass-through (no conversion). Original note: baseline_2023=0.0 Mt/yr; max_addition_rate=0.0 Mt/yr/yr (empirical history); practical_ceiling=0.0 Mt (5x baseline or 0.5 Mt greenfield); LEAP team to verify Variable name + Units match RAS schema (may be 'Mt/yr' or 'PJ/",biomass_supply_cap_rows.csv (20260721 handover),refining_capacity,Low,Regional Aspiration Scenario
Laos,Transformation\Bioethanol Production\Processes\Corn Ethanol,Maximum Capacity,"Max(Exogenous Capacity, Interp(2025, 0.0, 2030, 0.0, 2035, 0.0, 2040, 0.0, 2045, 0.0, 2050, 0.0, 2055, 0.0, 2060, 0.0))",Million Tonne Coal Equiv/Year,Ethanol,"USDA FAS GAIN Biofuels Annuals 2024 (per-country); national association registers (APROBI ID, MBA MY, DEDE TH, PCA PH, Petrolimex VN)","R7 wrapper: reference FIRST, numeric/Interp LAST (S11.2e). Prevents LEAP's 'Maximum capacity constraint is less than exogenous capacity' halt. Values are the team's, native unit, pass-through (no conversion). Original note: baseline_2023=0.0 Mt/yr; max_addition_rate=0.0 Mt/yr/yr (empirical history); practical_ceiling=0.0 Mt (5x baseline or 0.5 Mt greenfield); LEAP team to verify Variable name + Units match RAS schema (may be 'Mt/yr' or 'PJ/",biomass_supply_cap_rows.csv (20260721 handover),refining_capacity,Low,Regional Aspiration Scenario
Malaysia,Transformation\Bioethanol Production\Processes\Corn Ethanol,Maximum Capacity,"Max(Exogenous Capacity, Interp(2025, 0.0, 2030, 0.0, 2035, 0.0, 2040, 0.0, 2045, 0.0, 2050, 0.0, 2055, 0.0, 2060, 0.0))",Million Tonne Coal Equiv/Year,Ethanol,"USDA FAS GAIN Biofuels Annuals 2024 (per-country); national association registers (APROBI ID, MBA MY, DEDE TH, PCA PH, Petrolimex VN)","R7 wrapper: reference FIRST, numeric/Interp LAST (S11.2e). Prevents LEAP's 'Maximum capacity constraint is less than exogenous capacity' halt. Values are the team's, native unit, pass-through (no conversion). Original note: baseline_2023=0.0 Mt/yr; max_addition_rate=0.0 Mt/yr/yr (empirical history); practical_ceiling=0.0 Mt (5x baseline or 0.5 Mt greenfield); LEAP team to verify Variable name + Units match RAS schema (may be 'Mt/yr' or 'PJ/",biomass_supply_cap_rows.csv (20260721 handover),refining_capacity,Low,Regional Aspiration Scenario
Myanmar,Transformation\Bioethanol Production\Processes\Corn Ethanol,Maximum Capacity,"Max(Exogenous Capacity, Interp(2025, 0.0, 2030, 0.0, 2035, 0.0, 2040, 0.0, 2045, 0.0, 2050, 0.0, 2055, 0.0, 2060, 0.0))",Million Tonne Coal Equiv/Year,Ethanol,"USDA FAS GAIN Biofuels Annuals 2024 (per-country); national association registers (APROBI ID, MBA MY, DEDE TH, PCA PH, Petrolimex VN)","R7 wrapper: reference FIRST, numeric/Interp LAST (S11.2e). Prevents LEAP's 'Maximum capacity constraint is less than exogenous capacity' halt. Values are the team's, native unit, pass-through (no conversion). Original note: baseline_2023=0.0 Mt/yr; max_addition_rate=0.0 Mt/yr/yr (empirical history); practical_ceiling=0.0 Mt (5x baseline or 0.5 Mt greenfield); LEAP team to verify Variable name + Units match RAS schema (may be 'Mt/yr' or 'PJ/",biomass_supply_cap_rows.csv (20260721 handover),refining_capacity,Low,Regional Aspiration Scenario
Philippines,Transformation\Bioethanol Production\Processes\Corn Ethanol,Maximum Capacity,"Max(Exogenous Capacity, Interp(2025, 0.0, 2030, 0.0, 2035, 0.0, 2040, 0.0, 2045, 0.0, 2050, 0.0, 2055, 0.0, 2060, 0.0))",Million Tonne Coal Equiv/Year,Ethanol,"USDA FAS GAIN Biofuels Annuals 2024 (per-country); national association registers (APROBI ID, MBA MY, DEDE TH, PCA PH, Petrolimex VN)","R7 wrapper: reference FIRST, numeric/Interp LAST (S11.2e). Prevents LEAP's 'Maximum capacity constraint is less than exogenous capacity' halt. Values are the team's, native unit, pass-through (no conversion). Original note: baseline_2023=0.0 Mt/yr; max_addition_rate=0.0 Mt/yr/yr (empirical history); practical_ceiling=0.0 Mt (5x baseline or 0.5 Mt greenfield); LEAP team to verify Variable name + Units match RAS schema (may be 'Mt/yr' or 'PJ/",biomass_supply_cap_rows.csv (20260721 handover),refining_capacity,Low,Regional Aspiration Scenario
Singapore,Transformation\Bioethanol Production\Processes\Corn Ethanol,Maximum Capacity,"Max(Exogenous Capacity, Interp(2025, 0.0, 2030, 0.0, 2035, 0.0, 2040, 0.0, 2045, 0.0, 2050, 0.0, 2055, 0.0, 2060, 0.0))",Million Tonne Coal Equiv/Year,Ethanol,"USDA FAS GAIN Biofuels Annuals 2024 (per-country); national association registers (APROBI ID, MBA MY, DEDE TH, PCA PH, Petrolimex VN)","R7 wrapper: reference FIRST, numeric/Interp LAST (S11.2e). Prevents LEAP's 'Maximum capacity constraint is less than exogenous capacity' halt. Values are the team's, native unit, pass-through (no conversion). Original note: baseline_2023=0.0 Mt/yr; max_addition_rate=0.0 Mt/yr/yr (empirical history); practical_ceiling=0.0 Mt (5x baseline or 0.5 Mt greenfield); LEAP team to verify Variable name + Units match RAS schema (may be 'Mt/yr' or 'PJ/",biomass_supply_cap_rows.csv (20260721 handover),refining_capacity,Low,Regional Aspiration Scenario
Thailand,Transformation\Bioethanol Production\Processes\Corn Ethanol,Maximum Capacity,"Max(Exogenous Capacity, Interp(2025, 0.0, 2030, 0.0, 2035, 0.0, 2040, 0.0, 2045, 0.0, 2050, 0.0, 2055, 0.0, 2060, 0.0))",Million Tonne Coal Equiv/Year,Ethanol,"USDA FAS GAIN Biofuels Annuals 2024 (per-country); national association registers (APROBI ID, MBA MY, DEDE TH, PCA PH, Petrolimex VN)","R7 wrapper: reference FIRST, numeric/Interp LAST (S11.2e). Prevents LEAP's 'Maximum capacity constraint is less than exogenous capacity' halt. Values are the team's, native unit, pass-through (no conversion). Original note: baseline_2023=0.0 Mt/yr; max_addition_rate=0.0 Mt/yr/yr (empirical history); practical_ceiling=0.0 Mt (5x baseline or 0.5 Mt greenfield); LEAP team to verify Variable name + Units match RAS schema (may be 'Mt/yr' or 'PJ/",biomass_supply_cap_rows.csv (20260721 handover),refining_capacity,Low,Regional Aspiration Scenario
Vietnam,Transformation\Bioethanol Production\Processes\Corn Ethanol,Maximum Capacity,"Max(Exogenous Capacity, Interp(2025, 0.0, 2030, 0.0, 2035, 0.0, 2040, 0.0, 2045, 0.0, 2050, 0.0, 2055, 0.0, 2060, 0.0))",Million Tonne Coal Equiv/Year,Ethanol,"USDA FAS GAIN Biofuels Annuals 2024 (per-country); national association registers (APROBI ID, MBA MY, DEDE TH, PCA PH, Petrolimex VN)","R7 wrapper: reference FIRST, numeric/Interp LAST (S11.2e). Prevents LEAP's 'Maximum capacity constraint is less than exogenous capacity' halt. Values are the team's, native unit, pass-through (no conversion). Original note: baseline_2023=0.0 Mt/yr; max_addition_rate=0.0 Mt/yr/yr (empirical history); practical_ceiling=0.0 Mt (5x baseline or 0.5 Mt greenfield); LEAP team to verify Variable name + Units match RAS schema (may be 'Mt/yr' or 'PJ/",biomass_supply_cap_rows.csv (20260721 handover),refining_capacity,Low,Regional Aspiration Scenario
Brunei,Transformation\Biodiesel Production\Processes\FAME Biodiesel,Maximum Capacity,"Max(Exogenous Capacity, Interp(2025, 0.0, 2030, 0.0, 2035, 0.0, 2040, 0.0, 2045, 0.0, 2050, 0.0, 2055, 0.0, 2060, 0.0))",Million Gigajoules/Year,Biodiesel,"USDA FAS GAIN Biofuels Annuals 2024 (per-country); national association registers (APROBI ID, MBA MY, DEDE TH, PCA PH, Petrolimex VN)","R7 wrapper: reference FIRST, numeric/Interp LAST (S11.2e). Prevents LEAP's 'Maximum capacity constraint is less than exogenous capacity' halt. Values are the team's, native unit, pass-through (no conversion). Original note: baseline_2023=0.0 Mt/yr; max_addition_rate=0.0 Mt/yr/yr (empirical history); practical_ceiling=0.0 Mt (5x baseline or 0.5 Mt greenfield); LEAP team to verify Variable name + Units match RAS schema (may be 'Mt/yr' or 'PJ/",biomass_supply_cap_rows.csv (20260721 handover),refining_capacity,Low,Regional Aspiration Scenario
Cambodia,Transformation\Biodiesel Production\Processes\FAME Biodiesel,Maximum Capacity,"Max(Exogenous Capacity, Interp(2025, 3.8997, 2030, 13.6489, 2035, 19.4985, 2040, 19.4985, 2045, 19.4985, 2050, 19.4985, 2055, 19.4985, 2060, 19.4985))",Million Gigajoules/Year,Biodiesel,"USDA FAS GAIN Biofuels Annuals 2024 (per-country); national association registers (APROBI ID, MBA MY, DEDE TH, PCA PH, Petrolimex VN)","R7 wrapper: reference FIRST, numeric/Interp LAST (S11.2e). Prevents LEAP's 'Maximum capacity constraint is less than exogenous capacity' halt. Values are the team's, native unit, pass-through (no conversion). Original note: baseline_2023=0.0 Mt/yr; max_addition_rate=0.05 Mt/yr/yr (empirical history); practical_ceiling=0.5 Mt (5x baseline or 0.5 Mt greenfield); LEAP team to verify Variable name + Units match RAS schema (may be 'Mt/yr' or 'PJ",biomass_supply_cap_rows.csv (20260721 handover),refining_capacity,Low,Regional Aspiration Scenario
Indonesia,Transformation\Biodiesel Production\Processes\FAME Biodiesel,Maximum Capacity,"Max(Exogenous Capacity, Interp(2025, 623.952, 2030, 916.4295, 2035, 1208.907, 2040, 1501.3845, 2045, 1793.862, 2050, 2086.3395, 2055, 2378.817, 2060, 2534.805))",Million Gigajoules/Year,Biodiesel,"USDA FAS GAIN Biofuels Annuals 2024 (per-country); national association registers (APROBI ID, MBA MY, DEDE TH, PCA PH, Petrolimex VN)","R7 wrapper: reference FIRST, numeric/Interp LAST (S11.2e). Prevents LEAP's 'Maximum capacity constraint is less than exogenous capacity' halt. Values are the team's, native unit, pass-through (no conversion). Original note: baseline_2023=13.0 Mt/yr; max_addition_rate=1.5 Mt/yr/yr (empirical history); practical_ceiling=65.0 Mt (5x baseline or 0.5 Mt greenfield); LEAP team to verify Variable name + Units match RAS schema (may be 'Mt/yr' or 'P",biomass_supply_cap_rows.csv (20260721 handover),refining_capacity,Medium-High,Regional Aspiration Scenario
Laos,Transformation\Biodiesel Production\Processes\FAME Biodiesel,Maximum Capacity,"Max(Exogenous Capacity, Interp(2025, 0.0, 2030, 0.0, 2035, 0.0, 2040, 0.0, 2045, 0.0, 2050, 0.0, 2055, 0.0, 2060, 0.0))",Million Gigajoules/Year,Biodiesel,"USDA FAS GAIN Biofuels Annuals 2024 (per-country); national association registers (APROBI ID, MBA MY, DEDE TH, PCA PH, Petrolimex VN)","R7 wrapper: reference FIRST, numeric/Interp LAST (S11.2e). Prevents LEAP's 'Maximum capacity constraint is less than exogenous capacity' halt. Values are the team's, native unit, pass-through (no conversion). Original note: baseline_2023=0.0 Mt/yr; max_addition_rate=0.0 Mt/yr/yr (empirical history); practical_ceiling=0.0 Mt (5x baseline or 0.5 Mt greenfield); LEAP team to verify Variable name + Units match RAS schema (may be 'Mt/yr' or 'PJ/",biomass_supply_cap_rows.csv (20260721 handover),refining_capacity,Low,Regional Aspiration Scenario
Malaysia,Transformation\Biodiesel Production\Processes\FAME Biodiesel,Maximum Capacity,"Max(Exogenous Capacity, Interp(2025, 140.3892, 2030, 218.3832, 2035, 296.3772, 2040, 374.3712, 2045, 452.3652, 2050, 530.3592, 2055, 545.958, 2060, 545.958))",Million Gigajoules/Year,Biodiesel,"USDA FAS GAIN Biofuels Annuals 2024 (per-country); national association registers (APROBI ID, MBA MY, DEDE TH, PCA PH, Petrolimex VN)","R7 wrapper: reference FIRST, numeric/Interp LAST (S11.2e). Prevents LEAP's 'Maximum capacity constraint is less than exogenous capacity' halt. Values are the team's, native unit, pass-through (no conversion). Original note: baseline_2023=2.8 Mt/yr; max_addition_rate=0.4 Mt/yr/yr (empirical history); practical_ceiling=14.0 Mt (5x baseline or 0.5 Mt greenfield); LEAP team to verify Variable name + Units match RAS schema (may be 'Mt/yr' or 'PJ",biomass_supply_cap_rows.csv (20260721 handover),refining_capacity,Medium-High,Regional Aspiration Scenario
Myanmar,Transformation\Biodiesel Production\Processes\FAME Biodiesel,Maximum Capacity,"Max(Exogenous Capacity, Interp(2025, 3.8997, 2030, 13.6489, 2035, 19.4985, 2040, 19.4985, 2045, 19.4985, 2050, 19.4985, 2055, 19.4985, 2060, 19.4985))",Million Gigajoules/Year,Biodiesel,"USDA FAS GAIN Biofuels Annuals 2024 (per-country); national association registers (APROBI ID, MBA MY, DEDE TH, PCA PH, Petrolimex VN)","R7 wrapper: reference FIRST, numeric/Interp LAST (S11.2e). Prevents LEAP's 'Maximum capacity constraint is less than exogenous capacity' halt. Values are the team's, native unit, pass-through (no conversion). Original note: baseline_2023=0.0 Mt/yr; max_addition_rate=0.05 Mt/yr/yr (empirical history); practical_ceiling=0.5 Mt (5x baseline or 0.5 Mt greenfield); LEAP team to verify Variable name + Units match RAS schema (may be 'Mt/yr' or 'PJ",biomass_supply_cap_rows.csv (20260721 handover),refining_capacity,Low,Regional Aspiration Scenario
Philippines,Transformation\Biodiesel Production\Processes\FAME Biodiesel,Maximum Capacity,"Max(Exogenous Capacity, Interp(2025, 0.0, 2030, 0.0, 2035, 0.0, 2040, 0.0, 2045, 0.0, 2050, 0.0, 2055, 0.0, 2060, 0.0))",Million Gigajoules/Year,Biodiesel,"USDA FAS GAIN Biofuels Annuals 2024 (per-country); national association registers (APROBI ID, MBA MY, DEDE TH, PCA PH, Petrolimex VN)","R7 wrapper: reference FIRST, numeric/Interp LAST (S11.2e). Prevents LEAP's 'Maximum capacity constraint is less than exogenous capacity' halt. Values are the team's, native unit, pass-through (no conversion). Original note: baseline_2023=0.0 Mt/yr; max_addition_rate=0.0 Mt/yr/yr (empirical history); practical_ceiling=0.0 Mt (5x baseline or 0.5 Mt greenfield); LEAP team to verify Variable name + Units match RAS schema (may be 'Mt/yr' or 'PJ/",biomass_supply_cap_rows.csv (20260721 handover),refining_capacity,Low,Regional Aspiration Scenario
Singapore,Transformation\Biodiesel Production\Processes\FAME Biodiesel,Maximum Capacity,"Max(Exogenous Capacity, Interp(2025, 19.4985, 2030, 38.997, 2035, 58.4955, 2040, 58.4955, 2045, 58.4955, 2050, 58.4955, 2055, 58.4955, 2060, 58.4955))",Million Gigajoules/Year,Biodiesel,"USDA FAS GAIN Biofuels Annuals 2024 (per-country); national association registers (APROBI ID, MBA MY, DEDE TH, PCA PH, Petrolimex VN)","R7 wrapper: reference FIRST, numeric/Interp LAST (S11.2e). Prevents LEAP's 'Maximum capacity constraint is less than exogenous capacity' halt. Values are the team's, native unit, pass-through (no conversion). Original note: baseline_2023=0.3 Mt/yr; max_addition_rate=0.1 Mt/yr/yr (empirical history); practical_ceiling=1.5 Mt (5x baseline or 0.5 Mt greenfield); LEAP team to verify Variable name + Units match RAS schema (may be 'Mt/yr' or 'PJ/",biomass_supply_cap_rows.csv (20260721 handover),refining_capacity,Medium-High,Regional Aspiration Scenario
Thailand,Transformation\Biodiesel Production\Processes\FAME Biodiesel,Maximum Capacity,"Max(Exogenous Capacity, Interp(2025, 93.5928, 2030, 132.5898, 2035, 171.5868, 2040, 210.5838, 2045, 249.5808, 2050, 288.5778, 2055, 327.5748, 2060, 366.5718))",Million Gigajoules/Year,Biodiesel,"USDA FAS GAIN Biofuels Annuals 2024 (per-country); national association registers (APROBI ID, MBA MY, DEDE TH, PCA PH, Petrolimex VN)","R7 wrapper: reference FIRST, numeric/Interp LAST (S11.2e). Prevents LEAP's 'Maximum capacity constraint is less than exogenous capacity' halt. Values are the team's, native unit, pass-through (no conversion). Original note: baseline_2023=2.0 Mt/yr; max_addition_rate=0.2 Mt/yr/yr (empirical history); practical_ceiling=10.0 Mt (5x baseline or 0.5 Mt greenfield); LEAP team to verify Variable name + Units match RAS schema (may be 'Mt/yr' or 'PJ",biomass_supply_cap_rows.csv (20260721 handover),refining_capacity,Medium-High,Regional Aspiration Scenario
Vietnam,Transformation\Biodiesel Production\Processes\FAME Biodiesel,Maximum Capacity,"Max(Exogenous Capacity, Interp(2025, 15.5988, 2030, 25.3481, 2035, 35.0973, 2040, 44.8465, 2045, 54.5958, 2050, 58.4955, 2055, 58.4955, 2060, 58.4955))",Million Gigajoules/Year,Biodiesel,"USDA FAS GAIN Biofuels Annuals 2024 (per-country); national association registers (APROBI ID, MBA MY, DEDE TH, PCA PH, Petrolimex VN)","R7 wrapper: reference FIRST, numeric/Interp LAST (S11.2e). Prevents LEAP's 'Maximum capacity constraint is less than exogenous capacity' halt. Values are the team's, native unit, pass-through (no conversion). Original note: baseline_2023=0.3 Mt/yr; max_addition_rate=0.05 Mt/yr/yr (empirical history); practical_ceiling=1.5 Mt (5x baseline or 0.5 Mt greenfield); LEAP team to verify Variable name + Units match RAS schema (may be 'Mt/yr' or 'PJ",biomass_supply_cap_rows.csv (20260721 handover),refining_capacity,Medium-High,Regional Aspiration Scenario
Brunei,Transformation\Bioethanol Production\Processes\Molasses,Maximum Capacity,"Max(Exogenous Capacity, Interp(2025, 0.0, 2030, 0.0, 2035, 0.0, 2040, 0.0, 2045, 0.0, 2050, 0.0, 2055, 0.0, 2060, 0.0))",Million Tonne Coal Equiv/Year,Ethanol,"USDA FAS GAIN Biofuels Annuals 2024 (per-country); national association registers (APROBI ID, MBA MY, DEDE TH, PCA PH, Petrolimex VN)","R7 wrapper: reference FIRST, numeric/Interp LAST (S11.2e). Prevents LEAP's 'Maximum capacity constraint is less than exogenous capacity' halt. Values are the team's, native unit, pass-through (no conversion). Original note: baseline_2023=0.0 Mt/yr; max_addition_rate=0.0 Mt/yr/yr (empirical history); practical_ceiling=0.0 Mt (5x baseline or 0.5 Mt greenfield); LEAP team to verify Variable name + Units match RAS schema (may be 'Mt/yr' or 'PJ/",biomass_supply_cap_rows.csv (20260721 handover),refining_capacity,Low,Regional Aspiration Scenario
Cambodia,Transformation\Bioethanol Production\Processes\Molasses,Maximum Capacity,"Max(Exogenous Capacity, Interp(2025, 0.0, 2030, 0.0, 2035, 0.0, 2040, 0.0, 2045, 0.0, 2050, 0.0, 2055, 0.0, 2060, 0.0))",Million Tonne Coal Equiv/Year,Ethanol,"USDA FAS GAIN Biofuels Annuals 2024 (per-country); national association registers (APROBI ID, MBA MY, DEDE TH, PCA PH, Petrolimex VN)","R7 wrapper: reference FIRST, numeric/Interp LAST (S11.2e). Prevents LEAP's 'Maximum capacity constraint is less than exogenous capacity' halt. Values are the team's, native unit, pass-through (no conversion). Original note: baseline_2023=0.0 Mt/yr; max_addition_rate=0.0 Mt/yr/yr (empirical history); practical_ceiling=0.0 Mt (5x baseline or 0.5 Mt greenfield); LEAP team to verify Variable name + Units match RAS schema (may be 'Mt/yr' or 'PJ/",biomass_supply_cap_rows.csv (20260721 handover),refining_capacity,Low,Regional Aspiration Scenario
Indonesia,Transformation\Bioethanol Production\Processes\Molasses,Maximum Capacity,"Max(Exogenous Capacity, Interp(2025, 0.1369, 2030, 0.365, 2035, 0.4563, 2040, 0.4563, 2045, 0.4563, 2050, 0.4563, 2055, 0.4563, 2060, 0.4563))",Million Tonne Coal Equiv/Year,Ethanol,"USDA FAS GAIN Biofuels Annuals 2024 (per-country); national association registers (APROBI ID, MBA MY, DEDE TH, PCA PH, Petrolimex VN)","R7 wrapper: reference FIRST, numeric/Interp LAST (S11.2e). Prevents LEAP's 'Maximum capacity constraint is less than exogenous capacity' halt. Values are the team's, native unit, pass-through (no conversion). Original note: baseline_2023=0.05 Mt/yr; max_addition_rate=0.05 Mt/yr/yr (empirical history); practical_ceiling=0.5 Mt (5x baseline or 0.5 Mt greenfield); LEAP team to verify Variable name + Units match RAS schema (may be 'Mt/yr' or 'P",biomass_supply_cap_rows.csv (20260721 handover),refining_capacity,Medium-High,Regional Aspiration Scenario
Laos,Transformation\Bioethanol Production\Processes\Molasses,Maximum Capacity,"Max(Exogenous Capacity, Interp(2025, 0.0, 2030, 0.0, 2035, 0.0, 2040, 0.0, 2045, 0.0, 2050, 0.0, 2055, 0.0, 2060, 0.0))",Million Tonne Coal Equiv/Year,Ethanol,"USDA FAS GAIN Biofuels Annuals 2024 (per-country); national association registers (APROBI ID, MBA MY, DEDE TH, PCA PH, Petrolimex VN)","R7 wrapper: reference FIRST, numeric/Interp LAST (S11.2e). Prevents LEAP's 'Maximum capacity constraint is less than exogenous capacity' halt. Values are the team's, native unit, pass-through (no conversion). Original note: baseline_2023=0.0 Mt/yr; max_addition_rate=0.0 Mt/yr/yr (empirical history); practical_ceiling=0.0 Mt (5x baseline or 0.5 Mt greenfield); LEAP team to verify Variable name + Units match RAS schema (may be 'Mt/yr' or 'PJ/",biomass_supply_cap_rows.csv (20260721 handover),refining_capacity,Low,Regional Aspiration Scenario
Malaysia,Transformation\Bioethanol Production\Processes\Molasses,Maximum Capacity,"Max(Exogenous Capacity, Interp(2025, 0.1095, 2030, 0.3376, 2035, 0.4563, 2040, 0.4563, 2045, 0.4563, 2050, 0.4563, 2055, 0.4563, 2060, 0.4563))",Million Tonne Coal Equiv/Year,Ethanol,"USDA FAS GAIN Biofuels Annuals 2024 (per-country); national association registers (APROBI ID, MBA MY, DEDE TH, PCA PH, Petrolimex VN)","R7 wrapper: reference FIRST, numeric/Interp LAST (S11.2e). Prevents LEAP's 'Maximum capacity constraint is less than exogenous capacity' halt. Values are the team's, native unit, pass-through (no conversion). Original note: baseline_2023=0.02 Mt/yr; max_addition_rate=0.05 Mt/yr/yr (empirical history); practical_ceiling=0.5 Mt (5x baseline or 0.5 Mt greenfield); LEAP team to verify Variable name + Units match RAS schema (may be 'Mt/yr' or 'P",biomass_supply_cap_rows.csv (20260721 handover),refining_capacity,Medium-High,Regional Aspiration Scenario
Myanmar,Transformation\Bioethanol Production\Processes\Molasses,Maximum Capacity,"Max(Exogenous Capacity, Interp(2025, 0.0, 2030, 0.0, 2035, 0.0, 2040, 0.0, 2045, 0.0, 2050, 0.0, 2055, 0.0, 2060, 0.0))",Million Tonne Coal Equiv/Year,Ethanol,"USDA FAS GAIN Biofuels Annuals 2024 (per-country); national association registers (APROBI ID, MBA MY, DEDE TH, PCA PH, Petrolimex VN)","R7 wrapper: reference FIRST, numeric/Interp LAST (S11.2e). Prevents LEAP's 'Maximum capacity constraint is less than exogenous capacity' halt. Values are the team's, native unit, pass-through (no conversion). Original note: baseline_2023=0.0 Mt/yr; max_addition_rate=0.0 Mt/yr/yr (empirical history); practical_ceiling=0.0 Mt (5x baseline or 0.5 Mt greenfield); LEAP team to verify Variable name + Units match RAS schema (may be 'Mt/yr' or 'PJ/",biomass_supply_cap_rows.csv (20260721 handover),refining_capacity,Low,Regional Aspiration Scenario
Philippines,Transformation\Bioethanol Production\Processes\Molasses,Maximum Capacity,"Max(Exogenous Capacity, Interp(2025, 0.365, 2030, 0.5931, 2035, 0.8213, 2040, 1.0494, 2045, 1.2775, 2050, 1.3688, 2055, 1.3688, 2060, 1.3688))",Million Tonne Coal Equiv/Year,Ethanol,"USDA FAS GAIN Biofuels Annuals 2024 (per-country); national association registers (APROBI ID, MBA MY, DEDE TH, PCA PH, Petrolimex VN)","R7 wrapper: reference FIRST, numeric/Interp LAST (S11.2e). Prevents LEAP's 'Maximum capacity constraint is less than exogenous capacity' halt. Values are the team's, native unit, pass-through (no conversion). Original note: baseline_2023=0.3 Mt/yr; max_addition_rate=0.05 Mt/yr/yr (empirical history); practical_ceiling=1.5 Mt (5x baseline or 0.5 Mt greenfield); LEAP team to verify Variable name + Units match RAS schema (may be 'Mt/yr' or 'PJ",biomass_supply_cap_rows.csv (20260721 handover),refining_capacity,Medium-High,Regional Aspiration Scenario
Singapore,Transformation\Bioethanol Production\Processes\Molasses,Maximum Capacity,"Max(Exogenous Capacity, Interp(2025, 0.0, 2030, 0.0, 2035, 0.0, 2040, 0.0, 2045, 0.0, 2050, 0.0, 2055, 0.0, 2060, 0.0))",Million Tonne Coal Equiv/Year,Ethanol,"USDA FAS GAIN Biofuels Annuals 2024 (per-country); national association registers (APROBI ID, MBA MY, DEDE TH, PCA PH, Petrolimex VN)","R7 wrapper: reference FIRST, numeric/Interp LAST (S11.2e). Prevents LEAP's 'Maximum capacity constraint is less than exogenous capacity' halt. Values are the team's, native unit, pass-through (no conversion). Original note: baseline_2023=0.0 Mt/yr; max_addition_rate=0.0 Mt/yr/yr (empirical history); practical_ceiling=0.0 Mt (5x baseline or 0.5 Mt greenfield); LEAP team to verify Variable name + Units match RAS schema (may be 'Mt/yr' or 'PJ/",biomass_supply_cap_rows.csv (20260721 handover),refining_capacity,Low,Regional Aspiration Scenario
Thailand,Transformation\Bioethanol Production\Processes\Molasses,Maximum Capacity,"Max(Exogenous Capacity, Interp(2025, 0.0, 2030, 0.0, 2035, 0.0, 2040, 0.0, 2045, 0.0, 2050, 0.0, 2055, 0.0, 2060, 0.0))",Million Tonne Coal Equiv/Year,Ethanol,"USDA FAS GAIN Biofuels Annuals 2024 (per-country); national association registers (APROBI ID, MBA MY, DEDE TH, PCA PH, Petrolimex VN)","R7 wrapper: reference FIRST, numeric/Interp LAST (S11.2e). Prevents LEAP's 'Maximum capacity constraint is less than exogenous capacity' halt. Values are the team's, native unit, pass-through (no conversion). Original note: baseline_2023=0.0 Mt/yr; max_addition_rate=0.0 Mt/yr/yr (empirical history); practical_ceiling=0.0 Mt (5x baseline or 0.5 Mt greenfield); LEAP team to verify Variable name + Units match RAS schema (may be 'Mt/yr' or 'PJ/",biomass_supply_cap_rows.csv (20260721 handover),refining_capacity,Low,Regional Aspiration Scenario
Vietnam,Transformation\Bioethanol Production\Processes\Molasses,Maximum Capacity,"Max(Exogenous Capacity, Interp(2025, 0.0, 2030, 0.0, 2035, 0.0, 2040, 0.0, 2045, 0.0, 2050, 0.0, 2055, 0.0, 2060, 0.0))",Million Tonne Coal Equiv/Year,Ethanol,"USDA FAS GAIN Biofuels Annuals 2024 (per-country); national association registers (APROBI ID, MBA MY, DEDE TH, PCA PH, Petrolimex VN)","R7 wrapper: reference FIRST, numeric/Interp LAST (S11.2e). Prevents LEAP's 'Maximum capacity constraint is less than exogenous capacity' halt. Values are the team's, native unit, pass-through (no conversion). Original note: baseline_2023=0.0 Mt/yr; max_addition_rate=0.0 Mt/yr/yr (empirical history); practical_ceiling=0.0 Mt (5x baseline or 0.5 Mt greenfield); LEAP team to verify Variable name + Units match RAS schema (may be 'Mt/yr' or 'PJ/",biomass_supply_cap_rows.csv (20260721 handover),refining_capacity,Low,Regional Aspiration Scenario
Brunei,Transformation\Biodiesel Production\Processes\POME Biodiesel,Maximum Capacity,"Max(Exogenous Capacity, Interp(2025, 0.0, 2030, 0.0, 2035, 0.0, 2040, 0.0, 2045, 0.0, 2050, 0.0, 2055, 0.0, 2060, 0.0))",Million Gigajoules/Year,Biodiesel,"USDA FAS GAIN Biofuels Annuals 2024 (per-country); national association registers (APROBI ID, MBA MY, DEDE TH, PCA PH, Petrolimex VN)","R7 wrapper: reference FIRST, numeric/Interp LAST (S11.2e). Prevents LEAP's 'Maximum capacity constraint is less than exogenous capacity' halt. Values are the team's, native unit, pass-through (no conversion). Original note: baseline_2023=0.0 Mt/yr; max_addition_rate=0.0 Mt/yr/yr (empirical history); practical_ceiling=0.0 Mt (5x baseline or 0.5 Mt greenfield); LEAP team to verify Variable name + Units match RAS schema (may be 'Mt/yr' or 'PJ/",biomass_supply_cap_rows.csv (20260721 handover),refining_capacity,Low,Regional Aspiration Scenario
Cambodia,Transformation\Biodiesel Production\Processes\POME Biodiesel,Maximum Capacity,"Max(Exogenous Capacity, Interp(2025, 0.0, 2030, 0.0, 2035, 0.0, 2040, 0.0, 2045, 0.0, 2050, 0.0, 2055, 0.0, 2060, 0.0))",Million Gigajoules/Year,Biodiesel,"USDA FAS GAIN Biofuels Annuals 2024 (per-country); national association registers (APROBI ID, MBA MY, DEDE TH, PCA PH, Petrolimex VN)","R7 wrapper: reference FIRST, numeric/Interp LAST (S11.2e). Prevents LEAP's 'Maximum capacity constraint is less than exogenous capacity' halt. Values are the team's, native unit, pass-through (no conversion). Original note: baseline_2023=0.0 Mt/yr; max_addition_rate=0.0 Mt/yr/yr (empirical history); practical_ceiling=0.0 Mt (5x baseline or 0.5 Mt greenfield); LEAP team to verify Variable name + Units match RAS schema (may be 'Mt/yr' or 'PJ/",biomass_supply_cap_rows.csv (20260721 handover),refining_capacity,Low,Regional Aspiration Scenario
Indonesia,Transformation\Biodiesel Production\Processes\POME Biodiesel,Maximum Capacity,"Max(Exogenous Capacity, Interp(2025, 5.8495, 2030, 15.5988, 2035, 19.4985, 2040, 19.4985, 2045, 19.4985, 2050, 19.4985, 2055, 19.4985, 2060, 19.4985))",Million Gigajoules/Year,Biodiesel,"USDA FAS GAIN Biofuels Annuals 2024 (per-country); national association registers (APROBI ID, MBA MY, DEDE TH, PCA PH, Petrolimex VN)","R7 wrapper: reference FIRST, numeric/Interp LAST (S11.2e). Prevents LEAP's 'Maximum capacity constraint is less than exogenous capacity' halt. Values are the team's, native unit, pass-through (no conversion). Original note: baseline_2023=0.05 Mt/yr; max_addition_rate=0.05 Mt/yr/yr (empirical history); practical_ceiling=0.5 Mt (5x baseline or 0.5 Mt greenfield); LEAP team to verify Variable name + Units match RAS schema (may be 'Mt/yr' or 'P",biomass_supply_cap_rows.csv (20260721 handover),refining_capacity,Medium-High,Regional Aspiration Scenario
Laos,Transformation\Biodiesel Production\Processes\POME Biodiesel,Maximum Capacity,"Max(Exogenous Capacity, Interp(2025, 0.0, 2030, 0.0, 2035, 0.0, 2040, 0.0, 2045, 0.0, 2050, 0.0, 2055, 0.0, 2060, 0.0))",Million Gigajoules/Year,Biodiesel,"USDA FAS GAIN Biofuels Annuals 2024 (per-country); national association registers (APROBI ID, MBA MY, DEDE TH, PCA PH, Petrolimex VN)","R7 wrapper: reference FIRST, numeric/Interp LAST (S11.2e). Prevents LEAP's 'Maximum capacity constraint is less than exogenous capacity' halt. Values are the team's, native unit, pass-through (no conversion). Original note: baseline_2023=0.0 Mt/yr; max_addition_rate=0.0 Mt/yr/yr (empirical history); practical_ceiling=0.0 Mt (5x baseline or 0.5 Mt greenfield); LEAP team to verify Variable name + Units match RAS schema (may be 'Mt/yr' or 'PJ/",biomass_supply_cap_rows.csv (20260721 handover),refining_capacity,Low,Regional Aspiration Scenario
Malaysia,Transformation\Biodiesel Production\Processes\POME Biodiesel,Maximum Capacity,"Max(Exogenous Capacity, Interp(2025, 5.8495, 2030, 15.5988, 2035, 19.4985, 2040, 19.4985, 2045, 19.4985, 2050, 19.4985, 2055, 19.4985, 2060, 19.4985))",Million Gigajoules/Year,Biodiesel,"USDA FAS GAIN Biofuels Annuals 2024 (per-country); national association registers (APROBI ID, MBA MY, DEDE TH, PCA PH, Petrolimex VN)","R7 wrapper: reference FIRST, numeric/Interp LAST (S11.2e). Prevents LEAP's 'Maximum capacity constraint is less than exogenous capacity' halt. Values are the team's, native unit, pass-through (no conversion). Original note: baseline_2023=0.05 Mt/yr; max_addition_rate=0.05 Mt/yr/yr (empirical history); practical_ceiling=0.5 Mt (5x baseline or 0.5 Mt greenfield); LEAP team to verify Variable name + Units match RAS schema (may be 'Mt/yr' or 'P",biomass_supply_cap_rows.csv (20260721 handover),refining_capacity,Medium-High,Regional Aspiration Scenario
Myanmar,Transformation\Biodiesel Production\Processes\POME Biodiesel,Maximum Capacity,"Max(Exogenous Capacity, Interp(2025, 0.0, 2030, 0.0, 2035, 0.0, 2040, 0.0, 2045, 0.0, 2050, 0.0, 2055, 0.0, 2060, 0.0))",Million Gigajoules/Year,Biodiesel,"USDA FAS GAIN Biofuels Annuals 2024 (per-country); national association registers (APROBI ID, MBA MY, DEDE TH, PCA PH, Petrolimex VN)","R7 wrapper: reference FIRST, numeric/Interp LAST (S11.2e). Prevents LEAP's 'Maximum capacity constraint is less than exogenous capacity' halt. Values are the team's, native unit, pass-through (no conversion). Original note: baseline_2023=0.0 Mt/yr; max_addition_rate=0.0 Mt/yr/yr (empirical history); practical_ceiling=0.0 Mt (5x baseline or 0.5 Mt greenfield); LEAP team to verify Variable name + Units match RAS schema (may be 'Mt/yr' or 'PJ/",biomass_supply_cap_rows.csv (20260721 handover),refining_capacity,Low,Regional Aspiration Scenario
Philippines,Transformation\Biodiesel Production\Processes\POME Biodiesel,Maximum Capacity,"Max(Exogenous Capacity, Interp(2025, 0.0, 2030, 0.0, 2035, 0.0, 2040, 0.0, 2045, 0.0, 2050, 0.0, 2055, 0.0, 2060, 0.0))",Million Gigajoules/Year,Biodiesel,"USDA FAS GAIN Biofuels Annuals 2024 (per-country); national association registers (APROBI ID, MBA MY, DEDE TH, PCA PH, Petrolimex VN)","R7 wrapper: reference FIRST, numeric/Interp LAST (S11.2e). Prevents LEAP's 'Maximum capacity constraint is less than exogenous capacity' halt. Values are the team's, native unit, pass-through (no conversion). Original note: baseline_2023=0.0 Mt/yr; max_addition_rate=0.0 Mt/yr/yr (empirical history); practical_ceiling=0.0 Mt (5x baseline or 0.5 Mt greenfield); LEAP team to verify Variable name + Units match RAS schema (may be 'Mt/yr' or 'PJ/",biomass_supply_cap_rows.csv (20260721 handover),refining_capacity,Low,Regional Aspiration Scenario
Singapore,Transformation\Biodiesel Production\Processes\POME Biodiesel,Maximum Capacity,"Max(Exogenous Capacity, Interp(2025, 0.0, 2030, 0.0, 2035, 0.0, 2040, 0.0, 2045, 0.0, 2050, 0.0, 2055, 0.0, 2060, 0.0))",Million Gigajoules/Year,Biodiesel,"USDA FAS GAIN Biofuels Annuals 2024 (per-country); national association registers (APROBI ID, MBA MY, DEDE TH, PCA PH, Petrolimex VN)","R7 wrapper: reference FIRST, numeric/Interp LAST (S11.2e). Prevents LEAP's 'Maximum capacity constraint is less than exogenous capacity' halt. Values are the team's, native unit, pass-through (no conversion). Original note: baseline_2023=0.0 Mt/yr; max_addition_rate=0.0 Mt/yr/yr (empirical history); practical_ceiling=0.0 Mt (5x baseline or 0.5 Mt greenfield); LEAP team to verify Variable name + Units match RAS schema (may be 'Mt/yr' or 'PJ/",biomass_supply_cap_rows.csv (20260721 handover),refining_capacity,Low,Regional Aspiration Scenario
Thailand,Transformation\Biodiesel Production\Processes\POME Biodiesel,Maximum Capacity,"Max(Exogenous Capacity, Interp(2025, 0.0, 2030, 0.0, 2035, 0.0, 2040, 0.0, 2045, 0.0, 2050, 0.0, 2055, 0.0, 2060, 0.0))",Million Gigajoules/Year,Biodiesel,"USDA FAS GAIN Biofuels Annuals 2024 (per-country); national association registers (APROBI ID, MBA MY, DEDE TH, PCA PH, Petrolimex VN)","R7 wrapper: reference FIRST, numeric/Interp LAST (S11.2e). Prevents LEAP's 'Maximum capacity constraint is less than exogenous capacity' halt. Values are the team's, native unit, pass-through (no conversion). Original note: baseline_2023=0.0 Mt/yr; max_addition_rate=0.0 Mt/yr/yr (empirical history); practical_ceiling=0.0 Mt (5x baseline or 0.5 Mt greenfield); LEAP team to verify Variable name + Units match RAS schema (may be 'Mt/yr' or 'PJ/",biomass_supply_cap_rows.csv (20260721 handover),refining_capacity,Low,Regional Aspiration Scenario
Vietnam,Transformation\Biodiesel Production\Processes\POME Biodiesel,Maximum Capacity,"Max(Exogenous Capacity, Interp(2025, 0.0, 2030, 0.0, 2035, 0.0, 2040, 0.0, 2045, 0.0, 2050, 0.0, 2055, 0.0, 2060, 0.0))",Million Gigajoules/Year,Biodiesel,"USDA FAS GAIN Biofuels Annuals 2024 (per-country); national association registers (APROBI ID, MBA MY, DEDE TH, PCA PH, Petrolimex VN)","R7 wrapper: reference FIRST, numeric/Interp LAST (S11.2e). Prevents LEAP's 'Maximum capacity constraint is less than exogenous capacity' halt. Values are the team's, native unit, pass-through (no conversion). Original note: baseline_2023=0.0 Mt/yr; max_addition_rate=0.0 Mt/yr/yr (empirical history); practical_ceiling=0.0 Mt (5x baseline or 0.5 Mt greenfield); LEAP team to verify Variable name + Units match RAS schema (may be 'Mt/yr' or 'PJ/",biomass_supply_cap_rows.csv (20260721 handover),refining_capacity,Low,Regional Aspiration Scenario
Brunei,Transformation\Bioethanol Production\Processes\Sugarcane,Maximum Capacity,"Max(Exogenous Capacity, Interp(2025, 0.0, 2030, 0.0, 2035, 0.0, 2040, 0.0, 2045, 0.0, 2050, 0.0, 2055, 0.0, 2060, 0.0))",Million Tonne Coal Equiv/Year,Ethanol,"USDA FAS GAIN Biofuels Annuals 2024 (per-country); national association registers (APROBI ID, MBA MY, DEDE TH, PCA PH, Petrolimex VN)","R7 wrapper: reference FIRST, numeric/Interp LAST (S11.2e). Prevents LEAP's 'Maximum capacity constraint is less than exogenous capacity' halt. Values are the team's, native unit, pass-through (no conversion). Original note: baseline_2023=0.0 Mt/yr; max_addition_rate=0.0 Mt/yr/yr (empirical history); practical_ceiling=0.0 Mt (5x baseline or 0.5 Mt greenfield); LEAP team to verify Variable name + Units match RAS schema (may be 'Mt/yr' or 'PJ/",biomass_supply_cap_rows.csv (20260721 handover),refining_capacity,Low,Regional Aspiration Scenario
Cambodia,Transformation\Bioethanol Production\Processes\Sugarcane,Maximum Capacity,"Max(Exogenous Capacity, Interp(2025, 0.0913, 2030, 0.3194, 2035, 0.4563, 2040, 0.4563, 2045, 0.4563, 2050, 0.4563, 2055, 0.4563, 2060, 0.4563))",Million Tonne Coal Equiv/Year,Ethanol,"USDA FAS GAIN Biofuels Annuals 2024 (per-country); national association registers (APROBI ID, MBA MY, DEDE TH, PCA PH, Petrolimex VN)","R7 wrapper: reference FIRST, numeric/Interp LAST (S11.2e). Prevents LEAP's 'Maximum capacity constraint is less than exogenous capacity' halt. Values are the team's, native unit, pass-through (no conversion). Original note: baseline_2023=0.0 Mt/yr; max_addition_rate=0.05 Mt/yr/yr (empirical history); practical_ceiling=0.5 Mt (5x baseline or 0.5 Mt greenfield); LEAP team to verify Variable name + Units match RAS schema (may be 'Mt/yr' or 'PJ",biomass_supply_cap_rows.csv (20260721 handover),refining_capacity,Low,Regional Aspiration Scenario
Indonesia,Transformation\Bioethanol Production\Processes\Sugarcane,Maximum Capacity,"Max(Exogenous Capacity, Interp(2025, 0.1095, 2030, 0.3376, 2035, 0.4563, 2040, 0.4563, 2045, 0.4563, 2050, 0.4563, 2055, 0.4563, 2060, 0.4563))",Million Tonne Coal Equiv/Year,Ethanol,"USDA FAS GAIN Biofuels Annuals 2024 (per-country); national association registers (APROBI ID, MBA MY, DEDE TH, PCA PH, Petrolimex VN)","R7 wrapper: reference FIRST, numeric/Interp LAST (S11.2e). Prevents LEAP's 'Maximum capacity constraint is less than exogenous capacity' halt. Values are the team's, native unit, pass-through (no conversion). Original note: baseline_2023=0.02 Mt/yr; max_addition_rate=0.05 Mt/yr/yr (empirical history); practical_ceiling=0.5 Mt (5x baseline or 0.5 Mt greenfield); LEAP team to verify Variable name + Units match RAS schema (may be 'Mt/yr' or 'P",biomass_supply_cap_rows.csv (20260721 handover),refining_capacity,Medium-High,Regional Aspiration Scenario
Laos,Transformation\Bioethanol Production\Processes\Sugarcane,Maximum Capacity,"Max(Exogenous Capacity, Interp(2025, 0.0, 2030, 0.0, 2035, 0.0, 2040, 0.0, 2045, 0.0, 2050, 0.0, 2055, 0.0, 2060, 0.0))",Million Tonne Coal Equiv/Year,Ethanol,"USDA FAS GAIN Biofuels Annuals 2024 (per-country); national association registers (APROBI ID, MBA MY, DEDE TH, PCA PH, Petrolimex VN)","R7 wrapper: reference FIRST, numeric/Interp LAST (S11.2e). Prevents LEAP's 'Maximum capacity constraint is less than exogenous capacity' halt. Values are the team's, native unit, pass-through (no conversion). Original note: baseline_2023=0.0 Mt/yr; max_addition_rate=0.0 Mt/yr/yr (empirical history); practical_ceiling=0.0 Mt (5x baseline or 0.5 Mt greenfield); LEAP team to verify Variable name + Units match RAS schema (may be 'Mt/yr' or 'PJ/",biomass_supply_cap_rows.csv (20260721 handover),refining_capacity,Low,Regional Aspiration Scenario
Malaysia,Transformation\Bioethanol Production\Processes\Sugarcane,Maximum Capacity,"Max(Exogenous Capacity, Interp(2025, 0.0, 2030, 0.0, 2035, 0.0, 2040, 0.0, 2045, 0.0, 2050, 0.0, 2055, 0.0, 2060, 0.0))",Million Tonne Coal Equiv/Year,Ethanol,"USDA FAS GAIN Biofuels Annuals 2024 (per-country); national association registers (APROBI ID, MBA MY, DEDE TH, PCA PH, Petrolimex VN)","R7 wrapper: reference FIRST, numeric/Interp LAST (S11.2e). Prevents LEAP's 'Maximum capacity constraint is less than exogenous capacity' halt. Values are the team's, native unit, pass-through (no conversion). Original note: baseline_2023=0.0 Mt/yr; max_addition_rate=0.0 Mt/yr/yr (empirical history); practical_ceiling=0.0 Mt (5x baseline or 0.5 Mt greenfield); LEAP team to verify Variable name + Units match RAS schema (may be 'Mt/yr' or 'PJ/",biomass_supply_cap_rows.csv (20260721 handover),refining_capacity,Low,Regional Aspiration Scenario
Myanmar,Transformation\Bioethanol Production\Processes\Sugarcane,Maximum Capacity,"Max(Exogenous Capacity, Interp(2025, 0.0913, 2030, 0.3194, 2035, 0.4563, 2040, 0.4563, 2045, 0.4563, 2050, 0.4563, 2055, 0.4563, 2060, 0.4563))",Million Tonne Coal Equiv/Year,Ethanol,"USDA FAS GAIN Biofuels Annuals 2024 (per-country); national association registers (APROBI ID, MBA MY, DEDE TH, PCA PH, Petrolimex VN)","R7 wrapper: reference FIRST, numeric/Interp LAST (S11.2e). Prevents LEAP's 'Maximum capacity constraint is less than exogenous capacity' halt. Values are the team's, native unit, pass-through (no conversion). Original note: baseline_2023=0.0 Mt/yr; max_addition_rate=0.05 Mt/yr/yr (empirical history); practical_ceiling=0.5 Mt (5x baseline or 0.5 Mt greenfield); LEAP team to verify Variable name + Units match RAS schema (may be 'Mt/yr' or 'PJ",biomass_supply_cap_rows.csv (20260721 handover),refining_capacity,Low,Regional Aspiration Scenario
Philippines,Transformation\Bioethanol Production\Processes\Sugarcane,Maximum Capacity,"Max(Exogenous Capacity, Interp(2025, 0.365, 2030, 0.5931, 2035, 0.8213, 2040, 1.0494, 2045, 1.2775, 2050, 1.3688, 2055, 1.3688, 2060, 1.3688))",Million Tonne Coal Equiv/Year,Ethanol,"USDA FAS GAIN Biofuels Annuals 2024 (per-country); national association registers (APROBI ID, MBA MY, DEDE TH, PCA PH, Petrolimex VN)","R7 wrapper: reference FIRST, numeric/Interp LAST (S11.2e). Prevents LEAP's 'Maximum capacity constraint is less than exogenous capacity' halt. Values are the team's, native unit, pass-through (no conversion). Original note: baseline_2023=0.3 Mt/yr; max_addition_rate=0.05 Mt/yr/yr (empirical history); practical_ceiling=1.5 Mt (5x baseline or 0.5 Mt greenfield); LEAP team to verify Variable name + Units match RAS schema (may be 'Mt/yr' or 'PJ",biomass_supply_cap_rows.csv (20260721 handover),refining_capacity,Medium-High,Regional Aspiration Scenario
Singapore,Transformation\Bioethanol Production\Processes\Sugarcane,Maximum Capacity,"Max(Exogenous Capacity, Interp(2025, 0.0, 2030, 0.0, 2035, 0.0, 2040, 0.0, 2045, 0.0, 2050, 0.0, 2055, 0.0, 2060, 0.0))",Million Tonne Coal Equiv/Year,Ethanol,"USDA FAS GAIN Biofuels Annuals 2024 (per-country); national association registers (APROBI ID, MBA MY, DEDE TH, PCA PH, Petrolimex VN)","R7 wrapper: reference FIRST, numeric/Interp LAST (S11.2e). Prevents LEAP's 'Maximum capacity constraint is less than exogenous capacity' halt. Values are the team's, native unit, pass-through (no conversion). Original note: baseline_2023=0.0 Mt/yr; max_addition_rate=0.0 Mt/yr/yr (empirical history); practical_ceiling=0.0 Mt (5x baseline or 0.5 Mt greenfield); LEAP team to verify Variable name + Units match RAS schema (may be 'Mt/yr' or 'PJ/",biomass_supply_cap_rows.csv (20260721 handover),refining_capacity,Low,Regional Aspiration Scenario
Thailand,Transformation\Bioethanol Production\Processes\Sugarcane,Maximum Capacity,"Max(Exogenous Capacity, Interp(2025, 0.5475, 2030, 0.7756, 2035, 1.0038, 2040, 1.2319, 2045, 1.46, 2050, 1.6882, 2055, 1.9163, 2060, 2.1444))",Million Tonne Coal Equiv/Year,Ethanol,"USDA FAS GAIN Biofuels Annuals 2024 (per-country); national association registers (APROBI ID, MBA MY, DEDE TH, PCA PH, Petrolimex VN)","R7 wrapper: reference FIRST, numeric/Interp LAST (S11.2e). Prevents LEAP's 'Maximum capacity constraint is less than exogenous capacity' halt. Values are the team's, native unit, pass-through (no conversion). Original note: baseline_2023=0.5 Mt/yr; max_addition_rate=0.05 Mt/yr/yr (empirical history); practical_ceiling=2.5 Mt (5x baseline or 0.5 Mt greenfield); LEAP team to verify Variable name + Units match RAS schema (may be 'Mt/yr' or 'PJ",biomass_supply_cap_rows.csv (20260721 handover),refining_capacity,Medium-High,Regional Aspiration Scenario
Vietnam,Transformation\Bioethanol Production\Processes\Sugarcane,Maximum Capacity,"Max(Exogenous Capacity, Interp(2025, 0.0, 2030, 0.0, 2035, 0.0, 2040, 0.0, 2045, 0.0, 2050, 0.0, 2055, 0.0, 2060, 0.0))",Million Tonne Coal Equiv/Year,Ethanol,"USDA FAS GAIN Biofuels Annuals 2024 (per-country); national association registers (APROBI ID, MBA MY, DEDE TH, PCA PH, Petrolimex VN)","R7 wrapper: reference FIRST, numeric/Interp LAST (S11.2e). Prevents LEAP's 'Maximum capacity constraint is less than exogenous capacity' halt. Values are the team's, native unit, pass-through (no conversion). Original note: baseline_2023=0.0 Mt/yr; max_addition_rate=0.0 Mt/yr/yr (empirical history); practical_ceiling=0.0 Mt (5x baseline or 0.5 Mt greenfield); LEAP team to verify Variable name + Units match RAS schema (may be 'Mt/yr' or 'PJ/",biomass_supply_cap_rows.csv (20260721 handover),refining_capacity,Low,Regional Aspiration Scenario
Brunei,Transformation\Biodiesel Production\Processes\FAME Biodiesel,Maximum Capacity Addition,"Interp(2025, 0, 2026, 0, 2027, 0, 2028, 0, 2029, 0, 2030, 0, 2031, 0, 2032, 0, 2033, 0, 2034, 0, 2035, 0, 2036, 0, 2037, 0, 2038, 0, 2039, 0, 2040, 0, 2041, 0, 2042, 0, 2043, 0, 2044, 0, 2045, 0, 2046, 0, 2047, 0, 2048, 0, 2049, 0, 2050, 0, 2051, 0, 2052, 0, 2053, 0, 2054, 0, 2055, 0, 2056, 0, 2057, 0, 2058, 0, 2059, 0, 2060, 0)",Million Gigajoules/Year,Biodiesel,"build_rate_limit.csv (bioenergy team 20260722), recursion PRE-SOLVED OFFLINE; allocation across processes uses CANON's own share-of-historical-production idiom (Exogenous Capacity '* Interp(<feedstock>) / Interp(<total>)', evaluated at 2023)","installed_2023(national)=0.0 Mt/yr; canon share(FAME Biodiesel)=0.00000 -> installed_2023(process)=0.00000 Mt/yr; alpha=0.2; one_train_floor=0.15 Mt/yr; first_feasible_year=2028 (greenfield (zero installed base)). Mt/yr -> Million Gigajoules/Year x38.997. Pure numerics in Interp() - no Max(), so S11.2e numeric-first-parsed-as-year CANNOT fire. Unroll CLAMPED against the GROUP 4 accepted Maximum Capacity trajectory in 33/36 years so the level cap and the rate cap agree instead of over-determining each other.",build_rate_limit.csv,refining_buildrate,Low,Regional Aspiration Scenario
Brunei,Transformation\Biodiesel Production\Processes\CME Biodiesel,Maximum Capacity Addition,"Interp(2025, 0, 2026, 0, 2027, 0, 2028, 0, 2029, 0, 2030, 0, 2031, 0, 2032, 0, 2033, 0, 2034, 0, 2035, 0, 2036, 0, 2037, 0, 2038, 0, 2039, 0, 2040, 0, 2041, 0, 2042, 0, 2043, 0, 2044, 0, 2045, 0, 2046, 0, 2047, 0, 2048, 0, 2049, 0, 2050, 0, 2051, 0, 2052, 0, 2053, 0, 2054, 0, 2055, 0, 2056, 0, 2057, 0, 2058, 0, 2059, 0, 2060, 0)",Million Gigajoules/Year,Biodiesel,"build_rate_limit.csv (bioenergy team 20260722), recursion PRE-SOLVED OFFLINE; allocation across processes uses CANON's own share-of-historical-production idiom (Exogenous Capacity '* Interp(<feedstock>) / Interp(<total>)', evaluated at 2023)","installed_2023(national)=0.0 Mt/yr; canon share(CME Biodiesel)=0.00000 -> installed_2023(process)=0.00000 Mt/yr; alpha=0.2; one_train_floor=0.15 Mt/yr; first_feasible_year=2028 (greenfield (zero installed base)). Mt/yr -> Million Gigajoules/Year x38.997. Pure numerics in Interp() - no Max(), so S11.2e numeric-first-parsed-as-year CANNOT fire. Unroll CLAMPED against the GROUP 4 accepted Maximum Capacity trajectory in 33/36 years so the level cap and the rate cap agree instead of over-determining each other.",build_rate_limit.csv,refining_buildrate,Low,Regional Aspiration Scenario
Brunei,Transformation\Biodiesel Production\Processes\POME Biodiesel,Maximum Capacity Addition,"Interp(2025, 0, 2026, 0, 2027, 0, 2028, 0, 2029, 0, 2030, 0, 2031, 0, 2032, 0, 2033, 0, 2034, 0, 2035, 0, 2036, 0, 2037, 0, 2038, 0, 2039, 0, 2040, 0, 2041, 0, 2042, 0, 2043, 0, 2044, 0, 2045, 0, 2046, 0, 2047, 0, 2048, 0, 2049, 0, 2050, 0, 2051, 0, 2052, 0, 2053, 0, 2054, 0, 2055, 0, 2056, 0, 2057, 0, 2058, 0, 2059, 0, 2060, 0)",Million Gigajoules/Year,Biodiesel,"build_rate_limit.csv (bioenergy team 20260722), recursion PRE-SOLVED OFFLINE; allocation across processes uses CANON's own share-of-historical-production idiom (Exogenous Capacity '* Interp(<feedstock>) / Interp(<total>)', evaluated at 2023)","installed_2023(national)=0.0 Mt/yr; canon share(POME Biodiesel)=0.00000 -> installed_2023(process)=0.00000 Mt/yr; alpha=0.2; one_train_floor=0.15 Mt/yr; first_feasible_year=2028 (greenfield (zero installed base)). Mt/yr -> Million Gigajoules/Year x38.997. Pure numerics in Interp() - no Max(), so S11.2e numeric-first-parsed-as-year CANNOT fire. Unroll CLAMPED against the GROUP 4 accepted Maximum Capacity trajectory in 33/36 years so the level cap and the rate cap agree instead of over-determining each other.",build_rate_limit.csv,refining_buildrate,Low,Regional Aspiration Scenario
Cambodia,Transformation\Biodiesel Production\Processes\FAME Biodiesel,Maximum Capacity Addition,"Interp(2025, 0, 2026, 0, 2027, 0, 2028, 5.84955, 2029, 5.84951, 2030, 1.94984, 2031, 1.16992, 2032, 1.16992, 2033, 1.16992, 2034, 1.16992, 2035, 1.16992, 2036, 0, 2037, 0, 2038, 0, 2039, 0, 2040, 0, 2041, 0, 2042, 0, 2043, 0, 2044, 0, 2045, 0, 2046, 0, 2047, 0, 2048, 0, 2049, 0, 2050, 0, 2051, 0, 2052, 0, 2053, 0, 2054, 0, 2055, 0, 2056, 0, 2057, 0, 2058, 0, 2059, 0, 2060, 0)",Million Gigajoules/Year,Biodiesel,"build_rate_limit.csv (bioenergy team 20260722), recursion PRE-SOLVED OFFLINE; allocation across processes uses CANON's own share-of-historical-production idiom (Exogenous Capacity '* Interp(<feedstock>) / Interp(<total>)', evaluated at 2023)","installed_2023(national)=0.0 Mt/yr; canon share(FAME Biodiesel)=0.00000 -> installed_2023(process)=0.00000 Mt/yr; alpha=0.2; one_train_floor=0.15 Mt/yr; first_feasible_year=2028 (greenfield (zero installed base)). Mt/yr -> Million Gigajoules/Year x38.997. Pure numerics in Interp() - no Max(), so S11.2e numeric-first-parsed-as-year CANNOT fire. Unroll CLAMPED against the GROUP 4 accepted Maximum Capacity trajectory in 32/36 years so the level cap and the rate cap agree instead of over-determining each other.",build_rate_limit.csv,refining_buildrate,Low,Regional Aspiration Scenario
Cambodia,Transformation\Biodiesel Production\Processes\CME Biodiesel,Maximum Capacity Addition,"Interp(2025, 0, 2026, 0, 2027, 0, 2028, 0, 2029, 0, 2030, 0, 2031, 0, 2032, 0, 2033, 0, 2034, 0, 2035, 0, 2036, 0, 2037, 0, 2038, 0, 2039, 0, 2040, 0, 2041, 0, 2042, 0, 2043, 0, 2044, 0, 2045, 0, 2046, 0, 2047, 0, 2048, 0, 2049, 0, 2050, 0, 2051, 0, 2052, 0, 2053, 0, 2054, 0, 2055, 0, 2056, 0, 2057, 0, 2058, 0, 2059, 0, 2060, 0)",Million Gigajoules/Year,Biodiesel,"build_rate_limit.csv (bioenergy team 20260722), recursion PRE-SOLVED OFFLINE; allocation across processes uses CANON's own share-of-historical-production idiom (Exogenous Capacity '* Interp(<feedstock>) / Interp(<total>)', evaluated at 2023)","installed_2023(national)=0.0 Mt/yr; canon share(CME Biodiesel)=0.00000 -> installed_2023(process)=0.00000 Mt/yr; alpha=0.2; one_train_floor=0.15 Mt/yr; first_feasible_year=2028 (greenfield (zero installed base)). Mt/yr -> Million Gigajoules/Year x38.997. Pure numerics in Interp() - no Max(), so S11.2e numeric-first-parsed-as-year CANNOT fire. Unroll CLAMPED against the GROUP 4 accepted Maximum Capacity trajectory in 33/36 years so the level cap and the rate cap agree instead of over-determining each other.",build_rate_limit.csv,refining_buildrate,Low,Regional Aspiration Scenario
Cambodia,Transformation\Biodiesel Production\Processes\POME Biodiesel,Maximum Capacity Addition,"Interp(2025, 0, 2026, 0, 2027, 0, 2028, 0, 2029, 0, 2030, 0, 2031, 0, 2032, 0, 2033, 0, 2034, 0, 2035, 0, 2036, 0, 2037, 0, 2038, 0, 2039, 0, 2040, 0, 2041, 0, 2042, 0, 2043, 0, 2044, 0, 2045, 0, 2046, 0, 2047, 0, 2048, 0, 2049, 0, 2050, 0, 2051, 0, 2052, 0, 2053, 0, 2054, 0, 2055, 0, 2056, 0, 2057, 0, 2058, 0, 2059, 0, 2060, 0)",Million Gigajoules/Year,Biodiesel,"build_rate_limit.csv (bioenergy team 20260722), recursion PRE-SOLVED OFFLINE; allocation across processes uses CANON's own share-of-historical-production idiom (Exogenous Capacity '* Interp(<feedstock>) / Interp(<total>)', evaluated at 2023)","installed_2023(national)=0.0 Mt/yr; canon share(POME Biodiesel)=0.00000 -> installed_2023(process)=0.00000 Mt/yr; alpha=0.2; one_train_floor=0.15 Mt/yr; first_feasible_year=2028 (greenfield (zero installed base)). Mt/yr -> Million Gigajoules/Year x38.997. Pure numerics in Interp() - no Max(), so S11.2e numeric-first-parsed-as-year CANNOT fire. Unroll CLAMPED against the GROUP 4 accepted Maximum Capacity trajectory in 33/36 years so the level cap and the rate cap agree instead of over-determining each other.",build_rate_limit.csv,refining_buildrate,Low,Regional Aspiration Scenario
Indonesia,Transformation\Biodiesel Production\Processes\FAME Biodiesel,Maximum Capacity Addition,"Interp(2025, 0, 2026, 101.78217, 2027, 122.1386, 2028, 66.60688, 2029, 58.4955, 2030, 58.4955, 2031, 58.4955, 2032, 58.4955, 2033, 58.4955, 2034, 58.4955, 2035, 58.4955, 2036, 58.4955, 2037, 58.4955, 2038, 58.4955, 2039, 58.4955, 2040, 58.4955, 2041, 58.4955, 2042, 58.4955, 2043, 58.4955, 2044, 58.4955, 2045, 58.4955, 2046, 58.4955, 2047, 58.4955, 2048, 58.4955, 2049, 58.4955, 2050, 58.4955, 2051, 58.4955, 2052, 58.4955, 2053, 58.4955, 2054, 58.4955, 2055, 58.4955, 2056, 31.1976, 2057, 31.1976, 2058, 31.1976, 2059, 31.1976, 2060, 31.1976)",Million Gigajoules/Year,Biodiesel,"build_rate_limit.csv (bioenergy team 20260722), recursion PRE-SOLVED OFFLINE; allocation across processes uses CANON's own share-of-historical-production idiom (Exogenous Capacity '* Interp(<feedstock>) / Interp(<total>)', evaluated at 2023)","installed_2023(national)=13.05 Mt/yr; canon share(FAME Biodiesel)=1.00000 -> installed_2023(process)=13.05000 Mt/yr; alpha=0.2; one_train_floor=0.15 Mt/yr; first_feasible_year=2026 (national brownfield). Mt/yr -> Million Gigajoules/Year x38.997. Pure numerics in Interp() - no Max(), so S11.2e numeric-first-parsed-as-year CANNOT fire. Unroll CLAMPED against the GROUP 4 accepted Maximum Capacity trajectory in 33/36 years so the level cap and the rate cap agree instead of over-determining each other.",build_rate_limit.csv,refining_buildrate,Low,Regional Aspiration Scenario
Indonesia,Transformation\Biodiesel Production\Processes\CME Biodiesel,Maximum Capacity Addition,"Interp(2025, 0, 2026, 0, 2027, 0, 2028, 0, 2029, 0, 2030, 0, 2031, 0, 2032, 0, 2033, 0, 2034, 0, 2035, 0, 2036, 0, 2037, 0, 2038, 0, 2039, 0, 2040, 0, 2041, 0, 2042, 0, 2043, 0, 2044, 0, 2045, 0, 2046, 0, 2047, 0, 2048, 0, 2049, 0, 2050, 0, 2051, 0, 2052, 0, 2053, 0, 2054, 0, 2055, 0, 2056, 0, 2057, 0, 2058, 0, 2059, 0, 2060, 0)",Million Gigajoules/Year,Biodiesel,"build_rate_limit.csv (bioenergy team 20260722), recursion PRE-SOLVED OFFLINE; allocation across processes uses CANON's own share-of-historical-production idiom (Exogenous Capacity '* Interp(<feedstock>) / Interp(<total>)', evaluated at 2023)","installed_2023(national)=13.05 Mt/yr; canon share(CME Biodiesel)=0.00000 -> installed_2023(process)=0.00000 Mt/yr; alpha=0.2; one_train_floor=0.15 Mt/yr; first_feasible_year=2028 (greenfield (zero installed base)). Mt/yr -> Million Gigajoules/Year x38.997. Pure numerics in Interp() - no Max(), so S11.2e numeric-first-parsed-as-year CANNOT fire. Unroll CLAMPED against the GROUP 4 accepted Maximum Capacity trajectory in 33/36 years so the level cap and the rate cap agree instead of over-determining each other.",build_rate_limit.csv,refining_buildrate,Low,Regional Aspiration Scenario
Indonesia,Transformation\Biodiesel Production\Processes\POME Biodiesel,Maximum Capacity Addition,"Interp(2025, 0, 2026, 0, 2027, 0, 2028, 5.84955, 2029, 5.84955, 2030, 3.8997, 2031, 0.77994, 2032, 0.77994, 2033, 0.77994, 2034, 0.77994, 2035, 0.77994, 2036, 0, 2037, 0, 2038, 0, 2039, 0, 2040, 0, 2041, 0, 2042, 0, 2043, 0, 2044, 0, 2045, 0, 2046, 0, 2047, 0, 2048, 0, 2049, 0, 2050, 0, 2051, 0, 2052, 0, 2053, 0, 2054, 0, 2055, 0, 2056, 0, 2057, 0, 2058, 0, 2059, 0, 2060, 0)",Million Gigajoules/Year,Biodiesel,"build_rate_limit.csv (bioenergy team 20260722), recursion PRE-SOLVED OFFLINE; allocation across processes uses CANON's own share-of-historical-production idiom (Exogenous Capacity '* Interp(<feedstock>) / Interp(<total>)', evaluated at 2023)","installed_2023(national)=13.05 Mt/yr; canon share(POME Biodiesel)=0.00000 -> installed_2023(process)=0.00000 Mt/yr; alpha=0.2; one_train_floor=0.15 Mt/yr; first_feasible_year=2028 (greenfield (zero installed base)). Mt/yr -> Million Gigajoules/Year x38.997. Pure numerics in Interp() - no Max(), so S11.2e numeric-first-parsed-as-year CANNOT fire. Unroll CLAMPED against the GROUP 4 accepted Maximum Capacity trajectory in 31/36 years so the level cap and the rate cap agree instead of over-determining each other.",build_rate_limit.csv,refining_buildrate,Low,Regional Aspiration Scenario
Laos,Transformation\Biodiesel Production\Processes\FAME Biodiesel,Maximum Capacity Addition,"Interp(2025, 0, 2026, 0, 2027, 0, 2028, 0, 2029, 0, 2030, 0, 2031, 0, 2032, 0, 2033, 0, 2034, 0, 2035, 0, 2036, 0, 2037, 0, 2038, 0, 2039, 0, 2040, 0, 2041, 0, 2042, 0, 2043, 0, 2044, 0, 2045, 0, 2046, 0, 2047, 0, 2048, 0, 2049, 0, 2050, 0, 2051, 0, 2052, 0, 2053, 0, 2054, 0, 2055, 0, 2056, 0, 2057, 0, 2058, 0, 2059, 0, 2060, 0)",Million Gigajoules/Year,Biodiesel,"build_rate_limit.csv (bioenergy team 20260722), recursion PRE-SOLVED OFFLINE; allocation across processes uses CANON's own share-of-historical-production idiom (Exogenous Capacity '* Interp(<feedstock>) / Interp(<total>)', evaluated at 2023)","installed_2023(national)=0.0 Mt/yr; canon share(FAME Biodiesel)=0.00000 -> installed_2023(process)=0.00000 Mt/yr; alpha=0.2; one_train_floor=0.15 Mt/yr; first_feasible_year=2028 (greenfield (zero installed base)). Mt/yr -> Million Gigajoules/Year x38.997. Pure numerics in Interp() - no Max(), so S11.2e numeric-first-parsed-as-year CANNOT fire. Unroll CLAMPED against the GROUP 4 accepted Maximum Capacity trajectory in 33/36 years so the level cap and the rate cap agree instead of over-determining each other.",build_rate_limit.csv,refining_buildrate,Low,Regional Aspiration Scenario
Laos,Transformation\Biodiesel Production\Processes\CME Biodiesel,Maximum Capacity Addition,"Interp(2025, 0, 2026, 0, 2027, 0, 2028, 0, 2029, 0, 2030, 0, 2031, 0, 2032, 0, 2033, 0, 2034, 0, 2035, 0, 2036, 0, 2037, 0, 2038, 0, 2039, 0, 2040, 0, 2041, 0, 2042, 0, 2043, 0, 2044, 0, 2045, 0, 2046, 0, 2047, 0, 2048, 0, 2049, 0, 2050, 0, 2051, 0, 2052, 0, 2053, 0, 2054, 0, 2055, 0, 2056, 0, 2057, 0, 2058, 0, 2059, 0, 2060, 0)",Million Gigajoules/Year,Biodiesel,"build_rate_limit.csv (bioenergy team 20260722), recursion PRE-SOLVED OFFLINE; allocation across processes uses CANON's own share-of-historical-production idiom (Exogenous Capacity '* Interp(<feedstock>) / Interp(<total>)', evaluated at 2023)","installed_2023(national)=0.0 Mt/yr; canon share(CME Biodiesel)=0.00000 -> installed_2023(process)=0.00000 Mt/yr; alpha=0.2; one_train_floor=0.15 Mt/yr; first_feasible_year=2028 (greenfield (zero installed base)). Mt/yr -> Million Gigajoules/Year x38.997. Pure numerics in Interp() - no Max(), so S11.2e numeric-first-parsed-as-year CANNOT fire. Unroll CLAMPED against the GROUP 4 accepted Maximum Capacity trajectory in 33/36 years so the level cap and the rate cap agree instead of over-determining each other.",build_rate_limit.csv,refining_buildrate,Low,Regional Aspiration Scenario
Laos,Transformation\Biodiesel Production\Processes\POME Biodiesel,Maximum Capacity Addition,"Interp(2025, 0, 2026, 0, 2027, 0, 2028, 0, 2029, 0, 2030, 0, 2031, 0, 2032, 0, 2033, 0, 2034, 0, 2035, 0, 2036, 0, 2037, 0, 2038, 0, 2039, 0, 2040, 0, 2041, 0, 2042, 0, 2043, 0, 2044, 0, 2045, 0, 2046, 0, 2047, 0, 2048, 0, 2049, 0, 2050, 0, 2051, 0, 2052, 0, 2053, 0, 2054, 0, 2055, 0, 2056, 0, 2057, 0, 2058, 0, 2059, 0, 2060, 0)",Million Gigajoules/Year,Biodiesel,"build_rate_limit.csv (bioenergy team 20260722), recursion PRE-SOLVED OFFLINE; allocation across processes uses CANON's own share-of-historical-production idiom (Exogenous Capacity '* Interp(<feedstock>) / Interp(<total>)', evaluated at 2023)","installed_2023(national)=0.0 Mt/yr; canon share(POME Biodiesel)=0.00000 -> installed_2023(process)=0.00000 Mt/yr; alpha=0.2; one_train_floor=0.15 Mt/yr; first_feasible_year=2028 (greenfield (zero installed base)). Mt/yr -> Million Gigajoules/Year x38.997. Pure numerics in Interp() - no Max(), so S11.2e numeric-first-parsed-as-year CANNOT fire. Unroll CLAMPED against the GROUP 4 accepted Maximum Capacity trajectory in 33/36 years so the level cap and the rate cap agree instead of over-determining each other.",build_rate_limit.csv,refining_buildrate,Low,Regional Aspiration Scenario
Malaysia,Transformation\Biodiesel Production\Processes\FAME Biodiesel,Maximum Capacity Addition,"Interp(2025, 0, 2026, 22.22829, 2027, 26.67395, 2028, 27.14191, 2029, 15.5988, 2030, 15.5988, 2031, 15.5988, 2032, 15.5988, 2033, 15.5988, 2034, 15.5988, 2035, 15.5988, 2036, 15.5988, 2037, 15.5988, 2038, 15.5988, 2039, 15.5988, 2040, 15.5988, 2041, 15.5988, 2042, 15.5988, 2043, 15.5988, 2044, 15.5988, 2045, 15.5988, 2046, 15.5988, 2047, 15.5988, 2048, 15.5988, 2049, 15.5988, 2050, 15.5988, 2051, 3.11976, 2052, 3.11976, 2053, 3.11976, 2054, 3.11976, 2055, 3.11976, 2056, 0, 2057, 0, 2058, 0, 2059, 0, 2060, 0)",Million Gigajoules/Year,Biodiesel,"build_rate_limit.csv (bioenergy team 20260722), recursion PRE-SOLVED OFFLINE; allocation across processes uses CANON's own share-of-historical-production idiom (Exogenous Capacity '* Interp(<feedstock>) / Interp(<total>)', evaluated at 2023)","installed_2023(national)=2.85 Mt/yr; canon share(FAME Biodiesel)=1.00000 -> installed_2023(process)=2.85000 Mt/yr; alpha=0.2; one_train_floor=0.15 Mt/yr; first_feasible_year=2026 (national brownfield). Mt/yr -> Million Gigajoules/Year x38.997. Pure numerics in Interp() - no Max(), so S11.2e numeric-first-parsed-as-year CANNOT fire. Unroll CLAMPED against the GROUP 4 accepted Maximum Capacity trajectory in 33/36 years so the level cap and the rate cap agree instead of over-determining each other.",build_rate_limit.csv,refining_buildrate,Low,Regional Aspiration Scenario
Malaysia,Transformation\Biodiesel Production\Processes\CME Biodiesel,Maximum Capacity Addition,"Interp(2025, 0, 2026, 0, 2027, 0, 2028, 0, 2029, 0, 2030, 0, 2031, 0, 2032, 0, 2033, 0, 2034, 0, 2035, 0, 2036, 0, 2037, 0, 2038, 0, 2039, 0, 2040, 0, 2041, 0, 2042, 0, 2043, 0, 2044, 0, 2045, 0, 2046, 0, 2047, 0, 2048, 0, 2049, 0, 2050, 0, 2051, 0, 2052, 0, 2053, 0, 2054, 0, 2055, 0, 2056, 0, 2057, 0, 2058, 0, 2059, 0, 2060, 0)",Million Gigajoules/Year,Biodiesel,"build_rate_limit.csv (bioenergy team 20260722), recursion PRE-SOLVED OFFLINE; allocation across processes uses CANON's own share-of-historical-production idiom (Exogenous Capacity '* Interp(<feedstock>) / Interp(<total>)', evaluated at 2023)","installed_2023(national)=2.85 Mt/yr; canon share(CME Biodiesel)=0.00000 -> installed_2023(process)=0.00000 Mt/yr; alpha=0.2; one_train_floor=0.15 Mt/yr; first_feasible_year=2028 (greenfield (zero installed base)). Mt/yr -> Million Gigajoules/Year x38.997. Pure numerics in Interp() - no Max(), so S11.2e numeric-first-parsed-as-year CANNOT fire. Unroll CLAMPED against the GROUP 4 accepted Maximum Capacity trajectory in 33/36 years so the level cap and the rate cap agree instead of over-determining each other.",build_rate_limit.csv,refining_buildrate,Low,Regional Aspiration Scenario
Malaysia,Transformation\Biodiesel Production\Processes\POME Biodiesel,Maximum Capacity Addition,"Interp(2025, 0, 2026, 0, 2027, 0, 2028, 5.84955, 2029, 5.84955, 2030, 3.8997, 2031, 0.77994, 2032, 0.77994, 2033, 0.77994, 2034, 0.77994, 2035, 0.77994, 2036, 0, 2037, 0, 2038, 0, 2039, 0, 2040, 0, 2041, 0, 2042, 0, 2043, 0, 2044, 0, 2045, 0, 2046, 0, 2047, 0, 2048, 0, 2049, 0, 2050, 0, 2051, 0, 2052, 0, 2053, 0, 2054, 0, 2055, 0, 2056, 0, 2057, 0, 2058, 0, 2059, 0, 2060, 0)",Million Gigajoules/Year,Biodiesel,"build_rate_limit.csv (bioenergy team 20260722), recursion PRE-SOLVED OFFLINE; allocation across processes uses CANON's own share-of-historical-production idiom (Exogenous Capacity '* Interp(<feedstock>) / Interp(<total>)', evaluated at 2023)","installed_2023(national)=2.85 Mt/yr; canon share(POME Biodiesel)=0.00000 -> installed_2023(process)=0.00000 Mt/yr; alpha=0.2; one_train_floor=0.15 Mt/yr; first_feasible_year=2028 (greenfield (zero installed base)). Mt/yr -> Million Gigajoules/Year x38.997. Pure numerics in Interp() - no Max(), so S11.2e numeric-first-parsed-as-year CANNOT fire. Unroll CLAMPED against the GROUP 4 accepted Maximum Capacity trajectory in 31/36 years so the level cap and the rate cap agree instead of over-determining each other.",build_rate_limit.csv,refining_buildrate,Low,Regional Aspiration Scenario
Myanmar,Transformation\Biodiesel Production\Processes\FAME Biodiesel,Maximum Capacity Addition,"Interp(2025, 0, 2026, 0, 2027, 0, 2028, 5.84955, 2029, 5.84951, 2030, 1.94984, 2031, 1.16992, 2032, 1.16992, 2033, 1.16992, 2034, 1.16992, 2035, 1.16992, 2036, 0, 2037, 0, 2038, 0, 2039, 0, 2040, 0, 2041, 0, 2042, 0, 2043, 0, 2044, 0, 2045, 0, 2046, 0, 2047, 0, 2048, 0, 2049, 0, 2050, 0, 2051, 0, 2052, 0, 2053, 0, 2054, 0, 2055, 0, 2056, 0, 2057, 0, 2058, 0, 2059, 0, 2060, 0)",Million Gigajoules/Year,Biodiesel,"build_rate_limit.csv (bioenergy team 20260722), recursion PRE-SOLVED OFFLINE; allocation across processes uses CANON's own share-of-historical-production idiom (Exogenous Capacity '* Interp(<feedstock>) / Interp(<total>)', evaluated at 2023)","installed_2023(national)=0.0 Mt/yr; canon share(FAME Biodiesel)=0.00000 -> installed_2023(process)=0.00000 Mt/yr; alpha=0.2; one_train_floor=0.15 Mt/yr; first_feasible_year=2028 (greenfield (zero installed base)). Mt/yr -> Million Gigajoules/Year x38.997. Pure numerics in Interp() - no Max(), so S11.2e numeric-first-parsed-as-year CANNOT fire. Unroll CLAMPED against the GROUP 4 accepted Maximum Capacity trajectory in 32/36 years so the level cap and the rate cap agree instead of over-determining each other.",build_rate_limit.csv,refining_buildrate,Low,Regional Aspiration Scenario
Myanmar,Transformation\Biodiesel Production\Processes\CME Biodiesel,Maximum Capacity Addition,"Interp(2025, 0, 2026, 0, 2027, 0, 2028, 0, 2029, 0, 2030, 0, 2031, 0, 2032, 0, 2033, 0, 2034, 0, 2035, 0, 2036, 0, 2037, 0, 2038, 0, 2039, 0, 2040, 0, 2041, 0, 2042, 0, 2043, 0, 2044, 0, 2045, 0, 2046, 0, 2047, 0, 2048, 0, 2049, 0, 2050, 0, 2051, 0, 2052, 0, 2053, 0, 2054, 0, 2055, 0, 2056, 0, 2057, 0, 2058, 0, 2059, 0, 2060, 0)",Million Gigajoules/Year,Biodiesel,"build_rate_limit.csv (bioenergy team 20260722), recursion PRE-SOLVED OFFLINE; allocation across processes uses CANON's own share-of-historical-production idiom (Exogenous Capacity '* Interp(<feedstock>) / Interp(<total>)', evaluated at 2023)","installed_2023(national)=0.0 Mt/yr; canon share(CME Biodiesel)=0.00000 -> installed_2023(process)=0.00000 Mt/yr; alpha=0.2; one_train_floor=0.15 Mt/yr; first_feasible_year=2028 (greenfield (zero installed base)). Mt/yr -> Million Gigajoules/Year x38.997. Pure numerics in Interp() - no Max(), so S11.2e numeric-first-parsed-as-year CANNOT fire. Unroll CLAMPED against the GROUP 4 accepted Maximum Capacity trajectory in 33/36 years so the level cap and the rate cap agree instead of over-determining each other.",build_rate_limit.csv,refining_buildrate,Low,Regional Aspiration Scenario
Myanmar,Transformation\Biodiesel Production\Processes\POME Biodiesel,Maximum Capacity Addition,"Interp(2025, 0, 2026, 0, 2027, 0, 2028, 0, 2029, 0, 2030, 0, 2031, 0, 2032, 0, 2033, 0, 2034, 0, 2035, 0, 2036, 0, 2037, 0, 2038, 0, 2039, 0, 2040, 0, 2041, 0, 2042, 0, 2043, 0, 2044, 0, 2045, 0, 2046, 0, 2047, 0, 2048, 0, 2049, 0, 2050, 0, 2051, 0, 2052, 0, 2053, 0, 2054, 0, 2055, 0, 2056, 0, 2057, 0, 2058, 0, 2059, 0, 2060, 0)",Million Gigajoules/Year,Biodiesel,"build_rate_limit.csv (bioenergy team 20260722), recursion PRE-SOLVED OFFLINE; allocation across processes uses CANON's own share-of-historical-production idiom (Exogenous Capacity '* Interp(<feedstock>) / Interp(<total>)', evaluated at 2023)","installed_2023(national)=0.0 Mt/yr; canon share(POME Biodiesel)=0.00000 -> installed_2023(process)=0.00000 Mt/yr; alpha=0.2; one_train_floor=0.15 Mt/yr; first_feasible_year=2028 (greenfield (zero installed base)). Mt/yr -> Million Gigajoules/Year x38.997. Pure numerics in Interp() - no Max(), so S11.2e numeric-first-parsed-as-year CANNOT fire. Unroll CLAMPED against the GROUP 4 accepted Maximum Capacity trajectory in 33/36 years so the level cap and the rate cap agree instead of over-determining each other.",build_rate_limit.csv,refining_buildrate,Low,Regional Aspiration Scenario
Philippines,Transformation\Biodiesel Production\Processes\FAME Biodiesel,Maximum Capacity Addition,"Interp(2025, 0, 2026, 0, 2027, 0, 2028, 0, 2029, 0, 2030, 0, 2031, 0, 2032, 0, 2033, 0, 2034, 0, 2035, 0, 2036, 0, 2037, 0, 2038, 0, 2039, 0, 2040, 0, 2041, 0, 2042, 0, 2043, 0, 2044, 0, 2045, 0, 2046, 0, 2047, 0, 2048, 0, 2049, 0, 2050, 0, 2051, 0, 2052, 0, 2053, 0, 2054, 0, 2055, 0, 2056, 0, 2057, 0, 2058, 0, 2059, 0, 2060, 0)",Million Gigajoules/Year,Biodiesel,"build_rate_limit.csv (bioenergy team 20260722), recursion PRE-SOLVED OFFLINE; allocation across processes uses CANON's own share-of-historical-production idiom (Exogenous Capacity '* Interp(<feedstock>) / Interp(<total>)', evaluated at 2023)","installed_2023(national)=0.4 Mt/yr; canon share(FAME Biodiesel)=1.00000 -> installed_2023(process)=0.40000 Mt/yr; alpha=0.2; one_train_floor=0.15 Mt/yr; first_feasible_year=2026 (national brownfield). Mt/yr -> Million Gigajoules/Year x38.997. Pure numerics in Interp() - no Max(), so S11.2e numeric-first-parsed-as-year CANNOT fire. Unroll CLAMPED against the GROUP 4 accepted Maximum Capacity trajectory in 35/36 years so the level cap and the rate cap agree instead of over-determining each other.",build_rate_limit.csv,refining_buildrate,Low,Regional Aspiration Scenario
Philippines,Transformation\Biodiesel Production\Processes\CME Biodiesel,Maximum Capacity Addition,"Interp(2025, 0, 2026, 0, 2027, 0, 2028, 5.84955, 2029, 5.84955, 2030, 5.84955, 2031, 5.84955, 2032, 5.84955, 2033, 5.84953, 2034, 1.94986, 2035, 1.94986, 2036, 1.94986, 2037, 1.94986, 2038, 1.94986, 2039, 1.94986, 2040, 1.94986, 2041, 1.94984, 2042, 1.94984, 2043, 1.94984, 2044, 1.94984, 2045, 1.94984, 2046, 1.94984, 2047, 1.94984, 2048, 1.94984, 2049, 1.94984, 2050, 1.94984, 2051, 1.94986, 2052, 1.94986, 2053, 1.94986, 2054, 1.94986, 2055, 1.94986, 2056, 0, 2057, 0, 2058, 0, 2059, 0, 2060, 0)",Million Gigajoules/Year,Biodiesel,"build_rate_limit.csv (bioenergy team 20260722), recursion PRE-SOLVED OFFLINE; allocation across processes uses CANON's own share-of-historical-production idiom (Exogenous Capacity '* Interp(<feedstock>) / Interp(<total>)', evaluated at 2023)","installed_2023(national)=0.4 Mt/yr; canon share(CME Biodiesel)=0.00000 -> installed_2023(process)=0.00000 Mt/yr; alpha=0.2; one_train_floor=0.15 Mt/yr; first_feasible_year=2028 (greenfield (zero installed base)). Mt/yr -> Million Gigajoules/Year x38.997. Pure numerics in Interp() - no Max(), so S11.2e numeric-first-parsed-as-year CANNOT fire. Unroll CLAMPED against the GROUP 4 accepted Maximum Capacity trajectory in 28/36 years so the level cap and the rate cap agree instead of over-determining each other.",build_rate_limit.csv,refining_buildrate,Low,Regional Aspiration Scenario
Philippines,Transformation\Biodiesel Production\Processes\POME Biodiesel,Maximum Capacity Addition,"Interp(2025, 0, 2026, 0, 2027, 0, 2028, 0, 2029, 0, 2030, 0, 2031, 0, 2032, 0, 2033, 0, 2034, 0, 2035, 0, 2036, 0, 2037, 0, 2038, 0, 2039, 0, 2040, 0, 2041, 0, 2042, 0, 2043, 0, 2044, 0, 2045, 0, 2046, 0, 2047, 0, 2048, 0, 2049, 0, 2050, 0, 2051, 0, 2052, 0, 2053, 0, 2054, 0, 2055, 0, 2056, 0, 2057, 0, 2058, 0, 2059, 0, 2060, 0)",Million Gigajoules/Year,Biodiesel,"build_rate_limit.csv (bioenergy team 20260722), recursion PRE-SOLVED OFFLINE; allocation across processes uses CANON's own share-of-historical-production idiom (Exogenous Capacity '* Interp(<feedstock>) / Interp(<total>)', evaluated at 2023)","installed_2023(national)=0.4 Mt/yr; canon share(POME Biodiesel)=0.00000 -> installed_2023(process)=0.00000 Mt/yr; alpha=0.2; one_train_floor=0.15 Mt/yr; first_feasible_year=2028 (greenfield (zero installed base)). Mt/yr -> Million Gigajoules/Year x38.997. Pure numerics in Interp() - no Max(), so S11.2e numeric-first-parsed-as-year CANNOT fire. Unroll CLAMPED against the GROUP 4 accepted Maximum Capacity trajectory in 33/36 years so the level cap and the rate cap agree instead of over-determining each other.",build_rate_limit.csv,refining_buildrate,Low,Regional Aspiration Scenario
Singapore,Transformation\Biodiesel Production\Processes\FAME Biodiesel,Maximum Capacity Addition,"Interp(2025, 0, 2026, 0, 2027, 0, 2028, 5.84955, 2029, 5.84955, 2030, 5.84955, 2031, 5.84955, 2032, 5.84955, 2033, 5.84955, 2034, 7.01946, 2035, 8.42335, 2036, 7.95539, 2037, 0, 2038, 0, 2039, 0, 2040, 0, 2041, 0, 2042, 0, 2043, 0, 2044, 0, 2045, 0, 2046, 0, 2047, 0, 2048, 0, 2049, 0, 2050, 0, 2051, 0, 2052, 0, 2053, 0, 2054, 0, 2055, 0, 2056, 0, 2057, 0, 2058, 0, 2059, 0, 2060, 0)",Million Gigajoules/Year,Biodiesel,"build_rate_limit.csv (bioenergy team 20260722), recursion PRE-SOLVED OFFLINE; allocation across processes uses CANON's own share-of-historical-production idiom (Exogenous Capacity '* Interp(<feedstock>) / Interp(<total>)', evaluated at 2023)","installed_2023(national)=0.3 Mt/yr; canon share(FAME Biodiesel)=0.00000 -> installed_2023(process)=0.00000 Mt/yr; alpha=0.2; one_train_floor=0.15 Mt/yr; first_feasible_year=2028 (greenfield (zero installed base)). Mt/yr -> Million Gigajoules/Year x38.997. Pure numerics in Interp() - no Max(), so S11.2e numeric-first-parsed-as-year CANNOT fire. Unroll CLAMPED against the GROUP 4 accepted Maximum Capacity trajectory in 25/36 years so the level cap and the rate cap agree instead of over-determining each other.",build_rate_limit.csv,refining_buildrate,Low,Regional Aspiration Scenario
Singapore,Transformation\Biodiesel Production\Processes\CME Biodiesel,Maximum Capacity Addition,"Interp(2025, 0, 2026, 0, 2027, 0, 2028, 0, 2029, 0, 2030, 0, 2031, 0, 2032, 0, 2033, 0, 2034, 0, 2035, 0, 2036, 0, 2037, 0, 2038, 0, 2039, 0, 2040, 0, 2041, 0, 2042, 0, 2043, 0, 2044, 0, 2045, 0, 2046, 0, 2047, 0, 2048, 0, 2049, 0, 2050, 0, 2051, 0, 2052, 0, 2053, 0, 2054, 0, 2055, 0, 2056, 0, 2057, 0, 2058, 0, 2059, 0, 2060, 0)",Million Gigajoules/Year,Biodiesel,"build_rate_limit.csv (bioenergy team 20260722), recursion PRE-SOLVED OFFLINE; allocation across processes uses CANON's own share-of-historical-production idiom (Exogenous Capacity '* Interp(<feedstock>) / Interp(<total>)', evaluated at 2023)","installed_2023(national)=0.3 Mt/yr; canon share(CME Biodiesel)=0.00000 -> installed_2023(process)=0.00000 Mt/yr; alpha=0.2; one_train_floor=0.15 Mt/yr; first_feasible_year=2028 (greenfield (zero installed base)). Mt/yr -> Million Gigajoules/Year x38.997. Pure numerics in Interp() - no Max(), so S11.2e numeric-first-parsed-as-year CANNOT fire. Unroll CLAMPED against the GROUP 4 accepted Maximum Capacity trajectory in 33/36 years so the level cap and the rate cap agree instead of over-determining each other.",build_rate_limit.csv,refining_buildrate,Low,Regional Aspiration Scenario
Singapore,Transformation\Biodiesel Production\Processes\POME Biodiesel,Maximum Capacity Addition,"Interp(2025, 0, 2026, 0, 2027, 0, 2028, 0, 2029, 0, 2030, 0, 2031, 0, 2032, 0, 2033, 0, 2034, 0, 2035, 0, 2036, 0, 2037, 0, 2038, 0, 2039, 0, 2040, 0, 2041, 0, 2042, 0, 2043, 0, 2044, 0, 2045, 0, 2046, 0, 2047, 0, 2048, 0, 2049, 0, 2050, 0, 2051, 0, 2052, 0, 2053, 0, 2054, 0, 2055, 0, 2056, 0, 2057, 0, 2058, 0, 2059, 0, 2060, 0)",Million Gigajoules/Year,Biodiesel,"build_rate_limit.csv (bioenergy team 20260722), recursion PRE-SOLVED OFFLINE; allocation across processes uses CANON's own share-of-historical-production idiom (Exogenous Capacity '* Interp(<feedstock>) / Interp(<total>)', evaluated at 2023)","installed_2023(national)=0.3 Mt/yr; canon share(POME Biodiesel)=0.00000 -> installed_2023(process)=0.00000 Mt/yr; alpha=0.2; one_train_floor=0.15 Mt/yr; first_feasible_year=2028 (greenfield (zero installed base)). Mt/yr -> Million Gigajoules/Year x38.997. Pure numerics in Interp() - no Max(), so S11.2e numeric-first-parsed-as-year CANNOT fire. Unroll CLAMPED against the GROUP 4 accepted Maximum Capacity trajectory in 33/36 years so the level cap and the rate cap agree instead of over-determining each other.",build_rate_limit.csv,refining_buildrate,Low,Regional Aspiration Scenario
Thailand,Transformation\Biodiesel Production\Processes\FAME Biodiesel,Maximum Capacity Addition,"Interp(2025, 0, 2026, 15.5988, 2027, 15.5988, 2028, 7.7994, 2029, 7.7994, 2030, 7.7994, 2031, 7.7994, 2032, 7.7994, 2033, 7.7994, 2034, 7.7994, 2035, 7.7994, 2036, 7.7994, 2037, 7.7994, 2038, 7.7994, 2039, 7.7994, 2040, 7.7994, 2041, 7.7994, 2042, 7.7994, 2043, 7.7994, 2044, 7.7994, 2045, 7.7994, 2046, 7.7994, 2047, 7.7994, 2048, 7.7994, 2049, 7.7994, 2050, 7.7994, 2051, 7.7994, 2052, 7.7994, 2053, 7.7994, 2054, 7.7994, 2055, 7.7994, 2056, 7.7994, 2057, 7.7994, 2058, 7.7994, 2059, 7.7994, 2060, 7.7994)",Million Gigajoules/Year,Biodiesel,"build_rate_limit.csv (bioenergy team 20260722), recursion PRE-SOLVED OFFLINE; allocation across processes uses CANON's own share-of-historical-production idiom (Exogenous Capacity '* Interp(<feedstock>) / Interp(<total>)', evaluated at 2023)","installed_2023(national)=2.0 Mt/yr; canon share(FAME Biodiesel)=1.00000 -> installed_2023(process)=2.00000 Mt/yr; alpha=0.2; one_train_floor=0.15 Mt/yr; first_feasible_year=2026 (national brownfield). Mt/yr -> Million Gigajoules/Year x38.997. Pure numerics in Interp() - no Max(), so S11.2e numeric-first-parsed-as-year CANNOT fire. Unroll CLAMPED against the GROUP 4 accepted Maximum Capacity trajectory in 34/36 years so the level cap and the rate cap agree instead of over-determining each other.",build_rate_limit.csv,refining_buildrate,Low,Regional Aspiration Scenario
Thailand,Transformation\Biodiesel Production\Processes\CME Biodiesel,Maximum Capacity Addition,"Interp(2025, 0, 2026, 0, 2027, 0, 2028, 0, 2029, 0, 2030, 0, 2031, 0, 2032, 0, 2033, 0, 2034, 0, 2035, 0, 2036, 0, 2037, 0, 2038, 0, 2039, 0, 2040, 0, 2041, 0, 2042, 0, 2043, 0, 2044, 0, 2045, 0, 2046, 0, 2047, 0, 2048, 0, 2049, 0, 2050, 0, 2051, 0, 2052, 0, 2053, 0, 2054, 0, 2055, 0, 2056, 0, 2057, 0, 2058, 0, 2059, 0, 2060, 0)",Million Gigajoules/Year,Biodiesel,"build_rate_limit.csv (bioenergy team 20260722), recursion PRE-SOLVED OFFLINE; allocation across processes uses CANON's own share-of-historical-production idiom (Exogenous Capacity '* Interp(<feedstock>) / Interp(<total>)', evaluated at 2023)","installed_2023(national)=2.0 Mt/yr; canon share(CME Biodiesel)=0.00000 -> installed_2023(process)=0.00000 Mt/yr; alpha=0.2; one_train_floor=0.15 Mt/yr; first_feasible_year=2028 (greenfield (zero installed base)). Mt/yr -> Million Gigajoules/Year x38.997. Pure numerics in Interp() - no Max(), so S11.2e numeric-first-parsed-as-year CANNOT fire. Unroll CLAMPED against the GROUP 4 accepted Maximum Capacity trajectory in 33/36 years so the level cap and the rate cap agree instead of over-determining each other.",build_rate_limit.csv,refining_buildrate,Low,Regional Aspiration Scenario
Thailand,Transformation\Biodiesel Production\Processes\POME Biodiesel,Maximum Capacity Addition,"Interp(2025, 0, 2026, 0, 2027, 0, 2028, 0, 2029, 0, 2030, 0, 2031, 0, 2032, 0, 2033, 0, 2034, 0, 2035, 0, 2036, 0, 2037, 0, 2038, 0, 2039, 0, 2040, 0, 2041, 0, 2042, 0, 2043, 0, 2044, 0, 2045, 0, 2046, 0, 2047, 0, 2048, 0, 2049, 0, 2050, 0, 2051, 0, 2052, 0, 2053, 0, 2054, 0, 2055, 0, 2056, 0, 2057, 0, 2058, 0, 2059, 0, 2060, 0)",Million Gigajoules/Year,Biodiesel,"build_rate_limit.csv (bioenergy team 20260722), recursion PRE-SOLVED OFFLINE; allocation across processes uses CANON's own share-of-historical-production idiom (Exogenous Capacity '* Interp(<feedstock>) / Interp(<total>)', evaluated at 2023)","installed_2023(national)=2.0 Mt/yr; canon share(POME Biodiesel)=0.00000 -> installed_2023(process)=0.00000 Mt/yr; alpha=0.2; one_train_floor=0.15 Mt/yr; first_feasible_year=2028 (greenfield (zero installed base)). Mt/yr -> Million Gigajoules/Year x38.997. Pure numerics in Interp() - no Max(), so S11.2e numeric-first-parsed-as-year CANNOT fire. Unroll CLAMPED against the GROUP 4 accepted Maximum Capacity trajectory in 33/36 years so the level cap and the rate cap agree instead of over-determining each other.",build_rate_limit.csv,refining_buildrate,Low,Regional Aspiration Scenario
Vietnam,Transformation\Biodiesel Production\Processes\FAME Biodiesel,Maximum Capacity Addition,"Interp(2025, 0, 2026, 0, 2027, 0, 2028, 5.84955, 2029, 5.84955, 2030, 5.84955, 2031, 5.84955, 2032, 5.84955, 2033, 1.94987, 2034, 1.94984, 2035, 1.94984, 2036, 1.94984, 2037, 1.94984, 2038, 1.94984, 2039, 1.94984, 2040, 1.94984, 2041, 1.94986, 2042, 1.94986, 2043, 1.94986, 2044, 1.94986, 2045, 1.94986, 2046, 0.77994, 2047, 0.77994, 2048, 0.77994, 2049, 0.77994, 2050, 0.77994, 2051, 0, 2052, 0, 2053, 0, 2054, 0, 2055, 0, 2056, 0, 2057, 0, 2058, 0, 2059, 0, 2060, 0)",Million Gigajoules/Year,Biodiesel,"build_rate_limit.csv (bioenergy team 20260722), recursion PRE-SOLVED OFFLINE; allocation across processes uses CANON's own share-of-historical-production idiom (Exogenous Capacity '* Interp(<feedstock>) / Interp(<total>)', evaluated at 2023)","installed_2023(national)=0.3 Mt/yr; canon share(FAME Biodiesel)=0.00000 -> installed_2023(process)=0.00000 Mt/yr; alpha=0.2; one_train_floor=0.15 Mt/yr; first_feasible_year=2028 (greenfield (zero installed base)). Mt/yr -> Million Gigajoules/Year x38.997. Pure numerics in Interp() - no Max(), so S11.2e numeric-first-parsed-as-year CANNOT fire. Unroll CLAMPED against the GROUP 4 accepted Maximum Capacity trajectory in 28/36 years so the level cap and the rate cap agree instead of over-determining each other.",build_rate_limit.csv,refining_buildrate,Low,Regional Aspiration Scenario
Vietnam,Transformation\Biodiesel Production\Processes\CME Biodiesel,Maximum Capacity Addition,"Interp(2025, 0, 2026, 0, 2027, 0, 2028, 0, 2029, 0, 2030, 0, 2031, 0, 2032, 0, 2033, 0, 2034, 0, 2035, 0, 2036, 0, 2037, 0, 2038, 0, 2039, 0, 2040, 0, 2041, 0, 2042, 0, 2043, 0, 2044, 0, 2045, 0, 2046, 0, 2047, 0, 2048, 0, 2049, 0, 2050, 0, 2051, 0, 2052, 0, 2053, 0, 2054, 0, 2055, 0, 2056, 0, 2057, 0, 2058, 0, 2059, 0, 2060, 0)",Million Gigajoules/Year,Biodiesel,"build_rate_limit.csv (bioenergy team 20260722), recursion PRE-SOLVED OFFLINE; allocation across processes uses CANON's own share-of-historical-production idiom (Exogenous Capacity '* Interp(<feedstock>) / Interp(<total>)', evaluated at 2023)","installed_2023(national)=0.3 Mt/yr; canon share(CME Biodiesel)=0.00000 -> installed_2023(process)=0.00000 Mt/yr; alpha=0.2; one_train_floor=0.15 Mt/yr; first_feasible_year=2028 (greenfield (zero installed base)). Mt/yr -> Million Gigajoules/Year x38.997. Pure numerics in Interp() - no Max(), so S11.2e numeric-first-parsed-as-year CANNOT fire. Unroll CLAMPED against the GROUP 4 accepted Maximum Capacity trajectory in 33/36 years so the level cap and the rate cap agree instead of over-determining each other.",build_rate_limit.csv,refining_buildrate,Low,Regional Aspiration Scenario
Vietnam,Transformation\Biodiesel Production\Processes\POME Biodiesel,Maximum Capacity Addition,"Interp(2025, 0, 2026, 0, 2027, 0, 2028, 0, 2029, 0, 2030, 0, 2031, 0, 2032, 0, 2033, 0, 2034, 0, 2035, 0, 2036, 0, 2037, 0, 2038, 0, 2039, 0, 2040, 0, 2041, 0, 2042, 0, 2043, 0, 2044, 0, 2045, 0, 2046, 0, 2047, 0, 2048, 0, 2049, 0, 2050, 0, 2051, 0, 2052, 0, 2053, 0, 2054, 0, 2055, 0, 2056, 0, 2057, 0, 2058, 0, 2059, 0, 2060, 0)",Million Gigajoules/Year,Biodiesel,"build_rate_limit.csv (bioenergy team 20260722), recursion PRE-SOLVED OFFLINE; allocation across processes uses CANON's own share-of-historical-production idiom (Exogenous Capacity '* Interp(<feedstock>) / Interp(<total>)', evaluated at 2023)","installed_2023(national)=0.3 Mt/yr; canon share(POME Biodiesel)=0.00000 -> installed_2023(process)=0.00000 Mt/yr; alpha=0.2; one_train_floor=0.15 Mt/yr; first_feasible_year=2028 (greenfield (zero installed base)). Mt/yr -> Million Gigajoules/Year x38.997. Pure numerics in Interp() - no Max(), so S11.2e numeric-first-parsed-as-year CANNOT fire. Unroll CLAMPED against the GROUP 4 accepted Maximum Capacity trajectory in 33/36 years so the level cap and the rate cap agree instead of over-determining each other.",build_rate_limit.csv,refining_buildrate,Low,Regional Aspiration Scenario
Brunei,Transformation\Bioethanol Production\Processes\Cassava,Maximum Capacity Addition,"Interp(2025, 0, 2026, 0, 2027, 0, 2028, 0, 2029, 0, 2030, 0, 2031, 0, 2032, 0, 2033, 0, 2034, 0, 2035, 0, 2036, 0, 2037, 0, 2038, 0, 2039, 0, 2040, 0, 2041, 0, 2042, 0, 2043, 0, 2044, 0, 2045, 0, 2046, 0, 2047, 0, 2048, 0, 2049, 0, 2050, 0, 2051, 0, 2052, 0, 2053, 0, 2054, 0, 2055, 0, 2056, 0, 2057, 0, 2058, 0, 2059, 0, 2060, 0)",Million Tonne Coal Equiv/Year,Bioethanol,"build_rate_limit.csv (bioenergy team 20260722), recursion PRE-SOLVED OFFLINE; allocation across processes uses CANON's own share-of-historical-production idiom (Exogenous Capacity '* Interp(<feedstock>) / Interp(<total>)', evaluated at 2023)","installed_2023(national)=0.0 Mt/yr; canon share(Cassava)=0.00000 -> installed_2023(process)=0.00000 Mt/yr; alpha=0.2; one_train_floor=0.15 Mt/yr; first_feasible_year=2028 (greenfield (zero installed base)). Mt/yr -> Million Tonne Coal Equiv/Year x0.912528. Pure numerics in Interp() - no Max(), so S11.2e numeric-first-parsed-as-year CANNOT fire. Unroll CLAMPED against the GROUP 4 accepted Maximum Capacity trajectory in 33/36 years so the level cap and the rate cap agree instead of over-determining each other.",build_rate_limit.csv,refining_buildrate,Low,Regional Aspiration Scenario
Brunei,Transformation\Bioethanol Production\Processes\Corn Ethanol,Maximum Capacity Addition,"Interp(2025, 0, 2026, 0, 2027, 0, 2028, 0, 2029, 0, 2030, 0, 2031, 0, 2032, 0, 2033, 0, 2034, 0, 2035, 0, 2036, 0, 2037, 0, 2038, 0, 2039, 0, 2040, 0, 2041, 0, 2042, 0, 2043, 0, 2044, 0, 2045, 0, 2046, 0, 2047, 0, 2048, 0, 2049, 0, 2050, 0, 2051, 0, 2052, 0, 2053, 0, 2054, 0, 2055, 0, 2056, 0, 2057, 0, 2058, 0, 2059, 0, 2060, 0)",Million Tonne Coal Equiv/Year,Bioethanol,"build_rate_limit.csv (bioenergy team 20260722), recursion PRE-SOLVED OFFLINE; allocation across processes uses CANON's own share-of-historical-production idiom (Exogenous Capacity '* Interp(<feedstock>) / Interp(<total>)', evaluated at 2023)","installed_2023(national)=0.0 Mt/yr; canon share(Corn Ethanol)=0.00000 -> installed_2023(process)=0.00000 Mt/yr; alpha=0.2; one_train_floor=0.15 Mt/yr; first_feasible_year=2028 (greenfield (zero installed base)). Mt/yr -> Million Tonne Coal Equiv/Year x0.912528. Pure numerics in Interp() - no Max(), so S11.2e numeric-first-parsed-as-year CANNOT fire. Unroll CLAMPED against the GROUP 4 accepted Maximum Capacity trajectory in 33/36 years so the level cap and the rate cap agree instead of over-determining each other.",build_rate_limit.csv,refining_buildrate,Low,Regional Aspiration Scenario
Brunei,Transformation\Bioethanol Production\Processes\Molasses,Maximum Capacity Addition,"Interp(2025, 0, 2026, 0, 2027, 0, 2028, 0, 2029, 0, 2030, 0, 2031, 0, 2032, 0, 2033, 0, 2034, 0, 2035, 0, 2036, 0, 2037, 0, 2038, 0, 2039, 0, 2040, 0, 2041, 0, 2042, 0, 2043, 0, 2044, 0, 2045, 0, 2046, 0, 2047, 0, 2048, 0, 2049, 0, 2050, 0, 2051, 0, 2052, 0, 2053, 0, 2054, 0, 2055, 0, 2056, 0, 2057, 0, 2058, 0, 2059, 0, 2060, 0)",Million Tonne Coal Equiv/Year,Bioethanol,"build_rate_limit.csv (bioenergy team 20260722), recursion PRE-SOLVED OFFLINE; allocation across processes uses CANON's own share-of-historical-production idiom (Exogenous Capacity '* Interp(<feedstock>) / Interp(<total>)', evaluated at 2023)","installed_2023(national)=0.0 Mt/yr; canon share(Molasses)=0.00000 -> installed_2023(process)=0.00000 Mt/yr; alpha=0.2; one_train_floor=0.15 Mt/yr; first_feasible_year=2028 (greenfield (zero installed base)). Mt/yr -> Million Tonne Coal Equiv/Year x0.912528. Pure numerics in Interp() - no Max(), so S11.2e numeric-first-parsed-as-year CANNOT fire. Unroll CLAMPED against the GROUP 4 accepted Maximum Capacity trajectory in 33/36 years so the level cap and the rate cap agree instead of over-determining each other.",build_rate_limit.csv,refining_buildrate,Low,Regional Aspiration Scenario
Brunei,Transformation\Bioethanol Production\Processes\Sugarcane,Maximum Capacity Addition,"Interp(2025, 0, 2026, 0, 2027, 0, 2028, 0, 2029, 0, 2030, 0, 2031, 0, 2032, 0, 2033, 0, 2034, 0, 2035, 0, 2036, 0, 2037, 0, 2038, 0, 2039, 0, 2040, 0, 2041, 0, 2042, 0, 2043, 0, 2044, 0, 2045, 0, 2046, 0, 2047, 0, 2048, 0, 2049, 0, 2050, 0, 2051, 0, 2052, 0, 2053, 0, 2054, 0, 2055, 0, 2056, 0, 2057, 0, 2058, 0, 2059, 0, 2060, 0)",Million Tonne Coal Equiv/Year,Bioethanol,"build_rate_limit.csv (bioenergy team 20260722), recursion PRE-SOLVED OFFLINE; allocation across processes uses CANON's own share-of-historical-production idiom (Exogenous Capacity '* Interp(<feedstock>) / Interp(<total>)', evaluated at 2023)","installed_2023(national)=0.0 Mt/yr; canon share(Sugarcane)=0.00000 -> installed_2023(process)=0.00000 Mt/yr; alpha=0.2; one_train_floor=0.15 Mt/yr; first_feasible_year=2028 (greenfield (zero installed base)). Mt/yr -> Million Tonne Coal Equiv/Year x0.912528. Pure numerics in Interp() - no Max(), so S11.2e numeric-first-parsed-as-year CANNOT fire. Unroll CLAMPED against the GROUP 4 accepted Maximum Capacity trajectory in 33/36 years so the level cap and the rate cap agree instead of over-determining each other.",build_rate_limit.csv,refining_buildrate,Low,Regional Aspiration Scenario
Cambodia,Transformation\Bioethanol Production\Processes\Cassava,Maximum Capacity Addition,"Interp(2025, 0, 2026, 0, 2027, 0, 2028, 0.13688, 2029, 0.13688, 2030, 0.04564, 2031, 0.02738, 2032, 0.02738, 2033, 0.02738, 2034, 0.02738, 2035, 0.02738, 2036, 0, 2037, 0, 2038, 0, 2039, 0, 2040, 0, 2041, 0, 2042, 0, 2043, 0, 2044, 0, 2045, 0, 2046, 0, 2047, 0, 2048, 0, 2049, 0, 2050, 0, 2051, 0, 2052, 0, 2053, 0, 2054, 0, 2055, 0, 2056, 0, 2057, 0, 2058, 0, 2059, 0, 2060, 0)",Million Tonne Coal Equiv/Year,Bioethanol,"build_rate_limit.csv (bioenergy team 20260722), recursion PRE-SOLVED OFFLINE; allocation across processes uses CANON's own share-of-historical-production idiom (Exogenous Capacity '* Interp(<feedstock>) / Interp(<total>)', evaluated at 2023)","installed_2023(national)=0.0 Mt/yr; canon share(Cassava)=0.00000 -> installed_2023(process)=0.00000 Mt/yr; alpha=0.2; one_train_floor=0.15 Mt/yr; first_feasible_year=2028 (greenfield (zero installed base)). Mt/yr -> Million Tonne Coal Equiv/Year x0.912528. Pure numerics in Interp() - no Max(), so S11.2e numeric-first-parsed-as-year CANNOT fire. Unroll CLAMPED against the GROUP 4 accepted Maximum Capacity trajectory in 31/36 years so the level cap and the rate cap agree instead of over-determining each other.",build_rate_limit.csv,refining_buildrate,Low,Regional Aspiration Scenario
Cambodia,Transformation\Bioethanol Production\Processes\Corn Ethanol,Maximum Capacity Addition,"Interp(2025, 0, 2026, 0, 2027, 0, 2028, 0, 2029, 0, 2030, 0, 2031, 0, 2032, 0, 2033, 0, 2034, 0, 2035, 0, 2036, 0, 2037, 0, 2038, 0, 2039, 0, 2040, 0, 2041, 0, 2042, 0, 2043, 0, 2044, 0, 2045, 0, 2046, 0, 2047, 0, 2048, 0, 2049, 0, 2050, 0, 2051, 0, 2052, 0, 2053, 0, 2054, 0, 2055, 0, 2056, 0, 2057, 0, 2058, 0, 2059, 0, 2060, 0)",Million Tonne Coal Equiv/Year,Bioethanol,"build_rate_limit.csv (bioenergy team 20260722), recursion PRE-SOLVED OFFLINE; allocation across processes uses CANON's own share-of-historical-production idiom (Exogenous Capacity '* Interp(<feedstock>) / Interp(<total>)', evaluated at 2023)","installed_2023(national)=0.0 Mt/yr; canon share(Corn Ethanol)=0.00000 -> installed_2023(process)=0.00000 Mt/yr; alpha=0.2; one_train_floor=0.15 Mt/yr; first_feasible_year=2028 (greenfield (zero installed base)). Mt/yr -> Million Tonne Coal Equiv/Year x0.912528. Pure numerics in Interp() - no Max(), so S11.2e numeric-first-parsed-as-year CANNOT fire. Unroll CLAMPED against the GROUP 4 accepted Maximum Capacity trajectory in 33/36 years so the level cap and the rate cap agree instead of over-determining each other.",build_rate_limit.csv,refining_buildrate,Low,Regional Aspiration Scenario
Cambodia,Transformation\Bioethanol Production\Processes\Molasses,Maximum Capacity Addition,"Interp(2025, 0, 2026, 0, 2027, 0, 2028, 0, 2029, 0, 2030, 0, 2031, 0, 2032, 0, 2033, 0, 2034, 0, 2035, 0, 2036, 0, 2037, 0, 2038, 0, 2039, 0, 2040, 0, 2041, 0, 2042, 0, 2043, 0, 2044, 0, 2045, 0, 2046, 0, 2047, 0, 2048, 0, 2049, 0, 2050, 0, 2051, 0, 2052, 0, 2053, 0, 2054, 0, 2055, 0, 2056, 0, 2057, 0, 2058, 0, 2059, 0, 2060, 0)",Million Tonne Coal Equiv/Year,Bioethanol,"build_rate_limit.csv (bioenergy team 20260722), recursion PRE-SOLVED OFFLINE; allocation across processes uses CANON's own share-of-historical-production idiom (Exogenous Capacity '* Interp(<feedstock>) / Interp(<total>)', evaluated at 2023)","installed_2023(national)=0.0 Mt/yr; canon share(Molasses)=0.00000 -> installed_2023(process)=0.00000 Mt/yr; alpha=0.2; one_train_floor=0.15 Mt/yr; first_feasible_year=2028 (greenfield (zero installed base)). Mt/yr -> Million Tonne Coal Equiv/Year x0.912528. Pure numerics in Interp() - no Max(), so S11.2e numeric-first-parsed-as-year CANNOT fire. Unroll CLAMPED against the GROUP 4 accepted Maximum Capacity trajectory in 33/36 years so the level cap and the rate cap agree instead of over-determining each other.",build_rate_limit.csv,refining_buildrate,Low,Regional Aspiration Scenario
Cambodia,Transformation\Bioethanol Production\Processes\Sugarcane,Maximum Capacity Addition,"Interp(2025, 0, 2026, 0, 2027, 0, 2028, 0.13688, 2029, 0.13688, 2030, 0.04564, 2031, 0.02738, 2032, 0.02738, 2033, 0.02738, 2034, 0.02738, 2035, 0.02738, 2036, 0, 2037, 0, 2038, 0, 2039, 0, 2040, 0, 2041, 0, 2042, 0, 2043, 0, 2044, 0, 2045, 0, 2046, 0, 2047, 0, 2048, 0, 2049, 0, 2050, 0, 2051, 0, 2052, 0, 2053, 0, 2054, 0, 2055, 0, 2056, 0, 2057, 0, 2058, 0, 2059, 0, 2060, 0)",Million Tonne Coal Equiv/Year,Bioethanol,"build_rate_limit.csv (bioenergy team 20260722), recursion PRE-SOLVED OFFLINE; allocation across processes uses CANON's own share-of-historical-production idiom (Exogenous Capacity '* Interp(<feedstock>) / Interp(<total>)', evaluated at 2023)","installed_2023(national)=0.0 Mt/yr; canon share(Sugarcane)=0.00000 -> installed_2023(process)=0.00000 Mt/yr; alpha=0.2; one_train_floor=0.15 Mt/yr; first_feasible_year=2028 (greenfield (zero installed base)). Mt/yr -> Million Tonne Coal Equiv/Year x0.912528. Pure numerics in Interp() - no Max(), so S11.2e numeric-first-parsed-as-year CANNOT fire. Unroll CLAMPED against the GROUP 4 accepted Maximum Capacity trajectory in 31/36 years so the level cap and the rate cap agree instead of over-determining each other.",build_rate_limit.csv,refining_buildrate,Low,Regional Aspiration Scenario
Indonesia,Transformation\Bioethanol Production\Processes\Cassava,Maximum Capacity Addition,"Interp(2025, 0, 2026, 0, 2027, 0, 2028, 0.13688, 2029, 0.13688, 2030, 0.06384, 2031, 0.02374, 2032, 0.02374, 2033, 0.02374, 2034, 0.02374, 2035, 0.02374, 2036, 0, 2037, 0, 2038, 0, 2039, 0, 2040, 0, 2041, 0, 2042, 0, 2043, 0, 2044, 0, 2045, 0, 2046, 0, 2047, 0, 2048, 0, 2049, 0, 2050, 0, 2051, 0, 2052, 0, 2053, 0, 2054, 0, 2055, 0, 2056, 0, 2057, 0, 2058, 0, 2059, 0, 2060, 0)",Million Tonne Coal Equiv/Year,Bioethanol,"build_rate_limit.csv (bioenergy team 20260722), recursion PRE-SOLVED OFFLINE; allocation across processes uses CANON's own share-of-historical-production idiom (Exogenous Capacity '* Interp(<feedstock>) / Interp(<total>)', evaluated at 2023)","installed_2023(national)=0.09 Mt/yr; canon share(Cassava)=0.00000 -> installed_2023(process)=0.00000 Mt/yr; alpha=0.2; one_train_floor=0.15 Mt/yr; first_feasible_year=2028 (greenfield (zero installed base)). Mt/yr -> Million Tonne Coal Equiv/Year x0.912528. Pure numerics in Interp() - no Max(), so S11.2e numeric-first-parsed-as-year CANNOT fire. Unroll CLAMPED against the GROUP 4 accepted Maximum Capacity trajectory in 31/36 years so the level cap and the rate cap agree instead of over-determining each other.",build_rate_limit.csv,refining_buildrate,Low,Regional Aspiration Scenario
Indonesia,Transformation\Bioethanol Production\Processes\Corn Ethanol,Maximum Capacity Addition,"Interp(2025, 0, 2026, 0, 2027, 0, 2028, 0, 2029, 0, 2030, 0, 2031, 0, 2032, 0, 2033, 0, 2034, 0, 2035, 0, 2036, 0, 2037, 0, 2038, 0, 2039, 0, 2040, 0, 2041, 0, 2042, 0, 2043, 0, 2044, 0, 2045, 0, 2046, 0, 2047, 0, 2048, 0, 2049, 0, 2050, 0, 2051, 0, 2052, 0, 2053, 0, 2054, 0, 2055, 0, 2056, 0, 2057, 0, 2058, 0, 2059, 0, 2060, 0)",Million Tonne Coal Equiv/Year,Bioethanol,"build_rate_limit.csv (bioenergy team 20260722), recursion PRE-SOLVED OFFLINE; allocation across processes uses CANON's own share-of-historical-production idiom (Exogenous Capacity '* Interp(<feedstock>) / Interp(<total>)', evaluated at 2023)","installed_2023(national)=0.09 Mt/yr; canon share(Corn Ethanol)=0.00000 -> installed_2023(process)=0.00000 Mt/yr; alpha=0.2; one_train_floor=0.15 Mt/yr; first_feasible_year=2028 (greenfield (zero installed base)). Mt/yr -> Million Tonne Coal Equiv/Year x0.912528. Pure numerics in Interp() - no Max(), so S11.2e numeric-first-parsed-as-year CANNOT fire. Unroll CLAMPED against the GROUP 4 accepted Maximum Capacity trajectory in 33/36 years so the level cap and the rate cap agree instead of over-determining each other.",build_rate_limit.csv,refining_buildrate,Low,Regional Aspiration Scenario
Indonesia,Transformation\Bioethanol Production\Processes\Molasses,Maximum Capacity Addition,"Interp(2025, 0, 2026, 0.10039, 2027, 0.04562, 2028, 0.04562, 2029, 0.04562, 2030, 0.04562, 2031, 0.01826, 2032, 0.01826, 2033, 0.01826, 2034, 0.01826, 2035, 0.01826, 2036, 0, 2037, 0, 2038, 0, 2039, 0, 2040, 0, 2041, 0, 2042, 0, 2043, 0, 2044, 0, 2045, 0, 2046, 0, 2047, 0, 2048, 0, 2049, 0, 2050, 0, 2051, 0, 2052, 0, 2053, 0, 2054, 0, 2055, 0, 2056, 0, 2057, 0, 2058, 0, 2059, 0, 2060, 0)",Million Tonne Coal Equiv/Year,Bioethanol,"build_rate_limit.csv (bioenergy team 20260722), recursion PRE-SOLVED OFFLINE; allocation across processes uses CANON's own share-of-historical-production idiom (Exogenous Capacity '* Interp(<feedstock>) / Interp(<total>)', evaluated at 2023)","installed_2023(national)=0.09 Mt/yr; canon share(Molasses)=1.00000 -> installed_2023(process)=0.09000 Mt/yr; alpha=0.2; one_train_floor=0.15 Mt/yr; first_feasible_year=2026 (national brownfield). Mt/yr -> Million Tonne Coal Equiv/Year x0.912528. Pure numerics in Interp() - no Max(), so S11.2e numeric-first-parsed-as-year CANNOT fire. Unroll CLAMPED against the GROUP 4 accepted Maximum Capacity trajectory in 35/36 years so the level cap and the rate cap agree instead of over-determining each other.",build_rate_limit.csv,refining_buildrate,Low,Regional Aspiration Scenario
Indonesia,Transformation\Bioethanol Production\Processes\Sugarcane,Maximum Capacity Addition,"Interp(2025, 0, 2026, 0, 2027, 0, 2028, 0.13688, 2029, 0.13688, 2030, 0.06384, 2031, 0.02374, 2032, 0.02374, 2033, 0.02374, 2034, 0.02374, 2035, 0.02374, 2036, 0, 2037, 0, 2038, 0, 2039, 0, 2040, 0, 2041, 0, 2042, 0, 2043, 0, 2044, 0, 2045, 0, 2046, 0, 2047, 0, 2048, 0, 2049, 0, 2050, 0, 2051, 0, 2052, 0, 2053, 0, 2054, 0, 2055, 0, 2056, 0, 2057, 0, 2058, 0, 2059, 0, 2060, 0)",Million Tonne Coal Equiv/Year,Bioethanol,"build_rate_limit.csv (bioenergy team 20260722), recursion PRE-SOLVED OFFLINE; allocation across processes uses CANON's own share-of-historical-production idiom (Exogenous Capacity '* Interp(<feedstock>) / Interp(<total>)', evaluated at 2023)","installed_2023(national)=0.09 Mt/yr; canon share(Sugarcane)=0.00000 -> installed_2023(process)=0.00000 Mt/yr; alpha=0.2; one_train_floor=0.15 Mt/yr; first_feasible_year=2028 (greenfield (zero installed base)). Mt/yr -> Million Tonne Coal Equiv/Year x0.912528. Pure numerics in Interp() - no Max(), so S11.2e numeric-first-parsed-as-year CANNOT fire. Unroll CLAMPED against the GROUP 4 accepted Maximum Capacity trajectory in 31/36 years so the level cap and the rate cap agree instead of over-determining each other.",build_rate_limit.csv,refining_buildrate,Low,Regional Aspiration Scenario
Laos,Transformation\Bioethanol Production\Processes\Cassava,Maximum Capacity Addition,"Interp(2025, 0, 2026, 0, 2027, 0, 2028, 0.13688, 2029, 0.13688, 2030, 0.04564, 2031, 0.02738, 2032, 0.02738, 2033, 0.02738, 2034, 0.02738, 2035, 0.02738, 2036, 0, 2037, 0, 2038, 0, 2039, 0, 2040, 0, 2041, 0, 2042, 0, 2043, 0, 2044, 0, 2045, 0, 2046, 0, 2047, 0, 2048, 0, 2049, 0, 2050, 0, 2051, 0, 2052, 0, 2053, 0, 2054, 0, 2055, 0, 2056, 0, 2057, 0, 2058, 0, 2059, 0, 2060, 0)",Million Tonne Coal Equiv/Year,Bioethanol,"build_rate_limit.csv (bioenergy team 20260722), recursion PRE-SOLVED OFFLINE; allocation across processes uses CANON's own share-of-historical-production idiom (Exogenous Capacity '* Interp(<feedstock>) / Interp(<total>)', evaluated at 2023)","installed_2023(national)=0.0 Mt/yr; canon share(Cassava)=0.00000 -> installed_2023(process)=0.00000 Mt/yr; alpha=0.2; one_train_floor=0.15 Mt/yr; first_feasible_year=2028 (greenfield (zero installed base)). Mt/yr -> Million Tonne Coal Equiv/Year x0.912528. Pure numerics in Interp() - no Max(), so S11.2e numeric-first-parsed-as-year CANNOT fire. Unroll CLAMPED against the GROUP 4 accepted Maximum Capacity trajectory in 31/36 years so the level cap and the rate cap agree instead of over-determining each other.",build_rate_limit.csv,refining_buildrate,Low,Regional Aspiration Scenario
Laos,Transformation\Bioethanol Production\Processes\Corn Ethanol,Maximum Capacity Addition,"Interp(2025, 0, 2026, 0, 2027, 0, 2028, 0, 2029, 0, 2030, 0, 2031, 0, 2032, 0, 2033, 0, 2034, 0, 2035, 0, 2036, 0, 2037, 0, 2038, 0, 2039, 0, 2040, 0, 2041, 0, 2042, 0, 2043, 0, 2044, 0, 2045, 0, 2046, 0, 2047, 0, 2048, 0, 2049, 0, 2050, 0, 2051, 0, 2052, 0, 2053, 0, 2054, 0, 2055, 0, 2056, 0, 2057, 0, 2058, 0, 2059, 0, 2060, 0)",Million Tonne Coal Equiv/Year,Bioethanol,"build_rate_limit.csv (bioenergy team 20260722), recursion PRE-SOLVED OFFLINE; allocation across processes uses CANON's own share-of-historical-production idiom (Exogenous Capacity '* Interp(<feedstock>) / Interp(<total>)', evaluated at 2023)","installed_2023(national)=0.0 Mt/yr; canon share(Corn Ethanol)=0.00000 -> installed_2023(process)=0.00000 Mt/yr; alpha=0.2; one_train_floor=0.15 Mt/yr; first_feasible_year=2028 (greenfield (zero installed base)). Mt/yr -> Million Tonne Coal Equiv/Year x0.912528. Pure numerics in Interp() - no Max(), so S11.2e numeric-first-parsed-as-year CANNOT fire. Unroll CLAMPED against the GROUP 4 accepted Maximum Capacity trajectory in 33/36 years so the level cap and the rate cap agree instead of over-determining each other.",build_rate_limit.csv,refining_buildrate,Low,Regional Aspiration Scenario
Laos,Transformation\Bioethanol Production\Processes\Molasses,Maximum Capacity Addition,"Interp(2025, 0, 2026, 0, 2027, 0, 2028, 0, 2029, 0, 2030, 0, 2031, 0, 2032, 0, 2033, 0, 2034, 0, 2035, 0, 2036, 0, 2037, 0, 2038, 0, 2039, 0, 2040, 0, 2041, 0, 2042, 0, 2043, 0, 2044, 0, 2045, 0, 2046, 0, 2047, 0, 2048, 0, 2049, 0, 2050, 0, 2051, 0, 2052, 0, 2053, 0, 2054, 0, 2055, 0, 2056, 0, 2057, 0, 2058, 0, 2059, 0, 2060, 0)",Million Tonne Coal Equiv/Year,Bioethanol,"build_rate_limit.csv (bioenergy team 20260722), recursion PRE-SOLVED OFFLINE; allocation across processes uses CANON's own share-of-historical-production idiom (Exogenous Capacity '* Interp(<feedstock>) / Interp(<total>)', evaluated at 2023)","installed_2023(national)=0.0 Mt/yr; canon share(Molasses)=0.00000 -> installed_2023(process)=0.00000 Mt/yr; alpha=0.2; one_train_floor=0.15 Mt/yr; first_feasible_year=2028 (greenfield (zero installed base)). Mt/yr -> Million Tonne Coal Equiv/Year x0.912528. Pure numerics in Interp() - no Max(), so S11.2e numeric-first-parsed-as-year CANNOT fire. Unroll CLAMPED against the GROUP 4 accepted Maximum Capacity trajectory in 33/36 years so the level cap and the rate cap agree instead of over-determining each other.",build_rate_limit.csv,refining_buildrate,Low,Regional Aspiration Scenario
Laos,Transformation\Bioethanol Production\Processes\Sugarcane,Maximum Capacity Addition,"Interp(2025, 0, 2026, 0, 2027, 0, 2028, 0, 2029, 0, 2030, 0, 2031, 0, 2032, 0, 2033, 0, 2034, 0, 2035, 0, 2036, 0, 2037, 0, 2038, 0, 2039, 0, 2040, 0, 2041, 0, 2042, 0, 2043, 0, 2044, 0, 2045, 0, 2046, 0, 2047, 0, 2048, 0, 2049, 0, 2050, 0, 2051, 0, 2052, 0, 2053, 0, 2054, 0, 2055, 0, 2056, 0, 2057, 0, 2058, 0, 2059, 0, 2060, 0)",Million Tonne Coal Equiv/Year,Bioethanol,"build_rate_limit.csv (bioenergy team 20260722), recursion PRE-SOLVED OFFLINE; allocation across processes uses CANON's own share-of-historical-production idiom (Exogenous Capacity '* Interp(<feedstock>) / Interp(<total>)', evaluated at 2023)","installed_2023(national)=0.0 Mt/yr; canon share(Sugarcane)=0.00000 -> installed_2023(process)=0.00000 Mt/yr; alpha=0.2; one_train_floor=0.15 Mt/yr; first_feasible_year=2028 (greenfield (zero installed base)). Mt/yr -> Million Tonne Coal Equiv/Year x0.912528. Pure numerics in Interp() - no Max(), so S11.2e numeric-first-parsed-as-year CANNOT fire. Unroll CLAMPED against the GROUP 4 accepted Maximum Capacity trajectory in 33/36 years so the level cap and the rate cap agree instead of over-determining each other.",build_rate_limit.csv,refining_buildrate,Low,Regional Aspiration Scenario
Malaysia,Transformation\Bioethanol Production\Processes\Cassava,Maximum Capacity Addition,"Interp(2025, 0, 2026, 0, 2027, 0, 2028, 0, 2029, 0, 2030, 0, 2031, 0, 2032, 0, 2033, 0, 2034, 0, 2035, 0, 2036, 0, 2037, 0, 2038, 0, 2039, 0, 2040, 0, 2041, 0, 2042, 0, 2043, 0, 2044, 0, 2045, 0, 2046, 0, 2047, 0, 2048, 0, 2049, 0, 2050, 0, 2051, 0, 2052, 0, 2053, 0, 2054, 0, 2055, 0, 2056, 0, 2057, 0, 2058, 0, 2059, 0, 2060, 0)",Million Tonne Coal Equiv/Year,Bioethanol,"build_rate_limit.csv (bioenergy team 20260722), recursion PRE-SOLVED OFFLINE; allocation across processes uses CANON's own share-of-historical-production idiom (Exogenous Capacity '* Interp(<feedstock>) / Interp(<total>)', evaluated at 2023)","installed_2023(national)=0.02 Mt/yr; canon share(Cassava)=0.00000 -> installed_2023(process)=0.00000 Mt/yr; alpha=0.2; one_train_floor=0.15 Mt/yr; first_feasible_year=2028 (greenfield (zero installed base)). Mt/yr -> Million Tonne Coal Equiv/Year x0.912528. Pure numerics in Interp() - no Max(), so S11.2e numeric-first-parsed-as-year CANNOT fire. Unroll CLAMPED against the GROUP 4 accepted Maximum Capacity trajectory in 33/36 years so the level cap and the rate cap agree instead of over-determining each other.",build_rate_limit.csv,refining_buildrate,Low,Regional Aspiration Scenario
Malaysia,Transformation\Bioethanol Production\Processes\Corn Ethanol,Maximum Capacity Addition,"Interp(2025, 0, 2026, 0, 2027, 0, 2028, 0, 2029, 0, 2030, 0, 2031, 0, 2032, 0, 2033, 0, 2034, 0, 2035, 0, 2036, 0, 2037, 0, 2038, 0, 2039, 0, 2040, 0, 2041, 0, 2042, 0, 2043, 0, 2044, 0, 2045, 0, 2046, 0, 2047, 0, 2048, 0, 2049, 0, 2050, 0, 2051, 0, 2052, 0, 2053, 0, 2054, 0, 2055, 0, 2056, 0, 2057, 0, 2058, 0, 2059, 0, 2060, 0)",Million Tonne Coal Equiv/Year,Bioethanol,"build_rate_limit.csv (bioenergy team 20260722), recursion PRE-SOLVED OFFLINE; allocation across processes uses CANON's own share-of-historical-production idiom (Exogenous Capacity '* Interp(<feedstock>) / Interp(<total>)', evaluated at 2023)","installed_2023(national)=0.02 Mt/yr; canon share(Corn Ethanol)=0.00000 -> installed_2023(process)=0.00000 Mt/yr; alpha=0.2; one_train_floor=0.15 Mt/yr; first_feasible_year=2028 (greenfield (zero installed base)). Mt/yr -> Million Tonne Coal Equiv/Year x0.912528. Pure numerics in Interp() - no Max(), so S11.2e numeric-first-parsed-as-year CANNOT fire. Unroll CLAMPED against the GROUP 4 accepted Maximum Capacity trajectory in 33/36 years so the level cap and the rate cap agree instead of over-determining each other.",build_rate_limit.csv,refining_buildrate,Low,Regional Aspiration Scenario
Malaysia,Transformation\Bioethanol Production\Processes\Molasses,Maximum Capacity Addition,"Interp(2025, 0, 2026, 0, 2027, 0, 2028, 0.13688, 2029, 0.13688, 2030, 0.06384, 2031, 0.02374, 2032, 0.02374, 2033, 0.02374, 2034, 0.02374, 2035, 0.02374, 2036, 0, 2037, 0, 2038, 0, 2039, 0, 2040, 0, 2041, 0, 2042, 0, 2043, 0, 2044, 0, 2045, 0, 2046, 0, 2047, 0, 2048, 0, 2049, 0, 2050, 0, 2051, 0, 2052, 0, 2053, 0, 2054, 0, 2055, 0, 2056, 0, 2057, 0, 2058, 0, 2059, 0, 2060, 0)",Million Tonne Coal Equiv/Year,Bioethanol,"build_rate_limit.csv (bioenergy team 20260722), recursion PRE-SOLVED OFFLINE; allocation across processes uses CANON's own share-of-historical-production idiom (Exogenous Capacity '* Interp(<feedstock>) / Interp(<total>)', evaluated at 2023)","installed_2023(national)=0.02 Mt/yr; canon share(Molasses)=0.00000 -> installed_2023(process)=0.00000 Mt/yr; alpha=0.2; one_train_floor=0.15 Mt/yr; first_feasible_year=2028 (greenfield (zero installed base)). Mt/yr -> Million Tonne Coal Equiv/Year x0.912528. Pure numerics in Interp() - no Max(), so S11.2e numeric-first-parsed-as-year CANNOT fire. Unroll CLAMPED against the GROUP 4 accepted Maximum Capacity trajectory in 31/36 years so the level cap and the rate cap agree instead of over-determining each other.",build_rate_limit.csv,refining_buildrate,Low,Regional Aspiration Scenario
Malaysia,Transformation\Bioethanol Production\Processes\Sugarcane,Maximum Capacity Addition,"Interp(2025, 0, 2026, 0, 2027, 0, 2028, 0, 2029, 0, 2030, 0, 2031, 0, 2032, 0, 2033, 0, 2034, 0, 2035, 0, 2036, 0, 2037, 0, 2038, 0, 2039, 0, 2040, 0, 2041, 0, 2042, 0, 2043, 0, 2044, 0, 2045, 0, 2046, 0, 2047, 0, 2048, 0, 2049, 0, 2050, 0, 2051, 0, 2052, 0, 2053, 0, 2054, 0, 2055, 0, 2056, 0, 2057, 0, 2058, 0, 2059, 0, 2060, 0)",Million Tonne Coal Equiv/Year,Bioethanol,"build_rate_limit.csv (bioenergy team 20260722), recursion PRE-SOLVED OFFLINE; allocation across processes uses CANON's own share-of-historical-production idiom (Exogenous Capacity '* Interp(<feedstock>) / Interp(<total>)', evaluated at 2023)","installed_2023(national)=0.02 Mt/yr; canon share(Sugarcane)=0.00000 -> installed_2023(process)=0.00000 Mt/yr; alpha=0.2; one_train_floor=0.15 Mt/yr; first_feasible_year=2028 (greenfield (zero installed base)). Mt/yr -> Million Tonne Coal Equiv/Year x0.912528. Pure numerics in Interp() - no Max(), so S11.2e numeric-first-parsed-as-year CANNOT fire. Unroll CLAMPED against the GROUP 4 accepted Maximum Capacity trajectory in 33/36 years so the level cap and the rate cap agree instead of over-determining each other.",build_rate_limit.csv,refining_buildrate,Low,Regional Aspiration Scenario
Myanmar,Transformation\Bioethanol Production\Processes\Cassava,Maximum Capacity Addition,"Interp(2025, 0, 2026, 0, 2027, 0, 2028, 0.13688, 2029, 0.13688, 2030, 0.04564, 2031, 0.02738, 2032, 0.02738, 2033, 0.02738, 2034, 0.02738, 2035, 0.02738, 2036, 0, 2037, 0, 2038, 0, 2039, 0, 2040, 0, 2041, 0, 2042, 0, 2043, 0, 2044, 0, 2045, 0, 2046, 0, 2047, 0, 2048, 0, 2049, 0, 2050, 0, 2051, 0, 2052, 0, 2053, 0, 2054, 0, 2055, 0, 2056, 0, 2057, 0, 2058, 0, 2059, 0, 2060, 0)",Million Tonne Coal Equiv/Year,Bioethanol,"build_rate_limit.csv (bioenergy team 20260722), recursion PRE-SOLVED OFFLINE; allocation across processes uses CANON's own share-of-historical-production idiom (Exogenous Capacity '* Interp(<feedstock>) / Interp(<total>)', evaluated at 2023)","installed_2023(national)=0.0 Mt/yr; canon share(Cassava)=0.00000 -> installed_2023(process)=0.00000 Mt/yr; alpha=0.2; one_train_floor=0.15 Mt/yr; first_feasible_year=2028 (greenfield (zero installed base)). Mt/yr -> Million Tonne Coal Equiv/Year x0.912528. Pure numerics in Interp() - no Max(), so S11.2e numeric-first-parsed-as-year CANNOT fire. Unroll CLAMPED against the GROUP 4 accepted Maximum Capacity trajectory in 31/36 years so the level cap and the rate cap agree instead of over-determining each other.",build_rate_limit.csv,refining_buildrate,Low,Regional Aspiration Scenario
Myanmar,Transformation\Bioethanol Production\Processes\Corn Ethanol,Maximum Capacity Addition,"Interp(2025, 0, 2026, 0, 2027, 0, 2028, 0, 2029, 0, 2030, 0, 2031, 0, 2032, 0, 2033, 0, 2034, 0, 2035, 0, 2036, 0, 2037, 0, 2038, 0, 2039, 0, 2040, 0, 2041, 0, 2042, 0, 2043, 0, 2044, 0, 2045, 0, 2046, 0, 2047, 0, 2048, 0, 2049, 0, 2050, 0, 2051, 0, 2052, 0, 2053, 0, 2054, 0, 2055, 0, 2056, 0, 2057, 0, 2058, 0, 2059, 0, 2060, 0)",Million Tonne Coal Equiv/Year,Bioethanol,"build_rate_limit.csv (bioenergy team 20260722), recursion PRE-SOLVED OFFLINE; allocation across processes uses CANON's own share-of-historical-production idiom (Exogenous Capacity '* Interp(<feedstock>) / Interp(<total>)', evaluated at 2023)","installed_2023(national)=0.0 Mt/yr; canon share(Corn Ethanol)=0.00000 -> installed_2023(process)=0.00000 Mt/yr; alpha=0.2; one_train_floor=0.15 Mt/yr; first_feasible_year=2028 (greenfield (zero installed base)). Mt/yr -> Million Tonne Coal Equiv/Year x0.912528. Pure numerics in Interp() - no Max(), so S11.2e numeric-first-parsed-as-year CANNOT fire. Unroll CLAMPED against the GROUP 4 accepted Maximum Capacity trajectory in 33/36 years so the level cap and the rate cap agree instead of over-determining each other.",build_rate_limit.csv,refining_buildrate,Low,Regional Aspiration Scenario
Myanmar,Transformation\Bioethanol Production\Processes\Molasses,Maximum Capacity Addition,"Interp(2025, 0, 2026, 0, 2027, 0, 2028, 0, 2029, 0, 2030, 0, 2031, 0, 2032, 0, 2033, 0, 2034, 0, 2035, 0, 2036, 0, 2037, 0, 2038, 0, 2039, 0, 2040, 0, 2041, 0, 2042, 0, 2043, 0, 2044, 0, 2045, 0, 2046, 0, 2047, 0, 2048, 0, 2049, 0, 2050, 0, 2051, 0, 2052, 0, 2053, 0, 2054, 0, 2055, 0, 2056, 0, 2057, 0, 2058, 0, 2059, 0, 2060, 0)",Million Tonne Coal Equiv/Year,Bioethanol,"build_rate_limit.csv (bioenergy team 20260722), recursion PRE-SOLVED OFFLINE; allocation across processes uses CANON's own share-of-historical-production idiom (Exogenous Capacity '* Interp(<feedstock>) / Interp(<total>)', evaluated at 2023)","installed_2023(national)=0.0 Mt/yr; canon share(Molasses)=0.00000 -> installed_2023(process)=0.00000 Mt/yr; alpha=0.2; one_train_floor=0.15 Mt/yr; first_feasible_year=2028 (greenfield (zero installed base)). Mt/yr -> Million Tonne Coal Equiv/Year x0.912528. Pure numerics in Interp() - no Max(), so S11.2e numeric-first-parsed-as-year CANNOT fire. Unroll CLAMPED against the GROUP 4 accepted Maximum Capacity trajectory in 33/36 years so the level cap and the rate cap agree instead of over-determining each other.",build_rate_limit.csv,refining_buildrate,Low,Regional Aspiration Scenario
Myanmar,Transformation\Bioethanol Production\Processes\Sugarcane,Maximum Capacity Addition,"Interp(2025, 0, 2026, 0, 2027, 0, 2028, 0.13688, 2029, 0.13688, 2030, 0.04564, 2031, 0.02738, 2032, 0.02738, 2033, 0.02738, 2034, 0.02738, 2035, 0.02738, 2036, 0, 2037, 0, 2038, 0, 2039, 0, 2040, 0, 2041, 0, 2042, 0, 2043, 0, 2044, 0, 2045, 0, 2046, 0, 2047, 0, 2048, 0, 2049, 0, 2050, 0, 2051, 0, 2052, 0, 2053, 0, 2054, 0, 2055, 0, 2056, 0, 2057, 0, 2058, 0, 2059, 0, 2060, 0)",Million Tonne Coal Equiv/Year,Bioethanol,"build_rate_limit.csv (bioenergy team 20260722), recursion PRE-SOLVED OFFLINE; allocation across processes uses CANON's own share-of-historical-production idiom (Exogenous Capacity '* Interp(<feedstock>) / Interp(<total>)', evaluated at 2023)","installed_2023(national)=0.0 Mt/yr; canon share(Sugarcane)=0.00000 -> installed_2023(process)=0.00000 Mt/yr; alpha=0.2; one_train_floor=0.15 Mt/yr; first_feasible_year=2028 (greenfield (zero installed base)). Mt/yr -> Million Tonne Coal Equiv/Year x0.912528. Pure numerics in Interp() - no Max(), so S11.2e numeric-first-parsed-as-year CANNOT fire. Unroll CLAMPED against the GROUP 4 accepted Maximum Capacity trajectory in 31/36 years so the level cap and the rate cap agree instead of over-determining each other.",build_rate_limit.csv,refining_buildrate,Low,Regional Aspiration Scenario
Philippines,Transformation\Bioethanol Production\Processes\Cassava,Maximum Capacity Addition,"Interp(2025, 0, 2026, 0, 2027, 0, 2028, 0, 2029, 0, 2030, 0, 2031, 0, 2032, 0, 2033, 0, 2034, 0, 2035, 0, 2036, 0, 2037, 0, 2038, 0, 2039, 0, 2040, 0, 2041, 0, 2042, 0, 2043, 0, 2044, 0, 2045, 0, 2046, 0, 2047, 0, 2048, 0, 2049, 0, 2050, 0, 2051, 0, 2052, 0, 2053, 0, 2054, 0, 2055, 0, 2056, 0, 2057, 0, 2058, 0, 2059, 0, 2060, 0)",Million Tonne Coal Equiv/Year,Bioethanol,"build_rate_limit.csv (bioenergy team 20260722), recursion PRE-SOLVED OFFLINE; allocation across processes uses CANON's own share-of-historical-production idiom (Exogenous Capacity '* Interp(<feedstock>) / Interp(<total>)', evaluated at 2023)","installed_2023(national)=0.6 Mt/yr; canon share(Cassava)=0.00000 -> installed_2023(process)=0.00000 Mt/yr; alpha=0.2; one_train_floor=0.15 Mt/yr; first_feasible_year=2028 (greenfield (zero installed base)). Mt/yr -> Million Tonne Coal Equiv/Year x0.912528. Pure numerics in Interp() - no Max(), so S11.2e numeric-first-parsed-as-year CANNOT fire. Unroll CLAMPED against the GROUP 4 accepted Maximum Capacity trajectory in 33/36 years so the level cap and the rate cap agree instead of over-determining each other.",build_rate_limit.csv,refining_buildrate,Low,Regional Aspiration Scenario
Philippines,Transformation\Bioethanol Production\Processes\Corn Ethanol,Maximum Capacity Addition,"Interp(2025, 0, 2026, 0, 2027, 0, 2028, 0, 2029, 0, 2030, 0, 2031, 0, 2032, 0, 2033, 0, 2034, 0, 2035, 0, 2036, 0, 2037, 0, 2038, 0, 2039, 0, 2040, 0, 2041, 0, 2042, 0, 2043, 0, 2044, 0, 2045, 0, 2046, 0, 2047, 0, 2048, 0, 2049, 0, 2050, 0, 2051, 0, 2052, 0, 2053, 0, 2054, 0, 2055, 0, 2056, 0, 2057, 0, 2058, 0, 2059, 0, 2060, 0)",Million Tonne Coal Equiv/Year,Bioethanol,"build_rate_limit.csv (bioenergy team 20260722), recursion PRE-SOLVED OFFLINE; allocation across processes uses CANON's own share-of-historical-production idiom (Exogenous Capacity '* Interp(<feedstock>) / Interp(<total>)', evaluated at 2023)","installed_2023(national)=0.6 Mt/yr; canon share(Corn Ethanol)=0.00000 -> installed_2023(process)=0.00000 Mt/yr; alpha=0.2; one_train_floor=0.15 Mt/yr; first_feasible_year=2028 (greenfield (zero installed base)). Mt/yr -> Million Tonne Coal Equiv/Year x0.912528. Pure numerics in Interp() - no Max(), so S11.2e numeric-first-parsed-as-year CANNOT fire. Unroll CLAMPED against the GROUP 4 accepted Maximum Capacity trajectory in 33/36 years so the level cap and the rate cap agree instead of over-determining each other.",build_rate_limit.csv,refining_buildrate,Low,Regional Aspiration Scenario
Philippines,Transformation\Bioethanol Production\Processes\Molasses,Maximum Capacity Addition,"Interp(2025, 0, 2026, 0, 2027, 0, 2028, 0.03244, 2029, 0.04562, 2030, 0.04562, 2031, 0.04564, 2032, 0.04564, 2033, 0.04564, 2034, 0.04564, 2035, 0.04564, 2036, 0.04562, 2037, 0.04562, 2038, 0.04562, 2039, 0.04562, 2040, 0.04562, 2041, 0.04562, 2042, 0.04562, 2043, 0.04562, 2044, 0.04562, 2045, 0.04562, 2046, 0.01826, 2047, 0.01826, 2048, 0.01826, 2049, 0.01826, 2050, 0.01826, 2051, 0, 2052, 0, 2053, 0, 2054, 0, 2055, 0, 2056, 0, 2057, 0, 2058, 0, 2059, 0, 2060, 0)",Million Tonne Coal Equiv/Year,Bioethanol,"build_rate_limit.csv (bioenergy team 20260722), recursion PRE-SOLVED OFFLINE; allocation across processes uses CANON's own share-of-historical-production idiom (Exogenous Capacity '* Interp(<feedstock>) / Interp(<total>)', evaluated at 2023)","installed_2023(national)=0.6 Mt/yr; canon share(Molasses)=0.85736 -> installed_2023(process)=0.51442 Mt/yr; alpha=0.2; one_train_floor=0.15 Mt/yr; first_feasible_year=2026 (national brownfield). Mt/yr -> Million Tonne Coal Equiv/Year x0.912528. Pure numerics in Interp() - no Max(), so S11.2e numeric-first-parsed-as-year CANNOT fire. Unroll CLAMPED against the GROUP 4 accepted Maximum Capacity trajectory in 35/36 years so the level cap and the rate cap agree instead of over-determining each other.",build_rate_limit.csv,refining_buildrate,Low,Regional Aspiration Scenario
Philippines,Transformation\Bioethanol Production\Processes\Sugarcane,Maximum Capacity Addition,"Interp(2025, 0, 2026, 0.13688, 2027, 0.13688, 2028, 0.13688, 2029, 0.05875, 2030, 0.04562, 2031, 0.04564, 2032, 0.04564, 2033, 0.04564, 2034, 0.04564, 2035, 0.04564, 2036, 0.04562, 2037, 0.04562, 2038, 0.04562, 2039, 0.04562, 2040, 0.04562, 2041, 0.04562, 2042, 0.04562, 2043, 0.04562, 2044, 0.04562, 2045, 0.04562, 2046, 0.01826, 2047, 0.01826, 2048, 0.01826, 2049, 0.01826, 2050, 0.01826, 2051, 0, 2052, 0, 2053, 0, 2054, 0, 2055, 0, 2056, 0, 2057, 0, 2058, 0, 2059, 0, 2060, 0)",Million Tonne Coal Equiv/Year,Bioethanol,"build_rate_limit.csv (bioenergy team 20260722), recursion PRE-SOLVED OFFLINE; allocation across processes uses CANON's own share-of-historical-production idiom (Exogenous Capacity '* Interp(<feedstock>) / Interp(<total>)', evaluated at 2023)","installed_2023(national)=0.6 Mt/yr; canon share(Sugarcane)=0.14264 -> installed_2023(process)=0.08558 Mt/yr; alpha=0.2; one_train_floor=0.15 Mt/yr; first_feasible_year=2026 (national brownfield). Mt/yr -> Million Tonne Coal Equiv/Year x0.912528. Pure numerics in Interp() - no Max(), so S11.2e numeric-first-parsed-as-year CANNOT fire. Unroll CLAMPED against the GROUP 4 accepted Maximum Capacity trajectory in 32/36 years so the level cap and the rate cap agree instead of over-determining each other.",build_rate_limit.csv,refining_buildrate,Low,Regional Aspiration Scenario
Singapore,Transformation\Bioethanol Production\Processes\Cassava,Maximum Capacity Addition,"Interp(2025, 0, 2026, 0, 2027, 0, 2028, 0, 2029, 0, 2030, 0, 2031, 0, 2032, 0, 2033, 0, 2034, 0, 2035, 0, 2036, 0, 2037, 0, 2038, 0, 2039, 0, 2040, 0, 2041, 0, 2042, 0, 2043, 0, 2044, 0, 2045, 0, 2046, 0, 2047, 0, 2048, 0, 2049, 0, 2050, 0, 2051, 0, 2052, 0, 2053, 0, 2054, 0, 2055, 0, 2056, 0, 2057, 0, 2058, 0, 2059, 0, 2060, 0)",Million Tonne Coal Equiv/Year,Bioethanol,"build_rate_limit.csv (bioenergy team 20260722), recursion PRE-SOLVED OFFLINE; allocation across processes uses CANON's own share-of-historical-production idiom (Exogenous Capacity '* Interp(<feedstock>) / Interp(<total>)', evaluated at 2023)","installed_2023(national)=0.0 Mt/yr; canon share(Cassava)=0.00000 -> installed_2023(process)=0.00000 Mt/yr; alpha=0.2; one_train_floor=0.15 Mt/yr; first_feasible_year=2028 (greenfield (zero installed base)). Mt/yr -> Million Tonne Coal Equiv/Year x0.912528. Pure numerics in Interp() - no Max(), so S11.2e numeric-first-parsed-as-year CANNOT fire. Unroll CLAMPED against the GROUP 4 accepted Maximum Capacity trajectory in 33/36 years so the level cap and the rate cap agree instead of over-determining each other.",build_rate_limit.csv,refining_buildrate,Low,Regional Aspiration Scenario
Singapore,Transformation\Bioethanol Production\Processes\Corn Ethanol,Maximum Capacity Addition,"Interp(2025, 0, 2026, 0, 2027, 0, 2028, 0, 2029, 0, 2030, 0, 2031, 0, 2032, 0, 2033, 0, 2034, 0, 2035, 0, 2036, 0, 2037, 0, 2038, 0, 2039, 0, 2040, 0, 2041, 0, 2042, 0, 2043, 0, 2044, 0, 2045, 0, 2046, 0, 2047, 0, 2048, 0, 2049, 0, 2050, 0, 2051, 0, 2052, 0, 2053, 0, 2054, 0, 2055, 0, 2056, 0, 2057, 0, 2058, 0, 2059, 0, 2060, 0)",Million Tonne Coal Equiv/Year,Bioethanol,"build_rate_limit.csv (bioenergy team 20260722), recursion PRE-SOLVED OFFLINE; allocation across processes uses CANON's own share-of-historical-production idiom (Exogenous Capacity '* Interp(<feedstock>) / Interp(<total>)', evaluated at 2023)","installed_2023(national)=0.0 Mt/yr; canon share(Corn Ethanol)=0.00000 -> installed_2023(process)=0.00000 Mt/yr; alpha=0.2; one_train_floor=0.15 Mt/yr; first_feasible_year=2028 (greenfield (zero installed base)). Mt/yr -> Million Tonne Coal Equiv/Year x0.912528. Pure numerics in Interp() - no Max(), so S11.2e numeric-first-parsed-as-year CANNOT fire. Unroll CLAMPED against the GROUP 4 accepted Maximum Capacity trajectory in 33/36 years so the level cap and the rate cap agree instead of over-determining each other.",build_rate_limit.csv,refining_buildrate,Low,Regional Aspiration Scenario
Singapore,Transformation\Bioethanol Production\Processes\Molasses,Maximum Capacity Addition,"Interp(2025, 0, 2026, 0, 2027, 0, 2028, 0, 2029, 0, 2030, 0, 2031, 0, 2032, 0, 2033, 0, 2034, 0, 2035, 0, 2036, 0, 2037, 0, 2038, 0, 2039, 0, 2040, 0, 2041, 0, 2042, 0, 2043, 0, 2044, 0, 2045, 0, 2046, 0, 2047, 0, 2048, 0, 2049, 0, 2050, 0, 2051, 0, 2052, 0, 2053, 0, 2054, 0, 2055, 0, 2056, 0, 2057, 0, 2058, 0, 2059, 0, 2060, 0)",Million Tonne Coal Equiv/Year,Bioethanol,"build_rate_limit.csv (bioenergy team 20260722), recursion PRE-SOLVED OFFLINE; allocation across processes uses CANON's own share-of-historical-production idiom (Exogenous Capacity '* Interp(<feedstock>) / Interp(<total>)', evaluated at 2023)","installed_2023(national)=0.0 Mt/yr; canon share(Molasses)=0.00000 -> installed_2023(process)=0.00000 Mt/yr; alpha=0.2; one_train_floor=0.15 Mt/yr; first_feasible_year=2028 (greenfield (zero installed base)). Mt/yr -> Million Tonne Coal Equiv/Year x0.912528. Pure numerics in Interp() - no Max(), so S11.2e numeric-first-parsed-as-year CANNOT fire. Unroll CLAMPED against the GROUP 4 accepted Maximum Capacity trajectory in 33/36 years so the level cap and the rate cap agree instead of over-determining each other.",build_rate_limit.csv,refining_buildrate,Low,Regional Aspiration Scenario
Singapore,Transformation\Bioethanol Production\Processes\Sugarcane,Maximum Capacity Addition,"Interp(2025, 0, 2026, 0, 2027, 0, 2028, 0, 2029, 0, 2030, 0, 2031, 0, 2032, 0, 2033, 0, 2034, 0, 2035, 0, 2036, 0, 2037, 0, 2038, 0, 2039, 0, 2040, 0, 2041, 0, 2042, 0, 2043, 0, 2044, 0, 2045, 0, 2046, 0, 2047, 0, 2048, 0, 2049, 0, 2050, 0, 2051, 0, 2052, 0, 2053, 0, 2054, 0, 2055, 0, 2056, 0, 2057, 0, 2058, 0, 2059, 0, 2060, 0)",Million Tonne Coal Equiv/Year,Bioethanol,"build_rate_limit.csv (bioenergy team 20260722), recursion PRE-SOLVED OFFLINE; allocation across processes uses CANON's own share-of-historical-production idiom (Exogenous Capacity '* Interp(<feedstock>) / Interp(<total>)', evaluated at 2023)","installed_2023(national)=0.0 Mt/yr; canon share(Sugarcane)=0.00000 -> installed_2023(process)=0.00000 Mt/yr; alpha=0.2; one_train_floor=0.15 Mt/yr; first_feasible_year=2028 (greenfield (zero installed base)). Mt/yr -> Million Tonne Coal Equiv/Year x0.912528. Pure numerics in Interp() - no Max(), so S11.2e numeric-first-parsed-as-year CANNOT fire. Unroll CLAMPED against the GROUP 4 accepted Maximum Capacity trajectory in 33/36 years so the level cap and the rate cap agree instead of over-determining each other.",build_rate_limit.csv,refining_buildrate,Low,Regional Aspiration Scenario
Thailand,Transformation\Bioethanol Production\Processes\Cassava,Maximum Capacity Addition,"Interp(2025, 0, 2026, 0.13688, 2027, 0.13688, 2028, 0.13688, 2029, 0.13688, 2030, 0.15277, 2031, 0.18332, 2032, 0.21999, 2033, 0.26398, 2034, 0.31678, 2035, 0.10692, 2036, 0.09124, 2037, 0.09124, 2038, 0.09124, 2039, 0.09124, 2040, 0.09124, 2041, 0.09126, 2042, 0.09126, 2043, 0.09126, 2044, 0.09126, 2045, 0.09126, 2046, 0.09126, 2047, 0.09126, 2048, 0.09126, 2049, 0.09126, 2050, 0.09126, 2051, 0.09124, 2052, 0.09124, 2053, 0.09124, 2054, 0.09124, 2055, 0.09124, 2056, 0.09126, 2057, 0.09126, 2058, 0.09126, 2059, 0.09126, 2060, 0.09126)",Million Tonne Coal Equiv/Year,Bioethanol,"build_rate_limit.csv (bioenergy team 20260722), recursion PRE-SOLVED OFFLINE; allocation across processes uses CANON's own share-of-historical-production idiom (Exogenous Capacity '* Interp(<feedstock>) / Interp(<total>)', evaluated at 2023)","installed_2023(national)=1.5 Mt/yr; canon share(Cassava)=0.15804 -> installed_2023(process)=0.23706 Mt/yr; alpha=0.2; one_train_floor=0.15 Mt/yr; first_feasible_year=2026 (national brownfield). Mt/yr -> Million Tonne Coal Equiv/Year x0.912528. Pure numerics in Interp() - no Max(), so S11.2e numeric-first-parsed-as-year CANNOT fire. Unroll CLAMPED against the GROUP 4 accepted Maximum Capacity trajectory in 26/36 years so the level cap and the rate cap agree instead of over-determining each other.",build_rate_limit.csv,refining_buildrate,Low,Regional Aspiration Scenario
Thailand,Transformation\Bioethanol Production\Processes\Corn Ethanol,Maximum Capacity Addition,"Interp(2025, 0, 2026, 0, 2027, 0, 2028, 0, 2029, 0, 2030, 0, 2031, 0, 2032, 0, 2033, 0, 2034, 0, 2035, 0, 2036, 0, 2037, 0, 2038, 0, 2039, 0, 2040, 0, 2041, 0, 2042, 0, 2043, 0, 2044, 0, 2045, 0, 2046, 0, 2047, 0, 2048, 0, 2049, 0, 2050, 0, 2051, 0, 2052, 0, 2053, 0, 2054, 0, 2055, 0, 2056, 0, 2057, 0, 2058, 0, 2059, 0, 2060, 0)",Million Tonne Coal Equiv/Year,Bioethanol,"build_rate_limit.csv (bioenergy team 20260722), recursion PRE-SOLVED OFFLINE; allocation across processes uses CANON's own share-of-historical-production idiom (Exogenous Capacity '* Interp(<feedstock>) / Interp(<total>)', evaluated at 2023)","installed_2023(national)=1.5 Mt/yr; canon share(Corn Ethanol)=0.00000 -> installed_2023(process)=0.00000 Mt/yr; alpha=0.2; one_train_floor=0.15 Mt/yr; first_feasible_year=2028 (greenfield (zero installed base)). Mt/yr -> Million Tonne Coal Equiv/Year x0.912528. Pure numerics in Interp() - no Max(), so S11.2e numeric-first-parsed-as-year CANNOT fire. Unroll CLAMPED against the GROUP 4 accepted Maximum Capacity trajectory in 33/36 years so the level cap and the rate cap agree instead of over-determining each other.",build_rate_limit.csv,refining_buildrate,Low,Regional Aspiration Scenario
Thailand,Transformation\Bioethanol Production\Processes\Molasses,Maximum Capacity Addition,"Interp(2025, 0, 2026, 0, 2027, 0, 2028, 0, 2029, 0, 2030, 0, 2031, 0, 2032, 0, 2033, 0, 2034, 0, 2035, 0, 2036, 0, 2037, 0, 2038, 0, 2039, 0, 2040, 0, 2041, 0, 2042, 0, 2043, 0, 2044, 0, 2045, 0, 2046, 0, 2047, 0, 2048, 0, 2049, 0, 2050, 0, 2051, 0, 2052, 0, 2053, 0, 2054, 0, 2055, 0, 2056, 0, 2057, 0, 2058, 0, 2059, 0, 2060, 0)",Million Tonne Coal Equiv/Year,Bioethanol,"build_rate_limit.csv (bioenergy team 20260722), recursion PRE-SOLVED OFFLINE; allocation across processes uses CANON's own share-of-historical-production idiom (Exogenous Capacity '* Interp(<feedstock>) / Interp(<total>)', evaluated at 2023)","installed_2023(national)=1.5 Mt/yr; canon share(Molasses)=0.78511 -> installed_2023(process)=1.17766 Mt/yr; alpha=0.2; one_train_floor=0.15 Mt/yr; first_feasible_year=2026 (national brownfield). Mt/yr -> Million Tonne Coal Equiv/Year x0.912528. Pure numerics in Interp() - no Max(), so S11.2e numeric-first-parsed-as-year CANNOT fire. Unroll CLAMPED against the GROUP 4 accepted Maximum Capacity trajectory in 35/36 years so the level cap and the rate cap agree instead of over-determining each other.",build_rate_limit.csv,refining_buildrate,Low,Regional Aspiration Scenario
Thailand,Transformation\Bioethanol Production\Processes\Sugarcane,Maximum Capacity Addition,"Interp(2025, 0, 2026, 0.13688, 2027, 0.13688, 2028, 0.13688, 2029, 0.13688, 2030, 0.13688, 2031, 0.05902, 2032, 0.04564, 2033, 0.04564, 2034, 0.04564, 2035, 0.04564, 2036, 0.04562, 2037, 0.04562, 2038, 0.04562, 2039, 0.04562, 2040, 0.04562, 2041, 0.04562, 2042, 0.04562, 2043, 0.04562, 2044, 0.04562, 2045, 0.04562, 2046, 0.04564, 2047, 0.04564, 2048, 0.04564, 2049, 0.04564, 2050, 0.04564, 2051, 0.04562, 2052, 0.04562, 2053, 0.04562, 2054, 0.04562, 2055, 0.04562, 2056, 0.04562, 2057, 0.04562, 2058, 0.04562, 2059, 0.04562, 2060, 0.04562)",Million Tonne Coal Equiv/Year,Bioethanol,"build_rate_limit.csv (bioenergy team 20260722), recursion PRE-SOLVED OFFLINE; allocation across processes uses CANON's own share-of-historical-production idiom (Exogenous Capacity '* Interp(<feedstock>) / Interp(<total>)', evaluated at 2023)","installed_2023(national)=1.5 Mt/yr; canon share(Sugarcane)=0.05685 -> installed_2023(process)=0.08528 Mt/yr; alpha=0.2; one_train_floor=0.15 Mt/yr; first_feasible_year=2026 (national brownfield). Mt/yr -> Million Tonne Coal Equiv/Year x0.912528. Pure numerics in Interp() - no Max(), so S11.2e numeric-first-parsed-as-year CANNOT fire. Unroll CLAMPED against the GROUP 4 accepted Maximum Capacity trajectory in 30/36 years so the level cap and the rate cap agree instead of over-determining each other.",build_rate_limit.csv,refining_buildrate,Low,Regional Aspiration Scenario
Vietnam,Transformation\Bioethanol Production\Processes\Cassava,Maximum Capacity Addition,"Interp(2025, 0, 2026, 0, 2027, 0, 2028, 0.13688, 2029, 0.13688, 2030, 0.13688, 2031, 0.13688, 2032, 0.13688, 2033, 0.13688, 2034, 0.16426, 2035, 0.19711, 2036, 0.23653, 2037, 0.18688, 2038, 0.07302, 2039, 0.07302, 2040, 0.07302, 2041, 0, 2042, 0, 2043, 0, 2044, 0, 2045, 0, 2046, 0, 2047, 0, 2048, 0, 2049, 0, 2050, 0, 2051, 0, 2052, 0, 2053, 0, 2054, 0, 2055, 0, 2056, 0, 2057, 0, 2058, 0, 2059, 0, 2060, 0)",Million Tonne Coal Equiv/Year,Bioethanol,"build_rate_limit.csv (bioenergy team 20260722), recursion PRE-SOLVED OFFLINE; allocation across processes uses CANON's own share-of-historical-production idiom (Exogenous Capacity '* Interp(<feedstock>) / Interp(<total>)', evaluated at 2023)","installed_2023(national)=0.4 Mt/yr; canon share(Cassava)=0.00000 -> installed_2023(process)=0.00000 Mt/yr; alpha=0.2; one_train_floor=0.15 Mt/yr; first_feasible_year=2028 (greenfield (zero installed base)). Mt/yr -> Million Tonne Coal Equiv/Year x0.912528. Pure numerics in Interp() - no Max(), so S11.2e numeric-first-parsed-as-year CANNOT fire. Unroll CLAMPED against the GROUP 4 accepted Maximum Capacity trajectory in 24/36 years so the level cap and the rate cap agree instead of over-determining each other.",build_rate_limit.csv,refining_buildrate,Low,Regional Aspiration Scenario
Vietnam,Transformation\Bioethanol Production\Processes\Corn Ethanol,Maximum Capacity Addition,"Interp(2025, 0, 2026, 0, 2027, 0, 2028, 0, 2029, 0, 2030, 0, 2031, 0, 2032, 0, 2033, 0, 2034, 0, 2035, 0, 2036, 0, 2037, 0, 2038, 0, 2039, 0, 2040, 0, 2041, 0, 2042, 0, 2043, 0, 2044, 0, 2045, 0, 2046, 0, 2047, 0, 2048, 0, 2049, 0, 2050, 0, 2051, 0, 2052, 0, 2053, 0, 2054, 0, 2055, 0, 2056, 0, 2057, 0, 2058, 0, 2059, 0, 2060, 0)",Million Tonne Coal Equiv/Year,Bioethanol,"build_rate_limit.csv (bioenergy team 20260722), recursion PRE-SOLVED OFFLINE; allocation across processes uses CANON's own share-of-historical-production idiom (Exogenous Capacity '* Interp(<feedstock>) / Interp(<total>)', evaluated at 2023)","installed_2023(national)=0.4 Mt/yr; canon share(Corn Ethanol)=0.00000 -> installed_2023(process)=0.00000 Mt/yr; alpha=0.2; one_train_floor=0.15 Mt/yr; first_feasible_year=2028 (greenfield (zero installed base)). Mt/yr -> Million Tonne Coal Equiv/Year x0.912528. Pure numerics in Interp() - no Max(), so S11.2e numeric-first-parsed-as-year CANNOT fire. Unroll CLAMPED against the GROUP 4 accepted Maximum Capacity trajectory in 33/36 years so the level cap and the rate cap agree instead of over-determining each other.",build_rate_limit.csv,refining_buildrate,Low,Regional Aspiration Scenario
Vietnam,Transformation\Bioethanol Production\Processes\Molasses,Maximum Capacity Addition,"Interp(2025, 0, 2026, 0, 2027, 0, 2028, 0, 2029, 0, 2030, 0, 2031, 0, 2032, 0, 2033, 0, 2034, 0, 2035, 0, 2036, 0, 2037, 0, 2038, 0, 2039, 0, 2040, 0, 2041, 0, 2042, 0, 2043, 0, 2044, 0, 2045, 0, 2046, 0, 2047, 0, 2048, 0, 2049, 0, 2050, 0, 2051, 0, 2052, 0, 2053, 0, 2054, 0, 2055, 0, 2056, 0, 2057, 0, 2058, 0, 2059, 0, 2060, 0)",Million Tonne Coal Equiv/Year,Bioethanol,"build_rate_limit.csv (bioenergy team 20260722), recursion PRE-SOLVED OFFLINE; allocation across processes uses CANON's own share-of-historical-production idiom (Exogenous Capacity '* Interp(<feedstock>) / Interp(<total>)', evaluated at 2023)","installed_2023(national)=0.4 Mt/yr; canon share(Molasses)=0.00000 -> installed_2023(process)=0.00000 Mt/yr; alpha=0.2; one_train_floor=0.15 Mt/yr; first_feasible_year=2028 (greenfield (zero installed base)). Mt/yr -> Million Tonne Coal Equiv/Year x0.912528. Pure numerics in Interp() - no Max(), so S11.2e numeric-first-parsed-as-year CANNOT fire. Unroll CLAMPED against the GROUP 4 accepted Maximum Capacity trajectory in 33/36 years so the level cap and the rate cap agree instead of over-determining each other.",build_rate_limit.csv,refining_buildrate,Low,Regional Aspiration Scenario
Vietnam,Transformation\Bioethanol Production\Processes\Sugarcane,Maximum Capacity Addition,"Interp(2025, 0, 2026, 0, 2027, 0, 2028, 0, 2029, 0, 2030, 0, 2031, 0, 2032, 0, 2033, 0, 2034, 0, 2035, 0, 2036, 0, 2037, 0, 2038, 0, 2039, 0, 2040, 0, 2041, 0, 2042, 0, 2043, 0, 2044, 0, 2045, 0, 2046, 0, 2047, 0, 2048, 0, 2049, 0, 2050, 0, 2051, 0, 2052, 0, 2053, 0, 2054, 0, 2055, 0, 2056, 0, 2057, 0, 2058, 0, 2059, 0, 2060, 0)",Million Tonne Coal Equiv/Year,Bioethanol,"build_rate_limit.csv (bioenergy team 20260722), recursion PRE-SOLVED OFFLINE; allocation across processes uses CANON's own share-of-historical-production idiom (Exogenous Capacity '* Interp(<feedstock>) / Interp(<total>)', evaluated at 2023)","installed_2023(national)=0.4 Mt/yr; canon share(Sugarcane)=0.00000 -> installed_2023(process)=0.00000 Mt/yr; alpha=0.2; one_train_floor=0.15 Mt/yr; first_feasible_year=2028 (greenfield (zero installed base)). Mt/yr -> Million Tonne Coal Equiv/Year x0.912528. Pure numerics in Interp() - no Max(), so S11.2e numeric-first-parsed-as-year CANNOT fire. Unroll CLAMPED against the GROUP 4 accepted Maximum Capacity trajectory in 33/36 years so the level cap and the rate cap agree instead of over-determining each other.",build_rate_limit.csv,refining_buildrate,Low,Regional Aspiration Scenario
Brunei,Transformation\Diesel Blending\Processes\Biodiesel,Maximum Capacity Addition,10000,Megawatt,Biodiesel,USER RULING R6 (nothing stays Unlimited in scope),"Was 'Unlimited' (canon ALL (12 regions), RAS). UPPER bound -> finite. 10000 MW/yr = 10% of the 100000 MW level cap per year, i.e. the whole blending terminal fleet can be rebuilt in 10 years. Blending is a pass-through pseudo-tech (Process Efficiency=100); the cap exists to stop a free unbounded build, not to bind.",USER_RULING_R6,blend_capacity,Low,Regional Aspiration Scenario
Cambodia,Transformation\Diesel Blending\Processes\Biodiesel,Maximum Capacity Addition,10000,Megawatt,Biodiesel,USER RULING R6 (nothing stays Unlimited in scope),"Was 'Unlimited' (canon ALL (12 regions), RAS). UPPER bound -> finite. 10000 MW/yr = 10% of the 100000 MW level cap per year, i.e. the whole blending terminal fleet can be rebuilt in 10 years. Blending is a pass-through pseudo-tech (Process Efficiency=100); the cap exists to stop a free unbounded build, not to bind.",USER_RULING_R6,blend_capacity,Low,Regional Aspiration Scenario
Indonesia,Transformation\Diesel Blending\Processes\Biodiesel,Maximum Capacity Addition,10000,Megawatt,Biodiesel,USER RULING R6 (nothing stays Unlimited in scope),"Was 'Unlimited' (canon ALL (12 regions), RAS). UPPER bound -> finite. 10000 MW/yr = 10% of the 100000 MW level cap per year, i.e. the whole blending terminal fleet can be rebuilt in 10 years. Blending is a pass-through pseudo-tech (Process Efficiency=100); the cap exists to stop a free unbounded build, not to bind.",USER_RULING_R6,blend_capacity,Low,Regional Aspiration Scenario
Laos,Transformation\Diesel Blending\Processes\Biodiesel,Maximum Capacity Addition,10000,Megawatt,Biodiesel,USER RULING R6 (nothing stays Unlimited in scope),"Was 'Unlimited' (canon ALL (12 regions), RAS). UPPER bound -> finite. 10000 MW/yr = 10% of the 100000 MW level cap per year, i.e. the whole blending terminal fleet can be rebuilt in 10 years. Blending is a pass-through pseudo-tech (Process Efficiency=100); the cap exists to stop a free unbounded build, not to bind.",USER_RULING_R6,blend_capacity,Low,Regional Aspiration Scenario
Malaysia,Transformation\Diesel Blending\Processes\Biodiesel,Maximum Capacity Addition,10000,Megawatt,Biodiesel,USER RULING R6 (nothing stays Unlimited in scope),"Was 'Unlimited' (canon ALL (12 regions), RAS). UPPER bound -> finite. 10000 MW/yr = 10% of the 100000 MW level cap per year, i.e. the whole blending terminal fleet can be rebuilt in 10 years. Blending is a pass-through pseudo-tech (Process Efficiency=100); the cap exists to stop a free unbounded build, not to bind.",USER_RULING_R6,blend_capacity,Low,Regional Aspiration Scenario
Myanmar,Transformation\Diesel Blending\Processes\Biodiesel,Maximum Capacity Addition,10000,Megawatt,Biodiesel,USER RULING R6 (nothing stays Unlimited in scope),"Was 'Unlimited' (canon ALL (12 regions), RAS). UPPER bound -> finite. 10000 MW/yr = 10% of the 100000 MW level cap per year, i.e. the whole blending terminal fleet can be rebuilt in 10 years. Blending is a pass-through pseudo-tech (Process Efficiency=100); the cap exists to stop a free unbounded build, not to bind.",USER_RULING_R6,blend_capacity,Low,Regional Aspiration Scenario
Philippines,Transformation\Diesel Blending\Processes\Biodiesel,Maximum Capacity Addition,10000,Megawatt,Biodiesel,USER RULING R6 (nothing stays Unlimited in scope),"Was 'Unlimited' (canon ALL (12 regions), RAS). UPPER bound -> finite. 10000 MW/yr = 10% of the 100000 MW level cap per year, i.e. the whole blending terminal fleet can be rebuilt in 10 years. Blending is a pass-through pseudo-tech (Process Efficiency=100); the cap exists to stop a free unbounded build, not to bind.",USER_RULING_R6,blend_capacity,Low,Regional Aspiration Scenario
Singapore,Transformation\Diesel Blending\Processes\Biodiesel,Maximum Capacity Addition,10000,Megawatt,Biodiesel,USER RULING R6 (nothing stays Unlimited in scope),"Was 'Unlimited' (canon ALL (12 regions), RAS). UPPER bound -> finite. 10000 MW/yr = 10% of the 100000 MW level cap per year, i.e. the whole blending terminal fleet can be rebuilt in 10 years. Blending is a pass-through pseudo-tech (Process Efficiency=100); the cap exists to stop a free unbounded build, not to bind.",USER_RULING_R6,blend_capacity,Low,Regional Aspiration Scenario
Thailand,Transformation\Diesel Blending\Processes\Biodiesel,Maximum Capacity Addition,10000,Megawatt,Biodiesel,USER RULING R6 (nothing stays Unlimited in scope),"Was 'Unlimited' (canon ALL (12 regions), RAS). UPPER bound -> finite. 10000 MW/yr = 10% of the 100000 MW level cap per year, i.e. the whole blending terminal fleet can be rebuilt in 10 years. Blending is a pass-through pseudo-tech (Process Efficiency=100); the cap exists to stop a free unbounded build, not to bind.",USER_RULING_R6,blend_capacity,Low,Regional Aspiration Scenario
Vietnam,Transformation\Diesel Blending\Processes\Biodiesel,Maximum Capacity Addition,10000,Megawatt,Biodiesel,USER RULING R6 (nothing stays Unlimited in scope),"Was 'Unlimited' (canon ALL (12 regions), RAS). UPPER bound -> finite. 10000 MW/yr = 10% of the 100000 MW level cap per year, i.e. the whole blending terminal fleet can be rebuilt in 10 years. Blending is a pass-through pseudo-tech (Process Efficiency=100); the cap exists to stop a free unbounded build, not to bind.",USER_RULING_R6,blend_capacity,Low,Regional Aspiration Scenario
Brunei,Transformation\Gasoline Blending\Processes\Ethanol,Maximum Capacity Addition,10000,Megawatt,Bioethanol,USER RULING R6 (nothing stays Unlimited in scope),"Was 'Unlimited' (canon ALL (12 regions), RAS). UPPER bound -> finite. 10000 MW/yr = 10% of the 100000 MW level cap per year, i.e. the whole blending terminal fleet can be rebuilt in 10 years. Blending is a pass-through pseudo-tech (Process Efficiency=100); the cap exists to stop a free unbounded build, not to bind.",USER_RULING_R6,blend_capacity,Low,Regional Aspiration Scenario
Cambodia,Transformation\Gasoline Blending\Processes\Ethanol,Maximum Capacity Addition,10000,Megawatt,Bioethanol,USER RULING R6 (nothing stays Unlimited in scope),"Was 'Unlimited' (canon ALL (12 regions), RAS). UPPER bound -> finite. 10000 MW/yr = 10% of the 100000 MW level cap per year, i.e. the whole blending terminal fleet can be rebuilt in 10 years. Blending is a pass-through pseudo-tech (Process Efficiency=100); the cap exists to stop a free unbounded build, not to bind.",USER_RULING_R6,blend_capacity,Low,Regional Aspiration Scenario
Indonesia,Transformation\Gasoline Blending\Processes\Ethanol,Maximum Capacity Addition,10000,Megawatt,Bioethanol,USER RULING R6 (nothing stays Unlimited in scope),"Was 'Unlimited' (canon ALL (12 regions), RAS). UPPER bound -> finite. 10000 MW/yr = 10% of the 100000 MW level cap per year, i.e. the whole blending terminal fleet can be rebuilt in 10 years. Blending is a pass-through pseudo-tech (Process Efficiency=100); the cap exists to stop a free unbounded build, not to bind.",USER_RULING_R6,blend_capacity,Low,Regional Aspiration Scenario
Laos,Transformation\Gasoline Blending\Processes\Ethanol,Maximum Capacity Addition,10000,Megawatt,Bioethanol,USER RULING R6 (nothing stays Unlimited in scope),"Was 'Unlimited' (canon ALL (12 regions), RAS). UPPER bound -> finite. 10000 MW/yr = 10% of the 100000 MW level cap per year, i.e. the whole blending terminal fleet can be rebuilt in 10 years. Blending is a pass-through pseudo-tech (Process Efficiency=100); the cap exists to stop a free unbounded build, not to bind.",USER_RULING_R6,blend_capacity,Low,Regional Aspiration Scenario
Malaysia,Transformation\Gasoline Blending\Processes\Ethanol,Maximum Capacity Addition,10000,Megawatt,Bioethanol,USER RULING R6 (nothing stays Unlimited in scope),"Was 'Unlimited' (canon ALL (12 regions), RAS). UPPER bound -> finite. 10000 MW/yr = 10% of the 100000 MW level cap per year, i.e. the whole blending terminal fleet can be rebuilt in 10 years. Blending is a pass-through pseudo-tech (Process Efficiency=100); the cap exists to stop a free unbounded build, not to bind.",USER_RULING_R6,blend_capacity,Low,Regional Aspiration Scenario
Myanmar,Transformation\Gasoline Blending\Processes\Ethanol,Maximum Capacity Addition,10000,Megawatt,Bioethanol,USER RULING R6 (nothing stays Unlimited in scope),"Was 'Unlimited' (canon ALL (12 regions), RAS). UPPER bound -> finite. 10000 MW/yr = 10% of the 100000 MW level cap per year, i.e. the whole blending terminal fleet can be rebuilt in 10 years. Blending is a pass-through pseudo-tech (Process Efficiency=100); the cap exists to stop a free unbounded build, not to bind.",USER_RULING_R6,blend_capacity,Low,Regional Aspiration Scenario
Philippines,Transformation\Gasoline Blending\Processes\Ethanol,Maximum Capacity Addition,10000,Megawatt,Bioethanol,USER RULING R6 (nothing stays Unlimited in scope),"Was 'Unlimited' (canon ALL (12 regions), RAS). UPPER bound -> finite. 10000 MW/yr = 10% of the 100000 MW level cap per year, i.e. the whole blending terminal fleet can be rebuilt in 10 years. Blending is a pass-through pseudo-tech (Process Efficiency=100); the cap exists to stop a free unbounded build, not to bind.",USER_RULING_R6,blend_capacity,Low,Regional Aspiration Scenario
Singapore,Transformation\Gasoline Blending\Processes\Ethanol,Maximum Capacity Addition,10000,Megawatt,Bioethanol,USER RULING R6 (nothing stays Unlimited in scope),"Was 'Unlimited' (canon ALL (12 regions), RAS). UPPER bound -> finite. 10000 MW/yr = 10% of the 100000 MW level cap per year, i.e. the whole blending terminal fleet can be rebuilt in 10 years. Blending is a pass-through pseudo-tech (Process Efficiency=100); the cap exists to stop a free unbounded build, not to bind.",USER_RULING_R6,blend_capacity,Low,Regional Aspiration Scenario
Thailand,Transformation\Gasoline Blending\Processes\Ethanol,Maximum Capacity Addition,10000,Megawatt,Bioethanol,USER RULING R6 (nothing stays Unlimited in scope),"Was 'Unlimited' (canon ALL (12 regions), RAS). UPPER bound -> finite. 10000 MW/yr = 10% of the 100000 MW level cap per year, i.e. the whole blending terminal fleet can be rebuilt in 10 years. Blending is a pass-through pseudo-tech (Process Efficiency=100); the cap exists to stop a free unbounded build, not to bind.",USER_RULING_R6,blend_capacity,Low,Regional Aspiration Scenario
Vietnam,Transformation\Gasoline Blending\Processes\Ethanol,Maximum Capacity Addition,10000,Megawatt,Bioethanol,USER RULING R6 (nothing stays Unlimited in scope),"Was 'Unlimited' (canon ALL (12 regions), RAS). UPPER bound -> finite. 10000 MW/yr = 10% of the 100000 MW level cap per year, i.e. the whole blending terminal fleet can be rebuilt in 10 years. Blending is a pass-through pseudo-tech (Process Efficiency=100); the cap exists to stop a free unbounded build, not to bind.",USER_RULING_R6,blend_capacity,Low,Regional Aspiration Scenario
Brunei,Transformation\Diesel Blending\Processes\Biodiesel,Exogenous Capacity,100000,Megawatt,Biodiesel,"USER RULING R6 (Unlimited on a LOWER bound is the 1.0e+12 forced-floor trap, CLAUDE.md S A.11)","Was 'Unlimited' -> exports as ResidualCapacity 1.0e+12, a FORCED FLOOR. Replaced with finite-but-large 100000 MW. NEVER 0: on 2026-05-12 EC=0 on these same 4 pseudo-techs took primal infeasibility 24k -> 4.6M (190x worse, the p9 burn). All 4 pseudo-techs are moved together (this one is the biofuel leg) - an asymmetric change would distort the PercentShare blend split.",USER_RULING_R6,blend_capacity,Low,Current Accounts
Cambodia,Transformation\Diesel Blending\Processes\Biodiesel,Exogenous Capacity,100000,Megawatt,Biodiesel,"USER RULING R6 (Unlimited on a LOWER bound is the 1.0e+12 forced-floor trap, CLAUDE.md S A.11)","Was 'Unlimited' -> exports as ResidualCapacity 1.0e+12, a FORCED FLOOR. Replaced with finite-but-large 100000 MW. NEVER 0: on 2026-05-12 EC=0 on these same 4 pseudo-techs took primal infeasibility 24k -> 4.6M (190x worse, the p9 burn). All 4 pseudo-techs are moved together (this one is the biofuel leg) - an asymmetric change would distort the PercentShare blend split.",USER_RULING_R6,blend_capacity,Low,Current Accounts
Indonesia,Transformation\Diesel Blending\Processes\Biodiesel,Exogenous Capacity,100000,Megawatt,Biodiesel,"USER RULING R6 (Unlimited on a LOWER bound is the 1.0e+12 forced-floor trap, CLAUDE.md S A.11)","Was 'Unlimited' -> exports as ResidualCapacity 1.0e+12, a FORCED FLOOR. Replaced with finite-but-large 100000 MW. NEVER 0: on 2026-05-12 EC=0 on these same 4 pseudo-techs took primal infeasibility 24k -> 4.6M (190x worse, the p9 burn). All 4 pseudo-techs are moved together (this one is the biofuel leg) - an asymmetric change would distort the PercentShare blend split.",USER_RULING_R6,blend_capacity,Low,Current Accounts
Laos,Transformation\Diesel Blending\Processes\Biodiesel,Exogenous Capacity,100000,Megawatt,Biodiesel,"USER RULING R6 (Unlimited on a LOWER bound is the 1.0e+12 forced-floor trap, CLAUDE.md S A.11)","Was 'Unlimited' -> exports as ResidualCapacity 1.0e+12, a FORCED FLOOR. Replaced with finite-but-large 100000 MW. NEVER 0: on 2026-05-12 EC=0 on these same 4 pseudo-techs took primal infeasibility 24k -> 4.6M (190x worse, the p9 burn). All 4 pseudo-techs are moved together (this one is the biofuel leg) - an asymmetric change would distort the PercentShare blend split.",USER_RULING_R6,blend_capacity,Low,Current Accounts
Malaysia,Transformation\Diesel Blending\Processes\Biodiesel,Exogenous Capacity,100000,Megawatt,Biodiesel,"USER RULING R6 (Unlimited on a LOWER bound is the 1.0e+12 forced-floor trap, CLAUDE.md S A.11)","Was 'Unlimited' -> exports as ResidualCapacity 1.0e+12, a FORCED FLOOR. Replaced with finite-but-large 100000 MW. NEVER 0: on 2026-05-12 EC=0 on these same 4 pseudo-techs took primal infeasibility 24k -> 4.6M (190x worse, the p9 burn). All 4 pseudo-techs are moved together (this one is the biofuel leg) - an asymmetric change would distort the PercentShare blend split.",USER_RULING_R6,blend_capacity,Low,Current Accounts
Myanmar,Transformation\Diesel Blending\Processes\Biodiesel,Exogenous Capacity,100000,Megawatt,Biodiesel,"USER RULING R6 (Unlimited on a LOWER bound is the 1.0e+12 forced-floor trap, CLAUDE.md S A.11)","Was 'Unlimited' -> exports as ResidualCapacity 1.0e+12, a FORCED FLOOR. Replaced with finite-but-large 100000 MW. NEVER 0: on 2026-05-12 EC=0 on these same 4 pseudo-techs took primal infeasibility 24k -> 4.6M (190x worse, the p9 burn). All 4 pseudo-techs are moved together (this one is the biofuel leg) - an asymmetric change would distort the PercentShare blend split.",USER_RULING_R6,blend_capacity,Low,Current Accounts
Philippines,Transformation\Diesel Blending\Processes\Biodiesel,Exogenous Capacity,100000,Megawatt,Biodiesel,"USER RULING R6 (Unlimited on a LOWER bound is the 1.0e+12 forced-floor trap, CLAUDE.md S A.11)","Was 'Unlimited' -> exports as ResidualCapacity 1.0e+12, a FORCED FLOOR. Replaced with finite-but-large 100000 MW. NEVER 0: on 2026-05-12 EC=0 on these same 4 pseudo-techs took primal infeasibility 24k -> 4.6M (190x worse, the p9 burn). All 4 pseudo-techs are moved together (this one is the biofuel leg) - an asymmetric change would distort the PercentShare blend split.",USER_RULING_R6,blend_capacity,Low,Current Accounts
Singapore,Transformation\Diesel Blending\Processes\Biodiesel,Exogenous Capacity,100000,Megawatt,Biodiesel,"USER RULING R6 (Unlimited on a LOWER bound is the 1.0e+12 forced-floor trap, CLAUDE.md S A.11)","Was 'Unlimited' -> exports as ResidualCapacity 1.0e+12, a FORCED FLOOR. Replaced with finite-but-large 100000 MW. NEVER 0: on 2026-05-12 EC=0 on these same 4 pseudo-techs took primal infeasibility 24k -> 4.6M (190x worse, the p9 burn). All 4 pseudo-techs are moved together (this one is the biofuel leg) - an asymmetric change would distort the PercentShare blend split.",USER_RULING_R6,blend_capacity,Low,Current Accounts
Thailand,Transformation\Diesel Blending\Processes\Biodiesel,Exogenous Capacity,100000,Megawatt,Biodiesel,"USER RULING R6 (Unlimited on a LOWER bound is the 1.0e+12 forced-floor trap, CLAUDE.md S A.11)","Was 'Unlimited' -> exports as ResidualCapacity 1.0e+12, a FORCED FLOOR. Replaced with finite-but-large 100000 MW. NEVER 0: on 2026-05-12 EC=0 on these same 4 pseudo-techs took primal infeasibility 24k -> 4.6M (190x worse, the p9 burn). All 4 pseudo-techs are moved together (this one is the biofuel leg) - an asymmetric change would distort the PercentShare blend split.",USER_RULING_R6,blend_capacity,Low,Current Accounts
Vietnam,Transformation\Diesel Blending\Processes\Biodiesel,Exogenous Capacity,100000,Megawatt,Biodiesel,"USER RULING R6 (Unlimited on a LOWER bound is the 1.0e+12 forced-floor trap, CLAUDE.md S A.11)","Was 'Unlimited' -> exports as ResidualCapacity 1.0e+12, a FORCED FLOOR. Replaced with finite-but-large 100000 MW. NEVER 0: on 2026-05-12 EC=0 on these same 4 pseudo-techs took primal infeasibility 24k -> 4.6M (190x worse, the p9 burn). All 4 pseudo-techs are moved together (this one is the biofuel leg) - an asymmetric change would distort the PercentShare blend split.",USER_RULING_R6,blend_capacity,Low,Current Accounts
Brunei,Transformation\Diesel Blending\Processes\Biodiesel,Exogenous Capacity,100000,Megawatt,Biodiesel,"USER RULING R6 (Unlimited on a LOWER bound is the 1.0e+12 forced-floor trap, CLAUDE.md S A.11)","Was 'Unlimited' -> exports as ResidualCapacity 1.0e+12, a FORCED FLOOR. Replaced with finite-but-large 100000 MW. NEVER 0: on 2026-05-12 EC=0 on these same 4 pseudo-techs took primal infeasibility 24k -> 4.6M (190x worse, the p9 burn). All 4 pseudo-techs are moved together (this one is the biofuel leg) - an asymmetric change would distort the PercentShare blend split.",USER_RULING_R6,blend_capacity,Low,Baseline Simulation
Cambodia,Transformation\Diesel Blending\Processes\Biodiesel,Exogenous Capacity,100000,Megawatt,Biodiesel,"USER RULING R6 (Unlimited on a LOWER bound is the 1.0e+12 forced-floor trap, CLAUDE.md S A.11)","Was 'Unlimited' -> exports as ResidualCapacity 1.0e+12, a FORCED FLOOR. Replaced with finite-but-large 100000 MW. NEVER 0: on 2026-05-12 EC=0 on these same 4 pseudo-techs took primal infeasibility 24k -> 4.6M (190x worse, the p9 burn). All 4 pseudo-techs are moved together (this one is the biofuel leg) - an asymmetric change would distort the PercentShare blend split.",USER_RULING_R6,blend_capacity,Low,Baseline Simulation
Indonesia,Transformation\Diesel Blending\Processes\Biodiesel,Exogenous Capacity,100000,Megawatt,Biodiesel,"USER RULING R6 (Unlimited on a LOWER bound is the 1.0e+12 forced-floor trap, CLAUDE.md S A.11)","Was 'Unlimited' -> exports as ResidualCapacity 1.0e+12, a FORCED FLOOR. Replaced with finite-but-large 100000 MW. NEVER 0: on 2026-05-12 EC=0 on these same 4 pseudo-techs took primal infeasibility 24k -> 4.6M (190x worse, the p9 burn). All 4 pseudo-techs are moved together (this one is the biofuel leg) - an asymmetric change would distort the PercentShare blend split.",USER_RULING_R6,blend_capacity,Low,Baseline Simulation
Laos,Transformation\Diesel Blending\Processes\Biodiesel,Exogenous Capacity,100000,Megawatt,Biodiesel,"USER RULING R6 (Unlimited on a LOWER bound is the 1.0e+12 forced-floor trap, CLAUDE.md S A.11)","Was 'Unlimited' -> exports as ResidualCapacity 1.0e+12, a FORCED FLOOR. Replaced with finite-but-large 100000 MW. NEVER 0: on 2026-05-12 EC=0 on these same 4 pseudo-techs took primal infeasibility 24k -> 4.6M (190x worse, the p9 burn). All 4 pseudo-techs are moved together (this one is the biofuel leg) - an asymmetric change would distort the PercentShare blend split.",USER_RULING_R6,blend_capacity,Low,Baseline Simulation
Malaysia,Transformation\Diesel Blending\Processes\Biodiesel,Exogenous Capacity,100000,Megawatt,Biodiesel,"USER RULING R6 (Unlimited on a LOWER bound is the 1.0e+12 forced-floor trap, CLAUDE.md S A.11)","Was 'Unlimited' -> exports as ResidualCapacity 1.0e+12, a FORCED FLOOR. Replaced with finite-but-large 100000 MW. NEVER 0: on 2026-05-12 EC=0 on these same 4 pseudo-techs took primal infeasibility 24k -> 4.6M (190x worse, the p9 burn). All 4 pseudo-techs are moved together (this one is the biofuel leg) - an asymmetric change would distort the PercentShare blend split.",USER_RULING_R6,blend_capacity,Low,Baseline Simulation
Myanmar,Transformation\Diesel Blending\Processes\Biodiesel,Exogenous Capacity,100000,Megawatt,Biodiesel,"USER RULING R6 (Unlimited on a LOWER bound is the 1.0e+12 forced-floor trap, CLAUDE.md S A.11)","Was 'Unlimited' -> exports as ResidualCapacity 1.0e+12, a FORCED FLOOR. Replaced with finite-but-large 100000 MW. NEVER 0: on 2026-05-12 EC=0 on these same 4 pseudo-techs took primal infeasibility 24k -> 4.6M (190x worse, the p9 burn). All 4 pseudo-techs are moved together (this one is the biofuel leg) - an asymmetric change would distort the PercentShare blend split.",USER_RULING_R6,blend_capacity,Low,Baseline Simulation
Philippines,Transformation\Diesel Blending\Processes\Biodiesel,Exogenous Capacity,100000,Megawatt,Biodiesel,"USER RULING R6 (Unlimited on a LOWER bound is the 1.0e+12 forced-floor trap, CLAUDE.md S A.11)","Was 'Unlimited' -> exports as ResidualCapacity 1.0e+12, a FORCED FLOOR. Replaced with finite-but-large 100000 MW. NEVER 0: on 2026-05-12 EC=0 on these same 4 pseudo-techs took primal infeasibility 24k -> 4.6M (190x worse, the p9 burn). All 4 pseudo-techs are moved together (this one is the biofuel leg) - an asymmetric change would distort the PercentShare blend split.",USER_RULING_R6,blend_capacity,Low,Baseline Simulation
Singapore,Transformation\Diesel Blending\Processes\Biodiesel,Exogenous Capacity,100000,Megawatt,Biodiesel,"USER RULING R6 (Unlimited on a LOWER bound is the 1.0e+12 forced-floor trap, CLAUDE.md S A.11)","Was 'Unlimited' -> exports as ResidualCapacity 1.0e+12, a FORCED FLOOR. Replaced with finite-but-large 100000 MW. NEVER 0: on 2026-05-12 EC=0 on these same 4 pseudo-techs took primal infeasibility 24k -> 4.6M (190x worse, the p9 burn). All 4 pseudo-techs are moved together (this one is the biofuel leg) - an asymmetric change would distort the PercentShare blend split.",USER_RULING_R6,blend_capacity,Low,Baseline Simulation
Thailand,Transformation\Diesel Blending\Processes\Biodiesel,Exogenous Capacity,100000,Megawatt,Biodiesel,"USER RULING R6 (Unlimited on a LOWER bound is the 1.0e+12 forced-floor trap, CLAUDE.md S A.11)","Was 'Unlimited' -> exports as ResidualCapacity 1.0e+12, a FORCED FLOOR. Replaced with finite-but-large 100000 MW. NEVER 0: on 2026-05-12 EC=0 on these same 4 pseudo-techs took primal infeasibility 24k -> 4.6M (190x worse, the p9 burn). All 4 pseudo-techs are moved together (this one is the biofuel leg) - an asymmetric change would distort the PercentShare blend split.",USER_RULING_R6,blend_capacity,Low,Baseline Simulation
Vietnam,Transformation\Diesel Blending\Processes\Biodiesel,Exogenous Capacity,100000,Megawatt,Biodiesel,"USER RULING R6 (Unlimited on a LOWER bound is the 1.0e+12 forced-floor trap, CLAUDE.md S A.11)","Was 'Unlimited' -> exports as ResidualCapacity 1.0e+12, a FORCED FLOOR. Replaced with finite-but-large 100000 MW. NEVER 0: on 2026-05-12 EC=0 on these same 4 pseudo-techs took primal infeasibility 24k -> 4.6M (190x worse, the p9 burn). All 4 pseudo-techs are moved together (this one is the biofuel leg) - an asymmetric change would distort the PercentShare blend split.",USER_RULING_R6,blend_capacity,Low,Baseline Simulation
Brunei,Transformation\Diesel Blending\Processes\Biodiesel,Exogenous Capacity,100000,Megawatt,Biodiesel,"USER RULING R6 (Unlimited on a LOWER bound is the 1.0e+12 forced-floor trap, CLAUDE.md S A.11)","Was 'Unlimited' -> exports as ResidualCapacity 1.0e+12, a FORCED FLOOR. Replaced with finite-but-large 100000 MW. NEVER 0: on 2026-05-12 EC=0 on these same 4 pseudo-techs took primal infeasibility 24k -> 4.6M (190x worse, the p9 burn). All 4 pseudo-techs are moved together (this one is the biofuel leg) - an asymmetric change would distort the PercentShare blend split.",USER_RULING_R6,blend_capacity,Low,AMS Target Scenario
Cambodia,Transformation\Diesel Blending\Processes\Biodiesel,Exogenous Capacity,100000,Megawatt,Biodiesel,"USER RULING R6 (Unlimited on a LOWER bound is the 1.0e+12 forced-floor trap, CLAUDE.md S A.11)","Was 'Unlimited' -> exports as ResidualCapacity 1.0e+12, a FORCED FLOOR. Replaced with finite-but-large 100000 MW. NEVER 0: on 2026-05-12 EC=0 on these same 4 pseudo-techs took primal infeasibility 24k -> 4.6M (190x worse, the p9 burn). All 4 pseudo-techs are moved together (this one is the biofuel leg) - an asymmetric change would distort the PercentShare blend split.",USER_RULING_R6,blend_capacity,Low,AMS Target Scenario
Indonesia,Transformation\Diesel Blending\Processes\Biodiesel,Exogenous Capacity,100000,Megawatt,Biodiesel,"USER RULING R6 (Unlimited on a LOWER bound is the 1.0e+12 forced-floor trap, CLAUDE.md S A.11)","Was 'Unlimited' -> exports as ResidualCapacity 1.0e+12, a FORCED FLOOR. Replaced with finite-but-large 100000 MW. NEVER 0: on 2026-05-12 EC=0 on these same 4 pseudo-techs took primal infeasibility 24k -> 4.6M (190x worse, the p9 burn). All 4 pseudo-techs are moved together (this one is the biofuel leg) - an asymmetric change would distort the PercentShare blend split.",USER_RULING_R6,blend_capacity,Low,AMS Target Scenario
Laos,Transformation\Diesel Blending\Processes\Biodiesel,Exogenous Capacity,100000,Megawatt,Biodiesel,"USER RULING R6 (Unlimited on a LOWER bound is the 1.0e+12 forced-floor trap, CLAUDE.md S A.11)","Was 'Unlimited' -> exports as ResidualCapacity 1.0e+12, a FORCED FLOOR. Replaced with finite-but-large 100000 MW. NEVER 0: on 2026-05-12 EC=0 on these same 4 pseudo-techs took primal infeasibility 24k -> 4.6M (190x worse, the p9 burn). All 4 pseudo-techs are moved together (this one is the biofuel leg) - an asymmetric change would distort the PercentShare blend split.",USER_RULING_R6,blend_capacity,Low,AMS Target Scenario
Malaysia,Transformation\Diesel Blending\Processes\Biodiesel,Exogenous Capacity,100000,Megawatt,Biodiesel,"USER RULING R6 (Unlimited on a LOWER bound is the 1.0e+12 forced-floor trap, CLAUDE.md S A.11)","Was 'Unlimited' -> exports as ResidualCapacity 1.0e+12, a FORCED FLOOR. Replaced with finite-but-large 100000 MW. NEVER 0: on 2026-05-12 EC=0 on these same 4 pseudo-techs took primal infeasibility 24k -> 4.6M (190x worse, the p9 burn). All 4 pseudo-techs are moved together (this one is the biofuel leg) - an asymmetric change would distort the PercentShare blend split.",USER_RULING_R6,blend_capacity,Low,AMS Target Scenario
Myanmar,Transformation\Diesel Blending\Processes\Biodiesel,Exogenous Capacity,100000,Megawatt,Biodiesel,"USER RULING R6 (Unlimited on a LOWER bound is the 1.0e+12 forced-floor trap, CLAUDE.md S A.11)","Was 'Unlimited' -> exports as ResidualCapacity 1.0e+12, a FORCED FLOOR. Replaced with finite-but-large 100000 MW. NEVER 0: on 2026-05-12 EC=0 on these same 4 pseudo-techs took primal infeasibility 24k -> 4.6M (190x worse, the p9 burn). All 4 pseudo-techs are moved together (this one is the biofuel leg) - an asymmetric change would distort the PercentShare blend split.",USER_RULING_R6,blend_capacity,Low,AMS Target Scenario
Philippines,Transformation\Diesel Blending\Processes\Biodiesel,Exogenous Capacity,100000,Megawatt,Biodiesel,"USER RULING R6 (Unlimited on a LOWER bound is the 1.0e+12 forced-floor trap, CLAUDE.md S A.11)","Was 'Unlimited' -> exports as ResidualCapacity 1.0e+12, a FORCED FLOOR. Replaced with finite-but-large 100000 MW. NEVER 0: on 2026-05-12 EC=0 on these same 4 pseudo-techs took primal infeasibility 24k -> 4.6M (190x worse, the p9 burn). All 4 pseudo-techs are moved together (this one is the biofuel leg) - an asymmetric change would distort the PercentShare blend split.",USER_RULING_R6,blend_capacity,Low,AMS Target Scenario
Singapore,Transformation\Diesel Blending\Processes\Biodiesel,Exogenous Capacity,100000,Megawatt,Biodiesel,"USER RULING R6 (Unlimited on a LOWER bound is the 1.0e+12 forced-floor trap, CLAUDE.md S A.11)","Was 'Unlimited' -> exports as ResidualCapacity 1.0e+12, a FORCED FLOOR. Replaced with finite-but-large 100000 MW. NEVER 0: on 2026-05-12 EC=0 on these same 4 pseudo-techs took primal infeasibility 24k -> 4.6M (190x worse, the p9 burn). All 4 pseudo-techs are moved together (this one is the biofuel leg) - an asymmetric change would distort the PercentShare blend split.",USER_RULING_R6,blend_capacity,Low,AMS Target Scenario
Thailand,Transformation\Diesel Blending\Processes\Biodiesel,Exogenous Capacity,100000,Megawatt,Biodiesel,"USER RULING R6 (Unlimited on a LOWER bound is the 1.0e+12 forced-floor trap, CLAUDE.md S A.11)","Was 'Unlimited' -> exports as ResidualCapacity 1.0e+12, a FORCED FLOOR. Replaced with finite-but-large 100000 MW. NEVER 0: on 2026-05-12 EC=0 on these same 4 pseudo-techs took primal infeasibility 24k -> 4.6M (190x worse, the p9 burn). All 4 pseudo-techs are moved together (this one is the biofuel leg) - an asymmetric change would distort the PercentShare blend split.",USER_RULING_R6,blend_capacity,Low,AMS Target Scenario
Vietnam,Transformation\Diesel Blending\Processes\Biodiesel,Exogenous Capacity,100000,Megawatt,Biodiesel,"USER RULING R6 (Unlimited on a LOWER bound is the 1.0e+12 forced-floor trap, CLAUDE.md S A.11)","Was 'Unlimited' -> exports as ResidualCapacity 1.0e+12, a FORCED FLOOR. Replaced with finite-but-large 100000 MW. NEVER 0: on 2026-05-12 EC=0 on these same 4 pseudo-techs took primal infeasibility 24k -> 4.6M (190x worse, the p9 burn). All 4 pseudo-techs are moved together (this one is the biofuel leg) - an asymmetric change would distort the PercentShare blend split.",USER_RULING_R6,blend_capacity,Low,AMS Target Scenario
Brunei,Transformation\Diesel Blending\Processes\Biodiesel,Exogenous Capacity,100000,Megawatt,Biodiesel,"USER RULING R6 (Unlimited on a LOWER bound is the 1.0e+12 forced-floor trap, CLAUDE.md S A.11)","Was 'Unlimited' -> exports as ResidualCapacity 1.0e+12, a FORCED FLOOR. Replaced with finite-but-large 100000 MW. NEVER 0: on 2026-05-12 EC=0 on these same 4 pseudo-techs took primal infeasibility 24k -> 4.6M (190x worse, the p9 burn). All 4 pseudo-techs are moved together (this one is the biofuel leg) - an asymmetric change would distort the PercentShare blend split.",USER_RULING_R6,blend_capacity,Low,Regional Aspiration Scenario
Cambodia,Transformation\Diesel Blending\Processes\Biodiesel,Exogenous Capacity,100000,Megawatt,Biodiesel,"USER RULING R6 (Unlimited on a LOWER bound is the 1.0e+12 forced-floor trap, CLAUDE.md S A.11)","Was 'Unlimited' -> exports as ResidualCapacity 1.0e+12, a FORCED FLOOR. Replaced with finite-but-large 100000 MW. NEVER 0: on 2026-05-12 EC=0 on these same 4 pseudo-techs took primal infeasibility 24k -> 4.6M (190x worse, the p9 burn). All 4 pseudo-techs are moved together (this one is the biofuel leg) - an asymmetric change would distort the PercentShare blend split.",USER_RULING_R6,blend_capacity,Low,Regional Aspiration Scenario
Indonesia,Transformation\Diesel Blending\Processes\Biodiesel,Exogenous Capacity,100000,Megawatt,Biodiesel,"USER RULING R6 (Unlimited on a LOWER bound is the 1.0e+12 forced-floor trap, CLAUDE.md S A.11)","Was 'Unlimited' -> exports as ResidualCapacity 1.0e+12, a FORCED FLOOR. Replaced with finite-but-large 100000 MW. NEVER 0: on 2026-05-12 EC=0 on these same 4 pseudo-techs took primal infeasibility 24k -> 4.6M (190x worse, the p9 burn). All 4 pseudo-techs are moved together (this one is the biofuel leg) - an asymmetric change would distort the PercentShare blend split.",USER_RULING_R6,blend_capacity,Low,Regional Aspiration Scenario
Laos,Transformation\Diesel Blending\Processes\Biodiesel,Exogenous Capacity,100000,Megawatt,Biodiesel,"USER RULING R6 (Unlimited on a LOWER bound is the 1.0e+12 forced-floor trap, CLAUDE.md S A.11)","Was 'Unlimited' -> exports as ResidualCapacity 1.0e+12, a FORCED FLOOR. Replaced with finite-but-large 100000 MW. NEVER 0: on 2026-05-12 EC=0 on these same 4 pseudo-techs took primal infeasibility 24k -> 4.6M (190x worse, the p9 burn). All 4 pseudo-techs are moved together (this one is the biofuel leg) - an asymmetric change would distort the PercentShare blend split.",USER_RULING_R6,blend_capacity,Low,Regional Aspiration Scenario
Malaysia,Transformation\Diesel Blending\Processes\Biodiesel,Exogenous Capacity,100000,Megawatt,Biodiesel,"USER RULING R6 (Unlimited on a LOWER bound is the 1.0e+12 forced-floor trap, CLAUDE.md S A.11)","Was 'Unlimited' -> exports as ResidualCapacity 1.0e+12, a FORCED FLOOR. Replaced with finite-but-large 100000 MW. NEVER 0: on 2026-05-12 EC=0 on these same 4 pseudo-techs took primal infeasibility 24k -> 4.6M (190x worse, the p9 burn). All 4 pseudo-techs are moved together (this one is the biofuel leg) - an asymmetric change would distort the PercentShare blend split.",USER_RULING_R6,blend_capacity,Low,Regional Aspiration Scenario
Myanmar,Transformation\Diesel Blending\Processes\Biodiesel,Exogenous Capacity,100000,Megawatt,Biodiesel,"USER RULING R6 (Unlimited on a LOWER bound is the 1.0e+12 forced-floor trap, CLAUDE.md S A.11)","Was 'Unlimited' -> exports as ResidualCapacity 1.0e+12, a FORCED FLOOR. Replaced with finite-but-large 100000 MW. NEVER 0: on 2026-05-12 EC=0 on these same 4 pseudo-techs took primal infeasibility 24k -> 4.6M (190x worse, the p9 burn). All 4 pseudo-techs are moved together (this one is the biofuel leg) - an asymmetric change would distort the PercentShare blend split.",USER_RULING_R6,blend_capacity,Low,Regional Aspiration Scenario
Philippines,Transformation\Diesel Blending\Processes\Biodiesel,Exogenous Capacity,100000,Megawatt,Biodiesel,"USER RULING R6 (Unlimited on a LOWER bound is the 1.0e+12 forced-floor trap, CLAUDE.md S A.11)","Was 'Unlimited' -> exports as ResidualCapacity 1.0e+12, a FORCED FLOOR. Replaced with finite-but-large 100000 MW. NEVER 0: on 2026-05-12 EC=0 on these same 4 pseudo-techs took primal infeasibility 24k -> 4.6M (190x worse, the p9 burn). All 4 pseudo-techs are moved together (this one is the biofuel leg) - an asymmetric change would distort the PercentShare blend split.",USER_RULING_R6,blend_capacity,Low,Regional Aspiration Scenario
Singapore,Transformation\Diesel Blending\Processes\Biodiesel,Exogenous Capacity,100000,Megawatt,Biodiesel,"USER RULING R6 (Unlimited on a LOWER bound is the 1.0e+12 forced-floor trap, CLAUDE.md S A.11)","Was 'Unlimited' -> exports as ResidualCapacity 1.0e+12, a FORCED FLOOR. Replaced with finite-but-large 100000 MW. NEVER 0: on 2026-05-12 EC=0 on these same 4 pseudo-techs took primal infeasibility 24k -> 4.6M (190x worse, the p9 burn). All 4 pseudo-techs are moved together (this one is the biofuel leg) - an asymmetric change would distort the PercentShare blend split.",USER_RULING_R6,blend_capacity,Low,Regional Aspiration Scenario
Thailand,Transformation\Diesel Blending\Processes\Biodiesel,Exogenous Capacity,100000,Megawatt,Biodiesel,"USER RULING R6 (Unlimited on a LOWER bound is the 1.0e+12 forced-floor trap, CLAUDE.md S A.11)","Was 'Unlimited' -> exports as ResidualCapacity 1.0e+12, a FORCED FLOOR. Replaced with finite-but-large 100000 MW. NEVER 0: on 2026-05-12 EC=0 on these same 4 pseudo-techs took primal infeasibility 24k -> 4.6M (190x worse, the p9 burn). All 4 pseudo-techs are moved together (this one is the biofuel leg) - an asymmetric change would distort the PercentShare blend split.",USER_RULING_R6,blend_capacity,Low,Regional Aspiration Scenario
Vietnam,Transformation\Diesel Blending\Processes\Biodiesel,Exogenous Capacity,100000,Megawatt,Biodiesel,"USER RULING R6 (Unlimited on a LOWER bound is the 1.0e+12 forced-floor trap, CLAUDE.md S A.11)","Was 'Unlimited' -> exports as ResidualCapacity 1.0e+12, a FORCED FLOOR. Replaced with finite-but-large 100000 MW. NEVER 0: on 2026-05-12 EC=0 on these same 4 pseudo-techs took primal infeasibility 24k -> 4.6M (190x worse, the p9 burn). All 4 pseudo-techs are moved together (this one is the biofuel leg) - an asymmetric change would distort the PercentShare blend split.",USER_RULING_R6,blend_capacity,Low,Regional Aspiration Scenario
Brunei,Transformation\Gasoline Blending\Processes\Ethanol,Exogenous Capacity,100000,Megawatt,Bioethanol,"USER RULING R6 (Unlimited on a LOWER bound is the 1.0e+12 forced-floor trap, CLAUDE.md S A.11)","Was 'Unlimited' -> exports as ResidualCapacity 1.0e+12, a FORCED FLOOR. Replaced with finite-but-large 100000 MW. NEVER 0: on 2026-05-12 EC=0 on these same 4 pseudo-techs took primal infeasibility 24k -> 4.6M (190x worse, the p9 burn). All 4 pseudo-techs are moved together (this one is the biofuel leg) - an asymmetric change would distort the PercentShare blend split.",USER_RULING_R6,blend_capacity,Low,Current Accounts
Cambodia,Transformation\Gasoline Blending\Processes\Ethanol,Exogenous Capacity,100000,Megawatt,Bioethanol,"USER RULING R6 (Unlimited on a LOWER bound is the 1.0e+12 forced-floor trap, CLAUDE.md S A.11)","Was 'Unlimited' -> exports as ResidualCapacity 1.0e+12, a FORCED FLOOR. Replaced with finite-but-large 100000 MW. NEVER 0: on 2026-05-12 EC=0 on these same 4 pseudo-techs took primal infeasibility 24k -> 4.6M (190x worse, the p9 burn). All 4 pseudo-techs are moved together (this one is the biofuel leg) - an asymmetric change would distort the PercentShare blend split.",USER_RULING_R6,blend_capacity,Low,Current Accounts
Indonesia,Transformation\Gasoline Blending\Processes\Ethanol,Exogenous Capacity,100000,Megawatt,Bioethanol,"USER RULING R6 (Unlimited on a LOWER bound is the 1.0e+12 forced-floor trap, CLAUDE.md S A.11)","Was 'Unlimited' -> exports as ResidualCapacity 1.0e+12, a FORCED FLOOR. Replaced with finite-but-large 100000 MW. NEVER 0: on 2026-05-12 EC=0 on these same 4 pseudo-techs took primal infeasibility 24k -> 4.6M (190x worse, the p9 burn). All 4 pseudo-techs are moved together (this one is the biofuel leg) - an asymmetric change would distort the PercentShare blend split.",USER_RULING_R6,blend_capacity,Low,Current Accounts
Laos,Transformation\Gasoline Blending\Processes\Ethanol,Exogenous Capacity,100000,Megawatt,Bioethanol,"USER RULING R6 (Unlimited on a LOWER bound is the 1.0e+12 forced-floor trap, CLAUDE.md S A.11)","Was 'Unlimited' -> exports as ResidualCapacity 1.0e+12, a FORCED FLOOR. Replaced with finite-but-large 100000 MW. NEVER 0: on 2026-05-12 EC=0 on these same 4 pseudo-techs took primal infeasibility 24k -> 4.6M (190x worse, the p9 burn). All 4 pseudo-techs are moved together (this one is the biofuel leg) - an asymmetric change would distort the PercentShare blend split.",USER_RULING_R6,blend_capacity,Low,Current Accounts
Malaysia,Transformation\Gasoline Blending\Processes\Ethanol,Exogenous Capacity,100000,Megawatt,Bioethanol,"USER RULING R6 (Unlimited on a LOWER bound is the 1.0e+12 forced-floor trap, CLAUDE.md S A.11)","Was 'Unlimited' -> exports as ResidualCapacity 1.0e+12, a FORCED FLOOR. Replaced with finite-but-large 100000 MW. NEVER 0: on 2026-05-12 EC=0 on these same 4 pseudo-techs took primal infeasibility 24k -> 4.6M (190x worse, the p9 burn). All 4 pseudo-techs are moved together (this one is the biofuel leg) - an asymmetric change would distort the PercentShare blend split.",USER_RULING_R6,blend_capacity,Low,Current Accounts
Myanmar,Transformation\Gasoline Blending\Processes\Ethanol,Exogenous Capacity,100000,Megawatt,Bioethanol,"USER RULING R6 (Unlimited on a LOWER bound is the 1.0e+12 forced-floor trap, CLAUDE.md S A.11)","Was 'Unlimited' -> exports as ResidualCapacity 1.0e+12, a FORCED FLOOR. Replaced with finite-but-large 100000 MW. NEVER 0: on 2026-05-12 EC=0 on these same 4 pseudo-techs took primal infeasibility 24k -> 4.6M (190x worse, the p9 burn). All 4 pseudo-techs are moved together (this one is the biofuel leg) - an asymmetric change would distort the PercentShare blend split.",USER_RULING_R6,blend_capacity,Low,Current Accounts
Philippines,Transformation\Gasoline Blending\Processes\Ethanol,Exogenous Capacity,100000,Megawatt,Bioethanol,"USER RULING R6 (Unlimited on a LOWER bound is the 1.0e+12 forced-floor trap, CLAUDE.md S A.11)","Was 'Unlimited' -> exports as ResidualCapacity 1.0e+12, a FORCED FLOOR. Replaced with finite-but-large 100000 MW. NEVER 0: on 2026-05-12 EC=0 on these same 4 pseudo-techs took primal infeasibility 24k -> 4.6M (190x worse, the p9 burn). All 4 pseudo-techs are moved together (this one is the biofuel leg) - an asymmetric change would distort the PercentShare blend split.",USER_RULING_R6,blend_capacity,Low,Current Accounts
Singapore,Transformation\Gasoline Blending\Processes\Ethanol,Exogenous Capacity,100000,Megawatt,Bioethanol,"USER RULING R6 (Unlimited on a LOWER bound is the 1.0e+12 forced-floor trap, CLAUDE.md S A.11)","Was 'Unlimited' -> exports as ResidualCapacity 1.0e+12, a FORCED FLOOR. Replaced with finite-but-large 100000 MW. NEVER 0: on 2026-05-12 EC=0 on these same 4 pseudo-techs took primal infeasibility 24k -> 4.6M (190x worse, the p9 burn). All 4 pseudo-techs are moved together (this one is the biofuel leg) - an asymmetric change would distort the PercentShare blend split.",USER_RULING_R6,blend_capacity,Low,Current Accounts
Thailand,Transformation\Gasoline Blending\Processes\Ethanol,Exogenous Capacity,100000,Megawatt,Bioethanol,"USER RULING R6 (Unlimited on a LOWER bound is the 1.0e+12 forced-floor trap, CLAUDE.md S A.11)","Was 'Unlimited' -> exports as ResidualCapacity 1.0e+12, a FORCED FLOOR. Replaced with finite-but-large 100000 MW. NEVER 0: on 2026-05-12 EC=0 on these same 4 pseudo-techs took primal infeasibility 24k -> 4.6M (190x worse, the p9 burn). All 4 pseudo-techs are moved together (this one is the biofuel leg) - an asymmetric change would distort the PercentShare blend split.",USER_RULING_R6,blend_capacity,Low,Current Accounts
Vietnam,Transformation\Gasoline Blending\Processes\Ethanol,Exogenous Capacity,100000,Megawatt,Bioethanol,"USER RULING R6 (Unlimited on a LOWER bound is the 1.0e+12 forced-floor trap, CLAUDE.md S A.11)","Was 'Unlimited' -> exports as ResidualCapacity 1.0e+12, a FORCED FLOOR. Replaced with finite-but-large 100000 MW. NEVER 0: on 2026-05-12 EC=0 on these same 4 pseudo-techs took primal infeasibility 24k -> 4.6M (190x worse, the p9 burn). All 4 pseudo-techs are moved together (this one is the biofuel leg) - an asymmetric change would distort the PercentShare blend split.",USER_RULING_R6,blend_capacity,Low,Current Accounts
Brunei,Transformation\Gasoline Blending\Processes\Ethanol,Exogenous Capacity,100000,Megawatt,Bioethanol,"USER RULING R6 (Unlimited on a LOWER bound is the 1.0e+12 forced-floor trap, CLAUDE.md S A.11)","Was 'Unlimited' -> exports as ResidualCapacity 1.0e+12, a FORCED FLOOR. Replaced with finite-but-large 100000 MW. NEVER 0: on 2026-05-12 EC=0 on these same 4 pseudo-techs took primal infeasibility 24k -> 4.6M (190x worse, the p9 burn). All 4 pseudo-techs are moved together (this one is the biofuel leg) - an asymmetric change would distort the PercentShare blend split.",USER_RULING_R6,blend_capacity,Low,Baseline Simulation
Cambodia,Transformation\Gasoline Blending\Processes\Ethanol,Exogenous Capacity,100000,Megawatt,Bioethanol,"USER RULING R6 (Unlimited on a LOWER bound is the 1.0e+12 forced-floor trap, CLAUDE.md S A.11)","Was 'Unlimited' -> exports as ResidualCapacity 1.0e+12, a FORCED FLOOR. Replaced with finite-but-large 100000 MW. NEVER 0: on 2026-05-12 EC=0 on these same 4 pseudo-techs took primal infeasibility 24k -> 4.6M (190x worse, the p9 burn). All 4 pseudo-techs are moved together (this one is the biofuel leg) - an asymmetric change would distort the PercentShare blend split.",USER_RULING_R6,blend_capacity,Low,Baseline Simulation
Indonesia,Transformation\Gasoline Blending\Processes\Ethanol,Exogenous Capacity,100000,Megawatt,Bioethanol,"USER RULING R6 (Unlimited on a LOWER bound is the 1.0e+12 forced-floor trap, CLAUDE.md S A.11)","Was 'Unlimited' -> exports as ResidualCapacity 1.0e+12, a FORCED FLOOR. Replaced with finite-but-large 100000 MW. NEVER 0: on 2026-05-12 EC=0 on these same 4 pseudo-techs took primal infeasibility 24k -> 4.6M (190x worse, the p9 burn). All 4 pseudo-techs are moved together (this one is the biofuel leg) - an asymmetric change would distort the PercentShare blend split.",USER_RULING_R6,blend_capacity,Low,Baseline Simulation
Laos,Transformation\Gasoline Blending\Processes\Ethanol,Exogenous Capacity,100000,Megawatt,Bioethanol,"USER RULING R6 (Unlimited on a LOWER bound is the 1.0e+12 forced-floor trap, CLAUDE.md S A.11)","Was 'Unlimited' -> exports as ResidualCapacity 1.0e+12, a FORCED FLOOR. Replaced with finite-but-large 100000 MW. NEVER 0: on 2026-05-12 EC=0 on these same 4 pseudo-techs took primal infeasibility 24k -> 4.6M (190x worse, the p9 burn). All 4 pseudo-techs are moved together (this one is the biofuel leg) - an asymmetric change would distort the PercentShare blend split.",USER_RULING_R6,blend_capacity,Low,Baseline Simulation
Malaysia,Transformation\Gasoline Blending\Processes\Ethanol,Exogenous Capacity,100000,Megawatt,Bioethanol,"USER RULING R6 (Unlimited on a LOWER bound is the 1.0e+12 forced-floor trap, CLAUDE.md S A.11)","Was 'Unlimited' -> exports as ResidualCapacity 1.0e+12, a FORCED FLOOR. Replaced with finite-but-large 100000 MW. NEVER 0: on 2026-05-12 EC=0 on these same 4 pseudo-techs took primal infeasibility 24k -> 4.6M (190x worse, the p9 burn). All 4 pseudo-techs are moved together (this one is the biofuel leg) - an asymmetric change would distort the PercentShare blend split.",USER_RULING_R6,blend_capacity,Low,Baseline Simulation
Myanmar,Transformation\Gasoline Blending\Processes\Ethanol,Exogenous Capacity,100000,Megawatt,Bioethanol,"USER RULING R6 (Unlimited on a LOWER bound is the 1.0e+12 forced-floor trap, CLAUDE.md S A.11)","Was 'Unlimited' -> exports as ResidualCapacity 1.0e+12, a FORCED FLOOR. Replaced with finite-but-large 100000 MW. NEVER 0: on 2026-05-12 EC=0 on these same 4 pseudo-techs took primal infeasibility 24k -> 4.6M (190x worse, the p9 burn). All 4 pseudo-techs are moved together (this one is the biofuel leg) - an asymmetric change would distort the PercentShare blend split.",USER_RULING_R6,blend_capacity,Low,Baseline Simulation
Philippines,Transformation\Gasoline Blending\Processes\Ethanol,Exogenous Capacity,100000,Megawatt,Bioethanol,"USER RULING R6 (Unlimited on a LOWER bound is the 1.0e+12 forced-floor trap, CLAUDE.md S A.11)","Was 'Unlimited' -> exports as ResidualCapacity 1.0e+12, a FORCED FLOOR. Replaced with finite-but-large 100000 MW. NEVER 0: on 2026-05-12 EC=0 on these same 4 pseudo-techs took primal infeasibility 24k -> 4.6M (190x worse, the p9 burn). All 4 pseudo-techs are moved together (this one is the biofuel leg) - an asymmetric change would distort the PercentShare blend split.",USER_RULING_R6,blend_capacity,Low,Baseline Simulation
Singapore,Transformation\Gasoline Blending\Processes\Ethanol,Exogenous Capacity,100000,Megawatt,Bioethanol,"USER RULING R6 (Unlimited on a LOWER bound is the 1.0e+12 forced-floor trap, CLAUDE.md S A.11)","Was 'Unlimited' -> exports as ResidualCapacity 1.0e+12, a FORCED FLOOR. Replaced with finite-but-large 100000 MW. NEVER 0: on 2026-05-12 EC=0 on these same 4 pseudo-techs took primal infeasibility 24k -> 4.6M (190x worse, the p9 burn). All 4 pseudo-techs are moved together (this one is the biofuel leg) - an asymmetric change would distort the PercentShare blend split.",USER_RULING_R6,blend_capacity,Low,Baseline Simulation
Thailand,Transformation\Gasoline Blending\Processes\Ethanol,Exogenous Capacity,100000,Megawatt,Bioethanol,"USER RULING R6 (Unlimited on a LOWER bound is the 1.0e+12 forced-floor trap, CLAUDE.md S A.11)","Was 'Unlimited' -> exports as ResidualCapacity 1.0e+12, a FORCED FLOOR. Replaced with finite-but-large 100000 MW. NEVER 0: on 2026-05-12 EC=0 on these same 4 pseudo-techs took primal infeasibility 24k -> 4.6M (190x worse, the p9 burn). All 4 pseudo-techs are moved together (this one is the biofuel leg) - an asymmetric change would distort the PercentShare blend split.",USER_RULING_R6,blend_capacity,Low,Baseline Simulation
Vietnam,Transformation\Gasoline Blending\Processes\Ethanol,Exogenous Capacity,100000,Megawatt,Bioethanol,"USER RULING R6 (Unlimited on a LOWER bound is the 1.0e+12 forced-floor trap, CLAUDE.md S A.11)","Was 'Unlimited' -> exports as ResidualCapacity 1.0e+12, a FORCED FLOOR. Replaced with finite-but-large 100000 MW. NEVER 0: on 2026-05-12 EC=0 on these same 4 pseudo-techs took primal infeasibility 24k -> 4.6M (190x worse, the p9 burn). All 4 pseudo-techs are moved together (this one is the biofuel leg) - an asymmetric change would distort the PercentShare blend split.",USER_RULING_R6,blend_capacity,Low,Baseline Simulation
Brunei,Transformation\Gasoline Blending\Processes\Ethanol,Exogenous Capacity,100000,Megawatt,Bioethanol,"USER RULING R6 (Unlimited on a LOWER bound is the 1.0e+12 forced-floor trap, CLAUDE.md S A.11)","Was 'Unlimited' -> exports as ResidualCapacity 1.0e+12, a FORCED FLOOR. Replaced with finite-but-large 100000 MW. NEVER 0: on 2026-05-12 EC=0 on these same 4 pseudo-techs took primal infeasibility 24k -> 4.6M (190x worse, the p9 burn). All 4 pseudo-techs are moved together (this one is the biofuel leg) - an asymmetric change would distort the PercentShare blend split.",USER_RULING_R6,blend_capacity,Low,AMS Target Scenario
Cambodia,Transformation\Gasoline Blending\Processes\Ethanol,Exogenous Capacity,100000,Megawatt,Bioethanol,"USER RULING R6 (Unlimited on a LOWER bound is the 1.0e+12 forced-floor trap, CLAUDE.md S A.11)","Was 'Unlimited' -> exports as ResidualCapacity 1.0e+12, a FORCED FLOOR. Replaced with finite-but-large 100000 MW. NEVER 0: on 2026-05-12 EC=0 on these same 4 pseudo-techs took primal infeasibility 24k -> 4.6M (190x worse, the p9 burn). All 4 pseudo-techs are moved together (this one is the biofuel leg) - an asymmetric change would distort the PercentShare blend split.",USER_RULING_R6,blend_capacity,Low,AMS Target Scenario
Indonesia,Transformation\Gasoline Blending\Processes\Ethanol,Exogenous Capacity,100000,Megawatt,Bioethanol,"USER RULING R6 (Unlimited on a LOWER bound is the 1.0e+12 forced-floor trap, CLAUDE.md S A.11)","Was 'Unlimited' -> exports as ResidualCapacity 1.0e+12, a FORCED FLOOR. Replaced with finite-but-large 100000 MW. NEVER 0: on 2026-05-12 EC=0 on these same 4 pseudo-techs took primal infeasibility 24k -> 4.6M (190x worse, the p9 burn). All 4 pseudo-techs are moved together (this one is the biofuel leg) - an asymmetric change would distort the PercentShare blend split.",USER_RULING_R6,blend_capacity,Low,AMS Target Scenario
Laos,Transformation\Gasoline Blending\Processes\Ethanol,Exogenous Capacity,100000,Megawatt,Bioethanol,"USER RULING R6 (Unlimited on a LOWER bound is the 1.0e+12 forced-floor trap, CLAUDE.md S A.11)","Was 'Unlimited' -> exports as ResidualCapacity 1.0e+12, a FORCED FLOOR. Replaced with finite-but-large 100000 MW. NEVER 0: on 2026-05-12 EC=0 on these same 4 pseudo-techs took primal infeasibility 24k -> 4.6M (190x worse, the p9 burn). All 4 pseudo-techs are moved together (this one is the biofuel leg) - an asymmetric change would distort the PercentShare blend split.",USER_RULING_R6,blend_capacity,Low,AMS Target Scenario
Malaysia,Transformation\Gasoline Blending\Processes\Ethanol,Exogenous Capacity,100000,Megawatt,Bioethanol,"USER RULING R6 (Unlimited on a LOWER bound is the 1.0e+12 forced-floor trap, CLAUDE.md S A.11)","Was 'Unlimited' -> exports as ResidualCapacity 1.0e+12, a FORCED FLOOR. Replaced with finite-but-large 100000 MW. NEVER 0: on 2026-05-12 EC=0 on these same 4 pseudo-techs took primal infeasibility 24k -> 4.6M (190x worse, the p9 burn). All 4 pseudo-techs are moved together (this one is the biofuel leg) - an asymmetric change would distort the PercentShare blend split.",USER_RULING_R6,blend_capacity,Low,AMS Target Scenario
Myanmar,Transformation\Gasoline Blending\Processes\Ethanol,Exogenous Capacity,100000,Megawatt,Bioethanol,"USER RULING R6 (Unlimited on a LOWER bound is the 1.0e+12 forced-floor trap, CLAUDE.md S A.11)","Was 'Unlimited' -> exports as ResidualCapacity 1.0e+12, a FORCED FLOOR. Replaced with finite-but-large 100000 MW. NEVER 0: on 2026-05-12 EC=0 on these same 4 pseudo-techs took primal infeasibility 24k -> 4.6M (190x worse, the p9 burn). All 4 pseudo-techs are moved together (this one is the biofuel leg) - an asymmetric change would distort the PercentShare blend split.",USER_RULING_R6,blend_capacity,Low,AMS Target Scenario
Philippines,Transformation\Gasoline Blending\Processes\Ethanol,Exogenous Capacity,100000,Megawatt,Bioethanol,"USER RULING R6 (Unlimited on a LOWER bound is the 1.0e+12 forced-floor trap, CLAUDE.md S A.11)","Was 'Unlimited' -> exports as ResidualCapacity 1.0e+12, a FORCED FLOOR. Replaced with finite-but-large 100000 MW. NEVER 0: on 2026-05-12 EC=0 on these same 4 pseudo-techs took primal infeasibility 24k -> 4.6M (190x worse, the p9 burn). All 4 pseudo-techs are moved together (this one is the biofuel leg) - an asymmetric change would distort the PercentShare blend split.",USER_RULING_R6,blend_capacity,Low,AMS Target Scenario
Singapore,Transformation\Gasoline Blending\Processes\Ethanol,Exogenous Capacity,100000,Megawatt,Bioethanol,"USER RULING R6 (Unlimited on a LOWER bound is the 1.0e+12 forced-floor trap, CLAUDE.md S A.11)","Was 'Unlimited' -> exports as ResidualCapacity 1.0e+12, a FORCED FLOOR. Replaced with finite-but-large 100000 MW. NEVER 0: on 2026-05-12 EC=0 on these same 4 pseudo-techs took primal infeasibility 24k -> 4.6M (190x worse, the p9 burn). All 4 pseudo-techs are moved together (this one is the biofuel leg) - an asymmetric change would distort the PercentShare blend split.",USER_RULING_R6,blend_capacity,Low,AMS Target Scenario
Thailand,Transformation\Gasoline Blending\Processes\Ethanol,Exogenous Capacity,100000,Megawatt,Bioethanol,"USER RULING R6 (Unlimited on a LOWER bound is the 1.0e+12 forced-floor trap, CLAUDE.md S A.11)","Was 'Unlimited' -> exports as ResidualCapacity 1.0e+12, a FORCED FLOOR. Replaced with finite-but-large 100000 MW. NEVER 0: on 2026-05-12 EC=0 on these same 4 pseudo-techs took primal infeasibility 24k -> 4.6M (190x worse, the p9 burn). All 4 pseudo-techs are moved together (this one is the biofuel leg) - an asymmetric change would distort the PercentShare blend split.",USER_RULING_R6,blend_capacity,Low,AMS Target Scenario
Vietnam,Transformation\Gasoline Blending\Processes\Ethanol,Exogenous Capacity,100000,Megawatt,Bioethanol,"USER RULING R6 (Unlimited on a LOWER bound is the 1.0e+12 forced-floor trap, CLAUDE.md S A.11)","Was 'Unlimited' -> exports as ResidualCapacity 1.0e+12, a FORCED FLOOR. Replaced with finite-but-large 100000 MW. NEVER 0: on 2026-05-12 EC=0 on these same 4 pseudo-techs took primal infeasibility 24k -> 4.6M (190x worse, the p9 burn). All 4 pseudo-techs are moved together (this one is the biofuel leg) - an asymmetric change would distort the PercentShare blend split.",USER_RULING_R6,blend_capacity,Low,AMS Target Scenario
Brunei,Transformation\Gasoline Blending\Processes\Ethanol,Exogenous Capacity,100000,Megawatt,Bioethanol,"USER RULING R6 (Unlimited on a LOWER bound is the 1.0e+12 forced-floor trap, CLAUDE.md S A.11)","Was 'Unlimited' -> exports as ResidualCapacity 1.0e+12, a FORCED FLOOR. Replaced with finite-but-large 100000 MW. NEVER 0: on 2026-05-12 EC=0 on these same 4 pseudo-techs took primal infeasibility 24k -> 4.6M (190x worse, the p9 burn). All 4 pseudo-techs are moved together (this one is the biofuel leg) - an asymmetric change would distort the PercentShare blend split.",USER_RULING_R6,blend_capacity,Low,Regional Aspiration Scenario
Cambodia,Transformation\Gasoline Blending\Processes\Ethanol,Exogenous Capacity,100000,Megawatt,Bioethanol,"USER RULING R6 (Unlimited on a LOWER bound is the 1.0e+12 forced-floor trap, CLAUDE.md S A.11)","Was 'Unlimited' -> exports as ResidualCapacity 1.0e+12, a FORCED FLOOR. Replaced with finite-but-large 100000 MW. NEVER 0: on 2026-05-12 EC=0 on these same 4 pseudo-techs took primal infeasibility 24k -> 4.6M (190x worse, the p9 burn). All 4 pseudo-techs are moved together (this one is the biofuel leg) - an asymmetric change would distort the PercentShare blend split.",USER_RULING_R6,blend_capacity,Low,Regional Aspiration Scenario
Indonesia,Transformation\Gasoline Blending\Processes\Ethanol,Exogenous Capacity,100000,Megawatt,Bioethanol,"USER RULING R6 (Unlimited on a LOWER bound is the 1.0e+12 forced-floor trap, CLAUDE.md S A.11)","Was 'Unlimited' -> exports as ResidualCapacity 1.0e+12, a FORCED FLOOR. Replaced with finite-but-large 100000 MW. NEVER 0: on 2026-05-12 EC=0 on these same 4 pseudo-techs took primal infeasibility 24k -> 4.6M (190x worse, the p9 burn). All 4 pseudo-techs are moved together (this one is the biofuel leg) - an asymmetric change would distort the PercentShare blend split.",USER_RULING_R6,blend_capacity,Low,Regional Aspiration Scenario
Laos,Transformation\Gasoline Blending\Processes\Ethanol,Exogenous Capacity,100000,Megawatt,Bioethanol,"USER RULING R6 (Unlimited on a LOWER bound is the 1.0e+12 forced-floor trap, CLAUDE.md S A.11)","Was 'Unlimited' -> exports as ResidualCapacity 1.0e+12, a FORCED FLOOR. Replaced with finite-but-large 100000 MW. NEVER 0: on 2026-05-12 EC=0 on these same 4 pseudo-techs took primal infeasibility 24k -> 4.6M (190x worse, the p9 burn). All 4 pseudo-techs are moved together (this one is the biofuel leg) - an asymmetric change would distort the PercentShare blend split.",USER_RULING_R6,blend_capacity,Low,Regional Aspiration Scenario
Malaysia,Transformation\Gasoline Blending\Processes\Ethanol,Exogenous Capacity,100000,Megawatt,Bioethanol,"USER RULING R6 (Unlimited on a LOWER bound is the 1.0e+12 forced-floor trap, CLAUDE.md S A.11)","Was 'Unlimited' -> exports as ResidualCapacity 1.0e+12, a FORCED FLOOR. Replaced with finite-but-large 100000 MW. NEVER 0: on 2026-05-12 EC=0 on these same 4 pseudo-techs took primal infeasibility 24k -> 4.6M (190x worse, the p9 burn). All 4 pseudo-techs are moved together (this one is the biofuel leg) - an asymmetric change would distort the PercentShare blend split.",USER_RULING_R6,blend_capacity,Low,Regional Aspiration Scenario
Myanmar,Transformation\Gasoline Blending\Processes\Ethanol,Exogenous Capacity,100000,Megawatt,Bioethanol,"USER RULING R6 (Unlimited on a LOWER bound is the 1.0e+12 forced-floor trap, CLAUDE.md S A.11)","Was 'Unlimited' -> exports as ResidualCapacity 1.0e+12, a FORCED FLOOR. Replaced with finite-but-large 100000 MW. NEVER 0: on 2026-05-12 EC=0 on these same 4 pseudo-techs took primal infeasibility 24k -> 4.6M (190x worse, the p9 burn). All 4 pseudo-techs are moved together (this one is the biofuel leg) - an asymmetric change would distort the PercentShare blend split.",USER_RULING_R6,blend_capacity,Low,Regional Aspiration Scenario
Philippines,Transformation\Gasoline Blending\Processes\Ethanol,Exogenous Capacity,100000,Megawatt,Bioethanol,"USER RULING R6 (Unlimited on a LOWER bound is the 1.0e+12 forced-floor trap, CLAUDE.md S A.11)","Was 'Unlimited' -> exports as ResidualCapacity 1.0e+12, a FORCED FLOOR. Replaced with finite-but-large 100000 MW. NEVER 0: on 2026-05-12 EC=0 on these same 4 pseudo-techs took primal infeasibility 24k -> 4.6M (190x worse, the p9 burn). All 4 pseudo-techs are moved together (this one is the biofuel leg) - an asymmetric change would distort the PercentShare blend split.",USER_RULING_R6,blend_capacity,Low,Regional Aspiration Scenario
Singapore,Transformation\Gasoline Blending\Processes\Ethanol,Exogenous Capacity,100000,Megawatt,Bioethanol,"USER RULING R6 (Unlimited on a LOWER bound is the 1.0e+12 forced-floor trap, CLAUDE.md S A.11)","Was 'Unlimited' -> exports as ResidualCapacity 1.0e+12, a FORCED FLOOR. Replaced with finite-but-large 100000 MW. NEVER 0: on 2026-05-12 EC=0 on these same 4 pseudo-techs took primal infeasibility 24k -> 4.6M (190x worse, the p9 burn). All 4 pseudo-techs are moved together (this one is the biofuel leg) - an asymmetric change would distort the PercentShare blend split.",USER_RULING_R6,blend_capacity,Low,Regional Aspiration Scenario
Thailand,Transformation\Gasoline Blending\Processes\Ethanol,Exogenous Capacity,100000,Megawatt,Bioethanol,"USER RULING R6 (Unlimited on a LOWER bound is the 1.0e+12 forced-floor trap, CLAUDE.md S A.11)","Was 'Unlimited' -> exports as ResidualCapacity 1.0e+12, a FORCED FLOOR. Replaced with finite-but-large 100000 MW. NEVER 0: on 2026-05-12 EC=0 on these same 4 pseudo-techs took primal infeasibility 24k -> 4.6M (190x worse, the p9 burn). All 4 pseudo-techs are moved together (this one is the biofuel leg) - an asymmetric change would distort the PercentShare blend split.",USER_RULING_R6,blend_capacity,Low,Regional Aspiration Scenario
Vietnam,Transformation\Gasoline Blending\Processes\Ethanol,Exogenous Capacity,100000,Megawatt,Bioethanol,"USER RULING R6 (Unlimited on a LOWER bound is the 1.0e+12 forced-floor trap, CLAUDE.md S A.11)","Was 'Unlimited' -> exports as ResidualCapacity 1.0e+12, a FORCED FLOOR. Replaced with finite-but-large 100000 MW. NEVER 0: on 2026-05-12 EC=0 on these same 4 pseudo-techs took primal infeasibility 24k -> 4.6M (190x worse, the p9 burn). All 4 pseudo-techs are moved together (this one is the biofuel leg) - an asymmetric change would distort the PercentShare blend split.",USER_RULING_R6,blend_capacity,Low,Regional Aspiration Scenario
Brunei,Transformation\Diesel Blending\Processes\Diesel,Exogenous Capacity,100000,Megawatt,,"USER RULING R6 (Unlimited on a LOWER bound is the 1.0e+12 forced-floor trap, CLAUDE.md S A.11)","Was 'Unlimited' -> exports as ResidualCapacity 1.0e+12, a FORCED FLOOR. Replaced with finite-but-large 100000 MW. NEVER 0: on 2026-05-12 EC=0 on these same 4 pseudo-techs took primal infeasibility 24k -> 4.6M (190x worse, the p9 burn). All 4 pseudo-techs are moved together (this one is the fossil leg) - an asymmetric change would distort the PercentShare blend split.",USER_RULING_R6,blend_capacity,Low,Current Accounts
Cambodia,Transformation\Diesel Blending\Processes\Diesel,Exogenous Capacity,100000,Megawatt,,"USER RULING R6 (Unlimited on a LOWER bound is the 1.0e+12 forced-floor trap, CLAUDE.md S A.11)","Was 'Unlimited' -> exports as ResidualCapacity 1.0e+12, a FORCED FLOOR. Replaced with finite-but-large 100000 MW. NEVER 0: on 2026-05-12 EC=0 on these same 4 pseudo-techs took primal infeasibility 24k -> 4.6M (190x worse, the p9 burn). All 4 pseudo-techs are moved together (this one is the fossil leg) - an asymmetric change would distort the PercentShare blend split.",USER_RULING_R6,blend_capacity,Low,Current Accounts
Indonesia,Transformation\Diesel Blending\Processes\Diesel,Exogenous Capacity,100000,Megawatt,,"USER RULING R6 (Unlimited on a LOWER bound is the 1.0e+12 forced-floor trap, CLAUDE.md S A.11)","Was 'Unlimited' -> exports as ResidualCapacity 1.0e+12, a FORCED FLOOR. Replaced with finite-but-large 100000 MW. NEVER 0: on 2026-05-12 EC=0 on these same 4 pseudo-techs took primal infeasibility 24k -> 4.6M (190x worse, the p9 burn). All 4 pseudo-techs are moved together (this one is the fossil leg) - an asymmetric change would distort the PercentShare blend split.",USER_RULING_R6,blend_capacity,Low,Current Accounts
Laos,Transformation\Diesel Blending\Processes\Diesel,Exogenous Capacity,100000,Megawatt,,"USER RULING R6 (Unlimited on a LOWER bound is the 1.0e+12 forced-floor trap, CLAUDE.md S A.11)","Was 'Unlimited' -> exports as ResidualCapacity 1.0e+12, a FORCED FLOOR. Replaced with finite-but-large 100000 MW. NEVER 0: on 2026-05-12 EC=0 on these same 4 pseudo-techs took primal infeasibility 24k -> 4.6M (190x worse, the p9 burn). All 4 pseudo-techs are moved together (this one is the fossil leg) - an asymmetric change would distort the PercentShare blend split.",USER_RULING_R6,blend_capacity,Low,Current Accounts
Malaysia,Transformation\Diesel Blending\Processes\Diesel,Exogenous Capacity,100000,Megawatt,,"USER RULING R6 (Unlimited on a LOWER bound is the 1.0e+12 forced-floor trap, CLAUDE.md S A.11)","Was 'Unlimited' -> exports as ResidualCapacity 1.0e+12, a FORCED FLOOR. Replaced with finite-but-large 100000 MW. NEVER 0: on 2026-05-12 EC=0 on these same 4 pseudo-techs took primal infeasibility 24k -> 4.6M (190x worse, the p9 burn). All 4 pseudo-techs are moved together (this one is the fossil leg) - an asymmetric change would distort the PercentShare blend split.",USER_RULING_R6,blend_capacity,Low,Current Accounts
Myanmar,Transformation\Diesel Blending\Processes\Diesel,Exogenous Capacity,100000,Megawatt,,"USER RULING R6 (Unlimited on a LOWER bound is the 1.0e+12 forced-floor trap, CLAUDE.md S A.11)","Was 'Unlimited' -> exports as ResidualCapacity 1.0e+12, a FORCED FLOOR. Replaced with finite-but-large 100000 MW. NEVER 0: on 2026-05-12 EC=0 on these same 4 pseudo-techs took primal infeasibility 24k -> 4.6M (190x worse, the p9 burn). All 4 pseudo-techs are moved together (this one is the fossil leg) - an asymmetric change would distort the PercentShare blend split.",USER_RULING_R6,blend_capacity,Low,Current Accounts
Philippines,Transformation\Diesel Blending\Processes\Diesel,Exogenous Capacity,100000,Megawatt,,"USER RULING R6 (Unlimited on a LOWER bound is the 1.0e+12 forced-floor trap, CLAUDE.md S A.11)","Was 'Unlimited' -> exports as ResidualCapacity 1.0e+12, a FORCED FLOOR. Replaced with finite-but-large 100000 MW. NEVER 0: on 2026-05-12 EC=0 on these same 4 pseudo-techs took primal infeasibility 24k -> 4.6M (190x worse, the p9 burn). All 4 pseudo-techs are moved together (this one is the fossil leg) - an asymmetric change would distort the PercentShare blend split.",USER_RULING_R6,blend_capacity,Low,Current Accounts
Singapore,Transformation\Diesel Blending\Processes\Diesel,Exogenous Capacity,100000,Megawatt,,"USER RULING R6 (Unlimited on a LOWER bound is the 1.0e+12 forced-floor trap, CLAUDE.md S A.11)","Was 'Unlimited' -> exports as ResidualCapacity 1.0e+12, a FORCED FLOOR. Replaced with finite-but-large 100000 MW. NEVER 0: on 2026-05-12 EC=0 on these same 4 pseudo-techs took primal infeasibility 24k -> 4.6M (190x worse, the p9 burn). All 4 pseudo-techs are moved together (this one is the fossil leg) - an asymmetric change would distort the PercentShare blend split.",USER_RULING_R6,blend_capacity,Low,Current Accounts
Thailand,Transformation\Diesel Blending\Processes\Diesel,Exogenous Capacity,100000,Megawatt,,"USER RULING R6 (Unlimited on a LOWER bound is the 1.0e+12 forced-floor trap, CLAUDE.md S A.11)","Was 'Unlimited' -> exports as ResidualCapacity 1.0e+12, a FORCED FLOOR. Replaced with finite-but-large 100000 MW. NEVER 0: on 2026-05-12 EC=0 on these same 4 pseudo-techs took primal infeasibility 24k -> 4.6M (190x worse, the p9 burn). All 4 pseudo-techs are moved together (this one is the fossil leg) - an asymmetric change would distort the PercentShare blend split.",USER_RULING_R6,blend_capacity,Low,Current Accounts
Vietnam,Transformation\Diesel Blending\Processes\Diesel,Exogenous Capacity,100000,Megawatt,,"USER RULING R6 (Unlimited on a LOWER bound is the 1.0e+12 forced-floor trap, CLAUDE.md S A.11)","Was 'Unlimited' -> exports as ResidualCapacity 1.0e+12, a FORCED FLOOR. Replaced with finite-but-large 100000 MW. NEVER 0: on 2026-05-12 EC=0 on these same 4 pseudo-techs took primal infeasibility 24k -> 4.6M (190x worse, the p9 burn). All 4 pseudo-techs are moved together (this one is the fossil leg) - an asymmetric change would distort the PercentShare blend split.",USER_RULING_R6,blend_capacity,Low,Current Accounts
Brunei,Transformation\Diesel Blending\Processes\Diesel,Exogenous Capacity,100000,Megawatt,,"USER RULING R6 (Unlimited on a LOWER bound is the 1.0e+12 forced-floor trap, CLAUDE.md S A.11)","Was 'Unlimited' -> exports as ResidualCapacity 1.0e+12, a FORCED FLOOR. Replaced with finite-but-large 100000 MW. NEVER 0: on 2026-05-12 EC=0 on these same 4 pseudo-techs took primal infeasibility 24k -> 4.6M (190x worse, the p9 burn). All 4 pseudo-techs are moved together (this one is the fossil leg) - an asymmetric change would distort the PercentShare blend split.",USER_RULING_R6,blend_capacity,Low,Baseline Simulation
Cambodia,Transformation\Diesel Blending\Processes\Diesel,Exogenous Capacity,100000,Megawatt,,"USER RULING R6 (Unlimited on a LOWER bound is the 1.0e+12 forced-floor trap, CLAUDE.md S A.11)","Was 'Unlimited' -> exports as ResidualCapacity 1.0e+12, a FORCED FLOOR. Replaced with finite-but-large 100000 MW. NEVER 0: on 2026-05-12 EC=0 on these same 4 pseudo-techs took primal infeasibility 24k -> 4.6M (190x worse, the p9 burn). All 4 pseudo-techs are moved together (this one is the fossil leg) - an asymmetric change would distort the PercentShare blend split.",USER_RULING_R6,blend_capacity,Low,Baseline Simulation
Indonesia,Transformation\Diesel Blending\Processes\Diesel,Exogenous Capacity,100000,Megawatt,,"USER RULING R6 (Unlimited on a LOWER bound is the 1.0e+12 forced-floor trap, CLAUDE.md S A.11)","Was 'Unlimited' -> exports as ResidualCapacity 1.0e+12, a FORCED FLOOR. Replaced with finite-but-large 100000 MW. NEVER 0: on 2026-05-12 EC=0 on these same 4 pseudo-techs took primal infeasibility 24k -> 4.6M (190x worse, the p9 burn). All 4 pseudo-techs are moved together (this one is the fossil leg) - an asymmetric change would distort the PercentShare blend split.",USER_RULING_R6,blend_capacity,Low,Baseline Simulation
Laos,Transformation\Diesel Blending\Processes\Diesel,Exogenous Capacity,100000,Megawatt,,"USER RULING R6 (Unlimited on a LOWER bound is the 1.0e+12 forced-floor trap, CLAUDE.md S A.11)","Was 'Unlimited' -> exports as ResidualCapacity 1.0e+12, a FORCED FLOOR. Replaced with finite-but-large 100000 MW. NEVER 0: on 2026-05-12 EC=0 on these same 4 pseudo-techs took primal infeasibility 24k -> 4.6M (190x worse, the p9 burn). All 4 pseudo-techs are moved together (this one is the fossil leg) - an asymmetric change would distort the PercentShare blend split.",USER_RULING_R6,blend_capacity,Low,Baseline Simulation
Malaysia,Transformation\Diesel Blending\Processes\Diesel,Exogenous Capacity,100000,Megawatt,,"USER RULING R6 (Unlimited on a LOWER bound is the 1.0e+12 forced-floor trap, CLAUDE.md S A.11)","Was 'Unlimited' -> exports as ResidualCapacity 1.0e+12, a FORCED FLOOR. Replaced with finite-but-large 100000 MW. NEVER 0: on 2026-05-12 EC=0 on these same 4 pseudo-techs took primal infeasibility 24k -> 4.6M (190x worse, the p9 burn). All 4 pseudo-techs are moved together (this one is the fossil leg) - an asymmetric change would distort the PercentShare blend split.",USER_RULING_R6,blend_capacity,Low,Baseline Simulation
Myanmar,Transformation\Diesel Blending\Processes\Diesel,Exogenous Capacity,100000,Megawatt,,"USER RULING R6 (Unlimited on a LOWER bound is the 1.0e+12 forced-floor trap, CLAUDE.md S A.11)","Was 'Unlimited' -> exports as ResidualCapacity 1.0e+12, a FORCED FLOOR. Replaced with finite-but-large 100000 MW. NEVER 0: on 2026-05-12 EC=0 on these same 4 pseudo-techs took primal infeasibility 24k -> 4.6M (190x worse, the p9 burn). All 4 pseudo-techs are moved together (this one is the fossil leg) - an asymmetric change would distort the PercentShare blend split.",USER_RULING_R6,blend_capacity,Low,Baseline Simulation
Philippines,Transformation\Diesel Blending\Processes\Diesel,Exogenous Capacity,100000,Megawatt,,"USER RULING R6 (Unlimited on a LOWER bound is the 1.0e+12 forced-floor trap, CLAUDE.md S A.11)","Was 'Unlimited' -> exports as ResidualCapacity 1.0e+12, a FORCED FLOOR. Replaced with finite-but-large 100000 MW. NEVER 0: on 2026-05-12 EC=0 on these same 4 pseudo-techs took primal infeasibility 24k -> 4.6M (190x worse, the p9 burn). All 4 pseudo-techs are moved together (this one is the fossil leg) - an asymmetric change would distort the PercentShare blend split.",USER_RULING_R6,blend_capacity,Low,Baseline Simulation
Singapore,Transformation\Diesel Blending\Processes\Diesel,Exogenous Capacity,100000,Megawatt,,"USER RULING R6 (Unlimited on a LOWER bound is the 1.0e+12 forced-floor trap, CLAUDE.md S A.11)","Was 'Unlimited' -> exports as ResidualCapacity 1.0e+12, a FORCED FLOOR. Replaced with finite-but-large 100000 MW. NEVER 0: on 2026-05-12 EC=0 on these same 4 pseudo-techs took primal infeasibility 24k -> 4.6M (190x worse, the p9 burn). All 4 pseudo-techs are moved together (this one is the fossil leg) - an asymmetric change would distort the PercentShare blend split.",USER_RULING_R6,blend_capacity,Low,Baseline Simulation
Thailand,Transformation\Diesel Blending\Processes\Diesel,Exogenous Capacity,100000,Megawatt,,"USER RULING R6 (Unlimited on a LOWER bound is the 1.0e+12 forced-floor trap, CLAUDE.md S A.11)","Was 'Unlimited' -> exports as ResidualCapacity 1.0e+12, a FORCED FLOOR. Replaced with finite-but-large 100000 MW. NEVER 0: on 2026-05-12 EC=0 on these same 4 pseudo-techs took primal infeasibility 24k -> 4.6M (190x worse, the p9 burn). All 4 pseudo-techs are moved together (this one is the fossil leg) - an asymmetric change would distort the PercentShare blend split.",USER_RULING_R6,blend_capacity,Low,Baseline Simulation
Vietnam,Transformation\Diesel Blending\Processes\Diesel,Exogenous Capacity,100000,Megawatt,,"USER RULING R6 (Unlimited on a LOWER bound is the 1.0e+12 forced-floor trap, CLAUDE.md S A.11)","Was 'Unlimited' -> exports as ResidualCapacity 1.0e+12, a FORCED FLOOR. Replaced with finite-but-large 100000 MW. NEVER 0: on 2026-05-12 EC=0 on these same 4 pseudo-techs took primal infeasibility 24k -> 4.6M (190x worse, the p9 burn). All 4 pseudo-techs are moved together (this one is the fossil leg) - an asymmetric change would distort the PercentShare blend split.",USER_RULING_R6,blend_capacity,Low,Baseline Simulation
Brunei,Transformation\Diesel Blending\Processes\Diesel,Exogenous Capacity,100000,Megawatt,,"USER RULING R6 (Unlimited on a LOWER bound is the 1.0e+12 forced-floor trap, CLAUDE.md S A.11)","Was 'Unlimited' -> exports as ResidualCapacity 1.0e+12, a FORCED FLOOR. Replaced with finite-but-large 100000 MW. NEVER 0: on 2026-05-12 EC=0 on these same 4 pseudo-techs took primal infeasibility 24k -> 4.6M (190x worse, the p9 burn). All 4 pseudo-techs are moved together (this one is the fossil leg) - an asymmetric change would distort the PercentShare blend split.",USER_RULING_R6,blend_capacity,Low,AMS Target Scenario
Cambodia,Transformation\Diesel Blending\Processes\Diesel,Exogenous Capacity,100000,Megawatt,,"USER RULING R6 (Unlimited on a LOWER bound is the 1.0e+12 forced-floor trap, CLAUDE.md S A.11)","Was 'Unlimited' -> exports as ResidualCapacity 1.0e+12, a FORCED FLOOR. Replaced with finite-but-large 100000 MW. NEVER 0: on 2026-05-12 EC=0 on these same 4 pseudo-techs took primal infeasibility 24k -> 4.6M (190x worse, the p9 burn). All 4 pseudo-techs are moved together (this one is the fossil leg) - an asymmetric change would distort the PercentShare blend split.",USER_RULING_R6,blend_capacity,Low,AMS Target Scenario
Indonesia,Transformation\Diesel Blending\Processes\Diesel,Exogenous Capacity,100000,Megawatt,,"USER RULING R6 (Unlimited on a LOWER bound is the 1.0e+12 forced-floor trap, CLAUDE.md S A.11)","Was 'Unlimited' -> exports as ResidualCapacity 1.0e+12, a FORCED FLOOR. Replaced with finite-but-large 100000 MW. NEVER 0: on 2026-05-12 EC=0 on these same 4 pseudo-techs took primal infeasibility 24k -> 4.6M (190x worse, the p9 burn). All 4 pseudo-techs are moved together (this one is the fossil leg) - an asymmetric change would distort the PercentShare blend split.",USER_RULING_R6,blend_capacity,Low,AMS Target Scenario
Laos,Transformation\Diesel Blending\Processes\Diesel,Exogenous Capacity,100000,Megawatt,,"USER RULING R6 (Unlimited on a LOWER bound is the 1.0e+12 forced-floor trap, CLAUDE.md S A.11)","Was 'Unlimited' -> exports as ResidualCapacity 1.0e+12, a FORCED FLOOR. Replaced with finite-but-large 100000 MW. NEVER 0: on 2026-05-12 EC=0 on these same 4 pseudo-techs took primal infeasibility 24k -> 4.6M (190x worse, the p9 burn). All 4 pseudo-techs are moved together (this one is the fossil leg) - an asymmetric change would distort the PercentShare blend split.",USER_RULING_R6,blend_capacity,Low,AMS Target Scenario
Malaysia,Transformation\Diesel Blending\Processes\Diesel,Exogenous Capacity,100000,Megawatt,,"USER RULING R6 (Unlimited on a LOWER bound is the 1.0e+12 forced-floor trap, CLAUDE.md S A.11)","Was 'Unlimited' -> exports as ResidualCapacity 1.0e+12, a FORCED FLOOR. Replaced with finite-but-large 100000 MW. NEVER 0: on 2026-05-12 EC=0 on these same 4 pseudo-techs took primal infeasibility 24k -> 4.6M (190x worse, the p9 burn). All 4 pseudo-techs are moved together (this one is the fossil leg) - an asymmetric change would distort the PercentShare blend split.",USER_RULING_R6,blend_capacity,Low,AMS Target Scenario
Myanmar,Transformation\Diesel Blending\Processes\Diesel,Exogenous Capacity,100000,Megawatt,,"USER RULING R6 (Unlimited on a LOWER bound is the 1.0e+12 forced-floor trap, CLAUDE.md S A.11)","Was 'Unlimited' -> exports as ResidualCapacity 1.0e+12, a FORCED FLOOR. Replaced with finite-but-large 100000 MW. NEVER 0: on 2026-05-12 EC=0 on these same 4 pseudo-techs took primal infeasibility 24k -> 4.6M (190x worse, the p9 burn). All 4 pseudo-techs are moved together (this one is the fossil leg) - an asymmetric change would distort the PercentShare blend split.",USER_RULING_R6,blend_capacity,Low,AMS Target Scenario
Philippines,Transformation\Diesel Blending\Processes\Diesel,Exogenous Capacity,100000,Megawatt,,"USER RULING R6 (Unlimited on a LOWER bound is the 1.0e+12 forced-floor trap, CLAUDE.md S A.11)","Was 'Unlimited' -> exports as ResidualCapacity 1.0e+12, a FORCED FLOOR. Replaced with finite-but-large 100000 MW. NEVER 0: on 2026-05-12 EC=0 on these same 4 pseudo-techs took primal infeasibility 24k -> 4.6M (190x worse, the p9 burn). All 4 pseudo-techs are moved together (this one is the fossil leg) - an asymmetric change would distort the PercentShare blend split.",USER_RULING_R6,blend_capacity,Low,AMS Target Scenario
Singapore,Transformation\Diesel Blending\Processes\Diesel,Exogenous Capacity,100000,Megawatt,,"USER RULING R6 (Unlimited on a LOWER bound is the 1.0e+12 forced-floor trap, CLAUDE.md S A.11)","Was 'Unlimited' -> exports as ResidualCapacity 1.0e+12, a FORCED FLOOR. Replaced with finite-but-large 100000 MW. NEVER 0: on 2026-05-12 EC=0 on these same 4 pseudo-techs took primal infeasibility 24k -> 4.6M (190x worse, the p9 burn). All 4 pseudo-techs are moved together (this one is the fossil leg) - an asymmetric change would distort the PercentShare blend split.",USER_RULING_R6,blend_capacity,Low,AMS Target Scenario
Thailand,Transformation\Diesel Blending\Processes\Diesel,Exogenous Capacity,100000,Megawatt,,"USER RULING R6 (Unlimited on a LOWER bound is the 1.0e+12 forced-floor trap, CLAUDE.md S A.11)","Was 'Unlimited' -> exports as ResidualCapacity 1.0e+12, a FORCED FLOOR. Replaced with finite-but-large 100000 MW. NEVER 0: on 2026-05-12 EC=0 on these same 4 pseudo-techs took primal infeasibility 24k -> 4.6M (190x worse, the p9 burn). All 4 pseudo-techs are moved together (this one is the fossil leg) - an asymmetric change would distort the PercentShare blend split.",USER_RULING_R6,blend_capacity,Low,AMS Target Scenario
Vietnam,Transformation\Diesel Blending\Processes\Diesel,Exogenous Capacity,100000,Megawatt,,"USER RULING R6 (Unlimited on a LOWER bound is the 1.0e+12 forced-floor trap, CLAUDE.md S A.11)","Was 'Unlimited' -> exports as ResidualCapacity 1.0e+12, a FORCED FLOOR. Replaced with finite-but-large 100000 MW. NEVER 0: on 2026-05-12 EC=0 on these same 4 pseudo-techs took primal infeasibility 24k -> 4.6M (190x worse, the p9 burn). All 4 pseudo-techs are moved together (this one is the fossil leg) - an asymmetric change would distort the PercentShare blend split.",USER_RULING_R6,blend_capacity,Low,AMS Target Scenario
Brunei,Transformation\Diesel Blending\Processes\Diesel,Exogenous Capacity,100000,Megawatt,,"USER RULING R6 (Unlimited on a LOWER bound is the 1.0e+12 forced-floor trap, CLAUDE.md S A.11)","Was 'Unlimited' -> exports as ResidualCapacity 1.0e+12, a FORCED FLOOR. Replaced with finite-but-large 100000 MW. NEVER 0: on 2026-05-12 EC=0 on these same 4 pseudo-techs took primal infeasibility 24k -> 4.6M (190x worse, the p9 burn). All 4 pseudo-techs are moved together (this one is the fossil leg) - an asymmetric change would distort the PercentShare blend split.",USER_RULING_R6,blend_capacity,Low,Regional Aspiration Scenario
Cambodia,Transformation\Diesel Blending\Processes\Diesel,Exogenous Capacity,100000,Megawatt,,"USER RULING R6 (Unlimited on a LOWER bound is the 1.0e+12 forced-floor trap, CLAUDE.md S A.11)","Was 'Unlimited' -> exports as ResidualCapacity 1.0e+12, a FORCED FLOOR. Replaced with finite-but-large 100000 MW. NEVER 0: on 2026-05-12 EC=0 on these same 4 pseudo-techs took primal infeasibility 24k -> 4.6M (190x worse, the p9 burn). All 4 pseudo-techs are moved together (this one is the fossil leg) - an asymmetric change would distort the PercentShare blend split.",USER_RULING_R6,blend_capacity,Low,Regional Aspiration Scenario
Indonesia,Transformation\Diesel Blending\Processes\Diesel,Exogenous Capacity,100000,Megawatt,,"USER RULING R6 (Unlimited on a LOWER bound is the 1.0e+12 forced-floor trap, CLAUDE.md S A.11)","Was 'Unlimited' -> exports as ResidualCapacity 1.0e+12, a FORCED FLOOR. Replaced with finite-but-large 100000 MW. NEVER 0: on 2026-05-12 EC=0 on these same 4 pseudo-techs took primal infeasibility 24k -> 4.6M (190x worse, the p9 burn). All 4 pseudo-techs are moved together (this one is the fossil leg) - an asymmetric change would distort the PercentShare blend split.",USER_RULING_R6,blend_capacity,Low,Regional Aspiration Scenario
Laos,Transformation\Diesel Blending\Processes\Diesel,Exogenous Capacity,100000,Megawatt,,"USER RULING R6 (Unlimited on a LOWER bound is the 1.0e+12 forced-floor trap, CLAUDE.md S A.11)","Was 'Unlimited' -> exports as ResidualCapacity 1.0e+12, a FORCED FLOOR. Replaced with finite-but-large 100000 MW. NEVER 0: on 2026-05-12 EC=0 on these same 4 pseudo-techs took primal infeasibility 24k -> 4.6M (190x worse, the p9 burn). All 4 pseudo-techs are moved together (this one is the fossil leg) - an asymmetric change would distort the PercentShare blend split.",USER_RULING_R6,blend_capacity,Low,Regional Aspiration Scenario
Malaysia,Transformation\Diesel Blending\Processes\Diesel,Exogenous Capacity,100000,Megawatt,,"USER RULING R6 (Unlimited on a LOWER bound is the 1.0e+12 forced-floor trap, CLAUDE.md S A.11)","Was 'Unlimited' -> exports as ResidualCapacity 1.0e+12, a FORCED FLOOR. Replaced with finite-but-large 100000 MW. NEVER 0: on 2026-05-12 EC=0 on these same 4 pseudo-techs took primal infeasibility 24k -> 4.6M (190x worse, the p9 burn). All 4 pseudo-techs are moved together (this one is the fossil leg) - an asymmetric change would distort the PercentShare blend split.",USER_RULING_R6,blend_capacity,Low,Regional Aspiration Scenario
Myanmar,Transformation\Diesel Blending\Processes\Diesel,Exogenous Capacity,100000,Megawatt,,"USER RULING R6 (Unlimited on a LOWER bound is the 1.0e+12 forced-floor trap, CLAUDE.md S A.11)","Was 'Unlimited' -> exports as ResidualCapacity 1.0e+12, a FORCED FLOOR. Replaced with finite-but-large 100000 MW. NEVER 0: on 2026-05-12 EC=0 on these same 4 pseudo-techs took primal infeasibility 24k -> 4.6M (190x worse, the p9 burn). All 4 pseudo-techs are moved together (this one is the fossil leg) - an asymmetric change would distort the PercentShare blend split.",USER_RULING_R6,blend_capacity,Low,Regional Aspiration Scenario
Philippines,Transformation\Diesel Blending\Processes\Diesel,Exogenous Capacity,100000,Megawatt,,"USER RULING R6 (Unlimited on a LOWER bound is the 1.0e+12 forced-floor trap, CLAUDE.md S A.11)","Was 'Unlimited' -> exports as ResidualCapacity 1.0e+12, a FORCED FLOOR. Replaced with finite-but-large 100000 MW. NEVER 0: on 2026-05-12 EC=0 on these same 4 pseudo-techs took primal infeasibility 24k -> 4.6M (190x worse, the p9 burn). All 4 pseudo-techs are moved together (this one is the fossil leg) - an asymmetric change would distort the PercentShare blend split.",USER_RULING_R6,blend_capacity,Low,Regional Aspiration Scenario
Singapore,Transformation\Diesel Blending\Processes\Diesel,Exogenous Capacity,100000,Megawatt,,"USER RULING R6 (Unlimited on a LOWER bound is the 1.0e+12 forced-floor trap, CLAUDE.md S A.11)","Was 'Unlimited' -> exports as ResidualCapacity 1.0e+12, a FORCED FLOOR. Replaced with finite-but-large 100000 MW. NEVER 0: on 2026-05-12 EC=0 on these same 4 pseudo-techs took primal infeasibility 24k -> 4.6M (190x worse, the p9 burn). All 4 pseudo-techs are moved together (this one is the fossil leg) - an asymmetric change would distort the PercentShare blend split.",USER_RULING_R6,blend_capacity,Low,Regional Aspiration Scenario
Thailand,Transformation\Diesel Blending\Processes\Diesel,Exogenous Capacity,100000,Megawatt,,"USER RULING R6 (Unlimited on a LOWER bound is the 1.0e+12 forced-floor trap, CLAUDE.md S A.11)","Was 'Unlimited' -> exports as ResidualCapacity 1.0e+12, a FORCED FLOOR. Replaced with finite-but-large 100000 MW. NEVER 0: on 2026-05-12 EC=0 on these same 4 pseudo-techs took primal infeasibility 24k -> 4.6M (190x worse, the p9 burn). All 4 pseudo-techs are moved together (this one is the fossil leg) - an asymmetric change would distort the PercentShare blend split.",USER_RULING_R6,blend_capacity,Low,Regional Aspiration Scenario
Vietnam,Transformation\Diesel Blending\Processes\Diesel,Exogenous Capacity,100000,Megawatt,,"USER RULING R6 (Unlimited on a LOWER bound is the 1.0e+12 forced-floor trap, CLAUDE.md S A.11)","Was 'Unlimited' -> exports as ResidualCapacity 1.0e+12, a FORCED FLOOR. Replaced with finite-but-large 100000 MW. NEVER 0: on 2026-05-12 EC=0 on these same 4 pseudo-techs took primal infeasibility 24k -> 4.6M (190x worse, the p9 burn). All 4 pseudo-techs are moved together (this one is the fossil leg) - an asymmetric change would distort the PercentShare blend split.",USER_RULING_R6,blend_capacity,Low,Regional Aspiration Scenario
Brunei,Transformation\Gasoline Blending\Processes\Gasoline,Exogenous Capacity,100000,Megawatt,,"USER RULING R6 (Unlimited on a LOWER bound is the 1.0e+12 forced-floor trap, CLAUDE.md S A.11)","Was 'Unlimited' -> exports as ResidualCapacity 1.0e+12, a FORCED FLOOR. Replaced with finite-but-large 100000 MW. NEVER 0: on 2026-05-12 EC=0 on these same 4 pseudo-techs took primal infeasibility 24k -> 4.6M (190x worse, the p9 burn). All 4 pseudo-techs are moved together (this one is the fossil leg) - an asymmetric change would distort the PercentShare blend split.",USER_RULING_R6,blend_capacity,Low,Current Accounts
Cambodia,Transformation\Gasoline Blending\Processes\Gasoline,Exogenous Capacity,100000,Megawatt,,"USER RULING R6 (Unlimited on a LOWER bound is the 1.0e+12 forced-floor trap, CLAUDE.md S A.11)","Was 'Unlimited' -> exports as ResidualCapacity 1.0e+12, a FORCED FLOOR. Replaced with finite-but-large 100000 MW. NEVER 0: on 2026-05-12 EC=0 on these same 4 pseudo-techs took primal infeasibility 24k -> 4.6M (190x worse, the p9 burn). All 4 pseudo-techs are moved together (this one is the fossil leg) - an asymmetric change would distort the PercentShare blend split.",USER_RULING_R6,blend_capacity,Low,Current Accounts
Indonesia,Transformation\Gasoline Blending\Processes\Gasoline,Exogenous Capacity,100000,Megawatt,,"USER RULING R6 (Unlimited on a LOWER bound is the 1.0e+12 forced-floor trap, CLAUDE.md S A.11)","Was 'Unlimited' -> exports as ResidualCapacity 1.0e+12, a FORCED FLOOR. Replaced with finite-but-large 100000 MW. NEVER 0: on 2026-05-12 EC=0 on these same 4 pseudo-techs took primal infeasibility 24k -> 4.6M (190x worse, the p9 burn). All 4 pseudo-techs are moved together (this one is the fossil leg) - an asymmetric change would distort the PercentShare blend split.",USER_RULING_R6,blend_capacity,Low,Current Accounts
Laos,Transformation\Gasoline Blending\Processes\Gasoline,Exogenous Capacity,100000,Megawatt,,"USER RULING R6 (Unlimited on a LOWER bound is the 1.0e+12 forced-floor trap, CLAUDE.md S A.11)","Was 'Unlimited' -> exports as ResidualCapacity 1.0e+12, a FORCED FLOOR. Replaced with finite-but-large 100000 MW. NEVER 0: on 2026-05-12 EC=0 on these same 4 pseudo-techs took primal infeasibility 24k -> 4.6M (190x worse, the p9 burn). All 4 pseudo-techs are moved together (this one is the fossil leg) - an asymmetric change would distort the PercentShare blend split.",USER_RULING_R6,blend_capacity,Low,Current Accounts
Malaysia,Transformation\Gasoline Blending\Processes\Gasoline,Exogenous Capacity,100000,Megawatt,,"USER RULING R6 (Unlimited on a LOWER bound is the 1.0e+12 forced-floor trap, CLAUDE.md S A.11)","Was 'Unlimited' -> exports as ResidualCapacity 1.0e+12, a FORCED FLOOR. Replaced with finite-but-large 100000 MW. NEVER 0: on 2026-05-12 EC=0 on these same 4 pseudo-techs took primal infeasibility 24k -> 4.6M (190x worse, the p9 burn). All 4 pseudo-techs are moved together (this one is the fossil leg) - an asymmetric change would distort the PercentShare blend split.",USER_RULING_R6,blend_capacity,Low,Current Accounts
Myanmar,Transformation\Gasoline Blending\Processes\Gasoline,Exogenous Capacity,100000,Megawatt,,"USER RULING R6 (Unlimited on a LOWER bound is the 1.0e+12 forced-floor trap, CLAUDE.md S A.11)","Was 'Unlimited' -> exports as ResidualCapacity 1.0e+12, a FORCED FLOOR. Replaced with finite-but-large 100000 MW. NEVER 0: on 2026-05-12 EC=0 on these same 4 pseudo-techs took primal infeasibility 24k -> 4.6M (190x worse, the p9 burn). All 4 pseudo-techs are moved together (this one is the fossil leg) - an asymmetric change would distort the PercentShare blend split.",USER_RULING_R6,blend_capacity,Low,Current Accounts
Philippines,Transformation\Gasoline Blending\Processes\Gasoline,Exogenous Capacity,100000,Megawatt,,"USER RULING R6 (Unlimited on a LOWER bound is the 1.0e+12 forced-floor trap, CLAUDE.md S A.11)","Was 'Unlimited' -> exports as ResidualCapacity 1.0e+12, a FORCED FLOOR. Replaced with finite-but-large 100000 MW. NEVER 0: on 2026-05-12 EC=0 on these same 4 pseudo-techs took primal infeasibility 24k -> 4.6M (190x worse, the p9 burn). All 4 pseudo-techs are moved together (this one is the fossil leg) - an asymmetric change would distort the PercentShare blend split.",USER_RULING_R6,blend_capacity,Low,Current Accounts
Singapore,Transformation\Gasoline Blending\Processes\Gasoline,Exogenous Capacity,100000,Megawatt,,"USER RULING R6 (Unlimited on a LOWER bound is the 1.0e+12 forced-floor trap, CLAUDE.md S A.11)","Was 'Unlimited' -> exports as ResidualCapacity 1.0e+12, a FORCED FLOOR. Replaced with finite-but-large 100000 MW. NEVER 0: on 2026-05-12 EC=0 on these same 4 pseudo-techs took primal infeasibility 24k -> 4.6M (190x worse, the p9 burn). All 4 pseudo-techs are moved together (this one is the fossil leg) - an asymmetric change would distort the PercentShare blend split.",USER_RULING_R6,blend_capacity,Low,Current Accounts
Thailand,Transformation\Gasoline Blending\Processes\Gasoline,Exogenous Capacity,100000,Megawatt,,"USER RULING R6 (Unlimited on a LOWER bound is the 1.0e+12 forced-floor trap, CLAUDE.md S A.11)","Was 'Unlimited' -> exports as ResidualCapacity 1.0e+12, a FORCED FLOOR. Replaced with finite-but-large 100000 MW. NEVER 0: on 2026-05-12 EC=0 on these same 4 pseudo-techs took primal infeasibility 24k -> 4.6M (190x worse, the p9 burn). All 4 pseudo-techs are moved together (this one is the fossil leg) - an asymmetric change would distort the PercentShare blend split.",USER_RULING_R6,blend_capacity,Low,Current Accounts
Vietnam,Transformation\Gasoline Blending\Processes\Gasoline,Exogenous Capacity,100000,Megawatt,,"USER RULING R6 (Unlimited on a LOWER bound is the 1.0e+12 forced-floor trap, CLAUDE.md S A.11)","Was 'Unlimited' -> exports as ResidualCapacity 1.0e+12, a FORCED FLOOR. Replaced with finite-but-large 100000 MW. NEVER 0: on 2026-05-12 EC=0 on these same 4 pseudo-techs took primal infeasibility 24k -> 4.6M (190x worse, the p9 burn). All 4 pseudo-techs are moved together (this one is the fossil leg) - an asymmetric change would distort the PercentShare blend split.",USER_RULING_R6,blend_capacity,Low,Current Accounts
Brunei,Transformation\Gasoline Blending\Processes\Gasoline,Exogenous Capacity,100000,Megawatt,,"USER RULING R6 (Unlimited on a LOWER bound is the 1.0e+12 forced-floor trap, CLAUDE.md S A.11)","Was 'Unlimited' -> exports as ResidualCapacity 1.0e+12, a FORCED FLOOR. Replaced with finite-but-large 100000 MW. NEVER 0: on 2026-05-12 EC=0 on these same 4 pseudo-techs took primal infeasibility 24k -> 4.6M (190x worse, the p9 burn). All 4 pseudo-techs are moved together (this one is the fossil leg) - an asymmetric change would distort the PercentShare blend split.",USER_RULING_R6,blend_capacity,Low,Baseline Simulation
Cambodia,Transformation\Gasoline Blending\Processes\Gasoline,Exogenous Capacity,100000,Megawatt,,"USER RULING R6 (Unlimited on a LOWER bound is the 1.0e+12 forced-floor trap, CLAUDE.md S A.11)","Was 'Unlimited' -> exports as ResidualCapacity 1.0e+12, a FORCED FLOOR. Replaced with finite-but-large 100000 MW. NEVER 0: on 2026-05-12 EC=0 on these same 4 pseudo-techs took primal infeasibility 24k -> 4.6M (190x worse, the p9 burn). All 4 pseudo-techs are moved together (this one is the fossil leg) - an asymmetric change would distort the PercentShare blend split.",USER_RULING_R6,blend_capacity,Low,Baseline Simulation
Indonesia,Transformation\Gasoline Blending\Processes\Gasoline,Exogenous Capacity,100000,Megawatt,,"USER RULING R6 (Unlimited on a LOWER bound is the 1.0e+12 forced-floor trap, CLAUDE.md S A.11)","Was 'Unlimited' -> exports as ResidualCapacity 1.0e+12, a FORCED FLOOR. Replaced with finite-but-large 100000 MW. NEVER 0: on 2026-05-12 EC=0 on these same 4 pseudo-techs took primal infeasibility 24k -> 4.6M (190x worse, the p9 burn). All 4 pseudo-techs are moved together (this one is the fossil leg) - an asymmetric change would distort the PercentShare blend split.",USER_RULING_R6,blend_capacity,Low,Baseline Simulation
Laos,Transformation\Gasoline Blending\Processes\Gasoline,Exogenous Capacity,100000,Megawatt,,"USER RULING R6 (Unlimited on a LOWER bound is the 1.0e+12 forced-floor trap, CLAUDE.md S A.11)","Was 'Unlimited' -> exports as ResidualCapacity 1.0e+12, a FORCED FLOOR. Replaced with finite-but-large 100000 MW. NEVER 0: on 2026-05-12 EC=0 on these same 4 pseudo-techs took primal infeasibility 24k -> 4.6M (190x worse, the p9 burn). All 4 pseudo-techs are moved together (this one is the fossil leg) - an asymmetric change would distort the PercentShare blend split.",USER_RULING_R6,blend_capacity,Low,Baseline Simulation
Malaysia,Transformation\Gasoline Blending\Processes\Gasoline,Exogenous Capacity,100000,Megawatt,,"USER RULING R6 (Unlimited on a LOWER bound is the 1.0e+12 forced-floor trap, CLAUDE.md S A.11)","Was 'Unlimited' -> exports as ResidualCapacity 1.0e+12, a FORCED FLOOR. Replaced with finite-but-large 100000 MW. NEVER 0: on 2026-05-12 EC=0 on these same 4 pseudo-techs took primal infeasibility 24k -> 4.6M (190x worse, the p9 burn). All 4 pseudo-techs are moved together (this one is the fossil leg) - an asymmetric change would distort the PercentShare blend split.",USER_RULING_R6,blend_capacity,Low,Baseline Simulation
Myanmar,Transformation\Gasoline Blending\Processes\Gasoline,Exogenous Capacity,100000,Megawatt,,"USER RULING R6 (Unlimited on a LOWER bound is the 1.0e+12 forced-floor trap, CLAUDE.md S A.11)","Was 'Unlimited' -> exports as ResidualCapacity 1.0e+12, a FORCED FLOOR. Replaced with finite-but-large 100000 MW. NEVER 0: on 2026-05-12 EC=0 on these same 4 pseudo-techs took primal infeasibility 24k -> 4.6M (190x worse, the p9 burn). All 4 pseudo-techs are moved together (this one is the fossil leg) - an asymmetric change would distort the PercentShare blend split.",USER_RULING_R6,blend_capacity,Low,Baseline Simulation
Philippines,Transformation\Gasoline Blending\Processes\Gasoline,Exogenous Capacity,100000,Megawatt,,"USER RULING R6 (Unlimited on a LOWER bound is the 1.0e+12 forced-floor trap, CLAUDE.md S A.11)","Was 'Unlimited' -> exports as ResidualCapacity 1.0e+12, a FORCED FLOOR. Replaced with finite-but-large 100000 MW. NEVER 0: on 2026-05-12 EC=0 on these same 4 pseudo-techs took primal infeasibility 24k -> 4.6M (190x worse, the p9 burn). All 4 pseudo-techs are moved together (this one is the fossil leg) - an asymmetric change would distort the PercentShare blend split.",USER_RULING_R6,blend_capacity,Low,Baseline Simulation
Singapore,Transformation\Gasoline Blending\Processes\Gasoline,Exogenous Capacity,100000,Megawatt,,"USER RULING R6 (Unlimited on a LOWER bound is the 1.0e+12 forced-floor trap, CLAUDE.md S A.11)","Was 'Unlimited' -> exports as ResidualCapacity 1.0e+12, a FORCED FLOOR. Replaced with finite-but-large 100000 MW. NEVER 0: on 2026-05-12 EC=0 on these same 4 pseudo-techs took primal infeasibility 24k -> 4.6M (190x worse, the p9 burn). All 4 pseudo-techs are moved together (this one is the fossil leg) - an asymmetric change would distort the PercentShare blend split.",USER_RULING_R6,blend_capacity,Low,Baseline Simulation
Thailand,Transformation\Gasoline Blending\Processes\Gasoline,Exogenous Capacity,100000,Megawatt,,"USER RULING R6 (Unlimited on a LOWER bound is the 1.0e+12 forced-floor trap, CLAUDE.md S A.11)","Was 'Unlimited' -> exports as ResidualCapacity 1.0e+12, a FORCED FLOOR. Replaced with finite-but-large 100000 MW. NEVER 0: on 2026-05-12 EC=0 on these same 4 pseudo-techs took primal infeasibility 24k -> 4.6M (190x worse, the p9 burn). All 4 pseudo-techs are moved together (this one is the fossil leg) - an asymmetric change would distort the PercentShare blend split.",USER_RULING_R6,blend_capacity,Low,Baseline Simulation
Vietnam,Transformation\Gasoline Blending\Processes\Gasoline,Exogenous Capacity,100000,Megawatt,,"USER RULING R6 (Unlimited on a LOWER bound is the 1.0e+12 forced-floor trap, CLAUDE.md S A.11)","Was 'Unlimited' -> exports as ResidualCapacity 1.0e+12, a FORCED FLOOR. Replaced with finite-but-large 100000 MW. NEVER 0: on 2026-05-12 EC=0 on these same 4 pseudo-techs took primal infeasibility 24k -> 4.6M (190x worse, the p9 burn). All 4 pseudo-techs are moved together (this one is the fossil leg) - an asymmetric change would distort the PercentShare blend split.",USER_RULING_R6,blend_capacity,Low,Baseline Simulation
Brunei,Transformation\Gasoline Blending\Processes\Gasoline,Exogenous Capacity,100000,Megawatt,,"USER RULING R6 (Unlimited on a LOWER bound is the 1.0e+12 forced-floor trap, CLAUDE.md S A.11)","Was 'Unlimited' -> exports as ResidualCapacity 1.0e+12, a FORCED FLOOR. Replaced with finite-but-large 100000 MW. NEVER 0: on 2026-05-12 EC=0 on these same 4 pseudo-techs took primal infeasibility 24k -> 4.6M (190x worse, the p9 burn). All 4 pseudo-techs are moved together (this one is the fossil leg) - an asymmetric change would distort the PercentShare blend split.",USER_RULING_R6,blend_capacity,Low,AMS Target Scenario
Cambodia,Transformation\Gasoline Blending\Processes\Gasoline,Exogenous Capacity,100000,Megawatt,,"USER RULING R6 (Unlimited on a LOWER bound is the 1.0e+12 forced-floor trap, CLAUDE.md S A.11)","Was 'Unlimited' -> exports as ResidualCapacity 1.0e+12, a FORCED FLOOR. Replaced with finite-but-large 100000 MW. NEVER 0: on 2026-05-12 EC=0 on these same 4 pseudo-techs took primal infeasibility 24k -> 4.6M (190x worse, the p9 burn). All 4 pseudo-techs are moved together (this one is the fossil leg) - an asymmetric change would distort the PercentShare blend split.",USER_RULING_R6,blend_capacity,Low,AMS Target Scenario
Indonesia,Transformation\Gasoline Blending\Processes\Gasoline,Exogenous Capacity,100000,Megawatt,,"USER RULING R6 (Unlimited on a LOWER bound is the 1.0e+12 forced-floor trap, CLAUDE.md S A.11)","Was 'Unlimited' -> exports as ResidualCapacity 1.0e+12, a FORCED FLOOR. Replaced with finite-but-large 100000 MW. NEVER 0: on 2026-05-12 EC=0 on these same 4 pseudo-techs took primal infeasibility 24k -> 4.6M (190x worse, the p9 burn). All 4 pseudo-techs are moved together (this one is the fossil leg) - an asymmetric change would distort the PercentShare blend split.",USER_RULING_R6,blend_capacity,Low,AMS Target Scenario
Laos,Transformation\Gasoline Blending\Processes\Gasoline,Exogenous Capacity,100000,Megawatt,,"USER RULING R6 (Unlimited on a LOWER bound is the 1.0e+12 forced-floor trap, CLAUDE.md S A.11)","Was 'Unlimited' -> exports as ResidualCapacity 1.0e+12, a FORCED FLOOR. Replaced with finite-but-large 100000 MW. NEVER 0: on 2026-05-12 EC=0 on these same 4 pseudo-techs took primal infeasibility 24k -> 4.6M (190x worse, the p9 burn). All 4 pseudo-techs are moved together (this one is the fossil leg) - an asymmetric change would distort the PercentShare blend split.",USER_RULING_R6,blend_capacity,Low,AMS Target Scenario
Malaysia,Transformation\Gasoline Blending\Processes\Gasoline,Exogenous Capacity,100000,Megawatt,,"USER RULING R6 (Unlimited on a LOWER bound is the 1.0e+12 forced-floor trap, CLAUDE.md S A.11)","Was 'Unlimited' -> exports as ResidualCapacity 1.0e+12, a FORCED FLOOR. Replaced with finite-but-large 100000 MW. NEVER 0: on 2026-05-12 EC=0 on these same 4 pseudo-techs took primal infeasibility 24k -> 4.6M (190x worse, the p9 burn). All 4 pseudo-techs are moved together (this one is the fossil leg) - an asymmetric change would distort the PercentShare blend split.",USER_RULING_R6,blend_capacity,Low,AMS Target Scenario
Myanmar,Transformation\Gasoline Blending\Processes\Gasoline,Exogenous Capacity,100000,Megawatt,,"USER RULING R6 (Unlimited on a LOWER bound is the 1.0e+12 forced-floor trap, CLAUDE.md S A.11)","Was 'Unlimited' -> exports as ResidualCapacity 1.0e+12, a FORCED FLOOR. Replaced with finite-but-large 100000 MW. NEVER 0: on 2026-05-12 EC=0 on these same 4 pseudo-techs took primal infeasibility 24k -> 4.6M (190x worse, the p9 burn). All 4 pseudo-techs are moved together (this one is the fossil leg) - an asymmetric change would distort the PercentShare blend split.",USER_RULING_R6,blend_capacity,Low,AMS Target Scenario
Philippines,Transformation\Gasoline Blending\Processes\Gasoline,Exogenous Capacity,100000,Megawatt,,"USER RULING R6 (Unlimited on a LOWER bound is the 1.0e+12 forced-floor trap, CLAUDE.md S A.11)","Was 'Unlimited' -> exports as ResidualCapacity 1.0e+12, a FORCED FLOOR. Replaced with finite-but-large 100000 MW. NEVER 0: on 2026-05-12 EC=0 on these same 4 pseudo-techs took primal infeasibility 24k -> 4.6M (190x worse, the p9 burn). All 4 pseudo-techs are moved together (this one is the fossil leg) - an asymmetric change would distort the PercentShare blend split.",USER_RULING_R6,blend_capacity,Low,AMS Target Scenario
Singapore,Transformation\Gasoline Blending\Processes\Gasoline,Exogenous Capacity,100000,Megawatt,,"USER RULING R6 (Unlimited on a LOWER bound is the 1.0e+12 forced-floor trap, CLAUDE.md S A.11)","Was 'Unlimited' -> exports as ResidualCapacity 1.0e+12, a FORCED FLOOR. Replaced with finite-but-large 100000 MW. NEVER 0: on 2026-05-12 EC=0 on these same 4 pseudo-techs took primal infeasibility 24k -> 4.6M (190x worse, the p9 burn). All 4 pseudo-techs are moved together (this one is the fossil leg) - an asymmetric change would distort the PercentShare blend split.",USER_RULING_R6,blend_capacity,Low,AMS Target Scenario
Thailand,Transformation\Gasoline Blending\Processes\Gasoline,Exogenous Capacity,100000,Megawatt,,"USER RULING R6 (Unlimited on a LOWER bound is the 1.0e+12 forced-floor trap, CLAUDE.md S A.11)","Was 'Unlimited' -> exports as ResidualCapacity 1.0e+12, a FORCED FLOOR. Replaced with finite-but-large 100000 MW. NEVER 0: on 2026-05-12 EC=0 on these same 4 pseudo-techs took primal infeasibility 24k -> 4.6M (190x worse, the p9 burn). All 4 pseudo-techs are moved together (this one is the fossil leg) - an asymmetric change would distort the PercentShare blend split.",USER_RULING_R6,blend_capacity,Low,AMS Target Scenario
Vietnam,Transformation\Gasoline Blending\Processes\Gasoline,Exogenous Capacity,100000,Megawatt,,"USER RULING R6 (Unlimited on a LOWER bound is the 1.0e+12 forced-floor trap, CLAUDE.md S A.11)","Was 'Unlimited' -> exports as ResidualCapacity 1.0e+12, a FORCED FLOOR. Replaced with finite-but-large 100000 MW. NEVER 0: on 2026-05-12 EC=0 on these same 4 pseudo-techs took primal infeasibility 24k -> 4.6M (190x worse, the p9 burn). All 4 pseudo-techs are moved together (this one is the fossil leg) - an asymmetric change would distort the PercentShare blend split.",USER_RULING_R6,blend_capacity,Low,AMS Target Scenario
Brunei,Transformation\Gasoline Blending\Processes\Gasoline,Exogenous Capacity,100000,Megawatt,,"USER RULING R6 (Unlimited on a LOWER bound is the 1.0e+12 forced-floor trap, CLAUDE.md S A.11)","Was 'Unlimited' -> exports as ResidualCapacity 1.0e+12, a FORCED FLOOR. Replaced with finite-but-large 100000 MW. NEVER 0: on 2026-05-12 EC=0 on these same 4 pseudo-techs took primal infeasibility 24k -> 4.6M (190x worse, the p9 burn). All 4 pseudo-techs are moved together (this one is the fossil leg) - an asymmetric change would distort the PercentShare blend split.",USER_RULING_R6,blend_capacity,Low,Regional Aspiration Scenario
Cambodia,Transformation\Gasoline Blending\Processes\Gasoline,Exogenous Capacity,100000,Megawatt,,"USER RULING R6 (Unlimited on a LOWER bound is the 1.0e+12 forced-floor trap, CLAUDE.md S A.11)","Was 'Unlimited' -> exports as ResidualCapacity 1.0e+12, a FORCED FLOOR. Replaced with finite-but-large 100000 MW. NEVER 0: on 2026-05-12 EC=0 on these same 4 pseudo-techs took primal infeasibility 24k -> 4.6M (190x worse, the p9 burn). All 4 pseudo-techs are moved together (this one is the fossil leg) - an asymmetric change would distort the PercentShare blend split.",USER_RULING_R6,blend_capacity,Low,Regional Aspiration Scenario
Indonesia,Transformation\Gasoline Blending\Processes\Gasoline,Exogenous Capacity,100000,Megawatt,,"USER RULING R6 (Unlimited on a LOWER bound is the 1.0e+12 forced-floor trap, CLAUDE.md S A.11)","Was 'Unlimited' -> exports as ResidualCapacity 1.0e+12, a FORCED FLOOR. Replaced with finite-but-large 100000 MW. NEVER 0: on 2026-05-12 EC=0 on these same 4 pseudo-techs took primal infeasibility 24k -> 4.6M (190x worse, the p9 burn). All 4 pseudo-techs are moved together (this one is the fossil leg) - an asymmetric change would distort the PercentShare blend split.",USER_RULING_R6,blend_capacity,Low,Regional Aspiration Scenario
Laos,Transformation\Gasoline Blending\Processes\Gasoline,Exogenous Capacity,100000,Megawatt,,"USER RULING R6 (Unlimited on a LOWER bound is the 1.0e+12 forced-floor trap, CLAUDE.md S A.11)","Was 'Unlimited' -> exports as ResidualCapacity 1.0e+12, a FORCED FLOOR. Replaced with finite-but-large 100000 MW. NEVER 0: on 2026-05-12 EC=0 on these same 4 pseudo-techs took primal infeasibility 24k -> 4.6M (190x worse, the p9 burn). All 4 pseudo-techs are moved together (this one is the fossil leg) - an asymmetric change would distort the PercentShare blend split.",USER_RULING_R6,blend_capacity,Low,Regional Aspiration Scenario
Malaysia,Transformation\Gasoline Blending\Processes\Gasoline,Exogenous Capacity,100000,Megawatt,,"USER RULING R6 (Unlimited on a LOWER bound is the 1.0e+12 forced-floor trap, CLAUDE.md S A.11)","Was 'Unlimited' -> exports as ResidualCapacity 1.0e+12, a FORCED FLOOR. Replaced with finite-but-large 100000 MW. NEVER 0: on 2026-05-12 EC=0 on these same 4 pseudo-techs took primal infeasibility 24k -> 4.6M (190x worse, the p9 burn). All 4 pseudo-techs are moved together (this one is the fossil leg) - an asymmetric change would distort the PercentShare blend split.",USER_RULING_R6,blend_capacity,Low,Regional Aspiration Scenario
Myanmar,Transformation\Gasoline Blending\Processes\Gasoline,Exogenous Capacity,100000,Megawatt,,"USER RULING R6 (Unlimited on a LOWER bound is the 1.0e+12 forced-floor trap, CLAUDE.md S A.11)","Was 'Unlimited' -> exports as ResidualCapacity 1.0e+12, a FORCED FLOOR. Replaced with finite-but-large 100000 MW. NEVER 0: on 2026-05-12 EC=0 on these same 4 pseudo-techs took primal infeasibility 24k -> 4.6M (190x worse, the p9 burn). All 4 pseudo-techs are moved together (this one is the fossil leg) - an asymmetric change would distort the PercentShare blend split.",USER_RULING_R6,blend_capacity,Low,Regional Aspiration Scenario
Philippines,Transformation\Gasoline Blending\Processes\Gasoline,Exogenous Capacity,100000,Megawatt,,"USER RULING R6 (Unlimited on a LOWER bound is the 1.0e+12 forced-floor trap, CLAUDE.md S A.11)","Was 'Unlimited' -> exports as ResidualCapacity 1.0e+12, a FORCED FLOOR. Replaced with finite-but-large 100000 MW. NEVER 0: on 2026-05-12 EC=0 on these same 4 pseudo-techs took primal infeasibility 24k -> 4.6M (190x worse, the p9 burn). All 4 pseudo-techs are moved together (this one is the fossil leg) - an asymmetric change would distort the PercentShare blend split.",USER_RULING_R6,blend_capacity,Low,Regional Aspiration Scenario
Singapore,Transformation\Gasoline Blending\Processes\Gasoline,Exogenous Capacity,100000,Megawatt,,"USER RULING R6 (Unlimited on a LOWER bound is the 1.0e+12 forced-floor trap, CLAUDE.md S A.11)","Was 'Unlimited' -> exports as ResidualCapacity 1.0e+12, a FORCED FLOOR. Replaced with finite-but-large 100000 MW. NEVER 0: on 2026-05-12 EC=0 on these same 4 pseudo-techs took primal infeasibility 24k -> 4.6M (190x worse, the p9 burn). All 4 pseudo-techs are moved together (this one is the fossil leg) - an asymmetric change would distort the PercentShare blend split.",USER_RULING_R6,blend_capacity,Low,Regional Aspiration Scenario
Thailand,Transformation\Gasoline Blending\Processes\Gasoline,Exogenous Capacity,100000,Megawatt,,"USER RULING R6 (Unlimited on a LOWER bound is the 1.0e+12 forced-floor trap, CLAUDE.md S A.11)","Was 'Unlimited' -> exports as ResidualCapacity 1.0e+12, a FORCED FLOOR. Replaced with finite-but-large 100000 MW. NEVER 0: on 2026-05-12 EC=0 on these same 4 pseudo-techs took primal infeasibility 24k -> 4.6M (190x worse, the p9 burn). All 4 pseudo-techs are moved together (this one is the fossil leg) - an asymmetric change would distort the PercentShare blend split.",USER_RULING_R6,blend_capacity,Low,Regional Aspiration Scenario
Vietnam,Transformation\Gasoline Blending\Processes\Gasoline,Exogenous Capacity,100000,Megawatt,,"USER RULING R6 (Unlimited on a LOWER bound is the 1.0e+12 forced-floor trap, CLAUDE.md S A.11)","Was 'Unlimited' -> exports as ResidualCapacity 1.0e+12, a FORCED FLOOR. Replaced with finite-but-large 100000 MW. NEVER 0: on 2026-05-12 EC=0 on these same 4 pseudo-techs took primal infeasibility 24k -> 4.6M (190x worse, the p9 burn). All 4 pseudo-techs are moved together (this one is the fossil leg) - an asymmetric change would distort the PercentShare blend split.",USER_RULING_R6,blend_capacity,Low,Regional Aspiration Scenario
Brunei,Transformation\Diesel Blending\Processes\Biodiesel,Maximum Capacity,"Max(Exogenous Capacity[MW], 100000)",Megawatt,Biodiesel,USER RULING R6 + R7 house idiom,"Was 'Unlimited' (canon ALL (12 regions), RAS). UPPER bound. R7 pattern, reference FIRST / numeric LAST (S11.2e). The Max() guarantees the cap can never fall below the Exogenous Capacity floor authored in 6a (100000 MW), so LEAP's 'Maximum capacity constraint is less than exogenous capacity' halt cannot fire. [MW] unit tag is the calc-proven canon form (S11.2e Max(Exogenous Capacity[MW], 1874.0)).",USER_RULING_R6,blend_capacity,Low,Regional Aspiration Scenario
Cambodia,Transformation\Diesel Blending\Processes\Biodiesel,Maximum Capacity,"Max(Exogenous Capacity[MW], 100000)",Megawatt,Biodiesel,USER RULING R6 + R7 house idiom,"Was 'Unlimited' (canon ALL (12 regions), RAS). UPPER bound. R7 pattern, reference FIRST / numeric LAST (S11.2e). The Max() guarantees the cap can never fall below the Exogenous Capacity floor authored in 6a (100000 MW), so LEAP's 'Maximum capacity constraint is less than exogenous capacity' halt cannot fire. [MW] unit tag is the calc-proven canon form (S11.2e Max(Exogenous Capacity[MW], 1874.0)).",USER_RULING_R6,blend_capacity,Low,Regional Aspiration Scenario
Indonesia,Transformation\Diesel Blending\Processes\Biodiesel,Maximum Capacity,"Max(Exogenous Capacity[MW], 100000)",Megawatt,Biodiesel,USER RULING R6 + R7 house idiom,"Was 'Unlimited' (canon ALL (12 regions), RAS). UPPER bound. R7 pattern, reference FIRST / numeric LAST (S11.2e). The Max() guarantees the cap can never fall below the Exogenous Capacity floor authored in 6a (100000 MW), so LEAP's 'Maximum capacity constraint is less than exogenous capacity' halt cannot fire. [MW] unit tag is the calc-proven canon form (S11.2e Max(Exogenous Capacity[MW], 1874.0)).",USER_RULING_R6,blend_capacity,Low,Regional Aspiration Scenario
Laos,Transformation\Diesel Blending\Processes\Biodiesel,Maximum Capacity,"Max(Exogenous Capacity[MW], 100000)",Megawatt,Biodiesel,USER RULING R6 + R7 house idiom,"Was 'Unlimited' (canon ALL (12 regions), RAS). UPPER bound. R7 pattern, reference FIRST / numeric LAST (S11.2e). The Max() guarantees the cap can never fall below the Exogenous Capacity floor authored in 6a (100000 MW), so LEAP's 'Maximum capacity constraint is less than exogenous capacity' halt cannot fire. [MW] unit tag is the calc-proven canon form (S11.2e Max(Exogenous Capacity[MW], 1874.0)).",USER_RULING_R6,blend_capacity,Low,Regional Aspiration Scenario
Malaysia,Transformation\Diesel Blending\Processes\Biodiesel,Maximum Capacity,"Max(Exogenous Capacity[MW], 100000)",Megawatt,Biodiesel,USER RULING R6 + R7 house idiom,"Was 'Unlimited' (canon ALL (12 regions), RAS). UPPER bound. R7 pattern, reference FIRST / numeric LAST (S11.2e). The Max() guarantees the cap can never fall below the Exogenous Capacity floor authored in 6a (100000 MW), so LEAP's 'Maximum capacity constraint is less than exogenous capacity' halt cannot fire. [MW] unit tag is the calc-proven canon form (S11.2e Max(Exogenous Capacity[MW], 1874.0)).",USER_RULING_R6,blend_capacity,Low,Regional Aspiration Scenario
Myanmar,Transformation\Diesel Blending\Processes\Biodiesel,Maximum Capacity,"Max(Exogenous Capacity[MW], 100000)",Megawatt,Biodiesel,USER RULING R6 + R7 house idiom,"Was 'Unlimited' (canon ALL (12 regions), RAS). UPPER bound. R7 pattern, reference FIRST / numeric LAST (S11.2e). The Max() guarantees the cap can never fall below the Exogenous Capacity floor authored in 6a (100000 MW), so LEAP's 'Maximum capacity constraint is less than exogenous capacity' halt cannot fire. [MW] unit tag is the calc-proven canon form (S11.2e Max(Exogenous Capacity[MW], 1874.0)).",USER_RULING_R6,blend_capacity,Low,Regional Aspiration Scenario
Philippines,Transformation\Diesel Blending\Processes\Biodiesel,Maximum Capacity,"Max(Exogenous Capacity[MW], 100000)",Megawatt,Biodiesel,USER RULING R6 + R7 house idiom,"Was 'Unlimited' (canon ALL (12 regions), RAS). UPPER bound. R7 pattern, reference FIRST / numeric LAST (S11.2e). The Max() guarantees the cap can never fall below the Exogenous Capacity floor authored in 6a (100000 MW), so LEAP's 'Maximum capacity constraint is less than exogenous capacity' halt cannot fire. [MW] unit tag is the calc-proven canon form (S11.2e Max(Exogenous Capacity[MW], 1874.0)).",USER_RULING_R6,blend_capacity,Low,Regional Aspiration Scenario
Singapore,Transformation\Diesel Blending\Processes\Biodiesel,Maximum Capacity,"Max(Exogenous Capacity[MW], 100000)",Megawatt,Biodiesel,USER RULING R6 + R7 house idiom,"Was 'Unlimited' (canon ALL (12 regions), RAS). UPPER bound. R7 pattern, reference FIRST / numeric LAST (S11.2e). The Max() guarantees the cap can never fall below the Exogenous Capacity floor authored in 6a (100000 MW), so LEAP's 'Maximum capacity constraint is less than exogenous capacity' halt cannot fire. [MW] unit tag is the calc-proven canon form (S11.2e Max(Exogenous Capacity[MW], 1874.0)).",USER_RULING_R6,blend_capacity,Low,Regional Aspiration Scenario
Thailand,Transformation\Diesel Blending\Processes\Biodiesel,Maximum Capacity,"Max(Exogenous Capacity[MW], 100000)",Megawatt,Biodiesel,USER RULING R6 + R7 house idiom,"Was 'Unlimited' (canon ALL (12 regions), RAS). UPPER bound. R7 pattern, reference FIRST / numeric LAST (S11.2e). The Max() guarantees the cap can never fall below the Exogenous Capacity floor authored in 6a (100000 MW), so LEAP's 'Maximum capacity constraint is less than exogenous capacity' halt cannot fire. [MW] unit tag is the calc-proven canon form (S11.2e Max(Exogenous Capacity[MW], 1874.0)).",USER_RULING_R6,blend_capacity,Low,Regional Aspiration Scenario
Vietnam,Transformation\Diesel Blending\Processes\Biodiesel,Maximum Capacity,"Max(Exogenous Capacity[MW], 100000)",Megawatt,Biodiesel,USER RULING R6 + R7 house idiom,"Was 'Unlimited' (canon ALL (12 regions), RAS). UPPER bound. R7 pattern, reference FIRST / numeric LAST (S11.2e). The Max() guarantees the cap can never fall below the Exogenous Capacity floor authored in 6a (100000 MW), so LEAP's 'Maximum capacity constraint is less than exogenous capacity' halt cannot fire. [MW] unit tag is the calc-proven canon form (S11.2e Max(Exogenous Capacity[MW], 1874.0)).",USER_RULING_R6,blend_capacity,Low,Regional Aspiration Scenario
Brunei,Transformation\Gasoline Blending\Processes\Ethanol,Maximum Capacity,"Max(Exogenous Capacity[MW], 100000)",Megawatt,Bioethanol,USER RULING R6 + R7 house idiom,"Was 'Unlimited' (canon ALL (12 regions), RAS). UPPER bound. R7 pattern, reference FIRST / numeric LAST (S11.2e). The Max() guarantees the cap can never fall below the Exogenous Capacity floor authored in 6a (100000 MW), so LEAP's 'Maximum capacity constraint is less than exogenous capacity' halt cannot fire. [MW] unit tag is the calc-proven canon form (S11.2e Max(Exogenous Capacity[MW], 1874.0)).",USER_RULING_R6,blend_capacity,Low,Regional Aspiration Scenario
Cambodia,Transformation\Gasoline Blending\Processes\Ethanol,Maximum Capacity,"Max(Exogenous Capacity[MW], 100000)",Megawatt,Bioethanol,USER RULING R6 + R7 house idiom,"Was 'Unlimited' (canon ALL (12 regions), RAS). UPPER bound. R7 pattern, reference FIRST / numeric LAST (S11.2e). The Max() guarantees the cap can never fall below the Exogenous Capacity floor authored in 6a (100000 MW), so LEAP's 'Maximum capacity constraint is less than exogenous capacity' halt cannot fire. [MW] unit tag is the calc-proven canon form (S11.2e Max(Exogenous Capacity[MW], 1874.0)).",USER_RULING_R6,blend_capacity,Low,Regional Aspiration Scenario
Indonesia,Transformation\Gasoline Blending\Processes\Ethanol,Maximum Capacity,"Max(Exogenous Capacity[MW], 100000)",Megawatt,Bioethanol,USER RULING R6 + R7 house idiom,"Was 'Unlimited' (canon ALL (12 regions), RAS). UPPER bound. R7 pattern, reference FIRST / numeric LAST (S11.2e). The Max() guarantees the cap can never fall below the Exogenous Capacity floor authored in 6a (100000 MW), so LEAP's 'Maximum capacity constraint is less than exogenous capacity' halt cannot fire. [MW] unit tag is the calc-proven canon form (S11.2e Max(Exogenous Capacity[MW], 1874.0)).",USER_RULING_R6,blend_capacity,Low,Regional Aspiration Scenario
Laos,Transformation\Gasoline Blending\Processes\Ethanol,Maximum Capacity,"Max(Exogenous Capacity[MW], 100000)",Megawatt,Bioethanol,USER RULING R6 + R7 house idiom,"Was 'Unlimited' (canon ALL (12 regions), RAS). UPPER bound. R7 pattern, reference FIRST / numeric LAST (S11.2e). The Max() guarantees the cap can never fall below the Exogenous Capacity floor authored in 6a (100000 MW), so LEAP's 'Maximum capacity constraint is less than exogenous capacity' halt cannot fire. [MW] unit tag is the calc-proven canon form (S11.2e Max(Exogenous Capacity[MW], 1874.0)).",USER_RULING_R6,blend_capacity,Low,Regional Aspiration Scenario
Malaysia,Transformation\Gasoline Blending\Processes\Ethanol,Maximum Capacity,"Max(Exogenous Capacity[MW], 100000)",Megawatt,Bioethanol,USER RULING R6 + R7 house idiom,"Was 'Unlimited' (canon ALL (12 regions), RAS). UPPER bound. R7 pattern, reference FIRST / numeric LAST (S11.2e). The Max() guarantees the cap can never fall below the Exogenous Capacity floor authored in 6a (100000 MW), so LEAP's 'Maximum capacity constraint is less than exogenous capacity' halt cannot fire. [MW] unit tag is the calc-proven canon form (S11.2e Max(Exogenous Capacity[MW], 1874.0)).",USER_RULING_R6,blend_capacity,Low,Regional Aspiration Scenario
Myanmar,Transformation\Gasoline Blending\Processes\Ethanol,Maximum Capacity,"Max(Exogenous Capacity[MW], 100000)",Megawatt,Bioethanol,USER RULING R6 + R7 house idiom,"Was 'Unlimited' (canon ALL (12 regions), RAS). UPPER bound. R7 pattern, reference FIRST / numeric LAST (S11.2e). The Max() guarantees the cap can never fall below the Exogenous Capacity floor authored in 6a (100000 MW), so LEAP's 'Maximum capacity constraint is less than exogenous capacity' halt cannot fire. [MW] unit tag is the calc-proven canon form (S11.2e Max(Exogenous Capacity[MW], 1874.0)).",USER_RULING_R6,blend_capacity,Low,Regional Aspiration Scenario
Philippines,Transformation\Gasoline Blending\Processes\Ethanol,Maximum Capacity,"Max(Exogenous Capacity[MW], 100000)",Megawatt,Bioethanol,USER RULING R6 + R7 house idiom,"Was 'Unlimited' (canon ALL (12 regions), RAS). UPPER bound. R7 pattern, reference FIRST / numeric LAST (S11.2e). The Max() guarantees the cap can never fall below the Exogenous Capacity floor authored in 6a (100000 MW), so LEAP's 'Maximum capacity constraint is less than exogenous capacity' halt cannot fire. [MW] unit tag is the calc-proven canon form (S11.2e Max(Exogenous Capacity[MW], 1874.0)).",USER_RULING_R6,blend_capacity,Low,Regional Aspiration Scenario
Singapore,Transformation\Gasoline Blending\Processes\Ethanol,Maximum Capacity,"Max(Exogenous Capacity[MW], 100000)",Megawatt,Bioethanol,USER RULING R6 + R7 house idiom,"Was 'Unlimited' (canon ALL (12 regions), RAS). UPPER bound. R7 pattern, reference FIRST / numeric LAST (S11.2e). The Max() guarantees the cap can never fall below the Exogenous Capacity floor authored in 6a (100000 MW), so LEAP's 'Maximum capacity constraint is less than exogenous capacity' halt cannot fire. [MW] unit tag is the calc-proven canon form (S11.2e Max(Exogenous Capacity[MW], 1874.0)).",USER_RULING_R6,blend_capacity,Low,Regional Aspiration Scenario
Thailand,Transformation\Gasoline Blending\Processes\Ethanol,Maximum Capacity,"Max(Exogenous Capacity[MW], 100000)",Megawatt,Bioethanol,USER RULING R6 + R7 house idiom,"Was 'Unlimited' (canon ALL (12 regions), RAS). UPPER bound. R7 pattern, reference FIRST / numeric LAST (S11.2e). The Max() guarantees the cap can never fall below the Exogenous Capacity floor authored in 6a (100000 MW), so LEAP's 'Maximum capacity constraint is less than exogenous capacity' halt cannot fire. [MW] unit tag is the calc-proven canon form (S11.2e Max(Exogenous Capacity[MW], 1874.0)).",USER_RULING_R6,blend_capacity,Low,Regional Aspiration Scenario
Vietnam,Transformation\Gasoline Blending\Processes\Ethanol,Maximum Capacity,"Max(Exogenous Capacity[MW], 100000)",Megawatt,Bioethanol,USER RULING R6 + R7 house idiom,"Was 'Unlimited' (canon ALL (12 regions), RAS). UPPER bound. R7 pattern, reference FIRST / numeric LAST (S11.2e). The Max() guarantees the cap can never fall below the Exogenous Capacity floor authored in 6a (100000 MW), so LEAP's 'Maximum capacity constraint is less than exogenous capacity' halt cannot fire. [MW] unit tag is the calc-proven canon form (S11.2e Max(Exogenous Capacity[MW], 1874.0)).",USER_RULING_R6,blend_capacity,Low,Regional Aspiration Scenario
Brunei,Transformation\Biodiesel Production\Processes\FAME Biodiesel,Maximum Production,10^10,Gigajoule,Biodiesel,USER RULING R6,"Was 'Unlimited' (canon ALL (12 regions), RAS). UPPER bound -> 10^10 GJ = 10,000 PJ: generous (roughly a third of total ASEAN primary energy supply, so non-binding against any plausible national biofuel output) yet 100x below the 1.0e+12 export sentinel that pollutes CPLEX conditioning (CLAUDE.md S A.11 / S11.2d). Capacity is the real bind (Maximum Capacity, groups 4/6b).",USER_RULING_R6,refining_capacity,Low,Regional Aspiration Scenario
Cambodia,Transformation\Biodiesel Production\Processes\FAME Biodiesel,Maximum Production,10^10,Gigajoule,Biodiesel,USER RULING R6,"Was 'Unlimited' (canon ALL (12 regions), RAS). UPPER bound -> 10^10 GJ = 10,000 PJ: generous (roughly a third of total ASEAN primary energy supply, so non-binding against any plausible national biofuel output) yet 100x below the 1.0e+12 export sentinel that pollutes CPLEX conditioning (CLAUDE.md S A.11 / S11.2d). Capacity is the real bind (Maximum Capacity, groups 4/6b).",USER_RULING_R6,refining_capacity,Low,Regional Aspiration Scenario
Indonesia,Transformation\Biodiesel Production\Processes\FAME Biodiesel,Maximum Production,10^10,Gigajoule,Biodiesel,USER RULING R6,"Was 'Unlimited' (canon ALL (12 regions), RAS). UPPER bound -> 10^10 GJ = 10,000 PJ: generous (roughly a third of total ASEAN primary energy supply, so non-binding against any plausible national biofuel output) yet 100x below the 1.0e+12 export sentinel that pollutes CPLEX conditioning (CLAUDE.md S A.11 / S11.2d). Capacity is the real bind (Maximum Capacity, groups 4/6b).",USER_RULING_R6,refining_capacity,Low,Regional Aspiration Scenario
Laos,Transformation\Biodiesel Production\Processes\FAME Biodiesel,Maximum Production,10^10,Gigajoule,Biodiesel,USER RULING R6,"Was 'Unlimited' (canon ALL (12 regions), RAS). UPPER bound -> 10^10 GJ = 10,000 PJ: generous (roughly a third of total ASEAN primary energy supply, so non-binding against any plausible national biofuel output) yet 100x below the 1.0e+12 export sentinel that pollutes CPLEX conditioning (CLAUDE.md S A.11 / S11.2d). Capacity is the real bind (Maximum Capacity, groups 4/6b).",USER_RULING_R6,refining_capacity,Low,Regional Aspiration Scenario
Malaysia,Transformation\Biodiesel Production\Processes\FAME Biodiesel,Maximum Production,10^10,Gigajoule,Biodiesel,USER RULING R6,"Was 'Unlimited' (canon ALL (12 regions), RAS). UPPER bound -> 10^10 GJ = 10,000 PJ: generous (roughly a third of total ASEAN primary energy supply, so non-binding against any plausible national biofuel output) yet 100x below the 1.0e+12 export sentinel that pollutes CPLEX conditioning (CLAUDE.md S A.11 / S11.2d). Capacity is the real bind (Maximum Capacity, groups 4/6b).",USER_RULING_R6,refining_capacity,Low,Regional Aspiration Scenario
Myanmar,Transformation\Biodiesel Production\Processes\FAME Biodiesel,Maximum Production,10^10,Gigajoule,Biodiesel,USER RULING R6,"Was 'Unlimited' (canon ALL (12 regions), RAS). UPPER bound -> 10^10 GJ = 10,000 PJ: generous (roughly a third of total ASEAN primary energy supply, so non-binding against any plausible national biofuel output) yet 100x below the 1.0e+12 export sentinel that pollutes CPLEX conditioning (CLAUDE.md S A.11 / S11.2d). Capacity is the real bind (Maximum Capacity, groups 4/6b).",USER_RULING_R6,refining_capacity,Low,Regional Aspiration Scenario
Philippines,Transformation\Biodiesel Production\Processes\FAME Biodiesel,Maximum Production,10^10,Gigajoule,Biodiesel,USER RULING R6,"Was 'Unlimited' (canon ALL (12 regions), RAS). UPPER bound -> 10^10 GJ = 10,000 PJ: generous (roughly a third of total ASEAN primary energy supply, so non-binding against any plausible national biofuel output) yet 100x below the 1.0e+12 export sentinel that pollutes CPLEX conditioning (CLAUDE.md S A.11 / S11.2d). Capacity is the real bind (Maximum Capacity, groups 4/6b).",USER_RULING_R6,refining_capacity,Low,Regional Aspiration Scenario
Singapore,Transformation\Biodiesel Production\Processes\FAME Biodiesel,Maximum Production,10^10,Gigajoule,Biodiesel,USER RULING R6,"Was 'Unlimited' (canon ALL (12 regions), RAS). UPPER bound -> 10^10 GJ = 10,000 PJ: generous (roughly a third of total ASEAN primary energy supply, so non-binding against any plausible national biofuel output) yet 100x below the 1.0e+12 export sentinel that pollutes CPLEX conditioning (CLAUDE.md S A.11 / S11.2d). Capacity is the real bind (Maximum Capacity, groups 4/6b).",USER_RULING_R6,refining_capacity,Low,Regional Aspiration Scenario
Thailand,Transformation\Biodiesel Production\Processes\FAME Biodiesel,Maximum Production,10^10,Gigajoule,Biodiesel,USER RULING R6,"Was 'Unlimited' (canon ALL (12 regions), RAS). UPPER bound -> 10^10 GJ = 10,000 PJ: generous (roughly a third of total ASEAN primary energy supply, so non-binding against any plausible national biofuel output) yet 100x below the 1.0e+12 export sentinel that pollutes CPLEX conditioning (CLAUDE.md S A.11 / S11.2d). Capacity is the real bind (Maximum Capacity, groups 4/6b).",USER_RULING_R6,refining_capacity,Low,Regional Aspiration Scenario
Vietnam,Transformation\Biodiesel Production\Processes\FAME Biodiesel,Maximum Production,10^10,Gigajoule,Biodiesel,USER RULING R6,"Was 'Unlimited' (canon ALL (12 regions), RAS). UPPER bound -> 10^10 GJ = 10,000 PJ: generous (roughly a third of total ASEAN primary energy supply, so non-binding against any plausible national biofuel output) yet 100x below the 1.0e+12 export sentinel that pollutes CPLEX conditioning (CLAUDE.md S A.11 / S11.2d). Capacity is the real bind (Maximum Capacity, groups 4/6b).",USER_RULING_R6,refining_capacity,Low,Regional Aspiration Scenario
Brunei,Transformation\Biodiesel Production\Processes\CME Biodiesel,Maximum Production,10^10,Gigajoule,Biodiesel,USER RULING R6,"Was 'Unlimited' (canon ALL (12 regions), RAS). UPPER bound -> 10^10 GJ = 10,000 PJ: generous (roughly a third of total ASEAN primary energy supply, so non-binding against any plausible national biofuel output) yet 100x below the 1.0e+12 export sentinel that pollutes CPLEX conditioning (CLAUDE.md S A.11 / S11.2d). Capacity is the real bind (Maximum Capacity, groups 4/6b).",USER_RULING_R6,refining_capacity,Low,Regional Aspiration Scenario
Cambodia,Transformation\Biodiesel Production\Processes\CME Biodiesel,Maximum Production,10^10,Gigajoule,Biodiesel,USER RULING R6,"Was 'Unlimited' (canon ALL (12 regions), RAS). UPPER bound -> 10^10 GJ = 10,000 PJ: generous (roughly a third of total ASEAN primary energy supply, so non-binding against any plausible national biofuel output) yet 100x below the 1.0e+12 export sentinel that pollutes CPLEX conditioning (CLAUDE.md S A.11 / S11.2d). Capacity is the real bind (Maximum Capacity, groups 4/6b).",USER_RULING_R6,refining_capacity,Low,Regional Aspiration Scenario
Indonesia,Transformation\Biodiesel Production\Processes\CME Biodiesel,Maximum Production,10^10,Gigajoule,Biodiesel,USER RULING R6,"Was 'Unlimited' (canon ALL (12 regions), RAS). UPPER bound -> 10^10 GJ = 10,000 PJ: generous (roughly a third of total ASEAN primary energy supply, so non-binding against any plausible national biofuel output) yet 100x below the 1.0e+12 export sentinel that pollutes CPLEX conditioning (CLAUDE.md S A.11 / S11.2d). Capacity is the real bind (Maximum Capacity, groups 4/6b).",USER_RULING_R6,refining_capacity,Low,Regional Aspiration Scenario
Laos,Transformation\Biodiesel Production\Processes\CME Biodiesel,Maximum Production,10^10,Gigajoule,Biodiesel,USER RULING R6,"Was 'Unlimited' (canon ALL (12 regions), RAS). UPPER bound -> 10^10 GJ = 10,000 PJ: generous (roughly a third of total ASEAN primary energy supply, so non-binding against any plausible national biofuel output) yet 100x below the 1.0e+12 export sentinel that pollutes CPLEX conditioning (CLAUDE.md S A.11 / S11.2d). Capacity is the real bind (Maximum Capacity, groups 4/6b).",USER_RULING_R6,refining_capacity,Low,Regional Aspiration Scenario
Malaysia,Transformation\Biodiesel Production\Processes\CME Biodiesel,Maximum Production,10^10,Gigajoule,Biodiesel,USER RULING R6,"Was 'Unlimited' (canon ALL (12 regions), RAS). UPPER bound -> 10^10 GJ = 10,000 PJ: generous (roughly a third of total ASEAN primary energy supply, so non-binding against any plausible national biofuel output) yet 100x below the 1.0e+12 export sentinel that pollutes CPLEX conditioning (CLAUDE.md S A.11 / S11.2d). Capacity is the real bind (Maximum Capacity, groups 4/6b).",USER_RULING_R6,refining_capacity,Low,Regional Aspiration Scenario
Myanmar,Transformation\Biodiesel Production\Processes\CME Biodiesel,Maximum Production,10^10,Gigajoule,Biodiesel,USER RULING R6,"Was 'Unlimited' (canon ALL (12 regions), RAS). UPPER bound -> 10^10 GJ = 10,000 PJ: generous (roughly a third of total ASEAN primary energy supply, so non-binding against any plausible national biofuel output) yet 100x below the 1.0e+12 export sentinel that pollutes CPLEX conditioning (CLAUDE.md S A.11 / S11.2d). Capacity is the real bind (Maximum Capacity, groups 4/6b).",USER_RULING_R6,refining_capacity,Low,Regional Aspiration Scenario
Philippines,Transformation\Biodiesel Production\Processes\CME Biodiesel,Maximum Production,10^10,Gigajoule,Biodiesel,USER RULING R6,"Was 'Unlimited' (canon ALL (12 regions), RAS). UPPER bound -> 10^10 GJ = 10,000 PJ: generous (roughly a third of total ASEAN primary energy supply, so non-binding against any plausible national biofuel output) yet 100x below the 1.0e+12 export sentinel that pollutes CPLEX conditioning (CLAUDE.md S A.11 / S11.2d). Capacity is the real bind (Maximum Capacity, groups 4/6b).",USER_RULING_R6,refining_capacity,Low,Regional Aspiration Scenario
Singapore,Transformation\Biodiesel Production\Processes\CME Biodiesel,Maximum Production,10^10,Gigajoule,Biodiesel,USER RULING R6,"Was 'Unlimited' (canon ALL (12 regions), RAS). UPPER bound -> 10^10 GJ = 10,000 PJ: generous (roughly a third of total ASEAN primary energy supply, so non-binding against any plausible national biofuel output) yet 100x below the 1.0e+12 export sentinel that pollutes CPLEX conditioning (CLAUDE.md S A.11 / S11.2d). Capacity is the real bind (Maximum Capacity, groups 4/6b).",USER_RULING_R6,refining_capacity,Low,Regional Aspiration Scenario
Thailand,Transformation\Biodiesel Production\Processes\CME Biodiesel,Maximum Production,10^10,Gigajoule,Biodiesel,USER RULING R6,"Was 'Unlimited' (canon ALL (12 regions), RAS). UPPER bound -> 10^10 GJ = 10,000 PJ: generous (roughly a third of total ASEAN primary energy supply, so non-binding against any plausible national biofuel output) yet 100x below the 1.0e+12 export sentinel that pollutes CPLEX conditioning (CLAUDE.md S A.11 / S11.2d). Capacity is the real bind (Maximum Capacity, groups 4/6b).",USER_RULING_R6,refining_capacity,Low,Regional Aspiration Scenario
Vietnam,Transformation\Biodiesel Production\Processes\CME Biodiesel,Maximum Production,10^10,Gigajoule,Biodiesel,USER RULING R6,"Was 'Unlimited' (canon ALL (12 regions), RAS). UPPER bound -> 10^10 GJ = 10,000 PJ: generous (roughly a third of total ASEAN primary energy supply, so non-binding against any plausible national biofuel output) yet 100x below the 1.0e+12 export sentinel that pollutes CPLEX conditioning (CLAUDE.md S A.11 / S11.2d). Capacity is the real bind (Maximum Capacity, groups 4/6b).",USER_RULING_R6,refining_capacity,Low,Regional Aspiration Scenario
Brunei,Transformation\Biodiesel Production\Processes\POME Biodiesel,Maximum Production,10^10,Gigajoule,Biodiesel,USER RULING R6,"Was 'Unlimited' (canon ALL (12 regions), RAS). UPPER bound -> 10^10 GJ = 10,000 PJ: generous (roughly a third of total ASEAN primary energy supply, so non-binding against any plausible national biofuel output) yet 100x below the 1.0e+12 export sentinel that pollutes CPLEX conditioning (CLAUDE.md S A.11 / S11.2d). Capacity is the real bind (Maximum Capacity, groups 4/6b).",USER_RULING_R6,refining_capacity,Low,Regional Aspiration Scenario
Cambodia,Transformation\Biodiesel Production\Processes\POME Biodiesel,Maximum Production,10^10,Gigajoule,Biodiesel,USER RULING R6,"Was 'Unlimited' (canon ALL (12 regions), RAS). UPPER bound -> 10^10 GJ = 10,000 PJ: generous (roughly a third of total ASEAN primary energy supply, so non-binding against any plausible national biofuel output) yet 100x below the 1.0e+12 export sentinel that pollutes CPLEX conditioning (CLAUDE.md S A.11 / S11.2d). Capacity is the real bind (Maximum Capacity, groups 4/6b).",USER_RULING_R6,refining_capacity,Low,Regional Aspiration Scenario
Indonesia,Transformation\Biodiesel Production\Processes\POME Biodiesel,Maximum Production,10^10,Gigajoule,Biodiesel,USER RULING R6,"Was 'Unlimited' (canon ALL (12 regions), RAS). UPPER bound -> 10^10 GJ = 10,000 PJ: generous (roughly a third of total ASEAN primary energy supply, so non-binding against any plausible national biofuel output) yet 100x below the 1.0e+12 export sentinel that pollutes CPLEX conditioning (CLAUDE.md S A.11 / S11.2d). Capacity is the real bind (Maximum Capacity, groups 4/6b).",USER_RULING_R6,refining_capacity,Low,Regional Aspiration Scenario
Laos,Transformation\Biodiesel Production\Processes\POME Biodiesel,Maximum Production,10^10,Gigajoule,Biodiesel,USER RULING R6,"Was 'Unlimited' (canon ALL (12 regions), RAS). UPPER bound -> 10^10 GJ = 10,000 PJ: generous (roughly a third of total ASEAN primary energy supply, so non-binding against any plausible national biofuel output) yet 100x below the 1.0e+12 export sentinel that pollutes CPLEX conditioning (CLAUDE.md S A.11 / S11.2d). Capacity is the real bind (Maximum Capacity, groups 4/6b).",USER_RULING_R6,refining_capacity,Low,Regional Aspiration Scenario
Malaysia,Transformation\Biodiesel Production\Processes\POME Biodiesel,Maximum Production,10^10,Gigajoule,Biodiesel,USER RULING R6,"Was 'Unlimited' (canon ALL (12 regions), RAS). UPPER bound -> 10^10 GJ = 10,000 PJ: generous (roughly a third of total ASEAN primary energy supply, so non-binding against any plausible national biofuel output) yet 100x below the 1.0e+12 export sentinel that pollutes CPLEX conditioning (CLAUDE.md S A.11 / S11.2d). Capacity is the real bind (Maximum Capacity, groups 4/6b).",USER_RULING_R6,refining_capacity,Low,Regional Aspiration Scenario
Myanmar,Transformation\Biodiesel Production\Processes\POME Biodiesel,Maximum Production,10^10,Gigajoule,Biodiesel,USER RULING R6,"Was 'Unlimited' (canon ALL (12 regions), RAS). UPPER bound -> 10^10 GJ = 10,000 PJ: generous (roughly a third of total ASEAN primary energy supply, so non-binding against any plausible national biofuel output) yet 100x below the 1.0e+12 export sentinel that pollutes CPLEX conditioning (CLAUDE.md S A.11 / S11.2d). Capacity is the real bind (Maximum Capacity, groups 4/6b).",USER_RULING_R6,refining_capacity,Low,Regional Aspiration Scenario
Philippines,Transformation\Biodiesel Production\Processes\POME Biodiesel,Maximum Production,10^10,Gigajoule,Biodiesel,USER RULING R6,"Was 'Unlimited' (canon ALL (12 regions), RAS). UPPER bound -> 10^10 GJ = 10,000 PJ: generous (roughly a third of total ASEAN primary energy supply, so non-binding against any plausible national biofuel output) yet 100x below the 1.0e+12 export sentinel that pollutes CPLEX conditioning (CLAUDE.md S A.11 / S11.2d). Capacity is the real bind (Maximum Capacity, groups 4/6b).",USER_RULING_R6,refining_capacity,Low,Regional Aspiration Scenario
Singapore,Transformation\Biodiesel Production\Processes\POME Biodiesel,Maximum Production,10^10,Gigajoule,Biodiesel,USER RULING R6,"Was 'Unlimited' (canon ALL (12 regions), RAS). UPPER bound -> 10^10 GJ = 10,000 PJ: generous (roughly a third of total ASEAN primary energy supply, so non-binding against any plausible national biofuel output) yet 100x below the 1.0e+12 export sentinel that pollutes CPLEX conditioning (CLAUDE.md S A.11 / S11.2d). Capacity is the real bind (Maximum Capacity, groups 4/6b).",USER_RULING_R6,refining_capacity,Low,Regional Aspiration Scenario
Thailand,Transformation\Biodiesel Production\Processes\POME Biodiesel,Maximum Production,10^10,Gigajoule,Biodiesel,USER RULING R6,"Was 'Unlimited' (canon ALL (12 regions), RAS). UPPER bound -> 10^10 GJ = 10,000 PJ: generous (roughly a third of total ASEAN primary energy supply, so non-binding against any plausible national biofuel output) yet 100x below the 1.0e+12 export sentinel that pollutes CPLEX conditioning (CLAUDE.md S A.11 / S11.2d). Capacity is the real bind (Maximum Capacity, groups 4/6b).",USER_RULING_R6,refining_capacity,Low,Regional Aspiration Scenario
Vietnam,Transformation\Biodiesel Production\Processes\POME Biodiesel,Maximum Production,10^10,Gigajoule,Biodiesel,USER RULING R6,"Was 'Unlimited' (canon ALL (12 regions), RAS). UPPER bound -> 10^10 GJ = 10,000 PJ: generous (roughly a third of total ASEAN primary energy supply, so non-binding against any plausible national biofuel output) yet 100x below the 1.0e+12 export sentinel that pollutes CPLEX conditioning (CLAUDE.md S A.11 / S11.2d). Capacity is the real bind (Maximum Capacity, groups 4/6b).",USER_RULING_R6,refining_capacity,Low,Regional Aspiration Scenario
Brunei,Transformation\Diesel Blending\Processes\Biodiesel,Maximum Production,10^10,Gigajoule,Biodiesel,USER RULING R6,"Was 'Unlimited' (canon ALL (12 regions), RAS). UPPER bound -> 10^10 GJ = 10,000 PJ: generous (roughly a third of total ASEAN primary energy supply, so non-binding against any plausible national biofuel output) yet 100x below the 1.0e+12 export sentinel that pollutes CPLEX conditioning (CLAUDE.md S A.11 / S11.2d). Capacity is the real bind (Maximum Capacity, groups 4/6b).",USER_RULING_R6,refining_capacity,Low,Regional Aspiration Scenario
Cambodia,Transformation\Diesel Blending\Processes\Biodiesel,Maximum Production,10^10,Gigajoule,Biodiesel,USER RULING R6,"Was 'Unlimited' (canon ALL (12 regions), RAS). UPPER bound -> 10^10 GJ = 10,000 PJ: generous (roughly a third of total ASEAN primary energy supply, so non-binding against any plausible national biofuel output) yet 100x below the 1.0e+12 export sentinel that pollutes CPLEX conditioning (CLAUDE.md S A.11 / S11.2d). Capacity is the real bind (Maximum Capacity, groups 4/6b).",USER_RULING_R6,refining_capacity,Low,Regional Aspiration Scenario
Indonesia,Transformation\Diesel Blending\Processes\Biodiesel,Maximum Production,10^10,Gigajoule,Biodiesel,USER RULING R6,"Was 'Unlimited' (canon ALL (12 regions), RAS). UPPER bound -> 10^10 GJ = 10,000 PJ: generous (roughly a third of total ASEAN primary energy supply, so non-binding against any plausible national biofuel output) yet 100x below the 1.0e+12 export sentinel that pollutes CPLEX conditioning (CLAUDE.md S A.11 / S11.2d). Capacity is the real bind (Maximum Capacity, groups 4/6b).",USER_RULING_R6,refining_capacity,Low,Regional Aspiration Scenario
Laos,Transformation\Diesel Blending\Processes\Biodiesel,Maximum Production,10^10,Gigajoule,Biodiesel,USER RULING R6,"Was 'Unlimited' (canon ALL (12 regions), RAS). UPPER bound -> 10^10 GJ = 10,000 PJ: generous (roughly a third of total ASEAN primary energy supply, so non-binding against any plausible national biofuel output) yet 100x below the 1.0e+12 export sentinel that pollutes CPLEX conditioning (CLAUDE.md S A.11 / S11.2d). Capacity is the real bind (Maximum Capacity, groups 4/6b).",USER_RULING_R6,refining_capacity,Low,Regional Aspiration Scenario
Malaysia,Transformation\Diesel Blending\Processes\Biodiesel,Maximum Production,10^10,Gigajoule,Biodiesel,USER RULING R6,"Was 'Unlimited' (canon ALL (12 regions), RAS). UPPER bound -> 10^10 GJ = 10,000 PJ: generous (roughly a third of total ASEAN primary energy supply, so non-binding against any plausible national biofuel output) yet 100x below the 1.0e+12 export sentinel that pollutes CPLEX conditioning (CLAUDE.md S A.11 / S11.2d). Capacity is the real bind (Maximum Capacity, groups 4/6b).",USER_RULING_R6,refining_capacity,Low,Regional Aspiration Scenario
Myanmar,Transformation\Diesel Blending\Processes\Biodiesel,Maximum Production,10^10,Gigajoule,Biodiesel,USER RULING R6,"Was 'Unlimited' (canon ALL (12 regions), RAS). UPPER bound -> 10^10 GJ = 10,000 PJ: generous (roughly a third of total ASEAN primary energy supply, so non-binding against any plausible national biofuel output) yet 100x below the 1.0e+12 export sentinel that pollutes CPLEX conditioning (CLAUDE.md S A.11 / S11.2d). Capacity is the real bind (Maximum Capacity, groups 4/6b).",USER_RULING_R6,refining_capacity,Low,Regional Aspiration Scenario
Philippines,Transformation\Diesel Blending\Processes\Biodiesel,Maximum Production,10^10,Gigajoule,Biodiesel,USER RULING R6,"Was 'Unlimited' (canon ALL (12 regions), RAS). UPPER bound -> 10^10 GJ = 10,000 PJ: generous (roughly a third of total ASEAN primary energy supply, so non-binding against any plausible national biofuel output) yet 100x below the 1.0e+12 export sentinel that pollutes CPLEX conditioning (CLAUDE.md S A.11 / S11.2d). Capacity is the real bind (Maximum Capacity, groups 4/6b).",USER_RULING_R6,refining_capacity,Low,Regional Aspiration Scenario
Singapore,Transformation\Diesel Blending\Processes\Biodiesel,Maximum Production,10^10,Gigajoule,Biodiesel,USER RULING R6,"Was 'Unlimited' (canon ALL (12 regions), RAS). UPPER bound -> 10^10 GJ = 10,000 PJ: generous (roughly a third of total ASEAN primary energy supply, so non-binding against any plausible national biofuel output) yet 100x below the 1.0e+12 export sentinel that pollutes CPLEX conditioning (CLAUDE.md S A.11 / S11.2d). Capacity is the real bind (Maximum Capacity, groups 4/6b).",USER_RULING_R6,refining_capacity,Low,Regional Aspiration Scenario
Thailand,Transformation\Diesel Blending\Processes\Biodiesel,Maximum Production,10^10,Gigajoule,Biodiesel,USER RULING R6,"Was 'Unlimited' (canon ALL (12 regions), RAS). UPPER bound -> 10^10 GJ = 10,000 PJ: generous (roughly a third of total ASEAN primary energy supply, so non-binding against any plausible national biofuel output) yet 100x below the 1.0e+12 export sentinel that pollutes CPLEX conditioning (CLAUDE.md S A.11 / S11.2d). Capacity is the real bind (Maximum Capacity, groups 4/6b).",USER_RULING_R6,refining_capacity,Low,Regional Aspiration Scenario
Vietnam,Transformation\Diesel Blending\Processes\Biodiesel,Maximum Production,10^10,Gigajoule,Biodiesel,USER RULING R6,"Was 'Unlimited' (canon ALL (12 regions), RAS). UPPER bound -> 10^10 GJ = 10,000 PJ: generous (roughly a third of total ASEAN primary energy supply, so non-binding against any plausible national biofuel output) yet 100x below the 1.0e+12 export sentinel that pollutes CPLEX conditioning (CLAUDE.md S A.11 / S11.2d). Capacity is the real bind (Maximum Capacity, groups 4/6b).",USER_RULING_R6,refining_capacity,Low,Regional Aspiration Scenario
Brunei,Transformation\Bioethanol Production\Processes\Cassava,Maximum Production,10^10,Gigajoule,Bioethanol,USER RULING R6,"Was 'Unlimited' (canon ALL (12 regions), RAS). UPPER bound -> 10^10 GJ = 10,000 PJ: generous (roughly a third of total ASEAN primary energy supply, so non-binding against any plausible national biofuel output) yet 100x below the 1.0e+12 export sentinel that pollutes CPLEX conditioning (CLAUDE.md S A.11 / S11.2d). Capacity is the real bind (Maximum Capacity, groups 4/6b).",USER_RULING_R6,refining_capacity,Low,Regional Aspiration Scenario
Cambodia,Transformation\Bioethanol Production\Processes\Cassava,Maximum Production,10^10,Gigajoule,Bioethanol,USER RULING R6,"Was 'Unlimited' (canon ALL (12 regions), RAS). UPPER bound -> 10^10 GJ = 10,000 PJ: generous (roughly a third of total ASEAN primary energy supply, so non-binding against any plausible national biofuel output) yet 100x below the 1.0e+12 export sentinel that pollutes CPLEX conditioning (CLAUDE.md S A.11 / S11.2d). Capacity is the real bind (Maximum Capacity, groups 4/6b).",USER_RULING_R6,refining_capacity,Low,Regional Aspiration Scenario
Indonesia,Transformation\Bioethanol Production\Processes\Cassava,Maximum Production,10^10,Gigajoule,Bioethanol,USER RULING R6,"Was 'Unlimited' (canon ALL (12 regions), RAS). UPPER bound -> 10^10 GJ = 10,000 PJ: generous (roughly a third of total ASEAN primary energy supply, so non-binding against any plausible national biofuel output) yet 100x below the 1.0e+12 export sentinel that pollutes CPLEX conditioning (CLAUDE.md S A.11 / S11.2d). Capacity is the real bind (Maximum Capacity, groups 4/6b).",USER_RULING_R6,refining_capacity,Low,Regional Aspiration Scenario
Laos,Transformation\Bioethanol Production\Processes\Cassava,Maximum Production,10^10,Gigajoule,Bioethanol,USER RULING R6,"Was 'Unlimited' (canon ALL (12 regions), RAS). UPPER bound -> 10^10 GJ = 10,000 PJ: generous (roughly a third of total ASEAN primary energy supply, so non-binding against any plausible national biofuel output) yet 100x below the 1.0e+12 export sentinel that pollutes CPLEX conditioning (CLAUDE.md S A.11 / S11.2d). Capacity is the real bind (Maximum Capacity, groups 4/6b).",USER_RULING_R6,refining_capacity,Low,Regional Aspiration Scenario
Malaysia,Transformation\Bioethanol Production\Processes\Cassava,Maximum Production,10^10,Gigajoule,Bioethanol,USER RULING R6,"Was 'Unlimited' (canon ALL (12 regions), RAS). UPPER bound -> 10^10 GJ = 10,000 PJ: generous (roughly a third of total ASEAN primary energy supply, so non-binding against any plausible national biofuel output) yet 100x below the 1.0e+12 export sentinel that pollutes CPLEX conditioning (CLAUDE.md S A.11 / S11.2d). Capacity is the real bind (Maximum Capacity, groups 4/6b).",USER_RULING_R6,refining_capacity,Low,Regional Aspiration Scenario
Myanmar,Transformation\Bioethanol Production\Processes\Cassava,Maximum Production,10^10,Gigajoule,Bioethanol,USER RULING R6,"Was 'Unlimited' (canon ALL (12 regions), RAS). UPPER bound -> 10^10 GJ = 10,000 PJ: generous (roughly a third of total ASEAN primary energy supply, so non-binding against any plausible national biofuel output) yet 100x below the 1.0e+12 export sentinel that pollutes CPLEX conditioning (CLAUDE.md S A.11 / S11.2d). Capacity is the real bind (Maximum Capacity, groups 4/6b).",USER_RULING_R6,refining_capacity,Low,Regional Aspiration Scenario
Philippines,Transformation\Bioethanol Production\Processes\Cassava,Maximum Production,10^10,Gigajoule,Bioethanol,USER RULING R6,"Was 'Unlimited' (canon ALL (12 regions), RAS). UPPER bound -> 10^10 GJ = 10,000 PJ: generous (roughly a third of total ASEAN primary energy supply, so non-binding against any plausible national biofuel output) yet 100x below the 1.0e+12 export sentinel that pollutes CPLEX conditioning (CLAUDE.md S A.11 / S11.2d). Capacity is the real bind (Maximum Capacity, groups 4/6b).",USER_RULING_R6,refining_capacity,Low,Regional Aspiration Scenario
Singapore,Transformation\Bioethanol Production\Processes\Cassava,Maximum Production,10^10,Gigajoule,Bioethanol,USER RULING R6,"Was 'Unlimited' (canon ALL (12 regions), RAS). UPPER bound -> 10^10 GJ = 10,000 PJ: generous (roughly a third of total ASEAN primary energy supply, so non-binding against any plausible national biofuel output) yet 100x below the 1.0e+12 export sentinel that pollutes CPLEX conditioning (CLAUDE.md S A.11 / S11.2d). Capacity is the real bind (Maximum Capacity, groups 4/6b).",USER_RULING_R6,refining_capacity,Low,Regional Aspiration Scenario
Thailand,Transformation\Bioethanol Production\Processes\Cassava,Maximum Production,10^10,Gigajoule,Bioethanol,USER RULING R6,"Was 'Unlimited' (canon ALL (12 regions), RAS). UPPER bound -> 10^10 GJ = 10,000 PJ: generous (roughly a third of total ASEAN primary energy supply, so non-binding against any plausible national biofuel output) yet 100x below the 1.0e+12 export sentinel that pollutes CPLEX conditioning (CLAUDE.md S A.11 / S11.2d). Capacity is the real bind (Maximum Capacity, groups 4/6b).",USER_RULING_R6,refining_capacity,Low,Regional Aspiration Scenario
Vietnam,Transformation\Bioethanol Production\Processes\Cassava,Maximum Production,10^10,Gigajoule,Bioethanol,USER RULING R6,"Was 'Unlimited' (canon ALL (12 regions), RAS). UPPER bound -> 10^10 GJ = 10,000 PJ: generous (roughly a third of total ASEAN primary energy supply, so non-binding against any plausible national biofuel output) yet 100x below the 1.0e+12 export sentinel that pollutes CPLEX conditioning (CLAUDE.md S A.11 / S11.2d). Capacity is the real bind (Maximum Capacity, groups 4/6b).",USER_RULING_R6,refining_capacity,Low,Regional Aspiration Scenario
Brunei,Transformation\Bioethanol Production\Processes\Corn Ethanol,Maximum Production,10^10,Gigajoule,Bioethanol,USER RULING R6,"Was 'Unlimited' (canon ALL (12 regions), RAS). UPPER bound -> 10^10 GJ = 10,000 PJ: generous (roughly a third of total ASEAN primary energy supply, so non-binding against any plausible national biofuel output) yet 100x below the 1.0e+12 export sentinel that pollutes CPLEX conditioning (CLAUDE.md S A.11 / S11.2d). Capacity is the real bind (Maximum Capacity, groups 4/6b).",USER_RULING_R6,refining_capacity,Low,Regional Aspiration Scenario
Cambodia,Transformation\Bioethanol Production\Processes\Corn Ethanol,Maximum Production,10^10,Gigajoule,Bioethanol,USER RULING R6,"Was 'Unlimited' (canon ALL (12 regions), RAS). UPPER bound -> 10^10 GJ = 10,000 PJ: generous (roughly a third of total ASEAN primary energy supply, so non-binding against any plausible national biofuel output) yet 100x below the 1.0e+12 export sentinel that pollutes CPLEX conditioning (CLAUDE.md S A.11 / S11.2d). Capacity is the real bind (Maximum Capacity, groups 4/6b).",USER_RULING_R6,refining_capacity,Low,Regional Aspiration Scenario
Indonesia,Transformation\Bioethanol Production\Processes\Corn Ethanol,Maximum Production,10^10,Gigajoule,Bioethanol,USER RULING R6,"Was 'Unlimited' (canon ALL (12 regions), RAS). UPPER bound -> 10^10 GJ = 10,000 PJ: generous (roughly a third of total ASEAN primary energy supply, so non-binding against any plausible national biofuel output) yet 100x below the 1.0e+12 export sentinel that pollutes CPLEX conditioning (CLAUDE.md S A.11 / S11.2d). Capacity is the real bind (Maximum Capacity, groups 4/6b).",USER_RULING_R6,refining_capacity,Low,Regional Aspiration Scenario
Laos,Transformation\Bioethanol Production\Processes\Corn Ethanol,Maximum Production,10^10,Gigajoule,Bioethanol,USER RULING R6,"Was 'Unlimited' (canon ALL (12 regions), RAS). UPPER bound -> 10^10 GJ = 10,000 PJ: generous (roughly a third of total ASEAN primary energy supply, so non-binding against any plausible national biofuel output) yet 100x below the 1.0e+12 export sentinel that pollutes CPLEX conditioning (CLAUDE.md S A.11 / S11.2d). Capacity is the real bind (Maximum Capacity, groups 4/6b).",USER_RULING_R6,refining_capacity,Low,Regional Aspiration Scenario
Malaysia,Transformation\Bioethanol Production\Processes\Corn Ethanol,Maximum Production,10^10,Gigajoule,Bioethanol,USER RULING R6,"Was 'Unlimited' (canon ALL (12 regions), RAS). UPPER bound -> 10^10 GJ = 10,000 PJ: generous (roughly a third of total ASEAN primary energy supply, so non-binding against any plausible national biofuel output) yet 100x below the 1.0e+12 export sentinel that pollutes CPLEX conditioning (CLAUDE.md S A.11 / S11.2d). Capacity is the real bind (Maximum Capacity, groups 4/6b).",USER_RULING_R6,refining_capacity,Low,Regional Aspiration Scenario
Myanmar,Transformation\Bioethanol Production\Processes\Corn Ethanol,Maximum Production,10^10,Gigajoule,Bioethanol,USER RULING R6,"Was 'Unlimited' (canon ALL (12 regions), RAS). UPPER bound -> 10^10 GJ = 10,000 PJ: generous (roughly a third of total ASEAN primary energy supply, so non-binding against any plausible national biofuel output) yet 100x below the 1.0e+12 export sentinel that pollutes CPLEX conditioning (CLAUDE.md S A.11 / S11.2d). Capacity is the real bind (Maximum Capacity, groups 4/6b).",USER_RULING_R6,refining_capacity,Low,Regional Aspiration Scenario
Philippines,Transformation\Bioethanol Production\Processes\Corn Ethanol,Maximum Production,10^10,Gigajoule,Bioethanol,USER RULING R6,"Was 'Unlimited' (canon ALL (12 regions), RAS). UPPER bound -> 10^10 GJ = 10,000 PJ: generous (roughly a third of total ASEAN primary energy supply, so non-binding against any plausible national biofuel output) yet 100x below the 1.0e+12 export sentinel that pollutes CPLEX conditioning (CLAUDE.md S A.11 / S11.2d). Capacity is the real bind (Maximum Capacity, groups 4/6b).",USER_RULING_R6,refining_capacity,Low,Regional Aspiration Scenario
Singapore,Transformation\Bioethanol Production\Processes\Corn Ethanol,Maximum Production,10^10,Gigajoule,Bioethanol,USER RULING R6,"Was 'Unlimited' (canon ALL (12 regions), RAS). UPPER bound -> 10^10 GJ = 10,000 PJ: generous (roughly a third of total ASEAN primary energy supply, so non-binding against any plausible national biofuel output) yet 100x below the 1.0e+12 export sentinel that pollutes CPLEX conditioning (CLAUDE.md S A.11 / S11.2d). Capacity is the real bind (Maximum Capacity, groups 4/6b).",USER_RULING_R6,refining_capacity,Low,Regional Aspiration Scenario
Thailand,Transformation\Bioethanol Production\Processes\Corn Ethanol,Maximum Production,10^10,Gigajoule,Bioethanol,USER RULING R6,"Was 'Unlimited' (canon ALL (12 regions), RAS). UPPER bound -> 10^10 GJ = 10,000 PJ: generous (roughly a third of total ASEAN primary energy supply, so non-binding against any plausible national biofuel output) yet 100x below the 1.0e+12 export sentinel that pollutes CPLEX conditioning (CLAUDE.md S A.11 / S11.2d). Capacity is the real bind (Maximum Capacity, groups 4/6b).",USER_RULING_R6,refining_capacity,Low,Regional Aspiration Scenario
Vietnam,Transformation\Bioethanol Production\Processes\Corn Ethanol,Maximum Production,10^10,Gigajoule,Bioethanol,USER RULING R6,"Was 'Unlimited' (canon ALL (12 regions), RAS). UPPER bound -> 10^10 GJ = 10,000 PJ: generous (roughly a third of total ASEAN primary energy supply, so non-binding against any plausible national biofuel output) yet 100x below the 1.0e+12 export sentinel that pollutes CPLEX conditioning (CLAUDE.md S A.11 / S11.2d). Capacity is the real bind (Maximum Capacity, groups 4/6b).",USER_RULING_R6,refining_capacity,Low,Regional Aspiration Scenario
Brunei,Transformation\Bioethanol Production\Processes\Molasses,Maximum Production,10^10,Gigajoule,Bioethanol,USER RULING R6,"Was 'Unlimited' (canon ALL (12 regions), RAS). UPPER bound -> 10^10 GJ = 10,000 PJ: generous (roughly a third of total ASEAN primary energy supply, so non-binding against any plausible national biofuel output) yet 100x below the 1.0e+12 export sentinel that pollutes CPLEX conditioning (CLAUDE.md S A.11 / S11.2d). Capacity is the real bind (Maximum Capacity, groups 4/6b).",USER_RULING_R6,refining_capacity,Low,Regional Aspiration Scenario
Cambodia,Transformation\Bioethanol Production\Processes\Molasses,Maximum Production,10^10,Gigajoule,Bioethanol,USER RULING R6,"Was 'Unlimited' (canon ALL (12 regions), RAS). UPPER bound -> 10^10 GJ = 10,000 PJ: generous (roughly a third of total ASEAN primary energy supply, so non-binding against any plausible national biofuel output) yet 100x below the 1.0e+12 export sentinel that pollutes CPLEX conditioning (CLAUDE.md S A.11 / S11.2d). Capacity is the real bind (Maximum Capacity, groups 4/6b).",USER_RULING_R6,refining_capacity,Low,Regional Aspiration Scenario
Indonesia,Transformation\Bioethanol Production\Processes\Molasses,Maximum Production,10^10,Gigajoule,Bioethanol,USER RULING R6,"Was 'Unlimited' (canon ALL (12 regions), RAS). UPPER bound -> 10^10 GJ = 10,000 PJ: generous (roughly a third of total ASEAN primary energy supply, so non-binding against any plausible national biofuel output) yet 100x below the 1.0e+12 export sentinel that pollutes CPLEX conditioning (CLAUDE.md S A.11 / S11.2d). Capacity is the real bind (Maximum Capacity, groups 4/6b).",USER_RULING_R6,refining_capacity,Low,Regional Aspiration Scenario
Laos,Transformation\Bioethanol Production\Processes\Molasses,Maximum Production,10^10,Gigajoule,Bioethanol,USER RULING R6,"Was 'Unlimited' (canon ALL (12 regions), RAS). UPPER bound -> 10^10 GJ = 10,000 PJ: generous (roughly a third of total ASEAN primary energy supply, so non-binding against any plausible national biofuel output) yet 100x below the 1.0e+12 export sentinel that pollutes CPLEX conditioning (CLAUDE.md S A.11 / S11.2d). Capacity is the real bind (Maximum Capacity, groups 4/6b).",USER_RULING_R6,refining_capacity,Low,Regional Aspiration Scenario
Malaysia,Transformation\Bioethanol Production\Processes\Molasses,Maximum Production,10^10,Gigajoule,Bioethanol,USER RULING R6,"Was 'Unlimited' (canon ALL (12 regions), RAS). UPPER bound -> 10^10 GJ = 10,000 PJ: generous (roughly a third of total ASEAN primary energy supply, so non-binding against any plausible national biofuel output) yet 100x below the 1.0e+12 export sentinel that pollutes CPLEX conditioning (CLAUDE.md S A.11 / S11.2d). Capacity is the real bind (Maximum Capacity, groups 4/6b).",USER_RULING_R6,refining_capacity,Low,Regional Aspiration Scenario
Myanmar,Transformation\Bioethanol Production\Processes\Molasses,Maximum Production,10^10,Gigajoule,Bioethanol,USER RULING R6,"Was 'Unlimited' (canon ALL (12 regions), RAS). UPPER bound -> 10^10 GJ = 10,000 PJ: generous (roughly a third of total ASEAN primary energy supply, so non-binding against any plausible national biofuel output) yet 100x below the 1.0e+12 export sentinel that pollutes CPLEX conditioning (CLAUDE.md S A.11 / S11.2d). Capacity is the real bind (Maximum Capacity, groups 4/6b).",USER_RULING_R6,refining_capacity,Low,Regional Aspiration Scenario
Philippines,Transformation\Bioethanol Production\Processes\Molasses,Maximum Production,10^10,Gigajoule,Bioethanol,USER RULING R6,"Was 'Unlimited' (canon ALL (12 regions), RAS). UPPER bound -> 10^10 GJ = 10,000 PJ: generous (roughly a third of total ASEAN primary energy supply, so non-binding against any plausible national biofuel output) yet 100x below the 1.0e+12 export sentinel that pollutes CPLEX conditioning (CLAUDE.md S A.11 / S11.2d). Capacity is the real bind (Maximum Capacity, groups 4/6b).",USER_RULING_R6,refining_capacity,Low,Regional Aspiration Scenario
Singapore,Transformation\Bioethanol Production\Processes\Molasses,Maximum Production,10^10,Gigajoule,Bioethanol,USER RULING R6,"Was 'Unlimited' (canon ALL (12 regions), RAS). UPPER bound -> 10^10 GJ = 10,000 PJ: generous (roughly a third of total ASEAN primary energy supply, so non-binding against any plausible national biofuel output) yet 100x below the 1.0e+12 export sentinel that pollutes CPLEX conditioning (CLAUDE.md S A.11 / S11.2d). Capacity is the real bind (Maximum Capacity, groups 4/6b).",USER_RULING_R6,refining_capacity,Low,Regional Aspiration Scenario
Thailand,Transformation\Bioethanol Production\Processes\Molasses,Maximum Production,10^10,Gigajoule,Bioethanol,USER RULING R6,"Was 'Unlimited' (canon ALL (12 regions), RAS). UPPER bound -> 10^10 GJ = 10,000 PJ: generous (roughly a third of total ASEAN primary energy supply, so non-binding against any plausible national biofuel output) yet 100x below the 1.0e+12 export sentinel that pollutes CPLEX conditioning (CLAUDE.md S A.11 / S11.2d). Capacity is the real bind (Maximum Capacity, groups 4/6b).",USER_RULING_R6,refining_capacity,Low,Regional Aspiration Scenario
Vietnam,Transformation\Bioethanol Production\Processes\Molasses,Maximum Production,10^10,Gigajoule,Bioethanol,USER RULING R6,"Was 'Unlimited' (canon ALL (12 regions), RAS). UPPER bound -> 10^10 GJ = 10,000 PJ: generous (roughly a third of total ASEAN primary energy supply, so non-binding against any plausible national biofuel output) yet 100x below the 1.0e+12 export sentinel that pollutes CPLEX conditioning (CLAUDE.md S A.11 / S11.2d). Capacity is the real bind (Maximum Capacity, groups 4/6b).",USER_RULING_R6,refining_capacity,Low,Regional Aspiration Scenario
Brunei,Transformation\Bioethanol Production\Processes\Sugarcane,Maximum Production,10^10,Gigajoule,Bioethanol,USER RULING R6,"Was 'Unlimited' (canon ALL (12 regions), RAS). UPPER bound -> 10^10 GJ = 10,000 PJ: generous (roughly a third of total ASEAN primary energy supply, so non-binding against any plausible national biofuel output) yet 100x below the 1.0e+12 export sentinel that pollutes CPLEX conditioning (CLAUDE.md S A.11 / S11.2d). Capacity is the real bind (Maximum Capacity, groups 4/6b).",USER_RULING_R6,refining_capacity,Low,Regional Aspiration Scenario
Cambodia,Transformation\Bioethanol Production\Processes\Sugarcane,Maximum Production,10^10,Gigajoule,Bioethanol,USER RULING R6,"Was 'Unlimited' (canon ALL (12 regions), RAS). UPPER bound -> 10^10 GJ = 10,000 PJ: generous (roughly a third of total ASEAN primary energy supply, so non-binding against any plausible national biofuel output) yet 100x below the 1.0e+12 export sentinel that pollutes CPLEX conditioning (CLAUDE.md S A.11 / S11.2d). Capacity is the real bind (Maximum Capacity, groups 4/6b).",USER_RULING_R6,refining_capacity,Low,Regional Aspiration Scenario
Indonesia,Transformation\Bioethanol Production\Processes\Sugarcane,Maximum Production,10^10,Gigajoule,Bioethanol,USER RULING R6,"Was 'Unlimited' (canon ALL (12 regions), RAS). UPPER bound -> 10^10 GJ = 10,000 PJ: generous (roughly a third of total ASEAN primary energy supply, so non-binding against any plausible national biofuel output) yet 100x below the 1.0e+12 export sentinel that pollutes CPLEX conditioning (CLAUDE.md S A.11 / S11.2d). Capacity is the real bind (Maximum Capacity, groups 4/6b).",USER_RULING_R6,refining_capacity,Low,Regional Aspiration Scenario
Laos,Transformation\Bioethanol Production\Processes\Sugarcane,Maximum Production,10^10,Gigajoule,Bioethanol,USER RULING R6,"Was 'Unlimited' (canon ALL (12 regions), RAS). UPPER bound -> 10^10 GJ = 10,000 PJ: generous (roughly a third of total ASEAN primary energy supply, so non-binding against any plausible national biofuel output) yet 100x below the 1.0e+12 export sentinel that pollutes CPLEX conditioning (CLAUDE.md S A.11 / S11.2d). Capacity is the real bind (Maximum Capacity, groups 4/6b).",USER_RULING_R6,refining_capacity,Low,Regional Aspiration Scenario
Malaysia,Transformation\Bioethanol Production\Processes\Sugarcane,Maximum Production,10^10,Gigajoule,Bioethanol,USER RULING R6,"Was 'Unlimited' (canon ALL (12 regions), RAS). UPPER bound -> 10^10 GJ = 10,000 PJ: generous (roughly a third of total ASEAN primary energy supply, so non-binding against any plausible national biofuel output) yet 100x below the 1.0e+12 export sentinel that pollutes CPLEX conditioning (CLAUDE.md S A.11 / S11.2d). Capacity is the real bind (Maximum Capacity, groups 4/6b).",USER_RULING_R6,refining_capacity,Low,Regional Aspiration Scenario
Myanmar,Transformation\Bioethanol Production\Processes\Sugarcane,Maximum Production,10^10,Gigajoule,Bioethanol,USER RULING R6,"Was 'Unlimited' (canon ALL (12 regions), RAS). UPPER bound -> 10^10 GJ = 10,000 PJ: generous (roughly a third of total ASEAN primary energy supply, so non-binding against any plausible national biofuel output) yet 100x below the 1.0e+12 export sentinel that pollutes CPLEX conditioning (CLAUDE.md S A.11 / S11.2d). Capacity is the real bind (Maximum Capacity, groups 4/6b).",USER_RULING_R6,refining_capacity,Low,Regional Aspiration Scenario
Philippines,Transformation\Bioethanol Production\Processes\Sugarcane,Maximum Production,10^10,Gigajoule,Bioethanol,USER RULING R6,"Was 'Unlimited' (canon ALL (12 regions), RAS). UPPER bound -> 10^10 GJ = 10,000 PJ: generous (roughly a third of total ASEAN primary energy supply, so non-binding against any plausible national biofuel output) yet 100x below the 1.0e+12 export sentinel that pollutes CPLEX conditioning (CLAUDE.md S A.11 / S11.2d). Capacity is the real bind (Maximum Capacity, groups 4/6b).",USER_RULING_R6,refining_capacity,Low,Regional Aspiration Scenario
Singapore,Transformation\Bioethanol Production\Processes\Sugarcane,Maximum Production,10^10,Gigajoule,Bioethanol,USER RULING R6,"Was 'Unlimited' (canon ALL (12 regions), RAS). UPPER bound -> 10^10 GJ = 10,000 PJ: generous (roughly a third of total ASEAN primary energy supply, so non-binding against any plausible national biofuel output) yet 100x below the 1.0e+12 export sentinel that pollutes CPLEX conditioning (CLAUDE.md S A.11 / S11.2d). Capacity is the real bind (Maximum Capacity, groups 4/6b).",USER_RULING_R6,refining_capacity,Low,Regional Aspiration Scenario
Thailand,Transformation\Bioethanol Production\Processes\Sugarcane,Maximum Production,10^10,Gigajoule,Bioethanol,USER RULING R6,"Was 'Unlimited' (canon ALL (12 regions), RAS). UPPER bound -> 10^10 GJ = 10,000 PJ: generous (roughly a third of total ASEAN primary energy supply, so non-binding against any plausible national biofuel output) yet 100x below the 1.0e+12 export sentinel that pollutes CPLEX conditioning (CLAUDE.md S A.11 / S11.2d). Capacity is the real bind (Maximum Capacity, groups 4/6b).",USER_RULING_R6,refining_capacity,Low,Regional Aspiration Scenario
Vietnam,Transformation\Bioethanol Production\Processes\Sugarcane,Maximum Production,10^10,Gigajoule,Bioethanol,USER RULING R6,"Was 'Unlimited' (canon ALL (12 regions), RAS). UPPER bound -> 10^10 GJ = 10,000 PJ: generous (roughly a third of total ASEAN primary energy supply, so non-binding against any plausible national biofuel output) yet 100x below the 1.0e+12 export sentinel that pollutes CPLEX conditioning (CLAUDE.md S A.11 / S11.2d). Capacity is the real bind (Maximum Capacity, groups 4/6b).",USER_RULING_R6,refining_capacity,Low,Regional Aspiration Scenario
Brunei,Transformation\Gasoline Blending\Processes\Ethanol,Maximum Production,10^10,Gigajoule,Bioethanol,USER RULING R6,"Was 'Unlimited' (canon ALL (12 regions), RAS). UPPER bound -> 10^10 GJ = 10,000 PJ: generous (roughly a third of total ASEAN primary energy supply, so non-binding against any plausible national biofuel output) yet 100x below the 1.0e+12 export sentinel that pollutes CPLEX conditioning (CLAUDE.md S A.11 / S11.2d). Capacity is the real bind (Maximum Capacity, groups 4/6b).",USER_RULING_R6,refining_capacity,Low,Regional Aspiration Scenario
Cambodia,Transformation\Gasoline Blending\Processes\Ethanol,Maximum Production,10^10,Gigajoule,Bioethanol,USER RULING R6,"Was 'Unlimited' (canon ALL (12 regions), RAS). UPPER bound -> 10^10 GJ = 10,000 PJ: generous (roughly a third of total ASEAN primary energy supply, so non-binding against any plausible national biofuel output) yet 100x below the 1.0e+12 export sentinel that pollutes CPLEX conditioning (CLAUDE.md S A.11 / S11.2d). Capacity is the real bind (Maximum Capacity, groups 4/6b).",USER_RULING_R6,refining_capacity,Low,Regional Aspiration Scenario
Indonesia,Transformation\Gasoline Blending\Processes\Ethanol,Maximum Production,10^10,Gigajoule,Bioethanol,USER RULING R6,"Was 'Unlimited' (canon ALL (12 regions), RAS). UPPER bound -> 10^10 GJ = 10,000 PJ: generous (roughly a third of total ASEAN primary energy supply, so non-binding against any plausible national biofuel output) yet 100x below the 1.0e+12 export sentinel that pollutes CPLEX conditioning (CLAUDE.md S A.11 / S11.2d). Capacity is the real bind (Maximum Capacity, groups 4/6b).",USER_RULING_R6,refining_capacity,Low,Regional Aspiration Scenario
Laos,Transformation\Gasoline Blending\Processes\Ethanol,Maximum Production,10^10,Gigajoule,Bioethanol,USER RULING R6,"Was 'Unlimited' (canon ALL (12 regions), RAS). UPPER bound -> 10^10 GJ = 10,000 PJ: generous (roughly a third of total ASEAN primary energy supply, so non-binding against any plausible national biofuel output) yet 100x below the 1.0e+12 export sentinel that pollutes CPLEX conditioning (CLAUDE.md S A.11 / S11.2d). Capacity is the real bind (Maximum Capacity, groups 4/6b).",USER_RULING_R6,refining_capacity,Low,Regional Aspiration Scenario
Malaysia,Transformation\Gasoline Blending\Processes\Ethanol,Maximum Production,10^10,Gigajoule,Bioethanol,USER RULING R6,"Was 'Unlimited' (canon ALL (12 regions), RAS). UPPER bound -> 10^10 GJ = 10,000 PJ: generous (roughly a third of total ASEAN primary energy supply, so non-binding against any plausible national biofuel output) yet 100x below the 1.0e+12 export sentinel that pollutes CPLEX conditioning (CLAUDE.md S A.11 / S11.2d). Capacity is the real bind (Maximum Capacity, groups 4/6b).",USER_RULING_R6,refining_capacity,Low,Regional Aspiration Scenario
Myanmar,Transformation\Gasoline Blending\Processes\Ethanol,Maximum Production,10^10,Gigajoule,Bioethanol,USER RULING R6,"Was 'Unlimited' (canon ALL (12 regions), RAS). UPPER bound -> 10^10 GJ = 10,000 PJ: generous (roughly a third of total ASEAN primary energy supply, so non-binding against any plausible national biofuel output) yet 100x below the 1.0e+12 export sentinel that pollutes CPLEX conditioning (CLAUDE.md S A.11 / S11.2d). Capacity is the real bind (Maximum Capacity, groups 4/6b).",USER_RULING_R6,refining_capacity,Low,Regional Aspiration Scenario
Philippines,Transformation\Gasoline Blending\Processes\Ethanol,Maximum Production,10^10,Gigajoule,Bioethanol,USER RULING R6,"Was 'Unlimited' (canon ALL (12 regions), RAS). UPPER bound -> 10^10 GJ = 10,000 PJ: generous (roughly a third of total ASEAN primary energy supply, so non-binding against any plausible national biofuel output) yet 100x below the 1.0e+12 export sentinel that pollutes CPLEX conditioning (CLAUDE.md S A.11 / S11.2d). Capacity is the real bind (Maximum Capacity, groups 4/6b).",USER_RULING_R6,refining_capacity,Low,Regional Aspiration Scenario
Singapore,Transformation\Gasoline Blending\Processes\Ethanol,Maximum Production,10^10,Gigajoule,Bioethanol,USER RULING R6,"Was 'Unlimited' (canon ALL (12 regions), RAS). UPPER bound -> 10^10 GJ = 10,000 PJ: generous (roughly a third of total ASEAN primary energy supply, so non-binding against any plausible national biofuel output) yet 100x below the 1.0e+12 export sentinel that pollutes CPLEX conditioning (CLAUDE.md S A.11 / S11.2d). Capacity is the real bind (Maximum Capacity, groups 4/6b).",USER_RULING_R6,refining_capacity,Low,Regional Aspiration Scenario
Thailand,Transformation\Gasoline Blending\Processes\Ethanol,Maximum Production,10^10,Gigajoule,Bioethanol,USER RULING R6,"Was 'Unlimited' (canon ALL (12 regions), RAS). UPPER bound -> 10^10 GJ = 10,000 PJ: generous (roughly a third of total ASEAN primary energy supply, so non-binding against any plausible national biofuel output) yet 100x below the 1.0e+12 export sentinel that pollutes CPLEX conditioning (CLAUDE.md S A.11 / S11.2d). Capacity is the real bind (Maximum Capacity, groups 4/6b).",USER_RULING_R6,refining_capacity,Low,Regional Aspiration Scenario
Vietnam,Transformation\Gasoline Blending\Processes\Ethanol,Maximum Production,10^10,Gigajoule,Bioethanol,USER RULING R6,"Was 'Unlimited' (canon ALL (12 regions), RAS). UPPER bound -> 10^10 GJ = 10,000 PJ: generous (roughly a third of total ASEAN primary energy supply, so non-binding against any plausible national biofuel output) yet 100x below the 1.0e+12 export sentinel that pollutes CPLEX conditioning (CLAUDE.md S A.11 / S11.2d). Capacity is the real bind (Maximum Capacity, groups 4/6b).",USER_RULING_R6,refining_capacity,Low,Regional Aspiration Scenario
Brunei,Resources\Primary\Corn,Maximum Imports,10^10,Gigajoule,Corn,USER RULING R6,"Was 'Unlimited' (canon ALL (12 regions), RAS). UPPER bound. Unlimited on an import cap is the S11.2d silent-parse-failure class: some AMS export it as missing/zero, un-capping the chain from the other direction. 10^10 GJ is generous and finite.",USER_RULING_R6,feedstock_supply,Low,Regional Aspiration Scenario
Cambodia,Resources\Primary\Corn,Maximum Imports,10^10,Gigajoule,Corn,USER RULING R6,"Was 'Unlimited' (canon ALL (12 regions), RAS). UPPER bound. Unlimited on an import cap is the S11.2d silent-parse-failure class: some AMS export it as missing/zero, un-capping the chain from the other direction. 10^10 GJ is generous and finite.",USER_RULING_R6,feedstock_supply,Low,Regional Aspiration Scenario
Indonesia,Resources\Primary\Corn,Maximum Imports,10^10,Gigajoule,Corn,USER RULING R6,"Was 'Unlimited' (canon ALL (12 regions), RAS). UPPER bound. Unlimited on an import cap is the S11.2d silent-parse-failure class: some AMS export it as missing/zero, un-capping the chain from the other direction. 10^10 GJ is generous and finite.",USER_RULING_R6,feedstock_supply,Low,Regional Aspiration Scenario
Laos,Resources\Primary\Corn,Maximum Imports,10^10,Gigajoule,Corn,USER RULING R6,"Was 'Unlimited' (canon ALL (12 regions), RAS). UPPER bound. Unlimited on an import cap is the S11.2d silent-parse-failure class: some AMS export it as missing/zero, un-capping the chain from the other direction. 10^10 GJ is generous and finite.",USER_RULING_R6,feedstock_supply,Low,Regional Aspiration Scenario
Malaysia,Resources\Primary\Corn,Maximum Imports,10^10,Gigajoule,Corn,USER RULING R6,"Was 'Unlimited' (canon ALL (12 regions), RAS). UPPER bound. Unlimited on an import cap is the S11.2d silent-parse-failure class: some AMS export it as missing/zero, un-capping the chain from the other direction. 10^10 GJ is generous and finite.",USER_RULING_R6,feedstock_supply,Low,Regional Aspiration Scenario
Myanmar,Resources\Primary\Corn,Maximum Imports,10^10,Gigajoule,Corn,USER RULING R6,"Was 'Unlimited' (canon ALL (12 regions), RAS). UPPER bound. Unlimited on an import cap is the S11.2d silent-parse-failure class: some AMS export it as missing/zero, un-capping the chain from the other direction. 10^10 GJ is generous and finite.",USER_RULING_R6,feedstock_supply,Low,Regional Aspiration Scenario
Philippines,Resources\Primary\Corn,Maximum Imports,10^10,Gigajoule,Corn,USER RULING R6,"Was 'Unlimited' (canon ALL (12 regions), RAS). UPPER bound. Unlimited on an import cap is the S11.2d silent-parse-failure class: some AMS export it as missing/zero, un-capping the chain from the other direction. 10^10 GJ is generous and finite.",USER_RULING_R6,feedstock_supply,Low,Regional Aspiration Scenario
Singapore,Resources\Primary\Corn,Maximum Imports,10^10,Gigajoule,Corn,USER RULING R6,"Was 'Unlimited' (canon ALL (12 regions), RAS). UPPER bound. Unlimited on an import cap is the S11.2d silent-parse-failure class: some AMS export it as missing/zero, un-capping the chain from the other direction. 10^10 GJ is generous and finite.",USER_RULING_R6,feedstock_supply,Low,Regional Aspiration Scenario
Thailand,Resources\Primary\Corn,Maximum Imports,10^10,Gigajoule,Corn,USER RULING R6,"Was 'Unlimited' (canon ALL (12 regions), RAS). UPPER bound. Unlimited on an import cap is the S11.2d silent-parse-failure class: some AMS export it as missing/zero, un-capping the chain from the other direction. 10^10 GJ is generous and finite.",USER_RULING_R6,feedstock_supply,Low,Regional Aspiration Scenario
Vietnam,Resources\Primary\Corn,Maximum Imports,10^10,Gigajoule,Corn,USER RULING R6,"Was 'Unlimited' (canon ALL (12 regions), RAS). UPPER bound. Unlimited on an import cap is the S11.2d silent-parse-failure class: some AMS export it as missing/zero, un-capping the chain from the other direction. 10^10 GJ is generous and finite.",USER_RULING_R6,feedstock_supply,Low,Regional Aspiration Scenario
Brunei,Resources\Primary\Molasses,Maximum Imports,10^10,Gigajoule,Molasses,USER RULING R6,"Was 'Unlimited' (canon ALL (12 regions), RAS). UPPER bound. Unlimited on an import cap is the S11.2d silent-parse-failure class: some AMS export it as missing/zero, un-capping the chain from the other direction. 10^10 GJ is generous and finite.",USER_RULING_R6,feedstock_supply,Low,Regional Aspiration Scenario
Cambodia,Resources\Primary\Molasses,Maximum Imports,10^10,Gigajoule,Molasses,USER RULING R6,"Was 'Unlimited' (canon ALL (12 regions), RAS). UPPER bound. Unlimited on an import cap is the S11.2d silent-parse-failure class: some AMS export it as missing/zero, un-capping the chain from the other direction. 10^10 GJ is generous and finite.",USER_RULING_R6,feedstock_supply,Low,Regional Aspiration Scenario
Indonesia,Resources\Primary\Molasses,Maximum Imports,10^10,Gigajoule,Molasses,USER RULING R6,"Was 'Unlimited' (canon ALL (12 regions), RAS). UPPER bound. Unlimited on an import cap is the S11.2d silent-parse-failure class: some AMS export it as missing/zero, un-capping the chain from the other direction. 10^10 GJ is generous and finite.",USER_RULING_R6,feedstock_supply,Low,Regional Aspiration Scenario
Laos,Resources\Primary\Molasses,Maximum Imports,10^10,Gigajoule,Molasses,USER RULING R6,"Was 'Unlimited' (canon ALL (12 regions), RAS). UPPER bound. Unlimited on an import cap is the S11.2d silent-parse-failure class: some AMS export it as missing/zero, un-capping the chain from the other direction. 10^10 GJ is generous and finite.",USER_RULING_R6,feedstock_supply,Low,Regional Aspiration Scenario
Malaysia,Resources\Primary\Molasses,Maximum Imports,10^10,Gigajoule,Molasses,USER RULING R6,"Was 'Unlimited' (canon ALL (12 regions), RAS). UPPER bound. Unlimited on an import cap is the S11.2d silent-parse-failure class: some AMS export it as missing/zero, un-capping the chain from the other direction. 10^10 GJ is generous and finite.",USER_RULING_R6,feedstock_supply,Low,Regional Aspiration Scenario
Myanmar,Resources\Primary\Molasses,Maximum Imports,10^10,Gigajoule,Molasses,USER RULING R6,"Was 'Unlimited' (canon ALL (12 regions), RAS). UPPER bound. Unlimited on an import cap is the S11.2d silent-parse-failure class: some AMS export it as missing/zero, un-capping the chain from the other direction. 10^10 GJ is generous and finite.",USER_RULING_R6,feedstock_supply,Low,Regional Aspiration Scenario
Philippines,Resources\Primary\Molasses,Maximum Imports,10^10,Gigajoule,Molasses,USER RULING R6,"Was 'Unlimited' (canon ALL (12 regions), RAS). UPPER bound. Unlimited on an import cap is the S11.2d silent-parse-failure class: some AMS export it as missing/zero, un-capping the chain from the other direction. 10^10 GJ is generous and finite.",USER_RULING_R6,feedstock_supply,Low,Regional Aspiration Scenario
Singapore,Resources\Primary\Molasses,Maximum Imports,10^10,Gigajoule,Molasses,USER RULING R6,"Was 'Unlimited' (canon ALL (12 regions), RAS). UPPER bound. Unlimited on an import cap is the S11.2d silent-parse-failure class: some AMS export it as missing/zero, un-capping the chain from the other direction. 10^10 GJ is generous and finite.",USER_RULING_R6,feedstock_supply,Low,Regional Aspiration Scenario
Thailand,Resources\Primary\Molasses,Maximum Imports,10^10,Gigajoule,Molasses,USER RULING R6,"Was 'Unlimited' (canon ALL (12 regions), RAS). UPPER bound. Unlimited on an import cap is the S11.2d silent-parse-failure class: some AMS export it as missing/zero, un-capping the chain from the other direction. 10^10 GJ is generous and finite.",USER_RULING_R6,feedstock_supply,Low,Regional Aspiration Scenario
Vietnam,Resources\Primary\Molasses,Maximum Imports,10^10,Gigajoule,Molasses,USER RULING R6,"Was 'Unlimited' (canon ALL (12 regions), RAS). UPPER bound. Unlimited on an import cap is the S11.2d silent-parse-failure class: some AMS export it as missing/zero, un-capping the chain from the other direction. 10^10 GJ is generous and finite.",USER_RULING_R6,feedstock_supply,Low,Regional Aspiration Scenario
Brunei,Resources\Primary\Palm Oil Mill Effluent,Maximum Imports,10^10,Gigajoule,Palm Oil Mill Effluent,USER RULING R6,"Was 'Unlimited' (canon ALL (12 regions), RAS). UPPER bound. Unlimited on an import cap is the S11.2d silent-parse-failure class: some AMS export it as missing/zero, un-capping the chain from the other direction. 10^10 GJ is generous and finite.",USER_RULING_R6,feedstock_supply,Low,Regional Aspiration Scenario
Cambodia,Resources\Primary\Palm Oil Mill Effluent,Maximum Imports,10^10,Gigajoule,Palm Oil Mill Effluent,USER RULING R6,"Was 'Unlimited' (canon ALL (12 regions), RAS). UPPER bound. Unlimited on an import cap is the S11.2d silent-parse-failure class: some AMS export it as missing/zero, un-capping the chain from the other direction. 10^10 GJ is generous and finite.",USER_RULING_R6,feedstock_supply,Low,Regional Aspiration Scenario
Indonesia,Resources\Primary\Palm Oil Mill Effluent,Maximum Imports,10^10,Gigajoule,Palm Oil Mill Effluent,USER RULING R6,"Was 'Unlimited' (canon ALL (12 regions), RAS). UPPER bound. Unlimited on an import cap is the S11.2d silent-parse-failure class: some AMS export it as missing/zero, un-capping the chain from the other direction. 10^10 GJ is generous and finite.",USER_RULING_R6,feedstock_supply,Low,Regional Aspiration Scenario
Laos,Resources\Primary\Palm Oil Mill Effluent,Maximum Imports,10^10,Gigajoule,Palm Oil Mill Effluent,USER RULING R6,"Was 'Unlimited' (canon ALL (12 regions), RAS). UPPER bound. Unlimited on an import cap is the S11.2d silent-parse-failure class: some AMS export it as missing/zero, un-capping the chain from the other direction. 10^10 GJ is generous and finite.",USER_RULING_R6,feedstock_supply,Low,Regional Aspiration Scenario
Malaysia,Resources\Primary\Palm Oil Mill Effluent,Maximum Imports,10^10,Gigajoule,Palm Oil Mill Effluent,USER RULING R6,"Was 'Unlimited' (canon ALL (12 regions), RAS). UPPER bound. Unlimited on an import cap is the S11.2d silent-parse-failure class: some AMS export it as missing/zero, un-capping the chain from the other direction. 10^10 GJ is generous and finite.",USER_RULING_R6,feedstock_supply,Low,Regional Aspiration Scenario
Myanmar,Resources\Primary\Palm Oil Mill Effluent,Maximum Imports,10^10,Gigajoule,Palm Oil Mill Effluent,USER RULING R6,"Was 'Unlimited' (canon ALL (12 regions), RAS). UPPER bound. Unlimited on an import cap is the S11.2d silent-parse-failure class: some AMS export it as missing/zero, un-capping the chain from the other direction. 10^10 GJ is generous and finite.",USER_RULING_R6,feedstock_supply,Low,Regional Aspiration Scenario
Philippines,Resources\Primary\Palm Oil Mill Effluent,Maximum Imports,10^10,Gigajoule,Palm Oil Mill Effluent,USER RULING R6,"Was 'Unlimited' (canon ALL (12 regions), RAS). UPPER bound. Unlimited on an import cap is the S11.2d silent-parse-failure class: some AMS export it as missing/zero, un-capping the chain from the other direction. 10^10 GJ is generous and finite.",USER_RULING_R6,feedstock_supply,Low,Regional Aspiration Scenario
Singapore,Resources\Primary\Palm Oil Mill Effluent,Maximum Imports,10^10,Gigajoule,Palm Oil Mill Effluent,USER RULING R6,"Was 'Unlimited' (canon ALL (12 regions), RAS). UPPER bound. Unlimited on an import cap is the S11.2d silent-parse-failure class: some AMS export it as missing/zero, un-capping the chain from the other direction. 10^10 GJ is generous and finite.",USER_RULING_R6,feedstock_supply,Low,Regional Aspiration Scenario
Thailand,Resources\Primary\Palm Oil Mill Effluent,Maximum Imports,10^10,Gigajoule,Palm Oil Mill Effluent,USER RULING R6,"Was 'Unlimited' (canon ALL (12 regions), RAS). UPPER bound. Unlimited on an import cap is the S11.2d silent-parse-failure class: some AMS export it as missing/zero, un-capping the chain from the other direction. 10^10 GJ is generous and finite.",USER_RULING_R6,feedstock_supply,Low,Regional Aspiration Scenario
Vietnam,Resources\Primary\Palm Oil Mill Effluent,Maximum Imports,10^10,Gigajoule,Palm Oil Mill Effluent,USER RULING R6,"Was 'Unlimited' (canon ALL (12 regions), RAS). UPPER bound. Unlimited on an import cap is the S11.2d silent-parse-failure class: some AMS export it as missing/zero, un-capping the chain from the other direction. 10^10 GJ is generous and finite.",USER_RULING_R6,feedstock_supply,Low,Regional Aspiration Scenario
Brunei,Resources\Primary\Corn,Maximum Production,0,Metric Tonne,Corn,"canon RAS per-region expression (current_expressions_resources_4scenarios.csv, v0.67 - VALUE may be stale vs live v0.76+)","Was 'Unlimited' (canon ALL (12 regions)) in this scenario while RAS already carries a finite per-region cap. UPPER bound. The physical crop-supply potential is scenario-invariant, so the minimal canon-derived fix is to mirror RAS. No new number invented.",USER_RULING_R6,feedstock_supply,Medium,AMS Target Scenario
Cambodia,Resources\Primary\Corn,Maximum Production,"Interp(2025, 9.02e+04, 2026, 1.962e+05, 2027, 3.079e+05, 2028, 4.256e+05, 2029, 5.502e+05, 2030, 7.469e+05, 2031, 9.22e+05, 2032, 1.102e+06, 2033, 1.287e+06, 2034, 1.477e+06, 2035, 1.67e+06, 2036, 1.867e+06, 2037, 2.067e+06, 2038, 2.27e+06, 2039, 2.476e+06, 2040, 2.684e+06, 2041, 2.896e+06, 2042, 3.109e+06, 2043, 3.325e+06, 2044, 3.542e+06, 2045, 3.76e+06, 2046, 3.969e+06, 2047, 4.171e+06, 2048, 4.372e+06, 2049, 4.572e+06, 2050, 4.771e+06)",Metric Tonne,Corn,"canon RAS per-region expression (current_expressions_resources_4scenarios.csv, v0.67 - VALUE may be stale vs live v0.76+)","Was 'Unlimited' (canon ALL (12 regions)) in this scenario while RAS already carries a finite per-region cap. UPPER bound. The physical crop-supply potential is scenario-invariant, so the minimal canon-derived fix is to mirror RAS. No new number invented.",USER_RULING_R6,feedstock_supply,Medium,AMS Target Scenario
Indonesia,Resources\Primary\Corn,Maximum Production,"Interp(2030, 7.147e+05, 2031, 1.825e+06, 2032, 2.966e+06, 2033, 4.135e+06, 2034, 5.328e+06, 2035, 6.544e+06, 2036, 7.78e+06, 2037, 9.034e+06, 2038, 1.03e+07, 2039, 1.159e+07, 2040, 1.288e+07, 2041, 1.419e+07, 2042, 1.551e+07, 2043, 1.683e+07, 2044, 1.817e+07, 2045, 1.951e+07, 2046, 2.075e+07, 2047, 2.193e+07, 2048, 2.311e+07, 2049, 2.428e+07, 2050, 2.545e+07)",Metric Tonne,Corn,"canon RAS per-region expression (current_expressions_resources_4scenarios.csv, v0.67 - VALUE may be stale vs live v0.76+)","Was 'Unlimited' (canon ALL (12 regions)) in this scenario while RAS already carries a finite per-region cap. UPPER bound. The physical crop-supply potential is scenario-invariant, so the minimal canon-derived fix is to mirror RAS. No new number invented.",USER_RULING_R6,feedstock_supply,Medium,AMS Target Scenario
Laos,Resources\Primary\Corn,Maximum Production,"Interp(2025, 1.081e+05, 2026, 2.596e+05, 2027, 4.224e+05, 2028, 5.958e+05, 2029, 7.796e+05, 2030, 9.938e+05, 2031, 1.208e+06, 2032, 1.432e+06, 2033, 1.666e+06, 2034, 1.909e+06, 2035, 2.16e+06, 2036, 2.419e+06, 2037, 2.685e+06, 2038, 2.958e+06, 2039, 3.239e+06, 2040, 3.525e+06, 2041, 3.815e+06, 2042, 4.111e+06, 2043, 4.411e+06, 2044, 4.716e+06, 2045, 5.026e+06, 2046, 5.325e+06, 2047, 5.62e+06, 2048, 5.916e+06, 2049, 6.213e+06, 2050, 6.51e+06)",Metric Tonne,Corn,"canon RAS per-region expression (current_expressions_resources_4scenarios.csv, v0.67 - VALUE may be stale vs live v0.76+)","Was 'Unlimited' (canon ALL (12 regions)) in this scenario while RAS already carries a finite per-region cap. UPPER bound. The physical crop-supply potential is scenario-invariant, so the minimal canon-derived fix is to mirror RAS. No new number invented.",USER_RULING_R6,feedstock_supply,Medium,AMS Target Scenario
Malaysia,Resources\Primary\Corn,Maximum Production,0,Metric Tonne,Corn,"canon RAS per-region expression (current_expressions_resources_4scenarios.csv, v0.67 - VALUE may be stale vs live v0.76+)","Was 'Unlimited' (canon ALL (12 regions)) in this scenario while RAS already carries a finite per-region cap. UPPER bound. The physical crop-supply potential is scenario-invariant, so the minimal canon-derived fix is to mirror RAS. No new number invented.",USER_RULING_R6,feedstock_supply,Medium,AMS Target Scenario
Myanmar,Resources\Primary\Corn,Maximum Production,"Interp(2024, 8.456e+05, 2025, 1.058e+06, 2026, 1.283e+06, 2027, 1.519e+06, 2028, 1.764e+06, 2029, 2.019e+06, 2030, 2.3e+06, 2031, 2.561e+06, 2032, 2.828e+06, 2033, 3.102e+06, 2034, 3.38e+06, 2035, 3.664e+06, 2036, 3.952e+06, 2037, 4.242e+06, 2038, 4.536e+06, 2039, 4.833e+06, 2040, 5.131e+06, 2041, 5.43e+06, 2042, 5.73e+06, 2043, 6.031e+06, 2044, 6.332e+06, 2045, 6.633e+06, 2046, 6.913e+06, 2047, 7.182e+06, 2048, 7.447e+06, 2049, 7.71e+06, 2050, 7.969e+06)",Metric Tonne,Corn,"canon RAS per-region expression (current_expressions_resources_4scenarios.csv, v0.67 - VALUE may be stale vs live v0.76+)","Was 'Unlimited' (canon ALL (12 regions)) in this scenario while RAS already carries a finite per-region cap. UPPER bound. The physical crop-supply potential is scenario-invariant, so the minimal canon-derived fix is to mirror RAS. No new number invented.",USER_RULING_R6,feedstock_supply,Medium,AMS Target Scenario
Philippines,Resources\Primary\Corn,Maximum Production,"Interp(2030, 4.319e+05, 2031, 8.908e+05, 2032, 1.277e+06, 2033, 1.762e+06, 2034, 2.171e+06, 2035, 2.674e+06, 2036, 3.097e+06, 2037, 3.524e+06, 2038, 3.954e+06, 2039, 4.3e+06, 2040, 4.731e+06, 2041, 5.077e+06, 2042, 5.421e+06, 2043, 5.763e+06, 2044, 6.1e+06, 2045, 6.433e+06, 2046, 6.702e+06, 2047, 6.851e+06, 2048, 6.991e+06, 2049, 7.199e+06, 2050, 7.318e+06)",Metric Tonne,Corn,"canon RAS per-region expression (current_expressions_resources_4scenarios.csv, v0.67 - VALUE may be stale vs live v0.76+)","Was 'Unlimited' (canon ALL (12 regions)) in this scenario while RAS already carries a finite per-region cap. UPPER bound. The physical crop-supply potential is scenario-invariant, so the minimal canon-derived fix is to mirror RAS. No new number invented.",USER_RULING_R6,feedstock_supply,Medium,AMS Target Scenario
Singapore,Resources\Primary\Corn,Maximum Production,0,Metric Tonne,Corn,"canon RAS per-region expression (current_expressions_resources_4scenarios.csv, v0.67 - VALUE may be stale vs live v0.76+)","Was 'Unlimited' (canon ALL (12 regions)) in this scenario while RAS already carries a finite per-region cap. UPPER bound. The physical crop-supply potential is scenario-invariant, so the minimal canon-derived fix is to mirror RAS. No new number invented.",USER_RULING_R6,feedstock_supply,Medium,AMS Target Scenario
Thailand,Resources\Primary\Corn,Maximum Production,"Interp(2031, 6.238e+04, 2032, 2.513e+05, 2033, 5.001e+05, 2034, 7.051e+05, 2035, 9.171e+05, 2036, 1.136e+06, 2037, 1.36e+06, 2038, 1.589e+06, 2039, 1.773e+06, 2040, 2.012e+06, 2041, 2.204e+06, 2042, 2.4e+06, 2043, 2.6e+06, 2044, 2.802e+06, 2045, 3.007e+06, 2046, 3.184e+06, 2047, 3.298e+06, 2048, 3.411e+06, 2049, 3.572e+06, 2050, 3.683e+06)",Metric Tonne,Corn,"canon RAS per-region expression (current_expressions_resources_4scenarios.csv, v0.67 - VALUE may be stale vs live v0.76+)","Was 'Unlimited' (canon ALL (12 regions)) in this scenario while RAS already carries a finite per-region cap. UPPER bound. The physical crop-supply potential is scenario-invariant, so the minimal canon-derived fix is to mirror RAS. No new number invented.",USER_RULING_R6,feedstock_supply,Medium,AMS Target Scenario
Vietnam,Resources\Primary\Corn,Maximum Production,0,Metric Tonne,Corn,"canon RAS per-region expression (current_expressions_resources_4scenarios.csv, v0.67 - VALUE may be stale vs live v0.76+)","Was 'Unlimited' (canon ALL (12 regions)) in this scenario while RAS already carries a finite per-region cap. UPPER bound. The physical crop-supply potential is scenario-invariant, so the minimal canon-derived fix is to mirror RAS. No new number invented.",USER_RULING_R6,feedstock_supply,Medium,AMS Target Scenario
Brunei,Resources\Primary\Corn,Maximum Production,0,Metric Tonne,Corn,"canon RAS per-region expression (current_expressions_resources_4scenarios.csv, v0.67 - VALUE may be stale vs live v0.76+)","Was 'Unlimited' (canon ALL (12 regions)) in this scenario while RAS already carries a finite per-region cap. UPPER bound. The physical crop-supply potential is scenario-invariant, so the minimal canon-derived fix is to mirror RAS. No new number invented.",USER_RULING_R6,feedstock_supply,Medium,Baseline Simulation
Cambodia,Resources\Primary\Corn,Maximum Production,"Interp(2025, 9.02e+04, 2026, 1.962e+05, 2027, 3.079e+05, 2028, 4.256e+05, 2029, 5.502e+05, 2030, 7.469e+05, 2031, 9.22e+05, 2032, 1.102e+06, 2033, 1.287e+06, 2034, 1.477e+06, 2035, 1.67e+06, 2036, 1.867e+06, 2037, 2.067e+06, 2038, 2.27e+06, 2039, 2.476e+06, 2040, 2.684e+06, 2041, 2.896e+06, 2042, 3.109e+06, 2043, 3.325e+06, 2044, 3.542e+06, 2045, 3.76e+06, 2046, 3.969e+06, 2047, 4.171e+06, 2048, 4.372e+06, 2049, 4.572e+06, 2050, 4.771e+06)",Metric Tonne,Corn,"canon RAS per-region expression (current_expressions_resources_4scenarios.csv, v0.67 - VALUE may be stale vs live v0.76+)","Was 'Unlimited' (canon ALL (12 regions)) in this scenario while RAS already carries a finite per-region cap. UPPER bound. The physical crop-supply potential is scenario-invariant, so the minimal canon-derived fix is to mirror RAS. No new number invented.",USER_RULING_R6,feedstock_supply,Medium,Baseline Simulation
Indonesia,Resources\Primary\Corn,Maximum Production,"Interp(2030, 7.147e+05, 2031, 1.825e+06, 2032, 2.966e+06, 2033, 4.135e+06, 2034, 5.328e+06, 2035, 6.544e+06, 2036, 7.78e+06, 2037, 9.034e+06, 2038, 1.03e+07, 2039, 1.159e+07, 2040, 1.288e+07, 2041, 1.419e+07, 2042, 1.551e+07, 2043, 1.683e+07, 2044, 1.817e+07, 2045, 1.951e+07, 2046, 2.075e+07, 2047, 2.193e+07, 2048, 2.311e+07, 2049, 2.428e+07, 2050, 2.545e+07)",Metric Tonne,Corn,"canon RAS per-region expression (current_expressions_resources_4scenarios.csv, v0.67 - VALUE may be stale vs live v0.76+)","Was 'Unlimited' (canon ALL (12 regions)) in this scenario while RAS already carries a finite per-region cap. UPPER bound. The physical crop-supply potential is scenario-invariant, so the minimal canon-derived fix is to mirror RAS. No new number invented.",USER_RULING_R6,feedstock_supply,Medium,Baseline Simulation
Laos,Resources\Primary\Corn,Maximum Production,"Interp(2025, 1.081e+05, 2026, 2.596e+05, 2027, 4.224e+05, 2028, 5.958e+05, 2029, 7.796e+05, 2030, 9.938e+05, 2031, 1.208e+06, 2032, 1.432e+06, 2033, 1.666e+06, 2034, 1.909e+06, 2035, 2.16e+06, 2036, 2.419e+06, 2037, 2.685e+06, 2038, 2.958e+06, 2039, 3.239e+06, 2040, 3.525e+06, 2041, 3.815e+06, 2042, 4.111e+06, 2043, 4.411e+06, 2044, 4.716e+06, 2045, 5.026e+06, 2046, 5.325e+06, 2047, 5.62e+06, 2048, 5.916e+06, 2049, 6.213e+06, 2050, 6.51e+06)",Metric Tonne,Corn,"canon RAS per-region expression (current_expressions_resources_4scenarios.csv, v0.67 - VALUE may be stale vs live v0.76+)","Was 'Unlimited' (canon ALL (12 regions)) in this scenario while RAS already carries a finite per-region cap. UPPER bound. The physical crop-supply potential is scenario-invariant, so the minimal canon-derived fix is to mirror RAS. No new number invented.",USER_RULING_R6,feedstock_supply,Medium,Baseline Simulation
Malaysia,Resources\Primary\Corn,Maximum Production,0,Metric Tonne,Corn,"canon RAS per-region expression (current_expressions_resources_4scenarios.csv, v0.67 - VALUE may be stale vs live v0.76+)","Was 'Unlimited' (canon ALL (12 regions)) in this scenario while RAS already carries a finite per-region cap. UPPER bound. The physical crop-supply potential is scenario-invariant, so the minimal canon-derived fix is to mirror RAS. No new number invented.",USER_RULING_R6,feedstock_supply,Medium,Baseline Simulation
Myanmar,Resources\Primary\Corn,Maximum Production,"Interp(2024, 8.456e+05, 2025, 1.058e+06, 2026, 1.283e+06, 2027, 1.519e+06, 2028, 1.764e+06, 2029, 2.019e+06, 2030, 2.3e+06, 2031, 2.561e+06, 2032, 2.828e+06, 2033, 3.102e+06, 2034, 3.38e+06, 2035, 3.664e+06, 2036, 3.952e+06, 2037, 4.242e+06, 2038, 4.536e+06, 2039, 4.833e+06, 2040, 5.131e+06, 2041, 5.43e+06, 2042, 5.73e+06, 2043, 6.031e+06, 2044, 6.332e+06, 2045, 6.633e+06, 2046, 6.913e+06, 2047, 7.182e+06, 2048, 7.447e+06, 2049, 7.71e+06, 2050, 7.969e+06)",Metric Tonne,Corn,"canon RAS per-region expression (current_expressions_resources_4scenarios.csv, v0.67 - VALUE may be stale vs live v0.76+)","Was 'Unlimited' (canon ALL (12 regions)) in this scenario while RAS already carries a finite per-region cap. UPPER bound. The physical crop-supply potential is scenario-invariant, so the minimal canon-derived fix is to mirror RAS. No new number invented.",USER_RULING_R6,feedstock_supply,Medium,Baseline Simulation
Philippines,Resources\Primary\Corn,Maximum Production,"Interp(2030, 4.319e+05, 2031, 8.908e+05, 2032, 1.277e+06, 2033, 1.762e+06, 2034, 2.171e+06, 2035, 2.674e+06, 2036, 3.097e+06, 2037, 3.524e+06, 2038, 3.954e+06, 2039, 4.3e+06, 2040, 4.731e+06, 2041, 5.077e+06, 2042, 5.421e+06, 2043, 5.763e+06, 2044, 6.1e+06, 2045, 6.433e+06, 2046, 6.702e+06, 2047, 6.851e+06, 2048, 6.991e+06, 2049, 7.199e+06, 2050, 7.318e+06)",Metric Tonne,Corn,"canon RAS per-region expression (current_expressions_resources_4scenarios.csv, v0.67 - VALUE may be stale vs live v0.76+)","Was 'Unlimited' (canon ALL (12 regions)) in this scenario while RAS already carries a finite per-region cap. UPPER bound. The physical crop-supply potential is scenario-invariant, so the minimal canon-derived fix is to mirror RAS. No new number invented.",USER_RULING_R6,feedstock_supply,Medium,Baseline Simulation
Singapore,Resources\Primary\Corn,Maximum Production,0,Metric Tonne,Corn,"canon RAS per-region expression (current_expressions_resources_4scenarios.csv, v0.67 - VALUE may be stale vs live v0.76+)","Was 'Unlimited' (canon ALL (12 regions)) in this scenario while RAS already carries a finite per-region cap. UPPER bound. The physical crop-supply potential is scenario-invariant, so the minimal canon-derived fix is to mirror RAS. No new number invented.",USER_RULING_R6,feedstock_supply,Medium,Baseline Simulation
Thailand,Resources\Primary\Corn,Maximum Production,"Interp(2031, 6.238e+04, 2032, 2.513e+05, 2033, 5.001e+05, 2034, 7.051e+05, 2035, 9.171e+05, 2036, 1.136e+06, 2037, 1.36e+06, 2038, 1.589e+06, 2039, 1.773e+06, 2040, 2.012e+06, 2041, 2.204e+06, 2042, 2.4e+06, 2043, 2.6e+06, 2044, 2.802e+06, 2045, 3.007e+06, 2046, 3.184e+06, 2047, 3.298e+06, 2048, 3.411e+06, 2049, 3.572e+06, 2050, 3.683e+06)",Metric Tonne,Corn,"canon RAS per-region expression (current_expressions_resources_4scenarios.csv, v0.67 - VALUE may be stale vs live v0.76+)","Was 'Unlimited' (canon ALL (12 regions)) in this scenario while RAS already carries a finite per-region cap. UPPER bound. The physical crop-supply potential is scenario-invariant, so the minimal canon-derived fix is to mirror RAS. No new number invented.",USER_RULING_R6,feedstock_supply,Medium,Baseline Simulation
Vietnam,Resources\Primary\Corn,Maximum Production,0,Metric Tonne,Corn,"canon RAS per-region expression (current_expressions_resources_4scenarios.csv, v0.67 - VALUE may be stale vs live v0.76+)","Was 'Unlimited' (canon ALL (12 regions)) in this scenario while RAS already carries a finite per-region cap. UPPER bound. The physical crop-supply potential is scenario-invariant, so the minimal canon-derived fix is to mirror RAS. No new number invented.",USER_RULING_R6,feedstock_supply,Medium,Baseline Simulation
Brunei,Resources\Primary\Corn,Maximum Production,0,Metric Tonne,Corn,"canon RAS per-region expression (current_expressions_resources_4scenarios.csv, v0.67 - VALUE may be stale vs live v0.76+)","Was 'Unlimited' (canon ALL (12 regions)) in this scenario while RAS already carries a finite per-region cap. UPPER bound. The physical crop-supply potential is scenario-invariant, so the minimal canon-derived fix is to mirror RAS. No new number invented.",USER_RULING_R6,feedstock_supply,Medium,Current Accounts
Cambodia,Resources\Primary\Corn,Maximum Production,"Interp(2025, 9.02e+04, 2026, 1.962e+05, 2027, 3.079e+05, 2028, 4.256e+05, 2029, 5.502e+05, 2030, 7.469e+05, 2031, 9.22e+05, 2032, 1.102e+06, 2033, 1.287e+06, 2034, 1.477e+06, 2035, 1.67e+06, 2036, 1.867e+06, 2037, 2.067e+06, 2038, 2.27e+06, 2039, 2.476e+06, 2040, 2.684e+06, 2041, 2.896e+06, 2042, 3.109e+06, 2043, 3.325e+06, 2044, 3.542e+06, 2045, 3.76e+06, 2046, 3.969e+06, 2047, 4.171e+06, 2048, 4.372e+06, 2049, 4.572e+06, 2050, 4.771e+06)",Metric Tonne,Corn,"canon RAS per-region expression (current_expressions_resources_4scenarios.csv, v0.67 - VALUE may be stale vs live v0.76+)","Was 'Unlimited' (canon ALL (12 regions)) in this scenario while RAS already carries a finite per-region cap. UPPER bound. The physical crop-supply potential is scenario-invariant, so the minimal canon-derived fix is to mirror RAS. No new number invented.",USER_RULING_R6,feedstock_supply,Medium,Current Accounts
Indonesia,Resources\Primary\Corn,Maximum Production,"Interp(2030, 7.147e+05, 2031, 1.825e+06, 2032, 2.966e+06, 2033, 4.135e+06, 2034, 5.328e+06, 2035, 6.544e+06, 2036, 7.78e+06, 2037, 9.034e+06, 2038, 1.03e+07, 2039, 1.159e+07, 2040, 1.288e+07, 2041, 1.419e+07, 2042, 1.551e+07, 2043, 1.683e+07, 2044, 1.817e+07, 2045, 1.951e+07, 2046, 2.075e+07, 2047, 2.193e+07, 2048, 2.311e+07, 2049, 2.428e+07, 2050, 2.545e+07)",Metric Tonne,Corn,"canon RAS per-region expression (current_expressions_resources_4scenarios.csv, v0.67 - VALUE may be stale vs live v0.76+)","Was 'Unlimited' (canon ALL (12 regions)) in this scenario while RAS already carries a finite per-region cap. UPPER bound. The physical crop-supply potential is scenario-invariant, so the minimal canon-derived fix is to mirror RAS. No new number invented.",USER_RULING_R6,feedstock_supply,Medium,Current Accounts
Laos,Resources\Primary\Corn,Maximum Production,"Interp(2025, 1.081e+05, 2026, 2.596e+05, 2027, 4.224e+05, 2028, 5.958e+05, 2029, 7.796e+05, 2030, 9.938e+05, 2031, 1.208e+06, 2032, 1.432e+06, 2033, 1.666e+06, 2034, 1.909e+06, 2035, 2.16e+06, 2036, 2.419e+06, 2037, 2.685e+06, 2038, 2.958e+06, 2039, 3.239e+06, 2040, 3.525e+06, 2041, 3.815e+06, 2042, 4.111e+06, 2043, 4.411e+06, 2044, 4.716e+06, 2045, 5.026e+06, 2046, 5.325e+06, 2047, 5.62e+06, 2048, 5.916e+06, 2049, 6.213e+06, 2050, 6.51e+06)",Metric Tonne,Corn,"canon RAS per-region expression (current_expressions_resources_4scenarios.csv, v0.67 - VALUE may be stale vs live v0.76+)","Was 'Unlimited' (canon ALL (12 regions)) in this scenario while RAS already carries a finite per-region cap. UPPER bound. The physical crop-supply potential is scenario-invariant, so the minimal canon-derived fix is to mirror RAS. No new number invented.",USER_RULING_R6,feedstock_supply,Medium,Current Accounts
Malaysia,Resources\Primary\Corn,Maximum Production,0,Metric Tonne,Corn,"canon RAS per-region expression (current_expressions_resources_4scenarios.csv, v0.67 - VALUE may be stale vs live v0.76+)","Was 'Unlimited' (canon ALL (12 regions)) in this scenario while RAS already carries a finite per-region cap. UPPER bound. The physical crop-supply potential is scenario-invariant, so the minimal canon-derived fix is to mirror RAS. No new number invented.",USER_RULING_R6,feedstock_supply,Medium,Current Accounts
Myanmar,Resources\Primary\Corn,Maximum Production,"Interp(2024, 8.456e+05, 2025, 1.058e+06, 2026, 1.283e+06, 2027, 1.519e+06, 2028, 1.764e+06, 2029, 2.019e+06, 2030, 2.3e+06, 2031, 2.561e+06, 2032, 2.828e+06, 2033, 3.102e+06, 2034, 3.38e+06, 2035, 3.664e+06, 2036, 3.952e+06, 2037, 4.242e+06, 2038, 4.536e+06, 2039, 4.833e+06, 2040, 5.131e+06, 2041, 5.43e+06, 2042, 5.73e+06, 2043, 6.031e+06, 2044, 6.332e+06, 2045, 6.633e+06, 2046, 6.913e+06, 2047, 7.182e+06, 2048, 7.447e+06, 2049, 7.71e+06, 2050, 7.969e+06)",Metric Tonne,Corn,"canon RAS per-region expression (current_expressions_resources_4scenarios.csv, v0.67 - VALUE may be stale vs live v0.76+)","Was 'Unlimited' (canon ALL (12 regions)) in this scenario while RAS already carries a finite per-region cap. UPPER bound. The physical crop-supply potential is scenario-invariant, so the minimal canon-derived fix is to mirror RAS. No new number invented.",USER_RULING_R6,feedstock_supply,Medium,Current Accounts
Philippines,Resources\Primary\Corn,Maximum Production,"Interp(2030, 4.319e+05, 2031, 8.908e+05, 2032, 1.277e+06, 2033, 1.762e+06, 2034, 2.171e+06, 2035, 2.674e+06, 2036, 3.097e+06, 2037, 3.524e+06, 2038, 3.954e+06, 2039, 4.3e+06, 2040, 4.731e+06, 2041, 5.077e+06, 2042, 5.421e+06, 2043, 5.763e+06, 2044, 6.1e+06, 2045, 6.433e+06, 2046, 6.702e+06, 2047, 6.851e+06, 2048, 6.991e+06, 2049, 7.199e+06, 2050, 7.318e+06)",Metric Tonne,Corn,"canon RAS per-region expression (current_expressions_resources_4scenarios.csv, v0.67 - VALUE may be stale vs live v0.76+)","Was 'Unlimited' (canon ALL (12 regions)) in this scenario while RAS already carries a finite per-region cap. UPPER bound. The physical crop-supply potential is scenario-invariant, so the minimal canon-derived fix is to mirror RAS. No new number invented.",USER_RULING_R6,feedstock_supply,Medium,Current Accounts
Singapore,Resources\Primary\Corn,Maximum Production,0,Metric Tonne,Corn,"canon RAS per-region expression (current_expressions_resources_4scenarios.csv, v0.67 - VALUE may be stale vs live v0.76+)","Was 'Unlimited' (canon ALL (12 regions)) in this scenario while RAS already carries a finite per-region cap. UPPER bound. The physical crop-supply potential is scenario-invariant, so the minimal canon-derived fix is to mirror RAS. No new number invented.",USER_RULING_R6,feedstock_supply,Medium,Current Accounts
Thailand,Resources\Primary\Corn,Maximum Production,"Interp(2031, 6.238e+04, 2032, 2.513e+05, 2033, 5.001e+05, 2034, 7.051e+05, 2035, 9.171e+05, 2036, 1.136e+06, 2037, 1.36e+06, 2038, 1.589e+06, 2039, 1.773e+06, 2040, 2.012e+06, 2041, 2.204e+06, 2042, 2.4e+06, 2043, 2.6e+06, 2044, 2.802e+06, 2045, 3.007e+06, 2046, 3.184e+06, 2047, 3.298e+06, 2048, 3.411e+06, 2049, 3.572e+06, 2050, 3.683e+06)",Metric Tonne,Corn,"canon RAS per-region expression (current_expressions_resources_4scenarios.csv, v0.67 - VALUE may be stale vs live v0.76+)","Was 'Unlimited' (canon ALL (12 regions)) in this scenario while RAS already carries a finite per-region cap. UPPER bound. The physical crop-supply potential is scenario-invariant, so the minimal canon-derived fix is to mirror RAS. No new number invented.",USER_RULING_R6,feedstock_supply,Medium,Current Accounts
Vietnam,Resources\Primary\Corn,Maximum Production,0,Metric Tonne,Corn,"canon RAS per-region expression (current_expressions_resources_4scenarios.csv, v0.67 - VALUE may be stale vs live v0.76+)","Was 'Unlimited' (canon ALL (12 regions)) in this scenario while RAS already carries a finite per-region cap. UPPER bound. The physical crop-supply potential is scenario-invariant, so the minimal canon-derived fix is to mirror RAS. No new number invented.",USER_RULING_R6,feedstock_supply,Medium,Current Accounts
