ams,branch,variable,expression,unit,fuel,source,note,src_csv,data_confidence,scenario
Brunei,Demand\Residential\Projections\Lighting\Electricity\CFL,Activity Level,"Interp(2025, 10, 2026, 9.6391, 2027, 9.1875, 2028, 8.6344, 2029, 7.9751, 2030, 7.214, 2031, 6.3671, 2032, 5.4625, 2033, 4.5375, 2034, 3.6329, 2035, 2.786, 2036, 2.0249, 2037, 1.3656, 2038, 0.8125, 2039, 0.3609, 2040, 0, 2041, 0, 2042, 0, 2043, 0, 2044, 0, 2045, 0, 2046, 0, 2047, 0, 2048, 0, 2049, 0, 2050, 0, 2051, 0, 2052, 0, 2053, 0, 2054, 0, 2055, 0, 2056, 0, 2057, 0, 2058, 0, 2059, 0, 2060, 0)",Percent,,Residential team handover 2026-05-21,"tech share within electricity-lit households, scenario=AMS Target Scenario",lighting_tech_shares.csv,Medium,AMS Target Scenario
Brunei,Demand\Residential\Projections\Lighting\Electricity\Fluorescent,Activity Level,"Interp(2025, 10, 2026, 9.6391, 2027, 9.1875, 2028, 8.6344, 2029, 7.9751, 2030, 7.214, 2031, 6.3671, 2032, 5.4625, 2033, 4.5375, 2034, 3.6329, 2035, 2.786, 2036, 2.0249, 2037, 1.3656, 2038, 0.8125, 2039, 0.3609, 2040, 0, 2041, 0, 2042, 0, 2043, 0, 2044, 0, 2045, 0, 2046, 0, 2047, 0, 2048, 0, 2049, 0, 2050, 0, 2051, 0, 2052, 0, 2053, 0, 2054, 0, 2055, 0, 2056, 0, 2057, 0, 2058, 0, 2059, 0, 2060, 0)",Percent,,Residential team handover 2026-05-21,"tech share within electricity-lit households, scenario=AMS Target Scenario",lighting_tech_shares.csv,Medium,AMS Target Scenario
Brunei,Demand\Residential\Projections\Lighting\Electricity\Halogen,Activity Level,"Interp(2025, 4, 2026, 3.8557, 2027, 3.675, 2028, 3.4537, 2029, 3.19, 2030, 2.8856, 2031, 2.5468, 2032, 2.185, 2033, 1.815, 2034, 1.4532, 2035, 1.1144, 2036, 0.81, 2037, 0.5463, 2038, 0.325, 2039, 0.1443, 2040, 0, 2041, 0, 2042, 0, 2043, 0, 2044, 0, 2045, 0, 2046, 0, 2047, 0, 2048, 0, 2049, 0, 2050, 0, 2051, 0, 2052, 0, 2053, 0, 2054, 0, 2055, 0, 2056, 0, 2057, 0, 2058, 0, 2059, 0, 2060, 0)",Percent,,Residential team handover 2026-05-21,"tech share within electricity-lit households, scenario=AMS Target Scenario",lighting_tech_shares.csv,Medium,AMS Target Scenario
Brunei,Demand\Residential\Projections\Lighting\Electricity\Incandescent,Activity Level,"Interp(2025, 4, 2026, 3.8557, 2027, 3.675, 2028, 3.4537, 2029, 3.19, 2030, 2.8856, 2031, 2.5468, 2032, 2.185, 2033, 1.815, 2034, 1.4532, 2035, 1.1144, 2036, 0.81, 2037, 0.5463, 2038, 0.325, 2039, 0.1443, 2040, 0, 2041, 0, 2042, 0, 2043, 0, 2044, 0, 2045, 0, 2046, 0, 2047, 0, 2048, 0, 2049, 0, 2050, 0, 2051, 0, 2052, 0, 2053, 0, 2054, 0, 2055, 0, 2056, 0, 2057, 0, 2058, 0, 2059, 0, 2060, 0)",Percent,,Residential team handover 2026-05-21,"tech share within electricity-lit households, scenario=AMS Target Scenario",lighting_tech_shares.csv,Medium,AMS Target Scenario
Brunei,Demand\Residential\Projections\Lighting\Electricity\LED,Activity Level,"Interp(2025, 72, 2026, 73.0104, 2027, 74.2751, 2028, 75.8238, 2029, 77.6697, 2030, 79.8008, 2031, 82.1721, 2032, 84.705, 2033, 87.295, 2034, 89.8279, 2035, 92.1992, 2036, 94.3303, 2037, 96.1762, 2038, 97.7249, 2039, 98.9896, 2040, 100, 2041, 100, 2042, 100, 2043, 100, 2044, 100, 2045, 100, 2046, 100, 2047, 100, 2048, 100, 2049, 100, 2050, 100, 2051, 100, 2052, 100, 2053, 100, 2054, 100, 2055, 100, 2056, 100, 2057, 100, 2058, 100, 2059, 100, 2060, 100)",Percent,,Residential team handover 2026-05-21,"tech share within electricity-lit households, scenario=AMS Target Scenario",lighting_tech_shares.csv,Medium,AMS Target Scenario
Brunei,Demand\Residential\Projections\Lighting\Electricity\CFL,Activity Level,"Interp(2025, 10, 2026, 10, 2027, 10, 2028, 10, 2029, 10, 2030, 10, 2031, 10, 2032, 10, 2033, 10, 2034, 10, 2035, 10, 2036, 10, 2037, 10, 2038, 10, 2039, 10, 2040, 10, 2041, 10, 2042, 10, 2043, 10, 2044, 10, 2045, 10, 2046, 10, 2047, 10, 2048, 10, 2049, 10, 2050, 10, 2051, 10, 2052, 10, 2053, 10, 2054, 10, 2055, 10, 2056, 10, 2057, 10, 2058, 10, 2059, 10, 2060, 10)",Percent,,Residential team handover 2026-05-21,"tech share within electricity-lit households, scenario=Baseline Simulation",lighting_tech_shares.csv,Medium,Baseline Simulation
Brunei,Demand\Residential\Projections\Lighting\Electricity\Fluorescent,Activity Level,"Interp(2025, 10, 2026, 10, 2027, 10, 2028, 10, 2029, 10, 2030, 10, 2031, 10, 2032, 10, 2033, 10, 2034, 10, 2035, 10, 2036, 10, 2037, 10, 2038, 10, 2039, 10, 2040, 10, 2041, 10, 2042, 10, 2043, 10, 2044, 10, 2045, 10, 2046, 10, 2047, 10, 2048, 10, 2049, 10, 2050, 10, 2051, 10, 2052, 10, 2053, 10, 2054, 10, 2055, 10, 2056, 10, 2057, 10, 2058, 10, 2059, 10, 2060, 10)",Percent,,Residential team handover 2026-05-21,"tech share within electricity-lit households, scenario=Baseline Simulation",lighting_tech_shares.csv,Medium,Baseline Simulation
Brunei,Demand\Residential\Projections\Lighting\Electricity\Halogen,Activity Level,"Interp(2025, 4, 2026, 4, 2027, 4, 2028, 4, 2029, 4, 2030, 4, 2031, 4, 2032, 4, 2033, 4, 2034, 4, 2035, 4, 2036, 4, 2037, 4, 2038, 4, 2039, 4, 2040, 4, 2041, 4, 2042, 4, 2043, 4, 2044, 4, 2045, 4, 2046, 4, 2047, 4, 2048, 4, 2049, 4, 2050, 4, 2051, 4, 2052, 4, 2053, 4, 2054, 4, 2055, 4, 2056, 4, 2057, 4, 2058, 4, 2059, 4, 2060, 4)",Percent,,Residential team handover 2026-05-21,"tech share within electricity-lit households, scenario=Baseline Simulation",lighting_tech_shares.csv,Medium,Baseline Simulation
Brunei,Demand\Residential\Projections\Lighting\Electricity\Incandescent,Activity Level,"Interp(2025, 4, 2026, 4, 2027, 4, 2028, 4, 2029, 4, 2030, 4, 2031, 4, 2032, 4, 2033, 4, 2034, 4, 2035, 4, 2036, 4, 2037, 4, 2038, 4, 2039, 4, 2040, 4, 2041, 4, 2042, 4, 2043, 4, 2044, 4, 2045, 4, 2046, 4, 2047, 4, 2048, 4, 2049, 4, 2050, 4, 2051, 4, 2052, 4, 2053, 4, 2054, 4, 2055, 4, 2056, 4, 2057, 4, 2058, 4, 2059, 4, 2060, 4)",Percent,,Residential team handover 2026-05-21,"tech share within electricity-lit households, scenario=Baseline Simulation",lighting_tech_shares.csv,Medium,Baseline Simulation
Brunei,Demand\Residential\Projections\Lighting\Electricity\LED,Activity Level,"Interp(2025, 72, 2026, 72, 2027, 72, 2028, 72, 2029, 72, 2030, 72, 2031, 72, 2032, 72, 2033, 72, 2034, 72, 2035, 72, 2036, 72, 2037, 72, 2038, 72, 2039, 72, 2040, 72, 2041, 72, 2042, 72, 2043, 72, 2044, 72, 2045, 72, 2046, 72, 2047, 72, 2048, 72, 2049, 72, 2050, 72, 2051, 72, 2052, 72, 2053, 72, 2054, 72, 2055, 72, 2056, 72, 2057, 72, 2058, 72, 2059, 72, 2060, 72)",Percent,,Residential team handover 2026-05-21,"tech share within electricity-lit households, scenario=Baseline Simulation",lighting_tech_shares.csv,Medium,Baseline Simulation
Brunei,Demand\Residential\Projections\Lighting\Electricity\CFL,Activity Level,"Interp(2025, 10, 2026, 9.293, 2027, 8.4206, 2028, 7.3894, 2029, 6.2305, 2030, 5, 2031, 3.7695, 2032, 2.6106, 2033, 1.5794, 2034, 0.707, 2035, 0, 2036, 0, 2037, 0, 2038, 0, 2039, 0, 2040, 0, 2041, 0, 2042, 0, 2043, 0, 2044, 0, 2045, 0, 2046, 0, 2047, 0, 2048, 0, 2049, 0, 2050, 0, 2051, 0, 2052, 0, 2053, 0, 2054, 0, 2055, 0, 2056, 0, 2057, 0, 2058, 0, 2059, 0, 2060, 0)",Percent,,Residential team handover 2026-05-21,"tech share within electricity-lit households, scenario=Regional Aspiration Scenario",lighting_tech_shares.csv,Medium,Regional Aspiration Scenario
Brunei,Demand\Residential\Projections\Lighting\Electricity\Fluorescent,Activity Level,"Interp(2025, 10, 2026, 9.293, 2027, 8.4206, 2028, 7.3894, 2029, 6.2305, 2030, 5, 2031, 3.7695, 2032, 2.6106, 2033, 1.5794, 2034, 0.707, 2035, 0, 2036, 0, 2037, 0, 2038, 0, 2039, 0, 2040, 0, 2041, 0, 2042, 0, 2043, 0, 2044, 0, 2045, 0, 2046, 0, 2047, 0, 2048, 0, 2049, 0, 2050, 0, 2051, 0, 2052, 0, 2053, 0, 2054, 0, 2055, 0, 2056, 0, 2057, 0, 2058, 0, 2059, 0, 2060, 0)",Percent,,Residential team handover 2026-05-21,"tech share within electricity-lit households, scenario=Regional Aspiration Scenario",lighting_tech_shares.csv,Medium,Regional Aspiration Scenario
Brunei,Demand\Residential\Projections\Lighting\Electricity\Halogen,Activity Level,"Interp(2025, 4, 2026, 3.7172, 2027, 3.3682, 2028, 2.9557, 2029, 2.4922, 2030, 2, 2031, 1.5078, 2032, 1.0443, 2033, 0.6318, 2034, 0.2828, 2035, 0, 2036, 0, 2037, 0, 2038, 0, 2039, 0, 2040, 0, 2041, 0, 2042, 0, 2043, 0, 2044, 0, 2045, 0, 2046, 0, 2047, 0, 2048, 0, 2049, 0, 2050, 0, 2051, 0, 2052, 0, 2053, 0, 2054, 0, 2055, 0, 2056, 0, 2057, 0, 2058, 0, 2059, 0, 2060, 0)",Percent,,Residential team handover 2026-05-21,"tech share within electricity-lit households, scenario=Regional Aspiration Scenario",lighting_tech_shares.csv,Medium,Regional Aspiration Scenario
Brunei,Demand\Residential\Projections\Lighting\Electricity\Incandescent,Activity Level,"Interp(2025, 4, 2026, 3.7172, 2027, 3.3682, 2028, 2.9557, 2029, 2.4922, 2030, 2, 2031, 1.5078, 2032, 1.0443, 2033, 0.6318, 2034, 0.2828, 2035, 0, 2036, 0, 2037, 0, 2038, 0, 2039, 0, 2040, 0, 2041, 0, 2042, 0, 2043, 0, 2044, 0, 2045, 0, 2046, 0, 2047, 0, 2048, 0, 2049, 0, 2050, 0, 2051, 0, 2052, 0, 2053, 0, 2054, 0, 2055, 0, 2056, 0, 2057, 0, 2058, 0, 2059, 0, 2060, 0)",Percent,,Residential team handover 2026-05-21,"tech share within electricity-lit households, scenario=Regional Aspiration Scenario",lighting_tech_shares.csv,Medium,Regional Aspiration Scenario
Brunei,Demand\Residential\Projections\Lighting\Electricity\LED,Activity Level,"Interp(2025, 72, 2026, 73.9797, 2027, 76.4224, 2028, 79.3098, 2029, 82.5545, 2030, 86, 2031, 89.4455, 2032, 92.6902, 2033, 95.5776, 2034, 98.0203, 2035, 100, 2036, 100, 2037, 100, 2038, 100, 2039, 100, 2040, 100, 2041, 100, 2042, 100, 2043, 100, 2044, 100, 2045, 100, 2046, 100, 2047, 100, 2048, 100, 2049, 100, 2050, 100, 2051, 100, 2052, 100, 2053, 100, 2054, 100, 2055, 100, 2056, 100, 2057, 100, 2058, 100, 2059, 100, 2060, 100)",Percent,,Residential team handover 2026-05-21,"tech share within electricity-lit households, scenario=Regional Aspiration Scenario",lighting_tech_shares.csv,Medium,Regional Aspiration Scenario
Brunei,Demand\Residential\Projections\Lighting\Electricity\CFL,Bulb Wattage,"Interp(2025, 14)",Watts,,"US DOE Lighting Facts / ENERGY STAR typical residential lamp wattages + UNEP U4E lamp-class conventions (60W-incandescent-equivalent, ~800 lm)",scenario-invariant; applies to all scenarios,lighting_bulb_wattage.csv,Medium,
Brunei,Demand\Residential\Projections\Lighting\Electricity\Fluorescent,Bulb Wattage,"Interp(2025, 32)",Watts,,"US DOE Lighting Facts / ENERGY STAR typical residential lamp wattages + UNEP U4E lamp-class conventions (60W-incandescent-equivalent, ~800 lm)",scenario-invariant; applies to all scenarios,lighting_bulb_wattage.csv,Medium,
Brunei,Demand\Residential\Projections\Lighting\Electricity\Halogen,Bulb Wattage,"Interp(2025, 42)",Watts,,"US DOE Lighting Facts / ENERGY STAR typical residential lamp wattages + UNEP U4E lamp-class conventions (60W-incandescent-equivalent, ~800 lm)",scenario-invariant; applies to all scenarios,lighting_bulb_wattage.csv,Medium,
Brunei,Demand\Residential\Projections\Lighting\Electricity\Incandescent,Bulb Wattage,"Interp(2025, 60)",Watts,,"US DOE Lighting Facts / ENERGY STAR typical residential lamp wattages + UNEP U4E lamp-class conventions (60W-incandescent-equivalent, ~800 lm)",scenario-invariant; applies to all scenarios,lighting_bulb_wattage.csv,Medium,
Brunei,Demand\Residential\Projections\Lighting\Electricity\LED,Bulb Wattage,"Interp(2025, 7)",Watts,,"Median residential LED-lamp wattage per AMS from lighting_catalogue_v1.csv (Stage 3 classified detail, Size_group=Lamp)",scenario-invariant; applies to all scenarios,lighting_bulb_wattage.csv,Medium,
Cambodia,Demand\Residential\Projections\Lighting\Electricity\CFL,Activity Level,"Interp(2025, 22, 2026, 21.2061, 2027, 20.2124, 2028, 18.9956, 2029, 17.5452, 2030, 15.8708, 2031, 14.0076, 2032, 12.0175, 2033, 9.9825, 2034, 7.9924, 2035, 6.1292, 2036, 4.4548, 2037, 3.0044, 2038, 1.7876, 2039, 0.7939, 2040, 0, 2041, 0, 2042, 0, 2043, 0, 2044, 0, 2045, 0, 2046, 0, 2047, 0, 2048, 0, 2049, 0, 2050, 0, 2051, 0, 2052, 0, 2053, 0, 2054, 0, 2055, 0, 2056, 0, 2057, 0, 2058, 0, 2059, 0, 2060, 0)",Percent,,Residential team handover 2026-05-21,"tech share within electricity-lit households, scenario=AMS Target Scenario",lighting_tech_shares.csv,Medium,AMS Target Scenario
Cambodia,Demand\Residential\Projections\Lighting\Electricity\Fluorescent,Activity Level,"Interp(2025, 18, 2026, 17.3505, 2027, 16.5374, 2028, 15.5419, 2029, 14.3552, 2030, 12.9852, 2031, 11.4608, 2032, 9.8325, 2033, 8.1675, 2034, 6.5392, 2035, 5.0148, 2036, 3.6448, 2037, 2.4581, 2038, 1.4626, 2039, 0.6495, 2040, 0, 2041, 0, 2042, 0, 2043, 0, 2044, 0, 2045, 0, 2046, 0, 2047, 0, 2048, 0, 2049, 0, 2050, 0, 2051, 0, 2052, 0, 2053, 0, 2054, 0, 2055, 0, 2056, 0, 2057, 0, 2058, 0, 2059, 0, 2060, 0)",Percent,,Residential team handover 2026-05-21,"tech share within electricity-lit households, scenario=AMS Target Scenario",lighting_tech_shares.csv,Medium,AMS Target Scenario
Cambodia,Demand\Residential\Projections\Lighting\Electricity\Halogen,Activity Level,"Interp(2025, 2, 2026, 1.9278, 2027, 1.8375, 2028, 1.7269, 2029, 1.595, 2030, 1.4428, 2031, 1.2734, 2032, 1.0925, 2033, 0.9075, 2034, 0.7266, 2035, 0.5572, 2036, 0.405, 2037, 0.2731, 2038, 0.1625, 2039, 0.0722, 2040, 0, 2041, 0, 2042, 0, 2043, 0, 2044, 0, 2045, 0, 2046, 0, 2047, 0, 2048, 0, 2049, 0, 2050, 0, 2051, 0, 2052, 0, 2053, 0, 2054, 0, 2055, 0, 2056, 0, 2057, 0, 2058, 0, 2059, 0, 2060, 0)",Percent,,Residential team handover 2026-05-21,"tech share within electricity-lit households, scenario=AMS Target Scenario",lighting_tech_shares.csv,Medium,AMS Target Scenario
Cambodia,Demand\Residential\Projections\Lighting\Electricity\Incandescent,Activity Level,"Interp(2025, 13, 2026, 12.5309, 2027, 11.9437, 2028, 11.2247, 2029, 10.3676, 2030, 9.3782, 2031, 8.2772, 2032, 7.1012, 2033, 5.8988, 2034, 4.7228, 2035, 3.6218, 2036, 2.6324, 2037, 1.7753, 2038, 1.0563, 2039, 0.4691, 2040, 0, 2041, 0, 2042, 0, 2043, 0, 2044, 0, 2045, 0, 2046, 0, 2047, 0, 2048, 0, 2049, 0, 2050, 0, 2051, 0, 2052, 0, 2053, 0, 2054, 0, 2055, 0, 2056, 0, 2057, 0, 2058, 0, 2059, 0, 2060, 0)",Percent,,Residential team handover 2026-05-21,"tech share within electricity-lit households, scenario=AMS Target Scenario",lighting_tech_shares.csv,Medium,AMS Target Scenario
Cambodia,Demand\Residential\Projections\Lighting\Electricity\LED,Activity Level,"Interp(2025, 45, 2026, 46.9847, 2027, 49.469, 2028, 52.511, 2029, 56.137, 2030, 60.323, 2031, 64.981, 2032, 69.9563, 2033, 75.0437, 2034, 80.019, 2035, 84.677, 2036, 88.863, 2037, 92.489, 2038, 95.531, 2039, 98.0153, 2040, 100, 2041, 100, 2042, 100, 2043, 100, 2044, 100, 2045, 100, 2046, 100, 2047, 100, 2048, 100, 2049, 100, 2050, 100, 2051, 100, 2052, 100, 2053, 100, 2054, 100, 2055, 100, 2056, 100, 2057, 100, 2058, 100, 2059, 100, 2060, 100)",Percent,,Residential team handover 2026-05-21,"tech share within electricity-lit households, scenario=AMS Target Scenario",lighting_tech_shares.csv,Medium,AMS Target Scenario
Cambodia,Demand\Residential\Projections\Lighting\Electricity\CFL,Activity Level,"Interp(2025, 22, 2026, 22, 2027, 22, 2028, 22, 2029, 22, 2030, 22, 2031, 22, 2032, 22, 2033, 22, 2034, 22, 2035, 22, 2036, 22, 2037, 22, 2038, 22, 2039, 22, 2040, 22, 2041, 22, 2042, 22, 2043, 22, 2044, 22, 2045, 22, 2046, 22, 2047, 22, 2048, 22, 2049, 22, 2050, 22, 2051, 22, 2052, 22, 2053, 22, 2054, 22, 2055, 22, 2056, 22, 2057, 22, 2058, 22, 2059, 22, 2060, 22)",Percent,,Residential team handover 2026-05-21,"tech share within electricity-lit households, scenario=Baseline Simulation",lighting_tech_shares.csv,Medium,Baseline Simulation
Cambodia,Demand\Residential\Projections\Lighting\Electricity\Fluorescent,Activity Level,"Interp(2025, 18, 2026, 18, 2027, 18, 2028, 18, 2029, 18, 2030, 18, 2031, 18, 2032, 18, 2033, 18, 2034, 18, 2035, 18, 2036, 18, 2037, 18, 2038, 18, 2039, 18, 2040, 18, 2041, 18, 2042, 18, 2043, 18, 2044, 18, 2045, 18, 2046, 18, 2047, 18, 2048, 18, 2049, 18, 2050, 18, 2051, 18, 2052, 18, 2053, 18, 2054, 18, 2055, 18, 2056, 18, 2057, 18, 2058, 18, 2059, 18, 2060, 18)",Percent,,Residential team handover 2026-05-21,"tech share within electricity-lit households, scenario=Baseline Simulation",lighting_tech_shares.csv,Medium,Baseline Simulation
Cambodia,Demand\Residential\Projections\Lighting\Electricity\Halogen,Activity Level,"Interp(2025, 2, 2026, 2, 2027, 2, 2028, 2, 2029, 2, 2030, 2, 2031, 2, 2032, 2, 2033, 2, 2034, 2, 2035, 2, 2036, 2, 2037, 2, 2038, 2, 2039, 2, 2040, 2, 2041, 2, 2042, 2, 2043, 2, 2044, 2, 2045, 2, 2046, 2, 2047, 2, 2048, 2, 2049, 2, 2050, 2, 2051, 2, 2052, 2, 2053, 2, 2054, 2, 2055, 2, 2056, 2, 2057, 2, 2058, 2, 2059, 2, 2060, 2)",Percent,,Residential team handover 2026-05-21,"tech share within electricity-lit households, scenario=Baseline Simulation",lighting_tech_shares.csv,Medium,Baseline Simulation
Cambodia,Demand\Residential\Projections\Lighting\Electricity\Incandescent,Activity Level,"Interp(2025, 13, 2026, 13, 2027, 13, 2028, 13, 2029, 13, 2030, 13, 2031, 13, 2032, 13, 2033, 13, 2034, 13, 2035, 13, 2036, 13, 2037, 13, 2038, 13, 2039, 13, 2040, 13, 2041, 13, 2042, 13, 2043, 13, 2044, 13, 2045, 13, 2046, 13, 2047, 13, 2048, 13, 2049, 13, 2050, 13, 2051, 13, 2052, 13, 2053, 13, 2054, 13, 2055, 13, 2056, 13, 2057, 13, 2058, 13, 2059, 13, 2060, 13)",Percent,,Residential team handover 2026-05-21,"tech share within electricity-lit households, scenario=Baseline Simulation",lighting_tech_shares.csv,Medium,Baseline Simulation
Cambodia,Demand\Residential\Projections\Lighting\Electricity\LED,Activity Level,"Interp(2025, 45, 2026, 45, 2027, 45, 2028, 45, 2029, 45, 2030, 45, 2031, 45, 2032, 45, 2033, 45, 2034, 45, 2035, 45, 2036, 45, 2037, 45, 2038, 45, 2039, 45, 2040, 45, 2041, 45, 2042, 45, 2043, 45, 2044, 45, 2045, 45, 2046, 45, 2047, 45, 2048, 45, 2049, 45, 2050, 45, 2051, 45, 2052, 45, 2053, 45, 2054, 45, 2055, 45, 2056, 45, 2057, 45, 2058, 45, 2059, 45, 2060, 45)",Percent,,Residential team handover 2026-05-21,"tech share within electricity-lit households, scenario=Baseline Simulation",lighting_tech_shares.csv,Medium,Baseline Simulation
Cambodia,Demand\Residential\Projections\Lighting\Electricity\CFL,Activity Level,"Interp(2025, 22, 2026, 20.4445, 2027, 18.5252, 2028, 16.2566, 2029, 13.7072, 2030, 11, 2031, 8.2928, 2032, 5.7434, 2033, 3.4748, 2034, 1.5555, 2035, 0, 2036, 0, 2037, 0, 2038, 0, 2039, 0, 2040, 0, 2041, 0, 2042, 0, 2043, 0, 2044, 0, 2045, 0, 2046, 0, 2047, 0, 2048, 0, 2049, 0, 2050, 0, 2051, 0, 2052, 0, 2053, 0, 2054, 0, 2055, 0, 2056, 0, 2057, 0, 2058, 0, 2059, 0, 2060, 0)",Percent,,Residential team handover 2026-05-21,"tech share within electricity-lit households, scenario=Regional Aspiration Scenario",lighting_tech_shares.csv,Medium,Regional Aspiration Scenario
Cambodia,Demand\Residential\Projections\Lighting\Electricity\Fluorescent,Activity Level,"Interp(2025, 18, 2026, 16.7273, 2027, 15.157, 2028, 13.3008, 2029, 11.215, 2030, 9, 2031, 6.785, 2032, 4.6992, 2033, 2.843, 2034, 1.2727, 2035, 0, 2036, 0, 2037, 0, 2038, 0, 2039, 0, 2040, 0, 2041, 0, 2042, 0, 2043, 0, 2044, 0, 2045, 0, 2046, 0, 2047, 0, 2048, 0, 2049, 0, 2050, 0, 2051, 0, 2052, 0, 2053, 0, 2054, 0, 2055, 0, 2056, 0, 2057, 0, 2058, 0, 2059, 0, 2060, 0)",Percent,,Residential team handover 2026-05-21,"tech share within electricity-lit households, scenario=Regional Aspiration Scenario",lighting_tech_shares.csv,Medium,Regional Aspiration Scenario
Cambodia,Demand\Residential\Projections\Lighting\Electricity\Halogen,Activity Level,"Interp(2025, 2, 2026, 1.8586, 2027, 1.6841, 2028, 1.4779, 2029, 1.2461, 2030, 1, 2031, 0.7539, 2032, 0.5221, 2033, 0.3159, 2034, 0.1414, 2035, 0, 2036, 0, 2037, 0, 2038, 0, 2039, 0, 2040, 0, 2041, 0, 2042, 0, 2043, 0, 2044, 0, 2045, 0, 2046, 0, 2047, 0, 2048, 0, 2049, 0, 2050, 0, 2051, 0, 2052, 0, 2053, 0, 2054, 0, 2055, 0, 2056, 0, 2057, 0, 2058, 0, 2059, 0, 2060, 0)",Percent,,Residential team handover 2026-05-21,"tech share within electricity-lit households, scenario=Regional Aspiration Scenario",lighting_tech_shares.csv,Medium,Regional Aspiration Scenario
Cambodia,Demand\Residential\Projections\Lighting\Electricity\Incandescent,Activity Level,"Interp(2025, 13, 2026, 12.0808, 2027, 10.9467, 2028, 9.6062, 2029, 8.0997, 2030, 6.5, 2031, 4.9003, 2032, 3.3938, 2033, 2.0533, 2034, 0.9192, 2035, 0, 2036, 0, 2037, 0, 2038, 0, 2039, 0, 2040, 0, 2041, 0, 2042, 0, 2043, 0, 2044, 0, 2045, 0, 2046, 0, 2047, 0, 2048, 0, 2049, 0, 2050, 0, 2051, 0, 2052, 0, 2053, 0, 2054, 0, 2055, 0, 2056, 0, 2057, 0, 2058, 0, 2059, 0, 2060, 0)",Percent,,Residential team handover 2026-05-21,"tech share within electricity-lit households, scenario=Regional Aspiration Scenario",lighting_tech_shares.csv,Medium,Regional Aspiration Scenario
Cambodia,Demand\Residential\Projections\Lighting\Electricity\LED,Activity Level,"Interp(2025, 45, 2026, 48.8887, 2027, 53.6869, 2028, 59.3586, 2029, 65.7321, 2030, 72.5, 2031, 79.2679, 2032, 85.6414, 2033, 91.3131, 2034, 96.1113, 2035, 100, 2036, 100, 2037, 100, 2038, 100, 2039, 100, 2040, 100, 2041, 100, 2042, 100, 2043, 100, 2044, 100, 2045, 100, 2046, 100, 2047, 100, 2048, 100, 2049, 100, 2050, 100, 2051, 100, 2052, 100, 2053, 100, 2054, 100, 2055, 100, 2056, 100, 2057, 100, 2058, 100, 2059, 100, 2060, 100)",Percent,,Residential team handover 2026-05-21,"tech share within electricity-lit households, scenario=Regional Aspiration Scenario",lighting_tech_shares.csv,Medium,Regional Aspiration Scenario
Cambodia,Demand\Residential\Projections\Lighting\Electricity\CFL,Bulb Wattage,"Interp(2025, 14)",Watts,,"US DOE Lighting Facts / ENERGY STAR typical residential lamp wattages + UNEP U4E lamp-class conventions (60W-incandescent-equivalent, ~800 lm)",scenario-invariant; applies to all scenarios,lighting_bulb_wattage.csv,Medium,
Cambodia,Demand\Residential\Projections\Lighting\Electricity\Fluorescent,Bulb Wattage,"Interp(2025, 32)",Watts,,"US DOE Lighting Facts / ENERGY STAR typical residential lamp wattages + UNEP U4E lamp-class conventions (60W-incandescent-equivalent, ~800 lm)",scenario-invariant; applies to all scenarios,lighting_bulb_wattage.csv,Medium,
Cambodia,Demand\Residential\Projections\Lighting\Electricity\Halogen,Bulb Wattage,"Interp(2025, 42)",Watts,,"US DOE Lighting Facts / ENERGY STAR typical residential lamp wattages + UNEP U4E lamp-class conventions (60W-incandescent-equivalent, ~800 lm)",scenario-invariant; applies to all scenarios,lighting_bulb_wattage.csv,Medium,
Cambodia,Demand\Residential\Projections\Lighting\Electricity\Incandescent,Bulb Wattage,"Interp(2025, 60)",Watts,,"US DOE Lighting Facts / ENERGY STAR typical residential lamp wattages + UNEP U4E lamp-class conventions (60W-incandescent-equivalent, ~800 lm)",scenario-invariant; applies to all scenarios,lighting_bulb_wattage.csv,Medium,
Cambodia,Demand\Residential\Projections\Lighting\Electricity\LED,Bulb Wattage,"Interp(2025, 8.25)",Watts,,"Median residential LED-lamp wattage per AMS from lighting_catalogue_v1.csv (Stage 3 classified detail, Size_group=Lamp)",scenario-invariant; applies to all scenarios,lighting_bulb_wattage.csv,Medium,
Indonesia,Demand\Residential\Projections\Lighting\Electricity\CFL,Activity Level,"Interp(2025, 20, 2026, 19.2783, 2027, 18.3749, 2028, 17.2687, 2029, 15.9502, 2030, 14.428, 2031, 12.7342, 2032, 10.925, 2033, 9.075, 2034, 7.2658, 2035, 5.572, 2036, 4.0498, 2037, 2.7313, 2038, 1.6251, 2039, 0.7217, 2040, 0, 2041, 0, 2042, 0, 2043, 0, 2044, 0, 2045, 0, 2046, 0, 2047, 0, 2048, 0, 2049, 0, 2050, 0, 2051, 0, 2052, 0, 2053, 0, 2054, 0, 2055, 0, 2056, 0, 2057, 0, 2058, 0, 2059, 0, 2060, 0)",Percent,,Residential team handover 2026-05-21,"tech share within electricity-lit households, scenario=AMS Target Scenario",lighting_tech_shares.csv,Medium,AMS Target Scenario
Indonesia,Demand\Residential\Projections\Lighting\Electricity\Fluorescent,Activity Level,"Interp(2025, 16, 2026, 15.4226, 2027, 14.6999, 2028, 13.815, 2029, 12.7602, 2030, 11.5424, 2031, 10.1874, 2032, 8.74, 2033, 7.26, 2034, 5.8126, 2035, 4.4576, 2036, 3.2398, 2037, 2.185, 2038, 1.3001, 2039, 0.5774, 2040, 0, 2041, 0, 2042, 0, 2043, 0, 2044, 0, 2045, 0, 2046, 0, 2047, 0, 2048, 0, 2049, 0, 2050, 0, 2051, 0, 2052, 0, 2053, 0, 2054, 0, 2055, 0, 2056, 0, 2057, 0, 2058, 0, 2059, 0, 2060, 0)",Percent,,Residential team handover 2026-05-21,"tech share within electricity-lit households, scenario=AMS Target Scenario",lighting_tech_shares.csv,Medium,AMS Target Scenario
Indonesia,Demand\Residential\Projections\Lighting\Electricity\Halogen,Activity Level,"Interp(2025, 3, 2026, 2.8917, 2027, 2.7562, 2028, 2.5903, 2029, 2.3925, 2030, 2.1642, 2031, 1.9101, 2032, 1.6387, 2033, 1.3613, 2034, 1.0899, 2035, 0.8358, 2036, 0.6075, 2037, 0.4097, 2038, 0.2438, 2039, 0.1083, 2040, 0, 2041, 0, 2042, 0, 2043, 0, 2044, 0, 2045, 0, 2046, 0, 2047, 0, 2048, 0, 2049, 0, 2050, 0, 2051, 0, 2052, 0, 2053, 0, 2054, 0, 2055, 0, 2056, 0, 2057, 0, 2058, 0, 2059, 0, 2060, 0)",Percent,,Residential team handover 2026-05-21,"tech share within electricity-lit households, scenario=AMS Target Scenario",lighting_tech_shares.csv,Medium,AMS Target Scenario
Indonesia,Demand\Residential\Projections\Lighting\Electricity\Incandescent,Activity Level,"Interp(2025, 9, 2026, 8.6752, 2027, 8.2687, 2028, 7.7709, 2029, 7.1776, 2030, 6.4926, 2031, 5.7304, 2032, 4.9162, 2033, 4.0838, 2034, 3.2696, 2035, 2.5074, 2036, 1.8224, 2037, 1.2291, 2038, 0.7313, 2039, 0.3248, 2040, 0, 2041, 0, 2042, 0, 2043, 0, 2044, 0, 2045, 0, 2046, 0, 2047, 0, 2048, 0, 2049, 0, 2050, 0, 2051, 0, 2052, 0, 2053, 0, 2054, 0, 2055, 0, 2056, 0, 2057, 0, 2058, 0, 2059, 0, 2060, 0)",Percent,,Residential team handover 2026-05-21,"tech share within electricity-lit households, scenario=AMS Target Scenario",lighting_tech_shares.csv,Medium,AMS Target Scenario
Indonesia,Demand\Residential\Projections\Lighting\Electricity\LED,Activity Level,"Interp(2025, 52, 2026, 53.7321, 2027, 55.9002, 2028, 58.555, 2029, 61.7195, 2030, 65.3728, 2031, 69.4379, 2032, 73.78, 2033, 78.22, 2034, 82.5621, 2035, 86.6272, 2036, 90.2805, 2037, 93.445, 2038, 96.0998, 2039, 98.2679, 2040, 100, 2041, 100, 2042, 100, 2043, 100, 2044, 100, 2045, 100, 2046, 100, 2047, 100, 2048, 100, 2049, 100, 2050, 100, 2051, 100, 2052, 100, 2053, 100, 2054, 100, 2055, 100, 2056, 100, 2057, 100, 2058, 100, 2059, 100, 2060, 100)",Percent,,Residential team handover 2026-05-21,"tech share within electricity-lit households, scenario=AMS Target Scenario",lighting_tech_shares.csv,Medium,AMS Target Scenario
Indonesia,Demand\Residential\Projections\Lighting\Electricity\CFL,Activity Level,"Interp(2025, 20, 2026, 20, 2027, 20, 2028, 20, 2029, 20, 2030, 20, 2031, 20, 2032, 20, 2033, 20, 2034, 20, 2035, 20, 2036, 20, 2037, 20, 2038, 20, 2039, 20, 2040, 20, 2041, 20, 2042, 20, 2043, 20, 2044, 20, 2045, 20, 2046, 20, 2047, 20, 2048, 20, 2049, 20, 2050, 20, 2051, 20, 2052, 20, 2053, 20, 2054, 20, 2055, 20, 2056, 20, 2057, 20, 2058, 20, 2059, 20, 2060, 20)",Percent,,Residential team handover 2026-05-21,"tech share within electricity-lit households, scenario=Baseline Simulation",lighting_tech_shares.csv,Medium,Baseline Simulation
Indonesia,Demand\Residential\Projections\Lighting\Electricity\Fluorescent,Activity Level,"Interp(2025, 16, 2026, 16, 2027, 16, 2028, 16, 2029, 16, 2030, 16, 2031, 16, 2032, 16, 2033, 16, 2034, 16, 2035, 16, 2036, 16, 2037, 16, 2038, 16, 2039, 16, 2040, 16, 2041, 16, 2042, 16, 2043, 16, 2044, 16, 2045, 16, 2046, 16, 2047, 16, 2048, 16, 2049, 16, 2050, 16, 2051, 16, 2052, 16, 2053, 16, 2054, 16, 2055, 16, 2056, 16, 2057, 16, 2058, 16, 2059, 16, 2060, 16)",Percent,,Residential team handover 2026-05-21,"tech share within electricity-lit households, scenario=Baseline Simulation",lighting_tech_shares.csv,Medium,Baseline Simulation
Indonesia,Demand\Residential\Projections\Lighting\Electricity\Halogen,Activity Level,"Interp(2025, 3, 2026, 3, 2027, 3, 2028, 3, 2029, 3, 2030, 3, 2031, 3, 2032, 3, 2033, 3, 2034, 3, 2035, 3, 2036, 3, 2037, 3, 2038, 3, 2039, 3, 2040, 3, 2041, 3, 2042, 3, 2043, 3, 2044, 3, 2045, 3, 2046, 3, 2047, 3, 2048, 3, 2049, 3, 2050, 3, 2051, 3, 2052, 3, 2053, 3, 2054, 3, 2055, 3, 2056, 3, 2057, 3, 2058, 3, 2059, 3, 2060, 3)",Percent,,Residential team handover 2026-05-21,"tech share within electricity-lit households, scenario=Baseline Simulation",lighting_tech_shares.csv,Medium,Baseline Simulation
Indonesia,Demand\Residential\Projections\Lighting\Electricity\Incandescent,Activity Level,"Interp(2025, 9, 2026, 9, 2027, 9, 2028, 9, 2029, 9, 2030, 9, 2031, 9, 2032, 9, 2033, 9, 2034, 9, 2035, 9, 2036, 9, 2037, 9, 2038, 9, 2039, 9, 2040, 9, 2041, 9, 2042, 9, 2043, 9, 2044, 9, 2045, 9, 2046, 9, 2047, 9, 2048, 9, 2049, 9, 2050, 9, 2051, 9, 2052, 9, 2053, 9, 2054, 9, 2055, 9, 2056, 9, 2057, 9, 2058, 9, 2059, 9, 2060, 9)",Percent,,Residential team handover 2026-05-21,"tech share within electricity-lit households, scenario=Baseline Simulation",lighting_tech_shares.csv,Medium,Baseline Simulation
Indonesia,Demand\Residential\Projections\Lighting\Electricity\LED,Activity Level,"Interp(2025, 52, 2026, 52, 2027, 52, 2028, 52, 2029, 52, 2030, 52, 2031, 52, 2032, 52, 2033, 52, 2034, 52, 2035, 52, 2036, 52, 2037, 52, 2038, 52, 2039, 52, 2040, 52, 2041, 52, 2042, 52, 2043, 52, 2044, 52, 2045, 52, 2046, 52, 2047, 52, 2048, 52, 2049, 52, 2050, 52, 2051, 52, 2052, 52, 2053, 52, 2054, 52, 2055, 52, 2056, 52, 2057, 52, 2058, 52, 2059, 52, 2060, 52)",Percent,,Residential team handover 2026-05-21,"tech share within electricity-lit households, scenario=Baseline Simulation",lighting_tech_shares.csv,Medium,Baseline Simulation
Indonesia,Demand\Residential\Projections\Lighting\Electricity\CFL,Activity Level,"Interp(2025, 20, 2026, 18.5859, 2027, 16.8411, 2028, 14.7787, 2029, 12.4611, 2030, 10, 2031, 7.5389, 2032, 5.2213, 2033, 3.1589, 2034, 1.4141, 2035, 0, 2036, 0, 2037, 0, 2038, 0, 2039, 0, 2040, 0, 2041, 0, 2042, 0, 2043, 0, 2044, 0, 2045, 0, 2046, 0, 2047, 0, 2048, 0, 2049, 0, 2050, 0, 2051, 0, 2052, 0, 2053, 0, 2054, 0, 2055, 0, 2056, 0, 2057, 0, 2058, 0, 2059, 0, 2060, 0)",Percent,,Residential team handover 2026-05-21,"tech share within electricity-lit households, scenario=Regional Aspiration Scenario",lighting_tech_shares.csv,Medium,Regional Aspiration Scenario
Indonesia,Demand\Residential\Projections\Lighting\Electricity\Fluorescent,Activity Level,"Interp(2025, 16, 2026, 14.8687, 2027, 13.4729, 2028, 11.823, 2029, 9.9688, 2030, 8, 2031, 6.0312, 2032, 4.177, 2033, 2.5271, 2034, 1.1313, 2035, 0, 2036, 0, 2037, 0, 2038, 0, 2039, 0, 2040, 0, 2041, 0, 2042, 0, 2043, 0, 2044, 0, 2045, 0, 2046, 0, 2047, 0, 2048, 0, 2049, 0, 2050, 0, 2051, 0, 2052, 0, 2053, 0, 2054, 0, 2055, 0, 2056, 0, 2057, 0, 2058, 0, 2059, 0, 2060, 0)",Percent,,Residential team handover 2026-05-21,"tech share within electricity-lit households, scenario=Regional Aspiration Scenario",lighting_tech_shares.csv,Medium,Regional Aspiration Scenario
Indonesia,Demand\Residential\Projections\Lighting\Electricity\Halogen,Activity Level,"Interp(2025, 3, 2026, 2.7879, 2027, 2.5262, 2028, 2.2168, 2029, 1.8692, 2030, 1.5, 2031, 1.1308, 2032, 0.7832, 2033, 0.4738, 2034, 0.2121, 2035, 0, 2036, 0, 2037, 0, 2038, 0, 2039, 0, 2040, 0, 2041, 0, 2042, 0, 2043, 0, 2044, 0, 2045, 0, 2046, 0, 2047, 0, 2048, 0, 2049, 0, 2050, 0, 2051, 0, 2052, 0, 2053, 0, 2054, 0, 2055, 0, 2056, 0, 2057, 0, 2058, 0, 2059, 0, 2060, 0)",Percent,,Residential team handover 2026-05-21,"tech share within electricity-lit households, scenario=Regional Aspiration Scenario",lighting_tech_shares.csv,Medium,Regional Aspiration Scenario
Indonesia,Demand\Residential\Projections\Lighting\Electricity\Incandescent,Activity Level,"Interp(2025, 9, 2026, 8.3637, 2027, 7.5785, 2028, 6.6504, 2029, 5.6075, 2030, 4.5, 2031, 3.3925, 2032, 2.3496, 2033, 1.4215, 2034, 0.6363, 2035, 0, 2036, 0, 2037, 0, 2038, 0, 2039, 0, 2040, 0, 2041, 0, 2042, 0, 2043, 0, 2044, 0, 2045, 0, 2046, 0, 2047, 0, 2048, 0, 2049, 0, 2050, 0, 2051, 0, 2052, 0, 2053, 0, 2054, 0, 2055, 0, 2056, 0, 2057, 0, 2058, 0, 2059, 0, 2060, 0)",Percent,,Residential team handover 2026-05-21,"tech share within electricity-lit households, scenario=Regional Aspiration Scenario",lighting_tech_shares.csv,Medium,Regional Aspiration Scenario
Indonesia,Demand\Residential\Projections\Lighting\Electricity\LED,Activity Level,"Interp(2025, 52, 2026, 55.3938, 2027, 59.5813, 2028, 64.5311, 2029, 70.0935, 2030, 76, 2031, 81.9065, 2032, 87.4689, 2033, 92.4187, 2034, 96.6062, 2035, 100, 2036, 100, 2037, 100, 2038, 100, 2039, 100, 2040, 100, 2041, 100, 2042, 100, 2043, 100, 2044, 100, 2045, 100, 2046, 100, 2047, 100, 2048, 100, 2049, 100, 2050, 100, 2051, 100, 2052, 100, 2053, 100, 2054, 100, 2055, 100, 2056, 100, 2057, 100, 2058, 100, 2059, 100, 2060, 100)",Percent,,Residential team handover 2026-05-21,"tech share within electricity-lit households, scenario=Regional Aspiration Scenario",lighting_tech_shares.csv,Medium,Regional Aspiration Scenario
Indonesia,Demand\Residential\Projections\Lighting\Electricity\CFL,Bulb Wattage,"Interp(2025, 14)",Watts,,"US DOE Lighting Facts / ENERGY STAR typical residential lamp wattages + UNEP U4E lamp-class conventions (60W-incandescent-equivalent, ~800 lm)",scenario-invariant; applies to all scenarios,lighting_bulb_wattage.csv,Medium,
Indonesia,Demand\Residential\Projections\Lighting\Electricity\Fluorescent,Bulb Wattage,"Interp(2025, 32)",Watts,,"US DOE Lighting Facts / ENERGY STAR typical residential lamp wattages + UNEP U4E lamp-class conventions (60W-incandescent-equivalent, ~800 lm)",scenario-invariant; applies to all scenarios,lighting_bulb_wattage.csv,Medium,
Indonesia,Demand\Residential\Projections\Lighting\Electricity\Halogen,Bulb Wattage,"Interp(2025, 42)",Watts,,"US DOE Lighting Facts / ENERGY STAR typical residential lamp wattages + UNEP U4E lamp-class conventions (60W-incandescent-equivalent, ~800 lm)",scenario-invariant; applies to all scenarios,lighting_bulb_wattage.csv,Medium,
Indonesia,Demand\Residential\Projections\Lighting\Electricity\Incandescent,Bulb Wattage,"Interp(2025, 60)",Watts,,"US DOE Lighting Facts / ENERGY STAR typical residential lamp wattages + UNEP U4E lamp-class conventions (60W-incandescent-equivalent, ~800 lm)",scenario-invariant; applies to all scenarios,lighting_bulb_wattage.csv,Medium,
Indonesia,Demand\Residential\Projections\Lighting\Electricity\LED,Bulb Wattage,"Interp(2025, 12.46)",Watts,,"Median residential LED-lamp wattage per AMS from lighting_catalogue_v1.csv (Stage 3 classified detail, Size_group=Lamp)",scenario-invariant; applies to all scenarios,lighting_bulb_wattage.csv,Medium,
Laos,Demand\Residential\Projections\Lighting\Electricity\CFL,Activity Level,"Interp(2025, 23, 2026, 22.17, 2027, 21.1311, 2028, 19.859, 2029, 18.3427, 2030, 16.5922, 2031, 14.6443, 2032, 12.5637, 2033, 10.4363, 2034, 8.3557, 2035, 6.4078, 2036, 4.6573, 2037, 3.141, 2038, 1.8689, 2039, 0.83, 2040, 0, 2041, 0, 2042, 0, 2043, 0, 2044, 0, 2045, 0, 2046, 0, 2047, 0, 2048, 0, 2049, 0, 2050, 0, 2051, 0, 2052, 0, 2053, 0, 2054, 0, 2055, 0, 2056, 0, 2057, 0, 2058, 0, 2059, 0, 2060, 0)",Percent,,Residential team handover 2026-05-21,"tech share within electricity-lit households, scenario=AMS Target Scenario",lighting_tech_shares.csv,Medium,AMS Target Scenario
Laos,Demand\Residential\Projections\Lighting\Electricity\Fluorescent,Activity Level,"Interp(2025, 19, 2026, 18.3144, 2027, 17.4562, 2028, 16.4053, 2029, 15.1527, 2030, 13.7066, 2031, 12.0975, 2032, 10.3787, 2033, 8.6213, 2034, 6.9025, 2035, 5.2934, 2036, 3.8473, 2037, 2.5947, 2038, 1.5438, 2039, 0.6856, 2040, 0, 2041, 0, 2042, 0, 2043, 0, 2044, 0, 2045, 0, 2046, 0, 2047, 0, 2048, 0, 2049, 0, 2050, 0, 2051, 0, 2052, 0, 2053, 0, 2054, 0, 2055, 0, 2056, 0, 2057, 0, 2058, 0, 2059, 0, 2060, 0)",Percent,,Residential team handover 2026-05-21,"tech share within electricity-lit households, scenario=AMS Target Scenario",lighting_tech_shares.csv,Medium,AMS Target Scenario
Laos,Demand\Residential\Projections\Lighting\Electricity\Halogen,Activity Level,"Interp(2025, 2, 2026, 1.9278, 2027, 1.8375, 2028, 1.7269, 2029, 1.595, 2030, 1.4428, 2031, 1.2734, 2032, 1.0925, 2033, 0.9075, 2034, 0.7266, 2035, 0.5572, 2036, 0.405, 2037, 0.2731, 2038, 0.1625, 2039, 0.0722, 2040, 0, 2041, 0, 2042, 0, 2043, 0, 2044, 0, 2045, 0, 2046, 0, 2047, 0, 2048, 0, 2049, 0, 2050, 0, 2051, 0, 2052, 0, 2053, 0, 2054, 0, 2055, 0, 2056, 0, 2057, 0, 2058, 0, 2059, 0, 2060, 0)",Percent,,Residential team handover 2026-05-21,"tech share within electricity-lit households, scenario=AMS Target Scenario",lighting_tech_shares.csv,Medium,AMS Target Scenario
Laos,Demand\Residential\Projections\Lighting\Electricity\Incandescent,Activity Level,"Interp(2025, 14, 2026, 13.4948, 2027, 12.8624, 2028, 12.0881, 2029, 11.1651, 2030, 10.0996, 2031, 8.9139, 2032, 7.6475, 2033, 6.3525, 2034, 5.0861, 2035, 3.9004, 2036, 2.8349, 2037, 1.9119, 2038, 1.1376, 2039, 0.5052, 2040, 0, 2041, 0, 2042, 0, 2043, 0, 2044, 0, 2045, 0, 2046, 0, 2047, 0, 2048, 0, 2049, 0, 2050, 0, 2051, 0, 2052, 0, 2053, 0, 2054, 0, 2055, 0, 2056, 0, 2057, 0, 2058, 0, 2059, 0, 2060, 0)",Percent,,Residential team handover 2026-05-21,"tech share within electricity-lit households, scenario=AMS Target Scenario",lighting_tech_shares.csv,Medium,AMS Target Scenario
Laos,Demand\Residential\Projections\Lighting\Electricity\LED,Activity Level,"Interp(2025, 42, 2026, 44.0929, 2027, 46.7128, 2028, 49.9207, 2029, 53.7444, 2030, 58.1588, 2031, 63.0708, 2032, 68.3175, 2033, 73.6825, 2034, 78.9292, 2035, 83.8412, 2036, 88.2556, 2037, 92.0793, 2038, 95.2872, 2039, 97.9071, 2040, 100, 2041, 100, 2042, 100, 2043, 100, 2044, 100, 2045, 100, 2046, 100, 2047, 100, 2048, 100, 2049, 100, 2050, 100, 2051, 100, 2052, 100, 2053, 100, 2054, 100, 2055, 100, 2056, 100, 2057, 100, 2058, 100, 2059, 100, 2060, 100)",Percent,,Residential team handover 2026-05-21,"tech share within electricity-lit households, scenario=AMS Target Scenario",lighting_tech_shares.csv,Medium,AMS Target Scenario
Laos,Demand\Residential\Projections\Lighting\Electricity\CFL,Activity Level,"Interp(2025, 23, 2026, 23, 2027, 23, 2028, 23, 2029, 23, 2030, 23, 2031, 23, 2032, 23, 2033, 23, 2034, 23, 2035, 23, 2036, 23, 2037, 23, 2038, 23, 2039, 23, 2040, 23, 2041, 23, 2042, 23, 2043, 23, 2044, 23, 2045, 23, 2046, 23, 2047, 23, 2048, 23, 2049, 23, 2050, 23, 2051, 23, 2052, 23, 2053, 23, 2054, 23, 2055, 23, 2056, 23, 2057, 23, 2058, 23, 2059, 23, 2060, 23)",Percent,,Residential team handover 2026-05-21,"tech share within electricity-lit households, scenario=Baseline Simulation",lighting_tech_shares.csv,Medium,Baseline Simulation
Laos,Demand\Residential\Projections\Lighting\Electricity\Fluorescent,Activity Level,"Interp(2025, 19, 2026, 19, 2027, 19, 2028, 19, 2029, 19, 2030, 19, 2031, 19, 2032, 19, 2033, 19, 2034, 19, 2035, 19, 2036, 19, 2037, 19, 2038, 19, 2039, 19, 2040, 19, 2041, 19, 2042, 19, 2043, 19, 2044, 19, 2045, 19, 2046, 19, 2047, 19, 2048, 19, 2049, 19, 2050, 19, 2051, 19, 2052, 19, 2053, 19, 2054, 19, 2055, 19, 2056, 19, 2057, 19, 2058, 19, 2059, 19, 2060, 19)",Percent,,Residential team handover 2026-05-21,"tech share within electricity-lit households, scenario=Baseline Simulation",lighting_tech_shares.csv,Medium,Baseline Simulation
Laos,Demand\Residential\Projections\Lighting\Electricity\Halogen,Activity Level,"Interp(2025, 2, 2026, 2, 2027, 2, 2028, 2, 2029, 2, 2030, 2, 2031, 2, 2032, 2, 2033, 2, 2034, 2, 2035, 2, 2036, 2, 2037, 2, 2038, 2, 2039, 2, 2040, 2, 2041, 2, 2042, 2, 2043, 2, 2044, 2, 2045, 2, 2046, 2, 2047, 2, 2048, 2, 2049, 2, 2050, 2, 2051, 2, 2052, 2, 2053, 2, 2054, 2, 2055, 2, 2056, 2, 2057, 2, 2058, 2, 2059, 2, 2060, 2)",Percent,,Residential team handover 2026-05-21,"tech share within electricity-lit households, scenario=Baseline Simulation",lighting_tech_shares.csv,Medium,Baseline Simulation
Laos,Demand\Residential\Projections\Lighting\Electricity\Incandescent,Activity Level,"Interp(2025, 14, 2026, 14, 2027, 14, 2028, 14, 2029, 14, 2030, 14, 2031, 14, 2032, 14, 2033, 14, 2034, 14, 2035, 14, 2036, 14, 2037, 14, 2038, 14, 2039, 14, 2040, 14, 2041, 14, 2042, 14, 2043, 14, 2044, 14, 2045, 14, 2046, 14, 2047, 14, 2048, 14, 2049, 14, 2050, 14, 2051, 14, 2052, 14, 2053, 14, 2054, 14, 2055, 14, 2056, 14, 2057, 14, 2058, 14, 2059, 14, 2060, 14)",Percent,,Residential team handover 2026-05-21,"tech share within electricity-lit households, scenario=Baseline Simulation",lighting_tech_shares.csv,Medium,Baseline Simulation
Laos,Demand\Residential\Projections\Lighting\Electricity\LED,Activity Level,"Interp(2025, 42, 2026, 42, 2027, 42, 2028, 42, 2029, 42, 2030, 42, 2031, 42, 2032, 42, 2033, 42, 2034, 42, 2035, 42, 2036, 42, 2037, 42, 2038, 42, 2039, 42, 2040, 42, 2041, 42, 2042, 42, 2043, 42, 2044, 42, 2045, 42, 2046, 42, 2047, 42, 2048, 42, 2049, 42, 2050, 42, 2051, 42, 2052, 42, 2053, 42, 2054, 42, 2055, 42, 2056, 42, 2057, 42, 2058, 42, 2059, 42, 2060, 42)",Percent,,Residential team handover 2026-05-21,"tech share within electricity-lit households, scenario=Baseline Simulation",lighting_tech_shares.csv,Medium,Baseline Simulation
Laos,Demand\Residential\Projections\Lighting\Electricity\CFL,Activity Level,"Interp(2025, 23, 2026, 21.3738, 2027, 19.3673, 2028, 16.9955, 2029, 14.3302, 2030, 11.5, 2031, 8.6698, 2032, 6.0045, 2033, 3.6327, 2034, 1.6262, 2035, 0, 2036, 0, 2037, 0, 2038, 0, 2039, 0, 2040, 0, 2041, 0, 2042, 0, 2043, 0, 2044, 0, 2045, 0, 2046, 0, 2047, 0, 2048, 0, 2049, 0, 2050, 0, 2051, 0, 2052, 0, 2053, 0, 2054, 0, 2055, 0, 2056, 0, 2057, 0, 2058, 0, 2059, 0, 2060, 0)",Percent,,Residential team handover 2026-05-21,"tech share within electricity-lit households, scenario=Regional Aspiration Scenario",lighting_tech_shares.csv,Medium,Regional Aspiration Scenario
Laos,Demand\Residential\Projections\Lighting\Electricity\Fluorescent,Activity Level,"Interp(2025, 19, 2026, 17.6566, 2027, 15.9991, 2028, 14.0398, 2029, 11.838, 2030, 9.5, 2031, 7.162, 2032, 4.9602, 2033, 3.0009, 2034, 1.3434, 2035, 0, 2036, 0, 2037, 0, 2038, 0, 2039, 0, 2040, 0, 2041, 0, 2042, 0, 2043, 0, 2044, 0, 2045, 0, 2046, 0, 2047, 0, 2048, 0, 2049, 0, 2050, 0, 2051, 0, 2052, 0, 2053, 0, 2054, 0, 2055, 0, 2056, 0, 2057, 0, 2058, 0, 2059, 0, 2060, 0)",Percent,,Residential team handover 2026-05-21,"tech share within electricity-lit households, scenario=Regional Aspiration Scenario",lighting_tech_shares.csv,Medium,Regional Aspiration Scenario
Laos,Demand\Residential\Projections\Lighting\Electricity\Halogen,Activity Level,"Interp(2025, 2, 2026, 1.8586, 2027, 1.6841, 2028, 1.4779, 2029, 1.2461, 2030, 1, 2031, 0.7539, 2032, 0.5221, 2033, 0.3159, 2034, 0.1414, 2035, 0, 2036, 0, 2037, 0, 2038, 0, 2039, 0, 2040, 0, 2041, 0, 2042, 0, 2043, 0, 2044, 0, 2045, 0, 2046, 0, 2047, 0, 2048, 0, 2049, 0, 2050, 0, 2051, 0, 2052, 0, 2053, 0, 2054, 0, 2055, 0, 2056, 0, 2057, 0, 2058, 0, 2059, 0, 2060, 0)",Percent,,Residential team handover 2026-05-21,"tech share within electricity-lit households, scenario=Regional Aspiration Scenario",lighting_tech_shares.csv,Medium,Regional Aspiration Scenario
Laos,Demand\Residential\Projections\Lighting\Electricity\Incandescent,Activity Level,"Interp(2025, 14, 2026, 13.0101, 2027, 11.7888, 2028, 10.3451, 2029, 8.7227, 2030, 7, 2031, 5.2773, 2032, 3.6549, 2033, 2.2112, 2034, 0.9899, 2035, 0, 2036, 0, 2037, 0, 2038, 0, 2039, 0, 2040, 0, 2041, 0, 2042, 0, 2043, 0, 2044, 0, 2045, 0, 2046, 0, 2047, 0, 2048, 0, 2049, 0, 2050, 0, 2051, 0, 2052, 0, 2053, 0, 2054, 0, 2055, 0, 2056, 0, 2057, 0, 2058, 0, 2059, 0, 2060, 0)",Percent,,Residential team handover 2026-05-21,"tech share within electricity-lit households, scenario=Regional Aspiration Scenario",lighting_tech_shares.csv,Medium,Regional Aspiration Scenario
Laos,Demand\Residential\Projections\Lighting\Electricity\LED,Activity Level,"Interp(2025, 42, 2026, 46.1008, 2027, 51.1608, 2028, 57.1418, 2029, 63.8629, 2030, 71, 2031, 78.1371, 2032, 84.8582, 2033, 90.8392, 2034, 95.8992, 2035, 100, 2036, 100, 2037, 100, 2038, 100, 2039, 100, 2040, 100, 2041, 100, 2042, 100, 2043, 100, 2044, 100, 2045, 100, 2046, 100, 2047, 100, 2048, 100, 2049, 100, 2050, 100, 2051, 100, 2052, 100, 2053, 100, 2054, 100, 2055, 100, 2056, 100, 2057, 100, 2058, 100, 2059, 100, 2060, 100)",Percent,,Residential team handover 2026-05-21,"tech share within electricity-lit households, scenario=Regional Aspiration Scenario",lighting_tech_shares.csv,Medium,Regional Aspiration Scenario
Laos,Demand\Residential\Projections\Lighting\Electricity\CFL,Bulb Wattage,"Interp(2025, 14)",Watts,,"US DOE Lighting Facts / ENERGY STAR typical residential lamp wattages + UNEP U4E lamp-class conventions (60W-incandescent-equivalent, ~800 lm)",scenario-invariant; applies to all scenarios,lighting_bulb_wattage.csv,Medium,
Laos,Demand\Residential\Projections\Lighting\Electricity\Fluorescent,Bulb Wattage,"Interp(2025, 32)",Watts,,"US DOE Lighting Facts / ENERGY STAR typical residential lamp wattages + UNEP U4E lamp-class conventions (60W-incandescent-equivalent, ~800 lm)",scenario-invariant; applies to all scenarios,lighting_bulb_wattage.csv,Medium,
Laos,Demand\Residential\Projections\Lighting\Electricity\Halogen,Bulb Wattage,"Interp(2025, 42)",Watts,,"US DOE Lighting Facts / ENERGY STAR typical residential lamp wattages + UNEP U4E lamp-class conventions (60W-incandescent-equivalent, ~800 lm)",scenario-invariant; applies to all scenarios,lighting_bulb_wattage.csv,Medium,
Laos,Demand\Residential\Projections\Lighting\Electricity\Incandescent,Bulb Wattage,"Interp(2025, 60)",Watts,,"US DOE Lighting Facts / ENERGY STAR typical residential lamp wattages + UNEP U4E lamp-class conventions (60W-incandescent-equivalent, ~800 lm)",scenario-invariant; applies to all scenarios,lighting_bulb_wattage.csv,Medium,
Laos,Demand\Residential\Projections\Lighting\Electricity\LED,Bulb Wattage,"Interp(2025, 12)",Watts,,"Median residential LED-lamp wattage per AMS from lighting_catalogue_v1.csv (Stage 3 classified detail, Size_group=Lamp)",scenario-invariant; applies to all scenarios,lighting_bulb_wattage.csv,Medium,
Malaysia,Demand\Residential\Projections\Lighting\Electricity\CFL,Activity Level,"Interp(2025, 13, 2026, 12.5309, 2027, 11.9437, 2028, 11.2247, 2029, 10.3676, 2030, 9.3782, 2031, 8.2772, 2032, 7.1012, 2033, 5.8988, 2034, 4.7228, 2035, 3.6218, 2036, 2.6324, 2037, 1.7753, 2038, 1.0563, 2039, 0.4691, 2040, 0, 2041, 0, 2042, 0, 2043, 0, 2044, 0, 2045, 0, 2046, 0, 2047, 0, 2048, 0, 2049, 0, 2050, 0, 2051, 0, 2052, 0, 2053, 0, 2054, 0, 2055, 0, 2056, 0, 2057, 0, 2058, 0, 2059, 0, 2060, 0)",Percent,,Residential team handover 2026-05-21,"tech share within electricity-lit households, scenario=AMS Target Scenario",lighting_tech_shares.csv,Medium,AMS Target Scenario
Malaysia,Demand\Residential\Projections\Lighting\Electricity\Fluorescent,Activity Level,"Interp(2025, 13, 2026, 12.5309, 2027, 11.9437, 2028, 11.2247, 2029, 10.3676, 2030, 9.3782, 2031, 8.2772, 2032, 7.1012, 2033, 5.8988, 2034, 4.7228, 2035, 3.6218, 2036, 2.6324, 2037, 1.7753, 2038, 1.0563, 2039, 0.4691, 2040, 0, 2041, 0, 2042, 0, 2043, 0, 2044, 0, 2045, 0, 2046, 0, 2047, 0, 2048, 0, 2049, 0, 2050, 0, 2051, 0, 2052, 0, 2053, 0, 2054, 0, 2055, 0, 2056, 0, 2057, 0, 2058, 0, 2059, 0, 2060, 0)",Percent,,Residential team handover 2026-05-21,"tech share within electricity-lit households, scenario=AMS Target Scenario",lighting_tech_shares.csv,Medium,AMS Target Scenario
Malaysia,Demand\Residential\Projections\Lighting\Electricity\Halogen,Activity Level,"Interp(2025, 4, 2026, 3.8557, 2027, 3.675, 2028, 3.4537, 2029, 3.19, 2030, 2.8856, 2031, 2.5468, 2032, 2.185, 2033, 1.815, 2034, 1.4532, 2035, 1.1144, 2036, 0.81, 2037, 0.5463, 2038, 0.325, 2039, 0.1443, 2040, 0, 2041, 0, 2042, 0, 2043, 0, 2044, 0, 2045, 0, 2046, 0, 2047, 0, 2048, 0, 2049, 0, 2050, 0, 2051, 0, 2052, 0, 2053, 0, 2054, 0, 2055, 0, 2056, 0, 2057, 0, 2058, 0, 2059, 0, 2060, 0)",Percent,,Residential team handover 2026-05-21,"tech share within electricity-lit households, scenario=AMS Target Scenario",lighting_tech_shares.csv,Medium,AMS Target Scenario
Malaysia,Demand\Residential\Projections\Lighting\Electricity\Incandescent,Activity Level,"Interp(2025, 5, 2026, 4.8196, 2027, 4.5937, 2028, 4.3172, 2029, 3.9875, 2030, 3.607, 2031, 3.1835, 2032, 2.7312, 2033, 2.2688, 2034, 1.8165, 2035, 1.393, 2036, 1.0125, 2037, 0.6828, 2038, 0.4063, 2039, 0.1804, 2040, 0, 2041, 0, 2042, 0, 2043, 0, 2044, 0, 2045, 0, 2046, 0, 2047, 0, 2048, 0, 2049, 0, 2050, 0, 2051, 0, 2052, 0, 2053, 0, 2054, 0, 2055, 0, 2056, 0, 2057, 0, 2058, 0, 2059, 0, 2060, 0)",Percent,,Residential team handover 2026-05-21,"tech share within electricity-lit households, scenario=AMS Target Scenario",lighting_tech_shares.csv,Medium,AMS Target Scenario
Malaysia,Demand\Residential\Projections\Lighting\Electricity\LED,Activity Level,"Interp(2025, 65, 2026, 66.263, 2027, 67.8439, 2028, 69.7797, 2029, 72.0872, 2030, 74.751, 2031, 77.7152, 2032, 80.8813, 2033, 84.1187, 2034, 87.2848, 2035, 90.249, 2036, 92.9128, 2037, 95.2203, 2038, 97.1561, 2039, 98.737, 2040, 100, 2041, 100, 2042, 100, 2043, 100, 2044, 100, 2045, 100, 2046, 100, 2047, 100, 2048, 100, 2049, 100, 2050, 100, 2051, 100, 2052, 100, 2053, 100, 2054, 100, 2055, 100, 2056, 100, 2057, 100, 2058, 100, 2059, 100, 2060, 100)",Percent,,Residential team handover 2026-05-21,"tech share within electricity-lit households, scenario=AMS Target Scenario",lighting_tech_shares.csv,Medium,AMS Target Scenario
Malaysia,Demand\Residential\Projections\Lighting\Electricity\CFL,Activity Level,"Interp(2025, 13, 2026, 13, 2027, 13, 2028, 13, 2029, 13, 2030, 13, 2031, 13, 2032, 13, 2033, 13, 2034, 13, 2035, 13, 2036, 13, 2037, 13, 2038, 13, 2039, 13, 2040, 13, 2041, 13, 2042, 13, 2043, 13, 2044, 13, 2045, 13, 2046, 13, 2047, 13, 2048, 13, 2049, 13, 2050, 13, 2051, 13, 2052, 13, 2053, 13, 2054, 13, 2055, 13, 2056, 13, 2057, 13, 2058, 13, 2059, 13, 2060, 13)",Percent,,Residential team handover 2026-05-21,"tech share within electricity-lit households, scenario=Baseline Simulation",lighting_tech_shares.csv,Medium,Baseline Simulation
Malaysia,Demand\Residential\Projections\Lighting\Electricity\Fluorescent,Activity Level,"Interp(2025, 13, 2026, 13, 2027, 13, 2028, 13, 2029, 13, 2030, 13, 2031, 13, 2032, 13, 2033, 13, 2034, 13, 2035, 13, 2036, 13, 2037, 13, 2038, 13, 2039, 13, 2040, 13, 2041, 13, 2042, 13, 2043, 13, 2044, 13, 2045, 13, 2046, 13, 2047, 13, 2048, 13, 2049, 13, 2050, 13, 2051, 13, 2052, 13, 2053, 13, 2054, 13, 2055, 13, 2056, 13, 2057, 13, 2058, 13, 2059, 13, 2060, 13)",Percent,,Residential team handover 2026-05-21,"tech share within electricity-lit households, scenario=Baseline Simulation",lighting_tech_shares.csv,Medium,Baseline Simulation
Malaysia,Demand\Residential\Projections\Lighting\Electricity\Halogen,Activity Level,"Interp(2025, 4, 2026, 4, 2027, 4, 2028, 4, 2029, 4, 2030, 4, 2031, 4, 2032, 4, 2033, 4, 2034, 4, 2035, 4, 2036, 4, 2037, 4, 2038, 4, 2039, 4, 2040, 4, 2041, 4, 2042, 4, 2043, 4, 2044, 4, 2045, 4, 2046, 4, 2047, 4, 2048, 4, 2049, 4, 2050, 4, 2051, 4, 2052, 4, 2053, 4, 2054, 4, 2055, 4, 2056, 4, 2057, 4, 2058, 4, 2059, 4, 2060, 4)",Percent,,Residential team handover 2026-05-21,"tech share within electricity-lit households, scenario=Baseline Simulation",lighting_tech_shares.csv,Medium,Baseline Simulation
Malaysia,Demand\Residential\Projections\Lighting\Electricity\Incandescent,Activity Level,"Interp(2025, 5, 2026, 5, 2027, 5, 2028, 5, 2029, 5, 2030, 5, 2031, 5, 2032, 5, 2033, 5, 2034, 5, 2035, 5, 2036, 5, 2037, 5, 2038, 5, 2039, 5, 2040, 5, 2041, 5, 2042, 5, 2043, 5, 2044, 5, 2045, 5, 2046, 5, 2047, 5, 2048, 5, 2049, 5, 2050, 5, 2051, 5, 2052, 5, 2053, 5, 2054, 5, 2055, 5, 2056, 5, 2057, 5, 2058, 5, 2059, 5, 2060, 5)",Percent,,Residential team handover 2026-05-21,"tech share within electricity-lit households, scenario=Baseline Simulation",lighting_tech_shares.csv,Medium,Baseline Simulation
Malaysia,Demand\Residential\Projections\Lighting\Electricity\LED,Activity Level,"Interp(2025, 65, 2026, 65, 2027, 65, 2028, 65, 2029, 65, 2030, 65, 2031, 65, 2032, 65, 2033, 65, 2034, 65, 2035, 65, 2036, 65, 2037, 65, 2038, 65, 2039, 65, 2040, 65, 2041, 65, 2042, 65, 2043, 65, 2044, 65, 2045, 65, 2046, 65, 2047, 65, 2048, 65, 2049, 65, 2050, 65, 2051, 65, 2052, 65, 2053, 65, 2054, 65, 2055, 65, 2056, 65, 2057, 65, 2058, 65, 2059, 65, 2060, 65)",Percent,,Residential team handover 2026-05-21,"tech share within electricity-lit households, scenario=Baseline Simulation",lighting_tech_shares.csv,Medium,Baseline Simulation
Malaysia,Demand\Residential\Projections\Lighting\Electricity\CFL,Activity Level,"Interp(2025, 13, 2026, 12.0808, 2027, 10.9467, 2028, 9.6062, 2029, 8.0997, 2030, 6.5, 2031, 4.9003, 2032, 3.3938, 2033, 2.0533, 2034, 0.9192, 2035, 0, 2036, 0, 2037, 0, 2038, 0, 2039, 0, 2040, 0, 2041, 0, 2042, 0, 2043, 0, 2044, 0, 2045, 0, 2046, 0, 2047, 0, 2048, 0, 2049, 0, 2050, 0, 2051, 0, 2052, 0, 2053, 0, 2054, 0, 2055, 0, 2056, 0, 2057, 0, 2058, 0, 2059, 0, 2060, 0)",Percent,,Residential team handover 2026-05-21,"tech share within electricity-lit households, scenario=Regional Aspiration Scenario",lighting_tech_shares.csv,Medium,Regional Aspiration Scenario
Malaysia,Demand\Residential\Projections\Lighting\Electricity\Fluorescent,Activity Level,"Interp(2025, 13, 2026, 12.0808, 2027, 10.9467, 2028, 9.6062, 2029, 8.0997, 2030, 6.5, 2031, 4.9003, 2032, 3.3938, 2033, 2.0533, 2034, 0.9192, 2035, 0, 2036, 0, 2037, 0, 2038, 0, 2039, 0, 2040, 0, 2041, 0, 2042, 0, 2043, 0, 2044, 0, 2045, 0, 2046, 0, 2047, 0, 2048, 0, 2049, 0, 2050, 0, 2051, 0, 2052, 0, 2053, 0, 2054, 0, 2055, 0, 2056, 0, 2057, 0, 2058, 0, 2059, 0, 2060, 0)",Percent,,Residential team handover 2026-05-21,"tech share within electricity-lit households, scenario=Regional Aspiration Scenario",lighting_tech_shares.csv,Medium,Regional Aspiration Scenario
Malaysia,Demand\Residential\Projections\Lighting\Electricity\Halogen,Activity Level,"Interp(2025, 4, 2026, 3.7172, 2027, 3.3682, 2028, 2.9557, 2029, 2.4922, 2030, 2, 2031, 1.5078, 2032, 1.0443, 2033, 0.6318, 2034, 0.2828, 2035, 0, 2036, 0, 2037, 0, 2038, 0, 2039, 0, 2040, 0, 2041, 0, 2042, 0, 2043, 0, 2044, 0, 2045, 0, 2046, 0, 2047, 0, 2048, 0, 2049, 0, 2050, 0, 2051, 0, 2052, 0, 2053, 0, 2054, 0, 2055, 0, 2056, 0, 2057, 0, 2058, 0, 2059, 0, 2060, 0)",Percent,,Residential team handover 2026-05-21,"tech share within electricity-lit households, scenario=Regional Aspiration Scenario",lighting_tech_shares.csv,Medium,Regional Aspiration Scenario
Malaysia,Demand\Residential\Projections\Lighting\Electricity\Incandescent,Activity Level,"Interp(2025, 5, 2026, 4.6465, 2027, 4.2103, 2028, 3.6947, 2029, 3.1153, 2030, 2.5, 2031, 1.8847, 2032, 1.3053, 2033, 0.7897, 2034, 0.3535, 2035, 0, 2036, 0, 2037, 0, 2038, 0, 2039, 0, 2040, 0, 2041, 0, 2042, 0, 2043, 0, 2044, 0, 2045, 0, 2046, 0, 2047, 0, 2048, 0, 2049, 0, 2050, 0, 2051, 0, 2052, 0, 2053, 0, 2054, 0, 2055, 0, 2056, 0, 2057, 0, 2058, 0, 2059, 0, 2060, 0)",Percent,,Residential team handover 2026-05-21,"tech share within electricity-lit households, scenario=Regional Aspiration Scenario",lighting_tech_shares.csv,Medium,Regional Aspiration Scenario
Malaysia,Demand\Residential\Projections\Lighting\Electricity\LED,Activity Level,"Interp(2025, 65, 2026, 67.4746, 2027, 70.5281, 2028, 74.1373, 2029, 78.1932, 2030, 82.5, 2031, 86.8068, 2032, 90.8627, 2033, 94.4719, 2034, 97.5254, 2035, 100, 2036, 100, 2037, 100, 2038, 100, 2039, 100, 2040, 100, 2041, 100, 2042, 100, 2043, 100, 2044, 100, 2045, 100, 2046, 100, 2047, 100, 2048, 100, 2049, 100, 2050, 100, 2051, 100, 2052, 100, 2053, 100, 2054, 100, 2055, 100, 2056, 100, 2057, 100, 2058, 100, 2059, 100, 2060, 100)",Percent,,Residential team handover 2026-05-21,"tech share within electricity-lit households, scenario=Regional Aspiration Scenario",lighting_tech_shares.csv,Medium,Regional Aspiration Scenario
Malaysia,Demand\Residential\Projections\Lighting\Electricity\CFL,Bulb Wattage,"Interp(2025, 14)",Watts,,"US DOE Lighting Facts / ENERGY STAR typical residential lamp wattages + UNEP U4E lamp-class conventions (60W-incandescent-equivalent, ~800 lm)",scenario-invariant; applies to all scenarios,lighting_bulb_wattage.csv,Medium,
Malaysia,Demand\Residential\Projections\Lighting\Electricity\Fluorescent,Bulb Wattage,"Interp(2025, 32)",Watts,,"US DOE Lighting Facts / ENERGY STAR typical residential lamp wattages + UNEP U4E lamp-class conventions (60W-incandescent-equivalent, ~800 lm)",scenario-invariant; applies to all scenarios,lighting_bulb_wattage.csv,Medium,
Malaysia,Demand\Residential\Projections\Lighting\Electricity\Halogen,Bulb Wattage,"Interp(2025, 42)",Watts,,"US DOE Lighting Facts / ENERGY STAR typical residential lamp wattages + UNEP U4E lamp-class conventions (60W-incandescent-equivalent, ~800 lm)",scenario-invariant; applies to all scenarios,lighting_bulb_wattage.csv,Medium,
Malaysia,Demand\Residential\Projections\Lighting\Electricity\Incandescent,Bulb Wattage,"Interp(2025, 60)",Watts,,"US DOE Lighting Facts / ENERGY STAR typical residential lamp wattages + UNEP U4E lamp-class conventions (60W-incandescent-equivalent, ~800 lm)",scenario-invariant; applies to all scenarios,lighting_bulb_wattage.csv,Medium,
Malaysia,Demand\Residential\Projections\Lighting\Electricity\LED,Bulb Wattage,"Interp(2025, 10)",Watts,,"Median residential LED-lamp wattage per AMS from lighting_catalogue_v1.csv (Stage 3 classified detail, Size_group=Lamp)",scenario-invariant; applies to all scenarios,lighting_bulb_wattage.csv,Medium,
Myanmar,Demand\Residential\Projections\Lighting\Electricity\CFL,Activity Level,"Interp(2025, 23, 2026, 22.17, 2027, 21.1311, 2028, 19.859, 2029, 18.3427, 2030, 16.5922, 2031, 14.6443, 2032, 12.5637, 2033, 10.4363, 2034, 8.3557, 2035, 6.4078, 2036, 4.6573, 2037, 3.141, 2038, 1.8689, 2039, 0.83, 2040, 0, 2041, 0, 2042, 0, 2043, 0, 2044, 0, 2045, 0, 2046, 0, 2047, 0, 2048, 0, 2049, 0, 2050, 0, 2051, 0, 2052, 0, 2053, 0, 2054, 0, 2055, 0, 2056, 0, 2057, 0, 2058, 0, 2059, 0, 2060, 0)",Percent,,Residential team handover 2026-05-21,"tech share within electricity-lit households, scenario=AMS Target Scenario",lighting_tech_shares.csv,Medium,AMS Target Scenario
Myanmar,Demand\Residential\Projections\Lighting\Electricity\Fluorescent,Activity Level,"Interp(2025, 20, 2026, 19.2783, 2027, 18.3749, 2028, 17.2687, 2029, 15.9502, 2030, 14.428, 2031, 12.7342, 2032, 10.925, 2033, 9.075, 2034, 7.2658, 2035, 5.572, 2036, 4.0498, 2037, 2.7313, 2038, 1.6251, 2039, 0.7217, 2040, 0, 2041, 0, 2042, 0, 2043, 0, 2044, 0, 2045, 0, 2046, 0, 2047, 0, 2048, 0, 2049, 0, 2050, 0, 2051, 0, 2052, 0, 2053, 0, 2054, 0, 2055, 0, 2056, 0, 2057, 0, 2058, 0, 2059, 0, 2060, 0)",Percent,,Residential team handover 2026-05-21,"tech share within electricity-lit households, scenario=AMS Target Scenario",lighting_tech_shares.csv,Medium,AMS Target Scenario
Myanmar,Demand\Residential\Projections\Lighting\Electricity\Halogen,Activity Level,"Interp(2025, 2, 2026, 1.9278, 2027, 1.8375, 2028, 1.7269, 2029, 1.595, 2030, 1.4428, 2031, 1.2734, 2032, 1.0925, 2033, 0.9075, 2034, 0.7266, 2035, 0.5572, 2036, 0.405, 2037, 0.2731, 2038, 0.1625, 2039, 0.0722, 2040, 0, 2041, 0, 2042, 0, 2043, 0, 2044, 0, 2045, 0, 2046, 0, 2047, 0, 2048, 0, 2049, 0, 2050, 0, 2051, 0, 2052, 0, 2053, 0, 2054, 0, 2055, 0, 2056, 0, 2057, 0, 2058, 0, 2059, 0, 2060, 0)",Percent,,Residential team handover 2026-05-21,"tech share within electricity-lit households, scenario=AMS Target Scenario",lighting_tech_shares.csv,Medium,AMS Target Scenario
Myanmar,Demand\Residential\Projections\Lighting\Electricity\Incandescent,Activity Level,"Interp(2025, 15, 2026, 14.4587, 2027, 13.7812, 2028, 12.9515, 2029, 11.9626, 2030, 10.821, 2031, 9.5506, 2032, 8.1937, 2033, 6.8063, 2034, 5.4494, 2035, 4.179, 2036, 3.0374, 2037, 2.0485, 2038, 1.2188, 2039, 0.5413, 2040, 0, 2041, 0, 2042, 0, 2043, 0, 2044, 0, 2045, 0, 2046, 0, 2047, 0, 2048, 0, 2049, 0, 2050, 0, 2051, 0, 2052, 0, 2053, 0, 2054, 0, 2055, 0, 2056, 0, 2057, 0, 2058, 0, 2059, 0, 2060, 0)",Percent,,Residential team handover 2026-05-21,"tech share within electricity-lit households, scenario=AMS Target Scenario",lighting_tech_shares.csv,Medium,AMS Target Scenario
Myanmar,Demand\Residential\Projections\Lighting\Electricity\LED,Activity Level,"Interp(2025, 40, 2026, 42.1651, 2027, 44.8753, 2028, 48.1938, 2029, 52.1494, 2030, 56.716, 2031, 61.7974, 2032, 67.225, 2033, 72.775, 2034, 78.2026, 2035, 83.284, 2036, 87.8506, 2037, 91.8062, 2038, 95.1247, 2039, 97.8349, 2040, 100, 2041, 100, 2042, 100, 2043, 100, 2044, 100, 2045, 100, 2046, 100, 2047, 100, 2048, 100, 2049, 100, 2050, 100, 2051, 100, 2052, 100, 2053, 100, 2054, 100, 2055, 100, 2056, 100, 2057, 100, 2058, 100, 2059, 100, 2060, 100)",Percent,,Residential team handover 2026-05-21,"tech share within electricity-lit households, scenario=AMS Target Scenario",lighting_tech_shares.csv,Medium,AMS Target Scenario
Myanmar,Demand\Residential\Projections\Lighting\Electricity\CFL,Activity Level,"Interp(2025, 23, 2026, 23, 2027, 23, 2028, 23, 2029, 23, 2030, 23, 2031, 23, 2032, 23, 2033, 23, 2034, 23, 2035, 23, 2036, 23, 2037, 23, 2038, 23, 2039, 23, 2040, 23, 2041, 23, 2042, 23, 2043, 23, 2044, 23, 2045, 23, 2046, 23, 2047, 23, 2048, 23, 2049, 23, 2050, 23, 2051, 23, 2052, 23, 2053, 23, 2054, 23, 2055, 23, 2056, 23, 2057, 23, 2058, 23, 2059, 23, 2060, 23)",Percent,,Residential team handover 2026-05-21,"tech share within electricity-lit households, scenario=Baseline Simulation",lighting_tech_shares.csv,Medium,Baseline Simulation
Myanmar,Demand\Residential\Projections\Lighting\Electricity\Fluorescent,Activity Level,"Interp(2025, 20, 2026, 20, 2027, 20, 2028, 20, 2029, 20, 2030, 20, 2031, 20, 2032, 20, 2033, 20, 2034, 20, 2035, 20, 2036, 20, 2037, 20, 2038, 20, 2039, 20, 2040, 20, 2041, 20, 2042, 20, 2043, 20, 2044, 20, 2045, 20, 2046, 20, 2047, 20, 2048, 20, 2049, 20, 2050, 20, 2051, 20, 2052, 20, 2053, 20, 2054, 20, 2055, 20, 2056, 20, 2057, 20, 2058, 20, 2059, 20, 2060, 20)",Percent,,Residential team handover 2026-05-21,"tech share within electricity-lit households, scenario=Baseline Simulation",lighting_tech_shares.csv,Medium,Baseline Simulation
Myanmar,Demand\Residential\Projections\Lighting\Electricity\Halogen,Activity Level,"Interp(2025, 2, 2026, 2, 2027, 2, 2028, 2, 2029, 2, 2030, 2, 2031, 2, 2032, 2, 2033, 2, 2034, 2, 2035, 2, 2036, 2, 2037, 2, 2038, 2, 2039, 2, 2040, 2, 2041, 2, 2042, 2, 2043, 2, 2044, 2, 2045, 2, 2046, 2, 2047, 2, 2048, 2, 2049, 2, 2050, 2, 2051, 2, 2052, 2, 2053, 2, 2054, 2, 2055, 2, 2056, 2, 2057, 2, 2058, 2, 2059, 2, 2060, 2)",Percent,,Residential team handover 2026-05-21,"tech share within electricity-lit households, scenario=Baseline Simulation",lighting_tech_shares.csv,Medium,Baseline Simulation
Myanmar,Demand\Residential\Projections\Lighting\Electricity\Incandescent,Activity Level,"Interp(2025, 15, 2026, 15, 2027, 15, 2028, 15, 2029, 15, 2030, 15, 2031, 15, 2032, 15, 2033, 15, 2034, 15, 2035, 15, 2036, 15, 2037, 15, 2038, 15, 2039, 15, 2040, 15, 2041, 15, 2042, 15, 2043, 15, 2044, 15, 2045, 15, 2046, 15, 2047, 15, 2048, 15, 2049, 15, 2050, 15, 2051, 15, 2052, 15, 2053, 15, 2054, 15, 2055, 15, 2056, 15, 2057, 15, 2058, 15, 2059, 15, 2060, 15)",Percent,,Residential team handover 2026-05-21,"tech share within electricity-lit households, scenario=Baseline Simulation",lighting_tech_shares.csv,Medium,Baseline Simulation
Myanmar,Demand\Residential\Projections\Lighting\Electricity\LED,Activity Level,"Interp(2025, 40, 2026, 40, 2027, 40, 2028, 40, 2029, 40, 2030, 40, 2031, 40, 2032, 40, 2033, 40, 2034, 40, 2035, 40, 2036, 40, 2037, 40, 2038, 40, 2039, 40, 2040, 40, 2041, 40, 2042, 40, 2043, 40, 2044, 40, 2045, 40, 2046, 40, 2047, 40, 2048, 40, 2049, 40, 2050, 40, 2051, 40, 2052, 40, 2053, 40, 2054, 40, 2055, 40, 2056, 40, 2057, 40, 2058, 40, 2059, 40, 2060, 40)",Percent,,Residential team handover 2026-05-21,"tech share within electricity-lit households, scenario=Baseline Simulation",lighting_tech_shares.csv,Medium,Baseline Simulation
Myanmar,Demand\Residential\Projections\Lighting\Electricity\CFL,Activity Level,"Interp(2025, 23, 2026, 21.3738, 2027, 19.3673, 2028, 16.9955, 2029, 14.3302, 2030, 11.5, 2031, 8.6698, 2032, 6.0045, 2033, 3.6327, 2034, 1.6262, 2035, 0, 2036, 0, 2037, 0, 2038, 0, 2039, 0, 2040, 0, 2041, 0, 2042, 0, 2043, 0, 2044, 0, 2045, 0, 2046, 0, 2047, 0, 2048, 0, 2049, 0, 2050, 0, 2051, 0, 2052, 0, 2053, 0, 2054, 0, 2055, 0, 2056, 0, 2057, 0, 2058, 0, 2059, 0, 2060, 0)",Percent,,Residential team handover 2026-05-21,"tech share within electricity-lit households, scenario=Regional Aspiration Scenario",lighting_tech_shares.csv,Medium,Regional Aspiration Scenario
Myanmar,Demand\Residential\Projections\Lighting\Electricity\Fluorescent,Activity Level,"Interp(2025, 20, 2026, 18.5859, 2027, 16.8411, 2028, 14.7787, 2029, 12.4611, 2030, 10, 2031, 7.5389, 2032, 5.2213, 2033, 3.1589, 2034, 1.4141, 2035, 0, 2036, 0, 2037, 0, 2038, 0, 2039, 0, 2040, 0, 2041, 0, 2042, 0, 2043, 0, 2044, 0, 2045, 0, 2046, 0, 2047, 0, 2048, 0, 2049, 0, 2050, 0, 2051, 0, 2052, 0, 2053, 0, 2054, 0, 2055, 0, 2056, 0, 2057, 0, 2058, 0, 2059, 0, 2060, 0)",Percent,,Residential team handover 2026-05-21,"tech share within electricity-lit households, scenario=Regional Aspiration Scenario",lighting_tech_shares.csv,Medium,Regional Aspiration Scenario
Myanmar,Demand\Residential\Projections\Lighting\Electricity\Halogen,Activity Level,"Interp(2025, 2, 2026, 1.8586, 2027, 1.6841, 2028, 1.4779, 2029, 1.2461, 2030, 1, 2031, 0.7539, 2032, 0.5221, 2033, 0.3159, 2034, 0.1414, 2035, 0, 2036, 0, 2037, 0, 2038, 0, 2039, 0, 2040, 0, 2041, 0, 2042, 0, 2043, 0, 2044, 0, 2045, 0, 2046, 0, 2047, 0, 2048, 0, 2049, 0, 2050, 0, 2051, 0, 2052, 0, 2053, 0, 2054, 0, 2055, 0, 2056, 0, 2057, 0, 2058, 0, 2059, 0, 2060, 0)",Percent,,Residential team handover 2026-05-21,"tech share within electricity-lit households, scenario=Regional Aspiration Scenario",lighting_tech_shares.csv,Medium,Regional Aspiration Scenario
Myanmar,Demand\Residential\Projections\Lighting\Electricity\Incandescent,Activity Level,"Interp(2025, 15, 2026, 13.9394, 2027, 12.6308, 2028, 11.084, 2029, 9.3458, 2030, 7.5, 2031, 5.6542, 2032, 3.916, 2033, 2.3692, 2034, 1.0606, 2035, 0, 2036, 0, 2037, 0, 2038, 0, 2039, 0, 2040, 0, 2041, 0, 2042, 0, 2043, 0, 2044, 0, 2045, 0, 2046, 0, 2047, 0, 2048, 0, 2049, 0, 2050, 0, 2051, 0, 2052, 0, 2053, 0, 2054, 0, 2055, 0, 2056, 0, 2057, 0, 2058, 0, 2059, 0, 2060, 0)",Percent,,Residential team handover 2026-05-21,"tech share within electricity-lit households, scenario=Regional Aspiration Scenario",lighting_tech_shares.csv,Medium,Regional Aspiration Scenario
Myanmar,Demand\Residential\Projections\Lighting\Electricity\LED,Activity Level,"Interp(2025, 40, 2026, 44.2422, 2027, 49.4767, 2028, 55.6639, 2029, 62.6168, 2030, 70, 2031, 77.3832, 2032, 84.3361, 2033, 90.5233, 2034, 95.7578, 2035, 100, 2036, 100, 2037, 100, 2038, 100, 2039, 100, 2040, 100, 2041, 100, 2042, 100, 2043, 100, 2044, 100, 2045, 100, 2046, 100, 2047, 100, 2048, 100, 2049, 100, 2050, 100, 2051, 100, 2052, 100, 2053, 100, 2054, 100, 2055, 100, 2056, 100, 2057, 100, 2058, 100, 2059, 100, 2060, 100)",Percent,,Residential team handover 2026-05-21,"tech share within electricity-lit households, scenario=Regional Aspiration Scenario",lighting_tech_shares.csv,Medium,Regional Aspiration Scenario
Myanmar,Demand\Residential\Projections\Lighting\Electricity\CFL,Bulb Wattage,"Interp(2025, 14)",Watts,,"US DOE Lighting Facts / ENERGY STAR typical residential lamp wattages + UNEP U4E lamp-class conventions (60W-incandescent-equivalent, ~800 lm)",scenario-invariant; applies to all scenarios,lighting_bulb_wattage.csv,Medium,
Myanmar,Demand\Residential\Projections\Lighting\Electricity\Fluorescent,Bulb Wattage,"Interp(2025, 32)",Watts,,"US DOE Lighting Facts / ENERGY STAR typical residential lamp wattages + UNEP U4E lamp-class conventions (60W-incandescent-equivalent, ~800 lm)",scenario-invariant; applies to all scenarios,lighting_bulb_wattage.csv,Medium,
Myanmar,Demand\Residential\Projections\Lighting\Electricity\Halogen,Bulb Wattage,"Interp(2025, 42)",Watts,,"US DOE Lighting Facts / ENERGY STAR typical residential lamp wattages + UNEP U4E lamp-class conventions (60W-incandescent-equivalent, ~800 lm)",scenario-invariant; applies to all scenarios,lighting_bulb_wattage.csv,Medium,
Myanmar,Demand\Residential\Projections\Lighting\Electricity\Incandescent,Bulb Wattage,"Interp(2025, 60)",Watts,,"US DOE Lighting Facts / ENERGY STAR typical residential lamp wattages + UNEP U4E lamp-class conventions (60W-incandescent-equivalent, ~800 lm)",scenario-invariant; applies to all scenarios,lighting_bulb_wattage.csv,Medium,
Myanmar,Demand\Residential\Projections\Lighting\Electricity\LED,Bulb Wattage,"Interp(2025, 13)",Watts,,"Median residential LED-lamp wattage per AMS from lighting_catalogue_v1.csv (Stage 3 classified detail, Size_group=Lamp)",scenario-invariant; applies to all scenarios,lighting_bulb_wattage.csv,Medium,
Philippines,Demand\Residential\Projections\Lighting\Electricity\CFL,Activity Level,"Interp(2025, 18, 2026, 17.3505, 2027, 16.5374, 2028, 15.5419, 2029, 14.3552, 2030, 12.9852, 2031, 11.4608, 2032, 9.8325, 2033, 8.1675, 2034, 6.5392, 2035, 5.0148, 2036, 3.6448, 2037, 2.4581, 2038, 1.4626, 2039, 0.6495, 2040, 0, 2041, 0, 2042, 0, 2043, 0, 2044, 0, 2045, 0, 2046, 0, 2047, 0, 2048, 0, 2049, 0, 2050, 0, 2051, 0, 2052, 0, 2053, 0, 2054, 0, 2055, 0, 2056, 0, 2057, 0, 2058, 0, 2059, 0, 2060, 0)",Percent,,Residential team handover 2026-05-21,"tech share within electricity-lit households, scenario=AMS Target Scenario",lighting_tech_shares.csv,Medium,AMS Target Scenario
Philippines,Demand\Residential\Projections\Lighting\Electricity\Fluorescent,Activity Level,"Interp(2025, 15, 2026, 14.4587, 2027, 13.7812, 2028, 12.9515, 2029, 11.9626, 2030, 10.821, 2031, 9.5506, 2032, 8.1937, 2033, 6.8063, 2034, 5.4494, 2035, 4.179, 2036, 3.0374, 2037, 2.0485, 2038, 1.2188, 2039, 0.5413, 2040, 0, 2041, 0, 2042, 0, 2043, 0, 2044, 0, 2045, 0, 2046, 0, 2047, 0, 2048, 0, 2049, 0, 2050, 0, 2051, 0, 2052, 0, 2053, 0, 2054, 0, 2055, 0, 2056, 0, 2057, 0, 2058, 0, 2059, 0, 2060, 0)",Percent,,Residential team handover 2026-05-21,"tech share within electricity-lit households, scenario=AMS Target Scenario",lighting_tech_shares.csv,Medium,AMS Target Scenario
Philippines,Demand\Residential\Projections\Lighting\Electricity\Halogen,Activity Level,"Interp(2025, 3, 2026, 2.8917, 2027, 2.7562, 2028, 2.5903, 2029, 2.3925, 2030, 2.1642, 2031, 1.9101, 2032, 1.6387, 2033, 1.3613, 2034, 1.0899, 2035, 0.8358, 2036, 0.6075, 2037, 0.4097, 2038, 0.2438, 2039, 0.1083, 2040, 0, 2041, 0, 2042, 0, 2043, 0, 2044, 0, 2045, 0, 2046, 0, 2047, 0, 2048, 0, 2049, 0, 2050, 0, 2051, 0, 2052, 0, 2053, 0, 2054, 0, 2055, 0, 2056, 0, 2057, 0, 2058, 0, 2059, 0, 2060, 0)",Percent,,Residential team handover 2026-05-21,"tech share within electricity-lit households, scenario=AMS Target Scenario",lighting_tech_shares.csv,Medium,AMS Target Scenario
Philippines,Demand\Residential\Projections\Lighting\Electricity\Incandescent,Activity Level,"Interp(2025, 9, 2026, 8.6752, 2027, 8.2687, 2028, 7.7709, 2029, 7.1776, 2030, 6.4926, 2031, 5.7304, 2032, 4.9162, 2033, 4.0838, 2034, 3.2696, 2035, 2.5074, 2036, 1.8224, 2037, 1.2291, 2038, 0.7313, 2039, 0.3248, 2040, 0, 2041, 0, 2042, 0, 2043, 0, 2044, 0, 2045, 0, 2046, 0, 2047, 0, 2048, 0, 2049, 0, 2050, 0, 2051, 0, 2052, 0, 2053, 0, 2054, 0, 2055, 0, 2056, 0, 2057, 0, 2058, 0, 2059, 0, 2060, 0)",Percent,,Residential team handover 2026-05-21,"tech share within electricity-lit households, scenario=AMS Target Scenario",lighting_tech_shares.csv,Medium,AMS Target Scenario
Philippines,Demand\Residential\Projections\Lighting\Electricity\LED,Activity Level,"Interp(2025, 55, 2026, 56.6238, 2027, 58.6565, 2028, 61.1454, 2029, 64.1121, 2030, 67.537, 2031, 71.3481, 2032, 75.4188, 2033, 79.5812, 2034, 83.6519, 2035, 87.463, 2036, 90.8879, 2037, 93.8546, 2038, 96.3435, 2039, 98.3762, 2040, 100, 2041, 100, 2042, 100, 2043, 100, 2044, 100, 2045, 100, 2046, 100, 2047, 100, 2048, 100, 2049, 100, 2050, 100, 2051, 100, 2052, 100, 2053, 100, 2054, 100, 2055, 100, 2056, 100, 2057, 100, 2058, 100, 2059, 100, 2060, 100)",Percent,,Residential team handover 2026-05-21,"tech share within electricity-lit households, scenario=AMS Target Scenario",lighting_tech_shares.csv,Medium,AMS Target Scenario
Philippines,Demand\Residential\Projections\Lighting\Electricity\CFL,Activity Level,"Interp(2025, 18, 2026, 18, 2027, 18, 2028, 18, 2029, 18, 2030, 18, 2031, 18, 2032, 18, 2033, 18, 2034, 18, 2035, 18, 2036, 18, 2037, 18, 2038, 18, 2039, 18, 2040, 18, 2041, 18, 2042, 18, 2043, 18, 2044, 18, 2045, 18, 2046, 18, 2047, 18, 2048, 18, 2049, 18, 2050, 18, 2051, 18, 2052, 18, 2053, 18, 2054, 18, 2055, 18, 2056, 18, 2057, 18, 2058, 18, 2059, 18, 2060, 18)",Percent,,Residential team handover 2026-05-21,"tech share within electricity-lit households, scenario=Baseline Simulation",lighting_tech_shares.csv,Medium,Baseline Simulation
Philippines,Demand\Residential\Projections\Lighting\Electricity\Fluorescent,Activity Level,"Interp(2025, 15, 2026, 15, 2027, 15, 2028, 15, 2029, 15, 2030, 15, 2031, 15, 2032, 15, 2033, 15, 2034, 15, 2035, 15, 2036, 15, 2037, 15, 2038, 15, 2039, 15, 2040, 15, 2041, 15, 2042, 15, 2043, 15, 2044, 15, 2045, 15, 2046, 15, 2047, 15, 2048, 15, 2049, 15, 2050, 15, 2051, 15, 2052, 15, 2053, 15, 2054, 15, 2055, 15, 2056, 15, 2057, 15, 2058, 15, 2059, 15, 2060, 15)",Percent,,Residential team handover 2026-05-21,"tech share within electricity-lit households, scenario=Baseline Simulation",lighting_tech_shares.csv,Medium,Baseline Simulation
Philippines,Demand\Residential\Projections\Lighting\Electricity\Halogen,Activity Level,"Interp(2025, 3, 2026, 3, 2027, 3, 2028, 3, 2029, 3, 2030, 3, 2031, 3, 2032, 3, 2033, 3, 2034, 3, 2035, 3, 2036, 3, 2037, 3, 2038, 3, 2039, 3, 2040, 3, 2041, 3, 2042, 3, 2043, 3, 2044, 3, 2045, 3, 2046, 3, 2047, 3, 2048, 3, 2049, 3, 2050, 3, 2051, 3, 2052, 3, 2053, 3, 2054, 3, 2055, 3, 2056, 3, 2057, 3, 2058, 3, 2059, 3, 2060, 3)",Percent,,Residential team handover 2026-05-21,"tech share within electricity-lit households, scenario=Baseline Simulation",lighting_tech_shares.csv,Medium,Baseline Simulation
Philippines,Demand\Residential\Projections\Lighting\Electricity\Incandescent,Activity Level,"Interp(2025, 9, 2026, 9, 2027, 9, 2028, 9, 2029, 9, 2030, 9, 2031, 9, 2032, 9, 2033, 9, 2034, 9, 2035, 9, 2036, 9, 2037, 9, 2038, 9, 2039, 9, 2040, 9, 2041, 9, 2042, 9, 2043, 9, 2044, 9, 2045, 9, 2046, 9, 2047, 9, 2048, 9, 2049, 9, 2050, 9, 2051, 9, 2052, 9, 2053, 9, 2054, 9, 2055, 9, 2056, 9, 2057, 9, 2058, 9, 2059, 9, 2060, 9)",Percent,,Residential team handover 2026-05-21,"tech share within electricity-lit households, scenario=Baseline Simulation",lighting_tech_shares.csv,Medium,Baseline Simulation
Philippines,Demand\Residential\Projections\Lighting\Electricity\LED,Activity Level,"Interp(2025, 55, 2026, 55, 2027, 55, 2028, 55, 2029, 55, 2030, 55, 2031, 55, 2032, 55, 2033, 55, 2034, 55, 2035, 55, 2036, 55, 2037, 55, 2038, 55, 2039, 55, 2040, 55, 2041, 55, 2042, 55, 2043, 55, 2044, 55, 2045, 55, 2046, 55, 2047, 55, 2048, 55, 2049, 55, 2050, 55, 2051, 55, 2052, 55, 2053, 55, 2054, 55, 2055, 55, 2056, 55, 2057, 55, 2058, 55, 2059, 55, 2060, 55)",Percent,,Residential team handover 2026-05-21,"tech share within electricity-lit households, scenario=Baseline Simulation",lighting_tech_shares.csv,Medium,Baseline Simulation
Philippines,Demand\Residential\Projections\Lighting\Electricity\CFL,Activity Level,"Interp(2025, 18, 2026, 16.7273, 2027, 15.157, 2028, 13.3008, 2029, 11.215, 2030, 9, 2031, 6.785, 2032, 4.6992, 2033, 2.843, 2034, 1.2727, 2035, 0, 2036, 0, 2037, 0, 2038, 0, 2039, 0, 2040, 0, 2041, 0, 2042, 0, 2043, 0, 2044, 0, 2045, 0, 2046, 0, 2047, 0, 2048, 0, 2049, 0, 2050, 0, 2051, 0, 2052, 0, 2053, 0, 2054, 0, 2055, 0, 2056, 0, 2057, 0, 2058, 0, 2059, 0, 2060, 0)",Percent,,Residential team handover 2026-05-21,"tech share within electricity-lit households, scenario=Regional Aspiration Scenario",lighting_tech_shares.csv,Medium,Regional Aspiration Scenario
Philippines,Demand\Residential\Projections\Lighting\Electricity\Fluorescent,Activity Level,"Interp(2025, 15, 2026, 13.9394, 2027, 12.6308, 2028, 11.084, 2029, 9.3458, 2030, 7.5, 2031, 5.6542, 2032, 3.916, 2033, 2.3692, 2034, 1.0606, 2035, 0, 2036, 0, 2037, 0, 2038, 0, 2039, 0, 2040, 0, 2041, 0, 2042, 0, 2043, 0, 2044, 0, 2045, 0, 2046, 0, 2047, 0, 2048, 0, 2049, 0, 2050, 0, 2051, 0, 2052, 0, 2053, 0, 2054, 0, 2055, 0, 2056, 0, 2057, 0, 2058, 0, 2059, 0, 2060, 0)",Percent,,Residential team handover 2026-05-21,"tech share within electricity-lit households, scenario=Regional Aspiration Scenario",lighting_tech_shares.csv,Medium,Regional Aspiration Scenario
Philippines,Demand\Residential\Projections\Lighting\Electricity\Halogen,Activity Level,"Interp(2025, 3, 2026, 2.7879, 2027, 2.5262, 2028, 2.2168, 2029, 1.8692, 2030, 1.5, 2031, 1.1308, 2032, 0.7832, 2033, 0.4738, 2034, 0.2121, 2035, 0, 2036, 0, 2037, 0, 2038, 0, 2039, 0, 2040, 0, 2041, 0, 2042, 0, 2043, 0, 2044, 0, 2045, 0, 2046, 0, 2047, 0, 2048, 0, 2049, 0, 2050, 0, 2051, 0, 2052, 0, 2053, 0, 2054, 0, 2055, 0, 2056, 0, 2057, 0, 2058, 0, 2059, 0, 2060, 0)",Percent,,Residential team handover 2026-05-21,"tech share within electricity-lit households, scenario=Regional Aspiration Scenario",lighting_tech_shares.csv,Medium,Regional Aspiration Scenario
Philippines,Demand\Residential\Projections\Lighting\Electricity\Incandescent,Activity Level,"Interp(2025, 9, 2026, 8.3637, 2027, 7.5785, 2028, 6.6504, 2029, 5.6075, 2030, 4.5, 2031, 3.3925, 2032, 2.3496, 2033, 1.4215, 2034, 0.6363, 2035, 0, 2036, 0, 2037, 0, 2038, 0, 2039, 0, 2040, 0, 2041, 0, 2042, 0, 2043, 0, 2044, 0, 2045, 0, 2046, 0, 2047, 0, 2048, 0, 2049, 0, 2050, 0, 2051, 0, 2052, 0, 2053, 0, 2054, 0, 2055, 0, 2056, 0, 2057, 0, 2058, 0, 2059, 0, 2060, 0)",Percent,,Residential team handover 2026-05-21,"tech share within electricity-lit households, scenario=Regional Aspiration Scenario",lighting_tech_shares.csv,Medium,Regional Aspiration Scenario
Philippines,Demand\Residential\Projections\Lighting\Electricity\LED,Activity Level,"Interp(2025, 55, 2026, 58.1817, 2027, 62.1075, 2028, 66.7479, 2029, 71.9626, 2030, 77.5, 2031, 83.0374, 2032, 88.2521, 2033, 92.8925, 2034, 96.8183, 2035, 100, 2036, 100, 2037, 100, 2038, 100, 2039, 100, 2040, 100, 2041, 100, 2042, 100, 2043, 100, 2044, 100, 2045, 100, 2046, 100, 2047, 100, 2048, 100, 2049, 100, 2050, 100, 2051, 100, 2052, 100, 2053, 100, 2054, 100, 2055, 100, 2056, 100, 2057, 100, 2058, 100, 2059, 100, 2060, 100)",Percent,,Residential team handover 2026-05-21,"tech share within electricity-lit households, scenario=Regional Aspiration Scenario",lighting_tech_shares.csv,Medium,Regional Aspiration Scenario
Philippines,Demand\Residential\Projections\Lighting\Electricity\CFL,Bulb Wattage,"Interp(2025, 14)",Watts,,"US DOE Lighting Facts / ENERGY STAR typical residential lamp wattages + UNEP U4E lamp-class conventions (60W-incandescent-equivalent, ~800 lm)",scenario-invariant; applies to all scenarios,lighting_bulb_wattage.csv,Medium,
Philippines,Demand\Residential\Projections\Lighting\Electricity\Fluorescent,Bulb Wattage,"Interp(2025, 32)",Watts,,"US DOE Lighting Facts / ENERGY STAR typical residential lamp wattages + UNEP U4E lamp-class conventions (60W-incandescent-equivalent, ~800 lm)",scenario-invariant; applies to all scenarios,lighting_bulb_wattage.csv,Medium,
Philippines,Demand\Residential\Projections\Lighting\Electricity\Halogen,Bulb Wattage,"Interp(2025, 42)",Watts,,"US DOE Lighting Facts / ENERGY STAR typical residential lamp wattages + UNEP U4E lamp-class conventions (60W-incandescent-equivalent, ~800 lm)",scenario-invariant; applies to all scenarios,lighting_bulb_wattage.csv,Medium,
Philippines,Demand\Residential\Projections\Lighting\Electricity\Incandescent,Bulb Wattage,"Interp(2025, 60)",Watts,,"US DOE Lighting Facts / ENERGY STAR typical residential lamp wattages + UNEP U4E lamp-class conventions (60W-incandescent-equivalent, ~800 lm)",scenario-invariant; applies to all scenarios,lighting_bulb_wattage.csv,Medium,
Philippines,Demand\Residential\Projections\Lighting\Electricity\LED,Bulb Wattage,"Interp(2025, 9)",Watts,,"Median residential LED-lamp wattage per AMS from lighting_catalogue_v1.csv (Stage 3 classified detail, Size_group=Lamp)",scenario-invariant; applies to all scenarios,lighting_bulb_wattage.csv,Medium,
Singapore,Demand\Residential\Projections\Lighting\Electricity\CFL,Activity Level,"Interp(2025, 8, 2026, 7.7113, 2027, 7.35, 2028, 6.9075, 2029, 6.3801, 2030, 5.7712, 2031, 5.0937, 2032, 4.37, 2033, 3.63, 2034, 2.9063, 2035, 2.2288, 2036, 1.6199, 2037, 1.0925, 2038, 0.65, 2039, 0.2887, 2040, 0, 2041, 0, 2042, 0, 2043, 0, 2044, 0, 2045, 0, 2046, 0, 2047, 0, 2048, 0, 2049, 0, 2050, 0, 2051, 0, 2052, 0, 2053, 0, 2054, 0, 2055, 0, 2056, 0, 2057, 0, 2058, 0, 2059, 0, 2060, 0)",Percent,,Residential team handover 2026-05-21,"tech share within electricity-lit households, scenario=AMS Target Scenario",lighting_tech_shares.csv,Medium,AMS Target Scenario
Singapore,Demand\Residential\Projections\Lighting\Electricity\Fluorescent,Activity Level,"Interp(2025, 8, 2026, 7.7113, 2027, 7.35, 2028, 6.9075, 2029, 6.3801, 2030, 5.7712, 2031, 5.0937, 2032, 4.37, 2033, 3.63, 2034, 2.9063, 2035, 2.2288, 2036, 1.6199, 2037, 1.0925, 2038, 0.65, 2039, 0.2887, 2040, 0, 2041, 0, 2042, 0, 2043, 0, 2044, 0, 2045, 0, 2046, 0, 2047, 0, 2048, 0, 2049, 0, 2050, 0, 2051, 0, 2052, 0, 2053, 0, 2054, 0, 2055, 0, 2056, 0, 2057, 0, 2058, 0, 2059, 0, 2060, 0)",Percent,,Residential team handover 2026-05-21,"tech share within electricity-lit households, scenario=AMS Target Scenario",lighting_tech_shares.csv,Medium,AMS Target Scenario
Singapore,Demand\Residential\Projections\Lighting\Electricity\Halogen,Activity Level,"Interp(2025, 3, 2026, 2.8917, 2027, 2.7562, 2028, 2.5903, 2029, 2.3925, 2030, 2.1642, 2031, 1.9101, 2032, 1.6387, 2033, 1.3613, 2034, 1.0899, 2035, 0.8358, 2036, 0.6075, 2037, 0.4097, 2038, 0.2438, 2039, 0.1083, 2040, 0, 2041, 0, 2042, 0, 2043, 0, 2044, 0, 2045, 0, 2046, 0, 2047, 0, 2048, 0, 2049, 0, 2050, 0, 2051, 0, 2052, 0, 2053, 0, 2054, 0, 2055, 0, 2056, 0, 2057, 0, 2058, 0, 2059, 0, 2060, 0)",Percent,,Residential team handover 2026-05-21,"tech share within electricity-lit households, scenario=AMS Target Scenario",lighting_tech_shares.csv,Medium,AMS Target Scenario
Singapore,Demand\Residential\Projections\Lighting\Electricity\Incandescent,Activity Level,"Interp(2025, 1, 2026, 0.9639, 2027, 0.9187, 2028, 0.8634, 2029, 0.7975, 2030, 0.7214, 2031, 0.6367, 2032, 0.5462, 2033, 0.4538, 2034, 0.3633, 2035, 0.2786, 2036, 0.2025, 2037, 0.1366, 2038, 0.0813, 2039, 0.0361, 2040, 0, 2041, 0, 2042, 0, 2043, 0, 2044, 0, 2045, 0, 2046, 0, 2047, 0, 2048, 0, 2049, 0, 2050, 0, 2051, 0, 2052, 0, 2053, 0, 2054, 0, 2055, 0, 2056, 0, 2057, 0, 2058, 0, 2059, 0, 2060, 0)",Percent,,Residential team handover 2026-05-21,"tech share within electricity-lit households, scenario=AMS Target Scenario",lighting_tech_shares.csv,Medium,AMS Target Scenario
Singapore,Demand\Residential\Projections\Lighting\Electricity\LED,Activity Level,"Interp(2025, 80, 2026, 80.7217, 2027, 81.6251, 2028, 82.7313, 2029, 84.0498, 2030, 85.572, 2031, 87.2658, 2032, 89.075, 2033, 90.925, 2034, 92.7342, 2035, 94.428, 2036, 95.9502, 2037, 97.2687, 2038, 98.3749, 2039, 99.2783, 2040, 100, 2041, 100, 2042, 100, 2043, 100, 2044, 100, 2045, 100, 2046, 100, 2047, 100, 2048, 100, 2049, 100, 2050, 100, 2051, 100, 2052, 100, 2053, 100, 2054, 100, 2055, 100, 2056, 100, 2057, 100, 2058, 100, 2059, 100, 2060, 100)",Percent,,Residential team handover 2026-05-21,"tech share within electricity-lit households, scenario=AMS Target Scenario",lighting_tech_shares.csv,Medium,AMS Target Scenario
Singapore,Demand\Residential\Projections\Lighting\Electricity\CFL,Activity Level,"Interp(2025, 8, 2026, 8, 2027, 8, 2028, 8, 2029, 8, 2030, 8, 2031, 8, 2032, 8, 2033, 8, 2034, 8, 2035, 8, 2036, 8, 2037, 8, 2038, 8, 2039, 8, 2040, 8, 2041, 8, 2042, 8, 2043, 8, 2044, 8, 2045, 8, 2046, 8, 2047, 8, 2048, 8, 2049, 8, 2050, 8, 2051, 8, 2052, 8, 2053, 8, 2054, 8, 2055, 8, 2056, 8, 2057, 8, 2058, 8, 2059, 8, 2060, 8)",Percent,,Residential team handover 2026-05-21,"tech share within electricity-lit households, scenario=Baseline Simulation",lighting_tech_shares.csv,Medium,Baseline Simulation
Singapore,Demand\Residential\Projections\Lighting\Electricity\Fluorescent,Activity Level,"Interp(2025, 8, 2026, 8, 2027, 8, 2028, 8, 2029, 8, 2030, 8, 2031, 8, 2032, 8, 2033, 8, 2034, 8, 2035, 8, 2036, 8, 2037, 8, 2038, 8, 2039, 8, 2040, 8, 2041, 8, 2042, 8, 2043, 8, 2044, 8, 2045, 8, 2046, 8, 2047, 8, 2048, 8, 2049, 8, 2050, 8, 2051, 8, 2052, 8, 2053, 8, 2054, 8, 2055, 8, 2056, 8, 2057, 8, 2058, 8, 2059, 8, 2060, 8)",Percent,,Residential team handover 2026-05-21,"tech share within electricity-lit households, scenario=Baseline Simulation",lighting_tech_shares.csv,Medium,Baseline Simulation
Singapore,Demand\Residential\Projections\Lighting\Electricity\Halogen,Activity Level,"Interp(2025, 3, 2026, 3, 2027, 3, 2028, 3, 2029, 3, 2030, 3, 2031, 3, 2032, 3, 2033, 3, 2034, 3, 2035, 3, 2036, 3, 2037, 3, 2038, 3, 2039, 3, 2040, 3, 2041, 3, 2042, 3, 2043, 3, 2044, 3, 2045, 3, 2046, 3, 2047, 3, 2048, 3, 2049, 3, 2050, 3, 2051, 3, 2052, 3, 2053, 3, 2054, 3, 2055, 3, 2056, 3, 2057, 3, 2058, 3, 2059, 3, 2060, 3)",Percent,,Residential team handover 2026-05-21,"tech share within electricity-lit households, scenario=Baseline Simulation",lighting_tech_shares.csv,Medium,Baseline Simulation
Singapore,Demand\Residential\Projections\Lighting\Electricity\Incandescent,Activity Level,"Interp(2025, 1, 2026, 1, 2027, 1, 2028, 1, 2029, 1, 2030, 1, 2031, 1, 2032, 1, 2033, 1, 2034, 1, 2035, 1, 2036, 1, 2037, 1, 2038, 1, 2039, 1, 2040, 1, 2041, 1, 2042, 1, 2043, 1, 2044, 1, 2045, 1, 2046, 1, 2047, 1, 2048, 1, 2049, 1, 2050, 1, 2051, 1, 2052, 1, 2053, 1, 2054, 1, 2055, 1, 2056, 1, 2057, 1, 2058, 1, 2059, 1, 2060, 1)",Percent,,Residential team handover 2026-05-21,"tech share within electricity-lit households, scenario=Baseline Simulation",lighting_tech_shares.csv,Medium,Baseline Simulation
Singapore,Demand\Residential\Projections\Lighting\Electricity\LED,Activity Level,"Interp(2025, 80, 2026, 80, 2027, 80, 2028, 80, 2029, 80, 2030, 80, 2031, 80, 2032, 80, 2033, 80, 2034, 80, 2035, 80, 2036, 80, 2037, 80, 2038, 80, 2039, 80, 2040, 80, 2041, 80, 2042, 80, 2043, 80, 2044, 80, 2045, 80, 2046, 80, 2047, 80, 2048, 80, 2049, 80, 2050, 80, 2051, 80, 2052, 80, 2053, 80, 2054, 80, 2055, 80, 2056, 80, 2057, 80, 2058, 80, 2059, 80, 2060, 80)",Percent,,Residential team handover 2026-05-21,"tech share within electricity-lit households, scenario=Baseline Simulation",lighting_tech_shares.csv,Medium,Baseline Simulation
Singapore,Demand\Residential\Projections\Lighting\Electricity\CFL,Activity Level,"Interp(2025, 8, 2026, 7.4344, 2027, 6.7364, 2028, 5.9115, 2029, 4.9844, 2030, 4, 2031, 3.0156, 2032, 2.0885, 2033, 1.2636, 2034, 0.5656, 2035, 0, 2036, 0, 2037, 0, 2038, 0, 2039, 0, 2040, 0, 2041, 0, 2042, 0, 2043, 0, 2044, 0, 2045, 0, 2046, 0, 2047, 0, 2048, 0, 2049, 0, 2050, 0, 2051, 0, 2052, 0, 2053, 0, 2054, 0, 2055, 0, 2056, 0, 2057, 0, 2058, 0, 2059, 0, 2060, 0)",Percent,,Residential team handover 2026-05-21,"tech share within electricity-lit households, scenario=Regional Aspiration Scenario",lighting_tech_shares.csv,Medium,Regional Aspiration Scenario
Singapore,Demand\Residential\Projections\Lighting\Electricity\Fluorescent,Activity Level,"Interp(2025, 8, 2026, 7.4344, 2027, 6.7364, 2028, 5.9115, 2029, 4.9844, 2030, 4, 2031, 3.0156, 2032, 2.0885, 2033, 1.2636, 2034, 0.5656, 2035, 0, 2036, 0, 2037, 0, 2038, 0, 2039, 0, 2040, 0, 2041, 0, 2042, 0, 2043, 0, 2044, 0, 2045, 0, 2046, 0, 2047, 0, 2048, 0, 2049, 0, 2050, 0, 2051, 0, 2052, 0, 2053, 0, 2054, 0, 2055, 0, 2056, 0, 2057, 0, 2058, 0, 2059, 0, 2060, 0)",Percent,,Residential team handover 2026-05-21,"tech share within electricity-lit households, scenario=Regional Aspiration Scenario",lighting_tech_shares.csv,Medium,Regional Aspiration Scenario
Singapore,Demand\Residential\Projections\Lighting\Electricity\Halogen,Activity Level,"Interp(2025, 3, 2026, 2.7879, 2027, 2.5262, 2028, 2.2168, 2029, 1.8692, 2030, 1.5, 2031, 1.1308, 2032, 0.7832, 2033, 0.4738, 2034, 0.2121, 2035, 0, 2036, 0, 2037, 0, 2038, 0, 2039, 0, 2040, 0, 2041, 0, 2042, 0, 2043, 0, 2044, 0, 2045, 0, 2046, 0, 2047, 0, 2048, 0, 2049, 0, 2050, 0, 2051, 0, 2052, 0, 2053, 0, 2054, 0, 2055, 0, 2056, 0, 2057, 0, 2058, 0, 2059, 0, 2060, 0)",Percent,,Residential team handover 2026-05-21,"tech share within electricity-lit households, scenario=Regional Aspiration Scenario",lighting_tech_shares.csv,Medium,Regional Aspiration Scenario
Singapore,Demand\Residential\Projections\Lighting\Electricity\Incandescent,Activity Level,"Interp(2025, 1, 2026, 0.9293, 2027, 0.8421, 2028, 0.7389, 2029, 0.6231, 2030, 0.5, 2031, 0.3769, 2032, 0.2611, 2033, 0.1579, 2034, 0.0707, 2035, 0, 2036, 0, 2037, 0, 2038, 0, 2039, 0, 2040, 0, 2041, 0, 2042, 0, 2043, 0, 2044, 0, 2045, 0, 2046, 0, 2047, 0, 2048, 0, 2049, 0, 2050, 0, 2051, 0, 2052, 0, 2053, 0, 2054, 0, 2055, 0, 2056, 0, 2057, 0, 2058, 0, 2059, 0, 2060, 0)",Percent,,Residential team handover 2026-05-21,"tech share within electricity-lit households, scenario=Regional Aspiration Scenario",lighting_tech_shares.csv,Medium,Regional Aspiration Scenario
Singapore,Demand\Residential\Projections\Lighting\Electricity\LED,Activity Level,"Interp(2025, 80, 2026, 81.4141, 2027, 83.1589, 2028, 85.2213, 2029, 87.5389, 2030, 90, 2031, 92.4611, 2032, 94.7787, 2033, 96.8411, 2034, 98.5859, 2035, 100, 2036, 100, 2037, 100, 2038, 100, 2039, 100, 2040, 100, 2041, 100, 2042, 100, 2043, 100, 2044, 100, 2045, 100, 2046, 100, 2047, 100, 2048, 100, 2049, 100, 2050, 100, 2051, 100, 2052, 100, 2053, 100, 2054, 100, 2055, 100, 2056, 100, 2057, 100, 2058, 100, 2059, 100, 2060, 100)",Percent,,Residential team handover 2026-05-21,"tech share within electricity-lit households, scenario=Regional Aspiration Scenario",lighting_tech_shares.csv,Medium,Regional Aspiration Scenario
Singapore,Demand\Residential\Projections\Lighting\Electricity\CFL,Bulb Wattage,"Interp(2025, 14)",Watts,,"US DOE Lighting Facts / ENERGY STAR typical residential lamp wattages + UNEP U4E lamp-class conventions (60W-incandescent-equivalent, ~800 lm)",scenario-invariant; applies to all scenarios,lighting_bulb_wattage.csv,Medium,
Singapore,Demand\Residential\Projections\Lighting\Electricity\Fluorescent,Bulb Wattage,"Interp(2025, 32)",Watts,,"US DOE Lighting Facts / ENERGY STAR typical residential lamp wattages + UNEP U4E lamp-class conventions (60W-incandescent-equivalent, ~800 lm)",scenario-invariant; applies to all scenarios,lighting_bulb_wattage.csv,Medium,
Singapore,Demand\Residential\Projections\Lighting\Electricity\Halogen,Bulb Wattage,"Interp(2025, 42)",Watts,,"US DOE Lighting Facts / ENERGY STAR typical residential lamp wattages + UNEP U4E lamp-class conventions (60W-incandescent-equivalent, ~800 lm)",scenario-invariant; applies to all scenarios,lighting_bulb_wattage.csv,Medium,
Singapore,Demand\Residential\Projections\Lighting\Electricity\Incandescent,Bulb Wattage,"Interp(2025, 60)",Watts,,"US DOE Lighting Facts / ENERGY STAR typical residential lamp wattages + UNEP U4E lamp-class conventions (60W-incandescent-equivalent, ~800 lm)",scenario-invariant; applies to all scenarios,lighting_bulb_wattage.csv,Medium,
Singapore,Demand\Residential\Projections\Lighting\Electricity\LED,Bulb Wattage,"Interp(2025, 9)",Watts,,"Median residential LED-lamp wattage per AMS from lighting_catalogue_v1.csv (Stage 3 classified detail, Size_group=Lamp)",scenario-invariant; applies to all scenarios,lighting_bulb_wattage.csv,Medium,
Thailand,Demand\Residential\Projections\Lighting\Electricity\CFL,Activity Level,"Interp(2025, 15, 2026, 14.4587, 2027, 13.7812, 2028, 12.9515, 2029, 11.9626, 2030, 10.821, 2031, 9.5506, 2032, 8.1937, 2033, 6.8063, 2034, 5.4494, 2035, 4.179, 2036, 3.0374, 2037, 2.0485, 2038, 1.2188, 2039, 0.5413, 2040, 0, 2041, 0, 2042, 0, 2043, 0, 2044, 0, 2045, 0, 2046, 0, 2047, 0, 2048, 0, 2049, 0, 2050, 0, 2051, 0, 2052, 0, 2053, 0, 2054, 0, 2055, 0, 2056, 0, 2057, 0, 2058, 0, 2059, 0, 2060, 0)",Percent,,Residential team handover 2026-05-21,"tech share within electricity-lit households, scenario=AMS Target Scenario",lighting_tech_shares.csv,Medium,AMS Target Scenario
Thailand,Demand\Residential\Projections\Lighting\Electricity\Fluorescent,Activity Level,"Interp(2025, 14, 2026, 13.4948, 2027, 12.8624, 2028, 12.0881, 2029, 11.1651, 2030, 10.0996, 2031, 8.9139, 2032, 7.6475, 2033, 6.3525, 2034, 5.0861, 2035, 3.9004, 2036, 2.8349, 2037, 1.9119, 2038, 1.1376, 2039, 0.5052, 2040, 0, 2041, 0, 2042, 0, 2043, 0, 2044, 0, 2045, 0, 2046, 0, 2047, 0, 2048, 0, 2049, 0, 2050, 0, 2051, 0, 2052, 0, 2053, 0, 2054, 0, 2055, 0, 2056, 0, 2057, 0, 2058, 0, 2059, 0, 2060, 0)",Percent,,Residential team handover 2026-05-21,"tech share within electricity-lit households, scenario=AMS Target Scenario",lighting_tech_shares.csv,Medium,AMS Target Scenario
Thailand,Demand\Residential\Projections\Lighting\Electricity\Halogen,Activity Level,"Interp(2025, 3, 2026, 2.8917, 2027, 2.7562, 2028, 2.5903, 2029, 2.3925, 2030, 2.1642, 2031, 1.9101, 2032, 1.6387, 2033, 1.3613, 2034, 1.0899, 2035, 0.8358, 2036, 0.6075, 2037, 0.4097, 2038, 0.2438, 2039, 0.1083, 2040, 0, 2041, 0, 2042, 0, 2043, 0, 2044, 0, 2045, 0, 2046, 0, 2047, 0, 2048, 0, 2049, 0, 2050, 0, 2051, 0, 2052, 0, 2053, 0, 2054, 0, 2055, 0, 2056, 0, 2057, 0, 2058, 0, 2059, 0, 2060, 0)",Percent,,Residential team handover 2026-05-21,"tech share within electricity-lit households, scenario=AMS Target Scenario",lighting_tech_shares.csv,Medium,AMS Target Scenario
Thailand,Demand\Residential\Projections\Lighting\Electricity\Incandescent,Activity Level,"Interp(2025, 6, 2026, 5.7835, 2027, 5.5125, 2028, 5.1806, 2029, 4.7851, 2030, 4.3284, 2031, 3.8203, 2032, 3.2775, 2033, 2.7225, 2034, 2.1797, 2035, 1.6716, 2036, 1.2149, 2037, 0.8194, 2038, 0.4875, 2039, 0.2165, 2040, 0, 2041, 0, 2042, 0, 2043, 0, 2044, 0, 2045, 0, 2046, 0, 2047, 0, 2048, 0, 2049, 0, 2050, 0, 2051, 0, 2052, 0, 2053, 0, 2054, 0, 2055, 0, 2056, 0, 2057, 0, 2058, 0, 2059, 0, 2060, 0)",Percent,,Residential team handover 2026-05-21,"tech share within electricity-lit households, scenario=AMS Target Scenario",lighting_tech_shares.csv,Medium,AMS Target Scenario
Thailand,Demand\Residential\Projections\Lighting\Electricity\LED,Activity Level,"Interp(2025, 62, 2026, 63.3712, 2027, 65.0877, 2028, 67.1894, 2029, 69.6946, 2030, 72.5868, 2031, 75.805, 2032, 79.2425, 2033, 82.7575, 2034, 86.195, 2035, 89.4132, 2036, 92.3054, 2037, 94.8106, 2038, 96.9123, 2039, 98.6288, 2040, 100, 2041, 100, 2042, 100, 2043, 100, 2044, 100, 2045, 100, 2046, 100, 2047, 100, 2048, 100, 2049, 100, 2050, 100, 2051, 100, 2052, 100, 2053, 100, 2054, 100, 2055, 100, 2056, 100, 2057, 100, 2058, 100, 2059, 100, 2060, 100)",Percent,,Residential team handover 2026-05-21,"tech share within electricity-lit households, scenario=AMS Target Scenario",lighting_tech_shares.csv,Medium,AMS Target Scenario
Thailand,Demand\Residential\Projections\Lighting\Electricity\CFL,Activity Level,"Interp(2025, 15, 2026, 15, 2027, 15, 2028, 15, 2029, 15, 2030, 15, 2031, 15, 2032, 15, 2033, 15, 2034, 15, 2035, 15, 2036, 15, 2037, 15, 2038, 15, 2039, 15, 2040, 15, 2041, 15, 2042, 15, 2043, 15, 2044, 15, 2045, 15, 2046, 15, 2047, 15, 2048, 15, 2049, 15, 2050, 15, 2051, 15, 2052, 15, 2053, 15, 2054, 15, 2055, 15, 2056, 15, 2057, 15, 2058, 15, 2059, 15, 2060, 15)",Percent,,Residential team handover 2026-05-21,"tech share within electricity-lit households, scenario=Baseline Simulation",lighting_tech_shares.csv,Medium,Baseline Simulation
Thailand,Demand\Residential\Projections\Lighting\Electricity\Fluorescent,Activity Level,"Interp(2025, 14, 2026, 14, 2027, 14, 2028, 14, 2029, 14, 2030, 14, 2031, 14, 2032, 14, 2033, 14, 2034, 14, 2035, 14, 2036, 14, 2037, 14, 2038, 14, 2039, 14, 2040, 14, 2041, 14, 2042, 14, 2043, 14, 2044, 14, 2045, 14, 2046, 14, 2047, 14, 2048, 14, 2049, 14, 2050, 14, 2051, 14, 2052, 14, 2053, 14, 2054, 14, 2055, 14, 2056, 14, 2057, 14, 2058, 14, 2059, 14, 2060, 14)",Percent,,Residential team handover 2026-05-21,"tech share within electricity-lit households, scenario=Baseline Simulation",lighting_tech_shares.csv,Medium,Baseline Simulation
Thailand,Demand\Residential\Projections\Lighting\Electricity\Halogen,Activity Level,"Interp(2025, 3, 2026, 3, 2027, 3, 2028, 3, 2029, 3, 2030, 3, 2031, 3, 2032, 3, 2033, 3, 2034, 3, 2035, 3, 2036, 3, 2037, 3, 2038, 3, 2039, 3, 2040, 3, 2041, 3, 2042, 3, 2043, 3, 2044, 3, 2045, 3, 2046, 3, 2047, 3, 2048, 3, 2049, 3, 2050, 3, 2051, 3, 2052, 3, 2053, 3, 2054, 3, 2055, 3, 2056, 3, 2057, 3, 2058, 3, 2059, 3, 2060, 3)",Percent,,Residential team handover 2026-05-21,"tech share within electricity-lit households, scenario=Baseline Simulation",lighting_tech_shares.csv,Medium,Baseline Simulation
Thailand,Demand\Residential\Projections\Lighting\Electricity\Incandescent,Activity Level,"Interp(2025, 6, 2026, 6, 2027, 6, 2028, 6, 2029, 6, 2030, 6, 2031, 6, 2032, 6, 2033, 6, 2034, 6, 2035, 6, 2036, 6, 2037, 6, 2038, 6, 2039, 6, 2040, 6, 2041, 6, 2042, 6, 2043, 6, 2044, 6, 2045, 6, 2046, 6, 2047, 6, 2048, 6, 2049, 6, 2050, 6, 2051, 6, 2052, 6, 2053, 6, 2054, 6, 2055, 6, 2056, 6, 2057, 6, 2058, 6, 2059, 6, 2060, 6)",Percent,,Residential team handover 2026-05-21,"tech share within electricity-lit households, scenario=Baseline Simulation",lighting_tech_shares.csv,Medium,Baseline Simulation
Thailand,Demand\Residential\Projections\Lighting\Electricity\LED,Activity Level,"Interp(2025, 62, 2026, 62, 2027, 62, 2028, 62, 2029, 62, 2030, 62, 2031, 62, 2032, 62, 2033, 62, 2034, 62, 2035, 62, 2036, 62, 2037, 62, 2038, 62, 2039, 62, 2040, 62, 2041, 62, 2042, 62, 2043, 62, 2044, 62, 2045, 62, 2046, 62, 2047, 62, 2048, 62, 2049, 62, 2050, 62, 2051, 62, 2052, 62, 2053, 62, 2054, 62, 2055, 62, 2056, 62, 2057, 62, 2058, 62, 2059, 62, 2060, 62)",Percent,,Residential team handover 2026-05-21,"tech share within electricity-lit households, scenario=Baseline Simulation",lighting_tech_shares.csv,Medium,Baseline Simulation
Thailand,Demand\Residential\Projections\Lighting\Electricity\CFL,Activity Level,"Interp(2025, 15, 2026, 13.9394, 2027, 12.6308, 2028, 11.084, 2029, 9.3458, 2030, 7.5, 2031, 5.6542, 2032, 3.916, 2033, 2.3692, 2034, 1.0606, 2035, 0, 2036, 0, 2037, 0, 2038, 0, 2039, 0, 2040, 0, 2041, 0, 2042, 0, 2043, 0, 2044, 0, 2045, 0, 2046, 0, 2047, 0, 2048, 0, 2049, 0, 2050, 0, 2051, 0, 2052, 0, 2053, 0, 2054, 0, 2055, 0, 2056, 0, 2057, 0, 2058, 0, 2059, 0, 2060, 0)",Percent,,Residential team handover 2026-05-21,"tech share within electricity-lit households, scenario=Regional Aspiration Scenario",lighting_tech_shares.csv,Medium,Regional Aspiration Scenario
Thailand,Demand\Residential\Projections\Lighting\Electricity\Fluorescent,Activity Level,"Interp(2025, 14, 2026, 13.0101, 2027, 11.7888, 2028, 10.3451, 2029, 8.7227, 2030, 7, 2031, 5.2773, 2032, 3.6549, 2033, 2.2112, 2034, 0.9899, 2035, 0, 2036, 0, 2037, 0, 2038, 0, 2039, 0, 2040, 0, 2041, 0, 2042, 0, 2043, 0, 2044, 0, 2045, 0, 2046, 0, 2047, 0, 2048, 0, 2049, 0, 2050, 0, 2051, 0, 2052, 0, 2053, 0, 2054, 0, 2055, 0, 2056, 0, 2057, 0, 2058, 0, 2059, 0, 2060, 0)",Percent,,Residential team handover 2026-05-21,"tech share within electricity-lit households, scenario=Regional Aspiration Scenario",lighting_tech_shares.csv,Medium,Regional Aspiration Scenario
Thailand,Demand\Residential\Projections\Lighting\Electricity\Halogen,Activity Level,"Interp(2025, 3, 2026, 2.7879, 2027, 2.5262, 2028, 2.2168, 2029, 1.8692, 2030, 1.5, 2031, 1.1308, 2032, 0.7832, 2033, 0.4738, 2034, 0.2121, 2035, 0, 2036, 0, 2037, 0, 2038, 0, 2039, 0, 2040, 0, 2041, 0, 2042, 0, 2043, 0, 2044, 0, 2045, 0, 2046, 0, 2047, 0, 2048, 0, 2049, 0, 2050, 0, 2051, 0, 2052, 0, 2053, 0, 2054, 0, 2055, 0, 2056, 0, 2057, 0, 2058, 0, 2059, 0, 2060, 0)",Percent,,Residential team handover 2026-05-21,"tech share within electricity-lit households, scenario=Regional Aspiration Scenario",lighting_tech_shares.csv,Medium,Regional Aspiration Scenario
Thailand,Demand\Residential\Projections\Lighting\Electricity\Incandescent,Activity Level,"Interp(2025, 6, 2026, 5.5758, 2027, 5.0523, 2028, 4.4336, 2029, 3.7383, 2030, 3, 2031, 2.2617, 2032, 1.5664, 2033, 0.9477, 2034, 0.4242, 2035, 0, 2036, 0, 2037, 0, 2038, 0, 2039, 0, 2040, 0, 2041, 0, 2042, 0, 2043, 0, 2044, 0, 2045, 0, 2046, 0, 2047, 0, 2048, 0, 2049, 0, 2050, 0, 2051, 0, 2052, 0, 2053, 0, 2054, 0, 2055, 0, 2056, 0, 2057, 0, 2058, 0, 2059, 0, 2060, 0)",Percent,,Residential team handover 2026-05-21,"tech share within electricity-lit households, scenario=Regional Aspiration Scenario",lighting_tech_shares.csv,Medium,Regional Aspiration Scenario
Thailand,Demand\Residential\Projections\Lighting\Electricity\LED,Activity Level,"Interp(2025, 62, 2026, 64.6868, 2027, 68.0019, 2028, 71.9205, 2029, 76.324, 2030, 81, 2031, 85.676, 2032, 90.0795, 2033, 93.9981, 2034, 97.3132, 2035, 100, 2036, 100, 2037, 100, 2038, 100, 2039, 100, 2040, 100, 2041, 100, 2042, 100, 2043, 100, 2044, 100, 2045, 100, 2046, 100, 2047, 100, 2048, 100, 2049, 100, 2050, 100, 2051, 100, 2052, 100, 2053, 100, 2054, 100, 2055, 100, 2056, 100, 2057, 100, 2058, 100, 2059, 100, 2060, 100)",Percent,,Residential team handover 2026-05-21,"tech share within electricity-lit households, scenario=Regional Aspiration Scenario",lighting_tech_shares.csv,Medium,Regional Aspiration Scenario
Thailand,Demand\Residential\Projections\Lighting\Electricity\CFL,Bulb Wattage,"Interp(2025, 14)",Watts,,"US DOE Lighting Facts / ENERGY STAR typical residential lamp wattages + UNEP U4E lamp-class conventions (60W-incandescent-equivalent, ~800 lm)",scenario-invariant; applies to all scenarios,lighting_bulb_wattage.csv,Medium,
Thailand,Demand\Residential\Projections\Lighting\Electricity\Fluorescent,Bulb Wattage,"Interp(2025, 32)",Watts,,"US DOE Lighting Facts / ENERGY STAR typical residential lamp wattages + UNEP U4E lamp-class conventions (60W-incandescent-equivalent, ~800 lm)",scenario-invariant; applies to all scenarios,lighting_bulb_wattage.csv,Medium,
Thailand,Demand\Residential\Projections\Lighting\Electricity\Halogen,Bulb Wattage,"Interp(2025, 42)",Watts,,"US DOE Lighting Facts / ENERGY STAR typical residential lamp wattages + UNEP U4E lamp-class conventions (60W-incandescent-equivalent, ~800 lm)",scenario-invariant; applies to all scenarios,lighting_bulb_wattage.csv,Medium,
Thailand,Demand\Residential\Projections\Lighting\Electricity\Incandescent,Bulb Wattage,"Interp(2025, 60)",Watts,,"US DOE Lighting Facts / ENERGY STAR typical residential lamp wattages + UNEP U4E lamp-class conventions (60W-incandescent-equivalent, ~800 lm)",scenario-invariant; applies to all scenarios,lighting_bulb_wattage.csv,Medium,
Thailand,Demand\Residential\Projections\Lighting\Electricity\LED,Bulb Wattage,"Interp(2025, 9)",Watts,,"Median residential LED-lamp wattage per AMS from lighting_catalogue_v1.csv (Stage 3 classified detail, Size_group=Lamp)",scenario-invariant; applies to all scenarios,lighting_bulb_wattage.csv,Medium,
Vietnam,Demand\Residential\Projections\Lighting\Electricity\CFL,Activity Level,"Interp(2025, 18, 2026, 17.3505, 2027, 16.5374, 2028, 15.5419, 2029, 14.3552, 2030, 12.9852, 2031, 11.4608, 2032, 9.8325, 2033, 8.1675, 2034, 6.5392, 2035, 5.0148, 2036, 3.6448, 2037, 2.4581, 2038, 1.4626, 2039, 0.6495, 2040, 0, 2041, 0, 2042, 0, 2043, 0, 2044, 0, 2045, 0, 2046, 0, 2047, 0, 2048, 0, 2049, 0, 2050, 0, 2051, 0, 2052, 0, 2053, 0, 2054, 0, 2055, 0, 2056, 0, 2057, 0, 2058, 0, 2059, 0, 2060, 0)",Percent,,Residential team handover 2026-05-21,"tech share within electricity-lit households, scenario=AMS Target Scenario",lighting_tech_shares.csv,Medium,AMS Target Scenario
Vietnam,Demand\Residential\Projections\Lighting\Electricity\Fluorescent,Activity Level,"Interp(2025, 17, 2026, 16.3865, 2027, 15.6187, 2028, 14.6784, 2029, 13.5577, 2030, 12.2638, 2031, 10.8241, 2032, 9.2862, 2033, 7.7138, 2034, 6.1759, 2035, 4.7362, 2036, 3.4423, 2037, 2.3216, 2038, 1.3813, 2039, 0.6135, 2040, 0, 2041, 0, 2042, 0, 2043, 0, 2044, 0, 2045, 0, 2046, 0, 2047, 0, 2048, 0, 2049, 0, 2050, 0, 2051, 0, 2052, 0, 2053, 0, 2054, 0, 2055, 0, 2056, 0, 2057, 0, 2058, 0, 2059, 0, 2060, 0)",Percent,,Residential team handover 2026-05-21,"tech share within electricity-lit households, scenario=AMS Target Scenario",lighting_tech_shares.csv,Medium,AMS Target Scenario
Vietnam,Demand\Residential\Projections\Lighting\Electricity\Halogen,Activity Level,"Interp(2025, 3, 2026, 2.8917, 2027, 2.7562, 2028, 2.5903, 2029, 2.3925, 2030, 2.1642, 2031, 1.9101, 2032, 1.6387, 2033, 1.3613, 2034, 1.0899, 2035, 0.8358, 2036, 0.6075, 2037, 0.4097, 2038, 0.2438, 2039, 0.1083, 2040, 0, 2041, 0, 2042, 0, 2043, 0, 2044, 0, 2045, 0, 2046, 0, 2047, 0, 2048, 0, 2049, 0, 2050, 0, 2051, 0, 2052, 0, 2053, 0, 2054, 0, 2055, 0, 2056, 0, 2057, 0, 2058, 0, 2059, 0, 2060, 0)",Percent,,Residential team handover 2026-05-21,"tech share within electricity-lit households, scenario=AMS Target Scenario",lighting_tech_shares.csv,Medium,AMS Target Scenario
Vietnam,Demand\Residential\Projections\Lighting\Electricity\Incandescent,Activity Level,"Interp(2025, 7, 2026, 6.7474, 2027, 6.4312, 2028, 6.0441, 2029, 5.5826, 2030, 5.0498, 2031, 4.457, 2032, 3.8237, 2033, 3.1763, 2034, 2.543, 2035, 1.9502, 2036, 1.4174, 2037, 0.9559, 2038, 0.5688, 2039, 0.2526, 2040, 0, 2041, 0, 2042, 0, 2043, 0, 2044, 0, 2045, 0, 2046, 0, 2047, 0, 2048, 0, 2049, 0, 2050, 0, 2051, 0, 2052, 0, 2053, 0, 2054, 0, 2055, 0, 2056, 0, 2057, 0, 2058, 0, 2059, 0, 2060, 0)",Percent,,Residential team handover 2026-05-21,"tech share within electricity-lit households, scenario=AMS Target Scenario",lighting_tech_shares.csv,Medium,AMS Target Scenario
Vietnam,Demand\Residential\Projections\Lighting\Electricity\LED,Activity Level,"Interp(2025, 55, 2026, 56.6238, 2027, 58.6565, 2028, 61.1454, 2029, 64.1121, 2030, 67.537, 2031, 71.3481, 2032, 75.4188, 2033, 79.5812, 2034, 83.6519, 2035, 87.463, 2036, 90.8879, 2037, 93.8546, 2038, 96.3435, 2039, 98.3762, 2040, 100, 2041, 100, 2042, 100, 2043, 100, 2044, 100, 2045, 100, 2046, 100, 2047, 100, 2048, 100, 2049, 100, 2050, 100, 2051, 100, 2052, 100, 2053, 100, 2054, 100, 2055, 100, 2056, 100, 2057, 100, 2058, 100, 2059, 100, 2060, 100)",Percent,,Residential team handover 2026-05-21,"tech share within electricity-lit households, scenario=AMS Target Scenario",lighting_tech_shares.csv,Medium,AMS Target Scenario
Vietnam,Demand\Residential\Projections\Lighting\Electricity\CFL,Activity Level,"Interp(2025, 18, 2026, 18, 2027, 18, 2028, 18, 2029, 18, 2030, 18, 2031, 18, 2032, 18, 2033, 18, 2034, 18, 2035, 18, 2036, 18, 2037, 18, 2038, 18, 2039, 18, 2040, 18, 2041, 18, 2042, 18, 2043, 18, 2044, 18, 2045, 18, 2046, 18, 2047, 18, 2048, 18, 2049, 18, 2050, 18, 2051, 18, 2052, 18, 2053, 18, 2054, 18, 2055, 18, 2056, 18, 2057, 18, 2058, 18, 2059, 18, 2060, 18)",Percent,,Residential team handover 2026-05-21,"tech share within electricity-lit households, scenario=Baseline Simulation",lighting_tech_shares.csv,Medium,Baseline Simulation
Vietnam,Demand\Residential\Projections\Lighting\Electricity\Fluorescent,Activity Level,"Interp(2025, 17, 2026, 17, 2027, 17, 2028, 17, 2029, 17, 2030, 17, 2031, 17, 2032, 17, 2033, 17, 2034, 17, 2035, 17, 2036, 17, 2037, 17, 2038, 17, 2039, 17, 2040, 17, 2041, 17, 2042, 17, 2043, 17, 2044, 17, 2045, 17, 2046, 17, 2047, 17, 2048, 17, 2049, 17, 2050, 17, 2051, 17, 2052, 17, 2053, 17, 2054, 17, 2055, 17, 2056, 17, 2057, 17, 2058, 17, 2059, 17, 2060, 17)",Percent,,Residential team handover 2026-05-21,"tech share within electricity-lit households, scenario=Baseline Simulation",lighting_tech_shares.csv,Medium,Baseline Simulation
Vietnam,Demand\Residential\Projections\Lighting\Electricity\Halogen,Activity Level,"Interp(2025, 3, 2026, 3, 2027, 3, 2028, 3, 2029, 3, 2030, 3, 2031, 3, 2032, 3, 2033, 3, 2034, 3, 2035, 3, 2036, 3, 2037, 3, 2038, 3, 2039, 3, 2040, 3, 2041, 3, 2042, 3, 2043, 3, 2044, 3, 2045, 3, 2046, 3, 2047, 3, 2048, 3, 2049, 3, 2050, 3, 2051, 3, 2052, 3, 2053, 3, 2054, 3, 2055, 3, 2056, 3, 2057, 3, 2058, 3, 2059, 3, 2060, 3)",Percent,,Residential team handover 2026-05-21,"tech share within electricity-lit households, scenario=Baseline Simulation",lighting_tech_shares.csv,Medium,Baseline Simulation
Vietnam,Demand\Residential\Projections\Lighting\Electricity\Incandescent,Activity Level,"Interp(2025, 7, 2026, 7, 2027, 7, 2028, 7, 2029, 7, 2030, 7, 2031, 7, 2032, 7, 2033, 7, 2034, 7, 2035, 7, 2036, 7, 2037, 7, 2038, 7, 2039, 7, 2040, 7, 2041, 7, 2042, 7, 2043, 7, 2044, 7, 2045, 7, 2046, 7, 2047, 7, 2048, 7, 2049, 7, 2050, 7, 2051, 7, 2052, 7, 2053, 7, 2054, 7, 2055, 7, 2056, 7, 2057, 7, 2058, 7, 2059, 7, 2060, 7)",Percent,,Residential team handover 2026-05-21,"tech share within electricity-lit households, scenario=Baseline Simulation",lighting_tech_shares.csv,Medium,Baseline Simulation
Vietnam,Demand\Residential\Projections\Lighting\Electricity\LED,Activity Level,"Interp(2025, 55, 2026, 55, 2027, 55, 2028, 55, 2029, 55, 2030, 55, 2031, 55, 2032, 55, 2033, 55, 2034, 55, 2035, 55, 2036, 55, 2037, 55, 2038, 55, 2039, 55, 2040, 55, 2041, 55, 2042, 55, 2043, 55, 2044, 55, 2045, 55, 2046, 55, 2047, 55, 2048, 55, 2049, 55, 2050, 55, 2051, 55, 2052, 55, 2053, 55, 2054, 55, 2055, 55, 2056, 55, 2057, 55, 2058, 55, 2059, 55, 2060, 55)",Percent,,Residential team handover 2026-05-21,"tech share within electricity-lit households, scenario=Baseline Simulation",lighting_tech_shares.csv,Medium,Baseline Simulation
Vietnam,Demand\Residential\Projections\Lighting\Electricity\CFL,Activity Level,"Interp(2025, 18, 2026, 16.7273, 2027, 15.157, 2028, 13.3008, 2029, 11.215, 2030, 9, 2031, 6.785, 2032, 4.6992, 2033, 2.843, 2034, 1.2727, 2035, 0, 2036, 0, 2037, 0, 2038, 0, 2039, 0, 2040, 0, 2041, 0, 2042, 0, 2043, 0, 2044, 0, 2045, 0, 2046, 0, 2047, 0, 2048, 0, 2049, 0, 2050, 0, 2051, 0, 2052, 0, 2053, 0, 2054, 0, 2055, 0, 2056, 0, 2057, 0, 2058, 0, 2059, 0, 2060, 0)",Percent,,Residential team handover 2026-05-21,"tech share within electricity-lit households, scenario=Regional Aspiration Scenario",lighting_tech_shares.csv,Medium,Regional Aspiration Scenario
Vietnam,Demand\Residential\Projections\Lighting\Electricity\Fluorescent,Activity Level,"Interp(2025, 17, 2026, 15.798, 2027, 14.3149, 2028, 12.5619, 2029, 10.5919, 2030, 8.5, 2031, 6.4081, 2032, 4.4381, 2033, 2.6851, 2034, 1.202, 2035, 0, 2036, 0, 2037, 0, 2038, 0, 2039, 0, 2040, 0, 2041, 0, 2042, 0, 2043, 0, 2044, 0, 2045, 0, 2046, 0, 2047, 0, 2048, 0, 2049, 0, 2050, 0, 2051, 0, 2052, 0, 2053, 0, 2054, 0, 2055, 0, 2056, 0, 2057, 0, 2058, 0, 2059, 0, 2060, 0)",Percent,,Residential team handover 2026-05-21,"tech share within electricity-lit households, scenario=Regional Aspiration Scenario",lighting_tech_shares.csv,Medium,Regional Aspiration Scenario
Vietnam,Demand\Residential\Projections\Lighting\Electricity\Halogen,Activity Level,"Interp(2025, 3, 2026, 2.7879, 2027, 2.5262, 2028, 2.2168, 2029, 1.8692, 2030, 1.5, 2031, 1.1308, 2032, 0.7832, 2033, 0.4738, 2034, 0.2121, 2035, 0, 2036, 0, 2037, 0, 2038, 0, 2039, 0, 2040, 0, 2041, 0, 2042, 0, 2043, 0, 2044, 0, 2045, 0, 2046, 0, 2047, 0, 2048, 0, 2049, 0, 2050, 0, 2051, 0, 2052, 0, 2053, 0, 2054, 0, 2055, 0, 2056, 0, 2057, 0, 2058, 0, 2059, 0, 2060, 0)",Percent,,Residential team handover 2026-05-21,"tech share within electricity-lit households, scenario=Regional Aspiration Scenario",lighting_tech_shares.csv,Medium,Regional Aspiration Scenario
Vietnam,Demand\Residential\Projections\Lighting\Electricity\Incandescent,Activity Level,"Interp(2025, 7, 2026, 6.5051, 2027, 5.8944, 2028, 5.1725, 2029, 4.3614, 2030, 3.5, 2031, 2.6386, 2032, 1.8275, 2033, 1.1056, 2034, 0.4949, 2035, 0, 2036, 0, 2037, 0, 2038, 0, 2039, 0, 2040, 0, 2041, 0, 2042, 0, 2043, 0, 2044, 0, 2045, 0, 2046, 0, 2047, 0, 2048, 0, 2049, 0, 2050, 0, 2051, 0, 2052, 0, 2053, 0, 2054, 0, 2055, 0, 2056, 0, 2057, 0, 2058, 0, 2059, 0, 2060, 0)",Percent,,Residential team handover 2026-05-21,"tech share within electricity-lit households, scenario=Regional Aspiration Scenario",lighting_tech_shares.csv,Medium,Regional Aspiration Scenario
Vietnam,Demand\Residential\Projections\Lighting\Electricity\LED,Activity Level,"Interp(2025, 55, 2026, 58.1817, 2027, 62.1075, 2028, 66.7479, 2029, 71.9626, 2030, 77.5, 2031, 83.0374, 2032, 88.2521, 2033, 92.8925, 2034, 96.8183, 2035, 100, 2036, 100, 2037, 100, 2038, 100, 2039, 100, 2040, 100, 2041, 100, 2042, 100, 2043, 100, 2044, 100, 2045, 100, 2046, 100, 2047, 100, 2048, 100, 2049, 100, 2050, 100, 2051, 100, 2052, 100, 2053, 100, 2054, 100, 2055, 100, 2056, 100, 2057, 100, 2058, 100, 2059, 100, 2060, 100)",Percent,,Residential team handover 2026-05-21,"tech share within electricity-lit households, scenario=Regional Aspiration Scenario",lighting_tech_shares.csv,Medium,Regional Aspiration Scenario
Vietnam,Demand\Residential\Projections\Lighting\Electricity\CFL,Bulb Wattage,"Interp(2025, 14)",Watts,,"US DOE Lighting Facts / ENERGY STAR typical residential lamp wattages + UNEP U4E lamp-class conventions (60W-incandescent-equivalent, ~800 lm)",scenario-invariant; applies to all scenarios,lighting_bulb_wattage.csv,Medium,
Vietnam,Demand\Residential\Projections\Lighting\Electricity\Fluorescent,Bulb Wattage,"Interp(2025, 32)",Watts,,"US DOE Lighting Facts / ENERGY STAR typical residential lamp wattages + UNEP U4E lamp-class conventions (60W-incandescent-equivalent, ~800 lm)",scenario-invariant; applies to all scenarios,lighting_bulb_wattage.csv,Medium,
Vietnam,Demand\Residential\Projections\Lighting\Electricity\Halogen,Bulb Wattage,"Interp(2025, 42)",Watts,,"US DOE Lighting Facts / ENERGY STAR typical residential lamp wattages + UNEP U4E lamp-class conventions (60W-incandescent-equivalent, ~800 lm)",scenario-invariant; applies to all scenarios,lighting_bulb_wattage.csv,Medium,
Vietnam,Demand\Residential\Projections\Lighting\Electricity\Incandescent,Bulb Wattage,"Interp(2025, 60)",Watts,,"US DOE Lighting Facts / ENERGY STAR typical residential lamp wattages + UNEP U4E lamp-class conventions (60W-incandescent-equivalent, ~800 lm)",scenario-invariant; applies to all scenarios,lighting_bulb_wattage.csv,Medium,
Vietnam,Demand\Residential\Projections\Lighting\Electricity\LED,Bulb Wattage,"Interp(2025, 12)",Watts,,"Median residential LED-lamp wattage per AMS from lighting_catalogue_v1.csv (Stage 3 classified detail, Size_group=Lamp)",scenario-invariant; applies to all scenarios,lighting_bulb_wattage.csv,Medium,
