[fridge_keys] ActiveArea (locked): 'aeo9_v0.64'
[fridge_keys] 1030 rows; scenarios: ['Baseline Simulation', 'AMS Target Scenario', 'Regional Aspiration Scenario']
[fridge_keys] building branch index once (this is the slow step, ~1-3 min on a large area)...
[fridge_keys] indexed 10160 branches

[fridge_keys] === SCENARIO: 'Baseline Simulation' ===
  ActiveScenario: 'Baseline Simulation'
  rows for this scenario: 250 (untagged + scenario='Baseline Simulation')
  250 rows across 10 region(s)
  -- Phase 1: DRY RUN --
    --- region 'Brunei' (25 rows) ---
      [DRY] Key\Residential\Refrigeration\Efficiency_Share\Large_High . 'Activity Level' = Interp(2014, 41.02990033222591)
      [DRY] Key\Residential\Refrigeration\Efficiency_Share\Large_Low . 'Activity Level' = Interp(2014, 26.190476190476193)
      [DRY] Key\Residential\Refrigeration\Efficiency_Share\Large_Mid . 'Activity Level' = Interp(2014, 32.77962347729789)
      [DRY] Key\Residential\Refrigeration\Efficiency_Share\Medium_High . 'Activity Level' = Interp(2014, 41.0864410433283)
      [DRY] Key\Residential\Refrigeration\Efficiency_Share\Medium_Low . 'Activity Level' = Interp(2014, 26.277214917007974)
      [DRY] Key\Residential\Refrigeration\Efficiency_Share\Medium_Mid . 'Activity Level' = Interp(2014, 32.636344039663726)
      [DRY] Key\Residential\Refrigeration\Efficiency_Share\Small_High . 'Activity Level' = Interp(2014, 40.9282700421941)
      [DRY] Key\Residential\Refrigeration\Efficiency_Share\Small_Low . 'Activity Level' = Interp(2014, 46.63853727144866)
      [DRY] Key\Residential\Refrigeration\Efficiency_Share\Small_Mid . 'Activity Level' = Interp(2014, 12.433192686357245)
      [DRY] Key\Residential\Refrigeration\Size_Share\Large . 'Activity Level' = Interp(2014, 18.060000000000002)
      [DRY] Key\Residential\Refrigeration\Size_Share\Medium . 'Activity Level' = Interp(2014, 46.39)
      [DRY] Key\Residential\Refrigeration\Size_Share\Small . 'Activity Level' = Interp(2014, 35.55)
      [DRY] Key\Residential\Refrigeration\Percent Ownership . 'Activity Level' = Interp(2014, 98.25, 2015, 98.27, 2016, 98.29, 2017, 98.3, 2018, 98....
      [DRY] Key\Residential\Refrigeration\Useful_EI\Large . 'Activity Level' = Interp(2014, 0.0428804815133276)
      [DRY] Key\Residential\Refrigeration\Useful_EI\Medium . 'Activity Level' = Interp(2014, 0.03911435941530524)
      [DRY] Key\Residential\Refrigeration\Useful_EI\Small . 'Activity Level' = Interp(2014, 0.026242476354256233)
      [DRY] Demand\Residential\Projections\Refrigeration_\Large\High_eff . 'Efficiency' = Interp(2014, 100.0)
      [DRY] Demand\Residential\Projections\Refrigeration_\Large\Low_eff . 'Efficiency' = Interp(2014, 65.60978818576503)
      [DRY] Demand\Residential\Projections\Refrigeration_\Large\Mid_eff . 'Efficiency' = Interp(2014, 82.4297520661157)
      [DRY] Demand\Residential\Projections\Refrigeration_\Medium\High_eff . 'Efficiency' = Interp(2014, 100.0)
      [DRY] Demand\Residential\Projections\Refrigeration_\Medium\Low_eff . 'Efficiency' = Interp(2014, 68.52967761373908)
      [DRY] Demand\Residential\Projections\Refrigeration_\Medium\Mid_eff . 'Efficiency' = Interp(2014, 90.72596729158356)
      [DRY] Demand\Residential\Projections\Refrigeration_\Small\High_eff . 'Efficiency' = Interp(2014, 100.0)
      [DRY] Demand\Residential\Projections\Refrigeration_\Small\Low_eff . 'Efficiency' = Interp(2014, 58.85075202468183)
      [DRY] Demand\Residential\Projections\Refrigeration_\Small\Mid_eff . 'Efficiency' = Interp(2014, 86.33663366336634)
    --- region 'Cambodia' (25 rows) ---
      [DRY] Key\Residential\Refrigeration\Efficiency_Share\Large_High . 'Activity Level' = Interp(2014, 58.98989898989899, 2015, 58.98989898989899, 2016, 58.9...
      [DRY] Key\Residential\Refrigeration\Efficiency_Share\Large_Low . 'Activity Level' = Interp(2014, 8.080808080808083, 2015, 8.080808080808083, 2016, 8.08...
      [DRY] Key\Residential\Refrigeration\Efficiency_Share\Large_Mid . 'Activity Level' = Interp(2014, 32.92929292929293, 2015, 32.92929292929293, 2016, 32.9...
      [DRY] Key\Residential\Refrigeration\Efficiency_Share\Medium_High . 'Activity Level' = Interp(2014, 58.9825119236884, 2015, 58.9825119236884, 2016, 58.982...
      [DRY] Key\Residential\Refrigeration\Efficiency_Share\Medium_Low . 'Activity Level' = Interp(2014, 8.108108108108109, 2015, 8.108108108108109, 2016, 8.10...
      [DRY] Key\Residential\Refrigeration\Efficiency_Share\Medium_Mid . 'Activity Level' = Interp(2014, 32.909379968203496, 2015, 32.909379968203496, 2016, 32...
      [DRY] Key\Residential\Refrigeration\Efficiency_Share\Small_High . 'Activity Level' = Interp(2014, 47.5387972841901, 2015, 47.5387972841901, 2016, 47.538...
      [DRY] Key\Residential\Refrigeration\Efficiency_Share\Small_Low . 'Activity Level' = Interp(2014, 36.154219204655675, 2015, 36.154219204655675, 2016, 36...
      [DRY] Key\Residential\Refrigeration\Efficiency_Share\Small_Mid . 'Activity Level' = Interp(2014, 16.30698351115422, 2015, 16.30698351115422, 2016, 16.3...
      [DRY] Key\Residential\Refrigeration\Size_Share\Large . 'Activity Level' = Interp(2014, 4.949505049495049, 2015, 4.949505049495049, 2016, 4.94...
      [DRY] Key\Residential\Refrigeration\Size_Share\Medium . 'Activity Level' = Interp(2014, 12.57874212578742, 2015, 12.57874212578742, 2016, 12.5...
      [DRY] Key\Residential\Refrigeration\Size_Share\Small . 'Activity Level' = Interp(2014, 82.47175282471753, 2015, 82.47175282471753, 2016, 82.4...
      [DRY] Key\Residential\Refrigeration\Percent Ownership . 'Activity Level' = Interp(2014, 86.07, 2015, 86.2, 2016, 86.34, 2017, 86.48, 2018, 86....
      [DRY] Key\Residential\Refrigeration\Useful_EI\Large . 'Activity Level' = Interp(2014, 0.0428804815133276)
      [DRY] Key\Residential\Refrigeration\Useful_EI\Medium . 'Activity Level' = Interp(2014, 0.03911435941530524)
      [DRY] Key\Residential\Refrigeration\Useful_EI\Small . 'Activity Level' = Interp(2014, 0.026242476354256233)
      [DRY] Demand\Residential\Projections\Refrigeration_\Large\High_eff . 'Efficiency' = Interp(2014, 100.0)
      [DRY] Demand\Residential\Projections\Refrigeration_\Large\Low_eff . 'Efficiency' = Interp(2014, 65.60978818576503)
      [DRY] Demand\Residential\Projections\Refrigeration_\Large\Mid_eff . 'Efficiency' = Interp(2014, 82.4297520661157)
      [DRY] Demand\Residential\Projections\Refrigeration_\Medium\High_eff . 'Efficiency' = Interp(2014, 100.0)
      [DRY] Demand\Residential\Projections\Refrigeration_\Medium\Low_eff . 'Efficiency' = Interp(2014, 68.52967761373908)
      [DRY] Demand\Residential\Projections\Refrigeration_\Medium\Mid_eff . 'Efficiency' = Interp(2014, 90.72596729158356)
      [DRY] Demand\Residential\Projections\Refrigeration_\Small\High_eff . 'Efficiency' = Interp(2014, 100.0)
      [DRY] Demand\Residential\Projections\Refrigeration_\Small\Low_eff . 'Efficiency' = Interp(2014, 58.85075202468183)
      [DRY] Demand\Residential\Projections\Refrigeration_\Small\Mid_eff . 'Efficiency' = Interp(2014, 86.33663366336634)
    --- region 'Indonesia' (25 rows) ---
      [DRY] Key\Residential\Refrigeration\Efficiency_Share\Large_High . 'Activity Level' = Interp(2014, 50.0, 2015, 49.38053097345133, 2016, 49.49832775919731...
      [DRY] Key\Residential\Refrigeration\Efficiency_Share\Large_Low . 'Activity Level' = Interp(2014, 17.169811320754718, 2015, 18.053097345132745, 2016, 17...
      [DRY] Key\Residential\Refrigeration\Efficiency_Share\Large_Mid . 'Activity Level' = Interp(2014, 32.83018867924528, 2015, 32.56637168141593, 2016, 32.6...
      [DRY] Key\Residential\Refrigeration\Efficiency_Share\Medium_High . 'Activity Level' = Interp(2014, 50.0, 2015, 49.523809523809526, 2016, 49.6875, 2017, 5...
      [DRY] Key\Residential\Refrigeration\Efficiency_Share\Medium_Low . 'Activity Level' = Interp(2014, 17.419354838709676, 2015, 18.095238095238095, 2016, 17...
      [DRY] Key\Residential\Refrigeration\Efficiency_Share\Medium_Mid . 'Activity Level' = Interp(2014, 32.58064516129032, 2015, 32.38095238095238, 2016, 32.5...
      [DRY] Key\Residential\Refrigeration\Efficiency_Share\Small_High . 'Activity Level' = Interp(2014, 31.812227074235803, 2015, 31.707049665606846, 2016, 31...
      [DRY] Key\Residential\Refrigeration\Efficiency_Share\Small_Low . 'Activity Level' = Interp(2014, 56.59388646288209, 2015, 56.71527244819647, 2016, 56.5...
      [DRY] Key\Residential\Refrigeration\Efficiency_Share\Small_Mid . 'Activity Level' = Interp(2014, 11.593886462882095, 2015, 11.577677886196689, 2016, 11...
      [DRY] Key\Residential\Refrigeration\Size_Share\Large . 'Activity Level' = Interp(2014, 5.3, 2015, 5.649435056494351, 2016, 5.979402059794021,...
      [DRY] Key\Residential\Refrigeration\Size_Share\Medium . 'Activity Level' = Interp(2014, 3.1, 2015, 3.1496850314968503, 2016, 3.1996800319968, ...
      [DRY] Key\Residential\Refrigeration\Size_Share\Small . 'Activity Level' = Interp(2014, 91.60000000000001, 2015, 91.20087991200879, 2016, 90.8...
      [DRY] Key\Residential\Refrigeration\Percent Ownership . 'Activity Level' = Interp(2014, 97.39, 2015, 97.42, 2016, 97.44, 2017, 97.47, 2018, 97...
      [DRY] Key\Residential\Refrigeration\Useful_EI\Large . 'Activity Level' = Interp(2014, 0.0428804815133276)
      [DRY] Key\Residential\Refrigeration\Useful_EI\Medium . 'Activity Level' = Interp(2014, 0.03911435941530524)
      [DRY] Key\Residential\Refrigeration\Useful_EI\Small . 'Activity Level' = Interp(2014, 0.026242476354256233)
      [DRY] Demand\Residential\Projections\Refrigeration_\Large\High_eff . 'Efficiency' = Interp(2014, 100.0)
      [DRY] Demand\Residential\Projections\Refrigeration_\Large\Low_eff . 'Efficiency' = Interp(2014, 65.60978818576503)
      [DRY] Demand\Residential\Projections\Refrigeration_\Large\Mid_eff . 'Efficiency' = Interp(2014, 82.4297520661157)
      [DRY] Demand\Residential\Projections\Refrigeration_\Medium\High_eff . 'Efficiency' = Interp(2014, 100.0)
      [DRY] Demand\Residential\Projections\Refrigeration_\Medium\Low_eff . 'Efficiency' = Interp(2014, 68.52967761373908)
      [DRY] Demand\Residential\Projections\Refrigeration_\Medium\Mid_eff . 'Efficiency' = Interp(2014, 90.72596729158356)
      [DRY] Demand\Residential\Projections\Refrigeration_\Small\High_eff . 'Efficiency' = Interp(2014, 100.0)
      [DRY] Demand\Residential\Projections\Refrigeration_\Small\Low_eff . 'Efficiency' = Interp(2014, 58.85075202468183)
      [DRY] Demand\Residential\Projections\Refrigeration_\Small\Mid_eff . 'Efficiency' = Interp(2014, 86.33663366336634)
    --- region 'Laos' (25 rows) ---
      [DRY] Key\Residential\Refrigeration\Efficiency_Share\Large_High . 'Activity Level' = Interp(2014, 58.50785340314136, 2015, 58.50785340314136, 2016, 58.4...
      [DRY] Key\Residential\Refrigeration\Efficiency_Share\Large_Low . 'Activity Level' = Interp(2014, 8.24607329842932, 2015, 8.24607329842932, 2016, 8.2568...
      [DRY] Key\Residential\Refrigeration\Efficiency_Share\Large_Mid . 'Activity Level' = Interp(2014, 33.24607329842932, 2015, 33.24607329842932, 2016, 33.2...
      [DRY] Key\Residential\Refrigeration\Efficiency_Share\Medium_High . 'Activity Level' = Interp(2014, 58.484609313338595, 2015, 58.484609313338595, 2016, 58...
      [DRY] Key\Residential\Refrigeration\Efficiency_Share\Medium_Low . 'Activity Level' = Interp(2014, 8.287292817679559, 2015, 8.287292817679559, 2016, 8.28...
      [DRY] Key\Residential\Refrigeration\Efficiency_Share\Medium_Mid . 'Activity Level' = Interp(2014, 33.22809786898185, 2015, 33.22809786898185, 2016, 33.2...
      [DRY] Key\Residential\Refrigeration\Efficiency_Share\Small_High . 'Activity Level' = Interp(2014, 48.18672355377086, 2015, 48.18672355377086, 2016, 48.1...
      [DRY] Key\Residential\Refrigeration\Efficiency_Share\Small_Low . 'Activity Level' = Interp(2014, 35.46241686535325, 2015, 35.46241686535325, 2016, 35.4...
      [DRY] Key\Residential\Refrigeration\Efficiency_Share\Small_Mid . 'Activity Level' = Interp(2014, 16.35085958087589, 2015, 16.35085958087589, 2016, 16.3...
      [DRY] Key\Residential\Refrigeration\Size_Share\Large . 'Activity Level' = Interp(2014, 7.64, 2015, 7.64, 2016, 7.630763076307631, 2017, 7.630...
      [DRY] Key\Residential\Refrigeration\Size_Share\Medium . 'Activity Level' = Interp(2014, 12.67, 2015, 12.67, 2016, 12.67126712671267, 2017, 12....
      [DRY] Key\Residential\Refrigeration\Size_Share\Small . 'Activity Level' = Interp(2014, 79.69, 2015, 79.69, 2016, 79.69796979697969, 2017, 79....
      [DRY] Key\Residential\Refrigeration\Percent Ownership . 'Activity Level' = Interp(2014, 79.63, 2015, 79.83, 2016, 80.03, 2017, 80.23, 2018, 80...
      [DRY] Key\Residential\Refrigeration\Useful_EI\Large . 'Activity Level' = Interp(2014, 0.0428804815133276)
      [DRY] Key\Residential\Refrigeration\Useful_EI\Medium . 'Activity Level' = Interp(2014, 0.03911435941530524)
      [DRY] Key\Residential\Refrigeration\Useful_EI\Small . 'Activity Level' = Interp(2014, 0.026242476354256233)
      [DRY] Demand\Residential\Projections\Refrigeration_\Large\High_eff . 'Efficiency' = Interp(2014, 100.0)
      [DRY] Demand\Residential\Projections\Refrigeration_\Large\Low_eff . 'Efficiency' = Interp(2014, 65.60978818576503)
      [DRY] Demand\Residential\Projections\Refrigeration_\Large\Mid_eff . 'Efficiency' = Interp(2014, 82.4297520661157)
      [DRY] Demand\Residential\Projections\Refrigeration_\Medium\High_eff . 'Efficiency' = Interp(2014, 100.0)
      [DRY] Demand\Residential\Projections\Refrigeration_\Medium\Low_eff . 'Efficiency' = Interp(2014, 68.52967761373908)
      [DRY] Demand\Residential\Projections\Refrigeration_\Medium\Mid_eff . 'Efficiency' = Interp(2014, 90.72596729158356)
      [DRY] Demand\Residential\Projections\Refrigeration_\Small\High_eff . 'Efficiency' = Interp(2014, 100.0)
      [DRY] Demand\Residential\Projections\Refrigeration_\Small\Low_eff . 'Efficiency' = Interp(2014, 58.85075202468183)
      [DRY] Demand\Residential\Projections\Refrigeration_\Small\Mid_eff . 'Efficiency' = Interp(2014, 86.33663366336634)
    --- region 'Malaysia' (25 rows) ---
      [DRY] Key\Residential\Refrigeration\Efficiency_Share\Large_High . 'Activity Level' = Interp(2014, 40.29739776951673, 2015, 40.25923016496465, 2016, 40.3...
      [DRY] Key\Residential\Refrigeration\Efficiency_Share\Large_Low . 'Activity Level' = Interp(2014, 27.026022304832715, 2015, 27.14061272584446, 2016, 27....
      [DRY] Key\Residential\Refrigeration\Efficiency_Share\Large_Mid . 'Activity Level' = Interp(2014, 32.67657992565056, 2015, 32.60015710919089, 2016, 32.6...
      [DRY] Key\Residential\Refrigeration\Efficiency_Share\Medium_High . 'Activity Level' = Interp(2014, 40.35952449985503, 2015, 40.30769230769231, 2016, 40.3...
      [DRY] Key\Residential\Refrigeration\Efficiency_Share\Medium_Low . 'Activity Level' = Interp(2014, 27.138300956799068, 2015, 27.27272727272727, 2016, 27....
      [DRY] Key\Residential\Refrigeration\Efficiency_Share\Medium_Mid . 'Activity Level' = Interp(2014, 32.502174543345895, 2015, 32.41958041958042, 2016, 32....
      [DRY] Key\Residential\Refrigeration\Efficiency_Share\Small_High . 'Activity Level' = Interp(2014, 39.04145077720207, 2015, 38.97911832946635, 2016, 39.2...
      [DRY] Key\Residential\Refrigeration\Efficiency_Share\Small_Low . 'Activity Level' = Interp(2014, 48.41968911917098, 2015, 48.569218870843, 2016, 48.330...
      [DRY] Key\Residential\Refrigeration\Efficiency_Share\Small_Mid . 'Activity Level' = Interp(2014, 12.538860103626941, 2015, 12.451662799690641, 2016, 12...
      [DRY] Key\Residential\Refrigeration\Size_Share\Large . 'Activity Level' = Interp(2014, 26.902690269026902, 2015, 25.46, 2016, 24.604920984196...
      [DRY] Key\Residential\Refrigeration\Size_Share\Medium . 'Activity Level' = Interp(2014, 34.4934493449345, 2015, 35.75, 2016, 37.04740948189637...
      [DRY] Key\Residential\Refrigeration\Size_Share\Small . 'Activity Level' = Interp(2014, 38.603860386038605, 2015, 38.79, 2016, 38.347669533906...
      [DRY] Key\Residential\Refrigeration\Percent Ownership . 'Activity Level' = Interp(2014, 94.96, 2015, 95.01, 2016, 95.06, 2017, 95.11, 2018, 95...
      [DRY] Key\Residential\Refrigeration\Useful_EI\Large . 'Activity Level' = Interp(2014, 0.0428804815133276)
      [DRY] Key\Residential\Refrigeration\Useful_EI\Medium . 'Activity Level' = Interp(2014, 0.03911435941530524)
      [DRY] Key\Residential\Refrigeration\Useful_EI\Small . 'Activity Level' = Interp(2014, 0.026242476354256233)
      [DRY] Demand\Residential\Projections\Refrigeration_\Large\High_eff . 'Efficiency' = Interp(2014, 100.0)
      [DRY] Demand\Residential\Projections\Refrigeration_\Large\Low_eff . 'Efficiency' = Interp(2014, 65.60978818576503)
      [DRY] Demand\Residential\Projections\Refrigeration_\Large\Mid_eff . 'Efficiency' = Interp(2014, 82.4297520661157)
      [DRY] Demand\Residential\Projections\Refrigeration_\Medium\High_eff . 'Efficiency' = Interp(2014, 100.0)
      [DRY] Demand\Residential\Projections\Refrigeration_\Medium\Low_eff . 'Efficiency' = Interp(2014, 68.52967761373908)
      [DRY] Demand\Residential\Projections\Refrigeration_\Medium\Mid_eff . 'Efficiency' = Interp(2014, 90.72596729158356)
      [DRY] Demand\Residential\Projections\Refrigeration_\Small\High_eff . 'Efficiency' = Interp(2014, 100.0)
      [DRY] Demand\Residential\Projections\Refrigeration_\Small\Low_eff . 'Efficiency' = Interp(2014, 58.85075202468183)
      [DRY] Demand\Residential\Projections\Refrigeration_\Small\Mid_eff . 'Efficiency' = Interp(2014, 86.33663366336634)
    --- region 'Myanmar' (25 rows) ---
      [DRY] Key\Residential\Refrigeration\Efficiency_Share\Large_High . 'Activity Level' = Interp(2014, 59.59183673469387, 2015, 59.59183673469387, 2016, 59.5...
      [DRY] Key\Residential\Refrigeration\Efficiency_Share\Large_Low . 'Activity Level' = Interp(2014, 7.755102040816326, 2015, 7.755102040816326, 2016, 7.75...
      [DRY] Key\Residential\Refrigeration\Efficiency_Share\Large_Mid . 'Activity Level' = Interp(2014, 32.6530612244898, 2015, 32.6530612244898, 2016, 32.653...
      [DRY] Key\Residential\Refrigeration\Efficiency_Share\Medium_High . 'Activity Level' = Interp(2014, 59.58631662688943, 2015, 59.58631662688943, 2016, 59.5...
      [DRY] Key\Residential\Refrigeration\Efficiency_Share\Medium_Low . 'Activity Level' = Interp(2014, 7.716785998408909, 2015, 7.716785998408909, 2016, 7.71...
      [DRY] Key\Residential\Refrigeration\Efficiency_Share\Medium_Mid . 'Activity Level' = Interp(2014, 32.69689737470167, 2015, 32.69689737470167, 2016, 32.6...
      [DRY] Key\Residential\Refrigeration\Efficiency_Share\Small_High . 'Activity Level' = Interp(2014, 44.85641584878227, 2015, 44.85641584878227, 2016, 44.8...
      [DRY] Key\Residential\Refrigeration\Efficiency_Share\Small_Low . 'Activity Level' = Interp(2014, 39.44020356234096, 2015, 39.44020356234096, 2016, 39.4...
      [DRY] Key\Residential\Refrigeration\Efficiency_Share\Small_Mid . 'Activity Level' = Interp(2014, 15.703380588876772, 2015, 15.703380588876772, 2016, 15...
      [DRY] Key\Residential\Refrigeration\Size_Share\Large . 'Activity Level' = Interp(2014, 4.9, 2015, 4.9, 2016, 4.9, 2017, 4.9, 2018, 4.9, 2019,...
      [DRY] Key\Residential\Refrigeration\Size_Share\Medium . 'Activity Level' = Interp(2014, 12.57, 2015, 12.57, 2016, 12.57, 2017, 12.57, 2018, 12...
      [DRY] Key\Residential\Refrigeration\Size_Share\Small . 'Activity Level' = Interp(2014, 82.53, 2015, 82.53, 2016, 82.53, 2017, 82.53, 2018, 82...
      [DRY] Key\Residential\Refrigeration\Percent Ownership . 'Activity Level' = Interp(2014, 38.88, 2015, 39.49, 2016, 40.09, 2017, 40.69, 2018, 41...
      [DRY] Key\Residential\Refrigeration\Useful_EI\Large . 'Activity Level' = Interp(2014, 0.0428804815133276)
      [DRY] Key\Residential\Refrigeration\Useful_EI\Medium . 'Activity Level' = Interp(2014, 0.03911435941530524)
      [DRY] Key\Residential\Refrigeration\Useful_EI\Small . 'Activity Level' = Interp(2014, 0.026242476354256233)
      [DRY] Demand\Residential\Projections\Refrigeration_\Large\High_eff . 'Efficiency' = Interp(2014, 100.0)
      [DRY] Demand\Residential\Projections\Refrigeration_\Large\Low_eff . 'Efficiency' = Interp(2014, 65.60978818576503)
      [DRY] Demand\Residential\Projections\Refrigeration_\Large\Mid_eff . 'Efficiency' = Interp(2014, 82.4297520661157)
      [DRY] Demand\Residential\Projections\Refrigeration_\Medium\High_eff . 'Efficiency' = Interp(2014, 100.0)
      [DRY] Demand\Residential\Projections\Refrigeration_\Medium\Low_eff . 'Efficiency' = Interp(2014, 68.52967761373908)
      [DRY] Demand\Residential\Projections\Refrigeration_\Medium\Mid_eff . 'Efficiency' = Interp(2014, 90.72596729158356)
      [DRY] Demand\Residential\Projections\Refrigeration_\Small\High_eff . 'Efficiency' = Interp(2014, 100.0)
      [DRY] Demand\Residential\Projections\Refrigeration_\Small\Low_eff . 'Efficiency' = Interp(2014, 58.85075202468183)
      [DRY] Demand\Residential\Projections\Refrigeration_\Small\Mid_eff . 'Efficiency' = Interp(2014, 86.33663366336634)
    --- region 'Philippines' (25 rows) ---
      [DRY] Key\Residential\Refrigeration\Efficiency_Share\Large_High . 'Activity Level' = Interp(2014, 60.0, 2015, 59.800664451827245, 2016, 59.8006644518272...
      [DRY] Key\Residential\Refrigeration\Efficiency_Share\Large_Low . 'Activity Level' = Interp(2014, 7.333333333333333, 2015, 7.641196013289038, 2016, 7.64...
      [DRY] Key\Residential\Refrigeration\Efficiency_Share\Large_Mid . 'Activity Level' = Interp(2014, 32.666666666666664, 2015, 32.55813953488372, 2016, 32....
      [DRY] Key\Residential\Refrigeration\Efficiency_Share\Medium_High . 'Activity Level' = Interp(2014, 60.0, 2015, 59.87361769352291, 2016, 59.76470588235294...
      [DRY] Key\Residential\Refrigeration\Efficiency_Share\Medium_Low . 'Activity Level' = Interp(2014, 7.44, 2015, 7.503949447077408, 2016, 7.607843137254902...
      [DRY] Key\Residential\Refrigeration\Efficiency_Share\Medium_Mid . 'Activity Level' = Interp(2014, 32.56, 2015, 32.62243285939968, 2016, 32.6274509803921...
      [DRY] Key\Residential\Refrigeration\Efficiency_Share\Small_High . 'Activity Level' = Interp(2014, 42.28402366863905, 2015, 42.31681290016599, 2016, 42.3...
      [DRY] Key\Residential\Refrigeration\Efficiency_Share\Small_Low . 'Activity Level' = Interp(2014, 42.55621301775148, 2015, 42.54209153426607, 2016, 42.5...
      [DRY] Key\Residential\Refrigeration\Efficiency_Share\Small_Mid . 'Activity Level' = Interp(2014, 15.159763313609467, 2015, 15.14109556556794, 2016, 15....
      [DRY] Key\Residential\Refrigeration\Size_Share\Large . 'Activity Level' = Interp(2014, 3.0, 2015, 3.0096990300969897, 2016, 3.009398120375924...
      [DRY] Key\Residential\Refrigeration\Size_Share\Medium . 'Activity Level' = Interp(2014, 12.5, 2015, 12.65873412658734, 2016, 12.74745050989802...
      [DRY] Key\Residential\Refrigeration\Size_Share\Small . 'Activity Level' = Interp(2014, 84.5, 2015, 84.33156684331567, 2016, 84.24315136972605...
      [DRY] Key\Residential\Refrigeration\Percent Ownership . 'Activity Level' = Interp(2014, 87.42, 2015, 87.54, 2016, 87.67, 2017, 87.79, 2018, 87...
      [DRY] Key\Residential\Refrigeration\Useful_EI\Large . 'Activity Level' = Interp(2014, 0.0428804815133276)
      [DRY] Key\Residential\Refrigeration\Useful_EI\Medium . 'Activity Level' = Interp(2014, 0.03911435941530524)
      [DRY] Key\Residential\Refrigeration\Useful_EI\Small . 'Activity Level' = Interp(2014, 0.026242476354256233)
      [DRY] Demand\Residential\Projections\Refrigeration_\Large\High_eff . 'Efficiency' = Interp(2014, 100.0)
      [DRY] Demand\Residential\Projections\Refrigeration_\Large\Low_eff . 'Efficiency' = Interp(2014, 65.60978818576503)
      [DRY] Demand\Residential\Projections\Refrigeration_\Large\Mid_eff . 'Efficiency' = Interp(2014, 82.4297520661157)
      [DRY] Demand\Residential\Projections\Refrigeration_\Medium\High_eff . 'Efficiency' = Interp(2014, 100.0)
      [DRY] Demand\Residential\Projections\Refrigeration_\Medium\Low_eff . 'Efficiency' = Interp(2014, 68.52967761373908)
      [DRY] Demand\Residential\Projections\Refrigeration_\Medium\Mid_eff . 'Efficiency' = Interp(2014, 90.72596729158356)
      [DRY] Demand\Residential\Projections\Refrigeration_\Small\High_eff . 'Efficiency' = Interp(2014, 100.0)
      [DRY] Demand\Residential\Projections\Refrigeration_\Small\Low_eff . 'Efficiency' = Interp(2014, 58.85075202468183)
      [DRY] Demand\Residential\Projections\Refrigeration_\Small\Mid_eff . 'Efficiency' = Interp(2014, 86.33663366336634)
    --- region 'Singapore' (25 rows) ---
      [DRY] Key\Residential\Refrigeration\Efficiency_Share\Large_High . 'Activity Level' = Interp(2014, 42.21879815100154, 2015, 42.21879815100154, 2016, 42.2...
      [DRY] Key\Residential\Refrigeration\Efficiency_Share\Large_Low . 'Activity Level' = Interp(2014, 20.184899845916796, 2015, 20.107858243451464, 2016, 20...
      [DRY] Key\Residential\Refrigeration\Efficiency_Share\Large_Mid . 'Activity Level' = Interp(2014, 37.59630200308166, 2015, 37.673343605547, 2016, 37.750...
      [DRY] Key\Residential\Refrigeration\Efficiency_Share\Medium_High . 'Activity Level' = Interp(2014, 42.47752247752248, 2015, 42.48775710088149, 2016, 42.4...
      [DRY] Key\Residential\Refrigeration\Efficiency_Share\Medium_Low . 'Activity Level' = Interp(2014, 20.63936063936064, 2015, 20.548481880509303, 2016, 20....
      [DRY] Key\Residential\Refrigeration\Efficiency_Share\Medium_Mid . 'Activity Level' = Interp(2014, 36.883116883116884, 2015, 36.963761018609205, 2016, 37...
      [DRY] Key\Residential\Refrigeration\Efficiency_Share\Small_High . 'Activity Level' = Interp(2014, 43.455922120064905, 2015, 43.512086690747424, 2016, 43...
      [DRY] Key\Residential\Refrigeration\Efficiency_Share\Small_Low . 'Activity Level' = Interp(2014, 38.39913466738778, 2015, 38.288413448180044, 2016, 38....
      [DRY] Key\Residential\Refrigeration\Efficiency_Share\Small_Mid . 'Activity Level' = Interp(2014, 18.144943212547325, 2015, 18.199499861072518, 2016, 18...
      [DRY] Key\Residential\Refrigeration\Size_Share\Large . 'Activity Level' = Interp(2014, 12.97870212978702, 2015, 12.977404519096181, 2016, 12....
      [DRY] Key\Residential\Refrigeration\Size_Share\Medium . 'Activity Level' = Interp(2014, 50.04499550044995, 2015, 51.03979204159169, 2016, 51.7...
      [DRY] Key\Residential\Refrigeration\Size_Share\Small . 'Activity Level' = Interp(2014, 36.97630236976302, 2015, 35.982803439312136, 2016, 35....
      [DRY] Key\Residential\Refrigeration\Percent Ownership . 'Activity Level' = Interp(2014, 100.0, 2015, 100.0, 2016, 100.0, 2017, 100.0, 2018, 10...
      [DRY] Key\Residential\Refrigeration\Useful_EI\Large . 'Activity Level' = Interp(2014, 0.0428804815133276)
      [DRY] Key\Residential\Refrigeration\Useful_EI\Medium . 'Activity Level' = Interp(2014, 0.03911435941530524)
      [DRY] Key\Residential\Refrigeration\Useful_EI\Small . 'Activity Level' = Interp(2014, 0.026242476354256233)
      [DRY] Demand\Residential\Projections\Refrigeration_\Large\High_eff . 'Efficiency' = Interp(2014, 100.0)
      [DRY] Demand\Residential\Projections\Refrigeration_\Large\Low_eff . 'Efficiency' = Interp(2014, 65.60978818576503)
      [DRY] Demand\Residential\Projections\Refrigeration_\Large\Mid_eff . 'Efficiency' = Interp(2014, 82.4297520661157)
      [DRY] Demand\Residential\Projections\Refrigeration_\Medium\High_eff . 'Efficiency' = Interp(2014, 100.0)
      [DRY] Demand\Residential\Projections\Refrigeration_\Medium\Low_eff . 'Efficiency' = Interp(2014, 68.52967761373908)
      [DRY] Demand\Residential\Projections\Refrigeration_\Medium\Mid_eff . 'Efficiency' = Interp(2014, 90.72596729158356)
      [DRY] Demand\Residential\Projections\Refrigeration_\Small\High_eff . 'Efficiency' = Interp(2014, 100.0)
      [DRY] Demand\Residential\Projections\Refrigeration_\Small\Low_eff . 'Efficiency' = Interp(2014, 58.85075202468183)
      [DRY] Demand\Residential\Projections\Refrigeration_\Small\Mid_eff . 'Efficiency' = Interp(2014, 86.33663366336634)
    --- region 'Thailand' (25 rows) ---
      [DRY] Key\Residential\Refrigeration\Efficiency_Share\Large_High . 'Activity Level' = Interp(2014, 39.89795918367347, 2015, 39.69387755102041, 2016, 39.6...
      [DRY] Key\Residential\Refrigeration\Efficiency_Share\Large_Low . 'Activity Level' = Interp(2014, 18.6734693877551, 2015, 18.877551020408163, 2016, 18.8...
      [DRY] Key\Residential\Refrigeration\Efficiency_Share\Large_Mid . 'Activity Level' = Interp(2014, 41.42857142857142, 2015, 41.42857142857142, 2016, 41.4...
      [DRY] Key\Residential\Refrigeration\Efficiency_Share\Medium_High . 'Activity Level' = Interp(2014, 40.20559680182753, 2015, 40.090857467348094, 2016, 40....
      [DRY] Key\Residential\Refrigeration\Efficiency_Share\Medium_Low . 'Activity Level' = Interp(2014, 19.360365505425474, 2015, 19.47756956274844, 2016, 19....
      [DRY] Key\Residential\Refrigeration\Efficiency_Share\Medium_Mid . 'Activity Level' = Interp(2014, 40.434037692747005, 2015, 40.43157296990347, 2016, 40....
      [DRY] Key\Residential\Refrigeration\Efficiency_Share\Small_High . 'Activity Level' = Interp(2014, 31.82005777961205, 2015, 31.735537190082646, 2016, 31....
      [DRY] Key\Residential\Refrigeration\Efficiency_Share\Small_Low . 'Activity Level' = Interp(2014, 55.16577245838492, 2015, 55.20661157024793, 2016, 55.2...
      [DRY] Key\Residential\Refrigeration\Efficiency_Share\Small_Mid . 'Activity Level' = Interp(2014, 13.014169762003029, 2015, 13.057851239669423, 2016, 13...
      [DRY] Key\Residential\Refrigeration\Size_Share\Large . 'Activity Level' = Interp(2014, 9.8, 2015, 9.799020097990201, 2016, 9.8009800980098, 2...
      [DRY] Key\Residential\Refrigeration\Size_Share\Medium . 'Activity Level' = Interp(2014, 17.509999999999998, 2015, 17.608239176082392, 2016, 17...
      [DRY] Key\Residential\Refrigeration\Size_Share\Small . 'Activity Level' = Interp(2014, 72.69, 2015, 72.5927407259274, 2016, 72.53725372537254...
      [DRY] Key\Residential\Refrigeration\Percent Ownership . 'Activity Level' = Interp(2014, 100.0, 2015, 100.0, 2016, 100.0, 2017, 100.0, 2018, 10...
      [DRY] Key\Residential\Refrigeration\Useful_EI\Large . 'Activity Level' = Interp(2014, 0.0428804815133276)
      [DRY] Key\Residential\Refrigeration\Useful_EI\Medium . 'Activity Level' = Interp(2014, 0.03911435941530524)
      [DRY] Key\Residential\Refrigeration\Useful_EI\Small . 'Activity Level' = Interp(2014, 0.026242476354256233)
      [DRY] Demand\Residential\Projections\Refrigeration_\Large\High_eff . 'Efficiency' = Interp(2014, 100.0)
      [DRY] Demand\Residential\Projections\Refrigeration_\Large\Low_eff . 'Efficiency' = Interp(2014, 65.60978818576503)
      [DRY] Demand\Residential\Projections\Refrigeration_\Large\Mid_eff . 'Efficiency' = Interp(2014, 82.4297520661157)
      [DRY] Demand\Residential\Projections\Refrigeration_\Medium\High_eff . 'Efficiency' = Interp(2014, 100.0)
      [DRY] Demand\Residential\Projections\Refrigeration_\Medium\Low_eff . 'Efficiency' = Interp(2014, 68.52967761373908)
      [DRY] Demand\Residential\Projections\Refrigeration_\Medium\Mid_eff . 'Efficiency' = Interp(2014, 90.72596729158356)
      [DRY] Demand\Residential\Projections\Refrigeration_\Small\High_eff . 'Efficiency' = Interp(2014, 100.0)
      [DRY] Demand\Residential\Projections\Refrigeration_\Small\Low_eff . 'Efficiency' = Interp(2014, 58.85075202468183)
      [DRY] Demand\Residential\Projections\Refrigeration_\Small\Mid_eff . 'Efficiency' = Interp(2014, 86.33663366336634)
    --- region 'Vietnam' (25 rows) ---
      [DRY] Key\Residential\Refrigeration\Efficiency_Share\Large_High . 'Activity Level' = Interp(2014, 59.150805270863835, 2015, 58.921694480102694, 2016, 58...
      [DRY] Key\Residential\Refrigeration\Efficiency_Share\Large_Low . 'Activity Level' = Interp(2014, 8.052708638360176, 2015, 8.215661103979462, 2016, 8.16...
      [DRY] Key\Residential\Refrigeration\Efficiency_Share\Large_Mid . 'Activity Level' = Interp(2014, 32.796486090775986, 2015, 32.86264441591785, 2016, 33....
      [DRY] Key\Residential\Refrigeration\Efficiency_Share\Medium_High . 'Activity Level' = Interp(2014, 59.209486166007906, 2015, 58.958168902920285, 2016, 58...
      [DRY] Key\Residential\Refrigeration\Efficiency_Share\Medium_Low . 'Activity Level' = Interp(2014, 8.063241106719367, 2015, 8.12943962115233, 2016, 8.176...
      [DRY] Key\Residential\Refrigeration\Efficiency_Share\Medium_Mid . 'Activity Level' = Interp(2014, 32.72727272727272, 2015, 32.912391475927386, 2016, 33....
      [DRY] Key\Residential\Refrigeration\Efficiency_Share\Small_High . 'Activity Level' = Interp(2014, 47.454048683556884, 2015, 47.554381994216016, 2016, 47...
      [DRY] Key\Residential\Refrigeration\Efficiency_Share\Small_Low . 'Activity Level' = Interp(2014, 36.28912071535023, 2015, 36.137306676725764, 2016, 35....
      [DRY] Key\Residential\Refrigeration\Efficiency_Share\Small_Mid . 'Activity Level' = Interp(2014, 16.256830601092897, 2015, 16.308311329058217, 2016, 16...
      [DRY] Key\Residential\Refrigeration\Size_Share\Large . 'Activity Level' = Interp(2014, 6.83, 2015, 7.790779077907792, 2016, 8.079192080791922...
      [DRY] Key\Residential\Refrigeration\Size_Share\Medium . 'Activity Level' = Interp(2014, 12.65, 2015, 12.67126712671267, 2016, 12.7187281271872...
      [DRY] Key\Residential\Refrigeration\Size_Share\Small . 'Activity Level' = Interp(2014, 80.52, 2015, 79.53795379537955, 2016, 79.2020797920208...
      [DRY] Key\Residential\Refrigeration\Percent Ownership . 'Activity Level' = Interp(2014, 100.0, 2015, 100.0, 2016, 100.0, 2017, 100.0, 2018, 10...
      [DRY] Key\Residential\Refrigeration\Useful_EI\Large . 'Activity Level' = Interp(2014, 0.0428804815133276)
      [DRY] Key\Residential\Refrigeration\Useful_EI\Medium . 'Activity Level' = Interp(2014, 0.03911435941530524)
      [DRY] Key\Residential\Refrigeration\Useful_EI\Small . 'Activity Level' = Interp(2014, 0.026242476354256233)
      [DRY] Demand\Residential\Projections\Refrigeration_\Large\High_eff . 'Efficiency' = Interp(2014, 100.0)
      [DRY] Demand\Residential\Projections\Refrigeration_\Large\Low_eff . 'Efficiency' = Interp(2014, 65.60978818576503)
      [DRY] Demand\Residential\Projections\Refrigeration_\Large\Mid_eff . 'Efficiency' = Interp(2014, 82.4297520661157)
      [DRY] Demand\Residential\Projections\Refrigeration_\Medium\High_eff . 'Efficiency' = Interp(2014, 100.0)
      [DRY] Demand\Residential\Projections\Refrigeration_\Medium\Low_eff . 'Efficiency' = Interp(2014, 68.52967761373908)
      [DRY] Demand\Residential\Projections\Refrigeration_\Medium\Mid_eff . 'Efficiency' = Interp(2014, 90.72596729158356)
      [DRY] Demand\Residential\Projections\Refrigeration_\Small\High_eff . 'Efficiency' = Interp(2014, 100.0)
      [DRY] Demand\Residential\Projections\Refrigeration_\Small\Low_eff . 'Efficiency' = Interp(2014, 58.85075202468183)
      [DRY] Demand\Residential\Projections\Refrigeration_\Small\Mid_eff . 'Efficiency' = Interp(2014, 86.33663366336634)
  [dry-run] {'dry_run': 250}
  -- Phase 3: REAL INJECT --
    --- region 'Brunei' (25 rows) ---
      [OK]  Key\Residential\Refrigeration\Efficiency_Share\Large_High . 'Activity Level' = Interp(2014, 41.02990033222591)
      [OK]  Key\Residential\Refrigeration\Efficiency_Share\Large_Low . 'Activity Level' = Interp(2014, 26.190476190476193)
      [OK]  Key\Residential\Refrigeration\Efficiency_Share\Large_Mid . 'Activity Level' = Interp(2014, 32.77962347729789)
      [OK]  Key\Residential\Refrigeration\Efficiency_Share\Medium_High . 'Activity Level' = Interp(2014, 41.0864410433283)
      [OK]  Key\Residential\Refrigeration\Efficiency_Share\Medium_Low . 'Activity Level' = Interp(2014, 26.277214917007974)
      [OK]  Key\Residential\Refrigeration\Efficiency_Share\Medium_Mid . 'Activity Level' = Interp(2014, 32.636344039663726)
      [OK]  Key\Residential\Refrigeration\Efficiency_Share\Small_High . 'Activity Level' = Interp(2014, 40.9282700421941)
      [OK]  Key\Residential\Refrigeration\Efficiency_Share\Small_Low . 'Activity Level' = Interp(2014, 46.63853727144866)
      [OK]  Key\Residential\Refrigeration\Efficiency_Share\Small_Mid . 'Activity Level' = Interp(2014, 12.433192686357245)
      [OK]  Key\Residential\Refrigeration\Size_Share\Large . 'Activity Level' = Interp(2014, 18.060000000000002)
      [OK]  Key\Residential\Refrigeration\Size_Share\Medium . 'Activity Level' = Interp(2014, 46.39)
      [OK]  Key\Residential\Refrigeration\Size_Share\Small . 'Activity Level' = Interp(2014, 35.55)
      [OK]  Key\Residential\Refrigeration\Percent Ownership . 'Activity Level' = Interp(2014, 98.25, 2015, 98.27, 2016, 98.29, 2017, 98.3,...
      [OK]  Key\Residential\Refrigeration\Useful_EI\Large . 'Activity Level' = Interp(2014, 0.0428804815133276)
      [OK]  Key\Residential\Refrigeration\Useful_EI\Medium . 'Activity Level' = Interp(2014, 0.03911435941530524)
      [OK]  Key\Residential\Refrigeration\Useful_EI\Small . 'Activity Level' = Interp(2014, 0.026242476354256233)
      [OK]  Demand\Residential\Projections\Refrigeration_\Large\High_eff . 'Efficiency' = Interp(2014, 100.0)
      [OK]  Demand\Residential\Projections\Refrigeration_\Large\Low_eff . 'Efficiency' = Interp(2014, 65.60978818576503)
      [OK]  Demand\Residential\Projections\Refrigeration_\Large\Mid_eff . 'Efficiency' = Interp(2014, 82.4297520661157)
      [OK]  Demand\Residential\Projections\Refrigeration_\Medium\High_eff . 'Efficiency' = Interp(2014, 100.0)
      [OK]  Demand\Residential\Projections\Refrigeration_\Medium\Low_eff . 'Efficiency' = Interp(2014, 68.52967761373908)
      [OK]  Demand\Residential\Projections\Refrigeration_\Medium\Mid_eff . 'Efficiency' = Interp(2014, 90.72596729158356)
      [OK]  Demand\Residential\Projections\Refrigeration_\Small\High_eff . 'Efficiency' = Interp(2014, 100.0)
      [OK]  Demand\Residential\Projections\Refrigeration_\Small\Low_eff . 'Efficiency' = Interp(2014, 58.85075202468183)
      [OK]  Demand\Residential\Projections\Refrigeration_\Small\Mid_eff . 'Efficiency' = Interp(2014, 86.33663366336634)
    --- region 'Cambodia' (25 rows) ---
      [OK]  Key\Residential\Refrigeration\Efficiency_Share\Large_High . 'Activity Level' = Interp(2014, 58.98989898989899, 2015, 58.98989898989899, ...
      [OK]  Key\Residential\Refrigeration\Efficiency_Share\Large_Low . 'Activity Level' = Interp(2014, 8.080808080808083, 2015, 8.080808080808083, ...
      [OK]  Key\Residential\Refrigeration\Efficiency_Share\Large_Mid . 'Activity Level' = Interp(2014, 32.92929292929293, 2015, 32.92929292929293, ...
      [OK]  Key\Residential\Refrigeration\Efficiency_Share\Medium_High . 'Activity Level' = Interp(2014, 58.9825119236884, 2015, 58.9825119236884, 20...
      [OK]  Key\Residential\Refrigeration\Efficiency_Share\Medium_Low . 'Activity Level' = Interp(2014, 8.108108108108109, 2015, 8.108108108108109, ...
      [OK]  Key\Residential\Refrigeration\Efficiency_Share\Medium_Mid . 'Activity Level' = Interp(2014, 32.909379968203496, 2015, 32.909379968203496...
      [OK]  Key\Residential\Refrigeration\Efficiency_Share\Small_High . 'Activity Level' = Interp(2014, 47.5387972841901, 2015, 47.5387972841901, 20...
      [OK]  Key\Residential\Refrigeration\Efficiency_Share\Small_Low . 'Activity Level' = Interp(2014, 36.154219204655675, 2015, 36.154219204655675...
      [OK]  Key\Residential\Refrigeration\Efficiency_Share\Small_Mid . 'Activity Level' = Interp(2014, 16.30698351115422, 2015, 16.30698351115422, ...
      [OK]  Key\Residential\Refrigeration\Size_Share\Large . 'Activity Level' = Interp(2014, 4.949505049495049, 2015, 4.949505049495049, ...
      [OK]  Key\Residential\Refrigeration\Size_Share\Medium . 'Activity Level' = Interp(2014, 12.57874212578742, 2015, 12.57874212578742, ...
      [OK]  Key\Residential\Refrigeration\Size_Share\Small . 'Activity Level' = Interp(2014, 82.47175282471753, 2015, 82.47175282471753, ...
      [OK]  Key\Residential\Refrigeration\Percent Ownership . 'Activity Level' = Interp(2014, 86.07, 2015, 86.2, 2016, 86.34, 2017, 86.48,...
      [OK]  Key\Residential\Refrigeration\Useful_EI\Large . 'Activity Level' = Interp(2014, 0.0428804815133276)
      [OK]  Key\Residential\Refrigeration\Useful_EI\Medium . 'Activity Level' = Interp(2014, 0.03911435941530524)
      [OK]  Key\Residential\Refrigeration\Useful_EI\Small . 'Activity Level' = Interp(2014, 0.026242476354256233)
      [OK]  Demand\Residential\Projections\Refrigeration_\Large\High_eff . 'Efficiency' = Interp(2014, 100.0)
      [OK]  Demand\Residential\Projections\Refrigeration_\Large\Low_eff . 'Efficiency' = Interp(2014, 65.60978818576503)
      [OK]  Demand\Residential\Projections\Refrigeration_\Large\Mid_eff . 'Efficiency' = Interp(2014, 82.4297520661157)
      [OK]  Demand\Residential\Projections\Refrigeration_\Medium\High_eff . 'Efficiency' = Interp(2014, 100.0)
      [OK]  Demand\Residential\Projections\Refrigeration_\Medium\Low_eff . 'Efficiency' = Interp(2014, 68.52967761373908)
      [OK]  Demand\Residential\Projections\Refrigeration_\Medium\Mid_eff . 'Efficiency' = Interp(2014, 90.72596729158356)
      [OK]  Demand\Residential\Projections\Refrigeration_\Small\High_eff . 'Efficiency' = Interp(2014, 100.0)
      [OK]  Demand\Residential\Projections\Refrigeration_\Small\Low_eff . 'Efficiency' = Interp(2014, 58.85075202468183)
      [OK]  Demand\Residential\Projections\Refrigeration_\Small\Mid_eff . 'Efficiency' = Interp(2014, 86.33663366336634)
    --- region 'Indonesia' (25 rows) ---
      [OK]  Key\Residential\Refrigeration\Efficiency_Share\Large_High . 'Activity Level' = Interp(2014, 50.0, 2015, 49.38053097345133, 2016, 49.4983...
      [OK]  Key\Residential\Refrigeration\Efficiency_Share\Large_Low . 'Activity Level' = Interp(2014, 17.169811320754718, 2015, 18.053097345132745...
      [OK]  Key\Residential\Refrigeration\Efficiency_Share\Large_Mid . 'Activity Level' = Interp(2014, 32.83018867924528, 2015, 32.56637168141593, ...
      [OK]  Key\Residential\Refrigeration\Efficiency_Share\Medium_High . 'Activity Level' = Interp(2014, 50.0, 2015, 49.523809523809526, 2016, 49.687...
      [OK]  Key\Residential\Refrigeration\Efficiency_Share\Medium_Low . 'Activity Level' = Interp(2014, 17.419354838709676, 2015, 18.095238095238095...
      [OK]  Key\Residential\Refrigeration\Efficiency_Share\Medium_Mid . 'Activity Level' = Interp(2014, 32.58064516129032, 2015, 32.38095238095238, ...
      [OK]  Key\Residential\Refrigeration\Efficiency_Share\Small_High . 'Activity Level' = Interp(2014, 31.812227074235803, 2015, 31.707049665606846...
      [OK]  Key\Residential\Refrigeration\Efficiency_Share\Small_Low . 'Activity Level' = Interp(2014, 56.59388646288209, 2015, 56.71527244819647, ...
      [OK]  Key\Residential\Refrigeration\Efficiency_Share\Small_Mid . 'Activity Level' = Interp(2014, 11.593886462882095, 2015, 11.577677886196689...
      [OK]  Key\Residential\Refrigeration\Size_Share\Large . 'Activity Level' = Interp(2014, 5.3, 2015, 5.649435056494351, 2016, 5.979402...
      [OK]  Key\Residential\Refrigeration\Size_Share\Medium . 'Activity Level' = Interp(2014, 3.1, 2015, 3.1496850314968503, 2016, 3.19968...
      [OK]  Key\Residential\Refrigeration\Size_Share\Small . 'Activity Level' = Interp(2014, 91.60000000000001, 2015, 91.20087991200879, ...
      [OK]  Key\Residential\Refrigeration\Percent Ownership . 'Activity Level' = Interp(2014, 97.39, 2015, 97.42, 2016, 97.44, 2017, 97.47...
      [OK]  Key\Residential\Refrigeration\Useful_EI\Large . 'Activity Level' = Interp(2014, 0.0428804815133276)
      [OK]  Key\Residential\Refrigeration\Useful_EI\Medium . 'Activity Level' = Interp(2014, 0.03911435941530524)
      [OK]  Key\Residential\Refrigeration\Useful_EI\Small . 'Activity Level' = Interp(2014, 0.026242476354256233)
      [OK]  Demand\Residential\Projections\Refrigeration_\Large\High_eff . 'Efficiency' = Interp(2014, 100.0)
      [OK]  Demand\Residential\Projections\Refrigeration_\Large\Low_eff . 'Efficiency' = Interp(2014, 65.60978818576503)
      [OK]  Demand\Residential\Projections\Refrigeration_\Large\Mid_eff . 'Efficiency' = Interp(2014, 82.4297520661157)
      [OK]  Demand\Residential\Projections\Refrigeration_\Medium\High_eff . 'Efficiency' = Interp(2014, 100.0)
      [OK]  Demand\Residential\Projections\Refrigeration_\Medium\Low_eff . 'Efficiency' = Interp(2014, 68.52967761373908)
      [OK]  Demand\Residential\Projections\Refrigeration_\Medium\Mid_eff . 'Efficiency' = Interp(2014, 90.72596729158356)
      [OK]  Demand\Residential\Projections\Refrigeration_\Small\High_eff . 'Efficiency' = Interp(2014, 100.0)
      [OK]  Demand\Residential\Projections\Refrigeration_\Small\Low_eff . 'Efficiency' = Interp(2014, 58.85075202468183)
      [OK]  Demand\Residential\Projections\Refrigeration_\Small\Mid_eff . 'Efficiency' = Interp(2014, 86.33663366336634)
    --- region 'Laos' (25 rows) ---
      [OK]  Key\Residential\Refrigeration\Efficiency_Share\Large_High . 'Activity Level' = Interp(2014, 58.50785340314136, 2015, 58.50785340314136, ...
      [OK]  Key\Residential\Refrigeration\Efficiency_Share\Large_Low . 'Activity Level' = Interp(2014, 8.24607329842932, 2015, 8.24607329842932, 20...
      [OK]  Key\Residential\Refrigeration\Efficiency_Share\Large_Mid . 'Activity Level' = Interp(2014, 33.24607329842932, 2015, 33.24607329842932, ...
      [OK]  Key\Residential\Refrigeration\Efficiency_Share\Medium_High . 'Activity Level' = Interp(2014, 58.484609313338595, 2015, 58.484609313338595...
      [OK]  Key\Residential\Refrigeration\Efficiency_Share\Medium_Low . 'Activity Level' = Interp(2014, 8.287292817679559, 2015, 8.287292817679559, ...
      [OK]  Key\Residential\Refrigeration\Efficiency_Share\Medium_Mid . 'Activity Level' = Interp(2014, 33.22809786898185, 2015, 33.22809786898185, ...
      [OK]  Key\Residential\Refrigeration\Efficiency_Share\Small_High . 'Activity Level' = Interp(2014, 48.18672355377086, 2015, 48.18672355377086, ...
      [OK]  Key\Residential\Refrigeration\Efficiency_Share\Small_Low . 'Activity Level' = Interp(2014, 35.46241686535325, 2015, 35.46241686535325, ...
      [OK]  Key\Residential\Refrigeration\Efficiency_Share\Small_Mid . 'Activity Level' = Interp(2014, 16.35085958087589, 2015, 16.35085958087589, ...
      [OK]  Key\Residential\Refrigeration\Size_Share\Large . 'Activity Level' = Interp(2014, 7.64, 2015, 7.64, 2016, 7.630763076307631, 2...
      [OK]  Key\Residential\Refrigeration\Size_Share\Medium . 'Activity Level' = Interp(2014, 12.67, 2015, 12.67, 2016, 12.67126712671267,...
      [OK]  Key\Residential\Refrigeration\Size_Share\Small . 'Activity Level' = Interp(2014, 79.69, 2015, 79.69, 2016, 79.69796979697969,...
      [OK]  Key\Residential\Refrigeration\Percent Ownership . 'Activity Level' = Interp(2014, 79.63, 2015, 79.83, 2016, 80.03, 2017, 80.23...
      [OK]  Key\Residential\Refrigeration\Useful_EI\Large . 'Activity Level' = Interp(2014, 0.0428804815133276)
      [OK]  Key\Residential\Refrigeration\Useful_EI\Medium . 'Activity Level' = Interp(2014, 0.03911435941530524)
      [OK]  Key\Residential\Refrigeration\Useful_EI\Small . 'Activity Level' = Interp(2014, 0.026242476354256233)
      [OK]  Demand\Residential\Projections\Refrigeration_\Large\High_eff . 'Efficiency' = Interp(2014, 100.0)
      [OK]  Demand\Residential\Projections\Refrigeration_\Large\Low_eff . 'Efficiency' = Interp(2014, 65.60978818576503)
      [OK]  Demand\Residential\Projections\Refrigeration_\Large\Mid_eff . 'Efficiency' = Interp(2014, 82.4297520661157)
      [OK]  Demand\Residential\Projections\Refrigeration_\Medium\High_eff . 'Efficiency' = Interp(2014, 100.0)
      [OK]  Demand\Residential\Projections\Refrigeration_\Medium\Low_eff . 'Efficiency' = Interp(2014, 68.52967761373908)
      [OK]  Demand\Residential\Projections\Refrigeration_\Medium\Mid_eff . 'Efficiency' = Interp(2014, 90.72596729158356)
      [OK]  Demand\Residential\Projections\Refrigeration_\Small\High_eff . 'Efficiency' = Interp(2014, 100.0)
      [OK]  Demand\Residential\Projections\Refrigeration_\Small\Low_eff . 'Efficiency' = Interp(2014, 58.85075202468183)
      [OK]  Demand\Residential\Projections\Refrigeration_\Small\Mid_eff . 'Efficiency' = Interp(2014, 86.33663366336634)
    --- region 'Malaysia' (25 rows) ---
      [OK]  Key\Residential\Refrigeration\Efficiency_Share\Large_High . 'Activity Level' = Interp(2014, 40.29739776951673, 2015, 40.25923016496465, ...
      [OK]  Key\Residential\Refrigeration\Efficiency_Share\Large_Low . 'Activity Level' = Interp(2014, 27.026022304832715, 2015, 27.14061272584446,...
      [OK]  Key\Residential\Refrigeration\Efficiency_Share\Large_Mid . 'Activity Level' = Interp(2014, 32.67657992565056, 2015, 32.60015710919089, ...
      [OK]  Key\Residential\Refrigeration\Efficiency_Share\Medium_High . 'Activity Level' = Interp(2014, 40.35952449985503, 2015, 40.30769230769231, ...
      [OK]  Key\Residential\Refrigeration\Efficiency_Share\Medium_Low . 'Activity Level' = Interp(2014, 27.138300956799068, 2015, 27.27272727272727,...
      [OK]  Key\Residential\Refrigeration\Efficiency_Share\Medium_Mid . 'Activity Level' = Interp(2014, 32.502174543345895, 2015, 32.41958041958042,...
      [OK]  Key\Residential\Refrigeration\Efficiency_Share\Small_High . 'Activity Level' = Interp(2014, 39.04145077720207, 2015, 38.97911832946635, ...
      [OK]  Key\Residential\Refrigeration\Efficiency_Share\Small_Low . 'Activity Level' = Interp(2014, 48.41968911917098, 2015, 48.569218870843, 20...
      [OK]  Key\Residential\Refrigeration\Efficiency_Share\Small_Mid . 'Activity Level' = Interp(2014, 12.538860103626941, 2015, 12.451662799690641...
      [OK]  Key\Residential\Refrigeration\Size_Share\Large . 'Activity Level' = Interp(2014, 26.902690269026902, 2015, 25.46, 2016, 24.60...
      [OK]  Key\Residential\Refrigeration\Size_Share\Medium . 'Activity Level' = Interp(2014, 34.4934493449345, 2015, 35.75, 2016, 37.0474...
      [OK]  Key\Residential\Refrigeration\Size_Share\Small . 'Activity Level' = Interp(2014, 38.603860386038605, 2015, 38.79, 2016, 38.34...
      [OK]  Key\Residential\Refrigeration\Percent Ownership . 'Activity Level' = Interp(2014, 94.96, 2015, 95.01, 2016, 95.06, 2017, 95.11...
      [OK]  Key\Residential\Refrigeration\Useful_EI\Large . 'Activity Level' = Interp(2014, 0.0428804815133276)
      [OK]  Key\Residential\Refrigeration\Useful_EI\Medium . 'Activity Level' = Interp(2014, 0.03911435941530524)
      [OK]  Key\Residential\Refrigeration\Useful_EI\Small . 'Activity Level' = Interp(2014, 0.026242476354256233)
      [OK]  Demand\Residential\Projections\Refrigeration_\Large\High_eff . 'Efficiency' = Interp(2014, 100.0)
      [OK]  Demand\Residential\Projections\Refrigeration_\Large\Low_eff . 'Efficiency' = Interp(2014, 65.60978818576503)
      [OK]  Demand\Residential\Projections\Refrigeration_\Large\Mid_eff . 'Efficiency' = Interp(2014, 82.4297520661157)
      [OK]  Demand\Residential\Projections\Refrigeration_\Medium\High_eff . 'Efficiency' = Interp(2014, 100.0)
      [OK]  Demand\Residential\Projections\Refrigeration_\Medium\Low_eff . 'Efficiency' = Interp(2014, 68.52967761373908)
      [OK]  Demand\Residential\Projections\Refrigeration_\Medium\Mid_eff . 'Efficiency' = Interp(2014, 90.72596729158356)
      [OK]  Demand\Residential\Projections\Refrigeration_\Small\High_eff . 'Efficiency' = Interp(2014, 100.0)
      [OK]  Demand\Residential\Projections\Refrigeration_\Small\Low_eff . 'Efficiency' = Interp(2014, 58.85075202468183)
      [OK]  Demand\Residential\Projections\Refrigeration_\Small\Mid_eff . 'Efficiency' = Interp(2014, 86.33663366336634)
    --- region 'Myanmar' (25 rows) ---
      [OK]  Key\Residential\Refrigeration\Efficiency_Share\Large_High . 'Activity Level' = Interp(2014, 59.59183673469387, 2015, 59.59183673469387, ...
      [OK]  Key\Residential\Refrigeration\Efficiency_Share\Large_Low . 'Activity Level' = Interp(2014, 7.755102040816326, 2015, 7.755102040816326, ...
      [OK]  Key\Residential\Refrigeration\Efficiency_Share\Large_Mid . 'Activity Level' = Interp(2014, 32.6530612244898, 2015, 32.6530612244898, 20...
      [OK]  Key\Residential\Refrigeration\Efficiency_Share\Medium_High . 'Activity Level' = Interp(2014, 59.58631662688943, 2015, 59.58631662688943, ...
      [OK]  Key\Residential\Refrigeration\Efficiency_Share\Medium_Low . 'Activity Level' = Interp(2014, 7.716785998408909, 2015, 7.716785998408909, ...
      [OK]  Key\Residential\Refrigeration\Efficiency_Share\Medium_Mid . 'Activity Level' = Interp(2014, 32.69689737470167, 2015, 32.69689737470167, ...
      [OK]  Key\Residential\Refrigeration\Efficiency_Share\Small_High . 'Activity Level' = Interp(2014, 44.85641584878227, 2015, 44.85641584878227, ...
      [OK]  Key\Residential\Refrigeration\Efficiency_Share\Small_Low . 'Activity Level' = Interp(2014, 39.44020356234096, 2015, 39.44020356234096, ...
      [OK]  Key\Residential\Refrigeration\Efficiency_Share\Small_Mid . 'Activity Level' = Interp(2014, 15.703380588876772, 2015, 15.703380588876772...
      [OK]  Key\Residential\Refrigeration\Size_Share\Large . 'Activity Level' = Interp(2014, 4.9, 2015, 4.9, 2016, 4.9, 2017, 4.9, 2018, ...
      [OK]  Key\Residential\Refrigeration\Size_Share\Medium . 'Activity Level' = Interp(2014, 12.57, 2015, 12.57, 2016, 12.57, 2017, 12.57...
      [OK]  Key\Residential\Refrigeration\Size_Share\Small . 'Activity Level' = Interp(2014, 82.53, 2015, 82.53, 2016, 82.53, 2017, 82.53...
      [OK]  Key\Residential\Refrigeration\Percent Ownership . 'Activity Level' = Interp(2014, 38.88, 2015, 39.49, 2016, 40.09, 2017, 40.69...
      [OK]  Key\Residential\Refrigeration\Useful_EI\Large . 'Activity Level' = Interp(2014, 0.0428804815133276)
      [OK]  Key\Residential\Refrigeration\Useful_EI\Medium . 'Activity Level' = Interp(2014, 0.03911435941530524)
      [OK]  Key\Residential\Refrigeration\Useful_EI\Small . 'Activity Level' = Interp(2014, 0.026242476354256233)
      [OK]  Demand\Residential\Projections\Refrigeration_\Large\High_eff . 'Efficiency' = Interp(2014, 100.0)
      [OK]  Demand\Residential\Projections\Refrigeration_\Large\Low_eff . 'Efficiency' = Interp(2014, 65.60978818576503)
      [OK]  Demand\Residential\Projections\Refrigeration_\Large\Mid_eff . 'Efficiency' = Interp(2014, 82.4297520661157)
      [OK]  Demand\Residential\Projections\Refrigeration_\Medium\High_eff . 'Efficiency' = Interp(2014, 100.0)
      [OK]  Demand\Residential\Projections\Refrigeration_\Medium\Low_eff . 'Efficiency' = Interp(2014, 68.52967761373908)
      [OK]  Demand\Residential\Projections\Refrigeration_\Medium\Mid_eff . 'Efficiency' = Interp(2014, 90.72596729158356)
      [OK]  Demand\Residential\Projections\Refrigeration_\Small\High_eff . 'Efficiency' = Interp(2014, 100.0)
      [OK]  Demand\Residential\Projections\Refrigeration_\Small\Low_eff . 'Efficiency' = Interp(2014, 58.85075202468183)
      [OK]  Demand\Residential\Projections\Refrigeration_\Small\Mid_eff . 'Efficiency' = Interp(2014, 86.33663366336634)
    --- region 'Philippines' (25 rows) ---
      [OK]  Key\Residential\Refrigeration\Efficiency_Share\Large_High . 'Activity Level' = Interp(2014, 60.0, 2015, 59.800664451827245, 2016, 59.800...
      [OK]  Key\Residential\Refrigeration\Efficiency_Share\Large_Low . 'Activity Level' = Interp(2014, 7.333333333333333, 2015, 7.641196013289038, ...
      [OK]  Key\Residential\Refrigeration\Efficiency_Share\Large_Mid . 'Activity Level' = Interp(2014, 32.666666666666664, 2015, 32.55813953488372,...
      [OK]  Key\Residential\Refrigeration\Efficiency_Share\Medium_High . 'Activity Level' = Interp(2014, 60.0, 2015, 59.87361769352291, 2016, 59.7647...
      [OK]  Key\Residential\Refrigeration\Efficiency_Share\Medium_Low . 'Activity Level' = Interp(2014, 7.44, 2015, 7.503949447077408, 2016, 7.60784...
      [OK]  Key\Residential\Refrigeration\Efficiency_Share\Medium_Mid . 'Activity Level' = Interp(2014, 32.56, 2015, 32.62243285939968, 2016, 32.627...
      [OK]  Key\Residential\Refrigeration\Efficiency_Share\Small_High . 'Activity Level' = Interp(2014, 42.28402366863905, 2015, 42.31681290016599, ...
      [OK]  Key\Residential\Refrigeration\Efficiency_Share\Small_Low . 'Activity Level' = Interp(2014, 42.55621301775148, 2015, 42.54209153426607, ...
      [OK]  Key\Residential\Refrigeration\Efficiency_Share\Small_Mid . 'Activity Level' = Interp(2014, 15.159763313609467, 2015, 15.14109556556794,...
      [OK]  Key\Residential\Refrigeration\Size_Share\Large . 'Activity Level' = Interp(2014, 3.0, 2015, 3.0096990300969897, 2016, 3.00939...
      [OK]  Key\Residential\Refrigeration\Size_Share\Medium . 'Activity Level' = Interp(2014, 12.5, 2015, 12.65873412658734, 2016, 12.7474...
      [OK]  Key\Residential\Refrigeration\Size_Share\Small . 'Activity Level' = Interp(2014, 84.5, 2015, 84.33156684331567, 2016, 84.2431...
      [OK]  Key\Residential\Refrigeration\Percent Ownership . 'Activity Level' = Interp(2014, 87.42, 2015, 87.54, 2016, 87.67, 2017, 87.79...
      [OK]  Key\Residential\Refrigeration\Useful_EI\Large . 'Activity Level' = Interp(2014, 0.0428804815133276)
      [OK]  Key\Residential\Refrigeration\Useful_EI\Medium . 'Activity Level' = Interp(2014, 0.03911435941530524)
      [OK]  Key\Residential\Refrigeration\Useful_EI\Small . 'Activity Level' = Interp(2014, 0.026242476354256233)
      [OK]  Demand\Residential\Projections\Refrigeration_\Large\High_eff . 'Efficiency' = Interp(2014, 100.0)
      [OK]  Demand\Residential\Projections\Refrigeration_\Large\Low_eff . 'Efficiency' = Interp(2014, 65.60978818576503)
      [OK]  Demand\Residential\Projections\Refrigeration_\Large\Mid_eff . 'Efficiency' = Interp(2014, 82.4297520661157)
      [OK]  Demand\Residential\Projections\Refrigeration_\Medium\High_eff . 'Efficiency' = Interp(2014, 100.0)
      [OK]  Demand\Residential\Projections\Refrigeration_\Medium\Low_eff . 'Efficiency' = Interp(2014, 68.52967761373908)
      [OK]  Demand\Residential\Projections\Refrigeration_\Medium\Mid_eff . 'Efficiency' = Interp(2014, 90.72596729158356)
      [OK]  Demand\Residential\Projections\Refrigeration_\Small\High_eff . 'Efficiency' = Interp(2014, 100.0)
      [OK]  Demand\Residential\Projections\Refrigeration_\Small\Low_eff . 'Efficiency' = Interp(2014, 58.85075202468183)
      [OK]  Demand\Residential\Projections\Refrigeration_\Small\Mid_eff . 'Efficiency' = Interp(2014, 86.33663366336634)
    --- region 'Singapore' (25 rows) ---
      [OK]  Key\Residential\Refrigeration\Efficiency_Share\Large_High . 'Activity Level' = Interp(2014, 42.21879815100154, 2015, 42.21879815100154, ...
      [OK]  Key\Residential\Refrigeration\Efficiency_Share\Large_Low . 'Activity Level' = Interp(2014, 20.184899845916796, 2015, 20.107858243451464...
      [OK]  Key\Residential\Refrigeration\Efficiency_Share\Large_Mid . 'Activity Level' = Interp(2014, 37.59630200308166, 2015, 37.673343605547, 20...
      [OK]  Key\Residential\Refrigeration\Efficiency_Share\Medium_High . 'Activity Level' = Interp(2014, 42.47752247752248, 2015, 42.48775710088149, ...
      [OK]  Key\Residential\Refrigeration\Efficiency_Share\Medium_Low . 'Activity Level' = Interp(2014, 20.63936063936064, 2015, 20.548481880509303,...
      [OK]  Key\Residential\Refrigeration\Efficiency_Share\Medium_Mid . 'Activity Level' = Interp(2014, 36.883116883116884, 2015, 36.963761018609205...
      [OK]  Key\Residential\Refrigeration\Efficiency_Share\Small_High . 'Activity Level' = Interp(2014, 43.455922120064905, 2015, 43.512086690747424...
      [OK]  Key\Residential\Refrigeration\Efficiency_Share\Small_Low . 'Activity Level' = Interp(2014, 38.39913466738778, 2015, 38.288413448180044,...
      [OK]  Key\Residential\Refrigeration\Efficiency_Share\Small_Mid . 'Activity Level' = Interp(2014, 18.144943212547325, 2015, 18.199499861072518...
      [OK]  Key\Residential\Refrigeration\Size_Share\Large . 'Activity Level' = Interp(2014, 12.97870212978702, 2015, 12.977404519096181,...
      [OK]  Key\Residential\Refrigeration\Size_Share\Medium . 'Activity Level' = Interp(2014, 50.04499550044995, 2015, 51.03979204159169, ...
      [OK]  Key\Residential\Refrigeration\Size_Share\Small . 'Activity Level' = Interp(2014, 36.97630236976302, 2015, 35.982803439312136,...
      [OK]  Key\Residential\Refrigeration\Percent Ownership . 'Activity Level' = Interp(2014, 100.0, 2015, 100.0, 2016, 100.0, 2017, 100.0...
      [OK]  Key\Residential\Refrigeration\Useful_EI\Large . 'Activity Level' = Interp(2014, 0.0428804815133276)
      [OK]  Key\Residential\Refrigeration\Useful_EI\Medium . 'Activity Level' = Interp(2014, 0.03911435941530524)
      [OK]  Key\Residential\Refrigeration\Useful_EI\Small . 'Activity Level' = Interp(2014, 0.026242476354256233)
      [OK]  Demand\Residential\Projections\Refrigeration_\Large\High_eff . 'Efficiency' = Interp(2014, 100.0)
      [OK]  Demand\Residential\Projections\Refrigeration_\Large\Low_eff . 'Efficiency' = Interp(2014, 65.60978818576503)
      [OK]  Demand\Residential\Projections\Refrigeration_\Large\Mid_eff . 'Efficiency' = Interp(2014, 82.4297520661157)
      [OK]  Demand\Residential\Projections\Refrigeration_\Medium\High_eff . 'Efficiency' = Interp(2014, 100.0)
      [OK]  Demand\Residential\Projections\Refrigeration_\Medium\Low_eff . 'Efficiency' = Interp(2014, 68.52967761373908)
      [OK]  Demand\Residential\Projections\Refrigeration_\Medium\Mid_eff . 'Efficiency' = Interp(2014, 90.72596729158356)
      [OK]  Demand\Residential\Projections\Refrigeration_\Small\High_eff . 'Efficiency' = Interp(2014, 100.0)
      [OK]  Demand\Residential\Projections\Refrigeration_\Small\Low_eff . 'Efficiency' = Interp(2014, 58.85075202468183)
      [OK]  Demand\Residential\Projections\Refrigeration_\Small\Mid_eff . 'Efficiency' = Interp(2014, 86.33663366336634)
    --- region 'Thailand' (25 rows) ---
      [OK]  Key\Residential\Refrigeration\Efficiency_Share\Large_High . 'Activity Level' = Interp(2014, 39.89795918367347, 2015, 39.69387755102041, ...
      [OK]  Key\Residential\Refrigeration\Efficiency_Share\Large_Low . 'Activity Level' = Interp(2014, 18.6734693877551, 2015, 18.877551020408163, ...
      [OK]  Key\Residential\Refrigeration\Efficiency_Share\Large_Mid . 'Activity Level' = Interp(2014, 41.42857142857142, 2015, 41.42857142857142, ...
      [OK]  Key\Residential\Refrigeration\Efficiency_Share\Medium_High . 'Activity Level' = Interp(2014, 40.20559680182753, 2015, 40.090857467348094,...
      [OK]  Key\Residential\Refrigeration\Efficiency_Share\Medium_Low . 'Activity Level' = Interp(2014, 19.360365505425474, 2015, 19.47756956274844,...
      [OK]  Key\Residential\Refrigeration\Efficiency_Share\Medium_Mid . 'Activity Level' = Interp(2014, 40.434037692747005, 2015, 40.43157296990347,...
      [OK]  Key\Residential\Refrigeration\Efficiency_Share\Small_High . 'Activity Level' = Interp(2014, 31.82005777961205, 2015, 31.735537190082646,...
      [OK]  Key\Residential\Refrigeration\Efficiency_Share\Small_Low . 'Activity Level' = Interp(2014, 55.16577245838492, 2015, 55.20661157024793, ...
      [OK]  Key\Residential\Refrigeration\Efficiency_Share\Small_Mid . 'Activity Level' = Interp(2014, 13.014169762003029, 2015, 13.057851239669423...
      [OK]  Key\Residential\Refrigeration\Size_Share\Large . 'Activity Level' = Interp(2014, 9.8, 2015, 9.799020097990201, 2016, 9.800980...
      [OK]  Key\Residential\Refrigeration\Size_Share\Medium . 'Activity Level' = Interp(2014, 17.509999999999998, 2015, 17.608239176082392...
      [OK]  Key\Residential\Refrigeration\Size_Share\Small . 'Activity Level' = Interp(2014, 72.69, 2015, 72.5927407259274, 2016, 72.5372...
      [OK]  Key\Residential\Refrigeration\Percent Ownership . 'Activity Level' = Interp(2014, 100.0, 2015, 100.0, 2016, 100.0, 2017, 100.0...
      [OK]  Key\Residential\Refrigeration\Useful_EI\Large . 'Activity Level' = Interp(2014, 0.0428804815133276)
      [OK]  Key\Residential\Refrigeration\Useful_EI\Medium . 'Activity Level' = Interp(2014, 0.03911435941530524)
      [OK]  Key\Residential\Refrigeration\Useful_EI\Small . 'Activity Level' = Interp(2014, 0.026242476354256233)
      [OK]  Demand\Residential\Projections\Refrigeration_\Large\High_eff . 'Efficiency' = Interp(2014, 100.0)
      [OK]  Demand\Residential\Projections\Refrigeration_\Large\Low_eff . 'Efficiency' = Interp(2014, 65.60978818576503)
      [OK]  Demand\Residential\Projections\Refrigeration_\Large\Mid_eff . 'Efficiency' = Interp(2014, 82.4297520661157)
      [OK]  Demand\Residential\Projections\Refrigeration_\Medium\High_eff . 'Efficiency' = Interp(2014, 100.0)
      [OK]  Demand\Residential\Projections\Refrigeration_\Medium\Low_eff . 'Efficiency' = Interp(2014, 68.52967761373908)
      [OK]  Demand\Residential\Projections\Refrigeration_\Medium\Mid_eff . 'Efficiency' = Interp(2014, 90.72596729158356)
      [OK]  Demand\Residential\Projections\Refrigeration_\Small\High_eff . 'Efficiency' = Interp(2014, 100.0)
      [OK]  Demand\Residential\Projections\Refrigeration_\Small\Low_eff . 'Efficiency' = Interp(2014, 58.85075202468183)
      [OK]  Demand\Residential\Projections\Refrigeration_\Small\Mid_eff . 'Efficiency' = Interp(2014, 86.33663366336634)
    --- region 'Vietnam' (25 rows) ---
      [OK]  Key\Residential\Refrigeration\Efficiency_Share\Large_High . 'Activity Level' = Interp(2014, 59.150805270863835, 2015, 58.921694480102694...
      [OK]  Key\Residential\Refrigeration\Efficiency_Share\Large_Low . 'Activity Level' = Interp(2014, 8.052708638360176, 2015, 8.215661103979462, ...
      [OK]  Key\Residential\Refrigeration\Efficiency_Share\Large_Mid . 'Activity Level' = Interp(2014, 32.796486090775986, 2015, 32.86264441591785,...
      [OK]  Key\Residential\Refrigeration\Efficiency_Share\Medium_High . 'Activity Level' = Interp(2014, 59.209486166007906, 2015, 58.958168902920285...
      [OK]  Key\Residential\Refrigeration\Efficiency_Share\Medium_Low . 'Activity Level' = Interp(2014, 8.063241106719367, 2015, 8.12943962115233, 2...
      [OK]  Key\Residential\Refrigeration\Efficiency_Share\Medium_Mid . 'Activity Level' = Interp(2014, 32.72727272727272, 2015, 32.912391475927386,...
      [OK]  Key\Residential\Refrigeration\Efficiency_Share\Small_High . 'Activity Level' = Interp(2014, 47.454048683556884, 2015, 47.554381994216016...
      [OK]  Key\Residential\Refrigeration\Efficiency_Share\Small_Low . 'Activity Level' = Interp(2014, 36.28912071535023, 2015, 36.137306676725764,...
      [OK]  Key\Residential\Refrigeration\Efficiency_Share\Small_Mid . 'Activity Level' = Interp(2014, 16.256830601092897, 2015, 16.308311329058217...
      [OK]  Key\Residential\Refrigeration\Size_Share\Large . 'Activity Level' = Interp(2014, 6.83, 2015, 7.790779077907792, 2016, 8.07919...
      [OK]  Key\Residential\Refrigeration\Size_Share\Medium . 'Activity Level' = Interp(2014, 12.65, 2015, 12.67126712671267, 2016, 12.718...
      [OK]  Key\Residential\Refrigeration\Size_Share\Small . 'Activity Level' = Interp(2014, 80.52, 2015, 79.53795379537955, 2016, 79.202...
      [OK]  Key\Residential\Refrigeration\Percent Ownership . 'Activity Level' = Interp(2014, 100.0, 2015, 100.0, 2016, 100.0, 2017, 100.0...
      [OK]  Key\Residential\Refrigeration\Useful_EI\Large . 'Activity Level' = Interp(2014, 0.0428804815133276)
      [OK]  Key\Residential\Refrigeration\Useful_EI\Medium . 'Activity Level' = Interp(2014, 0.03911435941530524)
      [OK]  Key\Residential\Refrigeration\Useful_EI\Small . 'Activity Level' = Interp(2014, 0.026242476354256233)
      [OK]  Demand\Residential\Projections\Refrigeration_\Large\High_eff . 'Efficiency' = Interp(2014, 100.0)
      [OK]  Demand\Residential\Projections\Refrigeration_\Large\Low_eff . 'Efficiency' = Interp(2014, 65.60978818576503)
      [OK]  Demand\Residential\Projections\Refrigeration_\Large\Mid_eff . 'Efficiency' = Interp(2014, 82.4297520661157)
      [OK]  Demand\Residential\Projections\Refrigeration_\Medium\High_eff . 'Efficiency' = Interp(2014, 100.0)
      [OK]  Demand\Residential\Projections\Refrigeration_\Medium\Low_eff . 'Efficiency' = Interp(2014, 68.52967761373908)
      [OK]  Demand\Residential\Projections\Refrigeration_\Medium\Mid_eff . 'Efficiency' = Interp(2014, 90.72596729158356)
      [OK]  Demand\Residential\Projections\Refrigeration_\Small\High_eff . 'Efficiency' = Interp(2014, 100.0)
      [OK]  Demand\Residential\Projections\Refrigeration_\Small\Low_eff . 'Efficiency' = Interp(2014, 58.85075202468183)
      [OK]  Demand\Residential\Projections\Refrigeration_\Small\Mid_eff . 'Efficiency' = Interp(2014, 86.33663366336634)
  [real-inject] {'pushed': 250}
  -- Phase 4: READBACK VERIFY --
    verifying 10 row(s) (1/region x 10 region(s))
    [EXACT] Brunei|Activity Level on Key\Residential\Refrigeration\Efficiency_Share\Large_High
    [EXACT] Cambodia|Activity Level on Key\Residential\Refrigeration\Efficiency_Share\Large_High
    [EXACT] Indonesia|Activity Level on Key\Residential\Refrigeration\Efficiency_Share\Large_High
    [EXACT] Laos|Activity Level on Key\Residential\Refrigeration\Efficiency_Share\Large_High
    [EXACT] Malaysia|Activity Level on Key\Residential\Refrigeration\Efficiency_Share\Large_High
    [EXACT] Myanmar|Activity Level on Key\Residential\Refrigeration\Efficiency_Share\Large_High
    [EXACT] Philippines|Activity Level on Key\Residential\Refrigeration\Efficiency_Share\Large_High
    [EXACT] Singapore|Activity Level on Key\Residential\Refrigeration\Efficiency_Share\Large_High
    [EXACT] Thailand|Activity Level on Key\Residential\Refrigeration\Efficiency_Share\Large_High
    [EXACT] Vietnam|Activity Level on Key\Residential\Refrigeration\Efficiency_Share\Large_High
    Readback: 10 EXACT, 0 NORMALISED, 0 FAIL

[fridge_keys] === SCENARIO: 'AMS Target Scenario' ===
  ActiveScenario: 'AMS Target Scenario'
  rows for this scenario: 250 (untagged + scenario='AMS Target Scenario')
  250 rows across 10 region(s)
  -- Phase 1: DRY RUN --
    --- region 'Brunei' (25 rows) ---
      [DRY] Key\Residential\Refrigeration\Efficiency_Share\Large_High . 'Activity Level' = Interp(2014, 41.02990033222591)
      [DRY] Key\Residential\Refrigeration\Efficiency_Share\Large_Low . 'Activity Level' = Interp(2014, 26.190476190476193)
      [DRY] Key\Residential\Refrigeration\Efficiency_Share\Large_Mid . 'Activity Level' = Interp(2014, 32.77962347729789)
      [DRY] Key\Residential\Refrigeration\Efficiency_Share\Medium_High . 'Activity Level' = Interp(2014, 41.0864410433283)
      [DRY] Key\Residential\Refrigeration\Efficiency_Share\Medium_Low . 'Activity Level' = Interp(2014, 26.277214917007974)
      [DRY] Key\Residential\Refrigeration\Efficiency_Share\Medium_Mid . 'Activity Level' = Interp(2014, 32.636344039663726)
      [DRY] Key\Residential\Refrigeration\Efficiency_Share\Small_High . 'Activity Level' = Interp(2014, 40.9282700421941)
      [DRY] Key\Residential\Refrigeration\Efficiency_Share\Small_Low . 'Activity Level' = Interp(2014, 46.63853727144866)
      [DRY] Key\Residential\Refrigeration\Efficiency_Share\Small_Mid . 'Activity Level' = Interp(2014, 12.433192686357245)
      [DRY] Key\Residential\Refrigeration\Size_Share\Large . 'Activity Level' = Interp(2014, 18.060000000000002)
      [DRY] Key\Residential\Refrigeration\Size_Share\Medium . 'Activity Level' = Interp(2014, 46.39)
      [DRY] Key\Residential\Refrigeration\Size_Share\Small . 'Activity Level' = Interp(2014, 35.55)
      [DRY] Key\Residential\Refrigeration\Percent Ownership . 'Activity Level' = Interp(2014, 98.25, 2015, 98.27, 2016, 98.29, 2017, 98.3, 2018, 98....
      [DRY] Key\Residential\Refrigeration\Useful_EI\Large . 'Activity Level' = Interp(2014, 0.0428804815133276)
      [DRY] Key\Residential\Refrigeration\Useful_EI\Medium . 'Activity Level' = Interp(2014, 0.03911435941530524)
      [DRY] Key\Residential\Refrigeration\Useful_EI\Small . 'Activity Level' = Interp(2014, 0.026242476354256233)
      [DRY] Demand\Residential\Projections\Refrigeration_\Large\High_eff . 'Efficiency' = Interp(2014, 100.0)
      [DRY] Demand\Residential\Projections\Refrigeration_\Large\Low_eff . 'Efficiency' = Interp(2014, 65.60978818576503)
      [DRY] Demand\Residential\Projections\Refrigeration_\Large\Mid_eff . 'Efficiency' = Interp(2014, 82.4297520661157)
      [DRY] Demand\Residential\Projections\Refrigeration_\Medium\High_eff . 'Efficiency' = Interp(2014, 100.0)
      [DRY] Demand\Residential\Projections\Refrigeration_\Medium\Low_eff . 'Efficiency' = Interp(2014, 68.52967761373908)
      [DRY] Demand\Residential\Projections\Refrigeration_\Medium\Mid_eff . 'Efficiency' = Interp(2014, 90.72596729158356)
      [DRY] Demand\Residential\Projections\Refrigeration_\Small\High_eff . 'Efficiency' = Interp(2014, 100.0)
      [DRY] Demand\Residential\Projections\Refrigeration_\Small\Low_eff . 'Efficiency' = Interp(2014, 58.85075202468183)
      [DRY] Demand\Residential\Projections\Refrigeration_\Small\Mid_eff . 'Efficiency' = Interp(2014, 86.33663366336634)
    --- region 'Cambodia' (25 rows) ---
      [DRY] Key\Residential\Refrigeration\Efficiency_Share\Large_High . 'Activity Level' = Interp(2014, 58.98989898989899, 2015, 58.98989898989899, 2016, 58.9...
      [DRY] Key\Residential\Refrigeration\Efficiency_Share\Large_Low . 'Activity Level' = Interp(2014, 8.080808080808083, 2015, 8.080808080808083, 2016, 8.08...
      [DRY] Key\Residential\Refrigeration\Efficiency_Share\Large_Mid . 'Activity Level' = Interp(2014, 32.92929292929293, 2015, 32.92929292929293, 2016, 32.9...
      [DRY] Key\Residential\Refrigeration\Efficiency_Share\Medium_High . 'Activity Level' = Interp(2014, 58.9825119236884, 2015, 58.9825119236884, 2016, 58.982...
      [DRY] Key\Residential\Refrigeration\Efficiency_Share\Medium_Low . 'Activity Level' = Interp(2014, 8.108108108108109, 2015, 8.108108108108109, 2016, 8.10...
      [DRY] Key\Residential\Refrigeration\Efficiency_Share\Medium_Mid . 'Activity Level' = Interp(2014, 32.909379968203496, 2015, 32.909379968203496, 2016, 32...
      [DRY] Key\Residential\Refrigeration\Efficiency_Share\Small_High . 'Activity Level' = Interp(2014, 47.5387972841901, 2015, 47.5387972841901, 2016, 47.538...
      [DRY] Key\Residential\Refrigeration\Efficiency_Share\Small_Low . 'Activity Level' = Interp(2014, 36.154219204655675, 2015, 36.154219204655675, 2016, 36...
      [DRY] Key\Residential\Refrigeration\Efficiency_Share\Small_Mid . 'Activity Level' = Interp(2014, 16.30698351115422, 2015, 16.30698351115422, 2016, 16.3...
      [DRY] Key\Residential\Refrigeration\Size_Share\Large . 'Activity Level' = Interp(2014, 4.949505049495049, 2015, 4.949505049495049, 2016, 4.94...
      [DRY] Key\Residential\Refrigeration\Size_Share\Medium . 'Activity Level' = Interp(2014, 12.57874212578742, 2015, 12.57874212578742, 2016, 12.5...
      [DRY] Key\Residential\Refrigeration\Size_Share\Small . 'Activity Level' = Interp(2014, 82.47175282471753, 2015, 82.47175282471753, 2016, 82.4...
      [DRY] Key\Residential\Refrigeration\Percent Ownership . 'Activity Level' = Interp(2014, 86.07, 2015, 86.2, 2016, 86.34, 2017, 86.48, 2018, 86....
      [DRY] Key\Residential\Refrigeration\Useful_EI\Large . 'Activity Level' = Interp(2014, 0.0428804815133276)
      [DRY] Key\Residential\Refrigeration\Useful_EI\Medium . 'Activity Level' = Interp(2014, 0.03911435941530524)
      [DRY] Key\Residential\Refrigeration\Useful_EI\Small . 'Activity Level' = Interp(2014, 0.026242476354256233)
      [DRY] Demand\Residential\Projections\Refrigeration_\Large\High_eff . 'Efficiency' = Interp(2014, 100.0)
      [DRY] Demand\Residential\Projections\Refrigeration_\Large\Low_eff . 'Efficiency' = Interp(2014, 65.60978818576503)
      [DRY] Demand\Residential\Projections\Refrigeration_\Large\Mid_eff . 'Efficiency' = Interp(2014, 82.4297520661157)
      [DRY] Demand\Residential\Projections\Refrigeration_\Medium\High_eff . 'Efficiency' = Interp(2014, 100.0)
      [DRY] Demand\Residential\Projections\Refrigeration_\Medium\Low_eff . 'Efficiency' = Interp(2014, 68.52967761373908)
      [DRY] Demand\Residential\Projections\Refrigeration_\Medium\Mid_eff . 'Efficiency' = Interp(2014, 90.72596729158356)
      [DRY] Demand\Residential\Projections\Refrigeration_\Small\High_eff . 'Efficiency' = Interp(2014, 100.0)
      [DRY] Demand\Residential\Projections\Refrigeration_\Small\Low_eff . 'Efficiency' = Interp(2014, 58.85075202468183)
      [DRY] Demand\Residential\Projections\Refrigeration_\Small\Mid_eff . 'Efficiency' = Interp(2014, 86.33663366336634)
    --- region 'Indonesia' (25 rows) ---
      [DRY] Key\Residential\Refrigeration\Efficiency_Share\Large_High . 'Activity Level' = Interp(2014, 50.0, 2015, 49.38053097345133, 2016, 49.49832775919731...
      [DRY] Key\Residential\Refrigeration\Efficiency_Share\Large_Low . 'Activity Level' = Interp(2014, 17.169811320754718, 2015, 18.053097345132745, 2016, 17...
      [DRY] Key\Residential\Refrigeration\Efficiency_Share\Large_Mid . 'Activity Level' = Interp(2014, 32.83018867924528, 2015, 32.56637168141593, 2016, 32.6...
      [DRY] Key\Residential\Refrigeration\Efficiency_Share\Medium_High . 'Activity Level' = Interp(2014, 50.0, 2015, 49.523809523809526, 2016, 49.6875, 2017, 5...
      [DRY] Key\Residential\Refrigeration\Efficiency_Share\Medium_Low . 'Activity Level' = Interp(2014, 17.419354838709676, 2015, 18.095238095238095, 2016, 17...
      [DRY] Key\Residential\Refrigeration\Efficiency_Share\Medium_Mid . 'Activity Level' = Interp(2014, 32.58064516129032, 2015, 32.38095238095238, 2016, 32.5...
      [DRY] Key\Residential\Refrigeration\Efficiency_Share\Small_High . 'Activity Level' = Interp(2014, 31.812227074235803, 2015, 31.707049665606846, 2016, 31...
      [DRY] Key\Residential\Refrigeration\Efficiency_Share\Small_Low . 'Activity Level' = Interp(2014, 56.59388646288209, 2015, 56.71527244819647, 2016, 56.5...
      [DRY] Key\Residential\Refrigeration\Efficiency_Share\Small_Mid . 'Activity Level' = Interp(2014, 11.593886462882095, 2015, 11.577677886196689, 2016, 11...
      [DRY] Key\Residential\Refrigeration\Size_Share\Large . 'Activity Level' = Interp(2014, 5.3, 2015, 5.649435056494351, 2016, 5.979402059794021,...
      [DRY] Key\Residential\Refrigeration\Size_Share\Medium . 'Activity Level' = Interp(2014, 3.1, 2015, 3.1496850314968503, 2016, 3.1996800319968, ...
      [DRY] Key\Residential\Refrigeration\Size_Share\Small . 'Activity Level' = Interp(2014, 91.60000000000001, 2015, 91.20087991200879, 2016, 90.8...
      [DRY] Key\Residential\Refrigeration\Percent Ownership . 'Activity Level' = Interp(2014, 97.39, 2015, 97.42, 2016, 97.44, 2017, 97.47, 2018, 97...
      [DRY] Key\Residential\Refrigeration\Useful_EI\Large . 'Activity Level' = Interp(2014, 0.0428804815133276)
      [DRY] Key\Residential\Refrigeration\Useful_EI\Medium . 'Activity Level' = Interp(2014, 0.03911435941530524)
      [DRY] Key\Residential\Refrigeration\Useful_EI\Small . 'Activity Level' = Interp(2014, 0.026242476354256233)
      [DRY] Demand\Residential\Projections\Refrigeration_\Large\High_eff . 'Efficiency' = Interp(2014, 100.0)
      [DRY] Demand\Residential\Projections\Refrigeration_\Large\Low_eff . 'Efficiency' = Interp(2014, 65.60978818576503)
      [DRY] Demand\Residential\Projections\Refrigeration_\Large\Mid_eff . 'Efficiency' = Interp(2014, 82.4297520661157)
      [DRY] Demand\Residential\Projections\Refrigeration_\Medium\High_eff . 'Efficiency' = Interp(2014, 100.0)
      [DRY] Demand\Residential\Projections\Refrigeration_\Medium\Low_eff . 'Efficiency' = Interp(2014, 68.52967761373908)
      [DRY] Demand\Residential\Projections\Refrigeration_\Medium\Mid_eff . 'Efficiency' = Interp(2014, 90.72596729158356)
      [DRY] Demand\Residential\Projections\Refrigeration_\Small\High_eff . 'Efficiency' = Interp(2014, 100.0)
      [DRY] Demand\Residential\Projections\Refrigeration_\Small\Low_eff . 'Efficiency' = Interp(2014, 58.85075202468183)
      [DRY] Demand\Residential\Projections\Refrigeration_\Small\Mid_eff . 'Efficiency' = Interp(2014, 86.33663366336634)
    --- region 'Laos' (25 rows) ---
      [DRY] Key\Residential\Refrigeration\Efficiency_Share\Large_High . 'Activity Level' = Interp(2014, 58.50785340314136, 2015, 58.50785340314136, 2016, 58.4...
      [DRY] Key\Residential\Refrigeration\Efficiency_Share\Large_Low . 'Activity Level' = Interp(2014, 8.24607329842932, 2015, 8.24607329842932, 2016, 8.2568...
      [DRY] Key\Residential\Refrigeration\Efficiency_Share\Large_Mid . 'Activity Level' = Interp(2014, 33.24607329842932, 2015, 33.24607329842932, 2016, 33.2...
      [DRY] Key\Residential\Refrigeration\Efficiency_Share\Medium_High . 'Activity Level' = Interp(2014, 58.484609313338595, 2015, 58.484609313338595, 2016, 58...
      [DRY] Key\Residential\Refrigeration\Efficiency_Share\Medium_Low . 'Activity Level' = Interp(2014, 8.287292817679559, 2015, 8.287292817679559, 2016, 8.28...
      [DRY] Key\Residential\Refrigeration\Efficiency_Share\Medium_Mid . 'Activity Level' = Interp(2014, 33.22809786898185, 2015, 33.22809786898185, 2016, 33.2...
      [DRY] Key\Residential\Refrigeration\Efficiency_Share\Small_High . 'Activity Level' = Interp(2014, 48.18672355377086, 2015, 48.18672355377086, 2016, 48.1...
      [DRY] Key\Residential\Refrigeration\Efficiency_Share\Small_Low . 'Activity Level' = Interp(2014, 35.46241686535325, 2015, 35.46241686535325, 2016, 35.4...
      [DRY] Key\Residential\Refrigeration\Efficiency_Share\Small_Mid . 'Activity Level' = Interp(2014, 16.35085958087589, 2015, 16.35085958087589, 2016, 16.3...
      [DRY] Key\Residential\Refrigeration\Size_Share\Large . 'Activity Level' = Interp(2014, 7.64, 2015, 7.64, 2016, 7.630763076307631, 2017, 7.630...
      [DRY] Key\Residential\Refrigeration\Size_Share\Medium . 'Activity Level' = Interp(2014, 12.67, 2015, 12.67, 2016, 12.67126712671267, 2017, 12....
      [DRY] Key\Residential\Refrigeration\Size_Share\Small . 'Activity Level' = Interp(2014, 79.69, 2015, 79.69, 2016, 79.69796979697969, 2017, 79....
      [DRY] Key\Residential\Refrigeration\Percent Ownership . 'Activity Level' = Interp(2014, 79.63, 2015, 79.83, 2016, 80.03, 2017, 80.23, 2018, 80...
      [DRY] Key\Residential\Refrigeration\Useful_EI\Large . 'Activity Level' = Interp(2014, 0.0428804815133276)
      [DRY] Key\Residential\Refrigeration\Useful_EI\Medium . 'Activity Level' = Interp(2014, 0.03911435941530524)
      [DRY] Key\Residential\Refrigeration\Useful_EI\Small . 'Activity Level' = Interp(2014, 0.026242476354256233)
      [DRY] Demand\Residential\Projections\Refrigeration_\Large\High_eff . 'Efficiency' = Interp(2014, 100.0)
      [DRY] Demand\Residential\Projections\Refrigeration_\Large\Low_eff . 'Efficiency' = Interp(2014, 65.60978818576503)
      [DRY] Demand\Residential\Projections\Refrigeration_\Large\Mid_eff . 'Efficiency' = Interp(2014, 82.4297520661157)
      [DRY] Demand\Residential\Projections\Refrigeration_\Medium\High_eff . 'Efficiency' = Interp(2014, 100.0)
      [DRY] Demand\Residential\Projections\Refrigeration_\Medium\Low_eff . 'Efficiency' = Interp(2014, 68.52967761373908)
      [DRY] Demand\Residential\Projections\Refrigeration_\Medium\Mid_eff . 'Efficiency' = Interp(2014, 90.72596729158356)
      [DRY] Demand\Residential\Projections\Refrigeration_\Small\High_eff . 'Efficiency' = Interp(2014, 100.0)
      [DRY] Demand\Residential\Projections\Refrigeration_\Small\Low_eff . 'Efficiency' = Interp(2014, 58.85075202468183)
      [DRY] Demand\Residential\Projections\Refrigeration_\Small\Mid_eff . 'Efficiency' = Interp(2014, 86.33663366336634)
    --- region 'Malaysia' (25 rows) ---
      [DRY] Key\Residential\Refrigeration\Efficiency_Share\Large_High . 'Activity Level' = Interp(2014, 40.29739776951673, 2015, 40.25923016496465, 2016, 40.3...
      [DRY] Key\Residential\Refrigeration\Efficiency_Share\Large_Low . 'Activity Level' = Interp(2014, 27.026022304832715, 2015, 27.14061272584446, 2016, 27....
      [DRY] Key\Residential\Refrigeration\Efficiency_Share\Large_Mid . 'Activity Level' = Interp(2014, 32.67657992565056, 2015, 32.60015710919089, 2016, 32.6...
      [DRY] Key\Residential\Refrigeration\Efficiency_Share\Medium_High . 'Activity Level' = Interp(2014, 40.35952449985503, 2015, 40.30769230769231, 2016, 40.3...
      [DRY] Key\Residential\Refrigeration\Efficiency_Share\Medium_Low . 'Activity Level' = Interp(2014, 27.138300956799068, 2015, 27.27272727272727, 2016, 27....
      [DRY] Key\Residential\Refrigeration\Efficiency_Share\Medium_Mid . 'Activity Level' = Interp(2014, 32.502174543345895, 2015, 32.41958041958042, 2016, 32....
      [DRY] Key\Residential\Refrigeration\Efficiency_Share\Small_High . 'Activity Level' = Interp(2014, 39.04145077720207, 2015, 38.97911832946635, 2016, 39.2...
      [DRY] Key\Residential\Refrigeration\Efficiency_Share\Small_Low . 'Activity Level' = Interp(2014, 48.41968911917098, 2015, 48.569218870843, 2016, 48.330...
      [DRY] Key\Residential\Refrigeration\Efficiency_Share\Small_Mid . 'Activity Level' = Interp(2014, 12.538860103626941, 2015, 12.451662799690641, 2016, 12...
      [DRY] Key\Residential\Refrigeration\Size_Share\Large . 'Activity Level' = Interp(2014, 26.902690269026902, 2015, 25.46, 2016, 24.604920984196...
      [DRY] Key\Residential\Refrigeration\Size_Share\Medium . 'Activity Level' = Interp(2014, 34.4934493449345, 2015, 35.75, 2016, 37.04740948189637...
      [DRY] Key\Residential\Refrigeration\Size_Share\Small . 'Activity Level' = Interp(2014, 38.603860386038605, 2015, 38.79, 2016, 38.347669533906...
      [DRY] Key\Residential\Refrigeration\Percent Ownership . 'Activity Level' = Interp(2014, 94.96, 2015, 95.01, 2016, 95.06, 2017, 95.11, 2018, 95...
      [DRY] Key\Residential\Refrigeration\Useful_EI\Large . 'Activity Level' = Interp(2014, 0.0428804815133276)
      [DRY] Key\Residential\Refrigeration\Useful_EI\Medium . 'Activity Level' = Interp(2014, 0.03911435941530524)
      [DRY] Key\Residential\Refrigeration\Useful_EI\Small . 'Activity Level' = Interp(2014, 0.026242476354256233)
      [DRY] Demand\Residential\Projections\Refrigeration_\Large\High_eff . 'Efficiency' = Interp(2014, 100.0)
      [DRY] Demand\Residential\Projections\Refrigeration_\Large\Low_eff . 'Efficiency' = Interp(2014, 65.60978818576503)
      [DRY] Demand\Residential\Projections\Refrigeration_\Large\Mid_eff . 'Efficiency' = Interp(2014, 82.4297520661157)
      [DRY] Demand\Residential\Projections\Refrigeration_\Medium\High_eff . 'Efficiency' = Interp(2014, 100.0)
      [DRY] Demand\Residential\Projections\Refrigeration_\Medium\Low_eff . 'Efficiency' = Interp(2014, 68.52967761373908)
      [DRY] Demand\Residential\Projections\Refrigeration_\Medium\Mid_eff . 'Efficiency' = Interp(2014, 90.72596729158356)
      [DRY] Demand\Residential\Projections\Refrigeration_\Small\High_eff . 'Efficiency' = Interp(2014, 100.0)
      [DRY] Demand\Residential\Projections\Refrigeration_\Small\Low_eff . 'Efficiency' = Interp(2014, 58.85075202468183)
      [DRY] Demand\Residential\Projections\Refrigeration_\Small\Mid_eff . 'Efficiency' = Interp(2014, 86.33663366336634)
    --- region 'Myanmar' (25 rows) ---
      [DRY] Key\Residential\Refrigeration\Efficiency_Share\Large_High . 'Activity Level' = Interp(2014, 59.59183673469387, 2015, 59.59183673469387, 2016, 59.5...
      [DRY] Key\Residential\Refrigeration\Efficiency_Share\Large_Low . 'Activity Level' = Interp(2014, 7.755102040816326, 2015, 7.755102040816326, 2016, 7.75...
      [DRY] Key\Residential\Refrigeration\Efficiency_Share\Large_Mid . 'Activity Level' = Interp(2014, 32.6530612244898, 2015, 32.6530612244898, 2016, 32.653...
      [DRY] Key\Residential\Refrigeration\Efficiency_Share\Medium_High . 'Activity Level' = Interp(2014, 59.58631662688943, 2015, 59.58631662688943, 2016, 59.5...
      [DRY] Key\Residential\Refrigeration\Efficiency_Share\Medium_Low . 'Activity Level' = Interp(2014, 7.716785998408909, 2015, 7.716785998408909, 2016, 7.71...
      [DRY] Key\Residential\Refrigeration\Efficiency_Share\Medium_Mid . 'Activity Level' = Interp(2014, 32.69689737470167, 2015, 32.69689737470167, 2016, 32.6...
      [DRY] Key\Residential\Refrigeration\Efficiency_Share\Small_High . 'Activity Level' = Interp(2014, 44.85641584878227, 2015, 44.85641584878227, 2016, 44.8...
      [DRY] Key\Residential\Refrigeration\Efficiency_Share\Small_Low . 'Activity Level' = Interp(2014, 39.44020356234096, 2015, 39.44020356234096, 2016, 39.4...
      [DRY] Key\Residential\Refrigeration\Efficiency_Share\Small_Mid . 'Activity Level' = Interp(2014, 15.703380588876772, 2015, 15.703380588876772, 2016, 15...
      [DRY] Key\Residential\Refrigeration\Size_Share\Large . 'Activity Level' = Interp(2014, 4.9, 2015, 4.9, 2016, 4.9, 2017, 4.9, 2018, 4.9, 2019,...
      [DRY] Key\Residential\Refrigeration\Size_Share\Medium . 'Activity Level' = Interp(2014, 12.57, 2015, 12.57, 2016, 12.57, 2017, 12.57, 2018, 12...
      [DRY] Key\Residential\Refrigeration\Size_Share\Small . 'Activity Level' = Interp(2014, 82.53, 2015, 82.53, 2016, 82.53, 2017, 82.53, 2018, 82...
      [DRY] Key\Residential\Refrigeration\Percent Ownership . 'Activity Level' = Interp(2014, 38.88, 2015, 39.49, 2016, 40.09, 2017, 40.69, 2018, 41...
      [DRY] Key\Residential\Refrigeration\Useful_EI\Large . 'Activity Level' = Interp(2014, 0.0428804815133276)
      [DRY] Key\Residential\Refrigeration\Useful_EI\Medium . 'Activity Level' = Interp(2014, 0.03911435941530524)
      [DRY] Key\Residential\Refrigeration\Useful_EI\Small . 'Activity Level' = Interp(2014, 0.026242476354256233)
      [DRY] Demand\Residential\Projections\Refrigeration_\Large\High_eff . 'Efficiency' = Interp(2014, 100.0)
      [DRY] Demand\Residential\Projections\Refrigeration_\Large\Low_eff . 'Efficiency' = Interp(2014, 65.60978818576503)
      [DRY] Demand\Residential\Projections\Refrigeration_\Large\Mid_eff . 'Efficiency' = Interp(2014, 82.4297520661157)
      [DRY] Demand\Residential\Projections\Refrigeration_\Medium\High_eff . 'Efficiency' = Interp(2014, 100.0)
      [DRY] Demand\Residential\Projections\Refrigeration_\Medium\Low_eff . 'Efficiency' = Interp(2014, 68.52967761373908)
      [DRY] Demand\Residential\Projections\Refrigeration_\Medium\Mid_eff . 'Efficiency' = Interp(2014, 90.72596729158356)
      [DRY] Demand\Residential\Projections\Refrigeration_\Small\High_eff . 'Efficiency' = Interp(2014, 100.0)
      [DRY] Demand\Residential\Projections\Refrigeration_\Small\Low_eff . 'Efficiency' = Interp(2014, 58.85075202468183)
      [DRY] Demand\Residential\Projections\Refrigeration_\Small\Mid_eff . 'Efficiency' = Interp(2014, 86.33663366336634)
    --- region 'Philippines' (25 rows) ---
      [DRY] Key\Residential\Refrigeration\Efficiency_Share\Large_High . 'Activity Level' = Interp(2014, 60.0, 2015, 59.800664451827245, 2016, 59.8006644518272...
      [DRY] Key\Residential\Refrigeration\Efficiency_Share\Large_Low . 'Activity Level' = Interp(2014, 7.333333333333333, 2015, 7.641196013289038, 2016, 7.64...
      [DRY] Key\Residential\Refrigeration\Efficiency_Share\Large_Mid . 'Activity Level' = Interp(2014, 32.666666666666664, 2015, 32.55813953488372, 2016, 32....
      [DRY] Key\Residential\Refrigeration\Efficiency_Share\Medium_High . 'Activity Level' = Interp(2014, 60.0, 2015, 59.87361769352291, 2016, 59.76470588235294...
      [DRY] Key\Residential\Refrigeration\Efficiency_Share\Medium_Low . 'Activity Level' = Interp(2014, 7.44, 2015, 7.503949447077408, 2016, 7.607843137254902...
      [DRY] Key\Residential\Refrigeration\Efficiency_Share\Medium_Mid . 'Activity Level' = Interp(2014, 32.56, 2015, 32.62243285939968, 2016, 32.6274509803921...
      [DRY] Key\Residential\Refrigeration\Efficiency_Share\Small_High . 'Activity Level' = Interp(2014, 42.28402366863905, 2015, 42.31681290016599, 2016, 42.3...
      [DRY] Key\Residential\Refrigeration\Efficiency_Share\Small_Low . 'Activity Level' = Interp(2014, 42.55621301775148, 2015, 42.54209153426607, 2016, 42.5...
      [DRY] Key\Residential\Refrigeration\Efficiency_Share\Small_Mid . 'Activity Level' = Interp(2014, 15.159763313609467, 2015, 15.14109556556794, 2016, 15....
      [DRY] Key\Residential\Refrigeration\Size_Share\Large . 'Activity Level' = Interp(2014, 3.0, 2015, 3.0096990300969897, 2016, 3.009398120375924...
      [DRY] Key\Residential\Refrigeration\Size_Share\Medium . 'Activity Level' = Interp(2014, 12.5, 2015, 12.65873412658734, 2016, 12.74745050989802...
      [DRY] Key\Residential\Refrigeration\Size_Share\Small . 'Activity Level' = Interp(2014, 84.5, 2015, 84.33156684331567, 2016, 84.24315136972605...
      [DRY] Key\Residential\Refrigeration\Percent Ownership . 'Activity Level' = Interp(2014, 87.42, 2015, 87.54, 2016, 87.67, 2017, 87.79, 2018, 87...
      [DRY] Key\Residential\Refrigeration\Useful_EI\Large . 'Activity Level' = Interp(2014, 0.0428804815133276)
      [DRY] Key\Residential\Refrigeration\Useful_EI\Medium . 'Activity Level' = Interp(2014, 0.03911435941530524)
      [DRY] Key\Residential\Refrigeration\Useful_EI\Small . 'Activity Level' = Interp(2014, 0.026242476354256233)
      [DRY] Demand\Residential\Projections\Refrigeration_\Large\High_eff . 'Efficiency' = Interp(2014, 100.0)
      [DRY] Demand\Residential\Projections\Refrigeration_\Large\Low_eff . 'Efficiency' = Interp(2014, 65.60978818576503)
      [DRY] Demand\Residential\Projections\Refrigeration_\Large\Mid_eff . 'Efficiency' = Interp(2014, 82.4297520661157)
      [DRY] Demand\Residential\Projections\Refrigeration_\Medium\High_eff . 'Efficiency' = Interp(2014, 100.0)
      [DRY] Demand\Residential\Projections\Refrigeration_\Medium\Low_eff . 'Efficiency' = Interp(2014, 68.52967761373908)
      [DRY] Demand\Residential\Projections\Refrigeration_\Medium\Mid_eff . 'Efficiency' = Interp(2014, 90.72596729158356)
      [DRY] Demand\Residential\Projections\Refrigeration_\Small\High_eff . 'Efficiency' = Interp(2014, 100.0)
      [DRY] Demand\Residential\Projections\Refrigeration_\Small\Low_eff . 'Efficiency' = Interp(2014, 58.85075202468183)
      [DRY] Demand\Residential\Projections\Refrigeration_\Small\Mid_eff . 'Efficiency' = Interp(2014, 86.33663366336634)
    --- region 'Singapore' (25 rows) ---
      [DRY] Key\Residential\Refrigeration\Efficiency_Share\Large_High . 'Activity Level' = Interp(2014, 42.21879815100154, 2015, 42.21879815100154, 2016, 42.2...
      [DRY] Key\Residential\Refrigeration\Efficiency_Share\Large_Low . 'Activity Level' = Interp(2014, 20.184899845916796, 2015, 20.107858243451464, 2016, 20...
      [DRY] Key\Residential\Refrigeration\Efficiency_Share\Large_Mid . 'Activity Level' = Interp(2014, 37.59630200308166, 2015, 37.673343605547, 2016, 37.750...
      [DRY] Key\Residential\Refrigeration\Efficiency_Share\Medium_High . 'Activity Level' = Interp(2014, 42.47752247752248, 2015, 42.48775710088149, 2016, 42.4...
      [DRY] Key\Residential\Refrigeration\Efficiency_Share\Medium_Low . 'Activity Level' = Interp(2014, 20.63936063936064, 2015, 20.548481880509303, 2016, 20....
      [DRY] Key\Residential\Refrigeration\Efficiency_Share\Medium_Mid . 'Activity Level' = Interp(2014, 36.883116883116884, 2015, 36.963761018609205, 2016, 37...
      [DRY] Key\Residential\Refrigeration\Efficiency_Share\Small_High . 'Activity Level' = Interp(2014, 43.455922120064905, 2015, 43.512086690747424, 2016, 43...
      [DRY] Key\Residential\Refrigeration\Efficiency_Share\Small_Low . 'Activity Level' = Interp(2014, 38.39913466738778, 2015, 38.288413448180044, 2016, 38....
      [DRY] Key\Residential\Refrigeration\Efficiency_Share\Small_Mid . 'Activity Level' = Interp(2014, 18.144943212547325, 2015, 18.199499861072518, 2016, 18...
      [DRY] Key\Residential\Refrigeration\Size_Share\Large . 'Activity Level' = Interp(2014, 12.97870212978702, 2015, 12.977404519096181, 2016, 12....
      [DRY] Key\Residential\Refrigeration\Size_Share\Medium . 'Activity Level' = Interp(2014, 50.04499550044995, 2015, 51.03979204159169, 2016, 51.7...
      [DRY] Key\Residential\Refrigeration\Size_Share\Small . 'Activity Level' = Interp(2014, 36.97630236976302, 2015, 35.982803439312136, 2016, 35....
      [DRY] Key\Residential\Refrigeration\Percent Ownership . 'Activity Level' = Interp(2014, 100.0, 2015, 100.0, 2016, 100.0, 2017, 100.0, 2018, 10...
      [DRY] Key\Residential\Refrigeration\Useful_EI\Large . 'Activity Level' = Interp(2014, 0.0428804815133276)
      [DRY] Key\Residential\Refrigeration\Useful_EI\Medium . 'Activity Level' = Interp(2014, 0.03911435941530524)
      [DRY] Key\Residential\Refrigeration\Useful_EI\Small . 'Activity Level' = Interp(2014, 0.026242476354256233)
      [DRY] Demand\Residential\Projections\Refrigeration_\Large\High_eff . 'Efficiency' = Interp(2014, 100.0)
      [DRY] Demand\Residential\Projections\Refrigeration_\Large\Low_eff . 'Efficiency' = Interp(2014, 65.60978818576503)
      [DRY] Demand\Residential\Projections\Refrigeration_\Large\Mid_eff . 'Efficiency' = Interp(2014, 82.4297520661157)
      [DRY] Demand\Residential\Projections\Refrigeration_\Medium\High_eff . 'Efficiency' = Interp(2014, 100.0)
      [DRY] Demand\Residential\Projections\Refrigeration_\Medium\Low_eff . 'Efficiency' = Interp(2014, 68.52967761373908)
      [DRY] Demand\Residential\Projections\Refrigeration_\Medium\Mid_eff . 'Efficiency' = Interp(2014, 90.72596729158356)
      [DRY] Demand\Residential\Projections\Refrigeration_\Small\High_eff . 'Efficiency' = Interp(2014, 100.0)
      [DRY] Demand\Residential\Projections\Refrigeration_\Small\Low_eff . 'Efficiency' = Interp(2014, 58.85075202468183)
      [DRY] Demand\Residential\Projections\Refrigeration_\Small\Mid_eff . 'Efficiency' = Interp(2014, 86.33663366336634)
    --- region 'Thailand' (25 rows) ---
      [DRY] Key\Residential\Refrigeration\Efficiency_Share\Large_High . 'Activity Level' = Interp(2014, 39.89795918367347, 2015, 39.69387755102041, 2016, 39.6...
      [DRY] Key\Residential\Refrigeration\Efficiency_Share\Large_Low . 'Activity Level' = Interp(2014, 18.6734693877551, 2015, 18.877551020408163, 2016, 18.8...
      [DRY] Key\Residential\Refrigeration\Efficiency_Share\Large_Mid . 'Activity Level' = Interp(2014, 41.42857142857142, 2015, 41.42857142857142, 2016, 41.4...
      [DRY] Key\Residential\Refrigeration\Efficiency_Share\Medium_High . 'Activity Level' = Interp(2014, 40.20559680182753, 2015, 40.090857467348094, 2016, 40....
      [DRY] Key\Residential\Refrigeration\Efficiency_Share\Medium_Low . 'Activity Level' = Interp(2014, 19.360365505425474, 2015, 19.47756956274844, 2016, 19....
      [DRY] Key\Residential\Refrigeration\Efficiency_Share\Medium_Mid . 'Activity Level' = Interp(2014, 40.434037692747005, 2015, 40.43157296990347, 2016, 40....
      [DRY] Key\Residential\Refrigeration\Efficiency_Share\Small_High . 'Activity Level' = Interp(2014, 31.82005777961205, 2015, 31.735537190082646, 2016, 31....
      [DRY] Key\Residential\Refrigeration\Efficiency_Share\Small_Low . 'Activity Level' = Interp(2014, 55.16577245838492, 2015, 55.20661157024793, 2016, 55.2...
      [DRY] Key\Residential\Refrigeration\Efficiency_Share\Small_Mid . 'Activity Level' = Interp(2014, 13.014169762003029, 2015, 13.057851239669423, 2016, 13...
      [DRY] Key\Residential\Refrigeration\Size_Share\Large . 'Activity Level' = Interp(2014, 9.8, 2015, 9.799020097990201, 2016, 9.8009800980098, 2...
      [DRY] Key\Residential\Refrigeration\Size_Share\Medium . 'Activity Level' = Interp(2014, 17.509999999999998, 2015, 17.608239176082392, 2016, 17...
      [DRY] Key\Residential\Refrigeration\Size_Share\Small . 'Activity Level' = Interp(2014, 72.69, 2015, 72.5927407259274, 2016, 72.53725372537254...
      [DRY] Key\Residential\Refrigeration\Percent Ownership . 'Activity Level' = Interp(2014, 100.0, 2015, 100.0, 2016, 100.0, 2017, 100.0, 2018, 10...
      [DRY] Key\Residential\Refrigeration\Useful_EI\Large . 'Activity Level' = Interp(2014, 0.0428804815133276)
      [DRY] Key\Residential\Refrigeration\Useful_EI\Medium . 'Activity Level' = Interp(2014, 0.03911435941530524)
      [DRY] Key\Residential\Refrigeration\Useful_EI\Small . 'Activity Level' = Interp(2014, 0.026242476354256233)
      [DRY] Demand\Residential\Projections\Refrigeration_\Large\High_eff . 'Efficiency' = Interp(2014, 100.0)
      [DRY] Demand\Residential\Projections\Refrigeration_\Large\Low_eff . 'Efficiency' = Interp(2014, 65.60978818576503)
      [DRY] Demand\Residential\Projections\Refrigeration_\Large\Mid_eff . 'Efficiency' = Interp(2014, 82.4297520661157)
      [DRY] Demand\Residential\Projections\Refrigeration_\Medium\High_eff . 'Efficiency' = Interp(2014, 100.0)
      [DRY] Demand\Residential\Projections\Refrigeration_\Medium\Low_eff . 'Efficiency' = Interp(2014, 68.52967761373908)
      [DRY] Demand\Residential\Projections\Refrigeration_\Medium\Mid_eff . 'Efficiency' = Interp(2014, 90.72596729158356)
      [DRY] Demand\Residential\Projections\Refrigeration_\Small\High_eff . 'Efficiency' = Interp(2014, 100.0)
      [DRY] Demand\Residential\Projections\Refrigeration_\Small\Low_eff . 'Efficiency' = Interp(2014, 58.85075202468183)
      [DRY] Demand\Residential\Projections\Refrigeration_\Small\Mid_eff . 'Efficiency' = Interp(2014, 86.33663366336634)
    --- region 'Vietnam' (25 rows) ---
      [DRY] Key\Residential\Refrigeration\Efficiency_Share\Large_High . 'Activity Level' = Interp(2014, 59.150805270863835, 2015, 58.921694480102694, 2016, 58...
      [DRY] Key\Residential\Refrigeration\Efficiency_Share\Large_Low . 'Activity Level' = Interp(2014, 8.052708638360176, 2015, 8.215661103979462, 2016, 8.16...
      [DRY] Key\Residential\Refrigeration\Efficiency_Share\Large_Mid . 'Activity Level' = Interp(2014, 32.796486090775986, 2015, 32.86264441591785, 2016, 33....
      [DRY] Key\Residential\Refrigeration\Efficiency_Share\Medium_High . 'Activity Level' = Interp(2014, 59.209486166007906, 2015, 58.958168902920285, 2016, 58...
      [DRY] Key\Residential\Refrigeration\Efficiency_Share\Medium_Low . 'Activity Level' = Interp(2014, 8.063241106719367, 2015, 8.12943962115233, 2016, 8.176...
      [DRY] Key\Residential\Refrigeration\Efficiency_Share\Medium_Mid . 'Activity Level' = Interp(2014, 32.72727272727272, 2015, 32.912391475927386, 2016, 33....
      [DRY] Key\Residential\Refrigeration\Efficiency_Share\Small_High . 'Activity Level' = Interp(2014, 47.454048683556884, 2015, 47.554381994216016, 2016, 47...
      [DRY] Key\Residential\Refrigeration\Efficiency_Share\Small_Low . 'Activity Level' = Interp(2014, 36.28912071535023, 2015, 36.137306676725764, 2016, 35....
      [DRY] Key\Residential\Refrigeration\Efficiency_Share\Small_Mid . 'Activity Level' = Interp(2014, 16.256830601092897, 2015, 16.308311329058217, 2016, 16...
      [DRY] Key\Residential\Refrigeration\Size_Share\Large . 'Activity Level' = Interp(2014, 6.83, 2015, 7.790779077907792, 2016, 8.079192080791922...
      [DRY] Key\Residential\Refrigeration\Size_Share\Medium . 'Activity Level' = Interp(2014, 12.65, 2015, 12.67126712671267, 2016, 12.7187281271872...
      [DRY] Key\Residential\Refrigeration\Size_Share\Small . 'Activity Level' = Interp(2014, 80.52, 2015, 79.53795379537955, 2016, 79.2020797920208...
      [DRY] Key\Residential\Refrigeration\Percent Ownership . 'Activity Level' = Interp(2014, 100.0, 2015, 100.0, 2016, 100.0, 2017, 100.0, 2018, 10...
      [DRY] Key\Residential\Refrigeration\Useful_EI\Large . 'Activity Level' = Interp(2014, 0.0428804815133276)
      [DRY] Key\Residential\Refrigeration\Useful_EI\Medium . 'Activity Level' = Interp(2014, 0.03911435941530524)
      [DRY] Key\Residential\Refrigeration\Useful_EI\Small . 'Activity Level' = Interp(2014, 0.026242476354256233)
      [DRY] Demand\Residential\Projections\Refrigeration_\Large\High_eff . 'Efficiency' = Interp(2014, 100.0)
      [DRY] Demand\Residential\Projections\Refrigeration_\Large\Low_eff . 'Efficiency' = Interp(2014, 65.60978818576503)
      [DRY] Demand\Residential\Projections\Refrigeration_\Large\Mid_eff . 'Efficiency' = Interp(2014, 82.4297520661157)
      [DRY] Demand\Residential\Projections\Refrigeration_\Medium\High_eff . 'Efficiency' = Interp(2014, 100.0)
      [DRY] Demand\Residential\Projections\Refrigeration_\Medium\Low_eff . 'Efficiency' = Interp(2014, 68.52967761373908)
      [DRY] Demand\Residential\Projections\Refrigeration_\Medium\Mid_eff . 'Efficiency' = Interp(2014, 90.72596729158356)
      [DRY] Demand\Residential\Projections\Refrigeration_\Small\High_eff . 'Efficiency' = Interp(2014, 100.0)
      [DRY] Demand\Residential\Projections\Refrigeration_\Small\Low_eff . 'Efficiency' = Interp(2014, 58.85075202468183)
      [DRY] Demand\Residential\Projections\Refrigeration_\Small\Mid_eff . 'Efficiency' = Interp(2014, 86.33663366336634)
  [dry-run] {'dry_run': 250}
  -- Phase 3: REAL INJECT --
    --- region 'Brunei' (25 rows) ---
      [OK]  Key\Residential\Refrigeration\Efficiency_Share\Large_High . 'Activity Level' = Interp(2014, 41.02990033222591)
      [OK]  Key\Residential\Refrigeration\Efficiency_Share\Large_Low . 'Activity Level' = Interp(2014, 26.190476190476193)
      [OK]  Key\Residential\Refrigeration\Efficiency_Share\Large_Mid . 'Activity Level' = Interp(2014, 32.77962347729789)
      [OK]  Key\Residential\Refrigeration\Efficiency_Share\Medium_High . 'Activity Level' = Interp(2014, 41.0864410433283)
      [OK]  Key\Residential\Refrigeration\Efficiency_Share\Medium_Low . 'Activity Level' = Interp(2014, 26.277214917007974)
      [OK]  Key\Residential\Refrigeration\Efficiency_Share\Medium_Mid . 'Activity Level' = Interp(2014, 32.636344039663726)
      [OK]  Key\Residential\Refrigeration\Efficiency_Share\Small_High . 'Activity Level' = Interp(2014, 40.9282700421941)
      [OK]  Key\Residential\Refrigeration\Efficiency_Share\Small_Low . 'Activity Level' = Interp(2014, 46.63853727144866)
      [OK]  Key\Residential\Refrigeration\Efficiency_Share\Small_Mid . 'Activity Level' = Interp(2014, 12.433192686357245)
      [OK]  Key\Residential\Refrigeration\Size_Share\Large . 'Activity Level' = Interp(2014, 18.060000000000002)
      [OK]  Key\Residential\Refrigeration\Size_Share\Medium . 'Activity Level' = Interp(2014, 46.39)
      [OK]  Key\Residential\Refrigeration\Size_Share\Small . 'Activity Level' = Interp(2014, 35.55)
      [OK]  Key\Residential\Refrigeration\Percent Ownership . 'Activity Level' = Interp(2014, 98.25, 2015, 98.27, 2016, 98.29, 2017, 98.3,...
      [OK]  Key\Residential\Refrigeration\Useful_EI\Large . 'Activity Level' = Interp(2014, 0.0428804815133276)
      [OK]  Key\Residential\Refrigeration\Useful_EI\Medium . 'Activity Level' = Interp(2014, 0.03911435941530524)
      [OK]  Key\Residential\Refrigeration\Useful_EI\Small . 'Activity Level' = Interp(2014, 0.026242476354256233)
      [OK]  Demand\Residential\Projections\Refrigeration_\Large\High_eff . 'Efficiency' = Interp(2014, 100.0)
      [OK]  Demand\Residential\Projections\Refrigeration_\Large\Low_eff . 'Efficiency' = Interp(2014, 65.60978818576503)
      [OK]  Demand\Residential\Projections\Refrigeration_\Large\Mid_eff . 'Efficiency' = Interp(2014, 82.4297520661157)
      [OK]  Demand\Residential\Projections\Refrigeration_\Medium\High_eff . 'Efficiency' = Interp(2014, 100.0)
      [OK]  Demand\Residential\Projections\Refrigeration_\Medium\Low_eff . 'Efficiency' = Interp(2014, 68.52967761373908)
      [OK]  Demand\Residential\Projections\Refrigeration_\Medium\Mid_eff . 'Efficiency' = Interp(2014, 90.72596729158356)
      [OK]  Demand\Residential\Projections\Refrigeration_\Small\High_eff . 'Efficiency' = Interp(2014, 100.0)
      [OK]  Demand\Residential\Projections\Refrigeration_\Small\Low_eff . 'Efficiency' = Interp(2014, 58.85075202468183)
      [OK]  Demand\Residential\Projections\Refrigeration_\Small\Mid_eff . 'Efficiency' = Interp(2014, 86.33663366336634)
    --- region 'Cambodia' (25 rows) ---
      [OK]  Key\Residential\Refrigeration\Efficiency_Share\Large_High . 'Activity Level' = Interp(2014, 58.98989898989899, 2015, 58.98989898989899, ...
      [OK]  Key\Residential\Refrigeration\Efficiency_Share\Large_Low . 'Activity Level' = Interp(2014, 8.080808080808083, 2015, 8.080808080808083, ...
      [OK]  Key\Residential\Refrigeration\Efficiency_Share\Large_Mid . 'Activity Level' = Interp(2014, 32.92929292929293, 2015, 32.92929292929293, ...
      [OK]  Key\Residential\Refrigeration\Efficiency_Share\Medium_High . 'Activity Level' = Interp(2014, 58.9825119236884, 2015, 58.9825119236884, 20...
      [OK]  Key\Residential\Refrigeration\Efficiency_Share\Medium_Low . 'Activity Level' = Interp(2014, 8.108108108108109, 2015, 8.108108108108109, ...
      [OK]  Key\Residential\Refrigeration\Efficiency_Share\Medium_Mid . 'Activity Level' = Interp(2014, 32.909379968203496, 2015, 32.909379968203496...
      [OK]  Key\Residential\Refrigeration\Efficiency_Share\Small_High . 'Activity Level' = Interp(2014, 47.5387972841901, 2015, 47.5387972841901, 20...
      [OK]  Key\Residential\Refrigeration\Efficiency_Share\Small_Low . 'Activity Level' = Interp(2014, 36.154219204655675, 2015, 36.154219204655675...
      [OK]  Key\Residential\Refrigeration\Efficiency_Share\Small_Mid . 'Activity Level' = Interp(2014, 16.30698351115422, 2015, 16.30698351115422, ...
      [OK]  Key\Residential\Refrigeration\Size_Share\Large . 'Activity Level' = Interp(2014, 4.949505049495049, 2015, 4.949505049495049, ...
      [OK]  Key\Residential\Refrigeration\Size_Share\Medium . 'Activity Level' = Interp(2014, 12.57874212578742, 2015, 12.57874212578742, ...
      [OK]  Key\Residential\Refrigeration\Size_Share\Small . 'Activity Level' = Interp(2014, 82.47175282471753, 2015, 82.47175282471753, ...
      [OK]  Key\Residential\Refrigeration\Percent Ownership . 'Activity Level' = Interp(2014, 86.07, 2015, 86.2, 2016, 86.34, 2017, 86.48,...
      [OK]  Key\Residential\Refrigeration\Useful_EI\Large . 'Activity Level' = Interp(2014, 0.0428804815133276)
      [OK]  Key\Residential\Refrigeration\Useful_EI\Medium . 'Activity Level' = Interp(2014, 0.03911435941530524)
      [OK]  Key\Residential\Refrigeration\Useful_EI\Small . 'Activity Level' = Interp(2014, 0.026242476354256233)
      [OK]  Demand\Residential\Projections\Refrigeration_\Large\High_eff . 'Efficiency' = Interp(2014, 100.0)
      [OK]  Demand\Residential\Projections\Refrigeration_\Large\Low_eff . 'Efficiency' = Interp(2014, 65.60978818576503)
      [OK]  Demand\Residential\Projections\Refrigeration_\Large\Mid_eff . 'Efficiency' = Interp(2014, 82.4297520661157)
      [OK]  Demand\Residential\Projections\Refrigeration_\Medium\High_eff . 'Efficiency' = Interp(2014, 100.0)
      [OK]  Demand\Residential\Projections\Refrigeration_\Medium\Low_eff . 'Efficiency' = Interp(2014, 68.52967761373908)
      [OK]  Demand\Residential\Projections\Refrigeration_\Medium\Mid_eff . 'Efficiency' = Interp(2014, 90.72596729158356)
      [OK]  Demand\Residential\Projections\Refrigeration_\Small\High_eff . 'Efficiency' = Interp(2014, 100.0)
      [OK]  Demand\Residential\Projections\Refrigeration_\Small\Low_eff . 'Efficiency' = Interp(2014, 58.85075202468183)
      [OK]  Demand\Residential\Projections\Refrigeration_\Small\Mid_eff . 'Efficiency' = Interp(2014, 86.33663366336634)
    --- region 'Indonesia' (25 rows) ---
      [OK]  Key\Residential\Refrigeration\Efficiency_Share\Large_High . 'Activity Level' = Interp(2014, 50.0, 2015, 49.38053097345133, 2016, 49.4983...
      [OK]  Key\Residential\Refrigeration\Efficiency_Share\Large_Low . 'Activity Level' = Interp(2014, 17.169811320754718, 2015, 18.053097345132745...
      [OK]  Key\Residential\Refrigeration\Efficiency_Share\Large_Mid . 'Activity Level' = Interp(2014, 32.83018867924528, 2015, 32.56637168141593, ...
      [OK]  Key\Residential\Refrigeration\Efficiency_Share\Medium_High . 'Activity Level' = Interp(2014, 50.0, 2015, 49.523809523809526, 2016, 49.687...
      [OK]  Key\Residential\Refrigeration\Efficiency_Share\Medium_Low . 'Activity Level' = Interp(2014, 17.419354838709676, 2015, 18.095238095238095...
      [OK]  Key\Residential\Refrigeration\Efficiency_Share\Medium_Mid . 'Activity Level' = Interp(2014, 32.58064516129032, 2015, 32.38095238095238, ...
      [OK]  Key\Residential\Refrigeration\Efficiency_Share\Small_High . 'Activity Level' = Interp(2014, 31.812227074235803, 2015, 31.707049665606846...
      [OK]  Key\Residential\Refrigeration\Efficiency_Share\Small_Low . 'Activity Level' = Interp(2014, 56.59388646288209, 2015, 56.71527244819647, ...
      [OK]  Key\Residential\Refrigeration\Efficiency_Share\Small_Mid . 'Activity Level' = Interp(2014, 11.593886462882095, 2015, 11.577677886196689...
      [OK]  Key\Residential\Refrigeration\Size_Share\Large . 'Activity Level' = Interp(2014, 5.3, 2015, 5.649435056494351, 2016, 5.979402...
      [OK]  Key\Residential\Refrigeration\Size_Share\Medium . 'Activity Level' = Interp(2014, 3.1, 2015, 3.1496850314968503, 2016, 3.19968...
      [OK]  Key\Residential\Refrigeration\Size_Share\Small . 'Activity Level' = Interp(2014, 91.60000000000001, 2015, 91.20087991200879, ...
      [OK]  Key\Residential\Refrigeration\Percent Ownership . 'Activity Level' = Interp(2014, 97.39, 2015, 97.42, 2016, 97.44, 2017, 97.47...
      [OK]  Key\Residential\Refrigeration\Useful_EI\Large . 'Activity Level' = Interp(2014, 0.0428804815133276)
      [OK]  Key\Residential\Refrigeration\Useful_EI\Medium . 'Activity Level' = Interp(2014, 0.03911435941530524)
      [OK]  Key\Residential\Refrigeration\Useful_EI\Small . 'Activity Level' = Interp(2014, 0.026242476354256233)
      [OK]  Demand\Residential\Projections\Refrigeration_\Large\High_eff . 'Efficiency' = Interp(2014, 100.0)
      [OK]  Demand\Residential\Projections\Refrigeration_\Large\Low_eff . 'Efficiency' = Interp(2014, 65.60978818576503)
      [OK]  Demand\Residential\Projections\Refrigeration_\Large\Mid_eff . 'Efficiency' = Interp(2014, 82.4297520661157)
      [OK]  Demand\Residential\Projections\Refrigeration_\Medium\High_eff . 'Efficiency' = Interp(2014, 100.0)
      [OK]  Demand\Residential\Projections\Refrigeration_\Medium\Low_eff . 'Efficiency' = Interp(2014, 68.52967761373908)
      [OK]  Demand\Residential\Projections\Refrigeration_\Medium\Mid_eff . 'Efficiency' = Interp(2014, 90.72596729158356)
      [OK]  Demand\Residential\Projections\Refrigeration_\Small\High_eff . 'Efficiency' = Interp(2014, 100.0)
      [OK]  Demand\Residential\Projections\Refrigeration_\Small\Low_eff . 'Efficiency' = Interp(2014, 58.85075202468183)
      [OK]  Demand\Residential\Projections\Refrigeration_\Small\Mid_eff . 'Efficiency' = Interp(2014, 86.33663366336634)
    --- region 'Laos' (25 rows) ---
      [OK]  Key\Residential\Refrigeration\Efficiency_Share\Large_High . 'Activity Level' = Interp(2014, 58.50785340314136, 2015, 58.50785340314136, ...
      [OK]  Key\Residential\Refrigeration\Efficiency_Share\Large_Low . 'Activity Level' = Interp(2014, 8.24607329842932, 2015, 8.24607329842932, 20...
      [OK]  Key\Residential\Refrigeration\Efficiency_Share\Large_Mid . 'Activity Level' = Interp(2014, 33.24607329842932, 2015, 33.24607329842932, ...
      [OK]  Key\Residential\Refrigeration\Efficiency_Share\Medium_High . 'Activity Level' = Interp(2014, 58.484609313338595, 2015, 58.484609313338595...
      [OK]  Key\Residential\Refrigeration\Efficiency_Share\Medium_Low . 'Activity Level' = Interp(2014, 8.287292817679559, 2015, 8.287292817679559, ...
      [OK]  Key\Residential\Refrigeration\Efficiency_Share\Medium_Mid . 'Activity Level' = Interp(2014, 33.22809786898185, 2015, 33.22809786898185, ...
      [OK]  Key\Residential\Refrigeration\Efficiency_Share\Small_High . 'Activity Level' = Interp(2014, 48.18672355377086, 2015, 48.18672355377086, ...
      [OK]  Key\Residential\Refrigeration\Efficiency_Share\Small_Low . 'Activity Level' = Interp(2014, 35.46241686535325, 2015, 35.46241686535325, ...
      [OK]  Key\Residential\Refrigeration\Efficiency_Share\Small_Mid . 'Activity Level' = Interp(2014, 16.35085958087589, 2015, 16.35085958087589, ...
      [OK]  Key\Residential\Refrigeration\Size_Share\Large . 'Activity Level' = Interp(2014, 7.64, 2015, 7.64, 2016, 7.630763076307631, 2...
      [OK]  Key\Residential\Refrigeration\Size_Share\Medium . 'Activity Level' = Interp(2014, 12.67, 2015, 12.67, 2016, 12.67126712671267,...
      [OK]  Key\Residential\Refrigeration\Size_Share\Small . 'Activity Level' = Interp(2014, 79.69, 2015, 79.69, 2016, 79.69796979697969,...
      [OK]  Key\Residential\Refrigeration\Percent Ownership . 'Activity Level' = Interp(2014, 79.63, 2015, 79.83, 2016, 80.03, 2017, 80.23...
      [OK]  Key\Residential\Refrigeration\Useful_EI\Large . 'Activity Level' = Interp(2014, 0.0428804815133276)
      [OK]  Key\Residential\Refrigeration\Useful_EI\Medium . 'Activity Level' = Interp(2014, 0.03911435941530524)
      [OK]  Key\Residential\Refrigeration\Useful_EI\Small . 'Activity Level' = Interp(2014, 0.026242476354256233)
      [OK]  Demand\Residential\Projections\Refrigeration_\Large\High_eff . 'Efficiency' = Interp(2014, 100.0)
      [OK]  Demand\Residential\Projections\Refrigeration_\Large\Low_eff . 'Efficiency' = Interp(2014, 65.60978818576503)
      [OK]  Demand\Residential\Projections\Refrigeration_\Large\Mid_eff . 'Efficiency' = Interp(2014, 82.4297520661157)
      [OK]  Demand\Residential\Projections\Refrigeration_\Medium\High_eff . 'Efficiency' = Interp(2014, 100.0)
      [OK]  Demand\Residential\Projections\Refrigeration_\Medium\Low_eff . 'Efficiency' = Interp(2014, 68.52967761373908)
      [OK]  Demand\Residential\Projections\Refrigeration_\Medium\Mid_eff . 'Efficiency' = Interp(2014, 90.72596729158356)
      [OK]  Demand\Residential\Projections\Refrigeration_\Small\High_eff . 'Efficiency' = Interp(2014, 100.0)
      [OK]  Demand\Residential\Projections\Refrigeration_\Small\Low_eff . 'Efficiency' = Interp(2014, 58.85075202468183)
      [OK]  Demand\Residential\Projections\Refrigeration_\Small\Mid_eff . 'Efficiency' = Interp(2014, 86.33663366336634)
    --- region 'Malaysia' (25 rows) ---
      [OK]  Key\Residential\Refrigeration\Efficiency_Share\Large_High . 'Activity Level' = Interp(2014, 40.29739776951673, 2015, 40.25923016496465, ...
      [OK]  Key\Residential\Refrigeration\Efficiency_Share\Large_Low . 'Activity Level' = Interp(2014, 27.026022304832715, 2015, 27.14061272584446,...
      [OK]  Key\Residential\Refrigeration\Efficiency_Share\Large_Mid . 'Activity Level' = Interp(2014, 32.67657992565056, 2015, 32.60015710919089, ...
      [OK]  Key\Residential\Refrigeration\Efficiency_Share\Medium_High . 'Activity Level' = Interp(2014, 40.35952449985503, 2015, 40.30769230769231, ...
      [OK]  Key\Residential\Refrigeration\Efficiency_Share\Medium_Low . 'Activity Level' = Interp(2014, 27.138300956799068, 2015, 27.27272727272727,...
      [OK]  Key\Residential\Refrigeration\Efficiency_Share\Medium_Mid . 'Activity Level' = Interp(2014, 32.502174543345895, 2015, 32.41958041958042,...
      [OK]  Key\Residential\Refrigeration\Efficiency_Share\Small_High . 'Activity Level' = Interp(2014, 39.04145077720207, 2015, 38.97911832946635, ...
      [OK]  Key\Residential\Refrigeration\Efficiency_Share\Small_Low . 'Activity Level' = Interp(2014, 48.41968911917098, 2015, 48.569218870843, 20...
      [OK]  Key\Residential\Refrigeration\Efficiency_Share\Small_Mid . 'Activity Level' = Interp(2014, 12.538860103626941, 2015, 12.451662799690641...
      [OK]  Key\Residential\Refrigeration\Size_Share\Large . 'Activity Level' = Interp(2014, 26.902690269026902, 2015, 25.46, 2016, 24.60...
      [OK]  Key\Residential\Refrigeration\Size_Share\Medium . 'Activity Level' = Interp(2014, 34.4934493449345, 2015, 35.75, 2016, 37.0474...
      [OK]  Key\Residential\Refrigeration\Size_Share\Small . 'Activity Level' = Interp(2014, 38.603860386038605, 2015, 38.79, 2016, 38.34...
      [OK]  Key\Residential\Refrigeration\Percent Ownership . 'Activity Level' = Interp(2014, 94.96, 2015, 95.01, 2016, 95.06, 2017, 95.11...
      [OK]  Key\Residential\Refrigeration\Useful_EI\Large . 'Activity Level' = Interp(2014, 0.0428804815133276)
      [OK]  Key\Residential\Refrigeration\Useful_EI\Medium . 'Activity Level' = Interp(2014, 0.03911435941530524)
      [OK]  Key\Residential\Refrigeration\Useful_EI\Small . 'Activity Level' = Interp(2014, 0.026242476354256233)
      [OK]  Demand\Residential\Projections\Refrigeration_\Large\High_eff . 'Efficiency' = Interp(2014, 100.0)
      [OK]  Demand\Residential\Projections\Refrigeration_\Large\Low_eff . 'Efficiency' = Interp(2014, 65.60978818576503)
      [OK]  Demand\Residential\Projections\Refrigeration_\Large\Mid_eff . 'Efficiency' = Interp(2014, 82.4297520661157)
      [OK]  Demand\Residential\Projections\Refrigeration_\Medium\High_eff . 'Efficiency' = Interp(2014, 100.0)
      [OK]  Demand\Residential\Projections\Refrigeration_\Medium\Low_eff . 'Efficiency' = Interp(2014, 68.52967761373908)
      [OK]  Demand\Residential\Projections\Refrigeration_\Medium\Mid_eff . 'Efficiency' = Interp(2014, 90.72596729158356)
      [OK]  Demand\Residential\Projections\Refrigeration_\Small\High_eff . 'Efficiency' = Interp(2014, 100.0)
      [OK]  Demand\Residential\Projections\Refrigeration_\Small\Low_eff . 'Efficiency' = Interp(2014, 58.85075202468183)
      [OK]  Demand\Residential\Projections\Refrigeration_\Small\Mid_eff . 'Efficiency' = Interp(2014, 86.33663366336634)
    --- region 'Myanmar' (25 rows) ---
      [OK]  Key\Residential\Refrigeration\Efficiency_Share\Large_High . 'Activity Level' = Interp(2014, 59.59183673469387, 2015, 59.59183673469387, ...
      [OK]  Key\Residential\Refrigeration\Efficiency_Share\Large_Low . 'Activity Level' = Interp(2014, 7.755102040816326, 2015, 7.755102040816326, ...
      [OK]  Key\Residential\Refrigeration\Efficiency_Share\Large_Mid . 'Activity Level' = Interp(2014, 32.6530612244898, 2015, 32.6530612244898, 20...
      [OK]  Key\Residential\Refrigeration\Efficiency_Share\Medium_High . 'Activity Level' = Interp(2014, 59.58631662688943, 2015, 59.58631662688943, ...
      [OK]  Key\Residential\Refrigeration\Efficiency_Share\Medium_Low . 'Activity Level' = Interp(2014, 7.716785998408909, 2015, 7.716785998408909, ...
      [OK]  Key\Residential\Refrigeration\Efficiency_Share\Medium_Mid . 'Activity Level' = Interp(2014, 32.69689737470167, 2015, 32.69689737470167, ...
      [OK]  Key\Residential\Refrigeration\Efficiency_Share\Small_High . 'Activity Level' = Interp(2014, 44.85641584878227, 2015, 44.85641584878227, ...
      [OK]  Key\Residential\Refrigeration\Efficiency_Share\Small_Low . 'Activity Level' = Interp(2014, 39.44020356234096, 2015, 39.44020356234096, ...
      [OK]  Key\Residential\Refrigeration\Efficiency_Share\Small_Mid . 'Activity Level' = Interp(2014, 15.703380588876772, 2015, 15.703380588876772...
      [OK]  Key\Residential\Refrigeration\Size_Share\Large . 'Activity Level' = Interp(2014, 4.9, 2015, 4.9, 2016, 4.9, 2017, 4.9, 2018, ...
      [OK]  Key\Residential\Refrigeration\Size_Share\Medium . 'Activity Level' = Interp(2014, 12.57, 2015, 12.57, 2016, 12.57, 2017, 12.57...
      [OK]  Key\Residential\Refrigeration\Size_Share\Small . 'Activity Level' = Interp(2014, 82.53, 2015, 82.53, 2016, 82.53, 2017, 82.53...
      [OK]  Key\Residential\Refrigeration\Percent Ownership . 'Activity Level' = Interp(2014, 38.88, 2015, 39.49, 2016, 40.09, 2017, 40.69...
      [OK]  Key\Residential\Refrigeration\Useful_EI\Large . 'Activity Level' = Interp(2014, 0.0428804815133276)
      [OK]  Key\Residential\Refrigeration\Useful_EI\Medium . 'Activity Level' = Interp(2014, 0.03911435941530524)
      [OK]  Key\Residential\Refrigeration\Useful_EI\Small . 'Activity Level' = Interp(2014, 0.026242476354256233)
      [OK]  Demand\Residential\Projections\Refrigeration_\Large\High_eff . 'Efficiency' = Interp(2014, 100.0)
      [OK]  Demand\Residential\Projections\Refrigeration_\Large\Low_eff . 'Efficiency' = Interp(2014, 65.60978818576503)
      [OK]  Demand\Residential\Projections\Refrigeration_\Large\Mid_eff . 'Efficiency' = Interp(2014, 82.4297520661157)
      [OK]  Demand\Residential\Projections\Refrigeration_\Medium\High_eff . 'Efficiency' = Interp(2014, 100.0)
      [OK]  Demand\Residential\Projections\Refrigeration_\Medium\Low_eff . 'Efficiency' = Interp(2014, 68.52967761373908)
      [OK]  Demand\Residential\Projections\Refrigeration_\Medium\Mid_eff . 'Efficiency' = Interp(2014, 90.72596729158356)
      [OK]  Demand\Residential\Projections\Refrigeration_\Small\High_eff . 'Efficiency' = Interp(2014, 100.0)
      [OK]  Demand\Residential\Projections\Refrigeration_\Small\Low_eff . 'Efficiency' = Interp(2014, 58.85075202468183)
      [OK]  Demand\Residential\Projections\Refrigeration_\Small\Mid_eff . 'Efficiency' = Interp(2014, 86.33663366336634)
    --- region 'Philippines' (25 rows) ---
      [OK]  Key\Residential\Refrigeration\Efficiency_Share\Large_High . 'Activity Level' = Interp(2014, 60.0, 2015, 59.800664451827245, 2016, 59.800...
      [OK]  Key\Residential\Refrigeration\Efficiency_Share\Large_Low . 'Activity Level' = Interp(2014, 7.333333333333333, 2015, 7.641196013289038, ...
      [OK]  Key\Residential\Refrigeration\Efficiency_Share\Large_Mid . 'Activity Level' = Interp(2014, 32.666666666666664, 2015, 32.55813953488372,...
      [OK]  Key\Residential\Refrigeration\Efficiency_Share\Medium_High . 'Activity Level' = Interp(2014, 60.0, 2015, 59.87361769352291, 2016, 59.7647...
      [OK]  Key\Residential\Refrigeration\Efficiency_Share\Medium_Low . 'Activity Level' = Interp(2014, 7.44, 2015, 7.503949447077408, 2016, 7.60784...
      [OK]  Key\Residential\Refrigeration\Efficiency_Share\Medium_Mid . 'Activity Level' = Interp(2014, 32.56, 2015, 32.62243285939968, 2016, 32.627...
      [OK]  Key\Residential\Refrigeration\Efficiency_Share\Small_High . 'Activity Level' = Interp(2014, 42.28402366863905, 2015, 42.31681290016599, ...
      [OK]  Key\Residential\Refrigeration\Efficiency_Share\Small_Low . 'Activity Level' = Interp(2014, 42.55621301775148, 2015, 42.54209153426607, ...
      [OK]  Key\Residential\Refrigeration\Efficiency_Share\Small_Mid . 'Activity Level' = Interp(2014, 15.159763313609467, 2015, 15.14109556556794,...
      [OK]  Key\Residential\Refrigeration\Size_Share\Large . 'Activity Level' = Interp(2014, 3.0, 2015, 3.0096990300969897, 2016, 3.00939...
      [OK]  Key\Residential\Refrigeration\Size_Share\Medium . 'Activity Level' = Interp(2014, 12.5, 2015, 12.65873412658734, 2016, 12.7474...
      [OK]  Key\Residential\Refrigeration\Size_Share\Small . 'Activity Level' = Interp(2014, 84.5, 2015, 84.33156684331567, 2016, 84.2431...
      [OK]  Key\Residential\Refrigeration\Percent Ownership . 'Activity Level' = Interp(2014, 87.42, 2015, 87.54, 2016, 87.67, 2017, 87.79...
      [OK]  Key\Residential\Refrigeration\Useful_EI\Large . 'Activity Level' = Interp(2014, 0.0428804815133276)
      [OK]  Key\Residential\Refrigeration\Useful_EI\Medium . 'Activity Level' = Interp(2014, 0.03911435941530524)
      [OK]  Key\Residential\Refrigeration\Useful_EI\Small . 'Activity Level' = Interp(2014, 0.026242476354256233)
      [OK]  Demand\Residential\Projections\Refrigeration_\Large\High_eff . 'Efficiency' = Interp(2014, 100.0)
      [OK]  Demand\Residential\Projections\Refrigeration_\Large\Low_eff . 'Efficiency' = Interp(2014, 65.60978818576503)
      [OK]  Demand\Residential\Projections\Refrigeration_\Large\Mid_eff . 'Efficiency' = Interp(2014, 82.4297520661157)
      [OK]  Demand\Residential\Projections\Refrigeration_\Medium\High_eff . 'Efficiency' = Interp(2014, 100.0)
      [OK]  Demand\Residential\Projections\Refrigeration_\Medium\Low_eff . 'Efficiency' = Interp(2014, 68.52967761373908)
      [OK]  Demand\Residential\Projections\Refrigeration_\Medium\Mid_eff . 'Efficiency' = Interp(2014, 90.72596729158356)
      [OK]  Demand\Residential\Projections\Refrigeration_\Small\High_eff . 'Efficiency' = Interp(2014, 100.0)
      [OK]  Demand\Residential\Projections\Refrigeration_\Small\Low_eff . 'Efficiency' = Interp(2014, 58.85075202468183)
      [OK]  Demand\Residential\Projections\Refrigeration_\Small\Mid_eff . 'Efficiency' = Interp(2014, 86.33663366336634)
    --- region 'Singapore' (25 rows) ---
      [OK]  Key\Residential\Refrigeration\Efficiency_Share\Large_High . 'Activity Level' = Interp(2014, 42.21879815100154, 2015, 42.21879815100154, ...
      [OK]  Key\Residential\Refrigeration\Efficiency_Share\Large_Low . 'Activity Level' = Interp(2014, 20.184899845916796, 2015, 20.107858243451464...
      [OK]  Key\Residential\Refrigeration\Efficiency_Share\Large_Mid . 'Activity Level' = Interp(2014, 37.59630200308166, 2015, 37.673343605547, 20...
      [OK]  Key\Residential\Refrigeration\Efficiency_Share\Medium_High . 'Activity Level' = Interp(2014, 42.47752247752248, 2015, 42.48775710088149, ...
      [OK]  Key\Residential\Refrigeration\Efficiency_Share\Medium_Low . 'Activity Level' = Interp(2014, 20.63936063936064, 2015, 20.548481880509303,...
      [OK]  Key\Residential\Refrigeration\Efficiency_Share\Medium_Mid . 'Activity Level' = Interp(2014, 36.883116883116884, 2015, 36.963761018609205...
      [OK]  Key\Residential\Refrigeration\Efficiency_Share\Small_High . 'Activity Level' = Interp(2014, 43.455922120064905, 2015, 43.512086690747424...
      [OK]  Key\Residential\Refrigeration\Efficiency_Share\Small_Low . 'Activity Level' = Interp(2014, 38.39913466738778, 2015, 38.288413448180044,...
      [OK]  Key\Residential\Refrigeration\Efficiency_Share\Small_Mid . 'Activity Level' = Interp(2014, 18.144943212547325, 2015, 18.199499861072518...
      [OK]  Key\Residential\Refrigeration\Size_Share\Large . 'Activity Level' = Interp(2014, 12.97870212978702, 2015, 12.977404519096181,...
      [OK]  Key\Residential\Refrigeration\Size_Share\Medium . 'Activity Level' = Interp(2014, 50.04499550044995, 2015, 51.03979204159169, ...
      [OK]  Key\Residential\Refrigeration\Size_Share\Small . 'Activity Level' = Interp(2014, 36.97630236976302, 2015, 35.982803439312136,...
      [OK]  Key\Residential\Refrigeration\Percent Ownership . 'Activity Level' = Interp(2014, 100.0, 2015, 100.0, 2016, 100.0, 2017, 100.0...
      [OK]  Key\Residential\Refrigeration\Useful_EI\Large . 'Activity Level' = Interp(2014, 0.0428804815133276)
      [OK]  Key\Residential\Refrigeration\Useful_EI\Medium . 'Activity Level' = Interp(2014, 0.03911435941530524)
      [OK]  Key\Residential\Refrigeration\Useful_EI\Small . 'Activity Level' = Interp(2014, 0.026242476354256233)
      [OK]  Demand\Residential\Projections\Refrigeration_\Large\High_eff . 'Efficiency' = Interp(2014, 100.0)
      [OK]  Demand\Residential\Projections\Refrigeration_\Large\Low_eff . 'Efficiency' = Interp(2014, 65.60978818576503)
      [OK]  Demand\Residential\Projections\Refrigeration_\Large\Mid_eff . 'Efficiency' = Interp(2014, 82.4297520661157)
      [OK]  Demand\Residential\Projections\Refrigeration_\Medium\High_eff . 'Efficiency' = Interp(2014, 100.0)
      [OK]  Demand\Residential\Projections\Refrigeration_\Medium\Low_eff . 'Efficiency' = Interp(2014, 68.52967761373908)
      [OK]  Demand\Residential\Projections\Refrigeration_\Medium\Mid_eff . 'Efficiency' = Interp(2014, 90.72596729158356)
      [OK]  Demand\Residential\Projections\Refrigeration_\Small\High_eff . 'Efficiency' = Interp(2014, 100.0)
      [OK]  Demand\Residential\Projections\Refrigeration_\Small\Low_eff . 'Efficiency' = Interp(2014, 58.85075202468183)
      [OK]  Demand\Residential\Projections\Refrigeration_\Small\Mid_eff . 'Efficiency' = Interp(2014, 86.33663366336634)
    --- region 'Thailand' (25 rows) ---
      [OK]  Key\Residential\Refrigeration\Efficiency_Share\Large_High . 'Activity Level' = Interp(2014, 39.89795918367347, 2015, 39.69387755102041, ...
      [OK]  Key\Residential\Refrigeration\Efficiency_Share\Large_Low . 'Activity Level' = Interp(2014, 18.6734693877551, 2015, 18.877551020408163, ...
      [OK]  Key\Residential\Refrigeration\Efficiency_Share\Large_Mid . 'Activity Level' = Interp(2014, 41.42857142857142, 2015, 41.42857142857142, ...
      [OK]  Key\Residential\Refrigeration\Efficiency_Share\Medium_High . 'Activity Level' = Interp(2014, 40.20559680182753, 2015, 40.090857467348094,...
      [OK]  Key\Residential\Refrigeration\Efficiency_Share\Medium_Low . 'Activity Level' = Interp(2014, 19.360365505425474, 2015, 19.47756956274844,...
      [OK]  Key\Residential\Refrigeration\Efficiency_Share\Medium_Mid . 'Activity Level' = Interp(2014, 40.434037692747005, 2015, 40.43157296990347,...
      [OK]  Key\Residential\Refrigeration\Efficiency_Share\Small_High . 'Activity Level' = Interp(2014, 31.82005777961205, 2015, 31.735537190082646,...
      [OK]  Key\Residential\Refrigeration\Efficiency_Share\Small_Low . 'Activity Level' = Interp(2014, 55.16577245838492, 2015, 55.20661157024793, ...
      [OK]  Key\Residential\Refrigeration\Efficiency_Share\Small_Mid . 'Activity Level' = Interp(2014, 13.014169762003029, 2015, 13.057851239669423...
      [OK]  Key\Residential\Refrigeration\Size_Share\Large . 'Activity Level' = Interp(2014, 9.8, 2015, 9.799020097990201, 2016, 9.800980...
      [OK]  Key\Residential\Refrigeration\Size_Share\Medium . 'Activity Level' = Interp(2014, 17.509999999999998, 2015, 17.608239176082392...
      [OK]  Key\Residential\Refrigeration\Size_Share\Small . 'Activity Level' = Interp(2014, 72.69, 2015, 72.5927407259274, 2016, 72.5372...
      [OK]  Key\Residential\Refrigeration\Percent Ownership . 'Activity Level' = Interp(2014, 100.0, 2015, 100.0, 2016, 100.0, 2017, 100.0...
      [OK]  Key\Residential\Refrigeration\Useful_EI\Large . 'Activity Level' = Interp(2014, 0.0428804815133276)
      [OK]  Key\Residential\Refrigeration\Useful_EI\Medium . 'Activity Level' = Interp(2014, 0.03911435941530524)
      [OK]  Key\Residential\Refrigeration\Useful_EI\Small . 'Activity Level' = Interp(2014, 0.026242476354256233)
      [OK]  Demand\Residential\Projections\Refrigeration_\Large\High_eff . 'Efficiency' = Interp(2014, 100.0)
      [OK]  Demand\Residential\Projections\Refrigeration_\Large\Low_eff . 'Efficiency' = Interp(2014, 65.60978818576503)
      [OK]  Demand\Residential\Projections\Refrigeration_\Large\Mid_eff . 'Efficiency' = Interp(2014, 82.4297520661157)
      [OK]  Demand\Residential\Projections\Refrigeration_\Medium\High_eff . 'Efficiency' = Interp(2014, 100.0)
      [OK]  Demand\Residential\Projections\Refrigeration_\Medium\Low_eff . 'Efficiency' = Interp(2014, 68.52967761373908)
      [OK]  Demand\Residential\Projections\Refrigeration_\Medium\Mid_eff . 'Efficiency' = Interp(2014, 90.72596729158356)
      [OK]  Demand\Residential\Projections\Refrigeration_\Small\High_eff . 'Efficiency' = Interp(2014, 100.0)
      [OK]  Demand\Residential\Projections\Refrigeration_\Small\Low_eff . 'Efficiency' = Interp(2014, 58.85075202468183)
      [OK]  Demand\Residential\Projections\Refrigeration_\Small\Mid_eff . 'Efficiency' = Interp(2014, 86.33663366336634)
    --- region 'Vietnam' (25 rows) ---
      [OK]  Key\Residential\Refrigeration\Efficiency_Share\Large_High . 'Activity Level' = Interp(2014, 59.150805270863835, 2015, 58.921694480102694...
      [OK]  Key\Residential\Refrigeration\Efficiency_Share\Large_Low . 'Activity Level' = Interp(2014, 8.052708638360176, 2015, 8.215661103979462, ...
      [OK]  Key\Residential\Refrigeration\Efficiency_Share\Large_Mid . 'Activity Level' = Interp(2014, 32.796486090775986, 2015, 32.86264441591785,...
      [OK]  Key\Residential\Refrigeration\Efficiency_Share\Medium_High . 'Activity Level' = Interp(2014, 59.209486166007906, 2015, 58.958168902920285...
      [OK]  Key\Residential\Refrigeration\Efficiency_Share\Medium_Low . 'Activity Level' = Interp(2014, 8.063241106719367, 2015, 8.12943962115233, 2...
      [OK]  Key\Residential\Refrigeration\Efficiency_Share\Medium_Mid . 'Activity Level' = Interp(2014, 32.72727272727272, 2015, 32.912391475927386,...
      [OK]  Key\Residential\Refrigeration\Efficiency_Share\Small_High . 'Activity Level' = Interp(2014, 47.454048683556884, 2015, 47.554381994216016...
      [OK]  Key\Residential\Refrigeration\Efficiency_Share\Small_Low . 'Activity Level' = Interp(2014, 36.28912071535023, 2015, 36.137306676725764,...
      [OK]  Key\Residential\Refrigeration\Efficiency_Share\Small_Mid . 'Activity Level' = Interp(2014, 16.256830601092897, 2015, 16.308311329058217...
      [OK]  Key\Residential\Refrigeration\Size_Share\Large . 'Activity Level' = Interp(2014, 6.83, 2015, 7.790779077907792, 2016, 8.07919...
      [OK]  Key\Residential\Refrigeration\Size_Share\Medium . 'Activity Level' = Interp(2014, 12.65, 2015, 12.67126712671267, 2016, 12.718...
      [OK]  Key\Residential\Refrigeration\Size_Share\Small . 'Activity Level' = Interp(2014, 80.52, 2015, 79.53795379537955, 2016, 79.202...
      [OK]  Key\Residential\Refrigeration\Percent Ownership . 'Activity Level' = Interp(2014, 100.0, 2015, 100.0, 2016, 100.0, 2017, 100.0...
      [OK]  Key\Residential\Refrigeration\Useful_EI\Large . 'Activity Level' = Interp(2014, 0.0428804815133276)
      [OK]  Key\Residential\Refrigeration\Useful_EI\Medium . 'Activity Level' = Interp(2014, 0.03911435941530524)
      [OK]  Key\Residential\Refrigeration\Useful_EI\Small . 'Activity Level' = Interp(2014, 0.026242476354256233)
      [OK]  Demand\Residential\Projections\Refrigeration_\Large\High_eff . 'Efficiency' = Interp(2014, 100.0)
      [OK]  Demand\Residential\Projections\Refrigeration_\Large\Low_eff . 'Efficiency' = Interp(2014, 65.60978818576503)
      [OK]  Demand\Residential\Projections\Refrigeration_\Large\Mid_eff . 'Efficiency' = Interp(2014, 82.4297520661157)
      [OK]  Demand\Residential\Projections\Refrigeration_\Medium\High_eff . 'Efficiency' = Interp(2014, 100.0)
      [OK]  Demand\Residential\Projections\Refrigeration_\Medium\Low_eff . 'Efficiency' = Interp(2014, 68.52967761373908)
      [OK]  Demand\Residential\Projections\Refrigeration_\Medium\Mid_eff . 'Efficiency' = Interp(2014, 90.72596729158356)
      [OK]  Demand\Residential\Projections\Refrigeration_\Small\High_eff . 'Efficiency' = Interp(2014, 100.0)
      [OK]  Demand\Residential\Projections\Refrigeration_\Small\Low_eff . 'Efficiency' = Interp(2014, 58.85075202468183)
      [OK]  Demand\Residential\Projections\Refrigeration_\Small\Mid_eff . 'Efficiency' = Interp(2014, 86.33663366336634)
  [real-inject] {'pushed': 250}
  -- Phase 4: READBACK VERIFY --
    verifying 10 row(s) (1/region x 10 region(s))
    [EXACT] Brunei|Activity Level on Key\Residential\Refrigeration\Efficiency_Share\Large_High
    [EXACT] Cambodia|Activity Level on Key\Residential\Refrigeration\Efficiency_Share\Large_High
    [EXACT] Indonesia|Activity Level on Key\Residential\Refrigeration\Efficiency_Share\Large_High
    [EXACT] Laos|Activity Level on Key\Residential\Refrigeration\Efficiency_Share\Large_High
    [EXACT] Malaysia|Activity Level on Key\Residential\Refrigeration\Efficiency_Share\Large_High
    [EXACT] Myanmar|Activity Level on Key\Residential\Refrigeration\Efficiency_Share\Large_High
    [EXACT] Philippines|Activity Level on Key\Residential\Refrigeration\Efficiency_Share\Large_High
    [EXACT] Singapore|Activity Level on Key\Residential\Refrigeration\Efficiency_Share\Large_High
    [EXACT] Thailand|Activity Level on Key\Residential\Refrigeration\Efficiency_Share\Large_High
    [EXACT] Vietnam|Activity Level on Key\Residential\Refrigeration\Efficiency_Share\Large_High
    Readback: 10 EXACT, 0 NORMALISED, 0 FAIL

[fridge_keys] === SCENARIO: 'Regional Aspiration Scenario' ===
  ActiveScenario: 'Regional Aspiration Scenario'
  rows for this scenario: 790 (untagged + scenario='Regional Aspiration Scenario')
  790 rows across 10 region(s)
  -- Phase 1: DRY RUN --
    --- region 'Brunei' (79 rows) ---
      [DRY] Key\Residential\Refrigeration\Efficiency_Share\Large_High . 'Activity Level' = Interp(2014, 41.02990033222591, 2015, 41.02990033222591, 2016, 41.0...
      [DRY] Key\Residential\Refrigeration\Efficiency_Share\Large_Low . 'Activity Level' = Interp(2014, 26.190476190476193, 2015, 26.190476190476193, 2016, 26...
      [DRY] Key\Residential\Refrigeration\Efficiency_Share\Large_Mid . 'Activity Level' = Interp(2014, 32.77962347729789, 2015, 32.77962347729789, 2016, 32.7...
      [DRY] Key\Residential\Refrigeration\Efficiency_Share\Medium_High . 'Activity Level' = Interp(2014, 41.0864410433283, 2015, 41.0864410433283, 2016, 41.086...
      [DRY] Key\Residential\Refrigeration\Efficiency_Share\Medium_Low . 'Activity Level' = Interp(2014, 26.277214917007974, 2015, 26.277214917007974, 2016, 26...
      [DRY] Key\Residential\Refrigeration\Efficiency_Share\Medium_Mid . 'Activity Level' = Interp(2014, 32.636344039663726, 2015, 32.636344039663726, 2016, 32...
      [DRY] Key\Residential\Refrigeration\Efficiency_Share\Small_High . 'Activity Level' = Interp(2014, 40.9282700421941, 2015, 40.9282700421941, 2016, 40.928...
      [DRY] Key\Residential\Refrigeration\Efficiency_Share\Small_Low . 'Activity Level' = Interp(2014, 46.63853727144866, 2015, 46.63853727144866, 2016, 46.6...
      [DRY] Key\Residential\Refrigeration\Efficiency_Share\Small_Mid . 'Activity Level' = Interp(2014, 12.433192686357245, 2015, 12.433192686357245, 2016, 12...
      [DRY] Key\Residential\Refrigeration\Size_Share\Large . 'Activity Level' = Interp(2014, 18.060000000000002, 2015, 18.060000000000002, 2016, 18...
      [DRY] Key\Residential\Refrigeration\Size_Share\Medium . 'Activity Level' = Interp(2014, 46.39, 2015, 46.39, 2016, 46.39, 2017, 46.39, 2018, 46...
      [DRY] Key\Residential\Refrigeration\Size_Share\Small . 'Activity Level' = Interp(2014, 35.55, 2015, 35.55, 2016, 35.55, 2017, 35.55, 2018, 35...
      [DRY] Key\Residential\Refrigeration\Percent Ownership . 'Activity Level' = Interp(2014, 98.25, 2015, 98.27, 2016, 98.29, 2017, 98.3, 2018, 98....
      [DRY] Key\Residential\Refrigeration\Useful_EI\Large . 'Activity Level' = Interp(2014, 0.0428804815133276)
      [DRY] Key\Residential\Refrigeration\Useful_EI\Medium . 'Activity Level' = Interp(2014, 0.03911435941530524)
      [DRY] Key\Residential\Refrigeration\Useful_EI\Small . 'Activity Level' = Interp(2014, 0.026242476354256233)
      [DRY] Demand\Residential\Projections\Refrigeration_\Large\High_eff . 'Capital Cost' = Interp(2014, 2008.2, 2015, 2008.2, 2016, 2008.2, 2017, 2008.2, 2018...
      [DRY] Demand\Residential\Projections\Refrigeration_\Large\Low_eff . 'Capital Cost' = Interp(2014, 1910.9, 2015, 1910.9, 2016, 1910.9, 2017, 1910.9, 2018...
      [DRY] Demand\Residential\Projections\Refrigeration_\Large\Mid_eff . 'Capital Cost' = Interp(2014, 1851.9, 2015, 1851.9, 2016, 1851.9, 2017, 1851.9, 2018...
      [DRY] Demand\Residential\Projections\Refrigeration_\Medium\High_eff . 'Capital Cost' = Interp(2014, 1397.7, 2015, 1397.7, 2016, 1397.7, 2017, 1397.7, 2018...
      [DRY] Demand\Residential\Projections\Refrigeration_\Medium\Low_eff . 'Capital Cost' = Interp(2014, 1309.6, 2015, 1309.6, 2016, 1309.6, 2017, 1309.6, 2018...
      [DRY] Demand\Residential\Projections\Refrigeration_\Medium\Mid_eff . 'Capital Cost' = Interp(2014, 1190.1, 2015, 1190.1, 2016, 1190.1, 2017, 1190.1, 2018...
      [DRY] Demand\Residential\Projections\Refrigeration_\Small\High_eff . 'Capital Cost' = Interp(2014, 667.2, 2015, 667.2, 2016, 667.2, 2017, 667.2, 2018, 66...
      [DRY] Demand\Residential\Projections\Refrigeration_\Small\Low_eff . 'Capital Cost' = Interp(2014, 397.2, 2015, 397.2, 2016, 397.2, 2017, 397.2, 2018, 39...
      [DRY] Demand\Residential\Projections\Refrigeration_\Small\Mid_eff . 'Capital Cost' = Interp(2014, 519.9, 2015, 519.9, 2016, 519.9, 2017, 519.9, 2018, 51...
      [DRY] Demand\Residential\Projections\Refrigeration_\Large\High_eff . 'Efficiency' = Interp(2014, 100.0)
      [DRY] Demand\Residential\Projections\Refrigeration_\Large\Low_eff . 'Efficiency' = Interp(2014, 65.60978818576503)
      [DRY] Demand\Residential\Projections\Refrigeration_\Large\Mid_eff . 'Efficiency' = Interp(2014, 82.4297520661157)
      [DRY] Demand\Residential\Projections\Refrigeration_\Medium\High_eff . 'Efficiency' = Interp(2014, 100.0)
      [DRY] Demand\Residential\Projections\Refrigeration_\Medium\Low_eff . 'Efficiency' = Interp(2014, 68.52967761373908)
      [DRY] Demand\Residential\Projections\Refrigeration_\Medium\Mid_eff . 'Efficiency' = Interp(2014, 90.72596729158356)
      [DRY] Demand\Residential\Projections\Refrigeration_\Small\High_eff . 'Efficiency' = Interp(2014, 100.0)
      [DRY] Demand\Residential\Projections\Refrigeration_\Small\Low_eff . 'Efficiency' = Interp(2014, 58.85075202468183)
      [DRY] Demand\Residential\Projections\Refrigeration_\Small\Mid_eff . 'Efficiency' = Interp(2014, 86.33663366336634)
      [DRY] Demand\Residential\Projections\Refrigeration_\Large\High_eff . 'Exogenous Devices' = Interp(2005, 3129.7, 2006, 3282, 2007, 3436.6, 2008, 3593.7, 2009, ...
      [DRY] Demand\Residential\Projections\Refrigeration_\Large\Low_eff . 'Exogenous Devices' = Interp(2005, 1997.8, 2006, 2095, 2007, 2193.7, 2008, 2293.9, 2009, ...
      [DRY] Demand\Residential\Projections\Refrigeration_\Large\Mid_eff . 'Exogenous Devices' = Interp(2005, 2500.4, 2006, 2622.1, 2007, 2745.6, 2008, 2871, 2009, ...
      [DRY] Demand\Residential\Projections\Refrigeration_\Medium\High_eff . 'Exogenous Devices' = Interp(2005, 0)
      [DRY] Demand\Residential\Projections\Refrigeration_\Medium\Low_eff . 'Exogenous Devices' = Interp(2005, 0)
      [DRY] Demand\Residential\Projections\Refrigeration_\Medium\Mid_eff . 'Exogenous Devices' = Interp(2005, 19593.5, 2006, 20546.9, 2007, 21514.8, 2008, 22497.9, ...
      [DRY] Demand\Residential\Projections\Refrigeration_\Small\High_eff . 'Exogenous Devices' = Interp(2005, 0)
      [DRY] Demand\Residential\Projections\Refrigeration_\Small\Low_eff . 'Exogenous Devices' = Interp(2005, 15015, 2006, 15745.7, 2007, 16487.4, 2008, 17240.8, 20...
      [DRY] Demand\Residential\Projections\Refrigeration_\Small\Mid_eff . 'Exogenous Devices' = Interp(2005, 0)
      [DRY] Demand\Residential\Projections\Refrigeration_\Large\High_eff . 'Fixed OM Cost' = 0
      [DRY] Demand\Residential\Projections\Refrigeration_\Large\Low_eff . 'Fixed OM Cost' = 0
      [DRY] Demand\Residential\Projections\Refrigeration_\Large\Mid_eff . 'Fixed OM Cost' = 0
      [DRY] Demand\Residential\Projections\Refrigeration_\Medium\High_eff . 'Fixed OM Cost' = 0
      [DRY] Demand\Residential\Projections\Refrigeration_\Medium\Low_eff . 'Fixed OM Cost' = 0
      [DRY] Demand\Residential\Projections\Refrigeration_\Medium\Mid_eff . 'Fixed OM Cost' = 0
      [DRY] Demand\Residential\Projections\Refrigeration_\Small\High_eff . 'Fixed OM Cost' = 0
      [DRY] Demand\Residential\Projections\Refrigeration_\Small\Low_eff . 'Fixed OM Cost' = 0
      [DRY] Demand\Residential\Projections\Refrigeration_\Small\Mid_eff . 'Fixed OM Cost' = 0
      [DRY] Demand\Residential\Projections\Refrigeration_\Large\High_eff . 'Lifetime' = 12
      [DRY] Demand\Residential\Projections\Refrigeration_\Large\Low_eff . 'Lifetime' = 12
      [DRY] Demand\Residential\Projections\Refrigeration_\Large\Mid_eff . 'Lifetime' = 12
      [DRY] Demand\Residential\Projections\Refrigeration_\Medium\High_eff . 'Lifetime' = 12
      [DRY] Demand\Residential\Projections\Refrigeration_\Medium\Low_eff . 'Lifetime' = 12
      [DRY] Demand\Residential\Projections\Refrigeration_\Medium\Mid_eff . 'Lifetime' = 12
      [DRY] Demand\Residential\Projections\Refrigeration_\Small\High_eff . 'Lifetime' = 12
      [DRY] Demand\Residential\Projections\Refrigeration_\Small\Low_eff . 'Lifetime' = 12
      [DRY] Demand\Residential\Projections\Refrigeration_\Small\Mid_eff . 'Lifetime' = 12
      [DRY] Demand\Residential\Projections\Refrigeration_\Large\High_eff . 'Unit Capacity' = Interp(2014, 0.05692922374429223)
      [DRY] Demand\Residential\Projections\Refrigeration_\Large\Low_eff . 'Unit Capacity' = Interp(2014, 0.05692922374429223)
      [DRY] Demand\Residential\Projections\Refrigeration_\Large\Mid_eff . 'Unit Capacity' = Interp(2014, 0.05692922374429223)
      [DRY] Demand\Residential\Projections\Refrigeration_\Medium\High_eff . 'Unit Capacity' = Interp(2014, 0.051929223744292236)
      [DRY] Demand\Residential\Projections\Refrigeration_\Medium\Low_eff . 'Unit Capacity' = Interp(2014, 0.051929223744292236)
      [DRY] Demand\Residential\Projections\Refrigeration_\Medium\Mid_eff . 'Unit Capacity' = Interp(2014, 0.051929223744292236)
      [DRY] Demand\Residential\Projections\Refrigeration_\Small\High_eff . 'Unit Capacity' = Interp(2014, 0.03484018264840182)
      [DRY] Demand\Residential\Projections\Refrigeration_\Small\Low_eff . 'Unit Capacity' = Interp(2014, 0.03484018264840182)
      [DRY] Demand\Residential\Projections\Refrigeration_\Small\Mid_eff . 'Unit Capacity' = Interp(2014, 0.03484018264840182)
      [DRY] Demand\Residential\Projections\Refrigeration_\Large\High_eff . 'Variable OM Cost' = Interp(2014, 3.5906399999999996)
      [DRY] Demand\Residential\Projections\Refrigeration_\Large\Low_eff . 'Variable OM Cost' = Interp(2014, 5.47272)
      [DRY] Demand\Residential\Projections\Refrigeration_\Large\Mid_eff . 'Variable OM Cost' = Interp(2014, 4.356)
      [DRY] Demand\Residential\Projections\Refrigeration_\Medium\High_eff . 'Variable OM Cost' = Interp(2014, 3.2752799999999995)
      [DRY] Demand\Residential\Projections\Refrigeration_\Medium\Low_eff . 'Variable OM Cost' = Interp(2014, 4.77936)
      [DRY] Demand\Residential\Projections\Refrigeration_\Medium\Mid_eff . 'Variable OM Cost' = Interp(2014, 3.61008)
      [DRY] Demand\Residential\Projections\Refrigeration_\Small\High_eff . 'Variable OM Cost' = Interp(2014, 2.19744)
      [DRY] Demand\Residential\Projections\Refrigeration_\Small\Low_eff . 'Variable OM Cost' = Interp(2014, 3.73392)
      [DRY] Demand\Residential\Projections\Refrigeration_\Small\Mid_eff . 'Variable OM Cost' = Interp(2014, 2.5452)
    --- region 'Cambodia' (79 rows) ---
      [DRY] Key\Residential\Refrigeration\Efficiency_Share\Large_High . 'Activity Level' = Interp(2014, 58.98989898989899, 2015, 58.98989898989899, 2016, 58.9...
      [DRY] Key\Residential\Refrigeration\Efficiency_Share\Large_Low . 'Activity Level' = Interp(2014, 8.080808080808083, 2015, 8.080808080808083, 2016, 8.08...
      [DRY] Key\Residential\Refrigeration\Efficiency_Share\Large_Mid . 'Activity Level' = Interp(2014, 32.92929292929293, 2015, 32.92929292929293, 2016, 32.9...
      [DRY] Key\Residential\Refrigeration\Efficiency_Share\Medium_High . 'Activity Level' = Interp(2014, 58.9825119236884, 2015, 58.9825119236884, 2016, 58.982...
      [DRY] Key\Residential\Refrigeration\Efficiency_Share\Medium_Low . 'Activity Level' = Interp(2014, 8.108108108108109, 2015, 8.108108108108109, 2016, 8.10...
      [DRY] Key\Residential\Refrigeration\Efficiency_Share\Medium_Mid . 'Activity Level' = Interp(2014, 32.909379968203496, 2015, 32.909379968203496, 2016, 32...
      [DRY] Key\Residential\Refrigeration\Efficiency_Share\Small_High . 'Activity Level' = Interp(2014, 47.5387972841901, 2015, 47.5387972841901, 2016, 47.538...
      [DRY] Key\Residential\Refrigeration\Efficiency_Share\Small_Low . 'Activity Level' = Interp(2014, 36.154219204655675, 2015, 36.154219204655675, 2016, 36...
      [DRY] Key\Residential\Refrigeration\Efficiency_Share\Small_Mid . 'Activity Level' = Interp(2014, 16.30698351115422, 2015, 16.30698351115422, 2016, 16.3...
      [DRY] Key\Residential\Refrigeration\Size_Share\Large . 'Activity Level' = Interp(2014, 4.949505049495049, 2015, 4.949505049495049, 2016, 4.94...
      [DRY] Key\Residential\Refrigeration\Size_Share\Medium . 'Activity Level' = Interp(2014, 12.57874212578742, 2015, 12.57874212578742, 2016, 12.5...
      [DRY] Key\Residential\Refrigeration\Size_Share\Small . 'Activity Level' = Interp(2014, 82.47175282471753, 2015, 82.47175282471753, 2016, 82.4...
      [DRY] Key\Residential\Refrigeration\Percent Ownership . 'Activity Level' = Interp(2014, 86.07, 2015, 86.2, 2016, 86.34, 2017, 86.48, 2018, 86....
      [DRY] Key\Residential\Refrigeration\Useful_EI\Large . 'Activity Level' = Interp(2014, 0.0428804815133276)
      [DRY] Key\Residential\Refrigeration\Useful_EI\Medium . 'Activity Level' = Interp(2014, 0.03911435941530524)
      [DRY] Key\Residential\Refrigeration\Useful_EI\Small . 'Activity Level' = Interp(2014, 0.026242476354256233)
      [DRY] Demand\Residential\Projections\Refrigeration_\Large\High_eff . 'Capital Cost' = Interp(2014, 2008.2, 2015, 2008.2, 2016, 2008.2, 2017, 2008.2, 2018...
      [DRY] Demand\Residential\Projections\Refrigeration_\Large\Low_eff . 'Capital Cost' = Interp(2014, 1910.9, 2015, 1910.9, 2016, 1910.9, 2017, 1910.9, 2018...
      [DRY] Demand\Residential\Projections\Refrigeration_\Large\Mid_eff . 'Capital Cost' = Interp(2014, 1851.9, 2015, 1851.9, 2016, 1851.9, 2017, 1851.9, 2018...
      [DRY] Demand\Residential\Projections\Refrigeration_\Medium\High_eff . 'Capital Cost' = Interp(2014, 1397.7, 2015, 1397.7, 2016, 1397.7, 2017, 1397.7, 2018...
      [DRY] Demand\Residential\Projections\Refrigeration_\Medium\Low_eff . 'Capital Cost' = Interp(2014, 1309.6, 2015, 1309.6, 2016, 1309.6, 2017, 1309.6, 2018...
      [DRY] Demand\Residential\Projections\Refrigeration_\Medium\Mid_eff . 'Capital Cost' = Interp(2014, 1190.1, 2015, 1190.1, 2016, 1190.1, 2017, 1190.1, 2018...
      [DRY] Demand\Residential\Projections\Refrigeration_\Small\High_eff . 'Capital Cost' = Interp(2014, 667.2, 2015, 667.2, 2016, 667.2, 2017, 667.2, 2018, 66...
      [DRY] Demand\Residential\Projections\Refrigeration_\Small\Low_eff . 'Capital Cost' = Interp(2014, 397.2, 2015, 397.2, 2016, 397.2, 2017, 397.2, 2018, 39...
      [DRY] Demand\Residential\Projections\Refrigeration_\Small\Mid_eff . 'Capital Cost' = Interp(2014, 519.9, 2015, 519.9, 2016, 519.9, 2017, 519.9, 2018, 51...
      [DRY] Demand\Residential\Projections\Refrigeration_\Large\High_eff . 'Efficiency' = Interp(2014, 100.0)
      [DRY] Demand\Residential\Projections\Refrigeration_\Large\Low_eff . 'Efficiency' = Interp(2014, 65.60978818576503)
      [DRY] Demand\Residential\Projections\Refrigeration_\Large\Mid_eff . 'Efficiency' = Interp(2014, 82.4297520661157)
      [DRY] Demand\Residential\Projections\Refrigeration_\Medium\High_eff . 'Efficiency' = Interp(2014, 100.0)
      [DRY] Demand\Residential\Projections\Refrigeration_\Medium\Low_eff . 'Efficiency' = Interp(2014, 68.52967761373908)
      [DRY] Demand\Residential\Projections\Refrigeration_\Medium\Mid_eff . 'Efficiency' = Interp(2014, 90.72596729158356)
      [DRY] Demand\Residential\Projections\Refrigeration_\Small\High_eff . 'Efficiency' = Interp(2014, 100.0)
      [DRY] Demand\Residential\Projections\Refrigeration_\Small\Low_eff . 'Efficiency' = Interp(2014, 58.85075202468183)
      [DRY] Demand\Residential\Projections\Refrigeration_\Small\Mid_eff . 'Efficiency' = Interp(2014, 86.33663366336634)
      [DRY] Demand\Residential\Projections\Refrigeration_\Large\High_eff . 'Exogenous Devices' = Interp(2005, 40536, 2006, 42527.4, 2007, 44590.4, 2008, 46680.2, 20...
      [DRY] Demand\Residential\Projections\Refrigeration_\Large\Low_eff . 'Exogenous Devices' = Interp(2005, 5637.5, 2006, 5914.4, 2007, 6201.3, 2008, 6492, 2009, ...
      [DRY] Demand\Residential\Projections\Refrigeration_\Large\Mid_eff . 'Exogenous Devices' = Interp(2005, 22684.1, 2006, 23798.5, 2007, 24952.9, 2008, 26122.4, ...
      [DRY] Demand\Residential\Projections\Refrigeration_\Medium\High_eff . 'Exogenous Devices' = Interp(2005, 168855.3, 2006, 177150.6, 2007, 185744, 2008, 194449.4...
      [DRY] Demand\Residential\Projections\Refrigeration_\Medium\Low_eff . 'Exogenous Devices' = Interp(2005, 0)
      [DRY] Demand\Residential\Projections\Refrigeration_\Medium\Mid_eff . 'Exogenous Devices' = Interp(2005, 0)
      [DRY] Demand\Residential\Projections\Refrigeration_\Small\High_eff . 'Exogenous Devices' = Interp(2005, 1104539.4, 2006, 1158801.7, 2007, 1215014.1, 2008, 127...
      [DRY] Demand\Residential\Projections\Refrigeration_\Small\Low_eff . 'Exogenous Devices' = Interp(2005, 0)
      [DRY] Demand\Residential\Projections\Refrigeration_\Small\Mid_eff . 'Exogenous Devices' = Interp(2005, 0)
      [DRY] Demand\Residential\Projections\Refrigeration_\Large\High_eff . 'Fixed OM Cost' = 0
      [DRY] Demand\Residential\Projections\Refrigeration_\Large\Low_eff . 'Fixed OM Cost' = 0
      [DRY] Demand\Residential\Projections\Refrigeration_\Large\Mid_eff . 'Fixed OM Cost' = 0
      [DRY] Demand\Residential\Projections\Refrigeration_\Medium\High_eff . 'Fixed OM Cost' = 0
      [DRY] Demand\Residential\Projections\Refrigeration_\Medium\Low_eff . 'Fixed OM Cost' = 0
      [DRY] Demand\Residential\Projections\Refrigeration_\Medium\Mid_eff . 'Fixed OM Cost' = 0
      [DRY] Demand\Residential\Projections\Refrigeration_\Small\High_eff . 'Fixed OM Cost' = 0
      [DRY] Demand\Residential\Projections\Refrigeration_\Small\Low_eff . 'Fixed OM Cost' = 0
      [DRY] Demand\Residential\Projections\Refrigeration_\Small\Mid_eff . 'Fixed OM Cost' = 0
      [DRY] Demand\Residential\Projections\Refrigeration_\Large\High_eff . 'Lifetime' = 12
      [DRY] Demand\Residential\Projections\Refrigeration_\Large\Low_eff . 'Lifetime' = 12
      [DRY] Demand\Residential\Projections\Refrigeration_\Large\Mid_eff . 'Lifetime' = 12
      [DRY] Demand\Residential\Projections\Refrigeration_\Medium\High_eff . 'Lifetime' = 12
      [DRY] Demand\Residential\Projections\Refrigeration_\Medium\Low_eff . 'Lifetime' = 12
      [DRY] Demand\Residential\Projections\Refrigeration_\Medium\Mid_eff . 'Lifetime' = 12
      [DRY] Demand\Residential\Projections\Refrigeration_\Small\High_eff . 'Lifetime' = 12
      [DRY] Demand\Residential\Projections\Refrigeration_\Small\Low_eff . 'Lifetime' = 12
      [DRY] Demand\Residential\Projections\Refrigeration_\Small\Mid_eff . 'Lifetime' = 12
      [DRY] Demand\Residential\Projections\Refrigeration_\Large\High_eff . 'Unit Capacity' = Interp(2014, 0.05692922374429223)
      [DRY] Demand\Residential\Projections\Refrigeration_\Large\Low_eff . 'Unit Capacity' = Interp(2014, 0.05692922374429223)
      [DRY] Demand\Residential\Projections\Refrigeration_\Large\Mid_eff . 'Unit Capacity' = Interp(2014, 0.05692922374429223)
      [DRY] Demand\Residential\Projections\Refrigeration_\Medium\High_eff . 'Unit Capacity' = Interp(2014, 0.051929223744292236)
      [DRY] Demand\Residential\Projections\Refrigeration_\Medium\Low_eff . 'Unit Capacity' = Interp(2014, 0.051929223744292236)
      [DRY] Demand\Residential\Projections\Refrigeration_\Medium\Mid_eff . 'Unit Capacity' = Interp(2014, 0.051929223744292236)
      [DRY] Demand\Residential\Projections\Refrigeration_\Small\High_eff . 'Unit Capacity' = Interp(2014, 0.03484018264840182)
      [DRY] Demand\Residential\Projections\Refrigeration_\Small\Low_eff . 'Unit Capacity' = Interp(2014, 0.03484018264840182)
      [DRY] Demand\Residential\Projections\Refrigeration_\Small\Mid_eff . 'Unit Capacity' = Interp(2014, 0.03484018264840182)
      [DRY] Demand\Residential\Projections\Refrigeration_\Large\High_eff . 'Variable OM Cost' = Interp(2014, 74.80499999999999)
      [DRY] Demand\Residential\Projections\Refrigeration_\Large\Low_eff . 'Variable OM Cost' = Interp(2014, 114.015)
      [DRY] Demand\Residential\Projections\Refrigeration_\Large\Mid_eff . 'Variable OM Cost' = Interp(2014, 90.75)
      [DRY] Demand\Residential\Projections\Refrigeration_\Medium\High_eff . 'Variable OM Cost' = Interp(2014, 68.235)
      [DRY] Demand\Residential\Projections\Refrigeration_\Medium\Low_eff . 'Variable OM Cost' = Interp(2014, 99.57)
      [DRY] Demand\Residential\Projections\Refrigeration_\Medium\Mid_eff . 'Variable OM Cost' = Interp(2014, 75.21)
      [DRY] Demand\Residential\Projections\Refrigeration_\Small\High_eff . 'Variable OM Cost' = Interp(2014, 45.779999999999994)
      [DRY] Demand\Residential\Projections\Refrigeration_\Small\Low_eff . 'Variable OM Cost' = Interp(2014, 77.79)
      [DRY] Demand\Residential\Projections\Refrigeration_\Small\Mid_eff . 'Variable OM Cost' = Interp(2014, 53.025)
    --- region 'Indonesia' (79 rows) ---
      [DRY] Key\Residential\Refrigeration\Efficiency_Share\Large_High . 'Activity Level' = Interp(2014, 50.0, 2015, 49.38053097345133, 2016, 49.49832775919731...
      [DRY] Key\Residential\Refrigeration\Efficiency_Share\Large_Low . 'Activity Level' = Interp(2014, 17.169811320754718, 2015, 18.053097345132745, 2016, 17...
      [DRY] Key\Residential\Refrigeration\Efficiency_Share\Large_Mid . 'Activity Level' = Interp(2014, 32.83018867924528, 2015, 32.56637168141593, 2016, 32.6...
      [DRY] Key\Residential\Refrigeration\Efficiency_Share\Medium_High . 'Activity Level' = Interp(2014, 50.0, 2015, 49.523809523809526, 2016, 49.6875, 2017, 5...
      [DRY] Key\Residential\Refrigeration\Efficiency_Share\Medium_Low . 'Activity Level' = Interp(2014, 17.419354838709676, 2015, 18.095238095238095, 2016, 17...
      [DRY] Key\Residential\Refrigeration\Efficiency_Share\Medium_Mid . 'Activity Level' = Interp(2014, 32.58064516129032, 2015, 32.38095238095238, 2016, 32.5...
      [DRY] Key\Residential\Refrigeration\Efficiency_Share\Small_High . 'Activity Level' = Interp(2014, 31.812227074235803, 2015, 31.707049665606846, 2016, 31...
      [DRY] Key\Residential\Refrigeration\Efficiency_Share\Small_Low . 'Activity Level' = Interp(2014, 56.59388646288209, 2015, 56.71527244819647, 2016, 56.5...
      [DRY] Key\Residential\Refrigeration\Efficiency_Share\Small_Mid . 'Activity Level' = Interp(2014, 11.593886462882095, 2015, 11.577677886196689, 2016, 11...
      [DRY] Key\Residential\Refrigeration\Size_Share\Large . 'Activity Level' = Interp(2014, 5.3, 2015, 5.649435056494351, 2016, 5.979402059794021,...
      [DRY] Key\Residential\Refrigeration\Size_Share\Medium . 'Activity Level' = Interp(2014, 3.1, 2015, 3.1496850314968503, 2016, 3.1996800319968, ...
      [DRY] Key\Residential\Refrigeration\Size_Share\Small . 'Activity Level' = Interp(2014, 91.60000000000001, 2015, 91.20087991200879, 2016, 90.8...
      [DRY] Key\Residential\Refrigeration\Percent Ownership . 'Activity Level' = Interp(2014, 97.39, 2015, 97.42, 2016, 97.44, 2017, 97.47, 2018, 97...
      [DRY] Key\Residential\Refrigeration\Useful_EI\Large . 'Activity Level' = Interp(2014, 0.0428804815133276)
      [DRY] Key\Residential\Refrigeration\Useful_EI\Medium . 'Activity Level' = Interp(2014, 0.03911435941530524)
      [DRY] Key\Residential\Refrigeration\Useful_EI\Small . 'Activity Level' = Interp(2014, 0.026242476354256233)
      [DRY] Demand\Residential\Projections\Refrigeration_\Large\High_eff . 'Capital Cost' = Interp(2014, 2008.2, 2015, 2008.2, 2016, 2008.2, 2017, 2008.2, 2018...
      [DRY] Demand\Residential\Projections\Refrigeration_\Large\Low_eff . 'Capital Cost' = Interp(2014, 1910.9, 2015, 1910.9, 2016, 1910.9, 2017, 1910.9, 2018...
      [DRY] Demand\Residential\Projections\Refrigeration_\Large\Mid_eff . 'Capital Cost' = Interp(2014, 1851.9, 2015, 1851.9, 2016, 1851.9, 2017, 1851.9, 2018...
      [DRY] Demand\Residential\Projections\Refrigeration_\Medium\High_eff . 'Capital Cost' = Interp(2014, 1397.7, 2015, 1397.7, 2016, 1397.7, 2017, 1397.7, 2018...
      [DRY] Demand\Residential\Projections\Refrigeration_\Medium\Low_eff . 'Capital Cost' = Interp(2014, 1309.6, 2015, 1309.6, 2016, 1309.6, 2017, 1309.6, 2018...
      [DRY] Demand\Residential\Projections\Refrigeration_\Medium\Mid_eff . 'Capital Cost' = Interp(2014, 1190.1, 2015, 1190.1, 2016, 1190.1, 2017, 1190.1, 2018...
      [DRY] Demand\Residential\Projections\Refrigeration_\Small\High_eff . 'Capital Cost' = Interp(2014, 667.2, 2015, 667.2, 2016, 667.2, 2017, 667.2, 2018, 66...
      [DRY] Demand\Residential\Projections\Refrigeration_\Small\Low_eff . 'Capital Cost' = Interp(2014, 397.2, 2015, 397.2, 2016, 397.2, 2017, 397.2, 2018, 39...
      [DRY] Demand\Residential\Projections\Refrigeration_\Small\Mid_eff . 'Capital Cost' = Interp(2014, 519.9, 2015, 519.9, 2016, 519.9, 2017, 519.9, 2018, 51...
      [DRY] Demand\Residential\Projections\Refrigeration_\Large\High_eff . 'Efficiency' = Interp(2014, 100.0)
      [DRY] Demand\Residential\Projections\Refrigeration_\Large\Low_eff . 'Efficiency' = Interp(2014, 65.60978818576503)
      [DRY] Demand\Residential\Projections\Refrigeration_\Large\Mid_eff . 'Efficiency' = Interp(2014, 82.4297520661157)
      [DRY] Demand\Residential\Projections\Refrigeration_\Medium\High_eff . 'Efficiency' = Interp(2014, 100.0)
      [DRY] Demand\Residential\Projections\Refrigeration_\Medium\Low_eff . 'Efficiency' = Interp(2014, 68.52967761373908)
      [DRY] Demand\Residential\Projections\Refrigeration_\Medium\Mid_eff . 'Efficiency' = Interp(2014, 90.72596729158356)
      [DRY] Demand\Residential\Projections\Refrigeration_\Small\High_eff . 'Efficiency' = Interp(2014, 100.0)
      [DRY] Demand\Residential\Projections\Refrigeration_\Small\Low_eff . 'Efficiency' = Interp(2014, 58.85075202468183)
      [DRY] Demand\Residential\Projections\Refrigeration_\Small\Mid_eff . 'Efficiency' = Interp(2014, 86.33663366336634)
      [DRY] Demand\Residential\Projections\Refrigeration_\Large\High_eff . 'Exogenous Devices' = Interp(2005, 1311640.2, 2006, 1370238.9, 2007, 1430217, 2008, 14912...
      [DRY] Demand\Residential\Projections\Refrigeration_\Large\Low_eff . 'Exogenous Devices' = Interp(2005, 433901.2, 2006, 453286.1, 2007, 473127.4, 2008, 493316...
      [DRY] Demand\Residential\Projections\Refrigeration_\Large\Mid_eff . 'Exogenous Devices' = Interp(2005, 861177.9, 2006, 899651.8, 2007, 939031.4, 2008, 979100...
      [DRY] Demand\Residential\Projections\Refrigeration_\Medium\High_eff . 'Exogenous Devices' = Interp(2005, 1487188, 2006, 1553629.5, 2007, 1621635, 2008, 1690831...
      [DRY] Demand\Residential\Projections\Refrigeration_\Medium\Low_eff . 'Exogenous Devices' = Interp(2005, 0)
      [DRY] Demand\Residential\Projections\Refrigeration_\Medium\Mid_eff . 'Exogenous Devices' = Interp(2005, 0)
      [DRY] Demand\Residential\Projections\Refrigeration_\Small\High_eff . 'Exogenous Devices' = Interp(2005, 29025008.3, 2006, 30321726.3, 2007, 31648969.1, 2008, ...
      [DRY] Demand\Residential\Projections\Refrigeration_\Small\Low_eff . 'Exogenous Devices' = Interp(2005, 0)
      [DRY] Demand\Residential\Projections\Refrigeration_\Small\Mid_eff . 'Exogenous Devices' = Interp(2005, 0)
      [DRY] Demand\Residential\Projections\Refrigeration_\Large\High_eff . 'Fixed OM Cost' = 0
      [DRY] Demand\Residential\Projections\Refrigeration_\Large\Low_eff . 'Fixed OM Cost' = 0
      [DRY] Demand\Residential\Projections\Refrigeration_\Large\Mid_eff . 'Fixed OM Cost' = 0
      [DRY] Demand\Residential\Projections\Refrigeration_\Medium\High_eff . 'Fixed OM Cost' = 0
      [DRY] Demand\Residential\Projections\Refrigeration_\Medium\Low_eff . 'Fixed OM Cost' = 0
      [DRY] Demand\Residential\Projections\Refrigeration_\Medium\Mid_eff . 'Fixed OM Cost' = 0
      [DRY] Demand\Residential\Projections\Refrigeration_\Small\High_eff . 'Fixed OM Cost' = 0
      [DRY] Demand\Residential\Projections\Refrigeration_\Small\Low_eff . 'Fixed OM Cost' = 0
      [DRY] Demand\Residential\Projections\Refrigeration_\Small\Mid_eff . 'Fixed OM Cost' = 0
      [DRY] Demand\Residential\Projections\Refrigeration_\Large\High_eff . 'Lifetime' = 12
      [DRY] Demand\Residential\Projections\Refrigeration_\Large\Low_eff . 'Lifetime' = 12
      [DRY] Demand\Residential\Projections\Refrigeration_\Large\Mid_eff . 'Lifetime' = 12
      [DRY] Demand\Residential\Projections\Refrigeration_\Medium\High_eff . 'Lifetime' = 12
      [DRY] Demand\Residential\Projections\Refrigeration_\Medium\Low_eff . 'Lifetime' = 12
      [DRY] Demand\Residential\Projections\Refrigeration_\Medium\Mid_eff . 'Lifetime' = 12
      [DRY] Demand\Residential\Projections\Refrigeration_\Small\High_eff . 'Lifetime' = 12
      [DRY] Demand\Residential\Projections\Refrigeration_\Small\Low_eff . 'Lifetime' = 12
      [DRY] Demand\Residential\Projections\Refrigeration_\Small\Mid_eff . 'Lifetime' = 12
      [DRY] Demand\Residential\Projections\Refrigeration_\Large\High_eff . 'Unit Capacity' = Interp(2014, 0.05692922374429223)
      [DRY] Demand\Residential\Projections\Refrigeration_\Large\Low_eff . 'Unit Capacity' = Interp(2014, 0.05692922374429223)
      [DRY] Demand\Residential\Projections\Refrigeration_\Large\Mid_eff . 'Unit Capacity' = Interp(2014, 0.05692922374429223)
      [DRY] Demand\Residential\Projections\Refrigeration_\Medium\High_eff . 'Unit Capacity' = Interp(2014, 0.051929223744292236)
      [DRY] Demand\Residential\Projections\Refrigeration_\Medium\Low_eff . 'Unit Capacity' = Interp(2014, 0.051929223744292236)
      [DRY] Demand\Residential\Projections\Refrigeration_\Medium\Mid_eff . 'Unit Capacity' = Interp(2014, 0.051929223744292236)
      [DRY] Demand\Residential\Projections\Refrigeration_\Small\High_eff . 'Unit Capacity' = Interp(2014, 0.03484018264840182)
      [DRY] Demand\Residential\Projections\Refrigeration_\Small\Low_eff . 'Unit Capacity' = Interp(2014, 0.03484018264840182)
      [DRY] Demand\Residential\Projections\Refrigeration_\Small\Mid_eff . 'Unit Capacity' = Interp(2014, 0.03484018264840182)
      [DRY] Demand\Residential\Projections\Refrigeration_\Large\High_eff . 'Variable OM Cost' = Interp(2014, 50.368700000000004)
      [DRY] Demand\Residential\Projections\Refrigeration_\Large\Low_eff . 'Variable OM Cost' = Interp(2014, 76.77010000000001)
      [DRY] Demand\Residential\Projections\Refrigeration_\Large\Mid_eff . 'Variable OM Cost' = Interp(2014, 61.105000000000004)
      [DRY] Demand\Residential\Projections\Refrigeration_\Medium\High_eff . 'Variable OM Cost' = Interp(2014, 45.944900000000004)
      [DRY] Demand\Residential\Projections\Refrigeration_\Medium\Low_eff . 'Variable OM Cost' = Interp(2014, 67.0438)
      [DRY] Demand\Residential\Projections\Refrigeration_\Medium\Mid_eff . 'Variable OM Cost' = Interp(2014, 50.641400000000004)
      [DRY] Demand\Residential\Projections\Refrigeration_\Small\High_eff . 'Variable OM Cost' = Interp(2014, 30.825200000000002)
      [DRY] Demand\Residential\Projections\Refrigeration_\Small\Low_eff . 'Variable OM Cost' = Interp(2014, 52.378600000000006)
      [DRY] Demand\Residential\Projections\Refrigeration_\Small\Mid_eff . 'Variable OM Cost' = Interp(2014, 35.703500000000005)
    --- region 'Laos' (79 rows) ---
      [DRY] Key\Residential\Refrigeration\Efficiency_Share\Large_High . 'Activity Level' = Interp(2014, 58.50785340314136, 2015, 58.50785340314136, 2016, 58.4...
      [DRY] Key\Residential\Refrigeration\Efficiency_Share\Large_Low . 'Activity Level' = Interp(2014, 8.24607329842932, 2015, 8.24607329842932, 2016, 8.2568...
      [DRY] Key\Residential\Refrigeration\Efficiency_Share\Large_Mid . 'Activity Level' = Interp(2014, 33.24607329842932, 2015, 33.24607329842932, 2016, 33.2...
      [DRY] Key\Residential\Refrigeration\Efficiency_Share\Medium_High . 'Activity Level' = Interp(2014, 58.484609313338595, 2015, 58.484609313338595, 2016, 58...
      [DRY] Key\Residential\Refrigeration\Efficiency_Share\Medium_Low . 'Activity Level' = Interp(2014, 8.287292817679559, 2015, 8.287292817679559, 2016, 8.28...
      [DRY] Key\Residential\Refrigeration\Efficiency_Share\Medium_Mid . 'Activity Level' = Interp(2014, 33.22809786898185, 2015, 33.22809786898185, 2016, 33.2...
      [DRY] Key\Residential\Refrigeration\Efficiency_Share\Small_High . 'Activity Level' = Interp(2014, 48.18672355377086, 2015, 48.18672355377086, 2016, 48.1...
      [DRY] Key\Residential\Refrigeration\Efficiency_Share\Small_Low . 'Activity Level' = Interp(2014, 35.46241686535325, 2015, 35.46241686535325, 2016, 35.4...
      [DRY] Key\Residential\Refrigeration\Efficiency_Share\Small_Mid . 'Activity Level' = Interp(2014, 16.35085958087589, 2015, 16.35085958087589, 2016, 16.3...
      [DRY] Key\Residential\Refrigeration\Size_Share\Large . 'Activity Level' = Interp(2014, 7.64, 2015, 7.64, 2016, 7.630763076307631, 2017, 7.630...
      [DRY] Key\Residential\Refrigeration\Size_Share\Medium . 'Activity Level' = Interp(2014, 12.67, 2015, 12.67, 2016, 12.67126712671267, 2017, 12....
      [DRY] Key\Residential\Refrigeration\Size_Share\Small . 'Activity Level' = Interp(2014, 79.69, 2015, 79.69, 2016, 79.69796979697969, 2017, 79....
      [DRY] Key\Residential\Refrigeration\Percent Ownership . 'Activity Level' = Interp(2014, 79.63, 2015, 79.83, 2016, 80.03, 2017, 80.23, 2018, 80...
      [DRY] Key\Residential\Refrigeration\Useful_EI\Large . 'Activity Level' = Interp(2014, 0.0428804815133276)
      [DRY] Key\Residential\Refrigeration\Useful_EI\Medium . 'Activity Level' = Interp(2014, 0.03911435941530524)
      [DRY] Key\Residential\Refrigeration\Useful_EI\Small . 'Activity Level' = Interp(2014, 0.026242476354256233)
      [DRY] Demand\Residential\Projections\Refrigeration_\Large\High_eff . 'Capital Cost' = Interp(2014, 2008.2, 2015, 2008.2, 2016, 2008.2, 2017, 2008.2, 2018...
      [DRY] Demand\Residential\Projections\Refrigeration_\Large\Low_eff . 'Capital Cost' = Interp(2014, 1910.9, 2015, 1910.9, 2016, 1910.9, 2017, 1910.9, 2018...
      [DRY] Demand\Residential\Projections\Refrigeration_\Large\Mid_eff . 'Capital Cost' = Interp(2014, 1851.9, 2015, 1851.9, 2016, 1851.9, 2017, 1851.9, 2018...
      [DRY] Demand\Residential\Projections\Refrigeration_\Medium\High_eff . 'Capital Cost' = Interp(2014, 1397.7, 2015, 1397.7, 2016, 1397.7, 2017, 1397.7, 2018...
      [DRY] Demand\Residential\Projections\Refrigeration_\Medium\Low_eff . 'Capital Cost' = Interp(2014, 1309.6, 2015, 1309.6, 2016, 1309.6, 2017, 1309.6, 2018...
      [DRY] Demand\Residential\Projections\Refrigeration_\Medium\Mid_eff . 'Capital Cost' = Interp(2014, 1190.1, 2015, 1190.1, 2016, 1190.1, 2017, 1190.1, 2018...
      [DRY] Demand\Residential\Projections\Refrigeration_\Small\High_eff . 'Capital Cost' = Interp(2014, 667.2, 2015, 667.2, 2016, 667.2, 2017, 667.2, 2018, 66...
      [DRY] Demand\Residential\Projections\Refrigeration_\Small\Low_eff . 'Capital Cost' = Interp(2014, 397.2, 2015, 397.2, 2016, 397.2, 2017, 397.2, 2018, 39...
      [DRY] Demand\Residential\Projections\Refrigeration_\Small\Mid_eff . 'Capital Cost' = Interp(2014, 519.9, 2015, 519.9, 2016, 519.9, 2017, 519.9, 2018, 51...
      [DRY] Demand\Residential\Projections\Refrigeration_\Large\High_eff . 'Efficiency' = Interp(2014, 100.0)
      [DRY] Demand\Residential\Projections\Refrigeration_\Large\Low_eff . 'Efficiency' = Interp(2014, 65.60978818576503)
      [DRY] Demand\Residential\Projections\Refrigeration_\Large\Mid_eff . 'Efficiency' = Interp(2014, 82.4297520661157)
      [DRY] Demand\Residential\Projections\Refrigeration_\Medium\High_eff . 'Efficiency' = Interp(2014, 100.0)
      [DRY] Demand\Residential\Projections\Refrigeration_\Medium\Low_eff . 'Efficiency' = Interp(2014, 68.52967761373908)
      [DRY] Demand\Residential\Projections\Refrigeration_\Medium\Mid_eff . 'Efficiency' = Interp(2014, 90.72596729158356)
      [DRY] Demand\Residential\Projections\Refrigeration_\Small\High_eff . 'Efficiency' = Interp(2014, 100.0)
      [DRY] Demand\Residential\Projections\Refrigeration_\Small\Low_eff . 'Efficiency' = Interp(2014, 58.85075202468183)
      [DRY] Demand\Residential\Projections\Refrigeration_\Small\Mid_eff . 'Efficiency' = Interp(2014, 86.33663366336634)
      [DRY] Demand\Residential\Projections\Refrigeration_\Large\High_eff . 'Exogenous Devices' = Interp(2005, 20147.4, 2006, 21063.7, 2007, 22009, 2008, 22978.5, 20...
      [DRY] Demand\Residential\Projections\Refrigeration_\Large\Low_eff . 'Exogenous Devices' = Interp(2005, 2826.9, 2006, 2955.5, 2007, 3088.1, 2008, 3224.2, 2009...
      [DRY] Demand\Residential\Projections\Refrigeration_\Large\Mid_eff . 'Exogenous Devices' = Interp(2005, 11442.3, 2006, 11962.7, 2007, 12499.5, 2008, 13050.1, ...
      [DRY] Demand\Residential\Projections\Refrigeration_\Medium\High_eff . 'Exogenous Devices' = Interp(2005, 56897.2, 2006, 59484.9, 2007, 62154.5, 2008, 64892.4, ...
      [DRY] Demand\Residential\Projections\Refrigeration_\Medium\Low_eff . 'Exogenous Devices' = Interp(2005, 0)
      [DRY] Demand\Residential\Projections\Refrigeration_\Medium\Mid_eff . 'Exogenous Devices' = Interp(2005, 0)
      [DRY] Demand\Residential\Projections\Refrigeration_\Small\High_eff . 'Exogenous Devices' = Interp(2005, 357402.5, 2006, 373657, 2007, 390426.3, 2008, 407624.8...
      [DRY] Demand\Residential\Projections\Refrigeration_\Small\Low_eff . 'Exogenous Devices' = Interp(2005, 0)
      [DRY] Demand\Residential\Projections\Refrigeration_\Small\Mid_eff . 'Exogenous Devices' = Interp(2005, 0)
      [DRY] Demand\Residential\Projections\Refrigeration_\Large\High_eff . 'Fixed OM Cost' = 0
      [DRY] Demand\Residential\Projections\Refrigeration_\Large\Low_eff . 'Fixed OM Cost' = 0
      [DRY] Demand\Residential\Projections\Refrigeration_\Large\Mid_eff . 'Fixed OM Cost' = 0
      [DRY] Demand\Residential\Projections\Refrigeration_\Medium\High_eff . 'Fixed OM Cost' = 0
      [DRY] Demand\Residential\Projections\Refrigeration_\Medium\Low_eff . 'Fixed OM Cost' = 0
      [DRY] Demand\Residential\Projections\Refrigeration_\Medium\Mid_eff . 'Fixed OM Cost' = 0
      [DRY] Demand\Residential\Projections\Refrigeration_\Small\High_eff . 'Fixed OM Cost' = 0
      [DRY] Demand\Residential\Projections\Refrigeration_\Small\Low_eff . 'Fixed OM Cost' = 0
      [DRY] Demand\Residential\Projections\Refrigeration_\Small\Mid_eff . 'Fixed OM Cost' = 0
      [DRY] Demand\Residential\Projections\Refrigeration_\Large\High_eff . 'Lifetime' = 12
      [DRY] Demand\Residential\Projections\Refrigeration_\Large\Low_eff . 'Lifetime' = 12
      [DRY] Demand\Residential\Projections\Refrigeration_\Large\Mid_eff . 'Lifetime' = 12
      [DRY] Demand\Residential\Projections\Refrigeration_\Medium\High_eff . 'Lifetime' = 12
      [DRY] Demand\Residential\Projections\Refrigeration_\Medium\Low_eff . 'Lifetime' = 12
      [DRY] Demand\Residential\Projections\Refrigeration_\Medium\Mid_eff . 'Lifetime' = 12
      [DRY] Demand\Residential\Projections\Refrigeration_\Small\High_eff . 'Lifetime' = 12
      [DRY] Demand\Residential\Projections\Refrigeration_\Small\Low_eff . 'Lifetime' = 12
      [DRY] Demand\Residential\Projections\Refrigeration_\Small\Mid_eff . 'Lifetime' = 12
      [DRY] Demand\Residential\Projections\Refrigeration_\Large\High_eff . 'Unit Capacity' = Interp(2014, 0.05692922374429223)
      [DRY] Demand\Residential\Projections\Refrigeration_\Large\Low_eff . 'Unit Capacity' = Interp(2014, 0.05692922374429223)
      [DRY] Demand\Residential\Projections\Refrigeration_\Large\Mid_eff . 'Unit Capacity' = Interp(2014, 0.05692922374429223)
      [DRY] Demand\Residential\Projections\Refrigeration_\Medium\High_eff . 'Unit Capacity' = Interp(2014, 0.051929223744292236)
      [DRY] Demand\Residential\Projections\Refrigeration_\Medium\Low_eff . 'Unit Capacity' = Interp(2014, 0.051929223744292236)
      [DRY] Demand\Residential\Projections\Refrigeration_\Medium\Mid_eff . 'Unit Capacity' = Interp(2014, 0.051929223744292236)
      [DRY] Demand\Residential\Projections\Refrigeration_\Small\High_eff . 'Unit Capacity' = Interp(2014, 0.03484018264840182)
      [DRY] Demand\Residential\Projections\Refrigeration_\Small\Low_eff . 'Unit Capacity' = Interp(2014, 0.03484018264840182)
      [DRY] Demand\Residential\Projections\Refrigeration_\Small\Mid_eff . 'Unit Capacity' = Interp(2014, 0.03484018264840182)
      [DRY] Demand\Residential\Projections\Refrigeration_\Large\High_eff . 'Variable OM Cost' = Interp(2014, 39.14795)
      [DRY] Demand\Residential\Projections\Refrigeration_\Large\Low_eff . 'Variable OM Cost' = Interp(2014, 59.66785)
      [DRY] Demand\Residential\Projections\Refrigeration_\Large\Mid_eff . 'Variable OM Cost' = Interp(2014, 47.4925)
      [DRY] Demand\Residential\Projections\Refrigeration_\Medium\High_eff . 'Variable OM Cost' = Interp(2014, 35.709649999999996)
      [DRY] Demand\Residential\Projections\Refrigeration_\Medium\Low_eff . 'Variable OM Cost' = Interp(2014, 52.1083)
      [DRY] Demand\Residential\Projections\Refrigeration_\Medium\Mid_eff . 'Variable OM Cost' = Interp(2014, 39.359899999999996)
      [DRY] Demand\Residential\Projections\Refrigeration_\Small\High_eff . 'Variable OM Cost' = Interp(2014, 23.958199999999998)
      [DRY] Demand\Residential\Projections\Refrigeration_\Small\Low_eff . 'Variable OM Cost' = Interp(2014, 40.710100000000004)
      [DRY] Demand\Residential\Projections\Refrigeration_\Small\Mid_eff . 'Variable OM Cost' = Interp(2014, 27.74975)
    --- region 'Malaysia' (79 rows) ---
      [DRY] Key\Residential\Refrigeration\Efficiency_Share\Large_High . 'Activity Level' = Interp(2014, 40.29739776951673, 2015, 40.25923016496465, 2016, 40.3...
      [DRY] Key\Residential\Refrigeration\Efficiency_Share\Large_Low . 'Activity Level' = Interp(2014, 27.026022304832715, 2015, 27.14061272584446, 2016, 27....
      [DRY] Key\Residential\Refrigeration\Efficiency_Share\Large_Mid . 'Activity Level' = Interp(2014, 32.67657992565056, 2015, 32.60015710919089, 2016, 32.6...
      [DRY] Key\Residential\Refrigeration\Efficiency_Share\Medium_High . 'Activity Level' = Interp(2014, 40.35952449985503, 2015, 40.30769230769231, 2016, 40.3...
      [DRY] Key\Residential\Refrigeration\Efficiency_Share\Medium_Low . 'Activity Level' = Interp(2014, 27.138300956799068, 2015, 27.27272727272727, 2016, 27....
      [DRY] Key\Residential\Refrigeration\Efficiency_Share\Medium_Mid . 'Activity Level' = Interp(2014, 32.502174543345895, 2015, 32.41958041958042, 2016, 32....
      [DRY] Key\Residential\Refrigeration\Efficiency_Share\Small_High . 'Activity Level' = Interp(2014, 39.04145077720207, 2015, 38.97911832946635, 2016, 39.2...
      [DRY] Key\Residential\Refrigeration\Efficiency_Share\Small_Low . 'Activity Level' = Interp(2014, 48.41968911917098, 2015, 48.569218870843, 2016, 48.330...
      [DRY] Key\Residential\Refrigeration\Efficiency_Share\Small_Mid . 'Activity Level' = Interp(2014, 12.538860103626941, 2015, 12.451662799690641, 2016, 12...
      [DRY] Key\Residential\Refrigeration\Size_Share\Large . 'Activity Level' = Interp(2014, 26.902690269026902, 2015, 25.46, 2016, 24.604920984196...
      [DRY] Key\Residential\Refrigeration\Size_Share\Medium . 'Activity Level' = Interp(2014, 34.4934493449345, 2015, 35.75, 2016, 37.04740948189637...
      [DRY] Key\Residential\Refrigeration\Size_Share\Small . 'Activity Level' = Interp(2014, 38.603860386038605, 2015, 38.79, 2016, 38.347669533906...
      [DRY] Key\Residential\Refrigeration\Percent Ownership . 'Activity Level' = Interp(2014, 94.96, 2015, 95.01, 2016, 95.06, 2017, 95.11, 2018, 95...
      [DRY] Key\Residential\Refrigeration\Useful_EI\Large . 'Activity Level' = Interp(2014, 0.0428804815133276)
      [DRY] Key\Residential\Refrigeration\Useful_EI\Medium . 'Activity Level' = Interp(2014, 0.03911435941530524)
      [DRY] Key\Residential\Refrigeration\Useful_EI\Small . 'Activity Level' = Interp(2014, 0.026242476354256233)
      [DRY] Demand\Residential\Projections\Refrigeration_\Large\High_eff . 'Capital Cost' = Interp(2014, 2008.2, 2015, 2008.2, 2016, 2008.2, 2017, 2008.2, 2018...
      [DRY] Demand\Residential\Projections\Refrigeration_\Large\Low_eff . 'Capital Cost' = Interp(2014, 1910.9, 2015, 1910.9, 2016, 1910.9, 2017, 1910.9, 2018...
      [DRY] Demand\Residential\Projections\Refrigeration_\Large\Mid_eff . 'Capital Cost' = Interp(2014, 1851.9, 2015, 1851.9, 2016, 1851.9, 2017, 1851.9, 2018...
      [DRY] Demand\Residential\Projections\Refrigeration_\Medium\High_eff . 'Capital Cost' = Interp(2014, 1397.7, 2015, 1397.7, 2016, 1397.7, 2017, 1397.7, 2018...
      [DRY] Demand\Residential\Projections\Refrigeration_\Medium\Low_eff . 'Capital Cost' = Interp(2014, 1309.6, 2015, 1309.6, 2016, 1309.6, 2017, 1309.6, 2018...
      [DRY] Demand\Residential\Projections\Refrigeration_\Medium\Mid_eff . 'Capital Cost' = Interp(2014, 1190.1, 2015, 1190.1, 2016, 1190.1, 2017, 1190.1, 2018...
      [DRY] Demand\Residential\Projections\Refrigeration_\Small\High_eff . 'Capital Cost' = Interp(2014, 667.2, 2015, 667.2, 2016, 667.2, 2017, 667.2, 2018, 66...
      [DRY] Demand\Residential\Projections\Refrigeration_\Small\Low_eff . 'Capital Cost' = Interp(2014, 397.2, 2015, 397.2, 2016, 397.2, 2017, 397.2, 2018, 39...
      [DRY] Demand\Residential\Projections\Refrigeration_\Small\Mid_eff . 'Capital Cost' = Interp(2014, 519.9, 2015, 519.9, 2016, 519.9, 2017, 519.9, 2018, 51...
      [DRY] Demand\Residential\Projections\Refrigeration_\Large\High_eff . 'Efficiency' = Interp(2014, 100.0)
      [DRY] Demand\Residential\Projections\Refrigeration_\Large\Low_eff . 'Efficiency' = Interp(2014, 65.60978818576503)
      [DRY] Demand\Residential\Projections\Refrigeration_\Large\Mid_eff . 'Efficiency' = Interp(2014, 82.4297520661157)
      [DRY] Demand\Residential\Projections\Refrigeration_\Medium\High_eff . 'Efficiency' = Interp(2014, 100.0)
      [DRY] Demand\Residential\Projections\Refrigeration_\Medium\Low_eff . 'Efficiency' = Interp(2014, 68.52967761373908)
      [DRY] Demand\Residential\Projections\Refrigeration_\Medium\Mid_eff . 'Efficiency' = Interp(2014, 90.72596729158356)
      [DRY] Demand\Residential\Projections\Refrigeration_\Small\High_eff . 'Efficiency' = Interp(2014, 100.0)
      [DRY] Demand\Residential\Projections\Refrigeration_\Small\Low_eff . 'Efficiency' = Interp(2014, 58.85075202468183)
      [DRY] Demand\Residential\Projections\Refrigeration_\Small\Mid_eff . 'Efficiency' = Interp(2014, 86.33663366336634)
      [DRY] Demand\Residential\Projections\Refrigeration_\Large\High_eff . 'Exogenous Devices' = Interp(2005, 277552.6, 2006, 292765.3, 2007, 308345.7, 2008, 324179...
      [DRY] Demand\Residential\Projections\Refrigeration_\Large\Low_eff . 'Exogenous Devices' = Interp(2005, 180700.1, 2006, 190604.3, 2007, 200747.9, 2008, 211056...
      [DRY] Demand\Residential\Projections\Refrigeration_\Large\Mid_eff . 'Exogenous Devices' = Interp(2005, 223137.2, 2006, 235367.4, 2007, 247893.2, 2008, 260623...
      [DRY] Demand\Residential\Projections\Refrigeration_\Medium\High_eff . 'Exogenous Devices' = Interp(2005, 1486513.1, 2006, 1567988.9, 2007, 1651434.7, 2008, 173...
      [DRY] Demand\Residential\Projections\Refrigeration_\Medium\Low_eff . 'Exogenous Devices' = Interp(2005, 0)
      [DRY] Demand\Residential\Projections\Refrigeration_\Medium\Mid_eff . 'Exogenous Devices' = Interp(2005, 0)
      [DRY] Demand\Residential\Projections\Refrigeration_\Small\High_eff . 'Exogenous Devices' = Interp(2005, 1259954.4, 2006, 1329012.5, 2007, 1399740.4, 2008, 147...
      [DRY] Demand\Residential\Projections\Refrigeration_\Small\Low_eff . 'Exogenous Devices' = Interp(2005, 0)
      [DRY] Demand\Residential\Projections\Refrigeration_\Small\Mid_eff . 'Exogenous Devices' = Interp(2005, 0)
      [DRY] Demand\Residential\Projections\Refrigeration_\Large\High_eff . 'Fixed OM Cost' = 0
      [DRY] Demand\Residential\Projections\Refrigeration_\Large\Low_eff . 'Fixed OM Cost' = 0
      [DRY] Demand\Residential\Projections\Refrigeration_\Large\Mid_eff . 'Fixed OM Cost' = 0
      [DRY] Demand\Residential\Projections\Refrigeration_\Medium\High_eff . 'Fixed OM Cost' = 0
      [DRY] Demand\Residential\Projections\Refrigeration_\Medium\Low_eff . 'Fixed OM Cost' = 0
      [DRY] Demand\Residential\Projections\Refrigeration_\Medium\Mid_eff . 'Fixed OM Cost' = 0
      [DRY] Demand\Residential\Projections\Refrigeration_\Small\High_eff . 'Fixed OM Cost' = 0
      [DRY] Demand\Residential\Projections\Refrigeration_\Small\Low_eff . 'Fixed OM Cost' = 0
      [DRY] Demand\Residential\Projections\Refrigeration_\Small\Mid_eff . 'Fixed OM Cost' = 0
      [DRY] Demand\Residential\Projections\Refrigeration_\Large\High_eff . 'Lifetime' = 12
      [DRY] Demand\Residential\Projections\Refrigeration_\Large\Low_eff . 'Lifetime' = 12
      [DRY] Demand\Residential\Projections\Refrigeration_\Large\Mid_eff . 'Lifetime' = 12
      [DRY] Demand\Residential\Projections\Refrigeration_\Medium\High_eff . 'Lifetime' = 12
      [DRY] Demand\Residential\Projections\Refrigeration_\Medium\Low_eff . 'Lifetime' = 12
      [DRY] Demand\Residential\Projections\Refrigeration_\Medium\Mid_eff . 'Lifetime' = 12
      [DRY] Demand\Residential\Projections\Refrigeration_\Small\High_eff . 'Lifetime' = 12
      [DRY] Demand\Residential\Projections\Refrigeration_\Small\Low_eff . 'Lifetime' = 12
      [DRY] Demand\Residential\Projections\Refrigeration_\Small\Mid_eff . 'Lifetime' = 12
      [DRY] Demand\Residential\Projections\Refrigeration_\Large\High_eff . 'Unit Capacity' = Interp(2014, 0.05692922374429223)
      [DRY] Demand\Residential\Projections\Refrigeration_\Large\Low_eff . 'Unit Capacity' = Interp(2014, 0.05692922374429223)
      [DRY] Demand\Residential\Projections\Refrigeration_\Large\Mid_eff . 'Unit Capacity' = Interp(2014, 0.05692922374429223)
      [DRY] Demand\Residential\Projections\Refrigeration_\Medium\High_eff . 'Unit Capacity' = Interp(2014, 0.051929223744292236)
      [DRY] Demand\Residential\Projections\Refrigeration_\Medium\Low_eff . 'Unit Capacity' = Interp(2014, 0.051929223744292236)
      [DRY] Demand\Residential\Projections\Refrigeration_\Medium\Mid_eff . 'Unit Capacity' = Interp(2014, 0.051929223744292236)
      [DRY] Demand\Residential\Projections\Refrigeration_\Small\High_eff . 'Unit Capacity' = Interp(2014, 0.03484018264840182)
      [DRY] Demand\Residential\Projections\Refrigeration_\Small\Low_eff . 'Unit Capacity' = Interp(2014, 0.03484018264840182)
      [DRY] Demand\Residential\Projections\Refrigeration_\Small\Mid_eff . 'Unit Capacity' = Interp(2014, 0.03484018264840182)
      [DRY] Demand\Residential\Projections\Refrigeration_\Large\High_eff . 'Variable OM Cost' = Interp(2014, 30.4207)
      [DRY] Demand\Residential\Projections\Refrigeration_\Large\Low_eff . 'Variable OM Cost' = Interp(2014, 46.3661)
      [DRY] Demand\Residential\Projections\Refrigeration_\Large\Mid_eff . 'Variable OM Cost' = Interp(2014, 36.905)
      [DRY] Demand\Residential\Projections\Refrigeration_\Medium\High_eff . 'Variable OM Cost' = Interp(2014, 27.7489)
      [DRY] Demand\Residential\Projections\Refrigeration_\Medium\Low_eff . 'Variable OM Cost' = Interp(2014, 40.4918)
      [DRY] Demand\Residential\Projections\Refrigeration_\Medium\Mid_eff . 'Variable OM Cost' = Interp(2014, 30.585399999999996)
      [DRY] Demand\Residential\Projections\Refrigeration_\Small\High_eff . 'Variable OM Cost' = Interp(2014, 18.6172)
      [DRY] Demand\Residential\Projections\Refrigeration_\Small\Low_eff . 'Variable OM Cost' = Interp(2014, 31.6346)
      [DRY] Demand\Residential\Projections\Refrigeration_\Small\Mid_eff . 'Variable OM Cost' = Interp(2014, 21.5635)
    --- region 'Myanmar' (79 rows) ---
      [DRY] Key\Residential\Refrigeration\Efficiency_Share\Large_High . 'Activity Level' = Interp(2014, 59.59183673469387, 2015, 59.59183673469387, 2016, 59.5...
      [DRY] Key\Residential\Refrigeration\Efficiency_Share\Large_Low . 'Activity Level' = Interp(2014, 7.755102040816326, 2015, 7.755102040816326, 2016, 7.75...
      [DRY] Key\Residential\Refrigeration\Efficiency_Share\Large_Mid . 'Activity Level' = Interp(2014, 32.6530612244898, 2015, 32.6530612244898, 2016, 32.653...
      [DRY] Key\Residential\Refrigeration\Efficiency_Share\Medium_High . 'Activity Level' = Interp(2014, 59.58631662688943, 2015, 59.58631662688943, 2016, 59.5...
      [DRY] Key\Residential\Refrigeration\Efficiency_Share\Medium_Low . 'Activity Level' = Interp(2014, 7.716785998408909, 2015, 7.716785998408909, 2016, 7.71...
      [DRY] Key\Residential\Refrigeration\Efficiency_Share\Medium_Mid . 'Activity Level' = Interp(2014, 32.69689737470167, 2015, 32.69689737470167, 2016, 32.6...
      [DRY] Key\Residential\Refrigeration\Efficiency_Share\Small_High . 'Activity Level' = Interp(2014, 44.85641584878227, 2015, 44.85641584878227, 2016, 44.8...
      [DRY] Key\Residential\Refrigeration\Efficiency_Share\Small_Low . 'Activity Level' = Interp(2014, 39.44020356234096, 2015, 39.44020356234096, 2016, 39.4...
      [DRY] Key\Residential\Refrigeration\Efficiency_Share\Small_Mid . 'Activity Level' = Interp(2014, 15.703380588876772, 2015, 15.703380588876772, 2016, 15...
      [DRY] Key\Residential\Refrigeration\Size_Share\Large . 'Activity Level' = Interp(2014, 4.9, 2015, 4.9, 2016, 4.9, 2017, 4.9, 2018, 4.9, 2019,...
      [DRY] Key\Residential\Refrigeration\Size_Share\Medium . 'Activity Level' = Interp(2014, 12.57, 2015, 12.57, 2016, 12.57, 2017, 12.57, 2018, 12...
      [DRY] Key\Residential\Refrigeration\Size_Share\Small . 'Activity Level' = Interp(2014, 82.53, 2015, 82.53, 2016, 82.53, 2017, 82.53, 2018, 82...
      [DRY] Key\Residential\Refrigeration\Percent Ownership . 'Activity Level' = Interp(2014, 38.88, 2015, 39.49, 2016, 40.09, 2017, 40.69, 2018, 41...
      [DRY] Key\Residential\Refrigeration\Useful_EI\Large . 'Activity Level' = Interp(2014, 0.0428804815133276)
      [DRY] Key\Residential\Refrigeration\Useful_EI\Medium . 'Activity Level' = Interp(2014, 0.03911435941530524)
      [DRY] Key\Residential\Refrigeration\Useful_EI\Small . 'Activity Level' = Interp(2014, 0.026242476354256233)
      [DRY] Demand\Residential\Projections\Refrigeration_\Large\High_eff . 'Capital Cost' = Interp(2014, 2008.2, 2015, 2008.2, 2016, 2008.2, 2017, 2008.2, 2018...
      [DRY] Demand\Residential\Projections\Refrigeration_\Large\Low_eff . 'Capital Cost' = Interp(2014, 1910.9, 2015, 1910.9, 2016, 1910.9, 2017, 1910.9, 2018...
      [DRY] Demand\Residential\Projections\Refrigeration_\Large\Mid_eff . 'Capital Cost' = Interp(2014, 1851.9, 2015, 1851.9, 2016, 1851.9, 2017, 1851.9, 2018...
      [DRY] Demand\Residential\Projections\Refrigeration_\Medium\High_eff . 'Capital Cost' = Interp(2014, 1397.7, 2015, 1397.7, 2016, 1397.7, 2017, 1397.7, 2018...
      [DRY] Demand\Residential\Projections\Refrigeration_\Medium\Low_eff . 'Capital Cost' = Interp(2014, 1309.6, 2015, 1309.6, 2016, 1309.6, 2017, 1309.6, 2018...
      [DRY] Demand\Residential\Projections\Refrigeration_\Medium\Mid_eff . 'Capital Cost' = Interp(2014, 1190.1, 2015, 1190.1, 2016, 1190.1, 2017, 1190.1, 2018...
      [DRY] Demand\Residential\Projections\Refrigeration_\Small\High_eff . 'Capital Cost' = Interp(2014, 667.2, 2015, 667.2, 2016, 667.2, 2017, 667.2, 2018, 66...
      [DRY] Demand\Residential\Projections\Refrigeration_\Small\Low_eff . 'Capital Cost' = Interp(2014, 397.2, 2015, 397.2, 2016, 397.2, 2017, 397.2, 2018, 39...
      [DRY] Demand\Residential\Projections\Refrigeration_\Small\Mid_eff . 'Capital Cost' = Interp(2014, 519.9, 2015, 519.9, 2016, 519.9, 2017, 519.9, 2018, 51...
      [DRY] Demand\Residential\Projections\Refrigeration_\Large\High_eff . 'Efficiency' = Interp(2014, 100.0)
      [DRY] Demand\Residential\Projections\Refrigeration_\Large\Low_eff . 'Efficiency' = Interp(2014, 65.60978818576503)
      [DRY] Demand\Residential\Projections\Refrigeration_\Large\Mid_eff . 'Efficiency' = Interp(2014, 82.4297520661157)
      [DRY] Demand\Residential\Projections\Refrigeration_\Medium\High_eff . 'Efficiency' = Interp(2014, 100.0)
      [DRY] Demand\Residential\Projections\Refrigeration_\Medium\Low_eff . 'Efficiency' = Interp(2014, 68.52967761373908)
      [DRY] Demand\Residential\Projections\Refrigeration_\Medium\Mid_eff . 'Efficiency' = Interp(2014, 90.72596729158356)
      [DRY] Demand\Residential\Projections\Refrigeration_\Small\High_eff . 'Efficiency' = Interp(2014, 100.0)
      [DRY] Demand\Residential\Projections\Refrigeration_\Small\Low_eff . 'Efficiency' = Interp(2014, 58.85075202468183)
      [DRY] Demand\Residential\Projections\Refrigeration_\Small\Mid_eff . 'Efficiency' = Interp(2014, 86.33663366336634)
      [DRY] Demand\Residential\Projections\Refrigeration_\Large\High_eff . 'Exogenous Devices' = Interp(2005, 70885, 2006, 73092.5, 2007, 75334.5, 2008, 77503.5, 20...
      [DRY] Demand\Residential\Projections\Refrigeration_\Large\Low_eff . 'Exogenous Devices' = Interp(2005, 9224.8, 2006, 9512, 2007, 9803.8, 2008, 10086.1, 2009,...
      [DRY] Demand\Residential\Projections\Refrigeration_\Large\Mid_eff . 'Exogenous Devices' = Interp(2005, 38841.1, 2006, 40050.7, 2007, 41279.2, 2008, 42467.7, ...
      [DRY] Demand\Residential\Projections\Refrigeration_\Medium\High_eff . 'Exogenous Devices' = Interp(2005, 305145.3, 2006, 314648.4, 2007, 324299.4, 2008, 333636...
      [DRY] Demand\Residential\Projections\Refrigeration_\Medium\Low_eff . 'Exogenous Devices' = Interp(2005, 0)
      [DRY] Demand\Residential\Projections\Refrigeration_\Medium\Mid_eff . 'Exogenous Devices' = Interp(2005, 0)
      [DRY] Demand\Residential\Projections\Refrigeration_\Small\High_eff . 'Exogenous Devices' = Interp(2005, 2003471.6, 2006, 2065865.5, 2007, 2129230.8, 2008, 219...
      [DRY] Demand\Residential\Projections\Refrigeration_\Small\Low_eff . 'Exogenous Devices' = Interp(2005, 0)
      [DRY] Demand\Residential\Projections\Refrigeration_\Small\Mid_eff . 'Exogenous Devices' = Interp(2005, 0)
      [DRY] Demand\Residential\Projections\Refrigeration_\Large\High_eff . 'Fixed OM Cost' = 0
      [DRY] Demand\Residential\Projections\Refrigeration_\Large\Low_eff . 'Fixed OM Cost' = 0
      [DRY] Demand\Residential\Projections\Refrigeration_\Large\Mid_eff . 'Fixed OM Cost' = 0
      [DRY] Demand\Residential\Projections\Refrigeration_\Medium\High_eff . 'Fixed OM Cost' = 0
      [DRY] Demand\Residential\Projections\Refrigeration_\Medium\Low_eff . 'Fixed OM Cost' = 0
      [DRY] Demand\Residential\Projections\Refrigeration_\Medium\Mid_eff . 'Fixed OM Cost' = 0
      [DRY] Demand\Residential\Projections\Refrigeration_\Small\High_eff . 'Fixed OM Cost' = 0
      [DRY] Demand\Residential\Projections\Refrigeration_\Small\Low_eff . 'Fixed OM Cost' = 0
      [DRY] Demand\Residential\Projections\Refrigeration_\Small\Mid_eff . 'Fixed OM Cost' = 0
      [DRY] Demand\Residential\Projections\Refrigeration_\Large\High_eff . 'Lifetime' = 12
      [DRY] Demand\Residential\Projections\Refrigeration_\Large\Low_eff . 'Lifetime' = 12
      [DRY] Demand\Residential\Projections\Refrigeration_\Large\Mid_eff . 'Lifetime' = 12
      [DRY] Demand\Residential\Projections\Refrigeration_\Medium\High_eff . 'Lifetime' = 12
      [DRY] Demand\Residential\Projections\Refrigeration_\Medium\Low_eff . 'Lifetime' = 12
      [DRY] Demand\Residential\Projections\Refrigeration_\Medium\Mid_eff . 'Lifetime' = 12
      [DRY] Demand\Residential\Projections\Refrigeration_\Small\High_eff . 'Lifetime' = 12
      [DRY] Demand\Residential\Projections\Refrigeration_\Small\Low_eff . 'Lifetime' = 12
      [DRY] Demand\Residential\Projections\Refrigeration_\Small\Mid_eff . 'Lifetime' = 12
      [DRY] Demand\Residential\Projections\Refrigeration_\Large\High_eff . 'Unit Capacity' = Interp(2014, 0.05692922374429223)
      [DRY] Demand\Residential\Projections\Refrigeration_\Large\Low_eff . 'Unit Capacity' = Interp(2014, 0.05692922374429223)
      [DRY] Demand\Residential\Projections\Refrigeration_\Large\Mid_eff . 'Unit Capacity' = Interp(2014, 0.05692922374429223)
      [DRY] Demand\Residential\Projections\Refrigeration_\Medium\High_eff . 'Unit Capacity' = Interp(2014, 0.051929223744292236)
      [DRY] Demand\Residential\Projections\Refrigeration_\Medium\Low_eff . 'Unit Capacity' = Interp(2014, 0.051929223744292236)
      [DRY] Demand\Residential\Projections\Refrigeration_\Medium\Mid_eff . 'Unit Capacity' = Interp(2014, 0.051929223744292236)
      [DRY] Demand\Residential\Projections\Refrigeration_\Small\High_eff . 'Unit Capacity' = Interp(2014, 0.03484018264840182)
      [DRY] Demand\Residential\Projections\Refrigeration_\Small\Low_eff . 'Unit Capacity' = Interp(2014, 0.03484018264840182)
      [DRY] Demand\Residential\Projections\Refrigeration_\Small\Mid_eff . 'Unit Capacity' = Interp(2014, 0.03484018264840182)
      [DRY] Demand\Residential\Projections\Refrigeration_\Large\High_eff . 'Variable OM Cost' = Interp(2014, 43.33703)
      [DRY] Demand\Residential\Projections\Refrigeration_\Large\Low_eff . 'Variable OM Cost' = Interp(2014, 66.05269000000001)
      [DRY] Demand\Residential\Projections\Refrigeration_\Large\Mid_eff . 'Variable OM Cost' = Interp(2014, 52.5745)
      [DRY] Demand\Residential\Projections\Refrigeration_\Medium\High_eff . 'Variable OM Cost' = Interp(2014, 39.53081)
      [DRY] Demand\Residential\Projections\Refrigeration_\Medium\Low_eff . 'Variable OM Cost' = Interp(2014, 57.684219999999996)
      [DRY] Demand\Residential\Projections\Refrigeration_\Medium\Mid_eff . 'Variable OM Cost' = Interp(2014, 43.57166)
      [DRY] Demand\Residential\Projections\Refrigeration_\Small\High_eff . 'Variable OM Cost' = Interp(2014, 26.52188)
      [DRY] Demand\Residential\Projections\Refrigeration_\Small\Low_eff . 'Variable OM Cost' = Interp(2014, 45.066340000000004)
      [DRY] Demand\Residential\Projections\Refrigeration_\Small\Mid_eff . 'Variable OM Cost' = Interp(2014, 30.719150000000003)
    --- region 'Philippines' (79 rows) ---
      [DRY] Key\Residential\Refrigeration\Efficiency_Share\Large_High . 'Activity Level' = Interp(2014, 60.0, 2015, 59.800664451827245, 2016, 59.8006644518272...
      [DRY] Key\Residential\Refrigeration\Efficiency_Share\Large_Low . 'Activity Level' = Interp(2014, 7.333333333333333, 2015, 7.641196013289038, 2016, 7.64...
      [DRY] Key\Residential\Refrigeration\Efficiency_Share\Large_Mid . 'Activity Level' = Interp(2014, 32.666666666666664, 2015, 32.55813953488372, 2016, 32....
      [DRY] Key\Residential\Refrigeration\Efficiency_Share\Medium_High . 'Activity Level' = Interp(2014, 60.0, 2015, 59.87361769352291, 2016, 59.76470588235294...
      [DRY] Key\Residential\Refrigeration\Efficiency_Share\Medium_Low . 'Activity Level' = Interp(2014, 7.44, 2015, 7.503949447077408, 2016, 7.607843137254902...
      [DRY] Key\Residential\Refrigeration\Efficiency_Share\Medium_Mid . 'Activity Level' = Interp(2014, 32.56, 2015, 32.62243285939968, 2016, 32.6274509803921...
      [DRY] Key\Residential\Refrigeration\Efficiency_Share\Small_High . 'Activity Level' = Interp(2014, 42.28402366863905, 2015, 42.31681290016599, 2016, 42.3...
      [DRY] Key\Residential\Refrigeration\Efficiency_Share\Small_Low . 'Activity Level' = Interp(2014, 42.55621301775148, 2015, 42.54209153426607, 2016, 42.5...
      [DRY] Key\Residential\Refrigeration\Efficiency_Share\Small_Mid . 'Activity Level' = Interp(2014, 15.159763313609467, 2015, 15.14109556556794, 2016, 15....
      [DRY] Key\Residential\Refrigeration\Size_Share\Large . 'Activity Level' = Interp(2014, 3.0, 2015, 3.0096990300969897, 2016, 3.009398120375924...
      [DRY] Key\Residential\Refrigeration\Size_Share\Medium . 'Activity Level' = Interp(2014, 12.5, 2015, 12.65873412658734, 2016, 12.74745050989802...
      [DRY] Key\Residential\Refrigeration\Size_Share\Small . 'Activity Level' = Interp(2014, 84.5, 2015, 84.33156684331567, 2016, 84.24315136972605...
      [DRY] Key\Residential\Refrigeration\Percent Ownership . 'Activity Level' = Interp(2014, 87.42, 2015, 87.54, 2016, 87.67, 2017, 87.79, 2018, 87...
      [DRY] Key\Residential\Refrigeration\Useful_EI\Large . 'Activity Level' = Interp(2014, 0.0428804815133276)
      [DRY] Key\Residential\Refrigeration\Useful_EI\Medium . 'Activity Level' = Interp(2014, 0.03911435941530524)
      [DRY] Key\Residential\Refrigeration\Useful_EI\Small . 'Activity Level' = Interp(2014, 0.026242476354256233)
      [DRY] Demand\Residential\Projections\Refrigeration_\Large\High_eff . 'Capital Cost' = Interp(2014, 2008.2, 2015, 2008.2, 2016, 2008.2, 2017, 2008.2, 2018...
      [DRY] Demand\Residential\Projections\Refrigeration_\Large\Low_eff . 'Capital Cost' = Interp(2014, 1910.9, 2015, 1910.9, 2016, 1910.9, 2017, 1910.9, 2018...
      [DRY] Demand\Residential\Projections\Refrigeration_\Large\Mid_eff . 'Capital Cost' = Interp(2014, 1851.9, 2015, 1851.9, 2016, 1851.9, 2017, 1851.9, 2018...
      [DRY] Demand\Residential\Projections\Refrigeration_\Medium\High_eff . 'Capital Cost' = Interp(2014, 1397.7, 2015, 1397.7, 2016, 1397.7, 2017, 1397.7, 2018...
      [DRY] Demand\Residential\Projections\Refrigeration_\Medium\Low_eff . 'Capital Cost' = Interp(2014, 1309.6, 2015, 1309.6, 2016, 1309.6, 2017, 1309.6, 2018...
      [DRY] Demand\Residential\Projections\Refrigeration_\Medium\Mid_eff . 'Capital Cost' = Interp(2014, 1190.1, 2015, 1190.1, 2016, 1190.1, 2017, 1190.1, 2018...
      [DRY] Demand\Residential\Projections\Refrigeration_\Small\High_eff . 'Capital Cost' = Interp(2014, 667.2, 2015, 667.2, 2016, 667.2, 2017, 667.2, 2018, 66...
      [DRY] Demand\Residential\Projections\Refrigeration_\Small\Low_eff . 'Capital Cost' = Interp(2014, 397.2, 2015, 397.2, 2016, 397.2, 2017, 397.2, 2018, 39...
      [DRY] Demand\Residential\Projections\Refrigeration_\Small\Mid_eff . 'Capital Cost' = Interp(2014, 519.9, 2015, 519.9, 2016, 519.9, 2017, 519.9, 2018, 51...
      [DRY] Demand\Residential\Projections\Refrigeration_\Large\High_eff . 'Efficiency' = Interp(2014, 100.0)
      [DRY] Demand\Residential\Projections\Refrigeration_\Large\Low_eff . 'Efficiency' = Interp(2014, 65.60978818576503)
      [DRY] Demand\Residential\Projections\Refrigeration_\Large\Mid_eff . 'Efficiency' = Interp(2014, 82.4297520661157)
      [DRY] Demand\Residential\Projections\Refrigeration_\Medium\High_eff . 'Efficiency' = Interp(2014, 100.0)
      [DRY] Demand\Residential\Projections\Refrigeration_\Medium\Low_eff . 'Efficiency' = Interp(2014, 68.52967761373908)
      [DRY] Demand\Residential\Projections\Refrigeration_\Medium\Mid_eff . 'Efficiency' = Interp(2014, 90.72596729158356)
      [DRY] Demand\Residential\Projections\Refrigeration_\Small\High_eff . 'Efficiency' = Interp(2014, 100.0)
      [DRY] Demand\Residential\Projections\Refrigeration_\Small\Low_eff . 'Efficiency' = Interp(2014, 58.85075202468183)
      [DRY] Demand\Residential\Projections\Refrigeration_\Small\Mid_eff . 'Efficiency' = Interp(2014, 86.33663366336634)
      [DRY] Demand\Residential\Projections\Refrigeration_\Large\High_eff . 'Exogenous Devices' = Interp(2005, 134572, 2006, 141201.7, 2007, 148054.3, 2008, 155153.9...
      [DRY] Demand\Residential\Projections\Refrigeration_\Large\Low_eff . 'Exogenous Devices' = Interp(2005, 18690.5, 2006, 19611.3, 2007, 20563.1, 2008, 21549.2, ...
      [DRY] Demand\Residential\Projections\Refrigeration_\Large\Mid_eff . 'Exogenous Devices' = Interp(2005, 74014.6, 2006, 77660.9, 2007, 81429.9, 2008, 85334.7, ...
      [DRY] Demand\Residential\Projections\Refrigeration_\Medium\High_eff . 'Exogenous Devices' = Interp(2005, 881495.2, 2006, 924922.2, 2007, 969809.6, 2008, 101631...
      [DRY] Demand\Residential\Projections\Refrigeration_\Medium\Low_eff . 'Exogenous Devices' = Interp(2005, 0)
      [DRY] Demand\Residential\Projections\Refrigeration_\Medium\Mid_eff . 'Exogenous Devices' = Interp(2005, 0)
      [DRY] Demand\Residential\Projections\Refrigeration_\Small\High_eff . 'Exogenous Devices' = Interp(2005, 5972218.7, 2006, 6266440.9, 2007, 6570557.2, 2008, 688...
      [DRY] Demand\Residential\Projections\Refrigeration_\Small\Low_eff . 'Exogenous Devices' = Interp(2005, 0)
      [DRY] Demand\Residential\Projections\Refrigeration_\Small\Mid_eff . 'Exogenous Devices' = Interp(2005, 0)
      [DRY] Demand\Residential\Projections\Refrigeration_\Large\High_eff . 'Fixed OM Cost' = 0
      [DRY] Demand\Residential\Projections\Refrigeration_\Large\Low_eff . 'Fixed OM Cost' = 0
      [DRY] Demand\Residential\Projections\Refrigeration_\Large\Mid_eff . 'Fixed OM Cost' = 0
      [DRY] Demand\Residential\Projections\Refrigeration_\Medium\High_eff . 'Fixed OM Cost' = 0
      [DRY] Demand\Residential\Projections\Refrigeration_\Medium\Low_eff . 'Fixed OM Cost' = 0
      [DRY] Demand\Residential\Projections\Refrigeration_\Medium\Mid_eff . 'Fixed OM Cost' = 0
      [DRY] Demand\Residential\Projections\Refrigeration_\Small\High_eff . 'Fixed OM Cost' = 0
      [DRY] Demand\Residential\Projections\Refrigeration_\Small\Low_eff . 'Fixed OM Cost' = 0
      [DRY] Demand\Residential\Projections\Refrigeration_\Small\Mid_eff . 'Fixed OM Cost' = 0
      [DRY] Demand\Residential\Projections\Refrigeration_\Large\High_eff . 'Lifetime' = 12
      [DRY] Demand\Residential\Projections\Refrigeration_\Large\Low_eff . 'Lifetime' = 12
      [DRY] Demand\Residential\Projections\Refrigeration_\Large\Mid_eff . 'Lifetime' = 12
      [DRY] Demand\Residential\Projections\Refrigeration_\Medium\High_eff . 'Lifetime' = 12
      [DRY] Demand\Residential\Projections\Refrigeration_\Medium\Low_eff . 'Lifetime' = 12
      [DRY] Demand\Residential\Projections\Refrigeration_\Medium\Mid_eff . 'Lifetime' = 12
      [DRY] Demand\Residential\Projections\Refrigeration_\Small\High_eff . 'Lifetime' = 12
      [DRY] Demand\Residential\Projections\Refrigeration_\Small\Low_eff . 'Lifetime' = 12
      [DRY] Demand\Residential\Projections\Refrigeration_\Small\Mid_eff . 'Lifetime' = 12
      [DRY] Demand\Residential\Projections\Refrigeration_\Large\High_eff . 'Unit Capacity' = Interp(2014, 0.05692922374429223)
      [DRY] Demand\Residential\Projections\Refrigeration_\Large\Low_eff . 'Unit Capacity' = Interp(2014, 0.05692922374429223)
      [DRY] Demand\Residential\Projections\Refrigeration_\Large\Mid_eff . 'Unit Capacity' = Interp(2014, 0.05692922374429223)
      [DRY] Demand\Residential\Projections\Refrigeration_\Medium\High_eff . 'Unit Capacity' = Interp(2014, 0.051929223744292236)
      [DRY] Demand\Residential\Projections\Refrigeration_\Medium\Low_eff . 'Unit Capacity' = Interp(2014, 0.051929223744292236)
      [DRY] Demand\Residential\Projections\Refrigeration_\Medium\Mid_eff . 'Unit Capacity' = Interp(2014, 0.051929223744292236)
      [DRY] Demand\Residential\Projections\Refrigeration_\Small\High_eff . 'Unit Capacity' = Interp(2014, 0.03484018264840182)
      [DRY] Demand\Residential\Projections\Refrigeration_\Small\Low_eff . 'Unit Capacity' = Interp(2014, 0.03484018264840182)
      [DRY] Demand\Residential\Projections\Refrigeration_\Small\Mid_eff . 'Unit Capacity' = Interp(2014, 0.03484018264840182)
      [DRY] Demand\Residential\Projections\Refrigeration_\Large\High_eff . 'Variable OM Cost' = Interp(2014, 85.7764)
      [DRY] Demand\Residential\Projections\Refrigeration_\Large\Low_eff . 'Variable OM Cost' = Interp(2014, 130.7372)
      [DRY] Demand\Residential\Projections\Refrigeration_\Large\Mid_eff . 'Variable OM Cost' = Interp(2014, 104.05999999999999)
      [DRY] Demand\Residential\Projections\Refrigeration_\Medium\High_eff . 'Variable OM Cost' = Interp(2014, 78.24279999999999)
      [DRY] Demand\Residential\Projections\Refrigeration_\Medium\Low_eff . 'Variable OM Cost' = Interp(2014, 114.17359999999998)
      [DRY] Demand\Residential\Projections\Refrigeration_\Medium\Mid_eff . 'Variable OM Cost' = Interp(2014, 86.2408)
      [DRY] Demand\Residential\Projections\Refrigeration_\Small\High_eff . 'Variable OM Cost' = Interp(2014, 52.49439999999999)
      [DRY] Demand\Residential\Projections\Refrigeration_\Small\Low_eff . 'Variable OM Cost' = Interp(2014, 89.19919999999999)
      [DRY] Demand\Residential\Projections\Refrigeration_\Small\Mid_eff . 'Variable OM Cost' = Interp(2014, 60.80199999999999)
    --- region 'Singapore' (79 rows) ---
      [DRY] Key\Residential\Refrigeration\Efficiency_Share\Large_High . 'Activity Level' = Interp(2014, 42.21879815100154, 2015, 42.21879815100154, 2016, 42.2...
      [DRY] Key\Residential\Refrigeration\Efficiency_Share\Large_Low . 'Activity Level' = Interp(2014, 20.184899845916796, 2015, 20.107858243451464, 2016, 20...
      [DRY] Key\Residential\Refrigeration\Efficiency_Share\Large_Mid . 'Activity Level' = Interp(2014, 37.59630200308166, 2015, 37.673343605547, 2016, 37.750...
      [DRY] Key\Residential\Refrigeration\Efficiency_Share\Medium_High . 'Activity Level' = Interp(2014, 42.47752247752248, 2015, 42.48775710088149, 2016, 42.4...
      [DRY] Key\Residential\Refrigeration\Efficiency_Share\Medium_Low . 'Activity Level' = Interp(2014, 20.63936063936064, 2015, 20.548481880509303, 2016, 20....
      [DRY] Key\Residential\Refrigeration\Efficiency_Share\Medium_Mid . 'Activity Level' = Interp(2014, 36.883116883116884, 2015, 36.963761018609205, 2016, 37...
      [DRY] Key\Residential\Refrigeration\Efficiency_Share\Small_High . 'Activity Level' = Interp(2014, 43.455922120064905, 2015, 43.512086690747424, 2016, 43...
      [DRY] Key\Residential\Refrigeration\Efficiency_Share\Small_Low . 'Activity Level' = Interp(2014, 38.39913466738778, 2015, 38.288413448180044, 2016, 38....
      [DRY] Key\Residential\Refrigeration\Efficiency_Share\Small_Mid . 'Activity Level' = Interp(2014, 18.144943212547325, 2015, 18.199499861072518, 2016, 18...
      [DRY] Key\Residential\Refrigeration\Size_Share\Large . 'Activity Level' = Interp(2014, 12.97870212978702, 2015, 12.977404519096181, 2016, 12....
      [DRY] Key\Residential\Refrigeration\Size_Share\Medium . 'Activity Level' = Interp(2014, 50.04499550044995, 2015, 51.03979204159169, 2016, 51.7...
      [DRY] Key\Residential\Refrigeration\Size_Share\Small . 'Activity Level' = Interp(2014, 36.97630236976302, 2015, 35.982803439312136, 2016, 35....
      [DRY] Key\Residential\Refrigeration\Percent Ownership . 'Activity Level' = Interp(2014, 100.0, 2015, 100.0, 2016, 100.0, 2017, 100.0, 2018, 10...
      [DRY] Key\Residential\Refrigeration\Useful_EI\Large . 'Activity Level' = Interp(2014, 0.0428804815133276)
      [DRY] Key\Residential\Refrigeration\Useful_EI\Medium . 'Activity Level' = Interp(2014, 0.03911435941530524)
      [DRY] Key\Residential\Refrigeration\Useful_EI\Small . 'Activity Level' = Interp(2014, 0.026242476354256233)
      [DRY] Demand\Residential\Projections\Refrigeration_\Large\High_eff . 'Capital Cost' = Interp(2014, 2008.2, 2015, 2008.2, 2016, 2008.2, 2017, 2008.2, 2018...
      [DRY] Demand\Residential\Projections\Refrigeration_\Large\Low_eff . 'Capital Cost' = Interp(2014, 1910.9, 2015, 1910.9, 2016, 1910.9, 2017, 1910.9, 2018...
      [DRY] Demand\Residential\Projections\Refrigeration_\Large\Mid_eff . 'Capital Cost' = Interp(2014, 1851.9, 2015, 1851.9, 2016, 1851.9, 2017, 1851.9, 2018...
      [DRY] Demand\Residential\Projections\Refrigeration_\Medium\High_eff . 'Capital Cost' = Interp(2014, 1397.7, 2015, 1397.7, 2016, 1397.7, 2017, 1397.7, 2018...
      [DRY] Demand\Residential\Projections\Refrigeration_\Medium\Low_eff . 'Capital Cost' = Interp(2014, 1309.6, 2015, 1309.6, 2016, 1309.6, 2017, 1309.6, 2018...
      [DRY] Demand\Residential\Projections\Refrigeration_\Medium\Mid_eff . 'Capital Cost' = Interp(2014, 1190.1, 2015, 1190.1, 2016, 1190.1, 2017, 1190.1, 2018...
      [DRY] Demand\Residential\Projections\Refrigeration_\Small\High_eff . 'Capital Cost' = Interp(2014, 667.2, 2015, 667.2, 2016, 667.2, 2017, 667.2, 2018, 66...
      [DRY] Demand\Residential\Projections\Refrigeration_\Small\Low_eff . 'Capital Cost' = Interp(2014, 397.2, 2015, 397.2, 2016, 397.2, 2017, 397.2, 2018, 39...
      [DRY] Demand\Residential\Projections\Refrigeration_\Small\Mid_eff . 'Capital Cost' = Interp(2014, 519.9, 2015, 519.9, 2016, 519.9, 2017, 519.9, 2018, 51...
      [DRY] Demand\Residential\Projections\Refrigeration_\Large\High_eff . 'Efficiency' = Interp(2014, 100.0)
      [DRY] Demand\Residential\Projections\Refrigeration_\Large\Low_eff . 'Efficiency' = Interp(2014, 65.60978818576503)
      [DRY] Demand\Residential\Projections\Refrigeration_\Large\Mid_eff . 'Efficiency' = Interp(2014, 82.4297520661157)
      [DRY] Demand\Residential\Projections\Refrigeration_\Medium\High_eff . 'Efficiency' = Interp(2014, 100.0)
      [DRY] Demand\Residential\Projections\Refrigeration_\Medium\Low_eff . 'Efficiency' = Interp(2014, 68.52967761373908)
      [DRY] Demand\Residential\Projections\Refrigeration_\Medium\Mid_eff . 'Efficiency' = Interp(2014, 90.72596729158356)
      [DRY] Demand\Residential\Projections\Refrigeration_\Small\High_eff . 'Efficiency' = Interp(2014, 100.0)
      [DRY] Demand\Residential\Projections\Refrigeration_\Small\Low_eff . 'Efficiency' = Interp(2014, 58.85075202468183)
      [DRY] Demand\Residential\Projections\Refrigeration_\Small\Mid_eff . 'Efficiency' = Interp(2014, 86.33663366336634)
      [DRY] Demand\Residential\Projections\Refrigeration_\Large\High_eff . 'Exogenous Devices' = Interp(2005, 30073.2, 2006, 32000.6, 2007, 34372.9, 2008, 37315.1, ...
      [DRY] Demand\Residential\Projections\Refrigeration_\Large\Low_eff . 'Exogenous Devices' = Interp(2005, 14495.3, 2006, 15424.3, 2007, 16567.7, 2008, 17985.9, ...
      [DRY] Demand\Residential\Projections\Refrigeration_\Large\Mid_eff . 'Exogenous Devices' = Interp(2005, 27486.9, 2006, 29248.6, 2007, 31416.8, 2008, 34106, 20...
      [DRY] Demand\Residential\Projections\Refrigeration_\Medium\High_eff . 'Exogenous Devices' = Interp(2005, 337181, 2006, 358791.1, 2007, 385388.9, 2008, 418376.4...
      [DRY] Demand\Residential\Projections\Refrigeration_\Medium\Low_eff . 'Exogenous Devices' = Interp(2005, 0)
      [DRY] Demand\Residential\Projections\Refrigeration_\Medium\Mid_eff . 'Exogenous Devices' = Interp(2005, 0)
      [DRY] Demand\Residential\Projections\Refrigeration_\Small\High_eff . 'Exogenous Devices' = Interp(2005, 192167.9, 2006, 204484, 2007, 219642.8, 2008, 238443.2...
      [DRY] Demand\Residential\Projections\Refrigeration_\Small\Low_eff . 'Exogenous Devices' = Interp(2005, 0)
      [DRY] Demand\Residential\Projections\Refrigeration_\Small\Mid_eff . 'Exogenous Devices' = Interp(2005, 0)
      [DRY] Demand\Residential\Projections\Refrigeration_\Large\High_eff . 'Fixed OM Cost' = 0
      [DRY] Demand\Residential\Projections\Refrigeration_\Large\Low_eff . 'Fixed OM Cost' = 0
      [DRY] Demand\Residential\Projections\Refrigeration_\Large\Mid_eff . 'Fixed OM Cost' = 0
      [DRY] Demand\Residential\Projections\Refrigeration_\Medium\High_eff . 'Fixed OM Cost' = 0
      [DRY] Demand\Residential\Projections\Refrigeration_\Medium\Low_eff . 'Fixed OM Cost' = 0
      [DRY] Demand\Residential\Projections\Refrigeration_\Medium\Mid_eff . 'Fixed OM Cost' = 0
      [DRY] Demand\Residential\Projections\Refrigeration_\Small\High_eff . 'Fixed OM Cost' = 0
      [DRY] Demand\Residential\Projections\Refrigeration_\Small\Low_eff . 'Fixed OM Cost' = 0
      [DRY] Demand\Residential\Projections\Refrigeration_\Small\Mid_eff . 'Fixed OM Cost' = 0
      [DRY] Demand\Residential\Projections\Refrigeration_\Large\High_eff . 'Lifetime' = 12
      [DRY] Demand\Residential\Projections\Refrigeration_\Large\Low_eff . 'Lifetime' = 12
      [DRY] Demand\Residential\Projections\Refrigeration_\Large\Mid_eff . 'Lifetime' = 12
      [DRY] Demand\Residential\Projections\Refrigeration_\Medium\High_eff . 'Lifetime' = 12
      [DRY] Demand\Residential\Projections\Refrigeration_\Medium\Low_eff . 'Lifetime' = 12
      [DRY] Demand\Residential\Projections\Refrigeration_\Medium\Mid_eff . 'Lifetime' = 12
      [DRY] Demand\Residential\Projections\Refrigeration_\Small\High_eff . 'Lifetime' = 12
      [DRY] Demand\Residential\Projections\Refrigeration_\Small\Low_eff . 'Lifetime' = 12
      [DRY] Demand\Residential\Projections\Refrigeration_\Small\Mid_eff . 'Lifetime' = 12
      [DRY] Demand\Residential\Projections\Refrigeration_\Large\High_eff . 'Unit Capacity' = Interp(2014, 0.05692922374429223)
      [DRY] Demand\Residential\Projections\Refrigeration_\Large\Low_eff . 'Unit Capacity' = Interp(2014, 0.05692922374429223)
      [DRY] Demand\Residential\Projections\Refrigeration_\Large\Mid_eff . 'Unit Capacity' = Interp(2014, 0.05692922374429223)
      [DRY] Demand\Residential\Projections\Refrigeration_\Medium\High_eff . 'Unit Capacity' = Interp(2014, 0.051929223744292236)
      [DRY] Demand\Residential\Projections\Refrigeration_\Medium\Low_eff . 'Unit Capacity' = Interp(2014, 0.051929223744292236)
      [DRY] Demand\Residential\Projections\Refrigeration_\Medium\Mid_eff . 'Unit Capacity' = Interp(2014, 0.051929223744292236)
      [DRY] Demand\Residential\Projections\Refrigeration_\Small\High_eff . 'Unit Capacity' = Interp(2014, 0.03484018264840182)
      [DRY] Demand\Residential\Projections\Refrigeration_\Small\Low_eff . 'Unit Capacity' = Interp(2014, 0.03484018264840182)
      [DRY] Demand\Residential\Projections\Refrigeration_\Small\Mid_eff . 'Unit Capacity' = Interp(2014, 0.03484018264840182)
      [DRY] Demand\Residential\Projections\Refrigeration_\Large\High_eff . 'Variable OM Cost' = Interp(2014, 85.27770000000001)
      [DRY] Demand\Residential\Projections\Refrigeration_\Large\Low_eff . 'Variable OM Cost' = Interp(2014, 129.9771)
      [DRY] Demand\Residential\Projections\Refrigeration_\Large\Mid_eff . 'Variable OM Cost' = Interp(2014, 103.45500000000001)
      [DRY] Demand\Residential\Projections\Refrigeration_\Medium\High_eff . 'Variable OM Cost' = Interp(2014, 77.78790000000001)
      [DRY] Demand\Residential\Projections\Refrigeration_\Medium\Low_eff . 'Variable OM Cost' = Interp(2014, 113.5098)
      [DRY] Demand\Residential\Projections\Refrigeration_\Medium\Mid_eff . 'Variable OM Cost' = Interp(2014, 85.7394)
      [DRY] Demand\Residential\Projections\Refrigeration_\Small\High_eff . 'Variable OM Cost' = Interp(2014, 52.1892)
      [DRY] Demand\Residential\Projections\Refrigeration_\Small\Low_eff . 'Variable OM Cost' = Interp(2014, 88.68060000000001)
      [DRY] Demand\Residential\Projections\Refrigeration_\Small\Mid_eff . 'Variable OM Cost' = Interp(2014, 60.4485)
    --- region 'Thailand' (79 rows) ---
      [DRY] Key\Residential\Refrigeration\Efficiency_Share\Large_High . 'Activity Level' = Interp(2014, 39.89795918367347, 2015, 39.69387755102041, 2016, 39.6...
      [DRY] Key\Residential\Refrigeration\Efficiency_Share\Large_Low . 'Activity Level' = Interp(2014, 18.6734693877551, 2015, 18.877551020408163, 2016, 18.8...
      [DRY] Key\Residential\Refrigeration\Efficiency_Share\Large_Mid . 'Activity Level' = Interp(2014, 41.42857142857142, 2015, 41.42857142857142, 2016, 41.4...
      [DRY] Key\Residential\Refrigeration\Efficiency_Share\Medium_High . 'Activity Level' = Interp(2014, 40.20559680182753, 2015, 40.090857467348094, 2016, 40....
      [DRY] Key\Residential\Refrigeration\Efficiency_Share\Medium_Low . 'Activity Level' = Interp(2014, 19.360365505425474, 2015, 19.47756956274844, 2016, 19....
      [DRY] Key\Residential\Refrigeration\Efficiency_Share\Medium_Mid . 'Activity Level' = Interp(2014, 40.434037692747005, 2015, 40.43157296990347, 2016, 40....
      [DRY] Key\Residential\Refrigeration\Efficiency_Share\Small_High . 'Activity Level' = Interp(2014, 31.82005777961205, 2015, 31.735537190082646, 2016, 31....
      [DRY] Key\Residential\Refrigeration\Efficiency_Share\Small_Low . 'Activity Level' = Interp(2014, 55.16577245838492, 2015, 55.20661157024793, 2016, 55.2...
      [DRY] Key\Residential\Refrigeration\Efficiency_Share\Small_Mid . 'Activity Level' = Interp(2014, 13.014169762003029, 2015, 13.057851239669423, 2016, 13...
      [DRY] Key\Residential\Refrigeration\Size_Share\Large . 'Activity Level' = Interp(2014, 9.8, 2015, 9.799020097990201, 2016, 9.8009800980098, 2...
      [DRY] Key\Residential\Refrigeration\Size_Share\Medium . 'Activity Level' = Interp(2014, 17.509999999999998, 2015, 17.608239176082392, 2016, 17...
      [DRY] Key\Residential\Refrigeration\Size_Share\Small . 'Activity Level' = Interp(2014, 72.69, 2015, 72.5927407259274, 2016, 72.53725372537254...
      [DRY] Key\Residential\Refrigeration\Percent Ownership . 'Activity Level' = Interp(2014, 100.0, 2015, 100.0, 2016, 100.0, 2017, 100.0, 2018, 10...
      [DRY] Key\Residential\Refrigeration\Useful_EI\Large . 'Activity Level' = Interp(2014, 0.0428804815133276)
      [DRY] Key\Residential\Refrigeration\Useful_EI\Medium . 'Activity Level' = Interp(2014, 0.03911435941530524)
      [DRY] Key\Residential\Refrigeration\Useful_EI\Small . 'Activity Level' = Interp(2014, 0.026242476354256233)
      [DRY] Demand\Residential\Projections\Refrigeration_\Large\High_eff . 'Capital Cost' = Interp(2014, 2008.2, 2015, 2008.2, 2016, 2008.2, 2017, 2008.2, 2018...
      [DRY] Demand\Residential\Projections\Refrigeration_\Large\Low_eff . 'Capital Cost' = Interp(2014, 1910.9, 2015, 1910.9, 2016, 1910.9, 2017, 1910.9, 2018...
      [DRY] Demand\Residential\Projections\Refrigeration_\Large\Mid_eff . 'Capital Cost' = Interp(2014, 1851.9, 2015, 1851.9, 2016, 1851.9, 2017, 1851.9, 2018...
      [DRY] Demand\Residential\Projections\Refrigeration_\Medium\High_eff . 'Capital Cost' = Interp(2014, 1397.7, 2015, 1397.7, 2016, 1397.7, 2017, 1397.7, 2018...
      [DRY] Demand\Residential\Projections\Refrigeration_\Medium\Low_eff . 'Capital Cost' = Interp(2014, 1309.6, 2015, 1309.6, 2016, 1309.6, 2017, 1309.6, 2018...
      [DRY] Demand\Residential\Projections\Refrigeration_\Medium\Mid_eff . 'Capital Cost' = Interp(2014, 1190.1, 2015, 1190.1, 2016, 1190.1, 2017, 1190.1, 2018...
      [DRY] Demand\Residential\Projections\Refrigeration_\Small\High_eff . 'Capital Cost' = Interp(2014, 667.2, 2015, 667.2, 2016, 667.2, 2017, 667.2, 2018, 66...
      [DRY] Demand\Residential\Projections\Refrigeration_\Small\Low_eff . 'Capital Cost' = Interp(2014, 397.2, 2015, 397.2, 2016, 397.2, 2017, 397.2, 2018, 39...
      [DRY] Demand\Residential\Projections\Refrigeration_\Small\Mid_eff . 'Capital Cost' = Interp(2014, 519.9, 2015, 519.9, 2016, 519.9, 2017, 519.9, 2018, 51...
      [DRY] Demand\Residential\Projections\Refrigeration_\Large\High_eff . 'Efficiency' = Interp(2014, 100.0)
      [DRY] Demand\Residential\Projections\Refrigeration_\Large\Low_eff . 'Efficiency' = Interp(2014, 65.60978818576503)
      [DRY] Demand\Residential\Projections\Refrigeration_\Large\Mid_eff . 'Efficiency' = Interp(2014, 82.4297520661157)
      [DRY] Demand\Residential\Projections\Refrigeration_\Medium\High_eff . 'Efficiency' = Interp(2014, 100.0)
      [DRY] Demand\Residential\Projections\Refrigeration_\Medium\Low_eff . 'Efficiency' = Interp(2014, 68.52967761373908)
      [DRY] Demand\Residential\Projections\Refrigeration_\Medium\Mid_eff . 'Efficiency' = Interp(2014, 90.72596729158356)
      [DRY] Demand\Residential\Projections\Refrigeration_\Small\High_eff . 'Efficiency' = Interp(2014, 100.0)
      [DRY] Demand\Residential\Projections\Refrigeration_\Small\Low_eff . 'Efficiency' = Interp(2014, 58.85075202468183)
      [DRY] Demand\Residential\Projections\Refrigeration_\Small\Mid_eff . 'Efficiency' = Interp(2014, 86.33663366336634)
      [DRY] Demand\Residential\Projections\Refrigeration_\Large\High_eff . 'Exogenous Devices' = Interp(2005, 637033.9, 2006, 655180.6, 2007, 673064.1, 2008, 690533...
      [DRY] Demand\Residential\Projections\Refrigeration_\Large\Low_eff . 'Exogenous Devices' = Interp(2005, 301845.3, 2006, 310443.7, 2007, 318917.4, 2008, 327194...
      [DRY] Demand\Residential\Projections\Refrigeration_\Large\Mid_eff . 'Exogenous Devices' = Interp(2005, 656338, 2006, 675034.5, 2007, 693460, 2008, 711458.8, ...
      [DRY] Demand\Residential\Projections\Refrigeration_\Medium\High_eff . 'Exogenous Devices' = Interp(2005, 3330827.4, 2006, 3425710.1, 2007, 3519216.6, 2008, 361...
      [DRY] Demand\Residential\Projections\Refrigeration_\Medium\Low_eff . 'Exogenous Devices' = Interp(2005, 0)
      [DRY] Demand\Residential\Projections\Refrigeration_\Medium\Mid_eff . 'Exogenous Devices' = Interp(2005, 0)
      [DRY] Demand\Residential\Projections\Refrigeration_\Small\High_eff . 'Exogenous Devices' = Interp(2005, 12621343.8, 2006, 12980878.2, 2007, 13335197.7, 2008, ...
      [DRY] Demand\Residential\Projections\Refrigeration_\Small\Low_eff . 'Exogenous Devices' = Interp(2005, 0)
      [DRY] Demand\Residential\Projections\Refrigeration_\Small\Mid_eff . 'Exogenous Devices' = Interp(2005, 0)
      [DRY] Demand\Residential\Projections\Refrigeration_\Large\High_eff . 'Fixed OM Cost' = 0
      [DRY] Demand\Residential\Projections\Refrigeration_\Large\Low_eff . 'Fixed OM Cost' = 0
      [DRY] Demand\Residential\Projections\Refrigeration_\Large\Mid_eff . 'Fixed OM Cost' = 0
      [DRY] Demand\Residential\Projections\Refrigeration_\Medium\High_eff . 'Fixed OM Cost' = 0
      [DRY] Demand\Residential\Projections\Refrigeration_\Medium\Low_eff . 'Fixed OM Cost' = 0
      [DRY] Demand\Residential\Projections\Refrigeration_\Medium\Mid_eff . 'Fixed OM Cost' = 0
      [DRY] Demand\Residential\Projections\Refrigeration_\Small\High_eff . 'Fixed OM Cost' = 0
      [DRY] Demand\Residential\Projections\Refrigeration_\Small\Low_eff . 'Fixed OM Cost' = 0
      [DRY] Demand\Residential\Projections\Refrigeration_\Small\Mid_eff . 'Fixed OM Cost' = 0
      [DRY] Demand\Residential\Projections\Refrigeration_\Large\High_eff . 'Lifetime' = 12
      [DRY] Demand\Residential\Projections\Refrigeration_\Large\Low_eff . 'Lifetime' = 12
      [DRY] Demand\Residential\Projections\Refrigeration_\Large\Mid_eff . 'Lifetime' = 12
      [DRY] Demand\Residential\Projections\Refrigeration_\Medium\High_eff . 'Lifetime' = 12
      [DRY] Demand\Residential\Projections\Refrigeration_\Medium\Low_eff . 'Lifetime' = 12
      [DRY] Demand\Residential\Projections\Refrigeration_\Medium\Mid_eff . 'Lifetime' = 12
      [DRY] Demand\Residential\Projections\Refrigeration_\Small\High_eff . 'Lifetime' = 12
      [DRY] Demand\Residential\Projections\Refrigeration_\Small\Low_eff . 'Lifetime' = 12
      [DRY] Demand\Residential\Projections\Refrigeration_\Small\Mid_eff . 'Lifetime' = 12
      [DRY] Demand\Residential\Projections\Refrigeration_\Large\High_eff . 'Unit Capacity' = Interp(2014, 0.05692922374429223)
      [DRY] Demand\Residential\Projections\Refrigeration_\Large\Low_eff . 'Unit Capacity' = Interp(2014, 0.05692922374429223)
      [DRY] Demand\Residential\Projections\Refrigeration_\Large\Mid_eff . 'Unit Capacity' = Interp(2014, 0.05692922374429223)
      [DRY] Demand\Residential\Projections\Refrigeration_\Medium\High_eff . 'Unit Capacity' = Interp(2014, 0.051929223744292236)
      [DRY] Demand\Residential\Projections\Refrigeration_\Medium\Low_eff . 'Unit Capacity' = Interp(2014, 0.051929223744292236)
      [DRY] Demand\Residential\Projections\Refrigeration_\Medium\Mid_eff . 'Unit Capacity' = Interp(2014, 0.051929223744292236)
      [DRY] Demand\Residential\Projections\Refrigeration_\Small\High_eff . 'Unit Capacity' = Interp(2014, 0.03484018264840182)
      [DRY] Demand\Residential\Projections\Refrigeration_\Small\Low_eff . 'Unit Capacity' = Interp(2014, 0.03484018264840182)
      [DRY] Demand\Residential\Projections\Refrigeration_\Small\Mid_eff . 'Unit Capacity' = Interp(2014, 0.03484018264840182)
      [DRY] Demand\Residential\Projections\Refrigeration_\Large\High_eff . 'Variable OM Cost' = Interp(2014, 60.342699999999994)
      [DRY] Demand\Residential\Projections\Refrigeration_\Large\Low_eff . 'Variable OM Cost' = Interp(2014, 91.9721)
      [DRY] Demand\Residential\Projections\Refrigeration_\Large\Mid_eff . 'Variable OM Cost' = Interp(2014, 73.205)
      [DRY] Demand\Residential\Projections\Refrigeration_\Medium\High_eff . 'Variable OM Cost' = Interp(2014, 55.042899999999996)
      [DRY] Demand\Residential\Projections\Refrigeration_\Medium\Low_eff . 'Variable OM Cost' = Interp(2014, 80.31979999999999)
      [DRY] Demand\Residential\Projections\Refrigeration_\Medium\Mid_eff . 'Variable OM Cost' = Interp(2014, 60.669399999999996)
      [DRY] Demand\Residential\Projections\Refrigeration_\Small\High_eff . 'Variable OM Cost' = Interp(2014, 36.929199999999994)
      [DRY] Demand\Residential\Projections\Refrigeration_\Small\Low_eff . 'Variable OM Cost' = Interp(2014, 62.7506)
      [DRY] Demand\Residential\Projections\Refrigeration_\Small\Mid_eff . 'Variable OM Cost' = Interp(2014, 42.7735)
    --- region 'Vietnam' (79 rows) ---
      [DRY] Key\Residential\Refrigeration\Efficiency_Share\Large_High . 'Activity Level' = Interp(2014, 59.150805270863835, 2015, 58.921694480102694, 2016, 58...
      [DRY] Key\Residential\Refrigeration\Efficiency_Share\Large_Low . 'Activity Level' = Interp(2014, 8.052708638360176, 2015, 8.215661103979462, 2016, 8.16...
      [DRY] Key\Residential\Refrigeration\Efficiency_Share\Large_Mid . 'Activity Level' = Interp(2014, 32.796486090775986, 2015, 32.86264441591785, 2016, 33....
      [DRY] Key\Residential\Refrigeration\Efficiency_Share\Medium_High . 'Activity Level' = Interp(2014, 59.209486166007906, 2015, 58.958168902920285, 2016, 58...
      [DRY] Key\Residential\Refrigeration\Efficiency_Share\Medium_Low . 'Activity Level' = Interp(2014, 8.063241106719367, 2015, 8.12943962115233, 2016, 8.176...
      [DRY] Key\Residential\Refrigeration\Efficiency_Share\Medium_Mid . 'Activity Level' = Interp(2014, 32.72727272727272, 2015, 32.912391475927386, 2016, 33....
      [DRY] Key\Residential\Refrigeration\Efficiency_Share\Small_High . 'Activity Level' = Interp(2014, 47.454048683556884, 2015, 47.554381994216016, 2016, 47...
      [DRY] Key\Residential\Refrigeration\Efficiency_Share\Small_Low . 'Activity Level' = Interp(2014, 36.28912071535023, 2015, 36.137306676725764, 2016, 35....
      [DRY] Key\Residential\Refrigeration\Efficiency_Share\Small_Mid . 'Activity Level' = Interp(2014, 16.256830601092897, 2015, 16.308311329058217, 2016, 16...
      [DRY] Key\Residential\Refrigeration\Size_Share\Large . 'Activity Level' = Interp(2014, 6.83, 2015, 7.790779077907792, 2016, 8.079192080791922...
      [DRY] Key\Residential\Refrigeration\Size_Share\Medium . 'Activity Level' = Interp(2014, 12.65, 2015, 12.67126712671267, 2016, 12.7187281271872...
      [DRY] Key\Residential\Refrigeration\Size_Share\Small . 'Activity Level' = Interp(2014, 80.52, 2015, 79.53795379537955, 2016, 79.2020797920208...
      [DRY] Key\Residential\Refrigeration\Percent Ownership . 'Activity Level' = Interp(2014, 100.0, 2015, 100.0, 2016, 100.0, 2017, 100.0, 2018, 10...
      [DRY] Key\Residential\Refrigeration\Useful_EI\Large . 'Activity Level' = Interp(2014, 0.0428804815133276)
      [DRY] Key\Residential\Refrigeration\Useful_EI\Medium . 'Activity Level' = Interp(2014, 0.03911435941530524)
      [DRY] Key\Residential\Refrigeration\Useful_EI\Small . 'Activity Level' = Interp(2014, 0.026242476354256233)
      [DRY] Demand\Residential\Projections\Refrigeration_\Large\High_eff . 'Capital Cost' = Interp(2014, 2008.2, 2015, 2008.2, 2016, 2008.2, 2017, 2008.2, 2018...
      [DRY] Demand\Residential\Projections\Refrigeration_\Large\Low_eff . 'Capital Cost' = Interp(2014, 1910.9, 2015, 1910.9, 2016, 1910.9, 2017, 1910.9, 2018...
      [DRY] Demand\Residential\Projections\Refrigeration_\Large\Mid_eff . 'Capital Cost' = Interp(2014, 1851.9, 2015, 1851.9, 2016, 1851.9, 2017, 1851.9, 2018...
      [DRY] Demand\Residential\Projections\Refrigeration_\Medium\High_eff . 'Capital Cost' = Interp(2014, 1397.7, 2015, 1397.7, 2016, 1397.7, 2017, 1397.7, 2018...
      [DRY] Demand\Residential\Projections\Refrigeration_\Medium\Low_eff . 'Capital Cost' = Interp(2014, 1309.6, 2015, 1309.6, 2016, 1309.6, 2017, 1309.6, 2018...
      [DRY] Demand\Residential\Projections\Refrigeration_\Medium\Mid_eff . 'Capital Cost' = Interp(2014, 1190.1, 2015, 1190.1, 2016, 1190.1, 2017, 1190.1, 2018...
      [DRY] Demand\Residential\Projections\Refrigeration_\Small\High_eff . 'Capital Cost' = Interp(2014, 667.2, 2015, 667.2, 2016, 667.2, 2017, 667.2, 2018, 66...
      [DRY] Demand\Residential\Projections\Refrigeration_\Small\Low_eff . 'Capital Cost' = Interp(2014, 397.2, 2015, 397.2, 2016, 397.2, 2017, 397.2, 2018, 39...
      [DRY] Demand\Residential\Projections\Refrigeration_\Small\Mid_eff . 'Capital Cost' = Interp(2014, 519.9, 2015, 519.9, 2016, 519.9, 2017, 519.9, 2018, 51...
      [DRY] Demand\Residential\Projections\Refrigeration_\Large\High_eff . 'Efficiency' = Interp(2014, 100.0)
      [DRY] Demand\Residential\Projections\Refrigeration_\Large\Low_eff . 'Efficiency' = Interp(2014, 65.60978818576503)
      [DRY] Demand\Residential\Projections\Refrigeration_\Large\Mid_eff . 'Efficiency' = Interp(2014, 82.4297520661157)
      [DRY] Demand\Residential\Projections\Refrigeration_\Medium\High_eff . 'Efficiency' = Interp(2014, 100.0)
      [DRY] Demand\Residential\Projections\Refrigeration_\Medium\Low_eff . 'Efficiency' = Interp(2014, 68.52967761373908)
      [DRY] Demand\Residential\Projections\Refrigeration_\Medium\Mid_eff . 'Efficiency' = Interp(2014, 90.72596729158356)
      [DRY] Demand\Residential\Projections\Refrigeration_\Small\High_eff . 'Efficiency' = Interp(2014, 100.0)
      [DRY] Demand\Residential\Projections\Refrigeration_\Small\Low_eff . 'Efficiency' = Interp(2014, 58.85075202468183)
      [DRY] Demand\Residential\Projections\Refrigeration_\Small\Mid_eff . 'Efficiency' = Interp(2014, 86.33663366336634)
      [DRY] Demand\Residential\Projections\Refrigeration_\Large\High_eff . 'Exogenous Devices' = Interp(2005, 744230.9, 2006, 774526.7, 2007, 805140, 2008, 836276.2...
      [DRY] Demand\Residential\Projections\Refrigeration_\Large\Low_eff . 'Exogenous Devices' = Interp(2005, 133647.1, 2006, 139087.5, 2007, 144585, 2008, 150176.4...
      [DRY] Demand\Residential\Projections\Refrigeration_\Large\Mid_eff . 'Exogenous Devices' = Interp(2005, 462523.8, 2006, 481352, 2007, 500377.5, 2008, 519728, ...
      [DRY] Demand\Residential\Projections\Refrigeration_\Medium\High_eff . 'Exogenous Devices' = Interp(2005, 1741343, 2006, 1812228.8, 2007, 1883857.4, 2008, 19567...
      [DRY] Demand\Residential\Projections\Refrigeration_\Medium\Low_eff . 'Exogenous Devices' = Interp(2005, 0)
      [DRY] Demand\Residential\Projections\Refrigeration_\Medium\Mid_eff . 'Exogenous Devices' = Interp(2005, 0)
      [DRY] Demand\Residential\Projections\Refrigeration_\Small\High_eff . 'Exogenous Devices' = Interp(2005, 10022221.5, 2006, 10430201.5, 2007, 10842457.1, 2008, ...
      [DRY] Demand\Residential\Projections\Refrigeration_\Small\Low_eff . 'Exogenous Devices' = Interp(2005, 0)
      [DRY] Demand\Residential\Projections\Refrigeration_\Small\Mid_eff . 'Exogenous Devices' = Interp(2005, 0)
      [DRY] Demand\Residential\Projections\Refrigeration_\Large\High_eff . 'Fixed OM Cost' = 0
      [DRY] Demand\Residential\Projections\Refrigeration_\Large\Low_eff . 'Fixed OM Cost' = 0
      [DRY] Demand\Residential\Projections\Refrigeration_\Large\Mid_eff . 'Fixed OM Cost' = 0
      [DRY] Demand\Residential\Projections\Refrigeration_\Medium\High_eff . 'Fixed OM Cost' = 0
      [DRY] Demand\Residential\Projections\Refrigeration_\Medium\Low_eff . 'Fixed OM Cost' = 0
      [DRY] Demand\Residential\Projections\Refrigeration_\Medium\Mid_eff . 'Fixed OM Cost' = 0
      [DRY] Demand\Residential\Projections\Refrigeration_\Small\High_eff . 'Fixed OM Cost' = 0
      [DRY] Demand\Residential\Projections\Refrigeration_\Small\Low_eff . 'Fixed OM Cost' = 0
      [DRY] Demand\Residential\Projections\Refrigeration_\Small\Mid_eff . 'Fixed OM Cost' = 0
      [DRY] Demand\Residential\Projections\Refrigeration_\Large\High_eff . 'Lifetime' = 12
      [DRY] Demand\Residential\Projections\Refrigeration_\Large\Low_eff . 'Lifetime' = 12
      [DRY] Demand\Residential\Projections\Refrigeration_\Large\Mid_eff . 'Lifetime' = 12
      [DRY] Demand\Residential\Projections\Refrigeration_\Medium\High_eff . 'Lifetime' = 12
      [DRY] Demand\Residential\Projections\Refrigeration_\Medium\Low_eff . 'Lifetime' = 12
      [DRY] Demand\Residential\Projections\Refrigeration_\Medium\Mid_eff . 'Lifetime' = 12
      [DRY] Demand\Residential\Projections\Refrigeration_\Small\High_eff . 'Lifetime' = 12
      [DRY] Demand\Residential\Projections\Refrigeration_\Small\Low_eff . 'Lifetime' = 12
      [DRY] Demand\Residential\Projections\Refrigeration_\Small\Mid_eff . 'Lifetime' = 12
      [DRY] Demand\Residential\Projections\Refrigeration_\Large\High_eff . 'Unit Capacity' = Interp(2014, 0.05692922374429223)
      [DRY] Demand\Residential\Projections\Refrigeration_\Large\Low_eff . 'Unit Capacity' = Interp(2014, 0.05692922374429223)
      [DRY] Demand\Residential\Projections\Refrigeration_\Large\Mid_eff . 'Unit Capacity' = Interp(2014, 0.05692922374429223)
      [DRY] Demand\Residential\Projections\Refrigeration_\Medium\High_eff . 'Unit Capacity' = Interp(2014, 0.051929223744292236)
      [DRY] Demand\Residential\Projections\Refrigeration_\Medium\Low_eff . 'Unit Capacity' = Interp(2014, 0.051929223744292236)
      [DRY] Demand\Residential\Projections\Refrigeration_\Medium\Mid_eff . 'Unit Capacity' = Interp(2014, 0.051929223744292236)
      [DRY] Demand\Residential\Projections\Refrigeration_\Small\High_eff . 'Unit Capacity' = Interp(2014, 0.03484018264840182)
      [DRY] Demand\Residential\Projections\Refrigeration_\Small\Low_eff . 'Unit Capacity' = Interp(2014, 0.03484018264840182)
      [DRY] Demand\Residential\Projections\Refrigeration_\Small\Mid_eff . 'Unit Capacity' = Interp(2014, 0.03484018264840182)
      [DRY] Demand\Residential\Projections\Refrigeration_\Large\High_eff . 'Variable OM Cost' = Interp(2014, 43.28716)
      [DRY] Demand\Residential\Projections\Refrigeration_\Large\Low_eff . 'Variable OM Cost' = Interp(2014, 65.97668)
      [DRY] Demand\Residential\Projections\Refrigeration_\Large\Mid_eff . 'Variable OM Cost' = Interp(2014, 52.514)
      [DRY] Demand\Residential\Projections\Refrigeration_\Medium\High_eff . 'Variable OM Cost' = Interp(2014, 39.48532)
      [DRY] Demand\Residential\Projections\Refrigeration_\Medium\Low_eff . 'Variable OM Cost' = Interp(2014, 57.617839999999994)
      [DRY] Demand\Residential\Projections\Refrigeration_\Medium\Mid_eff . 'Variable OM Cost' = Interp(2014, 43.52152)
      [DRY] Demand\Residential\Projections\Refrigeration_\Small\High_eff . 'Variable OM Cost' = Interp(2014, 26.49136)
      [DRY] Demand\Residential\Projections\Refrigeration_\Small\Low_eff . 'Variable OM Cost' = Interp(2014, 45.014480000000006)
      [DRY] Demand\Residential\Projections\Refrigeration_\Small\Mid_eff . 'Variable OM Cost' = Interp(2014, 30.6838)
  [dry-run] {'dry_run': 790}
  -- Phase 3: REAL INJECT --
    --- region 'Brunei' (79 rows) ---
      [OK]  Key\Residential\Refrigeration\Efficiency_Share\Large_High . 'Activity Level' = Interp(2014, 41.02990033222591, 2015, 41.02990033222591, ...
      [OK]  Key\Residential\Refrigeration\Efficiency_Share\Large_Low . 'Activity Level' = Interp(2014, 26.190476190476193, 2015, 26.190476190476193...
      [OK]  Key\Residential\Refrigeration\Efficiency_Share\Large_Mid . 'Activity Level' = Interp(2014, 32.77962347729789, 2015, 32.77962347729789, ...
      [OK]  Key\Residential\Refrigeration\Efficiency_Share\Medium_High . 'Activity Level' = Interp(2014, 41.0864410433283, 2015, 41.0864410433283, 20...
      [OK]  Key\Residential\Refrigeration\Efficiency_Share\Medium_Low . 'Activity Level' = Interp(2014, 26.277214917007974, 2015, 26.277214917007974...
      [OK]  Key\Residential\Refrigeration\Efficiency_Share\Medium_Mid . 'Activity Level' = Interp(2014, 32.636344039663726, 2015, 32.636344039663726...
      [OK]  Key\Residential\Refrigeration\Efficiency_Share\Small_High . 'Activity Level' = Interp(2014, 40.9282700421941, 2015, 40.9282700421941, 20...
      [OK]  Key\Residential\Refrigeration\Efficiency_Share\Small_Low . 'Activity Level' = Interp(2014, 46.63853727144866, 2015, 46.63853727144866, ...
      [OK]  Key\Residential\Refrigeration\Efficiency_Share\Small_Mid . 'Activity Level' = Interp(2014, 12.433192686357245, 2015, 12.433192686357245...
      [OK]  Key\Residential\Refrigeration\Size_Share\Large . 'Activity Level' = Interp(2014, 18.060000000000002, 2015, 18.060000000000002...
      [OK]  Key\Residential\Refrigeration\Size_Share\Medium . 'Activity Level' = Interp(2014, 46.39, 2015, 46.39, 2016, 46.39, 2017, 46.39...
      [OK]  Key\Residential\Refrigeration\Size_Share\Small . 'Activity Level' = Interp(2014, 35.55, 2015, 35.55, 2016, 35.55, 2017, 35.55...
      [OK]  Key\Residential\Refrigeration\Percent Ownership . 'Activity Level' = Interp(2014, 98.25, 2015, 98.27, 2016, 98.29, 2017, 98.3,...
      [OK]  Key\Residential\Refrigeration\Useful_EI\Large . 'Activity Level' = Interp(2014, 0.0428804815133276)
      [OK]  Key\Residential\Refrigeration\Useful_EI\Medium . 'Activity Level' = Interp(2014, 0.03911435941530524)
      [OK]  Key\Residential\Refrigeration\Useful_EI\Small . 'Activity Level' = Interp(2014, 0.026242476354256233)
      [OK]  Demand\Residential\Projections\Refrigeration_\Large\High_eff . 'Capital Cost' = Interp(2014, 2008.2, 2015, 2008.2, 2016, 2008.2, 2017, 20...
      [OK]  Demand\Residential\Projections\Refrigeration_\Large\Low_eff . 'Capital Cost' = Interp(2014, 1910.9, 2015, 1910.9, 2016, 1910.9, 2017, 19...
      [OK]  Demand\Residential\Projections\Refrigeration_\Large\Mid_eff . 'Capital Cost' = Interp(2014, 1851.9, 2015, 1851.9, 2016, 1851.9, 2017, 18...
      [OK]  Demand\Residential\Projections\Refrigeration_\Medium\High_eff . 'Capital Cost' = Interp(2014, 1397.7, 2015, 1397.7, 2016, 1397.7, 2017, 13...
      [OK]  Demand\Residential\Projections\Refrigeration_\Medium\Low_eff . 'Capital Cost' = Interp(2014, 1309.6, 2015, 1309.6, 2016, 1309.6, 2017, 13...
      [OK]  Demand\Residential\Projections\Refrigeration_\Medium\Mid_eff . 'Capital Cost' = Interp(2014, 1190.1, 2015, 1190.1, 2016, 1190.1, 2017, 11...
      [OK]  Demand\Residential\Projections\Refrigeration_\Small\High_eff . 'Capital Cost' = Interp(2014, 667.2, 2015, 667.2, 2016, 667.2, 2017, 667.2...
      [OK]  Demand\Residential\Projections\Refrigeration_\Small\Low_eff . 'Capital Cost' = Interp(2014, 397.2, 2015, 397.2, 2016, 397.2, 2017, 397.2...
      [OK]  Demand\Residential\Projections\Refrigeration_\Small\Mid_eff . 'Capital Cost' = Interp(2014, 519.9, 2015, 519.9, 2016, 519.9, 2017, 519.9...
      [OK]  Demand\Residential\Projections\Refrigeration_\Large\High_eff . 'Efficiency' = Interp(2014, 100.0)
      [OK]  Demand\Residential\Projections\Refrigeration_\Large\Low_eff . 'Efficiency' = Interp(2014, 65.60978818576503)
      [OK]  Demand\Residential\Projections\Refrigeration_\Large\Mid_eff . 'Efficiency' = Interp(2014, 82.4297520661157)
      [OK]  Demand\Residential\Projections\Refrigeration_\Medium\High_eff . 'Efficiency' = Interp(2014, 100.0)
      [OK]  Demand\Residential\Projections\Refrigeration_\Medium\Low_eff . 'Efficiency' = Interp(2014, 68.52967761373908)
      [OK]  Demand\Residential\Projections\Refrigeration_\Medium\Mid_eff . 'Efficiency' = Interp(2014, 90.72596729158356)
      [OK]  Demand\Residential\Projections\Refrigeration_\Small\High_eff . 'Efficiency' = Interp(2014, 100.0)
      [OK]  Demand\Residential\Projections\Refrigeration_\Small\Low_eff . 'Efficiency' = Interp(2014, 58.85075202468183)
      [OK]  Demand\Residential\Projections\Refrigeration_\Small\Mid_eff . 'Efficiency' = Interp(2014, 86.33663366336634)
      [OK]  Demand\Residential\Projections\Refrigeration_\Large\High_eff . 'Exogenous Devices' = Interp(2005, 3129.7, 2006, 3282, 2007, 3436.6, 2008, 3593...
      [OK]  Demand\Residential\Projections\Refrigeration_\Large\Low_eff . 'Exogenous Devices' = Interp(2005, 1997.8, 2006, 2095, 2007, 2193.7, 2008, 2293...
      [OK]  Demand\Residential\Projections\Refrigeration_\Large\Mid_eff . 'Exogenous Devices' = Interp(2005, 2500.4, 2006, 2622.1, 2007, 2745.6, 2008, 28...
      [OK]  Demand\Residential\Projections\Refrigeration_\Medium\High_eff . 'Exogenous Devices' = Interp(2005, 0)
      [OK]  Demand\Residential\Projections\Refrigeration_\Medium\Low_eff . 'Exogenous Devices' = Interp(2005, 0)
      [OK]  Demand\Residential\Projections\Refrigeration_\Medium\Mid_eff . 'Exogenous Devices' = Interp(2005, 19593.5, 2006, 20546.9, 2007, 21514.8, 2008,...
      [OK]  Demand\Residential\Projections\Refrigeration_\Small\High_eff . 'Exogenous Devices' = Interp(2005, 0)
      [OK]  Demand\Residential\Projections\Refrigeration_\Small\Low_eff . 'Exogenous Devices' = Interp(2005, 15015, 2006, 15745.7, 2007, 16487.4, 2008, 1...
      [OK]  Demand\Residential\Projections\Refrigeration_\Small\Mid_eff . 'Exogenous Devices' = Interp(2005, 0)
      [OK]  Demand\Residential\Projections\Refrigeration_\Large\High_eff . 'Fixed OM Cost' = 0
      [OK]  Demand\Residential\Projections\Refrigeration_\Large\Low_eff . 'Fixed OM Cost' = 0
      [OK]  Demand\Residential\Projections\Refrigeration_\Large\Mid_eff . 'Fixed OM Cost' = 0
      [OK]  Demand\Residential\Projections\Refrigeration_\Medium\High_eff . 'Fixed OM Cost' = 0
      [OK]  Demand\Residential\Projections\Refrigeration_\Medium\Low_eff . 'Fixed OM Cost' = 0
      [OK]  Demand\Residential\Projections\Refrigeration_\Medium\Mid_eff . 'Fixed OM Cost' = 0
      [OK]  Demand\Residential\Projections\Refrigeration_\Small\High_eff . 'Fixed OM Cost' = 0
      [OK]  Demand\Residential\Projections\Refrigeration_\Small\Low_eff . 'Fixed OM Cost' = 0
      [OK]  Demand\Residential\Projections\Refrigeration_\Small\Mid_eff . 'Fixed OM Cost' = 0
      [OK]  Demand\Residential\Projections\Refrigeration_\Large\High_eff . 'Lifetime' = 12
      [OK]  Demand\Residential\Projections\Refrigeration_\Large\Low_eff . 'Lifetime' = 12
      [OK]  Demand\Residential\Projections\Refrigeration_\Large\Mid_eff . 'Lifetime' = 12
      [OK]  Demand\Residential\Projections\Refrigeration_\Medium\High_eff . 'Lifetime' = 12
      [OK]  Demand\Residential\Projections\Refrigeration_\Medium\Low_eff . 'Lifetime' = 12
      [OK]  Demand\Residential\Projections\Refrigeration_\Medium\Mid_eff . 'Lifetime' = 12
      [OK]  Demand\Residential\Projections\Refrigeration_\Small\High_eff . 'Lifetime' = 12
      [OK]  Demand\Residential\Projections\Refrigeration_\Small\Low_eff . 'Lifetime' = 12
      [OK]  Demand\Residential\Projections\Refrigeration_\Small\Mid_eff . 'Lifetime' = 12
      [OK]  Demand\Residential\Projections\Refrigeration_\Large\High_eff . 'Unit Capacity' = Interp(2014, 0.05692922374429223)
      [OK]  Demand\Residential\Projections\Refrigeration_\Large\Low_eff . 'Unit Capacity' = Interp(2014, 0.05692922374429223)
      [OK]  Demand\Residential\Projections\Refrigeration_\Large\Mid_eff . 'Unit Capacity' = Interp(2014, 0.05692922374429223)
      [OK]  Demand\Residential\Projections\Refrigeration_\Medium\High_eff . 'Unit Capacity' = Interp(2014, 0.051929223744292236)
      [OK]  Demand\Residential\Projections\Refrigeration_\Medium\Low_eff . 'Unit Capacity' = Interp(2014, 0.051929223744292236)
      [OK]  Demand\Residential\Projections\Refrigeration_\Medium\Mid_eff . 'Unit Capacity' = Interp(2014, 0.051929223744292236)
      [OK]  Demand\Residential\Projections\Refrigeration_\Small\High_eff . 'Unit Capacity' = Interp(2014, 0.03484018264840182)
      [OK]  Demand\Residential\Projections\Refrigeration_\Small\Low_eff . 'Unit Capacity' = Interp(2014, 0.03484018264840182)
      [OK]  Demand\Residential\Projections\Refrigeration_\Small\Mid_eff . 'Unit Capacity' = Interp(2014, 0.03484018264840182)
      [OK]  Demand\Residential\Projections\Refrigeration_\Large\High_eff . 'Variable OM Cost' = Interp(2014, 3.5906399999999996)
      [OK]  Demand\Residential\Projections\Refrigeration_\Large\Low_eff . 'Variable OM Cost' = Interp(2014, 5.47272)
      [OK]  Demand\Residential\Projections\Refrigeration_\Large\Mid_eff . 'Variable OM Cost' = Interp(2014, 4.356)
      [OK]  Demand\Residential\Projections\Refrigeration_\Medium\High_eff . 'Variable OM Cost' = Interp(2014, 3.2752799999999995)
      [OK]  Demand\Residential\Projections\Refrigeration_\Medium\Low_eff . 'Variable OM Cost' = Interp(2014, 4.77936)
      [OK]  Demand\Residential\Projections\Refrigeration_\Medium\Mid_eff . 'Variable OM Cost' = Interp(2014, 3.61008)
      [OK]  Demand\Residential\Projections\Refrigeration_\Small\High_eff . 'Variable OM Cost' = Interp(2014, 2.19744)
      [OK]  Demand\Residential\Projections\Refrigeration_\Small\Low_eff . 'Variable OM Cost' = Interp(2014, 3.73392)
      [OK]  Demand\Residential\Projections\Refrigeration_\Small\Mid_eff . 'Variable OM Cost' = Interp(2014, 2.5452)
    --- region 'Cambodia' (79 rows) ---
      [OK]  Key\Residential\Refrigeration\Efficiency_Share\Large_High . 'Activity Level' = Interp(2014, 58.98989898989899, 2015, 58.98989898989899, ...
      [OK]  Key\Residential\Refrigeration\Efficiency_Share\Large_Low . 'Activity Level' = Interp(2014, 8.080808080808083, 2015, 8.080808080808083, ...
      [OK]  Key\Residential\Refrigeration\Efficiency_Share\Large_Mid . 'Activity Level' = Interp(2014, 32.92929292929293, 2015, 32.92929292929293, ...
      [OK]  Key\Residential\Refrigeration\Efficiency_Share\Medium_High . 'Activity Level' = Interp(2014, 58.9825119236884, 2015, 58.9825119236884, 20...
      [OK]  Key\Residential\Refrigeration\Efficiency_Share\Medium_Low . 'Activity Level' = Interp(2014, 8.108108108108109, 2015, 8.108108108108109, ...
      [OK]  Key\Residential\Refrigeration\Efficiency_Share\Medium_Mid . 'Activity Level' = Interp(2014, 32.909379968203496, 2015, 32.909379968203496...
      [OK]  Key\Residential\Refrigeration\Efficiency_Share\Small_High . 'Activity Level' = Interp(2014, 47.5387972841901, 2015, 47.5387972841901, 20...
      [OK]  Key\Residential\Refrigeration\Efficiency_Share\Small_Low . 'Activity Level' = Interp(2014, 36.154219204655675, 2015, 36.154219204655675...
      [OK]  Key\Residential\Refrigeration\Efficiency_Share\Small_Mid . 'Activity Level' = Interp(2014, 16.30698351115422, 2015, 16.30698351115422, ...
      [OK]  Key\Residential\Refrigeration\Size_Share\Large . 'Activity Level' = Interp(2014, 4.949505049495049, 2015, 4.949505049495049, ...
      [OK]  Key\Residential\Refrigeration\Size_Share\Medium . 'Activity Level' = Interp(2014, 12.57874212578742, 2015, 12.57874212578742, ...
      [OK]  Key\Residential\Refrigeration\Size_Share\Small . 'Activity Level' = Interp(2014, 82.47175282471753, 2015, 82.47175282471753, ...
      [OK]  Key\Residential\Refrigeration\Percent Ownership . 'Activity Level' = Interp(2014, 86.07, 2015, 86.2, 2016, 86.34, 2017, 86.48,...
      [OK]  Key\Residential\Refrigeration\Useful_EI\Large . 'Activity Level' = Interp(2014, 0.0428804815133276)
      [OK]  Key\Residential\Refrigeration\Useful_EI\Medium . 'Activity Level' = Interp(2014, 0.03911435941530524)
      [OK]  Key\Residential\Refrigeration\Useful_EI\Small . 'Activity Level' = Interp(2014, 0.026242476354256233)
      [OK]  Demand\Residential\Projections\Refrigeration_\Large\High_eff . 'Capital Cost' = Interp(2014, 2008.2, 2015, 2008.2, 2016, 2008.2, 2017, 20...
      [OK]  Demand\Residential\Projections\Refrigeration_\Large\Low_eff . 'Capital Cost' = Interp(2014, 1910.9, 2015, 1910.9, 2016, 1910.9, 2017, 19...
      [OK]  Demand\Residential\Projections\Refrigeration_\Large\Mid_eff . 'Capital Cost' = Interp(2014, 1851.9, 2015, 1851.9, 2016, 1851.9, 2017, 18...
      [OK]  Demand\Residential\Projections\Refrigeration_\Medium\High_eff . 'Capital Cost' = Interp(2014, 1397.7, 2015, 1397.7, 2016, 1397.7, 2017, 13...
      [OK]  Demand\Residential\Projections\Refrigeration_\Medium\Low_eff . 'Capital Cost' = Interp(2014, 1309.6, 2015, 1309.6, 2016, 1309.6, 2017, 13...
      [OK]  Demand\Residential\Projections\Refrigeration_\Medium\Mid_eff . 'Capital Cost' = Interp(2014, 1190.1, 2015, 1190.1, 2016, 1190.1, 2017, 11...
      [OK]  Demand\Residential\Projections\Refrigeration_\Small\High_eff . 'Capital Cost' = Interp(2014, 667.2, 2015, 667.2, 2016, 667.2, 2017, 667.2...
      [OK]  Demand\Residential\Projections\Refrigeration_\Small\Low_eff . 'Capital Cost' = Interp(2014, 397.2, 2015, 397.2, 2016, 397.2, 2017, 397.2...
      [OK]  Demand\Residential\Projections\Refrigeration_\Small\Mid_eff . 'Capital Cost' = Interp(2014, 519.9, 2015, 519.9, 2016, 519.9, 2017, 519.9...
      [OK]  Demand\Residential\Projections\Refrigeration_\Large\High_eff . 'Efficiency' = Interp(2014, 100.0)
      [OK]  Demand\Residential\Projections\Refrigeration_\Large\Low_eff . 'Efficiency' = Interp(2014, 65.60978818576503)
      [OK]  Demand\Residential\Projections\Refrigeration_\Large\Mid_eff . 'Efficiency' = Interp(2014, 82.4297520661157)
      [OK]  Demand\Residential\Projections\Refrigeration_\Medium\High_eff . 'Efficiency' = Interp(2014, 100.0)
      [OK]  Demand\Residential\Projections\Refrigeration_\Medium\Low_eff . 'Efficiency' = Interp(2014, 68.52967761373908)
      [OK]  Demand\Residential\Projections\Refrigeration_\Medium\Mid_eff . 'Efficiency' = Interp(2014, 90.72596729158356)
      [OK]  Demand\Residential\Projections\Refrigeration_\Small\High_eff . 'Efficiency' = Interp(2014, 100.0)
      [OK]  Demand\Residential\Projections\Refrigeration_\Small\Low_eff . 'Efficiency' = Interp(2014, 58.85075202468183)
      [OK]  Demand\Residential\Projections\Refrigeration_\Small\Mid_eff . 'Efficiency' = Interp(2014, 86.33663366336634)
      [OK]  Demand\Residential\Projections\Refrigeration_\Large\High_eff . 'Exogenous Devices' = Interp(2005, 40536, 2006, 42527.4, 2007, 44590.4, 2008, 4...
      [OK]  Demand\Residential\Projections\Refrigeration_\Large\Low_eff . 'Exogenous Devices' = Interp(2005, 5637.5, 2006, 5914.4, 2007, 6201.3, 2008, 64...
      [OK]  Demand\Residential\Projections\Refrigeration_\Large\Mid_eff . 'Exogenous Devices' = Interp(2005, 22684.1, 2006, 23798.5, 2007, 24952.9, 2008,...
      [OK]  Demand\Residential\Projections\Refrigeration_\Medium\High_eff . 'Exogenous Devices' = Interp(2005, 168855.3, 2006, 177150.6, 2007, 185744, 2008...
      [OK]  Demand\Residential\Projections\Refrigeration_\Medium\Low_eff . 'Exogenous Devices' = Interp(2005, 0)
      [OK]  Demand\Residential\Projections\Refrigeration_\Medium\Mid_eff . 'Exogenous Devices' = Interp(2005, 0)
      [OK]  Demand\Residential\Projections\Refrigeration_\Small\High_eff . 'Exogenous Devices' = Interp(2005, 1104539.4, 2006, 1158801.7, 2007, 1215014.1,...
      [OK]  Demand\Residential\Projections\Refrigeration_\Small\Low_eff . 'Exogenous Devices' = Interp(2005, 0)
      [OK]  Demand\Residential\Projections\Refrigeration_\Small\Mid_eff . 'Exogenous Devices' = Interp(2005, 0)
      [OK]  Demand\Residential\Projections\Refrigeration_\Large\High_eff . 'Fixed OM Cost' = 0
      [OK]  Demand\Residential\Projections\Refrigeration_\Large\Low_eff . 'Fixed OM Cost' = 0
      [OK]  Demand\Residential\Projections\Refrigeration_\Large\Mid_eff . 'Fixed OM Cost' = 0
      [OK]  Demand\Residential\Projections\Refrigeration_\Medium\High_eff . 'Fixed OM Cost' = 0
      [OK]  Demand\Residential\Projections\Refrigeration_\Medium\Low_eff . 'Fixed OM Cost' = 0
      [OK]  Demand\Residential\Projections\Refrigeration_\Medium\Mid_eff . 'Fixed OM Cost' = 0
      [OK]  Demand\Residential\Projections\Refrigeration_\Small\High_eff . 'Fixed OM Cost' = 0
      [OK]  Demand\Residential\Projections\Refrigeration_\Small\Low_eff . 'Fixed OM Cost' = 0
      [OK]  Demand\Residential\Projections\Refrigeration_\Small\Mid_eff . 'Fixed OM Cost' = 0
      [OK]  Demand\Residential\Projections\Refrigeration_\Large\High_eff . 'Lifetime' = 12
      [OK]  Demand\Residential\Projections\Refrigeration_\Large\Low_eff . 'Lifetime' = 12
      [OK]  Demand\Residential\Projections\Refrigeration_\Large\Mid_eff . 'Lifetime' = 12
      [OK]  Demand\Residential\Projections\Refrigeration_\Medium\High_eff . 'Lifetime' = 12
      [OK]  Demand\Residential\Projections\Refrigeration_\Medium\Low_eff . 'Lifetime' = 12
      [OK]  Demand\Residential\Projections\Refrigeration_\Medium\Mid_eff . 'Lifetime' = 12
      [OK]  Demand\Residential\Projections\Refrigeration_\Small\High_eff . 'Lifetime' = 12
      [OK]  Demand\Residential\Projections\Refrigeration_\Small\Low_eff . 'Lifetime' = 12
      [OK]  Demand\Residential\Projections\Refrigeration_\Small\Mid_eff . 'Lifetime' = 12
      [OK]  Demand\Residential\Projections\Refrigeration_\Large\High_eff . 'Unit Capacity' = Interp(2014, 0.05692922374429223)
      [OK]  Demand\Residential\Projections\Refrigeration_\Large\Low_eff . 'Unit Capacity' = Interp(2014, 0.05692922374429223)
      [OK]  Demand\Residential\Projections\Refrigeration_\Large\Mid_eff . 'Unit Capacity' = Interp(2014, 0.05692922374429223)
      [OK]  Demand\Residential\Projections\Refrigeration_\Medium\High_eff . 'Unit Capacity' = Interp(2014, 0.051929223744292236)
      [OK]  Demand\Residential\Projections\Refrigeration_\Medium\Low_eff . 'Unit Capacity' = Interp(2014, 0.051929223744292236)
      [OK]  Demand\Residential\Projections\Refrigeration_\Medium\Mid_eff . 'Unit Capacity' = Interp(2014, 0.051929223744292236)
      [OK]  Demand\Residential\Projections\Refrigeration_\Small\High_eff . 'Unit Capacity' = Interp(2014, 0.03484018264840182)
      [OK]  Demand\Residential\Projections\Refrigeration_\Small\Low_eff . 'Unit Capacity' = Interp(2014, 0.03484018264840182)
      [OK]  Demand\Residential\Projections\Refrigeration_\Small\Mid_eff . 'Unit Capacity' = Interp(2014, 0.03484018264840182)
      [OK]  Demand\Residential\Projections\Refrigeration_\Large\High_eff . 'Variable OM Cost' = Interp(2014, 74.80499999999999)
      [OK]  Demand\Residential\Projections\Refrigeration_\Large\Low_eff . 'Variable OM Cost' = Interp(2014, 114.015)
      [OK]  Demand\Residential\Projections\Refrigeration_\Large\Mid_eff . 'Variable OM Cost' = Interp(2014, 90.75)
      [OK]  Demand\Residential\Projections\Refrigeration_\Medium\High_eff . 'Variable OM Cost' = Interp(2014, 68.235)
      [OK]  Demand\Residential\Projections\Refrigeration_\Medium\Low_eff . 'Variable OM Cost' = Interp(2014, 99.57)
      [OK]  Demand\Residential\Projections\Refrigeration_\Medium\Mid_eff . 'Variable OM Cost' = Interp(2014, 75.21)
      [OK]  Demand\Residential\Projections\Refrigeration_\Small\High_eff . 'Variable OM Cost' = Interp(2014, 45.779999999999994)
      [OK]  Demand\Residential\Projections\Refrigeration_\Small\Low_eff . 'Variable OM Cost' = Interp(2014, 77.79)
      [OK]  Demand\Residential\Projections\Refrigeration_\Small\Mid_eff . 'Variable OM Cost' = Interp(2014, 53.025)
    --- region 'Indonesia' (79 rows) ---
      [OK]  Key\Residential\Refrigeration\Efficiency_Share\Large_High . 'Activity Level' = Interp(2014, 50.0, 2015, 49.38053097345133, 2016, 49.4983...
      [OK]  Key\Residential\Refrigeration\Efficiency_Share\Large_Low . 'Activity Level' = Interp(2014, 17.169811320754718, 2015, 18.053097345132745...
      [OK]  Key\Residential\Refrigeration\Efficiency_Share\Large_Mid . 'Activity Level' = Interp(2014, 32.83018867924528, 2015, 32.56637168141593, ...
      [OK]  Key\Residential\Refrigeration\Efficiency_Share\Medium_High . 'Activity Level' = Interp(2014, 50.0, 2015, 49.523809523809526, 2016, 49.687...
      [OK]  Key\Residential\Refrigeration\Efficiency_Share\Medium_Low . 'Activity Level' = Interp(2014, 17.419354838709676, 2015, 18.095238095238095...
      [OK]  Key\Residential\Refrigeration\Efficiency_Share\Medium_Mid . 'Activity Level' = Interp(2014, 32.58064516129032, 2015, 32.38095238095238, ...
      [OK]  Key\Residential\Refrigeration\Efficiency_Share\Small_High . 'Activity Level' = Interp(2014, 31.812227074235803, 2015, 31.707049665606846...
      [OK]  Key\Residential\Refrigeration\Efficiency_Share\Small_Low . 'Activity Level' = Interp(2014, 56.59388646288209, 2015, 56.71527244819647, ...
      [OK]  Key\Residential\Refrigeration\Efficiency_Share\Small_Mid . 'Activity Level' = Interp(2014, 11.593886462882095, 2015, 11.577677886196689...
      [OK]  Key\Residential\Refrigeration\Size_Share\Large . 'Activity Level' = Interp(2014, 5.3, 2015, 5.649435056494351, 2016, 5.979402...
      [OK]  Key\Residential\Refrigeration\Size_Share\Medium . 'Activity Level' = Interp(2014, 3.1, 2015, 3.1496850314968503, 2016, 3.19968...
      [OK]  Key\Residential\Refrigeration\Size_Share\Small . 'Activity Level' = Interp(2014, 91.60000000000001, 2015, 91.20087991200879, ...
      [OK]  Key\Residential\Refrigeration\Percent Ownership . 'Activity Level' = Interp(2014, 97.39, 2015, 97.42, 2016, 97.44, 2017, 97.47...
      [OK]  Key\Residential\Refrigeration\Useful_EI\Large . 'Activity Level' = Interp(2014, 0.0428804815133276)
      [OK]  Key\Residential\Refrigeration\Useful_EI\Medium . 'Activity Level' = Interp(2014, 0.03911435941530524)
      [OK]  Key\Residential\Refrigeration\Useful_EI\Small . 'Activity Level' = Interp(2014, 0.026242476354256233)
      [OK]  Demand\Residential\Projections\Refrigeration_\Large\High_eff . 'Capital Cost' = Interp(2014, 2008.2, 2015, 2008.2, 2016, 2008.2, 2017, 20...
      [OK]  Demand\Residential\Projections\Refrigeration_\Large\Low_eff . 'Capital Cost' = Interp(2014, 1910.9, 2015, 1910.9, 2016, 1910.9, 2017, 19...
      [OK]  Demand\Residential\Projections\Refrigeration_\Large\Mid_eff . 'Capital Cost' = Interp(2014, 1851.9, 2015, 1851.9, 2016, 1851.9, 2017, 18...
      [OK]  Demand\Residential\Projections\Refrigeration_\Medium\High_eff . 'Capital Cost' = Interp(2014, 1397.7, 2015, 1397.7, 2016, 1397.7, 2017, 13...
      [OK]  Demand\Residential\Projections\Refrigeration_\Medium\Low_eff . 'Capital Cost' = Interp(2014, 1309.6, 2015, 1309.6, 2016, 1309.6, 2017, 13...
      [OK]  Demand\Residential\Projections\Refrigeration_\Medium\Mid_eff . 'Capital Cost' = Interp(2014, 1190.1, 2015, 1190.1, 2016, 1190.1, 2017, 11...
      [OK]  Demand\Residential\Projections\Refrigeration_\Small\High_eff . 'Capital Cost' = Interp(2014, 667.2, 2015, 667.2, 2016, 667.2, 2017, 667.2...
      [OK]  Demand\Residential\Projections\Refrigeration_\Small\Low_eff . 'Capital Cost' = Interp(2014, 397.2, 2015, 397.2, 2016, 397.2, 2017, 397.2...
      [OK]  Demand\Residential\Projections\Refrigeration_\Small\Mid_eff . 'Capital Cost' = Interp(2014, 519.9, 2015, 519.9, 2016, 519.9, 2017, 519.9...
      [OK]  Demand\Residential\Projections\Refrigeration_\Large\High_eff . 'Efficiency' = Interp(2014, 100.0)
      [OK]  Demand\Residential\Projections\Refrigeration_\Large\Low_eff . 'Efficiency' = Interp(2014, 65.60978818576503)
      [OK]  Demand\Residential\Projections\Refrigeration_\Large\Mid_eff . 'Efficiency' = Interp(2014, 82.4297520661157)
      [OK]  Demand\Residential\Projections\Refrigeration_\Medium\High_eff . 'Efficiency' = Interp(2014, 100.0)
      [OK]  Demand\Residential\Projections\Refrigeration_\Medium\Low_eff . 'Efficiency' = Interp(2014, 68.52967761373908)
      [OK]  Demand\Residential\Projections\Refrigeration_\Medium\Mid_eff . 'Efficiency' = Interp(2014, 90.72596729158356)
      [OK]  Demand\Residential\Projections\Refrigeration_\Small\High_eff . 'Efficiency' = Interp(2014, 100.0)
      [OK]  Demand\Residential\Projections\Refrigeration_\Small\Low_eff . 'Efficiency' = Interp(2014, 58.85075202468183)
      [OK]  Demand\Residential\Projections\Refrigeration_\Small\Mid_eff . 'Efficiency' = Interp(2014, 86.33663366336634)
      [OK]  Demand\Residential\Projections\Refrigeration_\Large\High_eff . 'Exogenous Devices' = Interp(2005, 1311640.2, 2006, 1370238.9, 2007, 1430217, 2...
      [OK]  Demand\Residential\Projections\Refrigeration_\Large\Low_eff . 'Exogenous Devices' = Interp(2005, 433901.2, 2006, 453286.1, 2007, 473127.4, 20...
      [OK]  Demand\Residential\Projections\Refrigeration_\Large\Mid_eff . 'Exogenous Devices' = Interp(2005, 861177.9, 2006, 899651.8, 2007, 939031.4, 20...
      [OK]  Demand\Residential\Projections\Refrigeration_\Medium\High_eff . 'Exogenous Devices' = Interp(2005, 1487188, 2006, 1553629.5, 2007, 1621635, 200...
      [OK]  Demand\Residential\Projections\Refrigeration_\Medium\Low_eff . 'Exogenous Devices' = Interp(2005, 0)
      [OK]  Demand\Residential\Projections\Refrigeration_\Medium\Mid_eff . 'Exogenous Devices' = Interp(2005, 0)
      [OK]  Demand\Residential\Projections\Refrigeration_\Small\High_eff . 'Exogenous Devices' = Interp(2005, 29025008.3, 2006, 30321726.3, 2007, 31648969...
      [OK]  Demand\Residential\Projections\Refrigeration_\Small\Low_eff . 'Exogenous Devices' = Interp(2005, 0)
      [OK]  Demand\Residential\Projections\Refrigeration_\Small\Mid_eff . 'Exogenous Devices' = Interp(2005, 0)
      [OK]  Demand\Residential\Projections\Refrigeration_\Large\High_eff . 'Fixed OM Cost' = 0
      [OK]  Demand\Residential\Projections\Refrigeration_\Large\Low_eff . 'Fixed OM Cost' = 0
      [OK]  Demand\Residential\Projections\Refrigeration_\Large\Mid_eff . 'Fixed OM Cost' = 0
      [OK]  Demand\Residential\Projections\Refrigeration_\Medium\High_eff . 'Fixed OM Cost' = 0
      [OK]  Demand\Residential\Projections\Refrigeration_\Medium\Low_eff . 'Fixed OM Cost' = 0
      [OK]  Demand\Residential\Projections\Refrigeration_\Medium\Mid_eff . 'Fixed OM Cost' = 0
      [OK]  Demand\Residential\Projections\Refrigeration_\Small\High_eff . 'Fixed OM Cost' = 0
      [OK]  Demand\Residential\Projections\Refrigeration_\Small\Low_eff . 'Fixed OM Cost' = 0
      [OK]  Demand\Residential\Projections\Refrigeration_\Small\Mid_eff . 'Fixed OM Cost' = 0
      [OK]  Demand\Residential\Projections\Refrigeration_\Large\High_eff . 'Lifetime' = 12
      [OK]  Demand\Residential\Projections\Refrigeration_\Large\Low_eff . 'Lifetime' = 12
      [OK]  Demand\Residential\Projections\Refrigeration_\Large\Mid_eff . 'Lifetime' = 12
      [OK]  Demand\Residential\Projections\Refrigeration_\Medium\High_eff . 'Lifetime' = 12
      [OK]  Demand\Residential\Projections\Refrigeration_\Medium\Low_eff . 'Lifetime' = 12
      [OK]  Demand\Residential\Projections\Refrigeration_\Medium\Mid_eff . 'Lifetime' = 12
      [OK]  Demand\Residential\Projections\Refrigeration_\Small\High_eff . 'Lifetime' = 12
      [OK]  Demand\Residential\Projections\Refrigeration_\Small\Low_eff . 'Lifetime' = 12
      [OK]  Demand\Residential\Projections\Refrigeration_\Small\Mid_eff . 'Lifetime' = 12
      [OK]  Demand\Residential\Projections\Refrigeration_\Large\High_eff . 'Unit Capacity' = Interp(2014, 0.05692922374429223)
      [OK]  Demand\Residential\Projections\Refrigeration_\Large\Low_eff . 'Unit Capacity' = Interp(2014, 0.05692922374429223)
      [OK]  Demand\Residential\Projections\Refrigeration_\Large\Mid_eff . 'Unit Capacity' = Interp(2014, 0.05692922374429223)
      [OK]  Demand\Residential\Projections\Refrigeration_\Medium\High_eff . 'Unit Capacity' = Interp(2014, 0.051929223744292236)
      [OK]  Demand\Residential\Projections\Refrigeration_\Medium\Low_eff . 'Unit Capacity' = Interp(2014, 0.051929223744292236)
      [OK]  Demand\Residential\Projections\Refrigeration_\Medium\Mid_eff . 'Unit Capacity' = Interp(2014, 0.051929223744292236)
      [OK]  Demand\Residential\Projections\Refrigeration_\Small\High_eff . 'Unit Capacity' = Interp(2014, 0.03484018264840182)
      [OK]  Demand\Residential\Projections\Refrigeration_\Small\Low_eff . 'Unit Capacity' = Interp(2014, 0.03484018264840182)
      [OK]  Demand\Residential\Projections\Refrigeration_\Small\Mid_eff . 'Unit Capacity' = Interp(2014, 0.03484018264840182)
      [OK]  Demand\Residential\Projections\Refrigeration_\Large\High_eff . 'Variable OM Cost' = Interp(2014, 50.368700000000004)
      [OK]  Demand\Residential\Projections\Refrigeration_\Large\Low_eff . 'Variable OM Cost' = Interp(2014, 76.77010000000001)
      [OK]  Demand\Residential\Projections\Refrigeration_\Large\Mid_eff . 'Variable OM Cost' = Interp(2014, 61.105000000000004)
      [OK]  Demand\Residential\Projections\Refrigeration_\Medium\High_eff . 'Variable OM Cost' = Interp(2014, 45.944900000000004)
      [OK]  Demand\Residential\Projections\Refrigeration_\Medium\Low_eff . 'Variable OM Cost' = Interp(2014, 67.0438)
      [OK]  Demand\Residential\Projections\Refrigeration_\Medium\Mid_eff . 'Variable OM Cost' = Interp(2014, 50.641400000000004)
      [OK]  Demand\Residential\Projections\Refrigeration_\Small\High_eff . 'Variable OM Cost' = Interp(2014, 30.825200000000002)
      [OK]  Demand\Residential\Projections\Refrigeration_\Small\Low_eff . 'Variable OM Cost' = Interp(2014, 52.378600000000006)
      [OK]  Demand\Residential\Projections\Refrigeration_\Small\Mid_eff . 'Variable OM Cost' = Interp(2014, 35.703500000000005)
    --- region 'Laos' (79 rows) ---
      [OK]  Key\Residential\Refrigeration\Efficiency_Share\Large_High . 'Activity Level' = Interp(2014, 58.50785340314136, 2015, 58.50785340314136, ...
      [OK]  Key\Residential\Refrigeration\Efficiency_Share\Large_Low . 'Activity Level' = Interp(2014, 8.24607329842932, 2015, 8.24607329842932, 20...
      [OK]  Key\Residential\Refrigeration\Efficiency_Share\Large_Mid . 'Activity Level' = Interp(2014, 33.24607329842932, 2015, 33.24607329842932, ...
      [OK]  Key\Residential\Refrigeration\Efficiency_Share\Medium_High . 'Activity Level' = Interp(2014, 58.484609313338595, 2015, 58.484609313338595...
      [OK]  Key\Residential\Refrigeration\Efficiency_Share\Medium_Low . 'Activity Level' = Interp(2014, 8.287292817679559, 2015, 8.287292817679559, ...
      [OK]  Key\Residential\Refrigeration\Efficiency_Share\Medium_Mid . 'Activity Level' = Interp(2014, 33.22809786898185, 2015, 33.22809786898185, ...
      [OK]  Key\Residential\Refrigeration\Efficiency_Share\Small_High . 'Activity Level' = Interp(2014, 48.18672355377086, 2015, 48.18672355377086, ...
      [OK]  Key\Residential\Refrigeration\Efficiency_Share\Small_Low . 'Activity Level' = Interp(2014, 35.46241686535325, 2015, 35.46241686535325, ...
      [OK]  Key\Residential\Refrigeration\Efficiency_Share\Small_Mid . 'Activity Level' = Interp(2014, 16.35085958087589, 2015, 16.35085958087589, ...
      [OK]  Key\Residential\Refrigeration\Size_Share\Large . 'Activity Level' = Interp(2014, 7.64, 2015, 7.64, 2016, 7.630763076307631, 2...
      [OK]  Key\Residential\Refrigeration\Size_Share\Medium . 'Activity Level' = Interp(2014, 12.67, 2015, 12.67, 2016, 12.67126712671267,...
      [OK]  Key\Residential\Refrigeration\Size_Share\Small . 'Activity Level' = Interp(2014, 79.69, 2015, 79.69, 2016, 79.69796979697969,...
      [OK]  Key\Residential\Refrigeration\Percent Ownership . 'Activity Level' = Interp(2014, 79.63, 2015, 79.83, 2016, 80.03, 2017, 80.23...
      [OK]  Key\Residential\Refrigeration\Useful_EI\Large . 'Activity Level' = Interp(2014, 0.0428804815133276)
      [OK]  Key\Residential\Refrigeration\Useful_EI\Medium . 'Activity Level' = Interp(2014, 0.03911435941530524)
      [OK]  Key\Residential\Refrigeration\Useful_EI\Small . 'Activity Level' = Interp(2014, 0.026242476354256233)
      [OK]  Demand\Residential\Projections\Refrigeration_\Large\High_eff . 'Capital Cost' = Interp(2014, 2008.2, 2015, 2008.2, 2016, 2008.2, 2017, 20...
      [OK]  Demand\Residential\Projections\Refrigeration_\Large\Low_eff . 'Capital Cost' = Interp(2014, 1910.9, 2015, 1910.9, 2016, 1910.9, 2017, 19...
      [OK]  Demand\Residential\Projections\Refrigeration_\Large\Mid_eff . 'Capital Cost' = Interp(2014, 1851.9, 2015, 1851.9, 2016, 1851.9, 2017, 18...
      [OK]  Demand\Residential\Projections\Refrigeration_\Medium\High_eff . 'Capital Cost' = Interp(2014, 1397.7, 2015, 1397.7, 2016, 1397.7, 2017, 13...
      [OK]  Demand\Residential\Projections\Refrigeration_\Medium\Low_eff . 'Capital Cost' = Interp(2014, 1309.6, 2015, 1309.6, 2016, 1309.6, 2017, 13...
      [OK]  Demand\Residential\Projections\Refrigeration_\Medium\Mid_eff . 'Capital Cost' = Interp(2014, 1190.1, 2015, 1190.1, 2016, 1190.1, 2017, 11...
      [OK]  Demand\Residential\Projections\Refrigeration_\Small\High_eff . 'Capital Cost' = Interp(2014, 667.2, 2015, 667.2, 2016, 667.2, 2017, 667.2...
      [OK]  Demand\Residential\Projections\Refrigeration_\Small\Low_eff . 'Capital Cost' = Interp(2014, 397.2, 2015, 397.2, 2016, 397.2, 2017, 397.2...
      [OK]  Demand\Residential\Projections\Refrigeration_\Small\Mid_eff . 'Capital Cost' = Interp(2014, 519.9, 2015, 519.9, 2016, 519.9, 2017, 519.9...
      [OK]  Demand\Residential\Projections\Refrigeration_\Large\High_eff . 'Efficiency' = Interp(2014, 100.0)
      [OK]  Demand\Residential\Projections\Refrigeration_\Large\Low_eff . 'Efficiency' = Interp(2014, 65.60978818576503)
      [OK]  Demand\Residential\Projections\Refrigeration_\Large\Mid_eff . 'Efficiency' = Interp(2014, 82.4297520661157)
      [OK]  Demand\Residential\Projections\Refrigeration_\Medium\High_eff . 'Efficiency' = Interp(2014, 100.0)
      [OK]  Demand\Residential\Projections\Refrigeration_\Medium\Low_eff . 'Efficiency' = Interp(2014, 68.52967761373908)
      [OK]  Demand\Residential\Projections\Refrigeration_\Medium\Mid_eff . 'Efficiency' = Interp(2014, 90.72596729158356)
      [OK]  Demand\Residential\Projections\Refrigeration_\Small\High_eff . 'Efficiency' = Interp(2014, 100.0)
      [OK]  Demand\Residential\Projections\Refrigeration_\Small\Low_eff . 'Efficiency' = Interp(2014, 58.85075202468183)
      [OK]  Demand\Residential\Projections\Refrigeration_\Small\Mid_eff . 'Efficiency' = Interp(2014, 86.33663366336634)
      [OK]  Demand\Residential\Projections\Refrigeration_\Large\High_eff . 'Exogenous Devices' = Interp(2005, 20147.4, 2006, 21063.7, 2007, 22009, 2008, 2...
      [OK]  Demand\Residential\Projections\Refrigeration_\Large\Low_eff . 'Exogenous Devices' = Interp(2005, 2826.9, 2006, 2955.5, 2007, 3088.1, 2008, 32...
      [OK]  Demand\Residential\Projections\Refrigeration_\Large\Mid_eff . 'Exogenous Devices' = Interp(2005, 11442.3, 2006, 11962.7, 2007, 12499.5, 2008,...
      [OK]  Demand\Residential\Projections\Refrigeration_\Medium\High_eff . 'Exogenous Devices' = Interp(2005, 56897.2, 2006, 59484.9, 2007, 62154.5, 2008,...
      [OK]  Demand\Residential\Projections\Refrigeration_\Medium\Low_eff . 'Exogenous Devices' = Interp(2005, 0)
      [OK]  Demand\Residential\Projections\Refrigeration_\Medium\Mid_eff . 'Exogenous Devices' = Interp(2005, 0)
      [OK]  Demand\Residential\Projections\Refrigeration_\Small\High_eff . 'Exogenous Devices' = Interp(2005, 357402.5, 2006, 373657, 2007, 390426.3, 2008...
      [OK]  Demand\Residential\Projections\Refrigeration_\Small\Low_eff . 'Exogenous Devices' = Interp(2005, 0)
      [OK]  Demand\Residential\Projections\Refrigeration_\Small\Mid_eff . 'Exogenous Devices' = Interp(2005, 0)
      [OK]  Demand\Residential\Projections\Refrigeration_\Large\High_eff . 'Fixed OM Cost' = 0
      [OK]  Demand\Residential\Projections\Refrigeration_\Large\Low_eff . 'Fixed OM Cost' = 0
      [OK]  Demand\Residential\Projections\Refrigeration_\Large\Mid_eff . 'Fixed OM Cost' = 0
      [OK]  Demand\Residential\Projections\Refrigeration_\Medium\High_eff . 'Fixed OM Cost' = 0
      [OK]  Demand\Residential\Projections\Refrigeration_\Medium\Low_eff . 'Fixed OM Cost' = 0
      [OK]  Demand\Residential\Projections\Refrigeration_\Medium\Mid_eff . 'Fixed OM Cost' = 0
      [OK]  Demand\Residential\Projections\Refrigeration_\Small\High_eff . 'Fixed OM Cost' = 0
      [OK]  Demand\Residential\Projections\Refrigeration_\Small\Low_eff . 'Fixed OM Cost' = 0
      [OK]  Demand\Residential\Projections\Refrigeration_\Small\Mid_eff . 'Fixed OM Cost' = 0
      [OK]  Demand\Residential\Projections\Refrigeration_\Large\High_eff . 'Lifetime' = 12
      [OK]  Demand\Residential\Projections\Refrigeration_\Large\Low_eff . 'Lifetime' = 12
      [OK]  Demand\Residential\Projections\Refrigeration_\Large\Mid_eff . 'Lifetime' = 12
      [OK]  Demand\Residential\Projections\Refrigeration_\Medium\High_eff . 'Lifetime' = 12
      [OK]  Demand\Residential\Projections\Refrigeration_\Medium\Low_eff . 'Lifetime' = 12
      [OK]  Demand\Residential\Projections\Refrigeration_\Medium\Mid_eff . 'Lifetime' = 12
      [OK]  Demand\Residential\Projections\Refrigeration_\Small\High_eff . 'Lifetime' = 12
      [OK]  Demand\Residential\Projections\Refrigeration_\Small\Low_eff . 'Lifetime' = 12
      [OK]  Demand\Residential\Projections\Refrigeration_\Small\Mid_eff . 'Lifetime' = 12
      [OK]  Demand\Residential\Projections\Refrigeration_\Large\High_eff . 'Unit Capacity' = Interp(2014, 0.05692922374429223)
      [OK]  Demand\Residential\Projections\Refrigeration_\Large\Low_eff . 'Unit Capacity' = Interp(2014, 0.05692922374429223)
      [OK]  Demand\Residential\Projections\Refrigeration_\Large\Mid_eff . 'Unit Capacity' = Interp(2014, 0.05692922374429223)
      [OK]  Demand\Residential\Projections\Refrigeration_\Medium\High_eff . 'Unit Capacity' = Interp(2014, 0.051929223744292236)
      [OK]  Demand\Residential\Projections\Refrigeration_\Medium\Low_eff . 'Unit Capacity' = Interp(2014, 0.051929223744292236)
      [OK]  Demand\Residential\Projections\Refrigeration_\Medium\Mid_eff . 'Unit Capacity' = Interp(2014, 0.051929223744292236)
      [OK]  Demand\Residential\Projections\Refrigeration_\Small\High_eff . 'Unit Capacity' = Interp(2014, 0.03484018264840182)
      [OK]  Demand\Residential\Projections\Refrigeration_\Small\Low_eff . 'Unit Capacity' = Interp(2014, 0.03484018264840182)
      [OK]  Demand\Residential\Projections\Refrigeration_\Small\Mid_eff . 'Unit Capacity' = Interp(2014, 0.03484018264840182)
      [OK]  Demand\Residential\Projections\Refrigeration_\Large\High_eff . 'Variable OM Cost' = Interp(2014, 39.14795)
      [OK]  Demand\Residential\Projections\Refrigeration_\Large\Low_eff . 'Variable OM Cost' = Interp(2014, 59.66785)
      [OK]  Demand\Residential\Projections\Refrigeration_\Large\Mid_eff . 'Variable OM Cost' = Interp(2014, 47.4925)
      [OK]  Demand\Residential\Projections\Refrigeration_\Medium\High_eff . 'Variable OM Cost' = Interp(2014, 35.709649999999996)
      [OK]  Demand\Residential\Projections\Refrigeration_\Medium\Low_eff . 'Variable OM Cost' = Interp(2014, 52.1083)
      [OK]  Demand\Residential\Projections\Refrigeration_\Medium\Mid_eff . 'Variable OM Cost' = Interp(2014, 39.359899999999996)
      [OK]  Demand\Residential\Projections\Refrigeration_\Small\High_eff . 'Variable OM Cost' = Interp(2014, 23.958199999999998)
      [OK]  Demand\Residential\Projections\Refrigeration_\Small\Low_eff . 'Variable OM Cost' = Interp(2014, 40.710100000000004)
      [OK]  Demand\Residential\Projections\Refrigeration_\Small\Mid_eff . 'Variable OM Cost' = Interp(2014, 27.74975)
    --- region 'Malaysia' (79 rows) ---
      [OK]  Key\Residential\Refrigeration\Efficiency_Share\Large_High . 'Activity Level' = Interp(2014, 40.29739776951673, 2015, 40.25923016496465, ...
      [OK]  Key\Residential\Refrigeration\Efficiency_Share\Large_Low . 'Activity Level' = Interp(2014, 27.026022304832715, 2015, 27.14061272584446,...
      [OK]  Key\Residential\Refrigeration\Efficiency_Share\Large_Mid . 'Activity Level' = Interp(2014, 32.67657992565056, 2015, 32.60015710919089, ...
      [OK]  Key\Residential\Refrigeration\Efficiency_Share\Medium_High . 'Activity Level' = Interp(2014, 40.35952449985503, 2015, 40.30769230769231, ...
      [OK]  Key\Residential\Refrigeration\Efficiency_Share\Medium_Low . 'Activity Level' = Interp(2014, 27.138300956799068, 2015, 27.27272727272727,...
      [OK]  Key\Residential\Refrigeration\Efficiency_Share\Medium_Mid . 'Activity Level' = Interp(2014, 32.502174543345895, 2015, 32.41958041958042,...
      [OK]  Key\Residential\Refrigeration\Efficiency_Share\Small_High . 'Activity Level' = Interp(2014, 39.04145077720207, 2015, 38.97911832946635, ...
      [OK]  Key\Residential\Refrigeration\Efficiency_Share\Small_Low . 'Activity Level' = Interp(2014, 48.41968911917098, 2015, 48.569218870843, 20...
      [OK]  Key\Residential\Refrigeration\Efficiency_Share\Small_Mid . 'Activity Level' = Interp(2014, 12.538860103626941, 2015, 12.451662799690641...
      [OK]  Key\Residential\Refrigeration\Size_Share\Large . 'Activity Level' = Interp(2014, 26.902690269026902, 2015, 25.46, 2016, 24.60...
      [OK]  Key\Residential\Refrigeration\Size_Share\Medium . 'Activity Level' = Interp(2014, 34.4934493449345, 2015, 35.75, 2016, 37.0474...
      [OK]  Key\Residential\Refrigeration\Size_Share\Small . 'Activity Level' = Interp(2014, 38.603860386038605, 2015, 38.79, 2016, 38.34...
      [OK]  Key\Residential\Refrigeration\Percent Ownership . 'Activity Level' = Interp(2014, 94.96, 2015, 95.01, 2016, 95.06, 2017, 95.11...
      [OK]  Key\Residential\Refrigeration\Useful_EI\Large . 'Activity Level' = Interp(2014, 0.0428804815133276)
      [OK]  Key\Residential\Refrigeration\Useful_EI\Medium . 'Activity Level' = Interp(2014, 0.03911435941530524)
      [OK]  Key\Residential\Refrigeration\Useful_EI\Small . 'Activity Level' = Interp(2014, 0.026242476354256233)
      [OK]  Demand\Residential\Projections\Refrigeration_\Large\High_eff . 'Capital Cost' = Interp(2014, 2008.2, 2015, 2008.2, 2016, 2008.2, 2017, 20...
      [OK]  Demand\Residential\Projections\Refrigeration_\Large\Low_eff . 'Capital Cost' = Interp(2014, 1910.9, 2015, 1910.9, 2016, 1910.9, 2017, 19...
      [OK]  Demand\Residential\Projections\Refrigeration_\Large\Mid_eff . 'Capital Cost' = Interp(2014, 1851.9, 2015, 1851.9, 2016, 1851.9, 2017, 18...
      [OK]  Demand\Residential\Projections\Refrigeration_\Medium\High_eff . 'Capital Cost' = Interp(2014, 1397.7, 2015, 1397.7, 2016, 1397.7, 2017, 13...
      [OK]  Demand\Residential\Projections\Refrigeration_\Medium\Low_eff . 'Capital Cost' = Interp(2014, 1309.6, 2015, 1309.6, 2016, 1309.6, 2017, 13...
      [OK]  Demand\Residential\Projections\Refrigeration_\Medium\Mid_eff . 'Capital Cost' = Interp(2014, 1190.1, 2015, 1190.1, 2016, 1190.1, 2017, 11...
      [OK]  Demand\Residential\Projections\Refrigeration_\Small\High_eff . 'Capital Cost' = Interp(2014, 667.2, 2015, 667.2, 2016, 667.2, 2017, 667.2...
      [OK]  Demand\Residential\Projections\Refrigeration_\Small\Low_eff . 'Capital Cost' = Interp(2014, 397.2, 2015, 397.2, 2016, 397.2, 2017, 397.2...
      [OK]  Demand\Residential\Projections\Refrigeration_\Small\Mid_eff . 'Capital Cost' = Interp(2014, 519.9, 2015, 519.9, 2016, 519.9, 2017, 519.9...
      [OK]  Demand\Residential\Projections\Refrigeration_\Large\High_eff . 'Efficiency' = Interp(2014, 100.0)
      [OK]  Demand\Residential\Projections\Refrigeration_\Large\Low_eff . 'Efficiency' = Interp(2014, 65.60978818576503)
      [OK]  Demand\Residential\Projections\Refrigeration_\Large\Mid_eff . 'Efficiency' = Interp(2014, 82.4297520661157)
      [OK]  Demand\Residential\Projections\Refrigeration_\Medium\High_eff . 'Efficiency' = Interp(2014, 100.0)
      [OK]  Demand\Residential\Projections\Refrigeration_\Medium\Low_eff . 'Efficiency' = Interp(2014, 68.52967761373908)
      [OK]  Demand\Residential\Projections\Refrigeration_\Medium\Mid_eff . 'Efficiency' = Interp(2014, 90.72596729158356)
      [OK]  Demand\Residential\Projections\Refrigeration_\Small\High_eff . 'Efficiency' = Interp(2014, 100.0)
      [OK]  Demand\Residential\Projections\Refrigeration_\Small\Low_eff . 'Efficiency' = Interp(2014, 58.85075202468183)
      [OK]  Demand\Residential\Projections\Refrigeration_\Small\Mid_eff . 'Efficiency' = Interp(2014, 86.33663366336634)
      [OK]  Demand\Residential\Projections\Refrigeration_\Large\High_eff . 'Exogenous Devices' = Interp(2005, 277552.6, 2006, 292765.3, 2007, 308345.7, 20...
      [OK]  Demand\Residential\Projections\Refrigeration_\Large\Low_eff . 'Exogenous Devices' = Interp(2005, 180700.1, 2006, 190604.3, 2007, 200747.9, 20...
      [OK]  Demand\Residential\Projections\Refrigeration_\Large\Mid_eff . 'Exogenous Devices' = Interp(2005, 223137.2, 2006, 235367.4, 2007, 247893.2, 20...
      [OK]  Demand\Residential\Projections\Refrigeration_\Medium\High_eff . 'Exogenous Devices' = Interp(2005, 1486513.1, 2006, 1567988.9, 2007, 1651434.7,...
      [OK]  Demand\Residential\Projections\Refrigeration_\Medium\Low_eff . 'Exogenous Devices' = Interp(2005, 0)
      [OK]  Demand\Residential\Projections\Refrigeration_\Medium\Mid_eff . 'Exogenous Devices' = Interp(2005, 0)
      [OK]  Demand\Residential\Projections\Refrigeration_\Small\High_eff . 'Exogenous Devices' = Interp(2005, 1259954.4, 2006, 1329012.5, 2007, 1399740.4,...
      [OK]  Demand\Residential\Projections\Refrigeration_\Small\Low_eff . 'Exogenous Devices' = Interp(2005, 0)
      [OK]  Demand\Residential\Projections\Refrigeration_\Small\Mid_eff . 'Exogenous Devices' = Interp(2005, 0)
      [OK]  Demand\Residential\Projections\Refrigeration_\Large\High_eff . 'Fixed OM Cost' = 0
      [OK]  Demand\Residential\Projections\Refrigeration_\Large\Low_eff . 'Fixed OM Cost' = 0
      [OK]  Demand\Residential\Projections\Refrigeration_\Large\Mid_eff . 'Fixed OM Cost' = 0
      [OK]  Demand\Residential\Projections\Refrigeration_\Medium\High_eff . 'Fixed OM Cost' = 0
      [OK]  Demand\Residential\Projections\Refrigeration_\Medium\Low_eff . 'Fixed OM Cost' = 0
      [OK]  Demand\Residential\Projections\Refrigeration_\Medium\Mid_eff . 'Fixed OM Cost' = 0
      [OK]  Demand\Residential\Projections\Refrigeration_\Small\High_eff . 'Fixed OM Cost' = 0
      [OK]  Demand\Residential\Projections\Refrigeration_\Small\Low_eff . 'Fixed OM Cost' = 0
      [OK]  Demand\Residential\Projections\Refrigeration_\Small\Mid_eff . 'Fixed OM Cost' = 0
      [OK]  Demand\Residential\Projections\Refrigeration_\Large\High_eff . 'Lifetime' = 12
      [OK]  Demand\Residential\Projections\Refrigeration_\Large\Low_eff . 'Lifetime' = 12
      [OK]  Demand\Residential\Projections\Refrigeration_\Large\Mid_eff . 'Lifetime' = 12
      [OK]  Demand\Residential\Projections\Refrigeration_\Medium\High_eff . 'Lifetime' = 12
      [OK]  Demand\Residential\Projections\Refrigeration_\Medium\Low_eff . 'Lifetime' = 12
      [OK]  Demand\Residential\Projections\Refrigeration_\Medium\Mid_eff . 'Lifetime' = 12
      [OK]  Demand\Residential\Projections\Refrigeration_\Small\High_eff . 'Lifetime' = 12
      [OK]  Demand\Residential\Projections\Refrigeration_\Small\Low_eff . 'Lifetime' = 12
      [OK]  Demand\Residential\Projections\Refrigeration_\Small\Mid_eff . 'Lifetime' = 12
      [OK]  Demand\Residential\Projections\Refrigeration_\Large\High_eff . 'Unit Capacity' = Interp(2014, 0.05692922374429223)
      [OK]  Demand\Residential\Projections\Refrigeration_\Large\Low_eff . 'Unit Capacity' = Interp(2014, 0.05692922374429223)
      [OK]  Demand\Residential\Projections\Refrigeration_\Large\Mid_eff . 'Unit Capacity' = Interp(2014, 0.05692922374429223)
      [OK]  Demand\Residential\Projections\Refrigeration_\Medium\High_eff . 'Unit Capacity' = Interp(2014, 0.051929223744292236)
      [OK]  Demand\Residential\Projections\Refrigeration_\Medium\Low_eff . 'Unit Capacity' = Interp(2014, 0.051929223744292236)
      [OK]  Demand\Residential\Projections\Refrigeration_\Medium\Mid_eff . 'Unit Capacity' = Interp(2014, 0.051929223744292236)
      [OK]  Demand\Residential\Projections\Refrigeration_\Small\High_eff . 'Unit Capacity' = Interp(2014, 0.03484018264840182)
      [OK]  Demand\Residential\Projections\Refrigeration_\Small\Low_eff . 'Unit Capacity' = Interp(2014, 0.03484018264840182)
      [OK]  Demand\Residential\Projections\Refrigeration_\Small\Mid_eff . 'Unit Capacity' = Interp(2014, 0.03484018264840182)
      [OK]  Demand\Residential\Projections\Refrigeration_\Large\High_eff . 'Variable OM Cost' = Interp(2014, 30.4207)
      [OK]  Demand\Residential\Projections\Refrigeration_\Large\Low_eff . 'Variable OM Cost' = Interp(2014, 46.3661)
      [OK]  Demand\Residential\Projections\Refrigeration_\Large\Mid_eff . 'Variable OM Cost' = Interp(2014, 36.905)
      [OK]  Demand\Residential\Projections\Refrigeration_\Medium\High_eff . 'Variable OM Cost' = Interp(2014, 27.7489)
      [OK]  Demand\Residential\Projections\Refrigeration_\Medium\Low_eff . 'Variable OM Cost' = Interp(2014, 40.4918)
      [OK]  Demand\Residential\Projections\Refrigeration_\Medium\Mid_eff . 'Variable OM Cost' = Interp(2014, 30.585399999999996)
      [OK]  Demand\Residential\Projections\Refrigeration_\Small\High_eff . 'Variable OM Cost' = Interp(2014, 18.6172)
      [OK]  Demand\Residential\Projections\Refrigeration_\Small\Low_eff . 'Variable OM Cost' = Interp(2014, 31.6346)
      [OK]  Demand\Residential\Projections\Refrigeration_\Small\Mid_eff . 'Variable OM Cost' = Interp(2014, 21.5635)
    --- region 'Myanmar' (79 rows) ---
      [OK]  Key\Residential\Refrigeration\Efficiency_Share\Large_High . 'Activity Level' = Interp(2014, 59.59183673469387, 2015, 59.59183673469387, ...
      [OK]  Key\Residential\Refrigeration\Efficiency_Share\Large_Low . 'Activity Level' = Interp(2014, 7.755102040816326, 2015, 7.755102040816326, ...
      [OK]  Key\Residential\Refrigeration\Efficiency_Share\Large_Mid . 'Activity Level' = Interp(2014, 32.6530612244898, 2015, 32.6530612244898, 20...
      [OK]  Key\Residential\Refrigeration\Efficiency_Share\Medium_High . 'Activity Level' = Interp(2014, 59.58631662688943, 2015, 59.58631662688943, ...
      [OK]  Key\Residential\Refrigeration\Efficiency_Share\Medium_Low . 'Activity Level' = Interp(2014, 7.716785998408909, 2015, 7.716785998408909, ...
      [OK]  Key\Residential\Refrigeration\Efficiency_Share\Medium_Mid . 'Activity Level' = Interp(2014, 32.69689737470167, 2015, 32.69689737470167, ...
      [OK]  Key\Residential\Refrigeration\Efficiency_Share\Small_High . 'Activity Level' = Interp(2014, 44.85641584878227, 2015, 44.85641584878227, ...
      [OK]  Key\Residential\Refrigeration\Efficiency_Share\Small_Low . 'Activity Level' = Interp(2014, 39.44020356234096, 2015, 39.44020356234096, ...
      [OK]  Key\Residential\Refrigeration\Efficiency_Share\Small_Mid . 'Activity Level' = Interp(2014, 15.703380588876772, 2015, 15.703380588876772...
      [OK]  Key\Residential\Refrigeration\Size_Share\Large . 'Activity Level' = Interp(2014, 4.9, 2015, 4.9, 2016, 4.9, 2017, 4.9, 2018, ...
      [OK]  Key\Residential\Refrigeration\Size_Share\Medium . 'Activity Level' = Interp(2014, 12.57, 2015, 12.57, 2016, 12.57, 2017, 12.57...
      [OK]  Key\Residential\Refrigeration\Size_Share\Small . 'Activity Level' = Interp(2014, 82.53, 2015, 82.53, 2016, 82.53, 2017, 82.53...
      [OK]  Key\Residential\Refrigeration\Percent Ownership . 'Activity Level' = Interp(2014, 38.88, 2015, 39.49, 2016, 40.09, 2017, 40.69...
      [OK]  Key\Residential\Refrigeration\Useful_EI\Large . 'Activity Level' = Interp(2014, 0.0428804815133276)
      [OK]  Key\Residential\Refrigeration\Useful_EI\Medium . 'Activity Level' = Interp(2014, 0.03911435941530524)
      [OK]  Key\Residential\Refrigeration\Useful_EI\Small . 'Activity Level' = Interp(2014, 0.026242476354256233)
      [OK]  Demand\Residential\Projections\Refrigeration_\Large\High_eff . 'Capital Cost' = Interp(2014, 2008.2, 2015, 2008.2, 2016, 2008.2, 2017, 20...
      [OK]  Demand\Residential\Projections\Refrigeration_\Large\Low_eff . 'Capital Cost' = Interp(2014, 1910.9, 2015, 1910.9, 2016, 1910.9, 2017, 19...
      [OK]  Demand\Residential\Projections\Refrigeration_\Large\Mid_eff . 'Capital Cost' = Interp(2014, 1851.9, 2015, 1851.9, 2016, 1851.9, 2017, 18...
      [OK]  Demand\Residential\Projections\Refrigeration_\Medium\High_eff . 'Capital Cost' = Interp(2014, 1397.7, 2015, 1397.7, 2016, 1397.7, 2017, 13...
      [OK]  Demand\Residential\Projections\Refrigeration_\Medium\Low_eff . 'Capital Cost' = Interp(2014, 1309.6, 2015, 1309.6, 2016, 1309.6, 2017, 13...
      [OK]  Demand\Residential\Projections\Refrigeration_\Medium\Mid_eff . 'Capital Cost' = Interp(2014, 1190.1, 2015, 1190.1, 2016, 1190.1, 2017, 11...
      [OK]  Demand\Residential\Projections\Refrigeration_\Small\High_eff . 'Capital Cost' = Interp(2014, 667.2, 2015, 667.2, 2016, 667.2, 2017, 667.2...
      [OK]  Demand\Residential\Projections\Refrigeration_\Small\Low_eff . 'Capital Cost' = Interp(2014, 397.2, 2015, 397.2, 2016, 397.2, 2017, 397.2...
      [OK]  Demand\Residential\Projections\Refrigeration_\Small\Mid_eff . 'Capital Cost' = Interp(2014, 519.9, 2015, 519.9, 2016, 519.9, 2017, 519.9...
      [OK]  Demand\Residential\Projections\Refrigeration_\Large\High_eff . 'Efficiency' = Interp(2014, 100.0)
      [OK]  Demand\Residential\Projections\Refrigeration_\Large\Low_eff . 'Efficiency' = Interp(2014, 65.60978818576503)
      [OK]  Demand\Residential\Projections\Refrigeration_\Large\Mid_eff . 'Efficiency' = Interp(2014, 82.4297520661157)
      [OK]  Demand\Residential\Projections\Refrigeration_\Medium\High_eff . 'Efficiency' = Interp(2014, 100.0)
      [OK]  Demand\Residential\Projections\Refrigeration_\Medium\Low_eff . 'Efficiency' = Interp(2014, 68.52967761373908)
      [OK]  Demand\Residential\Projections\Refrigeration_\Medium\Mid_eff . 'Efficiency' = Interp(2014, 90.72596729158356)
      [OK]  Demand\Residential\Projections\Refrigeration_\Small\High_eff . 'Efficiency' = Interp(2014, 100.0)
      [OK]  Demand\Residential\Projections\Refrigeration_\Small\Low_eff . 'Efficiency' = Interp(2014, 58.85075202468183)
      [OK]  Demand\Residential\Projections\Refrigeration_\Small\Mid_eff . 'Efficiency' = Interp(2014, 86.33663366336634)
      [OK]  Demand\Residential\Projections\Refrigeration_\Large\High_eff . 'Exogenous Devices' = Interp(2005, 70885, 2006, 73092.5, 2007, 75334.5, 2008, 7...
      [OK]  Demand\Residential\Projections\Refrigeration_\Large\Low_eff . 'Exogenous Devices' = Interp(2005, 9224.8, 2006, 9512, 2007, 9803.8, 2008, 1008...
      [OK]  Demand\Residential\Projections\Refrigeration_\Large\Mid_eff . 'Exogenous Devices' = Interp(2005, 38841.1, 2006, 40050.7, 2007, 41279.2, 2008,...
      [OK]  Demand\Residential\Projections\Refrigeration_\Medium\High_eff . 'Exogenous Devices' = Interp(2005, 305145.3, 2006, 314648.4, 2007, 324299.4, 20...
      [OK]  Demand\Residential\Projections\Refrigeration_\Medium\Low_eff . 'Exogenous Devices' = Interp(2005, 0)
      [OK]  Demand\Residential\Projections\Refrigeration_\Medium\Mid_eff . 'Exogenous Devices' = Interp(2005, 0)
      [OK]  Demand\Residential\Projections\Refrigeration_\Small\High_eff . 'Exogenous Devices' = Interp(2005, 2003471.6, 2006, 2065865.5, 2007, 2129230.8,...
      [OK]  Demand\Residential\Projections\Refrigeration_\Small\Low_eff . 'Exogenous Devices' = Interp(2005, 0)
      [OK]  Demand\Residential\Projections\Refrigeration_\Small\Mid_eff . 'Exogenous Devices' = Interp(2005, 0)
      [OK]  Demand\Residential\Projections\Refrigeration_\Large\High_eff . 'Fixed OM Cost' = 0
      [OK]  Demand\Residential\Projections\Refrigeration_\Large\Low_eff . 'Fixed OM Cost' = 0
      [OK]  Demand\Residential\Projections\Refrigeration_\Large\Mid_eff . 'Fixed OM Cost' = 0
      [OK]  Demand\Residential\Projections\Refrigeration_\Medium\High_eff . 'Fixed OM Cost' = 0
      [OK]  Demand\Residential\Projections\Refrigeration_\Medium\Low_eff . 'Fixed OM Cost' = 0
      [OK]  Demand\Residential\Projections\Refrigeration_\Medium\Mid_eff . 'Fixed OM Cost' = 0
      [OK]  Demand\Residential\Projections\Refrigeration_\Small\High_eff . 'Fixed OM Cost' = 0
      [OK]  Demand\Residential\Projections\Refrigeration_\Small\Low_eff . 'Fixed OM Cost' = 0
      [OK]  Demand\Residential\Projections\Refrigeration_\Small\Mid_eff . 'Fixed OM Cost' = 0
      [OK]  Demand\Residential\Projections\Refrigeration_\Large\High_eff . 'Lifetime' = 12
      [OK]  Demand\Residential\Projections\Refrigeration_\Large\Low_eff . 'Lifetime' = 12
      [OK]  Demand\Residential\Projections\Refrigeration_\Large\Mid_eff . 'Lifetime' = 12
      [OK]  Demand\Residential\Projections\Refrigeration_\Medium\High_eff . 'Lifetime' = 12
      [OK]  Demand\Residential\Projections\Refrigeration_\Medium\Low_eff . 'Lifetime' = 12
      [OK]  Demand\Residential\Projections\Refrigeration_\Medium\Mid_eff . 'Lifetime' = 12
      [OK]  Demand\Residential\Projections\Refrigeration_\Small\High_eff . 'Lifetime' = 12
      [OK]  Demand\Residential\Projections\Refrigeration_\Small\Low_eff . 'Lifetime' = 12
      [OK]  Demand\Residential\Projections\Refrigeration_\Small\Mid_eff . 'Lifetime' = 12
      [OK]  Demand\Residential\Projections\Refrigeration_\Large\High_eff . 'Unit Capacity' = Interp(2014, 0.05692922374429223)
      [OK]  Demand\Residential\Projections\Refrigeration_\Large\Low_eff . 'Unit Capacity' = Interp(2014, 0.05692922374429223)
      [OK]  Demand\Residential\Projections\Refrigeration_\Large\Mid_eff . 'Unit Capacity' = Interp(2014, 0.05692922374429223)
      [OK]  Demand\Residential\Projections\Refrigeration_\Medium\High_eff . 'Unit Capacity' = Interp(2014, 0.051929223744292236)
      [OK]  Demand\Residential\Projections\Refrigeration_\Medium\Low_eff . 'Unit Capacity' = Interp(2014, 0.051929223744292236)
      [OK]  Demand\Residential\Projections\Refrigeration_\Medium\Mid_eff . 'Unit Capacity' = Interp(2014, 0.051929223744292236)
      [OK]  Demand\Residential\Projections\Refrigeration_\Small\High_eff . 'Unit Capacity' = Interp(2014, 0.03484018264840182)
      [OK]  Demand\Residential\Projections\Refrigeration_\Small\Low_eff . 'Unit Capacity' = Interp(2014, 0.03484018264840182)
      [OK]  Demand\Residential\Projections\Refrigeration_\Small\Mid_eff . 'Unit Capacity' = Interp(2014, 0.03484018264840182)
      [OK]  Demand\Residential\Projections\Refrigeration_\Large\High_eff . 'Variable OM Cost' = Interp(2014, 43.33703)
      [OK]  Demand\Residential\Projections\Refrigeration_\Large\Low_eff . 'Variable OM Cost' = Interp(2014, 66.05269000000001)
      [OK]  Demand\Residential\Projections\Refrigeration_\Large\Mid_eff . 'Variable OM Cost' = Interp(2014, 52.5745)
      [OK]  Demand\Residential\Projections\Refrigeration_\Medium\High_eff . 'Variable OM Cost' = Interp(2014, 39.53081)
      [OK]  Demand\Residential\Projections\Refrigeration_\Medium\Low_eff . 'Variable OM Cost' = Interp(2014, 57.684219999999996)
      [OK]  Demand\Residential\Projections\Refrigeration_\Medium\Mid_eff . 'Variable OM Cost' = Interp(2014, 43.57166)
      [OK]  Demand\Residential\Projections\Refrigeration_\Small\High_eff . 'Variable OM Cost' = Interp(2014, 26.52188)
      [OK]  Demand\Residential\Projections\Refrigeration_\Small\Low_eff . 'Variable OM Cost' = Interp(2014, 45.066340000000004)
      [OK]  Demand\Residential\Projections\Refrigeration_\Small\Mid_eff . 'Variable OM Cost' = Interp(2014, 30.719150000000003)
    --- region 'Philippines' (79 rows) ---
      [OK]  Key\Residential\Refrigeration\Efficiency_Share\Large_High . 'Activity Level' = Interp(2014, 60.0, 2015, 59.800664451827245, 2016, 59.800...
      [OK]  Key\Residential\Refrigeration\Efficiency_Share\Large_Low . 'Activity Level' = Interp(2014, 7.333333333333333, 2015, 7.641196013289038, ...
      [OK]  Key\Residential\Refrigeration\Efficiency_Share\Large_Mid . 'Activity Level' = Interp(2014, 32.666666666666664, 2015, 32.55813953488372,...
      [OK]  Key\Residential\Refrigeration\Efficiency_Share\Medium_High . 'Activity Level' = Interp(2014, 60.0, 2015, 59.87361769352291, 2016, 59.7647...
      [OK]  Key\Residential\Refrigeration\Efficiency_Share\Medium_Low . 'Activity Level' = Interp(2014, 7.44, 2015, 7.503949447077408, 2016, 7.60784...
      [OK]  Key\Residential\Refrigeration\Efficiency_Share\Medium_Mid . 'Activity Level' = Interp(2014, 32.56, 2015, 32.62243285939968, 2016, 32.627...
      [OK]  Key\Residential\Refrigeration\Efficiency_Share\Small_High . 'Activity Level' = Interp(2014, 42.28402366863905, 2015, 42.31681290016599, ...
      [OK]  Key\Residential\Refrigeration\Efficiency_Share\Small_Low . 'Activity Level' = Interp(2014, 42.55621301775148, 2015, 42.54209153426607, ...
      [OK]  Key\Residential\Refrigeration\Efficiency_Share\Small_Mid . 'Activity Level' = Interp(2014, 15.159763313609467, 2015, 15.14109556556794,...
      [OK]  Key\Residential\Refrigeration\Size_Share\Large . 'Activity Level' = Interp(2014, 3.0, 2015, 3.0096990300969897, 2016, 3.00939...
      [OK]  Key\Residential\Refrigeration\Size_Share\Medium . 'Activity Level' = Interp(2014, 12.5, 2015, 12.65873412658734, 2016, 12.7474...
      [OK]  Key\Residential\Refrigeration\Size_Share\Small . 'Activity Level' = Interp(2014, 84.5, 2015, 84.33156684331567, 2016, 84.2431...
      [OK]  Key\Residential\Refrigeration\Percent Ownership . 'Activity Level' = Interp(2014, 87.42, 2015, 87.54, 2016, 87.67, 2017, 87.79...
      [OK]  Key\Residential\Refrigeration\Useful_EI\Large . 'Activity Level' = Interp(2014, 0.0428804815133276)
      [OK]  Key\Residential\Refrigeration\Useful_EI\Medium . 'Activity Level' = Interp(2014, 0.03911435941530524)
      [OK]  Key\Residential\Refrigeration\Useful_EI\Small . 'Activity Level' = Interp(2014, 0.026242476354256233)
      [OK]  Demand\Residential\Projections\Refrigeration_\Large\High_eff . 'Capital Cost' = Interp(2014, 2008.2, 2015, 2008.2, 2016, 2008.2, 2017, 20...
      [OK]  Demand\Residential\Projections\Refrigeration_\Large\Low_eff . 'Capital Cost' = Interp(2014, 1910.9, 2015, 1910.9, 2016, 1910.9, 2017, 19...
      [OK]  Demand\Residential\Projections\Refrigeration_\Large\Mid_eff . 'Capital Cost' = Interp(2014, 1851.9, 2015, 1851.9, 2016, 1851.9, 2017, 18...
      [OK]  Demand\Residential\Projections\Refrigeration_\Medium\High_eff . 'Capital Cost' = Interp(2014, 1397.7, 2015, 1397.7, 2016, 1397.7, 2017, 13...
      [OK]  Demand\Residential\Projections\Refrigeration_\Medium\Low_eff . 'Capital Cost' = Interp(2014, 1309.6, 2015, 1309.6, 2016, 1309.6, 2017, 13...
      [OK]  Demand\Residential\Projections\Refrigeration_\Medium\Mid_eff . 'Capital Cost' = Interp(2014, 1190.1, 2015, 1190.1, 2016, 1190.1, 2017, 11...
      [OK]  Demand\Residential\Projections\Refrigeration_\Small\High_eff . 'Capital Cost' = Interp(2014, 667.2, 2015, 667.2, 2016, 667.2, 2017, 667.2...
      [OK]  Demand\Residential\Projections\Refrigeration_\Small\Low_eff . 'Capital Cost' = Interp(2014, 397.2, 2015, 397.2, 2016, 397.2, 2017, 397.2...
      [OK]  Demand\Residential\Projections\Refrigeration_\Small\Mid_eff . 'Capital Cost' = Interp(2014, 519.9, 2015, 519.9, 2016, 519.9, 2017, 519.9...
      [OK]  Demand\Residential\Projections\Refrigeration_\Large\High_eff . 'Efficiency' = Interp(2014, 100.0)
      [OK]  Demand\Residential\Projections\Refrigeration_\Large\Low_eff . 'Efficiency' = Interp(2014, 65.60978818576503)
      [OK]  Demand\Residential\Projections\Refrigeration_\Large\Mid_eff . 'Efficiency' = Interp(2014, 82.4297520661157)
      [OK]  Demand\Residential\Projections\Refrigeration_\Medium\High_eff . 'Efficiency' = Interp(2014, 100.0)
      [OK]  Demand\Residential\Projections\Refrigeration_\Medium\Low_eff . 'Efficiency' = Interp(2014, 68.52967761373908)
      [OK]  Demand\Residential\Projections\Refrigeration_\Medium\Mid_eff . 'Efficiency' = Interp(2014, 90.72596729158356)
      [OK]  Demand\Residential\Projections\Refrigeration_\Small\High_eff . 'Efficiency' = Interp(2014, 100.0)
      [OK]  Demand\Residential\Projections\Refrigeration_\Small\Low_eff . 'Efficiency' = Interp(2014, 58.85075202468183)
      [OK]  Demand\Residential\Projections\Refrigeration_\Small\Mid_eff . 'Efficiency' = Interp(2014, 86.33663366336634)
      [OK]  Demand\Residential\Projections\Refrigeration_\Large\High_eff . 'Exogenous Devices' = Interp(2005, 134572, 2006, 141201.7, 2007, 148054.3, 2008...
      [OK]  Demand\Residential\Projections\Refrigeration_\Large\Low_eff . 'Exogenous Devices' = Interp(2005, 18690.5, 2006, 19611.3, 2007, 20563.1, 2008,...
      [OK]  Demand\Residential\Projections\Refrigeration_\Large\Mid_eff . 'Exogenous Devices' = Interp(2005, 74014.6, 2006, 77660.9, 2007, 81429.9, 2008,...
      [OK]  Demand\Residential\Projections\Refrigeration_\Medium\High_eff . 'Exogenous Devices' = Interp(2005, 881495.2, 2006, 924922.2, 2007, 969809.6, 20...
      [OK]  Demand\Residential\Projections\Refrigeration_\Medium\Low_eff . 'Exogenous Devices' = Interp(2005, 0)
      [OK]  Demand\Residential\Projections\Refrigeration_\Medium\Mid_eff . 'Exogenous Devices' = Interp(2005, 0)
      [OK]  Demand\Residential\Projections\Refrigeration_\Small\High_eff . 'Exogenous Devices' = Interp(2005, 5972218.7, 2006, 6266440.9, 2007, 6570557.2,...
      [OK]  Demand\Residential\Projections\Refrigeration_\Small\Low_eff . 'Exogenous Devices' = Interp(2005, 0)
      [OK]  Demand\Residential\Projections\Refrigeration_\Small\Mid_eff . 'Exogenous Devices' = Interp(2005, 0)
      [OK]  Demand\Residential\Projections\Refrigeration_\Large\High_eff . 'Fixed OM Cost' = 0
      [OK]  Demand\Residential\Projections\Refrigeration_\Large\Low_eff . 'Fixed OM Cost' = 0
      [OK]  Demand\Residential\Projections\Refrigeration_\Large\Mid_eff . 'Fixed OM Cost' = 0
      [OK]  Demand\Residential\Projections\Refrigeration_\Medium\High_eff . 'Fixed OM Cost' = 0
      [OK]  Demand\Residential\Projections\Refrigeration_\Medium\Low_eff . 'Fixed OM Cost' = 0
      [OK]  Demand\Residential\Projections\Refrigeration_\Medium\Mid_eff . 'Fixed OM Cost' = 0
      [OK]  Demand\Residential\Projections\Refrigeration_\Small\High_eff . 'Fixed OM Cost' = 0
      [OK]  Demand\Residential\Projections\Refrigeration_\Small\Low_eff . 'Fixed OM Cost' = 0
      [OK]  Demand\Residential\Projections\Refrigeration_\Small\Mid_eff . 'Fixed OM Cost' = 0
      [OK]  Demand\Residential\Projections\Refrigeration_\Large\High_eff . 'Lifetime' = 12
      [OK]  Demand\Residential\Projections\Refrigeration_\Large\Low_eff . 'Lifetime' = 12
      [OK]  Demand\Residential\Projections\Refrigeration_\Large\Mid_eff . 'Lifetime' = 12
      [OK]  Demand\Residential\Projections\Refrigeration_\Medium\High_eff . 'Lifetime' = 12
      [OK]  Demand\Residential\Projections\Refrigeration_\Medium\Low_eff . 'Lifetime' = 12
      [OK]  Demand\Residential\Projections\Refrigeration_\Medium\Mid_eff . 'Lifetime' = 12
      [OK]  Demand\Residential\Projections\Refrigeration_\Small\High_eff . 'Lifetime' = 12
      [OK]  Demand\Residential\Projections\Refrigeration_\Small\Low_eff . 'Lifetime' = 12
      [OK]  Demand\Residential\Projections\Refrigeration_\Small\Mid_eff . 'Lifetime' = 12
      [OK]  Demand\Residential\Projections\Refrigeration_\Large\High_eff . 'Unit Capacity' = Interp(2014, 0.05692922374429223)
      [OK]  Demand\Residential\Projections\Refrigeration_\Large\Low_eff . 'Unit Capacity' = Interp(2014, 0.05692922374429223)
      [OK]  Demand\Residential\Projections\Refrigeration_\Large\Mid_eff . 'Unit Capacity' = Interp(2014, 0.05692922374429223)
      [OK]  Demand\Residential\Projections\Refrigeration_\Medium\High_eff . 'Unit Capacity' = Interp(2014, 0.051929223744292236)
      [OK]  Demand\Residential\Projections\Refrigeration_\Medium\Low_eff . 'Unit Capacity' = Interp(2014, 0.051929223744292236)
      [OK]  Demand\Residential\Projections\Refrigeration_\Medium\Mid_eff . 'Unit Capacity' = Interp(2014, 0.051929223744292236)
      [OK]  Demand\Residential\Projections\Refrigeration_\Small\High_eff . 'Unit Capacity' = Interp(2014, 0.03484018264840182)
      [OK]  Demand\Residential\Projections\Refrigeration_\Small\Low_eff . 'Unit Capacity' = Interp(2014, 0.03484018264840182)
      [OK]  Demand\Residential\Projections\Refrigeration_\Small\Mid_eff . 'Unit Capacity' = Interp(2014, 0.03484018264840182)
      [OK]  Demand\Residential\Projections\Refrigeration_\Large\High_eff . 'Variable OM Cost' = Interp(2014, 85.7764)
      [OK]  Demand\Residential\Projections\Refrigeration_\Large\Low_eff . 'Variable OM Cost' = Interp(2014, 130.7372)
      [OK]  Demand\Residential\Projections\Refrigeration_\Large\Mid_eff . 'Variable OM Cost' = Interp(2014, 104.05999999999999)
      [OK]  Demand\Residential\Projections\Refrigeration_\Medium\High_eff . 'Variable OM Cost' = Interp(2014, 78.24279999999999)
      [OK]  Demand\Residential\Projections\Refrigeration_\Medium\Low_eff . 'Variable OM Cost' = Interp(2014, 114.17359999999998)
      [OK]  Demand\Residential\Projections\Refrigeration_\Medium\Mid_eff . 'Variable OM Cost' = Interp(2014, 86.2408)
      [OK]  Demand\Residential\Projections\Refrigeration_\Small\High_eff . 'Variable OM Cost' = Interp(2014, 52.49439999999999)
      [OK]  Demand\Residential\Projections\Refrigeration_\Small\Low_eff . 'Variable OM Cost' = Interp(2014, 89.19919999999999)
      [OK]  Demand\Residential\Projections\Refrigeration_\Small\Mid_eff . 'Variable OM Cost' = Interp(2014, 60.80199999999999)
    --- region 'Singapore' (79 rows) ---
      [OK]  Key\Residential\Refrigeration\Efficiency_Share\Large_High . 'Activity Level' = Interp(2014, 42.21879815100154, 2015, 42.21879815100154, ...
      [OK]  Key\Residential\Refrigeration\Efficiency_Share\Large_Low . 'Activity Level' = Interp(2014, 20.184899845916796, 2015, 20.107858243451464...
      [OK]  Key\Residential\Refrigeration\Efficiency_Share\Large_Mid . 'Activity Level' = Interp(2014, 37.59630200308166, 2015, 37.673343605547, 20...
      [OK]  Key\Residential\Refrigeration\Efficiency_Share\Medium_High . 'Activity Level' = Interp(2014, 42.47752247752248, 2015, 42.48775710088149, ...
      [OK]  Key\Residential\Refrigeration\Efficiency_Share\Medium_Low . 'Activity Level' = Interp(2014, 20.63936063936064, 2015, 20.548481880509303,...
      [OK]  Key\Residential\Refrigeration\Efficiency_Share\Medium_Mid . 'Activity Level' = Interp(2014, 36.883116883116884, 2015, 36.963761018609205...
      [OK]  Key\Residential\Refrigeration\Efficiency_Share\Small_High . 'Activity Level' = Interp(2014, 43.455922120064905, 2015, 43.512086690747424...
      [OK]  Key\Residential\Refrigeration\Efficiency_Share\Small_Low . 'Activity Level' = Interp(2014, 38.39913466738778, 2015, 38.288413448180044,...
      [OK]  Key\Residential\Refrigeration\Efficiency_Share\Small_Mid . 'Activity Level' = Interp(2014, 18.144943212547325, 2015, 18.199499861072518...
      [OK]  Key\Residential\Refrigeration\Size_Share\Large . 'Activity Level' = Interp(2014, 12.97870212978702, 2015, 12.977404519096181,...
      [OK]  Key\Residential\Refrigeration\Size_Share\Medium . 'Activity Level' = Interp(2014, 50.04499550044995, 2015, 51.03979204159169, ...
      [OK]  Key\Residential\Refrigeration\Size_Share\Small . 'Activity Level' = Interp(2014, 36.97630236976302, 2015, 35.982803439312136,...
      [OK]  Key\Residential\Refrigeration\Percent Ownership . 'Activity Level' = Interp(2014, 100.0, 2015, 100.0, 2016, 100.0, 2017, 100.0...
      [OK]  Key\Residential\Refrigeration\Useful_EI\Large . 'Activity Level' = Interp(2014, 0.0428804815133276)
      [OK]  Key\Residential\Refrigeration\Useful_EI\Medium . 'Activity Level' = Interp(2014, 0.03911435941530524)
      [OK]  Key\Residential\Refrigeration\Useful_EI\Small . 'Activity Level' = Interp(2014, 0.026242476354256233)
      [OK]  Demand\Residential\Projections\Refrigeration_\Large\High_eff . 'Capital Cost' = Interp(2014, 2008.2, 2015, 2008.2, 2016, 2008.2, 2017, 20...
      [OK]  Demand\Residential\Projections\Refrigeration_\Large\Low_eff . 'Capital Cost' = Interp(2014, 1910.9, 2015, 1910.9, 2016, 1910.9, 2017, 19...
      [OK]  Demand\Residential\Projections\Refrigeration_\Large\Mid_eff . 'Capital Cost' = Interp(2014, 1851.9, 2015, 1851.9, 2016, 1851.9, 2017, 18...
      [OK]  Demand\Residential\Projections\Refrigeration_\Medium\High_eff . 'Capital Cost' = Interp(2014, 1397.7, 2015, 1397.7, 2016, 1397.7, 2017, 13...
      [OK]  Demand\Residential\Projections\Refrigeration_\Medium\Low_eff . 'Capital Cost' = Interp(2014, 1309.6, 2015, 1309.6, 2016, 1309.6, 2017, 13...
      [OK]  Demand\Residential\Projections\Refrigeration_\Medium\Mid_eff . 'Capital Cost' = Interp(2014, 1190.1, 2015, 1190.1, 2016, 1190.1, 2017, 11...
      [OK]  Demand\Residential\Projections\Refrigeration_\Small\High_eff . 'Capital Cost' = Interp(2014, 667.2, 2015, 667.2, 2016, 667.2, 2017, 667.2...
      [OK]  Demand\Residential\Projections\Refrigeration_\Small\Low_eff . 'Capital Cost' = Interp(2014, 397.2, 2015, 397.2, 2016, 397.2, 2017, 397.2...
      [OK]  Demand\Residential\Projections\Refrigeration_\Small\Mid_eff . 'Capital Cost' = Interp(2014, 519.9, 2015, 519.9, 2016, 519.9, 2017, 519.9...
      [OK]  Demand\Residential\Projections\Refrigeration_\Large\High_eff . 'Efficiency' = Interp(2014, 100.0)
      [OK]  Demand\Residential\Projections\Refrigeration_\Large\Low_eff . 'Efficiency' = Interp(2014, 65.60978818576503)
      [OK]  Demand\Residential\Projections\Refrigeration_\Large\Mid_eff . 'Efficiency' = Interp(2014, 82.4297520661157)
      [OK]  Demand\Residential\Projections\Refrigeration_\Medium\High_eff . 'Efficiency' = Interp(2014, 100.0)
      [OK]  Demand\Residential\Projections\Refrigeration_\Medium\Low_eff . 'Efficiency' = Interp(2014, 68.52967761373908)
      [OK]  Demand\Residential\Projections\Refrigeration_\Medium\Mid_eff . 'Efficiency' = Interp(2014, 90.72596729158356)
      [OK]  Demand\Residential\Projections\Refrigeration_\Small\High_eff . 'Efficiency' = Interp(2014, 100.0)
      [OK]  Demand\Residential\Projections\Refrigeration_\Small\Low_eff . 'Efficiency' = Interp(2014, 58.85075202468183)
      [OK]  Demand\Residential\Projections\Refrigeration_\Small\Mid_eff . 'Efficiency' = Interp(2014, 86.33663366336634)
      [OK]  Demand\Residential\Projections\Refrigeration_\Large\High_eff . 'Exogenous Devices' = Interp(2005, 30073.2, 2006, 32000.6, 2007, 34372.9, 2008,...
      [OK]  Demand\Residential\Projections\Refrigeration_\Large\Low_eff . 'Exogenous Devices' = Interp(2005, 14495.3, 2006, 15424.3, 2007, 16567.7, 2008,...
      [OK]  Demand\Residential\Projections\Refrigeration_\Large\Mid_eff . 'Exogenous Devices' = Interp(2005, 27486.9, 2006, 29248.6, 2007, 31416.8, 2008,...
      [OK]  Demand\Residential\Projections\Refrigeration_\Medium\High_eff . 'Exogenous Devices' = Interp(2005, 337181, 2006, 358791.1, 2007, 385388.9, 2008...
      [OK]  Demand\Residential\Projections\Refrigeration_\Medium\Low_eff . 'Exogenous Devices' = Interp(2005, 0)
      [OK]  Demand\Residential\Projections\Refrigeration_\Medium\Mid_eff . 'Exogenous Devices' = Interp(2005, 0)
      [OK]  Demand\Residential\Projections\Refrigeration_\Small\High_eff . 'Exogenous Devices' = Interp(2005, 192167.9, 2006, 204484, 2007, 219642.8, 2008...
      [OK]  Demand\Residential\Projections\Refrigeration_\Small\Low_eff . 'Exogenous Devices' = Interp(2005, 0)
      [OK]  Demand\Residential\Projections\Refrigeration_\Small\Mid_eff . 'Exogenous Devices' = Interp(2005, 0)
      [OK]  Demand\Residential\Projections\Refrigeration_\Large\High_eff . 'Fixed OM Cost' = 0
      [OK]  Demand\Residential\Projections\Refrigeration_\Large\Low_eff . 'Fixed OM Cost' = 0
      [OK]  Demand\Residential\Projections\Refrigeration_\Large\Mid_eff . 'Fixed OM Cost' = 0
      [OK]  Demand\Residential\Projections\Refrigeration_\Medium\High_eff . 'Fixed OM Cost' = 0
      [OK]  Demand\Residential\Projections\Refrigeration_\Medium\Low_eff . 'Fixed OM Cost' = 0
      [OK]  Demand\Residential\Projections\Refrigeration_\Medium\Mid_eff . 'Fixed OM Cost' = 0
      [OK]  Demand\Residential\Projections\Refrigeration_\Small\High_eff . 'Fixed OM Cost' = 0
      [OK]  Demand\Residential\Projections\Refrigeration_\Small\Low_eff . 'Fixed OM Cost' = 0
      [OK]  Demand\Residential\Projections\Refrigeration_\Small\Mid_eff . 'Fixed OM Cost' = 0
      [OK]  Demand\Residential\Projections\Refrigeration_\Large\High_eff . 'Lifetime' = 12
      [OK]  Demand\Residential\Projections\Refrigeration_\Large\Low_eff . 'Lifetime' = 12
      [OK]  Demand\Residential\Projections\Refrigeration_\Large\Mid_eff . 'Lifetime' = 12
      [OK]  Demand\Residential\Projections\Refrigeration_\Medium\High_eff . 'Lifetime' = 12
      [OK]  Demand\Residential\Projections\Refrigeration_\Medium\Low_eff . 'Lifetime' = 12
      [OK]  Demand\Residential\Projections\Refrigeration_\Medium\Mid_eff . 'Lifetime' = 12
      [OK]  Demand\Residential\Projections\Refrigeration_\Small\High_eff . 'Lifetime' = 12
      [OK]  Demand\Residential\Projections\Refrigeration_\Small\Low_eff . 'Lifetime' = 12
      [OK]  Demand\Residential\Projections\Refrigeration_\Small\Mid_eff . 'Lifetime' = 12
      [OK]  Demand\Residential\Projections\Refrigeration_\Large\High_eff . 'Unit Capacity' = Interp(2014, 0.05692922374429223)
      [OK]  Demand\Residential\Projections\Refrigeration_\Large\Low_eff . 'Unit Capacity' = Interp(2014, 0.05692922374429223)
      [OK]  Demand\Residential\Projections\Refrigeration_\Large\Mid_eff . 'Unit Capacity' = Interp(2014, 0.05692922374429223)
      [OK]  Demand\Residential\Projections\Refrigeration_\Medium\High_eff . 'Unit Capacity' = Interp(2014, 0.051929223744292236)
      [OK]  Demand\Residential\Projections\Refrigeration_\Medium\Low_eff . 'Unit Capacity' = Interp(2014, 0.051929223744292236)
      [OK]  Demand\Residential\Projections\Refrigeration_\Medium\Mid_eff . 'Unit Capacity' = Interp(2014, 0.051929223744292236)
      [OK]  Demand\Residential\Projections\Refrigeration_\Small\High_eff . 'Unit Capacity' = Interp(2014, 0.03484018264840182)
      [OK]  Demand\Residential\Projections\Refrigeration_\Small\Low_eff . 'Unit Capacity' = Interp(2014, 0.03484018264840182)
      [OK]  Demand\Residential\Projections\Refrigeration_\Small\Mid_eff . 'Unit Capacity' = Interp(2014, 0.03484018264840182)
      [OK]  Demand\Residential\Projections\Refrigeration_\Large\High_eff . 'Variable OM Cost' = Interp(2014, 85.27770000000001)
      [OK]  Demand\Residential\Projections\Refrigeration_\Large\Low_eff . 'Variable OM Cost' = Interp(2014, 129.9771)
      [OK]  Demand\Residential\Projections\Refrigeration_\Large\Mid_eff . 'Variable OM Cost' = Interp(2014, 103.45500000000001)
      [OK]  Demand\Residential\Projections\Refrigeration_\Medium\High_eff . 'Variable OM Cost' = Interp(2014, 77.78790000000001)
      [OK]  Demand\Residential\Projections\Refrigeration_\Medium\Low_eff . 'Variable OM Cost' = Interp(2014, 113.5098)
      [OK]  Demand\Residential\Projections\Refrigeration_\Medium\Mid_eff . 'Variable OM Cost' = Interp(2014, 85.7394)
      [OK]  Demand\Residential\Projections\Refrigeration_\Small\High_eff . 'Variable OM Cost' = Interp(2014, 52.1892)
      [OK]  Demand\Residential\Projections\Refrigeration_\Small\Low_eff . 'Variable OM Cost' = Interp(2014, 88.68060000000001)
      [OK]  Demand\Residential\Projections\Refrigeration_\Small\Mid_eff . 'Variable OM Cost' = Interp(2014, 60.4485)
    --- region 'Thailand' (79 rows) ---
      [OK]  Key\Residential\Refrigeration\Efficiency_Share\Large_High . 'Activity Level' = Interp(2014, 39.89795918367347, 2015, 39.69387755102041, ...
      [OK]  Key\Residential\Refrigeration\Efficiency_Share\Large_Low . 'Activity Level' = Interp(2014, 18.6734693877551, 2015, 18.877551020408163, ...
      [OK]  Key\Residential\Refrigeration\Efficiency_Share\Large_Mid . 'Activity Level' = Interp(2014, 41.42857142857142, 2015, 41.42857142857142, ...
      [OK]  Key\Residential\Refrigeration\Efficiency_Share\Medium_High . 'Activity Level' = Interp(2014, 40.20559680182753, 2015, 40.090857467348094,...
      [OK]  Key\Residential\Refrigeration\Efficiency_Share\Medium_Low . 'Activity Level' = Interp(2014, 19.360365505425474, 2015, 19.47756956274844,...
      [OK]  Key\Residential\Refrigeration\Efficiency_Share\Medium_Mid . 'Activity Level' = Interp(2014, 40.434037692747005, 2015, 40.43157296990347,...
      [OK]  Key\Residential\Refrigeration\Efficiency_Share\Small_High . 'Activity Level' = Interp(2014, 31.82005777961205, 2015, 31.735537190082646,...
      [OK]  Key\Residential\Refrigeration\Efficiency_Share\Small_Low . 'Activity Level' = Interp(2014, 55.16577245838492, 2015, 55.20661157024793, ...
      [OK]  Key\Residential\Refrigeration\Efficiency_Share\Small_Mid . 'Activity Level' = Interp(2014, 13.014169762003029, 2015, 13.057851239669423...
      [OK]  Key\Residential\Refrigeration\Size_Share\Large . 'Activity Level' = Interp(2014, 9.8, 2015, 9.799020097990201, 2016, 9.800980...
      [OK]  Key\Residential\Refrigeration\Size_Share\Medium . 'Activity Level' = Interp(2014, 17.509999999999998, 2015, 17.608239176082392...
      [OK]  Key\Residential\Refrigeration\Size_Share\Small . 'Activity Level' = Interp(2014, 72.69, 2015, 72.5927407259274, 2016, 72.5372...
      [OK]  Key\Residential\Refrigeration\Percent Ownership . 'Activity Level' = Interp(2014, 100.0, 2015, 100.0, 2016, 100.0, 2017, 100.0...
      [OK]  Key\Residential\Refrigeration\Useful_EI\Large . 'Activity Level' = Interp(2014, 0.0428804815133276)
      [OK]  Key\Residential\Refrigeration\Useful_EI\Medium . 'Activity Level' = Interp(2014, 0.03911435941530524)
      [OK]  Key\Residential\Refrigeration\Useful_EI\Small . 'Activity Level' = Interp(2014, 0.026242476354256233)
      [OK]  Demand\Residential\Projections\Refrigeration_\Large\High_eff . 'Capital Cost' = Interp(2014, 2008.2, 2015, 2008.2, 2016, 2008.2, 2017, 20...
      [OK]  Demand\Residential\Projections\Refrigeration_\Large\Low_eff . 'Capital Cost' = Interp(2014, 1910.9, 2015, 1910.9, 2016, 1910.9, 2017, 19...
      [OK]  Demand\Residential\Projections\Refrigeration_\Large\Mid_eff . 'Capital Cost' = Interp(2014, 1851.9, 2015, 1851.9, 2016, 1851.9, 2017, 18...
      [OK]  Demand\Residential\Projections\Refrigeration_\Medium\High_eff . 'Capital Cost' = Interp(2014, 1397.7, 2015, 1397.7, 2016, 1397.7, 2017, 13...
      [OK]  Demand\Residential\Projections\Refrigeration_\Medium\Low_eff . 'Capital Cost' = Interp(2014, 1309.6, 2015, 1309.6, 2016, 1309.6, 2017, 13...
      [OK]  Demand\Residential\Projections\Refrigeration_\Medium\Mid_eff . 'Capital Cost' = Interp(2014, 1190.1, 2015, 1190.1, 2016, 1190.1, 2017, 11...
      [OK]  Demand\Residential\Projections\Refrigeration_\Small\High_eff . 'Capital Cost' = Interp(2014, 667.2, 2015, 667.2, 2016, 667.2, 2017, 667.2...
      [OK]  Demand\Residential\Projections\Refrigeration_\Small\Low_eff . 'Capital Cost' = Interp(2014, 397.2, 2015, 397.2, 2016, 397.2, 2017, 397.2...
      [OK]  Demand\Residential\Projections\Refrigeration_\Small\Mid_eff . 'Capital Cost' = Interp(2014, 519.9, 2015, 519.9, 2016, 519.9, 2017, 519.9...
      [OK]  Demand\Residential\Projections\Refrigeration_\Large\High_eff . 'Efficiency' = Interp(2014, 100.0)
      [OK]  Demand\Residential\Projections\Refrigeration_\Large\Low_eff . 'Efficiency' = Interp(2014, 65.60978818576503)
      [OK]  Demand\Residential\Projections\Refrigeration_\Large\Mid_eff . 'Efficiency' = Interp(2014, 82.4297520661157)
      [OK]  Demand\Residential\Projections\Refrigeration_\Medium\High_eff . 'Efficiency' = Interp(2014, 100.0)
      [OK]  Demand\Residential\Projections\Refrigeration_\Medium\Low_eff . 'Efficiency' = Interp(2014, 68.52967761373908)
      [OK]  Demand\Residential\Projections\Refrigeration_\Medium\Mid_eff . 'Efficiency' = Interp(2014, 90.72596729158356)
      [OK]  Demand\Residential\Projections\Refrigeration_\Small\High_eff . 'Efficiency' = Interp(2014, 100.0)
      [OK]  Demand\Residential\Projections\Refrigeration_\Small\Low_eff . 'Efficiency' = Interp(2014, 58.85075202468183)
      [OK]  Demand\Residential\Projections\Refrigeration_\Small\Mid_eff . 'Efficiency' = Interp(2014, 86.33663366336634)
      [OK]  Demand\Residential\Projections\Refrigeration_\Large\High_eff . 'Exogenous Devices' = Interp(2005, 637033.9, 2006, 655180.6, 2007, 673064.1, 20...
      [OK]  Demand\Residential\Projections\Refrigeration_\Large\Low_eff . 'Exogenous Devices' = Interp(2005, 301845.3, 2006, 310443.7, 2007, 318917.4, 20...
      [OK]  Demand\Residential\Projections\Refrigeration_\Large\Mid_eff . 'Exogenous Devices' = Interp(2005, 656338, 2006, 675034.5, 2007, 693460, 2008, ...
      [OK]  Demand\Residential\Projections\Refrigeration_\Medium\High_eff . 'Exogenous Devices' = Interp(2005, 3330827.4, 2006, 3425710.1, 2007, 3519216.6,...
      [OK]  Demand\Residential\Projections\Refrigeration_\Medium\Low_eff . 'Exogenous Devices' = Interp(2005, 0)
      [OK]  Demand\Residential\Projections\Refrigeration_\Medium\Mid_eff . 'Exogenous Devices' = Interp(2005, 0)
      [OK]  Demand\Residential\Projections\Refrigeration_\Small\High_eff . 'Exogenous Devices' = Interp(2005, 12621343.8, 2006, 12980878.2, 2007, 13335197...
      [OK]  Demand\Residential\Projections\Refrigeration_\Small\Low_eff . 'Exogenous Devices' = Interp(2005, 0)
      [OK]  Demand\Residential\Projections\Refrigeration_\Small\Mid_eff . 'Exogenous Devices' = Interp(2005, 0)
      [OK]  Demand\Residential\Projections\Refrigeration_\Large\High_eff . 'Fixed OM Cost' = 0
      [OK]  Demand\Residential\Projections\Refrigeration_\Large\Low_eff . 'Fixed OM Cost' = 0
      [OK]  Demand\Residential\Projections\Refrigeration_\Large\Mid_eff . 'Fixed OM Cost' = 0
      [OK]  Demand\Residential\Projections\Refrigeration_\Medium\High_eff . 'Fixed OM Cost' = 0
      [OK]  Demand\Residential\Projections\Refrigeration_\Medium\Low_eff . 'Fixed OM Cost' = 0
      [OK]  Demand\Residential\Projections\Refrigeration_\Medium\Mid_eff . 'Fixed OM Cost' = 0
      [OK]  Demand\Residential\Projections\Refrigeration_\Small\High_eff . 'Fixed OM Cost' = 0
      [OK]  Demand\Residential\Projections\Refrigeration_\Small\Low_eff . 'Fixed OM Cost' = 0
      [OK]  Demand\Residential\Projections\Refrigeration_\Small\Mid_eff . 'Fixed OM Cost' = 0
      [OK]  Demand\Residential\Projections\Refrigeration_\Large\High_eff . 'Lifetime' = 12
      [OK]  Demand\Residential\Projections\Refrigeration_\Large\Low_eff . 'Lifetime' = 12
      [OK]  Demand\Residential\Projections\Refrigeration_\Large\Mid_eff . 'Lifetime' = 12
      [OK]  Demand\Residential\Projections\Refrigeration_\Medium\High_eff . 'Lifetime' = 12
      [OK]  Demand\Residential\Projections\Refrigeration_\Medium\Low_eff . 'Lifetime' = 12
      [OK]  Demand\Residential\Projections\Refrigeration_\Medium\Mid_eff . 'Lifetime' = 12
      [OK]  Demand\Residential\Projections\Refrigeration_\Small\High_eff . 'Lifetime' = 12
      [OK]  Demand\Residential\Projections\Refrigeration_\Small\Low_eff . 'Lifetime' = 12
      [OK]  Demand\Residential\Projections\Refrigeration_\Small\Mid_eff . 'Lifetime' = 12
      [OK]  Demand\Residential\Projections\Refrigeration_\Large\High_eff . 'Unit Capacity' = Interp(2014, 0.05692922374429223)
      [OK]  Demand\Residential\Projections\Refrigeration_\Large\Low_eff . 'Unit Capacity' = Interp(2014, 0.05692922374429223)
      [OK]  Demand\Residential\Projections\Refrigeration_\Large\Mid_eff . 'Unit Capacity' = Interp(2014, 0.05692922374429223)
      [OK]  Demand\Residential\Projections\Refrigeration_\Medium\High_eff . 'Unit Capacity' = Interp(2014, 0.051929223744292236)
      [OK]  Demand\Residential\Projections\Refrigeration_\Medium\Low_eff . 'Unit Capacity' = Interp(2014, 0.051929223744292236)
      [OK]  Demand\Residential\Projections\Refrigeration_\Medium\Mid_eff . 'Unit Capacity' = Interp(2014, 0.051929223744292236)
      [OK]  Demand\Residential\Projections\Refrigeration_\Small\High_eff . 'Unit Capacity' = Interp(2014, 0.03484018264840182)
      [OK]  Demand\Residential\Projections\Refrigeration_\Small\Low_eff . 'Unit Capacity' = Interp(2014, 0.03484018264840182)
      [OK]  Demand\Residential\Projections\Refrigeration_\Small\Mid_eff . 'Unit Capacity' = Interp(2014, 0.03484018264840182)
      [OK]  Demand\Residential\Projections\Refrigeration_\Large\High_eff . 'Variable OM Cost' = Interp(2014, 60.342699999999994)
      [OK]  Demand\Residential\Projections\Refrigeration_\Large\Low_eff . 'Variable OM Cost' = Interp(2014, 91.9721)
      [OK]  Demand\Residential\Projections\Refrigeration_\Large\Mid_eff . 'Variable OM Cost' = Interp(2014, 73.205)
      [OK]  Demand\Residential\Projections\Refrigeration_\Medium\High_eff . 'Variable OM Cost' = Interp(2014, 55.042899999999996)
      [OK]  Demand\Residential\Projections\Refrigeration_\Medium\Low_eff . 'Variable OM Cost' = Interp(2014, 80.31979999999999)
      [OK]  Demand\Residential\Projections\Refrigeration_\Medium\Mid_eff . 'Variable OM Cost' = Interp(2014, 60.669399999999996)
      [OK]  Demand\Residential\Projections\Refrigeration_\Small\High_eff . 'Variable OM Cost' = Interp(2014, 36.929199999999994)
      [OK]  Demand\Residential\Projections\Refrigeration_\Small\Low_eff . 'Variable OM Cost' = Interp(2014, 62.7506)
      [OK]  Demand\Residential\Projections\Refrigeration_\Small\Mid_eff . 'Variable OM Cost' = Interp(2014, 42.7735)
    --- region 'Vietnam' (79 rows) ---
      [OK]  Key\Residential\Refrigeration\Efficiency_Share\Large_High . 'Activity Level' = Interp(2014, 59.150805270863835, 2015, 58.921694480102694...
      [OK]  Key\Residential\Refrigeration\Efficiency_Share\Large_Low . 'Activity Level' = Interp(2014, 8.052708638360176, 2015, 8.215661103979462, ...
      [OK]  Key\Residential\Refrigeration\Efficiency_Share\Large_Mid . 'Activity Level' = Interp(2014, 32.796486090775986, 2015, 32.86264441591785,...
      [OK]  Key\Residential\Refrigeration\Efficiency_Share\Medium_High . 'Activity Level' = Interp(2014, 59.209486166007906, 2015, 58.958168902920285...
      [OK]  Key\Residential\Refrigeration\Efficiency_Share\Medium_Low . 'Activity Level' = Interp(2014, 8.063241106719367, 2015, 8.12943962115233, 2...
      [OK]  Key\Residential\Refrigeration\Efficiency_Share\Medium_Mid . 'Activity Level' = Interp(2014, 32.72727272727272, 2015, 32.912391475927386,...
      [OK]  Key\Residential\Refrigeration\Efficiency_Share\Small_High . 'Activity Level' = Interp(2014, 47.454048683556884, 2015, 47.554381994216016...
      [OK]  Key\Residential\Refrigeration\Efficiency_Share\Small_Low . 'Activity Level' = Interp(2014, 36.28912071535023, 2015, 36.137306676725764,...
      [OK]  Key\Residential\Refrigeration\Efficiency_Share\Small_Mid . 'Activity Level' = Interp(2014, 16.256830601092897, 2015, 16.308311329058217...
      [OK]  Key\Residential\Refrigeration\Size_Share\Large . 'Activity Level' = Interp(2014, 6.83, 2015, 7.790779077907792, 2016, 8.07919...
      [OK]  Key\Residential\Refrigeration\Size_Share\Medium . 'Activity Level' = Interp(2014, 12.65, 2015, 12.67126712671267, 2016, 12.718...
      [OK]  Key\Residential\Refrigeration\Size_Share\Small . 'Activity Level' = Interp(2014, 80.52, 2015, 79.53795379537955, 2016, 79.202...
      [OK]  Key\Residential\Refrigeration\Percent Ownership . 'Activity Level' = Interp(2014, 100.0, 2015, 100.0, 2016, 100.0, 2017, 100.0...
      [OK]  Key\Residential\Refrigeration\Useful_EI\Large . 'Activity Level' = Interp(2014, 0.0428804815133276)
      [OK]  Key\Residential\Refrigeration\Useful_EI\Medium . 'Activity Level' = Interp(2014, 0.03911435941530524)
      [OK]  Key\Residential\Refrigeration\Useful_EI\Small . 'Activity Level' = Interp(2014, 0.026242476354256233)
      [OK]  Demand\Residential\Projections\Refrigeration_\Large\High_eff . 'Capital Cost' = Interp(2014, 2008.2, 2015, 2008.2, 2016, 2008.2, 2017, 20...
      [OK]  Demand\Residential\Projections\Refrigeration_\Large\Low_eff . 'Capital Cost' = Interp(2014, 1910.9, 2015, 1910.9, 2016, 1910.9, 2017, 19...
      [OK]  Demand\Residential\Projections\Refrigeration_\Large\Mid_eff . 'Capital Cost' = Interp(2014, 1851.9, 2015, 1851.9, 2016, 1851.9, 2017, 18...
      [OK]  Demand\Residential\Projections\Refrigeration_\Medium\High_eff . 'Capital Cost' = Interp(2014, 1397.7, 2015, 1397.7, 2016, 1397.7, 2017, 13...
      [OK]  Demand\Residential\Projections\Refrigeration_\Medium\Low_eff . 'Capital Cost' = Interp(2014, 1309.6, 2015, 1309.6, 2016, 1309.6, 2017, 13...
      [OK]  Demand\Residential\Projections\Refrigeration_\Medium\Mid_eff . 'Capital Cost' = Interp(2014, 1190.1, 2015, 1190.1, 2016, 1190.1, 2017, 11...
      [OK]  Demand\Residential\Projections\Refrigeration_\Small\High_eff . 'Capital Cost' = Interp(2014, 667.2, 2015, 667.2, 2016, 667.2, 2017, 667.2...
      [OK]  Demand\Residential\Projections\Refrigeration_\Small\Low_eff . 'Capital Cost' = Interp(2014, 397.2, 2015, 397.2, 2016, 397.2, 2017, 397.2...
      [OK]  Demand\Residential\Projections\Refrigeration_\Small\Mid_eff . 'Capital Cost' = Interp(2014, 519.9, 2015, 519.9, 2016, 519.9, 2017, 519.9...
      [OK]  Demand\Residential\Projections\Refrigeration_\Large\High_eff . 'Efficiency' = Interp(2014, 100.0)
      [OK]  Demand\Residential\Projections\Refrigeration_\Large\Low_eff . 'Efficiency' = Interp(2014, 65.60978818576503)
      [OK]  Demand\Residential\Projections\Refrigeration_\Large\Mid_eff . 'Efficiency' = Interp(2014, 82.4297520661157)
      [OK]  Demand\Residential\Projections\Refrigeration_\Medium\High_eff . 'Efficiency' = Interp(2014, 100.0)
      [OK]  Demand\Residential\Projections\Refrigeration_\Medium\Low_eff . 'Efficiency' = Interp(2014, 68.52967761373908)
      [OK]  Demand\Residential\Projections\Refrigeration_\Medium\Mid_eff . 'Efficiency' = Interp(2014, 90.72596729158356)
      [OK]  Demand\Residential\Projections\Refrigeration_\Small\High_eff . 'Efficiency' = Interp(2014, 100.0)
      [OK]  Demand\Residential\Projections\Refrigeration_\Small\Low_eff . 'Efficiency' = Interp(2014, 58.85075202468183)
      [OK]  Demand\Residential\Projections\Refrigeration_\Small\Mid_eff . 'Efficiency' = Interp(2014, 86.33663366336634)
      [OK]  Demand\Residential\Projections\Refrigeration_\Large\High_eff . 'Exogenous Devices' = Interp(2005, 744230.9, 2006, 774526.7, 2007, 805140, 2008...
      [OK]  Demand\Residential\Projections\Refrigeration_\Large\Low_eff . 'Exogenous Devices' = Interp(2005, 133647.1, 2006, 139087.5, 2007, 144585, 2008...
      [OK]  Demand\Residential\Projections\Refrigeration_\Large\Mid_eff . 'Exogenous Devices' = Interp(2005, 462523.8, 2006, 481352, 2007, 500377.5, 2008...
      [OK]  Demand\Residential\Projections\Refrigeration_\Medium\High_eff . 'Exogenous Devices' = Interp(2005, 1741343, 2006, 1812228.8, 2007, 1883857.4, 2...
      [OK]  Demand\Residential\Projections\Refrigeration_\Medium\Low_eff . 'Exogenous Devices' = Interp(2005, 0)
      [OK]  Demand\Residential\Projections\Refrigeration_\Medium\Mid_eff . 'Exogenous Devices' = Interp(2005, 0)
      [OK]  Demand\Residential\Projections\Refrigeration_\Small\High_eff . 'Exogenous Devices' = Interp(2005, 10022221.5, 2006, 10430201.5, 2007, 10842457...
      [OK]  Demand\Residential\Projections\Refrigeration_\Small\Low_eff . 'Exogenous Devices' = Interp(2005, 0)
      [OK]  Demand\Residential\Projections\Refrigeration_\Small\Mid_eff . 'Exogenous Devices' = Interp(2005, 0)
      [OK]  Demand\Residential\Projections\Refrigeration_\Large\High_eff . 'Fixed OM Cost' = 0
      [OK]  Demand\Residential\Projections\Refrigeration_\Large\Low_eff . 'Fixed OM Cost' = 0
      [OK]  Demand\Residential\Projections\Refrigeration_\Large\Mid_eff . 'Fixed OM Cost' = 0
      [OK]  Demand\Residential\Projections\Refrigeration_\Medium\High_eff . 'Fixed OM Cost' = 0
      [OK]  Demand\Residential\Projections\Refrigeration_\Medium\Low_eff . 'Fixed OM Cost' = 0
      [OK]  Demand\Residential\Projections\Refrigeration_\Medium\Mid_eff . 'Fixed OM Cost' = 0
      [OK]  Demand\Residential\Projections\Refrigeration_\Small\High_eff . 'Fixed OM Cost' = 0
      [OK]  Demand\Residential\Projections\Refrigeration_\Small\Low_eff . 'Fixed OM Cost' = 0
      [OK]  Demand\Residential\Projections\Refrigeration_\Small\Mid_eff . 'Fixed OM Cost' = 0
      [OK]  Demand\Residential\Projections\Refrigeration_\Large\High_eff . 'Lifetime' = 12
      [OK]  Demand\Residential\Projections\Refrigeration_\Large\Low_eff . 'Lifetime' = 12
      [OK]  Demand\Residential\Projections\Refrigeration_\Large\Mid_eff . 'Lifetime' = 12
      [OK]  Demand\Residential\Projections\Refrigeration_\Medium\High_eff . 'Lifetime' = 12
      [OK]  Demand\Residential\Projections\Refrigeration_\Medium\Low_eff . 'Lifetime' = 12
      [OK]  Demand\Residential\Projections\Refrigeration_\Medium\Mid_eff . 'Lifetime' = 12
      [OK]  Demand\Residential\Projections\Refrigeration_\Small\High_eff . 'Lifetime' = 12
      [OK]  Demand\Residential\Projections\Refrigeration_\Small\Low_eff . 'Lifetime' = 12
      [OK]  Demand\Residential\Projections\Refrigeration_\Small\Mid_eff . 'Lifetime' = 12
      [OK]  Demand\Residential\Projections\Refrigeration_\Large\High_eff . 'Unit Capacity' = Interp(2014, 0.05692922374429223)
      [OK]  Demand\Residential\Projections\Refrigeration_\Large\Low_eff . 'Unit Capacity' = Interp(2014, 0.05692922374429223)
      [OK]  Demand\Residential\Projections\Refrigeration_\Large\Mid_eff . 'Unit Capacity' = Interp(2014, 0.05692922374429223)
      [OK]  Demand\Residential\Projections\Refrigeration_\Medium\High_eff . 'Unit Capacity' = Interp(2014, 0.051929223744292236)
      [OK]  Demand\Residential\Projections\Refrigeration_\Medium\Low_eff . 'Unit Capacity' = Interp(2014, 0.051929223744292236)
      [OK]  Demand\Residential\Projections\Refrigeration_\Medium\Mid_eff . 'Unit Capacity' = Interp(2014, 0.051929223744292236)
      [OK]  Demand\Residential\Projections\Refrigeration_\Small\High_eff . 'Unit Capacity' = Interp(2014, 0.03484018264840182)
      [OK]  Demand\Residential\Projections\Refrigeration_\Small\Low_eff . 'Unit Capacity' = Interp(2014, 0.03484018264840182)
      [OK]  Demand\Residential\Projections\Refrigeration_\Small\Mid_eff . 'Unit Capacity' = Interp(2014, 0.03484018264840182)
      [OK]  Demand\Residential\Projections\Refrigeration_\Large\High_eff . 'Variable OM Cost' = Interp(2014, 43.28716)
      [OK]  Demand\Residential\Projections\Refrigeration_\Large\Low_eff . 'Variable OM Cost' = Interp(2014, 65.97668)
      [OK]  Demand\Residential\Projections\Refrigeration_\Large\Mid_eff . 'Variable OM Cost' = Interp(2014, 52.514)
      [OK]  Demand\Residential\Projections\Refrigeration_\Medium\High_eff . 'Variable OM Cost' = Interp(2014, 39.48532)
      [OK]  Demand\Residential\Projections\Refrigeration_\Medium\Low_eff . 'Variable OM Cost' = Interp(2014, 57.617839999999994)
      [OK]  Demand\Residential\Projections\Refrigeration_\Medium\Mid_eff . 'Variable OM Cost' = Interp(2014, 43.52152)
      [OK]  Demand\Residential\Projections\Refrigeration_\Small\High_eff . 'Variable OM Cost' = Interp(2014, 26.49136)
      [OK]  Demand\Residential\Projections\Refrigeration_\Small\Low_eff . 'Variable OM Cost' = Interp(2014, 45.014480000000006)
      [OK]  Demand\Residential\Projections\Refrigeration_\Small\Mid_eff . 'Variable OM Cost' = Interp(2014, 30.6838)
  [real-inject] {'pushed': 790}
  -- Phase 4: READBACK VERIFY --
    verifying 10 row(s) (1/region x 10 region(s))
    [EXACT] Brunei|Activity Level on Key\Residential\Refrigeration\Efficiency_Share\Large_High
    [EXACT] Cambodia|Activity Level on Key\Residential\Refrigeration\Efficiency_Share\Large_High
    [EXACT] Indonesia|Activity Level on Key\Residential\Refrigeration\Efficiency_Share\Large_High
    [EXACT] Laos|Activity Level on Key\Residential\Refrigeration\Efficiency_Share\Large_High
    [EXACT] Malaysia|Activity Level on Key\Residential\Refrigeration\Efficiency_Share\Large_High
    [EXACT] Myanmar|Activity Level on Key\Residential\Refrigeration\Efficiency_Share\Large_High
    [EXACT] Philippines|Activity Level on Key\Residential\Refrigeration\Efficiency_Share\Large_High
    [EXACT] Singapore|Activity Level on Key\Residential\Refrigeration\Efficiency_Share\Large_High
    [EXACT] Thailand|Activity Level on Key\Residential\Refrigeration\Efficiency_Share\Large_High
    [EXACT] Vietnam|Activity Level on Key\Residential\Refrigeration\Efficiency_Share\Large_High
    Readback: 10 EXACT, 0 NORMALISED, 0 FAIL

[fridge_keys] === DONE === (clean)
