[fridge_keys] ActiveArea (locked): 'aeo9_v0.64'
[fridge_keys] 1030 rows; scenarios: ['Baseline Simulation', 'AMS Target Scenario', 'Regional Aspiration Scenario']
[fridge_keys] building branch index once (this is the slow step, ~1-3 min on a large area)...
[fridge_keys] indexed 10160 branches

[fridge_keys] === SCENARIO: 'Baseline Simulation' ===
  ActiveScenario: 'Baseline Simulation'
  rows for this scenario: 250 (untagged + scenario='Baseline Simulation')
  250 rows across 10 region(s)
  -- Phase 1: DRY RUN --
    --- region 'Brunei' (25 rows) ---
      [DRY] Key\Residential\Air Conditioning\Efficiency_Share\Large_High . 'Activity Level' = Interp(2014, 12.991311543235415, 2015, 14.025651634257343, 2016, 15...
      [DRY] Key\Residential\Air Conditioning\Efficiency_Share\Large_Low . 'Activity Level' = Interp(2014, 40.79437318990484, 2015, 40.11170872983036, 2016, 39.3...
      [DRY] Key\Residential\Air Conditioning\Efficiency_Share\Large_Mid . 'Activity Level' = Interp(2014, 46.21431526685974, 2015, 45.86263963591229, 2016, 45.3...
      [DRY] Key\Residential\Air Conditioning\Efficiency_Share\Medium_High . 'Activity Level' = Interp(2014, 11.500412201154164, 2015, 12.577575506826646, 2016, 13...
      [DRY] Key\Residential\Air Conditioning\Efficiency_Share\Medium_Low . 'Activity Level' = Interp(2014, 59.72794723825228, 2015, 58.62639635912288, 2016, 57.5...
      [DRY] Key\Residential\Air Conditioning\Efficiency_Share\Medium_Mid . 'Activity Level' = Interp(2014, 28.771640560593575, 2015, 28.796028134050477, 2016, 28...
      [DRY] Key\Residential\Air Conditioning\Efficiency_Share\Small_High . 'Activity Level' = Interp(2014, 8.90836071558963, 2015, 9.497816593886462, 2016, 10.21...
      [DRY] Key\Residential\Air Conditioning\Efficiency_Share\Small_Low . 'Activity Level' = Interp(2014, 54.14384811975174, 2015, 53.49344978165939, 2016, 52.4...
      [DRY] Key\Residential\Air Conditioning\Efficiency_Share\Small_Mid . 'Activity Level' = Interp(2014, 36.94779116465863, 2015, 37.00873362445415, 2016, 37.3...
      [DRY] Key\Residential\Air Conditioning\Size_Share\Large . 'Activity Level' = Interp(2014, 48.34483448344835, 2015, 48.344834483448345, 2016, 48....
      [DRY] Key\Residential\Air Conditioning\Size_Share\Medium . 'Activity Level' = Interp(2014, 24.26242624262426, 2015, 24.17241724172417, 2016, 24.1...
      [DRY] Key\Residential\Air Conditioning\Size_Share\Small . 'Activity Level' = Interp(2014, 27.392739273927397, 2015, 27.48274827482748, 2016, 27....
      [DRY] Key\Residential\Air Conditioning\Percent Ownership . 'Activity Level' = Interp(2014, 2.34, 2015, 2.32, 2016, 2.29, 2017, 2.29, 2018, 2.28, ...
      [DRY] Key\Residential\Air Conditioning\Useful_EI\Large . 'Activity Level' = Interp(2014, 0.160335339638865)
      [DRY] Key\Residential\Air Conditioning\Useful_EI\Medium . 'Activity Level' = Interp(2014, 0.09773000859845227)
      [DRY] Key\Residential\Air Conditioning\Useful_EI\Small . 'Activity Level' = Interp(2014, 0.0672914875322442)
      [DRY] Demand\Residential\Projections\Air Conditioning_\Large\High_eff . 'Efficiency' = Interp(2014, 100.0)
      [DRY] Demand\Residential\Projections\Air Conditioning_\Large\Low_eff . 'Efficiency' = Interp(2014, 52.93533185715097)
      [DRY] Demand\Residential\Projections\Air Conditioning_\Large\Mid_eff . 'Efficiency' = Interp(2014, 72.32565355674502)
      [DRY] Demand\Residential\Projections\Air Conditioning_\Medium\High_eff . 'Efficiency' = Interp(2014, 100.0)
      [DRY] Demand\Residential\Projections\Air Conditioning_\Medium\Low_eff . 'Efficiency' = Interp(2014, 51.08085029886297)
      [DRY] Demand\Residential\Projections\Air Conditioning_\Medium\Mid_eff . 'Efficiency' = Interp(2014, 75.04291562128614)
      [DRY] Demand\Residential\Projections\Air Conditioning_\Small\High_eff . 'Efficiency' = Interp(2014, 100.0)
      [DRY] Demand\Residential\Projections\Air Conditioning_\Small\Low_eff . 'Efficiency' = Interp(2014, 64.46989043578549)
      [DRY] Demand\Residential\Projections\Air Conditioning_\Small\Mid_eff . 'Efficiency' = Interp(2014, 81.93048576214406)
    --- region 'Cambodia' (25 rows) ---
      [DRY] Key\Residential\Air Conditioning\Efficiency_Share\Large_High . 'Activity Level' = Interp(2014, 15.920223932820152, 2015, 17.720639332870046, 2016, 19...
      [DRY] Key\Residential\Air Conditioning\Efficiency_Share\Large_Low . 'Activity Level' = Interp(2014, 38.97830650804758, 2015, 37.87352328005559, 2016, 36.4...
      [DRY] Key\Residential\Air Conditioning\Efficiency_Share\Large_Mid . 'Activity Level' = Interp(2014, 45.101469559132255, 2015, 44.40583738707436, 2016, 43....
      [DRY] Key\Residential\Air Conditioning\Efficiency_Share\Medium_High . 'Activity Level' = Interp(2014, 14.114902303878681, 2015, 15.562626554816314, 2016, 17...
      [DRY] Key\Residential\Air Conditioning\Efficiency_Share\Medium_Low . 'Activity Level' = Interp(2014, 57.07203266258385, 2015, 55.45270465721725, 2016, 53.4...
      [DRY] Key\Residential\Air Conditioning\Efficiency_Share\Medium_Mid . 'Activity Level' = Interp(2014, 28.813065033537477, 2015, 28.984668787966445, 2016, 29...
      [DRY] Key\Residential\Air Conditioning\Efficiency_Share\Small_High . 'Activity Level' = Interp(2014, 10.455402856372945, 2015, 11.541609822646658, 2016, 12...
      [DRY] Key\Residential\Air Conditioning\Efficiency_Share\Small_Low . 'Activity Level' = Interp(2014, 51.953651306925366, 2015, 50.55934515688949, 2016, 48....
      [DRY] Key\Residential\Air Conditioning\Efficiency_Share\Small_Mid . 'Activity Level' = Interp(2014, 37.59094583670169, 2015, 37.899045020463845, 2016, 38....
      [DRY] Key\Residential\Air Conditioning\Size_Share\Large . 'Activity Level' = Interp(2014, 28.585717143428685, 2015, 28.78, 2016, 29.002900290029...
      [DRY] Key\Residential\Air Conditioning\Size_Share\Medium . 'Activity Level' = Interp(2014, 34.29685937187437, 2015, 34.57, 2016, 34.8134813481348...
      [DRY] Key\Residential\Air Conditioning\Size_Share\Small . 'Activity Level' = Interp(2014, 37.117423484696936, 2015, 36.650000000000006, 2016, 36...
      [DRY] Key\Residential\Air Conditioning\Percent Ownership . 'Activity Level' = Interp(2014, 0.05, 2015, 0.05, 2016, 0.06, 2017, 0.07, 2018, 0.07, ...
      [DRY] Key\Residential\Air Conditioning\Useful_EI\Large . 'Activity Level' = Interp(2014, 0.160335339638865)
      [DRY] Key\Residential\Air Conditioning\Useful_EI\Medium . 'Activity Level' = Interp(2014, 0.09773000859845227)
      [DRY] Key\Residential\Air Conditioning\Useful_EI\Small . 'Activity Level' = Interp(2014, 0.0672914875322442)
      [DRY] Demand\Residential\Projections\Air Conditioning_\Large\High_eff . 'Efficiency' = Interp(2014, 100.0)
      [DRY] Demand\Residential\Projections\Air Conditioning_\Large\Low_eff . 'Efficiency' = Interp(2014, 52.93533185715097)
      [DRY] Demand\Residential\Projections\Air Conditioning_\Large\Mid_eff . 'Efficiency' = Interp(2014, 72.32565355674502)
      [DRY] Demand\Residential\Projections\Air Conditioning_\Medium\High_eff . 'Efficiency' = Interp(2014, 100.0)
      [DRY] Demand\Residential\Projections\Air Conditioning_\Medium\Low_eff . 'Efficiency' = Interp(2014, 51.08085029886297)
      [DRY] Demand\Residential\Projections\Air Conditioning_\Medium\Mid_eff . 'Efficiency' = Interp(2014, 75.04291562128614)
      [DRY] Demand\Residential\Projections\Air Conditioning_\Small\High_eff . 'Efficiency' = Interp(2014, 100.0)
      [DRY] Demand\Residential\Projections\Air Conditioning_\Small\Low_eff . 'Efficiency' = Interp(2014, 64.46989043578549)
      [DRY] Demand\Residential\Projections\Air Conditioning_\Small\Mid_eff . 'Efficiency' = Interp(2014, 81.93048576214406)
    --- region 'Indonesia' (25 rows) ---
      [DRY] Key\Residential\Air Conditioning\Efficiency_Share\Large_High . 'Activity Level' = Interp(2014, 11.509591326105088, 2015, 12.293729372937293, 2016, 13...
      [DRY] Key\Residential\Air Conditioning\Efficiency_Share\Large_Low . 'Activity Level' = Interp(2014, 41.784820683903256, 2015, 41.25412541254125, 2016, 40....
      [DRY] Key\Residential\Air Conditioning\Efficiency_Share\Large_Mid . 'Activity Level' = Interp(2014, 46.70558798999166, 2015, 46.452145214521444, 2016, 46....
      [DRY] Key\Residential\Air Conditioning\Efficiency_Share\Medium_High . 'Activity Level' = Interp(2014, 10.667498440424204, 2015, 11.296296296296298, 2016, 12...
      [DRY] Key\Residential\Air Conditioning\Efficiency_Share\Medium_Low . 'Activity Level' = Interp(2014, 60.885839051777914, 2015, 60.18518518518518, 2016, 59....
      [DRY] Key\Residential\Air Conditioning\Efficiency_Share\Medium_Mid . 'Activity Level' = Interp(2014, 28.446662507797875, 2015, 28.51851851851852, 2016, 28....
      [DRY] Key\Residential\Air Conditioning\Efficiency_Share\Small_High . 'Activity Level' = Interp(2014, 7.862203083761635, 2015, 8.342633928571429, 2016, 8.92...
      [DRY] Key\Residential\Air Conditioning\Efficiency_Share\Small_Low . 'Activity Level' = Interp(2014, 55.38269204056119, 2015, 54.75725446428571, 2016, 53.9...
      [DRY] Key\Residential\Air Conditioning\Efficiency_Share\Small_Mid . 'Activity Level' = Interp(2014, 36.75510487567718, 2015, 36.900111607142854, 2016, 37....
      [DRY] Key\Residential\Air Conditioning\Size_Share\Large . 'Activity Level' = Interp(2014, 11.988801119888011, 2015, 12.120000000000001, 2016, 12...
      [DRY] Key\Residential\Air Conditioning\Size_Share\Medium . 'Activity Level' = Interp(2014, 16.028397160283976, 2015, 16.2, 2016, 16.3883611638836...
      [DRY] Key\Residential\Air Conditioning\Size_Share\Small . 'Activity Level' = Interp(2014, 71.98280171982802, 2015, 71.68, 2016, 71.3528647135286...
      [DRY] Key\Residential\Air Conditioning\Percent Ownership . 'Activity Level' = Interp(2014, 0.32, 2015, 0.34, 2016, 0.36, 2017, 0.39, 2018, 0.41, ...
      [DRY] Key\Residential\Air Conditioning\Useful_EI\Large . 'Activity Level' = Interp(2014, 0.160335339638865)
      [DRY] Key\Residential\Air Conditioning\Useful_EI\Medium . 'Activity Level' = Interp(2014, 0.09773000859845227)
      [DRY] Key\Residential\Air Conditioning\Useful_EI\Small . 'Activity Level' = Interp(2014, 0.0672914875322442)
      [DRY] Demand\Residential\Projections\Air Conditioning_\Large\High_eff . 'Efficiency' = Interp(2014, 100.0)
      [DRY] Demand\Residential\Projections\Air Conditioning_\Large\Low_eff . 'Efficiency' = Interp(2014, 52.93533185715097)
      [DRY] Demand\Residential\Projections\Air Conditioning_\Large\Mid_eff . 'Efficiency' = Interp(2014, 72.32565355674502)
      [DRY] Demand\Residential\Projections\Air Conditioning_\Medium\High_eff . 'Efficiency' = Interp(2014, 100.0)
      [DRY] Demand\Residential\Projections\Air Conditioning_\Medium\Low_eff . 'Efficiency' = Interp(2014, 51.08085029886297)
      [DRY] Demand\Residential\Projections\Air Conditioning_\Medium\Mid_eff . 'Efficiency' = Interp(2014, 75.04291562128614)
      [DRY] Demand\Residential\Projections\Air Conditioning_\Small\High_eff . 'Efficiency' = Interp(2014, 100.0)
      [DRY] Demand\Residential\Projections\Air Conditioning_\Small\Low_eff . 'Efficiency' = Interp(2014, 64.46989043578549)
      [DRY] Demand\Residential\Projections\Air Conditioning_\Small\Mid_eff . 'Efficiency' = Interp(2014, 81.93048576214406)
    --- region 'Laos' (25 rows) ---
      [DRY] Key\Residential\Air Conditioning\Efficiency_Share\Large_High . 'Activity Level' = Interp(2014, 10.23546371936569, 2015, 10.783847980997624, 2016, 11....
      [DRY] Key\Residential\Air Conditioning\Efficiency_Share\Large_Low . 'Activity Level' = Interp(2014, 42.62373858721768, 2015, 42.1852731591449, 2016, 41.83...
      [DRY] Key\Residential\Air Conditioning\Efficiency_Share\Large_Mid . 'Activity Level' = Interp(2014, 47.14079769341663, 2015, 47.03087885985748, 2016, 46.8...
      [DRY] Key\Residential\Air Conditioning\Efficiency_Share\Medium_High . 'Activity Level' = Interp(2014, 9.8729792147806, 2015, 10.159817351598175, 2016, 10.60...
      [DRY] Key\Residential\Air Conditioning\Efficiency_Share\Medium_Low . 'Activity Level' = Interp(2014, 62.06697459584295, 2015, 61.58675799086758, 2016, 61.0...
      [DRY] Key\Residential\Air Conditioning\Efficiency_Share\Medium_Mid . 'Activity Level' = Interp(2014, 28.060046189376447, 2015, 28.25342465753425, 2016, 28....
      [DRY] Key\Residential\Air Conditioning\Efficiency_Share\Small_High . 'Activity Level' = Interp(2014, 7.032007759456837, 2015, 7.392932747109591, 2016, 7.77...
      [DRY] Key\Residential\Air Conditioning\Efficiency_Share\Small_Low . 'Activity Level' = Interp(2014, 56.41771742644681, 2015, 56.016935352548444, 2016, 55....
      [DRY] Key\Residential\Air Conditioning\Efficiency_Share\Small_Mid . 'Activity Level' = Interp(2014, 36.55027481409635, 2015, 36.590131900341966, 2016, 36....
      [DRY] Key\Residential\Air Conditioning\Size_Share\Large . 'Activity Level' = Interp(2014, 20.812081208120812, 2015, 21.054210842168438, 2016, 21...
      [DRY] Key\Residential\Air Conditioning\Size_Share\Medium . 'Activity Level' = Interp(2014, 17.32173217321732, 2015, 17.52350470094019, 2016, 17.7...
      [DRY] Key\Residential\Air Conditioning\Size_Share\Small . 'Activity Level' = Interp(2014, 61.866186618661864, 2015, 61.42228445689138, 2016, 60....
      [DRY] Key\Residential\Air Conditioning\Percent Ownership . 'Activity Level' = Interp(2014, 0.14, 2015, 0.16, 2016, 0.17, 2017, 0.19, 2018, 0.21, ...
      [DRY] Key\Residential\Air Conditioning\Useful_EI\Large . 'Activity Level' = Interp(2014, 0.160335339638865)
      [DRY] Key\Residential\Air Conditioning\Useful_EI\Medium . 'Activity Level' = Interp(2014, 0.09773000859845227)
      [DRY] Key\Residential\Air Conditioning\Useful_EI\Small . 'Activity Level' = Interp(2014, 0.0672914875322442)
      [DRY] Demand\Residential\Projections\Air Conditioning_\Large\High_eff . 'Efficiency' = Interp(2014, 100.0)
      [DRY] Demand\Residential\Projections\Air Conditioning_\Large\Low_eff . 'Efficiency' = Interp(2014, 52.93533185715097)
      [DRY] Demand\Residential\Projections\Air Conditioning_\Large\Mid_eff . 'Efficiency' = Interp(2014, 72.32565355674502)
      [DRY] Demand\Residential\Projections\Air Conditioning_\Medium\High_eff . 'Efficiency' = Interp(2014, 100.0)
      [DRY] Demand\Residential\Projections\Air Conditioning_\Medium\Low_eff . 'Efficiency' = Interp(2014, 51.08085029886297)
      [DRY] Demand\Residential\Projections\Air Conditioning_\Medium\Mid_eff . 'Efficiency' = Interp(2014, 75.04291562128614)
      [DRY] Demand\Residential\Projections\Air Conditioning_\Small\High_eff . 'Efficiency' = Interp(2014, 100.0)
      [DRY] Demand\Residential\Projections\Air Conditioning_\Small\Low_eff . 'Efficiency' = Interp(2014, 64.46989043578549)
      [DRY] Demand\Residential\Projections\Air Conditioning_\Small\Mid_eff . 'Efficiency' = Interp(2014, 81.93048576214406)
    --- region 'Malaysia' (25 rows) ---
      [DRY] Key\Residential\Air Conditioning\Efficiency_Share\Large_High . 'Activity Level' = Interp(2014, 17.96194775878749, 2015, 20.275906320179658, 2016, 23....
      [DRY] Key\Residential\Air Conditioning\Efficiency_Share\Large_Low . 'Activity Level' = Interp(2014, 37.69751693002257, 2015, 36.22072505614372, 2016, 34.4...
      [DRY] Key\Residential\Air Conditioning\Efficiency_Share\Large_Mid . 'Activity Level' = Interp(2014, 44.340535311189946, 2015, 43.503368623676614, 2016, 42...
      [DRY] Key\Residential\Air Conditioning\Efficiency_Share\Medium_High . 'Activity Level' = Interp(2014, 15.881458966565349, 2015, 17.724867724867728, 2016, 19...
      [DRY] Key\Residential\Air Conditioning\Efficiency_Share\Medium_Low . 'Activity Level' = Interp(2014, 55.16717325227963, 2015, 53.13681027966742, 2016, 50.6...
      [DRY] Key\Residential\Air Conditioning\Efficiency_Share\Medium_Mid . 'Activity Level' = Interp(2014, 28.951367781155014, 2015, 29.13832199546485, 2016, 29....
      [DRY] Key\Residential\Air Conditioning\Efficiency_Share\Small_High . 'Activity Level' = Interp(2014, 11.788141551441294, 2015, 13.166588013213781, 2016, 14...
      [DRY] Key\Residential\Air Conditioning\Efficiency_Share\Small_Low . 'Activity Level' = Interp(2014, 50.26951019451605, 2015, 48.48985370457764, 2016, 46.3...
      [DRY] Key\Residential\Air Conditioning\Efficiency_Share\Small_Mid . 'Activity Level' = Interp(2014, 37.942348254042656, 2015, 38.3435582822086, 2016, 38.8...
      [DRY] Key\Residential\Air Conditioning\Size_Share\Large . 'Activity Level' = Interp(2014, 31.009999999999998, 2015, 31.166883311668837, 2016, 31...
      [DRY] Key\Residential\Air Conditioning\Size_Share\Medium . 'Activity Level' = Interp(2014, 26.32, 2015, 26.45735426457354, 2016, 26.5773422657734...
      [DRY] Key\Residential\Air Conditioning\Size_Share\Small . 'Activity Level' = Interp(2014, 42.67, 2015, 42.37576242375762, 2016, 42.1157884211578...
      [DRY] Key\Residential\Air Conditioning\Percent Ownership . 'Activity Level' = Interp(2014, 1.11, 2015, 1.15, 2016, 1.19, 2017, 1.25, 2018, 1.29, ...
      [DRY] Key\Residential\Air Conditioning\Useful_EI\Large . 'Activity Level' = Interp(2014, 0.160335339638865)
      [DRY] Key\Residential\Air Conditioning\Useful_EI\Medium . 'Activity Level' = Interp(2014, 0.09773000859845227)
      [DRY] Key\Residential\Air Conditioning\Useful_EI\Small . 'Activity Level' = Interp(2014, 0.0672914875322442)
      [DRY] Demand\Residential\Projections\Air Conditioning_\Large\High_eff . 'Efficiency' = Interp(2014, 100.0)
      [DRY] Demand\Residential\Projections\Air Conditioning_\Large\Low_eff . 'Efficiency' = Interp(2014, 52.93533185715097)
      [DRY] Demand\Residential\Projections\Air Conditioning_\Large\Mid_eff . 'Efficiency' = Interp(2014, 72.32565355674502)
      [DRY] Demand\Residential\Projections\Air Conditioning_\Medium\High_eff . 'Efficiency' = Interp(2014, 100.0)
      [DRY] Demand\Residential\Projections\Air Conditioning_\Medium\Low_eff . 'Efficiency' = Interp(2014, 51.08085029886297)
      [DRY] Demand\Residential\Projections\Air Conditioning_\Medium\Mid_eff . 'Efficiency' = Interp(2014, 75.04291562128614)
      [DRY] Demand\Residential\Projections\Air Conditioning_\Small\High_eff . 'Efficiency' = Interp(2014, 100.0)
      [DRY] Demand\Residential\Projections\Air Conditioning_\Small\Low_eff . 'Efficiency' = Interp(2014, 64.46989043578549)
      [DRY] Demand\Residential\Projections\Air Conditioning_\Small\Mid_eff . 'Efficiency' = Interp(2014, 81.93048576214406)
    --- region 'Myanmar' (25 rows) ---
      [DRY] Key\Residential\Air Conditioning\Efficiency_Share\Large_High . 'Activity Level' = Interp(2014, 11.39983235540654, 2015, 12.240663900414937, 2016, 13....
      [DRY] Key\Residential\Air Conditioning\Efficiency_Share\Large_Low . 'Activity Level' = Interp(2014, 41.82732606873429, 2015, 41.32780082987552, 2016, 40.7...
      [DRY] Key\Residential\Air Conditioning\Efficiency_Share\Large_Mid . 'Activity Level' = Interp(2014, 46.77284157585918, 2015, 46.43153526970954, 2016, 46.0...
      [DRY] Key\Residential\Air Conditioning\Efficiency_Share\Medium_High . 'Activity Level' = Interp(2014, 10.571216617210682, 2015, 11.200881380829966, 2016, 12...
      [DRY] Key\Residential\Air Conditioning\Efficiency_Share\Medium_Low . 'Activity Level' = Interp(2014, 61.016320474777444, 2015, 60.3011384502387, 2016, 59.3...
      [DRY] Key\Residential\Air Conditioning\Efficiency_Share\Medium_Mid . 'Activity Level' = Interp(2014, 28.41246290801187, 2015, 28.49798016893132, 2016, 28.6...
      [DRY] Key\Residential\Air Conditioning\Efficiency_Share\Small_High . 'Activity Level' = Interp(2014, 7.806464728603375, 2015, 8.280254777070063, 2016, 8.87...
      [DRY] Key\Residential\Air Conditioning\Efficiency_Share\Small_Low . 'Activity Level' = Interp(2014, 55.45842650945314, 2015, 54.83870967741935, 2016, 54.0...
      [DRY] Key\Residential\Air Conditioning\Efficiency_Share\Small_Mid . 'Activity Level' = Interp(2014, 36.735108761943486, 2015, 36.88103554551058, 2016, 37....
      [DRY] Key\Residential\Air Conditioning\Size_Share\Large . 'Activity Level' = Interp(2014, 23.85761423857614, 2015, 24.1, 2016, 24.31000000000000...
      [DRY] Key\Residential\Air Conditioning\Size_Share\Medium . 'Activity Level' = Interp(2014, 26.95730426957304, 2015, 27.230000000000004, 2016, 27....
      [DRY] Key\Residential\Air Conditioning\Size_Share\Small . 'Activity Level' = Interp(2014, 49.18508149185081, 2015, 48.67, 2016, 48.21, 2017, 47....
      [DRY] Key\Residential\Air Conditioning\Percent Ownership . 'Activity Level' = Interp(2014, 0.06, 2015, 0.06, 2016, 0.07, 2017, 0.08, 2018, 0.08, ...
      [DRY] Key\Residential\Air Conditioning\Useful_EI\Large . 'Activity Level' = Interp(2014, 0.160335339638865)
      [DRY] Key\Residential\Air Conditioning\Useful_EI\Medium . 'Activity Level' = Interp(2014, 0.09773000859845227)
      [DRY] Key\Residential\Air Conditioning\Useful_EI\Small . 'Activity Level' = Interp(2014, 0.0672914875322442)
      [DRY] Demand\Residential\Projections\Air Conditioning_\Large\High_eff . 'Efficiency' = Interp(2014, 100.0)
      [DRY] Demand\Residential\Projections\Air Conditioning_\Large\Low_eff . 'Efficiency' = Interp(2014, 52.93533185715097)
      [DRY] Demand\Residential\Projections\Air Conditioning_\Large\Mid_eff . 'Efficiency' = Interp(2014, 72.32565355674502)
      [DRY] Demand\Residential\Projections\Air Conditioning_\Medium\High_eff . 'Efficiency' = Interp(2014, 100.0)
      [DRY] Demand\Residential\Projections\Air Conditioning_\Medium\Low_eff . 'Efficiency' = Interp(2014, 51.08085029886297)
      [DRY] Demand\Residential\Projections\Air Conditioning_\Medium\Mid_eff . 'Efficiency' = Interp(2014, 75.04291562128614)
      [DRY] Demand\Residential\Projections\Air Conditioning_\Small\High_eff . 'Efficiency' = Interp(2014, 100.0)
      [DRY] Demand\Residential\Projections\Air Conditioning_\Small\Low_eff . 'Efficiency' = Interp(2014, 64.46989043578549)
      [DRY] Demand\Residential\Projections\Air Conditioning_\Small\Mid_eff . 'Efficiency' = Interp(2014, 81.93048576214406)
    --- region 'Philippines' (25 rows) ---
      [DRY] Key\Residential\Air Conditioning\Efficiency_Share\Large_High . 'Activity Level' = Interp(2014, 15.567282321899736, 2015, 17.339312406576983, 2016, 19...
      [DRY] Key\Residential\Air Conditioning\Efficiency_Share\Large_Low . 'Activity Level' = Interp(2014, 39.20090463626084, 2015, 38.07922272047833, 2016, 36.6...
      [DRY] Key\Residential\Air Conditioning\Efficiency_Share\Large_Mid . 'Activity Level' = Interp(2014, 45.23181304183942, 2015, 44.5814648729447, 2016, 43.75...
      [DRY] Key\Residential\Air Conditioning\Efficiency_Share\Medium_High . 'Activity Level' = Interp(2014, 13.941148094548964, 2015, 15.406698564593302, 2016, 17...
      [DRY] Key\Residential\Air Conditioning\Efficiency_Share\Medium_Low . 'Activity Level' = Interp(2014, 57.26000964785335, 2015, 55.69377990430622, 2016, 53.7...
      [DRY] Key\Residential\Air Conditioning\Efficiency_Share\Medium_Mid . 'Activity Level' = Interp(2014, 28.798842257597684, 2015, 28.899521531100476, 2016, 29...
      [DRY] Key\Residential\Air Conditioning\Efficiency_Share\Small_High . 'Activity Level' = Interp(2014, 10.333712552142586, 2015, 11.384909264565426, 2016, 12...
      [DRY] Key\Residential\Air Conditioning\Efficiency_Share\Small_Low . 'Activity Level' = Interp(2014, 52.16154721274175, 2015, 50.792741165234, 2016, 49.084...
      [DRY] Key\Residential\Air Conditioning\Efficiency_Share\Small_Mid . 'Activity Level' = Interp(2014, 37.50474023511566, 2015, 37.82234957020057, 2016, 38.2...
      [DRY] Key\Residential\Air Conditioning\Size_Share\Large . 'Activity Level' = Interp(2014, 26.530000000000005, 2015, 26.75732426757324, 2016, 26....
      [DRY] Key\Residential\Air Conditioning\Size_Share\Medium . 'Activity Level' = Interp(2014, 20.73, 2015, 20.897910208979102, 2016, 21.084216843368...
      [DRY] Key\Residential\Air Conditioning\Size_Share\Small . 'Activity Level' = Interp(2014, 52.739999999999995, 2015, 52.344765523447656, 2016, 51...
      [DRY] Key\Residential\Air Conditioning\Percent Ownership . 'Activity Level' = Interp(2014, 0.18, 2015, 0.19, 2016, 0.21, 2017, 0.23, 2018, 0.25, ...
      [DRY] Key\Residential\Air Conditioning\Useful_EI\Large . 'Activity Level' = Interp(2014, 0.160335339638865)
      [DRY] Key\Residential\Air Conditioning\Useful_EI\Medium . 'Activity Level' = Interp(2014, 0.09773000859845227)
      [DRY] Key\Residential\Air Conditioning\Useful_EI\Small . 'Activity Level' = Interp(2014, 0.0672914875322442)
      [DRY] Demand\Residential\Projections\Air Conditioning_\Large\High_eff . 'Efficiency' = Interp(2014, 100.0)
      [DRY] Demand\Residential\Projections\Air Conditioning_\Large\Low_eff . 'Efficiency' = Interp(2014, 52.93533185715097)
      [DRY] Demand\Residential\Projections\Air Conditioning_\Large\Mid_eff . 'Efficiency' = Interp(2014, 72.32565355674502)
      [DRY] Demand\Residential\Projections\Air Conditioning_\Medium\High_eff . 'Efficiency' = Interp(2014, 100.0)
      [DRY] Demand\Residential\Projections\Air Conditioning_\Medium\Low_eff . 'Efficiency' = Interp(2014, 51.08085029886297)
      [DRY] Demand\Residential\Projections\Air Conditioning_\Medium\Mid_eff . 'Efficiency' = Interp(2014, 75.04291562128614)
      [DRY] Demand\Residential\Projections\Air Conditioning_\Small\High_eff . 'Efficiency' = Interp(2014, 100.0)
      [DRY] Demand\Residential\Projections\Air Conditioning_\Small\Low_eff . 'Efficiency' = Interp(2014, 64.46989043578549)
      [DRY] Demand\Residential\Projections\Air Conditioning_\Small\Mid_eff . 'Efficiency' = Interp(2014, 81.93048576214406)
    --- region 'Singapore' (25 rows) ---
      [DRY] Key\Residential\Air Conditioning\Efficiency_Share\Large_High . 'Activity Level' = Interp(2014, 17.961009907318633, 2015, 20.253968253968253, 2016, 23...
      [DRY] Key\Residential\Air Conditioning\Efficiency_Share\Large_Low . 'Activity Level' = Interp(2014, 37.67976989453499, 2015, 36.25396825396825, 2016, 34.4...
      [DRY] Key\Residential\Air Conditioning\Efficiency_Share\Large_Mid . 'Activity Level' = Interp(2014, 44.359220198146375, 2015, 43.49206349206349, 2016, 42....
      [DRY] Key\Residential\Air Conditioning\Efficiency_Share\Medium_High . 'Activity Level' = Interp(2014, 15.875462392108512, 2015, 17.70290964777948, 2016, 19....
      [DRY] Key\Residential\Air Conditioning\Efficiency_Share\Medium_Low . 'Activity Level' = Interp(2014, 55.17879161528977, 2015, 53.16998468606432, 2016, 50.6...
      [DRY] Key\Residential\Air Conditioning\Efficiency_Share\Medium_Mid . 'Activity Level' = Interp(2014, 28.94574599260173, 2015, 29.1271056661562, 2016, 29.34...
      [DRY] Key\Residential\Air Conditioning\Efficiency_Share\Small_High . 'Activity Level' = Interp(2014, 11.779310344827586, 2015, 13.138075313807532, 2016, 14...
      [DRY] Key\Residential\Air Conditioning\Efficiency_Share\Small_Low . 'Activity Level' = Interp(2014, 50.289655172413795, 2015, 48.507670850767084, 2016, 46...
      [DRY] Key\Residential\Air Conditioning\Efficiency_Share\Small_Mid . 'Activity Level' = Interp(2014, 37.93103448275862, 2015, 38.35425383542538, 2016, 38.8...
      [DRY] Key\Residential\Air Conditioning\Size_Share\Large . 'Activity Level' = Interp(2014, 31.296259251850366, 2015, 31.5, 2016, 31.7168283171682...
      [DRY] Key\Residential\Air Conditioning\Size_Share\Medium . 'Activity Level' = Interp(2014, 32.44648929785957, 2015, 32.65, 2016, 32.8767123287671...
      [DRY] Key\Residential\Air Conditioning\Size_Share\Small . 'Activity Level' = Interp(2014, 36.257251450290056, 2015, 35.85, 2016, 35.406459354064...
      [DRY] Key\Residential\Air Conditioning\Percent Ownership . 'Activity Level' = Interp(2014, 2.56, 2015, 2.6, 2016, 2.64, 2017, 2.69, 2018, 2.73, 2...
      [DRY] Key\Residential\Air Conditioning\Useful_EI\Large . 'Activity Level' = Interp(2014, 0.160335339638865)
      [DRY] Key\Residential\Air Conditioning\Useful_EI\Medium . 'Activity Level' = Interp(2014, 0.09773000859845227)
      [DRY] Key\Residential\Air Conditioning\Useful_EI\Small . 'Activity Level' = Interp(2014, 0.0672914875322442)
      [DRY] Demand\Residential\Projections\Air Conditioning_\Large\High_eff . 'Efficiency' = Interp(2014, 100.0)
      [DRY] Demand\Residential\Projections\Air Conditioning_\Large\Low_eff . 'Efficiency' = Interp(2014, 52.93533185715097)
      [DRY] Demand\Residential\Projections\Air Conditioning_\Large\Mid_eff . 'Efficiency' = Interp(2014, 72.32565355674502)
      [DRY] Demand\Residential\Projections\Air Conditioning_\Medium\High_eff . 'Efficiency' = Interp(2014, 100.0)
      [DRY] Demand\Residential\Projections\Air Conditioning_\Medium\Low_eff . 'Efficiency' = Interp(2014, 51.08085029886297)
      [DRY] Demand\Residential\Projections\Air Conditioning_\Medium\Mid_eff . 'Efficiency' = Interp(2014, 75.04291562128614)
      [DRY] Demand\Residential\Projections\Air Conditioning_\Small\High_eff . 'Efficiency' = Interp(2014, 100.0)
      [DRY] Demand\Residential\Projections\Air Conditioning_\Small\Low_eff . 'Efficiency' = Interp(2014, 64.46989043578549)
      [DRY] Demand\Residential\Projections\Air Conditioning_\Small\Mid_eff . 'Efficiency' = Interp(2014, 81.93048576214406)
    --- region 'Thailand' (25 rows) ---
      [DRY] Key\Residential\Air Conditioning\Efficiency_Share\Large_High . 'Activity Level' = Interp(2014, 15.899493243243242, 2015, 17.705263157894738, 2016, 19...
      [DRY] Key\Residential\Air Conditioning\Efficiency_Share\Large_Low . 'Activity Level' = Interp(2014, 38.9991554054054, 2015, 37.852631578947374, 2016, 36.4...
      [DRY] Key\Residential\Air Conditioning\Efficiency_Share\Large_Mid . 'Activity Level' = Interp(2014, 45.10135135135135, 2015, 44.44210526315789, 2016, 43.6...
      [DRY] Key\Residential\Air Conditioning\Efficiency_Share\Medium_High . 'Activity Level' = Interp(2014, 14.23512747875354, 2015, 15.672432050829514, 2016, 17....
      [DRY] Key\Residential\Air Conditioning\Efficiency_Share\Medium_Low . 'Activity Level' = Interp(2014, 56.975920679886684, 2015, 55.38298623367454, 2016, 53....
      [DRY] Key\Residential\Air Conditioning\Efficiency_Share\Medium_Mid . 'Activity Level' = Interp(2014, 28.788951841359772, 2015, 28.944581715495936, 2016, 29...
      [DRY] Key\Residential\Air Conditioning\Efficiency_Share\Small_High . 'Activity Level' = Interp(2014, 10.537105371053709, 2015, 11.621174524400331, 2016, 12...
      [DRY] Key\Residential\Air Conditioning\Efficiency_Share\Small_Low . 'Activity Level' = Interp(2014, 51.90651906519065, 2015, 50.49627791563276, 2016, 48.8...
      [DRY] Key\Residential\Air Conditioning\Efficiency_Share\Small_Mid . 'Activity Level' = Interp(2014, 37.55637556375564, 2015, 37.882547559966916, 2016, 38....
      [DRY] Key\Residential\Air Conditioning\Size_Share\Large . 'Activity Level' = Interp(2014, 47.36473647364737, 2015, 47.495250474952506, 2016, 47....
      [DRY] Key\Residential\Air Conditioning\Size_Share\Medium . 'Activity Level' = Interp(2014, 28.24282428242825, 2015, 28.32716728327167, 2016, 28.4...
      [DRY] Key\Residential\Air Conditioning\Size_Share\Small . 'Activity Level' = Interp(2014, 24.392439243924393, 2015, 24.177582241775823, 2016, 23...
      [DRY] Key\Residential\Air Conditioning\Percent Ownership . 'Activity Level' = Interp(2014, 0.66, 2015, 0.68, 2016, 0.71, 2017, 0.75, 2018, 0.79, ...
      [DRY] Key\Residential\Air Conditioning\Useful_EI\Large . 'Activity Level' = Interp(2014, 0.160335339638865)
      [DRY] Key\Residential\Air Conditioning\Useful_EI\Medium . 'Activity Level' = Interp(2014, 0.09773000859845227)
      [DRY] Key\Residential\Air Conditioning\Useful_EI\Small . 'Activity Level' = Interp(2014, 0.0672914875322442)
      [DRY] Demand\Residential\Projections\Air Conditioning_\Large\High_eff . 'Efficiency' = Interp(2014, 100.0)
      [DRY] Demand\Residential\Projections\Air Conditioning_\Large\Low_eff . 'Efficiency' = Interp(2014, 52.93533185715097)
      [DRY] Demand\Residential\Projections\Air Conditioning_\Large\Mid_eff . 'Efficiency' = Interp(2014, 72.32565355674502)
      [DRY] Demand\Residential\Projections\Air Conditioning_\Medium\High_eff . 'Efficiency' = Interp(2014, 100.0)
      [DRY] Demand\Residential\Projections\Air Conditioning_\Medium\Low_eff . 'Efficiency' = Interp(2014, 51.08085029886297)
      [DRY] Demand\Residential\Projections\Air Conditioning_\Medium\Mid_eff . 'Efficiency' = Interp(2014, 75.04291562128614)
      [DRY] Demand\Residential\Projections\Air Conditioning_\Small\High_eff . 'Efficiency' = Interp(2014, 100.0)
      [DRY] Demand\Residential\Projections\Air Conditioning_\Small\Low_eff . 'Efficiency' = Interp(2014, 64.46989043578549)
      [DRY] Demand\Residential\Projections\Air Conditioning_\Small\Mid_eff . 'Efficiency' = Interp(2014, 81.93048576214406)
    --- region 'Vietnam' (25 rows) ---
      [DRY] Key\Residential\Air Conditioning\Efficiency_Share\Large_High . 'Activity Level' = Interp(2014, 16.96629213483146, 2015, 19.07675194660734, 2016, 21.6...
      [DRY] Key\Residential\Air Conditioning\Efficiency_Share\Large_Low . 'Activity Level' = Interp(2014, 38.31460674157303, 2015, 36.985539488320356, 2016, 35....
      [DRY] Key\Residential\Air Conditioning\Efficiency_Share\Large_Mid . 'Activity Level' = Interp(2014, 44.71910112359551, 2015, 43.937708565072306, 2016, 42....
      [DRY] Key\Residential\Air Conditioning\Efficiency_Share\Medium_High . 'Activity Level' = Interp(2014, 15.080428954423594, 2015, 16.788321167883215, 2016, 18...
      [DRY] Key\Residential\Air Conditioning\Efficiency_Share\Medium_Low . 'Activity Level' = Interp(2014, 56.03217158176944, 2015, 54.18049104180491, 2016, 51.8...
      [DRY] Key\Residential\Air Conditioning\Efficiency_Share\Medium_Mid . 'Activity Level' = Interp(2014, 28.88739946380697, 2015, 29.03118779031188, 2016, 29.2...
      [DRY] Key\Residential\Air Conditioning\Efficiency_Share\Small_High . 'Activity Level' = Interp(2014, 11.155682903533908, 2015, 12.434933487565065, 2016, 13...
      [DRY] Key\Residential\Air Conditioning\Efficiency_Share\Small_Low . 'Activity Level' = Interp(2014, 51.0792741165234, 2015, 49.43127048390206, 2016, 47.42...
      [DRY] Key\Residential\Air Conditioning\Efficiency_Share\Small_Mid . 'Activity Level' = Interp(2014, 37.7650429799427, 2015, 38.13379602853287, 2016, 38.60...
      [DRY] Key\Residential\Air Conditioning\Size_Share\Large . 'Activity Level' = Interp(2014, 17.801780178017804, 2015, 17.981798179817986, 2016, 18...
      [DRY] Key\Residential\Air Conditioning\Size_Share\Medium . 'Activity Level' = Interp(2014, 29.84298429842984, 2015, 30.143014301430142, 2016, 30....
      [DRY] Key\Residential\Air Conditioning\Size_Share\Small . 'Activity Level' = Interp(2014, 52.35523552355236, 2015, 51.875187518751886, 2016, 51....
      [DRY] Key\Residential\Air Conditioning\Percent Ownership . 'Activity Level' = Interp(2014, 0.21, 2015, 0.23, 2016, 0.26, 2017, 0.28, 2018, 0.31, ...
      [DRY] Key\Residential\Air Conditioning\Useful_EI\Large . 'Activity Level' = Interp(2014, 0.160335339638865)
      [DRY] Key\Residential\Air Conditioning\Useful_EI\Medium . 'Activity Level' = Interp(2014, 0.09773000859845227)
      [DRY] Key\Residential\Air Conditioning\Useful_EI\Small . 'Activity Level' = Interp(2014, 0.0672914875322442)
      [DRY] Demand\Residential\Projections\Air Conditioning_\Large\High_eff . 'Efficiency' = Interp(2014, 100.0)
      [DRY] Demand\Residential\Projections\Air Conditioning_\Large\Low_eff . 'Efficiency' = Interp(2014, 52.93533185715097)
      [DRY] Demand\Residential\Projections\Air Conditioning_\Large\Mid_eff . 'Efficiency' = Interp(2014, 72.32565355674502)
      [DRY] Demand\Residential\Projections\Air Conditioning_\Medium\High_eff . 'Efficiency' = Interp(2014, 100.0)
      [DRY] Demand\Residential\Projections\Air Conditioning_\Medium\Low_eff . 'Efficiency' = Interp(2014, 51.08085029886297)
      [DRY] Demand\Residential\Projections\Air Conditioning_\Medium\Mid_eff . 'Efficiency' = Interp(2014, 75.04291562128614)
      [DRY] Demand\Residential\Projections\Air Conditioning_\Small\High_eff . 'Efficiency' = Interp(2014, 100.0)
      [DRY] Demand\Residential\Projections\Air Conditioning_\Small\Low_eff . 'Efficiency' = Interp(2014, 64.46989043578549)
      [DRY] Demand\Residential\Projections\Air Conditioning_\Small\Mid_eff . 'Efficiency' = Interp(2014, 81.93048576214406)
  [dry-run] {'dry_run': 250}
  -- Phase 3: REAL INJECT --
    --- region 'Brunei' (25 rows) ---
      [OK]  Key\Residential\Air Conditioning\Efficiency_Share\Large_High . 'Activity Level' = Interp(2014, 12.991311543235415, 2015, 14.025651634257343...
      [OK]  Key\Residential\Air Conditioning\Efficiency_Share\Large_Low . 'Activity Level' = Interp(2014, 40.79437318990484, 2015, 40.11170872983036, ...
      [OK]  Key\Residential\Air Conditioning\Efficiency_Share\Large_Mid . 'Activity Level' = Interp(2014, 46.21431526685974, 2015, 45.86263963591229, ...
      [OK]  Key\Residential\Air Conditioning\Efficiency_Share\Medium_High . 'Activity Level' = Interp(2014, 11.500412201154164, 2015, 12.577575506826646...
      [OK]  Key\Residential\Air Conditioning\Efficiency_Share\Medium_Low . 'Activity Level' = Interp(2014, 59.72794723825228, 2015, 58.62639635912288, ...
      [OK]  Key\Residential\Air Conditioning\Efficiency_Share\Medium_Mid . 'Activity Level' = Interp(2014, 28.771640560593575, 2015, 28.796028134050477...
      [OK]  Key\Residential\Air Conditioning\Efficiency_Share\Small_High . 'Activity Level' = Interp(2014, 8.90836071558963, 2015, 9.497816593886462, 2...
      [OK]  Key\Residential\Air Conditioning\Efficiency_Share\Small_Low . 'Activity Level' = Interp(2014, 54.14384811975174, 2015, 53.49344978165939, ...
      [OK]  Key\Residential\Air Conditioning\Efficiency_Share\Small_Mid . 'Activity Level' = Interp(2014, 36.94779116465863, 2015, 37.00873362445415, ...
      [OK]  Key\Residential\Air Conditioning\Size_Share\Large . 'Activity Level' = Interp(2014, 48.34483448344835, 2015, 48.344834483448345,...
      [OK]  Key\Residential\Air Conditioning\Size_Share\Medium . 'Activity Level' = Interp(2014, 24.26242624262426, 2015, 24.17241724172417, ...
      [OK]  Key\Residential\Air Conditioning\Size_Share\Small . 'Activity Level' = Interp(2014, 27.392739273927397, 2015, 27.48274827482748,...
      [OK]  Key\Residential\Air Conditioning\Percent Ownership . 'Activity Level' = Interp(2014, 2.34, 2015, 2.32, 2016, 2.29, 2017, 2.29, 20...
      [OK]  Key\Residential\Air Conditioning\Useful_EI\Large . 'Activity Level' = Interp(2014, 0.160335339638865)
      [OK]  Key\Residential\Air Conditioning\Useful_EI\Medium . 'Activity Level' = Interp(2014, 0.09773000859845227)
      [OK]  Key\Residential\Air Conditioning\Useful_EI\Small . 'Activity Level' = Interp(2014, 0.0672914875322442)
      [OK]  Demand\Residential\Projections\Air Conditioning_\Large\High_eff . 'Efficiency' = Interp(2014, 100.0)
      [OK]  Demand\Residential\Projections\Air Conditioning_\Large\Low_eff . 'Efficiency' = Interp(2014, 52.93533185715097)
      [OK]  Demand\Residential\Projections\Air Conditioning_\Large\Mid_eff . 'Efficiency' = Interp(2014, 72.32565355674502)
      [OK]  Demand\Residential\Projections\Air Conditioning_\Medium\High_eff . 'Efficiency' = Interp(2014, 100.0)
      [OK]  Demand\Residential\Projections\Air Conditioning_\Medium\Low_eff . 'Efficiency' = Interp(2014, 51.08085029886297)
      [OK]  Demand\Residential\Projections\Air Conditioning_\Medium\Mid_eff . 'Efficiency' = Interp(2014, 75.04291562128614)
      [OK]  Demand\Residential\Projections\Air Conditioning_\Small\High_eff . 'Efficiency' = Interp(2014, 100.0)
      [OK]  Demand\Residential\Projections\Air Conditioning_\Small\Low_eff . 'Efficiency' = Interp(2014, 64.46989043578549)
      [OK]  Demand\Residential\Projections\Air Conditioning_\Small\Mid_eff . 'Efficiency' = Interp(2014, 81.93048576214406)
    --- region 'Cambodia' (25 rows) ---
      [OK]  Key\Residential\Air Conditioning\Efficiency_Share\Large_High . 'Activity Level' = Interp(2014, 15.920223932820152, 2015, 17.720639332870046...
      [OK]  Key\Residential\Air Conditioning\Efficiency_Share\Large_Low . 'Activity Level' = Interp(2014, 38.97830650804758, 2015, 37.87352328005559, ...
      [OK]  Key\Residential\Air Conditioning\Efficiency_Share\Large_Mid . 'Activity Level' = Interp(2014, 45.101469559132255, 2015, 44.40583738707436,...
      [OK]  Key\Residential\Air Conditioning\Efficiency_Share\Medium_High . 'Activity Level' = Interp(2014, 14.114902303878681, 2015, 15.562626554816314...
      [OK]  Key\Residential\Air Conditioning\Efficiency_Share\Medium_Low . 'Activity Level' = Interp(2014, 57.07203266258385, 2015, 55.45270465721725, ...
      [OK]  Key\Residential\Air Conditioning\Efficiency_Share\Medium_Mid . 'Activity Level' = Interp(2014, 28.813065033537477, 2015, 28.984668787966445...
      [OK]  Key\Residential\Air Conditioning\Efficiency_Share\Small_High . 'Activity Level' = Interp(2014, 10.455402856372945, 2015, 11.541609822646658...
      [OK]  Key\Residential\Air Conditioning\Efficiency_Share\Small_Low . 'Activity Level' = Interp(2014, 51.953651306925366, 2015, 50.55934515688949,...
      [OK]  Key\Residential\Air Conditioning\Efficiency_Share\Small_Mid . 'Activity Level' = Interp(2014, 37.59094583670169, 2015, 37.899045020463845,...
      [OK]  Key\Residential\Air Conditioning\Size_Share\Large . 'Activity Level' = Interp(2014, 28.585717143428685, 2015, 28.78, 2016, 29.00...
      [OK]  Key\Residential\Air Conditioning\Size_Share\Medium . 'Activity Level' = Interp(2014, 34.29685937187437, 2015, 34.57, 2016, 34.813...
      [OK]  Key\Residential\Air Conditioning\Size_Share\Small . 'Activity Level' = Interp(2014, 37.117423484696936, 2015, 36.650000000000006...
      [OK]  Key\Residential\Air Conditioning\Percent Ownership . 'Activity Level' = Interp(2014, 0.05, 2015, 0.05, 2016, 0.06, 2017, 0.07, 20...
      [OK]  Key\Residential\Air Conditioning\Useful_EI\Large . 'Activity Level' = Interp(2014, 0.160335339638865)
      [OK]  Key\Residential\Air Conditioning\Useful_EI\Medium . 'Activity Level' = Interp(2014, 0.09773000859845227)
      [OK]  Key\Residential\Air Conditioning\Useful_EI\Small . 'Activity Level' = Interp(2014, 0.0672914875322442)
      [OK]  Demand\Residential\Projections\Air Conditioning_\Large\High_eff . 'Efficiency' = Interp(2014, 100.0)
      [OK]  Demand\Residential\Projections\Air Conditioning_\Large\Low_eff . 'Efficiency' = Interp(2014, 52.93533185715097)
      [OK]  Demand\Residential\Projections\Air Conditioning_\Large\Mid_eff . 'Efficiency' = Interp(2014, 72.32565355674502)
      [OK]  Demand\Residential\Projections\Air Conditioning_\Medium\High_eff . 'Efficiency' = Interp(2014, 100.0)
      [OK]  Demand\Residential\Projections\Air Conditioning_\Medium\Low_eff . 'Efficiency' = Interp(2014, 51.08085029886297)
      [OK]  Demand\Residential\Projections\Air Conditioning_\Medium\Mid_eff . 'Efficiency' = Interp(2014, 75.04291562128614)
      [OK]  Demand\Residential\Projections\Air Conditioning_\Small\High_eff . 'Efficiency' = Interp(2014, 100.0)
      [OK]  Demand\Residential\Projections\Air Conditioning_\Small\Low_eff . 'Efficiency' = Interp(2014, 64.46989043578549)
      [OK]  Demand\Residential\Projections\Air Conditioning_\Small\Mid_eff . 'Efficiency' = Interp(2014, 81.93048576214406)
    --- region 'Indonesia' (25 rows) ---
      [OK]  Key\Residential\Air Conditioning\Efficiency_Share\Large_High . 'Activity Level' = Interp(2014, 11.509591326105088, 2015, 12.293729372937293...
      [OK]  Key\Residential\Air Conditioning\Efficiency_Share\Large_Low . 'Activity Level' = Interp(2014, 41.784820683903256, 2015, 41.25412541254125,...
      [OK]  Key\Residential\Air Conditioning\Efficiency_Share\Large_Mid . 'Activity Level' = Interp(2014, 46.70558798999166, 2015, 46.452145214521444,...
      [OK]  Key\Residential\Air Conditioning\Efficiency_Share\Medium_High . 'Activity Level' = Interp(2014, 10.667498440424204, 2015, 11.296296296296298...
      [OK]  Key\Residential\Air Conditioning\Efficiency_Share\Medium_Low . 'Activity Level' = Interp(2014, 60.885839051777914, 2015, 60.18518518518518,...
      [OK]  Key\Residential\Air Conditioning\Efficiency_Share\Medium_Mid . 'Activity Level' = Interp(2014, 28.446662507797875, 2015, 28.51851851851852,...
      [OK]  Key\Residential\Air Conditioning\Efficiency_Share\Small_High . 'Activity Level' = Interp(2014, 7.862203083761635, 2015, 8.342633928571429, ...
      [OK]  Key\Residential\Air Conditioning\Efficiency_Share\Small_Low . 'Activity Level' = Interp(2014, 55.38269204056119, 2015, 54.75725446428571, ...
      [OK]  Key\Residential\Air Conditioning\Efficiency_Share\Small_Mid . 'Activity Level' = Interp(2014, 36.75510487567718, 2015, 36.900111607142854,...
      [OK]  Key\Residential\Air Conditioning\Size_Share\Large . 'Activity Level' = Interp(2014, 11.988801119888011, 2015, 12.120000000000001...
      [OK]  Key\Residential\Air Conditioning\Size_Share\Medium . 'Activity Level' = Interp(2014, 16.028397160283976, 2015, 16.2, 2016, 16.388...
      [OK]  Key\Residential\Air Conditioning\Size_Share\Small . 'Activity Level' = Interp(2014, 71.98280171982802, 2015, 71.68, 2016, 71.352...
      [OK]  Key\Residential\Air Conditioning\Percent Ownership . 'Activity Level' = Interp(2014, 0.32, 2015, 0.34, 2016, 0.36, 2017, 0.39, 20...
      [OK]  Key\Residential\Air Conditioning\Useful_EI\Large . 'Activity Level' = Interp(2014, 0.160335339638865)
      [OK]  Key\Residential\Air Conditioning\Useful_EI\Medium . 'Activity Level' = Interp(2014, 0.09773000859845227)
      [OK]  Key\Residential\Air Conditioning\Useful_EI\Small . 'Activity Level' = Interp(2014, 0.0672914875322442)
      [OK]  Demand\Residential\Projections\Air Conditioning_\Large\High_eff . 'Efficiency' = Interp(2014, 100.0)
      [OK]  Demand\Residential\Projections\Air Conditioning_\Large\Low_eff . 'Efficiency' = Interp(2014, 52.93533185715097)
      [OK]  Demand\Residential\Projections\Air Conditioning_\Large\Mid_eff . 'Efficiency' = Interp(2014, 72.32565355674502)
      [OK]  Demand\Residential\Projections\Air Conditioning_\Medium\High_eff . 'Efficiency' = Interp(2014, 100.0)
      [OK]  Demand\Residential\Projections\Air Conditioning_\Medium\Low_eff . 'Efficiency' = Interp(2014, 51.08085029886297)
      [OK]  Demand\Residential\Projections\Air Conditioning_\Medium\Mid_eff . 'Efficiency' = Interp(2014, 75.04291562128614)
      [OK]  Demand\Residential\Projections\Air Conditioning_\Small\High_eff . 'Efficiency' = Interp(2014, 100.0)
      [OK]  Demand\Residential\Projections\Air Conditioning_\Small\Low_eff . 'Efficiency' = Interp(2014, 64.46989043578549)
      [OK]  Demand\Residential\Projections\Air Conditioning_\Small\Mid_eff . 'Efficiency' = Interp(2014, 81.93048576214406)
    --- region 'Laos' (25 rows) ---
      [OK]  Key\Residential\Air Conditioning\Efficiency_Share\Large_High . 'Activity Level' = Interp(2014, 10.23546371936569, 2015, 10.783847980997624,...
      [OK]  Key\Residential\Air Conditioning\Efficiency_Share\Large_Low . 'Activity Level' = Interp(2014, 42.62373858721768, 2015, 42.1852731591449, 2...
      [OK]  Key\Residential\Air Conditioning\Efficiency_Share\Large_Mid . 'Activity Level' = Interp(2014, 47.14079769341663, 2015, 47.03087885985748, ...
      [OK]  Key\Residential\Air Conditioning\Efficiency_Share\Medium_High . 'Activity Level' = Interp(2014, 9.8729792147806, 2015, 10.159817351598175, 2...
      [OK]  Key\Residential\Air Conditioning\Efficiency_Share\Medium_Low . 'Activity Level' = Interp(2014, 62.06697459584295, 2015, 61.58675799086758, ...
      [OK]  Key\Residential\Air Conditioning\Efficiency_Share\Medium_Mid . 'Activity Level' = Interp(2014, 28.060046189376447, 2015, 28.25342465753425,...
      [OK]  Key\Residential\Air Conditioning\Efficiency_Share\Small_High . 'Activity Level' = Interp(2014, 7.032007759456837, 2015, 7.392932747109591, ...
      [OK]  Key\Residential\Air Conditioning\Efficiency_Share\Small_Low . 'Activity Level' = Interp(2014, 56.41771742644681, 2015, 56.016935352548444,...
      [OK]  Key\Residential\Air Conditioning\Efficiency_Share\Small_Mid . 'Activity Level' = Interp(2014, 36.55027481409635, 2015, 36.590131900341966,...
      [OK]  Key\Residential\Air Conditioning\Size_Share\Large . 'Activity Level' = Interp(2014, 20.812081208120812, 2015, 21.054210842168438...
      [OK]  Key\Residential\Air Conditioning\Size_Share\Medium . 'Activity Level' = Interp(2014, 17.32173217321732, 2015, 17.52350470094019, ...
      [OK]  Key\Residential\Air Conditioning\Size_Share\Small . 'Activity Level' = Interp(2014, 61.866186618661864, 2015, 61.42228445689138,...
      [OK]  Key\Residential\Air Conditioning\Percent Ownership . 'Activity Level' = Interp(2014, 0.14, 2015, 0.16, 2016, 0.17, 2017, 0.19, 20...
      [OK]  Key\Residential\Air Conditioning\Useful_EI\Large . 'Activity Level' = Interp(2014, 0.160335339638865)
      [OK]  Key\Residential\Air Conditioning\Useful_EI\Medium . 'Activity Level' = Interp(2014, 0.09773000859845227)
      [OK]  Key\Residential\Air Conditioning\Useful_EI\Small . 'Activity Level' = Interp(2014, 0.0672914875322442)
      [OK]  Demand\Residential\Projections\Air Conditioning_\Large\High_eff . 'Efficiency' = Interp(2014, 100.0)
      [OK]  Demand\Residential\Projections\Air Conditioning_\Large\Low_eff . 'Efficiency' = Interp(2014, 52.93533185715097)
      [OK]  Demand\Residential\Projections\Air Conditioning_\Large\Mid_eff . 'Efficiency' = Interp(2014, 72.32565355674502)
      [OK]  Demand\Residential\Projections\Air Conditioning_\Medium\High_eff . 'Efficiency' = Interp(2014, 100.0)
      [OK]  Demand\Residential\Projections\Air Conditioning_\Medium\Low_eff . 'Efficiency' = Interp(2014, 51.08085029886297)
      [OK]  Demand\Residential\Projections\Air Conditioning_\Medium\Mid_eff . 'Efficiency' = Interp(2014, 75.04291562128614)
      [OK]  Demand\Residential\Projections\Air Conditioning_\Small\High_eff . 'Efficiency' = Interp(2014, 100.0)
      [OK]  Demand\Residential\Projections\Air Conditioning_\Small\Low_eff . 'Efficiency' = Interp(2014, 64.46989043578549)
      [OK]  Demand\Residential\Projections\Air Conditioning_\Small\Mid_eff . 'Efficiency' = Interp(2014, 81.93048576214406)
    --- region 'Malaysia' (25 rows) ---
      [OK]  Key\Residential\Air Conditioning\Efficiency_Share\Large_High . 'Activity Level' = Interp(2014, 17.96194775878749, 2015, 20.275906320179658,...
      [OK]  Key\Residential\Air Conditioning\Efficiency_Share\Large_Low . 'Activity Level' = Interp(2014, 37.69751693002257, 2015, 36.22072505614372, ...
      [OK]  Key\Residential\Air Conditioning\Efficiency_Share\Large_Mid . 'Activity Level' = Interp(2014, 44.340535311189946, 2015, 43.503368623676614...
      [OK]  Key\Residential\Air Conditioning\Efficiency_Share\Medium_High . 'Activity Level' = Interp(2014, 15.881458966565349, 2015, 17.724867724867728...
      [OK]  Key\Residential\Air Conditioning\Efficiency_Share\Medium_Low . 'Activity Level' = Interp(2014, 55.16717325227963, 2015, 53.13681027966742, ...
      [OK]  Key\Residential\Air Conditioning\Efficiency_Share\Medium_Mid . 'Activity Level' = Interp(2014, 28.951367781155014, 2015, 29.13832199546485,...
      [OK]  Key\Residential\Air Conditioning\Efficiency_Share\Small_High . 'Activity Level' = Interp(2014, 11.788141551441294, 2015, 13.166588013213781...
      [OK]  Key\Residential\Air Conditioning\Efficiency_Share\Small_Low . 'Activity Level' = Interp(2014, 50.26951019451605, 2015, 48.48985370457764, ...
      [OK]  Key\Residential\Air Conditioning\Efficiency_Share\Small_Mid . 'Activity Level' = Interp(2014, 37.942348254042656, 2015, 38.3435582822086, ...
      [OK]  Key\Residential\Air Conditioning\Size_Share\Large . 'Activity Level' = Interp(2014, 31.009999999999998, 2015, 31.166883311668837...
      [OK]  Key\Residential\Air Conditioning\Size_Share\Medium . 'Activity Level' = Interp(2014, 26.32, 2015, 26.45735426457354, 2016, 26.577...
      [OK]  Key\Residential\Air Conditioning\Size_Share\Small . 'Activity Level' = Interp(2014, 42.67, 2015, 42.37576242375762, 2016, 42.115...
      [OK]  Key\Residential\Air Conditioning\Percent Ownership . 'Activity Level' = Interp(2014, 1.11, 2015, 1.15, 2016, 1.19, 2017, 1.25, 20...
      [OK]  Key\Residential\Air Conditioning\Useful_EI\Large . 'Activity Level' = Interp(2014, 0.160335339638865)
      [OK]  Key\Residential\Air Conditioning\Useful_EI\Medium . 'Activity Level' = Interp(2014, 0.09773000859845227)
      [OK]  Key\Residential\Air Conditioning\Useful_EI\Small . 'Activity Level' = Interp(2014, 0.0672914875322442)
      [OK]  Demand\Residential\Projections\Air Conditioning_\Large\High_eff . 'Efficiency' = Interp(2014, 100.0)
      [OK]  Demand\Residential\Projections\Air Conditioning_\Large\Low_eff . 'Efficiency' = Interp(2014, 52.93533185715097)
      [OK]  Demand\Residential\Projections\Air Conditioning_\Large\Mid_eff . 'Efficiency' = Interp(2014, 72.32565355674502)
      [OK]  Demand\Residential\Projections\Air Conditioning_\Medium\High_eff . 'Efficiency' = Interp(2014, 100.0)
      [OK]  Demand\Residential\Projections\Air Conditioning_\Medium\Low_eff . 'Efficiency' = Interp(2014, 51.08085029886297)
      [OK]  Demand\Residential\Projections\Air Conditioning_\Medium\Mid_eff . 'Efficiency' = Interp(2014, 75.04291562128614)
      [OK]  Demand\Residential\Projections\Air Conditioning_\Small\High_eff . 'Efficiency' = Interp(2014, 100.0)
      [OK]  Demand\Residential\Projections\Air Conditioning_\Small\Low_eff . 'Efficiency' = Interp(2014, 64.46989043578549)
      [OK]  Demand\Residential\Projections\Air Conditioning_\Small\Mid_eff . 'Efficiency' = Interp(2014, 81.93048576214406)
    --- region 'Myanmar' (25 rows) ---
      [OK]  Key\Residential\Air Conditioning\Efficiency_Share\Large_High . 'Activity Level' = Interp(2014, 11.39983235540654, 2015, 12.240663900414937,...
      [OK]  Key\Residential\Air Conditioning\Efficiency_Share\Large_Low . 'Activity Level' = Interp(2014, 41.82732606873429, 2015, 41.32780082987552, ...
      [OK]  Key\Residential\Air Conditioning\Efficiency_Share\Large_Mid . 'Activity Level' = Interp(2014, 46.77284157585918, 2015, 46.43153526970954, ...
      [OK]  Key\Residential\Air Conditioning\Efficiency_Share\Medium_High . 'Activity Level' = Interp(2014, 10.571216617210682, 2015, 11.200881380829966...
      [OK]  Key\Residential\Air Conditioning\Efficiency_Share\Medium_Low . 'Activity Level' = Interp(2014, 61.016320474777444, 2015, 60.3011384502387, ...
      [OK]  Key\Residential\Air Conditioning\Efficiency_Share\Medium_Mid . 'Activity Level' = Interp(2014, 28.41246290801187, 2015, 28.49798016893132, ...
      [OK]  Key\Residential\Air Conditioning\Efficiency_Share\Small_High . 'Activity Level' = Interp(2014, 7.806464728603375, 2015, 8.280254777070063, ...
      [OK]  Key\Residential\Air Conditioning\Efficiency_Share\Small_Low . 'Activity Level' = Interp(2014, 55.45842650945314, 2015, 54.83870967741935, ...
      [OK]  Key\Residential\Air Conditioning\Efficiency_Share\Small_Mid . 'Activity Level' = Interp(2014, 36.735108761943486, 2015, 36.88103554551058,...
      [OK]  Key\Residential\Air Conditioning\Size_Share\Large . 'Activity Level' = Interp(2014, 23.85761423857614, 2015, 24.1, 2016, 24.3100...
      [OK]  Key\Residential\Air Conditioning\Size_Share\Medium . 'Activity Level' = Interp(2014, 26.95730426957304, 2015, 27.230000000000004,...
      [OK]  Key\Residential\Air Conditioning\Size_Share\Small . 'Activity Level' = Interp(2014, 49.18508149185081, 2015, 48.67, 2016, 48.21,...
      [OK]  Key\Residential\Air Conditioning\Percent Ownership . 'Activity Level' = Interp(2014, 0.06, 2015, 0.06, 2016, 0.07, 2017, 0.08, 20...
      [OK]  Key\Residential\Air Conditioning\Useful_EI\Large . 'Activity Level' = Interp(2014, 0.160335339638865)
      [OK]  Key\Residential\Air Conditioning\Useful_EI\Medium . 'Activity Level' = Interp(2014, 0.09773000859845227)
      [OK]  Key\Residential\Air Conditioning\Useful_EI\Small . 'Activity Level' = Interp(2014, 0.0672914875322442)
      [OK]  Demand\Residential\Projections\Air Conditioning_\Large\High_eff . 'Efficiency' = Interp(2014, 100.0)
      [OK]  Demand\Residential\Projections\Air Conditioning_\Large\Low_eff . 'Efficiency' = Interp(2014, 52.93533185715097)
      [OK]  Demand\Residential\Projections\Air Conditioning_\Large\Mid_eff . 'Efficiency' = Interp(2014, 72.32565355674502)
      [OK]  Demand\Residential\Projections\Air Conditioning_\Medium\High_eff . 'Efficiency' = Interp(2014, 100.0)
      [OK]  Demand\Residential\Projections\Air Conditioning_\Medium\Low_eff . 'Efficiency' = Interp(2014, 51.08085029886297)
      [OK]  Demand\Residential\Projections\Air Conditioning_\Medium\Mid_eff . 'Efficiency' = Interp(2014, 75.04291562128614)
      [OK]  Demand\Residential\Projections\Air Conditioning_\Small\High_eff . 'Efficiency' = Interp(2014, 100.0)
      [OK]  Demand\Residential\Projections\Air Conditioning_\Small\Low_eff . 'Efficiency' = Interp(2014, 64.46989043578549)
      [OK]  Demand\Residential\Projections\Air Conditioning_\Small\Mid_eff . 'Efficiency' = Interp(2014, 81.93048576214406)
    --- region 'Philippines' (25 rows) ---
      [OK]  Key\Residential\Air Conditioning\Efficiency_Share\Large_High . 'Activity Level' = Interp(2014, 15.567282321899736, 2015, 17.339312406576983...
      [OK]  Key\Residential\Air Conditioning\Efficiency_Share\Large_Low . 'Activity Level' = Interp(2014, 39.20090463626084, 2015, 38.07922272047833, ...
      [OK]  Key\Residential\Air Conditioning\Efficiency_Share\Large_Mid . 'Activity Level' = Interp(2014, 45.23181304183942, 2015, 44.5814648729447, 2...
      [OK]  Key\Residential\Air Conditioning\Efficiency_Share\Medium_High . 'Activity Level' = Interp(2014, 13.941148094548964, 2015, 15.406698564593302...
      [OK]  Key\Residential\Air Conditioning\Efficiency_Share\Medium_Low . 'Activity Level' = Interp(2014, 57.26000964785335, 2015, 55.69377990430622, ...
      [OK]  Key\Residential\Air Conditioning\Efficiency_Share\Medium_Mid . 'Activity Level' = Interp(2014, 28.798842257597684, 2015, 28.899521531100476...
      [OK]  Key\Residential\Air Conditioning\Efficiency_Share\Small_High . 'Activity Level' = Interp(2014, 10.333712552142586, 2015, 11.384909264565426...
      [OK]  Key\Residential\Air Conditioning\Efficiency_Share\Small_Low . 'Activity Level' = Interp(2014, 52.16154721274175, 2015, 50.792741165234, 20...
      [OK]  Key\Residential\Air Conditioning\Efficiency_Share\Small_Mid . 'Activity Level' = Interp(2014, 37.50474023511566, 2015, 37.82234957020057, ...
      [OK]  Key\Residential\Air Conditioning\Size_Share\Large . 'Activity Level' = Interp(2014, 26.530000000000005, 2015, 26.75732426757324,...
      [OK]  Key\Residential\Air Conditioning\Size_Share\Medium . 'Activity Level' = Interp(2014, 20.73, 2015, 20.897910208979102, 2016, 21.08...
      [OK]  Key\Residential\Air Conditioning\Size_Share\Small . 'Activity Level' = Interp(2014, 52.739999999999995, 2015, 52.344765523447656...
      [OK]  Key\Residential\Air Conditioning\Percent Ownership . 'Activity Level' = Interp(2014, 0.18, 2015, 0.19, 2016, 0.21, 2017, 0.23, 20...
      [OK]  Key\Residential\Air Conditioning\Useful_EI\Large . 'Activity Level' = Interp(2014, 0.160335339638865)
      [OK]  Key\Residential\Air Conditioning\Useful_EI\Medium . 'Activity Level' = Interp(2014, 0.09773000859845227)
      [OK]  Key\Residential\Air Conditioning\Useful_EI\Small . 'Activity Level' = Interp(2014, 0.0672914875322442)
      [OK]  Demand\Residential\Projections\Air Conditioning_\Large\High_eff . 'Efficiency' = Interp(2014, 100.0)
      [OK]  Demand\Residential\Projections\Air Conditioning_\Large\Low_eff . 'Efficiency' = Interp(2014, 52.93533185715097)
      [OK]  Demand\Residential\Projections\Air Conditioning_\Large\Mid_eff . 'Efficiency' = Interp(2014, 72.32565355674502)
      [OK]  Demand\Residential\Projections\Air Conditioning_\Medium\High_eff . 'Efficiency' = Interp(2014, 100.0)
      [OK]  Demand\Residential\Projections\Air Conditioning_\Medium\Low_eff . 'Efficiency' = Interp(2014, 51.08085029886297)
      [OK]  Demand\Residential\Projections\Air Conditioning_\Medium\Mid_eff . 'Efficiency' = Interp(2014, 75.04291562128614)
      [OK]  Demand\Residential\Projections\Air Conditioning_\Small\High_eff . 'Efficiency' = Interp(2014, 100.0)
      [OK]  Demand\Residential\Projections\Air Conditioning_\Small\Low_eff . 'Efficiency' = Interp(2014, 64.46989043578549)
      [OK]  Demand\Residential\Projections\Air Conditioning_\Small\Mid_eff . 'Efficiency' = Interp(2014, 81.93048576214406)
    --- region 'Singapore' (25 rows) ---
      [OK]  Key\Residential\Air Conditioning\Efficiency_Share\Large_High . 'Activity Level' = Interp(2014, 17.961009907318633, 2015, 20.253968253968253...
      [OK]  Key\Residential\Air Conditioning\Efficiency_Share\Large_Low . 'Activity Level' = Interp(2014, 37.67976989453499, 2015, 36.25396825396825, ...
      [OK]  Key\Residential\Air Conditioning\Efficiency_Share\Large_Mid . 'Activity Level' = Interp(2014, 44.359220198146375, 2015, 43.49206349206349,...
      [OK]  Key\Residential\Air Conditioning\Efficiency_Share\Medium_High . 'Activity Level' = Interp(2014, 15.875462392108512, 2015, 17.70290964777948,...
      [OK]  Key\Residential\Air Conditioning\Efficiency_Share\Medium_Low . 'Activity Level' = Interp(2014, 55.17879161528977, 2015, 53.16998468606432, ...
      [OK]  Key\Residential\Air Conditioning\Efficiency_Share\Medium_Mid . 'Activity Level' = Interp(2014, 28.94574599260173, 2015, 29.1271056661562, 2...
      [OK]  Key\Residential\Air Conditioning\Efficiency_Share\Small_High . 'Activity Level' = Interp(2014, 11.779310344827586, 2015, 13.138075313807532...
      [OK]  Key\Residential\Air Conditioning\Efficiency_Share\Small_Low . 'Activity Level' = Interp(2014, 50.289655172413795, 2015, 48.507670850767084...
      [OK]  Key\Residential\Air Conditioning\Efficiency_Share\Small_Mid . 'Activity Level' = Interp(2014, 37.93103448275862, 2015, 38.35425383542538, ...
      [OK]  Key\Residential\Air Conditioning\Size_Share\Large . 'Activity Level' = Interp(2014, 31.296259251850366, 2015, 31.5, 2016, 31.716...
      [OK]  Key\Residential\Air Conditioning\Size_Share\Medium . 'Activity Level' = Interp(2014, 32.44648929785957, 2015, 32.65, 2016, 32.876...
      [OK]  Key\Residential\Air Conditioning\Size_Share\Small . 'Activity Level' = Interp(2014, 36.257251450290056, 2015, 35.85, 2016, 35.40...
      [OK]  Key\Residential\Air Conditioning\Percent Ownership . 'Activity Level' = Interp(2014, 2.56, 2015, 2.6, 2016, 2.64, 2017, 2.69, 201...
      [OK]  Key\Residential\Air Conditioning\Useful_EI\Large . 'Activity Level' = Interp(2014, 0.160335339638865)
      [OK]  Key\Residential\Air Conditioning\Useful_EI\Medium . 'Activity Level' = Interp(2014, 0.09773000859845227)
      [OK]  Key\Residential\Air Conditioning\Useful_EI\Small . 'Activity Level' = Interp(2014, 0.0672914875322442)
      [OK]  Demand\Residential\Projections\Air Conditioning_\Large\High_eff . 'Efficiency' = Interp(2014, 100.0)
      [OK]  Demand\Residential\Projections\Air Conditioning_\Large\Low_eff . 'Efficiency' = Interp(2014, 52.93533185715097)
      [OK]  Demand\Residential\Projections\Air Conditioning_\Large\Mid_eff . 'Efficiency' = Interp(2014, 72.32565355674502)
      [OK]  Demand\Residential\Projections\Air Conditioning_\Medium\High_eff . 'Efficiency' = Interp(2014, 100.0)
      [OK]  Demand\Residential\Projections\Air Conditioning_\Medium\Low_eff . 'Efficiency' = Interp(2014, 51.08085029886297)
      [OK]  Demand\Residential\Projections\Air Conditioning_\Medium\Mid_eff . 'Efficiency' = Interp(2014, 75.04291562128614)
      [OK]  Demand\Residential\Projections\Air Conditioning_\Small\High_eff . 'Efficiency' = Interp(2014, 100.0)
      [OK]  Demand\Residential\Projections\Air Conditioning_\Small\Low_eff . 'Efficiency' = Interp(2014, 64.46989043578549)
      [OK]  Demand\Residential\Projections\Air Conditioning_\Small\Mid_eff . 'Efficiency' = Interp(2014, 81.93048576214406)
    --- region 'Thailand' (25 rows) ---
      [OK]  Key\Residential\Air Conditioning\Efficiency_Share\Large_High . 'Activity Level' = Interp(2014, 15.899493243243242, 2015, 17.705263157894738...
      [OK]  Key\Residential\Air Conditioning\Efficiency_Share\Large_Low . 'Activity Level' = Interp(2014, 38.9991554054054, 2015, 37.852631578947374, ...
      [OK]  Key\Residential\Air Conditioning\Efficiency_Share\Large_Mid . 'Activity Level' = Interp(2014, 45.10135135135135, 2015, 44.44210526315789, ...
      [OK]  Key\Residential\Air Conditioning\Efficiency_Share\Medium_High . 'Activity Level' = Interp(2014, 14.23512747875354, 2015, 15.672432050829514,...
      [OK]  Key\Residential\Air Conditioning\Efficiency_Share\Medium_Low . 'Activity Level' = Interp(2014, 56.975920679886684, 2015, 55.38298623367454,...
      [OK]  Key\Residential\Air Conditioning\Efficiency_Share\Medium_Mid . 'Activity Level' = Interp(2014, 28.788951841359772, 2015, 28.944581715495936...
      [OK]  Key\Residential\Air Conditioning\Efficiency_Share\Small_High . 'Activity Level' = Interp(2014, 10.537105371053709, 2015, 11.621174524400331...
      [OK]  Key\Residential\Air Conditioning\Efficiency_Share\Small_Low . 'Activity Level' = Interp(2014, 51.90651906519065, 2015, 50.49627791563276, ...
      [OK]  Key\Residential\Air Conditioning\Efficiency_Share\Small_Mid . 'Activity Level' = Interp(2014, 37.55637556375564, 2015, 37.882547559966916,...
      [OK]  Key\Residential\Air Conditioning\Size_Share\Large . 'Activity Level' = Interp(2014, 47.36473647364737, 2015, 47.495250474952506,...
      [OK]  Key\Residential\Air Conditioning\Size_Share\Medium . 'Activity Level' = Interp(2014, 28.24282428242825, 2015, 28.32716728327167, ...
      [OK]  Key\Residential\Air Conditioning\Size_Share\Small . 'Activity Level' = Interp(2014, 24.392439243924393, 2015, 24.177582241775823...
      [OK]  Key\Residential\Air Conditioning\Percent Ownership . 'Activity Level' = Interp(2014, 0.66, 2015, 0.68, 2016, 0.71, 2017, 0.75, 20...
      [OK]  Key\Residential\Air Conditioning\Useful_EI\Large . 'Activity Level' = Interp(2014, 0.160335339638865)
      [OK]  Key\Residential\Air Conditioning\Useful_EI\Medium . 'Activity Level' = Interp(2014, 0.09773000859845227)
      [OK]  Key\Residential\Air Conditioning\Useful_EI\Small . 'Activity Level' = Interp(2014, 0.0672914875322442)
      [OK]  Demand\Residential\Projections\Air Conditioning_\Large\High_eff . 'Efficiency' = Interp(2014, 100.0)
      [OK]  Demand\Residential\Projections\Air Conditioning_\Large\Low_eff . 'Efficiency' = Interp(2014, 52.93533185715097)
      [OK]  Demand\Residential\Projections\Air Conditioning_\Large\Mid_eff . 'Efficiency' = Interp(2014, 72.32565355674502)
      [OK]  Demand\Residential\Projections\Air Conditioning_\Medium\High_eff . 'Efficiency' = Interp(2014, 100.0)
      [OK]  Demand\Residential\Projections\Air Conditioning_\Medium\Low_eff . 'Efficiency' = Interp(2014, 51.08085029886297)
      [OK]  Demand\Residential\Projections\Air Conditioning_\Medium\Mid_eff . 'Efficiency' = Interp(2014, 75.04291562128614)
      [OK]  Demand\Residential\Projections\Air Conditioning_\Small\High_eff . 'Efficiency' = Interp(2014, 100.0)
      [OK]  Demand\Residential\Projections\Air Conditioning_\Small\Low_eff . 'Efficiency' = Interp(2014, 64.46989043578549)
      [OK]  Demand\Residential\Projections\Air Conditioning_\Small\Mid_eff . 'Efficiency' = Interp(2014, 81.93048576214406)
    --- region 'Vietnam' (25 rows) ---
      [OK]  Key\Residential\Air Conditioning\Efficiency_Share\Large_High . 'Activity Level' = Interp(2014, 16.96629213483146, 2015, 19.07675194660734, ...
      [OK]  Key\Residential\Air Conditioning\Efficiency_Share\Large_Low . 'Activity Level' = Interp(2014, 38.31460674157303, 2015, 36.985539488320356,...
      [OK]  Key\Residential\Air Conditioning\Efficiency_Share\Large_Mid . 'Activity Level' = Interp(2014, 44.71910112359551, 2015, 43.937708565072306,...
      [OK]  Key\Residential\Air Conditioning\Efficiency_Share\Medium_High . 'Activity Level' = Interp(2014, 15.080428954423594, 2015, 16.788321167883215...
      [OK]  Key\Residential\Air Conditioning\Efficiency_Share\Medium_Low . 'Activity Level' = Interp(2014, 56.03217158176944, 2015, 54.18049104180491, ...
      [OK]  Key\Residential\Air Conditioning\Efficiency_Share\Medium_Mid . 'Activity Level' = Interp(2014, 28.88739946380697, 2015, 29.03118779031188, ...
      [OK]  Key\Residential\Air Conditioning\Efficiency_Share\Small_High . 'Activity Level' = Interp(2014, 11.155682903533908, 2015, 12.434933487565065...
      [OK]  Key\Residential\Air Conditioning\Efficiency_Share\Small_Low . 'Activity Level' = Interp(2014, 51.0792741165234, 2015, 49.43127048390206, 2...
      [OK]  Key\Residential\Air Conditioning\Efficiency_Share\Small_Mid . 'Activity Level' = Interp(2014, 37.7650429799427, 2015, 38.13379602853287, 2...
      [OK]  Key\Residential\Air Conditioning\Size_Share\Large . 'Activity Level' = Interp(2014, 17.801780178017804, 2015, 17.981798179817986...
      [OK]  Key\Residential\Air Conditioning\Size_Share\Medium . 'Activity Level' = Interp(2014, 29.84298429842984, 2015, 30.143014301430142,...
      [OK]  Key\Residential\Air Conditioning\Size_Share\Small . 'Activity Level' = Interp(2014, 52.35523552355236, 2015, 51.875187518751886,...
      [OK]  Key\Residential\Air Conditioning\Percent Ownership . 'Activity Level' = Interp(2014, 0.21, 2015, 0.23, 2016, 0.26, 2017, 0.28, 20...
      [OK]  Key\Residential\Air Conditioning\Useful_EI\Large . 'Activity Level' = Interp(2014, 0.160335339638865)
      [OK]  Key\Residential\Air Conditioning\Useful_EI\Medium . 'Activity Level' = Interp(2014, 0.09773000859845227)
      [OK]  Key\Residential\Air Conditioning\Useful_EI\Small . 'Activity Level' = Interp(2014, 0.0672914875322442)
      [OK]  Demand\Residential\Projections\Air Conditioning_\Large\High_eff . 'Efficiency' = Interp(2014, 100.0)
      [OK]  Demand\Residential\Projections\Air Conditioning_\Large\Low_eff . 'Efficiency' = Interp(2014, 52.93533185715097)
      [OK]  Demand\Residential\Projections\Air Conditioning_\Large\Mid_eff . 'Efficiency' = Interp(2014, 72.32565355674502)
      [OK]  Demand\Residential\Projections\Air Conditioning_\Medium\High_eff . 'Efficiency' = Interp(2014, 100.0)
      [OK]  Demand\Residential\Projections\Air Conditioning_\Medium\Low_eff . 'Efficiency' = Interp(2014, 51.08085029886297)
      [OK]  Demand\Residential\Projections\Air Conditioning_\Medium\Mid_eff . 'Efficiency' = Interp(2014, 75.04291562128614)
      [OK]  Demand\Residential\Projections\Air Conditioning_\Small\High_eff . 'Efficiency' = Interp(2014, 100.0)
      [OK]  Demand\Residential\Projections\Air Conditioning_\Small\Low_eff . 'Efficiency' = Interp(2014, 64.46989043578549)
      [OK]  Demand\Residential\Projections\Air Conditioning_\Small\Mid_eff . 'Efficiency' = Interp(2014, 81.93048576214406)
  [real-inject] {'pushed': 250}
  -- Phase 4: READBACK VERIFY --
    verifying 10 row(s) (1/region x 10 region(s))
    [EXACT] Brunei|Activity Level on Key\Residential\Air Conditioning\Efficiency_Share\Large_High
    [EXACT] Cambodia|Activity Level on Key\Residential\Air Conditioning\Efficiency_Share\Large_High
    [EXACT] Indonesia|Activity Level on Key\Residential\Air Conditioning\Efficiency_Share\Large_High
    [EXACT] Laos|Activity Level on Key\Residential\Air Conditioning\Efficiency_Share\Large_High
    [EXACT] Malaysia|Activity Level on Key\Residential\Air Conditioning\Efficiency_Share\Large_High
    [EXACT] Myanmar|Activity Level on Key\Residential\Air Conditioning\Efficiency_Share\Large_High
    [EXACT] Philippines|Activity Level on Key\Residential\Air Conditioning\Efficiency_Share\Large_High
    [EXACT] Singapore|Activity Level on Key\Residential\Air Conditioning\Efficiency_Share\Large_High
    [EXACT] Thailand|Activity Level on Key\Residential\Air Conditioning\Efficiency_Share\Large_High
    [EXACT] Vietnam|Activity Level on Key\Residential\Air Conditioning\Efficiency_Share\Large_High
    Readback: 10 EXACT, 0 NORMALISED, 0 FAIL

[fridge_keys] === SCENARIO: 'AMS Target Scenario' ===
  ActiveScenario: 'AMS Target Scenario'
  rows for this scenario: 250 (untagged + scenario='AMS Target Scenario')
  250 rows across 10 region(s)
  -- Phase 1: DRY RUN --
    --- region 'Brunei' (25 rows) ---
      [DRY] Key\Residential\Air Conditioning\Efficiency_Share\Large_High . 'Activity Level' = Interp(2014, 12.991311543235415, 2015, 14.025651634257343, 2016, 15...
      [DRY] Key\Residential\Air Conditioning\Efficiency_Share\Large_Low . 'Activity Level' = Interp(2014, 40.79437318990484, 2015, 40.11170872983036, 2016, 39.3...
      [DRY] Key\Residential\Air Conditioning\Efficiency_Share\Large_Mid . 'Activity Level' = Interp(2014, 46.21431526685974, 2015, 45.86263963591229, 2016, 45.3...
      [DRY] Key\Residential\Air Conditioning\Efficiency_Share\Medium_High . 'Activity Level' = Interp(2014, 11.500412201154164, 2015, 12.577575506826646, 2016, 13...
      [DRY] Key\Residential\Air Conditioning\Efficiency_Share\Medium_Low . 'Activity Level' = Interp(2014, 59.72794723825228, 2015, 58.62639635912288, 2016, 57.5...
      [DRY] Key\Residential\Air Conditioning\Efficiency_Share\Medium_Mid . 'Activity Level' = Interp(2014, 28.771640560593575, 2015, 28.796028134050477, 2016, 28...
      [DRY] Key\Residential\Air Conditioning\Efficiency_Share\Small_High . 'Activity Level' = Interp(2014, 8.90836071558963, 2015, 9.497816593886462, 2016, 10.21...
      [DRY] Key\Residential\Air Conditioning\Efficiency_Share\Small_Low . 'Activity Level' = Interp(2014, 54.14384811975174, 2015, 53.49344978165939, 2016, 52.4...
      [DRY] Key\Residential\Air Conditioning\Efficiency_Share\Small_Mid . 'Activity Level' = Interp(2014, 36.94779116465863, 2015, 37.00873362445415, 2016, 37.3...
      [DRY] Key\Residential\Air Conditioning\Size_Share\Large . 'Activity Level' = Interp(2014, 48.34483448344835, 2015, 48.344834483448345, 2016, 48....
      [DRY] Key\Residential\Air Conditioning\Size_Share\Medium . 'Activity Level' = Interp(2014, 24.26242624262426, 2015, 24.17241724172417, 2016, 24.1...
      [DRY] Key\Residential\Air Conditioning\Size_Share\Small . 'Activity Level' = Interp(2014, 27.392739273927397, 2015, 27.48274827482748, 2016, 27....
      [DRY] Key\Residential\Air Conditioning\Percent Ownership . 'Activity Level' = Interp(2014, 2.34, 2015, 2.32, 2016, 2.29, 2017, 2.29, 2018, 2.28, ...
      [DRY] Key\Residential\Air Conditioning\Useful_EI\Large . 'Activity Level' = Interp(2014, 0.160335339638865)
      [DRY] Key\Residential\Air Conditioning\Useful_EI\Medium . 'Activity Level' = Interp(2014, 0.09773000859845227)
      [DRY] Key\Residential\Air Conditioning\Useful_EI\Small . 'Activity Level' = Interp(2014, 0.0672914875322442)
      [DRY] Demand\Residential\Projections\Air Conditioning_\Large\High_eff . 'Efficiency' = Interp(2014, 100.0)
      [DRY] Demand\Residential\Projections\Air Conditioning_\Large\Low_eff . 'Efficiency' = Interp(2014, 52.93533185715097)
      [DRY] Demand\Residential\Projections\Air Conditioning_\Large\Mid_eff . 'Efficiency' = Interp(2014, 72.32565355674502)
      [DRY] Demand\Residential\Projections\Air Conditioning_\Medium\High_eff . 'Efficiency' = Interp(2014, 100.0)
      [DRY] Demand\Residential\Projections\Air Conditioning_\Medium\Low_eff . 'Efficiency' = Interp(2014, 51.08085029886297)
      [DRY] Demand\Residential\Projections\Air Conditioning_\Medium\Mid_eff . 'Efficiency' = Interp(2014, 75.04291562128614)
      [DRY] Demand\Residential\Projections\Air Conditioning_\Small\High_eff . 'Efficiency' = Interp(2014, 100.0)
      [DRY] Demand\Residential\Projections\Air Conditioning_\Small\Low_eff . 'Efficiency' = Interp(2014, 64.46989043578549)
      [DRY] Demand\Residential\Projections\Air Conditioning_\Small\Mid_eff . 'Efficiency' = Interp(2014, 81.93048576214406)
    --- region 'Cambodia' (25 rows) ---
      [DRY] Key\Residential\Air Conditioning\Efficiency_Share\Large_High . 'Activity Level' = Interp(2014, 15.920223932820152, 2015, 17.720639332870046, 2016, 19...
      [DRY] Key\Residential\Air Conditioning\Efficiency_Share\Large_Low . 'Activity Level' = Interp(2014, 38.97830650804758, 2015, 37.87352328005559, 2016, 36.4...
      [DRY] Key\Residential\Air Conditioning\Efficiency_Share\Large_Mid . 'Activity Level' = Interp(2014, 45.101469559132255, 2015, 44.40583738707436, 2016, 43....
      [DRY] Key\Residential\Air Conditioning\Efficiency_Share\Medium_High . 'Activity Level' = Interp(2014, 14.114902303878681, 2015, 15.562626554816314, 2016, 17...
      [DRY] Key\Residential\Air Conditioning\Efficiency_Share\Medium_Low . 'Activity Level' = Interp(2014, 57.07203266258385, 2015, 55.45270465721725, 2016, 53.4...
      [DRY] Key\Residential\Air Conditioning\Efficiency_Share\Medium_Mid . 'Activity Level' = Interp(2014, 28.813065033537477, 2015, 28.984668787966445, 2016, 29...
      [DRY] Key\Residential\Air Conditioning\Efficiency_Share\Small_High . 'Activity Level' = Interp(2014, 10.455402856372945, 2015, 11.541609822646658, 2016, 12...
      [DRY] Key\Residential\Air Conditioning\Efficiency_Share\Small_Low . 'Activity Level' = Interp(2014, 51.953651306925366, 2015, 50.55934515688949, 2016, 48....
      [DRY] Key\Residential\Air Conditioning\Efficiency_Share\Small_Mid . 'Activity Level' = Interp(2014, 37.59094583670169, 2015, 37.899045020463845, 2016, 38....
      [DRY] Key\Residential\Air Conditioning\Size_Share\Large . 'Activity Level' = Interp(2014, 28.585717143428685, 2015, 28.78, 2016, 29.002900290029...
      [DRY] Key\Residential\Air Conditioning\Size_Share\Medium . 'Activity Level' = Interp(2014, 34.29685937187437, 2015, 34.57, 2016, 34.8134813481348...
      [DRY] Key\Residential\Air Conditioning\Size_Share\Small . 'Activity Level' = Interp(2014, 37.117423484696936, 2015, 36.650000000000006, 2016, 36...
      [DRY] Key\Residential\Air Conditioning\Percent Ownership . 'Activity Level' = Interp(2014, 0.05, 2015, 0.05, 2016, 0.06, 2017, 0.07, 2018, 0.07, ...
      [DRY] Key\Residential\Air Conditioning\Useful_EI\Large . 'Activity Level' = Interp(2014, 0.160335339638865)
      [DRY] Key\Residential\Air Conditioning\Useful_EI\Medium . 'Activity Level' = Interp(2014, 0.09773000859845227)
      [DRY] Key\Residential\Air Conditioning\Useful_EI\Small . 'Activity Level' = Interp(2014, 0.0672914875322442)
      [DRY] Demand\Residential\Projections\Air Conditioning_\Large\High_eff . 'Efficiency' = Interp(2014, 100.0)
      [DRY] Demand\Residential\Projections\Air Conditioning_\Large\Low_eff . 'Efficiency' = Interp(2014, 52.93533185715097)
      [DRY] Demand\Residential\Projections\Air Conditioning_\Large\Mid_eff . 'Efficiency' = Interp(2014, 72.32565355674502)
      [DRY] Demand\Residential\Projections\Air Conditioning_\Medium\High_eff . 'Efficiency' = Interp(2014, 100.0)
      [DRY] Demand\Residential\Projections\Air Conditioning_\Medium\Low_eff . 'Efficiency' = Interp(2014, 51.08085029886297)
      [DRY] Demand\Residential\Projections\Air Conditioning_\Medium\Mid_eff . 'Efficiency' = Interp(2014, 75.04291562128614)
      [DRY] Demand\Residential\Projections\Air Conditioning_\Small\High_eff . 'Efficiency' = Interp(2014, 100.0)
      [DRY] Demand\Residential\Projections\Air Conditioning_\Small\Low_eff . 'Efficiency' = Interp(2014, 64.46989043578549)
      [DRY] Demand\Residential\Projections\Air Conditioning_\Small\Mid_eff . 'Efficiency' = Interp(2014, 81.93048576214406)
    --- region 'Indonesia' (25 rows) ---
      [DRY] Key\Residential\Air Conditioning\Efficiency_Share\Large_High . 'Activity Level' = Interp(2014, 11.509591326105088, 2015, 12.293729372937293, 2016, 13...
      [DRY] Key\Residential\Air Conditioning\Efficiency_Share\Large_Low . 'Activity Level' = Interp(2014, 41.784820683903256, 2015, 41.25412541254125, 2016, 40....
      [DRY] Key\Residential\Air Conditioning\Efficiency_Share\Large_Mid . 'Activity Level' = Interp(2014, 46.70558798999166, 2015, 46.452145214521444, 2016, 46....
      [DRY] Key\Residential\Air Conditioning\Efficiency_Share\Medium_High . 'Activity Level' = Interp(2014, 10.667498440424204, 2015, 11.296296296296298, 2016, 12...
      [DRY] Key\Residential\Air Conditioning\Efficiency_Share\Medium_Low . 'Activity Level' = Interp(2014, 60.885839051777914, 2015, 60.18518518518518, 2016, 59....
      [DRY] Key\Residential\Air Conditioning\Efficiency_Share\Medium_Mid . 'Activity Level' = Interp(2014, 28.446662507797875, 2015, 28.51851851851852, 2016, 28....
      [DRY] Key\Residential\Air Conditioning\Efficiency_Share\Small_High . 'Activity Level' = Interp(2014, 7.862203083761635, 2015, 8.342633928571429, 2016, 8.92...
      [DRY] Key\Residential\Air Conditioning\Efficiency_Share\Small_Low . 'Activity Level' = Interp(2014, 55.38269204056119, 2015, 54.75725446428571, 2016, 53.9...
      [DRY] Key\Residential\Air Conditioning\Efficiency_Share\Small_Mid . 'Activity Level' = Interp(2014, 36.75510487567718, 2015, 36.900111607142854, 2016, 37....
      [DRY] Key\Residential\Air Conditioning\Size_Share\Large . 'Activity Level' = Interp(2014, 11.988801119888011, 2015, 12.120000000000001, 2016, 12...
      [DRY] Key\Residential\Air Conditioning\Size_Share\Medium . 'Activity Level' = Interp(2014, 16.028397160283976, 2015, 16.2, 2016, 16.3883611638836...
      [DRY] Key\Residential\Air Conditioning\Size_Share\Small . 'Activity Level' = Interp(2014, 71.98280171982802, 2015, 71.68, 2016, 71.3528647135286...
      [DRY] Key\Residential\Air Conditioning\Percent Ownership . 'Activity Level' = Interp(2014, 0.32, 2015, 0.34, 2016, 0.36, 2017, 0.39, 2018, 0.41, ...
      [DRY] Key\Residential\Air Conditioning\Useful_EI\Large . 'Activity Level' = Interp(2014, 0.160335339638865)
      [DRY] Key\Residential\Air Conditioning\Useful_EI\Medium . 'Activity Level' = Interp(2014, 0.09773000859845227)
      [DRY] Key\Residential\Air Conditioning\Useful_EI\Small . 'Activity Level' = Interp(2014, 0.0672914875322442)
      [DRY] Demand\Residential\Projections\Air Conditioning_\Large\High_eff . 'Efficiency' = Interp(2014, 100.0)
      [DRY] Demand\Residential\Projections\Air Conditioning_\Large\Low_eff . 'Efficiency' = Interp(2014, 52.93533185715097)
      [DRY] Demand\Residential\Projections\Air Conditioning_\Large\Mid_eff . 'Efficiency' = Interp(2014, 72.32565355674502)
      [DRY] Demand\Residential\Projections\Air Conditioning_\Medium\High_eff . 'Efficiency' = Interp(2014, 100.0)
      [DRY] Demand\Residential\Projections\Air Conditioning_\Medium\Low_eff . 'Efficiency' = Interp(2014, 51.08085029886297)
      [DRY] Demand\Residential\Projections\Air Conditioning_\Medium\Mid_eff . 'Efficiency' = Interp(2014, 75.04291562128614)
      [DRY] Demand\Residential\Projections\Air Conditioning_\Small\High_eff . 'Efficiency' = Interp(2014, 100.0)
      [DRY] Demand\Residential\Projections\Air Conditioning_\Small\Low_eff . 'Efficiency' = Interp(2014, 64.46989043578549)
      [DRY] Demand\Residential\Projections\Air Conditioning_\Small\Mid_eff . 'Efficiency' = Interp(2014, 81.93048576214406)
    --- region 'Laos' (25 rows) ---
      [DRY] Key\Residential\Air Conditioning\Efficiency_Share\Large_High . 'Activity Level' = Interp(2014, 10.23546371936569, 2015, 10.783847980997624, 2016, 11....
      [DRY] Key\Residential\Air Conditioning\Efficiency_Share\Large_Low . 'Activity Level' = Interp(2014, 42.62373858721768, 2015, 42.1852731591449, 2016, 41.83...
      [DRY] Key\Residential\Air Conditioning\Efficiency_Share\Large_Mid . 'Activity Level' = Interp(2014, 47.14079769341663, 2015, 47.03087885985748, 2016, 46.8...
      [DRY] Key\Residential\Air Conditioning\Efficiency_Share\Medium_High . 'Activity Level' = Interp(2014, 9.8729792147806, 2015, 10.159817351598175, 2016, 10.60...
      [DRY] Key\Residential\Air Conditioning\Efficiency_Share\Medium_Low . 'Activity Level' = Interp(2014, 62.06697459584295, 2015, 61.58675799086758, 2016, 61.0...
      [DRY] Key\Residential\Air Conditioning\Efficiency_Share\Medium_Mid . 'Activity Level' = Interp(2014, 28.060046189376447, 2015, 28.25342465753425, 2016, 28....
      [DRY] Key\Residential\Air Conditioning\Efficiency_Share\Small_High . 'Activity Level' = Interp(2014, 7.032007759456837, 2015, 7.392932747109591, 2016, 7.77...
      [DRY] Key\Residential\Air Conditioning\Efficiency_Share\Small_Low . 'Activity Level' = Interp(2014, 56.41771742644681, 2015, 56.016935352548444, 2016, 55....
      [DRY] Key\Residential\Air Conditioning\Efficiency_Share\Small_Mid . 'Activity Level' = Interp(2014, 36.55027481409635, 2015, 36.590131900341966, 2016, 36....
      [DRY] Key\Residential\Air Conditioning\Size_Share\Large . 'Activity Level' = Interp(2014, 20.812081208120812, 2015, 21.054210842168438, 2016, 21...
      [DRY] Key\Residential\Air Conditioning\Size_Share\Medium . 'Activity Level' = Interp(2014, 17.32173217321732, 2015, 17.52350470094019, 2016, 17.7...
      [DRY] Key\Residential\Air Conditioning\Size_Share\Small . 'Activity Level' = Interp(2014, 61.866186618661864, 2015, 61.42228445689138, 2016, 60....
      [DRY] Key\Residential\Air Conditioning\Percent Ownership . 'Activity Level' = Interp(2014, 0.14, 2015, 0.16, 2016, 0.17, 2017, 0.19, 2018, 0.21, ...
      [DRY] Key\Residential\Air Conditioning\Useful_EI\Large . 'Activity Level' = Interp(2014, 0.160335339638865)
      [DRY] Key\Residential\Air Conditioning\Useful_EI\Medium . 'Activity Level' = Interp(2014, 0.09773000859845227)
      [DRY] Key\Residential\Air Conditioning\Useful_EI\Small . 'Activity Level' = Interp(2014, 0.0672914875322442)
      [DRY] Demand\Residential\Projections\Air Conditioning_\Large\High_eff . 'Efficiency' = Interp(2014, 100.0)
      [DRY] Demand\Residential\Projections\Air Conditioning_\Large\Low_eff . 'Efficiency' = Interp(2014, 52.93533185715097)
      [DRY] Demand\Residential\Projections\Air Conditioning_\Large\Mid_eff . 'Efficiency' = Interp(2014, 72.32565355674502)
      [DRY] Demand\Residential\Projections\Air Conditioning_\Medium\High_eff . 'Efficiency' = Interp(2014, 100.0)
      [DRY] Demand\Residential\Projections\Air Conditioning_\Medium\Low_eff . 'Efficiency' = Interp(2014, 51.08085029886297)
      [DRY] Demand\Residential\Projections\Air Conditioning_\Medium\Mid_eff . 'Efficiency' = Interp(2014, 75.04291562128614)
      [DRY] Demand\Residential\Projections\Air Conditioning_\Small\High_eff . 'Efficiency' = Interp(2014, 100.0)
      [DRY] Demand\Residential\Projections\Air Conditioning_\Small\Low_eff . 'Efficiency' = Interp(2014, 64.46989043578549)
      [DRY] Demand\Residential\Projections\Air Conditioning_\Small\Mid_eff . 'Efficiency' = Interp(2014, 81.93048576214406)
    --- region 'Malaysia' (25 rows) ---
      [DRY] Key\Residential\Air Conditioning\Efficiency_Share\Large_High . 'Activity Level' = Interp(2014, 17.96194775878749, 2015, 20.275906320179658, 2016, 23....
      [DRY] Key\Residential\Air Conditioning\Efficiency_Share\Large_Low . 'Activity Level' = Interp(2014, 37.69751693002257, 2015, 36.22072505614372, 2016, 34.4...
      [DRY] Key\Residential\Air Conditioning\Efficiency_Share\Large_Mid . 'Activity Level' = Interp(2014, 44.340535311189946, 2015, 43.503368623676614, 2016, 42...
      [DRY] Key\Residential\Air Conditioning\Efficiency_Share\Medium_High . 'Activity Level' = Interp(2014, 15.881458966565349, 2015, 17.724867724867728, 2016, 19...
      [DRY] Key\Residential\Air Conditioning\Efficiency_Share\Medium_Low . 'Activity Level' = Interp(2014, 55.16717325227963, 2015, 53.13681027966742, 2016, 50.6...
      [DRY] Key\Residential\Air Conditioning\Efficiency_Share\Medium_Mid . 'Activity Level' = Interp(2014, 28.951367781155014, 2015, 29.13832199546485, 2016, 29....
      [DRY] Key\Residential\Air Conditioning\Efficiency_Share\Small_High . 'Activity Level' = Interp(2014, 11.788141551441294, 2015, 13.166588013213781, 2016, 14...
      [DRY] Key\Residential\Air Conditioning\Efficiency_Share\Small_Low . 'Activity Level' = Interp(2014, 50.26951019451605, 2015, 48.48985370457764, 2016, 46.3...
      [DRY] Key\Residential\Air Conditioning\Efficiency_Share\Small_Mid . 'Activity Level' = Interp(2014, 37.942348254042656, 2015, 38.3435582822086, 2016, 38.8...
      [DRY] Key\Residential\Air Conditioning\Size_Share\Large . 'Activity Level' = Interp(2014, 31.009999999999998, 2015, 31.166883311668837, 2016, 31...
      [DRY] Key\Residential\Air Conditioning\Size_Share\Medium . 'Activity Level' = Interp(2014, 26.32, 2015, 26.45735426457354, 2016, 26.5773422657734...
      [DRY] Key\Residential\Air Conditioning\Size_Share\Small . 'Activity Level' = Interp(2014, 42.67, 2015, 42.37576242375762, 2016, 42.1157884211578...
      [DRY] Key\Residential\Air Conditioning\Percent Ownership . 'Activity Level' = Interp(2014, 1.11, 2015, 1.15, 2016, 1.19, 2017, 1.25, 2018, 1.29, ...
      [DRY] Key\Residential\Air Conditioning\Useful_EI\Large . 'Activity Level' = Interp(2014, 0.160335339638865)
      [DRY] Key\Residential\Air Conditioning\Useful_EI\Medium . 'Activity Level' = Interp(2014, 0.09773000859845227)
      [DRY] Key\Residential\Air Conditioning\Useful_EI\Small . 'Activity Level' = Interp(2014, 0.0672914875322442)
      [DRY] Demand\Residential\Projections\Air Conditioning_\Large\High_eff . 'Efficiency' = Interp(2014, 100.0)
      [DRY] Demand\Residential\Projections\Air Conditioning_\Large\Low_eff . 'Efficiency' = Interp(2014, 52.93533185715097)
      [DRY] Demand\Residential\Projections\Air Conditioning_\Large\Mid_eff . 'Efficiency' = Interp(2014, 72.32565355674502)
      [DRY] Demand\Residential\Projections\Air Conditioning_\Medium\High_eff . 'Efficiency' = Interp(2014, 100.0)
      [DRY] Demand\Residential\Projections\Air Conditioning_\Medium\Low_eff . 'Efficiency' = Interp(2014, 51.08085029886297)
      [DRY] Demand\Residential\Projections\Air Conditioning_\Medium\Mid_eff . 'Efficiency' = Interp(2014, 75.04291562128614)
      [DRY] Demand\Residential\Projections\Air Conditioning_\Small\High_eff . 'Efficiency' = Interp(2014, 100.0)
      [DRY] Demand\Residential\Projections\Air Conditioning_\Small\Low_eff . 'Efficiency' = Interp(2014, 64.46989043578549)
      [DRY] Demand\Residential\Projections\Air Conditioning_\Small\Mid_eff . 'Efficiency' = Interp(2014, 81.93048576214406)
    --- region 'Myanmar' (25 rows) ---
      [DRY] Key\Residential\Air Conditioning\Efficiency_Share\Large_High . 'Activity Level' = Interp(2014, 11.39983235540654, 2015, 12.240663900414937, 2016, 13....
      [DRY] Key\Residential\Air Conditioning\Efficiency_Share\Large_Low . 'Activity Level' = Interp(2014, 41.82732606873429, 2015, 41.32780082987552, 2016, 40.7...
      [DRY] Key\Residential\Air Conditioning\Efficiency_Share\Large_Mid . 'Activity Level' = Interp(2014, 46.77284157585918, 2015, 46.43153526970954, 2016, 46.0...
      [DRY] Key\Residential\Air Conditioning\Efficiency_Share\Medium_High . 'Activity Level' = Interp(2014, 10.571216617210682, 2015, 11.200881380829966, 2016, 12...
      [DRY] Key\Residential\Air Conditioning\Efficiency_Share\Medium_Low . 'Activity Level' = Interp(2014, 61.016320474777444, 2015, 60.3011384502387, 2016, 59.3...
      [DRY] Key\Residential\Air Conditioning\Efficiency_Share\Medium_Mid . 'Activity Level' = Interp(2014, 28.41246290801187, 2015, 28.49798016893132, 2016, 28.6...
      [DRY] Key\Residential\Air Conditioning\Efficiency_Share\Small_High . 'Activity Level' = Interp(2014, 7.806464728603375, 2015, 8.280254777070063, 2016, 8.87...
      [DRY] Key\Residential\Air Conditioning\Efficiency_Share\Small_Low . 'Activity Level' = Interp(2014, 55.45842650945314, 2015, 54.83870967741935, 2016, 54.0...
      [DRY] Key\Residential\Air Conditioning\Efficiency_Share\Small_Mid . 'Activity Level' = Interp(2014, 36.735108761943486, 2015, 36.88103554551058, 2016, 37....
      [DRY] Key\Residential\Air Conditioning\Size_Share\Large . 'Activity Level' = Interp(2014, 23.85761423857614, 2015, 24.1, 2016, 24.31000000000000...
      [DRY] Key\Residential\Air Conditioning\Size_Share\Medium . 'Activity Level' = Interp(2014, 26.95730426957304, 2015, 27.230000000000004, 2016, 27....
      [DRY] Key\Residential\Air Conditioning\Size_Share\Small . 'Activity Level' = Interp(2014, 49.18508149185081, 2015, 48.67, 2016, 48.21, 2017, 47....
      [DRY] Key\Residential\Air Conditioning\Percent Ownership . 'Activity Level' = Interp(2014, 0.06, 2015, 0.06, 2016, 0.07, 2017, 0.08, 2018, 0.08, ...
      [DRY] Key\Residential\Air Conditioning\Useful_EI\Large . 'Activity Level' = Interp(2014, 0.160335339638865)
      [DRY] Key\Residential\Air Conditioning\Useful_EI\Medium . 'Activity Level' = Interp(2014, 0.09773000859845227)
      [DRY] Key\Residential\Air Conditioning\Useful_EI\Small . 'Activity Level' = Interp(2014, 0.0672914875322442)
      [DRY] Demand\Residential\Projections\Air Conditioning_\Large\High_eff . 'Efficiency' = Interp(2014, 100.0)
      [DRY] Demand\Residential\Projections\Air Conditioning_\Large\Low_eff . 'Efficiency' = Interp(2014, 52.93533185715097)
      [DRY] Demand\Residential\Projections\Air Conditioning_\Large\Mid_eff . 'Efficiency' = Interp(2014, 72.32565355674502)
      [DRY] Demand\Residential\Projections\Air Conditioning_\Medium\High_eff . 'Efficiency' = Interp(2014, 100.0)
      [DRY] Demand\Residential\Projections\Air Conditioning_\Medium\Low_eff . 'Efficiency' = Interp(2014, 51.08085029886297)
      [DRY] Demand\Residential\Projections\Air Conditioning_\Medium\Mid_eff . 'Efficiency' = Interp(2014, 75.04291562128614)
      [DRY] Demand\Residential\Projections\Air Conditioning_\Small\High_eff . 'Efficiency' = Interp(2014, 100.0)
      [DRY] Demand\Residential\Projections\Air Conditioning_\Small\Low_eff . 'Efficiency' = Interp(2014, 64.46989043578549)
      [DRY] Demand\Residential\Projections\Air Conditioning_\Small\Mid_eff . 'Efficiency' = Interp(2014, 81.93048576214406)
    --- region 'Philippines' (25 rows) ---
      [DRY] Key\Residential\Air Conditioning\Efficiency_Share\Large_High . 'Activity Level' = Interp(2014, 15.567282321899736, 2015, 17.339312406576983, 2016, 19...
      [DRY] Key\Residential\Air Conditioning\Efficiency_Share\Large_Low . 'Activity Level' = Interp(2014, 39.20090463626084, 2015, 38.07922272047833, 2016, 36.6...
      [DRY] Key\Residential\Air Conditioning\Efficiency_Share\Large_Mid . 'Activity Level' = Interp(2014, 45.23181304183942, 2015, 44.5814648729447, 2016, 43.75...
      [DRY] Key\Residential\Air Conditioning\Efficiency_Share\Medium_High . 'Activity Level' = Interp(2014, 13.941148094548964, 2015, 15.406698564593302, 2016, 17...
      [DRY] Key\Residential\Air Conditioning\Efficiency_Share\Medium_Low . 'Activity Level' = Interp(2014, 57.26000964785335, 2015, 55.69377990430622, 2016, 53.7...
      [DRY] Key\Residential\Air Conditioning\Efficiency_Share\Medium_Mid . 'Activity Level' = Interp(2014, 28.798842257597684, 2015, 28.899521531100476, 2016, 29...
      [DRY] Key\Residential\Air Conditioning\Efficiency_Share\Small_High . 'Activity Level' = Interp(2014, 10.333712552142586, 2015, 11.384909264565426, 2016, 12...
      [DRY] Key\Residential\Air Conditioning\Efficiency_Share\Small_Low . 'Activity Level' = Interp(2014, 52.16154721274175, 2015, 50.792741165234, 2016, 49.084...
      [DRY] Key\Residential\Air Conditioning\Efficiency_Share\Small_Mid . 'Activity Level' = Interp(2014, 37.50474023511566, 2015, 37.82234957020057, 2016, 38.2...
      [DRY] Key\Residential\Air Conditioning\Size_Share\Large . 'Activity Level' = Interp(2014, 26.530000000000005, 2015, 26.75732426757324, 2016, 26....
      [DRY] Key\Residential\Air Conditioning\Size_Share\Medium . 'Activity Level' = Interp(2014, 20.73, 2015, 20.897910208979102, 2016, 21.084216843368...
      [DRY] Key\Residential\Air Conditioning\Size_Share\Small . 'Activity Level' = Interp(2014, 52.739999999999995, 2015, 52.344765523447656, 2016, 51...
      [DRY] Key\Residential\Air Conditioning\Percent Ownership . 'Activity Level' = Interp(2014, 0.18, 2015, 0.19, 2016, 0.21, 2017, 0.23, 2018, 0.25, ...
      [DRY] Key\Residential\Air Conditioning\Useful_EI\Large . 'Activity Level' = Interp(2014, 0.160335339638865)
      [DRY] Key\Residential\Air Conditioning\Useful_EI\Medium . 'Activity Level' = Interp(2014, 0.09773000859845227)
      [DRY] Key\Residential\Air Conditioning\Useful_EI\Small . 'Activity Level' = Interp(2014, 0.0672914875322442)
      [DRY] Demand\Residential\Projections\Air Conditioning_\Large\High_eff . 'Efficiency' = Interp(2014, 100.0)
      [DRY] Demand\Residential\Projections\Air Conditioning_\Large\Low_eff . 'Efficiency' = Interp(2014, 52.93533185715097)
      [DRY] Demand\Residential\Projections\Air Conditioning_\Large\Mid_eff . 'Efficiency' = Interp(2014, 72.32565355674502)
      [DRY] Demand\Residential\Projections\Air Conditioning_\Medium\High_eff . 'Efficiency' = Interp(2014, 100.0)
      [DRY] Demand\Residential\Projections\Air Conditioning_\Medium\Low_eff . 'Efficiency' = Interp(2014, 51.08085029886297)
      [DRY] Demand\Residential\Projections\Air Conditioning_\Medium\Mid_eff . 'Efficiency' = Interp(2014, 75.04291562128614)
      [DRY] Demand\Residential\Projections\Air Conditioning_\Small\High_eff . 'Efficiency' = Interp(2014, 100.0)
      [DRY] Demand\Residential\Projections\Air Conditioning_\Small\Low_eff . 'Efficiency' = Interp(2014, 64.46989043578549)
      [DRY] Demand\Residential\Projections\Air Conditioning_\Small\Mid_eff . 'Efficiency' = Interp(2014, 81.93048576214406)
    --- region 'Singapore' (25 rows) ---
      [DRY] Key\Residential\Air Conditioning\Efficiency_Share\Large_High . 'Activity Level' = Interp(2014, 17.961009907318633, 2015, 20.253968253968253, 2016, 23...
      [DRY] Key\Residential\Air Conditioning\Efficiency_Share\Large_Low . 'Activity Level' = Interp(2014, 37.67976989453499, 2015, 36.25396825396825, 2016, 34.4...
      [DRY] Key\Residential\Air Conditioning\Efficiency_Share\Large_Mid . 'Activity Level' = Interp(2014, 44.359220198146375, 2015, 43.49206349206349, 2016, 42....
      [DRY] Key\Residential\Air Conditioning\Efficiency_Share\Medium_High . 'Activity Level' = Interp(2014, 15.875462392108512, 2015, 17.70290964777948, 2016, 19....
      [DRY] Key\Residential\Air Conditioning\Efficiency_Share\Medium_Low . 'Activity Level' = Interp(2014, 55.17879161528977, 2015, 53.16998468606432, 2016, 50.6...
      [DRY] Key\Residential\Air Conditioning\Efficiency_Share\Medium_Mid . 'Activity Level' = Interp(2014, 28.94574599260173, 2015, 29.1271056661562, 2016, 29.34...
      [DRY] Key\Residential\Air Conditioning\Efficiency_Share\Small_High . 'Activity Level' = Interp(2014, 11.779310344827586, 2015, 13.138075313807532, 2016, 14...
      [DRY] Key\Residential\Air Conditioning\Efficiency_Share\Small_Low . 'Activity Level' = Interp(2014, 50.289655172413795, 2015, 48.507670850767084, 2016, 46...
      [DRY] Key\Residential\Air Conditioning\Efficiency_Share\Small_Mid . 'Activity Level' = Interp(2014, 37.93103448275862, 2015, 38.35425383542538, 2016, 38.8...
      [DRY] Key\Residential\Air Conditioning\Size_Share\Large . 'Activity Level' = Interp(2014, 31.296259251850366, 2015, 31.5, 2016, 31.7168283171682...
      [DRY] Key\Residential\Air Conditioning\Size_Share\Medium . 'Activity Level' = Interp(2014, 32.44648929785957, 2015, 32.65, 2016, 32.8767123287671...
      [DRY] Key\Residential\Air Conditioning\Size_Share\Small . 'Activity Level' = Interp(2014, 36.257251450290056, 2015, 35.85, 2016, 35.406459354064...
      [DRY] Key\Residential\Air Conditioning\Percent Ownership . 'Activity Level' = Interp(2014, 2.56, 2015, 2.6, 2016, 2.64, 2017, 2.69, 2018, 2.73, 2...
      [DRY] Key\Residential\Air Conditioning\Useful_EI\Large . 'Activity Level' = Interp(2014, 0.160335339638865)
      [DRY] Key\Residential\Air Conditioning\Useful_EI\Medium . 'Activity Level' = Interp(2014, 0.09773000859845227)
      [DRY] Key\Residential\Air Conditioning\Useful_EI\Small . 'Activity Level' = Interp(2014, 0.0672914875322442)
      [DRY] Demand\Residential\Projections\Air Conditioning_\Large\High_eff . 'Efficiency' = Interp(2014, 100.0)
      [DRY] Demand\Residential\Projections\Air Conditioning_\Large\Low_eff . 'Efficiency' = Interp(2014, 52.93533185715097)
      [DRY] Demand\Residential\Projections\Air Conditioning_\Large\Mid_eff . 'Efficiency' = Interp(2014, 72.32565355674502)
      [DRY] Demand\Residential\Projections\Air Conditioning_\Medium\High_eff . 'Efficiency' = Interp(2014, 100.0)
      [DRY] Demand\Residential\Projections\Air Conditioning_\Medium\Low_eff . 'Efficiency' = Interp(2014, 51.08085029886297)
      [DRY] Demand\Residential\Projections\Air Conditioning_\Medium\Mid_eff . 'Efficiency' = Interp(2014, 75.04291562128614)
      [DRY] Demand\Residential\Projections\Air Conditioning_\Small\High_eff . 'Efficiency' = Interp(2014, 100.0)
      [DRY] Demand\Residential\Projections\Air Conditioning_\Small\Low_eff . 'Efficiency' = Interp(2014, 64.46989043578549)
      [DRY] Demand\Residential\Projections\Air Conditioning_\Small\Mid_eff . 'Efficiency' = Interp(2014, 81.93048576214406)
    --- region 'Thailand' (25 rows) ---
      [DRY] Key\Residential\Air Conditioning\Efficiency_Share\Large_High . 'Activity Level' = Interp(2014, 15.899493243243242, 2015, 17.705263157894738, 2016, 19...
      [DRY] Key\Residential\Air Conditioning\Efficiency_Share\Large_Low . 'Activity Level' = Interp(2014, 38.9991554054054, 2015, 37.852631578947374, 2016, 36.4...
      [DRY] Key\Residential\Air Conditioning\Efficiency_Share\Large_Mid . 'Activity Level' = Interp(2014, 45.10135135135135, 2015, 44.44210526315789, 2016, 43.6...
      [DRY] Key\Residential\Air Conditioning\Efficiency_Share\Medium_High . 'Activity Level' = Interp(2014, 14.23512747875354, 2015, 15.672432050829514, 2016, 17....
      [DRY] Key\Residential\Air Conditioning\Efficiency_Share\Medium_Low . 'Activity Level' = Interp(2014, 56.975920679886684, 2015, 55.38298623367454, 2016, 53....
      [DRY] Key\Residential\Air Conditioning\Efficiency_Share\Medium_Mid . 'Activity Level' = Interp(2014, 28.788951841359772, 2015, 28.944581715495936, 2016, 29...
      [DRY] Key\Residential\Air Conditioning\Efficiency_Share\Small_High . 'Activity Level' = Interp(2014, 10.537105371053709, 2015, 11.621174524400331, 2016, 12...
      [DRY] Key\Residential\Air Conditioning\Efficiency_Share\Small_Low . 'Activity Level' = Interp(2014, 51.90651906519065, 2015, 50.49627791563276, 2016, 48.8...
      [DRY] Key\Residential\Air Conditioning\Efficiency_Share\Small_Mid . 'Activity Level' = Interp(2014, 37.55637556375564, 2015, 37.882547559966916, 2016, 38....
      [DRY] Key\Residential\Air Conditioning\Size_Share\Large . 'Activity Level' = Interp(2014, 47.36473647364737, 2015, 47.495250474952506, 2016, 47....
      [DRY] Key\Residential\Air Conditioning\Size_Share\Medium . 'Activity Level' = Interp(2014, 28.24282428242825, 2015, 28.32716728327167, 2016, 28.4...
      [DRY] Key\Residential\Air Conditioning\Size_Share\Small . 'Activity Level' = Interp(2014, 24.392439243924393, 2015, 24.177582241775823, 2016, 23...
      [DRY] Key\Residential\Air Conditioning\Percent Ownership . 'Activity Level' = Interp(2014, 0.66, 2015, 0.68, 2016, 0.71, 2017, 0.75, 2018, 0.79, ...
      [DRY] Key\Residential\Air Conditioning\Useful_EI\Large . 'Activity Level' = Interp(2014, 0.160335339638865)
      [DRY] Key\Residential\Air Conditioning\Useful_EI\Medium . 'Activity Level' = Interp(2014, 0.09773000859845227)
      [DRY] Key\Residential\Air Conditioning\Useful_EI\Small . 'Activity Level' = Interp(2014, 0.0672914875322442)
      [DRY] Demand\Residential\Projections\Air Conditioning_\Large\High_eff . 'Efficiency' = Interp(2014, 100.0)
      [DRY] Demand\Residential\Projections\Air Conditioning_\Large\Low_eff . 'Efficiency' = Interp(2014, 52.93533185715097)
      [DRY] Demand\Residential\Projections\Air Conditioning_\Large\Mid_eff . 'Efficiency' = Interp(2014, 72.32565355674502)
      [DRY] Demand\Residential\Projections\Air Conditioning_\Medium\High_eff . 'Efficiency' = Interp(2014, 100.0)
      [DRY] Demand\Residential\Projections\Air Conditioning_\Medium\Low_eff . 'Efficiency' = Interp(2014, 51.08085029886297)
      [DRY] Demand\Residential\Projections\Air Conditioning_\Medium\Mid_eff . 'Efficiency' = Interp(2014, 75.04291562128614)
      [DRY] Demand\Residential\Projections\Air Conditioning_\Small\High_eff . 'Efficiency' = Interp(2014, 100.0)
      [DRY] Demand\Residential\Projections\Air Conditioning_\Small\Low_eff . 'Efficiency' = Interp(2014, 64.46989043578549)
      [DRY] Demand\Residential\Projections\Air Conditioning_\Small\Mid_eff . 'Efficiency' = Interp(2014, 81.93048576214406)
    --- region 'Vietnam' (25 rows) ---
      [DRY] Key\Residential\Air Conditioning\Efficiency_Share\Large_High . 'Activity Level' = Interp(2014, 16.96629213483146, 2015, 19.07675194660734, 2016, 21.6...
      [DRY] Key\Residential\Air Conditioning\Efficiency_Share\Large_Low . 'Activity Level' = Interp(2014, 38.31460674157303, 2015, 36.985539488320356, 2016, 35....
      [DRY] Key\Residential\Air Conditioning\Efficiency_Share\Large_Mid . 'Activity Level' = Interp(2014, 44.71910112359551, 2015, 43.937708565072306, 2016, 42....
      [DRY] Key\Residential\Air Conditioning\Efficiency_Share\Medium_High . 'Activity Level' = Interp(2014, 15.080428954423594, 2015, 16.788321167883215, 2016, 18...
      [DRY] Key\Residential\Air Conditioning\Efficiency_Share\Medium_Low . 'Activity Level' = Interp(2014, 56.03217158176944, 2015, 54.18049104180491, 2016, 51.8...
      [DRY] Key\Residential\Air Conditioning\Efficiency_Share\Medium_Mid . 'Activity Level' = Interp(2014, 28.88739946380697, 2015, 29.03118779031188, 2016, 29.2...
      [DRY] Key\Residential\Air Conditioning\Efficiency_Share\Small_High . 'Activity Level' = Interp(2014, 11.155682903533908, 2015, 12.434933487565065, 2016, 13...
      [DRY] Key\Residential\Air Conditioning\Efficiency_Share\Small_Low . 'Activity Level' = Interp(2014, 51.0792741165234, 2015, 49.43127048390206, 2016, 47.42...
      [DRY] Key\Residential\Air Conditioning\Efficiency_Share\Small_Mid . 'Activity Level' = Interp(2014, 37.7650429799427, 2015, 38.13379602853287, 2016, 38.60...
      [DRY] Key\Residential\Air Conditioning\Size_Share\Large . 'Activity Level' = Interp(2014, 17.801780178017804, 2015, 17.981798179817986, 2016, 18...
      [DRY] Key\Residential\Air Conditioning\Size_Share\Medium . 'Activity Level' = Interp(2014, 29.84298429842984, 2015, 30.143014301430142, 2016, 30....
      [DRY] Key\Residential\Air Conditioning\Size_Share\Small . 'Activity Level' = Interp(2014, 52.35523552355236, 2015, 51.875187518751886, 2016, 51....
      [DRY] Key\Residential\Air Conditioning\Percent Ownership . 'Activity Level' = Interp(2014, 0.21, 2015, 0.23, 2016, 0.26, 2017, 0.28, 2018, 0.31, ...
      [DRY] Key\Residential\Air Conditioning\Useful_EI\Large . 'Activity Level' = Interp(2014, 0.160335339638865)
      [DRY] Key\Residential\Air Conditioning\Useful_EI\Medium . 'Activity Level' = Interp(2014, 0.09773000859845227)
      [DRY] Key\Residential\Air Conditioning\Useful_EI\Small . 'Activity Level' = Interp(2014, 0.0672914875322442)
      [DRY] Demand\Residential\Projections\Air Conditioning_\Large\High_eff . 'Efficiency' = Interp(2014, 100.0)
      [DRY] Demand\Residential\Projections\Air Conditioning_\Large\Low_eff . 'Efficiency' = Interp(2014, 52.93533185715097)
      [DRY] Demand\Residential\Projections\Air Conditioning_\Large\Mid_eff . 'Efficiency' = Interp(2014, 72.32565355674502)
      [DRY] Demand\Residential\Projections\Air Conditioning_\Medium\High_eff . 'Efficiency' = Interp(2014, 100.0)
      [DRY] Demand\Residential\Projections\Air Conditioning_\Medium\Low_eff . 'Efficiency' = Interp(2014, 51.08085029886297)
      [DRY] Demand\Residential\Projections\Air Conditioning_\Medium\Mid_eff . 'Efficiency' = Interp(2014, 75.04291562128614)
      [DRY] Demand\Residential\Projections\Air Conditioning_\Small\High_eff . 'Efficiency' = Interp(2014, 100.0)
      [DRY] Demand\Residential\Projections\Air Conditioning_\Small\Low_eff . 'Efficiency' = Interp(2014, 64.46989043578549)
      [DRY] Demand\Residential\Projections\Air Conditioning_\Small\Mid_eff . 'Efficiency' = Interp(2014, 81.93048576214406)
  [dry-run] {'dry_run': 250}
  -- Phase 3: REAL INJECT --
    --- region 'Brunei' (25 rows) ---
      [OK]  Key\Residential\Air Conditioning\Efficiency_Share\Large_High . 'Activity Level' = Interp(2014, 12.991311543235415, 2015, 14.025651634257343...
      [OK]  Key\Residential\Air Conditioning\Efficiency_Share\Large_Low . 'Activity Level' = Interp(2014, 40.79437318990484, 2015, 40.11170872983036, ...
      [OK]  Key\Residential\Air Conditioning\Efficiency_Share\Large_Mid . 'Activity Level' = Interp(2014, 46.21431526685974, 2015, 45.86263963591229, ...
      [OK]  Key\Residential\Air Conditioning\Efficiency_Share\Medium_High . 'Activity Level' = Interp(2014, 11.500412201154164, 2015, 12.577575506826646...
      [OK]  Key\Residential\Air Conditioning\Efficiency_Share\Medium_Low . 'Activity Level' = Interp(2014, 59.72794723825228, 2015, 58.62639635912288, ...
      [OK]  Key\Residential\Air Conditioning\Efficiency_Share\Medium_Mid . 'Activity Level' = Interp(2014, 28.771640560593575, 2015, 28.796028134050477...
      [OK]  Key\Residential\Air Conditioning\Efficiency_Share\Small_High . 'Activity Level' = Interp(2014, 8.90836071558963, 2015, 9.497816593886462, 2...
      [OK]  Key\Residential\Air Conditioning\Efficiency_Share\Small_Low . 'Activity Level' = Interp(2014, 54.14384811975174, 2015, 53.49344978165939, ...
      [OK]  Key\Residential\Air Conditioning\Efficiency_Share\Small_Mid . 'Activity Level' = Interp(2014, 36.94779116465863, 2015, 37.00873362445415, ...
      [OK]  Key\Residential\Air Conditioning\Size_Share\Large . 'Activity Level' = Interp(2014, 48.34483448344835, 2015, 48.344834483448345,...
      [OK]  Key\Residential\Air Conditioning\Size_Share\Medium . 'Activity Level' = Interp(2014, 24.26242624262426, 2015, 24.17241724172417, ...
      [OK]  Key\Residential\Air Conditioning\Size_Share\Small . 'Activity Level' = Interp(2014, 27.392739273927397, 2015, 27.48274827482748,...
      [OK]  Key\Residential\Air Conditioning\Percent Ownership . 'Activity Level' = Interp(2014, 2.34, 2015, 2.32, 2016, 2.29, 2017, 2.29, 20...
      [OK]  Key\Residential\Air Conditioning\Useful_EI\Large . 'Activity Level' = Interp(2014, 0.160335339638865)
      [OK]  Key\Residential\Air Conditioning\Useful_EI\Medium . 'Activity Level' = Interp(2014, 0.09773000859845227)
      [OK]  Key\Residential\Air Conditioning\Useful_EI\Small . 'Activity Level' = Interp(2014, 0.0672914875322442)
      [OK]  Demand\Residential\Projections\Air Conditioning_\Large\High_eff . 'Efficiency' = Interp(2014, 100.0)
      [OK]  Demand\Residential\Projections\Air Conditioning_\Large\Low_eff . 'Efficiency' = Interp(2014, 52.93533185715097)
      [OK]  Demand\Residential\Projections\Air Conditioning_\Large\Mid_eff . 'Efficiency' = Interp(2014, 72.32565355674502)
      [OK]  Demand\Residential\Projections\Air Conditioning_\Medium\High_eff . 'Efficiency' = Interp(2014, 100.0)
      [OK]  Demand\Residential\Projections\Air Conditioning_\Medium\Low_eff . 'Efficiency' = Interp(2014, 51.08085029886297)
      [OK]  Demand\Residential\Projections\Air Conditioning_\Medium\Mid_eff . 'Efficiency' = Interp(2014, 75.04291562128614)
      [OK]  Demand\Residential\Projections\Air Conditioning_\Small\High_eff . 'Efficiency' = Interp(2014, 100.0)
      [OK]  Demand\Residential\Projections\Air Conditioning_\Small\Low_eff . 'Efficiency' = Interp(2014, 64.46989043578549)
      [OK]  Demand\Residential\Projections\Air Conditioning_\Small\Mid_eff . 'Efficiency' = Interp(2014, 81.93048576214406)
    --- region 'Cambodia' (25 rows) ---
      [OK]  Key\Residential\Air Conditioning\Efficiency_Share\Large_High . 'Activity Level' = Interp(2014, 15.920223932820152, 2015, 17.720639332870046...
      [OK]  Key\Residential\Air Conditioning\Efficiency_Share\Large_Low . 'Activity Level' = Interp(2014, 38.97830650804758, 2015, 37.87352328005559, ...
      [OK]  Key\Residential\Air Conditioning\Efficiency_Share\Large_Mid . 'Activity Level' = Interp(2014, 45.101469559132255, 2015, 44.40583738707436,...
      [OK]  Key\Residential\Air Conditioning\Efficiency_Share\Medium_High . 'Activity Level' = Interp(2014, 14.114902303878681, 2015, 15.562626554816314...
      [OK]  Key\Residential\Air Conditioning\Efficiency_Share\Medium_Low . 'Activity Level' = Interp(2014, 57.07203266258385, 2015, 55.45270465721725, ...
      [OK]  Key\Residential\Air Conditioning\Efficiency_Share\Medium_Mid . 'Activity Level' = Interp(2014, 28.813065033537477, 2015, 28.984668787966445...
      [OK]  Key\Residential\Air Conditioning\Efficiency_Share\Small_High . 'Activity Level' = Interp(2014, 10.455402856372945, 2015, 11.541609822646658...
      [OK]  Key\Residential\Air Conditioning\Efficiency_Share\Small_Low . 'Activity Level' = Interp(2014, 51.953651306925366, 2015, 50.55934515688949,...
      [OK]  Key\Residential\Air Conditioning\Efficiency_Share\Small_Mid . 'Activity Level' = Interp(2014, 37.59094583670169, 2015, 37.899045020463845,...
      [OK]  Key\Residential\Air Conditioning\Size_Share\Large . 'Activity Level' = Interp(2014, 28.585717143428685, 2015, 28.78, 2016, 29.00...
      [OK]  Key\Residential\Air Conditioning\Size_Share\Medium . 'Activity Level' = Interp(2014, 34.29685937187437, 2015, 34.57, 2016, 34.813...
      [OK]  Key\Residential\Air Conditioning\Size_Share\Small . 'Activity Level' = Interp(2014, 37.117423484696936, 2015, 36.650000000000006...
      [OK]  Key\Residential\Air Conditioning\Percent Ownership . 'Activity Level' = Interp(2014, 0.05, 2015, 0.05, 2016, 0.06, 2017, 0.07, 20...
      [OK]  Key\Residential\Air Conditioning\Useful_EI\Large . 'Activity Level' = Interp(2014, 0.160335339638865)
      [OK]  Key\Residential\Air Conditioning\Useful_EI\Medium . 'Activity Level' = Interp(2014, 0.09773000859845227)
      [OK]  Key\Residential\Air Conditioning\Useful_EI\Small . 'Activity Level' = Interp(2014, 0.0672914875322442)
      [OK]  Demand\Residential\Projections\Air Conditioning_\Large\High_eff . 'Efficiency' = Interp(2014, 100.0)
      [OK]  Demand\Residential\Projections\Air Conditioning_\Large\Low_eff . 'Efficiency' = Interp(2014, 52.93533185715097)
      [OK]  Demand\Residential\Projections\Air Conditioning_\Large\Mid_eff . 'Efficiency' = Interp(2014, 72.32565355674502)
      [OK]  Demand\Residential\Projections\Air Conditioning_\Medium\High_eff . 'Efficiency' = Interp(2014, 100.0)
      [OK]  Demand\Residential\Projections\Air Conditioning_\Medium\Low_eff . 'Efficiency' = Interp(2014, 51.08085029886297)
      [OK]  Demand\Residential\Projections\Air Conditioning_\Medium\Mid_eff . 'Efficiency' = Interp(2014, 75.04291562128614)
      [OK]  Demand\Residential\Projections\Air Conditioning_\Small\High_eff . 'Efficiency' = Interp(2014, 100.0)
      [OK]  Demand\Residential\Projections\Air Conditioning_\Small\Low_eff . 'Efficiency' = Interp(2014, 64.46989043578549)
      [OK]  Demand\Residential\Projections\Air Conditioning_\Small\Mid_eff . 'Efficiency' = Interp(2014, 81.93048576214406)
    --- region 'Indonesia' (25 rows) ---
      [OK]  Key\Residential\Air Conditioning\Efficiency_Share\Large_High . 'Activity Level' = Interp(2014, 11.509591326105088, 2015, 12.293729372937293...
      [OK]  Key\Residential\Air Conditioning\Efficiency_Share\Large_Low . 'Activity Level' = Interp(2014, 41.784820683903256, 2015, 41.25412541254125,...
      [OK]  Key\Residential\Air Conditioning\Efficiency_Share\Large_Mid . 'Activity Level' = Interp(2014, 46.70558798999166, 2015, 46.452145214521444,...
      [OK]  Key\Residential\Air Conditioning\Efficiency_Share\Medium_High . 'Activity Level' = Interp(2014, 10.667498440424204, 2015, 11.296296296296298...
      [OK]  Key\Residential\Air Conditioning\Efficiency_Share\Medium_Low . 'Activity Level' = Interp(2014, 60.885839051777914, 2015, 60.18518518518518,...
      [OK]  Key\Residential\Air Conditioning\Efficiency_Share\Medium_Mid . 'Activity Level' = Interp(2014, 28.446662507797875, 2015, 28.51851851851852,...
      [OK]  Key\Residential\Air Conditioning\Efficiency_Share\Small_High . 'Activity Level' = Interp(2014, 7.862203083761635, 2015, 8.342633928571429, ...
      [OK]  Key\Residential\Air Conditioning\Efficiency_Share\Small_Low . 'Activity Level' = Interp(2014, 55.38269204056119, 2015, 54.75725446428571, ...
      [OK]  Key\Residential\Air Conditioning\Efficiency_Share\Small_Mid . 'Activity Level' = Interp(2014, 36.75510487567718, 2015, 36.900111607142854,...
      [OK]  Key\Residential\Air Conditioning\Size_Share\Large . 'Activity Level' = Interp(2014, 11.988801119888011, 2015, 12.120000000000001...
      [OK]  Key\Residential\Air Conditioning\Size_Share\Medium . 'Activity Level' = Interp(2014, 16.028397160283976, 2015, 16.2, 2016, 16.388...
      [OK]  Key\Residential\Air Conditioning\Size_Share\Small . 'Activity Level' = Interp(2014, 71.98280171982802, 2015, 71.68, 2016, 71.352...
      [OK]  Key\Residential\Air Conditioning\Percent Ownership . 'Activity Level' = Interp(2014, 0.32, 2015, 0.34, 2016, 0.36, 2017, 0.39, 20...
      [OK]  Key\Residential\Air Conditioning\Useful_EI\Large . 'Activity Level' = Interp(2014, 0.160335339638865)
      [OK]  Key\Residential\Air Conditioning\Useful_EI\Medium . 'Activity Level' = Interp(2014, 0.09773000859845227)
      [OK]  Key\Residential\Air Conditioning\Useful_EI\Small . 'Activity Level' = Interp(2014, 0.0672914875322442)
      [OK]  Demand\Residential\Projections\Air Conditioning_\Large\High_eff . 'Efficiency' = Interp(2014, 100.0)
      [OK]  Demand\Residential\Projections\Air Conditioning_\Large\Low_eff . 'Efficiency' = Interp(2014, 52.93533185715097)
      [OK]  Demand\Residential\Projections\Air Conditioning_\Large\Mid_eff . 'Efficiency' = Interp(2014, 72.32565355674502)
      [OK]  Demand\Residential\Projections\Air Conditioning_\Medium\High_eff . 'Efficiency' = Interp(2014, 100.0)
      [OK]  Demand\Residential\Projections\Air Conditioning_\Medium\Low_eff . 'Efficiency' = Interp(2014, 51.08085029886297)
      [OK]  Demand\Residential\Projections\Air Conditioning_\Medium\Mid_eff . 'Efficiency' = Interp(2014, 75.04291562128614)
      [OK]  Demand\Residential\Projections\Air Conditioning_\Small\High_eff . 'Efficiency' = Interp(2014, 100.0)
      [OK]  Demand\Residential\Projections\Air Conditioning_\Small\Low_eff . 'Efficiency' = Interp(2014, 64.46989043578549)
      [OK]  Demand\Residential\Projections\Air Conditioning_\Small\Mid_eff . 'Efficiency' = Interp(2014, 81.93048576214406)
    --- region 'Laos' (25 rows) ---
      [OK]  Key\Residential\Air Conditioning\Efficiency_Share\Large_High . 'Activity Level' = Interp(2014, 10.23546371936569, 2015, 10.783847980997624,...
      [OK]  Key\Residential\Air Conditioning\Efficiency_Share\Large_Low . 'Activity Level' = Interp(2014, 42.62373858721768, 2015, 42.1852731591449, 2...
      [OK]  Key\Residential\Air Conditioning\Efficiency_Share\Large_Mid . 'Activity Level' = Interp(2014, 47.14079769341663, 2015, 47.03087885985748, ...
      [OK]  Key\Residential\Air Conditioning\Efficiency_Share\Medium_High . 'Activity Level' = Interp(2014, 9.8729792147806, 2015, 10.159817351598175, 2...
      [OK]  Key\Residential\Air Conditioning\Efficiency_Share\Medium_Low . 'Activity Level' = Interp(2014, 62.06697459584295, 2015, 61.58675799086758, ...
      [OK]  Key\Residential\Air Conditioning\Efficiency_Share\Medium_Mid . 'Activity Level' = Interp(2014, 28.060046189376447, 2015, 28.25342465753425,...
      [OK]  Key\Residential\Air Conditioning\Efficiency_Share\Small_High . 'Activity Level' = Interp(2014, 7.032007759456837, 2015, 7.392932747109591, ...
      [OK]  Key\Residential\Air Conditioning\Efficiency_Share\Small_Low . 'Activity Level' = Interp(2014, 56.41771742644681, 2015, 56.016935352548444,...
      [OK]  Key\Residential\Air Conditioning\Efficiency_Share\Small_Mid . 'Activity Level' = Interp(2014, 36.55027481409635, 2015, 36.590131900341966,...
      [OK]  Key\Residential\Air Conditioning\Size_Share\Large . 'Activity Level' = Interp(2014, 20.812081208120812, 2015, 21.054210842168438...
      [OK]  Key\Residential\Air Conditioning\Size_Share\Medium . 'Activity Level' = Interp(2014, 17.32173217321732, 2015, 17.52350470094019, ...
      [OK]  Key\Residential\Air Conditioning\Size_Share\Small . 'Activity Level' = Interp(2014, 61.866186618661864, 2015, 61.42228445689138,...
      [OK]  Key\Residential\Air Conditioning\Percent Ownership . 'Activity Level' = Interp(2014, 0.14, 2015, 0.16, 2016, 0.17, 2017, 0.19, 20...
      [OK]  Key\Residential\Air Conditioning\Useful_EI\Large . 'Activity Level' = Interp(2014, 0.160335339638865)
      [OK]  Key\Residential\Air Conditioning\Useful_EI\Medium . 'Activity Level' = Interp(2014, 0.09773000859845227)
      [OK]  Key\Residential\Air Conditioning\Useful_EI\Small . 'Activity Level' = Interp(2014, 0.0672914875322442)
      [OK]  Demand\Residential\Projections\Air Conditioning_\Large\High_eff . 'Efficiency' = Interp(2014, 100.0)
      [OK]  Demand\Residential\Projections\Air Conditioning_\Large\Low_eff . 'Efficiency' = Interp(2014, 52.93533185715097)
      [OK]  Demand\Residential\Projections\Air Conditioning_\Large\Mid_eff . 'Efficiency' = Interp(2014, 72.32565355674502)
      [OK]  Demand\Residential\Projections\Air Conditioning_\Medium\High_eff . 'Efficiency' = Interp(2014, 100.0)
      [OK]  Demand\Residential\Projections\Air Conditioning_\Medium\Low_eff . 'Efficiency' = Interp(2014, 51.08085029886297)
      [OK]  Demand\Residential\Projections\Air Conditioning_\Medium\Mid_eff . 'Efficiency' = Interp(2014, 75.04291562128614)
      [OK]  Demand\Residential\Projections\Air Conditioning_\Small\High_eff . 'Efficiency' = Interp(2014, 100.0)
      [OK]  Demand\Residential\Projections\Air Conditioning_\Small\Low_eff . 'Efficiency' = Interp(2014, 64.46989043578549)
      [OK]  Demand\Residential\Projections\Air Conditioning_\Small\Mid_eff . 'Efficiency' = Interp(2014, 81.93048576214406)
    --- region 'Malaysia' (25 rows) ---
      [OK]  Key\Residential\Air Conditioning\Efficiency_Share\Large_High . 'Activity Level' = Interp(2014, 17.96194775878749, 2015, 20.275906320179658,...
      [OK]  Key\Residential\Air Conditioning\Efficiency_Share\Large_Low . 'Activity Level' = Interp(2014, 37.69751693002257, 2015, 36.22072505614372, ...
      [OK]  Key\Residential\Air Conditioning\Efficiency_Share\Large_Mid . 'Activity Level' = Interp(2014, 44.340535311189946, 2015, 43.503368623676614...
      [OK]  Key\Residential\Air Conditioning\Efficiency_Share\Medium_High . 'Activity Level' = Interp(2014, 15.881458966565349, 2015, 17.724867724867728...
      [OK]  Key\Residential\Air Conditioning\Efficiency_Share\Medium_Low . 'Activity Level' = Interp(2014, 55.16717325227963, 2015, 53.13681027966742, ...
      [OK]  Key\Residential\Air Conditioning\Efficiency_Share\Medium_Mid . 'Activity Level' = Interp(2014, 28.951367781155014, 2015, 29.13832199546485,...
      [OK]  Key\Residential\Air Conditioning\Efficiency_Share\Small_High . 'Activity Level' = Interp(2014, 11.788141551441294, 2015, 13.166588013213781...
      [OK]  Key\Residential\Air Conditioning\Efficiency_Share\Small_Low . 'Activity Level' = Interp(2014, 50.26951019451605, 2015, 48.48985370457764, ...
      [OK]  Key\Residential\Air Conditioning\Efficiency_Share\Small_Mid . 'Activity Level' = Interp(2014, 37.942348254042656, 2015, 38.3435582822086, ...
      [OK]  Key\Residential\Air Conditioning\Size_Share\Large . 'Activity Level' = Interp(2014, 31.009999999999998, 2015, 31.166883311668837...
      [OK]  Key\Residential\Air Conditioning\Size_Share\Medium . 'Activity Level' = Interp(2014, 26.32, 2015, 26.45735426457354, 2016, 26.577...
      [OK]  Key\Residential\Air Conditioning\Size_Share\Small . 'Activity Level' = Interp(2014, 42.67, 2015, 42.37576242375762, 2016, 42.115...
      [OK]  Key\Residential\Air Conditioning\Percent Ownership . 'Activity Level' = Interp(2014, 1.11, 2015, 1.15, 2016, 1.19, 2017, 1.25, 20...
      [OK]  Key\Residential\Air Conditioning\Useful_EI\Large . 'Activity Level' = Interp(2014, 0.160335339638865)
      [OK]  Key\Residential\Air Conditioning\Useful_EI\Medium . 'Activity Level' = Interp(2014, 0.09773000859845227)
      [OK]  Key\Residential\Air Conditioning\Useful_EI\Small . 'Activity Level' = Interp(2014, 0.0672914875322442)
      [OK]  Demand\Residential\Projections\Air Conditioning_\Large\High_eff . 'Efficiency' = Interp(2014, 100.0)
      [OK]  Demand\Residential\Projections\Air Conditioning_\Large\Low_eff . 'Efficiency' = Interp(2014, 52.93533185715097)
      [OK]  Demand\Residential\Projections\Air Conditioning_\Large\Mid_eff . 'Efficiency' = Interp(2014, 72.32565355674502)
      [OK]  Demand\Residential\Projections\Air Conditioning_\Medium\High_eff . 'Efficiency' = Interp(2014, 100.0)
      [OK]  Demand\Residential\Projections\Air Conditioning_\Medium\Low_eff . 'Efficiency' = Interp(2014, 51.08085029886297)
      [OK]  Demand\Residential\Projections\Air Conditioning_\Medium\Mid_eff . 'Efficiency' = Interp(2014, 75.04291562128614)
      [OK]  Demand\Residential\Projections\Air Conditioning_\Small\High_eff . 'Efficiency' = Interp(2014, 100.0)
      [OK]  Demand\Residential\Projections\Air Conditioning_\Small\Low_eff . 'Efficiency' = Interp(2014, 64.46989043578549)
      [OK]  Demand\Residential\Projections\Air Conditioning_\Small\Mid_eff . 'Efficiency' = Interp(2014, 81.93048576214406)
    --- region 'Myanmar' (25 rows) ---
      [OK]  Key\Residential\Air Conditioning\Efficiency_Share\Large_High . 'Activity Level' = Interp(2014, 11.39983235540654, 2015, 12.240663900414937,...
      [OK]  Key\Residential\Air Conditioning\Efficiency_Share\Large_Low . 'Activity Level' = Interp(2014, 41.82732606873429, 2015, 41.32780082987552, ...
      [OK]  Key\Residential\Air Conditioning\Efficiency_Share\Large_Mid . 'Activity Level' = Interp(2014, 46.77284157585918, 2015, 46.43153526970954, ...
      [OK]  Key\Residential\Air Conditioning\Efficiency_Share\Medium_High . 'Activity Level' = Interp(2014, 10.571216617210682, 2015, 11.200881380829966...
      [OK]  Key\Residential\Air Conditioning\Efficiency_Share\Medium_Low . 'Activity Level' = Interp(2014, 61.016320474777444, 2015, 60.3011384502387, ...
      [OK]  Key\Residential\Air Conditioning\Efficiency_Share\Medium_Mid . 'Activity Level' = Interp(2014, 28.41246290801187, 2015, 28.49798016893132, ...
      [OK]  Key\Residential\Air Conditioning\Efficiency_Share\Small_High . 'Activity Level' = Interp(2014, 7.806464728603375, 2015, 8.280254777070063, ...
      [OK]  Key\Residential\Air Conditioning\Efficiency_Share\Small_Low . 'Activity Level' = Interp(2014, 55.45842650945314, 2015, 54.83870967741935, ...
      [OK]  Key\Residential\Air Conditioning\Efficiency_Share\Small_Mid . 'Activity Level' = Interp(2014, 36.735108761943486, 2015, 36.88103554551058,...
      [OK]  Key\Residential\Air Conditioning\Size_Share\Large . 'Activity Level' = Interp(2014, 23.85761423857614, 2015, 24.1, 2016, 24.3100...
      [OK]  Key\Residential\Air Conditioning\Size_Share\Medium . 'Activity Level' = Interp(2014, 26.95730426957304, 2015, 27.230000000000004,...
      [OK]  Key\Residential\Air Conditioning\Size_Share\Small . 'Activity Level' = Interp(2014, 49.18508149185081, 2015, 48.67, 2016, 48.21,...
      [OK]  Key\Residential\Air Conditioning\Percent Ownership . 'Activity Level' = Interp(2014, 0.06, 2015, 0.06, 2016, 0.07, 2017, 0.08, 20...
      [OK]  Key\Residential\Air Conditioning\Useful_EI\Large . 'Activity Level' = Interp(2014, 0.160335339638865)
      [OK]  Key\Residential\Air Conditioning\Useful_EI\Medium . 'Activity Level' = Interp(2014, 0.09773000859845227)
      [OK]  Key\Residential\Air Conditioning\Useful_EI\Small . 'Activity Level' = Interp(2014, 0.0672914875322442)
      [OK]  Demand\Residential\Projections\Air Conditioning_\Large\High_eff . 'Efficiency' = Interp(2014, 100.0)
      [OK]  Demand\Residential\Projections\Air Conditioning_\Large\Low_eff . 'Efficiency' = Interp(2014, 52.93533185715097)
      [OK]  Demand\Residential\Projections\Air Conditioning_\Large\Mid_eff . 'Efficiency' = Interp(2014, 72.32565355674502)
      [OK]  Demand\Residential\Projections\Air Conditioning_\Medium\High_eff . 'Efficiency' = Interp(2014, 100.0)
      [OK]  Demand\Residential\Projections\Air Conditioning_\Medium\Low_eff . 'Efficiency' = Interp(2014, 51.08085029886297)
      [OK]  Demand\Residential\Projections\Air Conditioning_\Medium\Mid_eff . 'Efficiency' = Interp(2014, 75.04291562128614)
      [OK]  Demand\Residential\Projections\Air Conditioning_\Small\High_eff . 'Efficiency' = Interp(2014, 100.0)
      [OK]  Demand\Residential\Projections\Air Conditioning_\Small\Low_eff . 'Efficiency' = Interp(2014, 64.46989043578549)
      [OK]  Demand\Residential\Projections\Air Conditioning_\Small\Mid_eff . 'Efficiency' = Interp(2014, 81.93048576214406)
    --- region 'Philippines' (25 rows) ---
      [OK]  Key\Residential\Air Conditioning\Efficiency_Share\Large_High . 'Activity Level' = Interp(2014, 15.567282321899736, 2015, 17.339312406576983...
      [OK]  Key\Residential\Air Conditioning\Efficiency_Share\Large_Low . 'Activity Level' = Interp(2014, 39.20090463626084, 2015, 38.07922272047833, ...
      [OK]  Key\Residential\Air Conditioning\Efficiency_Share\Large_Mid . 'Activity Level' = Interp(2014, 45.23181304183942, 2015, 44.5814648729447, 2...
      [OK]  Key\Residential\Air Conditioning\Efficiency_Share\Medium_High . 'Activity Level' = Interp(2014, 13.941148094548964, 2015, 15.406698564593302...
      [OK]  Key\Residential\Air Conditioning\Efficiency_Share\Medium_Low . 'Activity Level' = Interp(2014, 57.26000964785335, 2015, 55.69377990430622, ...
      [OK]  Key\Residential\Air Conditioning\Efficiency_Share\Medium_Mid . 'Activity Level' = Interp(2014, 28.798842257597684, 2015, 28.899521531100476...
      [OK]  Key\Residential\Air Conditioning\Efficiency_Share\Small_High . 'Activity Level' = Interp(2014, 10.333712552142586, 2015, 11.384909264565426...
      [OK]  Key\Residential\Air Conditioning\Efficiency_Share\Small_Low . 'Activity Level' = Interp(2014, 52.16154721274175, 2015, 50.792741165234, 20...
      [OK]  Key\Residential\Air Conditioning\Efficiency_Share\Small_Mid . 'Activity Level' = Interp(2014, 37.50474023511566, 2015, 37.82234957020057, ...
      [OK]  Key\Residential\Air Conditioning\Size_Share\Large . 'Activity Level' = Interp(2014, 26.530000000000005, 2015, 26.75732426757324,...
      [OK]  Key\Residential\Air Conditioning\Size_Share\Medium . 'Activity Level' = Interp(2014, 20.73, 2015, 20.897910208979102, 2016, 21.08...
      [OK]  Key\Residential\Air Conditioning\Size_Share\Small . 'Activity Level' = Interp(2014, 52.739999999999995, 2015, 52.344765523447656...
      [OK]  Key\Residential\Air Conditioning\Percent Ownership . 'Activity Level' = Interp(2014, 0.18, 2015, 0.19, 2016, 0.21, 2017, 0.23, 20...
      [OK]  Key\Residential\Air Conditioning\Useful_EI\Large . 'Activity Level' = Interp(2014, 0.160335339638865)
      [OK]  Key\Residential\Air Conditioning\Useful_EI\Medium . 'Activity Level' = Interp(2014, 0.09773000859845227)
      [OK]  Key\Residential\Air Conditioning\Useful_EI\Small . 'Activity Level' = Interp(2014, 0.0672914875322442)
      [OK]  Demand\Residential\Projections\Air Conditioning_\Large\High_eff . 'Efficiency' = Interp(2014, 100.0)
      [OK]  Demand\Residential\Projections\Air Conditioning_\Large\Low_eff . 'Efficiency' = Interp(2014, 52.93533185715097)
      [OK]  Demand\Residential\Projections\Air Conditioning_\Large\Mid_eff . 'Efficiency' = Interp(2014, 72.32565355674502)
      [OK]  Demand\Residential\Projections\Air Conditioning_\Medium\High_eff . 'Efficiency' = Interp(2014, 100.0)
      [OK]  Demand\Residential\Projections\Air Conditioning_\Medium\Low_eff . 'Efficiency' = Interp(2014, 51.08085029886297)
      [OK]  Demand\Residential\Projections\Air Conditioning_\Medium\Mid_eff . 'Efficiency' = Interp(2014, 75.04291562128614)
      [OK]  Demand\Residential\Projections\Air Conditioning_\Small\High_eff . 'Efficiency' = Interp(2014, 100.0)
      [OK]  Demand\Residential\Projections\Air Conditioning_\Small\Low_eff . 'Efficiency' = Interp(2014, 64.46989043578549)
      [OK]  Demand\Residential\Projections\Air Conditioning_\Small\Mid_eff . 'Efficiency' = Interp(2014, 81.93048576214406)
    --- region 'Singapore' (25 rows) ---
      [OK]  Key\Residential\Air Conditioning\Efficiency_Share\Large_High . 'Activity Level' = Interp(2014, 17.961009907318633, 2015, 20.253968253968253...
      [OK]  Key\Residential\Air Conditioning\Efficiency_Share\Large_Low . 'Activity Level' = Interp(2014, 37.67976989453499, 2015, 36.25396825396825, ...
      [OK]  Key\Residential\Air Conditioning\Efficiency_Share\Large_Mid . 'Activity Level' = Interp(2014, 44.359220198146375, 2015, 43.49206349206349,...
      [OK]  Key\Residential\Air Conditioning\Efficiency_Share\Medium_High . 'Activity Level' = Interp(2014, 15.875462392108512, 2015, 17.70290964777948,...
      [OK]  Key\Residential\Air Conditioning\Efficiency_Share\Medium_Low . 'Activity Level' = Interp(2014, 55.17879161528977, 2015, 53.16998468606432, ...
      [OK]  Key\Residential\Air Conditioning\Efficiency_Share\Medium_Mid . 'Activity Level' = Interp(2014, 28.94574599260173, 2015, 29.1271056661562, 2...
      [OK]  Key\Residential\Air Conditioning\Efficiency_Share\Small_High . 'Activity Level' = Interp(2014, 11.779310344827586, 2015, 13.138075313807532...
      [OK]  Key\Residential\Air Conditioning\Efficiency_Share\Small_Low . 'Activity Level' = Interp(2014, 50.289655172413795, 2015, 48.507670850767084...
      [OK]  Key\Residential\Air Conditioning\Efficiency_Share\Small_Mid . 'Activity Level' = Interp(2014, 37.93103448275862, 2015, 38.35425383542538, ...
      [OK]  Key\Residential\Air Conditioning\Size_Share\Large . 'Activity Level' = Interp(2014, 31.296259251850366, 2015, 31.5, 2016, 31.716...
      [OK]  Key\Residential\Air Conditioning\Size_Share\Medium . 'Activity Level' = Interp(2014, 32.44648929785957, 2015, 32.65, 2016, 32.876...
      [OK]  Key\Residential\Air Conditioning\Size_Share\Small . 'Activity Level' = Interp(2014, 36.257251450290056, 2015, 35.85, 2016, 35.40...
      [OK]  Key\Residential\Air Conditioning\Percent Ownership . 'Activity Level' = Interp(2014, 2.56, 2015, 2.6, 2016, 2.64, 2017, 2.69, 201...
      [OK]  Key\Residential\Air Conditioning\Useful_EI\Large . 'Activity Level' = Interp(2014, 0.160335339638865)
      [OK]  Key\Residential\Air Conditioning\Useful_EI\Medium . 'Activity Level' = Interp(2014, 0.09773000859845227)
      [OK]  Key\Residential\Air Conditioning\Useful_EI\Small . 'Activity Level' = Interp(2014, 0.0672914875322442)
      [OK]  Demand\Residential\Projections\Air Conditioning_\Large\High_eff . 'Efficiency' = Interp(2014, 100.0)
      [OK]  Demand\Residential\Projections\Air Conditioning_\Large\Low_eff . 'Efficiency' = Interp(2014, 52.93533185715097)
      [OK]  Demand\Residential\Projections\Air Conditioning_\Large\Mid_eff . 'Efficiency' = Interp(2014, 72.32565355674502)
      [OK]  Demand\Residential\Projections\Air Conditioning_\Medium\High_eff . 'Efficiency' = Interp(2014, 100.0)
      [OK]  Demand\Residential\Projections\Air Conditioning_\Medium\Low_eff . 'Efficiency' = Interp(2014, 51.08085029886297)
      [OK]  Demand\Residential\Projections\Air Conditioning_\Medium\Mid_eff . 'Efficiency' = Interp(2014, 75.04291562128614)
      [OK]  Demand\Residential\Projections\Air Conditioning_\Small\High_eff . 'Efficiency' = Interp(2014, 100.0)
      [OK]  Demand\Residential\Projections\Air Conditioning_\Small\Low_eff . 'Efficiency' = Interp(2014, 64.46989043578549)
      [OK]  Demand\Residential\Projections\Air Conditioning_\Small\Mid_eff . 'Efficiency' = Interp(2014, 81.93048576214406)
    --- region 'Thailand' (25 rows) ---
      [OK]  Key\Residential\Air Conditioning\Efficiency_Share\Large_High . 'Activity Level' = Interp(2014, 15.899493243243242, 2015, 17.705263157894738...
      [OK]  Key\Residential\Air Conditioning\Efficiency_Share\Large_Low . 'Activity Level' = Interp(2014, 38.9991554054054, 2015, 37.852631578947374, ...
      [OK]  Key\Residential\Air Conditioning\Efficiency_Share\Large_Mid . 'Activity Level' = Interp(2014, 45.10135135135135, 2015, 44.44210526315789, ...
      [OK]  Key\Residential\Air Conditioning\Efficiency_Share\Medium_High . 'Activity Level' = Interp(2014, 14.23512747875354, 2015, 15.672432050829514,...
      [OK]  Key\Residential\Air Conditioning\Efficiency_Share\Medium_Low . 'Activity Level' = Interp(2014, 56.975920679886684, 2015, 55.38298623367454,...
      [OK]  Key\Residential\Air Conditioning\Efficiency_Share\Medium_Mid . 'Activity Level' = Interp(2014, 28.788951841359772, 2015, 28.944581715495936...
      [OK]  Key\Residential\Air Conditioning\Efficiency_Share\Small_High . 'Activity Level' = Interp(2014, 10.537105371053709, 2015, 11.621174524400331...
      [OK]  Key\Residential\Air Conditioning\Efficiency_Share\Small_Low . 'Activity Level' = Interp(2014, 51.90651906519065, 2015, 50.49627791563276, ...
      [OK]  Key\Residential\Air Conditioning\Efficiency_Share\Small_Mid . 'Activity Level' = Interp(2014, 37.55637556375564, 2015, 37.882547559966916,...
      [OK]  Key\Residential\Air Conditioning\Size_Share\Large . 'Activity Level' = Interp(2014, 47.36473647364737, 2015, 47.495250474952506,...
      [OK]  Key\Residential\Air Conditioning\Size_Share\Medium . 'Activity Level' = Interp(2014, 28.24282428242825, 2015, 28.32716728327167, ...
      [OK]  Key\Residential\Air Conditioning\Size_Share\Small . 'Activity Level' = Interp(2014, 24.392439243924393, 2015, 24.177582241775823...
      [OK]  Key\Residential\Air Conditioning\Percent Ownership . 'Activity Level' = Interp(2014, 0.66, 2015, 0.68, 2016, 0.71, 2017, 0.75, 20...
      [OK]  Key\Residential\Air Conditioning\Useful_EI\Large . 'Activity Level' = Interp(2014, 0.160335339638865)
      [OK]  Key\Residential\Air Conditioning\Useful_EI\Medium . 'Activity Level' = Interp(2014, 0.09773000859845227)
      [OK]  Key\Residential\Air Conditioning\Useful_EI\Small . 'Activity Level' = Interp(2014, 0.0672914875322442)
      [OK]  Demand\Residential\Projections\Air Conditioning_\Large\High_eff . 'Efficiency' = Interp(2014, 100.0)
      [OK]  Demand\Residential\Projections\Air Conditioning_\Large\Low_eff . 'Efficiency' = Interp(2014, 52.93533185715097)
      [OK]  Demand\Residential\Projections\Air Conditioning_\Large\Mid_eff . 'Efficiency' = Interp(2014, 72.32565355674502)
      [OK]  Demand\Residential\Projections\Air Conditioning_\Medium\High_eff . 'Efficiency' = Interp(2014, 100.0)
      [OK]  Demand\Residential\Projections\Air Conditioning_\Medium\Low_eff . 'Efficiency' = Interp(2014, 51.08085029886297)
      [OK]  Demand\Residential\Projections\Air Conditioning_\Medium\Mid_eff . 'Efficiency' = Interp(2014, 75.04291562128614)
      [OK]  Demand\Residential\Projections\Air Conditioning_\Small\High_eff . 'Efficiency' = Interp(2014, 100.0)
      [OK]  Demand\Residential\Projections\Air Conditioning_\Small\Low_eff . 'Efficiency' = Interp(2014, 64.46989043578549)
      [OK]  Demand\Residential\Projections\Air Conditioning_\Small\Mid_eff . 'Efficiency' = Interp(2014, 81.93048576214406)
    --- region 'Vietnam' (25 rows) ---
      [OK]  Key\Residential\Air Conditioning\Efficiency_Share\Large_High . 'Activity Level' = Interp(2014, 16.96629213483146, 2015, 19.07675194660734, ...
      [OK]  Key\Residential\Air Conditioning\Efficiency_Share\Large_Low . 'Activity Level' = Interp(2014, 38.31460674157303, 2015, 36.985539488320356,...
      [OK]  Key\Residential\Air Conditioning\Efficiency_Share\Large_Mid . 'Activity Level' = Interp(2014, 44.71910112359551, 2015, 43.937708565072306,...
      [OK]  Key\Residential\Air Conditioning\Efficiency_Share\Medium_High . 'Activity Level' = Interp(2014, 15.080428954423594, 2015, 16.788321167883215...
      [OK]  Key\Residential\Air Conditioning\Efficiency_Share\Medium_Low . 'Activity Level' = Interp(2014, 56.03217158176944, 2015, 54.18049104180491, ...
      [OK]  Key\Residential\Air Conditioning\Efficiency_Share\Medium_Mid . 'Activity Level' = Interp(2014, 28.88739946380697, 2015, 29.03118779031188, ...
      [OK]  Key\Residential\Air Conditioning\Efficiency_Share\Small_High . 'Activity Level' = Interp(2014, 11.155682903533908, 2015, 12.434933487565065...
      [OK]  Key\Residential\Air Conditioning\Efficiency_Share\Small_Low . 'Activity Level' = Interp(2014, 51.0792741165234, 2015, 49.43127048390206, 2...
      [OK]  Key\Residential\Air Conditioning\Efficiency_Share\Small_Mid . 'Activity Level' = Interp(2014, 37.7650429799427, 2015, 38.13379602853287, 2...
      [OK]  Key\Residential\Air Conditioning\Size_Share\Large . 'Activity Level' = Interp(2014, 17.801780178017804, 2015, 17.981798179817986...
      [OK]  Key\Residential\Air Conditioning\Size_Share\Medium . 'Activity Level' = Interp(2014, 29.84298429842984, 2015, 30.143014301430142,...
      [OK]  Key\Residential\Air Conditioning\Size_Share\Small . 'Activity Level' = Interp(2014, 52.35523552355236, 2015, 51.875187518751886,...
      [OK]  Key\Residential\Air Conditioning\Percent Ownership . 'Activity Level' = Interp(2014, 0.21, 2015, 0.23, 2016, 0.26, 2017, 0.28, 20...
      [OK]  Key\Residential\Air Conditioning\Useful_EI\Large . 'Activity Level' = Interp(2014, 0.160335339638865)
      [OK]  Key\Residential\Air Conditioning\Useful_EI\Medium . 'Activity Level' = Interp(2014, 0.09773000859845227)
      [OK]  Key\Residential\Air Conditioning\Useful_EI\Small . 'Activity Level' = Interp(2014, 0.0672914875322442)
      [OK]  Demand\Residential\Projections\Air Conditioning_\Large\High_eff . 'Efficiency' = Interp(2014, 100.0)
      [OK]  Demand\Residential\Projections\Air Conditioning_\Large\Low_eff . 'Efficiency' = Interp(2014, 52.93533185715097)
      [OK]  Demand\Residential\Projections\Air Conditioning_\Large\Mid_eff . 'Efficiency' = Interp(2014, 72.32565355674502)
      [OK]  Demand\Residential\Projections\Air Conditioning_\Medium\High_eff . 'Efficiency' = Interp(2014, 100.0)
      [OK]  Demand\Residential\Projections\Air Conditioning_\Medium\Low_eff . 'Efficiency' = Interp(2014, 51.08085029886297)
      [OK]  Demand\Residential\Projections\Air Conditioning_\Medium\Mid_eff . 'Efficiency' = Interp(2014, 75.04291562128614)
      [OK]  Demand\Residential\Projections\Air Conditioning_\Small\High_eff . 'Efficiency' = Interp(2014, 100.0)
      [OK]  Demand\Residential\Projections\Air Conditioning_\Small\Low_eff . 'Efficiency' = Interp(2014, 64.46989043578549)
      [OK]  Demand\Residential\Projections\Air Conditioning_\Small\Mid_eff . 'Efficiency' = Interp(2014, 81.93048576214406)
  [real-inject] {'pushed': 250}
  -- Phase 4: READBACK VERIFY --
    verifying 10 row(s) (1/region x 10 region(s))
    [EXACT] Brunei|Activity Level on Key\Residential\Air Conditioning\Efficiency_Share\Large_High
    [EXACT] Cambodia|Activity Level on Key\Residential\Air Conditioning\Efficiency_Share\Large_High
    [EXACT] Indonesia|Activity Level on Key\Residential\Air Conditioning\Efficiency_Share\Large_High
    [EXACT] Laos|Activity Level on Key\Residential\Air Conditioning\Efficiency_Share\Large_High
    [EXACT] Malaysia|Activity Level on Key\Residential\Air Conditioning\Efficiency_Share\Large_High
    [EXACT] Myanmar|Activity Level on Key\Residential\Air Conditioning\Efficiency_Share\Large_High
    [EXACT] Philippines|Activity Level on Key\Residential\Air Conditioning\Efficiency_Share\Large_High
    [EXACT] Singapore|Activity Level on Key\Residential\Air Conditioning\Efficiency_Share\Large_High
    [EXACT] Thailand|Activity Level on Key\Residential\Air Conditioning\Efficiency_Share\Large_High
    [EXACT] Vietnam|Activity Level on Key\Residential\Air Conditioning\Efficiency_Share\Large_High
    Readback: 10 EXACT, 0 NORMALISED, 0 FAIL

[fridge_keys] === SCENARIO: 'Regional Aspiration Scenario' ===
  ActiveScenario: 'Regional Aspiration Scenario'
  rows for this scenario: 790 (untagged + scenario='Regional Aspiration Scenario')
  790 rows across 10 region(s)
  -- Phase 1: DRY RUN --
    --- region 'Brunei' (79 rows) ---
      [DRY] Key\Residential\Air Conditioning\Efficiency_Share\Large_High . 'Activity Level' = Interp(2014, 12.991311543235415, 2015, 14.025651634257343, 2016, 15...
      [DRY] Key\Residential\Air Conditioning\Efficiency_Share\Large_Low . 'Activity Level' = Interp(2014, 40.79437318990484, 2015, 40.11170872983036, 2016, 39.3...
      [DRY] Key\Residential\Air Conditioning\Efficiency_Share\Large_Mid . 'Activity Level' = Interp(2014, 46.21431526685974, 2015, 45.86263963591229, 2016, 45.3...
      [DRY] Key\Residential\Air Conditioning\Efficiency_Share\Medium_High . 'Activity Level' = Interp(2014, 11.500412201154164, 2015, 12.577575506826646, 2016, 13...
      [DRY] Key\Residential\Air Conditioning\Efficiency_Share\Medium_Low . 'Activity Level' = Interp(2014, 59.72794723825228, 2015, 58.62639635912288, 2016, 57.5...
      [DRY] Key\Residential\Air Conditioning\Efficiency_Share\Medium_Mid . 'Activity Level' = Interp(2014, 28.771640560593575, 2015, 28.796028134050477, 2016, 28...
      [DRY] Key\Residential\Air Conditioning\Efficiency_Share\Small_High . 'Activity Level' = Interp(2014, 8.90836071558963, 2015, 9.497816593886462, 2016, 10.21...
      [DRY] Key\Residential\Air Conditioning\Efficiency_Share\Small_Low . 'Activity Level' = Interp(2014, 54.14384811975174, 2015, 53.49344978165939, 2016, 52.4...
      [DRY] Key\Residential\Air Conditioning\Efficiency_Share\Small_Mid . 'Activity Level' = Interp(2014, 36.94779116465863, 2015, 37.00873362445415, 2016, 37.3...
      [DRY] Key\Residential\Air Conditioning\Size_Share\Large . 'Activity Level' = Interp(2014, 48.34483448344835, 2015, 48.344834483448345, 2016, 48....
      [DRY] Key\Residential\Air Conditioning\Size_Share\Medium . 'Activity Level' = Interp(2014, 24.26242624262426, 2015, 24.17241724172417, 2016, 24.1...
      [DRY] Key\Residential\Air Conditioning\Size_Share\Small . 'Activity Level' = Interp(2014, 27.392739273927397, 2015, 27.48274827482748, 2016, 27....
      [DRY] Key\Residential\Air Conditioning\Percent Ownership . 'Activity Level' = Interp(2014, 2.34, 2015, 2.32, 2016, 2.29, 2017, 2.29, 2018, 2.28, ...
      [DRY] Key\Residential\Air Conditioning\Useful_EI\Large . 'Activity Level' = Interp(2014, 0.160335339638865)
      [DRY] Key\Residential\Air Conditioning\Useful_EI\Medium . 'Activity Level' = Interp(2014, 0.09773000859845227)
      [DRY] Key\Residential\Air Conditioning\Useful_EI\Small . 'Activity Level' = Interp(2014, 0.0672914875322442)
      [DRY] Demand\Residential\Projections\Air Conditioning_\Large\High_eff . 'Capital Cost' = Interp(2014, 1136.62, 2015, 1136.62, 2016, 1136.62, 2017, 1136.62, ...
      [DRY] Demand\Residential\Projections\Air Conditioning_\Large\Low_eff . 'Capital Cost' = Interp(2014, 1082.5, 2015, 1082.5, 2016, 1082.5, 2017, 1082.5, 2018...
      [DRY] Demand\Residential\Projections\Air Conditioning_\Large\Mid_eff . 'Capital Cost' = Interp(2014, 1109.56, 2015, 1109.56, 2016, 1109.56, 2017, 1109.56, ...
      [DRY] Demand\Residential\Projections\Air Conditioning_\Medium\High_eff . 'Capital Cost' = Interp(2014, 709.3, 2015, 709.3, 2016, 709.3, 2017, 709.3, 2018, 70...
      [DRY] Demand\Residential\Projections\Air Conditioning_\Medium\Low_eff . 'Capital Cost' = Interp(2014, 528.0, 2015, 528.0, 2016, 528.0, 2017, 528.0, 2018, 52...
      [DRY] Demand\Residential\Projections\Air Conditioning_\Medium\Mid_eff . 'Capital Cost' = Interp(2014, 481.4, 2015, 481.4, 2016, 481.4, 2017, 481.4, 2018, 48...
      [DRY] Demand\Residential\Projections\Air Conditioning_\Small\High_eff . 'Capital Cost' = Interp(2014, 557.5, 2015, 557.5, 2016, 557.5, 2017, 557.5, 2018, 55...
      [DRY] Demand\Residential\Projections\Air Conditioning_\Small\Low_eff . 'Capital Cost' = Interp(2014, 309.9, 2015, 309.9, 2016, 309.9, 2017, 309.9, 2018, 30...
      [DRY] Demand\Residential\Projections\Air Conditioning_\Small\Mid_eff . 'Capital Cost' = Interp(2014, 328.9, 2015, 328.9, 2016, 328.9, 2017, 328.9, 2018, 32...
      [DRY] Demand\Residential\Projections\Air Conditioning_\Large\High_eff . 'Efficiency' = Interp(2014, 100.0)
      [DRY] Demand\Residential\Projections\Air Conditioning_\Large\Low_eff . 'Efficiency' = Interp(2014, 52.93533185715097)
      [DRY] Demand\Residential\Projections\Air Conditioning_\Large\Mid_eff . 'Efficiency' = Interp(2014, 72.32565355674502)
      [DRY] Demand\Residential\Projections\Air Conditioning_\Medium\High_eff . 'Efficiency' = Interp(2014, 100.0)
      [DRY] Demand\Residential\Projections\Air Conditioning_\Medium\Low_eff . 'Efficiency' = Interp(2014, 51.08085029886297)
      [DRY] Demand\Residential\Projections\Air Conditioning_\Medium\Mid_eff . 'Efficiency' = Interp(2014, 75.04291562128614)
      [DRY] Demand\Residential\Projections\Air Conditioning_\Small\High_eff . 'Efficiency' = Interp(2014, 100.0)
      [DRY] Demand\Residential\Projections\Air Conditioning_\Small\Low_eff . 'Efficiency' = Interp(2014, 64.46989043578549)
      [DRY] Demand\Residential\Projections\Air Conditioning_\Small\Mid_eff . 'Efficiency' = Interp(2014, 81.93048576214406)
      [DRY] Demand\Residential\Projections\Air Conditioning_\Large\High_eff . 'Exogenous Devices' = Interp(2005, 37096.9, 2006, 37713, 2007, 38313.9, 2008, 38902.6, 20...
      [DRY] Demand\Residential\Projections\Air Conditioning_\Large\Low_eff . 'Exogenous Devices' = Interp(2005, 27178.1, 2006, 27629.4, 2007, 28069.6, 2008, 28501, 20...
      [DRY] Demand\Residential\Projections\Air Conditioning_\Large\Mid_eff . 'Exogenous Devices' = Interp(2005, 38837.3, 2006, 39482.3, 2007, 40111.4, 2008, 40727.7, ...
      [DRY] Demand\Residential\Projections\Air Conditioning_\Medium\High_eff . 'Exogenous Devices' = Interp(2005, 15510.8, 2006, 15768.3, 2007, 16019.6, 2008, 16265.7, ...
      [DRY] Demand\Residential\Projections\Air Conditioning_\Medium\Low_eff . 'Exogenous Devices' = Interp(2005, 20280.8, 2006, 20617.6, 2007, 20946.1, 2008, 21268, 20...
      [DRY] Demand\Residential\Projections\Air Conditioning_\Medium\Mid_eff . 'Exogenous Devices' = Interp(2005, 15768.6, 2006, 16030.5, 2007, 16285.9, 2008, 16536.1, ...
      [DRY] Demand\Residential\Projections\Air Conditioning_\Small\High_eff . 'Exogenous Devices' = Interp(2005, 13585, 2006, 13810.6, 2007, 14030.7, 2008, 14246.3, 20...
      [DRY] Demand\Residential\Projections\Air Conditioning_\Small\Low_eff . 'Exogenous Devices' = Interp(2005, 21690.9, 2006, 22051.1, 2007, 22402.5, 2008, 22746.7, ...
      [DRY] Demand\Residential\Projections\Air Conditioning_\Small\Mid_eff . 'Exogenous Devices' = Interp(2005, 24664.1, 2006, 25073.7, 2007, 25473.2, 2008, 25864.7, ...
      [DRY] Demand\Residential\Projections\Air Conditioning_\Large\High_eff . 'Fixed OM Cost' = 0
      [DRY] Demand\Residential\Projections\Air Conditioning_\Large\Low_eff . 'Fixed OM Cost' = 0
      [DRY] Demand\Residential\Projections\Air Conditioning_\Large\Mid_eff . 'Fixed OM Cost' = 0
      [DRY] Demand\Residential\Projections\Air Conditioning_\Medium\High_eff . 'Fixed OM Cost' = 0
      [DRY] Demand\Residential\Projections\Air Conditioning_\Medium\Low_eff . 'Fixed OM Cost' = 0
      [DRY] Demand\Residential\Projections\Air Conditioning_\Medium\Mid_eff . 'Fixed OM Cost' = 0
      [DRY] Demand\Residential\Projections\Air Conditioning_\Small\High_eff . 'Fixed OM Cost' = 0
      [DRY] Demand\Residential\Projections\Air Conditioning_\Small\Low_eff . 'Fixed OM Cost' = 0
      [DRY] Demand\Residential\Projections\Air Conditioning_\Small\Mid_eff . 'Fixed OM Cost' = 0
      [DRY] Demand\Residential\Projections\Air Conditioning_\Large\High_eff . 'Lifetime' = 15
      [DRY] Demand\Residential\Projections\Air Conditioning_\Large\Low_eff . 'Lifetime' = 15
      [DRY] Demand\Residential\Projections\Air Conditioning_\Large\Mid_eff . 'Lifetime' = 15
      [DRY] Demand\Residential\Projections\Air Conditioning_\Medium\High_eff . 'Lifetime' = 15
      [DRY] Demand\Residential\Projections\Air Conditioning_\Medium\Low_eff . 'Lifetime' = 15
      [DRY] Demand\Residential\Projections\Air Conditioning_\Medium\Mid_eff . 'Lifetime' = 15
      [DRY] Demand\Residential\Projections\Air Conditioning_\Small\High_eff . 'Lifetime' = 15
      [DRY] Demand\Residential\Projections\Air Conditioning_\Small\Low_eff . 'Lifetime' = 15
      [DRY] Demand\Residential\Projections\Air Conditioning_\Small\Mid_eff . 'Lifetime' = 15
      [DRY] Demand\Residential\Projections\Air Conditioning_\Large\High_eff . 'Unit Capacity' = Interp(2014, 0.5203)
      [DRY] Demand\Residential\Projections\Air Conditioning_\Large\Low_eff . 'Unit Capacity' = Interp(2014, 0.5203)
      [DRY] Demand\Residential\Projections\Air Conditioning_\Large\Mid_eff . 'Unit Capacity' = Interp(2014, 0.5203)
      [DRY] Demand\Residential\Projections\Air Conditioning_\Medium\High_eff . 'Unit Capacity' = Interp(2014, 0.3172)
      [DRY] Demand\Residential\Projections\Air Conditioning_\Medium\Low_eff . 'Unit Capacity' = Interp(2014, 0.3172)
      [DRY] Demand\Residential\Projections\Air Conditioning_\Medium\Mid_eff . 'Unit Capacity' = Interp(2014, 0.3172)
      [DRY] Demand\Residential\Projections\Air Conditioning_\Small\High_eff . 'Unit Capacity' = Interp(2014, 0.2184)
      [DRY] Demand\Residential\Projections\Air Conditioning_\Small\Low_eff . 'Unit Capacity' = Interp(2014, 0.2184)
      [DRY] Demand\Residential\Projections\Air Conditioning_\Small\Mid_eff . 'Unit Capacity' = Interp(2014, 0.2184)
      [DRY] Demand\Residential\Projections\Air Conditioning_\Large\High_eff . 'Variable OM Cost' = Interp(2014, 13.425839999999999)
      [DRY] Demand\Residential\Projections\Air Conditioning_\Large\Low_eff . 'Variable OM Cost' = Interp(2014, 25.36272)
      [DRY] Demand\Residential\Projections\Air Conditioning_\Large\Mid_eff . 'Variable OM Cost' = Interp(2014, 18.563039999999997)
      [DRY] Demand\Residential\Projections\Air Conditioning_\Medium\High_eff . 'Variable OM Cost' = Interp(2014, 8.18352)
      [DRY] Demand\Residential\Projections\Air Conditioning_\Medium\Low_eff . 'Variable OM Cost' = Interp(2014, 16.020719999999997)
      [DRY] Demand\Residential\Projections\Air Conditioning_\Medium\Mid_eff . 'Variable OM Cost' = Interp(2014, 10.905119999999998)
      [DRY] Demand\Residential\Projections\Air Conditioning_\Small\High_eff . 'Variable OM Cost' = Interp(2014, 5.63472)
      [DRY] Demand\Residential\Projections\Air Conditioning_\Small\Low_eff . 'Variable OM Cost' = Interp(2014, 8.74008)
      [DRY] Demand\Residential\Projections\Air Conditioning_\Small\Mid_eff . 'Variable OM Cost' = Interp(2014, 6.87744)
    --- region 'Cambodia' (79 rows) ---
      [DRY] Key\Residential\Air Conditioning\Efficiency_Share\Large_High . 'Activity Level' = Interp(2014, 15.920223932820152, 2015, 17.720639332870046, 2016, 19...
      [DRY] Key\Residential\Air Conditioning\Efficiency_Share\Large_Low . 'Activity Level' = Interp(2014, 38.97830650804758, 2015, 37.87352328005559, 2016, 36.4...
      [DRY] Key\Residential\Air Conditioning\Efficiency_Share\Large_Mid . 'Activity Level' = Interp(2014, 45.101469559132255, 2015, 44.40583738707436, 2016, 43....
      [DRY] Key\Residential\Air Conditioning\Efficiency_Share\Medium_High . 'Activity Level' = Interp(2014, 14.114902303878681, 2015, 15.562626554816314, 2016, 17...
      [DRY] Key\Residential\Air Conditioning\Efficiency_Share\Medium_Low . 'Activity Level' = Interp(2014, 57.07203266258385, 2015, 55.45270465721725, 2016, 53.4...
      [DRY] Key\Residential\Air Conditioning\Efficiency_Share\Medium_Mid . 'Activity Level' = Interp(2014, 28.813065033537477, 2015, 28.984668787966445, 2016, 29...
      [DRY] Key\Residential\Air Conditioning\Efficiency_Share\Small_High . 'Activity Level' = Interp(2014, 10.455402856372945, 2015, 11.541609822646658, 2016, 12...
      [DRY] Key\Residential\Air Conditioning\Efficiency_Share\Small_Low . 'Activity Level' = Interp(2014, 51.953651306925366, 2015, 50.55934515688949, 2016, 48....
      [DRY] Key\Residential\Air Conditioning\Efficiency_Share\Small_Mid . 'Activity Level' = Interp(2014, 37.59094583670169, 2015, 37.899045020463845, 2016, 38....
      [DRY] Key\Residential\Air Conditioning\Size_Share\Large . 'Activity Level' = Interp(2014, 28.585717143428685, 2015, 28.78, 2016, 29.002900290029...
      [DRY] Key\Residential\Air Conditioning\Size_Share\Medium . 'Activity Level' = Interp(2014, 34.29685937187437, 2015, 34.57, 2016, 34.8134813481348...
      [DRY] Key\Residential\Air Conditioning\Size_Share\Small . 'Activity Level' = Interp(2014, 37.117423484696936, 2015, 36.650000000000006, 2016, 36...
      [DRY] Key\Residential\Air Conditioning\Percent Ownership . 'Activity Level' = Interp(2014, 0.05, 2015, 0.05, 2016, 0.06, 2017, 0.07, 2018, 0.07, ...
      [DRY] Key\Residential\Air Conditioning\Useful_EI\Large . 'Activity Level' = Interp(2014, 0.160335339638865)
      [DRY] Key\Residential\Air Conditioning\Useful_EI\Medium . 'Activity Level' = Interp(2014, 0.09773000859845227)
      [DRY] Key\Residential\Air Conditioning\Useful_EI\Small . 'Activity Level' = Interp(2014, 0.0672914875322442)
      [DRY] Demand\Residential\Projections\Air Conditioning_\Large\High_eff . 'Capital Cost' = Interp(2014, 1136.62, 2015, 1136.62, 2016, 1136.62, 2017, 1136.62, ...
      [DRY] Demand\Residential\Projections\Air Conditioning_\Large\Low_eff . 'Capital Cost' = Interp(2014, 1082.5, 2015, 1082.5, 2016, 1082.5, 2017, 1082.5, 2018...
      [DRY] Demand\Residential\Projections\Air Conditioning_\Large\Mid_eff . 'Capital Cost' = Interp(2014, 1109.56, 2015, 1109.56, 2016, 1109.56, 2017, 1109.56, ...
      [DRY] Demand\Residential\Projections\Air Conditioning_\Medium\High_eff . 'Capital Cost' = Interp(2014, 709.3, 2015, 709.3, 2016, 709.3, 2017, 709.3, 2018, 70...
      [DRY] Demand\Residential\Projections\Air Conditioning_\Medium\Low_eff . 'Capital Cost' = Interp(2014, 528.0, 2015, 528.0, 2016, 528.0, 2017, 528.0, 2018, 52...
      [DRY] Demand\Residential\Projections\Air Conditioning_\Medium\Mid_eff . 'Capital Cost' = Interp(2014, 481.4, 2015, 481.4, 2016, 481.4, 2017, 481.4, 2018, 48...
      [DRY] Demand\Residential\Projections\Air Conditioning_\Small\High_eff . 'Capital Cost' = Interp(2014, 557.5, 2015, 557.5, 2016, 557.5, 2017, 557.5, 2018, 55...
      [DRY] Demand\Residential\Projections\Air Conditioning_\Small\Low_eff . 'Capital Cost' = Interp(2014, 309.9, 2015, 309.9, 2016, 309.9, 2017, 309.9, 2018, 30...
      [DRY] Demand\Residential\Projections\Air Conditioning_\Small\Mid_eff . 'Capital Cost' = Interp(2014, 328.9, 2015, 328.9, 2016, 328.9, 2017, 328.9, 2018, 32...
      [DRY] Demand\Residential\Projections\Air Conditioning_\Large\High_eff . 'Efficiency' = Interp(2014, 100.0)
      [DRY] Demand\Residential\Projections\Air Conditioning_\Large\Low_eff . 'Efficiency' = Interp(2014, 52.93533185715097)
      [DRY] Demand\Residential\Projections\Air Conditioning_\Large\Mid_eff . 'Efficiency' = Interp(2014, 72.32565355674502)
      [DRY] Demand\Residential\Projections\Air Conditioning_\Medium\High_eff . 'Efficiency' = Interp(2014, 100.0)
      [DRY] Demand\Residential\Projections\Air Conditioning_\Medium\Low_eff . 'Efficiency' = Interp(2014, 51.08085029886297)
      [DRY] Demand\Residential\Projections\Air Conditioning_\Medium\Mid_eff . 'Efficiency' = Interp(2014, 75.04291562128614)
      [DRY] Demand\Residential\Projections\Air Conditioning_\Small\High_eff . 'Efficiency' = Interp(2014, 100.0)
      [DRY] Demand\Residential\Projections\Air Conditioning_\Small\Low_eff . 'Efficiency' = Interp(2014, 64.46989043578549)
      [DRY] Demand\Residential\Projections\Air Conditioning_\Small\Mid_eff . 'Efficiency' = Interp(2014, 81.93048576214406)
      [DRY] Demand\Residential\Projections\Air Conditioning_\Large\High_eff . 'Exogenous Devices' = Interp(2005, 10893.5, 2006, 12176.1, 2007, 13611.4, 2008, 15202.7, ...
      [DRY] Demand\Residential\Projections\Air Conditioning_\Large\Low_eff . 'Exogenous Devices' = Interp(2005, 3427.5, 2006, 3831, 2007, 4282.6, 2008, 4783.3, 2009, ...
      [DRY] Demand\Residential\Projections\Air Conditioning_\Large\Mid_eff . 'Exogenous Devices' = Interp(2005, 6713, 2006, 7503.4, 2007, 8387.9, 2008, 9368.5, 2009, ...
      [DRY] Demand\Residential\Projections\Air Conditioning_\Medium\High_eff . 'Exogenous Devices' = Interp(2005, 10880.1, 2006, 12161, 2007, 13594.6, 2008, 15183.9, 20...
      [DRY] Demand\Residential\Projections\Air Conditioning_\Medium\Low_eff . 'Exogenous Devices' = Interp(2005, 6399.3, 2006, 7152.7, 2007, 7995.8, 2008, 8930.6, 2009...
      [DRY] Demand\Residential\Projections\Air Conditioning_\Medium\Mid_eff . 'Exogenous Devices' = Interp(2005, 7963.6, 2006, 8901.2, 2007, 9950.4, 2008, 11113.8, 200...
      [DRY] Demand\Residential\Projections\Air Conditioning_\Small\High_eff . 'Exogenous Devices' = Interp(2005, 6834, 2006, 7638.6, 2007, 8539.1, 2008, 9537.4, 2009, ...
      [DRY] Demand\Residential\Projections\Air Conditioning_\Small\Low_eff . 'Exogenous Devices' = Interp(2005, 5233.9, 2006, 5850.1, 2007, 6539.7, 2008, 7304.2, 2009...
      [DRY] Demand\Residential\Projections\Air Conditioning_\Small\Mid_eff . 'Exogenous Devices' = Interp(2005, 9484.6, 2006, 10601.2, 2007, 11850.9, 2008, 13236.4, 2...
      [DRY] Demand\Residential\Projections\Air Conditioning_\Large\High_eff . 'Fixed OM Cost' = 0
      [DRY] Demand\Residential\Projections\Air Conditioning_\Large\Low_eff . 'Fixed OM Cost' = 0
      [DRY] Demand\Residential\Projections\Air Conditioning_\Large\Mid_eff . 'Fixed OM Cost' = 0
      [DRY] Demand\Residential\Projections\Air Conditioning_\Medium\High_eff . 'Fixed OM Cost' = 0
      [DRY] Demand\Residential\Projections\Air Conditioning_\Medium\Low_eff . 'Fixed OM Cost' = 0
      [DRY] Demand\Residential\Projections\Air Conditioning_\Medium\Mid_eff . 'Fixed OM Cost' = 0
      [DRY] Demand\Residential\Projections\Air Conditioning_\Small\High_eff . 'Fixed OM Cost' = 0
      [DRY] Demand\Residential\Projections\Air Conditioning_\Small\Low_eff . 'Fixed OM Cost' = 0
      [DRY] Demand\Residential\Projections\Air Conditioning_\Small\Mid_eff . 'Fixed OM Cost' = 0
      [DRY] Demand\Residential\Projections\Air Conditioning_\Large\High_eff . 'Lifetime' = 15
      [DRY] Demand\Residential\Projections\Air Conditioning_\Large\Low_eff . 'Lifetime' = 15
      [DRY] Demand\Residential\Projections\Air Conditioning_\Large\Mid_eff . 'Lifetime' = 15
      [DRY] Demand\Residential\Projections\Air Conditioning_\Medium\High_eff . 'Lifetime' = 15
      [DRY] Demand\Residential\Projections\Air Conditioning_\Medium\Low_eff . 'Lifetime' = 15
      [DRY] Demand\Residential\Projections\Air Conditioning_\Medium\Mid_eff . 'Lifetime' = 15
      [DRY] Demand\Residential\Projections\Air Conditioning_\Small\High_eff . 'Lifetime' = 15
      [DRY] Demand\Residential\Projections\Air Conditioning_\Small\Low_eff . 'Lifetime' = 15
      [DRY] Demand\Residential\Projections\Air Conditioning_\Small\Mid_eff . 'Lifetime' = 15
      [DRY] Demand\Residential\Projections\Air Conditioning_\Large\High_eff . 'Unit Capacity' = Interp(2014, 0.4303)
      [DRY] Demand\Residential\Projections\Air Conditioning_\Large\Low_eff . 'Unit Capacity' = Interp(2014, 0.4303)
      [DRY] Demand\Residential\Projections\Air Conditioning_\Large\Mid_eff . 'Unit Capacity' = Interp(2014, 0.4303)
      [DRY] Demand\Residential\Projections\Air Conditioning_\Medium\High_eff . 'Unit Capacity' = Interp(2014, 0.2623)
      [DRY] Demand\Residential\Projections\Air Conditioning_\Medium\Low_eff . 'Unit Capacity' = Interp(2014, 0.2623)
      [DRY] Demand\Residential\Projections\Air Conditioning_\Medium\Mid_eff . 'Unit Capacity' = Interp(2014, 0.2623)
      [DRY] Demand\Residential\Projections\Air Conditioning_\Small\High_eff . 'Unit Capacity' = Interp(2014, 0.1806)
      [DRY] Demand\Residential\Projections\Air Conditioning_\Small\Low_eff . 'Unit Capacity' = Interp(2014, 0.1806)
      [DRY] Demand\Residential\Projections\Air Conditioning_\Small\Mid_eff . 'Unit Capacity' = Interp(2014, 0.1806)
      [DRY] Demand\Residential\Projections\Air Conditioning_\Large\High_eff . 'Variable OM Cost' = Interp(2014, 279.705)
      [DRY] Demand\Residential\Projections\Air Conditioning_\Large\Low_eff . 'Variable OM Cost' = Interp(2014, 528.39)
      [DRY] Demand\Residential\Projections\Air Conditioning_\Large\Mid_eff . 'Variable OM Cost' = Interp(2014, 386.72999999999996)
      [DRY] Demand\Residential\Projections\Air Conditioning_\Medium\High_eff . 'Variable OM Cost' = Interp(2014, 170.48999999999998)
      [DRY] Demand\Residential\Projections\Air Conditioning_\Medium\Low_eff . 'Variable OM Cost' = Interp(2014, 333.765)
      [DRY] Demand\Residential\Projections\Air Conditioning_\Medium\Mid_eff . 'Variable OM Cost' = Interp(2014, 227.18999999999997)
      [DRY] Demand\Residential\Projections\Air Conditioning_\Small\High_eff . 'Variable OM Cost' = Interp(2014, 117.39)
      [DRY] Demand\Residential\Projections\Air Conditioning_\Small\Low_eff . 'Variable OM Cost' = Interp(2014, 182.085)
      [DRY] Demand\Residential\Projections\Air Conditioning_\Small\Mid_eff . 'Variable OM Cost' = Interp(2014, 143.28)
    --- region 'Indonesia' (79 rows) ---
      [DRY] Key\Residential\Air Conditioning\Efficiency_Share\Large_High . 'Activity Level' = Interp(2014, 11.509591326105088, 2015, 12.293729372937293, 2016, 13...
      [DRY] Key\Residential\Air Conditioning\Efficiency_Share\Large_Low . 'Activity Level' = Interp(2014, 41.784820683903256, 2015, 41.25412541254125, 2016, 40....
      [DRY] Key\Residential\Air Conditioning\Efficiency_Share\Large_Mid . 'Activity Level' = Interp(2014, 46.70558798999166, 2015, 46.452145214521444, 2016, 46....
      [DRY] Key\Residential\Air Conditioning\Efficiency_Share\Medium_High . 'Activity Level' = Interp(2014, 10.667498440424204, 2015, 11.296296296296298, 2016, 12...
      [DRY] Key\Residential\Air Conditioning\Efficiency_Share\Medium_Low . 'Activity Level' = Interp(2014, 60.885839051777914, 2015, 60.18518518518518, 2016, 59....
      [DRY] Key\Residential\Air Conditioning\Efficiency_Share\Medium_Mid . 'Activity Level' = Interp(2014, 28.446662507797875, 2015, 28.51851851851852, 2016, 28....
      [DRY] Key\Residential\Air Conditioning\Efficiency_Share\Small_High . 'Activity Level' = Interp(2014, 7.862203083761635, 2015, 8.342633928571429, 2016, 8.92...
      [DRY] Key\Residential\Air Conditioning\Efficiency_Share\Small_Low . 'Activity Level' = Interp(2014, 55.38269204056119, 2015, 54.75725446428571, 2016, 53.9...
      [DRY] Key\Residential\Air Conditioning\Efficiency_Share\Small_Mid . 'Activity Level' = Interp(2014, 36.75510487567718, 2015, 36.900111607142854, 2016, 37....
      [DRY] Key\Residential\Air Conditioning\Size_Share\Large . 'Activity Level' = Interp(2014, 11.988801119888011, 2015, 12.120000000000001, 2016, 12...
      [DRY] Key\Residential\Air Conditioning\Size_Share\Medium . 'Activity Level' = Interp(2014, 16.028397160283976, 2015, 16.2, 2016, 16.3883611638836...
      [DRY] Key\Residential\Air Conditioning\Size_Share\Small . 'Activity Level' = Interp(2014, 71.98280171982802, 2015, 71.68, 2016, 71.3528647135286...
      [DRY] Key\Residential\Air Conditioning\Percent Ownership . 'Activity Level' = Interp(2014, 0.32, 2015, 0.34, 2016, 0.36, 2017, 0.39, 2018, 0.41, ...
      [DRY] Key\Residential\Air Conditioning\Useful_EI\Large . 'Activity Level' = Interp(2014, 0.160335339638865)
      [DRY] Key\Residential\Air Conditioning\Useful_EI\Medium . 'Activity Level' = Interp(2014, 0.09773000859845227)
      [DRY] Key\Residential\Air Conditioning\Useful_EI\Small . 'Activity Level' = Interp(2014, 0.0672914875322442)
      [DRY] Demand\Residential\Projections\Air Conditioning_\Large\High_eff . 'Capital Cost' = Interp(2014, 1136.62, 2015, 1136.62, 2016, 1136.62, 2017, 1136.62, ...
      [DRY] Demand\Residential\Projections\Air Conditioning_\Large\Low_eff . 'Capital Cost' = Interp(2014, 1082.5, 2015, 1082.5, 2016, 1082.5, 2017, 1082.5, 2018...
      [DRY] Demand\Residential\Projections\Air Conditioning_\Large\Mid_eff . 'Capital Cost' = Interp(2014, 1109.56, 2015, 1109.56, 2016, 1109.56, 2017, 1109.56, ...
      [DRY] Demand\Residential\Projections\Air Conditioning_\Medium\High_eff . 'Capital Cost' = Interp(2014, 709.3, 2015, 709.3, 2016, 709.3, 2017, 709.3, 2018, 70...
      [DRY] Demand\Residential\Projections\Air Conditioning_\Medium\Low_eff . 'Capital Cost' = Interp(2014, 528.0, 2015, 528.0, 2016, 528.0, 2017, 528.0, 2018, 52...
      [DRY] Demand\Residential\Projections\Air Conditioning_\Medium\Mid_eff . 'Capital Cost' = Interp(2014, 481.4, 2015, 481.4, 2016, 481.4, 2017, 481.4, 2018, 48...
      [DRY] Demand\Residential\Projections\Air Conditioning_\Small\High_eff . 'Capital Cost' = Interp(2014, 557.5, 2015, 557.5, 2016, 557.5, 2017, 557.5, 2018, 55...
      [DRY] Demand\Residential\Projections\Air Conditioning_\Small\Low_eff . 'Capital Cost' = Interp(2014, 309.9, 2015, 309.9, 2016, 309.9, 2017, 309.9, 2018, 30...
      [DRY] Demand\Residential\Projections\Air Conditioning_\Small\Mid_eff . 'Capital Cost' = Interp(2014, 328.9, 2015, 328.9, 2016, 328.9, 2017, 328.9, 2018, 32...
      [DRY] Demand\Residential\Projections\Air Conditioning_\Large\High_eff . 'Efficiency' = Interp(2014, 100.0)
      [DRY] Demand\Residential\Projections\Air Conditioning_\Large\Low_eff . 'Efficiency' = Interp(2014, 52.93533185715097)
      [DRY] Demand\Residential\Projections\Air Conditioning_\Large\Mid_eff . 'Efficiency' = Interp(2014, 72.32565355674502)
      [DRY] Demand\Residential\Projections\Air Conditioning_\Medium\High_eff . 'Efficiency' = Interp(2014, 100.0)
      [DRY] Demand\Residential\Projections\Air Conditioning_\Medium\Low_eff . 'Efficiency' = Interp(2014, 51.08085029886297)
      [DRY] Demand\Residential\Projections\Air Conditioning_\Medium\Mid_eff . 'Efficiency' = Interp(2014, 75.04291562128614)
      [DRY] Demand\Residential\Projections\Air Conditioning_\Small\High_eff . 'Efficiency' = Interp(2014, 100.0)
      [DRY] Demand\Residential\Projections\Air Conditioning_\Small\Low_eff . 'Efficiency' = Interp(2014, 64.46989043578549)
      [DRY] Demand\Residential\Projections\Air Conditioning_\Small\Mid_eff . 'Efficiency' = Interp(2014, 81.93048576214406)
      [DRY] Demand\Residential\Projections\Air Conditioning_\Large\High_eff . 'Exogenous Devices' = Interp(2005, 402398.5, 2006, 434470, 2007, 469156.4, 2008, 506562.9...
      [DRY] Demand\Residential\Projections\Air Conditioning_\Large\Low_eff . 'Exogenous Devices' = Interp(2005, 451325.6, 2006, 487296.6, 2007, 526200.4, 2008, 568155...
      [DRY] Demand\Residential\Projections\Air Conditioning_\Large\Mid_eff . 'Exogenous Devices' = Interp(2005, 585353.2, 2006, 632006.3, 2007, 682463.1, 2008, 736877...
      [DRY] Demand\Residential\Projections\Air Conditioning_\Medium\High_eff . 'Exogenous Devices' = Interp(2005, 460543.6, 2006, 497249.2, 2007, 536947.6, 2008, 579759...
      [DRY] Demand\Residential\Projections\Air Conditioning_\Medium\Low_eff . 'Exogenous Devices' = Interp(2005, 891499.8, 2006, 962553, 2007, 1039399.4, 2008, 1122272...
      [DRY] Demand\Residential\Projections\Air Conditioning_\Medium\Mid_eff . 'Exogenous Devices' = Interp(2005, 571783, 2006, 617354.5, 2007, 666641.7, 2008, 719794, ...
      [DRY] Demand\Residential\Projections\Air Conditioning_\Small\High_eff . 'Exogenous Devices' = Interp(2005, 1228325.1, 2006, 1326223.4, 2007, 1432103.8, 2008, 154...
      [DRY] Demand\Residential\Projections\Air Conditioning_\Small\Low_eff . 'Exogenous Devices' = Interp(2005, 2967281.4, 2006, 3203775.7, 2007, 3459552.5, 2008, 373...
      [DRY] Demand\Residential\Projections\Air Conditioning_\Small\Mid_eff . 'Exogenous Devices' = Interp(2005, 2764049.8, 2006, 2984346.4, 2007, 3222604.8, 2008, 347...
      [DRY] Demand\Residential\Projections\Air Conditioning_\Large\High_eff . 'Fixed OM Cost' = 0
      [DRY] Demand\Residential\Projections\Air Conditioning_\Large\Low_eff . 'Fixed OM Cost' = 0
      [DRY] Demand\Residential\Projections\Air Conditioning_\Large\Mid_eff . 'Fixed OM Cost' = 0
      [DRY] Demand\Residential\Projections\Air Conditioning_\Medium\High_eff . 'Fixed OM Cost' = 0
      [DRY] Demand\Residential\Projections\Air Conditioning_\Medium\Low_eff . 'Fixed OM Cost' = 0
      [DRY] Demand\Residential\Projections\Air Conditioning_\Medium\Mid_eff . 'Fixed OM Cost' = 0
      [DRY] Demand\Residential\Projections\Air Conditioning_\Small\High_eff . 'Fixed OM Cost' = 0
      [DRY] Demand\Residential\Projections\Air Conditioning_\Small\Low_eff . 'Fixed OM Cost' = 0
      [DRY] Demand\Residential\Projections\Air Conditioning_\Small\Mid_eff . 'Fixed OM Cost' = 0
      [DRY] Demand\Residential\Projections\Air Conditioning_\Large\High_eff . 'Lifetime' = 15
      [DRY] Demand\Residential\Projections\Air Conditioning_\Large\Low_eff . 'Lifetime' = 15
      [DRY] Demand\Residential\Projections\Air Conditioning_\Large\Mid_eff . 'Lifetime' = 15
      [DRY] Demand\Residential\Projections\Air Conditioning_\Medium\High_eff . 'Lifetime' = 15
      [DRY] Demand\Residential\Projections\Air Conditioning_\Medium\Low_eff . 'Lifetime' = 15
      [DRY] Demand\Residential\Projections\Air Conditioning_\Medium\Mid_eff . 'Lifetime' = 15
      [DRY] Demand\Residential\Projections\Air Conditioning_\Small\High_eff . 'Lifetime' = 15
      [DRY] Demand\Residential\Projections\Air Conditioning_\Small\Low_eff . 'Lifetime' = 15
      [DRY] Demand\Residential\Projections\Air Conditioning_\Small\Mid_eff . 'Lifetime' = 15
      [DRY] Demand\Residential\Projections\Air Conditioning_\Large\High_eff . 'Unit Capacity' = Interp(2014, 0.5597)
      [DRY] Demand\Residential\Projections\Air Conditioning_\Large\Low_eff . 'Unit Capacity' = Interp(2014, 0.5597)
      [DRY] Demand\Residential\Projections\Air Conditioning_\Large\Mid_eff . 'Unit Capacity' = Interp(2014, 0.5597)
      [DRY] Demand\Residential\Projections\Air Conditioning_\Medium\High_eff . 'Unit Capacity' = Interp(2014, 0.3411)
      [DRY] Demand\Residential\Projections\Air Conditioning_\Medium\Low_eff . 'Unit Capacity' = Interp(2014, 0.3411)
      [DRY] Demand\Residential\Projections\Air Conditioning_\Medium\Mid_eff . 'Unit Capacity' = Interp(2014, 0.3411)
      [DRY] Demand\Residential\Projections\Air Conditioning_\Small\High_eff . 'Unit Capacity' = Interp(2014, 0.2349)
      [DRY] Demand\Residential\Projections\Air Conditioning_\Small\Low_eff . 'Unit Capacity' = Interp(2014, 0.2349)
      [DRY] Demand\Residential\Projections\Air Conditioning_\Small\Mid_eff . 'Unit Capacity' = Interp(2014, 0.2349)
      [DRY] Demand\Residential\Projections\Air Conditioning_\Large\High_eff . 'Variable OM Cost' = Interp(2014, 188.33470000000003)
      [DRY] Demand\Residential\Projections\Air Conditioning_\Large\Low_eff . 'Variable OM Cost' = Interp(2014, 355.7826)
      [DRY] Demand\Residential\Projections\Air Conditioning_\Large\Mid_eff . 'Variable OM Cost' = Interp(2014, 260.3982)
      [DRY] Demand\Residential\Projections\Air Conditioning_\Medium\High_eff . 'Variable OM Cost' = Interp(2014, 114.7966)
      [DRY] Demand\Residential\Projections\Air Conditioning_\Medium\Low_eff . 'Variable OM Cost' = Interp(2014, 224.73510000000002)
      [DRY] Demand\Residential\Projections\Air Conditioning_\Medium\Mid_eff . 'Variable OM Cost' = Interp(2014, 152.9746)
      [DRY] Demand\Residential\Projections\Air Conditioning_\Small\High_eff . 'Variable OM Cost' = Interp(2014, 79.04260000000001)
      [DRY] Demand\Residential\Projections\Air Conditioning_\Small\Low_eff . 'Variable OM Cost' = Interp(2014, 122.60390000000001)
      [DRY] Demand\Residential\Projections\Air Conditioning_\Small\Mid_eff . 'Variable OM Cost' = Interp(2014, 96.47520000000002)
    --- region 'Laos' (79 rows) ---
      [DRY] Key\Residential\Air Conditioning\Efficiency_Share\Large_High . 'Activity Level' = Interp(2014, 10.23546371936569, 2015, 10.783847980997624, 2016, 11....
      [DRY] Key\Residential\Air Conditioning\Efficiency_Share\Large_Low . 'Activity Level' = Interp(2014, 42.62373858721768, 2015, 42.1852731591449, 2016, 41.83...
      [DRY] Key\Residential\Air Conditioning\Efficiency_Share\Large_Mid . 'Activity Level' = Interp(2014, 47.14079769341663, 2015, 47.03087885985748, 2016, 46.8...
      [DRY] Key\Residential\Air Conditioning\Efficiency_Share\Medium_High . 'Activity Level' = Interp(2014, 9.8729792147806, 2015, 10.159817351598175, 2016, 10.60...
      [DRY] Key\Residential\Air Conditioning\Efficiency_Share\Medium_Low . 'Activity Level' = Interp(2014, 62.06697459584295, 2015, 61.58675799086758, 2016, 61.0...
      [DRY] Key\Residential\Air Conditioning\Efficiency_Share\Medium_Mid . 'Activity Level' = Interp(2014, 28.060046189376447, 2015, 28.25342465753425, 2016, 28....
      [DRY] Key\Residential\Air Conditioning\Efficiency_Share\Small_High . 'Activity Level' = Interp(2014, 7.032007759456837, 2015, 7.392932747109591, 2016, 7.77...
      [DRY] Key\Residential\Air Conditioning\Efficiency_Share\Small_Low . 'Activity Level' = Interp(2014, 56.41771742644681, 2015, 56.016935352548444, 2016, 55....
      [DRY] Key\Residential\Air Conditioning\Efficiency_Share\Small_Mid . 'Activity Level' = Interp(2014, 36.55027481409635, 2015, 36.590131900341966, 2016, 36....
      [DRY] Key\Residential\Air Conditioning\Size_Share\Large . 'Activity Level' = Interp(2014, 20.812081208120812, 2015, 21.054210842168438, 2016, 21...
      [DRY] Key\Residential\Air Conditioning\Size_Share\Medium . 'Activity Level' = Interp(2014, 17.32173217321732, 2015, 17.52350470094019, 2016, 17.7...
      [DRY] Key\Residential\Air Conditioning\Size_Share\Small . 'Activity Level' = Interp(2014, 61.866186618661864, 2015, 61.42228445689138, 2016, 60....
      [DRY] Key\Residential\Air Conditioning\Percent Ownership . 'Activity Level' = Interp(2014, 0.14, 2015, 0.16, 2016, 0.17, 2017, 0.19, 2018, 0.21, ...
      [DRY] Key\Residential\Air Conditioning\Useful_EI\Large . 'Activity Level' = Interp(2014, 0.160335339638865)
      [DRY] Key\Residential\Air Conditioning\Useful_EI\Medium . 'Activity Level' = Interp(2014, 0.09773000859845227)
      [DRY] Key\Residential\Air Conditioning\Useful_EI\Small . 'Activity Level' = Interp(2014, 0.0672914875322442)
      [DRY] Demand\Residential\Projections\Air Conditioning_\Large\High_eff . 'Capital Cost' = Interp(2014, 1136.62, 2015, 1136.62, 2016, 1136.62, 2017, 1136.62, ...
      [DRY] Demand\Residential\Projections\Air Conditioning_\Large\Low_eff . 'Capital Cost' = Interp(2014, 1082.5, 2015, 1082.5, 2016, 1082.5, 2017, 1082.5, 2018...
      [DRY] Demand\Residential\Projections\Air Conditioning_\Large\Mid_eff . 'Capital Cost' = Interp(2014, 1109.56, 2015, 1109.56, 2016, 1109.56, 2017, 1109.56, ...
      [DRY] Demand\Residential\Projections\Air Conditioning_\Medium\High_eff . 'Capital Cost' = Interp(2014, 709.3, 2015, 709.3, 2016, 709.3, 2017, 709.3, 2018, 70...
      [DRY] Demand\Residential\Projections\Air Conditioning_\Medium\Low_eff . 'Capital Cost' = Interp(2014, 528.0, 2015, 528.0, 2016, 528.0, 2017, 528.0, 2018, 52...
      [DRY] Demand\Residential\Projections\Air Conditioning_\Medium\Mid_eff . 'Capital Cost' = Interp(2014, 481.4, 2015, 481.4, 2016, 481.4, 2017, 481.4, 2018, 48...
      [DRY] Demand\Residential\Projections\Air Conditioning_\Small\High_eff . 'Capital Cost' = Interp(2014, 557.5, 2015, 557.5, 2016, 557.5, 2017, 557.5, 2018, 55...
      [DRY] Demand\Residential\Projections\Air Conditioning_\Small\Low_eff . 'Capital Cost' = Interp(2014, 309.9, 2015, 309.9, 2016, 309.9, 2017, 309.9, 2018, 30...
      [DRY] Demand\Residential\Projections\Air Conditioning_\Small\Mid_eff . 'Capital Cost' = Interp(2014, 328.9, 2015, 328.9, 2016, 328.9, 2017, 328.9, 2018, 32...
      [DRY] Demand\Residential\Projections\Air Conditioning_\Large\High_eff . 'Efficiency' = Interp(2014, 100.0)
      [DRY] Demand\Residential\Projections\Air Conditioning_\Large\Low_eff . 'Efficiency' = Interp(2014, 52.93533185715097)
      [DRY] Demand\Residential\Projections\Air Conditioning_\Large\Mid_eff . 'Efficiency' = Interp(2014, 72.32565355674502)
      [DRY] Demand\Residential\Projections\Air Conditioning_\Medium\High_eff . 'Efficiency' = Interp(2014, 100.0)
      [DRY] Demand\Residential\Projections\Air Conditioning_\Medium\Low_eff . 'Efficiency' = Interp(2014, 51.08085029886297)
      [DRY] Demand\Residential\Projections\Air Conditioning_\Medium\Mid_eff . 'Efficiency' = Interp(2014, 75.04291562128614)
      [DRY] Demand\Residential\Projections\Air Conditioning_\Small\High_eff . 'Efficiency' = Interp(2014, 100.0)
      [DRY] Demand\Residential\Projections\Air Conditioning_\Small\Low_eff . 'Efficiency' = Interp(2014, 64.46989043578549)
      [DRY] Demand\Residential\Projections\Air Conditioning_\Small\Mid_eff . 'Efficiency' = Interp(2014, 81.93048576214406)
      [DRY] Demand\Residential\Projections\Air Conditioning_\Large\High_eff . 'Exogenous Devices' = Interp(2005, 4375.8, 2006, 4866.4, 2007, 5411.7, 2008, 6016.3, 2009...
      [DRY] Demand\Residential\Projections\Air Conditioning_\Large\Low_eff . 'Exogenous Devices' = Interp(2005, 7768.5, 2006, 8639.5, 2007, 9607.5, 2008, 10681, 2009,...
      [DRY] Demand\Residential\Projections\Air Conditioning_\Large\Mid_eff . 'Exogenous Devices' = Interp(2005, 9320.9, 2006, 10365.9, 2007, 11527.4, 2008, 12815.4, 2...
      [DRY] Demand\Residential\Projections\Air Conditioning_\Medium\High_eff . 'Exogenous Devices' = Interp(2005, 3207.4, 2006, 3567, 2007, 3966.6, 2008, 4409.8, 2009, ...
      [DRY] Demand\Residential\Projections\Air Conditioning_\Medium\Low_eff . 'Exogenous Devices' = Interp(2005, 9459.9, 2006, 10520.5, 2007, 11699.3, 2008, 13006.5, 2...
      [DRY] Demand\Residential\Projections\Air Conditioning_\Medium\Mid_eff . 'Exogenous Devices' = Interp(2005, 5218.2, 2006, 5803.2, 2007, 6453.5, 2008, 7174.5, 2009...
      [DRY] Demand\Residential\Projections\Air Conditioning_\Small\High_eff . 'Exogenous Devices' = Interp(2005, 6802, 2006, 7564.6, 2007, 8412.2, 2008, 9352.1, 2009, ...
      [DRY] Demand\Residential\Projections\Air Conditioning_\Small\Low_eff . 'Exogenous Devices' = Interp(2005, 25039.9, 2006, 27847.3, 2007, 30967.6, 2008, 34427.7, ...
      [DRY] Demand\Residential\Projections\Air Conditioning_\Small\Mid_eff . 'Exogenous Devices' = Interp(2005, 19825, 2006, 22047.8, 2007, 24518.3, 2008, 27257.7, 20...
      [DRY] Demand\Residential\Projections\Air Conditioning_\Large\High_eff . 'Fixed OM Cost' = 0
      [DRY] Demand\Residential\Projections\Air Conditioning_\Large\Low_eff . 'Fixed OM Cost' = 0
      [DRY] Demand\Residential\Projections\Air Conditioning_\Large\Mid_eff . 'Fixed OM Cost' = 0
      [DRY] Demand\Residential\Projections\Air Conditioning_\Medium\High_eff . 'Fixed OM Cost' = 0
      [DRY] Demand\Residential\Projections\Air Conditioning_\Medium\Low_eff . 'Fixed OM Cost' = 0
      [DRY] Demand\Residential\Projections\Air Conditioning_\Medium\Mid_eff . 'Fixed OM Cost' = 0
      [DRY] Demand\Residential\Projections\Air Conditioning_\Small\High_eff . 'Fixed OM Cost' = 0
      [DRY] Demand\Residential\Projections\Air Conditioning_\Small\Low_eff . 'Fixed OM Cost' = 0
      [DRY] Demand\Residential\Projections\Air Conditioning_\Small\Mid_eff . 'Fixed OM Cost' = 0
      [DRY] Demand\Residential\Projections\Air Conditioning_\Large\High_eff . 'Lifetime' = 15
      [DRY] Demand\Residential\Projections\Air Conditioning_\Large\Low_eff . 'Lifetime' = 15
      [DRY] Demand\Residential\Projections\Air Conditioning_\Large\Mid_eff . 'Lifetime' = 15
      [DRY] Demand\Residential\Projections\Air Conditioning_\Medium\High_eff . 'Lifetime' = 15
      [DRY] Demand\Residential\Projections\Air Conditioning_\Medium\Low_eff . 'Lifetime' = 15
      [DRY] Demand\Residential\Projections\Air Conditioning_\Medium\Mid_eff . 'Lifetime' = 15
      [DRY] Demand\Residential\Projections\Air Conditioning_\Small\High_eff . 'Lifetime' = 15
      [DRY] Demand\Residential\Projections\Air Conditioning_\Small\Low_eff . 'Lifetime' = 15
      [DRY] Demand\Residential\Projections\Air Conditioning_\Small\Mid_eff . 'Lifetime' = 15
      [DRY] Demand\Residential\Projections\Air Conditioning_\Large\High_eff . 'Unit Capacity' = Interp(2014, 0.5036)
      [DRY] Demand\Residential\Projections\Air Conditioning_\Large\Low_eff . 'Unit Capacity' = Interp(2014, 0.5036)
      [DRY] Demand\Residential\Projections\Air Conditioning_\Large\Mid_eff . 'Unit Capacity' = Interp(2014, 0.5036)
      [DRY] Demand\Residential\Projections\Air Conditioning_\Medium\High_eff . 'Unit Capacity' = Interp(2014, 0.307)
      [DRY] Demand\Residential\Projections\Air Conditioning_\Medium\Low_eff . 'Unit Capacity' = Interp(2014, 0.307)
      [DRY] Demand\Residential\Projections\Air Conditioning_\Medium\Mid_eff . 'Unit Capacity' = Interp(2014, 0.307)
      [DRY] Demand\Residential\Projections\Air Conditioning_\Small\High_eff . 'Unit Capacity' = Interp(2014, 0.2114)
      [DRY] Demand\Residential\Projections\Air Conditioning_\Small\Low_eff . 'Unit Capacity' = Interp(2014, 0.2114)
      [DRY] Demand\Residential\Projections\Air Conditioning_\Small\Mid_eff . 'Unit Capacity' = Interp(2014, 0.2114)
      [DRY] Demand\Residential\Projections\Air Conditioning_\Large\High_eff . 'Variable OM Cost' = Interp(2014, 146.37895)
      [DRY] Demand\Residential\Projections\Air Conditioning_\Large\Low_eff . 'Variable OM Cost' = Interp(2014, 276.5241)
      [DRY] Demand\Residential\Projections\Air Conditioning_\Large\Mid_eff . 'Variable OM Cost' = Interp(2014, 202.3887)
      [DRY] Demand\Residential\Projections\Air Conditioning_\Medium\High_eff . 'Variable OM Cost' = Interp(2014, 89.22309999999999)
      [DRY] Demand\Residential\Projections\Air Conditioning_\Medium\Low_eff . 'Variable OM Cost' = Interp(2014, 174.67034999999998)
      [DRY] Demand\Residential\Projections\Air Conditioning_\Medium\Mid_eff . 'Variable OM Cost' = Interp(2014, 118.89609999999999)
      [DRY] Demand\Residential\Projections\Air Conditioning_\Small\High_eff . 'Variable OM Cost' = Interp(2014, 61.4341)
      [DRY] Demand\Residential\Projections\Air Conditioning_\Small\Low_eff . 'Variable OM Cost' = Interp(2014, 95.29115)
      [DRY] Demand\Residential\Projections\Air Conditioning_\Small\Mid_eff . 'Variable OM Cost' = Interp(2014, 74.98320000000001)
    --- region 'Malaysia' (79 rows) ---
      [DRY] Key\Residential\Air Conditioning\Efficiency_Share\Large_High . 'Activity Level' = Interp(2014, 17.96194775878749, 2015, 20.275906320179658, 2016, 23....
      [DRY] Key\Residential\Air Conditioning\Efficiency_Share\Large_Low . 'Activity Level' = Interp(2014, 37.69751693002257, 2015, 36.22072505614372, 2016, 34.4...
      [DRY] Key\Residential\Air Conditioning\Efficiency_Share\Large_Mid . 'Activity Level' = Interp(2014, 44.340535311189946, 2015, 43.503368623676614, 2016, 42...
      [DRY] Key\Residential\Air Conditioning\Efficiency_Share\Medium_High . 'Activity Level' = Interp(2014, 15.881458966565349, 2015, 17.724867724867728, 2016, 19...
      [DRY] Key\Residential\Air Conditioning\Efficiency_Share\Medium_Low . 'Activity Level' = Interp(2014, 55.16717325227963, 2015, 53.13681027966742, 2016, 50.6...
      [DRY] Key\Residential\Air Conditioning\Efficiency_Share\Medium_Mid . 'Activity Level' = Interp(2014, 28.951367781155014, 2015, 29.13832199546485, 2016, 29....
      [DRY] Key\Residential\Air Conditioning\Efficiency_Share\Small_High . 'Activity Level' = Interp(2014, 11.788141551441294, 2015, 13.166588013213781, 2016, 14...
      [DRY] Key\Residential\Air Conditioning\Efficiency_Share\Small_Low . 'Activity Level' = Interp(2014, 50.26951019451605, 2015, 48.48985370457764, 2016, 46.3...
      [DRY] Key\Residential\Air Conditioning\Efficiency_Share\Small_Mid . 'Activity Level' = Interp(2014, 37.942348254042656, 2015, 38.3435582822086, 2016, 38.8...
      [DRY] Key\Residential\Air Conditioning\Size_Share\Large . 'Activity Level' = Interp(2014, 31.009999999999998, 2015, 31.166883311668837, 2016, 31...
      [DRY] Key\Residential\Air Conditioning\Size_Share\Medium . 'Activity Level' = Interp(2014, 26.32, 2015, 26.45735426457354, 2016, 26.5773422657734...
      [DRY] Key\Residential\Air Conditioning\Size_Share\Small . 'Activity Level' = Interp(2014, 42.67, 2015, 42.37576242375762, 2016, 42.1157884211578...
      [DRY] Key\Residential\Air Conditioning\Percent Ownership . 'Activity Level' = Interp(2014, 1.11, 2015, 1.15, 2016, 1.19, 2017, 1.25, 2018, 1.29, ...
      [DRY] Key\Residential\Air Conditioning\Useful_EI\Large . 'Activity Level' = Interp(2014, 0.160335339638865)
      [DRY] Key\Residential\Air Conditioning\Useful_EI\Medium . 'Activity Level' = Interp(2014, 0.09773000859845227)
      [DRY] Key\Residential\Air Conditioning\Useful_EI\Small . 'Activity Level' = Interp(2014, 0.0672914875322442)
      [DRY] Demand\Residential\Projections\Air Conditioning_\Large\High_eff . 'Capital Cost' = Interp(2014, 1136.62, 2015, 1136.62, 2016, 1136.62, 2017, 1136.62, ...
      [DRY] Demand\Residential\Projections\Air Conditioning_\Large\Low_eff . 'Capital Cost' = Interp(2014, 1082.5, 2015, 1082.5, 2016, 1082.5, 2017, 1082.5, 2018...
      [DRY] Demand\Residential\Projections\Air Conditioning_\Large\Mid_eff . 'Capital Cost' = Interp(2014, 1109.56, 2015, 1109.56, 2016, 1109.56, 2017, 1109.56, ...
      [DRY] Demand\Residential\Projections\Air Conditioning_\Medium\High_eff . 'Capital Cost' = Interp(2014, 709.3, 2015, 709.3, 2016, 709.3, 2017, 709.3, 2018, 70...
      [DRY] Demand\Residential\Projections\Air Conditioning_\Medium\Low_eff . 'Capital Cost' = Interp(2014, 528.0, 2015, 528.0, 2016, 528.0, 2017, 528.0, 2018, 52...
      [DRY] Demand\Residential\Projections\Air Conditioning_\Medium\Mid_eff . 'Capital Cost' = Interp(2014, 481.4, 2015, 481.4, 2016, 481.4, 2017, 481.4, 2018, 48...
      [DRY] Demand\Residential\Projections\Air Conditioning_\Small\High_eff . 'Capital Cost' = Interp(2014, 557.5, 2015, 557.5, 2016, 557.5, 2017, 557.5, 2018, 55...
      [DRY] Demand\Residential\Projections\Air Conditioning_\Small\Low_eff . 'Capital Cost' = Interp(2014, 309.9, 2015, 309.9, 2016, 309.9, 2017, 309.9, 2018, 30...
      [DRY] Demand\Residential\Projections\Air Conditioning_\Small\Mid_eff . 'Capital Cost' = Interp(2014, 328.9, 2015, 328.9, 2016, 328.9, 2017, 328.9, 2018, 32...
      [DRY] Demand\Residential\Projections\Air Conditioning_\Large\High_eff . 'Efficiency' = Interp(2014, 100.0)
      [DRY] Demand\Residential\Projections\Air Conditioning_\Large\Low_eff . 'Efficiency' = Interp(2014, 52.93533185715097)
      [DRY] Demand\Residential\Projections\Air Conditioning_\Large\Mid_eff . 'Efficiency' = Interp(2014, 72.32565355674502)
      [DRY] Demand\Residential\Projections\Air Conditioning_\Medium\High_eff . 'Efficiency' = Interp(2014, 100.0)
      [DRY] Demand\Residential\Projections\Air Conditioning_\Medium\Low_eff . 'Efficiency' = Interp(2014, 51.08085029886297)
      [DRY] Demand\Residential\Projections\Air Conditioning_\Medium\Mid_eff . 'Efficiency' = Interp(2014, 75.04291562128614)
      [DRY] Demand\Residential\Projections\Air Conditioning_\Small\High_eff . 'Efficiency' = Interp(2014, 100.0)
      [DRY] Demand\Residential\Projections\Air Conditioning_\Small\Low_eff . 'Efficiency' = Interp(2014, 64.46989043578549)
      [DRY] Demand\Residential\Projections\Air Conditioning_\Small\Mid_eff . 'Efficiency' = Interp(2014, 81.93048576214406)
      [DRY] Demand\Residential\Projections\Air Conditioning_\Large\High_eff . 'Exogenous Devices' = Interp(2005, 1130004.7, 2006, 1198096.4, 2007, 1269545, 2008, 13440...
      [DRY] Demand\Residential\Projections\Air Conditioning_\Large\Low_eff . 'Exogenous Devices' = Interp(2005, 126834.8, 2006, 134477.6, 2007, 142497.2, 2008, 150862...
      [DRY] Demand\Residential\Projections\Air Conditioning_\Large\Mid_eff . 'Exogenous Devices' = Interp(2005, 459156.4, 2006, 486824.1, 2007, 515856, 2008, 546139, ...
      [DRY] Demand\Residential\Projections\Air Conditioning_\Medium\High_eff . 'Exogenous Devices' = Interp(2005, 793662.6, 2006, 841487, 2007, 891669.2, 2008, 944014.1...
      [DRY] Demand\Residential\Projections\Air Conditioning_\Medium\Low_eff . 'Exogenous Devices' = Interp(2005, 188009.4, 2006, 199338.5, 2007, 211226, 2008, 223626, ...
      [DRY] Demand\Residential\Projections\Air Conditioning_\Medium\Mid_eff . 'Exogenous Devices' = Interp(2005, 475298.8, 2006, 503939.3, 2007, 533991.8, 2008, 565339...
      [DRY] Demand\Residential\Projections\Air Conditioning_\Small\High_eff . 'Exogenous Devices' = Interp(2005, 821273.5, 2006, 870761.7, 2007, 922689.7, 2008, 976855...
      [DRY] Demand\Residential\Projections\Air Conditioning_\Small\Low_eff . 'Exogenous Devices' = Interp(2005, 263246.1, 2006, 279108.7, 2007, 295753.4, 2008, 313115...
      [DRY] Demand\Residential\Projections\Air Conditioning_\Small\Mid_eff . 'Exogenous Devices' = Interp(2005, 946428.8, 2006, 1003458.5, 2007, 1063299.9, 2008, 1125...
      [DRY] Demand\Residential\Projections\Air Conditioning_\Large\High_eff . 'Fixed OM Cost' = 0
      [DRY] Demand\Residential\Projections\Air Conditioning_\Large\Low_eff . 'Fixed OM Cost' = 0
      [DRY] Demand\Residential\Projections\Air Conditioning_\Large\Mid_eff . 'Fixed OM Cost' = 0
      [DRY] Demand\Residential\Projections\Air Conditioning_\Medium\High_eff . 'Fixed OM Cost' = 0
      [DRY] Demand\Residential\Projections\Air Conditioning_\Medium\Low_eff . 'Fixed OM Cost' = 0
      [DRY] Demand\Residential\Projections\Air Conditioning_\Medium\Mid_eff . 'Fixed OM Cost' = 0
      [DRY] Demand\Residential\Projections\Air Conditioning_\Small\High_eff . 'Fixed OM Cost' = 0
      [DRY] Demand\Residential\Projections\Air Conditioning_\Small\Low_eff . 'Fixed OM Cost' = 0
      [DRY] Demand\Residential\Projections\Air Conditioning_\Small\Mid_eff . 'Fixed OM Cost' = 0
      [DRY] Demand\Residential\Projections\Air Conditioning_\Large\High_eff . 'Lifetime' = 15
      [DRY] Demand\Residential\Projections\Air Conditioning_\Large\Low_eff . 'Lifetime' = 15
      [DRY] Demand\Residential\Projections\Air Conditioning_\Large\Mid_eff . 'Lifetime' = 15
      [DRY] Demand\Residential\Projections\Air Conditioning_\Medium\High_eff . 'Lifetime' = 15
      [DRY] Demand\Residential\Projections\Air Conditioning_\Medium\Low_eff . 'Lifetime' = 15
      [DRY] Demand\Residential\Projections\Air Conditioning_\Medium\Mid_eff . 'Lifetime' = 15
      [DRY] Demand\Residential\Projections\Air Conditioning_\Small\High_eff . 'Lifetime' = 15
      [DRY] Demand\Residential\Projections\Air Conditioning_\Small\Low_eff . 'Lifetime' = 15
      [DRY] Demand\Residential\Projections\Air Conditioning_\Small\Mid_eff . 'Lifetime' = 15
      [DRY] Demand\Residential\Projections\Air Conditioning_\Large\High_eff . 'Unit Capacity' = Interp(2014, 0.4686)
      [DRY] Demand\Residential\Projections\Air Conditioning_\Large\Low_eff . 'Unit Capacity' = Interp(2014, 0.4686)
      [DRY] Demand\Residential\Projections\Air Conditioning_\Large\Mid_eff . 'Unit Capacity' = Interp(2014, 0.4686)
      [DRY] Demand\Residential\Projections\Air Conditioning_\Medium\High_eff . 'Unit Capacity' = Interp(2014, 0.2857)
      [DRY] Demand\Residential\Projections\Air Conditioning_\Medium\Low_eff . 'Unit Capacity' = Interp(2014, 0.2857)
      [DRY] Demand\Residential\Projections\Air Conditioning_\Medium\Mid_eff . 'Unit Capacity' = Interp(2014, 0.2857)
      [DRY] Demand\Residential\Projections\Air Conditioning_\Small\High_eff . 'Unit Capacity' = Interp(2014, 0.1967)
      [DRY] Demand\Residential\Projections\Air Conditioning_\Small\Low_eff . 'Unit Capacity' = Interp(2014, 0.1967)
      [DRY] Demand\Residential\Projections\Air Conditioning_\Small\Mid_eff . 'Unit Capacity' = Interp(2014, 0.1967)
      [DRY] Demand\Residential\Projections\Air Conditioning_\Large\High_eff . 'Variable OM Cost' = Interp(2014, 113.7467)
      [DRY] Demand\Residential\Projections\Air Conditioning_\Large\Low_eff . 'Variable OM Cost' = Interp(2014, 214.87859999999998)
      [DRY] Demand\Residential\Projections\Air Conditioning_\Large\Mid_eff . 'Variable OM Cost' = Interp(2014, 157.2702)
      [DRY] Demand\Residential\Projections\Air Conditioning_\Medium\High_eff . 'Variable OM Cost' = Interp(2014, 69.3326)
      [DRY] Demand\Residential\Projections\Air Conditioning_\Medium\Low_eff . 'Variable OM Cost' = Interp(2014, 135.7311)
      [DRY] Demand\Residential\Projections\Air Conditioning_\Medium\Mid_eff . 'Variable OM Cost' = Interp(2014, 92.39059999999999)
      [DRY] Demand\Residential\Projections\Air Conditioning_\Small\High_eff . 'Variable OM Cost' = Interp(2014, 47.7386)
      [DRY] Demand\Residential\Projections\Air Conditioning_\Small\Low_eff . 'Variable OM Cost' = Interp(2014, 74.0479)
      [DRY] Demand\Residential\Projections\Air Conditioning_\Small\Mid_eff . 'Variable OM Cost' = Interp(2014, 58.2672)
    --- region 'Myanmar' (79 rows) ---
      [DRY] Key\Residential\Air Conditioning\Efficiency_Share\Large_High . 'Activity Level' = Interp(2014, 11.39983235540654, 2015, 12.240663900414937, 2016, 13....
      [DRY] Key\Residential\Air Conditioning\Efficiency_Share\Large_Low . 'Activity Level' = Interp(2014, 41.82732606873429, 2015, 41.32780082987552, 2016, 40.7...
      [DRY] Key\Residential\Air Conditioning\Efficiency_Share\Large_Mid . 'Activity Level' = Interp(2014, 46.77284157585918, 2015, 46.43153526970954, 2016, 46.0...
      [DRY] Key\Residential\Air Conditioning\Efficiency_Share\Medium_High . 'Activity Level' = Interp(2014, 10.571216617210682, 2015, 11.200881380829966, 2016, 12...
      [DRY] Key\Residential\Air Conditioning\Efficiency_Share\Medium_Low . 'Activity Level' = Interp(2014, 61.016320474777444, 2015, 60.3011384502387, 2016, 59.3...
      [DRY] Key\Residential\Air Conditioning\Efficiency_Share\Medium_Mid . 'Activity Level' = Interp(2014, 28.41246290801187, 2015, 28.49798016893132, 2016, 28.6...
      [DRY] Key\Residential\Air Conditioning\Efficiency_Share\Small_High . 'Activity Level' = Interp(2014, 7.806464728603375, 2015, 8.280254777070063, 2016, 8.87...
      [DRY] Key\Residential\Air Conditioning\Efficiency_Share\Small_Low . 'Activity Level' = Interp(2014, 55.45842650945314, 2015, 54.83870967741935, 2016, 54.0...
      [DRY] Key\Residential\Air Conditioning\Efficiency_Share\Small_Mid . 'Activity Level' = Interp(2014, 36.735108761943486, 2015, 36.88103554551058, 2016, 37....
      [DRY] Key\Residential\Air Conditioning\Size_Share\Large . 'Activity Level' = Interp(2014, 23.85761423857614, 2015, 24.1, 2016, 24.31000000000000...
      [DRY] Key\Residential\Air Conditioning\Size_Share\Medium . 'Activity Level' = Interp(2014, 26.95730426957304, 2015, 27.230000000000004, 2016, 27....
      [DRY] Key\Residential\Air Conditioning\Size_Share\Small . 'Activity Level' = Interp(2014, 49.18508149185081, 2015, 48.67, 2016, 48.21, 2017, 47....
      [DRY] Key\Residential\Air Conditioning\Percent Ownership . 'Activity Level' = Interp(2014, 0.06, 2015, 0.06, 2016, 0.07, 2017, 0.08, 2018, 0.08, ...
      [DRY] Key\Residential\Air Conditioning\Useful_EI\Large . 'Activity Level' = Interp(2014, 0.160335339638865)
      [DRY] Key\Residential\Air Conditioning\Useful_EI\Medium . 'Activity Level' = Interp(2014, 0.09773000859845227)
      [DRY] Key\Residential\Air Conditioning\Useful_EI\Small . 'Activity Level' = Interp(2014, 0.0672914875322442)
      [DRY] Demand\Residential\Projections\Air Conditioning_\Large\High_eff . 'Capital Cost' = Interp(2014, 1136.62, 2015, 1136.62, 2016, 1136.62, 2017, 1136.62, ...
      [DRY] Demand\Residential\Projections\Air Conditioning_\Large\Low_eff . 'Capital Cost' = Interp(2014, 1082.5, 2015, 1082.5, 2016, 1082.5, 2017, 1082.5, 2018...
      [DRY] Demand\Residential\Projections\Air Conditioning_\Large\Mid_eff . 'Capital Cost' = Interp(2014, 1109.56, 2015, 1109.56, 2016, 1109.56, 2017, 1109.56, ...
      [DRY] Demand\Residential\Projections\Air Conditioning_\Medium\High_eff . 'Capital Cost' = Interp(2014, 709.3, 2015, 709.3, 2016, 709.3, 2017, 709.3, 2018, 70...
      [DRY] Demand\Residential\Projections\Air Conditioning_\Medium\Low_eff . 'Capital Cost' = Interp(2014, 528.0, 2015, 528.0, 2016, 528.0, 2017, 528.0, 2018, 52...
      [DRY] Demand\Residential\Projections\Air Conditioning_\Medium\Mid_eff . 'Capital Cost' = Interp(2014, 481.4, 2015, 481.4, 2016, 481.4, 2017, 481.4, 2018, 48...
      [DRY] Demand\Residential\Projections\Air Conditioning_\Small\High_eff . 'Capital Cost' = Interp(2014, 557.5, 2015, 557.5, 2016, 557.5, 2017, 557.5, 2018, 55...
      [DRY] Demand\Residential\Projections\Air Conditioning_\Small\Low_eff . 'Capital Cost' = Interp(2014, 309.9, 2015, 309.9, 2016, 309.9, 2017, 309.9, 2018, 30...
      [DRY] Demand\Residential\Projections\Air Conditioning_\Small\Mid_eff . 'Capital Cost' = Interp(2014, 328.9, 2015, 328.9, 2016, 328.9, 2017, 328.9, 2018, 32...
      [DRY] Demand\Residential\Projections\Air Conditioning_\Large\High_eff . 'Efficiency' = Interp(2014, 100.0)
      [DRY] Demand\Residential\Projections\Air Conditioning_\Large\Low_eff . 'Efficiency' = Interp(2014, 52.93533185715097)
      [DRY] Demand\Residential\Projections\Air Conditioning_\Large\Mid_eff . 'Efficiency' = Interp(2014, 72.32565355674502)
      [DRY] Demand\Residential\Projections\Air Conditioning_\Medium\High_eff . 'Efficiency' = Interp(2014, 100.0)
      [DRY] Demand\Residential\Projections\Air Conditioning_\Medium\Low_eff . 'Efficiency' = Interp(2014, 51.08085029886297)
      [DRY] Demand\Residential\Projections\Air Conditioning_\Medium\Mid_eff . 'Efficiency' = Interp(2014, 75.04291562128614)
      [DRY] Demand\Residential\Projections\Air Conditioning_\Small\High_eff . 'Efficiency' = Interp(2014, 100.0)
      [DRY] Demand\Residential\Projections\Air Conditioning_\Small\Low_eff . 'Efficiency' = Interp(2014, 64.46989043578549)
      [DRY] Demand\Residential\Projections\Air Conditioning_\Small\Mid_eff . 'Efficiency' = Interp(2014, 81.93048576214406)
      [DRY] Demand\Residential\Projections\Air Conditioning_\Large\High_eff . 'Exogenous Devices' = Interp(2005, 23250.6, 2006, 25406.8, 2007, 27757.7, 2008, 30278.8, ...
      [DRY] Demand\Residential\Projections\Air Conditioning_\Large\Low_eff . 'Exogenous Devices' = Interp(2005, 29114.5, 2006, 31814.5, 2007, 34758.4, 2008, 37915.3, ...
      [DRY] Demand\Residential\Projections\Air Conditioning_\Large\Mid_eff . 'Exogenous Devices' = Interp(2005, 36962.6, 2006, 40390.5, 2007, 44127.8, 2008, 48135.8, ...
      [DRY] Demand\Residential\Projections\Air Conditioning_\Medium\High_eff . 'Exogenous Devices' = Interp(2005, 22588.3, 2006, 24683.1, 2007, 26967, 2008, 29416.3, 20...
      [DRY] Demand\Residential\Projections\Air Conditioning_\Medium\Low_eff . 'Exogenous Devices' = Interp(2005, 48535.2, 2006, 53036.3, 2007, 57943.8, 2008, 63206.6, ...
      [DRY] Demand\Residential\Projections\Air Conditioning_\Medium\Mid_eff . 'Exogenous Devices' = Interp(2005, 29859.9, 2006, 32629.1, 2007, 35648.3, 2008, 38886.1, ...
      [DRY] Demand\Residential\Projections\Air Conditioning_\Small\High_eff . 'Exogenous Devices' = Interp(2005, 26326.6, 2006, 28768.1, 2007, 31430.1, 2008, 34284.7, ...
      [DRY] Demand\Residential\Projections\Air Conditioning_\Small\Low_eff . 'Exogenous Devices' = Interp(2005, 70148, 2006, 76653.4, 2007, 83746.3, 2008, 91352.6, 20...
      [DRY] Demand\Residential\Projections\Air Conditioning_\Small\Mid_eff . 'Exogenous Devices' = Interp(2005, 62676.8, 2006, 68489.3, 2007, 74826.7, 2008, 81622.9, ...
      [DRY] Demand\Residential\Projections\Air Conditioning_\Large\High_eff . 'Fixed OM Cost' = 0
      [DRY] Demand\Residential\Projections\Air Conditioning_\Large\Low_eff . 'Fixed OM Cost' = 0
      [DRY] Demand\Residential\Projections\Air Conditioning_\Large\Mid_eff . 'Fixed OM Cost' = 0
      [DRY] Demand\Residential\Projections\Air Conditioning_\Medium\High_eff . 'Fixed OM Cost' = 0
      [DRY] Demand\Residential\Projections\Air Conditioning_\Medium\Low_eff . 'Fixed OM Cost' = 0
      [DRY] Demand\Residential\Projections\Air Conditioning_\Medium\Mid_eff . 'Fixed OM Cost' = 0
      [DRY] Demand\Residential\Projections\Air Conditioning_\Small\High_eff . 'Fixed OM Cost' = 0
      [DRY] Demand\Residential\Projections\Air Conditioning_\Small\Low_eff . 'Fixed OM Cost' = 0
      [DRY] Demand\Residential\Projections\Air Conditioning_\Small\Mid_eff . 'Fixed OM Cost' = 0
      [DRY] Demand\Residential\Projections\Air Conditioning_\Large\High_eff . 'Lifetime' = 15
      [DRY] Demand\Residential\Projections\Air Conditioning_\Large\Low_eff . 'Lifetime' = 15
      [DRY] Demand\Residential\Projections\Air Conditioning_\Large\Mid_eff . 'Lifetime' = 15
      [DRY] Demand\Residential\Projections\Air Conditioning_\Medium\High_eff . 'Lifetime' = 15
      [DRY] Demand\Residential\Projections\Air Conditioning_\Medium\Low_eff . 'Lifetime' = 15
      [DRY] Demand\Residential\Projections\Air Conditioning_\Medium\Mid_eff . 'Lifetime' = 15
      [DRY] Demand\Residential\Projections\Air Conditioning_\Small\High_eff . 'Lifetime' = 15
      [DRY] Demand\Residential\Projections\Air Conditioning_\Small\Low_eff . 'Lifetime' = 15
      [DRY] Demand\Residential\Projections\Air Conditioning_\Small\Mid_eff . 'Lifetime' = 15
      [DRY] Demand\Residential\Projections\Air Conditioning_\Large\High_eff . 'Unit Capacity' = Interp(2014, 0.5097)
      [DRY] Demand\Residential\Projections\Air Conditioning_\Large\Low_eff . 'Unit Capacity' = Interp(2014, 0.5097)
      [DRY] Demand\Residential\Projections\Air Conditioning_\Large\Mid_eff . 'Unit Capacity' = Interp(2014, 0.5097)
      [DRY] Demand\Residential\Projections\Air Conditioning_\Medium\High_eff . 'Unit Capacity' = Interp(2014, 0.3107)
      [DRY] Demand\Residential\Projections\Air Conditioning_\Medium\Low_eff . 'Unit Capacity' = Interp(2014, 0.3107)
      [DRY] Demand\Residential\Projections\Air Conditioning_\Medium\Mid_eff . 'Unit Capacity' = Interp(2014, 0.3107)
      [DRY] Demand\Residential\Projections\Air Conditioning_\Small\High_eff . 'Unit Capacity' = Interp(2014, 0.2139)
      [DRY] Demand\Residential\Projections\Air Conditioning_\Small\Low_eff . 'Unit Capacity' = Interp(2014, 0.2139)
      [DRY] Demand\Residential\Projections\Air Conditioning_\Small\Mid_eff . 'Unit Capacity' = Interp(2014, 0.2139)
      [DRY] Demand\Residential\Projections\Air Conditioning_\Large\High_eff . 'Variable OM Cost' = Interp(2014, 162.04243000000002)
      [DRY] Demand\Residential\Projections\Air Conditioning_\Large\Low_eff . 'Variable OM Cost' = Interp(2014, 306.11394)
      [DRY] Demand\Residential\Projections\Air Conditioning_\Large\Mid_eff . 'Variable OM Cost' = Interp(2014, 224.04558)
      [DRY] Demand\Residential\Projections\Air Conditioning_\Medium\High_eff . 'Variable OM Cost' = Interp(2014, 98.77054)
      [DRY] Demand\Residential\Projections\Air Conditioning_\Medium\Low_eff . 'Variable OM Cost' = Interp(2014, 193.36119)
      [DRY] Demand\Residential\Projections\Air Conditioning_\Medium\Mid_eff . 'Variable OM Cost' = Interp(2014, 131.61874)
      [DRY] Demand\Residential\Projections\Air Conditioning_\Small\High_eff . 'Variable OM Cost' = Interp(2014, 68.00794)
      [DRY] Demand\Residential\Projections\Air Conditioning_\Small\Low_eff . 'Variable OM Cost' = Interp(2014, 105.48791000000001)
      [DRY] Demand\Residential\Projections\Air Conditioning_\Small\Mid_eff . 'Variable OM Cost' = Interp(2014, 83.00688000000001)
    --- region 'Philippines' (79 rows) ---
      [DRY] Key\Residential\Air Conditioning\Efficiency_Share\Large_High . 'Activity Level' = Interp(2014, 15.567282321899736, 2015, 17.339312406576983, 2016, 19...
      [DRY] Key\Residential\Air Conditioning\Efficiency_Share\Large_Low . 'Activity Level' = Interp(2014, 39.20090463626084, 2015, 38.07922272047833, 2016, 36.6...
      [DRY] Key\Residential\Air Conditioning\Efficiency_Share\Large_Mid . 'Activity Level' = Interp(2014, 45.23181304183942, 2015, 44.5814648729447, 2016, 43.75...
      [DRY] Key\Residential\Air Conditioning\Efficiency_Share\Medium_High . 'Activity Level' = Interp(2014, 13.941148094548964, 2015, 15.406698564593302, 2016, 17...
      [DRY] Key\Residential\Air Conditioning\Efficiency_Share\Medium_Low . 'Activity Level' = Interp(2014, 57.26000964785335, 2015, 55.69377990430622, 2016, 53.7...
      [DRY] Key\Residential\Air Conditioning\Efficiency_Share\Medium_Mid . 'Activity Level' = Interp(2014, 28.798842257597684, 2015, 28.899521531100476, 2016, 29...
      [DRY] Key\Residential\Air Conditioning\Efficiency_Share\Small_High . 'Activity Level' = Interp(2014, 10.333712552142586, 2015, 11.384909264565426, 2016, 12...
      [DRY] Key\Residential\Air Conditioning\Efficiency_Share\Small_Low . 'Activity Level' = Interp(2014, 52.16154721274175, 2015, 50.792741165234, 2016, 49.084...
      [DRY] Key\Residential\Air Conditioning\Efficiency_Share\Small_Mid . 'Activity Level' = Interp(2014, 37.50474023511566, 2015, 37.82234957020057, 2016, 38.2...
      [DRY] Key\Residential\Air Conditioning\Size_Share\Large . 'Activity Level' = Interp(2014, 26.530000000000005, 2015, 26.75732426757324, 2016, 26....
      [DRY] Key\Residential\Air Conditioning\Size_Share\Medium . 'Activity Level' = Interp(2014, 20.73, 2015, 20.897910208979102, 2016, 21.084216843368...
      [DRY] Key\Residential\Air Conditioning\Size_Share\Small . 'Activity Level' = Interp(2014, 52.739999999999995, 2015, 52.344765523447656, 2016, 51...
      [DRY] Key\Residential\Air Conditioning\Percent Ownership . 'Activity Level' = Interp(2014, 0.18, 2015, 0.19, 2016, 0.21, 2017, 0.23, 2018, 0.25, ...
      [DRY] Key\Residential\Air Conditioning\Useful_EI\Large . 'Activity Level' = Interp(2014, 0.160335339638865)
      [DRY] Key\Residential\Air Conditioning\Useful_EI\Medium . 'Activity Level' = Interp(2014, 0.09773000859845227)
      [DRY] Key\Residential\Air Conditioning\Useful_EI\Small . 'Activity Level' = Interp(2014, 0.0672914875322442)
      [DRY] Demand\Residential\Projections\Air Conditioning_\Large\High_eff . 'Capital Cost' = Interp(2014, 1136.62, 2015, 1136.62, 2016, 1136.62, 2017, 1136.62, ...
      [DRY] Demand\Residential\Projections\Air Conditioning_\Large\Low_eff . 'Capital Cost' = Interp(2014, 1082.5, 2015, 1082.5, 2016, 1082.5, 2017, 1082.5, 2018...
      [DRY] Demand\Residential\Projections\Air Conditioning_\Large\Mid_eff . 'Capital Cost' = Interp(2014, 1109.56, 2015, 1109.56, 2016, 1109.56, 2017, 1109.56, ...
      [DRY] Demand\Residential\Projections\Air Conditioning_\Medium\High_eff . 'Capital Cost' = Interp(2014, 709.3, 2015, 709.3, 2016, 709.3, 2017, 709.3, 2018, 70...
      [DRY] Demand\Residential\Projections\Air Conditioning_\Medium\Low_eff . 'Capital Cost' = Interp(2014, 528.0, 2015, 528.0, 2016, 528.0, 2017, 528.0, 2018, 52...
      [DRY] Demand\Residential\Projections\Air Conditioning_\Medium\Mid_eff . 'Capital Cost' = Interp(2014, 481.4, 2015, 481.4, 2016, 481.4, 2017, 481.4, 2018, 48...
      [DRY] Demand\Residential\Projections\Air Conditioning_\Small\High_eff . 'Capital Cost' = Interp(2014, 557.5, 2015, 557.5, 2016, 557.5, 2017, 557.5, 2018, 55...
      [DRY] Demand\Residential\Projections\Air Conditioning_\Small\Low_eff . 'Capital Cost' = Interp(2014, 309.9, 2015, 309.9, 2016, 309.9, 2017, 309.9, 2018, 30...
      [DRY] Demand\Residential\Projections\Air Conditioning_\Small\Mid_eff . 'Capital Cost' = Interp(2014, 328.9, 2015, 328.9, 2016, 328.9, 2017, 328.9, 2018, 32...
      [DRY] Demand\Residential\Projections\Air Conditioning_\Large\High_eff . 'Efficiency' = Interp(2014, 100.0)
      [DRY] Demand\Residential\Projections\Air Conditioning_\Large\Low_eff . 'Efficiency' = Interp(2014, 52.93533185715097)
      [DRY] Demand\Residential\Projections\Air Conditioning_\Large\Mid_eff . 'Efficiency' = Interp(2014, 72.32565355674502)
      [DRY] Demand\Residential\Projections\Air Conditioning_\Medium\High_eff . 'Efficiency' = Interp(2014, 100.0)
      [DRY] Demand\Residential\Projections\Air Conditioning_\Medium\Low_eff . 'Efficiency' = Interp(2014, 51.08085029886297)
      [DRY] Demand\Residential\Projections\Air Conditioning_\Medium\Mid_eff . 'Efficiency' = Interp(2014, 75.04291562128614)
      [DRY] Demand\Residential\Projections\Air Conditioning_\Small\High_eff . 'Efficiency' = Interp(2014, 100.0)
      [DRY] Demand\Residential\Projections\Air Conditioning_\Small\Low_eff . 'Efficiency' = Interp(2014, 64.46989043578549)
      [DRY] Demand\Residential\Projections\Air Conditioning_\Small\Mid_eff . 'Efficiency' = Interp(2014, 81.93048576214406)
      [DRY] Demand\Residential\Projections\Air Conditioning_\Large\High_eff . 'Exogenous Devices' = Interp(2005, 276061.2, 2006, 305074.5, 2007, 337090.8, 2008, 372467...
      [DRY] Demand\Residential\Projections\Air Conditioning_\Large\Low_eff . 'Exogenous Devices' = Interp(2005, 90351.8, 2006, 99847.5, 2007, 110326.1, 2008, 121904.5...
      [DRY] Demand\Residential\Projections\Air Conditioning_\Large\Mid_eff . 'Exogenous Devices' = Interp(2005, 173863.5, 2006, 192136, 2007, 212299.9, 2008, 234580.2...
      [DRY] Demand\Residential\Projections\Air Conditioning_\Medium\High_eff . 'Exogenous Devices' = Interp(2005, 179711, 2006, 198598.1, 2007, 219440.2, 2008, 242469.7...
      [DRY] Demand\Residential\Projections\Air Conditioning_\Medium\Low_eff . 'Exogenous Devices' = Interp(2005, 109405.5, 2006, 120903.7, 2007, 133592.1, 2008, 147612...
      [DRY] Demand\Residential\Projections\Air Conditioning_\Medium\Mid_eff . 'Exogenous Devices' = Interp(2005, 132901.9, 2006, 146869.6, 2007, 162282.9, 2008, 179314...
      [DRY] Demand\Residential\Projections\Air Conditioning_\Small\High_eff . 'Exogenous Devices' = Interp(2005, 285709, 2006, 315736.2, 2007, 348871.5, 2008, 385484.5...
      [DRY] Demand\Residential\Projections\Air Conditioning_\Small\Low_eff . 'Exogenous Devices' = Interp(2005, 222344.3, 2006, 245712.1, 2007, 271498.6, 2008, 299991...
      [DRY] Demand\Residential\Projections\Air Conditioning_\Small\Mid_eff . 'Exogenous Devices' = Interp(2005, 397808, 2006, 439616.5, 2007, 485752.5, 2008, 536730.8...
      [DRY] Demand\Residential\Projections\Air Conditioning_\Large\High_eff . 'Fixed OM Cost' = 0
      [DRY] Demand\Residential\Projections\Air Conditioning_\Large\Low_eff . 'Fixed OM Cost' = 0
      [DRY] Demand\Residential\Projections\Air Conditioning_\Large\Mid_eff . 'Fixed OM Cost' = 0
      [DRY] Demand\Residential\Projections\Air Conditioning_\Medium\High_eff . 'Fixed OM Cost' = 0
      [DRY] Demand\Residential\Projections\Air Conditioning_\Medium\Low_eff . 'Fixed OM Cost' = 0
      [DRY] Demand\Residential\Projections\Air Conditioning_\Medium\Mid_eff . 'Fixed OM Cost' = 0
      [DRY] Demand\Residential\Projections\Air Conditioning_\Small\High_eff . 'Fixed OM Cost' = 0
      [DRY] Demand\Residential\Projections\Air Conditioning_\Small\Low_eff . 'Fixed OM Cost' = 0
      [DRY] Demand\Residential\Projections\Air Conditioning_\Small\Mid_eff . 'Fixed OM Cost' = 0
      [DRY] Demand\Residential\Projections\Air Conditioning_\Large\High_eff . 'Lifetime' = 15
      [DRY] Demand\Residential\Projections\Air Conditioning_\Large\Low_eff . 'Lifetime' = 15
      [DRY] Demand\Residential\Projections\Air Conditioning_\Large\Mid_eff . 'Lifetime' = 15
      [DRY] Demand\Residential\Projections\Air Conditioning_\Medium\High_eff . 'Lifetime' = 15
      [DRY] Demand\Residential\Projections\Air Conditioning_\Medium\Low_eff . 'Lifetime' = 15
      [DRY] Demand\Residential\Projections\Air Conditioning_\Medium\Mid_eff . 'Lifetime' = 15
      [DRY] Demand\Residential\Projections\Air Conditioning_\Small\High_eff . 'Lifetime' = 15
      [DRY] Demand\Residential\Projections\Air Conditioning_\Small\Low_eff . 'Lifetime' = 15
      [DRY] Demand\Residential\Projections\Air Conditioning_\Small\Mid_eff . 'Lifetime' = 15
      [DRY] Demand\Residential\Projections\Air Conditioning_\Large\High_eff . 'Unit Capacity' = Interp(2014, 0.4152)
      [DRY] Demand\Residential\Projections\Air Conditioning_\Large\Low_eff . 'Unit Capacity' = Interp(2014, 0.4152)
      [DRY] Demand\Residential\Projections\Air Conditioning_\Large\Mid_eff . 'Unit Capacity' = Interp(2014, 0.4152)
      [DRY] Demand\Residential\Projections\Air Conditioning_\Medium\High_eff . 'Unit Capacity' = Interp(2014, 0.2531)
      [DRY] Demand\Residential\Projections\Air Conditioning_\Medium\Low_eff . 'Unit Capacity' = Interp(2014, 0.2531)
      [DRY] Demand\Residential\Projections\Air Conditioning_\Medium\Mid_eff . 'Unit Capacity' = Interp(2014, 0.2531)
      [DRY] Demand\Residential\Projections\Air Conditioning_\Small\High_eff . 'Unit Capacity' = Interp(2014, 0.1743)
      [DRY] Demand\Residential\Projections\Air Conditioning_\Small\Low_eff . 'Unit Capacity' = Interp(2014, 0.1743)
      [DRY] Demand\Residential\Projections\Air Conditioning_\Small\Mid_eff . 'Unit Capacity' = Interp(2014, 0.1743)
      [DRY] Demand\Residential\Projections\Air Conditioning_\Large\High_eff . 'Variable OM Cost' = Interp(2014, 320.72839999999997)
      [DRY] Demand\Residential\Projections\Air Conditioning_\Large\Low_eff . 'Variable OM Cost' = Interp(2014, 605.8871999999999)
      [DRY] Demand\Residential\Projections\Air Conditioning_\Large\Mid_eff . 'Variable OM Cost' = Interp(2014, 443.45039999999995)
      [DRY] Demand\Residential\Projections\Air Conditioning_\Medium\High_eff . 'Variable OM Cost' = Interp(2014, 195.49519999999998)
      [DRY] Demand\Residential\Projections\Air Conditioning_\Medium\Low_eff . 'Variable OM Cost' = Interp(2014, 382.71719999999993)
      [DRY] Demand\Residential\Projections\Air Conditioning_\Medium\Mid_eff . 'Variable OM Cost' = Interp(2014, 260.5112)
      [DRY] Demand\Residential\Projections\Air Conditioning_\Small\High_eff . 'Variable OM Cost' = Interp(2014, 134.6072)
      [DRY] Demand\Residential\Projections\Air Conditioning_\Small\Low_eff . 'Variable OM Cost' = Interp(2014, 208.7908)
      [DRY] Demand\Residential\Projections\Air Conditioning_\Small\Mid_eff . 'Variable OM Cost' = Interp(2014, 164.2944)
    --- region 'Singapore' (79 rows) ---
      [DRY] Key\Residential\Air Conditioning\Efficiency_Share\Large_High . 'Activity Level' = Interp(2014, 17.961009907318633, 2015, 20.253968253968253, 2016, 23...
      [DRY] Key\Residential\Air Conditioning\Efficiency_Share\Large_Low . 'Activity Level' = Interp(2014, 37.67976989453499, 2015, 36.25396825396825, 2016, 34.4...
      [DRY] Key\Residential\Air Conditioning\Efficiency_Share\Large_Mid . 'Activity Level' = Interp(2014, 44.359220198146375, 2015, 43.49206349206349, 2016, 42....
      [DRY] Key\Residential\Air Conditioning\Efficiency_Share\Medium_High . 'Activity Level' = Interp(2014, 15.875462392108512, 2015, 17.70290964777948, 2016, 19....
      [DRY] Key\Residential\Air Conditioning\Efficiency_Share\Medium_Low . 'Activity Level' = Interp(2014, 55.17879161528977, 2015, 53.16998468606432, 2016, 50.6...
      [DRY] Key\Residential\Air Conditioning\Efficiency_Share\Medium_Mid . 'Activity Level' = Interp(2014, 28.94574599260173, 2015, 29.1271056661562, 2016, 29.34...
      [DRY] Key\Residential\Air Conditioning\Efficiency_Share\Small_High . 'Activity Level' = Interp(2014, 11.779310344827586, 2015, 13.138075313807532, 2016, 14...
      [DRY] Key\Residential\Air Conditioning\Efficiency_Share\Small_Low . 'Activity Level' = Interp(2014, 50.289655172413795, 2015, 48.507670850767084, 2016, 46...
      [DRY] Key\Residential\Air Conditioning\Efficiency_Share\Small_Mid . 'Activity Level' = Interp(2014, 37.93103448275862, 2015, 38.35425383542538, 2016, 38.8...
      [DRY] Key\Residential\Air Conditioning\Size_Share\Large . 'Activity Level' = Interp(2014, 31.296259251850366, 2015, 31.5, 2016, 31.7168283171682...
      [DRY] Key\Residential\Air Conditioning\Size_Share\Medium . 'Activity Level' = Interp(2014, 32.44648929785957, 2015, 32.65, 2016, 32.8767123287671...
      [DRY] Key\Residential\Air Conditioning\Size_Share\Small . 'Activity Level' = Interp(2014, 36.257251450290056, 2015, 35.85, 2016, 35.406459354064...
      [DRY] Key\Residential\Air Conditioning\Percent Ownership . 'Activity Level' = Interp(2014, 2.56, 2015, 2.6, 2016, 2.64, 2017, 2.69, 2018, 2.73, 2...
      [DRY] Key\Residential\Air Conditioning\Useful_EI\Large . 'Activity Level' = Interp(2014, 0.160335339638865)
      [DRY] Key\Residential\Air Conditioning\Useful_EI\Medium . 'Activity Level' = Interp(2014, 0.09773000859845227)
      [DRY] Key\Residential\Air Conditioning\Useful_EI\Small . 'Activity Level' = Interp(2014, 0.0672914875322442)
      [DRY] Demand\Residential\Projections\Air Conditioning_\Large\High_eff . 'Capital Cost' = Interp(2014, 1136.62, 2015, 1136.62, 2016, 1136.62, 2017, 1136.62, ...
      [DRY] Demand\Residential\Projections\Air Conditioning_\Large\Low_eff . 'Capital Cost' = Interp(2014, 1082.5, 2015, 1082.5, 2016, 1082.5, 2017, 1082.5, 2018...
      [DRY] Demand\Residential\Projections\Air Conditioning_\Large\Mid_eff . 'Capital Cost' = Interp(2014, 1109.56, 2015, 1109.56, 2016, 1109.56, 2017, 1109.56, ...
      [DRY] Demand\Residential\Projections\Air Conditioning_\Medium\High_eff . 'Capital Cost' = Interp(2014, 709.3, 2015, 709.3, 2016, 709.3, 2017, 709.3, 2018, 70...
      [DRY] Demand\Residential\Projections\Air Conditioning_\Medium\Low_eff . 'Capital Cost' = Interp(2014, 528.0, 2015, 528.0, 2016, 528.0, 2017, 528.0, 2018, 52...
      [DRY] Demand\Residential\Projections\Air Conditioning_\Medium\Mid_eff . 'Capital Cost' = Interp(2014, 481.4, 2015, 481.4, 2016, 481.4, 2017, 481.4, 2018, 48...
      [DRY] Demand\Residential\Projections\Air Conditioning_\Small\High_eff . 'Capital Cost' = Interp(2014, 557.5, 2015, 557.5, 2016, 557.5, 2017, 557.5, 2018, 55...
      [DRY] Demand\Residential\Projections\Air Conditioning_\Small\Low_eff . 'Capital Cost' = Interp(2014, 309.9, 2015, 309.9, 2016, 309.9, 2017, 309.9, 2018, 30...
      [DRY] Demand\Residential\Projections\Air Conditioning_\Small\Mid_eff . 'Capital Cost' = Interp(2014, 328.9, 2015, 328.9, 2016, 328.9, 2017, 328.9, 2018, 32...
      [DRY] Demand\Residential\Projections\Air Conditioning_\Large\High_eff . 'Efficiency' = Interp(2014, 100.0)
      [DRY] Demand\Residential\Projections\Air Conditioning_\Large\Low_eff . 'Efficiency' = Interp(2014, 52.93533185715097)
      [DRY] Demand\Residential\Projections\Air Conditioning_\Large\Mid_eff . 'Efficiency' = Interp(2014, 72.32565355674502)
      [DRY] Demand\Residential\Projections\Air Conditioning_\Medium\High_eff . 'Efficiency' = Interp(2014, 100.0)
      [DRY] Demand\Residential\Projections\Air Conditioning_\Medium\Low_eff . 'Efficiency' = Interp(2014, 51.08085029886297)
      [DRY] Demand\Residential\Projections\Air Conditioning_\Medium\Mid_eff . 'Efficiency' = Interp(2014, 75.04291562128614)
      [DRY] Demand\Residential\Projections\Air Conditioning_\Small\High_eff . 'Efficiency' = Interp(2014, 100.0)
      [DRY] Demand\Residential\Projections\Air Conditioning_\Small\Low_eff . 'Efficiency' = Interp(2014, 64.46989043578549)
      [DRY] Demand\Residential\Projections\Air Conditioning_\Small\Mid_eff . 'Efficiency' = Interp(2014, 81.93048576214406)
      [DRY] Demand\Residential\Projections\Air Conditioning_\Large\High_eff . 'Exogenous Devices' = Interp(2005, 534487.9, 2006, 559839.1, 2007, 592501.3, 2008, 634358...
      [DRY] Demand\Residential\Projections\Air Conditioning_\Large\Low_eff . 'Exogenous Devices' = Interp(2005, 56646.7, 2006, 59333.5, 2007, 62795.2, 2008, 67231.3, ...
      [DRY] Demand\Residential\Projections\Air Conditioning_\Large\Mid_eff . 'Exogenous Devices' = Interp(2005, 213858.8, 2006, 224002.2, 2007, 237071, 2008, 253818.7...
      [DRY] Demand\Residential\Projections\Air Conditioning_\Medium\High_eff . 'Exogenous Devices' = Interp(2005, 458442.9, 2006, 480187.1, 2007, 508202.3, 2008, 544103...
      [DRY] Demand\Residential\Projections\Air Conditioning_\Medium\Low_eff . 'Exogenous Devices' = Interp(2005, 103644.3, 2006, 108560.2, 2007, 114893.9, 2008, 123010...
      [DRY] Demand\Residential\Projections\Air Conditioning_\Medium\Mid_eff . 'Exogenous Devices' = Interp(2005, 272701.4, 2006, 285635.8, 2007, 302300.5, 2008, 323656...
      [DRY] Demand\Residential\Projections\Air Conditioning_\Small\High_eff . 'Exogenous Devices' = Interp(2005, 301578.2, 2006, 315882.2, 2007, 334311.5, 2008, 357928...
      [DRY] Demand\Residential\Projections\Air Conditioning_\Small\Low_eff . 'Exogenous Devices' = Interp(2005, 93824.5, 2006, 98274.6, 2007, 104008.2, 2008, 111355.7...
      [DRY] Demand\Residential\Projections\Air Conditioning_\Small\Mid_eff . 'Exogenous Devices' = Interp(2005, 346008.9, 2006, 362420.4, 2007, 383564.8, 2008, 410661...
      [DRY] Demand\Residential\Projections\Air Conditioning_\Large\High_eff . 'Fixed OM Cost' = 0
      [DRY] Demand\Residential\Projections\Air Conditioning_\Large\Low_eff . 'Fixed OM Cost' = 0
      [DRY] Demand\Residential\Projections\Air Conditioning_\Large\Mid_eff . 'Fixed OM Cost' = 0
      [DRY] Demand\Residential\Projections\Air Conditioning_\Medium\High_eff . 'Fixed OM Cost' = 0
      [DRY] Demand\Residential\Projections\Air Conditioning_\Medium\Low_eff . 'Fixed OM Cost' = 0
      [DRY] Demand\Residential\Projections\Air Conditioning_\Medium\Mid_eff . 'Fixed OM Cost' = 0
      [DRY] Demand\Residential\Projections\Air Conditioning_\Small\High_eff . 'Fixed OM Cost' = 0
      [DRY] Demand\Residential\Projections\Air Conditioning_\Small\Low_eff . 'Fixed OM Cost' = 0
      [DRY] Demand\Residential\Projections\Air Conditioning_\Small\Mid_eff . 'Fixed OM Cost' = 0
      [DRY] Demand\Residential\Projections\Air Conditioning_\Large\High_eff . 'Lifetime' = 15
      [DRY] Demand\Residential\Projections\Air Conditioning_\Large\Low_eff . 'Lifetime' = 15
      [DRY] Demand\Residential\Projections\Air Conditioning_\Large\Mid_eff . 'Lifetime' = 15
      [DRY] Demand\Residential\Projections\Air Conditioning_\Medium\High_eff . 'Lifetime' = 15
      [DRY] Demand\Residential\Projections\Air Conditioning_\Medium\Low_eff . 'Lifetime' = 15
      [DRY] Demand\Residential\Projections\Air Conditioning_\Medium\Mid_eff . 'Lifetime' = 15
      [DRY] Demand\Residential\Projections\Air Conditioning_\Small\High_eff . 'Lifetime' = 15
      [DRY] Demand\Residential\Projections\Air Conditioning_\Small\Low_eff . 'Lifetime' = 15
      [DRY] Demand\Residential\Projections\Air Conditioning_\Small\Mid_eff . 'Lifetime' = 15
      [DRY] Demand\Residential\Projections\Air Conditioning_\Large\High_eff . 'Unit Capacity' = Interp(2014, 0.4315)
      [DRY] Demand\Residential\Projections\Air Conditioning_\Large\Low_eff . 'Unit Capacity' = Interp(2014, 0.4315)
      [DRY] Demand\Residential\Projections\Air Conditioning_\Large\Mid_eff . 'Unit Capacity' = Interp(2014, 0.4315)
      [DRY] Demand\Residential\Projections\Air Conditioning_\Medium\High_eff . 'Unit Capacity' = Interp(2014, 0.263)
      [DRY] Demand\Residential\Projections\Air Conditioning_\Medium\Low_eff . 'Unit Capacity' = Interp(2014, 0.263)
      [DRY] Demand\Residential\Projections\Air Conditioning_\Medium\Mid_eff . 'Unit Capacity' = Interp(2014, 0.263)
      [DRY] Demand\Residential\Projections\Air Conditioning_\Small\High_eff . 'Unit Capacity' = Interp(2014, 0.1811)
      [DRY] Demand\Residential\Projections\Air Conditioning_\Small\Low_eff . 'Unit Capacity' = Interp(2014, 0.1811)
      [DRY] Demand\Residential\Projections\Air Conditioning_\Small\Mid_eff . 'Unit Capacity' = Interp(2014, 0.1811)
      [DRY] Demand\Residential\Projections\Air Conditioning_\Large\High_eff . 'Variable OM Cost' = Interp(2014, 318.86370000000005)
      [DRY] Demand\Residential\Projections\Air Conditioning_\Large\Low_eff . 'Variable OM Cost' = Interp(2014, 602.3646)
      [DRY] Demand\Residential\Projections\Air Conditioning_\Large\Mid_eff . 'Variable OM Cost' = Interp(2014, 440.8722)
      [DRY] Demand\Residential\Projections\Air Conditioning_\Medium\High_eff . 'Variable OM Cost' = Interp(2014, 194.3586)
      [DRY] Demand\Residential\Projections\Air Conditioning_\Medium\Low_eff . 'Variable OM Cost' = Interp(2014, 380.4921)
      [DRY] Demand\Residential\Projections\Air Conditioning_\Medium\Mid_eff . 'Variable OM Cost' = Interp(2014, 258.9966)
      [DRY] Demand\Residential\Projections\Air Conditioning_\Small\High_eff . 'Variable OM Cost' = Interp(2014, 133.8246)
      [DRY] Demand\Residential\Projections\Air Conditioning_\Small\Low_eff . 'Variable OM Cost' = Interp(2014, 207.57690000000002)
      [DRY] Demand\Residential\Projections\Air Conditioning_\Small\Mid_eff . 'Variable OM Cost' = Interp(2014, 163.33920000000003)
    --- region 'Thailand' (79 rows) ---
      [DRY] Key\Residential\Air Conditioning\Efficiency_Share\Large_High . 'Activity Level' = Interp(2014, 15.899493243243242, 2015, 17.705263157894738, 2016, 19...
      [DRY] Key\Residential\Air Conditioning\Efficiency_Share\Large_Low . 'Activity Level' = Interp(2014, 38.9991554054054, 2015, 37.852631578947374, 2016, 36.4...
      [DRY] Key\Residential\Air Conditioning\Efficiency_Share\Large_Mid . 'Activity Level' = Interp(2014, 45.10135135135135, 2015, 44.44210526315789, 2016, 43.6...
      [DRY] Key\Residential\Air Conditioning\Efficiency_Share\Medium_High . 'Activity Level' = Interp(2014, 14.23512747875354, 2015, 15.672432050829514, 2016, 17....
      [DRY] Key\Residential\Air Conditioning\Efficiency_Share\Medium_Low . 'Activity Level' = Interp(2014, 56.975920679886684, 2015, 55.38298623367454, 2016, 53....
      [DRY] Key\Residential\Air Conditioning\Efficiency_Share\Medium_Mid . 'Activity Level' = Interp(2014, 28.788951841359772, 2015, 28.944581715495936, 2016, 29...
      [DRY] Key\Residential\Air Conditioning\Efficiency_Share\Small_High . 'Activity Level' = Interp(2014, 10.537105371053709, 2015, 11.621174524400331, 2016, 12...
      [DRY] Key\Residential\Air Conditioning\Efficiency_Share\Small_Low . 'Activity Level' = Interp(2014, 51.90651906519065, 2015, 50.49627791563276, 2016, 48.8...
      [DRY] Key\Residential\Air Conditioning\Efficiency_Share\Small_Mid . 'Activity Level' = Interp(2014, 37.55637556375564, 2015, 37.882547559966916, 2016, 38....
      [DRY] Key\Residential\Air Conditioning\Size_Share\Large . 'Activity Level' = Interp(2014, 47.36473647364737, 2015, 47.495250474952506, 2016, 47....
      [DRY] Key\Residential\Air Conditioning\Size_Share\Medium . 'Activity Level' = Interp(2014, 28.24282428242825, 2015, 28.32716728327167, 2016, 28.4...
      [DRY] Key\Residential\Air Conditioning\Size_Share\Small . 'Activity Level' = Interp(2014, 24.392439243924393, 2015, 24.177582241775823, 2016, 23...
      [DRY] Key\Residential\Air Conditioning\Percent Ownership . 'Activity Level' = Interp(2014, 0.66, 2015, 0.68, 2016, 0.71, 2017, 0.75, 2018, 0.79, ...
      [DRY] Key\Residential\Air Conditioning\Useful_EI\Large . 'Activity Level' = Interp(2014, 0.160335339638865)
      [DRY] Key\Residential\Air Conditioning\Useful_EI\Medium . 'Activity Level' = Interp(2014, 0.09773000859845227)
      [DRY] Key\Residential\Air Conditioning\Useful_EI\Small . 'Activity Level' = Interp(2014, 0.0672914875322442)
      [DRY] Demand\Residential\Projections\Air Conditioning_\Large\High_eff . 'Capital Cost' = Interp(2014, 1136.62, 2015, 1136.62, 2016, 1136.62, 2017, 1136.62, ...
      [DRY] Demand\Residential\Projections\Air Conditioning_\Large\Low_eff . 'Capital Cost' = Interp(2014, 1082.5, 2015, 1082.5, 2016, 1082.5, 2017, 1082.5, 2018...
      [DRY] Demand\Residential\Projections\Air Conditioning_\Large\Mid_eff . 'Capital Cost' = Interp(2014, 1109.56, 2015, 1109.56, 2016, 1109.56, 2017, 1109.56, ...
      [DRY] Demand\Residential\Projections\Air Conditioning_\Medium\High_eff . 'Capital Cost' = Interp(2014, 709.3, 2015, 709.3, 2016, 709.3, 2017, 709.3, 2018, 70...
      [DRY] Demand\Residential\Projections\Air Conditioning_\Medium\Low_eff . 'Capital Cost' = Interp(2014, 528.0, 2015, 528.0, 2016, 528.0, 2017, 528.0, 2018, 52...
      [DRY] Demand\Residential\Projections\Air Conditioning_\Medium\Mid_eff . 'Capital Cost' = Interp(2014, 481.4, 2015, 481.4, 2016, 481.4, 2017, 481.4, 2018, 48...
      [DRY] Demand\Residential\Projections\Air Conditioning_\Small\High_eff . 'Capital Cost' = Interp(2014, 557.5, 2015, 557.5, 2016, 557.5, 2017, 557.5, 2018, 55...
      [DRY] Demand\Residential\Projections\Air Conditioning_\Small\Low_eff . 'Capital Cost' = Interp(2014, 309.9, 2015, 309.9, 2016, 309.9, 2017, 309.9, 2018, 30...
      [DRY] Demand\Residential\Projections\Air Conditioning_\Small\Mid_eff . 'Capital Cost' = Interp(2014, 328.9, 2015, 328.9, 2016, 328.9, 2017, 328.9, 2018, 32...
      [DRY] Demand\Residential\Projections\Air Conditioning_\Large\High_eff . 'Efficiency' = Interp(2014, 100.0)
      [DRY] Demand\Residential\Projections\Air Conditioning_\Large\Low_eff . 'Efficiency' = Interp(2014, 52.93533185715097)
      [DRY] Demand\Residential\Projections\Air Conditioning_\Large\Mid_eff . 'Efficiency' = Interp(2014, 72.32565355674502)
      [DRY] Demand\Residential\Projections\Air Conditioning_\Medium\High_eff . 'Efficiency' = Interp(2014, 100.0)
      [DRY] Demand\Residential\Projections\Air Conditioning_\Medium\Low_eff . 'Efficiency' = Interp(2014, 51.08085029886297)
      [DRY] Demand\Residential\Projections\Air Conditioning_\Medium\Mid_eff . 'Efficiency' = Interp(2014, 75.04291562128614)
      [DRY] Demand\Residential\Projections\Air Conditioning_\Small\High_eff . 'Efficiency' = Interp(2014, 100.0)
      [DRY] Demand\Residential\Projections\Air Conditioning_\Small\Low_eff . 'Efficiency' = Interp(2014, 64.46989043578549)
      [DRY] Demand\Residential\Projections\Air Conditioning_\Small\Mid_eff . 'Efficiency' = Interp(2014, 81.93048576214406)
      [DRY] Demand\Residential\Projections\Air Conditioning_\Large\High_eff . 'Exogenous Devices' = Interp(2005, 1909920.1, 2006, 2004832.1, 2007, 2104627, 2008, 22090...
      [DRY] Demand\Residential\Projections\Air Conditioning_\Large\Low_eff . 'Exogenous Devices' = Interp(2005, 580876.6, 2006, 609742.8, 2007, 640094, 2008, 671860.2...
      [DRY] Demand\Residential\Projections\Air Conditioning_\Large\Mid_eff . 'Exogenous Devices' = Interp(2005, 1156795.3, 2006, 1214281.3, 2007, 1274724.8, 2008, 133...
      [DRY] Demand\Residential\Projections\Air Conditioning_\Medium\High_eff . 'Exogenous Devices' = Interp(2005, 948487.2, 2006, 995621.5, 2007, 1045180.7, 2008, 10970...
      [DRY] Demand\Residential\Projections\Air Conditioning_\Medium\Low_eff . 'Exogenous Devices' = Interp(2005, 539538.4, 2006, 566350.3, 2007, 594541.6, 2008, 624047...
      [DRY] Demand\Residential\Projections\Air Conditioning_\Medium\Mid_eff . 'Exogenous Devices' = Interp(2005, 687162.4, 2006, 721310.4, 2007, 757215.2, 2008, 794793...
      [DRY] Demand\Residential\Projections\Air Conditioning_\Small\High_eff . 'Exogenous Devices' = Interp(2005, 533366.5, 2006, 559871.7, 2007, 587740.6, 2008, 616908...
      [DRY] Demand\Residential\Projections\Air Conditioning_\Small\Low_eff . 'Exogenous Devices' = Interp(2005, 387189.5, 2006, 406430.6, 2007, 426661.6, 2008, 447835...
      [DRY] Demand\Residential\Projections\Air Conditioning_\Small\Mid_eff . 'Exogenous Devices' = Interp(2005, 728000.5, 2006, 764177.9, 2007, 802216.5, 2008, 842028...
      [DRY] Demand\Residential\Projections\Air Conditioning_\Large\High_eff . 'Fixed OM Cost' = 0
      [DRY] Demand\Residential\Projections\Air Conditioning_\Large\Low_eff . 'Fixed OM Cost' = 0
      [DRY] Demand\Residential\Projections\Air Conditioning_\Large\Mid_eff . 'Fixed OM Cost' = 0
      [DRY] Demand\Residential\Projections\Air Conditioning_\Medium\High_eff . 'Fixed OM Cost' = 0
      [DRY] Demand\Residential\Projections\Air Conditioning_\Medium\Low_eff . 'Fixed OM Cost' = 0
      [DRY] Demand\Residential\Projections\Air Conditioning_\Medium\Mid_eff . 'Fixed OM Cost' = 0
      [DRY] Demand\Residential\Projections\Air Conditioning_\Small\High_eff . 'Fixed OM Cost' = 0
      [DRY] Demand\Residential\Projections\Air Conditioning_\Small\Low_eff . 'Fixed OM Cost' = 0
      [DRY] Demand\Residential\Projections\Air Conditioning_\Small\Mid_eff . 'Fixed OM Cost' = 0
      [DRY] Demand\Residential\Projections\Air Conditioning_\Large\High_eff . 'Lifetime' = 15
      [DRY] Demand\Residential\Projections\Air Conditioning_\Large\Low_eff . 'Lifetime' = 15
      [DRY] Demand\Residential\Projections\Air Conditioning_\Large\Mid_eff . 'Lifetime' = 15
      [DRY] Demand\Residential\Projections\Air Conditioning_\Medium\High_eff . 'Lifetime' = 15
      [DRY] Demand\Residential\Projections\Air Conditioning_\Medium\Low_eff . 'Lifetime' = 15
      [DRY] Demand\Residential\Projections\Air Conditioning_\Medium\Mid_eff . 'Lifetime' = 15
      [DRY] Demand\Residential\Projections\Air Conditioning_\Small\High_eff . 'Lifetime' = 15
      [DRY] Demand\Residential\Projections\Air Conditioning_\Small\Low_eff . 'Lifetime' = 15
      [DRY] Demand\Residential\Projections\Air Conditioning_\Small\Mid_eff . 'Lifetime' = 15
      [DRY] Demand\Residential\Projections\Air Conditioning_\Large\High_eff . 'Unit Capacity' = Interp(2014, 0.4045)
      [DRY] Demand\Residential\Projections\Air Conditioning_\Large\Low_eff . 'Unit Capacity' = Interp(2014, 0.4045)
      [DRY] Demand\Residential\Projections\Air Conditioning_\Large\Mid_eff . 'Unit Capacity' = Interp(2014, 0.4045)
      [DRY] Demand\Residential\Projections\Air Conditioning_\Medium\High_eff . 'Unit Capacity' = Interp(2014, 0.2465)
      [DRY] Demand\Residential\Projections\Air Conditioning_\Medium\Low_eff . 'Unit Capacity' = Interp(2014, 0.2465)
      [DRY] Demand\Residential\Projections\Air Conditioning_\Medium\Mid_eff . 'Unit Capacity' = Interp(2014, 0.2465)
      [DRY] Demand\Residential\Projections\Air Conditioning_\Small\High_eff . 'Unit Capacity' = Interp(2014, 0.1697)
      [DRY] Demand\Residential\Projections\Air Conditioning_\Small\Low_eff . 'Unit Capacity' = Interp(2014, 0.1697)
      [DRY] Demand\Residential\Projections\Air Conditioning_\Small\Mid_eff . 'Unit Capacity' = Interp(2014, 0.1697)
      [DRY] Demand\Residential\Projections\Air Conditioning_\Large\High_eff . 'Variable OM Cost' = Interp(2014, 225.6287)
      [DRY] Demand\Residential\Projections\Air Conditioning_\Large\Low_eff . 'Variable OM Cost' = Interp(2014, 426.2346)
      [DRY] Demand\Residential\Projections\Air Conditioning_\Large\Mid_eff . 'Variable OM Cost' = Interp(2014, 311.9622)
      [DRY] Demand\Residential\Projections\Air Conditioning_\Medium\High_eff . 'Variable OM Cost' = Interp(2014, 137.52859999999998)
      [DRY] Demand\Residential\Projections\Air Conditioning_\Medium\Low_eff . 'Variable OM Cost' = Interp(2014, 269.2371)
      [DRY] Demand\Residential\Projections\Air Conditioning_\Medium\Mid_eff . 'Variable OM Cost' = Interp(2014, 183.26659999999998)
      [DRY] Demand\Residential\Projections\Air Conditioning_\Small\High_eff . 'Variable OM Cost' = Interp(2014, 94.6946)
      [DRY] Demand\Residential\Projections\Air Conditioning_\Small\Low_eff . 'Variable OM Cost' = Interp(2014, 146.8819)
      [DRY] Demand\Residential\Projections\Air Conditioning_\Small\Mid_eff . 'Variable OM Cost' = Interp(2014, 115.5792)
    --- region 'Vietnam' (79 rows) ---
      [DRY] Key\Residential\Air Conditioning\Efficiency_Share\Large_High . 'Activity Level' = Interp(2014, 16.96629213483146, 2015, 19.07675194660734, 2016, 21.6...
      [DRY] Key\Residential\Air Conditioning\Efficiency_Share\Large_Low . 'Activity Level' = Interp(2014, 38.31460674157303, 2015, 36.985539488320356, 2016, 35....
      [DRY] Key\Residential\Air Conditioning\Efficiency_Share\Large_Mid . 'Activity Level' = Interp(2014, 44.71910112359551, 2015, 43.937708565072306, 2016, 42....
      [DRY] Key\Residential\Air Conditioning\Efficiency_Share\Medium_High . 'Activity Level' = Interp(2014, 15.080428954423594, 2015, 16.788321167883215, 2016, 18...
      [DRY] Key\Residential\Air Conditioning\Efficiency_Share\Medium_Low . 'Activity Level' = Interp(2014, 56.03217158176944, 2015, 54.18049104180491, 2016, 51.8...
      [DRY] Key\Residential\Air Conditioning\Efficiency_Share\Medium_Mid . 'Activity Level' = Interp(2014, 28.88739946380697, 2015, 29.03118779031188, 2016, 29.2...
      [DRY] Key\Residential\Air Conditioning\Efficiency_Share\Small_High . 'Activity Level' = Interp(2014, 11.155682903533908, 2015, 12.434933487565065, 2016, 13...
      [DRY] Key\Residential\Air Conditioning\Efficiency_Share\Small_Low . 'Activity Level' = Interp(2014, 51.0792741165234, 2015, 49.43127048390206, 2016, 47.42...
      [DRY] Key\Residential\Air Conditioning\Efficiency_Share\Small_Mid . 'Activity Level' = Interp(2014, 37.7650429799427, 2015, 38.13379602853287, 2016, 38.60...
      [DRY] Key\Residential\Air Conditioning\Size_Share\Large . 'Activity Level' = Interp(2014, 17.801780178017804, 2015, 17.981798179817986, 2016, 18...
      [DRY] Key\Residential\Air Conditioning\Size_Share\Medium . 'Activity Level' = Interp(2014, 29.84298429842984, 2015, 30.143014301430142, 2016, 30....
      [DRY] Key\Residential\Air Conditioning\Size_Share\Small . 'Activity Level' = Interp(2014, 52.35523552355236, 2015, 51.875187518751886, 2016, 51....
      [DRY] Key\Residential\Air Conditioning\Percent Ownership . 'Activity Level' = Interp(2014, 0.21, 2015, 0.23, 2016, 0.26, 2017, 0.28, 2018, 0.31, ...
      [DRY] Key\Residential\Air Conditioning\Useful_EI\Large . 'Activity Level' = Interp(2014, 0.160335339638865)
      [DRY] Key\Residential\Air Conditioning\Useful_EI\Medium . 'Activity Level' = Interp(2014, 0.09773000859845227)
      [DRY] Key\Residential\Air Conditioning\Useful_EI\Small . 'Activity Level' = Interp(2014, 0.0672914875322442)
      [DRY] Demand\Residential\Projections\Air Conditioning_\Large\High_eff . 'Capital Cost' = Interp(2014, 1136.62, 2015, 1136.62, 2016, 1136.62, 2017, 1136.62, ...
      [DRY] Demand\Residential\Projections\Air Conditioning_\Large\Low_eff . 'Capital Cost' = Interp(2014, 1082.5, 2015, 1082.5, 2016, 1082.5, 2017, 1082.5, 2018...
      [DRY] Demand\Residential\Projections\Air Conditioning_\Large\Mid_eff . 'Capital Cost' = Interp(2014, 1109.56, 2015, 1109.56, 2016, 1109.56, 2017, 1109.56, ...
      [DRY] Demand\Residential\Projections\Air Conditioning_\Medium\High_eff . 'Capital Cost' = Interp(2014, 709.3, 2015, 709.3, 2016, 709.3, 2017, 709.3, 2018, 70...
      [DRY] Demand\Residential\Projections\Air Conditioning_\Medium\Low_eff . 'Capital Cost' = Interp(2014, 528.0, 2015, 528.0, 2016, 528.0, 2017, 528.0, 2018, 52...
      [DRY] Demand\Residential\Projections\Air Conditioning_\Medium\Mid_eff . 'Capital Cost' = Interp(2014, 481.4, 2015, 481.4, 2016, 481.4, 2017, 481.4, 2018, 48...
      [DRY] Demand\Residential\Projections\Air Conditioning_\Small\High_eff . 'Capital Cost' = Interp(2014, 557.5, 2015, 557.5, 2016, 557.5, 2017, 557.5, 2018, 55...
      [DRY] Demand\Residential\Projections\Air Conditioning_\Small\Low_eff . 'Capital Cost' = Interp(2014, 309.9, 2015, 309.9, 2016, 309.9, 2017, 309.9, 2018, 30...
      [DRY] Demand\Residential\Projections\Air Conditioning_\Small\Mid_eff . 'Capital Cost' = Interp(2014, 328.9, 2015, 328.9, 2016, 328.9, 2017, 328.9, 2018, 32...
      [DRY] Demand\Residential\Projections\Air Conditioning_\Large\High_eff . 'Efficiency' = Interp(2014, 100.0)
      [DRY] Demand\Residential\Projections\Air Conditioning_\Large\Low_eff . 'Efficiency' = Interp(2014, 52.93533185715097)
      [DRY] Demand\Residential\Projections\Air Conditioning_\Large\Mid_eff . 'Efficiency' = Interp(2014, 72.32565355674502)
      [DRY] Demand\Residential\Projections\Air Conditioning_\Medium\High_eff . 'Efficiency' = Interp(2014, 100.0)
      [DRY] Demand\Residential\Projections\Air Conditioning_\Medium\Low_eff . 'Efficiency' = Interp(2014, 51.08085029886297)
      [DRY] Demand\Residential\Projections\Air Conditioning_\Medium\Mid_eff . 'Efficiency' = Interp(2014, 75.04291562128614)
      [DRY] Demand\Residential\Projections\Air Conditioning_\Small\High_eff . 'Efficiency' = Interp(2014, 100.0)
      [DRY] Demand\Residential\Projections\Air Conditioning_\Small\Low_eff . 'Efficiency' = Interp(2014, 64.46989043578549)
      [DRY] Demand\Residential\Projections\Air Conditioning_\Small\Mid_eff . 'Efficiency' = Interp(2014, 81.93048576214406)
      [DRY] Demand\Residential\Projections\Air Conditioning_\Large\High_eff . 'Exogenous Devices' = Interp(2005, 215354.5, 2006, 240842.2, 2007, 269323.9, 2008, 301232...
      [DRY] Demand\Residential\Projections\Air Conditioning_\Large\Low_eff . 'Exogenous Devices' = Interp(2005, 38777.6, 2006, 43367, 2007, 48495.6, 2008, 54241.2, 20...
      [DRY] Demand\Residential\Projections\Air Conditioning_\Large\Mid_eff . 'Exogenous Devices' = Interp(2005, 102683.4, 2006, 114836.3, 2007, 128416.7, 2008, 143631...
      [DRY] Demand\Residential\Projections\Air Conditioning_\Medium\High_eff . 'Exogenous Devices' = Interp(2005, 299235.5, 2006, 334650.8, 2007, 374226.2, 2008, 418563...
      [DRY] Demand\Residential\Projections\Air Conditioning_\Medium\Low_eff . 'Exogenous Devices' = Interp(2005, 106119.2, 2006, 118678.7, 2007, 132713.4, 2008, 148436...
      [DRY] Demand\Residential\Projections\Air Conditioning_\Medium\Mid_eff . 'Exogenous Devices' = Interp(2005, 192554.6, 2006, 215344, 2007, 240810.3, 2008, 269340.7...
      [DRY] Demand\Residential\Projections\Air Conditioning_\Small\High_eff . 'Exogenous Devices' = Interp(2005, 290229.5, 2006, 324579, 2007, 362963.3, 2008, 405966, ...
      [DRY] Demand\Residential\Projections\Air Conditioning_\Small\Low_eff . 'Exogenous Devices' = Interp(2005, 138167, 2006, 154519.5, 2007, 172792.7, 2008, 193264.7...
      [DRY] Demand\Residential\Projections\Air Conditioning_\Small\Mid_eff . 'Exogenous Devices' = Interp(2005, 358123.4, 2006, 400508.3, 2007, 447871.9, 2008, 500934...
      [DRY] Demand\Residential\Projections\Air Conditioning_\Large\High_eff . 'Fixed OM Cost' = 0
      [DRY] Demand\Residential\Projections\Air Conditioning_\Large\Low_eff . 'Fixed OM Cost' = 0
      [DRY] Demand\Residential\Projections\Air Conditioning_\Large\Mid_eff . 'Fixed OM Cost' = 0
      [DRY] Demand\Residential\Projections\Air Conditioning_\Medium\High_eff . 'Fixed OM Cost' = 0
      [DRY] Demand\Residential\Projections\Air Conditioning_\Medium\Low_eff . 'Fixed OM Cost' = 0
      [DRY] Demand\Residential\Projections\Air Conditioning_\Medium\Mid_eff . 'Fixed OM Cost' = 0
      [DRY] Demand\Residential\Projections\Air Conditioning_\Small\High_eff . 'Fixed OM Cost' = 0
      [DRY] Demand\Residential\Projections\Air Conditioning_\Small\Low_eff . 'Fixed OM Cost' = 0
      [DRY] Demand\Residential\Projections\Air Conditioning_\Small\Mid_eff . 'Fixed OM Cost' = 0
      [DRY] Demand\Residential\Projections\Air Conditioning_\Large\High_eff . 'Lifetime' = 15
      [DRY] Demand\Residential\Projections\Air Conditioning_\Large\Low_eff . 'Lifetime' = 15
      [DRY] Demand\Residential\Projections\Air Conditioning_\Large\Mid_eff . 'Lifetime' = 15
      [DRY] Demand\Residential\Projections\Air Conditioning_\Medium\High_eff . 'Lifetime' = 15
      [DRY] Demand\Residential\Projections\Air Conditioning_\Medium\Low_eff . 'Lifetime' = 15
      [DRY] Demand\Residential\Projections\Air Conditioning_\Medium\Mid_eff . 'Lifetime' = 15
      [DRY] Demand\Residential\Projections\Air Conditioning_\Small\High_eff . 'Lifetime' = 15
      [DRY] Demand\Residential\Projections\Air Conditioning_\Small\Low_eff . 'Lifetime' = 15
      [DRY] Demand\Residential\Projections\Air Conditioning_\Small\Mid_eff . 'Lifetime' = 15
      [DRY] Demand\Residential\Projections\Air Conditioning_\Large\High_eff . 'Unit Capacity' = Interp(2014, 0.5043)
      [DRY] Demand\Residential\Projections\Air Conditioning_\Large\Low_eff . 'Unit Capacity' = Interp(2014, 0.5043)
      [DRY] Demand\Residential\Projections\Air Conditioning_\Large\Mid_eff . 'Unit Capacity' = Interp(2014, 0.5043)
      [DRY] Demand\Residential\Projections\Air Conditioning_\Medium\High_eff . 'Unit Capacity' = Interp(2014, 0.3074)
      [DRY] Demand\Residential\Projections\Air Conditioning_\Medium\Low_eff . 'Unit Capacity' = Interp(2014, 0.3074)
      [DRY] Demand\Residential\Projections\Air Conditioning_\Medium\Mid_eff . 'Unit Capacity' = Interp(2014, 0.3074)
      [DRY] Demand\Residential\Projections\Air Conditioning_\Small\High_eff . 'Unit Capacity' = Interp(2014, 0.2117)
      [DRY] Demand\Residential\Projections\Air Conditioning_\Small\Low_eff . 'Unit Capacity' = Interp(2014, 0.2117)
      [DRY] Demand\Residential\Projections\Air Conditioning_\Small\Mid_eff . 'Unit Capacity' = Interp(2014, 0.2117)
      [DRY] Demand\Residential\Projections\Air Conditioning_\Large\High_eff . 'Variable OM Cost' = Interp(2014, 161.85596)
      [DRY] Demand\Residential\Projections\Air Conditioning_\Large\Low_eff . 'Variable OM Cost' = Interp(2014, 305.76168)
      [DRY] Demand\Residential\Projections\Air Conditioning_\Large\Mid_eff . 'Variable OM Cost' = Interp(2014, 223.78776)
      [DRY] Demand\Residential\Projections\Air Conditioning_\Medium\High_eff . 'Variable OM Cost' = Interp(2014, 98.65688)
      [DRY] Demand\Residential\Projections\Air Conditioning_\Medium\Low_eff . 'Variable OM Cost' = Interp(2014, 193.13868)
      [DRY] Demand\Residential\Projections\Air Conditioning_\Medium\Mid_eff . 'Variable OM Cost' = Interp(2014, 131.46728)
      [DRY] Demand\Residential\Projections\Air Conditioning_\Small\High_eff . 'Variable OM Cost' = Interp(2014, 67.92968)
      [DRY] Demand\Residential\Projections\Air Conditioning_\Small\Low_eff . 'Variable OM Cost' = Interp(2014, 105.36652000000001)
      [DRY] Demand\Residential\Projections\Air Conditioning_\Small\Mid_eff . 'Variable OM Cost' = Interp(2014, 82.91136)
  [dry-run] {'dry_run': 790}
  -- Phase 3: REAL INJECT --
    --- region 'Brunei' (79 rows) ---
      [OK]  Key\Residential\Air Conditioning\Efficiency_Share\Large_High . 'Activity Level' = Interp(2014, 12.991311543235415, 2015, 14.025651634257343...
      [OK]  Key\Residential\Air Conditioning\Efficiency_Share\Large_Low . 'Activity Level' = Interp(2014, 40.79437318990484, 2015, 40.11170872983036, ...
      [OK]  Key\Residential\Air Conditioning\Efficiency_Share\Large_Mid . 'Activity Level' = Interp(2014, 46.21431526685974, 2015, 45.86263963591229, ...
      [OK]  Key\Residential\Air Conditioning\Efficiency_Share\Medium_High . 'Activity Level' = Interp(2014, 11.500412201154164, 2015, 12.577575506826646...
      [OK]  Key\Residential\Air Conditioning\Efficiency_Share\Medium_Low . 'Activity Level' = Interp(2014, 59.72794723825228, 2015, 58.62639635912288, ...
      [OK]  Key\Residential\Air Conditioning\Efficiency_Share\Medium_Mid . 'Activity Level' = Interp(2014, 28.771640560593575, 2015, 28.796028134050477...
      [OK]  Key\Residential\Air Conditioning\Efficiency_Share\Small_High . 'Activity Level' = Interp(2014, 8.90836071558963, 2015, 9.497816593886462, 2...
      [OK]  Key\Residential\Air Conditioning\Efficiency_Share\Small_Low . 'Activity Level' = Interp(2014, 54.14384811975174, 2015, 53.49344978165939, ...
      [OK]  Key\Residential\Air Conditioning\Efficiency_Share\Small_Mid . 'Activity Level' = Interp(2014, 36.94779116465863, 2015, 37.00873362445415, ...
      [OK]  Key\Residential\Air Conditioning\Size_Share\Large . 'Activity Level' = Interp(2014, 48.34483448344835, 2015, 48.344834483448345,...
      [OK]  Key\Residential\Air Conditioning\Size_Share\Medium . 'Activity Level' = Interp(2014, 24.26242624262426, 2015, 24.17241724172417, ...
      [OK]  Key\Residential\Air Conditioning\Size_Share\Small . 'Activity Level' = Interp(2014, 27.392739273927397, 2015, 27.48274827482748,...
      [OK]  Key\Residential\Air Conditioning\Percent Ownership . 'Activity Level' = Interp(2014, 2.34, 2015, 2.32, 2016, 2.29, 2017, 2.29, 20...
      [OK]  Key\Residential\Air Conditioning\Useful_EI\Large . 'Activity Level' = Interp(2014, 0.160335339638865)
      [OK]  Key\Residential\Air Conditioning\Useful_EI\Medium . 'Activity Level' = Interp(2014, 0.09773000859845227)
      [OK]  Key\Residential\Air Conditioning\Useful_EI\Small . 'Activity Level' = Interp(2014, 0.0672914875322442)
      [OK]  Demand\Residential\Projections\Air Conditioning_\Large\High_eff . 'Capital Cost' = Interp(2014, 1136.62, 2015, 1136.62, 2016, 1136.62, 2017,...
      [OK]  Demand\Residential\Projections\Air Conditioning_\Large\Low_eff . 'Capital Cost' = Interp(2014, 1082.5, 2015, 1082.5, 2016, 1082.5, 2017, 10...
      [OK]  Demand\Residential\Projections\Air Conditioning_\Large\Mid_eff . 'Capital Cost' = Interp(2014, 1109.56, 2015, 1109.56, 2016, 1109.56, 2017,...
      [OK]  Demand\Residential\Projections\Air Conditioning_\Medium\High_eff . 'Capital Cost' = Interp(2014, 709.3, 2015, 709.3, 2016, 709.3, 2017, 709.3...
      [OK]  Demand\Residential\Projections\Air Conditioning_\Medium\Low_eff . 'Capital Cost' = Interp(2014, 528.0, 2015, 528.0, 2016, 528.0, 2017, 528.0...
      [OK]  Demand\Residential\Projections\Air Conditioning_\Medium\Mid_eff . 'Capital Cost' = Interp(2014, 481.4, 2015, 481.4, 2016, 481.4, 2017, 481.4...
      [OK]  Demand\Residential\Projections\Air Conditioning_\Small\High_eff . 'Capital Cost' = Interp(2014, 557.5, 2015, 557.5, 2016, 557.5, 2017, 557.5...
      [OK]  Demand\Residential\Projections\Air Conditioning_\Small\Low_eff . 'Capital Cost' = Interp(2014, 309.9, 2015, 309.9, 2016, 309.9, 2017, 309.9...
      [OK]  Demand\Residential\Projections\Air Conditioning_\Small\Mid_eff . 'Capital Cost' = Interp(2014, 328.9, 2015, 328.9, 2016, 328.9, 2017, 328.9...
      [OK]  Demand\Residential\Projections\Air Conditioning_\Large\High_eff . 'Efficiency' = Interp(2014, 100.0)
      [OK]  Demand\Residential\Projections\Air Conditioning_\Large\Low_eff . 'Efficiency' = Interp(2014, 52.93533185715097)
      [OK]  Demand\Residential\Projections\Air Conditioning_\Large\Mid_eff . 'Efficiency' = Interp(2014, 72.32565355674502)
      [OK]  Demand\Residential\Projections\Air Conditioning_\Medium\High_eff . 'Efficiency' = Interp(2014, 100.0)
      [OK]  Demand\Residential\Projections\Air Conditioning_\Medium\Low_eff . 'Efficiency' = Interp(2014, 51.08085029886297)
      [OK]  Demand\Residential\Projections\Air Conditioning_\Medium\Mid_eff . 'Efficiency' = Interp(2014, 75.04291562128614)
      [OK]  Demand\Residential\Projections\Air Conditioning_\Small\High_eff . 'Efficiency' = Interp(2014, 100.0)
      [OK]  Demand\Residential\Projections\Air Conditioning_\Small\Low_eff . 'Efficiency' = Interp(2014, 64.46989043578549)
      [OK]  Demand\Residential\Projections\Air Conditioning_\Small\Mid_eff . 'Efficiency' = Interp(2014, 81.93048576214406)
      [OK]  Demand\Residential\Projections\Air Conditioning_\Large\High_eff . 'Exogenous Devices' = Interp(2005, 37096.9, 2006, 37713, 2007, 38313.9, 2008, 3...
      [OK]  Demand\Residential\Projections\Air Conditioning_\Large\Low_eff . 'Exogenous Devices' = Interp(2005, 27178.1, 2006, 27629.4, 2007, 28069.6, 2008,...
      [OK]  Demand\Residential\Projections\Air Conditioning_\Large\Mid_eff . 'Exogenous Devices' = Interp(2005, 38837.3, 2006, 39482.3, 2007, 40111.4, 2008,...
      [OK]  Demand\Residential\Projections\Air Conditioning_\Medium\High_eff . 'Exogenous Devices' = Interp(2005, 15510.8, 2006, 15768.3, 2007, 16019.6, 2008,...
      [OK]  Demand\Residential\Projections\Air Conditioning_\Medium\Low_eff . 'Exogenous Devices' = Interp(2005, 20280.8, 2006, 20617.6, 2007, 20946.1, 2008,...
      [OK]  Demand\Residential\Projections\Air Conditioning_\Medium\Mid_eff . 'Exogenous Devices' = Interp(2005, 15768.6, 2006, 16030.5, 2007, 16285.9, 2008,...
      [OK]  Demand\Residential\Projections\Air Conditioning_\Small\High_eff . 'Exogenous Devices' = Interp(2005, 13585, 2006, 13810.6, 2007, 14030.7, 2008, 1...
      [OK]  Demand\Residential\Projections\Air Conditioning_\Small\Low_eff . 'Exogenous Devices' = Interp(2005, 21690.9, 2006, 22051.1, 2007, 22402.5, 2008,...
      [OK]  Demand\Residential\Projections\Air Conditioning_\Small\Mid_eff . 'Exogenous Devices' = Interp(2005, 24664.1, 2006, 25073.7, 2007, 25473.2, 2008,...
      [OK]  Demand\Residential\Projections\Air Conditioning_\Large\High_eff . 'Fixed OM Cost' = 0
      [OK]  Demand\Residential\Projections\Air Conditioning_\Large\Low_eff . 'Fixed OM Cost' = 0
      [OK]  Demand\Residential\Projections\Air Conditioning_\Large\Mid_eff . 'Fixed OM Cost' = 0
      [OK]  Demand\Residential\Projections\Air Conditioning_\Medium\High_eff . 'Fixed OM Cost' = 0
      [OK]  Demand\Residential\Projections\Air Conditioning_\Medium\Low_eff . 'Fixed OM Cost' = 0
      [OK]  Demand\Residential\Projections\Air Conditioning_\Medium\Mid_eff . 'Fixed OM Cost' = 0
      [OK]  Demand\Residential\Projections\Air Conditioning_\Small\High_eff . 'Fixed OM Cost' = 0
      [OK]  Demand\Residential\Projections\Air Conditioning_\Small\Low_eff . 'Fixed OM Cost' = 0
      [OK]  Demand\Residential\Projections\Air Conditioning_\Small\Mid_eff . 'Fixed OM Cost' = 0
      [OK]  Demand\Residential\Projections\Air Conditioning_\Large\High_eff . 'Lifetime' = 15
      [OK]  Demand\Residential\Projections\Air Conditioning_\Large\Low_eff . 'Lifetime' = 15
      [OK]  Demand\Residential\Projections\Air Conditioning_\Large\Mid_eff . 'Lifetime' = 15
      [OK]  Demand\Residential\Projections\Air Conditioning_\Medium\High_eff . 'Lifetime' = 15
      [OK]  Demand\Residential\Projections\Air Conditioning_\Medium\Low_eff . 'Lifetime' = 15
      [OK]  Demand\Residential\Projections\Air Conditioning_\Medium\Mid_eff . 'Lifetime' = 15
      [OK]  Demand\Residential\Projections\Air Conditioning_\Small\High_eff . 'Lifetime' = 15
      [OK]  Demand\Residential\Projections\Air Conditioning_\Small\Low_eff . 'Lifetime' = 15
      [OK]  Demand\Residential\Projections\Air Conditioning_\Small\Mid_eff . 'Lifetime' = 15
      [OK]  Demand\Residential\Projections\Air Conditioning_\Large\High_eff . 'Unit Capacity' = Interp(2014, 0.5203)
      [OK]  Demand\Residential\Projections\Air Conditioning_\Large\Low_eff . 'Unit Capacity' = Interp(2014, 0.5203)
      [OK]  Demand\Residential\Projections\Air Conditioning_\Large\Mid_eff . 'Unit Capacity' = Interp(2014, 0.5203)
      [OK]  Demand\Residential\Projections\Air Conditioning_\Medium\High_eff . 'Unit Capacity' = Interp(2014, 0.3172)
      [OK]  Demand\Residential\Projections\Air Conditioning_\Medium\Low_eff . 'Unit Capacity' = Interp(2014, 0.3172)
      [OK]  Demand\Residential\Projections\Air Conditioning_\Medium\Mid_eff . 'Unit Capacity' = Interp(2014, 0.3172)
      [OK]  Demand\Residential\Projections\Air Conditioning_\Small\High_eff . 'Unit Capacity' = Interp(2014, 0.2184)
      [OK]  Demand\Residential\Projections\Air Conditioning_\Small\Low_eff . 'Unit Capacity' = Interp(2014, 0.2184)
      [OK]  Demand\Residential\Projections\Air Conditioning_\Small\Mid_eff . 'Unit Capacity' = Interp(2014, 0.2184)
      [OK]  Demand\Residential\Projections\Air Conditioning_\Large\High_eff . 'Variable OM Cost' = Interp(2014, 13.425839999999999)
      [OK]  Demand\Residential\Projections\Air Conditioning_\Large\Low_eff . 'Variable OM Cost' = Interp(2014, 25.36272)
      [OK]  Demand\Residential\Projections\Air Conditioning_\Large\Mid_eff . 'Variable OM Cost' = Interp(2014, 18.563039999999997)
      [OK]  Demand\Residential\Projections\Air Conditioning_\Medium\High_eff . 'Variable OM Cost' = Interp(2014, 8.18352)
      [OK]  Demand\Residential\Projections\Air Conditioning_\Medium\Low_eff . 'Variable OM Cost' = Interp(2014, 16.020719999999997)
      [OK]  Demand\Residential\Projections\Air Conditioning_\Medium\Mid_eff . 'Variable OM Cost' = Interp(2014, 10.905119999999998)
      [OK]  Demand\Residential\Projections\Air Conditioning_\Small\High_eff . 'Variable OM Cost' = Interp(2014, 5.63472)
      [OK]  Demand\Residential\Projections\Air Conditioning_\Small\Low_eff . 'Variable OM Cost' = Interp(2014, 8.74008)
      [OK]  Demand\Residential\Projections\Air Conditioning_\Small\Mid_eff . 'Variable OM Cost' = Interp(2014, 6.87744)
    --- region 'Cambodia' (79 rows) ---
      [OK]  Key\Residential\Air Conditioning\Efficiency_Share\Large_High . 'Activity Level' = Interp(2014, 15.920223932820152, 2015, 17.720639332870046...
      [OK]  Key\Residential\Air Conditioning\Efficiency_Share\Large_Low . 'Activity Level' = Interp(2014, 38.97830650804758, 2015, 37.87352328005559, ...
      [OK]  Key\Residential\Air Conditioning\Efficiency_Share\Large_Mid . 'Activity Level' = Interp(2014, 45.101469559132255, 2015, 44.40583738707436,...
      [OK]  Key\Residential\Air Conditioning\Efficiency_Share\Medium_High . 'Activity Level' = Interp(2014, 14.114902303878681, 2015, 15.562626554816314...
      [OK]  Key\Residential\Air Conditioning\Efficiency_Share\Medium_Low . 'Activity Level' = Interp(2014, 57.07203266258385, 2015, 55.45270465721725, ...
      [OK]  Key\Residential\Air Conditioning\Efficiency_Share\Medium_Mid . 'Activity Level' = Interp(2014, 28.813065033537477, 2015, 28.984668787966445...
      [OK]  Key\Residential\Air Conditioning\Efficiency_Share\Small_High . 'Activity Level' = Interp(2014, 10.455402856372945, 2015, 11.541609822646658...
      [OK]  Key\Residential\Air Conditioning\Efficiency_Share\Small_Low . 'Activity Level' = Interp(2014, 51.953651306925366, 2015, 50.55934515688949,...
      [OK]  Key\Residential\Air Conditioning\Efficiency_Share\Small_Mid . 'Activity Level' = Interp(2014, 37.59094583670169, 2015, 37.899045020463845,...
      [OK]  Key\Residential\Air Conditioning\Size_Share\Large . 'Activity Level' = Interp(2014, 28.585717143428685, 2015, 28.78, 2016, 29.00...
      [OK]  Key\Residential\Air Conditioning\Size_Share\Medium . 'Activity Level' = Interp(2014, 34.29685937187437, 2015, 34.57, 2016, 34.813...
      [OK]  Key\Residential\Air Conditioning\Size_Share\Small . 'Activity Level' = Interp(2014, 37.117423484696936, 2015, 36.650000000000006...
      [OK]  Key\Residential\Air Conditioning\Percent Ownership . 'Activity Level' = Interp(2014, 0.05, 2015, 0.05, 2016, 0.06, 2017, 0.07, 20...
      [OK]  Key\Residential\Air Conditioning\Useful_EI\Large . 'Activity Level' = Interp(2014, 0.160335339638865)
      [OK]  Key\Residential\Air Conditioning\Useful_EI\Medium . 'Activity Level' = Interp(2014, 0.09773000859845227)
      [OK]  Key\Residential\Air Conditioning\Useful_EI\Small . 'Activity Level' = Interp(2014, 0.0672914875322442)
      [OK]  Demand\Residential\Projections\Air Conditioning_\Large\High_eff . 'Capital Cost' = Interp(2014, 1136.62, 2015, 1136.62, 2016, 1136.62, 2017,...
      [OK]  Demand\Residential\Projections\Air Conditioning_\Large\Low_eff . 'Capital Cost' = Interp(2014, 1082.5, 2015, 1082.5, 2016, 1082.5, 2017, 10...
      [OK]  Demand\Residential\Projections\Air Conditioning_\Large\Mid_eff . 'Capital Cost' = Interp(2014, 1109.56, 2015, 1109.56, 2016, 1109.56, 2017,...
      [OK]  Demand\Residential\Projections\Air Conditioning_\Medium\High_eff . 'Capital Cost' = Interp(2014, 709.3, 2015, 709.3, 2016, 709.3, 2017, 709.3...
      [OK]  Demand\Residential\Projections\Air Conditioning_\Medium\Low_eff . 'Capital Cost' = Interp(2014, 528.0, 2015, 528.0, 2016, 528.0, 2017, 528.0...
      [OK]  Demand\Residential\Projections\Air Conditioning_\Medium\Mid_eff . 'Capital Cost' = Interp(2014, 481.4, 2015, 481.4, 2016, 481.4, 2017, 481.4...
      [OK]  Demand\Residential\Projections\Air Conditioning_\Small\High_eff . 'Capital Cost' = Interp(2014, 557.5, 2015, 557.5, 2016, 557.5, 2017, 557.5...
      [OK]  Demand\Residential\Projections\Air Conditioning_\Small\Low_eff . 'Capital Cost' = Interp(2014, 309.9, 2015, 309.9, 2016, 309.9, 2017, 309.9...
      [OK]  Demand\Residential\Projections\Air Conditioning_\Small\Mid_eff . 'Capital Cost' = Interp(2014, 328.9, 2015, 328.9, 2016, 328.9, 2017, 328.9...
      [OK]  Demand\Residential\Projections\Air Conditioning_\Large\High_eff . 'Efficiency' = Interp(2014, 100.0)
      [OK]  Demand\Residential\Projections\Air Conditioning_\Large\Low_eff . 'Efficiency' = Interp(2014, 52.93533185715097)
      [OK]  Demand\Residential\Projections\Air Conditioning_\Large\Mid_eff . 'Efficiency' = Interp(2014, 72.32565355674502)
      [OK]  Demand\Residential\Projections\Air Conditioning_\Medium\High_eff . 'Efficiency' = Interp(2014, 100.0)
      [OK]  Demand\Residential\Projections\Air Conditioning_\Medium\Low_eff . 'Efficiency' = Interp(2014, 51.08085029886297)
      [OK]  Demand\Residential\Projections\Air Conditioning_\Medium\Mid_eff . 'Efficiency' = Interp(2014, 75.04291562128614)
      [OK]  Demand\Residential\Projections\Air Conditioning_\Small\High_eff . 'Efficiency' = Interp(2014, 100.0)
      [OK]  Demand\Residential\Projections\Air Conditioning_\Small\Low_eff . 'Efficiency' = Interp(2014, 64.46989043578549)
      [OK]  Demand\Residential\Projections\Air Conditioning_\Small\Mid_eff . 'Efficiency' = Interp(2014, 81.93048576214406)
      [OK]  Demand\Residential\Projections\Air Conditioning_\Large\High_eff . 'Exogenous Devices' = Interp(2005, 10893.5, 2006, 12176.1, 2007, 13611.4, 2008,...
      [OK]  Demand\Residential\Projections\Air Conditioning_\Large\Low_eff . 'Exogenous Devices' = Interp(2005, 3427.5, 2006, 3831, 2007, 4282.6, 2008, 4783...
      [OK]  Demand\Residential\Projections\Air Conditioning_\Large\Mid_eff . 'Exogenous Devices' = Interp(2005, 6713, 2006, 7503.4, 2007, 8387.9, 2008, 9368...
      [OK]  Demand\Residential\Projections\Air Conditioning_\Medium\High_eff . 'Exogenous Devices' = Interp(2005, 10880.1, 2006, 12161, 2007, 13594.6, 2008, 1...
      [OK]  Demand\Residential\Projections\Air Conditioning_\Medium\Low_eff . 'Exogenous Devices' = Interp(2005, 6399.3, 2006, 7152.7, 2007, 7995.8, 2008, 89...
      [OK]  Demand\Residential\Projections\Air Conditioning_\Medium\Mid_eff . 'Exogenous Devices' = Interp(2005, 7963.6, 2006, 8901.2, 2007, 9950.4, 2008, 11...
      [OK]  Demand\Residential\Projections\Air Conditioning_\Small\High_eff . 'Exogenous Devices' = Interp(2005, 6834, 2006, 7638.6, 2007, 8539.1, 2008, 9537...
      [OK]  Demand\Residential\Projections\Air Conditioning_\Small\Low_eff . 'Exogenous Devices' = Interp(2005, 5233.9, 2006, 5850.1, 2007, 6539.7, 2008, 73...
      [OK]  Demand\Residential\Projections\Air Conditioning_\Small\Mid_eff . 'Exogenous Devices' = Interp(2005, 9484.6, 2006, 10601.2, 2007, 11850.9, 2008, ...
      [OK]  Demand\Residential\Projections\Air Conditioning_\Large\High_eff . 'Fixed OM Cost' = 0
      [OK]  Demand\Residential\Projections\Air Conditioning_\Large\Low_eff . 'Fixed OM Cost' = 0
      [OK]  Demand\Residential\Projections\Air Conditioning_\Large\Mid_eff . 'Fixed OM Cost' = 0
      [OK]  Demand\Residential\Projections\Air Conditioning_\Medium\High_eff . 'Fixed OM Cost' = 0
      [OK]  Demand\Residential\Projections\Air Conditioning_\Medium\Low_eff . 'Fixed OM Cost' = 0
      [OK]  Demand\Residential\Projections\Air Conditioning_\Medium\Mid_eff . 'Fixed OM Cost' = 0
      [OK]  Demand\Residential\Projections\Air Conditioning_\Small\High_eff . 'Fixed OM Cost' = 0
      [OK]  Demand\Residential\Projections\Air Conditioning_\Small\Low_eff . 'Fixed OM Cost' = 0
      [OK]  Demand\Residential\Projections\Air Conditioning_\Small\Mid_eff . 'Fixed OM Cost' = 0
      [OK]  Demand\Residential\Projections\Air Conditioning_\Large\High_eff . 'Lifetime' = 15
      [OK]  Demand\Residential\Projections\Air Conditioning_\Large\Low_eff . 'Lifetime' = 15
      [OK]  Demand\Residential\Projections\Air Conditioning_\Large\Mid_eff . 'Lifetime' = 15
      [OK]  Demand\Residential\Projections\Air Conditioning_\Medium\High_eff . 'Lifetime' = 15
      [OK]  Demand\Residential\Projections\Air Conditioning_\Medium\Low_eff . 'Lifetime' = 15
      [OK]  Demand\Residential\Projections\Air Conditioning_\Medium\Mid_eff . 'Lifetime' = 15
      [OK]  Demand\Residential\Projections\Air Conditioning_\Small\High_eff . 'Lifetime' = 15
      [OK]  Demand\Residential\Projections\Air Conditioning_\Small\Low_eff . 'Lifetime' = 15
      [OK]  Demand\Residential\Projections\Air Conditioning_\Small\Mid_eff . 'Lifetime' = 15
      [OK]  Demand\Residential\Projections\Air Conditioning_\Large\High_eff . 'Unit Capacity' = Interp(2014, 0.4303)
      [OK]  Demand\Residential\Projections\Air Conditioning_\Large\Low_eff . 'Unit Capacity' = Interp(2014, 0.4303)
      [OK]  Demand\Residential\Projections\Air Conditioning_\Large\Mid_eff . 'Unit Capacity' = Interp(2014, 0.4303)
      [OK]  Demand\Residential\Projections\Air Conditioning_\Medium\High_eff . 'Unit Capacity' = Interp(2014, 0.2623)
      [OK]  Demand\Residential\Projections\Air Conditioning_\Medium\Low_eff . 'Unit Capacity' = Interp(2014, 0.2623)
      [OK]  Demand\Residential\Projections\Air Conditioning_\Medium\Mid_eff . 'Unit Capacity' = Interp(2014, 0.2623)
      [OK]  Demand\Residential\Projections\Air Conditioning_\Small\High_eff . 'Unit Capacity' = Interp(2014, 0.1806)
      [OK]  Demand\Residential\Projections\Air Conditioning_\Small\Low_eff . 'Unit Capacity' = Interp(2014, 0.1806)
      [OK]  Demand\Residential\Projections\Air Conditioning_\Small\Mid_eff . 'Unit Capacity' = Interp(2014, 0.1806)
      [OK]  Demand\Residential\Projections\Air Conditioning_\Large\High_eff . 'Variable OM Cost' = Interp(2014, 279.705)
      [OK]  Demand\Residential\Projections\Air Conditioning_\Large\Low_eff . 'Variable OM Cost' = Interp(2014, 528.39)
      [OK]  Demand\Residential\Projections\Air Conditioning_\Large\Mid_eff . 'Variable OM Cost' = Interp(2014, 386.72999999999996)
      [OK]  Demand\Residential\Projections\Air Conditioning_\Medium\High_eff . 'Variable OM Cost' = Interp(2014, 170.48999999999998)
      [OK]  Demand\Residential\Projections\Air Conditioning_\Medium\Low_eff . 'Variable OM Cost' = Interp(2014, 333.765)
      [OK]  Demand\Residential\Projections\Air Conditioning_\Medium\Mid_eff . 'Variable OM Cost' = Interp(2014, 227.18999999999997)
      [OK]  Demand\Residential\Projections\Air Conditioning_\Small\High_eff . 'Variable OM Cost' = Interp(2014, 117.39)
      [OK]  Demand\Residential\Projections\Air Conditioning_\Small\Low_eff . 'Variable OM Cost' = Interp(2014, 182.085)
      [OK]  Demand\Residential\Projections\Air Conditioning_\Small\Mid_eff . 'Variable OM Cost' = Interp(2014, 143.28)
    --- region 'Indonesia' (79 rows) ---
      [OK]  Key\Residential\Air Conditioning\Efficiency_Share\Large_High . 'Activity Level' = Interp(2014, 11.509591326105088, 2015, 12.293729372937293...
      [OK]  Key\Residential\Air Conditioning\Efficiency_Share\Large_Low . 'Activity Level' = Interp(2014, 41.784820683903256, 2015, 41.25412541254125,...
      [OK]  Key\Residential\Air Conditioning\Efficiency_Share\Large_Mid . 'Activity Level' = Interp(2014, 46.70558798999166, 2015, 46.452145214521444,...
      [OK]  Key\Residential\Air Conditioning\Efficiency_Share\Medium_High . 'Activity Level' = Interp(2014, 10.667498440424204, 2015, 11.296296296296298...
      [OK]  Key\Residential\Air Conditioning\Efficiency_Share\Medium_Low . 'Activity Level' = Interp(2014, 60.885839051777914, 2015, 60.18518518518518,...
      [OK]  Key\Residential\Air Conditioning\Efficiency_Share\Medium_Mid . 'Activity Level' = Interp(2014, 28.446662507797875, 2015, 28.51851851851852,...
      [OK]  Key\Residential\Air Conditioning\Efficiency_Share\Small_High . 'Activity Level' = Interp(2014, 7.862203083761635, 2015, 8.342633928571429, ...
      [OK]  Key\Residential\Air Conditioning\Efficiency_Share\Small_Low . 'Activity Level' = Interp(2014, 55.38269204056119, 2015, 54.75725446428571, ...
      [OK]  Key\Residential\Air Conditioning\Efficiency_Share\Small_Mid . 'Activity Level' = Interp(2014, 36.75510487567718, 2015, 36.900111607142854,...
      [OK]  Key\Residential\Air Conditioning\Size_Share\Large . 'Activity Level' = Interp(2014, 11.988801119888011, 2015, 12.120000000000001...
      [OK]  Key\Residential\Air Conditioning\Size_Share\Medium . 'Activity Level' = Interp(2014, 16.028397160283976, 2015, 16.2, 2016, 16.388...
      [OK]  Key\Residential\Air Conditioning\Size_Share\Small . 'Activity Level' = Interp(2014, 71.98280171982802, 2015, 71.68, 2016, 71.352...
      [OK]  Key\Residential\Air Conditioning\Percent Ownership . 'Activity Level' = Interp(2014, 0.32, 2015, 0.34, 2016, 0.36, 2017, 0.39, 20...
      [OK]  Key\Residential\Air Conditioning\Useful_EI\Large . 'Activity Level' = Interp(2014, 0.160335339638865)
      [OK]  Key\Residential\Air Conditioning\Useful_EI\Medium . 'Activity Level' = Interp(2014, 0.09773000859845227)
      [OK]  Key\Residential\Air Conditioning\Useful_EI\Small . 'Activity Level' = Interp(2014, 0.0672914875322442)
      [OK]  Demand\Residential\Projections\Air Conditioning_\Large\High_eff . 'Capital Cost' = Interp(2014, 1136.62, 2015, 1136.62, 2016, 1136.62, 2017,...
      [OK]  Demand\Residential\Projections\Air Conditioning_\Large\Low_eff . 'Capital Cost' = Interp(2014, 1082.5, 2015, 1082.5, 2016, 1082.5, 2017, 10...
      [OK]  Demand\Residential\Projections\Air Conditioning_\Large\Mid_eff . 'Capital Cost' = Interp(2014, 1109.56, 2015, 1109.56, 2016, 1109.56, 2017,...
      [OK]  Demand\Residential\Projections\Air Conditioning_\Medium\High_eff . 'Capital Cost' = Interp(2014, 709.3, 2015, 709.3, 2016, 709.3, 2017, 709.3...
      [OK]  Demand\Residential\Projections\Air Conditioning_\Medium\Low_eff . 'Capital Cost' = Interp(2014, 528.0, 2015, 528.0, 2016, 528.0, 2017, 528.0...
      [OK]  Demand\Residential\Projections\Air Conditioning_\Medium\Mid_eff . 'Capital Cost' = Interp(2014, 481.4, 2015, 481.4, 2016, 481.4, 2017, 481.4...
      [OK]  Demand\Residential\Projections\Air Conditioning_\Small\High_eff . 'Capital Cost' = Interp(2014, 557.5, 2015, 557.5, 2016, 557.5, 2017, 557.5...
      [OK]  Demand\Residential\Projections\Air Conditioning_\Small\Low_eff . 'Capital Cost' = Interp(2014, 309.9, 2015, 309.9, 2016, 309.9, 2017, 309.9...
      [OK]  Demand\Residential\Projections\Air Conditioning_\Small\Mid_eff . 'Capital Cost' = Interp(2014, 328.9, 2015, 328.9, 2016, 328.9, 2017, 328.9...
      [OK]  Demand\Residential\Projections\Air Conditioning_\Large\High_eff . 'Efficiency' = Interp(2014, 100.0)
      [OK]  Demand\Residential\Projections\Air Conditioning_\Large\Low_eff . 'Efficiency' = Interp(2014, 52.93533185715097)
      [OK]  Demand\Residential\Projections\Air Conditioning_\Large\Mid_eff . 'Efficiency' = Interp(2014, 72.32565355674502)
      [OK]  Demand\Residential\Projections\Air Conditioning_\Medium\High_eff . 'Efficiency' = Interp(2014, 100.0)
      [OK]  Demand\Residential\Projections\Air Conditioning_\Medium\Low_eff . 'Efficiency' = Interp(2014, 51.08085029886297)
      [OK]  Demand\Residential\Projections\Air Conditioning_\Medium\Mid_eff . 'Efficiency' = Interp(2014, 75.04291562128614)
      [OK]  Demand\Residential\Projections\Air Conditioning_\Small\High_eff . 'Efficiency' = Interp(2014, 100.0)
      [OK]  Demand\Residential\Projections\Air Conditioning_\Small\Low_eff . 'Efficiency' = Interp(2014, 64.46989043578549)
      [OK]  Demand\Residential\Projections\Air Conditioning_\Small\Mid_eff . 'Efficiency' = Interp(2014, 81.93048576214406)
      [OK]  Demand\Residential\Projections\Air Conditioning_\Large\High_eff . 'Exogenous Devices' = Interp(2005, 402398.5, 2006, 434470, 2007, 469156.4, 2008...
      [OK]  Demand\Residential\Projections\Air Conditioning_\Large\Low_eff . 'Exogenous Devices' = Interp(2005, 451325.6, 2006, 487296.6, 2007, 526200.4, 20...
      [OK]  Demand\Residential\Projections\Air Conditioning_\Large\Mid_eff . 'Exogenous Devices' = Interp(2005, 585353.2, 2006, 632006.3, 2007, 682463.1, 20...
      [OK]  Demand\Residential\Projections\Air Conditioning_\Medium\High_eff . 'Exogenous Devices' = Interp(2005, 460543.6, 2006, 497249.2, 2007, 536947.6, 20...
      [OK]  Demand\Residential\Projections\Air Conditioning_\Medium\Low_eff . 'Exogenous Devices' = Interp(2005, 891499.8, 2006, 962553, 2007, 1039399.4, 200...
      [OK]  Demand\Residential\Projections\Air Conditioning_\Medium\Mid_eff . 'Exogenous Devices' = Interp(2005, 571783, 2006, 617354.5, 2007, 666641.7, 2008...
      [OK]  Demand\Residential\Projections\Air Conditioning_\Small\High_eff . 'Exogenous Devices' = Interp(2005, 1228325.1, 2006, 1326223.4, 2007, 1432103.8,...
      [OK]  Demand\Residential\Projections\Air Conditioning_\Small\Low_eff . 'Exogenous Devices' = Interp(2005, 2967281.4, 2006, 3203775.7, 2007, 3459552.5,...
      [OK]  Demand\Residential\Projections\Air Conditioning_\Small\Mid_eff . 'Exogenous Devices' = Interp(2005, 2764049.8, 2006, 2984346.4, 2007, 3222604.8,...
      [OK]  Demand\Residential\Projections\Air Conditioning_\Large\High_eff . 'Fixed OM Cost' = 0
      [OK]  Demand\Residential\Projections\Air Conditioning_\Large\Low_eff . 'Fixed OM Cost' = 0
      [OK]  Demand\Residential\Projections\Air Conditioning_\Large\Mid_eff . 'Fixed OM Cost' = 0
      [OK]  Demand\Residential\Projections\Air Conditioning_\Medium\High_eff . 'Fixed OM Cost' = 0
      [OK]  Demand\Residential\Projections\Air Conditioning_\Medium\Low_eff . 'Fixed OM Cost' = 0
      [OK]  Demand\Residential\Projections\Air Conditioning_\Medium\Mid_eff . 'Fixed OM Cost' = 0
      [OK]  Demand\Residential\Projections\Air Conditioning_\Small\High_eff . 'Fixed OM Cost' = 0
      [OK]  Demand\Residential\Projections\Air Conditioning_\Small\Low_eff . 'Fixed OM Cost' = 0
      [OK]  Demand\Residential\Projections\Air Conditioning_\Small\Mid_eff . 'Fixed OM Cost' = 0
      [OK]  Demand\Residential\Projections\Air Conditioning_\Large\High_eff . 'Lifetime' = 15
      [OK]  Demand\Residential\Projections\Air Conditioning_\Large\Low_eff . 'Lifetime' = 15
      [OK]  Demand\Residential\Projections\Air Conditioning_\Large\Mid_eff . 'Lifetime' = 15
      [OK]  Demand\Residential\Projections\Air Conditioning_\Medium\High_eff . 'Lifetime' = 15
      [OK]  Demand\Residential\Projections\Air Conditioning_\Medium\Low_eff . 'Lifetime' = 15
      [OK]  Demand\Residential\Projections\Air Conditioning_\Medium\Mid_eff . 'Lifetime' = 15
      [OK]  Demand\Residential\Projections\Air Conditioning_\Small\High_eff . 'Lifetime' = 15
      [OK]  Demand\Residential\Projections\Air Conditioning_\Small\Low_eff . 'Lifetime' = 15
      [OK]  Demand\Residential\Projections\Air Conditioning_\Small\Mid_eff . 'Lifetime' = 15
      [OK]  Demand\Residential\Projections\Air Conditioning_\Large\High_eff . 'Unit Capacity' = Interp(2014, 0.5597)
      [OK]  Demand\Residential\Projections\Air Conditioning_\Large\Low_eff . 'Unit Capacity' = Interp(2014, 0.5597)
      [OK]  Demand\Residential\Projections\Air Conditioning_\Large\Mid_eff . 'Unit Capacity' = Interp(2014, 0.5597)
      [OK]  Demand\Residential\Projections\Air Conditioning_\Medium\High_eff . 'Unit Capacity' = Interp(2014, 0.3411)
      [OK]  Demand\Residential\Projections\Air Conditioning_\Medium\Low_eff . 'Unit Capacity' = Interp(2014, 0.3411)
      [OK]  Demand\Residential\Projections\Air Conditioning_\Medium\Mid_eff . 'Unit Capacity' = Interp(2014, 0.3411)
      [OK]  Demand\Residential\Projections\Air Conditioning_\Small\High_eff . 'Unit Capacity' = Interp(2014, 0.2349)
      [OK]  Demand\Residential\Projections\Air Conditioning_\Small\Low_eff . 'Unit Capacity' = Interp(2014, 0.2349)
      [OK]  Demand\Residential\Projections\Air Conditioning_\Small\Mid_eff . 'Unit Capacity' = Interp(2014, 0.2349)
      [OK]  Demand\Residential\Projections\Air Conditioning_\Large\High_eff . 'Variable OM Cost' = Interp(2014, 188.33470000000003)
      [OK]  Demand\Residential\Projections\Air Conditioning_\Large\Low_eff . 'Variable OM Cost' = Interp(2014, 355.7826)
      [OK]  Demand\Residential\Projections\Air Conditioning_\Large\Mid_eff . 'Variable OM Cost' = Interp(2014, 260.3982)
      [OK]  Demand\Residential\Projections\Air Conditioning_\Medium\High_eff . 'Variable OM Cost' = Interp(2014, 114.7966)
      [OK]  Demand\Residential\Projections\Air Conditioning_\Medium\Low_eff . 'Variable OM Cost' = Interp(2014, 224.73510000000002)
      [OK]  Demand\Residential\Projections\Air Conditioning_\Medium\Mid_eff . 'Variable OM Cost' = Interp(2014, 152.9746)
      [OK]  Demand\Residential\Projections\Air Conditioning_\Small\High_eff . 'Variable OM Cost' = Interp(2014, 79.04260000000001)
      [OK]  Demand\Residential\Projections\Air Conditioning_\Small\Low_eff . 'Variable OM Cost' = Interp(2014, 122.60390000000001)
      [OK]  Demand\Residential\Projections\Air Conditioning_\Small\Mid_eff . 'Variable OM Cost' = Interp(2014, 96.47520000000002)
    --- region 'Laos' (79 rows) ---
      [OK]  Key\Residential\Air Conditioning\Efficiency_Share\Large_High . 'Activity Level' = Interp(2014, 10.23546371936569, 2015, 10.783847980997624,...
      [OK]  Key\Residential\Air Conditioning\Efficiency_Share\Large_Low . 'Activity Level' = Interp(2014, 42.62373858721768, 2015, 42.1852731591449, 2...
      [OK]  Key\Residential\Air Conditioning\Efficiency_Share\Large_Mid . 'Activity Level' = Interp(2014, 47.14079769341663, 2015, 47.03087885985748, ...
      [OK]  Key\Residential\Air Conditioning\Efficiency_Share\Medium_High . 'Activity Level' = Interp(2014, 9.8729792147806, 2015, 10.159817351598175, 2...
      [OK]  Key\Residential\Air Conditioning\Efficiency_Share\Medium_Low . 'Activity Level' = Interp(2014, 62.06697459584295, 2015, 61.58675799086758, ...
      [OK]  Key\Residential\Air Conditioning\Efficiency_Share\Medium_Mid . 'Activity Level' = Interp(2014, 28.060046189376447, 2015, 28.25342465753425,...
      [OK]  Key\Residential\Air Conditioning\Efficiency_Share\Small_High . 'Activity Level' = Interp(2014, 7.032007759456837, 2015, 7.392932747109591, ...
      [OK]  Key\Residential\Air Conditioning\Efficiency_Share\Small_Low . 'Activity Level' = Interp(2014, 56.41771742644681, 2015, 56.016935352548444,...
      [OK]  Key\Residential\Air Conditioning\Efficiency_Share\Small_Mid . 'Activity Level' = Interp(2014, 36.55027481409635, 2015, 36.590131900341966,...
      [OK]  Key\Residential\Air Conditioning\Size_Share\Large . 'Activity Level' = Interp(2014, 20.812081208120812, 2015, 21.054210842168438...
      [OK]  Key\Residential\Air Conditioning\Size_Share\Medium . 'Activity Level' = Interp(2014, 17.32173217321732, 2015, 17.52350470094019, ...
      [OK]  Key\Residential\Air Conditioning\Size_Share\Small . 'Activity Level' = Interp(2014, 61.866186618661864, 2015, 61.42228445689138,...
      [OK]  Key\Residential\Air Conditioning\Percent Ownership . 'Activity Level' = Interp(2014, 0.14, 2015, 0.16, 2016, 0.17, 2017, 0.19, 20...
      [OK]  Key\Residential\Air Conditioning\Useful_EI\Large . 'Activity Level' = Interp(2014, 0.160335339638865)
      [OK]  Key\Residential\Air Conditioning\Useful_EI\Medium . 'Activity Level' = Interp(2014, 0.09773000859845227)
      [OK]  Key\Residential\Air Conditioning\Useful_EI\Small . 'Activity Level' = Interp(2014, 0.0672914875322442)
      [OK]  Demand\Residential\Projections\Air Conditioning_\Large\High_eff . 'Capital Cost' = Interp(2014, 1136.62, 2015, 1136.62, 2016, 1136.62, 2017,...
      [OK]  Demand\Residential\Projections\Air Conditioning_\Large\Low_eff . 'Capital Cost' = Interp(2014, 1082.5, 2015, 1082.5, 2016, 1082.5, 2017, 10...
      [OK]  Demand\Residential\Projections\Air Conditioning_\Large\Mid_eff . 'Capital Cost' = Interp(2014, 1109.56, 2015, 1109.56, 2016, 1109.56, 2017,...
      [OK]  Demand\Residential\Projections\Air Conditioning_\Medium\High_eff . 'Capital Cost' = Interp(2014, 709.3, 2015, 709.3, 2016, 709.3, 2017, 709.3...
      [OK]  Demand\Residential\Projections\Air Conditioning_\Medium\Low_eff . 'Capital Cost' = Interp(2014, 528.0, 2015, 528.0, 2016, 528.0, 2017, 528.0...
      [OK]  Demand\Residential\Projections\Air Conditioning_\Medium\Mid_eff . 'Capital Cost' = Interp(2014, 481.4, 2015, 481.4, 2016, 481.4, 2017, 481.4...
      [OK]  Demand\Residential\Projections\Air Conditioning_\Small\High_eff . 'Capital Cost' = Interp(2014, 557.5, 2015, 557.5, 2016, 557.5, 2017, 557.5...
      [OK]  Demand\Residential\Projections\Air Conditioning_\Small\Low_eff . 'Capital Cost' = Interp(2014, 309.9, 2015, 309.9, 2016, 309.9, 2017, 309.9...
      [OK]  Demand\Residential\Projections\Air Conditioning_\Small\Mid_eff . 'Capital Cost' = Interp(2014, 328.9, 2015, 328.9, 2016, 328.9, 2017, 328.9...
      [OK]  Demand\Residential\Projections\Air Conditioning_\Large\High_eff . 'Efficiency' = Interp(2014, 100.0)
      [OK]  Demand\Residential\Projections\Air Conditioning_\Large\Low_eff . 'Efficiency' = Interp(2014, 52.93533185715097)
      [OK]  Demand\Residential\Projections\Air Conditioning_\Large\Mid_eff . 'Efficiency' = Interp(2014, 72.32565355674502)
      [OK]  Demand\Residential\Projections\Air Conditioning_\Medium\High_eff . 'Efficiency' = Interp(2014, 100.0)
      [OK]  Demand\Residential\Projections\Air Conditioning_\Medium\Low_eff . 'Efficiency' = Interp(2014, 51.08085029886297)
      [OK]  Demand\Residential\Projections\Air Conditioning_\Medium\Mid_eff . 'Efficiency' = Interp(2014, 75.04291562128614)
      [OK]  Demand\Residential\Projections\Air Conditioning_\Small\High_eff . 'Efficiency' = Interp(2014, 100.0)
      [OK]  Demand\Residential\Projections\Air Conditioning_\Small\Low_eff . 'Efficiency' = Interp(2014, 64.46989043578549)
      [OK]  Demand\Residential\Projections\Air Conditioning_\Small\Mid_eff . 'Efficiency' = Interp(2014, 81.93048576214406)
      [OK]  Demand\Residential\Projections\Air Conditioning_\Large\High_eff . 'Exogenous Devices' = Interp(2005, 4375.8, 2006, 4866.4, 2007, 5411.7, 2008, 60...
      [OK]  Demand\Residential\Projections\Air Conditioning_\Large\Low_eff . 'Exogenous Devices' = Interp(2005, 7768.5, 2006, 8639.5, 2007, 9607.5, 2008, 10...
      [OK]  Demand\Residential\Projections\Air Conditioning_\Large\Mid_eff . 'Exogenous Devices' = Interp(2005, 9320.9, 2006, 10365.9, 2007, 11527.4, 2008, ...
      [OK]  Demand\Residential\Projections\Air Conditioning_\Medium\High_eff . 'Exogenous Devices' = Interp(2005, 3207.4, 2006, 3567, 2007, 3966.6, 2008, 4409...
      [OK]  Demand\Residential\Projections\Air Conditioning_\Medium\Low_eff . 'Exogenous Devices' = Interp(2005, 9459.9, 2006, 10520.5, 2007, 11699.3, 2008, ...
      [OK]  Demand\Residential\Projections\Air Conditioning_\Medium\Mid_eff . 'Exogenous Devices' = Interp(2005, 5218.2, 2006, 5803.2, 2007, 6453.5, 2008, 71...
      [OK]  Demand\Residential\Projections\Air Conditioning_\Small\High_eff . 'Exogenous Devices' = Interp(2005, 6802, 2006, 7564.6, 2007, 8412.2, 2008, 9352...
      [OK]  Demand\Residential\Projections\Air Conditioning_\Small\Low_eff . 'Exogenous Devices' = Interp(2005, 25039.9, 2006, 27847.3, 2007, 30967.6, 2008,...
      [OK]  Demand\Residential\Projections\Air Conditioning_\Small\Mid_eff . 'Exogenous Devices' = Interp(2005, 19825, 2006, 22047.8, 2007, 24518.3, 2008, 2...
      [OK]  Demand\Residential\Projections\Air Conditioning_\Large\High_eff . 'Fixed OM Cost' = 0
      [OK]  Demand\Residential\Projections\Air Conditioning_\Large\Low_eff . 'Fixed OM Cost' = 0
      [OK]  Demand\Residential\Projections\Air Conditioning_\Large\Mid_eff . 'Fixed OM Cost' = 0
      [OK]  Demand\Residential\Projections\Air Conditioning_\Medium\High_eff . 'Fixed OM Cost' = 0
      [OK]  Demand\Residential\Projections\Air Conditioning_\Medium\Low_eff . 'Fixed OM Cost' = 0
      [OK]  Demand\Residential\Projections\Air Conditioning_\Medium\Mid_eff . 'Fixed OM Cost' = 0
      [OK]  Demand\Residential\Projections\Air Conditioning_\Small\High_eff . 'Fixed OM Cost' = 0
      [OK]  Demand\Residential\Projections\Air Conditioning_\Small\Low_eff . 'Fixed OM Cost' = 0
      [OK]  Demand\Residential\Projections\Air Conditioning_\Small\Mid_eff . 'Fixed OM Cost' = 0
      [OK]  Demand\Residential\Projections\Air Conditioning_\Large\High_eff . 'Lifetime' = 15
      [OK]  Demand\Residential\Projections\Air Conditioning_\Large\Low_eff . 'Lifetime' = 15
      [OK]  Demand\Residential\Projections\Air Conditioning_\Large\Mid_eff . 'Lifetime' = 15
      [OK]  Demand\Residential\Projections\Air Conditioning_\Medium\High_eff . 'Lifetime' = 15
      [OK]  Demand\Residential\Projections\Air Conditioning_\Medium\Low_eff . 'Lifetime' = 15
      [OK]  Demand\Residential\Projections\Air Conditioning_\Medium\Mid_eff . 'Lifetime' = 15
      [OK]  Demand\Residential\Projections\Air Conditioning_\Small\High_eff . 'Lifetime' = 15
      [OK]  Demand\Residential\Projections\Air Conditioning_\Small\Low_eff . 'Lifetime' = 15
      [OK]  Demand\Residential\Projections\Air Conditioning_\Small\Mid_eff . 'Lifetime' = 15
      [OK]  Demand\Residential\Projections\Air Conditioning_\Large\High_eff . 'Unit Capacity' = Interp(2014, 0.5036)
      [OK]  Demand\Residential\Projections\Air Conditioning_\Large\Low_eff . 'Unit Capacity' = Interp(2014, 0.5036)
      [OK]  Demand\Residential\Projections\Air Conditioning_\Large\Mid_eff . 'Unit Capacity' = Interp(2014, 0.5036)
      [OK]  Demand\Residential\Projections\Air Conditioning_\Medium\High_eff . 'Unit Capacity' = Interp(2014, 0.307)
      [OK]  Demand\Residential\Projections\Air Conditioning_\Medium\Low_eff . 'Unit Capacity' = Interp(2014, 0.307)
      [OK]  Demand\Residential\Projections\Air Conditioning_\Medium\Mid_eff . 'Unit Capacity' = Interp(2014, 0.307)
      [OK]  Demand\Residential\Projections\Air Conditioning_\Small\High_eff . 'Unit Capacity' = Interp(2014, 0.2114)
      [OK]  Demand\Residential\Projections\Air Conditioning_\Small\Low_eff . 'Unit Capacity' = Interp(2014, 0.2114)
      [OK]  Demand\Residential\Projections\Air Conditioning_\Small\Mid_eff . 'Unit Capacity' = Interp(2014, 0.2114)
      [OK]  Demand\Residential\Projections\Air Conditioning_\Large\High_eff . 'Variable OM Cost' = Interp(2014, 146.37895)
      [OK]  Demand\Residential\Projections\Air Conditioning_\Large\Low_eff . 'Variable OM Cost' = Interp(2014, 276.5241)
      [OK]  Demand\Residential\Projections\Air Conditioning_\Large\Mid_eff . 'Variable OM Cost' = Interp(2014, 202.3887)
      [OK]  Demand\Residential\Projections\Air Conditioning_\Medium\High_eff . 'Variable OM Cost' = Interp(2014, 89.22309999999999)
      [OK]  Demand\Residential\Projections\Air Conditioning_\Medium\Low_eff . 'Variable OM Cost' = Interp(2014, 174.67034999999998)
      [OK]  Demand\Residential\Projections\Air Conditioning_\Medium\Mid_eff . 'Variable OM Cost' = Interp(2014, 118.89609999999999)
      [OK]  Demand\Residential\Projections\Air Conditioning_\Small\High_eff . 'Variable OM Cost' = Interp(2014, 61.4341)
      [OK]  Demand\Residential\Projections\Air Conditioning_\Small\Low_eff . 'Variable OM Cost' = Interp(2014, 95.29115)
      [OK]  Demand\Residential\Projections\Air Conditioning_\Small\Mid_eff . 'Variable OM Cost' = Interp(2014, 74.98320000000001)
    --- region 'Malaysia' (79 rows) ---
      [OK]  Key\Residential\Air Conditioning\Efficiency_Share\Large_High . 'Activity Level' = Interp(2014, 17.96194775878749, 2015, 20.275906320179658,...
      [OK]  Key\Residential\Air Conditioning\Efficiency_Share\Large_Low . 'Activity Level' = Interp(2014, 37.69751693002257, 2015, 36.22072505614372, ...
      [OK]  Key\Residential\Air Conditioning\Efficiency_Share\Large_Mid . 'Activity Level' = Interp(2014, 44.340535311189946, 2015, 43.503368623676614...
      [OK]  Key\Residential\Air Conditioning\Efficiency_Share\Medium_High . 'Activity Level' = Interp(2014, 15.881458966565349, 2015, 17.724867724867728...
      [OK]  Key\Residential\Air Conditioning\Efficiency_Share\Medium_Low . 'Activity Level' = Interp(2014, 55.16717325227963, 2015, 53.13681027966742, ...
      [OK]  Key\Residential\Air Conditioning\Efficiency_Share\Medium_Mid . 'Activity Level' = Interp(2014, 28.951367781155014, 2015, 29.13832199546485,...
      [OK]  Key\Residential\Air Conditioning\Efficiency_Share\Small_High . 'Activity Level' = Interp(2014, 11.788141551441294, 2015, 13.166588013213781...
      [OK]  Key\Residential\Air Conditioning\Efficiency_Share\Small_Low . 'Activity Level' = Interp(2014, 50.26951019451605, 2015, 48.48985370457764, ...
      [OK]  Key\Residential\Air Conditioning\Efficiency_Share\Small_Mid . 'Activity Level' = Interp(2014, 37.942348254042656, 2015, 38.3435582822086, ...
      [OK]  Key\Residential\Air Conditioning\Size_Share\Large . 'Activity Level' = Interp(2014, 31.009999999999998, 2015, 31.166883311668837...
      [OK]  Key\Residential\Air Conditioning\Size_Share\Medium . 'Activity Level' = Interp(2014, 26.32, 2015, 26.45735426457354, 2016, 26.577...
      [OK]  Key\Residential\Air Conditioning\Size_Share\Small . 'Activity Level' = Interp(2014, 42.67, 2015, 42.37576242375762, 2016, 42.115...
      [OK]  Key\Residential\Air Conditioning\Percent Ownership . 'Activity Level' = Interp(2014, 1.11, 2015, 1.15, 2016, 1.19, 2017, 1.25, 20...
      [OK]  Key\Residential\Air Conditioning\Useful_EI\Large . 'Activity Level' = Interp(2014, 0.160335339638865)
      [OK]  Key\Residential\Air Conditioning\Useful_EI\Medium . 'Activity Level' = Interp(2014, 0.09773000859845227)
      [OK]  Key\Residential\Air Conditioning\Useful_EI\Small . 'Activity Level' = Interp(2014, 0.0672914875322442)
      [OK]  Demand\Residential\Projections\Air Conditioning_\Large\High_eff . 'Capital Cost' = Interp(2014, 1136.62, 2015, 1136.62, 2016, 1136.62, 2017,...
      [OK]  Demand\Residential\Projections\Air Conditioning_\Large\Low_eff . 'Capital Cost' = Interp(2014, 1082.5, 2015, 1082.5, 2016, 1082.5, 2017, 10...
      [OK]  Demand\Residential\Projections\Air Conditioning_\Large\Mid_eff . 'Capital Cost' = Interp(2014, 1109.56, 2015, 1109.56, 2016, 1109.56, 2017,...
      [OK]  Demand\Residential\Projections\Air Conditioning_\Medium\High_eff . 'Capital Cost' = Interp(2014, 709.3, 2015, 709.3, 2016, 709.3, 2017, 709.3...
      [OK]  Demand\Residential\Projections\Air Conditioning_\Medium\Low_eff . 'Capital Cost' = Interp(2014, 528.0, 2015, 528.0, 2016, 528.0, 2017, 528.0...
      [OK]  Demand\Residential\Projections\Air Conditioning_\Medium\Mid_eff . 'Capital Cost' = Interp(2014, 481.4, 2015, 481.4, 2016, 481.4, 2017, 481.4...
      [OK]  Demand\Residential\Projections\Air Conditioning_\Small\High_eff . 'Capital Cost' = Interp(2014, 557.5, 2015, 557.5, 2016, 557.5, 2017, 557.5...
      [OK]  Demand\Residential\Projections\Air Conditioning_\Small\Low_eff . 'Capital Cost' = Interp(2014, 309.9, 2015, 309.9, 2016, 309.9, 2017, 309.9...
      [OK]  Demand\Residential\Projections\Air Conditioning_\Small\Mid_eff . 'Capital Cost' = Interp(2014, 328.9, 2015, 328.9, 2016, 328.9, 2017, 328.9...
      [OK]  Demand\Residential\Projections\Air Conditioning_\Large\High_eff . 'Efficiency' = Interp(2014, 100.0)
      [OK]  Demand\Residential\Projections\Air Conditioning_\Large\Low_eff . 'Efficiency' = Interp(2014, 52.93533185715097)
      [OK]  Demand\Residential\Projections\Air Conditioning_\Large\Mid_eff . 'Efficiency' = Interp(2014, 72.32565355674502)
      [OK]  Demand\Residential\Projections\Air Conditioning_\Medium\High_eff . 'Efficiency' = Interp(2014, 100.0)
      [OK]  Demand\Residential\Projections\Air Conditioning_\Medium\Low_eff . 'Efficiency' = Interp(2014, 51.08085029886297)
      [OK]  Demand\Residential\Projections\Air Conditioning_\Medium\Mid_eff . 'Efficiency' = Interp(2014, 75.04291562128614)
      [OK]  Demand\Residential\Projections\Air Conditioning_\Small\High_eff . 'Efficiency' = Interp(2014, 100.0)
      [OK]  Demand\Residential\Projections\Air Conditioning_\Small\Low_eff . 'Efficiency' = Interp(2014, 64.46989043578549)
      [OK]  Demand\Residential\Projections\Air Conditioning_\Small\Mid_eff . 'Efficiency' = Interp(2014, 81.93048576214406)
      [OK]  Demand\Residential\Projections\Air Conditioning_\Large\High_eff . 'Exogenous Devices' = Interp(2005, 1130004.7, 2006, 1198096.4, 2007, 1269545, 2...
      [OK]  Demand\Residential\Projections\Air Conditioning_\Large\Low_eff . 'Exogenous Devices' = Interp(2005, 126834.8, 2006, 134477.6, 2007, 142497.2, 20...
      [OK]  Demand\Residential\Projections\Air Conditioning_\Large\Mid_eff . 'Exogenous Devices' = Interp(2005, 459156.4, 2006, 486824.1, 2007, 515856, 2008...
      [OK]  Demand\Residential\Projections\Air Conditioning_\Medium\High_eff . 'Exogenous Devices' = Interp(2005, 793662.6, 2006, 841487, 2007, 891669.2, 2008...
      [OK]  Demand\Residential\Projections\Air Conditioning_\Medium\Low_eff . 'Exogenous Devices' = Interp(2005, 188009.4, 2006, 199338.5, 2007, 211226, 2008...
      [OK]  Demand\Residential\Projections\Air Conditioning_\Medium\Mid_eff . 'Exogenous Devices' = Interp(2005, 475298.8, 2006, 503939.3, 2007, 533991.8, 20...
      [OK]  Demand\Residential\Projections\Air Conditioning_\Small\High_eff . 'Exogenous Devices' = Interp(2005, 821273.5, 2006, 870761.7, 2007, 922689.7, 20...
      [OK]  Demand\Residential\Projections\Air Conditioning_\Small\Low_eff . 'Exogenous Devices' = Interp(2005, 263246.1, 2006, 279108.7, 2007, 295753.4, 20...
      [OK]  Demand\Residential\Projections\Air Conditioning_\Small\Mid_eff . 'Exogenous Devices' = Interp(2005, 946428.8, 2006, 1003458.5, 2007, 1063299.9, ...
      [OK]  Demand\Residential\Projections\Air Conditioning_\Large\High_eff . 'Fixed OM Cost' = 0
      [OK]  Demand\Residential\Projections\Air Conditioning_\Large\Low_eff . 'Fixed OM Cost' = 0
      [OK]  Demand\Residential\Projections\Air Conditioning_\Large\Mid_eff . 'Fixed OM Cost' = 0
      [OK]  Demand\Residential\Projections\Air Conditioning_\Medium\High_eff . 'Fixed OM Cost' = 0
      [OK]  Demand\Residential\Projections\Air Conditioning_\Medium\Low_eff . 'Fixed OM Cost' = 0
      [OK]  Demand\Residential\Projections\Air Conditioning_\Medium\Mid_eff . 'Fixed OM Cost' = 0
      [OK]  Demand\Residential\Projections\Air Conditioning_\Small\High_eff . 'Fixed OM Cost' = 0
      [OK]  Demand\Residential\Projections\Air Conditioning_\Small\Low_eff . 'Fixed OM Cost' = 0
      [OK]  Demand\Residential\Projections\Air Conditioning_\Small\Mid_eff . 'Fixed OM Cost' = 0
      [OK]  Demand\Residential\Projections\Air Conditioning_\Large\High_eff . 'Lifetime' = 15
      [OK]  Demand\Residential\Projections\Air Conditioning_\Large\Low_eff . 'Lifetime' = 15
      [OK]  Demand\Residential\Projections\Air Conditioning_\Large\Mid_eff . 'Lifetime' = 15
      [OK]  Demand\Residential\Projections\Air Conditioning_\Medium\High_eff . 'Lifetime' = 15
      [OK]  Demand\Residential\Projections\Air Conditioning_\Medium\Low_eff . 'Lifetime' = 15
      [OK]  Demand\Residential\Projections\Air Conditioning_\Medium\Mid_eff . 'Lifetime' = 15
      [OK]  Demand\Residential\Projections\Air Conditioning_\Small\High_eff . 'Lifetime' = 15
      [OK]  Demand\Residential\Projections\Air Conditioning_\Small\Low_eff . 'Lifetime' = 15
      [OK]  Demand\Residential\Projections\Air Conditioning_\Small\Mid_eff . 'Lifetime' = 15
      [OK]  Demand\Residential\Projections\Air Conditioning_\Large\High_eff . 'Unit Capacity' = Interp(2014, 0.4686)
      [OK]  Demand\Residential\Projections\Air Conditioning_\Large\Low_eff . 'Unit Capacity' = Interp(2014, 0.4686)
      [OK]  Demand\Residential\Projections\Air Conditioning_\Large\Mid_eff . 'Unit Capacity' = Interp(2014, 0.4686)
      [OK]  Demand\Residential\Projections\Air Conditioning_\Medium\High_eff . 'Unit Capacity' = Interp(2014, 0.2857)
      [OK]  Demand\Residential\Projections\Air Conditioning_\Medium\Low_eff . 'Unit Capacity' = Interp(2014, 0.2857)
      [OK]  Demand\Residential\Projections\Air Conditioning_\Medium\Mid_eff . 'Unit Capacity' = Interp(2014, 0.2857)
      [OK]  Demand\Residential\Projections\Air Conditioning_\Small\High_eff . 'Unit Capacity' = Interp(2014, 0.1967)
      [OK]  Demand\Residential\Projections\Air Conditioning_\Small\Low_eff . 'Unit Capacity' = Interp(2014, 0.1967)
      [OK]  Demand\Residential\Projections\Air Conditioning_\Small\Mid_eff . 'Unit Capacity' = Interp(2014, 0.1967)
      [OK]  Demand\Residential\Projections\Air Conditioning_\Large\High_eff . 'Variable OM Cost' = Interp(2014, 113.7467)
      [OK]  Demand\Residential\Projections\Air Conditioning_\Large\Low_eff . 'Variable OM Cost' = Interp(2014, 214.87859999999998)
      [OK]  Demand\Residential\Projections\Air Conditioning_\Large\Mid_eff . 'Variable OM Cost' = Interp(2014, 157.2702)
      [OK]  Demand\Residential\Projections\Air Conditioning_\Medium\High_eff . 'Variable OM Cost' = Interp(2014, 69.3326)
      [OK]  Demand\Residential\Projections\Air Conditioning_\Medium\Low_eff . 'Variable OM Cost' = Interp(2014, 135.7311)
      [OK]  Demand\Residential\Projections\Air Conditioning_\Medium\Mid_eff . 'Variable OM Cost' = Interp(2014, 92.39059999999999)
      [OK]  Demand\Residential\Projections\Air Conditioning_\Small\High_eff . 'Variable OM Cost' = Interp(2014, 47.7386)
      [OK]  Demand\Residential\Projections\Air Conditioning_\Small\Low_eff . 'Variable OM Cost' = Interp(2014, 74.0479)
      [OK]  Demand\Residential\Projections\Air Conditioning_\Small\Mid_eff . 'Variable OM Cost' = Interp(2014, 58.2672)
    --- region 'Myanmar' (79 rows) ---
      [OK]  Key\Residential\Air Conditioning\Efficiency_Share\Large_High . 'Activity Level' = Interp(2014, 11.39983235540654, 2015, 12.240663900414937,...
      [OK]  Key\Residential\Air Conditioning\Efficiency_Share\Large_Low . 'Activity Level' = Interp(2014, 41.82732606873429, 2015, 41.32780082987552, ...
      [OK]  Key\Residential\Air Conditioning\Efficiency_Share\Large_Mid . 'Activity Level' = Interp(2014, 46.77284157585918, 2015, 46.43153526970954, ...
      [OK]  Key\Residential\Air Conditioning\Efficiency_Share\Medium_High . 'Activity Level' = Interp(2014, 10.571216617210682, 2015, 11.200881380829966...
      [OK]  Key\Residential\Air Conditioning\Efficiency_Share\Medium_Low . 'Activity Level' = Interp(2014, 61.016320474777444, 2015, 60.3011384502387, ...
      [OK]  Key\Residential\Air Conditioning\Efficiency_Share\Medium_Mid . 'Activity Level' = Interp(2014, 28.41246290801187, 2015, 28.49798016893132, ...
      [OK]  Key\Residential\Air Conditioning\Efficiency_Share\Small_High . 'Activity Level' = Interp(2014, 7.806464728603375, 2015, 8.280254777070063, ...
      [OK]  Key\Residential\Air Conditioning\Efficiency_Share\Small_Low . 'Activity Level' = Interp(2014, 55.45842650945314, 2015, 54.83870967741935, ...
      [OK]  Key\Residential\Air Conditioning\Efficiency_Share\Small_Mid . 'Activity Level' = Interp(2014, 36.735108761943486, 2015, 36.88103554551058,...
      [OK]  Key\Residential\Air Conditioning\Size_Share\Large . 'Activity Level' = Interp(2014, 23.85761423857614, 2015, 24.1, 2016, 24.3100...
      [OK]  Key\Residential\Air Conditioning\Size_Share\Medium . 'Activity Level' = Interp(2014, 26.95730426957304, 2015, 27.230000000000004,...
      [OK]  Key\Residential\Air Conditioning\Size_Share\Small . 'Activity Level' = Interp(2014, 49.18508149185081, 2015, 48.67, 2016, 48.21,...
      [OK]  Key\Residential\Air Conditioning\Percent Ownership . 'Activity Level' = Interp(2014, 0.06, 2015, 0.06, 2016, 0.07, 2017, 0.08, 20...
      [OK]  Key\Residential\Air Conditioning\Useful_EI\Large . 'Activity Level' = Interp(2014, 0.160335339638865)
      [OK]  Key\Residential\Air Conditioning\Useful_EI\Medium . 'Activity Level' = Interp(2014, 0.09773000859845227)
      [OK]  Key\Residential\Air Conditioning\Useful_EI\Small . 'Activity Level' = Interp(2014, 0.0672914875322442)
      [OK]  Demand\Residential\Projections\Air Conditioning_\Large\High_eff . 'Capital Cost' = Interp(2014, 1136.62, 2015, 1136.62, 2016, 1136.62, 2017,...
      [OK]  Demand\Residential\Projections\Air Conditioning_\Large\Low_eff . 'Capital Cost' = Interp(2014, 1082.5, 2015, 1082.5, 2016, 1082.5, 2017, 10...
      [OK]  Demand\Residential\Projections\Air Conditioning_\Large\Mid_eff . 'Capital Cost' = Interp(2014, 1109.56, 2015, 1109.56, 2016, 1109.56, 2017,...
      [OK]  Demand\Residential\Projections\Air Conditioning_\Medium\High_eff . 'Capital Cost' = Interp(2014, 709.3, 2015, 709.3, 2016, 709.3, 2017, 709.3...
      [OK]  Demand\Residential\Projections\Air Conditioning_\Medium\Low_eff . 'Capital Cost' = Interp(2014, 528.0, 2015, 528.0, 2016, 528.0, 2017, 528.0...
      [OK]  Demand\Residential\Projections\Air Conditioning_\Medium\Mid_eff . 'Capital Cost' = Interp(2014, 481.4, 2015, 481.4, 2016, 481.4, 2017, 481.4...
      [OK]  Demand\Residential\Projections\Air Conditioning_\Small\High_eff . 'Capital Cost' = Interp(2014, 557.5, 2015, 557.5, 2016, 557.5, 2017, 557.5...
      [OK]  Demand\Residential\Projections\Air Conditioning_\Small\Low_eff . 'Capital Cost' = Interp(2014, 309.9, 2015, 309.9, 2016, 309.9, 2017, 309.9...
      [OK]  Demand\Residential\Projections\Air Conditioning_\Small\Mid_eff . 'Capital Cost' = Interp(2014, 328.9, 2015, 328.9, 2016, 328.9, 2017, 328.9...
      [OK]  Demand\Residential\Projections\Air Conditioning_\Large\High_eff . 'Efficiency' = Interp(2014, 100.0)
      [OK]  Demand\Residential\Projections\Air Conditioning_\Large\Low_eff . 'Efficiency' = Interp(2014, 52.93533185715097)
      [OK]  Demand\Residential\Projections\Air Conditioning_\Large\Mid_eff . 'Efficiency' = Interp(2014, 72.32565355674502)
      [OK]  Demand\Residential\Projections\Air Conditioning_\Medium\High_eff . 'Efficiency' = Interp(2014, 100.0)
      [OK]  Demand\Residential\Projections\Air Conditioning_\Medium\Low_eff . 'Efficiency' = Interp(2014, 51.08085029886297)
      [OK]  Demand\Residential\Projections\Air Conditioning_\Medium\Mid_eff . 'Efficiency' = Interp(2014, 75.04291562128614)
      [OK]  Demand\Residential\Projections\Air Conditioning_\Small\High_eff . 'Efficiency' = Interp(2014, 100.0)
      [OK]  Demand\Residential\Projections\Air Conditioning_\Small\Low_eff . 'Efficiency' = Interp(2014, 64.46989043578549)
      [OK]  Demand\Residential\Projections\Air Conditioning_\Small\Mid_eff . 'Efficiency' = Interp(2014, 81.93048576214406)
      [OK]  Demand\Residential\Projections\Air Conditioning_\Large\High_eff . 'Exogenous Devices' = Interp(2005, 23250.6, 2006, 25406.8, 2007, 27757.7, 2008,...
      [OK]  Demand\Residential\Projections\Air Conditioning_\Large\Low_eff . 'Exogenous Devices' = Interp(2005, 29114.5, 2006, 31814.5, 2007, 34758.4, 2008,...
      [OK]  Demand\Residential\Projections\Air Conditioning_\Large\Mid_eff . 'Exogenous Devices' = Interp(2005, 36962.6, 2006, 40390.5, 2007, 44127.8, 2008,...
      [OK]  Demand\Residential\Projections\Air Conditioning_\Medium\High_eff . 'Exogenous Devices' = Interp(2005, 22588.3, 2006, 24683.1, 2007, 26967, 2008, 2...
      [OK]  Demand\Residential\Projections\Air Conditioning_\Medium\Low_eff . 'Exogenous Devices' = Interp(2005, 48535.2, 2006, 53036.3, 2007, 57943.8, 2008,...
      [OK]  Demand\Residential\Projections\Air Conditioning_\Medium\Mid_eff . 'Exogenous Devices' = Interp(2005, 29859.9, 2006, 32629.1, 2007, 35648.3, 2008,...
      [OK]  Demand\Residential\Projections\Air Conditioning_\Small\High_eff . 'Exogenous Devices' = Interp(2005, 26326.6, 2006, 28768.1, 2007, 31430.1, 2008,...
      [OK]  Demand\Residential\Projections\Air Conditioning_\Small\Low_eff . 'Exogenous Devices' = Interp(2005, 70148, 2006, 76653.4, 2007, 83746.3, 2008, 9...
      [OK]  Demand\Residential\Projections\Air Conditioning_\Small\Mid_eff . 'Exogenous Devices' = Interp(2005, 62676.8, 2006, 68489.3, 2007, 74826.7, 2008,...
      [OK]  Demand\Residential\Projections\Air Conditioning_\Large\High_eff . 'Fixed OM Cost' = 0
      [OK]  Demand\Residential\Projections\Air Conditioning_\Large\Low_eff . 'Fixed OM Cost' = 0
      [OK]  Demand\Residential\Projections\Air Conditioning_\Large\Mid_eff . 'Fixed OM Cost' = 0
      [OK]  Demand\Residential\Projections\Air Conditioning_\Medium\High_eff . 'Fixed OM Cost' = 0
      [OK]  Demand\Residential\Projections\Air Conditioning_\Medium\Low_eff . 'Fixed OM Cost' = 0
      [OK]  Demand\Residential\Projections\Air Conditioning_\Medium\Mid_eff . 'Fixed OM Cost' = 0
      [OK]  Demand\Residential\Projections\Air Conditioning_\Small\High_eff . 'Fixed OM Cost' = 0
      [OK]  Demand\Residential\Projections\Air Conditioning_\Small\Low_eff . 'Fixed OM Cost' = 0
      [OK]  Demand\Residential\Projections\Air Conditioning_\Small\Mid_eff . 'Fixed OM Cost' = 0
      [OK]  Demand\Residential\Projections\Air Conditioning_\Large\High_eff . 'Lifetime' = 15
      [OK]  Demand\Residential\Projections\Air Conditioning_\Large\Low_eff . 'Lifetime' = 15
      [OK]  Demand\Residential\Projections\Air Conditioning_\Large\Mid_eff . 'Lifetime' = 15
      [OK]  Demand\Residential\Projections\Air Conditioning_\Medium\High_eff . 'Lifetime' = 15
      [OK]  Demand\Residential\Projections\Air Conditioning_\Medium\Low_eff . 'Lifetime' = 15
      [OK]  Demand\Residential\Projections\Air Conditioning_\Medium\Mid_eff . 'Lifetime' = 15
      [OK]  Demand\Residential\Projections\Air Conditioning_\Small\High_eff . 'Lifetime' = 15
      [OK]  Demand\Residential\Projections\Air Conditioning_\Small\Low_eff . 'Lifetime' = 15
      [OK]  Demand\Residential\Projections\Air Conditioning_\Small\Mid_eff . 'Lifetime' = 15
      [OK]  Demand\Residential\Projections\Air Conditioning_\Large\High_eff . 'Unit Capacity' = Interp(2014, 0.5097)
      [OK]  Demand\Residential\Projections\Air Conditioning_\Large\Low_eff . 'Unit Capacity' = Interp(2014, 0.5097)
      [OK]  Demand\Residential\Projections\Air Conditioning_\Large\Mid_eff . 'Unit Capacity' = Interp(2014, 0.5097)
      [OK]  Demand\Residential\Projections\Air Conditioning_\Medium\High_eff . 'Unit Capacity' = Interp(2014, 0.3107)
      [OK]  Demand\Residential\Projections\Air Conditioning_\Medium\Low_eff . 'Unit Capacity' = Interp(2014, 0.3107)
      [OK]  Demand\Residential\Projections\Air Conditioning_\Medium\Mid_eff . 'Unit Capacity' = Interp(2014, 0.3107)
      [OK]  Demand\Residential\Projections\Air Conditioning_\Small\High_eff . 'Unit Capacity' = Interp(2014, 0.2139)
      [OK]  Demand\Residential\Projections\Air Conditioning_\Small\Low_eff . 'Unit Capacity' = Interp(2014, 0.2139)
      [OK]  Demand\Residential\Projections\Air Conditioning_\Small\Mid_eff . 'Unit Capacity' = Interp(2014, 0.2139)
      [OK]  Demand\Residential\Projections\Air Conditioning_\Large\High_eff . 'Variable OM Cost' = Interp(2014, 162.04243000000002)
      [OK]  Demand\Residential\Projections\Air Conditioning_\Large\Low_eff . 'Variable OM Cost' = Interp(2014, 306.11394)
      [OK]  Demand\Residential\Projections\Air Conditioning_\Large\Mid_eff . 'Variable OM Cost' = Interp(2014, 224.04558)
      [OK]  Demand\Residential\Projections\Air Conditioning_\Medium\High_eff . 'Variable OM Cost' = Interp(2014, 98.77054)
      [OK]  Demand\Residential\Projections\Air Conditioning_\Medium\Low_eff . 'Variable OM Cost' = Interp(2014, 193.36119)
      [OK]  Demand\Residential\Projections\Air Conditioning_\Medium\Mid_eff . 'Variable OM Cost' = Interp(2014, 131.61874)
      [OK]  Demand\Residential\Projections\Air Conditioning_\Small\High_eff . 'Variable OM Cost' = Interp(2014, 68.00794)
      [OK]  Demand\Residential\Projections\Air Conditioning_\Small\Low_eff . 'Variable OM Cost' = Interp(2014, 105.48791000000001)
      [OK]  Demand\Residential\Projections\Air Conditioning_\Small\Mid_eff . 'Variable OM Cost' = Interp(2014, 83.00688000000001)
    --- region 'Philippines' (79 rows) ---
      [OK]  Key\Residential\Air Conditioning\Efficiency_Share\Large_High . 'Activity Level' = Interp(2014, 15.567282321899736, 2015, 17.339312406576983...
      [OK]  Key\Residential\Air Conditioning\Efficiency_Share\Large_Low . 'Activity Level' = Interp(2014, 39.20090463626084, 2015, 38.07922272047833, ...
      [OK]  Key\Residential\Air Conditioning\Efficiency_Share\Large_Mid . 'Activity Level' = Interp(2014, 45.23181304183942, 2015, 44.5814648729447, 2...
      [OK]  Key\Residential\Air Conditioning\Efficiency_Share\Medium_High . 'Activity Level' = Interp(2014, 13.941148094548964, 2015, 15.406698564593302...
      [OK]  Key\Residential\Air Conditioning\Efficiency_Share\Medium_Low . 'Activity Level' = Interp(2014, 57.26000964785335, 2015, 55.69377990430622, ...
      [OK]  Key\Residential\Air Conditioning\Efficiency_Share\Medium_Mid . 'Activity Level' = Interp(2014, 28.798842257597684, 2015, 28.899521531100476...
      [OK]  Key\Residential\Air Conditioning\Efficiency_Share\Small_High . 'Activity Level' = Interp(2014, 10.333712552142586, 2015, 11.384909264565426...
      [OK]  Key\Residential\Air Conditioning\Efficiency_Share\Small_Low . 'Activity Level' = Interp(2014, 52.16154721274175, 2015, 50.792741165234, 20...
      [OK]  Key\Residential\Air Conditioning\Efficiency_Share\Small_Mid . 'Activity Level' = Interp(2014, 37.50474023511566, 2015, 37.82234957020057, ...
      [OK]  Key\Residential\Air Conditioning\Size_Share\Large . 'Activity Level' = Interp(2014, 26.530000000000005, 2015, 26.75732426757324,...
      [OK]  Key\Residential\Air Conditioning\Size_Share\Medium . 'Activity Level' = Interp(2014, 20.73, 2015, 20.897910208979102, 2016, 21.08...
      [OK]  Key\Residential\Air Conditioning\Size_Share\Small . 'Activity Level' = Interp(2014, 52.739999999999995, 2015, 52.344765523447656...
      [OK]  Key\Residential\Air Conditioning\Percent Ownership . 'Activity Level' = Interp(2014, 0.18, 2015, 0.19, 2016, 0.21, 2017, 0.23, 20...
      [OK]  Key\Residential\Air Conditioning\Useful_EI\Large . 'Activity Level' = Interp(2014, 0.160335339638865)
      [OK]  Key\Residential\Air Conditioning\Useful_EI\Medium . 'Activity Level' = Interp(2014, 0.09773000859845227)
      [OK]  Key\Residential\Air Conditioning\Useful_EI\Small . 'Activity Level' = Interp(2014, 0.0672914875322442)
      [OK]  Demand\Residential\Projections\Air Conditioning_\Large\High_eff . 'Capital Cost' = Interp(2014, 1136.62, 2015, 1136.62, 2016, 1136.62, 2017,...
      [OK]  Demand\Residential\Projections\Air Conditioning_\Large\Low_eff . 'Capital Cost' = Interp(2014, 1082.5, 2015, 1082.5, 2016, 1082.5, 2017, 10...
      [OK]  Demand\Residential\Projections\Air Conditioning_\Large\Mid_eff . 'Capital Cost' = Interp(2014, 1109.56, 2015, 1109.56, 2016, 1109.56, 2017,...
      [OK]  Demand\Residential\Projections\Air Conditioning_\Medium\High_eff . 'Capital Cost' = Interp(2014, 709.3, 2015, 709.3, 2016, 709.3, 2017, 709.3...
      [OK]  Demand\Residential\Projections\Air Conditioning_\Medium\Low_eff . 'Capital Cost' = Interp(2014, 528.0, 2015, 528.0, 2016, 528.0, 2017, 528.0...
      [OK]  Demand\Residential\Projections\Air Conditioning_\Medium\Mid_eff . 'Capital Cost' = Interp(2014, 481.4, 2015, 481.4, 2016, 481.4, 2017, 481.4...
      [OK]  Demand\Residential\Projections\Air Conditioning_\Small\High_eff . 'Capital Cost' = Interp(2014, 557.5, 2015, 557.5, 2016, 557.5, 2017, 557.5...
      [OK]  Demand\Residential\Projections\Air Conditioning_\Small\Low_eff . 'Capital Cost' = Interp(2014, 309.9, 2015, 309.9, 2016, 309.9, 2017, 309.9...
      [OK]  Demand\Residential\Projections\Air Conditioning_\Small\Mid_eff . 'Capital Cost' = Interp(2014, 328.9, 2015, 328.9, 2016, 328.9, 2017, 328.9...
      [OK]  Demand\Residential\Projections\Air Conditioning_\Large\High_eff . 'Efficiency' = Interp(2014, 100.0)
      [OK]  Demand\Residential\Projections\Air Conditioning_\Large\Low_eff . 'Efficiency' = Interp(2014, 52.93533185715097)
      [OK]  Demand\Residential\Projections\Air Conditioning_\Large\Mid_eff . 'Efficiency' = Interp(2014, 72.32565355674502)
      [OK]  Demand\Residential\Projections\Air Conditioning_\Medium\High_eff . 'Efficiency' = Interp(2014, 100.0)
      [OK]  Demand\Residential\Projections\Air Conditioning_\Medium\Low_eff . 'Efficiency' = Interp(2014, 51.08085029886297)
      [OK]  Demand\Residential\Projections\Air Conditioning_\Medium\Mid_eff . 'Efficiency' = Interp(2014, 75.04291562128614)
      [OK]  Demand\Residential\Projections\Air Conditioning_\Small\High_eff . 'Efficiency' = Interp(2014, 100.0)
      [OK]  Demand\Residential\Projections\Air Conditioning_\Small\Low_eff . 'Efficiency' = Interp(2014, 64.46989043578549)
      [OK]  Demand\Residential\Projections\Air Conditioning_\Small\Mid_eff . 'Efficiency' = Interp(2014, 81.93048576214406)
      [OK]  Demand\Residential\Projections\Air Conditioning_\Large\High_eff . 'Exogenous Devices' = Interp(2005, 276061.2, 2006, 305074.5, 2007, 337090.8, 20...
      [OK]  Demand\Residential\Projections\Air Conditioning_\Large\Low_eff . 'Exogenous Devices' = Interp(2005, 90351.8, 2006, 99847.5, 2007, 110326.1, 2008...
      [OK]  Demand\Residential\Projections\Air Conditioning_\Large\Mid_eff . 'Exogenous Devices' = Interp(2005, 173863.5, 2006, 192136, 2007, 212299.9, 2008...
      [OK]  Demand\Residential\Projections\Air Conditioning_\Medium\High_eff . 'Exogenous Devices' = Interp(2005, 179711, 2006, 198598.1, 2007, 219440.2, 2008...
      [OK]  Demand\Residential\Projections\Air Conditioning_\Medium\Low_eff . 'Exogenous Devices' = Interp(2005, 109405.5, 2006, 120903.7, 2007, 133592.1, 20...
      [OK]  Demand\Residential\Projections\Air Conditioning_\Medium\Mid_eff . 'Exogenous Devices' = Interp(2005, 132901.9, 2006, 146869.6, 2007, 162282.9, 20...
      [OK]  Demand\Residential\Projections\Air Conditioning_\Small\High_eff . 'Exogenous Devices' = Interp(2005, 285709, 2006, 315736.2, 2007, 348871.5, 2008...
      [OK]  Demand\Residential\Projections\Air Conditioning_\Small\Low_eff . 'Exogenous Devices' = Interp(2005, 222344.3, 2006, 245712.1, 2007, 271498.6, 20...
      [OK]  Demand\Residential\Projections\Air Conditioning_\Small\Mid_eff . 'Exogenous Devices' = Interp(2005, 397808, 2006, 439616.5, 2007, 485752.5, 2008...
      [OK]  Demand\Residential\Projections\Air Conditioning_\Large\High_eff . 'Fixed OM Cost' = 0
      [OK]  Demand\Residential\Projections\Air Conditioning_\Large\Low_eff . 'Fixed OM Cost' = 0
      [OK]  Demand\Residential\Projections\Air Conditioning_\Large\Mid_eff . 'Fixed OM Cost' = 0
      [OK]  Demand\Residential\Projections\Air Conditioning_\Medium\High_eff . 'Fixed OM Cost' = 0
      [OK]  Demand\Residential\Projections\Air Conditioning_\Medium\Low_eff . 'Fixed OM Cost' = 0
      [OK]  Demand\Residential\Projections\Air Conditioning_\Medium\Mid_eff . 'Fixed OM Cost' = 0
      [OK]  Demand\Residential\Projections\Air Conditioning_\Small\High_eff . 'Fixed OM Cost' = 0
      [OK]  Demand\Residential\Projections\Air Conditioning_\Small\Low_eff . 'Fixed OM Cost' = 0
      [OK]  Demand\Residential\Projections\Air Conditioning_\Small\Mid_eff . 'Fixed OM Cost' = 0
      [OK]  Demand\Residential\Projections\Air Conditioning_\Large\High_eff . 'Lifetime' = 15
      [OK]  Demand\Residential\Projections\Air Conditioning_\Large\Low_eff . 'Lifetime' = 15
      [OK]  Demand\Residential\Projections\Air Conditioning_\Large\Mid_eff . 'Lifetime' = 15
      [OK]  Demand\Residential\Projections\Air Conditioning_\Medium\High_eff . 'Lifetime' = 15
      [OK]  Demand\Residential\Projections\Air Conditioning_\Medium\Low_eff . 'Lifetime' = 15
      [OK]  Demand\Residential\Projections\Air Conditioning_\Medium\Mid_eff . 'Lifetime' = 15
      [OK]  Demand\Residential\Projections\Air Conditioning_\Small\High_eff . 'Lifetime' = 15
      [OK]  Demand\Residential\Projections\Air Conditioning_\Small\Low_eff . 'Lifetime' = 15
      [OK]  Demand\Residential\Projections\Air Conditioning_\Small\Mid_eff . 'Lifetime' = 15
      [OK]  Demand\Residential\Projections\Air Conditioning_\Large\High_eff . 'Unit Capacity' = Interp(2014, 0.4152)
      [OK]  Demand\Residential\Projections\Air Conditioning_\Large\Low_eff . 'Unit Capacity' = Interp(2014, 0.4152)
      [OK]  Demand\Residential\Projections\Air Conditioning_\Large\Mid_eff . 'Unit Capacity' = Interp(2014, 0.4152)
      [OK]  Demand\Residential\Projections\Air Conditioning_\Medium\High_eff . 'Unit Capacity' = Interp(2014, 0.2531)
      [OK]  Demand\Residential\Projections\Air Conditioning_\Medium\Low_eff . 'Unit Capacity' = Interp(2014, 0.2531)
      [OK]  Demand\Residential\Projections\Air Conditioning_\Medium\Mid_eff . 'Unit Capacity' = Interp(2014, 0.2531)
      [OK]  Demand\Residential\Projections\Air Conditioning_\Small\High_eff . 'Unit Capacity' = Interp(2014, 0.1743)
      [OK]  Demand\Residential\Projections\Air Conditioning_\Small\Low_eff . 'Unit Capacity' = Interp(2014, 0.1743)
      [OK]  Demand\Residential\Projections\Air Conditioning_\Small\Mid_eff . 'Unit Capacity' = Interp(2014, 0.1743)
      [OK]  Demand\Residential\Projections\Air Conditioning_\Large\High_eff . 'Variable OM Cost' = Interp(2014, 320.72839999999997)
      [OK]  Demand\Residential\Projections\Air Conditioning_\Large\Low_eff . 'Variable OM Cost' = Interp(2014, 605.8871999999999)
      [OK]  Demand\Residential\Projections\Air Conditioning_\Large\Mid_eff . 'Variable OM Cost' = Interp(2014, 443.45039999999995)
      [OK]  Demand\Residential\Projections\Air Conditioning_\Medium\High_eff . 'Variable OM Cost' = Interp(2014, 195.49519999999998)
      [OK]  Demand\Residential\Projections\Air Conditioning_\Medium\Low_eff . 'Variable OM Cost' = Interp(2014, 382.71719999999993)
      [OK]  Demand\Residential\Projections\Air Conditioning_\Medium\Mid_eff . 'Variable OM Cost' = Interp(2014, 260.5112)
      [OK]  Demand\Residential\Projections\Air Conditioning_\Small\High_eff . 'Variable OM Cost' = Interp(2014, 134.6072)
      [OK]  Demand\Residential\Projections\Air Conditioning_\Small\Low_eff . 'Variable OM Cost' = Interp(2014, 208.7908)
      [OK]  Demand\Residential\Projections\Air Conditioning_\Small\Mid_eff . 'Variable OM Cost' = Interp(2014, 164.2944)
    --- region 'Singapore' (79 rows) ---
      [OK]  Key\Residential\Air Conditioning\Efficiency_Share\Large_High . 'Activity Level' = Interp(2014, 17.961009907318633, 2015, 20.253968253968253...
      [OK]  Key\Residential\Air Conditioning\Efficiency_Share\Large_Low . 'Activity Level' = Interp(2014, 37.67976989453499, 2015, 36.25396825396825, ...
      [OK]  Key\Residential\Air Conditioning\Efficiency_Share\Large_Mid . 'Activity Level' = Interp(2014, 44.359220198146375, 2015, 43.49206349206349,...
      [OK]  Key\Residential\Air Conditioning\Efficiency_Share\Medium_High . 'Activity Level' = Interp(2014, 15.875462392108512, 2015, 17.70290964777948,...
      [OK]  Key\Residential\Air Conditioning\Efficiency_Share\Medium_Low . 'Activity Level' = Interp(2014, 55.17879161528977, 2015, 53.16998468606432, ...
      [OK]  Key\Residential\Air Conditioning\Efficiency_Share\Medium_Mid . 'Activity Level' = Interp(2014, 28.94574599260173, 2015, 29.1271056661562, 2...
      [OK]  Key\Residential\Air Conditioning\Efficiency_Share\Small_High . 'Activity Level' = Interp(2014, 11.779310344827586, 2015, 13.138075313807532...
      [OK]  Key\Residential\Air Conditioning\Efficiency_Share\Small_Low . 'Activity Level' = Interp(2014, 50.289655172413795, 2015, 48.507670850767084...
      [OK]  Key\Residential\Air Conditioning\Efficiency_Share\Small_Mid . 'Activity Level' = Interp(2014, 37.93103448275862, 2015, 38.35425383542538, ...
      [OK]  Key\Residential\Air Conditioning\Size_Share\Large . 'Activity Level' = Interp(2014, 31.296259251850366, 2015, 31.5, 2016, 31.716...
      [OK]  Key\Residential\Air Conditioning\Size_Share\Medium . 'Activity Level' = Interp(2014, 32.44648929785957, 2015, 32.65, 2016, 32.876...
      [OK]  Key\Residential\Air Conditioning\Size_Share\Small . 'Activity Level' = Interp(2014, 36.257251450290056, 2015, 35.85, 2016, 35.40...
      [OK]  Key\Residential\Air Conditioning\Percent Ownership . 'Activity Level' = Interp(2014, 2.56, 2015, 2.6, 2016, 2.64, 2017, 2.69, 201...
      [OK]  Key\Residential\Air Conditioning\Useful_EI\Large . 'Activity Level' = Interp(2014, 0.160335339638865)
      [OK]  Key\Residential\Air Conditioning\Useful_EI\Medium . 'Activity Level' = Interp(2014, 0.09773000859845227)
      [OK]  Key\Residential\Air Conditioning\Useful_EI\Small . 'Activity Level' = Interp(2014, 0.0672914875322442)
      [OK]  Demand\Residential\Projections\Air Conditioning_\Large\High_eff . 'Capital Cost' = Interp(2014, 1136.62, 2015, 1136.62, 2016, 1136.62, 2017,...
      [OK]  Demand\Residential\Projections\Air Conditioning_\Large\Low_eff . 'Capital Cost' = Interp(2014, 1082.5, 2015, 1082.5, 2016, 1082.5, 2017, 10...
      [OK]  Demand\Residential\Projections\Air Conditioning_\Large\Mid_eff . 'Capital Cost' = Interp(2014, 1109.56, 2015, 1109.56, 2016, 1109.56, 2017,...
      [OK]  Demand\Residential\Projections\Air Conditioning_\Medium\High_eff . 'Capital Cost' = Interp(2014, 709.3, 2015, 709.3, 2016, 709.3, 2017, 709.3...
      [OK]  Demand\Residential\Projections\Air Conditioning_\Medium\Low_eff . 'Capital Cost' = Interp(2014, 528.0, 2015, 528.0, 2016, 528.0, 2017, 528.0...
      [OK]  Demand\Residential\Projections\Air Conditioning_\Medium\Mid_eff . 'Capital Cost' = Interp(2014, 481.4, 2015, 481.4, 2016, 481.4, 2017, 481.4...
      [OK]  Demand\Residential\Projections\Air Conditioning_\Small\High_eff . 'Capital Cost' = Interp(2014, 557.5, 2015, 557.5, 2016, 557.5, 2017, 557.5...
      [OK]  Demand\Residential\Projections\Air Conditioning_\Small\Low_eff . 'Capital Cost' = Interp(2014, 309.9, 2015, 309.9, 2016, 309.9, 2017, 309.9...
      [OK]  Demand\Residential\Projections\Air Conditioning_\Small\Mid_eff . 'Capital Cost' = Interp(2014, 328.9, 2015, 328.9, 2016, 328.9, 2017, 328.9...
      [OK]  Demand\Residential\Projections\Air Conditioning_\Large\High_eff . 'Efficiency' = Interp(2014, 100.0)
      [OK]  Demand\Residential\Projections\Air Conditioning_\Large\Low_eff . 'Efficiency' = Interp(2014, 52.93533185715097)
      [OK]  Demand\Residential\Projections\Air Conditioning_\Large\Mid_eff . 'Efficiency' = Interp(2014, 72.32565355674502)
      [OK]  Demand\Residential\Projections\Air Conditioning_\Medium\High_eff . 'Efficiency' = Interp(2014, 100.0)
      [OK]  Demand\Residential\Projections\Air Conditioning_\Medium\Low_eff . 'Efficiency' = Interp(2014, 51.08085029886297)
      [OK]  Demand\Residential\Projections\Air Conditioning_\Medium\Mid_eff . 'Efficiency' = Interp(2014, 75.04291562128614)
      [OK]  Demand\Residential\Projections\Air Conditioning_\Small\High_eff . 'Efficiency' = Interp(2014, 100.0)
      [OK]  Demand\Residential\Projections\Air Conditioning_\Small\Low_eff . 'Efficiency' = Interp(2014, 64.46989043578549)
      [OK]  Demand\Residential\Projections\Air Conditioning_\Small\Mid_eff . 'Efficiency' = Interp(2014, 81.93048576214406)
      [OK]  Demand\Residential\Projections\Air Conditioning_\Large\High_eff . 'Exogenous Devices' = Interp(2005, 534487.9, 2006, 559839.1, 2007, 592501.3, 20...
      [OK]  Demand\Residential\Projections\Air Conditioning_\Large\Low_eff . 'Exogenous Devices' = Interp(2005, 56646.7, 2006, 59333.5, 2007, 62795.2, 2008,...
      [OK]  Demand\Residential\Projections\Air Conditioning_\Large\Mid_eff . 'Exogenous Devices' = Interp(2005, 213858.8, 2006, 224002.2, 2007, 237071, 2008...
      [OK]  Demand\Residential\Projections\Air Conditioning_\Medium\High_eff . 'Exogenous Devices' = Interp(2005, 458442.9, 2006, 480187.1, 2007, 508202.3, 20...
      [OK]  Demand\Residential\Projections\Air Conditioning_\Medium\Low_eff . 'Exogenous Devices' = Interp(2005, 103644.3, 2006, 108560.2, 2007, 114893.9, 20...
      [OK]  Demand\Residential\Projections\Air Conditioning_\Medium\Mid_eff . 'Exogenous Devices' = Interp(2005, 272701.4, 2006, 285635.8, 2007, 302300.5, 20...
      [OK]  Demand\Residential\Projections\Air Conditioning_\Small\High_eff . 'Exogenous Devices' = Interp(2005, 301578.2, 2006, 315882.2, 2007, 334311.5, 20...
      [OK]  Demand\Residential\Projections\Air Conditioning_\Small\Low_eff . 'Exogenous Devices' = Interp(2005, 93824.5, 2006, 98274.6, 2007, 104008.2, 2008...
      [OK]  Demand\Residential\Projections\Air Conditioning_\Small\Mid_eff . 'Exogenous Devices' = Interp(2005, 346008.9, 2006, 362420.4, 2007, 383564.8, 20...
      [OK]  Demand\Residential\Projections\Air Conditioning_\Large\High_eff . 'Fixed OM Cost' = 0
      [OK]  Demand\Residential\Projections\Air Conditioning_\Large\Low_eff . 'Fixed OM Cost' = 0
      [OK]  Demand\Residential\Projections\Air Conditioning_\Large\Mid_eff . 'Fixed OM Cost' = 0
      [OK]  Demand\Residential\Projections\Air Conditioning_\Medium\High_eff . 'Fixed OM Cost' = 0
      [OK]  Demand\Residential\Projections\Air Conditioning_\Medium\Low_eff . 'Fixed OM Cost' = 0
      [OK]  Demand\Residential\Projections\Air Conditioning_\Medium\Mid_eff . 'Fixed OM Cost' = 0
      [OK]  Demand\Residential\Projections\Air Conditioning_\Small\High_eff . 'Fixed OM Cost' = 0
      [OK]  Demand\Residential\Projections\Air Conditioning_\Small\Low_eff . 'Fixed OM Cost' = 0
      [OK]  Demand\Residential\Projections\Air Conditioning_\Small\Mid_eff . 'Fixed OM Cost' = 0
      [OK]  Demand\Residential\Projections\Air Conditioning_\Large\High_eff . 'Lifetime' = 15
      [OK]  Demand\Residential\Projections\Air Conditioning_\Large\Low_eff . 'Lifetime' = 15
      [OK]  Demand\Residential\Projections\Air Conditioning_\Large\Mid_eff . 'Lifetime' = 15
      [OK]  Demand\Residential\Projections\Air Conditioning_\Medium\High_eff . 'Lifetime' = 15
      [OK]  Demand\Residential\Projections\Air Conditioning_\Medium\Low_eff . 'Lifetime' = 15
      [OK]  Demand\Residential\Projections\Air Conditioning_\Medium\Mid_eff . 'Lifetime' = 15
      [OK]  Demand\Residential\Projections\Air Conditioning_\Small\High_eff . 'Lifetime' = 15
      [OK]  Demand\Residential\Projections\Air Conditioning_\Small\Low_eff . 'Lifetime' = 15
      [OK]  Demand\Residential\Projections\Air Conditioning_\Small\Mid_eff . 'Lifetime' = 15
      [OK]  Demand\Residential\Projections\Air Conditioning_\Large\High_eff . 'Unit Capacity' = Interp(2014, 0.4315)
      [OK]  Demand\Residential\Projections\Air Conditioning_\Large\Low_eff . 'Unit Capacity' = Interp(2014, 0.4315)
      [OK]  Demand\Residential\Projections\Air Conditioning_\Large\Mid_eff . 'Unit Capacity' = Interp(2014, 0.4315)
      [OK]  Demand\Residential\Projections\Air Conditioning_\Medium\High_eff . 'Unit Capacity' = Interp(2014, 0.263)
      [OK]  Demand\Residential\Projections\Air Conditioning_\Medium\Low_eff . 'Unit Capacity' = Interp(2014, 0.263)
      [OK]  Demand\Residential\Projections\Air Conditioning_\Medium\Mid_eff . 'Unit Capacity' = Interp(2014, 0.263)
      [OK]  Demand\Residential\Projections\Air Conditioning_\Small\High_eff . 'Unit Capacity' = Interp(2014, 0.1811)
      [OK]  Demand\Residential\Projections\Air Conditioning_\Small\Low_eff . 'Unit Capacity' = Interp(2014, 0.1811)
      [OK]  Demand\Residential\Projections\Air Conditioning_\Small\Mid_eff . 'Unit Capacity' = Interp(2014, 0.1811)
      [OK]  Demand\Residential\Projections\Air Conditioning_\Large\High_eff . 'Variable OM Cost' = Interp(2014, 318.86370000000005)
      [OK]  Demand\Residential\Projections\Air Conditioning_\Large\Low_eff . 'Variable OM Cost' = Interp(2014, 602.3646)
      [OK]  Demand\Residential\Projections\Air Conditioning_\Large\Mid_eff . 'Variable OM Cost' = Interp(2014, 440.8722)
      [OK]  Demand\Residential\Projections\Air Conditioning_\Medium\High_eff . 'Variable OM Cost' = Interp(2014, 194.3586)
      [OK]  Demand\Residential\Projections\Air Conditioning_\Medium\Low_eff . 'Variable OM Cost' = Interp(2014, 380.4921)
      [OK]  Demand\Residential\Projections\Air Conditioning_\Medium\Mid_eff . 'Variable OM Cost' = Interp(2014, 258.9966)
      [OK]  Demand\Residential\Projections\Air Conditioning_\Small\High_eff . 'Variable OM Cost' = Interp(2014, 133.8246)
      [OK]  Demand\Residential\Projections\Air Conditioning_\Small\Low_eff . 'Variable OM Cost' = Interp(2014, 207.57690000000002)
      [OK]  Demand\Residential\Projections\Air Conditioning_\Small\Mid_eff . 'Variable OM Cost' = Interp(2014, 163.33920000000003)
    --- region 'Thailand' (79 rows) ---
      [OK]  Key\Residential\Air Conditioning\Efficiency_Share\Large_High . 'Activity Level' = Interp(2014, 15.899493243243242, 2015, 17.705263157894738...
      [OK]  Key\Residential\Air Conditioning\Efficiency_Share\Large_Low . 'Activity Level' = Interp(2014, 38.9991554054054, 2015, 37.852631578947374, ...
      [OK]  Key\Residential\Air Conditioning\Efficiency_Share\Large_Mid . 'Activity Level' = Interp(2014, 45.10135135135135, 2015, 44.44210526315789, ...
      [OK]  Key\Residential\Air Conditioning\Efficiency_Share\Medium_High . 'Activity Level' = Interp(2014, 14.23512747875354, 2015, 15.672432050829514,...
      [OK]  Key\Residential\Air Conditioning\Efficiency_Share\Medium_Low . 'Activity Level' = Interp(2014, 56.975920679886684, 2015, 55.38298623367454,...
      [OK]  Key\Residential\Air Conditioning\Efficiency_Share\Medium_Mid . 'Activity Level' = Interp(2014, 28.788951841359772, 2015, 28.944581715495936...
      [OK]  Key\Residential\Air Conditioning\Efficiency_Share\Small_High . 'Activity Level' = Interp(2014, 10.537105371053709, 2015, 11.621174524400331...
      [OK]  Key\Residential\Air Conditioning\Efficiency_Share\Small_Low . 'Activity Level' = Interp(2014, 51.90651906519065, 2015, 50.49627791563276, ...
      [OK]  Key\Residential\Air Conditioning\Efficiency_Share\Small_Mid . 'Activity Level' = Interp(2014, 37.55637556375564, 2015, 37.882547559966916,...
      [OK]  Key\Residential\Air Conditioning\Size_Share\Large . 'Activity Level' = Interp(2014, 47.36473647364737, 2015, 47.495250474952506,...
      [OK]  Key\Residential\Air Conditioning\Size_Share\Medium . 'Activity Level' = Interp(2014, 28.24282428242825, 2015, 28.32716728327167, ...
      [OK]  Key\Residential\Air Conditioning\Size_Share\Small . 'Activity Level' = Interp(2014, 24.392439243924393, 2015, 24.177582241775823...
      [OK]  Key\Residential\Air Conditioning\Percent Ownership . 'Activity Level' = Interp(2014, 0.66, 2015, 0.68, 2016, 0.71, 2017, 0.75, 20...
      [OK]  Key\Residential\Air Conditioning\Useful_EI\Large . 'Activity Level' = Interp(2014, 0.160335339638865)
      [OK]  Key\Residential\Air Conditioning\Useful_EI\Medium . 'Activity Level' = Interp(2014, 0.09773000859845227)
      [OK]  Key\Residential\Air Conditioning\Useful_EI\Small . 'Activity Level' = Interp(2014, 0.0672914875322442)
      [OK]  Demand\Residential\Projections\Air Conditioning_\Large\High_eff . 'Capital Cost' = Interp(2014, 1136.62, 2015, 1136.62, 2016, 1136.62, 2017,...
      [OK]  Demand\Residential\Projections\Air Conditioning_\Large\Low_eff . 'Capital Cost' = Interp(2014, 1082.5, 2015, 1082.5, 2016, 1082.5, 2017, 10...
      [OK]  Demand\Residential\Projections\Air Conditioning_\Large\Mid_eff . 'Capital Cost' = Interp(2014, 1109.56, 2015, 1109.56, 2016, 1109.56, 2017,...
      [OK]  Demand\Residential\Projections\Air Conditioning_\Medium\High_eff . 'Capital Cost' = Interp(2014, 709.3, 2015, 709.3, 2016, 709.3, 2017, 709.3...
      [OK]  Demand\Residential\Projections\Air Conditioning_\Medium\Low_eff . 'Capital Cost' = Interp(2014, 528.0, 2015, 528.0, 2016, 528.0, 2017, 528.0...
      [OK]  Demand\Residential\Projections\Air Conditioning_\Medium\Mid_eff . 'Capital Cost' = Interp(2014, 481.4, 2015, 481.4, 2016, 481.4, 2017, 481.4...
      [OK]  Demand\Residential\Projections\Air Conditioning_\Small\High_eff . 'Capital Cost' = Interp(2014, 557.5, 2015, 557.5, 2016, 557.5, 2017, 557.5...
      [OK]  Demand\Residential\Projections\Air Conditioning_\Small\Low_eff . 'Capital Cost' = Interp(2014, 309.9, 2015, 309.9, 2016, 309.9, 2017, 309.9...
      [OK]  Demand\Residential\Projections\Air Conditioning_\Small\Mid_eff . 'Capital Cost' = Interp(2014, 328.9, 2015, 328.9, 2016, 328.9, 2017, 328.9...
      [OK]  Demand\Residential\Projections\Air Conditioning_\Large\High_eff . 'Efficiency' = Interp(2014, 100.0)
      [OK]  Demand\Residential\Projections\Air Conditioning_\Large\Low_eff . 'Efficiency' = Interp(2014, 52.93533185715097)
      [OK]  Demand\Residential\Projections\Air Conditioning_\Large\Mid_eff . 'Efficiency' = Interp(2014, 72.32565355674502)
      [OK]  Demand\Residential\Projections\Air Conditioning_\Medium\High_eff . 'Efficiency' = Interp(2014, 100.0)
      [OK]  Demand\Residential\Projections\Air Conditioning_\Medium\Low_eff . 'Efficiency' = Interp(2014, 51.08085029886297)
      [OK]  Demand\Residential\Projections\Air Conditioning_\Medium\Mid_eff . 'Efficiency' = Interp(2014, 75.04291562128614)
      [OK]  Demand\Residential\Projections\Air Conditioning_\Small\High_eff . 'Efficiency' = Interp(2014, 100.0)
      [OK]  Demand\Residential\Projections\Air Conditioning_\Small\Low_eff . 'Efficiency' = Interp(2014, 64.46989043578549)
      [OK]  Demand\Residential\Projections\Air Conditioning_\Small\Mid_eff . 'Efficiency' = Interp(2014, 81.93048576214406)
      [OK]  Demand\Residential\Projections\Air Conditioning_\Large\High_eff . 'Exogenous Devices' = Interp(2005, 1909920.1, 2006, 2004832.1, 2007, 2104627, 2...
      [OK]  Demand\Residential\Projections\Air Conditioning_\Large\Low_eff . 'Exogenous Devices' = Interp(2005, 580876.6, 2006, 609742.8, 2007, 640094, 2008...
      [OK]  Demand\Residential\Projections\Air Conditioning_\Large\Mid_eff . 'Exogenous Devices' = Interp(2005, 1156795.3, 2006, 1214281.3, 2007, 1274724.8,...
      [OK]  Demand\Residential\Projections\Air Conditioning_\Medium\High_eff . 'Exogenous Devices' = Interp(2005, 948487.2, 2006, 995621.5, 2007, 1045180.7, 2...
      [OK]  Demand\Residential\Projections\Air Conditioning_\Medium\Low_eff . 'Exogenous Devices' = Interp(2005, 539538.4, 2006, 566350.3, 2007, 594541.6, 20...
      [OK]  Demand\Residential\Projections\Air Conditioning_\Medium\Mid_eff . 'Exogenous Devices' = Interp(2005, 687162.4, 2006, 721310.4, 2007, 757215.2, 20...
      [OK]  Demand\Residential\Projections\Air Conditioning_\Small\High_eff . 'Exogenous Devices' = Interp(2005, 533366.5, 2006, 559871.7, 2007, 587740.6, 20...
      [OK]  Demand\Residential\Projections\Air Conditioning_\Small\Low_eff . 'Exogenous Devices' = Interp(2005, 387189.5, 2006, 406430.6, 2007, 426661.6, 20...
      [OK]  Demand\Residential\Projections\Air Conditioning_\Small\Mid_eff . 'Exogenous Devices' = Interp(2005, 728000.5, 2006, 764177.9, 2007, 802216.5, 20...
      [OK]  Demand\Residential\Projections\Air Conditioning_\Large\High_eff . 'Fixed OM Cost' = 0
      [OK]  Demand\Residential\Projections\Air Conditioning_\Large\Low_eff . 'Fixed OM Cost' = 0
      [OK]  Demand\Residential\Projections\Air Conditioning_\Large\Mid_eff . 'Fixed OM Cost' = 0
      [OK]  Demand\Residential\Projections\Air Conditioning_\Medium\High_eff . 'Fixed OM Cost' = 0
      [OK]  Demand\Residential\Projections\Air Conditioning_\Medium\Low_eff . 'Fixed OM Cost' = 0
      [OK]  Demand\Residential\Projections\Air Conditioning_\Medium\Mid_eff . 'Fixed OM Cost' = 0
      [OK]  Demand\Residential\Projections\Air Conditioning_\Small\High_eff . 'Fixed OM Cost' = 0
      [OK]  Demand\Residential\Projections\Air Conditioning_\Small\Low_eff . 'Fixed OM Cost' = 0
      [OK]  Demand\Residential\Projections\Air Conditioning_\Small\Mid_eff . 'Fixed OM Cost' = 0
      [OK]  Demand\Residential\Projections\Air Conditioning_\Large\High_eff . 'Lifetime' = 15
      [OK]  Demand\Residential\Projections\Air Conditioning_\Large\Low_eff . 'Lifetime' = 15
      [OK]  Demand\Residential\Projections\Air Conditioning_\Large\Mid_eff . 'Lifetime' = 15
      [OK]  Demand\Residential\Projections\Air Conditioning_\Medium\High_eff . 'Lifetime' = 15
      [OK]  Demand\Residential\Projections\Air Conditioning_\Medium\Low_eff . 'Lifetime' = 15
      [OK]  Demand\Residential\Projections\Air Conditioning_\Medium\Mid_eff . 'Lifetime' = 15
      [OK]  Demand\Residential\Projections\Air Conditioning_\Small\High_eff . 'Lifetime' = 15
      [OK]  Demand\Residential\Projections\Air Conditioning_\Small\Low_eff . 'Lifetime' = 15
      [OK]  Demand\Residential\Projections\Air Conditioning_\Small\Mid_eff . 'Lifetime' = 15
      [OK]  Demand\Residential\Projections\Air Conditioning_\Large\High_eff . 'Unit Capacity' = Interp(2014, 0.4045)
      [OK]  Demand\Residential\Projections\Air Conditioning_\Large\Low_eff . 'Unit Capacity' = Interp(2014, 0.4045)
      [OK]  Demand\Residential\Projections\Air Conditioning_\Large\Mid_eff . 'Unit Capacity' = Interp(2014, 0.4045)
      [OK]  Demand\Residential\Projections\Air Conditioning_\Medium\High_eff . 'Unit Capacity' = Interp(2014, 0.2465)
      [OK]  Demand\Residential\Projections\Air Conditioning_\Medium\Low_eff . 'Unit Capacity' = Interp(2014, 0.2465)
      [OK]  Demand\Residential\Projections\Air Conditioning_\Medium\Mid_eff . 'Unit Capacity' = Interp(2014, 0.2465)
      [OK]  Demand\Residential\Projections\Air Conditioning_\Small\High_eff . 'Unit Capacity' = Interp(2014, 0.1697)
      [OK]  Demand\Residential\Projections\Air Conditioning_\Small\Low_eff . 'Unit Capacity' = Interp(2014, 0.1697)
      [OK]  Demand\Residential\Projections\Air Conditioning_\Small\Mid_eff . 'Unit Capacity' = Interp(2014, 0.1697)
      [OK]  Demand\Residential\Projections\Air Conditioning_\Large\High_eff . 'Variable OM Cost' = Interp(2014, 225.6287)
      [OK]  Demand\Residential\Projections\Air Conditioning_\Large\Low_eff . 'Variable OM Cost' = Interp(2014, 426.2346)
      [OK]  Demand\Residential\Projections\Air Conditioning_\Large\Mid_eff . 'Variable OM Cost' = Interp(2014, 311.9622)
      [OK]  Demand\Residential\Projections\Air Conditioning_\Medium\High_eff . 'Variable OM Cost' = Interp(2014, 137.52859999999998)
      [OK]  Demand\Residential\Projections\Air Conditioning_\Medium\Low_eff . 'Variable OM Cost' = Interp(2014, 269.2371)
      [OK]  Demand\Residential\Projections\Air Conditioning_\Medium\Mid_eff . 'Variable OM Cost' = Interp(2014, 183.26659999999998)
      [OK]  Demand\Residential\Projections\Air Conditioning_\Small\High_eff . 'Variable OM Cost' = Interp(2014, 94.6946)
      [OK]  Demand\Residential\Projections\Air Conditioning_\Small\Low_eff . 'Variable OM Cost' = Interp(2014, 146.8819)
      [OK]  Demand\Residential\Projections\Air Conditioning_\Small\Mid_eff . 'Variable OM Cost' = Interp(2014, 115.5792)
    --- region 'Vietnam' (79 rows) ---
      [OK]  Key\Residential\Air Conditioning\Efficiency_Share\Large_High . 'Activity Level' = Interp(2014, 16.96629213483146, 2015, 19.07675194660734, ...
      [OK]  Key\Residential\Air Conditioning\Efficiency_Share\Large_Low . 'Activity Level' = Interp(2014, 38.31460674157303, 2015, 36.985539488320356,...
      [OK]  Key\Residential\Air Conditioning\Efficiency_Share\Large_Mid . 'Activity Level' = Interp(2014, 44.71910112359551, 2015, 43.937708565072306,...
      [OK]  Key\Residential\Air Conditioning\Efficiency_Share\Medium_High . 'Activity Level' = Interp(2014, 15.080428954423594, 2015, 16.788321167883215...
      [OK]  Key\Residential\Air Conditioning\Efficiency_Share\Medium_Low . 'Activity Level' = Interp(2014, 56.03217158176944, 2015, 54.18049104180491, ...
      [OK]  Key\Residential\Air Conditioning\Efficiency_Share\Medium_Mid . 'Activity Level' = Interp(2014, 28.88739946380697, 2015, 29.03118779031188, ...
      [OK]  Key\Residential\Air Conditioning\Efficiency_Share\Small_High . 'Activity Level' = Interp(2014, 11.155682903533908, 2015, 12.434933487565065...
      [OK]  Key\Residential\Air Conditioning\Efficiency_Share\Small_Low . 'Activity Level' = Interp(2014, 51.0792741165234, 2015, 49.43127048390206, 2...
      [OK]  Key\Residential\Air Conditioning\Efficiency_Share\Small_Mid . 'Activity Level' = Interp(2014, 37.7650429799427, 2015, 38.13379602853287, 2...
      [OK]  Key\Residential\Air Conditioning\Size_Share\Large . 'Activity Level' = Interp(2014, 17.801780178017804, 2015, 17.981798179817986...
      [OK]  Key\Residential\Air Conditioning\Size_Share\Medium . 'Activity Level' = Interp(2014, 29.84298429842984, 2015, 30.143014301430142,...
      [OK]  Key\Residential\Air Conditioning\Size_Share\Small . 'Activity Level' = Interp(2014, 52.35523552355236, 2015, 51.875187518751886,...
      [OK]  Key\Residential\Air Conditioning\Percent Ownership . 'Activity Level' = Interp(2014, 0.21, 2015, 0.23, 2016, 0.26, 2017, 0.28, 20...
      [OK]  Key\Residential\Air Conditioning\Useful_EI\Large . 'Activity Level' = Interp(2014, 0.160335339638865)
      [OK]  Key\Residential\Air Conditioning\Useful_EI\Medium . 'Activity Level' = Interp(2014, 0.09773000859845227)
      [OK]  Key\Residential\Air Conditioning\Useful_EI\Small . 'Activity Level' = Interp(2014, 0.0672914875322442)
      [OK]  Demand\Residential\Projections\Air Conditioning_\Large\High_eff . 'Capital Cost' = Interp(2014, 1136.62, 2015, 1136.62, 2016, 1136.62, 2017,...
      [OK]  Demand\Residential\Projections\Air Conditioning_\Large\Low_eff . 'Capital Cost' = Interp(2014, 1082.5, 2015, 1082.5, 2016, 1082.5, 2017, 10...
      [OK]  Demand\Residential\Projections\Air Conditioning_\Large\Mid_eff . 'Capital Cost' = Interp(2014, 1109.56, 2015, 1109.56, 2016, 1109.56, 2017,...
      [OK]  Demand\Residential\Projections\Air Conditioning_\Medium\High_eff . 'Capital Cost' = Interp(2014, 709.3, 2015, 709.3, 2016, 709.3, 2017, 709.3...
      [OK]  Demand\Residential\Projections\Air Conditioning_\Medium\Low_eff . 'Capital Cost' = Interp(2014, 528.0, 2015, 528.0, 2016, 528.0, 2017, 528.0...
      [OK]  Demand\Residential\Projections\Air Conditioning_\Medium\Mid_eff . 'Capital Cost' = Interp(2014, 481.4, 2015, 481.4, 2016, 481.4, 2017, 481.4...
      [OK]  Demand\Residential\Projections\Air Conditioning_\Small\High_eff . 'Capital Cost' = Interp(2014, 557.5, 2015, 557.5, 2016, 557.5, 2017, 557.5...
      [OK]  Demand\Residential\Projections\Air Conditioning_\Small\Low_eff . 'Capital Cost' = Interp(2014, 309.9, 2015, 309.9, 2016, 309.9, 2017, 309.9...
      [OK]  Demand\Residential\Projections\Air Conditioning_\Small\Mid_eff . 'Capital Cost' = Interp(2014, 328.9, 2015, 328.9, 2016, 328.9, 2017, 328.9...
      [OK]  Demand\Residential\Projections\Air Conditioning_\Large\High_eff . 'Efficiency' = Interp(2014, 100.0)
      [OK]  Demand\Residential\Projections\Air Conditioning_\Large\Low_eff . 'Efficiency' = Interp(2014, 52.93533185715097)
      [OK]  Demand\Residential\Projections\Air Conditioning_\Large\Mid_eff . 'Efficiency' = Interp(2014, 72.32565355674502)
      [OK]  Demand\Residential\Projections\Air Conditioning_\Medium\High_eff . 'Efficiency' = Interp(2014, 100.0)
      [OK]  Demand\Residential\Projections\Air Conditioning_\Medium\Low_eff . 'Efficiency' = Interp(2014, 51.08085029886297)
      [OK]  Demand\Residential\Projections\Air Conditioning_\Medium\Mid_eff . 'Efficiency' = Interp(2014, 75.04291562128614)
      [OK]  Demand\Residential\Projections\Air Conditioning_\Small\High_eff . 'Efficiency' = Interp(2014, 100.0)
      [OK]  Demand\Residential\Projections\Air Conditioning_\Small\Low_eff . 'Efficiency' = Interp(2014, 64.46989043578549)
      [OK]  Demand\Residential\Projections\Air Conditioning_\Small\Mid_eff . 'Efficiency' = Interp(2014, 81.93048576214406)
      [OK]  Demand\Residential\Projections\Air Conditioning_\Large\High_eff . 'Exogenous Devices' = Interp(2005, 215354.5, 2006, 240842.2, 2007, 269323.9, 20...
      [OK]  Demand\Residential\Projections\Air Conditioning_\Large\Low_eff . 'Exogenous Devices' = Interp(2005, 38777.6, 2006, 43367, 2007, 48495.6, 2008, 5...
      [OK]  Demand\Residential\Projections\Air Conditioning_\Large\Mid_eff . 'Exogenous Devices' = Interp(2005, 102683.4, 2006, 114836.3, 2007, 128416.7, 20...
      [OK]  Demand\Residential\Projections\Air Conditioning_\Medium\High_eff . 'Exogenous Devices' = Interp(2005, 299235.5, 2006, 334650.8, 2007, 374226.2, 20...
      [OK]  Demand\Residential\Projections\Air Conditioning_\Medium\Low_eff . 'Exogenous Devices' = Interp(2005, 106119.2, 2006, 118678.7, 2007, 132713.4, 20...
      [OK]  Demand\Residential\Projections\Air Conditioning_\Medium\Mid_eff . 'Exogenous Devices' = Interp(2005, 192554.6, 2006, 215344, 2007, 240810.3, 2008...
      [OK]  Demand\Residential\Projections\Air Conditioning_\Small\High_eff . 'Exogenous Devices' = Interp(2005, 290229.5, 2006, 324579, 2007, 362963.3, 2008...
      [OK]  Demand\Residential\Projections\Air Conditioning_\Small\Low_eff . 'Exogenous Devices' = Interp(2005, 138167, 2006, 154519.5, 2007, 172792.7, 2008...
      [OK]  Demand\Residential\Projections\Air Conditioning_\Small\Mid_eff . 'Exogenous Devices' = Interp(2005, 358123.4, 2006, 400508.3, 2007, 447871.9, 20...
      [OK]  Demand\Residential\Projections\Air Conditioning_\Large\High_eff . 'Fixed OM Cost' = 0
      [OK]  Demand\Residential\Projections\Air Conditioning_\Large\Low_eff . 'Fixed OM Cost' = 0
      [OK]  Demand\Residential\Projections\Air Conditioning_\Large\Mid_eff . 'Fixed OM Cost' = 0
      [OK]  Demand\Residential\Projections\Air Conditioning_\Medium\High_eff . 'Fixed OM Cost' = 0
      [OK]  Demand\Residential\Projections\Air Conditioning_\Medium\Low_eff . 'Fixed OM Cost' = 0
      [OK]  Demand\Residential\Projections\Air Conditioning_\Medium\Mid_eff . 'Fixed OM Cost' = 0
      [OK]  Demand\Residential\Projections\Air Conditioning_\Small\High_eff . 'Fixed OM Cost' = 0
      [OK]  Demand\Residential\Projections\Air Conditioning_\Small\Low_eff . 'Fixed OM Cost' = 0
      [OK]  Demand\Residential\Projections\Air Conditioning_\Small\Mid_eff . 'Fixed OM Cost' = 0
      [OK]  Demand\Residential\Projections\Air Conditioning_\Large\High_eff . 'Lifetime' = 15
      [OK]  Demand\Residential\Projections\Air Conditioning_\Large\Low_eff . 'Lifetime' = 15
      [OK]  Demand\Residential\Projections\Air Conditioning_\Large\Mid_eff . 'Lifetime' = 15
      [OK]  Demand\Residential\Projections\Air Conditioning_\Medium\High_eff . 'Lifetime' = 15
      [OK]  Demand\Residential\Projections\Air Conditioning_\Medium\Low_eff . 'Lifetime' = 15
      [OK]  Demand\Residential\Projections\Air Conditioning_\Medium\Mid_eff . 'Lifetime' = 15
      [OK]  Demand\Residential\Projections\Air Conditioning_\Small\High_eff . 'Lifetime' = 15
      [OK]  Demand\Residential\Projections\Air Conditioning_\Small\Low_eff . 'Lifetime' = 15
      [OK]  Demand\Residential\Projections\Air Conditioning_\Small\Mid_eff . 'Lifetime' = 15
      [OK]  Demand\Residential\Projections\Air Conditioning_\Large\High_eff . 'Unit Capacity' = Interp(2014, 0.5043)
      [OK]  Demand\Residential\Projections\Air Conditioning_\Large\Low_eff . 'Unit Capacity' = Interp(2014, 0.5043)
      [OK]  Demand\Residential\Projections\Air Conditioning_\Large\Mid_eff . 'Unit Capacity' = Interp(2014, 0.5043)
      [OK]  Demand\Residential\Projections\Air Conditioning_\Medium\High_eff . 'Unit Capacity' = Interp(2014, 0.3074)
      [OK]  Demand\Residential\Projections\Air Conditioning_\Medium\Low_eff . 'Unit Capacity' = Interp(2014, 0.3074)
      [OK]  Demand\Residential\Projections\Air Conditioning_\Medium\Mid_eff . 'Unit Capacity' = Interp(2014, 0.3074)
      [OK]  Demand\Residential\Projections\Air Conditioning_\Small\High_eff . 'Unit Capacity' = Interp(2014, 0.2117)
      [OK]  Demand\Residential\Projections\Air Conditioning_\Small\Low_eff . 'Unit Capacity' = Interp(2014, 0.2117)
      [OK]  Demand\Residential\Projections\Air Conditioning_\Small\Mid_eff . 'Unit Capacity' = Interp(2014, 0.2117)
      [OK]  Demand\Residential\Projections\Air Conditioning_\Large\High_eff . 'Variable OM Cost' = Interp(2014, 161.85596)
      [OK]  Demand\Residential\Projections\Air Conditioning_\Large\Low_eff . 'Variable OM Cost' = Interp(2014, 305.76168)
      [OK]  Demand\Residential\Projections\Air Conditioning_\Large\Mid_eff . 'Variable OM Cost' = Interp(2014, 223.78776)
      [OK]  Demand\Residential\Projections\Air Conditioning_\Medium\High_eff . 'Variable OM Cost' = Interp(2014, 98.65688)
      [OK]  Demand\Residential\Projections\Air Conditioning_\Medium\Low_eff . 'Variable OM Cost' = Interp(2014, 193.13868)
      [OK]  Demand\Residential\Projections\Air Conditioning_\Medium\Mid_eff . 'Variable OM Cost' = Interp(2014, 131.46728)
      [OK]  Demand\Residential\Projections\Air Conditioning_\Small\High_eff . 'Variable OM Cost' = Interp(2014, 67.92968)
      [OK]  Demand\Residential\Projections\Air Conditioning_\Small\Low_eff . 'Variable OM Cost' = Interp(2014, 105.36652000000001)
      [OK]  Demand\Residential\Projections\Air Conditioning_\Small\Mid_eff . 'Variable OM Cost' = Interp(2014, 82.91136)
  [real-inject] {'pushed': 790}
  -- Phase 4: READBACK VERIFY --
    verifying 10 row(s) (1/region x 10 region(s))
    [EXACT] Brunei|Activity Level on Key\Residential\Air Conditioning\Efficiency_Share\Large_High
    [EXACT] Cambodia|Activity Level on Key\Residential\Air Conditioning\Efficiency_Share\Large_High
    [EXACT] Indonesia|Activity Level on Key\Residential\Air Conditioning\Efficiency_Share\Large_High
    [EXACT] Laos|Activity Level on Key\Residential\Air Conditioning\Efficiency_Share\Large_High
    [EXACT] Malaysia|Activity Level on Key\Residential\Air Conditioning\Efficiency_Share\Large_High
    [EXACT] Myanmar|Activity Level on Key\Residential\Air Conditioning\Efficiency_Share\Large_High
    [EXACT] Philippines|Activity Level on Key\Residential\Air Conditioning\Efficiency_Share\Large_High
    [EXACT] Singapore|Activity Level on Key\Residential\Air Conditioning\Efficiency_Share\Large_High
    [EXACT] Thailand|Activity Level on Key\Residential\Air Conditioning\Efficiency_Share\Large_High
    [EXACT] Vietnam|Activity Level on Key\Residential\Air Conditioning\Efficiency_Share\Large_High
    Readback: 10 EXACT, 0 NORMALISED, 0 FAIL

[fridge_keys] === DONE === (clean)
