Country,ISO3,Year,vehicle_type,fuel_type,scenario,count,year_total,share_percent
Brunei Darussalam,BRN,2025,2W,Electric,ATS,75.03513892436605,1940.1943064728937,3.867403314917127
Brunei Darussalam,BRN,2025,2W,Gasoline,ATS,1865.1591675485276,1940.1943064728937,96.13259668508287
Brunei Darussalam,BRN,2026,2W,Electric,ATS,6.238628738735958,127.09077622024051,4.908797415734402
Brunei Darussalam,BRN,2026,2W,Gasoline,ATS,120.85214748150456,127.09077622024051,95.0912025842656
Brunei Darussalam,BRN,2027,2W,Electric,ATS,7.901692081150561,131.76899544568005,5.996624664569082
Brunei Darussalam,BRN,2027,2W,Gasoline,ATS,123.86730336452949,131.76899544568005,94.00337533543092
Brunei Darussalam,BRN,2028,2W,Electric,ATS,9.590999476893941,134.684272672901,7.121098318722768
Brunei Darussalam,BRN,2028,2W,Gasoline,ATS,125.09327319600703,134.684272672901,92.87890168127723
Brunei Darussalam,BRN,2029,2W,Electric,ATS,11.52886685402552,139.3903786818555,8.270920104420547
Brunei Darussalam,BRN,2029,2W,Gasoline,ATS,127.86151182783,139.3903786818555,91.72907989557946
Brunei Darussalam,BRN,2030,2W,Electric,ATS,13.59502422449197,144.1112377530335,9.433701657458563
Brunei Darussalam,BRN,2030,2W,Gasoline,ATS,130.51621352854153,144.1112377530335,90.56629834254144
Brunei Darussalam,BRN,2031,2W,Electric,ATS,15.779396721072992,148.9116380181904,10.596483210496583
Brunei Darussalam,BRN,2031,2W,Gasoline,ATS,133.13224129711742,148.9116380181904,89.40351678950343
Brunei Darussalam,BRN,2032,2W,Electric,ATS,18.26612928361159,155.5053209458597,11.74630499619436
Brunei Darussalam,BRN,2032,2W,Gasoline,ATS,137.23919166224812,155.5053209458597,88.25369500380565
Brunei Darussalam,BRN,2033,2W,Electric,ATS,21.122305470926516,164.11054874566844,12.870778650348047
Brunei Darussalam,BRN,2033,2W,Gasoline,ATS,142.98824327474193,164.11054874566844,87.12922134965196
Brunei Darussalam,BRN,2034,2W,Electric,ATS,28.731864824307337,205.83620622163698,13.958605899182725
Brunei Darussalam,BRN,2034,2W,Gasoline,ATS,177.10434139732965,205.83620622163698,86.04139410081729
Brunei Darussalam,BRN,2035,2W,Electric,ATS,46.52636201787521,306.2822838347097,15.190680125326455
Brunei Darussalam,BRN,2035,2W,Gasoline,ATS,259.7559218168345,306.2822838347097,84.80931987467355
Brunei Darussalam,BRN,2036,2W,Electric,ATS,48.14458594410973,289.26885319189523,16.643542992225147
Brunei Darussalam,BRN,2036,2W,Gasoline,ATS,241.1242672477855,289.26885319189523,83.35645700777485
Brunei Darussalam,BRN,2037,2W,Electric,ATS,55.831281646078395,307.7338448395808,18.14271734562794
Brunei Darussalam,BRN,2037,2W,Gasoline,ATS,251.90256319350243,307.7338448395808,81.85728265437207
Brunei Darussalam,BRN,2038,2W,Electric,ATS,64.02822784805363,325.3033349772759,19.68262263666197
Brunei Darussalam,BRN,2038,2W,Gasoline,ATS,261.2751071292223,325.3033349772759,80.31737736333804
Brunei Darussalam,BRN,2039,2W,Electric,ATS,68.98284877038802,324.5189586166075,21.256954929368423
Brunei Darussalam,BRN,2039,2W,Gasoline,ATS,255.53610984621946,324.5189586166075,78.74304507063157
Brunei Darussalam,BRN,2040,2W,Electric,ATS,77.99826342229404,341.21803162172546,22.858775385224355
Brunei Darussalam,BRN,2040,2W,Gasoline,ATS,263.2197681994314,341.21803162172546,77.14122461477564
Brunei Darussalam,BRN,2041,2W,Electric,ATS,83.1366386300202,339.6018121403463,24.480622793515177
Brunei Darussalam,BRN,2041,2W,Gasoline,ATS,256.46517351032605,339.6018121403463,75.51937720648482
Brunei Darussalam,BRN,2042,2W,Electric,ATS,88.31213814364062,338.1709086410133,26.1146467324866
Brunei Darussalam,BRN,2042,2W,Gasoline,ATS,249.85877049737266,338.1709086410133,73.8853532675134
Brunei Darussalam,BRN,2043,2W,Electric,ATS,79.04897091897774,284.83286222105016,27.752756582430514
Brunei Darussalam,BRN,2043,2W,Gasoline,ATS,205.78389130207242,284.83286222105016,72.24724341756948
Brunei Darussalam,BRN,2044,2W,Electric,ATS,79.97808568612629,272.1566781630927,29.38678052140194
Brunei Darussalam,BRN,2044,2W,Gasoline,ATS,192.17859247696643,272.1566781630927,70.61321947859807
Brunei Darussalam,BRN,2045,2W,Electric,ATS,81.96879661358425,264.34190122644486,31.008627929692768
Brunei Darussalam,BRN,2045,2W,Gasoline,ATS,182.3731046128606,264.34190122644486,68.99137207030724
Brunei Darussalam,BRN,2046,2W,Electric,ATS,83.4082866758644,255.77166462030846,32.61044838554869
Brunei Darussalam,BRN,2046,2W,Gasoline,ATS,172.36337794444404,255.77166462030846,67.3895516144513
Brunei Darussalam,BRN,2047,2W,Electric,ATS,76.5697499773096,223.98783452197313,34.18478067825516
Brunei Darussalam,BRN,2047,2W,Gasoline,ATS,147.41808454466351,223.98783452197313,65.81521932174485
Brunei Darussalam,BRN,2048,2W,Electric,ATS,80.98599713209974,226.69477683224295,35.72468596928919
Brunei Darussalam,BRN,2048,2W,Gasoline,ATS,145.7087797001432,226.69477683224295,64.2753140307108
Brunei Darussalam,BRN,2049,2W,Electric,ATS,88.15843273916734,236.833127931724,37.223860322691976
Brunei Darussalam,BRN,2049,2W,Gasoline,ATS,148.67469519255664,236.833127931724,62.77613967730802
Brunei Darussalam,BRN,2050,2W,Electric,ATS,96.24666096200403,248.84905706776,38.67672318959066
Brunei Darussalam,BRN,2050,2W,Gasoline,ATS,152.60239610575596,248.84905706776,61.32327681040933
Brunei Darussalam,BRN,2051,2W,Electric,ATS,106.30795505870454,265.24946862068236,40.078479934951076
Brunei Darussalam,BRN,2051,2W,Gasoline,ATS,158.9415135619778,265.24946862068236,59.92152006504892
Brunei Darussalam,BRN,2052,2W,Electric,ATS,116.31996606293137,280.79546748641496,41.42515799994492
Brunei Darussalam,BRN,2052,2W,Gasoline,ATS,164.4755014234836,280.79546748641496,58.574842000055085
Brunei Darussalam,BRN,2053,2W,Electric,ATS,123.74503389233186,289.70862367092104,42.71361767708143
Brunei Darussalam,BRN,2053,2W,Gasoline,ATS,165.9635897785892,289.70862367092104,57.28638232291857
Brunei Darussalam,BRN,2054,2W,Electric,ATS,130.49384527416387,296.971490626594,43.94153964033006
Brunei Darussalam,BRN,2054,2W,Gasoline,ATS,166.47764535243016,296.971490626594,56.05846035966995
Brunei Darussalam,BRN,2055,2W,Electric,ATS,135.86450584982774,301.20230644075446,45.107392255826525
Brunei Darussalam,BRN,2055,2W,Gasoline,ATS,165.33780059092672,301.20230644075446,54.89260774417348
Brunei Darussalam,BRN,2056,2W,Electric,ATS,139.10025043840068,301.01514766854643,46.21038227337537
Brunei Darussalam,BRN,2056,2W,Gasoline,ATS,161.91489723014575,301.01514766854643,53.78961772662463
Brunei Darussalam,BRN,2057,2W,Electric,ATS,139.86037680138728,295.99833694561585,47.250392770647224
Brunei Darussalam,BRN,2057,2W,Gasoline,ATS,156.13796014422857,295.99833694561585,52.749607229352776
Brunei Darussalam,BRN,2058,2W,Electric,ATS,139.7113517604028,289.6898192802837,48.22791222263418
Brunei Darussalam,BRN,2058,2W,Gasoline,ATS,149.97846751988092,289.6898192802837,51.772087777365826
Brunei Darussalam,BRN,2059,2W,Electric,ATS,138.8788050216033,282.59588704286125,49.143958348034836
Brunei Darussalam,BRN,2059,2W,Gasoline,ATS,143.71708202125797,282.59588704286125,50.856041651965164
Brunei Darussalam,BRN,2060,2W,Electric,ATS,137.53234448958983,275.06468897917966,50.0
Brunei Darussalam,BRN,2060,2W,Gasoline,ATS,137.53234448958983,275.06468897917966,50.0
Brunei Darussalam,BRN,2025,2W,Electric,BAS,75.03513892436605,1940.1943064728937,3.867403314917127
Brunei Darussalam,BRN,2025,2W,Gasoline,BAS,1865.1591675485276,1940.1943064728937,96.13259668508287
Brunei Darussalam,BRN,2026,2W,Electric,BAS,6.003062872746572,127.09077622024051,4.72344496688228
Brunei Darussalam,BRN,2026,2W,Gasoline,BAS,121.08771334749393,127.09077622024051,95.27655503311772
Brunei Darussalam,BRN,2027,2W,Electric,BAS,7.43110076054984,131.76899544568005,5.63949109228294
Brunei Darussalam,BRN,2027,2W,Gasoline,BAS,124.33789468513021,131.76899544568005,94.36050890771706
Brunei Darussalam,BRN,2028,2W,Electric,BAS,8.912072524239065,134.684272672901,6.617010544269887
Brunei Darussalam,BRN,2028,2W,Gasoline,BAS,125.77220014866192,134.684272672901,93.38298945573011
Brunei Darussalam,BRN,2029,2W,Electric,BAS,10.673150625554413,139.3903786818555,7.657021041541758
Brunei Darussalam,BRN,2029,2W,Gasoline,BAS,128.7172280563011,139.3903786818555,92.34297895845825
Brunei Darussalam,BRN,2030,2W,Electric,BAS,12.624160364558069,144.1112377530335,8.760011059090592
Brunei Darussalam,BRN,2030,2W,Gasoline,BAS,131.48707738847543,144.1112377530335,91.23998894090941
Brunei Darussalam,BRN,2031,2W,Electric,BAS,14.780766185280104,148.9116380181904,9.92586367458704
Brunei Darussalam,BRN,2031,2W,Gasoline,BAS,134.1308718329103,148.9116380181904,90.07413632541297
Brunei Darussalam,BRN,2032,2W,Electric,BAS,17.34473015372959,155.5053209458597,11.153785637835687
Brunei Darussalam,BRN,2032,2W,Gasoline,BAS,138.1605907921301,155.5053209458597,88.84621436216432
Brunei Darussalam,BRN,2033,2W,Electric,BAS,20.419037062683085,164.11054874566844,12.44224531497219
Brunei Darussalam,BRN,2033,2W,Gasoline,BAS,143.69151168298535,164.11054874566844,87.5577546850278
Brunei Darussalam,BRN,2034,2W,Electric,BAS,28.382596764130426,205.83620622163698,13.788923379966045
Brunei Darussalam,BRN,2034,2W,Gasoline,BAS,177.45360945750656,205.83620622163698,86.21107662003395
Brunei Darussalam,BRN,2035,2W,Electric,BAS,46.52636201787521,306.2822838347097,15.190680125326455
Brunei Darussalam,BRN,2035,2W,Gasoline,BAS,259.7559218168345,306.2822838347097,84.80931987467355
Brunei Darussalam,BRN,2036,2W,Electric,BAS,48.14458594410973,289.26885319189523,16.643542992225147
Brunei Darussalam,BRN,2036,2W,Gasoline,BAS,241.1242672477855,289.26885319189523,83.35645700777485
Brunei Darussalam,BRN,2037,2W,Electric,BAS,55.831281646078395,307.7338448395808,18.14271734562794
Brunei Darussalam,BRN,2037,2W,Gasoline,BAS,251.90256319350243,307.7338448395808,81.85728265437207
Brunei Darussalam,BRN,2038,2W,Electric,BAS,64.02822784805363,325.3033349772759,19.68262263666197
Brunei Darussalam,BRN,2038,2W,Gasoline,BAS,261.2751071292223,325.3033349772759,80.31737736333804
Brunei Darussalam,BRN,2039,2W,Electric,BAS,68.98284877038802,324.5189586166075,21.256954929368423
Brunei Darussalam,BRN,2039,2W,Gasoline,BAS,255.53610984621946,324.5189586166075,78.74304507063157
Brunei Darussalam,BRN,2040,2W,Electric,BAS,77.99826342229404,341.21803162172546,22.858775385224355
Brunei Darussalam,BRN,2040,2W,Gasoline,BAS,263.2197681994314,341.21803162172546,77.14122461477564
Brunei Darussalam,BRN,2041,2W,Electric,BAS,83.1366386300202,339.6018121403463,24.480622793515177
Brunei Darussalam,BRN,2041,2W,Gasoline,BAS,256.46517351032605,339.6018121403463,75.51937720648482
Brunei Darussalam,BRN,2042,2W,Electric,BAS,88.31213814364062,338.1709086410133,26.1146467324866
Brunei Darussalam,BRN,2042,2W,Gasoline,BAS,249.85877049737266,338.1709086410133,73.8853532675134
Brunei Darussalam,BRN,2043,2W,Electric,BAS,79.04897091897774,284.83286222105016,27.752756582430514
Brunei Darussalam,BRN,2043,2W,Gasoline,BAS,205.78389130207242,284.83286222105016,72.24724341756948
Brunei Darussalam,BRN,2044,2W,Electric,BAS,79.97808568612629,272.1566781630927,29.38678052140194
Brunei Darussalam,BRN,2044,2W,Gasoline,BAS,192.17859247696643,272.1566781630927,70.61321947859807
Brunei Darussalam,BRN,2045,2W,Electric,BAS,81.96879661358425,264.34190122644486,31.008627929692768
Brunei Darussalam,BRN,2045,2W,Gasoline,BAS,182.3731046128606,264.34190122644486,68.99137207030724
Brunei Darussalam,BRN,2046,2W,Electric,BAS,83.4082866758644,255.77166462030846,32.61044838554869
Brunei Darussalam,BRN,2046,2W,Gasoline,BAS,172.36337794444404,255.77166462030846,67.3895516144513
Brunei Darussalam,BRN,2047,2W,Electric,BAS,76.5697499773096,223.98783452197313,34.18478067825516
Brunei Darussalam,BRN,2047,2W,Gasoline,BAS,147.41808454466351,223.98783452197313,65.81521932174485
Brunei Darussalam,BRN,2048,2W,Electric,BAS,80.98599713209974,226.69477683224295,35.72468596928919
Brunei Darussalam,BRN,2048,2W,Gasoline,BAS,145.7087797001432,226.69477683224295,64.2753140307108
Brunei Darussalam,BRN,2049,2W,Electric,BAS,88.15843273916734,236.833127931724,37.223860322691976
Brunei Darussalam,BRN,2049,2W,Gasoline,BAS,148.67469519255664,236.833127931724,62.77613967730802
Brunei Darussalam,BRN,2050,2W,Electric,BAS,96.24666096200403,248.84905706776,38.67672318959066
Brunei Darussalam,BRN,2050,2W,Gasoline,BAS,152.60239610575596,248.84905706776,61.32327681040933
Brunei Darussalam,BRN,2051,2W,Electric,BAS,106.30795505870454,265.24946862068236,40.078479934951076
Brunei Darussalam,BRN,2051,2W,Gasoline,BAS,158.9415135619778,265.24946862068236,59.92152006504892
Brunei Darussalam,BRN,2052,2W,Electric,BAS,116.31996606293137,280.79546748641496,41.42515799994492
Brunei Darussalam,BRN,2052,2W,Gasoline,BAS,164.4755014234836,280.79546748641496,58.574842000055085
Brunei Darussalam,BRN,2053,2W,Electric,BAS,123.74503389233186,289.70862367092104,42.71361767708143
Brunei Darussalam,BRN,2053,2W,Gasoline,BAS,165.9635897785892,289.70862367092104,57.28638232291857
Brunei Darussalam,BRN,2054,2W,Electric,BAS,130.49384527416387,296.971490626594,43.94153964033006
Brunei Darussalam,BRN,2054,2W,Gasoline,BAS,166.47764535243016,296.971490626594,56.05846035966995
Brunei Darussalam,BRN,2055,2W,Electric,BAS,135.86450584982774,301.20230644075446,45.107392255826525
Brunei Darussalam,BRN,2055,2W,Gasoline,BAS,165.33780059092672,301.20230644075446,54.89260774417348
Brunei Darussalam,BRN,2056,2W,Electric,BAS,139.10025043840068,301.01514766854643,46.21038227337537
Brunei Darussalam,BRN,2056,2W,Gasoline,BAS,161.91489723014575,301.01514766854643,53.78961772662463
Brunei Darussalam,BRN,2057,2W,Electric,BAS,139.86037680138728,295.99833694561585,47.250392770647224
Brunei Darussalam,BRN,2057,2W,Gasoline,BAS,156.13796014422857,295.99833694561585,52.749607229352776
Brunei Darussalam,BRN,2058,2W,Electric,BAS,139.7113517604028,289.6898192802837,48.22791222263418
Brunei Darussalam,BRN,2058,2W,Gasoline,BAS,149.97846751988092,289.6898192802837,51.772087777365826
Brunei Darussalam,BRN,2059,2W,Electric,BAS,138.8788050216033,282.59588704286125,49.143958348034836
Brunei Darussalam,BRN,2059,2W,Gasoline,BAS,143.71708202125797,282.59588704286125,50.856041651965164
Brunei Darussalam,BRN,2060,2W,Electric,BAS,137.53234448958983,275.06468897917966,50.0
Brunei Darussalam,BRN,2060,2W,Gasoline,BAS,137.53234448958983,275.06468897917966,50.0
Brunei Darussalam,BRN,2025,2W,Electric,RAS,75.03513892436605,1940.1943064728937,3.867403314917127
Brunei Darussalam,BRN,2025,2W,Gasoline,RAS,1865.1591675485276,1940.1943064728937,96.13259668508287
Brunei Darussalam,BRN,2026,2W,Electric,RAS,10.862966900121895,127.09077622024051,8.547407784572062
Brunei Darussalam,BRN,2026,2W,Gasoline,RAS,116.22780932011862,127.09077622024051,91.45259221542794
Brunei Darussalam,BRN,2027,2W,Electric,RAS,18.81392196978126,131.76899544568005,14.277958108542338
Brunei Darussalam,BRN,2027,2W,Gasoline,RAS,112.9550734758988,131.76899544568005,85.72204189145766
Brunei Darussalam,BRN,2028,2W,Electric,RAS,28.43004604054121,134.684272672901,21.10866063002577
Brunei Darussalam,BRN,2028,2W,Gasoline,RAS,106.25422663235979,134.684272672901,78.89133936997423
Brunei Darussalam,BRN,2029,2W,Electric,RAS,40.4155040557418,139.3903786818555,28.994471812137128
Brunei Darussalam,BRN,2029,2W,Gasoline,RAS,98.97487462611372,139.3903786818555,71.00552818786288
Brunei Darussalam,BRN,2030,2W,Electric,RAS,54.42964684253129,144.1112377530335,37.7691897531326
Brunei Darussalam,BRN,2030,2W,Gasoline,RAS,89.68159091050222,144.1112377530335,62.23081024686741
Brunei Darussalam,BRN,2031,2W,Electric,RAS,70.1995840212219,148.9116380181904,47.14177142598258
Brunei Darussalam,BRN,2031,2W,Gasoline,RAS,78.7120539969685,148.9116380181904,52.85822857401743
Brunei Darussalam,BRN,2032,2W,Electric,RAS,88.2113759274546,155.5053209458597,56.725631888934544
Brunei Darussalam,BRN,2032,2W,Gasoline,RAS,67.29394501840511,155.5053209458597,43.27436811106546
Brunei Darussalam,BRN,2033,2W,Electric,RAS,108.47414098732843,164.11054874566844,66.09821356178452
Brunei Darussalam,BRN,2033,2W,Gasoline,RAS,55.636407758340034,164.11054874566844,33.90178643821549
Brunei Darussalam,BRN,2034,2W,Electric,RAS,154.11560169224722,205.83620622163698,74.87293150277999
Brunei Darussalam,BRN,2034,2W,Gasoline,RAS,51.720604529389774,205.83620622163698,25.127068497220016
Brunei Darussalam,BRN,2035,2W,Electric,RAS,253.47536716817598,306.2822838347097,82.75874268489135
Brunei Darussalam,BRN,2035,2W,Gasoline,RAS,52.80691666653375,306.2822838347097,17.241257315108662
Brunei Darussalam,BRN,2036,2W,Electric,RAS,259.15436072946164,289.26885319189523,89.58944520637478
Brunei Darussalam,BRN,2036,2W,Gasoline,RAS,30.1144924624336,289.26885319189523,10.410554793625238
Brunei Darussalam,BRN,2037,2W,Electric,RAS,293.3318871464474,307.7338448395808,95.31999553034505
Brunei Darussalam,BRN,2037,2W,Gasoline,RAS,14.401957693133419,307.7338448395808,4.6800044696549525
Brunei Darussalam,BRN,2038,2W,Electric,RAS,325.3033349772759,325.3033349772759,100.0
Brunei Darussalam,BRN,2038,2W,Gasoline,RAS,3.611592524791217e-14,325.3033349772759,1.1102230246251565e-14
Brunei Darussalam,BRN,2039,2W,Electric,RAS,324.5189586166075,324.5189586166075,100.0
Brunei Darussalam,BRN,2039,2W,Gasoline,RAS,3.60288419783536e-14,324.5189586166075,1.1102230246251565e-14
Brunei Darussalam,BRN,2040,2W,Electric,RAS,341.21803162172546,341.21803162172546,100.0
Brunei Darussalam,BRN,2040,2W,Gasoline,RAS,3.7882811512371435e-14,341.21803162172546,1.1102230246251565e-14
Brunei Darussalam,BRN,2041,2W,Electric,RAS,339.6018121403463,339.6018121403463,100.0
Brunei Darussalam,BRN,2041,2W,Gasoline,RAS,3.7703375104263946e-14,339.6018121403463,1.1102230246251565e-14
Brunei Darussalam,BRN,2042,2W,Electric,RAS,338.1709086410133,338.1709086410133,100.0
Brunei Darussalam,BRN,2042,2W,Gasoline,RAS,3.7544512903166325e-14,338.1709086410133,1.1102230246251565e-14
Brunei Darussalam,BRN,2043,2W,Electric,RAS,284.83286222105016,284.83286222105016,100.0
Brunei Darussalam,BRN,2043,2W,Gasoline,RAS,3.162280018076948e-14,284.83286222105016,1.1102230246251565e-14
Brunei Darussalam,BRN,2044,2W,Electric,RAS,272.1566781630927,272.1566781630927,100.0
Brunei Darussalam,BRN,2044,2W,Gasoline,RAS,3.0215461040216406e-14,272.1566781630927,1.1102230246251565e-14
Brunei Darussalam,BRN,2045,2W,Electric,RAS,264.34190122644486,264.34190122644486,100.0
Brunei Darussalam,BRN,2045,2W,Gasoline,RAS,2.93478465114788e-14,264.34190122644486,1.1102230246251565e-14
Brunei Darussalam,BRN,2046,2W,Electric,RAS,255.77166462030846,255.77166462030846,100.0
Brunei Darussalam,BRN,2046,2W,Gasoline,RAS,2.8396359110817e-14,255.77166462030846,1.1102230246251565e-14
Brunei Darussalam,BRN,2047,2W,Electric,RAS,223.98783452197313,223.98783452197313,100.0
Brunei Darussalam,BRN,2047,2W,Gasoline,RAS,2.4867645112222406e-14,223.98783452197313,1.1102230246251565e-14
Brunei Darussalam,BRN,2048,2W,Electric,RAS,226.69477683224295,226.69477683224295,100.0
Brunei Darussalam,BRN,2048,2W,Gasoline,RAS,2.5168176080141763e-14,226.69477683224295,1.1102230246251565e-14
Brunei Darussalam,BRN,2049,2W,Electric,RAS,236.833127931724,236.833127931724,100.0
Brunei Darussalam,BRN,2049,2W,Gasoline,RAS,2.6293759162379526e-14,236.833127931724,1.1102230246251565e-14
Brunei Darussalam,BRN,2050,2W,Electric,RAS,248.84905706776,248.84905706776,100.0
Brunei Darussalam,BRN,2050,2W,Gasoline,RAS,2.7627795281288668e-14,248.84905706776,1.1102230246251565e-14
Brunei Darussalam,BRN,2051,2W,Electric,RAS,265.24946862068236,265.24946862068236,100.0
Brunei Darussalam,BRN,2051,2W,Gasoline,RAS,2.944860673322695e-14,265.24946862068236,1.1102230246251565e-14
Brunei Darussalam,BRN,2052,2W,Electric,RAS,280.79546748641496,280.79546748641496,100.0
Brunei Darussalam,BRN,2052,2W,Gasoline,RAS,3.117455932138024e-14,280.79546748641496,1.1102230246251565e-14
Brunei Darussalam,BRN,2053,2W,Electric,RAS,289.70862367092104,289.70862367092104,100.0
Brunei Darussalam,BRN,2053,2W,Gasoline,RAS,3.216411844319212e-14,289.70862367092104,1.1102230246251565e-14
Brunei Darussalam,BRN,2054,2W,Electric,RAS,296.971490626594,296.971490626594,100.0
Brunei Darussalam,BRN,2054,2W,Gasoline,RAS,3.297045865508985e-14,296.971490626594,1.1102230246251565e-14
Brunei Darussalam,BRN,2055,2W,Electric,RAS,301.20230644075446,301.20230644075446,100.0
Brunei Darussalam,BRN,2055,2W,Gasoline,RAS,3.344017356807277e-14,301.20230644075446,1.1102230246251565e-14
Brunei Darussalam,BRN,2056,2W,Electric,RAS,301.01514766854643,301.01514766854643,100.0
Brunei Darussalam,BRN,2056,2W,Gasoline,RAS,3.3419394770256176e-14,301.01514766854643,1.1102230246251565e-14
Brunei Darussalam,BRN,2057,2W,Electric,RAS,295.99833694561585,295.99833694561585,100.0
Brunei Darussalam,BRN,2057,2W,Gasoline,RAS,3.2862416892777785e-14,295.99833694561585,1.1102230246251565e-14
Brunei Darussalam,BRN,2058,2W,Electric,RAS,289.6898192802837,289.6898192802837,100.0
Brunei Darussalam,BRN,2058,2W,Gasoline,RAS,3.2162030736447156e-14,289.6898192802837,1.1102230246251565e-14
Brunei Darussalam,BRN,2059,2W,Electric,RAS,282.59588704286125,282.59588704286125,100.0
Brunei Darussalam,BRN,2059,2W,Gasoline,RAS,3.137444604593545e-14,282.59588704286125,1.1102230246251565e-14
Brunei Darussalam,BRN,2060,2W,Electric,RAS,275.06468897917966,275.06468897917966,100.0
Brunei Darussalam,BRN,2060,2W,Gasoline,RAS,3.053831509660428e-14,275.06468897917966,1.1102230246251565e-14
Brunei Darussalam,BRN,2006,2W,Electric,historical,0.0,81.0,0.0
Brunei Darussalam,BRN,2006,2W,Gasoline,historical,81.0,81.0,100.0
Brunei Darussalam,BRN,2007,2W,Electric,historical,0.0,85.0,0.0
Brunei Darussalam,BRN,2007,2W,Gasoline,historical,85.0,85.0,100.0
Brunei Darussalam,BRN,2008,2W,Electric,historical,0.0,89.0,0.0
Brunei Darussalam,BRN,2008,2W,Gasoline,historical,89.0,89.0,100.0
Brunei Darussalam,BRN,2009,2W,Electric,historical,0.0,92.0,0.0
Brunei Darussalam,BRN,2009,2W,Gasoline,historical,92.0,92.0,100.0
Brunei Darussalam,BRN,2010,2W,Electric,historical,0.0,96.0,0.0
Brunei Darussalam,BRN,2010,2W,Gasoline,historical,96.0,96.0,100.0
Brunei Darussalam,BRN,2011,2W,Electric,historical,0.0,101.0,0.0
Brunei Darussalam,BRN,2011,2W,Gasoline,historical,101.0,101.0,100.0
Brunei Darussalam,BRN,2012,2W,Electric,historical,0.0,105.0,0.0
Brunei Darussalam,BRN,2012,2W,Gasoline,historical,105.0,105.0,100.0
Brunei Darussalam,BRN,2013,2W,Electric,historical,0.0,109.0,0.0
Brunei Darussalam,BRN,2013,2W,Gasoline,historical,109.0,109.0,100.0
Brunei Darussalam,BRN,2014,2W,Electric,historical,0.0,114.0,0.0
Brunei Darussalam,BRN,2014,2W,Gasoline,historical,114.0,114.0,100.0
Brunei Darussalam,BRN,2015,2W,Electric,historical,0.0,119.0,0.0
Brunei Darussalam,BRN,2015,2W,Gasoline,historical,119.0,119.0,100.0
Brunei Darussalam,BRN,2016,2W,Electric,historical,0.0,124.0,0.0
Brunei Darussalam,BRN,2016,2W,Gasoline,historical,124.0,124.0,100.0
Brunei Darussalam,BRN,2017,2W,Electric,historical,0.0,130.0,0.0
Brunei Darussalam,BRN,2017,2W,Gasoline,historical,130.0,130.0,100.0
Brunei Darussalam,BRN,2018,2W,Electric,historical,0.0,135.0,0.0
Brunei Darussalam,BRN,2018,2W,Gasoline,historical,135.0,135.0,100.0
Brunei Darussalam,BRN,2019,2W,Electric,historical,0.0,141.0,0.0
Brunei Darussalam,BRN,2019,2W,Gasoline,historical,141.0,141.0,100.0
Brunei Darussalam,BRN,2020,2W,Electric,historical,3.0,150.0,2.0
Brunei Darussalam,BRN,2020,2W,Gasoline,historical,147.0,150.0,98.0
Brunei Darussalam,BRN,2021,2W,Electric,historical,4.0,158.0,2.5316455696202533
Brunei Darussalam,BRN,2021,2W,Gasoline,historical,154.0,158.0,97.46835443037975
Brunei Darussalam,BRN,2022,2W,Electric,historical,5.0,165.0,3.0303030303030303
Brunei Darussalam,BRN,2022,2W,Gasoline,historical,160.0,165.0,96.96969696969697
Brunei Darussalam,BRN,2023,2W,Electric,historical,6.0,173.0,3.468208092485549
Brunei Darussalam,BRN,2023,2W,Gasoline,historical,167.0,173.0,96.53179190751445
Brunei Darussalam,BRN,2024,2W,Electric,historical,7.0,181.0,3.867403314917127
Brunei Darussalam,BRN,2024,2W,Gasoline,historical,174.0,181.0,96.13259668508287
Brunei Darussalam,BRN,2025,Bus,Diesel,ATS,1410.596919672441,1593.452075926276,88.52459016393442
Brunei Darussalam,BRN,2025,Bus,Electric,ATS,182.85515625383493,1593.452075926276,11.475409836065573
Brunei Darussalam,BRN,2026,Bus,Diesel,ATS,89.27475862458135,101.24053339382226,88.18084578565538
Brunei Darussalam,BRN,2026,Bus,Electric,ATS,11.965774769240918,101.24053339382226,11.819154214344621
Brunei Darussalam,BRN,2027,Bus,Diesel,ATS,91.68473826546087,104.40906406264321,87.81300655128177
Brunei Darussalam,BRN,2027,Bus,Electric,ATS,12.724325797182347,104.40906406264321,12.18699344871823
Brunei Darussalam,BRN,2028,Bus,Diesel,ATS,92.34259253445934,105.6303851733287,87.42048264136739
Brunei Darussalam,BRN,2028,Bus,Electric,ATS,13.287792638869371,105.6303851733287,12.57951735863261
Brunei Darussalam,BRN,2029,Bus,Diesel,ATS,94.25136572682969,108.33133518578552,87.00286538995478
Brunei Darussalam,BRN,2029,Bus,Electric,ATS,14.07996945895583,108.33133518578552,12.997134610045224
Brunei Darussalam,BRN,2030,Bus,Diesel,ATS,70.59596499684442,81.55729981660988,86.55995864942417
Brunei Darussalam,BRN,2030,Bus,Electric,ATS,10.961334819765474,81.55729981660988,13.440041350575829
Brunei Darussalam,BRN,2031,Bus,Diesel,ATS,68.62593563876615,79.71250243305644,86.09180937005343
Brunei Darussalam,BRN,2031,Bus,Electric,ATS,11.08656679429029,79.71250243305644,13.908190629946574
Brunei Darussalam,BRN,2032,Bus,Diesel,ATS,71.73192350339018,83.80021339855466,85.59873608224888
Brunei Darussalam,BRN,2032,Bus,Electric,ATS,12.068289895164492,83.80021339855466,14.40126391775112
Brunei Darussalam,BRN,2033,Bus,Diesel,ATS,72.39397957870477,85.08794974750845,85.08135381511484
Brunei Darussalam,BRN,2033,Bus,Electric,ATS,12.693970168803682,85.08794974750845,14.918646184885173
Brunei Darussalam,BRN,2034,Bus,Diesel,ATS,100.69201981243427,119.10493547739998,84.54059389632972
Brunei Darussalam,BRN,2034,Bus,Electric,ATS,18.412915664965716,119.10493547739998,15.459406103670275
Brunei Darussalam,BRN,2035,Bus,Diesel,ATS,177.4515137232311,211.30785629385173,83.97771707856481
Brunei Darussalam,BRN,2035,Bus,Electric,ATS,33.85634257062065,211.30785629385173,16.022282921435202
Brunei Darussalam,BRN,2036,Bus,Diesel,ATS,158.468427306417,190.02304961282516,83.39431854677568
Brunei Darussalam,BRN,2036,Bus,Electric,ATS,31.554622306408163,190.02304961282516,16.605681453224324
Brunei Darussalam,BRN,2037,Bus,Diesel,ATS,178.36018494582677,215.4308240290443,82.79232359143755
Brunei Darussalam,BRN,2037,Bus,Electric,ATS,37.070639083217536,215.4308240290443,17.20767640856245
Brunei Darussalam,BRN,2038,Bus,Diesel,ATS,193.4495353782294,235.4146064864317,82.1739730875106
Brunei Darussalam,BRN,2038,Bus,Electric,ATS,41.96507110820232,235.4146064864317,17.826026912489397
Brunei Darussalam,BRN,2039,Bus,Diesel,ATS,196.05482157515652,240.4347530394789,81.54179838676015
Brunei Darussalam,BRN,2039,Bus,Electric,ATS,44.37993146432237,240.4347530394789,18.45820161323986
Brunei Darussalam,BRN,2040,Bus,Diesel,ATS,208.97114182821386,258.31247826652,80.89858578670868
Brunei Darussalam,BRN,2040,Bus,Electric,ATS,49.34133643830612,258.31247826652,19.101414213291328
Brunei Darussalam,BRN,2041,Bus,Diesel,ATS,210.46775151364028,262.273832648144,80.24733134395277
Brunei Darussalam,BRN,2041,Bus,Electric,ATS,51.806081134503714,262.273832648144,19.752668656047234
Brunei Darussalam,BRN,2042,Bus,Diesel,ATS,206.7836874389646,259.80726533391226,79.59118740316976
Brunei Darussalam,BRN,2042,Bus,Electric,ATS,53.023577894947664,259.80726533391226,20.408812596830245
Brunei Darussalam,BRN,2043,Bus,Diesel,ATS,176.46155485836297,223.55751644610018,78.93340276076466
Brunei Darussalam,BRN,2043,Bus,Electric,ATS,47.09596158773719,223.55751644610018,21.066597239235325
Brunei Darussalam,BRN,2044,Bus,Diesel,ATS,167.82636235804733,214.39989709400334,78.27725881998167
Brunei Darussalam,BRN,2044,Bus,Electric,ATS,46.573534735955995,214.39989709400334,21.722741180018335
Brunei Darussalam,BRN,2045,Bus,Diesel,ATS,162.11313570030734,208.83869651787563,77.62600437722575
Brunei Darussalam,BRN,2045,Bus,Electric,ATS,46.72556081756828,208.83869651787563,22.373995622774242
Brunei Darussalam,BRN,2046,Bus,Diesel,ATS,150.37480308011598,195.33560632014223,76.98279177717428
Brunei Darussalam,BRN,2046,Bus,Electric,ATS,44.96080324002623,195.33560632014223,23.017208222825708
Brunei Darussalam,BRN,2047,Bus,Diesel,ATS,132.77759251698407,173.90506796307773,76.35061707642382
Brunei Darussalam,BRN,2047,Bus,Electric,ATS,41.127475446093655,173.90506796307773,23.64938292357618
Brunei Darussalam,BRN,2048,Bus,Diesel,ATS,127.95253218973262,168.95378678155157,75.73226657249688
Brunei Darussalam,BRN,2048,Bus,Electric,ATS,41.00125459181895,168.95378678155157,24.267733427503124
Brunei Darussalam,BRN,2049,Bus,Diesel,ATS,137.83328010871634,183.4590467223029,75.13027161715875
Brunei Darussalam,BRN,2049,Bus,Electric,ATS,45.625766613586556,183.4590467223029,24.86972838284125
Brunei Darussalam,BRN,2050,Bus,Diesel,ATS,144.59909552082058,193.97070532419048,74.54687308536964
Brunei Darussalam,BRN,2050,Bus,Electric,ATS,49.37160980336988,193.97070532419048,25.453126914630364
Brunei Darussalam,BRN,2051,Bus,Diesel,ATS,152.6974782993686,206.3925794803681,73.9839962676047
Brunei Darussalam,BRN,2051,Bus,Electric,ATS,53.69510118099949,206.3925794803681,26.016003732395294
Brunei Darussalam,BRN,2052,Bus,Diesel,ATS,162.55130371881228,221.32916766735707,73.44323634881961
Brunei Darussalam,BRN,2052,Bus,Electric,ATS,58.7778639485448,221.32916766735707,26.556763651180397
Brunei Darussalam,BRN,2053,Bus,Diesel,ATS,168.88030323326637,231.57809443561746,72.92585408168556
Brunei Darussalam,BRN,2053,Bus,Electric,ATS,62.6977912023511,231.57809443561746,27.074145918314446
Brunei Darussalam,BRN,2054,Bus,Diesel,ATS,174.5166337910086,240.93598489283931,72.43278079388102
Brunei Darussalam,BRN,2054,Bus,Electric,ATS,66.41935110183074,240.93598489283931,27.56721920611899
Brunei Darussalam,BRN,2055,Bus,Diesel,ATS,178.295012320153,247.75366533239776,71.96463151451027
Brunei Darussalam,BRN,2055,Bus,Electric,ATS,69.45865301224475,247.75366533239776,28.035368485489737
Brunei Darussalam,BRN,2056,Bus,Diesel,ATS,179.27118669649386,250.65277335385872,71.52172477397966
Brunei Darussalam,BRN,2056,Bus,Electric,ATS,71.38158665736488,250.65277335385872,28.47827522602035
Brunei Darussalam,BRN,2057,Bus,Diesel,ATS,177.27684174837484,249.32011373901378,71.10410752256705
Brunei Darussalam,BRN,2057,Bus,Electric,ATS,72.04327199063897,249.32011373901378,28.895892477432955
Brunei Darussalam,BRN,2058,Bus,Diesel,ATS,174.2586627892852,246.43580851455363,70.71158361265266
Brunei Darussalam,BRN,2058,Bus,Electric,ATS,72.17714572526843,246.43580851455363,29.28841638734734
Brunei Darussalam,BRN,2059,Bus,Diesel,ATS,170.79190524020134,242.7961530193138,70.34374437827906
Brunei Darussalam,BRN,2059,Bus,Electric,ATS,72.00424777911245,242.7961530193138,29.656255621720952
Brunei Darussalam,BRN,2060,Bus,Diesel,ATS,166.89028339068184,238.41469055811694,70.0
Brunei Darussalam,BRN,2060,Bus,Electric,ATS,71.52440716743509,238.41469055811694,30.0
Brunei Darussalam,BRN,2025,Bus,Diesel,BAS,1410.596919672441,1593.452075926276,88.52459016393442
Brunei Darussalam,BRN,2025,Bus,Electric,BAS,182.85515625383493,1593.452075926276,11.475409836065573
Brunei Darussalam,BRN,2026,Bus,Diesel,BAS,89.27475862458135,101.24053339382226,88.18084578565538
Brunei Darussalam,BRN,2026,Bus,Electric,BAS,11.965774769240918,101.24053339382226,11.819154214344621
Brunei Darussalam,BRN,2027,Bus,Diesel,BAS,91.68473826546087,104.40906406264321,87.81300655128177
Brunei Darussalam,BRN,2027,Bus,Electric,BAS,12.724325797182347,104.40906406264321,12.18699344871823
Brunei Darussalam,BRN,2028,Bus,Diesel,BAS,92.34259253445934,105.6303851733287,87.42048264136739
Brunei Darussalam,BRN,2028,Bus,Electric,BAS,13.287792638869371,105.6303851733287,12.57951735863261
Brunei Darussalam,BRN,2029,Bus,Diesel,BAS,94.25136572682969,108.33133518578552,87.00286538995478
Brunei Darussalam,BRN,2029,Bus,Electric,BAS,14.07996945895583,108.33133518578552,12.997134610045224
Brunei Darussalam,BRN,2030,Bus,Diesel,BAS,70.59596499684442,81.55729981660988,86.55995864942417
Brunei Darussalam,BRN,2030,Bus,Electric,BAS,10.961334819765474,81.55729981660988,13.440041350575829
Brunei Darussalam,BRN,2031,Bus,Diesel,BAS,68.62593563876615,79.71250243305644,86.09180937005343
Brunei Darussalam,BRN,2031,Bus,Electric,BAS,11.08656679429029,79.71250243305644,13.908190629946574
Brunei Darussalam,BRN,2032,Bus,Diesel,BAS,71.73192350339018,83.80021339855466,85.59873608224888
Brunei Darussalam,BRN,2032,Bus,Electric,BAS,12.068289895164492,83.80021339855466,14.40126391775112
Brunei Darussalam,BRN,2033,Bus,Diesel,BAS,72.39397957870477,85.08794974750845,85.08135381511484
Brunei Darussalam,BRN,2033,Bus,Electric,BAS,12.693970168803682,85.08794974750845,14.918646184885173
Brunei Darussalam,BRN,2034,Bus,Diesel,BAS,100.69201981243427,119.10493547739998,84.54059389632972
Brunei Darussalam,BRN,2034,Bus,Electric,BAS,18.412915664965716,119.10493547739998,15.459406103670275
Brunei Darussalam,BRN,2035,Bus,Diesel,BAS,177.4515137232311,211.30785629385173,83.97771707856481
Brunei Darussalam,BRN,2035,Bus,Electric,BAS,33.85634257062065,211.30785629385173,16.022282921435202
Brunei Darussalam,BRN,2036,Bus,Diesel,BAS,158.468427306417,190.02304961282516,83.39431854677568
Brunei Darussalam,BRN,2036,Bus,Electric,BAS,31.554622306408163,190.02304961282516,16.605681453224324
Brunei Darussalam,BRN,2037,Bus,Diesel,BAS,178.36018494582677,215.4308240290443,82.79232359143755
Brunei Darussalam,BRN,2037,Bus,Electric,BAS,37.070639083217536,215.4308240290443,17.20767640856245
Brunei Darussalam,BRN,2038,Bus,Diesel,BAS,193.4495353782294,235.4146064864317,82.1739730875106
Brunei Darussalam,BRN,2038,Bus,Electric,BAS,41.96507110820232,235.4146064864317,17.826026912489397
Brunei Darussalam,BRN,2039,Bus,Diesel,BAS,196.05482157515652,240.4347530394789,81.54179838676015
Brunei Darussalam,BRN,2039,Bus,Electric,BAS,44.37993146432237,240.4347530394789,18.45820161323986
Brunei Darussalam,BRN,2040,Bus,Diesel,BAS,208.97114182821386,258.31247826652,80.89858578670868
Brunei Darussalam,BRN,2040,Bus,Electric,BAS,49.34133643830612,258.31247826652,19.101414213291328
Brunei Darussalam,BRN,2041,Bus,Diesel,BAS,210.46775151364028,262.273832648144,80.24733134395277
Brunei Darussalam,BRN,2041,Bus,Electric,BAS,51.806081134503714,262.273832648144,19.752668656047234
Brunei Darussalam,BRN,2042,Bus,Diesel,BAS,206.7836874389646,259.80726533391226,79.59118740316976
Brunei Darussalam,BRN,2042,Bus,Electric,BAS,53.023577894947664,259.80726533391226,20.408812596830245
Brunei Darussalam,BRN,2043,Bus,Diesel,BAS,176.46155485836297,223.55751644610018,78.93340276076466
Brunei Darussalam,BRN,2043,Bus,Electric,BAS,47.09596158773719,223.55751644610018,21.066597239235325
Brunei Darussalam,BRN,2044,Bus,Diesel,BAS,167.82636235804733,214.39989709400334,78.27725881998167
Brunei Darussalam,BRN,2044,Bus,Electric,BAS,46.573534735955995,214.39989709400334,21.722741180018335
Brunei Darussalam,BRN,2045,Bus,Diesel,BAS,162.11313570030734,208.83869651787563,77.62600437722575
Brunei Darussalam,BRN,2045,Bus,Electric,BAS,46.72556081756828,208.83869651787563,22.373995622774242
Brunei Darussalam,BRN,2046,Bus,Diesel,BAS,150.37480308011598,195.33560632014223,76.98279177717428
Brunei Darussalam,BRN,2046,Bus,Electric,BAS,44.96080324002623,195.33560632014223,23.017208222825708
Brunei Darussalam,BRN,2047,Bus,Diesel,BAS,132.77759251698407,173.90506796307773,76.35061707642382
Brunei Darussalam,BRN,2047,Bus,Electric,BAS,41.127475446093655,173.90506796307773,23.64938292357618
Brunei Darussalam,BRN,2048,Bus,Diesel,BAS,127.95253218973262,168.95378678155157,75.73226657249688
Brunei Darussalam,BRN,2048,Bus,Electric,BAS,41.00125459181895,168.95378678155157,24.267733427503124
Brunei Darussalam,BRN,2049,Bus,Diesel,BAS,137.83328010871634,183.4590467223029,75.13027161715875
Brunei Darussalam,BRN,2049,Bus,Electric,BAS,45.625766613586556,183.4590467223029,24.86972838284125
Brunei Darussalam,BRN,2050,Bus,Diesel,BAS,144.59909552082058,193.97070532419048,74.54687308536964
Brunei Darussalam,BRN,2050,Bus,Electric,BAS,49.37160980336988,193.97070532419048,25.453126914630364
Brunei Darussalam,BRN,2051,Bus,Diesel,BAS,152.6974782993686,206.3925794803681,73.9839962676047
Brunei Darussalam,BRN,2051,Bus,Electric,BAS,53.69510118099949,206.3925794803681,26.016003732395294
Brunei Darussalam,BRN,2052,Bus,Diesel,BAS,162.55130371881228,221.32916766735707,73.44323634881961
Brunei Darussalam,BRN,2052,Bus,Electric,BAS,58.7778639485448,221.32916766735707,26.556763651180397
Brunei Darussalam,BRN,2053,Bus,Diesel,BAS,168.88030323326637,231.57809443561746,72.92585408168556
Brunei Darussalam,BRN,2053,Bus,Electric,BAS,62.6977912023511,231.57809443561746,27.074145918314446
Brunei Darussalam,BRN,2054,Bus,Diesel,BAS,174.5166337910086,240.93598489283931,72.43278079388102
Brunei Darussalam,BRN,2054,Bus,Electric,BAS,66.41935110183074,240.93598489283931,27.56721920611899
Brunei Darussalam,BRN,2055,Bus,Diesel,BAS,178.295012320153,247.75366533239776,71.96463151451027
Brunei Darussalam,BRN,2055,Bus,Electric,BAS,69.45865301224475,247.75366533239776,28.035368485489737
Brunei Darussalam,BRN,2056,Bus,Diesel,BAS,179.27118669649386,250.65277335385872,71.52172477397966
Brunei Darussalam,BRN,2056,Bus,Electric,BAS,71.38158665736488,250.65277335385872,28.47827522602035
Brunei Darussalam,BRN,2057,Bus,Diesel,BAS,177.27684174837484,249.32011373901378,71.10410752256705
Brunei Darussalam,BRN,2057,Bus,Electric,BAS,72.04327199063897,249.32011373901378,28.895892477432955
Brunei Darussalam,BRN,2058,Bus,Diesel,BAS,174.2586627892852,246.43580851455363,70.71158361265266
Brunei Darussalam,BRN,2058,Bus,Electric,BAS,72.17714572526843,246.43580851455363,29.28841638734734
Brunei Darussalam,BRN,2059,Bus,Diesel,BAS,170.79190524020134,242.7961530193138,70.34374437827906
Brunei Darussalam,BRN,2059,Bus,Electric,BAS,72.00424777911245,242.7961530193138,29.656255621720952
Brunei Darussalam,BRN,2060,Bus,Diesel,BAS,166.89028339068184,238.41469055811694,70.0
Brunei Darussalam,BRN,2060,Bus,Electric,BAS,71.52440716743509,238.41469055811694,30.0
Brunei Darussalam,BRN,2025,Bus,Diesel,RAS,1410.596919672441,1593.452075926276,88.52459016393442
Brunei Darussalam,BRN,2025,Bus,Electric,RAS,182.85515625383493,1593.452075926276,11.475409836065573
Brunei Darussalam,BRN,2026,Bus,Diesel,RAS,89.27475862458135,101.24053339382226,88.18084578565538
Brunei Darussalam,BRN,2026,Bus,Electric,RAS,11.965774769240918,101.24053339382226,11.819154214344621
Brunei Darussalam,BRN,2027,Bus,Diesel,RAS,91.68473826546087,104.40906406264321,87.81300655128177
Brunei Darussalam,BRN,2027,Bus,Electric,RAS,12.724325797182347,104.40906406264321,12.18699344871823
Brunei Darussalam,BRN,2028,Bus,Diesel,RAS,92.34259253445934,105.6303851733287,87.42048264136739
Brunei Darussalam,BRN,2028,Bus,Electric,RAS,13.287792638869371,105.6303851733287,12.57951735863261
Brunei Darussalam,BRN,2029,Bus,Diesel,RAS,94.183115696356,108.33133518578552,86.93986419980361
Brunei Darussalam,BRN,2029,Bus,Electric,RAS,14.148219489429525,108.33133518578552,13.060135800196393
Brunei Darussalam,BRN,2030,Bus,Diesel,RAS,70.43727432192455,81.55729981660988,86.36538296425962
Brunei Darussalam,BRN,2030,Bus,Electric,RAS,11.120025494685342,81.55729981660988,13.634617035740371
Brunei Darussalam,BRN,2031,Bus,Diesel,RAS,68.31433375287862,79.71250243305644,85.70090220194737
Brunei Darussalam,BRN,2031,Bus,Electric,RAS,11.398168680177827,79.71250243305644,14.299097798052635
Brunei Darussalam,BRN,2032,Bus,Diesel,RAS,71.1773365542498,83.80021339855466,84.93693949886462
Brunei Darussalam,BRN,2032,Bus,Electric,RAS,12.622876844304855,83.80021339855466,15.063060501135391
Brunei Darussalam,BRN,2033,Bus,Diesel,RAS,71.52889737219117,85.08794974750845,84.06466201671017
Brunei Darussalam,BRN,2033,Bus,Electric,RAS,13.559052375317288,85.08794974750845,15.935337983289843
Brunei Darussalam,BRN,2034,Bus,Diesel,RAS,98.94827382609128,119.10493547739998,83.07655214243125
Brunei Darussalam,BRN,2034,Bus,Electric,RAS,20.156661651308678,119.10493547739998,16.92344785756874
Brunei Darussalam,BRN,2035,Bus,Diesel,RAS,173.20312907589837,211.30785629385173,81.96719805582447
Brunei Darussalam,BRN,2035,Bus,Electric,RAS,38.10472721795336,211.30785629385173,18.032801944175546
Brunei Darussalam,BRN,2036,Bus,Diesel,RAS,153.41352029079684,190.02304961282516,80.73416388347582
Brunei Darussalam,BRN,2036,Bus,Electric,RAS,36.60952932202836,190.02304961282516,19.26583611652419
Brunei Darussalam,BRN,2037,Bus,Diesel,RAS,171.0065325968211,215.4308240290443,79.37886018287061
Brunei Darussalam,BRN,2037,Bus,Electric,RAS,44.42429143222321,215.4308240290443,20.621139817129393
Brunei Darussalam,BRN,2038,Bus,Diesel,RAS,183.40516895436872,235.4146064864317,77.90730222380633
Brunei Darussalam,BRN,2038,Bus,Electric,RAS,52.009437532062975,235.4146064864317,22.09269777619367
Brunei Darussalam,BRN,2039,Bus,Diesel,RAS,183.52533938727106,240.4347530394789,76.33062070570828
Brunei Darussalam,BRN,2039,Bus,Electric,RAS,56.909413652207824,240.4347530394789,23.66937929429171
Brunei Darussalam,BRN,2040,Bus,Diesel,RAS,192.86949964604122,258.31247826652,74.665188821054
Brunei Darussalam,BRN,2040,Bus,Electric,RAS,65.44297862047873,258.31247826652,25.334811178945987
Brunei Darussalam,BRN,2041,Bus,Diesel,RAS,191.28223491398603,262.273832648144,72.9322605242905
Brunei Darussalam,BRN,2041,Bus,Electric,RAS,70.99159773415795,262.273832648144,27.0677394757095
Brunei Darussalam,BRN,2042,Bus,Diesel,RAS,184.87126308574534,259.80726533391226,71.15707978687321
Brunei Darussalam,BRN,2042,Bus,Electric,RAS,74.93600224816694,259.80726533391226,28.842920213126792
Brunei Darussalam,BRN,2043,Bus,Diesel,RAS,155.07628341944888,223.55751644610018,69.36751037706122
Brunei Darussalam,BRN,2043,Bus,Electric,RAS,68.4812330266513,223.55751644610018,30.63248962293878
Brunei Darussalam,BRN,2044,Bus,Diesel,RAS,144.9178851908361,214.39989709400334,67.59232963964394
Brunei Darussalam,BRN,2044,Bus,Electric,RAS,69.48201190316723,214.39989709400334,32.40767036035607
Brunei Darussalam,BRN,2045,Bus,Diesel,RAS,137.53991529894776,208.83869651787563,65.85940134288042
Brunei Darussalam,BRN,2045,Bus,Electric,RAS,71.29878121892789,208.83869651787563,34.14059865711958
Brunei Darussalam,BRN,2046,Bus,Diesel,RAS,125.39367946219296,195.33560632014223,64.19396945822614
Brunei Darussalam,BRN,2046,Bus,Electric,RAS,69.94192685794927,195.33560632014223,35.80603054177386
Brunei Darussalam,BRN,2047,Bus,Diesel,RAS,108.89463714891583,173.90506796307773,62.617287940128094
Brunei Darussalam,BRN,2047,Bus,Electric,RAS,65.0104308141619,173.90506796307773,37.382712059871906
Brunei Darussalam,BRN,2048,Bus,Diesel,RAS,103.30802625822983,168.95378678155157,61.14572998106382
Brunei Darussalam,BRN,2048,Bus,Electric,RAS,65.64576052332175,168.95378678155157,38.854270018936184
Brunei Darussalam,BRN,2049,Bus,Diesel,RAS,109.69094608533067,183.4590467223029,59.79042628045863
Brunei Darussalam,BRN,2049,Bus,Electric,RAS,73.76810063697225,183.4590467223029,40.20957371954138
Brunei Darussalam,BRN,2050,Bus,Diesel,RAS,113.58418649155279,193.97070532419048,58.55739210810999
Brunei Darussalam,BRN,2050,Bus,Electric,RAS,80.3865188326377,193.97070532419048,41.44260789189003
Brunei Darussalam,BRN,2051,Bus,Diesel,RAS,118.56848753344306,206.3925794803681,57.44803802150319
Brunei Darussalam,BRN,2051,Bus,Electric,RAS,87.82409194692507,206.3925794803681,42.55196197849682
Brunei Darussalam,BRN,2052,Bus,Diesel,RAS,124.96228903383935,221.32916766735707,56.45992814722428
Brunei Darussalam,BRN,2052,Bus,Electric,RAS,96.36687863351774,221.32916766735707,43.54007185277573
Brunei Darussalam,BRN,2053,Bus,Diesel,RAS,128.72882215169656,231.57809443561746,55.58765066506983
Brunei Darussalam,BRN,2053,Bus,Electric,RAS,102.84927228392094,231.57809443561746,44.41234933493018
Brunei Darussalam,BRN,2054,Bus,Diesel,RAS,132.08999254579052,240.93598489283931,54.82368796198707
Brunei Darussalam,BRN,2054,Bus,Electric,RAS,108.8459923470488,240.93598489283931,45.17631203801294
Brunei Darussalam,BRN,2055,Bus,Diesel,RAS,134.18142095216217,247.75366533239776,54.159207199674796
Brunei Darussalam,BRN,2055,Bus,Electric,RAS,113.57224438023559,247.75366533239776,45.840792800325204
Brunei Darussalam,BRN,2056,Bus,Diesel,RAS,134.3116017231591,250.65277335385872,53.58472596413082
Brunei Darussalam,BRN,2056,Bus,Electric,RAS,116.3411716306996,250.65277335385872,46.41527403586918
Brunei Darussalam,BRN,2057,Bus,Diesel,RAS,132.36563422904086,249.32011373901378,53.09063606781446
Brunei Darussalam,BRN,2057,Bus,Electric,RAS,116.95447950997291,249.32011373901378,46.90936393218555
Brunei Darussalam,BRN,2058,Bus,Diesel,RAS,129.7917985102865,246.43580851455363,52.6675888916612
Brunei Darussalam,BRN,2058,Bus,Electric,RAS,116.64401000426713,246.43580851455363,47.3324111083388
Brunei Darussalam,BRN,2059,Bus,Diesel,RAS,126.99879604418005,242.7961530193138,52.306757938655494
Brunei Darussalam,BRN,2059,Bus,Electric,RAS,115.79735697513377,242.7961530193138,47.69324206134451
Brunei Darussalam,BRN,2060,Bus,Diesel,RAS,123.97563909022081,238.41469055811694,52.0
Brunei Darussalam,BRN,2060,Bus,Electric,RAS,114.43905146789614,238.41469055811694,48.0
Brunei Darussalam,BRN,2006,Bus,Electric,historical,0.0,50.0,0.0
Brunei Darussalam,BRN,2006,Bus,HybridDiesel,historical,50.0,50.0,100.0
Brunei Darussalam,BRN,2007,Bus,Electric,historical,0.0,32.670888075617626,0.0
Brunei Darussalam,BRN,2007,Bus,HybridDiesel,historical,32.670888075617626,32.670888075617626,100.0
Brunei Darussalam,BRN,2008,Bus,Electric,historical,0.0,33.651014717886156,0.0
Brunei Darussalam,BRN,2008,Bus,HybridDiesel,historical,33.651014717886156,33.651014717886156,100.0
Brunei Darussalam,BRN,2009,Bus,Electric,historical,0.0,34.66054515942274,0.0
Brunei Darussalam,BRN,2009,Bus,HybridDiesel,historical,34.66054515942274,34.66054515942274,100.0
Brunei Darussalam,BRN,2010,Bus,Electric,historical,0.0,35.70036151420542,0.0
Brunei Darussalam,BRN,2010,Bus,HybridDiesel,historical,35.70036151420542,35.70036151420542,100.0
Brunei Darussalam,BRN,2011,Bus,Electric,historical,0.0,36.771372359631584,0.0
Brunei Darussalam,BRN,2011,Bus,HybridDiesel,historical,36.771372359631584,36.771372359631584,100.0
Brunei Darussalam,BRN,2012,Bus,Electric,historical,0.0,37.874513530420536,0.0
Brunei Darussalam,BRN,2012,Bus,HybridDiesel,historical,37.874513530420536,37.874513530420536,100.0
Brunei Darussalam,BRN,2013,Bus,Electric,historical,0.0,39.01074893633315,0.0
Brunei Darussalam,BRN,2013,Bus,HybridDiesel,historical,39.01074893633315,39.01074893633315,100.0
Brunei Darussalam,BRN,2014,Bus,Electric,historical,0.0,40.18107140442315,0.0
Brunei Darussalam,BRN,2014,Bus,HybridDiesel,historical,40.18107140442315,40.18107140442315,100.0
Brunei Darussalam,BRN,2015,Bus,Electric,historical,0.0,41.38650354655584,0.0
Brunei Darussalam,BRN,2015,Bus,HybridDiesel,historical,41.38650354655584,41.38650354655584,100.0
Brunei Darussalam,BRN,2016,Bus,Electric,historical,0.0,42.62809865295252,0.0
Brunei Darussalam,BRN,2016,Bus,HybridDiesel,historical,42.62809865295252,42.62809865295252,99.99999999999999
Brunei Darussalam,BRN,2017,Bus,Electric,historical,0.0,43.9069416125411,0.0
Brunei Darussalam,BRN,2017,Bus,HybridDiesel,historical,43.9069416125411,43.9069416125411,100.0
Brunei Darussalam,BRN,2018,Bus,Electric,historical,0.0,45.22414986091733,0.0
Brunei Darussalam,BRN,2018,Bus,HybridDiesel,historical,45.22414986091733,45.22414986091733,100.0
Brunei Darussalam,BRN,2019,Bus,Electric,historical,0.0,46.58087435674485,0.0
Brunei Darussalam,BRN,2019,Bus,HybridDiesel,historical,46.58087435674485,46.58087435674485,100.0
Brunei Darussalam,BRN,2020,Bus,Electric,historical,3.0,50.978300587447194,5.884856822274524
Brunei Darussalam,BRN,2020,Bus,HybridDiesel,historical,47.978300587447194,50.978300587447194,94.11514317772547
Brunei Darussalam,BRN,2021,Bus,Electric,historical,4.0,53.417649605070615,7.48816173974885
Brunei Darussalam,BRN,2021,Bus,HybridDiesel,historical,49.417649605070615,53.417649605070615,92.51183826025115
Brunei Darussalam,BRN,2022,Bus,Electric,historical,5.0,55.90017909322274,8.944515171698606
Brunei Darussalam,BRN,2022,Bus,HybridDiesel,historical,50.90017909322274,55.90017909322274,91.0554848283014
Brunei Darussalam,BRN,2023,Bus,Electric,historical,6.0,58.42718446601942,10.269192422731804
Brunei Darussalam,BRN,2023,Bus,HybridDiesel,historical,52.42718446601942,58.42718446601942,89.7308075772682
Brunei Darussalam,BRN,2024,Bus,Electric,historical,7.0,61.0,11.475409836065573
Brunei Darussalam,BRN,2024,Bus,HybridDiesel,historical,54.0,61.0,88.52459016393442
Brunei Darussalam,BRN,2025,LDV,Electric,ATS,220.3066029961598,207560.29239423914,0.10614101592115238
Brunei Darussalam,BRN,2025,LDV,Gasoline,ATS,201706.4312289126,207560.29239423914,97.17968157695223
Brunei Darussalam,BRN,2025,LDV,HybridDiesel,ATS,5633.554562330372,207560.29239423914,2.714177407126611
Brunei Darussalam,BRN,2026,LDV,Electric,ATS,69.99341734296706,6784.556801012368,1.0316579165867237
Brunei Darussalam,BRN,2026,LDV,Gasoline,ATS,6580.652251665551,6784.556801012368,96.99457819681912
Brunei Darussalam,BRN,2026,LDV,HybridDiesel,ATS,133.91113200384973,6784.556801012368,1.9737638865941542
Brunei Darussalam,BRN,2027,LDV,Electric,ATS,135.967761074299,6803.690537550545,1.9984412918823014
Brunei Darussalam,BRN,2027,LDV,Gasoline,ATS,6586.055548909327,6803.690537550545,96.80122152176
Brunei Darussalam,BRN,2027,LDV,HybridDiesel,ATS,81.66722756691874,6803.690537550545,1.2003371863576922
Brunei Darussalam,BRN,2028,LDV,Electric,ATS,201.64193701880598,6726.345392265997,2.9977933819850433
Brunei Darussalam,BRN,2028,LDV,Gasoline,ATS,6497.740528833077,6726.345392265997,96.60135110373946
Brunei Darussalam,BRN,2028,LDV,HybridDiesel,ATS,26.962926414114193,6726.345392265997,0.400855514275499
Brunei Darussalam,BRN,2029,LDV,Electric,ATS,275.18882607002485,6846.049919689831,4.01967308591423
Brunei Darussalam,BRN,2029,LDV,Gasoline,ATS,6570.8610936198065,6846.049919689831,95.98032691408578
Brunei Darussalam,BRN,2030,LDV,Electric,ATS,351.03533354112636,6946.970816815388,5.053070507960577
Brunei Darussalam,BRN,2030,LDV,Gasoline,ATS,6595.935483274263,6946.970816815388,94.94692949203943
Brunei Darussalam,BRN,2031,LDV,Electric,ATS,428.5522876706911,7041.067045763659,6.086467930006925
Brunei Darussalam,BRN,2031,LDV,Gasoline,ATS,6612.514758092967,7041.067045763659,93.91353206999307
Brunei Darussalam,BRN,2032,LDV,Electric,ATS,520.7886567527547,7326.437641660159,7.108347633936113
Brunei Darussalam,BRN,2032,LDV,Gasoline,ATS,6805.648984907405,7326.437641660159,92.8916523660639
Brunei Darussalam,BRN,2033,LDV,Electric,ATS,633.817225120468,7817.472855355474,8.107699724038852
Brunei Darussalam,BRN,2033,LDV,Gasoline,ATS,7183.655630235007,7817.472855355474,91.89230027596116
Brunei Darussalam,BRN,2034,LDV,Electric,ATS,1098.3375280847936,12103.582276387198,9.074483099334428
Brunei Darussalam,BRN,2034,LDV,Gasoline,ATS,11005.244748302406,12103.582276387198,90.92551690066558
Brunei Darussalam,BRN,2035,LDV,Electric,ATS,2324.6228101361885,23246.228101361892,9.999999999999998
Brunei Darussalam,BRN,2035,LDV,Gasoline,ATS,20921.6052912257,23246.228101361892,89.99999999999999
Brunei Darussalam,BRN,2036,LDV,Electric,ATS,2320.954590253796,21337.878102951974,10.87715741488234
Brunei Darussalam,BRN,2036,LDV,Gasoline,ATS,19016.923512698177,21337.878102951974,89.12284258511765
Brunei Darussalam,BRN,2037,LDV,Electric,ATS,2739.5919189788715,23414.10630619817,11.700604256049047
Brunei Darussalam,BRN,2037,LDV,Gasoline,ATS,20674.514387219297,23414.10630619817,88.29939574395095
Brunei Darussalam,BRN,2038,LDV,Electric,ATS,3175.763628678041,25473.872677281033,12.46674845599883
Brunei Darussalam,BRN,2038,LDV,Gasoline,ATS,22298.10904860299,25473.872677281033,87.53325154400116
Brunei Darussalam,BRN,2039,LDV,Electric,ATS,3362.1461000061877,25521.711018192407,13.173670439296096
Brunei Darussalam,BRN,2039,LDV,Gasoline,ATS,22159.56491818622,25521.711018192407,86.82632956070391
Brunei Darussalam,BRN,2040,LDV,Electric,ATS,3811.523387497689,27577.853810239467,13.820957256951216
Brunei Darussalam,BRN,2040,LDV,Gasoline,ATS,23766.33042274178,27577.853810239467,86.17904274304878
Brunei Darussalam,BRN,2041,LDV,Electric,ATS,3981.212662735262,27629.11188849929,14.40948474493838
Brunei Darussalam,BRN,2041,LDV,Gasoline,ATS,23647.899225764028,27629.11188849929,85.59051525506162
Brunei Darussalam,BRN,2042,LDV,Electric,ATS,4141.750644517132,27720.382824382454,14.941174047834965
Brunei Darussalam,BRN,2042,LDV,Gasoline,ATS,23578.632179865323,27720.382824382454,85.05882595216504
Brunei Darussalam,BRN,2043,LDV,Electric,ATS,3375.469859744121,21891.9884054946,15.418744963782835
Brunei Darussalam,BRN,2043,LDV,Gasoline,ATS,18516.51854575048,21891.9884054946,84.58125503621717
Brunei Darussalam,BRN,2044,LDV,Electric,ATS,3251.0174515681933,20516.997900199378,15.845483181224097
Brunei Darussalam,BRN,2044,LDV,Gasoline,ATS,17265.980448631188,20516.997900199378,84.15451681877592
Brunei Darussalam,BRN,2045,LDV,Electric,ATS,3190.5963877879053,19664.6529608657,16.225032773969915
Brunei Darussalam,BRN,2045,LDV,Gasoline,ATS,16474.056573077793,19664.6529608657,83.77496722603007
Brunei Darussalam,BRN,2046,LDV,Electric,ATS,3096.296794143251,18696.06688492652,16.56122013897802
Brunei Darussalam,BRN,2046,LDV,Gasoline,ATS,15599.77009078327,18696.06688492652,83.43877986102198
Brunei Darussalam,BRN,2047,LDV,Electric,ATS,2534.4735352805565,15034.327086539706,16.857911369705935
Brunei Darussalam,BRN,2047,LDV,Gasoline,ATS,12499.85355125915,15034.327086539706,83.14208863029407
Brunei Darussalam,BRN,2048,LDV,Electric,ATS,2598.3464529040393,15178.230769550079,17.11890201403929
Brunei Darussalam,BRN,2048,LDV,Gasoline,ATS,12579.884316646037,15178.230769550079,82.88109798596071
Brunei Darussalam,BRN,2049,LDV,Electric,ATS,2807.1701429893633,16181.67308562866,17.347836210351325
Brunei Darussalam,BRN,2049,LDV,Gasoline,ATS,13374.502942639296,16181.67308562866,82.65216378964867
Brunei Darussalam,BRN,2050,LDV,Electric,ATS,3059.598543318929,17435.446716752078,17.548151148770103
Brunei Darussalam,BRN,2050,LDV,Gasoline,ATS,14375.848173433147,17435.446716752078,82.4518488512299
Brunei Darussalam,BRN,2051,LDV,Electric,ATS,3384.7111979293577,19097.799989434017,17.723042443642573
Brunei Darussalam,BRN,2051,LDV,Gasoline,ATS,15713.08879150466,19097.799989434017,82.27695755635743
Brunei Darussalam,BRN,2052,LDV,Electric,ATS,3717.1397917503095,20794.668669208942,17.875446110157785
Brunei Darussalam,BRN,2052,LDV,Gasoline,ATS,17077.528877458633,20794.668669208942,82.12455388984222
Brunei Darussalam,BRN,2053,LDV,Electric,ATS,3924.712594290658,21794.23229828762,18.008033229043924
Brunei Darussalam,BRN,2053,LDV,Gasoline,ATS,17869.519703996964,21794.23229828762,81.99196677095608
Brunei Darussalam,BRN,2054,LDV,Electric,ATS,4103.866384461231,22644.252852841513,18.123213917151865
Brunei Darussalam,BRN,2054,LDV,Gasoline,ATS,18540.386468380282,22644.252852841513,81.87678608284814
Brunei Darussalam,BRN,2055,LDV,Electric,ATS,4224.869063721613,23184.079447598662,18.223147799638912
Brunei Darussalam,BRN,2055,LDV,Gasoline,ATS,18959.21038387705,23184.079447598662,81.77685220036109
Brunei Darussalam,BRN,2056,LDV,Electric,ATS,4256.098318364309,23244.972144305764,18.309758738114514
Brunei Darussalam,BRN,2056,LDV,Gasoline,ATS,18988.873825941457,23244.972144305764,81.69024126188549
Brunei Darussalam,BRN,2057,LDV,Electric,ATS,4184.934336300996,22763.071918273286,18.384752072682677
Brunei Darussalam,BRN,2057,LDV,Gasoline,ATS,18578.13758197229,22763.071918273286,81.61524792731733
Brunei Darussalam,BRN,2058,LDV,Electric,ATS,4081.7399489998834,22123.691750224796,18.449633067945857
Brunei Darussalam,BRN,2058,LDV,Gasoline,ATS,18041.951801224914,22123.691750224796,81.55036693205415
Brunei Darussalam,BRN,2059,LDV,Electric,ATS,3956.3153150177077,21378.871590190043,18.505725610107092
Brunei Darussalam,BRN,2059,LDV,Gasoline,ATS,17422.556275172334,21378.871590190043,81.49427438989291
Brunei Darussalam,BRN,2060,LDV,Electric,ATS,3814.902782499006,20560.868903975817,18.554190488327688
Brunei Darussalam,BRN,2060,LDV,Gasoline,ATS,16745.966121476813,20560.868903975817,81.44580951167232
Brunei Darussalam,BRN,2025,LDV,Electric,BAS,220.3066029961598,207560.29239423914,0.10614101592115238
Brunei Darussalam,BRN,2025,LDV,Gasoline,BAS,201706.4312289126,207560.29239423914,97.17968157695223
Brunei Darussalam,BRN,2025,LDV,HybridDiesel,BAS,5633.554562330372,207560.29239423914,2.714177407126611
Brunei Darussalam,BRN,2026,LDV,Electric,BAS,7.841447842070178,6784.556801012368,0.11557789362011243
Brunei Darussalam,BRN,2026,LDV,Gasoline,BAS,6593.082645565731,6784.556801012368,97.17779420141245
Brunei Darussalam,BRN,2026,LDV,HybridDiesel,BAS,183.63270760456723,6784.556801012368,2.706627904967443
Brunei Darussalam,BRN,2027,LDV,Electric,BAS,8.55062325433253,6803.690537550545,0.1256762518392101
Brunei Darussalam,BRN,2027,LDV,Gasoline,BAS,6611.538976473321,6803.690537550545,97.17577452976863
Brunei Darussalam,BRN,2027,LDV,HybridDiesel,BAS,183.6009378228919,6803.690537550545,2.6985492183921647
Brunei Darussalam,BRN,2028,LDV,Electric,BAS,9.178251850231486,6726.345392265997,0.13645228300028586
Brunei Darussalam,BRN,2028,LDV,Gasoline,BAS,6536.233265866793,6726.345392265997,97.17361932353641
Brunei Darussalam,BRN,2028,LDV,HybridDiesel,BAS,180.93387454897373,6726.345392265997,2.6899283934633043
Brunei Darussalam,BRN,2029,LDV,Electric,BAS,10.126485782088785,6846.049919689831,0.14791720628510371
Brunei Darussalam,BRN,2029,LDV,Gasoline,BAS,6652.397508784399,6846.049919689831,97.17132633887944
Brunei Darussalam,BRN,2029,LDV,HybridDiesel,BAS,183.52592512334223,6846.049919689831,2.6807564548354494
Brunei Darussalam,BRN,2030,LDV,Electric,BAS,11.12046124905098,6946.970816815388,0.160076406570379
Brunei Darussalam,BRN,2030,LDV,Gasoline,BAS,6750.294743855325,6946.970816815388,97.16889449882238
Brunei Darussalam,BRN,2030,LDV,HybridDiesel,BAS,185.55561171101252,6946.970816815388,2.6710290946072295
Brunei Darussalam,BRN,2031,LDV,Electric,BAS,12.176018309719185,7041.067045763659,0.17292859492149035
Brunei Darussalam,BRN,2031,LDV,Gasoline,BAS,6841.54602304971,7041.067045763659,97.16632406115217
Brunei Darussalam,BRN,2031,LDV,HybridDiesel,BAS,187.3450044042294,7041.067045763659,2.6607473439263405
Brunei Darussalam,BRN,2032,LDV,Electric,BAS,13.66124390208342,7326.437641660159,0.1864650266645524
Brunei Darussalam,BRN,2032,LDV,Gasoline,BAS,7118.631793387632,7326.437641660159,97.16361677480356
Brunei Darussalam,BRN,2032,LDV,HybridDiesel,BAS,194.14460437044323,7326.437641660159,2.6499181985318905
Brunei Darussalam,BRN,2033,LDV,Electric,BAS,15.687230320991578,7817.472855355474,0.20066881729234035
Brunei Darussalam,BRN,2033,LDV,Gasoline,BAS,7595.517291156534,7817.472855355474,97.160776016678
Brunei Darussalam,BRN,2033,LDV,HybridDiesel,BAS,206.26833387794827,7817.472855355474,2.6385551660296604
Brunei Darussalam,BRN,2034,LDV,Electric,BAS,26.08496258767449,12103.582276387198,0.2155143988946436
Brunei Darussalam,BRN,2034,LDV,Gasoline,BAS,11759.575096118173,12103.582276387198,97.15780690035754
Brunei Darussalam,BRN,2034,LDV,HybridDiesel,BAS,317.9222176813504,12103.582276387198,2.6266787007478176
Brunei Darussalam,BRN,2035,LDV,Electric,BAS,53.69115280548004,23246.228101361892,0.23096715979627902
Brunei Darussalam,BRN,2035,LDV,Gasoline,BAS,22584.806973528408,23246.228101361892,97.15471634817722
Brunei Darussalam,BRN,2035,LDV,HybridDiesel,BAS,607.7299750280049,23246.228101361892,2.61431649202651
Brunei Darussalam,BRN,2036,LDV,Electric,BAS,52.70099700171542,21337.878102951974,0.24698330709099206
Brunei Darussalam,BRN,2036,LDV,Gasoline,BAS,20730.0714444455,21337.878102951974,97.15151311871827
Brunei Darussalam,BRN,2036,LDV,HybridDiesel,BAS,555.1056615047587,21337.878102951974,2.601503574190739
Brunei Darussalam,BRN,2037,LDV,Electric,BAS,61.69850811484007,23414.10630619817,0.26350998542492854
Brunei Darussalam,BRN,2037,LDV,Gasoline,BAS,22746.384644889957,23414.10630619817,97.14820778305148
Brunei Darussalam,BRN,2037,LDV,HybridDiesel,BAS,606.0231531933716,23414.10630619817,2.58828223152359
Brunei Darussalam,BRN,2038,LDV,Electric,BAS,71.4505638918875,25473.872677281033,0.2804856756452698
Brunei Darussalam,BRN,2038,LDV,Gasoline,BAS,24746.545885772393,25473.872677281033,97.14481264500742
Brunei Darussalam,BRN,2038,LDV,HybridDiesel,BAS,655.8762276167522,25473.872677281033,2.574701679347317
Brunei Darussalam,BRN,2039,LDV,Electric,BAS,76.01408973045594,25521.711018192407,0.29784088408599063
Brunei Darussalam,BRN,2039,LDV,Gasoline,BAS,24792.132483194262,25521.711018192407,97.14134160331928
Brunei Darussalam,BRN,2039,LDV,HybridDiesel,BAS,653.5644452676927,25521.711018192407,2.560817512594741
Brunei Darussalam,BRN,2040,LDV,Electric,BAS,87.00788553691224,27577.853810239467,0.31549911800825786
Brunei Darussalam,BRN,2040,LDV,Gasoline,BAS,26788.523224281405,27577.853810239467,97.13780995653481
Brunei Darussalam,BRN,2040,LDV,HybridDiesel,BAS,702.3227004211458,27577.853810239467,2.5466909254569265
Brunei Darussalam,BRN,2041,LDV,Electric,BAS,92.10941547713554,27629.11188849929,0.33337812611876383
Brunei Darussalam,BRN,2041,LDV,Gasoline,BAS,26837.326236697725,27629.11188849929,97.13423415491272
Brunei Darussalam,BRN,2041,LDV,HybridDiesel,BAS,699.6762363244279,27629.11188849929,2.532387718968522
Brunei Darussalam,BRN,2042,LDV,Electric,BAS,97.40703201082528,27720.382824382454,0.3513913665187461
Brunei Darussalam,BRN,2042,LDV,Gasoline,BAS,26924.98289343427,27720.382824382454,97.13063150683271
Brunei Darussalam,BRN,2042,LDV,HybridDiesel,BAS,697.9928989373597,27720.382824382454,2.5179771266485362
Brunei Darussalam,BRN,2043,LDV,Electric,BAS,80.87987441131524,21891.9884054946,0.36944964940240627
Brunei Darussalam,BRN,2043,LDV,Gasoline,BAS,21263.035924220483,21891.9884054946,97.12701985025599
Brunei Darussalam,BRN,2043,LDV,HybridDiesel,BAS,548.0726068628059,21891.9884054946,2.503530500341608
Brunei Darussalam,BRN,2044,LDV,Electric,BAS,79.49575296480789,20516.997900199378,0.3874628898023886
Brunei Darussalam,BRN,2044,LDV,Gasoline,BAS,19926.809467972333,20516.997900199378,97.123417202176
Brunei Darussalam,BRN,2044,LDV,HybridDiesel,BAS,510.6926792622409,20516.997900199378,2.489119908021622
Brunei Darussalam,BRN,2045,LDV,Electric,BAS,79.70907752955722,19664.6529608657,0.40534189791289443
Brunei Darussalam,BRN,2045,LDV,Gasoline,BAS,19098.279767562093,19664.6529608657,97.1198414005539
Brunei Darussalam,BRN,2045,LDV,HybridDiesel,BAS,486.6641157740507,19664.6529608657,2.4748167015332174
Brunei Darussalam,BRN,2046,LDV,Electric,BAS,79.0843875712292,18696.06688492652,0.4230001318351617
Brunei Darussalam,BRN,2046,LDV,Gasoline,BAS,18156.93022773715,18696.06688492652,97.11630975376943
Brunei Darussalam,BRN,2046,LDV,HybridDiesel,BAS,460.05226961813946,18696.06688492652,2.460690114395403
Brunei Darussalam,BRN,2047,LDV,Electric,BAS,66.20446220012113,15034.327086539706,0.44035534027588275
Brunei Darussalam,BRN,2047,LDV,Gasoline,BAS,14600.261814998055,15034.327086539706,97.1128387120813
Brunei Darussalam,BRN,2047,LDV,HybridDiesel,BAS,367.86080934153,15034.327086539706,2.4468059476428263
Brunei Darussalam,BRN,2048,LDV,Electric,BAS,69.41475918947832,15178.230769550079,0.4573310304962239
Brunei Darussalam,BRN,2048,LDV,Gasoline,BAS,14739.49544469339,15178.230769550079,97.10944357403723
Brunei Darussalam,BRN,2048,LDV,HybridDiesel,BAS,369.32056566721104,15178.230769550079,2.4332253954665535
Brunei Darussalam,BRN,2049,LDV,Electric,BAS,76.67810533394666,16181.67308562866,0.4738577088301603
Brunei Darussalam,BRN,2049,LDV,Gasoline,BAS,15713.397835811747,16181.67308562866,97.10613823837043
Brunei Darussalam,BRN,2049,LDV,HybridDiesel,BAS,391.597144482964,16181.67308562866,2.4200040527994044
Brunei Darussalam,BRN,2050,LDV,Electric,BAS,85.41169516395104,17435.446716752078,0.4898738561248734
Brunei Darussalam,BRN,2050,LDV,Gasoline,BAS,16930.330493881163,17435.446716752078,97.1029350089115
Brunei Darussalam,BRN,2050,LDV,HybridDiesel,BAS,419.70452770696403,17435.446716752078,2.407191134963634
Brunei Darussalam,BRN,2051,LDV,Electric,BAS,96.50626661309586,19097.799989434017,0.5053266170265087
Brunei Darussalam,BRN,2051,LDV,Gasoline,BAS,18543.934084398054,19097.799989434017,97.09984445673116
Brunei Darussalam,BRN,2051,LDV,HybridDiesel,BAS,457.3596384228697,19097.799989434017,2.394828926242326
Brunei Darussalam,BRN,2052,LDV,Electric,BAS,108.16808521420086,20794.668669208942,0.5201721986288119
Brunei Darussalam,BRN,2052,LDV,Gasoline,BAS,20190.973515193247,20794.668669208942,97.0968753404107
Brunei Darussalam,BRN,2052,LDV,HybridDiesel,BAS,495.5270688014931,20794.668669208942,2.3829524609604835
Brunei Darussalam,BRN,2053,LDV,Electric,BAS,116.4631444448559,21794.23229828762,0.5343759892565999
Brunei Darussalam,BRN,2053,LDV,Gasoline,BAS,21160.899444642942,21794.23229828762,97.09403458228515
Brunei Darussalam,BRN,2053,LDV,HybridDiesel,BAS,516.8697091998233,21794.23229828762,2.371589428458253
Brunei Darussalam,BRN,2054,LDV,Electric,BAS,124.07067402328893,22644.252852841513,0.5479124209996619
Brunei Darussalam,BRN,2054,LDV,Gasoline,BAS,21985.6056510718,22644.252852841513,97.09132729593654
Brunei Darussalam,BRN,2054,LDV,HybridDiesel,BAS,534.5765277464246,22644.252852841513,2.360760283063803
Brunei Darussalam,BRN,2055,LDV,Electric,BAS,130.00811254589956,23184.079447598662,0.5607646093507733
Brunei Darussalam,BRN,2055,LDV,Gasoline,BAS,22509.13452470636,23184.079447598662,97.08875685826631
Brunei Darussalam,BRN,2055,LDV,HybridDiesel,BAS,544.9368103464059,23184.079447598662,2.350478532382914
Brunei Darussalam,BRN,2056,LDV,Electric,BAS,133.17597995799494,23244.972144305764,0.5729238096360488
Brunei Darussalam,BRN,2056,LDV,Gasoline,BAS,22567.689206412902,23244.972144305764,97.08632501820927
Brunei Darussalam,BRN,2056,LDV,HybridDiesel,BAS,544.1069579348692,23244.972144305764,2.340751172154694
Brunei Darussalam,BRN,2057,LDV,Electric,BAS,133.02482755706282,22763.071918273286,0.5843887329208665
Brunei Darussalam,BRN,2057,LDV,Gasoline,BAS,22099.308032956986,22763.071918273286,97.0840320335523
Brunei Darussalam,BRN,2057,LDV,HybridDiesel,BAS,530.7390577592396,22763.071918273286,2.3315792335268397
Brunei Darussalam,BRN,2058,LDV,Electric,BAS,131.6724178114415,22123.691750224796,0.5951647640819421
Brunei Darussalam,BRN,2058,LDV,Gasoline,BAS,21478.095174609207,22123.691750224796,97.08187682732007
Brunei Darussalam,BRN,2058,LDV,HybridDiesel,BAS,513.9241578041442,22123.691750224796,2.322958408597979
Brunei Darussalam,BRN,2059,LDV,Electric,BAS,129.39842569951426,21378.871590190043,0.6052631223010401
Brunei Darussalam,BRN,2059,LDV,Gasoline,BAS,20754.57800125195,21378.871590190043,97.07985715567627
Brunei Darussalam,BRN,2059,LDV,HybridDiesel,BAS,494.89516323858146,21378.871590190043,2.314879722022701
Brunei Darussalam,BRN,2060,LDV,Electric,BAS,126.38766115273935,20560.868903975817,0.6147
Brunei Darussalam,BRN,2060,LDV,Gasoline,BAS,19960.07410113512,20560.868903975817,97.07796978013647
Brunei Darussalam,BRN,2060,LDV,HybridDiesel,BAS,474.40714168795796,20560.868903975817,2.3073302198635326
Brunei Darussalam,BRN,2025,LDV,Electric,RAS,220.3066029961598,207560.29239423914,0.10614101592115238
Brunei Darussalam,BRN,2025,LDV,Gasoline,RAS,201706.4312289126,207560.29239423914,97.17968157695223
Brunei Darussalam,BRN,2025,LDV,HybridDiesel,RAS,5633.554562330372,207560.29239423914,2.714177407126611
Brunei Darussalam,BRN,2026,LDV,Electric,RAS,251.76428671440624,6784.556801012368,3.710843524470734
Brunei Darussalam,BRN,2026,LDV,Gasoline,RAS,6532.792514297962,6784.556801012368,96.28915647552927
Brunei Darussalam,BRN,2027,LDV,Electric,RAS,559.4662981891562,6803.690537550545,8.222982734170248
Brunei Darussalam,BRN,2027,LDV,Gasoline,RAS,6244.224239361389,6803.690537550545,91.77701726582976
Brunei Darussalam,BRN,2028,LDV,Electric,RAS,924.7370347839549,6726.345392265997,13.747986177564187
Brunei Darussalam,BRN,2028,LDV,Gasoline,RAS,5801.608357482042,6726.345392265997,86.25201382243581
Brunei Darussalam,BRN,2029,LDV,Electric,RAS,1392.0539440496088,6846.049919689831,20.333680887221426
Brunei Darussalam,BRN,2029,LDV,Gasoline,RAS,5453.995975640222,6846.049919689831,79.66631911277857
Brunei Darussalam,BRN,2030,LDV,Electric,RAS,1940.7501568173902,6946.970816815388,27.93663897536083
Brunei Darussalam,BRN,2030,LDV,Gasoline,RAS,5006.220659997998,6946.970816815388,72.06336102463918
Brunei Darussalam,BRN,2031,LDV,Electric,RAS,2562.7104145925277,7041.067045763659,36.39661997160519
Brunei Darussalam,BRN,2031,LDV,Gasoline,RAS,4478.356631171131,7041.067045763659,63.60338002839481
Brunei Darussalam,BRN,2032,LDV,Electric,RAS,3328.6218906028157,7326.437641660159,45.433020158055356
Brunei Darussalam,BRN,2032,LDV,Gasoline,RAS,3997.8157510573433,7326.437641660159,54.566979841944644
Brunei Darussalam,BRN,2033,LDV,Electric,RAS,4274.05638223935,7817.472855355474,54.67312085786579
Brunei Darussalam,BRN,2033,LDV,Gasoline,RAS,3543.4164731161245,7817.472855355474,45.32687914213421
Brunei Darussalam,BRN,2034,LDV,Electric,RAS,7711.134297490999,12103.582276387198,63.70952104431596
Brunei Darussalam,BRN,2034,LDV,Gasoline,RAS,4392.447978896199,12103.582276387198,36.29047895568404
Brunei Darussalam,BRN,2035,LDV,Electric,RAS,16776.68706396568,23246.228101361892,72.16950204056033
Brunei Darussalam,BRN,2035,LDV,Gasoline,RAS,6469.541037396213,23246.228101361892,27.830497959439672
Brunei Darussalam,BRN,2036,LDV,Electric,RAS,17021.75030198791,21337.878102951974,79.77246012869972
Brunei Darussalam,BRN,2036,LDV,Gasoline,RAS,4316.127800964063,21337.878102951974,20.22753987130028
Brunei Darussalam,BRN,2037,LDV,Electric,RAS,20219.990177924115,23414.10630619817,86.35815483835695
Brunei Darussalam,BRN,2037,LDV,Gasoline,RAS,3194.1161282740554,23414.10630619817,13.641845161643051
Brunei Darussalam,BRN,2038,LDV,Electric,RAS,23406.198752557826,25473.872677281033,91.8831582817509
Brunei Darussalam,BRN,2038,LDV,Gasoline,RAS,2067.6739247232063,25473.872677281033,8.116841718249102
Brunei Darussalam,BRN,2039,LDV,Electric,RAS,24601.72926089485,25521.711018192407,96.39529749145042
Brunei Darussalam,BRN,2039,LDV,Gasoline,RAS,919.9817572975574,25521.711018192407,3.6047025085495843
Brunei Darussalam,BRN,2040,LDV,Electric,RAS,27577.853810239467,27577.853810239467,100.0
Brunei Darussalam,BRN,2041,LDV,Electric,RAS,27629.11188849929,27629.11188849929,100.0
Brunei Darussalam,BRN,2042,LDV,Electric,RAS,27720.382824382454,27720.382824382454,100.0
Brunei Darussalam,BRN,2043,LDV,Electric,RAS,21891.9884054946,21891.9884054946,100.0
Brunei Darussalam,BRN,2044,LDV,Electric,RAS,20516.997900199378,20516.997900199378,100.0
Brunei Darussalam,BRN,2045,LDV,Electric,RAS,19664.6529608657,19664.6529608657,100.0
Brunei Darussalam,BRN,2046,LDV,Electric,RAS,18696.06688492652,18696.06688492652,100.0
Brunei Darussalam,BRN,2047,LDV,Electric,RAS,15034.327086539706,15034.327086539706,100.0
Brunei Darussalam,BRN,2048,LDV,Electric,RAS,15178.230769550079,15178.230769550079,100.0
Brunei Darussalam,BRN,2049,LDV,Electric,RAS,16181.67308562866,16181.67308562866,100.0
Brunei Darussalam,BRN,2050,LDV,Electric,RAS,17435.446716752078,17435.446716752078,100.0
Brunei Darussalam,BRN,2051,LDV,Electric,RAS,19097.799989434017,19097.799989434017,100.0
Brunei Darussalam,BRN,2052,LDV,Electric,RAS,20794.668669208942,20794.668669208942,100.0
Brunei Darussalam,BRN,2053,LDV,Electric,RAS,21794.23229828762,21794.23229828762,100.0
Brunei Darussalam,BRN,2054,LDV,Electric,RAS,22644.252852841513,22644.252852841513,100.0
Brunei Darussalam,BRN,2055,LDV,Electric,RAS,23184.079447598662,23184.079447598662,100.0
Brunei Darussalam,BRN,2056,LDV,Electric,RAS,23244.972144305764,23244.972144305764,100.0
Brunei Darussalam,BRN,2057,LDV,Electric,RAS,22763.071918273286,22763.071918273286,100.0
Brunei Darussalam,BRN,2058,LDV,Electric,RAS,22123.691750224796,22123.691750224796,100.0
Brunei Darussalam,BRN,2059,LDV,Electric,RAS,21378.871590190043,21378.871590190043,100.0
Brunei Darussalam,BRN,2060,LDV,Electric,RAS,20560.868903975817,20560.868903975817,100.0
Brunei Darussalam,BRN,2006,LDV,Electric,historical,0.0,3930.612040212753,0.0
Brunei Darussalam,BRN,2006,LDV,Gasoline,historical,3764.612040212753,3930.612040212753,95.77673913625384
Brunei Darussalam,BRN,2006,LDV,HybridDiesel,historical,166.0,3930.612040212753,4.223260863746169
Brunei Darussalam,BRN,2007,LDV,Electric,historical,0.0,4044.550401419136,0.0
Brunei Darussalam,BRN,2007,LDV,Gasoline,historical,3877.550401419136,4044.550401419136,95.8709872933861
Brunei Darussalam,BRN,2007,LDV,HybridDiesel,historical,167.0,4044.550401419136,4.129012706613909
Brunei Darussalam,BRN,2008,LDV,Electric,historical,0.0,4161.8769134617105,0.0
Brunei Darussalam,BRN,2008,LDV,Gasoline,historical,3993.87691346171,4161.8769134617105,95.96335971742462
Brunei Darussalam,BRN,2008,LDV,HybridDiesel,historical,168.0,4161.8769134617105,4.036640282575373
Brunei Darussalam,BRN,2009,LDV,Electric,historical,0.0,4281.693220865562,0.0
Brunei Darussalam,BRN,2009,LDV,Gasoline,historical,4113.693220865562,4281.693220865562,96.0763186119617
Brunei Darussalam,BRN,2009,LDV,HybridDiesel,historical,168.0,4281.693220865562,3.923681388038308
Brunei Darussalam,BRN,2010,LDV,Electric,historical,0.0,4406.104017491528,0.0
Brunei Darussalam,BRN,2010,LDV,Gasoline,historical,4237.104017491528,4406.104017491528,96.1644119310598
Brunei Darussalam,BRN,2010,LDV,HybridDiesel,historical,169.0,4406.104017491528,3.835588068940203
Brunei Darussalam,BRN,2011,LDV,Electric,historical,0.0,4534.2171380162745,0.0
Brunei Darussalam,BRN,2011,LDV,Gasoline,historical,4364.2171380162745,4534.2171380162745,96.25073094592962
Brunei Darussalam,BRN,2011,LDV,HybridDiesel,historical,170.0,4534.2171380162745,3.7492690540703837
Brunei Darussalam,BRN,2012,LDV,Electric,historical,0.0,4665.143652156763,0.0
Brunei Darussalam,BRN,2012,LDV,Gasoline,historical,4495.143652156763,4665.143652156763,96.3559535852362
Brunei Darussalam,BRN,2012,LDV,HybridDiesel,historical,170.0,4665.143652156763,3.6440464147638103
Brunei Darussalam,BRN,2013,LDV,Electric,historical,0.0,4800.997961721466,0.0
Brunei Darussalam,BRN,2013,LDV,Gasoline,historical,4629.997961721466,4800.997961721466,96.43824052075445
Brunei Darussalam,BRN,2013,LDV,HybridDiesel,historical,171.0,4800.997961721466,3.561759479245551
Brunei Darussalam,BRN,2014,LDV,Electric,historical,0.0,4940.89790057311,0.0
Brunei Darussalam,BRN,2014,LDV,Gasoline,historical,4768.89790057311,4940.89790057311,96.51885136140844
Brunei Darussalam,BRN,2014,LDV,HybridDiesel,historical,172.0,4940.89790057311,3.481148638591564
Brunei Darussalam,BRN,2015,LDV,Electric,historical,0.0,5084.964837590303,0.0
Brunei Darussalam,BRN,2015,LDV,Gasoline,historical,4911.964837590303,5084.964837590303,96.59781324895096
Brunei Darussalam,BRN,2015,LDV,HybridDiesel,historical,173.0,5084.964837590303,3.4021867510490473
Brunei Darussalam,BRN,2016,LDV,Electric,historical,0.0,5232.323782718013,0.0
Brunei Darussalam,BRN,2016,LDV,Gasoline,historical,5059.323782718013,5232.323782718013,96.69362969143067
Brunei Darussalam,BRN,2016,LDV,HybridDiesel,historical,173.0,5232.323782718013,3.30637030856933
Brunei Darussalam,BRN,2017,LDV,Electric,historical,0.0,5385.103496199553,0.0
Brunei Darussalam,BRN,2017,LDV,Gasoline,historical,5211.103496199553,5385.103496199553,96.7688643287395
Brunei Darussalam,BRN,2017,LDV,HybridDiesel,historical,174.0,5385.103496199553,3.2311356712604984
Brunei Darussalam,BRN,2018,LDV,Electric,historical,0.0,5542.43660108554,0.0
Brunei Darussalam,BRN,2018,LDV,Gasoline,historical,5367.43660108554,5542.43660108554,96.84254394600158
Brunei Darussalam,BRN,2018,LDV,HybridDiesel,historical,175.0,5542.43660108554,3.1574560539984264
Brunei Darussalam,BRN,2019,LDV,Electric,historical,2.0,5705.459699118107,0.035054142969568956
Brunei Darussalam,BRN,2019,LDV,Gasoline,historical,5528.459699118107,5705.459699118107,96.89770834719315
Brunei Darussalam,BRN,2019,LDV,HybridDiesel,historical,175.0,5705.459699118107,3.0672375098372835
Brunei Darussalam,BRN,2020,LDV,Electric,historical,3.0,5873.313490091649,0.05107849266110239
Brunei Darussalam,BRN,2020,LDV,Gasoline,historical,5694.313490091649,5873.313490091649,96.95231660455423
Brunei Darussalam,BRN,2020,LDV,HybridDiesel,historical,176.0,5873.313490091649,2.9966049027846737
Brunei Darussalam,BRN,2021,LDV,Electric,historical,4.0,6046.1428947944,0.06615788064559167
Brunei Darussalam,BRN,2021,LDV,Gasoline,historical,5865.1428947944,6046.1428947944,97.00635590078697
Brunei Darussalam,BRN,2021,LDV,HybridDiesel,historical,177.0,6046.1428947944,2.9274862185674313
Brunei Darussalam,BRN,2022,LDV,Electric,historical,5.0,6223.097181638232,0.08034584474677525
Brunei Darussalam,BRN,2022,LDV,Gasoline,historical,6041.097181638232,6223.097181638232,97.07541125121737
Brunei Darussalam,BRN,2022,LDV,HybridDiesel,historical,177.0,6223.097181638232,2.844242904035844
Brunei Darussalam,BRN,2023,LDV,Electric,historical,6.0,6406.330097087379,0.09365736559107193
Brunei Darussalam,BRN,2023,LDV,Gasoline,historical,6222.330097087379,6406.330097087379,97.12784078854045
Brunei Darussalam,BRN,2023,LDV,HybridDiesel,historical,178.0,6406.330097087379,2.7785018458684676
Brunei Darussalam,BRN,2024,LDV,Electric,historical,7.0,6595.0,0.10614101592115238
Brunei Darussalam,BRN,2024,LDV,Gasoline,historical,6409.0,6595.0,97.17968157695223
Brunei Darussalam,BRN,2024,LDV,HybridDiesel,historical,179.0,6595.0,2.714177407126611
Brunei Darussalam,BRN,2025,Truck,Diesel,ATS,4405.483437922646,4508.621846168327,97.7124183006536
Brunei Darussalam,BRN,2025,Truck,Electric,ATS,103.13840824568067,4508.621846168327,2.287581699346405
Brunei Darussalam,BRN,2026,Truck,Diesel,ATS,333.58003635497863,341.671361209963,97.63183989833666
Brunei Darussalam,BRN,2026,Truck,Electric,ATS,8.091324854984357,341.671361209963,2.3681601016633342
Brunei Darussalam,BRN,2027,Truck,Diesel,ATS,352.17611426064343,361.0373672734802,97.54561333089809
Brunei Darussalam,BRN,2027,Truck,Electric,ATS,8.861253012836777,361.0373672734802,2.4543866691019036
Brunei Darussalam,BRN,2028,Truck,Diesel,ATS,371.7865014481764,381.50104271591175,97.45360033656073
Brunei Darussalam,BRN,2028,Truck,Electric,ATS,9.71454126773532,381.50104271591175,2.5463996634392796
Brunei Darussalam,BRN,2029,Truck,Diesel,ATS,392.464800411825,403.12460367317425,97.3557051184126
Brunei Darussalam,BRN,2029,Truck,Electric,ATS,10.65980326134922,403.12460367317425,2.6442948815873955
Brunei Darussalam,BRN,2030,Truck,Diesel,ATS,392.0462626547613,403.12460367317425,97.25188169675832
Brunei Darussalam,BRN,2030,Truck,Electric,ATS,11.078341018412972,403.12460367317425,2.7481183032416774
Brunei Darussalam,BRN,2031,Truck,Diesel,ATS,391.60387121785493,403.12460367317425,97.14214107738769
Brunei Darussalam,BRN,2031,Truck,Electric,ATS,11.520732455319326,403.12460367317425,2.857858922612311
Brunei Darussalam,BRN,2032,Truck,Diesel,ATS,391.1379271057862,403.12460367317425,97.02655792820177
Brunei Darussalam,BRN,2032,Truck,Electric,ATS,11.986676567388004,403.12460367317425,2.9734420717982224
Brunei Darussalam,BRN,2033,Truck,Diesel,ATS,390.64901150840467,403.12460367317425,96.90527642046777
Brunei Darussalam,BRN,2033,Truck,Electric,ATS,12.475592164769578,403.12460367317425,3.094723579532231
Brunei Darussalam,BRN,2034,Truck,Diesel,ATS,390.13800451120443,403.12460367317425,96.77851487018181
Brunei Darussalam,BRN,2034,Truck,Electric,ATS,12.986599161969826,403.12460367317425,3.2214851298181912
Brunei Darussalam,BRN,2035,Truck,Diesel,ATS,389.60609749952,403.12460367317425,96.64656881508176
Brunei Darussalam,BRN,2035,Truck,Electric,ATS,13.518506173654234,403.12460367317425,3.353431184918227
Brunei Darussalam,BRN,2036,Truck,Diesel,ATS,389.0547978903138,403.12460367317425,96.50981218842519
Brunei Darussalam,BRN,2036,Truck,Electric,ATS,14.069805782860415,403.12460367317425,3.4901878115748173
Brunei Darussalam,BRN,2037,Truck,Diesel,ATS,388.4859250434724,403.12460367317425,96.36869630473612
Brunei Darussalam,BRN,2037,Truck,Electric,ATS,14.638678629701868,403.12460367317425,3.631303695263885
Brunei Darussalam,BRN,2038,Truck,Diesel,ATS,656.1392861089482,681.8891492754647,96.2237464558753
Brunei Darussalam,BRN,2038,Truck,Electric,ATS,25.749863166516466,681.8891492754647,3.7762535441246947
Brunei Darussalam,BRN,2039,Truck,Diesel,ATS,693.3888156456836,721.7119986919151,96.07555602545523
Brunei Darussalam,BRN,2039,Truck,Electric,ATS,28.32318304623154,721.7119986919151,3.9244439745447766
Brunei Darussalam,BRN,2040,Truck,Diesel,ATS,743.8071640321664,775.4067075271087,95.92477815987456
Brunei Darussalam,BRN,2040,Truck,Electric,ATS,31.59954349494227,775.4067075271087,4.075221840125433
Brunei Darussalam,BRN,2041,Truck,Diesel,ATS,752.7617155385307,785.9925763941428,95.77211517593925
Brunei Darussalam,BRN,2041,Truck,Electric,ATS,33.23086085561213,785.9925763941428,4.227884824060759
Brunei Darussalam,BRN,2042,Truck,Diesel,ATS,756.9591494874777,791.646684555858,95.61830602652732
Brunei Darussalam,BRN,2042,Truck,Electric,ATS,34.68753506838027,791.646684555858,4.381693973472675
Brunei Darussalam,BRN,2043,Truck,Diesel,ATS,648.613932328039,679.432214763111,95.46411227412626
Brunei Darussalam,BRN,2043,Truck,Electric,ATS,30.818282435071986,679.432214763111,4.535887725873729
Brunei Darussalam,BRN,2044,Truck,Diesel,ATS,615.2064273537293,645.477358883988,95.31030312471435
Brunei Darussalam,BRN,2044,Truck,Electric,ATS,30.270931530258704,645.477358883988,4.689696875285646
Brunei Darussalam,BRN,2045,Truck,Diesel,ATS,580.7951791110754,610.3505491012911,95.15764014077904
Brunei Darussalam,BRN,2045,Truck,Electric,ATS,29.555369990215702,610.3505491012911,4.842359859220971
Brunei Darussalam,BRN,2046,Truck,Diesel,ATS,539.6092518253396,567.9687118413603,95.00686227519837
Brunei Darussalam,BRN,2046,Truck,Electric,ATS,28.359460016020815,567.9687118413603,4.993137724801628
Brunei Darussalam,BRN,2047,Truck,Diesel,ATS,453.4660983998136,478.0439042429789,94.8586718447783
Brunei Darussalam,BRN,2047,Truck,Electric,ATS,24.577805843165383,478.0439042429789,5.14132815522171
Brunei Darussalam,BRN,2048,Truck,Diesel,ATS,443.6962834614075,468.4604026864581,94.71372199591748
Brunei Darussalam,BRN,2048,Truck,Electric,ATS,24.764119225050635,468.4604026864581,5.28627800408252
Brunei Darussalam,BRN,2049,Truck,Diesel,ATS,458.1331504477649,484.42479199960144,94.57260611222841
Brunei Darussalam,BRN,2049,Truck,Electric,ATS,26.29164155183659,484.42479199960144,5.427393887771586
Brunei Darussalam,BRN,2050,Truck,Diesel,ATS,472.7657914526917,500.62110313829726,94.43584948557184
Brunei Darussalam,BRN,2050,Truck,Electric,ATS,27.855311685605578,500.62110313829726,5.564150514428176
Brunei Darussalam,BRN,2051,Truck,Diesel,ATS,496.7526053377547,526.7572043865603,94.30390343047179
Brunei Darussalam,BRN,2051,Truck,Electric,ATS,30.004599048805574,526.7572043865603,5.696096569528213
Brunei Darussalam,BRN,2052,Truck,Diesel,ATS,526.1297246339278,558.659685492772,94.17714188018583
Brunei Darussalam,BRN,2052,Truck,Electric,ATS,32.5299608588442,558.659685492772,5.822858119814173
Brunei Darussalam,BRN,2053,Truck,Diesel,ATS,551.0973648825084,585.925600701772,94.05586037245183
Brunei Darussalam,BRN,2053,Truck,Electric,ATS,34.82823581926375,585.925600701772,5.944139627548181
Brunei Darussalam,BRN,2054,Truck,Diesel,ATS,576.141124906372,613.3057533320552,93.9402772232659
Brunei Darussalam,BRN,2054,Truck,Electric,ATS,37.16462842568315,613.3057533320552,6.05972277673409
Brunei Darussalam,BRN,2055,Truck,Diesel,ATS,597.0240526437859,636.2790561074135,93.83053660389528
Brunei Darussalam,BRN,2055,Truck,Electric,ATS,39.255003463627524,636.2790561074135,6.169463396104726
Brunei Darussalam,BRN,2056,Truck,Diesel,ATS,604.9809365917567,645.473329909094,93.726713182241
Brunei Darussalam,BRN,2056,Truck,Electric,ATS,40.49239331733732,645.473329909094,6.2732868177590095
Brunei Darussalam,BRN,2057,Truck,Diesel,ATS,605.583010784631,646.7912593074443,93.62881796409287
Brunei Darussalam,BRN,2057,Truck,Electric,ATS,41.20824852281335,646.7912593074443,6.371182035907124
Brunei Darussalam,BRN,2058,Truck,Diesel,ATS,598.7034630955026,640.0726038152461,93.53680496975551
Brunei Darussalam,BRN,2058,Truck,Electric,ATS,41.36914071974356,640.0726038152461,6.463195030244501
Brunei Darussalam,BRN,2059,Truck,Diesel,ATS,590.0439496731664,631.3967872226003,93.45057840231694
Brunei Darussalam,BRN,2059,Truck,Electric,ATS,41.35283754943401,631.3967872226003,6.549421597683071
Brunei Darussalam,BRN,2060,Truck,Diesel,ATS,572.3241622687078,612.9636524244488,93.37
Brunei Darussalam,BRN,2060,Truck,Electric,ATS,40.63949015574096,612.9636524244488,6.63
Brunei Darussalam,BRN,2025,Truck,Diesel,BAS,4405.483437922646,4508.621846168327,97.7124183006536
Brunei Darussalam,BRN,2025,Truck,Electric,BAS,103.13840824568067,4508.621846168327,2.287581699346405
Brunei Darussalam,BRN,2026,Truck,Diesel,BAS,333.58003635497863,341.671361209963,97.63183989833666
Brunei Darussalam,BRN,2026,Truck,Electric,BAS,8.091324854984357,341.671361209963,2.3681601016633342
Brunei Darussalam,BRN,2027,Truck,Diesel,BAS,352.17611426064343,361.0373672734802,97.54561333089809
Brunei Darussalam,BRN,2027,Truck,Electric,BAS,8.861253012836777,361.0373672734802,2.4543866691019036
Brunei Darussalam,BRN,2028,Truck,Diesel,BAS,371.7865014481764,381.50104271591175,97.45360033656073
Brunei Darussalam,BRN,2028,Truck,Electric,BAS,9.71454126773532,381.50104271591175,2.5463996634392796
Brunei Darussalam,BRN,2029,Truck,Diesel,BAS,392.464800411825,403.12460367317425,97.3557051184126
Brunei Darussalam,BRN,2029,Truck,Electric,BAS,10.65980326134922,403.12460367317425,2.6442948815873955
Brunei Darussalam,BRN,2030,Truck,Diesel,BAS,392.0462626547613,403.12460367317425,97.25188169675832
Brunei Darussalam,BRN,2030,Truck,Electric,BAS,11.078341018412972,403.12460367317425,2.7481183032416774
Brunei Darussalam,BRN,2031,Truck,Diesel,BAS,391.60387121785493,403.12460367317425,97.14214107738769
Brunei Darussalam,BRN,2031,Truck,Electric,BAS,11.520732455319326,403.12460367317425,2.857858922612311
Brunei Darussalam,BRN,2032,Truck,Diesel,BAS,391.1379271057862,403.12460367317425,97.02655792820177
Brunei Darussalam,BRN,2032,Truck,Electric,BAS,11.986676567388004,403.12460367317425,2.9734420717982224
Brunei Darussalam,BRN,2033,Truck,Diesel,BAS,390.64901150840467,403.12460367317425,96.90527642046777
Brunei Darussalam,BRN,2033,Truck,Electric,BAS,12.475592164769578,403.12460367317425,3.094723579532231
Brunei Darussalam,BRN,2034,Truck,Diesel,BAS,390.13800451120443,403.12460367317425,96.77851487018181
Brunei Darussalam,BRN,2034,Truck,Electric,BAS,12.986599161969826,403.12460367317425,3.2214851298181912
Brunei Darussalam,BRN,2035,Truck,Diesel,BAS,389.60609749952,403.12460367317425,96.64656881508176
Brunei Darussalam,BRN,2035,Truck,Electric,BAS,13.518506173654234,403.12460367317425,3.353431184918227
Brunei Darussalam,BRN,2036,Truck,Diesel,BAS,389.0547978903138,403.12460367317425,96.50981218842519
Brunei Darussalam,BRN,2036,Truck,Electric,BAS,14.069805782860415,403.12460367317425,3.4901878115748173
Brunei Darussalam,BRN,2037,Truck,Diesel,BAS,388.4859250434724,403.12460367317425,96.36869630473612
Brunei Darussalam,BRN,2037,Truck,Electric,BAS,14.638678629701868,403.12460367317425,3.631303695263885
Brunei Darussalam,BRN,2038,Truck,Diesel,BAS,656.1392861089482,681.8891492754647,96.2237464558753
Brunei Darussalam,BRN,2038,Truck,Electric,BAS,25.749863166516466,681.8891492754647,3.7762535441246947
Brunei Darussalam,BRN,2039,Truck,Diesel,BAS,693.3888156456836,721.7119986919151,96.07555602545523
Brunei Darussalam,BRN,2039,Truck,Electric,BAS,28.32318304623154,721.7119986919151,3.9244439745447766
Brunei Darussalam,BRN,2040,Truck,Diesel,BAS,743.8071640321664,775.4067075271087,95.92477815987456
Brunei Darussalam,BRN,2040,Truck,Electric,BAS,31.59954349494227,775.4067075271087,4.075221840125433
Brunei Darussalam,BRN,2041,Truck,Diesel,BAS,752.7617155385307,785.9925763941428,95.77211517593925
Brunei Darussalam,BRN,2041,Truck,Electric,BAS,33.23086085561213,785.9925763941428,4.227884824060759
Brunei Darussalam,BRN,2042,Truck,Diesel,BAS,756.9591494874777,791.646684555858,95.61830602652732
Brunei Darussalam,BRN,2042,Truck,Electric,BAS,34.68753506838027,791.646684555858,4.381693973472675
Brunei Darussalam,BRN,2043,Truck,Diesel,BAS,648.613932328039,679.432214763111,95.46411227412626
Brunei Darussalam,BRN,2043,Truck,Electric,BAS,30.818282435071986,679.432214763111,4.535887725873729
Brunei Darussalam,BRN,2044,Truck,Diesel,BAS,615.2064273537293,645.477358883988,95.31030312471435
Brunei Darussalam,BRN,2044,Truck,Electric,BAS,30.270931530258704,645.477358883988,4.689696875285646
Brunei Darussalam,BRN,2045,Truck,Diesel,BAS,580.7951791110754,610.3505491012911,95.15764014077904
Brunei Darussalam,BRN,2045,Truck,Electric,BAS,29.555369990215702,610.3505491012911,4.842359859220971
Brunei Darussalam,BRN,2046,Truck,Diesel,BAS,539.6092518253396,567.9687118413603,95.00686227519837
Brunei Darussalam,BRN,2046,Truck,Electric,BAS,28.359460016020815,567.9687118413603,4.993137724801628
Brunei Darussalam,BRN,2047,Truck,Diesel,BAS,453.4660983998136,478.0439042429789,94.8586718447783
Brunei Darussalam,BRN,2047,Truck,Electric,BAS,24.577805843165383,478.0439042429789,5.14132815522171
Brunei Darussalam,BRN,2048,Truck,Diesel,BAS,443.6962834614075,468.4604026864581,94.71372199591748
Brunei Darussalam,BRN,2048,Truck,Electric,BAS,24.764119225050635,468.4604026864581,5.28627800408252
Brunei Darussalam,BRN,2049,Truck,Diesel,BAS,458.1331504477649,484.42479199960144,94.57260611222841
Brunei Darussalam,BRN,2049,Truck,Electric,BAS,26.29164155183659,484.42479199960144,5.427393887771586
Brunei Darussalam,BRN,2050,Truck,Diesel,BAS,472.7657914526917,500.62110313829726,94.43584948557184
Brunei Darussalam,BRN,2050,Truck,Electric,BAS,27.855311685605578,500.62110313829726,5.564150514428176
Brunei Darussalam,BRN,2051,Truck,Diesel,BAS,496.7526053377547,526.7572043865603,94.30390343047179
Brunei Darussalam,BRN,2051,Truck,Electric,BAS,30.004599048805574,526.7572043865603,5.696096569528213
Brunei Darussalam,BRN,2052,Truck,Diesel,BAS,526.1297246339278,558.659685492772,94.17714188018583
Brunei Darussalam,BRN,2052,Truck,Electric,BAS,32.5299608588442,558.659685492772,5.822858119814173
Brunei Darussalam,BRN,2053,Truck,Diesel,BAS,551.0973648825084,585.925600701772,94.05586037245183
Brunei Darussalam,BRN,2053,Truck,Electric,BAS,34.82823581926375,585.925600701772,5.944139627548181
Brunei Darussalam,BRN,2054,Truck,Diesel,BAS,576.141124906372,613.3057533320552,93.9402772232659
Brunei Darussalam,BRN,2054,Truck,Electric,BAS,37.16462842568315,613.3057533320552,6.05972277673409
Brunei Darussalam,BRN,2055,Truck,Diesel,BAS,597.0240526437859,636.2790561074135,93.83053660389528
Brunei Darussalam,BRN,2055,Truck,Electric,BAS,39.255003463627524,636.2790561074135,6.169463396104726
Brunei Darussalam,BRN,2056,Truck,Diesel,BAS,604.9809365917567,645.473329909094,93.726713182241
Brunei Darussalam,BRN,2056,Truck,Electric,BAS,40.49239331733732,645.473329909094,6.2732868177590095
Brunei Darussalam,BRN,2057,Truck,Diesel,BAS,605.583010784631,646.7912593074443,93.62881796409287
Brunei Darussalam,BRN,2057,Truck,Electric,BAS,41.20824852281335,646.7912593074443,6.371182035907124
Brunei Darussalam,BRN,2058,Truck,Diesel,BAS,598.7034630955026,640.0726038152461,93.53680496975551
Brunei Darussalam,BRN,2058,Truck,Electric,BAS,41.36914071974356,640.0726038152461,6.463195030244501
Brunei Darussalam,BRN,2059,Truck,Diesel,BAS,590.0439496731664,631.3967872226003,93.45057840231694
Brunei Darussalam,BRN,2059,Truck,Electric,BAS,41.35283754943401,631.3967872226003,6.549421597683071
Brunei Darussalam,BRN,2060,Truck,Diesel,BAS,572.3241622687078,612.9636524244488,93.37
Brunei Darussalam,BRN,2060,Truck,Electric,BAS,40.63949015574096,612.9636524244488,6.63
Brunei Darussalam,BRN,2025,Truck,Diesel,RAS,4405.483437922646,4508.621846168327,97.7124183006536
Brunei Darussalam,BRN,2025,Truck,Electric,RAS,103.13840824568067,4508.621846168327,2.287581699346405
Brunei Darussalam,BRN,2026,Truck,Diesel,RAS,333.3470768462913,341.671361209963,97.56365756433526
Brunei Darussalam,BRN,2026,Truck,Electric,RAS,8.324284363671673,341.671361209963,2.436342435664737
Brunei Darussalam,BRN,2027,Truck,Diesel,RAS,351.6095060355244,361.0373672734802,97.38867438870551
Brunei Darussalam,BRN,2027,Truck,Electric,RAS,9.427861237955744,361.0373672734802,2.6113256112944914
Brunei Darussalam,BRN,2028,Truck,Diesel,RAS,370.7561412521408,381.50104271591175,97.18351976516819
Brunei Darussalam,BRN,2028,Truck,Electric,RAS,10.744901463770917,381.50104271591175,2.8164802348318108
Brunei Darussalam,BRN,2029,Truck,Diesel,RAS,390.8047663883822,403.12460367317425,96.94391332790491
Brunei Darussalam,BRN,2029,Truck,Electric,RAS,12.319837284792067,403.12460367317425,3.0560866720950983
Brunei Darussalam,BRN,2030,Truck,Diesel,RAS,389.6816942290342,403.12460367317425,96.66532151060701
Brunei Darussalam,BRN,2030,Truck,Electric,RAS,13.44290944414009,403.12460367317425,3.3346784893929913
Brunei Darussalam,BRN,2031,Truck,Diesel,RAS,388.3826790508124,403.12460367317425,96.34308487052465
Brunei Darussalam,BRN,2031,Truck,Electric,RAS,14.741924622361921,403.12460367317425,3.6569151294753675
Brunei Darussalam,BRN,2032,Truck,Diesel,RAS,386.8891833724025,403.12460367317425,95.9726049581597
Brunei Darussalam,BRN,2032,Truck,Electric,RAS,16.23542030077181,403.12460367317425,4.0273950418403075
Brunei Darussalam,BRN,2033,Truck,Diesel,RAS,385.1839395892766,403.12460367317425,95.54959833251885
Brunei Darussalam,BRN,2033,Truck,Electric,RAS,17.940664083897722,403.12460367317425,4.450401667481149
Brunei Darussalam,BRN,2034,Truck,Diesel,RAS,383.2522512737675,403.12460367317425,95.07041936455015
Brunei Darussalam,BRN,2034,Truck,Electric,RAS,19.87235239940678,403.12460367317425,4.929580635449857
Brunei Darussalam,BRN,2035,Truck,Diesel,RAS,381.08353868153233,403.12460367317425,94.53244361896816
Brunei Darussalam,BRN,2035,Truck,Electric,RAS,22.041064991641967,403.12460367317425,5.4675563810318435
Brunei Darussalam,BRN,2036,Truck,Diesel,RAS,378.67303984395363,403.12460367317425,93.93448983107857
Brunei Darussalam,BRN,2036,Truck,Electric,RAS,24.451563829220618,403.12460367317425,6.065510168921436
Brunei Darussalam,BRN,2037,Truck,Diesel,RAS,376.0235123060006,403.12460367317425,93.27724204371675
Brunei Darussalam,BRN,2037,Truck,Electric,RAS,27.10109136717364,403.12460367317425,6.72275795628325
Brunei Darussalam,BRN,2038,Truck,Diesel,RAS,631.1812627640902,681.8891492754647,92.56361733204676
Brunei Darussalam,BRN,2038,Truck,Electric,RAS,50.70788651137451,681.8891492754647,7.436382667953249
Brunei Darussalam,BRN,2039,Truck,Diesel,RAS,662.5244949182119,721.7119986919151,91.79901347338286
Brunei Darussalam,BRN,2039,Truck,Electric,RAS,59.187503773703355,721.7119986919151,8.200986526617157
Brunei Darussalam,BRN,2040,Truck,Diesel,RAS,705.5531906393405,775.4067075271087,90.99137056596508
Brunei Darussalam,BRN,2040,Truck,Electric,RAS,69.85351688776822,775.4067075271087,9.008629434034926
Brunei Darussalam,BRN,2041,Truck,Diesel,RAS,708.5801330342734,785.9925763941428,90.1509956092702
Brunei Darussalam,BRN,2041,Truck,Electric,RAS,77.41244335986941,785.9925763941428,9.849004390729801
Brunei Darussalam,BRN,2042,Truck,Diesel,RAS,706.86235806876,791.646684555858,89.29013054167403
Brunei Darussalam,BRN,2042,Truck,Electric,RAS,84.78432648709796,791.646684555858,10.709869458325969
Brunei Darussalam,BRN,2043,Truck,Diesel,RAS,600.7695080650461,679.432214763111,88.42228775897956
Brunei Darussalam,BRN,2043,Truck,Electric,RAS,78.66270669806498,679.432214763111,11.577712241020437
Brunei Darussalam,BRN,2044,Truck,Diesel,RAS,565.1891585895866,645.477358883988,87.5614226913834
Brunei Darussalam,BRN,2044,Truck,Electric,RAS,80.2882002944015,645.477358883988,12.438577308616605
Brunei Darussalam,BRN,2045,Truck,Diesel,RAS,529.3023910350641,610.3505491012911,86.72104773468853
Brunei Darussalam,BRN,2045,Truck,Electric,RAS,81.04815806622696,610.3505491012911,13.27895226531148
Brunei Darussalam,BRN,2046,Truck,Diesel,RAS,487.96125869650274,567.9687118413603,85.91340482727074
Brunei Darussalam,BRN,2046,Truck,Electric,RAS,80.00745314485754,567.9687118413603,14.086595172729243
Brunei Darussalam,BRN,2047,Truck,Diesel,RAS,407.0486525664116,478.0439042429789,85.14880096860684
Brunei Darussalam,BRN,2047,Truck,Electric,RAS,70.99525167656732,478.0439042429789,14.851199031393158
Brunei Darussalam,BRN,2048,Truck,Diesel,RAS,395.54536670226696,468.4604026864581,84.43517625693684
Brunei Darussalam,BRN,2048,Truck,Electric,RAS,72.91503598419109,468.4604026864581,15.564823743063155
Brunei Darussalam,BRN,2049,Truck,Diesel,RAS,405.8410557303137,484.42479199960144,83.77792846957503
Brunei Darussalam,BRN,2049,Truck,Electric,RAS,78.58373626928774,484.42479199960144,16.222071530424973
Brunei Darussalam,BRN,2050,Truck,Diesel,RAS,416.41650684161004,500.62110313829726,83.17997468168544
Brunei Darussalam,BRN,2050,Truck,Electric,RAS,84.20459629668726,500.62110313829726,16.820025318314563
Brunei Darussalam,BRN,2051,Truck,Diesel,RAS,435.32268324498943,526.7572043865603,82.64199893610346
Brunei Darussalam,BRN,2051,Truck,Electric,RAS,91.43452114157084,526.7572043865603,17.35800106389655
Brunei Darussalam,BRN,2052,Truck,Diesel,RAS,459.0105516259741,558.659685492772,82.16281996813476
Brunei Darussalam,BRN,2052,Truck,Electric,RAS,99.64913386679798,558.659685492772,17.83718003186526
Brunei Darussalam,BRN,2053,Truck,Diesel,RAS,478.93449233951463,585.925600701772,81.7398133424939
Brunei Darussalam,BRN,2053,Truck,Electric,RAS,106.99110836225744,585.925600701772,18.260186657506097
Brunei Darussalam,BRN,2054,Truck,Diesel,RAS,499.04280337492435,613.3057533320552,81.36933343012896
Brunei Darussalam,BRN,2054,Truck,Electric,RAS,114.26294995713094,613.3057533320552,18.63066656987104
Brunei Darussalam,BRN,2055,Truck,Diesel,RAS,515.6857024581702,636.2790561074135,81.0470967900466
Brunei Darussalam,BRN,2055,Truck,Electric,RAS,120.59335364924326,636.2790561074135,18.952903209953416
Brunei Darussalam,BRN,2056,Truck,Diesel,RAS,521.3391585653932,645.473329909094,80.7685049727487
Brunei Darussalam,BRN,2056,Truck,Electric,RAS,124.13417134370084,645.473329909094,19.23149502725131
Brunei Darussalam,BRN,2057,Truck,Diesel,RAS,520.8538769440801,646.7912593074443,80.5288985354854
Brunei Darussalam,BRN,2057,Truck,Electric,RAS,125.93738236336416,646.7912593074443,19.471101464514593
Brunei Darussalam,BRN,2058,Truck,Diesel,RAS,514.1302791390964,640.0726038152461,80.32374391194809
Brunei Darussalam,BRN,2058,Truck,Electric,RAS,125.9423246761498,640.0726038152461,19.676256088051918
Brunei Darussalam,BRN,2059,Truck,Diesel,RAS,506.05670028784294,631.3967872226003,80.14876073631834
Brunei Darussalam,BRN,2059,Truck,Electric,RAS,125.34008693475744,631.3967872226003,19.85123926368167
Brunei Darussalam,BRN,2060,Truck,Diesel,RAS,490.3709219395591,612.9636524244488,80.0
Brunei Darussalam,BRN,2060,Truck,Electric,RAS,122.59273048488977,612.9636524244488,20.0
Brunei Darussalam,BRN,2006,Truck,Electric,historical,0.0,175.6309876772684,0.0
Brunei Darussalam,BRN,2006,Truck,HybridDiesel,historical,175.6309876772684,175.6309876772684,100.0
Brunei Darussalam,BRN,2007,Truck,Electric,historical,0.0,180.89991730758646,0.0
Brunei Darussalam,BRN,2007,Truck,HybridDiesel,historical,180.89991730758646,180.89991730758646,100.0
Brunei Darussalam,BRN,2008,Truck,Electric,historical,0.0,186.32691482681406,0.0
Brunei Darussalam,BRN,2008,Truck,HybridDiesel,historical,186.32691482681406,186.32691482681406,100.0
Brunei Darussalam,BRN,2009,Truck,Electric,historical,0.0,191.9167222716185,0.0
Brunei Darussalam,BRN,2009,Truck,HybridDiesel,historical,191.9167222716185,191.9167222716185,100.00000000000001
Brunei Darussalam,BRN,2010,Truck,Electric,historical,0.0,197.67422393976705,0.0
Brunei Darussalam,BRN,2010,Truck,HybridDiesel,historical,197.67422393976705,197.67422393976705,100.0
Brunei Darussalam,BRN,2011,Truck,Electric,historical,0.0,203.60445065796006,0.0
Brunei Darussalam,BRN,2011,Truck,HybridDiesel,historical,203.60445065796006,203.60445065796006,99.99999999999999
Brunei Darussalam,BRN,2012,Truck,Electric,historical,0.0,209.7125841776989,0.0
Brunei Darussalam,BRN,2012,Truck,HybridDiesel,historical,209.7125841776989,209.7125841776989,100.0
Brunei Darussalam,BRN,2013,Truck,Electric,historical,0.0,216.00396170302986,0.0
Brunei Darussalam,BRN,2013,Truck,HybridDiesel,historical,216.00396170302986,216.00396170302986,100.0
Brunei Darussalam,BRN,2014,Truck,Electric,historical,0.0,222.48408055412077,0.0
Brunei Darussalam,BRN,2014,Truck,HybridDiesel,historical,222.48408055412077,222.48408055412077,100.0
Brunei Darussalam,BRN,2015,Truck,Electric,historical,0.0,229.15860297074437,0.0
Brunei Darussalam,BRN,2015,Truck,HybridDiesel,historical,229.15860297074437,229.15860297074437,100.0
Brunei Darussalam,BRN,2016,Truck,Electric,historical,0.0,236.0333610598667,0.0
Brunei Darussalam,BRN,2016,Truck,HybridDiesel,historical,236.0333610598667,236.0333610598667,100.0
Brunei Darussalam,BRN,2017,Truck,Electric,historical,0.0,243.11436189166272,0.0
Brunei Darussalam,BRN,2017,Truck,HybridDiesel,historical,243.11436189166272,243.11436189166272,100.0
Brunei Darussalam,BRN,2018,Truck,Electric,historical,0.0,250.40779274841262,0.0
Brunei Darussalam,BRN,2018,Truck,HybridDiesel,historical,250.40779274841262,250.40779274841262,100.0
Brunei Darussalam,BRN,2019,Truck,Electric,historical,0.0,257.920026530865,0.0
Brunei Darussalam,BRN,2019,Truck,HybridDiesel,historical,257.920026530865,257.920026530865,100.0
Brunei Darussalam,BRN,2020,Truck,Electric,historical,0.0,265.65762732679093,0.0
Brunei Darussalam,BRN,2020,Truck,HybridDiesel,historical,265.65762732679093,265.65762732679093,100.0
Brunei Darussalam,BRN,2021,Truck,Electric,historical,0.0,273.6273561465947,0.0
Brunei Darussalam,BRN,2021,Truck,HybridDiesel,historical,273.6273561465947,273.6273561465947,100.0
Brunei Darussalam,BRN,2022,Truck,Electric,historical,5.0,286.83617683099254,1.743155293464277
Brunei Darussalam,BRN,2022,Truck,HybridDiesel,historical,281.83617683099254,286.83617683099254,98.25684470653573
Brunei Darussalam,BRN,2023,Truck,Electric,historical,6.0,296.2912621359223,2.0250344059243726
Brunei Darussalam,BRN,2023,Truck,HybridDiesel,historical,290.2912621359223,296.2912621359223,97.97496559407563
Brunei Darussalam,BRN,2024,Truck,Electric,historical,7.0,306.0,2.287581699346405
Brunei Darussalam,BRN,2024,Truck,HybridDiesel,historical,299.0,306.0,97.7124183006536
Cambodia,KHM,2025,2W,Electric,ATS,38.46384025157653,2315902.326713101,0.0016608576194215943
Cambodia,KHM,2025,2W,Gasoline,ATS,2315863.862872849,2315902.326713101,99.99833914238057
Cambodia,KHM,2026,2W,Electric,ATS,7560.764133409274,538257.4853896685,1.4046742197994146
Cambodia,KHM,2026,2W,Gasoline,ATS,530696.7212562592,538257.4853896685,98.59532578020058
Cambodia,KHM,2027,2W,Electric,ATS,15324.60169368927,533912.7762460662,2.8702444248358967
Cambodia,KHM,2027,2W,Gasoline,ATS,518588.1745523769,533912.7762460662,97.1297555751641
Cambodia,KHM,2028,2W,Electric,ATS,22923.934003213388,522758.4937728429,4.385186329114845
Cambodia,KHM,2028,2W,Gasoline,ATS,499834.55976962956,522758.4937728429,95.61481367088516
Cambodia,KHM,2029,2W,Electric,ATS,30196.768730651656,508853.2550627431,5.934278385804627
Cambodia,KHM,2029,2W,Gasoline,ATS,478656.48633209144,508853.2550627431,94.06572161419537
Cambodia,KHM,2030,2W,Electric,ATS,19877.90505748641,265009.39124204125,7.500830428809711
Cambodia,KHM,2030,2W,Gasoline,ATS,245131.48618455484,265009.39124204125,92.4991695711903
Cambodia,KHM,2031,2W,Electric,ATS,34946.64894814425,385410.5532304719,9.067382471814797
Cambodia,KHM,2031,2W,Gasoline,ATS,350463.9042823276,385410.5532304719,90.9326175281852
Cambodia,KHM,2032,2W,Electric,ATS,42979.421067993164,404837.0384405488,10.61647452850458
Cambodia,KHM,2032,2W,Gasoline,ATS,361857.61737255566,404837.0384405488,89.38352547149542
Cambodia,KHM,2033,2W,Electric,ATS,51889.91226176212,427731.6877981089,12.131416432783528
Cambodia,KHM,2033,2W,Gasoline,ATS,375841.7755363468,427731.6877981089,87.86858356721648
Cambodia,KHM,2034,2W,Electric,ATS,66288.7555879259,487525.3418543767,13.596986637820004
Cambodia,KHM,2034,2W,Gasoline,ATS,421236.5862664508,487525.3418543767,86.40301336217999
Cambodia,KHM,2035,2W,Electric,ATS,91936.80106216356,612912.0070810905,15.0
Cambodia,KHM,2035,2W,Gasoline,ATS,520975.20601892687,612912.0070810905,85.0
Cambodia,KHM,2036,2W,Electric,ATS,101575.00836370989,622026.021015699,16.32970405287053
Cambodia,KHM,2036,2W,Gasoline,ATS,520451.0126519891,622026.021015699,83.67029594712947
Cambodia,KHM,2037,2W,Electric,ATS,116684.13000547714,663808.2637970485,17.577986953345903
Cambodia,KHM,2037,2W,Gasoline,ATS,547124.1337915714,663808.2637970485,82.4220130466541
Cambodia,KHM,2038,2W,Electric,ATS,131815.71309649906,703414.672732017,18.73940339978058
Cambodia,KHM,2038,2W,Gasoline,ATS,571598.9596355179,703414.672732017,81.26059660021942
Cambodia,KHM,2039,2W,Electric,ATS,142120.75119128454,717381.4517504787,19.811043461535903
Cambodia,KHM,2039,2W,Gasoline,ATS,575260.7005591942,717381.4517504787,80.1889565384641
Cambodia,KHM,2040,2W,Electric,ATS,153192.33636220006,736775.0336575937,20.79228113929199
Cambodia,KHM,2040,2W,Gasoline,ATS,583582.6972953936,736775.0336575937,79.20771886070801
Cambodia,KHM,2041,2W,Electric,ATS,160987.3968523367,742409.6087419419,21.684444133897944
Cambodia,KHM,2041,2W,Gasoline,ATS,581422.2118896052,742409.6087419419,78.31555586610206
Cambodia,KHM,2042,2W,Electric,ATS,167674.70114292428,745537.5070248079,22.490444754692252
Cambodia,KHM,2042,2W,Gasoline,ATS,577862.8058818837,745537.5070248079,77.50955524530777
Cambodia,KHM,2043,2W,Electric,ATS,160370.50648700562,690823.2173742838,23.21440600918858
Cambodia,KHM,2043,2W,Gasoline,ATS,530452.7108872782,690823.2173742838,76.78559399081144
Cambodia,KHM,2044,2W,Electric,ATS,161111.37889442238,675199.2548747733,23.861308751637043
Cambodia,KHM,2044,2W,Gasoline,ATS,514087.875980351,675199.2548747733,76.13869124836296
Cambodia,KHM,2045,2W,Electric,ATS,161628.50451857536,661417.6866857521,24.436677121300974
Cambodia,KHM,2045,2W,Gasoline,ATS,499789.18216717686,661417.6866857521,75.56332287869904
Cambodia,KHM,2046,2W,Electric,ATS,160544.24940778207,643559.0627153367,24.94631164549307
Cambodia,KHM,2046,2W,Gasoline,ATS,483014.8133075545,643559.0627153367,75.05368835450692
Cambodia,KHM,2047,2W,Electric,ATS,153948.7041498066,606190.9806985129,25.396073028406292
Cambodia,KHM,2047,2W,Gasoline,ATS,452242.2765487063,606190.9806985129,74.60392697159371
Cambodia,KHM,2048,2W,Electric,ATS,157519.0835456541,610735.2044916507,25.791715032501873
Cambodia,KHM,2048,2W,Gasoline,ATS,453216.12094599666,610735.2044916507,74.20828496749814
Cambodia,KHM,2049,2W,Electric,ATS,162807.79463273307,622859.626202913,26.138761894914364
Cambodia,KHM,2049,2W,Gasoline,ATS,460051.83157017996,622859.626202913,73.86123810508563
Cambodia,KHM,2050,2W,Electric,ATS,169026.3623898321,639224.1555736605,26.442424134948773
Cambodia,KHM,2050,2W,Gasoline,ATS,470197.7931838284,639224.1555736605,73.55757586505123
Cambodia,KHM,2051,2W,Electric,ATS,177251.23061897577,663674.7165453285,26.707546061364784
Cambodia,KHM,2051,2W,Gasoline,ATS,486423.48592635273,663674.7165453285,73.29245393863522
Cambodia,KHM,2052,2W,Electric,ATS,186265.06502414047,691443.5569335911,26.938578450305823
Cambodia,KHM,2052,2W,Gasoline,ATS,505178.4919094507,691443.5569335911,73.06142154969417
Cambodia,KHM,2053,2W,Electric,ATS,192872.254904309,710668.0454178974,27.139570457384703
Cambodia,KHM,2053,2W,Gasoline,ATS,517795.79051358835,710668.0454178974,72.8604295426153
Cambodia,KHM,2054,2W,Electric,ATS,198504.6716997177,726745.9737366922,27.314175636786953
Cambodia,KHM,2054,2W,Gasoline,ATS,528241.3020369746,726745.9737366922,72.68582436321304
Cambodia,KHM,2055,2W,Electric,ATS,202732.41407422864,738130.292080015,27.46566781630634
Cambodia,KHM,2055,2W,Gasoline,ATS,535397.8780057863,738130.292080015,72.53433218369366
Cambodia,KHM,2056,2W,Electric,ATS,205017.36449193364,742898.2723255958,27.596963424095712
Cambodia,KHM,2056,2W,Gasoline,ATS,537880.9078336622,742898.2723255958,72.4030365759043
Cambodia,KHM,2057,2W,Electric,ATS,205219.0538522533,740578.3387665134,27.710647626294392
Cambodia,KHM,2057,2W,Gasoline,ATS,535359.2849142601,740578.3387665134,72.28935237370561
Cambodia,KHM,2058,2W,Electric,ATS,204548.56163887758,735548.0053095091,27.809002289769815
Cambodia,KHM,2058,2W,Gasoline,ATS,530999.4436706315,735548.0053095091,72.19099771023019
Cambodia,KHM,2059,2W,Electric,ATS,203176.76794923627,728387.8896049876,27.89403432550494
Cambodia,KHM,2059,2W,Gasoline,ATS,525211.1216557513,728387.8896049876,72.10596567449505
Cambodia,KHM,2060,2W,Electric,ATS,201360.88080986333,719981.6083593387,27.96750340174874
Cambodia,KHM,2060,2W,Gasoline,ATS,518620.7275494754,719981.6083593387,72.03249659825126
Cambodia,KHM,2025,2W,Electric,BAS,38.46384025157653,2315902.326713101,0.0016608576194215943
Cambodia,KHM,2025,2W,Gasoline,BAS,2315863.862872849,2315902.326713101,99.99833914238057
Cambodia,KHM,2026,2W,Electric,BAS,13.89763133484264,538257.4853896685,0.0025819671276436644
Cambodia,KHM,2026,2W,Gasoline,BAS,538243.5877583337,538257.4853896685,99.99741803287236
Cambodia,KHM,2027,2W,Electric,BAS,19.048096760845354,533912.7762460662,0.0035676420584598626
Cambodia,KHM,2027,2W,Gasoline,BAS,533893.7281493053,533912.7762460662,99.99643235794154
Cambodia,KHM,2028,2W,Electric,BAS,24.148634743204703,522758.4937728429,0.004619462912772516
Cambodia,KHM,2028,2W,Gasoline,BAS,522734.34513809974,522758.4937728429,99.99538053708723
Cambodia,KHM,2029,2W,Electric,BAS,29.200670065560573,508853.2550627431,0.005738524766233449
Cambodia,KHM,2029,2W,Gasoline,BAS,508824.05439267756,508853.2550627431,99.99426147523377
Cambodia,KHM,2030,2W,Electric,BAS,18.352836417350336,265009.39124204125,0.006925353222893193
Cambodia,KHM,2030,2W,Gasoline,BAS,264991.0384056239,265009.39124204125,99.99307464677712
Cambodia,KHM,2031,2W,Electric,BAS,31.525899046992965,385410.5532304719,0.008179822473138344
Cambodia,KHM,2031,2W,Gasoline,BAS,385379.02733142494,385410.5532304719,99.99182017752688
Cambodia,KHM,2032,2W,Electric,BAS,38.46388672894991,404837.0384405488,0.009501078971705405
Cambodia,KHM,2032,2W,Gasoline,BAS,404798.5745538199,404837.0384405488,99.9904989210283
Cambodia,KHM,2033,2W,Electric,BAS,46.56917914322546,427731.6877981089,0.010887474665006888
Cambodia,KHM,2033,2W,Gasoline,BAS,427685.11861896573,427731.6877981089,99.989112525335
Cambodia,KHM,2034,2W,Electric,BAS,60.14363173299897,487525.3418543767,0.012336513934687687
Cambodia,KHM,2034,2W,Gasoline,BAS,487465.19822264375,487525.3418543767,99.98766348606532
Cambodia,KHM,2035,2W,Electric,BAS,84.85655447689774,612912.0070810905,0.01384481842361279
Cambodia,KHM,2035,2W,Gasoline,BAS,612827.1505266136,612912.0070810905,99.98615518157638
Cambodia,KHM,2036,2W,Electric,BAS,95.84247605257352,622026.021015699,0.015408113618152735
Cambodia,KHM,2036,2W,Gasoline,BAS,621930.1785396464,622026.021015699,99.98459188638185
Cambodia,KHM,2037,2W,Electric,BAS,112.98840065698272,663808.2637970485,0.01702124044233465
Cambodia,KHM,2037,2W,Gasoline,BAS,663695.2753963915,663808.2637970485,99.98297875955767
Cambodia,KHM,2038,2W,Electric,BAS,131.38515838553448,703414.672732017,0.018678194168916473
Cambodia,KHM,2038,2W,Gasoline,BAS,703283.2875736315,703414.672732017,99.98132180583109
Cambodia,KHM,2039,2W,Electric,BAS,146.14632456229714,717381.4517504787,0.020372191698807694
Cambodia,KHM,2039,2W,Gasoline,BAS,717235.3054259164,717381.4517504787,99.9796278083012
Cambodia,KHM,2040,2W,Electric,BAS,162.79609306624565,736775.0336575937,0.02209576677131312
Cambodia,KHM,2040,2W,Gasoline,BAS,736612.2375645274,736775.0336575937,99.97790423322868
Cambodia,KHM,2041,2W,Electric,BAS,176.99706594972398,742409.6087419419,0.02384089104795616
Cambodia,KHM,2041,2W,Gasoline,BAS,742232.6116759921,742409.6087419419,99.97615910895205
Cambodia,KHM,2042,2W,Electric,BAS,190.85102164875252,745537.5070248079,0.025599117395230114
Cambodia,KHM,2042,2W,Gasoline,BAS,745346.6560031591,745537.5070248079,99.97440088260477
Cambodia,KHM,2043,2W,Electric,BAS,189.02125414635307,690823.2173742838,0.027361740224191466
Cambodia,KHM,2043,2W,Gasoline,BAS,690634.1961201375,690823.2173742838,99.97263825977582
Cambodia,KHM,2044,2W,Electric,BAS,196.61779731031768,675199.2548747733,0.02911996657146543
Cambodia,KHM,2044,2W,Gasoline,BAS,675002.6370774631,675199.2548747733,99.97088003342854
Cambodia,KHM,2045,2W,Electric,BAS,204.14716988101483,661417.6866857521,0.030865090848108467
Cambodia,KHM,2045,2W,Gasoline,BAS,661213.5395158712,661417.6866857521,99.9691349091519
Cambodia,KHM,2046,2W,Electric,BAS,209.7273129501352,643559.0627153367,0.03258866592061391
Cambodia,KHM,2046,2W,Gasoline,BAS,643349.3354023866,643559.0627153367,99.96741133407939
Cambodia,KHM,2047,2W,Electric,BAS,207.81841378018763,606190.9806985129,0.034282663450505124
Cambodia,KHM,2047,2W,Gasoline,BAS,605983.1622847327,606190.9806985129,99.9657173365495
Cambodia,KHM,2048,2W,Electric,BAS,219.49589445999837,610735.2044916507,0.03593961717708694
Cambodia,KHM,2048,2W,Gasoline,BAS,610515.7085971907,610735.2044916507,99.96406038282292
Cambodia,KHM,2049,2W,Electric,BAS,233.90088091524004,622859.626202913,0.03755274400126886
Cambodia,KHM,2049,2W,Gasoline,BAS,622625.7253219978,622859.626202913,99.96244725599873
Cambodia,KHM,2050,2W,Electric,BAS,250.03917124327083,639224.1555736605,0.03911603919580879
Cambodia,KHM,2050,2W,Gasoline,BAS,638974.1164024172,639224.1555736605,99.9608839608042
Cambodia,KHM,2051,2W,Electric,BAS,269.6134977980577,663674.7165453285,0.040624343684733895
Cambodia,KHM,2051,2W,Gasoline,BAS,663405.1030475304,663674.7165453285,99.95937565631526
Cambodia,KHM,2052,2W,Electric,BAS,290.91369562229625,691443.5569335911,0.042073382954414706
Cambodia,KHM,2052,2W,Gasoline,BAS,691152.6432379689,691443.5569335911,99.95792661704559
Cambodia,KHM,2053,2W,Electric,BAS,308.8547594586693,710668.0454178974,0.043459778647716184
Cambodia,KHM,2053,2W,Gasoline,BAS,710359.1906584387,710668.0454178974,99.95654022135228
Cambodia,KHM,2054,2W,Electric,BAS,325.44436992322636,726745.9737366922,0.044781035146283225
Cambodia,KHM,2054,2W,Gasoline,BAS,726420.529366769,726745.9737366922,99.95521896485371
Cambodia,KHM,2055,2W,Electric,BAS,339.8020030626031,738130.292080015,0.046035504396528384
Cambodia,KHM,2055,2W,Gasoline,BAS,737790.4900769524,738130.292080015,99.95396449560347
Cambodia,KHM,2056,2W,Electric,BAS,350.813894918177,742898.2723255958,0.04722233285318815
Cambodia,KHM,2056,2W,Gasoline,BAS,742547.4584306778,742898.2723255958,99.95277766714682
Cambodia,KHM,2057,2W,Electric,BAS,358.0058978550649,740578.3387665134,0.04834139470664907
Cambodia,KHM,2057,2W,Gasoline,BAS,740220.3328686584,740578.3387665134,99.95165860529336
Cambodia,KHM,2058,2W,Electric,BAS,363.31081181688006,735548.0053095091,0.04939321556096173
Cambodia,KHM,2058,2W,Gasoline,BAS,735184.6944976923,735548.0053095091,99.95060678443905
Cambodia,KHM,2059,2W,Electric,BAS,366.953737259469,728387.8896049876,0.050378890491777926
Cambodia,KHM,2059,2W,Gasoline,BAS,728020.9358677281,728387.8896049876,99.94962110950823
Cambodia,KHM,2060,2W,Electric,BAS,369.3505650883408,719981.6083593387,0.0513
Cambodia,KHM,2060,2W,Gasoline,BAS,719612.2577942504,719981.6083593387,99.9487
Cambodia,KHM,2025,2W,Electric,RAS,38.46384025157653,2315902.326713101,0.0016608576194215943
Cambodia,KHM,2025,2W,Gasoline,RAS,2315863.862872849,2315902.326713101,99.99833914238057
Cambodia,KHM,2026,2W,Electric,RAS,23144.203118638605,538257.4853896685,4.299838598971547
Cambodia,KHM,2026,2W,Gasoline,RAS,515113.2822710299,538257.4853896685,95.70016140102845
Cambodia,KHM,2027,2W,Electric,RAS,50084.01641305748,533912.7762460662,9.380561515159377
Cambodia,KHM,2027,2W,Gasoline,RAS,483828.7598330087,533912.7762460662,90.61943848484061
Cambodia,KHM,2028,2W,Electric,RAS,79852.55490973253,522758.4937728429,15.275228592350961
Cambodia,KHM,2028,2W,Gasoline,RAS,442905.9388631104,522758.4937728429,84.72477140764903
Cambodia,KHM,2029,2W,Electric,RAS,111784.47705251501,508853.2550627431,21.967920208888447
Cambodia,KHM,2029,2W,Gasoline,RAS,397068.77801022807,508853.2550627431,78.03207979111156
Cambodia,KHM,2030,2W,Electric,RAS,77866.72395725755,265009.39124204125,29.38262813718155
Cambodia,KHM,2030,2W,Gasoline,RAS,187142.6672847837,265009.39124204125,70.61737186281844
Cambodia,KHM,2031,2W,Electric,RAS,144056.41612911315,385410.5532304719,37.37739273656286
Cambodia,KHM,2031,2W,Gasoline,RAS,241354.13710135876,385410.5532304719,62.62260726343713
Cambodia,KHM,2032,2W,Electric,RAS,185210.3423009179,404837.0384405488,45.74935707818553
Cambodia,KHM,2032,2W,Gasoline,RAS,219626.6961396309,404837.0384405488,54.25064292181446
Cambodia,KHM,2033,2W,Electric,RAS,232054.29462512993,427731.6877981089,54.252303779433916
Cambodia,KHM,2033,2W,Gasoline,RAS,195677.39317297895,427731.6877981089,45.74769622056608
Cambodia,KHM,2034,2W,Electric,RAS,305309.17724098254,487525.3418543767,62.62426812105658
Cambodia,KHM,2034,2W,Gasoline,RAS,182216.16461339412,487525.3418543767,37.37573187894341
Cambodia,KHM,2035,2W,Electric,RAS,432832.5308280878,612912.0070810905,70.61903272043789
Cambodia,KHM,2035,2W,Gasoline,RAS,180079.47625300262,612912.0070810905,29.380967279562114
Cambodia,KHM,2036,2W,Electric,RAS,485390.1720070115,622026.021015699,78.03374064873098
Cambodia,KHM,2036,2W,Gasoline,RAS,136635.8490086875,622026.021015699,21.966259351269006
Cambodia,KHM,2037,2W,Electric,RAS,562421.0589972609,663808.2637970485,84.72643226526847
Cambodia,KHM,2037,2W,Gasoline,RAS,101387.20479978752,663808.2637970485,15.273567734731525
Cambodia,KHM,2038,2W,Electric,RAS,637442.1093659216,703414.672732017,90.62109934246007
Cambodia,KHM,2038,2W,Gasoline,RAS,65972.5633660954,703414.672732017,9.378900657539917
Cambodia,KHM,2039,2W,Electric,RAS,686547.121870751,717381.4517504787,95.7018222586479
Cambodia,KHM,2039,2W,Gasoline,RAS,30834.329879727626,717381.4517504787,4.2981777413521
Cambodia,KHM,2040,2W,Electric,RAS,736775.0336575937,736775.0336575937,100.0
Cambodia,KHM,2041,2W,Electric,RAS,742409.6087419419,742409.6087419419,100.0
Cambodia,KHM,2042,2W,Electric,RAS,745537.5070248079,745537.5070248079,100.0
Cambodia,KHM,2043,2W,Electric,RAS,690823.2173742838,690823.2173742838,100.0
Cambodia,KHM,2044,2W,Electric,RAS,675199.2548747733,675199.2548747733,100.0
Cambodia,KHM,2045,2W,Electric,RAS,661417.6866857521,661417.6866857521,100.0
Cambodia,KHM,2046,2W,Electric,RAS,643559.0627153367,643559.0627153367,100.0
Cambodia,KHM,2047,2W,Electric,RAS,606190.9806985129,606190.9806985129,100.0
Cambodia,KHM,2048,2W,Electric,RAS,610735.2044916507,610735.2044916507,100.0
Cambodia,KHM,2049,2W,Electric,RAS,622859.626202913,622859.626202913,100.0
Cambodia,KHM,2050,2W,Electric,RAS,639224.1555736605,639224.1555736605,100.0
Cambodia,KHM,2051,2W,Electric,RAS,663674.7165453285,663674.7165453285,100.0
Cambodia,KHM,2052,2W,Electric,RAS,691443.5569335911,691443.5569335911,100.0
Cambodia,KHM,2053,2W,Electric,RAS,710668.0454178974,710668.0454178974,100.0
Cambodia,KHM,2054,2W,Electric,RAS,726745.9737366922,726745.9737366922,100.0
Cambodia,KHM,2055,2W,Electric,RAS,738130.292080015,738130.292080015,100.0
Cambodia,KHM,2056,2W,Electric,RAS,742898.2723255958,742898.2723255958,100.0
Cambodia,KHM,2057,2W,Electric,RAS,740578.3387665134,740578.3387665134,100.0
Cambodia,KHM,2058,2W,Electric,RAS,735548.0053095091,735548.0053095091,100.0
Cambodia,KHM,2059,2W,Electric,RAS,728387.8896049876,728387.8896049876,100.0
Cambodia,KHM,2060,2W,Electric,RAS,719981.6083593387,719981.6083593387,100.0
Cambodia,KHM,2006,2W,Electric,historical,0.0,84915.0,0.0
Cambodia,KHM,2006,2W,Gasoline,historical,80955.0,84915.0,95.33651298357181
Cambodia,KHM,2006,2W,NaturalGas,historical,3960.0,84915.0,4.663487016428193
Cambodia,KHM,2007,2W,Electric,historical,0.0,92819.0,0.0
Cambodia,KHM,2007,2W,Gasoline,historical,88459.0,92819.0,95.30268587250455
Cambodia,KHM,2007,2W,NaturalGas,historical,4360.0,92819.0,4.697314127495448
Cambodia,KHM,2008,2W,Electric,historical,0.0,101460.0,0.0
Cambodia,KHM,2008,2W,Gasoline,historical,96659.0,101460.0,95.26808594520008
Cambodia,KHM,2008,2W,NaturalGas,historical,4801.0,101460.0,4.731914054799921
Cambodia,KHM,2009,2W,Electric,historical,0.0,110905.0,0.0
Cambodia,KHM,2009,2W,Gasoline,historical,105619.0,110905.0,95.23375862224427
Cambodia,KHM,2009,2W,NaturalGas,historical,5286.0,110905.0,4.766241377755737
Cambodia,KHM,2010,2W,Electric,historical,0.0,121228.0,0.0
Cambodia,KHM,2010,2W,Gasoline,historical,115409.0,121228.0,95.19995380605141
Cambodia,KHM,2010,2W,NaturalGas,historical,5819.0,121228.0,4.800046193948592
Cambodia,KHM,2011,2W,Electric,historical,0.0,132513.0,0.0
Cambodia,KHM,2011,2W,Gasoline,historical,126106.0,132513.0,95.16500267898243
Cambodia,KHM,2011,2W,NaturalGas,historical,6407.0,132513.0,4.8349973210175605
Cambodia,KHM,2012,2W,Electric,historical,0.0,144848.0,0.0
Cambodia,KHM,2012,2W,Gasoline,historical,137795.0,144848.0,95.13075775985861
Cambodia,KHM,2012,2W,NaturalGas,historical,7053.0,144848.0,4.869242240141389
Cambodia,KHM,2013,2W,Electric,historical,0.0,158331.0,0.0
Cambodia,KHM,2013,2W,Gasoline,historical,150567.0,158331.0,95.09634878829793
Cambodia,KHM,2013,2W,NaturalGas,historical,7764.0,158331.0,4.903651211702067
Cambodia,KHM,2014,2W,Electric,historical,0.0,173070.0,0.0
Cambodia,KHM,2014,2W,Gasoline,historical,164523.0,173070.0,95.06153579476512
Cambodia,KHM,2014,2W,NaturalGas,historical,8547.0,173070.0,4.938464205234876
Cambodia,KHM,2015,2W,Electric,historical,0.0,189181.0,0.0
Cambodia,KHM,2015,2W,Gasoline,historical,179773.0,189181.0,95.0269847394823
Cambodia,KHM,2015,2W,NaturalGas,historical,9408.0,189181.0,4.973015260517705
Cambodia,KHM,2016,2W,Electric,historical,0.0,206790.0,0.0
Cambodia,KHM,2016,2W,Gasoline,historical,196435.0,206790.0,94.992504473137
Cambodia,KHM,2016,2W,NaturalGas,historical,10355.0,206790.0,5.007495526863001
Cambodia,KHM,2017,2W,Electric,historical,0.0,226040.0,0.0
Cambodia,KHM,2017,2W,Gasoline,historical,214642.0,226040.0,94.95752964077154
Cambodia,KHM,2017,2W,NaturalGas,historical,11398.0,226040.0,5.042470359228455
Cambodia,KHM,2018,2W,Electric,historical,0.0,247080.0,0.0
Cambodia,KHM,2018,2W,Gasoline,historical,234536.0,247080.0,94.92310182936701
Cambodia,KHM,2018,2W,NaturalGas,historical,12544.0,247080.0,5.076898170632993
Cambodia,KHM,2019,2W,Electric,historical,0.0,270080.0,0.0
Cambodia,KHM,2019,2W,Gasoline,historical,256274.0,270080.0,94.88818127962085
Cambodia,KHM,2019,2W,NaturalGas,historical,13806.0,270080.0,5.111818720379147
Cambodia,KHM,2020,2W,Electric,historical,3.0,295223.0,0.0010161809886086112
Cambodia,KHM,2020,2W,Gasoline,historical,280026.0,295223.0,94.85236583870498
Cambodia,KHM,2020,2W,NaturalGas,historical,15194.0,295223.0,5.146617980306412
Cambodia,KHM,2021,2W,Electric,historical,4.0,322704.0,0.0012395260052555904
Cambodia,KHM,2021,2W,Gasoline,historical,305980.0,322704.0,94.81754177202637
Cambodia,KHM,2021,2W,NaturalGas,historical,16720.0,322704.0,5.181218701968367
Cambodia,KHM,2022,2W,Electric,historical,5.0,352743.0,0.0014174625719007889
Cambodia,KHM,2022,2W,Gasoline,historical,334338.0,352743.0,94.78232027283319
Cambodia,KHM,2022,2W,NaturalGas,historical,18400.0,352743.0,5.216262264594904
Cambodia,KHM,2023,2W,Electric,historical,6.0,385578.0,0.0015561053794562968
Cambodia,KHM,2023,2W,Gasoline,historical,365325.0,385578.0,94.74736629164526
Cambodia,KHM,2023,2W,NaturalGas,historical,20247.0,385578.0,5.251077602975274
Cambodia,KHM,2024,2W,Electric,historical,7.0,421469.0,0.0016608576194215945
Cambodia,KHM,2024,2W,Gasoline,historical,399183.0,421469.0,94.71230387051006
Cambodia,KHM,2024,2W,NaturalGas,historical,22279.0,421469.0,5.286035271870529
Cambodia,KHM,2025,Bus,Diesel,ATS,41383.15554361107,41503.95708189517,99.70893970893971
Cambodia,KHM,2025,Bus,Electric,ATS,120.80153828410236,41503.95708189517,0.2910602910602911
Cambodia,KHM,2026,Bus,Diesel,ATS,5421.336209716116,5438.075946327575,99.69217538010362
Cambodia,KHM,2026,Bus,Electric,ATS,16.739736611459648,5438.075946327575,0.3078246198963859
Cambodia,KHM,2027,Bus,Diesel,ATS,5608.460240719401,5626.790300628185,99.67423595105832
Cambodia,KHM,2027,Bus,Electric,ATS,18.330059908784232,5626.790300628185,0.32576404894168226
Cambodia,KHM,2028,Bus,Diesel,ATS,5731.591558054919,5751.428657854645,99.65509265645441
Cambodia,KHM,2028,Bus,Electric,ATS,19.837099799726477,5751.428657854645,0.34490734354559416
Cambodia,KHM,2029,Bus,Diesel,ATS,5857.59873591526,5879.0734883387195,99.63472556575358
Cambodia,KHM,2029,Bus,Electric,ATS,21.474752423460323,5879.0734883387195,0.36527443424641654
Cambodia,KHM,2030,Bus,Diesel,ATS,4041.687843733385,4057.3848467791977,99.61312511288463
Cambodia,KHM,2030,Bus,Electric,ATS,15.697003045812401,4057.3848467791977,0.38687488711535156
Cambodia,KHM,2031,Bus,Diesel,ATS,4999.590962852949,5020.158875679219,99.59029358760111
Cambodia,KHM,2031,Bus,Electric,ATS,20.56791282626974,5020.158875679219,0.4097064123988892
Cambodia,KHM,2032,Bus,Diesel,ATS,5208.7594085069795,5231.451009075172,99.5662465245526
Cambodia,KHM,2032,Bus,Electric,ATS,22.691600568192005,5231.451009075172,0.43375347544740706
Cambodia,KHM,2033,Bus,Diesel,ATS,5467.16223489135,5492.371455412824,99.54101391855734
Cambodia,KHM,2033,Bus,Electric,ATS,25.209220521474688,5492.371455412824,0.4589860814426632
Cambodia,KHM,2034,Bus,Diesel,ATS,6480.6871968426785,6512.295195290775,99.51464119023731
Cambodia,KHM,2034,Bus,Electric,ATS,31.607998448096822,6512.295195290775,0.4853588097627003
Cambodia,KHM,2035,Bus,Diesel,ATS,8886.008793168405,8931.812033984228,99.48718982619037
Cambodia,KHM,2035,Bus,Electric,ATS,45.80324081582453,8931.812033984228,0.5128101738096363
Cambodia,KHM,2036,Bus,Diesel,ATS,8957.009904788916,9005.754666546316,99.45873762319472
Cambodia,KHM,2036,Bus,Electric,ATS,48.74476175740125,9005.754666546316,0.5412623768052827
Cambodia,KHM,2037,Bus,Diesel,ATS,9769.519450348896,9825.586360865927,99.42937847719361
Cambodia,KHM,2037,Bus,Electric,ATS,56.06691051703129,9825.586360865927,0.570621522806402
Cambodia,KHM,2038,Bus,Diesel,ATS,10614.354849210391,10678.509016804994,99.399221675108
Cambodia,KHM,2038,Bus,Electric,ATS,64.15416759460162,10678.509016804994,0.6007783248919942
Cambodia,KHM,2039,Bus,Diesel,ATS,11068.8617532867,11139.218094019554,99.36839067034133
Cambodia,KHM,2039,Bus,Electric,ATS,70.35634073285465,11139.218094019554,0.6316093296586742
Cambodia,KHM,2040,Bus,Diesel,ATS,11840.192695168167,11919.214542842194,99.33702134993887
Cambodia,KHM,2040,Bus,Electric,ATS,79.0218476740264,11919.214542842194,0.6629786500611412
Cambodia,KHM,2041,Bus,Diesel,ATS,12277.511059825794,12363.404597842236,99.30525983084438
Cambodia,KHM,2041,Bus,Electric,ATS,85.89353801644214,12363.404597842236,0.6947401691556142
Cambodia,KHM,2042,Bus,Diesel,ATS,12756.746448403714,12850.133527804792,99.27325985213298
Cambodia,KHM,2042,Bus,Electric,ATS,93.387079401079,12850.133527804792,0.7267401478670275
Cambodia,KHM,2043,Bus,Diesel,ATS,12088.453354201478,12180.884358331576,99.24117985680674
Cambodia,KHM,2043,Bus,Electric,ATS,92.4310041300975,12180.884358331576,0.7588201431932635
Cambodia,KHM,2044,Bus,Diesel,ATS,12241.62514650411,12339.206070996835,99.20917987809533
Cambodia,KHM,2044,Bus,Electric,ATS,97.58092449272644,12339.206070996835,0.7908201219046767
Cambodia,KHM,2045,Bus,Diesel,ATS,12463.256876341298,12566.62764826868,99.17741835900085
Cambodia,KHM,2045,Bus,Electric,ATS,103.37077192738136,12566.62764826868,0.8225816409991495
Cambodia,KHM,2046,Bus,Diesel,ATS,12547.824863188182,12655.900043281814,99.14604903859838
Cambodia,KHM,2046,Bus,Electric,ATS,108.0751800936327,12655.900043281814,0.8539509614016169
Cambodia,KHM,2047,Bus,Diesel,ATS,12234.635386311913,12343.851558835071,99.1152180338317
Cambodia,KHM,2047,Bus,Electric,ATS,109.21617252315686,12343.851558835071,0.8847819661682965
Cambodia,KHM,2048,Bus,Diesel,ATS,12683.672817952658,12800.792228696635,99.08506123174611
Cambodia,KHM,2048,Bus,Electric,ATS,117.11941074397656,12800.792228696635,0.9149387682538892
Cambodia,KHM,2049,Bus,Diesel,ATS,13293.413855592027,13420.139957298903,99.055702085745
Cambodia,KHM,2049,Bus,Electric,ATS,126.72610170687649,13420.139957298903,0.9442979142550082
Cambodia,KHM,2050,Bus,Diesel,ATS,14000.571469972996,14138.099852868792,99.02724988274935
Cambodia,KHM,2050,Bus,Electric,ATS,137.52838289579577,14138.099852868792,0.9727501172506543
Cambodia,KHM,2051,Bus,Diesel,ATS,14926.297913941602,15077.09928432008,98.9997985187024
Cambodia,KHM,2051,Bus,Electric,ATS,150.80137037847786,15077.09928432008,1.0002014812975906
Cambodia,KHM,2052,Bus,Diesel,ATS,15882.854456146839,16047.594926930615,98.97342579038238
Cambodia,KHM,2052,Bus,Electric,ATS,164.74047078377646,16047.594926930615,1.0265742096176276
Cambodia,KHM,2053,Bus,Diesel,ATS,16740.413652243093,16918.36213830384,98.94819318438712
Cambodia,KHM,2053,Bus,Electric,ATS,177.94848606074942,16918.36213830384,1.0518068156128837
Cambodia,KHM,2054,Bus,Diesel,ATS,17602.982336906756,17794.42434136884,98.92414612133861
Cambodia,KHM,2054,Bus,Electric,ATS,191.44200446208515,17794.42434136884,1.0758538786614014
Cambodia,KHM,2055,Bus,Diesel,ATS,18437.79939796171,18642.62317772786,98.90131459605507
Cambodia,KHM,2055,Bus,Electric,ATS,204.82377976615217,18642.62317772786,1.098685403944939
Cambodia,KHM,2056,Bus,Diesel,ATS,19204.40355488268,19421.985309416545,98.87971414318612
Cambodia,KHM,2056,Bus,Electric,ATS,217.58175453386195,19421.985309416545,1.1202858568138745
Cambodia,KHM,2057,Bus,Diesel,ATS,19893.014812407586,20122.54319447023,98.8593470524853
Cambodia,KHM,2057,Bus,Electric,ATS,229.52838206264266,20122.54319447023,1.1406529475146967
Cambodia,KHM,2058,Bus,Diesel,ATS,20576.443591077918,20817.88868169667,98.8402037578814
Cambodia,KHM,2058,Bus,Electric,ATS,241.4450906187531,20817.88868169667,1.1597962421186085
Cambodia,KHM,2059,Bus,Diesel,ATS,21264.541854086146,21517.966622710956,98.8222643288361
Cambodia,KHM,2059,Bus,Electric,ATS,253.42476862480996,21517.966622710956,1.177735671163905
Cambodia,KHM,2060,Bus,Diesel,ATS,21969.716770599713,22235.31763980721,98.8055
Cambodia,KHM,2060,Bus,Electric,ATS,265.6008692074971,22235.31763980721,1.1945
Cambodia,KHM,2025,Bus,Diesel,BAS,41383.15554361107,41503.95708189517,99.70893970893971
Cambodia,KHM,2025,Bus,Electric,BAS,120.80153828410236,41503.95708189517,0.2910602910602911
Cambodia,KHM,2026,Bus,Diesel,BAS,5421.336209716116,5438.075946327575,99.69217538010362
Cambodia,KHM,2026,Bus,Electric,BAS,16.739736611459648,5438.075946327575,0.3078246198963859
Cambodia,KHM,2027,Bus,Diesel,BAS,5608.460240719401,5626.790300628185,99.67423595105832
Cambodia,KHM,2027,Bus,Electric,BAS,18.330059908784232,5626.790300628185,0.32576404894168226
Cambodia,KHM,2028,Bus,Diesel,BAS,5731.591558054919,5751.428657854645,99.65509265645441
Cambodia,KHM,2028,Bus,Electric,BAS,19.837099799726477,5751.428657854645,0.34490734354559416
Cambodia,KHM,2029,Bus,Diesel,BAS,5857.59873591526,5879.0734883387195,99.63472556575358
Cambodia,KHM,2029,Bus,Electric,BAS,21.474752423460323,5879.0734883387195,0.36527443424641654
Cambodia,KHM,2030,Bus,Diesel,BAS,4041.687843733385,4057.3848467791977,99.61312511288463
Cambodia,KHM,2030,Bus,Electric,BAS,15.697003045812401,4057.3848467791977,0.38687488711535156
Cambodia,KHM,2031,Bus,Diesel,BAS,4999.590962852949,5020.158875679219,99.59029358760111
Cambodia,KHM,2031,Bus,Electric,BAS,20.56791282626974,5020.158875679219,0.4097064123988892
Cambodia,KHM,2032,Bus,Diesel,BAS,5208.7594085069795,5231.451009075172,99.5662465245526
Cambodia,KHM,2032,Bus,Electric,BAS,22.691600568192005,5231.451009075172,0.43375347544740706
Cambodia,KHM,2033,Bus,Diesel,BAS,5467.16223489135,5492.371455412824,99.54101391855734
Cambodia,KHM,2033,Bus,Electric,BAS,25.209220521474688,5492.371455412824,0.4589860814426632
Cambodia,KHM,2034,Bus,Diesel,BAS,6480.6871968426785,6512.295195290775,99.51464119023731
Cambodia,KHM,2034,Bus,Electric,BAS,31.607998448096822,6512.295195290775,0.4853588097627003
Cambodia,KHM,2035,Bus,Diesel,BAS,8886.008793168405,8931.812033984228,99.48718982619037
Cambodia,KHM,2035,Bus,Electric,BAS,45.80324081582453,8931.812033984228,0.5128101738096363
Cambodia,KHM,2036,Bus,Diesel,BAS,8957.009904788916,9005.754666546316,99.45873762319472
Cambodia,KHM,2036,Bus,Electric,BAS,48.74476175740125,9005.754666546316,0.5412623768052827
Cambodia,KHM,2037,Bus,Diesel,BAS,9769.519450348896,9825.586360865927,99.42937847719361
Cambodia,KHM,2037,Bus,Electric,BAS,56.06691051703129,9825.586360865927,0.570621522806402
Cambodia,KHM,2038,Bus,Diesel,BAS,10614.354849210391,10678.509016804994,99.399221675108
Cambodia,KHM,2038,Bus,Electric,BAS,64.15416759460162,10678.509016804994,0.6007783248919942
Cambodia,KHM,2039,Bus,Diesel,BAS,11068.8617532867,11139.218094019554,99.36839067034133
Cambodia,KHM,2039,Bus,Electric,BAS,70.35634073285465,11139.218094019554,0.6316093296586742
Cambodia,KHM,2040,Bus,Diesel,BAS,11840.192695168167,11919.214542842194,99.33702134993887
Cambodia,KHM,2040,Bus,Electric,BAS,79.0218476740264,11919.214542842194,0.6629786500611412
Cambodia,KHM,2041,Bus,Diesel,BAS,12277.511059825794,12363.404597842236,99.30525983084438
Cambodia,KHM,2041,Bus,Electric,BAS,85.89353801644214,12363.404597842236,0.6947401691556142
Cambodia,KHM,2042,Bus,Diesel,BAS,12756.746448403714,12850.133527804792,99.27325985213298
Cambodia,KHM,2042,Bus,Electric,BAS,93.387079401079,12850.133527804792,0.7267401478670275
Cambodia,KHM,2043,Bus,Diesel,BAS,12088.453354201478,12180.884358331576,99.24117985680674
Cambodia,KHM,2043,Bus,Electric,BAS,92.4310041300975,12180.884358331576,0.7588201431932635
Cambodia,KHM,2044,Bus,Diesel,BAS,12241.62514650411,12339.206070996835,99.20917987809533
Cambodia,KHM,2044,Bus,Electric,BAS,97.58092449272644,12339.206070996835,0.7908201219046767
Cambodia,KHM,2045,Bus,Diesel,BAS,12463.256876341298,12566.62764826868,99.17741835900085
Cambodia,KHM,2045,Bus,Electric,BAS,103.37077192738136,12566.62764826868,0.8225816409991495
Cambodia,KHM,2046,Bus,Diesel,BAS,12547.824863188182,12655.900043281814,99.14604903859838
Cambodia,KHM,2046,Bus,Electric,BAS,108.0751800936327,12655.900043281814,0.8539509614016169
Cambodia,KHM,2047,Bus,Diesel,BAS,12234.635386311913,12343.851558835071,99.1152180338317
Cambodia,KHM,2047,Bus,Electric,BAS,109.21617252315686,12343.851558835071,0.8847819661682965
Cambodia,KHM,2048,Bus,Diesel,BAS,12683.672817952658,12800.792228696635,99.08506123174611
Cambodia,KHM,2048,Bus,Electric,BAS,117.11941074397656,12800.792228696635,0.9149387682538892
Cambodia,KHM,2049,Bus,Diesel,BAS,13293.413855592027,13420.139957298903,99.055702085745
Cambodia,KHM,2049,Bus,Electric,BAS,126.72610170687649,13420.139957298903,0.9442979142550082
Cambodia,KHM,2050,Bus,Diesel,BAS,14000.571469972996,14138.099852868792,99.02724988274935
Cambodia,KHM,2050,Bus,Electric,BAS,137.52838289579577,14138.099852868792,0.9727501172506543
Cambodia,KHM,2051,Bus,Diesel,BAS,14926.297913941602,15077.09928432008,98.9997985187024
Cambodia,KHM,2051,Bus,Electric,BAS,150.80137037847786,15077.09928432008,1.0002014812975906
Cambodia,KHM,2052,Bus,Diesel,BAS,15882.854456146839,16047.594926930615,98.97342579038238
Cambodia,KHM,2052,Bus,Electric,BAS,164.74047078377646,16047.594926930615,1.0265742096176276
Cambodia,KHM,2053,Bus,Diesel,BAS,16740.413652243093,16918.36213830384,98.94819318438712
Cambodia,KHM,2053,Bus,Electric,BAS,177.94848606074942,16918.36213830384,1.0518068156128837
Cambodia,KHM,2054,Bus,Diesel,BAS,17602.982336906756,17794.42434136884,98.92414612133861
Cambodia,KHM,2054,Bus,Electric,BAS,191.44200446208515,17794.42434136884,1.0758538786614014
Cambodia,KHM,2055,Bus,Diesel,BAS,18437.79939796171,18642.62317772786,98.90131459605507
Cambodia,KHM,2055,Bus,Electric,BAS,204.82377976615217,18642.62317772786,1.098685403944939
Cambodia,KHM,2056,Bus,Diesel,BAS,19204.40355488268,19421.985309416545,98.87971414318612
Cambodia,KHM,2056,Bus,Electric,BAS,217.58175453386195,19421.985309416545,1.1202858568138745
Cambodia,KHM,2057,Bus,Diesel,BAS,19893.014812407586,20122.54319447023,98.8593470524853
Cambodia,KHM,2057,Bus,Electric,BAS,229.52838206264266,20122.54319447023,1.1406529475146967
Cambodia,KHM,2058,Bus,Diesel,BAS,20576.443591077918,20817.88868169667,98.8402037578814
Cambodia,KHM,2058,Bus,Electric,BAS,241.4450906187531,20817.88868169667,1.1597962421186085
Cambodia,KHM,2059,Bus,Diesel,BAS,21264.541854086146,21517.966622710956,98.8222643288361
Cambodia,KHM,2059,Bus,Electric,BAS,253.42476862480996,21517.966622710956,1.177735671163905
Cambodia,KHM,2060,Bus,Diesel,BAS,21969.716770599713,22235.31763980721,98.8055
Cambodia,KHM,2060,Bus,Electric,BAS,265.6008692074971,22235.31763980721,1.1945
Cambodia,KHM,2025,Bus,Diesel,RAS,41383.15554361107,41503.95708189517,99.70893970893971
Cambodia,KHM,2025,Bus,Electric,RAS,120.80153828410236,41503.95708189517,0.2910602910602911
Cambodia,KHM,2026,Bus,Diesel,RAS,5402.1459397102435,5438.075946327575,99.3392882524637
Cambodia,KHM,2026,Bus,Electric,RAS,35.93000661733213,5438.075946327575,0.6607117475363005
Cambodia,KHM,2027,Bus,Diesel,RAS,5566.00574287997,5626.790300628185,98.91972946385742
Cambodia,KHM,2027,Bus,Electric,RAS,60.784557748214304,5626.790300628185,1.0802705361425715
Cambodia,KHM,2028,Bus,Diesel,RAS,5662.0031834351075,5751.428657854645,98.44516067677532
Cambodia,KHM,2028,Bus,Electric,RAS,89.42547441953819,5751.428657854645,1.5548393232246926
Cambodia,KHM,2029,Bus,Diesel,RAS,5756.227518235713,5879.0734883387195,97.91045357152494
Cambodia,KHM,2029,Bus,Electric,RAS,122.84597010300612,5879.0734883387195,2.089546428475065
Cambodia,KHM,2030,Bus,Diesel,RAS,3948.26641908445,4057.3848467791977,97.31062169807807
Cambodia,KHM,2030,Bus,Electric,RAS,109.11842769474794,4057.3848467791977,2.689378301921926
Cambodia,KHM,2031,Bus,Diesel,RAS,4851.53335105677,5020.158875679219,96.6410321107689
Cambodia,KHM,2031,Bus,Electric,RAS,168.62552462244966,5020.158875679219,3.358967889231094
Cambodia,KHM,2032,Bus,Diesel,RAS,5016.839137326342,5231.451009075172,95.8976606800573
Cambodia,KHM,2032,Bus,Electric,RAS,214.61187174883054,5231.451009075172,4.102339319942712
Cambodia,KHM,2033,Bus,Diesel,RAS,5222.003200312721,5492.371455412824,95.0773858378852
Cambodia,KHM,2033,Bus,Electric,RAS,270.36825510010294,5492.371455412824,4.922614162114809
Cambodia,KHM,2034,Bus,Diesel,RAS,6133.169507660632,6512.295195290775,94.17830924027677
Cambodia,KHM,2034,Bus,Electric,RAS,379.12568763014326,6512.295195290775,5.821690759723235
Cambodia,KHM,2035,Bus,Diesel,RAS,8324.456362631467,8931.812033984228,93.2000844952641
Cambodia,KHM,2035,Bus,Electric,RAS,607.3556713527618,8931.812033984228,6.799915504735915
Cambodia,KHM,2036,Bus,Diesel,RAS,8298.283074403147,9005.754666546316,92.1442275707197
Cambodia,KHM,2036,Bus,Electric,RAS,707.4715921431692,9005.754666546316,7.8557724292802975
Cambodia,KHM,2037,Bus,Diesel,RAS,8942.696126744477,9825.586360865927,91.01437612275343
Cambodia,KHM,2037,Bus,Electric,RAS,882.890234121451,9825.586360865927,8.985623877246569
Cambodia,KHM,2038,Bus,Diesel,RAS,9591.058939996936,10678.509016804994,89.81646150135086
Cambodia,KHM,2038,Bus,Electric,RAS,1087.4500768080575,10678.509016804994,10.18353849864915
Cambodia,KHM,2039,Bus,Diesel,RAS,9864.753237425075,11139.218094019554,88.55875838108676
Cambodia,KHM,2039,Bus,Electric,RAS,1274.4648565944788,11139.218094019554,11.441241618913233
Cambodia,KHM,2040,Bus,Diesel,RAS,10399.727347266025,11919.214542842194,87.25178416652749
Cambodia,KHM,2040,Bus,Electric,RAS,1519.487195576167,11919.214542842194,12.748215833472514
Cambodia,KHM,2041,Bus,Diesel,RAS,10621.157805282244,12363.404597842236,85.90803383669848
Cambodia,KHM,2041,Bus,Electric,RAS,1742.2467925599915,12363.404597842236,14.091966163301514
Cambodia,KHM,2042,Bus,Diesel,RAS,10863.702643819293,12850.133527804792,84.54155453180849
Cambodia,KHM,2042,Bus,Electric,RAS,1986.4308839854987,12850.133527804792,15.458445468191517
Cambodia,KHM,2043,Bus,Diesel,RAS,10130.52301227455,12180.884358331576,83.16738517713122
Cambodia,KHM,2043,Bus,Electric,RAS,2050.361346057024,12180.884358331576,16.83261482286877
Cambodia,KHM,2044,Bus,Diesel,RAS,10093.582343517995,12339.206070996835,81.80090587224123
Cambodia,KHM,2044,Bus,Electric,RAS,2245.623727478839,12339.206070996835,18.199094127758777
Cambodia,KHM,2045,Bus,Diesel,RAS,10110.751153403313,12566.62764826868,80.45715554241222
Cambodia,KHM,2045,Bus,Electric,RAS,2455.876494865369,12566.62764826868,19.542844457587773
Cambodia,KHM,2046,Bus,Diesel,RAS,10017.167832929375,12655.900043281814,79.15018132785295
Cambodia,KHM,2046,Bus,Electric,RAS,2638.7322103524393,12655.900043281814,20.84981867214706
Cambodia,KHM,2047,Bus,Diesel,RAS,9614.931885442726,12343.851558835071,77.89247820758887
Cambodia,KHM,2047,Bus,Electric,RAS,2728.9196733923454,12343.851558835071,22.107521792411138
Cambodia,KHM,2048,Bus,Diesel,RAS,9817.511735373335,12800.792228696635,76.69456358618629
Cambodia,KHM,2048,Bus,Electric,RAS,2983.2804933233024,12800.792228696635,23.30543641381372
Cambodia,KHM,2049,Bus,Diesel,RAS,10140.890127279159,13420.139957298903,75.56471213822002
Cambodia,KHM,2049,Bus,Electric,RAS,3279.249830019746,13420.139957298903,24.435287861779994
Cambodia,KHM,2050,Bus,Diesel,RAS,10534.136349338898,14138.099852868792,74.50885521367564
Cambodia,KHM,2050,Bus,Electric,RAS,3603.9635035298966,14138.099852868792,25.49114478632437
Cambodia,KHM,2051,Bus,Diesel,RAS,11086.286160146825,15077.09928432008,73.53063046866295
Cambodia,KHM,2051,Bus,Electric,RAS,3990.8131241732567,15077.09928432008,26.469369531337055
Cambodia,KHM,2052,Bus,Diesel,RAS,11655.617554362221,16047.594926930615,72.63155387105452
Cambodia,KHM,2052,Bus,Electric,RAS,4391.977372568394,16047.594926930615,27.368446128945482
Cambodia,KHM,2053,Bus,Diesel,RAS,12149.29224225417,16918.36213830384,71.81127902888242
Cambodia,KHM,2053,Bus,Electric,RAS,4769.069896049671,16918.36213830384,28.188720971117576
Cambodia,KHM,2054,Bus,Diesel,RAS,12646.12504855042,17794.42434136884,71.0679075981708
Cambodia,KHM,2054,Bus,Electric,RAS,5148.2992928184185,17794.42434136884,28.932092401829195
Cambodia,KHM,2055,Bus,Diesel,RAS,13124.09315022346,18642.62317772786,70.39831801086164
Cambodia,KHM,2055,Bus,Electric,RAS,5518.530027504401,18642.62317772786,29.601681989138363
Cambodia,KHM,2056,Bus,Diesel,RAS,13556.251723803844,19421.985309416545,69.79848613741478
Cambodia,KHM,2056,Bus,Electric,RAS,5865.733585612702,19421.985309416545,30.201513862585216
Cambodia,KHM,2057,Bus,Diesel,RAS,13937.633853869696,20122.54319447023,69.26377903216441
Cambodia,KHM,2057,Bus,Electric,RAS,6184.909340600533,20122.54319447023,30.7362209678356
Cambodia,KHM,2058,Bus,Diesel,RAS,14320.461213839511,20817.88868169667,68.78921024508229
Cambodia,KHM,2058,Bus,Electric,RAS,6497.42746785716,20817.88868169667,31.210789754917723
Cambodia,KHM,2059,Bus,Diesel,RAS,14711.758780468324,21517.966622710956,68.36965145647602
Cambodia,KHM,2059,Bus,Electric,RAS,6806.207842242633,21517.966622710956,31.63034854352399
Cambodia,KHM,2060,Bus,Diesel,RAS,15120.015995068903,22235.31763980721,68.0
Cambodia,KHM,2060,Bus,Electric,RAS,7115.301644738306,22235.31763980721,31.999999999999996
Cambodia,KHM,2006,Bus,Electric,historical,0.0,2302.0,0.0
Cambodia,KHM,2006,Bus,Gasoline,historical,112.0,2302.0,4.8653344917463075
Cambodia,KHM,2006,Bus,HybridDiesel,historical,2190.0,2302.0,95.13466550825369
Cambodia,KHM,2006,Bus,NaturalGas,historical,0.0,2302.0,0.0
Cambodia,KHM,2007,Bus,Electric,historical,0.0,2334.0,0.0
Cambodia,KHM,2007,Bus,Gasoline,historical,114.0,2334.0,4.884318766066838
Cambodia,KHM,2007,Bus,HybridDiesel,historical,2220.0,2334.0,95.11568123393316
Cambodia,KHM,2007,Bus,NaturalGas,historical,0.0,2334.0,0.0
Cambodia,KHM,2008,Bus,Electric,historical,0.0,2360.0,0.0
Cambodia,KHM,2008,Bus,Gasoline,historical,115.0,2360.0,4.872881355932203
Cambodia,KHM,2008,Bus,HybridDiesel,historical,2245.0,2360.0,95.12711864406779
Cambodia,KHM,2008,Bus,NaturalGas,historical,0.0,2360.0,0.0
Cambodia,KHM,2009,Bus,Electric,historical,0.0,1578.1615161697223,0.0
Cambodia,KHM,2009,Bus,Gasoline,historical,116.0,1578.1615161697223,7.350324970636583
Cambodia,KHM,2009,Bus,HybridDiesel,historical,1462.1615161697223,1578.1615161697223,92.64967502936342
Cambodia,KHM,2009,Bus,NaturalGas,historical,0.0,1578.1615161697223,0.0
Cambodia,KHM,2010,Bus,Electric,historical,0.0,1623.0263616548139,0.0
Cambodia,KHM,2010,Bus,Gasoline,historical,117.0,1623.0263616548139,7.208755369857857
Cambodia,KHM,2010,Bus,HybridDiesel,historical,1506.0263616548139,1623.0263616548139,92.79124463014215
Cambodia,KHM,2010,Bus,NaturalGas,historical,0.0,1623.0263616548139,0.0
Cambodia,KHM,2011,Bus,Electric,historical,0.0,1668.2071525044582,0.0
Cambodia,KHM,2011,Bus,Gasoline,historical,117.0,1668.2071525044582,7.013517465402866
Cambodia,KHM,2011,Bus,HybridDiesel,historical,1551.2071525044582,1668.2071525044582,92.98648253459713
Cambodia,KHM,2011,Bus,NaturalGas,historical,0.0,1668.2071525044582,0.0
Cambodia,KHM,2012,Bus,Electric,historical,0.0,1714.7433670795922,0.0
Cambodia,KHM,2012,Bus,Gasoline,historical,117.0,1714.7433670795922,6.823178456101255
Cambodia,KHM,2012,Bus,HybridDiesel,historical,1597.7433670795922,1714.7433670795922,93.17682154389874
Cambodia,KHM,2012,Bus,NaturalGas,historical,0.0,1714.7433670795922,0.0
Cambodia,KHM,2013,Bus,Electric,historical,0.0,1762.67566809198,0.0
Cambodia,KHM,2013,Bus,Gasoline,historical,117.0,1762.67566809198,6.637636300196248
Cambodia,KHM,2013,Bus,HybridDiesel,historical,1645.67566809198,1762.67566809198,93.36236369980375
Cambodia,KHM,2013,Bus,NaturalGas,historical,0.0,1762.67566809198,0.0
Cambodia,KHM,2014,Bus,Electric,historical,0.0,1813.0459381347393,0.0
Cambodia,KHM,2014,Bus,Gasoline,historical,118.0,1813.0459381347393,6.508384455023701
Cambodia,KHM,2014,Bus,HybridDiesel,historical,1695.0459381347393,1813.0459381347393,93.4916155449763
Cambodia,KHM,2014,Bus,NaturalGas,historical,0.0,1813.0459381347393,0.0
Cambodia,KHM,2015,Bus,Electric,historical,0.0,1863.8973162787815,0.0
Cambodia,KHM,2015,Bus,Gasoline,historical,118.0,1863.8973162787815,6.330820854207982
Cambodia,KHM,2015,Bus,HybridDiesel,historical,1745.8973162787815,1863.8973162787815,93.66917914579201
Cambodia,KHM,2015,Bus,NaturalGas,historical,0.0,1863.8973162787815,0.0
Cambodia,KHM,2016,Bus,Electric,historical,0.0,1916.274235767145,0.0
Cambodia,KHM,2016,Bus,Gasoline,historical,118.0,1916.274235767145,6.157782523896476
Cambodia,KHM,2016,Bus,HybridDiesel,historical,1798.274235767145,1916.274235767145,93.84221747610353
Cambodia,KHM,2016,Bus,NaturalGas,historical,0.0,1916.274235767145,0.0
Cambodia,KHM,2017,Bus,Electric,historical,0.0,1971.2224628401596,0.0
Cambodia,KHM,2017,Bus,Gasoline,historical,119.0,1971.2224628401596,6.036863025015627
Cambodia,KHM,2017,Bus,HybridDiesel,historical,1852.2224628401596,1971.2224628401596,93.96313697498437
Cambodia,KHM,2017,Bus,NaturalGas,historical,0.0,1971.2224628401596,0.0
Cambodia,KHM,2018,Bus,Electric,historical,0.0,2026.7891367253644,0.0
Cambodia,KHM,2018,Bus,Gasoline,historical,119.0,2026.7891367253644,5.871355724368323
Cambodia,KHM,2018,Bus,HybridDiesel,historical,1907.7891367253644,2026.7891367253644,94.12864427563167
Cambodia,KHM,2018,Bus,NaturalGas,historical,0.0,2026.7891367253644,0.0
Cambodia,KHM,2019,Bus,Electric,historical,0.0,2084.0228108271253,0.0
Cambodia,KHM,2019,Bus,Gasoline,historical,119.0,2084.0228108271253,5.710110243599984
Cambodia,KHM,2019,Bus,HybridDiesel,historical,1965.0228108271253,2084.0228108271253,94.28988975640002
Cambodia,KHM,2019,Bus,NaturalGas,historical,0.0,2084.0228108271253,0.0
Cambodia,KHM,2020,Bus,Electric,historical,0.0,2142.973495151939,0.0
Cambodia,KHM,2020,Bus,Gasoline,historical,119.0,2142.973495151939,5.553031816269047
Cambodia,KHM,2020,Bus,HybridDiesel,historical,2023.973495151939,2142.973495151939,94.44696818373095
Cambodia,KHM,2020,Bus,NaturalGas,historical,0.0,2142.973495151939,0.0
Cambodia,KHM,2021,Bus,Electric,historical,0.0,2204.6927000064975,0.0
Cambodia,KHM,2021,Bus,Gasoline,historical,120.0,2204.6927000064975,5.442935425859864
Cambodia,KHM,2021,Bus,HybridDiesel,historical,2084.6927000064975,2204.6927000064975,94.55706457414014
Cambodia,KHM,2021,Bus,NaturalGas,historical,0.0,2204.6927000064975,0.0
Cambodia,KHM,2022,Bus,Electric,historical,0.0,2267.2334810066927,0.0
Cambodia,KHM,2022,Bus,Gasoline,historical,120.0,2267.2334810066927,5.2927941037073
Cambodia,KHM,2022,Bus,HybridDiesel,historical,2147.2334810066927,2267.2334810066927,94.7072058962927
Cambodia,KHM,2022,Bus,NaturalGas,historical,0.0,2267.2334810066927,0.0
Cambodia,KHM,2023,Bus,Electric,historical,0.0,2331.650485436893,0.0
Cambodia,KHM,2023,Bus,Gasoline,historical,120.0,2331.650485436893,5.146568954030647
Cambodia,KHM,2023,Bus,HybridDiesel,historical,2211.650485436893,2331.650485436893,94.85343104596934
Cambodia,KHM,2023,Bus,NaturalGas,historical,0.0,2331.650485436893,0.0
Cambodia,KHM,2024,Bus,Electric,historical,7.0,2405.0,0.2910602910602911
Cambodia,KHM,2024,Bus,Gasoline,historical,120.0,2405.0,4.98960498960499
Cambodia,KHM,2024,Bus,HybridDiesel,historical,2278.0,2405.0,94.71933471933473
Cambodia,KHM,2024,Bus,NaturalGas,historical,0.0,2405.0,0.0
Cambodia,KHM,2025,LDV,Electric,ATS,2591.6848018959,40606.38456919204,6.382456427460928
Cambodia,KHM,2025,LDV,Gasoline,ATS,26551.4785281412,40606.38456919204,65.38744783569265
Cambodia,KHM,2025,LDV,HybridDiesel,ATS,11463.221239154942,40606.38456919204,28.230095736846412
Cambodia,KHM,2026,LDV,Electric,ATS,1637.8004402864492,23565.58212091218,6.949968101288953
Cambodia,KHM,2026,LDV,Gasoline,ATS,15382.185230580426,23565.58212091218,65.27394550092706
Cambodia,KHM,2026,LDV,HybridDiesel,ATS,6545.596450045303,23565.58212091218,27.77608639778399
Cambodia,KHM,2027,LDV,Electric,ATS,2060.086561087988,27259.703298822424,7.5572596609185405
Cambodia,KHM,2027,LDV,Gasoline,ATS,17760.374699525,27259.703298822424,65.15248718900114
Cambodia,KHM,2027,LDV,HybridDiesel,ATS,7439.242038209435,27259.703298822424,27.290253150080318
Cambodia,KHM,2028,LDV,Electric,ATS,2546.600858503206,31036.02968522202,8.205304880591038
Cambodia,KHM,2028,LDV,Gasoline,ATS,20180.519763288623,31036.02968522202,65.02287814506664
Cambodia,KHM,2028,LDV,HybridDiesel,ATS,8308.90906343019,31036.02968522202,26.77181697434232
Cambodia,KHM,2029,LDV,Electric,ATS,3076.876667497201,34591.94270963306,8.894778455563184
Cambodia,KHM,2029,LDV,Gasoline,ATS,22444.976295285487,34591.94270963306,64.88498343007223
Cambodia,KHM,2029,LDV,HybridDiesel,ATS,9070.089746850375,34591.94270963306,26.2202381143646
Cambodia,KHM,2030,LDV,Electric,ATS,622.1527154411898,6463.249976238003,9.62600421968082
Cambodia,KHM,2030,LDV,Gasoline,ATS,4184.2264863210585,6463.249976238003,64.73873827724869
Cambodia,KHM,2030,LDV,HybridDiesel,ATS,1656.8707744757548,6463.249976238003,25.6352575030705
Cambodia,KHM,2031,LDV,Electric,ATS,2125.9805504445844,20444.273892965983,10.39890465944132
Cambodia,KHM,2031,LDV,Gasoline,ATS,13203.762191686215,20444.273892965983,64.58415818929659
Cambodia,KHM,2031,LDV,HybridDiesel,ATS,5114.531150835185,20444.273892965983,25.0169371512621
Cambodia,KHM,2032,LDV,Electric,ATS,2506.14083994195,22350.407077159645,11.212953890683398
Cambodia,KHM,2032,LDV,Gasoline,ATS,14398.433599266305,22350.407077159645,64.42134834304817
Cambodia,KHM,2032,LDV,HybridDiesel,ATS,5445.832637951388,22350.407077159645,24.365697766268426
Cambodia,KHM,2033,LDV,Electric,ATS,2956.3193138676384,24498.929876759998,12.06713651877522
Cambodia,KHM,2033,LDV,Gasoline,ATS,15740.687835611525,24498.929876759998,64.25051181742981
Cambodia,KHM,2033,LDV,HybridDiesel,ATS,5801.922727280835,24498.929876759998,23.68235166379497
Cambodia,KHM,2034,LDV,Electric,ATS,3542.7344996631123,27336.09374318656,12.959914949611731
Cambodia,KHM,2034,LDV,Gasoline,ATS,17514.76999113529,27336.09374318656,64.07195613126251
Cambodia,KHM,2034,LDV,HybridDiesel,ATS,6278.58925238816,27336.09374318656,22.968128919125764
Cambodia,KHM,2035,LDV,Electric,ATS,4371.11130101566,31471.278921542398,13.889207718290697
Cambodia,KHM,2035,LDV,Gasoline,ATS,20105.771960712173,31471.278921542398,63.88609757752671
Cambodia,KHM,2035,LDV,HybridDiesel,ATS,6994.395659814565,31471.278921542398,22.22469470418259
Cambodia,KHM,2036,LDV,Electric,ATS,5192.062948605589,34957.78132085997,14.852381222224153
Cambodia,KHM,2036,LDV,Gasoline,ATS,22265.821468133905,34957.78132085997,63.69346287674003
Cambodia,KHM,2036,LDV,HybridDiesel,ATS,7499.896904120479,34957.78132085997,21.454155901035826
Cambodia,KHM,2037,LDV,Electric,ATS,6170.068024851718,38937.069350903446,15.846256864497574
Cambodia,KHM,2037,LDV,Gasoline,ATS,24722.970602689456,38937.069350903446,63.49468774828534
Cambodia,KHM,2037,LDV,HybridDiesel,ATS,8044.0307233622725,38937.069350903446,20.65905538721709
Cambodia,KHM,2038,LDV,Electric,ATS,7306.315524258925,43316.87338884844,16.867135027663082
Cambodia,KHM,2038,LDV,Gasoline,ATS,27415.471000290865,43316.87338884844,63.29051211565224
Cambodia,KHM,2038,LDV,HybridDiesel,ATS,8595.086864298657,43316.87338884844,19.842352856684684
Cambodia,KHM,2039,LDV,Electric,ATS,8466.916863930004,47272.59305699816,17.910836525766964
Cambodia,KHM,2039,LDV,Gasoline,ATS,29820.38928373671,47272.59305699816,63.08177181603146
Cambodia,KHM,2039,LDV,HybridDiesel,ATS,8985.286909331446,47272.59305699816,19.007391658201577
Cambodia,KHM,2040,LDV,Electric,ATS,9551.657462175672,50344.05550536874,18.97276126504563
Cambodia,KHM,2040,LDV,Gasoline,ATS,31650.999020799394,50344.05550536874,62.869386868175724
Cambodia,KHM,2040,LDV,HybridDiesel,ATS,9141.399022393676,50344.05550536874,18.157851866778646
Cambodia,KHM,2041,LDV,Electric,ATS,10720.501065648712,53474.266428531264,20.047962845786277
Cambodia,KHM,2041,LDV,Gasoline,ATS,33503.95220428653,53474.266428531264,62.6543465520276
Cambodia,KHM,2041,LDV,HybridDiesel,ATS,9249.813158596024,53474.266428531264,17.297690602186126
Cambodia,KHM,2042,LDV,Electric,ATS,12111.513067124388,57315.68463343679,21.131236841335365
Cambodia,KHM,2042,LDV,Gasoline,ATS,35786.590497499725,57315.68463343679,62.43769175291778
Cambodia,KHM,2042,LDV,HybridDiesel,ATS,9417.581068812677,57315.68463343679,16.431071405746856
Cambodia,KHM,2043,LDV,Electric,ATS,13430.587220731697,60451.25119580206,22.21721958612556
Cambodia,KHM,2043,LDV,Gasoline,ATS,37613.06785101767,60451.25119580206,62.220495203959736
Cambodia,KHM,2043,LDV,HybridDiesel,ATS,9407.596124052689,60451.25119580206,15.5622852099147
Cambodia,KHM,2044,LDV,Electric,ATS,14994.814221460898,64354.06258197897,23.30049358167465
Cambodia,KHM,2044,LDV,Gasoline,ATS,39901.99025736748,64354.06258197897,62.00384040484992
Cambodia,KHM,2044,LDV,HybridDiesel,ATS,9457.25810315059,64354.06258197897,14.695666013475428
Cambodia,KHM,2045,LDV,Electric,ATS,16617.871826944982,68173.94013266114,24.375695162415298
Cambodia,KHM,2045,LDV,Gasoline,ATS,42123.85958116123,68173.94013266114,61.78880008870179
Cambodia,KHM,2045,LDV,HybridDiesel,ATS,9432.208724554925,68173.94013266114,13.83550474888291
Cambodia,KHM,2046,LDV,Electric,ATS,17541.04568881475,68957.10273446864,25.437619901693964
Cambodia,KHM,2046,LDV,Gasoline,ATS,42461.31184887612,68957.10273446864,61.57641514084605
Cambodia,KHM,2046,LDV,HybridDiesel,ATS,8954.745196777774,68957.10273446864,12.985964957459977
Cambodia,KHM,2047,LDV,Electric,ATS,19179.627218640275,72427.00214645138,26.481321399797846
Cambodia,KHM,2047,LDV,Gasoline,ATS,44446.767174481545,72427.00214645138,61.36767484122528
Cambodia,KHM,2047,LDV,HybridDiesel,ATS,8800.607753329572,72427.00214645138,12.151003758976877
Cambodia,KHM,2048,LDV,Electric,ATS,21287.75852595574,77403.83992640185,27.50219956296335
Cambodia,KHM,2048,LDV,Gasoline,ATS,47342.897020804754,77403.83992640185,61.16349920859218
Cambodia,KHM,2048,LDV,HybridDiesel,ATS,8773.184379641352,77403.83992640185,11.334301228444465
Cambodia,KHM,2049,LDV,Electric,ATS,23544.04547589621,82622.06393801724,28.49607520523678
Cambodia,KHM,2049,LDV,Gasoline,ATS,50370.313309127,82622.06393801724,60.9647240801375
Cambodia,KHM,2049,LDV,HybridDiesel,ATS,8707.705152994038,82622.06393801724,10.539200714625728
Cambodia,KHM,2050,LDV,Electric,ATS,25957.398824616754,88112.90159119572,29.45924870917022
Cambodia,KHM,2050,LDV,Gasoline,ATS,53548.051309740884,88112.90159119572,60.7720893793508
Cambodia,KHM,2050,LDV,HybridDiesel,ATS,8607.451456838084,88112.90159119572,9.768661911478969
Cambodia,KHM,2051,LDV,Electric,ATS,28266.95324208729,93018.45981220133,30.388541477849202
Cambodia,KHM,2051,LDV,Gasoline,ATS,56356.37877225224,93018.45981220133,60.58623082561502
Cambodia,KHM,2051,LDV,HybridDiesel,ATS,8395.127797861809,93018.45981220133,9.025227696535792
Cambodia,KHM,2052,LDV,Electric,ATS,31076.99908776124,99346.82800623216,31.281319908685703
Cambodia,KHM,2052,LDV,Gasoline,ATS,60013.10912335058,99346.82800623216,60.40767513944771
Cambodia,KHM,2052,LDV,HybridDiesel,ATS,8256.719795120342,99346.82800623216,8.311004951866591
Cambodia,KHM,2053,LDV,Electric,ATS,33964.936935625956,105692.87627213774,32.13550253677753
Cambodia,KHM,2053,LDV,Gasoline,ATS,63666.04730636194,105692.87627213774,60.23683861382935
Cambodia,KHM,2053,LDV,HybridDiesel,ATS,8061.8920301498465,105692.87627213774,7.62765884939313
Cambodia,KHM,2054,LDV,Electric,ATS,36967.389950123266,112193.90846464667,32.94955176801959
Cambodia,KHM,2054,LDV,Gasoline,ATS,67399.40084652526,112193.90846464667,60.074028767580934
Cambodia,KHM,2054,LDV,HybridDiesel,ATS,7827.1176679981445,112193.90846464667,6.976419464399479
Cambodia,KHM,2055,LDV,Electric,ATS,40055.5760614772,118780.14034885634,33.722452207780094
Cambodia,KHM,2055,LDV,Gasoline,ATS,71172.40523792407,118780.14034885634,59.91944867962883
Cambodia,KHM,2055,LDV,HybridDiesel,ATS,7552.159049455069,118780.14034885634,6.358099112591075
Cambodia,KHM,2056,LDV,Electric,ATS,43158.702302551996,125265.87825472374,34.45367797189775
Cambodia,KHM,2056,LDV,Gasoline,ATS,74875.42835883616,125265.87825472374,59.7732035268053
Cambodia,KHM,2056,LDV,HybridDiesel,ATS,7231.747593335577,125265.87825472374,5.773118501296957
Cambodia,KHM,2057,LDV,Electric,ATS,46314.103544218444,131786.9954902879,35.14315154686988
Cambodia,KHM,2057,LDV,Gasoline,ATS,78591.58173444045,131786.9954902879,59.63530881181087
Cambodia,KHM,2057,LDV,HybridDiesel,ATS,6881.310211628996,131786.9954902879,5.22153964131925
Cambodia,KHM,2058,LDV,Electric,ATS,49536.245015301094,138403.43294026866,35.791196766542384
Cambodia,KHM,2058,LDV,Gasoline,ATS,82357.93127387037,138403.43294026866,59.50569976787637
Cambodia,KHM,2058,LDV,HybridDiesel,ATS,6509.256651097185,138403.43294026866,4.703103465581242
Cambodia,KHM,2059,LDV,Electric,ATS,52815.23997817133,145102.83917531557,36.39848832617197
Cambodia,KHM,2059,LDV,Gasoline,ATS,86168.22037530887,145102.83917531557,59.38424145595046
Cambodia,KHM,2059,LDV,HybridDiesel,ATS,6119.378821835376,145102.83917531557,4.217270217877573
Cambodia,KHM,2060,LDV,Electric,ATS,56147.30315343611,151889.0416962509,36.966
Cambodia,KHM,2060,LDV,Gasoline,ATS,90025.75765745256,151889.0416962509,59.27073912118486
Cambodia,KHM,2060,LDV,HybridDiesel,ATS,5715.980885362245,151889.0416962509,3.763260878815153
Cambodia,KHM,2025,LDV,Electric,BAS,2591.6848018959,40606.38456919204,6.382456427460928
Cambodia,KHM,2025,LDV,Gasoline,BAS,26551.4785281412,40606.38456919204,65.38744783569265
Cambodia,KHM,2025,LDV,HybridDiesel,BAS,11463.221239154942,40606.38456919204,28.230095736846412
Cambodia,KHM,2026,LDV,Electric,BAS,1637.8004402864492,23565.58212091218,6.949968101288953
Cambodia,KHM,2026,LDV,Gasoline,BAS,15382.185230580426,23565.58212091218,65.27394550092706
Cambodia,KHM,2026,LDV,HybridDiesel,BAS,6545.596450045303,23565.58212091218,27.77608639778399
Cambodia,KHM,2027,LDV,Electric,BAS,2060.086561087988,27259.703298822424,7.5572596609185405
Cambodia,KHM,2027,LDV,Gasoline,BAS,17760.374699525,27259.703298822424,65.15248718900114
Cambodia,KHM,2027,LDV,HybridDiesel,BAS,7439.242038209435,27259.703298822424,27.290253150080318
Cambodia,KHM,2028,LDV,Electric,BAS,2546.600858503206,31036.02968522202,8.205304880591038
Cambodia,KHM,2028,LDV,Gasoline,BAS,20180.519763288623,31036.02968522202,65.02287814506664
Cambodia,KHM,2028,LDV,HybridDiesel,BAS,8308.90906343019,31036.02968522202,26.77181697434232
Cambodia,KHM,2029,LDV,Electric,BAS,3076.876667497201,34591.94270963306,8.894778455563184
Cambodia,KHM,2029,LDV,Gasoline,BAS,22444.976295285487,34591.94270963306,64.88498343007223
Cambodia,KHM,2029,LDV,HybridDiesel,BAS,9070.089746850375,34591.94270963306,26.2202381143646
Cambodia,KHM,2030,LDV,Electric,BAS,622.1527154411898,6463.249976238003,9.62600421968082
Cambodia,KHM,2030,LDV,Gasoline,BAS,4184.2264863210585,6463.249976238003,64.73873827724869
Cambodia,KHM,2030,LDV,HybridDiesel,BAS,1656.8707744757548,6463.249976238003,25.6352575030705
Cambodia,KHM,2031,LDV,Electric,BAS,2125.9805504445844,20444.273892965983,10.39890465944132
Cambodia,KHM,2031,LDV,Gasoline,BAS,13203.762191686215,20444.273892965983,64.58415818929659
Cambodia,KHM,2031,LDV,HybridDiesel,BAS,5114.531150835185,20444.273892965983,25.0169371512621
Cambodia,KHM,2032,LDV,Electric,BAS,2506.14083994195,22350.407077159645,11.212953890683398
Cambodia,KHM,2032,LDV,Gasoline,BAS,14398.433599266305,22350.407077159645,64.42134834304817
Cambodia,KHM,2032,LDV,HybridDiesel,BAS,5445.832637951388,22350.407077159645,24.365697766268426
Cambodia,KHM,2033,LDV,Electric,BAS,2956.3193138676384,24498.929876759998,12.06713651877522
Cambodia,KHM,2033,LDV,Gasoline,BAS,15740.687835611525,24498.929876759998,64.25051181742981
Cambodia,KHM,2033,LDV,HybridDiesel,BAS,5801.922727280835,24498.929876759998,23.68235166379497
Cambodia,KHM,2034,LDV,Electric,BAS,3542.7344996631123,27336.09374318656,12.959914949611731
Cambodia,KHM,2034,LDV,Gasoline,BAS,17514.76999113529,27336.09374318656,64.07195613126251
Cambodia,KHM,2034,LDV,HybridDiesel,BAS,6278.58925238816,27336.09374318656,22.968128919125764
Cambodia,KHM,2035,LDV,Electric,BAS,4371.11130101566,31471.278921542398,13.889207718290697
Cambodia,KHM,2035,LDV,Gasoline,BAS,20105.771960712173,31471.278921542398,63.88609757752671
Cambodia,KHM,2035,LDV,HybridDiesel,BAS,6994.395659814565,31471.278921542398,22.22469470418259
Cambodia,KHM,2036,LDV,Electric,BAS,5192.062948605589,34957.78132085997,14.852381222224153
Cambodia,KHM,2036,LDV,Gasoline,BAS,22265.821468133905,34957.78132085997,63.69346287674003
Cambodia,KHM,2036,LDV,HybridDiesel,BAS,7499.896904120479,34957.78132085997,21.454155901035826
Cambodia,KHM,2037,LDV,Electric,BAS,6170.068024851718,38937.069350903446,15.846256864497574
Cambodia,KHM,2037,LDV,Gasoline,BAS,24722.970602689456,38937.069350903446,63.49468774828534
Cambodia,KHM,2037,LDV,HybridDiesel,BAS,8044.0307233622725,38937.069350903446,20.65905538721709
Cambodia,KHM,2038,LDV,Electric,BAS,7306.315524258925,43316.87338884844,16.867135027663082
Cambodia,KHM,2038,LDV,Gasoline,BAS,27415.471000290865,43316.87338884844,63.29051211565224
Cambodia,KHM,2038,LDV,HybridDiesel,BAS,8595.086864298657,43316.87338884844,19.842352856684684
Cambodia,KHM,2039,LDV,Electric,BAS,8466.916863930004,47272.59305699816,17.910836525766964
Cambodia,KHM,2039,LDV,Gasoline,BAS,29820.38928373671,47272.59305699816,63.08177181603146
Cambodia,KHM,2039,LDV,HybridDiesel,BAS,8985.286909331446,47272.59305699816,19.007391658201577
Cambodia,KHM,2040,LDV,Electric,BAS,9551.657462175672,50344.05550536874,18.97276126504563
Cambodia,KHM,2040,LDV,Gasoline,BAS,31650.999020799394,50344.05550536874,62.869386868175724
Cambodia,KHM,2040,LDV,HybridDiesel,BAS,9141.399022393676,50344.05550536874,18.157851866778646
Cambodia,KHM,2041,LDV,Electric,BAS,10720.501065648712,53474.266428531264,20.047962845786277
Cambodia,KHM,2041,LDV,Gasoline,BAS,33503.95220428653,53474.266428531264,62.6543465520276
Cambodia,KHM,2041,LDV,HybridDiesel,BAS,9249.813158596024,53474.266428531264,17.297690602186126
Cambodia,KHM,2042,LDV,Electric,BAS,12111.513067124388,57315.68463343679,21.131236841335365
Cambodia,KHM,2042,LDV,Gasoline,BAS,35786.590497499725,57315.68463343679,62.43769175291778
Cambodia,KHM,2042,LDV,HybridDiesel,BAS,9417.581068812677,57315.68463343679,16.431071405746856
Cambodia,KHM,2043,LDV,Electric,BAS,13430.587220731697,60451.25119580206,22.21721958612556
Cambodia,KHM,2043,LDV,Gasoline,BAS,37613.06785101767,60451.25119580206,62.220495203959736
Cambodia,KHM,2043,LDV,HybridDiesel,BAS,9407.596124052689,60451.25119580206,15.5622852099147
Cambodia,KHM,2044,LDV,Electric,BAS,14994.814221460898,64354.06258197897,23.30049358167465
Cambodia,KHM,2044,LDV,Gasoline,BAS,39901.99025736748,64354.06258197897,62.00384040484992
Cambodia,KHM,2044,LDV,HybridDiesel,BAS,9457.25810315059,64354.06258197897,14.695666013475428
Cambodia,KHM,2045,LDV,Electric,BAS,16617.871826944982,68173.94013266114,24.375695162415298
Cambodia,KHM,2045,LDV,Gasoline,BAS,42123.85958116123,68173.94013266114,61.78880008870179
Cambodia,KHM,2045,LDV,HybridDiesel,BAS,9432.208724554925,68173.94013266114,13.83550474888291
Cambodia,KHM,2046,LDV,Electric,BAS,17541.04568881475,68957.10273446864,25.437619901693964
Cambodia,KHM,2046,LDV,Gasoline,BAS,42461.31184887612,68957.10273446864,61.57641514084605
Cambodia,KHM,2046,LDV,HybridDiesel,BAS,8954.745196777774,68957.10273446864,12.985964957459977
Cambodia,KHM,2047,LDV,Electric,BAS,19179.627218640275,72427.00214645138,26.481321399797846
Cambodia,KHM,2047,LDV,Gasoline,BAS,44446.767174481545,72427.00214645138,61.36767484122528
Cambodia,KHM,2047,LDV,HybridDiesel,BAS,8800.607753329572,72427.00214645138,12.151003758976877
Cambodia,KHM,2048,LDV,Electric,BAS,21287.75852595574,77403.83992640185,27.50219956296335
Cambodia,KHM,2048,LDV,Gasoline,BAS,47342.897020804754,77403.83992640185,61.16349920859218
Cambodia,KHM,2048,LDV,HybridDiesel,BAS,8773.184379641352,77403.83992640185,11.334301228444465
Cambodia,KHM,2049,LDV,Electric,BAS,23544.04547589621,82622.06393801724,28.49607520523678
Cambodia,KHM,2049,LDV,Gasoline,BAS,50370.313309127,82622.06393801724,60.9647240801375
Cambodia,KHM,2049,LDV,HybridDiesel,BAS,8707.705152994038,82622.06393801724,10.539200714625728
Cambodia,KHM,2050,LDV,Electric,BAS,25957.398824616754,88112.90159119572,29.45924870917022
Cambodia,KHM,2050,LDV,Gasoline,BAS,53548.051309740884,88112.90159119572,60.7720893793508
Cambodia,KHM,2050,LDV,HybridDiesel,BAS,8607.451456838084,88112.90159119572,9.768661911478969
Cambodia,KHM,2051,LDV,Electric,BAS,28266.95324208729,93018.45981220133,30.388541477849202
Cambodia,KHM,2051,LDV,Gasoline,BAS,56356.37877225224,93018.45981220133,60.58623082561502
Cambodia,KHM,2051,LDV,HybridDiesel,BAS,8395.127797861809,93018.45981220133,9.025227696535792
Cambodia,KHM,2052,LDV,Electric,BAS,31076.99908776124,99346.82800623216,31.281319908685703
Cambodia,KHM,2052,LDV,Gasoline,BAS,60013.10912335058,99346.82800623216,60.40767513944771
Cambodia,KHM,2052,LDV,HybridDiesel,BAS,8256.719795120342,99346.82800623216,8.311004951866591
Cambodia,KHM,2053,LDV,Electric,BAS,33964.936935625956,105692.87627213774,32.13550253677753
Cambodia,KHM,2053,LDV,Gasoline,BAS,63666.04730636194,105692.87627213774,60.23683861382935
Cambodia,KHM,2053,LDV,HybridDiesel,BAS,8061.8920301498465,105692.87627213774,7.62765884939313
Cambodia,KHM,2054,LDV,Electric,BAS,36967.389950123266,112193.90846464667,32.94955176801959
Cambodia,KHM,2054,LDV,Gasoline,BAS,67399.40084652526,112193.90846464667,60.074028767580934
Cambodia,KHM,2054,LDV,HybridDiesel,BAS,7827.1176679981445,112193.90846464667,6.976419464399479
Cambodia,KHM,2055,LDV,Electric,BAS,40055.5760614772,118780.14034885634,33.722452207780094
Cambodia,KHM,2055,LDV,Gasoline,BAS,71172.40523792407,118780.14034885634,59.91944867962883
Cambodia,KHM,2055,LDV,HybridDiesel,BAS,7552.159049455069,118780.14034885634,6.358099112591075
Cambodia,KHM,2056,LDV,Electric,BAS,43158.702302551996,125265.87825472374,34.45367797189775
Cambodia,KHM,2056,LDV,Gasoline,BAS,74875.42835883616,125265.87825472374,59.7732035268053
Cambodia,KHM,2056,LDV,HybridDiesel,BAS,7231.747593335577,125265.87825472374,5.773118501296957
Cambodia,KHM,2057,LDV,Electric,BAS,46314.103544218444,131786.9954902879,35.14315154686988
Cambodia,KHM,2057,LDV,Gasoline,BAS,78591.58173444045,131786.9954902879,59.63530881181087
Cambodia,KHM,2057,LDV,HybridDiesel,BAS,6881.310211628996,131786.9954902879,5.22153964131925
Cambodia,KHM,2058,LDV,Electric,BAS,49536.245015301094,138403.43294026866,35.791196766542384
Cambodia,KHM,2058,LDV,Gasoline,BAS,82357.93127387037,138403.43294026866,59.50569976787637
Cambodia,KHM,2058,LDV,HybridDiesel,BAS,6509.256651097185,138403.43294026866,4.703103465581242
Cambodia,KHM,2059,LDV,Electric,BAS,52815.23997817133,145102.83917531557,36.39848832617197
Cambodia,KHM,2059,LDV,Gasoline,BAS,86168.22037530887,145102.83917531557,59.38424145595046
Cambodia,KHM,2059,LDV,HybridDiesel,BAS,6119.378821835376,145102.83917531557,4.217270217877573
Cambodia,KHM,2060,LDV,Electric,BAS,56147.30315343611,151889.0416962509,36.966
Cambodia,KHM,2060,LDV,Gasoline,BAS,90025.75765745256,151889.0416962509,59.27073912118486
Cambodia,KHM,2060,LDV,HybridDiesel,BAS,5715.980885362245,151889.0416962509,3.763260878815153
Cambodia,KHM,2025,LDV,Electric,RAS,2591.6848018959,40606.38456919204,6.382456427460928
Cambodia,KHM,2025,LDV,Gasoline,RAS,26551.4785281412,40606.38456919204,65.38744783569265
Cambodia,KHM,2025,LDV,HybridDiesel,RAS,11463.221239154942,40606.38456919204,28.230095736846412
Cambodia,KHM,2026,LDV,Electric,RAS,2240.933957591752,23565.58212091218,9.509351163462835
Cambodia,KHM,2026,LDV,Gasoline,RAS,15261.558527119363,23565.58212091218,64.76206888849228
Cambodia,KHM,2026,LDV,HybridDiesel,RAS,6063.089636201062,23565.58212091218,25.72857994804489
Cambodia,KHM,2027,LDV,Electric,RAS,3615.853247972887,27259.703298822424,13.264462963282092
Cambodia,KHM,2027,LDV,Gasoline,RAS,17449.22136214802,27259.703298822424,64.01104652852842
Cambodia,KHM,2027,LDV,HybridDiesel,RAS,6194.628688701517,27259.703298822424,22.724490508189483
Cambodia,KHM,2028,LDV,Electric,RAS,5494.384981813414,31036.02968522202,17.703246960192192
Cambodia,KHM,2028,LDV,Gasoline,RAS,19590.96293862658,31036.02968522202,63.12328972914641
Cambodia,KHM,2028,LDV,HybridDiesel,RAS,5950.681764782025,31036.02968522202,19.1734633106614
Cambodia,KHM,2029,LDV,Electric,RAS,7905.343346789961,34591.94270963306,22.85313494286201
Cambodia,KHM,2029,LDV,Gasoline,RAS,21479.28295942693,34591.94270963306,62.093312132612446
Cambodia,KHM,2029,LDV,HybridDiesel,RAS,5207.316403416169,34591.94270963306,15.053552924525546
Cambodia,KHM,2030,LDV,Electric,RAS,1854.966878384082,6463.249976238003,28.70021870117707
Cambodia,KHM,2030,LDV,Gasoline,RAS,3937.6636537324803,6463.249976238003,60.92389538094943
Cambodia,KHM,2030,LDV,HybridDiesel,RAS,670.6194441214411,6463.249976238003,10.375885917873497
Cambodia,KHM,2031,LDV,Electric,RAS,7191.905783664767,20444.273892965983,35.17809349120098
Cambodia,KHM,2031,LDV,Gasoline,RAS,12190.577145042176,20444.273892965983,59.62832042294465
Cambodia,KHM,2031,LDV,HybridDiesel,RAS,1061.790964259039,20444.273892965983,5.1935860858543705
Cambodia,KHM,2032,LDV,Electric,RAS,9423.543126775352,22350.407077159645,42.162735981688094
Cambodia,KHM,2032,LDV,Gasoline,RAS,12926.863950384293,22350.407077159645,57.837264018311906
Cambodia,KHM,2033,LDV,Electric,RAS,12121.315887146211,24498.929876759998,49.47691980066708
Cambodia,KHM,2033,LDV,Gasoline,RAS,12377.613989613787,24498.929876759998,50.52308019933292
Cambodia,KHM,2034,LDV,Electric,RAS,15555.750837363734,27336.09374318656,56.90553662679386
Cambodia,KHM,2034,LDV,Gasoline,RAS,11780.342905822827,27336.09374318656,43.09446337320614
Cambodia,KHM,2035,LDV,Electric,RAS,20210.76734412396,31471.278921542398,64.21972044577284
Cambodia,KHM,2035,LDV,Gasoline,RAS,11260.51157741844,31471.278921542398,35.78027955422717
Cambodia,KHM,2036,LDV,Electric,RAS,24891.46548616922,34957.78132085997,71.20436293625995
Cambodia,KHM,2036,LDV,Gasoline,RAS,10066.315834690748,34957.78132085997,28.795637063740042
Cambodia,KHM,2037,LDV,Electric,RAS,30247.18677681683,38937.069350903446,77.68223772628386
Cambodia,KHM,2037,LDV,Gasoline,RAS,8689.882574086618,38937.069350903446,22.317762273716134
Cambodia,KHM,2038,LDV,Electric,RAS,36182.29043004789,43316.87338884844,83.52932148459892
Cambodia,KHM,2038,LDV,Gasoline,RAS,7134.582958800549,43316.87338884844,16.470678515401083
Cambodia,KHM,2039,LDV,Electric,RAS,41920.96181762494,47272.59305699816,88.67920946726875
Cambodia,KHM,2039,LDV,Gasoline,RAS,5351.631239373218,47272.59305699816,11.320790532731252
Cambodia,KHM,2040,LDV,Electric,RAS,46879.374315091845,50344.05550536874,93.11799346417887
Cambodia,KHM,2040,LDV,Gasoline,RAS,3464.6811902768986,50344.05550536874,6.882006535821139
Cambodia,KHM,2041,LDV,Electric,RAS,51802.18240646188,53474.266428531264,96.87310526399808
Cambodia,KHM,2041,LDV,Gasoline,RAS,1672.0840220693844,53474.266428531264,3.1268947360019173
Cambodia,KHM,2042,LDV,Electric,RAS,57315.68463343679,57315.68463343679,100.0
Cambodia,KHM,2043,LDV,Electric,RAS,60451.25119580206,60451.25119580206,100.0
Cambodia,KHM,2044,LDV,Electric,RAS,64354.06258197897,64354.06258197897,100.0
Cambodia,KHM,2045,LDV,Electric,RAS,68173.94013266114,68173.94013266114,100.0
Cambodia,KHM,2046,LDV,Electric,RAS,68957.10273446864,68957.10273446864,100.0
Cambodia,KHM,2047,LDV,Electric,RAS,72427.00214645138,72427.00214645138,100.0
Cambodia,KHM,2048,LDV,Electric,RAS,77403.83992640185,77403.83992640185,100.0
Cambodia,KHM,2049,LDV,Electric,RAS,82622.06393801724,82622.06393801724,100.0
Cambodia,KHM,2050,LDV,Electric,RAS,88112.90159119572,88112.90159119572,100.0
Cambodia,KHM,2051,LDV,Electric,RAS,93018.45981220133,93018.45981220133,100.0
Cambodia,KHM,2052,LDV,Electric,RAS,99346.82800623216,99346.82800623216,100.0
Cambodia,KHM,2053,LDV,Electric,RAS,105692.87627213774,105692.87627213774,100.0
Cambodia,KHM,2054,LDV,Electric,RAS,112193.90846464667,112193.90846464667,100.0
Cambodia,KHM,2055,LDV,Electric,RAS,118780.14034885634,118780.14034885634,100.0
Cambodia,KHM,2056,LDV,Electric,RAS,125265.87825472374,125265.87825472374,100.0
Cambodia,KHM,2057,LDV,Electric,RAS,131786.9954902879,131786.9954902879,100.0
Cambodia,KHM,2058,LDV,Electric,RAS,138403.43294026866,138403.43294026866,100.0
Cambodia,KHM,2059,LDV,Electric,RAS,145102.83917531557,145102.83917531557,100.0
Cambodia,KHM,2060,LDV,Electric,RAS,151889.0416962509,151889.0416962509,100.0
Cambodia,KHM,2006,LDV,Electric,historical,0.0,923.0,0.0
Cambodia,KHM,2006,LDV,Gasoline,historical,545.0,923.0,59.0465872156013
Cambodia,KHM,2006,LDV,HybridDiesel,historical,275.0,923.0,29.79414951245937
Cambodia,KHM,2006,LDV,NaturalGas,historical,103.0,923.0,11.159263271939329
Cambodia,KHM,2007,LDV,Electric,historical,0.0,1091.0,0.0
Cambodia,KHM,2007,LDV,Gasoline,historical,643.0,1091.0,58.93675527039414
Cambodia,KHM,2007,LDV,HybridDiesel,historical,325.0,1091.0,29.789184234647113
Cambodia,KHM,2007,LDV,NaturalGas,historical,123.0,1091.0,11.274060494958754
Cambodia,KHM,2008,LDV,Electric,historical,0.0,1284.0,0.0
Cambodia,KHM,2008,LDV,Gasoline,historical,754.0,1284.0,58.72274143302181
Cambodia,KHM,2008,LDV,HybridDiesel,historical,383.0,1284.0,29.82866043613707
Cambodia,KHM,2008,LDV,NaturalGas,historical,147.0,1284.0,11.448598130841122
Cambodia,KHM,2009,LDV,Electric,historical,0.0,1502.0,0.0
Cambodia,KHM,2009,LDV,Gasoline,historical,880.0,1502.0,58.58854860186418
Cambodia,KHM,2009,LDV,HybridDiesel,historical,449.0,1502.0,29.89347536617843
Cambodia,KHM,2009,LDV,NaturalGas,historical,173.0,1502.0,11.51797603195739
Cambodia,KHM,2010,LDV,Electric,historical,0.0,1752.0,0.0
Cambodia,KHM,2010,LDV,Gasoline,historical,1024.0,1752.0,58.44748858447488
Cambodia,KHM,2010,LDV,HybridDiesel,historical,524.0,1752.0,29.908675799086758
Cambodia,KHM,2010,LDV,NaturalGas,historical,204.0,1752.0,11.643835616438356
Cambodia,KHM,2011,LDV,Electric,historical,0.0,2034.0,0.0
Cambodia,KHM,2011,LDV,Gasoline,historical,1187.0,2034.0,58.35791543756145
Cambodia,KHM,2011,LDV,HybridDiesel,historical,609.0,2034.0,29.941002949852507
Cambodia,KHM,2011,LDV,NaturalGas,historical,238.0,2034.0,11.701081612586037
Cambodia,KHM,2012,LDV,Electric,historical,0.0,2354.0,0.0
Cambodia,KHM,2012,LDV,Gasoline,historical,1371.0,2354.0,58.241291418861515
Cambodia,KHM,2012,LDV,HybridDiesel,historical,706.0,2354.0,29.991503823279523
Cambodia,KHM,2012,LDV,NaturalGas,historical,277.0,2354.0,11.767204757858963
Cambodia,KHM,2013,LDV,Electric,historical,0.0,2716.0,0.0
Cambodia,KHM,2013,LDV,Gasoline,historical,1579.0,2716.0,58.13696612665685
Cambodia,KHM,2013,LDV,HybridDiesel,historical,815.0,2716.0,30.007363770250368
Cambodia,KHM,2013,LDV,NaturalGas,historical,322.0,2716.0,11.855670103092784
Cambodia,KHM,2014,LDV,Electric,historical,0.0,3125.0,0.0
Cambodia,KHM,2014,LDV,Gasoline,historical,1815.0,3125.0,58.08
Cambodia,KHM,2014,LDV,HybridDiesel,historical,938.0,3125.0,30.016
Cambodia,KHM,2014,LDV,NaturalGas,historical,372.0,3125.0,11.904
Cambodia,KHM,2015,LDV,Electric,historical,0.0,3587.0,0.0
Cambodia,KHM,2015,LDV,Gasoline,historical,2080.0,3587.0,57.987175913019236
Cambodia,KHM,2015,LDV,HybridDiesel,historical,1078.0,3587.0,30.052969054920545
Cambodia,KHM,2015,LDV,NaturalGas,historical,429.0,3587.0,11.959855032060217
Cambodia,KHM,2016,LDV,Electric,historical,0.0,4108.0,0.0
Cambodia,KHM,2016,LDV,Gasoline,historical,2380.0,4108.0,57.93573515092503
Cambodia,KHM,2016,LDV,HybridDiesel,historical,1235.0,4108.0,30.063291139240505
Cambodia,KHM,2016,LDV,NaturalGas,historical,493.0,4108.0,12.000973709834469
Cambodia,KHM,2017,LDV,Electric,historical,0.0,4695.0,0.0
Cambodia,KHM,2017,LDV,Gasoline,historical,2717.0,4695.0,57.87007454739084
Cambodia,KHM,2017,LDV,HybridDiesel,historical,1412.0,4695.0,30.07454739084132
Cambodia,KHM,2017,LDV,NaturalGas,historical,566.0,4695.0,12.055378061767838
Cambodia,KHM,2018,LDV,Electric,historical,0.0,5357.0,0.0
Cambodia,KHM,2018,LDV,Gasoline,historical,3097.0,5357.0,57.812208325555346
Cambodia,KHM,2018,LDV,HybridDiesel,historical,1612.0,5357.0,30.091469105842823
Cambodia,KHM,2018,LDV,NaturalGas,historical,648.0,5357.0,12.09632256860183
Cambodia,KHM,2019,LDV,Electric,historical,0.0,6100.0,0.0
Cambodia,KHM,2019,LDV,Gasoline,historical,3524.0,6100.0,57.77049180327869
Cambodia,KHM,2019,LDV,HybridDiesel,historical,1836.0,6100.0,30.098360655737704
Cambodia,KHM,2019,LDV,NaturalGas,historical,740.0,6100.0,12.131147540983607
Cambodia,KHM,2020,LDV,Electric,historical,320.0,7257.0,4.409535620779937
Cambodia,KHM,2020,LDV,Gasoline,historical,4004.0,7257.0,55.174314455008954
Cambodia,KHM,2020,LDV,HybridDiesel,historical,2089.0,7257.0,28.785999724404025
Cambodia,KHM,2020,LDV,NaturalGas,historical,844.0,7257.0,11.630150199807083
Cambodia,KHM,2021,LDV,Electric,historical,412.0,8289.0,4.970442755459042
Cambodia,KHM,2021,LDV,Gasoline,historical,4543.0,8289.0,54.80757630594764
Cambodia,KHM,2021,LDV,HybridDiesel,historical,2373.0,8289.0,28.628302569670648
Cambodia,KHM,2021,LDV,NaturalGas,historical,961.0,8289.0,11.593678368922669
Cambodia,KHM,2022,LDV,Electric,historical,518.0,9449.0,5.482061593819452
Cambodia,KHM,2022,LDV,Gasoline,historical,5148.0,9449.0,54.48195576251455
Cambodia,KHM,2022,LDV,HybridDiesel,historical,2691.0,9449.0,28.47920414858715
Cambodia,KHM,2022,LDV,NaturalGas,historical,1092.0,9449.0,11.556778495078845
Cambodia,KHM,2023,LDV,Electric,historical,640.0,10755.0,5.95072059507206
Cambodia,KHM,2023,LDV,Gasoline,historical,5826.0,10755.0,54.17015341701534
Cambodia,KHM,2023,LDV,HybridDiesel,historical,3049.0,10755.0,28.349604834960484
Cambodia,KHM,2023,LDV,NaturalGas,historical,1240.0,10755.0,11.529521152952116
Cambodia,KHM,2024,LDV,Electric,historical,780.0,12221.0,6.382456427460928
Cambodia,KHM,2024,LDV,Gasoline,historical,6586.0,12221.0,53.890843629817525
Cambodia,KHM,2024,LDV,HybridDiesel,historical,3450.0,12221.0,28.230095736846412
Cambodia,KHM,2024,LDV,NaturalGas,historical,1405.0,12221.0,11.496604205875133
Cambodia,KHM,2025,Truck,Diesel,ATS,48466.73561967302,48466.73561967302,100.0
Cambodia,KHM,2026,Truck,Diesel,ATS,11478.124923771276,11478.124923771276,100.0
Cambodia,KHM,2027,Truck,Diesel,ATS,11981.784697863797,11981.784697863797,100.0
Cambodia,KHM,2028,Truck,Diesel,ATS,12345.291342849509,12345.291342849509,100.0
Cambodia,KHM,2029,Truck,Diesel,ATS,12587.915369065217,12587.915369065217,100.0
Cambodia,KHM,2030,Truck,Diesel,ATS,7066.77940781423,7066.77940781423,100.0
Cambodia,KHM,2031,Truck,Diesel,ATS,7066.77940781423,7066.77940781423,100.0
Cambodia,KHM,2032,Truck,Diesel,ATS,8954.82603026033,8954.82603026033,100.0
Cambodia,KHM,2033,Truck,Diesel,ATS,9732.104522162263,9732.104522162263,100.0
Cambodia,KHM,2034,Truck,Diesel,ATS,11059.300290439453,11059.300290439453,100.0
Cambodia,KHM,2035,Truck,Diesel,ATS,13886.207067106094,13886.207067106094,100.0
Cambodia,KHM,2036,Truck,Diesel,ATS,14352.130333764973,14352.130333764973,100.0
Cambodia,KHM,2037,Truck,Diesel,ATS,15531.760757622746,15531.760757622746,100.0
Cambodia,KHM,2038,Truck,Diesel,ATS,16723.923184615298,16723.923184615298,100.0
Cambodia,KHM,2039,Truck,Diesel,ATS,17454.309442280646,17454.309442280646,100.0
Cambodia,KHM,2040,Truck,Diesel,ATS,18252.35085134901,18252.35085134901,100.0
Cambodia,KHM,2041,Truck,Diesel,ATS,18591.2325804024,18591.2325804024,100.0
Cambodia,KHM,2042,Truck,Diesel,ATS,19136.530443159892,19136.530443159892,100.0
Cambodia,KHM,2043,Truck,Diesel,ATS,18379.896372951538,18379.896372951538,100.0
Cambodia,KHM,2044,Truck,Diesel,ATS,18474.84384777682,18474.84384777682,100.0
Cambodia,KHM,2045,Truck,Diesel,ATS,18560.451413682633,18560.451413682633,100.0
Cambodia,KHM,2046,Truck,Diesel,ATS,18274.910234150244,18274.910234150244,100.0
Cambodia,KHM,2047,Truck,Diesel,ATS,17786.964340965613,17786.964340965613,100.0
Cambodia,KHM,2048,Truck,Diesel,ATS,18208.02593982214,18208.02593982214,100.0
Cambodia,KHM,2049,Truck,Diesel,ATS,18856.788468542974,18856.788468542974,100.0
Cambodia,KHM,2050,Truck,Diesel,ATS,19605.56667515982,19605.56667515982,100.0
Cambodia,KHM,2051,Truck,Diesel,ATS,20415.353841018747,20415.353841018747,100.0
Cambodia,KHM,2052,Truck,Diesel,ATS,21416.858999200107,21416.858999200107,100.0
Cambodia,KHM,2053,Truck,Diesel,ATS,22260.475608287088,22260.475608287088,100.0
Cambodia,KHM,2054,Truck,Diesel,ATS,23095.265777370892,23095.265777370892,100.0
Cambodia,KHM,2055,Truck,Diesel,ATS,23803.497034706525,23803.497034706525,100.0
Cambodia,KHM,2056,Truck,Diesel,ATS,24393.357761509193,24393.357761509193,100.0
Cambodia,KHM,2057,Truck,Diesel,ATS,24836.04018377763,24836.04018377763,100.0
Cambodia,KHM,2058,Truck,Diesel,ATS,25204.0768212807,25204.0768212807,100.0
Cambodia,KHM,2059,Truck,Diesel,ATS,25533.344333285233,25533.344333285233,100.0
Cambodia,KHM,2060,Truck,Diesel,ATS,25840.14866314025,25840.14866314025,100.0
Cambodia,KHM,2025,Truck,Diesel,BAS,48466.73561967302,48466.73561967302,100.0
Cambodia,KHM,2026,Truck,Diesel,BAS,11478.124923771276,11478.124923771276,100.0
Cambodia,KHM,2027,Truck,Diesel,BAS,11981.784697863797,11981.784697863797,100.0
Cambodia,KHM,2028,Truck,Diesel,BAS,12345.291342849509,12345.291342849509,100.0
Cambodia,KHM,2029,Truck,Diesel,BAS,12587.915369065217,12587.915369065217,100.0
Cambodia,KHM,2030,Truck,Diesel,BAS,7066.77940781423,7066.77940781423,100.0
Cambodia,KHM,2031,Truck,Diesel,BAS,7066.77940781423,7066.77940781423,100.0
Cambodia,KHM,2032,Truck,Diesel,BAS,8954.82603026033,8954.82603026033,100.0
Cambodia,KHM,2033,Truck,Diesel,BAS,9732.104522162263,9732.104522162263,100.0
Cambodia,KHM,2034,Truck,Diesel,BAS,11059.300290439453,11059.300290439453,100.0
Cambodia,KHM,2035,Truck,Diesel,BAS,13886.207067106094,13886.207067106094,100.0
Cambodia,KHM,2036,Truck,Diesel,BAS,14352.130333764973,14352.130333764973,100.0
Cambodia,KHM,2037,Truck,Diesel,BAS,15531.760757622746,15531.760757622746,100.0
Cambodia,KHM,2038,Truck,Diesel,BAS,16723.923184615298,16723.923184615298,100.0
Cambodia,KHM,2039,Truck,Diesel,BAS,17454.309442280646,17454.309442280646,100.0
Cambodia,KHM,2040,Truck,Diesel,BAS,18252.35085134901,18252.35085134901,100.0
Cambodia,KHM,2041,Truck,Diesel,BAS,18591.2325804024,18591.2325804024,100.0
Cambodia,KHM,2042,Truck,Diesel,BAS,19136.530443159892,19136.530443159892,100.0
Cambodia,KHM,2043,Truck,Diesel,BAS,18379.896372951538,18379.896372951538,100.0
Cambodia,KHM,2044,Truck,Diesel,BAS,18474.84384777682,18474.84384777682,100.0
Cambodia,KHM,2045,Truck,Diesel,BAS,18560.451413682633,18560.451413682633,100.0
Cambodia,KHM,2046,Truck,Diesel,BAS,18274.910234150244,18274.910234150244,100.0
Cambodia,KHM,2047,Truck,Diesel,BAS,17786.964340965613,17786.964340965613,100.0
Cambodia,KHM,2048,Truck,Diesel,BAS,18208.02593982214,18208.02593982214,100.0
Cambodia,KHM,2049,Truck,Diesel,BAS,18856.788468542974,18856.788468542974,100.0
Cambodia,KHM,2050,Truck,Diesel,BAS,19605.56667515982,19605.56667515982,100.0
Cambodia,KHM,2051,Truck,Diesel,BAS,20415.353841018747,20415.353841018747,100.0
Cambodia,KHM,2052,Truck,Diesel,BAS,21416.858999200107,21416.858999200107,100.0
Cambodia,KHM,2053,Truck,Diesel,BAS,22260.475608287088,22260.475608287088,100.0
Cambodia,KHM,2054,Truck,Diesel,BAS,23095.265777370892,23095.265777370892,100.0
Cambodia,KHM,2055,Truck,Diesel,BAS,23803.497034706525,23803.497034706525,100.0
Cambodia,KHM,2056,Truck,Diesel,BAS,24393.357761509193,24393.357761509193,100.0
Cambodia,KHM,2057,Truck,Diesel,BAS,24836.04018377763,24836.04018377763,100.0
Cambodia,KHM,2058,Truck,Diesel,BAS,25204.0768212807,25204.0768212807,100.0
Cambodia,KHM,2059,Truck,Diesel,BAS,25533.344333285233,25533.344333285233,100.0
Cambodia,KHM,2060,Truck,Diesel,BAS,25840.14866314025,25840.14866314025,100.0
Cambodia,KHM,2025,Truck,Diesel,RAS,48466.73561967302,48466.73561967302,100.0
Cambodia,KHM,2026,Truck,Diesel,RAS,11464.744137044783,11478.124923771276,99.88342358342187
Cambodia,KHM,2026,Truck,Electric,RAS,13.380786726493517,11478.124923771276,0.1165764165781278
Cambodia,KHM,2027,Truck,Diesel,RAS,11951.962990406142,11981.784697863797,99.75110796755536
Cambodia,KHM,2027,Truck,Electric,RAS,29.821707457655023,11981.784697863797,0.24889203244464791
Cambodia,KHM,2028,Truck,Diesel,RAS,12296.088435126123,12345.291342849509,99.60144393229015
Cambodia,KHM,2028,Truck,Electric,RAS,49.20290772338666,12345.291342849509,0.3985560677098591
Cambodia,KHM,2029,Truck,Diesel,RAS,12516.518496454459,12587.915369065217,99.43281416725905
Cambodia,KHM,2029,Truck,Electric,RAS,71.39687261075935,12587.915369065217,0.5671858327409561
Cambodia,KHM,2030,Truck,Diesel,RAS,7013.329546393072,7066.77940781423,99.24364610331469
Cambodia,KHM,2030,Truck,Electric,RAS,53.449861421158545,7066.77940781423,0.7563538966853177
Cambodia,KHM,2031,Truck,Diesel,RAS,6998.406808670785,7066.77940781423,99.0324786554418
Cambodia,KHM,2031,Truck,Electric,RAS,68.37259914344573,7066.77940781423,0.9675213445581927
Cambodia,KHM,2032,Truck,Diesel,RAS,8847.192848672743,8954.82603026033,98.79804274003905
Cambodia,KHM,2032,Truck,Electric,RAS,107.63318158758717,8954.82603026033,1.2019572599609523
Cambodia,KHM,2033,Truck,Diesel,RAS,9589.952918271138,9732.104522162263,98.53935391294438
Cambodia,KHM,2033,Truck,Electric,RAS,142.1516038911256,9732.104522162263,1.4606460870556146
Cambodia,KHM,2034,Truck,Diesel,RAS,10866.40546737114,11059.300290439453,98.25581349631072
Cambodia,KHM,2034,Truck,Electric,RAS,192.89482306831326,11059.300290439453,1.7441865036892708
Cambodia,KHM,2035,Truck,Diesel,RAS,13601.16659556541,13886.207067106094,97.94731224903096
Cambodia,KHM,2035,Truck,Electric,RAS,285.0404715406836,13886.207067106094,2.0526877509690373
Cambodia,KHM,2036,Truck,Diesel,RAS,14009.735616244543,14352.130333764973,97.61432825958312
Cambodia,KHM,2036,Truck,Electric,RAS,342.3947175204296,14352.130333764973,2.3856717404168784
Cambodia,KHM,2037,Truck,Diesel,RAS,15105.881233576372,15531.760757622746,97.25800873003173
Cambodia,KHM,2037,Truck,Electric,RAS,425.87952404637275,15531.760757622746,2.7419912699682665
Cambodia,KHM,2038,Truck,Diesel,RAS,16202.17427983387,16723.923184615298,96.88022422118395
Cambodia,KHM,2038,Truck,Electric,RAS,521.7489047814302,16723.923184615298,3.119775778816052
Cambodia,KHM,2039,Truck,Diesel,RAS,16840.54336552023,17454.309442280646,96.48358430455201
Cambodia,KHM,2039,Truck,Electric,RAS,613.7660767604162,17454.309442280646,3.5164156954479844
Cambodia,KHM,2040,Truck,Diesel,RAS,17535.290061373016,18252.35085134901,96.07140583798828
Cambodia,KHM,2040,Truck,Electric,RAS,717.0607899759942,18252.35085134901,3.9285941620117235
Cambodia,KHM,2041,Truck,Diesel,RAS,17782.073228982204,18591.2325804024,95.64762934398897
Cambodia,KHM,2041,Truck,Electric,RAS,809.1593514201969,18591.2325804024,4.352370656011034
Cambodia,KHM,2042,Truck,Diesel,RAS,18221.169882858743,19136.530443159892,95.21668484775759
Cambodia,KHM,2042,Truck,Electric,RAS,915.3605603011483,19136.530443159892,4.783315152242408
Cambodia,KHM,2043,Truck,Diesel,RAS,17421.07510383023,18379.896372951538,94.78331515224241
Cambodia,KHM,2043,Truck,Electric,RAS,958.8212691213099,18379.896372951538,5.216684847757591
Cambodia,KHM,2044,Truck,Diesel,RAS,17431.453145373638,18474.84384777682,94.35237065601103
Cambodia,KHM,2044,Truck,Electric,RAS,1043.390702403184,18474.84384777682,5.647629343988966
Cambodia,KHM,2045,Truck,Diesel,RAS,17433.571082995328,18560.451413682633,93.92859416201172
Cambodia,KHM,2045,Truck,Electric,RAS,1126.8803306873049,18560.451413682633,6.0714058379882765
Cambodia,KHM,2046,Truck,Diesel,RAS,17090.04102253791,18274.910234150244,93.51641569544799
Cambodia,KHM,2046,Truck,Electric,RAS,1184.8692116123352,18274.910234150244,6.483584304552016
Cambodia,KHM,2047,Truck,Diesel,RAS,16563.181312165143,17786.964340965613,93.11977577881605
Cambodia,KHM,2047,Truck,Electric,RAS,1223.783028800468,17786.964340965613,6.880224221183949
Cambodia,KHM,2048,Truck,Diesel,RAS,16886.485827543405,18208.02593982214,92.74199126996827
Cambodia,KHM,2048,Truck,Electric,RAS,1321.5401122787332,18208.02593982214,7.258008730031733
Cambodia,KHM,2049,Truck,Diesel,RAS,17420.970695332897,18856.788468542974,92.38567174041688
Cambodia,KHM,2049,Truck,Electric,RAS,1435.8177732100792,18856.788468542974,7.6143282595831225
Cambodia,KHM,2050,Truck,Diesel,RAS,18047.451073292912,19605.56667515982,92.05268775096904
Cambodia,KHM,2050,Truck,Electric,RAS,1558.1156018669087,19605.56667515982,7.947312249030963
Cambodia,KHM,2051,Truck,Diesel,RAS,18729.900303292332,20415.353841018747,91.74418650368928
Cambodia,KHM,2051,Truck,Electric,RAS,1685.4535377264165,20415.353841018747,8.25581349631073
Cambodia,KHM,2052,Truck,Diesel,RAS,19587.99761222213,21416.858999200107,91.46064608705562
Cambodia,KHM,2052,Truck,Electric,RAS,1828.8613869779763,21416.858999200107,8.539353912944387
Cambodia,KHM,2053,Truck,Diesel,RAS,20301.989450134024,22260.475608287088,91.20195725996096
Cambodia,KHM,2053,Truck,Electric,RAS,1958.4861581530652,22260.475608287088,8.798042740039048
Cambodia,KHM,2054,Truck,Diesel,RAS,21009.190825612313,23095.265777370892,90.9675213445582
Cambodia,KHM,2054,Truck,Electric,RAS,2086.0749517585823,23095.265777370892,9.032478655441807
Cambodia,KHM,2055,Truck,Diesel,RAS,21603.18600860525,23803.497034706525,90.75635389668533
Cambodia,KHM,2055,Truck,Electric,RAS,2200.3110261012753,23803.497034706525,9.243646103314681
Cambodia,KHM,2056,Truck,Diesel,RAS,22092.377654711367,24393.357761509193,90.56718583274095
Cambodia,KHM,2056,Truck,Electric,RAS,2300.980106797822,24393.357761509193,9.43281416725904
Cambodia,KHM,2057,Truck,Diesel,RAS,22451.42171053117,24836.04018377763,90.39855606770986
Cambodia,KHM,2057,Truck,Electric,RAS,2384.6184732464585,24836.04018377763,9.601443932290142
Cambodia,KHM,2058,Truck,Diesel,RAS,22746.400078212027,25204.0768212807,90.24889203244464
Cambodia,KHM,2058,Truck,Electric,RAS,2457.6767430686746,25204.0768212807,9.751107967555352
Cambodia,KHM,2059,Truck,Diesel,RAS,23009.775757813008,25533.344333285233,90.11657641657813
Cambodia,KHM,2059,Truck,Electric,RAS,2523.568575472225,25533.344333285233,9.883423583421871
Cambodia,KHM,2060,Truck,Diesel,RAS,23256.133796826227,25840.14866314025,90.0
Cambodia,KHM,2060,Truck,Electric,RAS,2584.0148663140253,25840.14866314025,10.0
Cambodia,KHM,2006,Truck,HybridDiesel,historical,1858.0,1858.0,100.0
Cambodia,KHM,2006,Truck,NaturalGas,historical,0.0,1858.0,0.0
Cambodia,KHM,2007,Truck,HybridDiesel,historical,2004.0,2004.0,100.0
Cambodia,KHM,2007,Truck,NaturalGas,historical,0.0,2004.0,0.0
Cambodia,KHM,2008,Truck,HybridDiesel,historical,2160.0,2160.0,100.0
Cambodia,KHM,2008,Truck,NaturalGas,historical,0.0,2160.0,0.0
Cambodia,KHM,2009,Truck,HybridDiesel,historical,2328.0,2328.0,100.0
Cambodia,KHM,2009,Truck,NaturalGas,historical,0.0,2328.0,0.0
Cambodia,KHM,2010,Truck,HybridDiesel,historical,2508.0,2508.0,100.0
Cambodia,KHM,2010,Truck,NaturalGas,historical,0.0,2508.0,0.0
Cambodia,KHM,2011,Truck,HybridDiesel,historical,2702.0,2702.0,100.0
Cambodia,KHM,2011,Truck,NaturalGas,historical,0.0,2702.0,0.0
Cambodia,KHM,2012,Truck,HybridDiesel,historical,2910.0,2910.0,100.0
Cambodia,KHM,2012,Truck,NaturalGas,historical,0.0,2910.0,0.0
Cambodia,KHM,2013,Truck,HybridDiesel,historical,3133.0,3133.0,100.0
Cambodia,KHM,2013,Truck,NaturalGas,historical,0.0,3133.0,0.0
Cambodia,KHM,2014,Truck,HybridDiesel,historical,3373.0,3373.0,100.0
Cambodia,KHM,2014,Truck,NaturalGas,historical,0.0,3373.0,0.0
Cambodia,KHM,2015,Truck,HybridDiesel,historical,3630.0,3630.0,100.0
Cambodia,KHM,2015,Truck,NaturalGas,historical,0.0,3630.0,0.0
Cambodia,KHM,2016,Truck,HybridDiesel,historical,3905.0,3905.0,100.0
Cambodia,KHM,2016,Truck,NaturalGas,historical,0.0,3905.0,0.0
Cambodia,KHM,2017,Truck,HybridDiesel,historical,4200.0,4200.0,100.0
Cambodia,KHM,2017,Truck,NaturalGas,historical,0.0,4200.0,0.0
Cambodia,KHM,2018,Truck,HybridDiesel,historical,4517.0,4517.0,100.0
Cambodia,KHM,2018,Truck,NaturalGas,historical,0.0,4517.0,0.0
Cambodia,KHM,2019,Truck,HybridDiesel,historical,4855.0,4855.0,100.0
Cambodia,KHM,2019,Truck,NaturalGas,historical,0.0,4855.0,0.0
Cambodia,KHM,2020,Truck,HybridDiesel,historical,5218.0,5218.0,100.0
Cambodia,KHM,2020,Truck,NaturalGas,historical,0.0,5218.0,0.0
Cambodia,KHM,2021,Truck,HybridDiesel,historical,5606.0,5606.0,100.0
Cambodia,KHM,2021,Truck,NaturalGas,historical,0.0,5606.0,0.0
Cambodia,KHM,2022,Truck,HybridDiesel,historical,6020.0,6020.0,100.0
Cambodia,KHM,2022,Truck,NaturalGas,historical,0.0,6020.0,0.0
Cambodia,KHM,2023,Truck,HybridDiesel,historical,6464.0,6464.0,100.0
Cambodia,KHM,2023,Truck,NaturalGas,historical,0.0,6464.0,0.0
Cambodia,KHM,2024,Truck,HybridDiesel,historical,6937.0,6937.0,100.0
Cambodia,KHM,2024,Truck,NaturalGas,historical,0.0,6937.0,0.0
Indonesia,IDN,2025,2W,Electric,ATS,1332580.1209119011,107965514.27873497,1.234264598111925
Indonesia,IDN,2025,2W,Gasoline,ATS,106632934.15782307,107965514.27873497,98.76573540188808
Indonesia,IDN,2026,2W,Electric,ATS,155101.10037202263,5276071.378078818,2.93970815134233
Indonesia,IDN,2026,2W,Gasoline,ATS,5120970.277706796,5276071.378078818,97.06029184865767
Indonesia,IDN,2027,2W,Electric,ATS,229335.55954802147,4823831.65912199,4.754219793602084
Indonesia,IDN,2027,2W,Gasoline,ATS,4594496.099573969,4823831.65912199,95.24578020639792
Indonesia,IDN,2028,2W,Electric,ATS,299231.6617710741,4495206.092756718,6.656683933874278
Indonesia,IDN,2028,2W,Gasoline,ATS,4195974.430985644,4495206.092756718,93.34331606612572
Indonesia,IDN,2029,2W,Electric,ATS,394281.7124610223,4573527.3461892605,8.620954519700083
Indonesia,IDN,2029,2W,Gasoline,ATS,4179245.633728238,4573527.3461892605,91.37904548029991
Indonesia,IDN,2030,2W,Electric,ATS,438496.40690019046,4130083.2894319296,10.617132299055964
Indonesia,IDN,2030,2W,Gasoline,ATS,3691586.8825317393,4130083.2894319296,89.38286770094403
Indonesia,IDN,2031,2W,Electric,ATS,550815.1789889111,4366936.003037393,12.61331007841185
Indonesia,IDN,2031,2W,Gasoline,ATS,3816120.8240484823,4366936.003037393,87.38668992158816
Indonesia,IDN,2032,2W,Electric,ATS,698768.7327037783,4793447.889594108,14.577580664237649
Indonesia,IDN,2032,2W,Gasoline,ATS,4094679.15689033,4793447.889594108,85.42241933576236
Indonesia,IDN,2033,2W,Electric,ATS,882518.4337778875,5355073.024658173,16.480044804509845
Indonesia,IDN,2033,2W,Gasoline,ATS,4472554.590880286,5355073.024658173,83.51995519549016
Indonesia,IDN,2034,2W,Electric,ATS,1449828.892764832,7924919.617391646,18.294556446769597
Indonesia,IDN,2034,2W,Gasoline,ATS,6475090.724626814,7924919.617391646,81.70544355323041
Indonesia,IDN,2035,2W,Electric,ATS,2788262.744359565,13941313.721797824,20.0
Indonesia,IDN,2035,2W,Gasoline,ATS,11153050.97743826,13941313.721797824,80.0
Indonesia,IDN,2036,2W,Electric,ATS,2875612.9540603976,13324749.639319867,21.580990501876155
Indonesia,IDN,2036,2W,Gasoline,ATS,10449136.685259469,13324749.639319867,78.41900949812384
Indonesia,IDN,2037,2W,Electric,ATS,3350736.6108919205,14550710.080884516,23.027993769828683
Indonesia,IDN,2037,2W,Gasoline,ATS,11199973.469992597,14550710.080884516,76.97200623017132
Indonesia,IDN,2038,2W,Electric,ATS,3821209.457723147,15701265.404340833,24.336952209385114
Indonesia,IDN,2038,2W,Gasoline,ATS,11880055.946617687,15701265.404340833,75.6630477906149
Indonesia,IDN,2039,2W,Electric,ATS,4023292.3600415927,15772325.057870537,25.508555937565667
Indonesia,IDN,2039,2W,Gasoline,ATS,11749032.697828945,15772325.057870537,74.49144406243433
Indonesia,IDN,2040,2W,Electric,ATS,4452198.300179674,16770804.632192463,26.54731479987215
Indonesia,IDN,2040,2W,Gasoline,ATS,12318606.332012787,16770804.632192463,73.45268520012785
Indonesia,IDN,2041,2W,Electric,ATS,4566847.750896485,16630563.038182288,27.460572082925932
Indonesia,IDN,2041,2W,Gasoline,ATS,12063715.287285803,16630563.038182288,72.53942791707406
Indonesia,IDN,2042,2W,Electric,ATS,4656564.450377289,16478999.480611295,28.257567796249194
Indonesia,IDN,2042,2W,Gasoline,ATS,11822435.030234005,16478999.480611295,71.74243220375081
Indonesia,IDN,2043,2W,Electric,ATS,3865227.476338158,13352026.390191972,28.948620706572648
Indonesia,IDN,2043,2W,Gasoline,ATS,9486798.913853815,13352026.390191972,71.05137929342735
Indonesia,IDN,2044,2W,Electric,ATS,3699907.5863557984,12523184.465462536,29.544462884498003
Indonesia,IDN,2044,2W,Gasoline,ATS,8823276.879106738,12523184.465462536,70.455537115502
Indonesia,IDN,2045,2W,Electric,ATS,3608763.6019317866,12006905.915549785,30.055733153186324
Indonesia,IDN,2045,2W,Gasoline,ATS,8398142.313617999,12006905.915549785,69.94426684681368
Indonesia,IDN,2046,2W,Electric,ATS,3505555.3845500746,11496406.81470564,30.49261774614604
Indonesia,IDN,2046,2W,Gasoline,ATS,7990851.430155565,11496406.81470564,69.50738225385396
Indonesia,IDN,2047,2W,Electric,ATS,2985220.0985770393,9671981.77183947,30.86461667316908
Indonesia,IDN,2047,2W,Gasoline,ATS,6686761.673262429,9671981.77183947,69.13538332683092
Indonesia,IDN,2048,2W,Electric,ATS,3065297.185046532,9830842.866051733,31.180410742111857
Indonesia,IDN,2048,2W,Gasoline,ATS,6765545.681005202,9830842.866051733,68.81958925788815
Indonesia,IDN,2049,2W,Electric,ATS,3292798.747040804,10470679.19201523,31.447804737937524
Indonesia,IDN,2049,2W,Gasoline,ATS,7177880.444974428,10470679.19201523,68.55219526206248
Indonesia,IDN,2050,2W,Electric,ATS,3564455.396788585,11253666.518380791,31.673725100763416
Indonesia,IDN,2050,2W,Gasoline,ATS,7689211.121592206,11253666.518380791,68.32627489923658
Indonesia,IDN,2051,2W,Electric,ATS,3895283.2827175413,12224617.756560981,31.864254247352097
Indonesia,IDN,2051,2W,Gasoline,ATS,8329334.47384344,12224617.756560981,68.1357457526479
Indonesia,IDN,2052,2W,Electric,ATS,4228545.630805735,13204018.362574428,32.024687596551345
Indonesia,IDN,2052,2W,Gasoline,ATS,8975472.731768694,13204018.362574428,67.97531240344865
Indonesia,IDN,2053,2W,Electric,ATS,4460464.246669419,13799628.961447924,32.32307375169749
Indonesia,IDN,2053,2W,Gasoline,ATS,9339164.714778505,13799628.961447924,67.67692624830251
Indonesia,IDN,2054,2W,Electric,ATS,4756944.79461533,14282638.052072585,33.305785508756486
Indonesia,IDN,2054,2W,Gasoline,ATS,9525693.257457253,14282638.052072585,66.69421449124351
Indonesia,IDN,2055,2W,Electric,ATS,4990807.490418824,14576457.575401813,34.238822873130395
Indonesia,IDN,2055,2W,Gasoline,ATS,9585650.084982987,14576457.575401813,65.7611771268696
Indonesia,IDN,2056,2W,Electric,ATS,5127637.183233125,14599688.899857193,35.121551002934595
Indonesia,IDN,2056,2W,Gasoline,ATS,9472051.716624068,14599688.899857193,64.87844899706539
Indonesia,IDN,2057,2W,Electric,ATS,5150955.256833419,14326564.430267692,35.953876324675655
Indonesia,IDN,2057,2W,Gasoline,ATS,9175609.173434272,14326564.430267692,64.04612367532435
Indonesia,IDN,2058,2W,Electric,ATS,5129447.178832953,13962926.50745359,36.73618976720093
Indonesia,IDN,2058,2W,Gasoline,ATS,8833479.328620639,13962926.50745359,63.26381023279908
Indonesia,IDN,2059,2W,Electric,ATS,5076728.361334676,13549032.33681205,37.46930581560025
Indonesia,IDN,2059,2W,Gasoline,ATS,8472303.975477375,13549032.33681205,62.53069418439976
Indonesia,IDN,2060,2W,Electric,ATS,5001759.818426114,13109260.84128204,38.154399999999995
Indonesia,IDN,2060,2W,Gasoline,ATS,8107501.022855925,13109260.84128204,61.8456
Indonesia,IDN,2025,2W,Electric,BAS,1332580.1209119011,107965514.27873497,1.234264598111925
Indonesia,IDN,2025,2W,Gasoline,BAS,106632934.15782307,107965514.27873497,98.76573540188808
Indonesia,IDN,2026,2W,Electric,BAS,101266.73936674047,5276071.378078818,1.9193587825116734
Indonesia,IDN,2026,2W,Gasoline,BAS,5174804.638712078,5276071.378078818,98.08064121748833
Indonesia,IDN,2027,2W,Electric,BAS,127950.9206437268,4823831.65912199,2.65247483091099
Indonesia,IDN,2027,2W,Gasoline,BAS,4695880.738478264,4823831.65912199,97.34752516908901
Indonesia,IDN,2028,2W,Electric,BAS,154400.81174080048,4495206.092756718,3.4347882734362694
Indonesia,IDN,2028,2W,Gasoline,BAS,4340805.281015918,4495206.092756718,96.56521172656373
Indonesia,IDN,2029,2W,Electric,BAS,195157.60716839513,4573527.3461892605,4.267113595177335
Indonesia,IDN,2029,2W,Gasoline,BAS,4378369.739020865,4573527.3461892605,95.73288640482266
Indonesia,IDN,2030,2W,Electric,BAS,212692.75251565472,4130083.2894319296,5.149841724981519
Indonesia,IDN,2030,2W,Gasoline,BAS,3917390.536916275,4130083.2894319296,94.85015827501849
Indonesia,IDN,2031,2W,Electric,BAS,265635.4369742953,4366936.003037393,6.082879089355427
Indonesia,IDN,2031,2W,Gasoline,BAS,4101300.5660630977,4366936.003037393,93.91712091064457
Indonesia,IDN,2032,2W,Electric,BAS,338685.4153148072,4793447.889594108,7.065590846414435
Indonesia,IDN,2032,2W,Gasoline,BAS,4454762.4742793,4793447.889594108,92.93440915358556
Indonesia,IDN,2033,2W,Electric,BAS,433586.9405806766,5355073.024658173,8.096751222330035
Indonesia,IDN,2033,2W,Gasoline,BAS,4921486.084077497,5355073.024658173,91.90324877766997
Indonesia,IDN,2034,2W,Electric,BAS,727072.0712177071,7924919.617391646,9.17450404950619
Indonesia,IDN,2034,2W,Gasoline,BAS,7197847.546173939,7924919.617391646,90.8254959504938
Indonesia,IDN,2035,2W,Electric,BAS,1435444.5879808166,13941313.721797824,10.296336605182619
Indonesia,IDN,2035,2W,Gasoline,BAS,12505869.133817008,13941313.721797824,89.70366339481738
Indonesia,IDN,2036,2W,Electric,BAS,1526892.3394237566,13324749.639319867,11.45906963173301
Indonesia,IDN,2036,2W,Gasoline,BAS,11797857.29989611,13324749.639319867,88.54093036826698
Indonesia,IDN,2037,2W,Electric,BAS,1841954.8853752161,14550710.080884516,12.658865960053864
Indonesia,IDN,2037,2W,Gasoline,BAS,12708755.1955093,14550710.080884516,87.34113403994613
Indonesia,IDN,2038,2W,Electric,BAS,2181103.5143251363,15701265.404340833,13.891259450478048
Indonesia,IDN,2038,2W,Gasoline,BAS,13520161.890015697,15701265.404340833,86.10874054952195
Indonesia,IDN,2039,2W,Electric,BAS,2389697.3080256125,15772325.057870537,15.151205033230857
Indonesia,IDN,2039,2W,Gasoline,BAS,13382627.749844925,15772325.057870537,84.84879496676915
Indonesia,IDN,2040,2W,Electric,BAS,2755971.401420328,16770804.632192463,16.433149523011508
Indonesia,IDN,2040,2W,Gasoline,BAS,14014833.230772136,16770804.632192463,83.56685047698849
Indonesia,IDN,2041,2W,Electric,BAS,2948785.367967187,16630563.038182288,17.73112167758265
Indonesia,IDN,2041,2W,Gasoline,BAS,13681777.670215102,16630563.038182288,82.26887832241736
Indonesia,IDN,2042,2W,Electric,BAS,3137410.141572897,16478999.480611295,19.038838767270313
Indonesia,IDN,2042,2W,Gasoline,BAS,13341589.3390384,16478999.480611295,80.9611612327297
Indonesia,IDN,2043,2W,Electric,BAS,2717114.115292075,13352026.390191972,20.349825830841613
Indonesia,IDN,2043,2W,Gasoline,BAS,10634912.274899898,13352026.390191972,79.65017416915839
Indonesia,IDN,2044,2W,Electric,BAS,2712214.0506246043,12523184.465462536,21.65754292052928
Indonesia,IDN,2044,2W,Gasoline,BAS,9810970.414837932,12523184.465462536,78.34245707947073
Indonesia,IDN,2045,2W,Electric,BAS,2756247.0974971545,12006905.915549785,22.955515075100415
Indonesia,IDN,2045,2W,Gasoline,BAS,9250658.818052629,12006905.915549785,77.04448492489956
Indonesia,IDN,2046,2W,Electric,BAS,2786436.953128512,11496406.81470564,24.237459564881075
Indonesia,IDN,2046,2W,Gasoline,BAS,8709969.861577129,11496406.81470564,75.76254043511894
Indonesia,IDN,2047,2W,Electric,BAS,2466104.378171208,9671981.77183947,25.497405147633884
Indonesia,IDN,2047,2W,Gasoline,BAS,7205877.393668262,9671981.77183947,74.50259485236612
Indonesia,IDN,2048,2W,Electric,BAS,2627764.5025195247,9830842.866051733,26.729798638058067
Indonesia,IDN,2048,2W,Gasoline,BAS,7203078.363532209,9830842.866051733,73.27020136194193
Indonesia,IDN,2049,2W,Electric,BAS,2924418.2885587704,10470679.19201523,27.929594966378918
Indonesia,IDN,2049,2W,Gasoline,BAS,7546260.90345646,10470679.19201523,72.07040503362107
Indonesia,IDN,2050,2W,Electric,BAS,3273953.574757808,11253666.518380791,29.092327992929306
Indonesia,IDN,2050,2W,Gasoline,BAS,7979712.943622984,11253666.518380791,70.9076720070707
Indonesia,IDN,2051,2W,Electric,BAS,3693565.6354206987,12224617.756560981,30.21416054860573
Indonesia,IDN,2051,2W,Gasoline,BAS,8531052.121140283,12224617.756560981,69.78583945139427
Indonesia,IDN,2052,2W,Electric,BAS,4131789.988139124,13204018.362574428,31.29191337578189
Indonesia,IDN,2052,2W,Gasoline,BAS,9072228.374435304,13204018.362574428,68.70808662421811
Indonesia,IDN,2053,2W,Electric,BAS,4460464.246669419,13799628.961447924,32.32307375169749
Indonesia,IDN,2053,2W,Gasoline,BAS,9339164.714778505,13799628.961447924,67.67692624830251
Indonesia,IDN,2054,2W,Electric,BAS,4756944.79461533,14282638.052072585,33.305785508756486
Indonesia,IDN,2054,2W,Gasoline,BAS,9525693.257457253,14282638.052072585,66.69421449124351
Indonesia,IDN,2055,2W,Electric,BAS,4990807.490418824,14576457.575401813,34.238822873130395
Indonesia,IDN,2055,2W,Gasoline,BAS,9585650.084982987,14576457.575401813,65.7611771268696
Indonesia,IDN,2056,2W,Electric,BAS,5127637.183233125,14599688.899857193,35.121551002934595
Indonesia,IDN,2056,2W,Gasoline,BAS,9472051.716624068,14599688.899857193,64.87844899706539
Indonesia,IDN,2057,2W,Electric,BAS,5150955.256833419,14326564.430267692,35.953876324675655
Indonesia,IDN,2057,2W,Gasoline,BAS,9175609.173434272,14326564.430267692,64.04612367532435
Indonesia,IDN,2058,2W,Electric,BAS,5129447.178832953,13962926.50745359,36.73618976720093
Indonesia,IDN,2058,2W,Gasoline,BAS,8833479.328620639,13962926.50745359,63.26381023279908
Indonesia,IDN,2059,2W,Electric,BAS,5076728.361334676,13549032.33681205,37.46930581560025
Indonesia,IDN,2059,2W,Gasoline,BAS,8472303.975477375,13549032.33681205,62.53069418439976
Indonesia,IDN,2060,2W,Electric,BAS,5001759.818426114,13109260.84128204,38.154399999999995
Indonesia,IDN,2060,2W,Gasoline,BAS,8107501.022855925,13109260.84128204,61.8456
Indonesia,IDN,2025,2W,Electric,RAS,1332580.1209119011,107965514.27873497,1.234264598111925
Indonesia,IDN,2025,2W,Gasoline,RAS,106632934.15782307,107965514.27873497,98.76573540188808
Indonesia,IDN,2026,2W,Electric,RAS,433555.5289393614,5276071.378078818,8.217393167588883
Indonesia,IDN,2026,2W,Gasoline,RAS,4842515.849139457,5276071.378078818,91.78260683241112
Indonesia,IDN,2027,2W,Electric,RAS,812031.9083100714,4823831.65912199,16.83375303477886
Indonesia,IDN,2027,2W,Gasoline,RAS,4011799.750811919,4823831.65912199,83.16624696522115
Indonesia,IDN,2028,2W,Electric,RAS,1214538.5683901177,4495206.092756718,27.018529147020555
Indonesia,IDN,2028,2W,Gasoline,RAS,3280667.5243666014,4495206.092756718,72.98147085297946
Indonesia,IDN,2029,2W,Electric,RAS,1759149.1517435822,4573527.3461892605,38.463728728097244
Indonesia,IDN,2029,2W,Gasoline,RAS,2814378.194445679,4573527.3461892605,61.53627127190276
Indonesia,IDN,2030,2W,Electric,RAS,2090529.722672962,4130083.2894319296,50.61713229905595
Indonesia,IDN,2030,2W,Gasoline,RAS,2039553.5667589682,4130083.2894319296,49.382867700944054
Indonesia,IDN,2031,2W,Electric,RAS,2741149.1302071717,4366936.003037393,62.77053587001467
Indonesia,IDN,2031,2W,Gasoline,RAS,1625786.8728302221,4366936.003037393,37.229464129985345
Indonesia,IDN,2032,2W,Electric,RAS,3557492.6047270847,4793447.889594108,74.21573545109136
Indonesia,IDN,2032,2W,Gasoline,RAS,1235955.2848670236,4793447.889594108,25.784264548908652
Indonesia,IDN,2033,2W,Electric,RAS,4519709.027401549,5355073.024658173,84.40051156333303
Indonesia,IDN,2033,2W,Gasoline,RAS,835363.9972566247,5355073.024658173,15.599488436666986
Indonesia,IDN,2034,2W,Electric,RAS,7371512.291481483,7924919.617391646,93.01687143052301
Indonesia,IDN,2034,2W,Gasoline,RAS,553407.3259101637,7924919.617391646,6.983128569477004
Indonesia,IDN,2035,2W,Electric,RAS,13941313.721797824,13941313.721797824,100.0
Indonesia,IDN,2035,2W,Gasoline,RAS,1.5477967487462578e-09,13941313.721797824,1.1102230246251565e-14
Indonesia,IDN,2036,2W,Electric,RAS,13324749.639319867,13324749.639319867,100.0
Indonesia,IDN,2036,2W,Gasoline,RAS,1.4793443846938666e-09,13324749.639319867,1.1102230246251565e-14
Indonesia,IDN,2037,2W,Electric,RAS,14550710.080884516,14550710.080884516,100.0
Indonesia,IDN,2037,2W,Gasoline,RAS,1.6154533356443364e-09,14550710.080884516,1.1102230246251565e-14
Indonesia,IDN,2038,2W,Electric,RAS,15701265.404340833,15701265.404340833,100.0
Indonesia,IDN,2038,2W,Gasoline,RAS,1.7431906367649612e-09,15701265.404340833,1.1102230246251565e-14
Indonesia,IDN,2039,2W,Electric,RAS,15772325.057870537,15772325.057870537,100.0
Indonesia,IDN,2039,2W,Gasoline,RAS,1.7510798431120175e-09,15772325.057870537,1.1102230246251565e-14
Indonesia,IDN,2040,2W,Electric,RAS,16770804.632192463,16770804.632192463,100.0
Indonesia,IDN,2040,2W,Gasoline,RAS,1.8619333444150302e-09,16770804.632192463,1.1102230246251565e-14
Indonesia,IDN,2041,2W,Electric,RAS,16630563.038182288,16630563.038182288,100.0
Indonesia,IDN,2041,2W,Gasoline,RAS,1.8463633997470073e-09,16630563.038182288,1.1102230246251565e-14
Indonesia,IDN,2042,2W,Electric,RAS,16478999.480611295,16478999.480611295,100.0
Indonesia,IDN,2042,2W,Gasoline,RAS,1.8295364646160655e-09,16478999.480611295,1.1102230246251565e-14
Indonesia,IDN,2043,2W,Electric,RAS,13352026.390191972,13352026.390191972,100.0
Indonesia,IDN,2043,2W,Gasoline,RAS,1.4823727123793842e-09,13352026.390191972,1.1102230246251565e-14
Indonesia,IDN,2044,2W,Electric,RAS,12523184.465462536,12523184.465462536,100.0
Indonesia,IDN,2044,2W,Gasoline,RAS,1.390352773518459e-09,12523184.465462536,1.1102230246251565e-14
Indonesia,IDN,2045,2W,Electric,RAS,12006905.915549785,12006905.915549785,100.0
Indonesia,IDN,2045,2W,Gasoline,RAS,1.3330343401951367e-09,12006905.915549785,1.1102230246251565e-14
Indonesia,IDN,2046,2W,Electric,RAS,11496406.81470564,11496406.81470564,100.0
Indonesia,IDN,2046,2W,Gasoline,RAS,1.2763575546143757e-09,11496406.81470564,1.1102230246251565e-14
Indonesia,IDN,2047,2W,Electric,RAS,9671981.77183947,9671981.77183947,100.0
Indonesia,IDN,2047,2W,Gasoline,RAS,1.0738056856850997e-09,9671981.77183947,1.1102230246251565e-14
Indonesia,IDN,2048,2W,Electric,RAS,9830842.866051733,9830842.866051733,100.0
Indonesia,IDN,2048,2W,Gasoline,RAS,1.0914428101362598e-09,9830842.866051733,1.1102230246251565e-14
Indonesia,IDN,2049,2W,Electric,RAS,10470679.19201523,10470679.19201523,100.0
Indonesia,IDN,2049,2W,Gasoline,RAS,1.162478912243884e-09,10470679.19201523,1.1102230246251565e-14
Indonesia,IDN,2050,2W,Electric,RAS,11253666.518380791,11253666.518380791,100.0
Indonesia,IDN,2050,2W,Gasoline,RAS,1.2494079680159577e-09,11253666.518380791,1.1102230246251565e-14
Indonesia,IDN,2051,2W,Electric,RAS,12224617.756560981,12224617.756560981,100.0
Indonesia,IDN,2051,2W,Gasoline,RAS,1.3572052100575528e-09,12224617.756560981,1.1102230246251565e-14
Indonesia,IDN,2052,2W,Electric,RAS,13204018.362574428,13204018.362574428,100.0
Indonesia,IDN,2052,2W,Gasoline,RAS,1.4659405203703489e-09,13204018.362574428,1.1102230246251565e-14
Indonesia,IDN,2053,2W,Electric,RAS,13799628.961447924,13799628.961447924,100.0
Indonesia,IDN,2053,2W,Gasoline,RAS,1.5320665804283622e-09,13799628.961447924,1.1102230246251565e-14
Indonesia,IDN,2054,2W,Electric,RAS,14282638.052072585,14282638.052072585,100.0
Indonesia,IDN,2054,2W,Gasoline,RAS,1.585691361779838e-09,14282638.052072585,1.1102230246251565e-14
Indonesia,IDN,2055,2W,Electric,RAS,14576457.575401813,14576457.575401813,100.0
Indonesia,IDN,2055,2W,Gasoline,RAS,1.6183118817682876e-09,14576457.575401813,1.1102230246251565e-14
Indonesia,IDN,2056,2W,Electric,RAS,14599688.899857193,14599688.899857193,100.0
Indonesia,IDN,2056,2W,Gasoline,RAS,1.6208910768985777e-09,14599688.899857193,1.1102230246251565e-14
Indonesia,IDN,2057,2W,Electric,RAS,14326564.430267692,14326564.430267692,100.0
Indonesia,IDN,2057,2W,Gasoline,RAS,1.590568169425898e-09,14326564.430267692,1.1102230246251565e-14
Indonesia,IDN,2058,2W,Electric,RAS,13962926.50745359,13962926.50745359,100.0
Indonesia,IDN,2058,2W,Gasoline,RAS,1.5501962499723899e-09,13962926.50745359,1.1102230246251565e-14
Indonesia,IDN,2059,2W,Electric,RAS,13549032.33681205,13549032.33681205,100.0
Indonesia,IDN,2059,2W,Gasoline,RAS,1.5042447661719526e-09,13549032.33681205,1.1102230246251565e-14
Indonesia,IDN,2060,2W,Electric,RAS,13109260.84128204,13109260.84128204,100.0
Indonesia,IDN,2060,2W,Gasoline,RAS,1.455420322180827e-09,13109260.84128204,1.1102230246251565e-14
Indonesia,IDN,2019,2W,Electric,historical,0.0,5596771.68137978,0.0
Indonesia,IDN,2019,2W,Gasoline,historical,5596771.68137978,5596771.68137978,100.00000000000001
Indonesia,IDN,2020,2W,Electric,historical,48007.2,5812682.031821174,0.8259044574808584
Indonesia,IDN,2020,2W,Gasoline,historical,5764674.831821173,5812682.031821174,99.17409554251914
Indonesia,IDN,2021,2W,Electric,historical,49304.7,5986919.776775809,0.8235403485989671
Indonesia,IDN,2021,2W,Gasoline,historical,5937615.076775809,5986919.776775809,99.17645965140102
Indonesia,IDN,2022,2W,Electric,historical,51899.68,6167643.209079083,0.8414831766468113
Indonesia,IDN,2022,2W,Gasoline,historical,6115743.529079083,6167643.209079083,99.1585168233532
Indonesia,IDN,2023,2W,Electric,historical,64874.6,6364090.434951455,1.019385262718927
Indonesia,IDN,2023,2W,Gasoline,historical,6299215.834951456,6364090.434951455,98.98061473728107
Indonesia,IDN,2024,2W,Electric,historical,81082.23,6569274.54,1.234264598111925
Indonesia,IDN,2024,2W,Gasoline,historical,6488192.31,6569274.54,98.76573540188808
Indonesia,IDN,2025,Bus,Diesel,ATS,279048.5471281753,285328.4739230032,97.799053593045
Indonesia,IDN,2025,Bus,Electric,ATS,6279.926794827847,285328.4739230032,2.2009464069549907
Indonesia,IDN,2026,Bus,Diesel,ATS,15966.321696717629,16352.07756626996,97.64093664557925
Indonesia,IDN,2026,Bus,Electric,ATS,385.75586955233126,16352.07756626996,2.3590633544207513
Indonesia,IDN,2027,Bus,Diesel,ATS,16326.053242965285,16749.524975404725,97.47173885192998
Indonesia,IDN,2027,Bus,Electric,ATS,423.4717324394398,16749.524975404725,2.5282611480700052
Indonesia,IDN,2028,Bus,Diesel,ATS,16815.574544697458,17283.552934471692,97.29234844508817
Indonesia,IDN,2028,Bus,Electric,ATS,467.97838977423265,17283.552934471692,2.7076515549118336
Indonesia,IDN,2029,Bus,Diesel,ATS,17757.472821803327,18287.065398908802,97.10400457616849
Indonesia,IDN,2029,Bus,Electric,ATS,529.5925771054743,18287.065398908802,2.8959954238315095
Indonesia,IDN,2030,Bus,Diesel,ATS,16762.497090403107,17297.280171714607,96.9082822501424
Indonesia,IDN,2030,Bus,Electric,ATS,534.7830813114986,17297.280171714607,3.0917177498575934
Indonesia,IDN,2031,Bus,Diesel,ATS,17453.80152816049,18048.116508180625,96.70705261820117
Indonesia,IDN,2031,Bus,Electric,ATS,594.3149800201359,18048.116508180625,3.2929473817988275
Indonesia,IDN,2032,Bus,Diesel,ATS,18455.539480866915,19124.43192642537,96.50241927116167
Indonesia,IDN,2032,Bus,Electric,ATS,668.892445558457,19124.43192642537,3.4975807288383205
Indonesia,IDN,2033,Bus,Diesel,ATS,19836.995190571866,20599.884232988115,96.29663432188333
Indonesia,IDN,2033,Bus,Electric,ATS,762.8890424162495,20599.884232988115,3.7033656781166706
Indonesia,IDN,2034,Bus,Diesel,ATS,26588.2869232695,27669.61521618237,96.09200097484384
Indonesia,IDN,2034,Bus,Electric,ATS,1081.3282929128684,27669.61521618237,3.9079990251561627
Indonesia,IDN,2035,Bus,Diesel,ATS,42433.5998019563,44252.016338689136,95.89077134290261
Indonesia,IDN,2035,Bus,Electric,ATS,1818.416536732837,44252.016338689136,4.109228657097399
Indonesia,IDN,2036,Bus,Diesel,ATS,41499.43178700411,43366.33108332008,95.69504901687652
Indonesia,IDN,2036,Bus,Electric,ATS,1866.899296315972,43366.33108332008,4.304950983123482
Indonesia,IDN,2037,Bus,Diesel,ATS,45707.285042465664,47857.671324392315,95.50670514795685
Indonesia,IDN,2037,Bus,Electric,ATS,2150.386281926654,47857.671324392315,4.4932948520431575
Indonesia,IDN,2038,Bus,Diesel,ATS,49973.603873915905,52423.17378773505,95.32731474111502
Indonesia,IDN,2038,Bus,Electric,ATS,2449.5699138191535,52423.17378773505,4.672685258884985
Indonesia,IDN,2039,Bus,Diesel,ATS,51695.8420200649,54326.25579235115,95.15811694746577
Indonesia,IDN,2039,Bus,Electric,ATS,2630.4137722862515,54326.25579235115,4.84188305253424
Indonesia,IDN,2040,Bus,Diesel,ATS,55920.34975908216,58871.76007642783,94.98671296133473
Indonesia,IDN,2040,Bus,Electric,ATS,2951.4103173456774,58871.76007642783,5.01328703866528
Indonesia,IDN,2041,Bus,Diesel,ATS,57513.12894024147,60702.08799884911,94.74654140617355
Indonesia,IDN,2041,Bus,Electric,ATS,3188.9590586076392,60702.08799884911,5.253458593826461
Indonesia,IDN,2042,Bus,Diesel,ATS,59187.79893193323,62629.56490530621,94.50456668735154
Indonesia,IDN,2042,Bus,Electric,ATS,3441.765973372989,62629.56490530621,5.495433312648465
Indonesia,IDN,2043,Bus,Diesel,ATS,53217.278351270565,56456.77552342811,94.26198690569349
Indonesia,IDN,2043,Bus,Electric,ATS,3239.4971721575457,56456.77552342811,5.738013094306525
Indonesia,IDN,2044,Bus,Diesel,ATS,52829.82177652968,56189.975461316295,94.02001218687148
Indonesia,IDN,2044,Bus,Electric,ATS,3360.1536847866246,56189.975461316295,5.979987813128528
Indonesia,IDN,2045,Bus,Diesel,ATS,53090.12149138547,56611.44349762716,93.7798406317103
Indonesia,IDN,2045,Bus,Electric,ATS,3521.3220062416913,56611.44349762716,6.22015936828971
Indonesia,IDN,2046,Bus,Diesel,ATS,53133.661305935755,56801.54448915494,93.54263477127898
Indonesia,IDN,2046,Bus,Electric,ATS,3667.88318321919,56801.54448915494,6.457365228721017
Indonesia,IDN,2047,Bus,Diesel,ATS,49659.08864765331,53219.75673818053,93.30949950026218
Indonesia,IDN,2047,Bus,Electric,ATS,3560.6680905272196,53219.75673818053,6.690500499737818
Indonesia,IDN,2048,Bus,Diesel,ATS,51085.14403332348,54882.18893357378,93.08146235776779
Indonesia,IDN,2048,Bus,Electric,ATS,3797.0449002503033,54882.18893357378,6.918537642232211
Indonesia,IDN,2049,Bus,Diesel,ATS,53649.59540188929,57775.04759789654,92.85945686324723
Indonesia,IDN,2049,Bus,Electric,ATS,4125.452196007253,57775.04759789654,7.140543136752781
Indonesia,IDN,2050,Bus,Diesel,ATS,56631.25592857795,61127.61408363283,92.64430941324963
Indonesia,IDN,2050,Bus,Electric,ATS,4496.358155054879,61127.61408363283,7.35569058675038
Indonesia,IDN,2051,Bus,Diesel,ATS,61109.749827377476,66109.81350459158,92.43673002213683
Indonesia,IDN,2051,Bus,Electric,ATS,5000.063677214115,66109.81350459158,7.5632699778631824
Indonesia,IDN,2052,Bus,Diesel,ATS,65255.81379621514,70747.74398994655,92.23730696697292
Indonesia,IDN,2052,Bus,Electric,ATS,5491.930193731423,70747.74398994655,7.762693033027091
Indonesia,IDN,2053,Bus,Diesel,ATS,68628.34038191101,74558.33357153891,92.04650519188702
Indonesia,IDN,2053,Bus,Electric,ATS,5929.9931896279095,74558.33357153891,7.953494808112987
Indonesia,IDN,2054,Bus,Diesel,ATS,71888.9759792573,78255.30470345158,91.86466815467722
Indonesia,IDN,2054,Bus,Electric,ATS,6366.328724194276,78255.30470345158,8.135331845322787
Indonesia,IDN,2055,Bus,Diesel,ATS,74828.68668035517,81608.72069712554,91.69202266761035
Indonesia,IDN,2055,Bus,Electric,ATS,6780.034016770378,81608.72069712554,8.30797733238966
Indonesia,IDN,2056,Bus,Diesel,ATS,77215.79006593661,84362.39311664517,91.52868619927938
Indonesia,IDN,2056,Bus,Electric,ATS,7146.603050708556,84362.39311664517,8.471313800720633
Indonesia,IDN,2057,Bus,Diesel,ATS,78955.64369475427,86408.67152221152,91.37467606414775
Indonesia,IDN,2057,Bus,Electric,ATS,7453.027827457259,86408.67152221152,8.625323935852252
Indonesia,IDN,2058,Bus,Diesel,ATS,80528.94828011366,88270.32660464768,91.22991992631144
Indonesia,IDN,2058,Bus,Electric,ATS,7741.37832453402,88270.32660464768,8.770080073688563
Indonesia,IDN,2059,Bus,Diesel,ATS,82002.30622708387,90019.17338883795,91.09426707672019
Indonesia,IDN,2059,Bus,Electric,ATS,8016.867161754092,90019.17338883795,8.905732923279825
Indonesia,IDN,2060,Bus,Diesel,ATS,83437.51752272742,91722.33767304523,90.9675
Indonesia,IDN,2060,Bus,Electric,ATS,8284.82015031781,91722.33767304523,9.032499999999999
Indonesia,IDN,2025,Bus,Diesel,BAS,279048.5471281753,285328.4739230032,97.799053593045
Indonesia,IDN,2025,Bus,Electric,BAS,6279.926794827847,285328.4739230032,2.2009464069549907
Indonesia,IDN,2026,Bus,Diesel,BAS,15971.448051898873,16352.07756626996,97.67228651632483
Indonesia,IDN,2026,Bus,Electric,BAS,380.6295143710875,16352.07756626996,2.327713483675164
Indonesia,IDN,2027,Bus,Diesel,BAS,16336.922816178554,16749.524975404725,97.53663366673358
Indonesia,IDN,2027,Bus,Electric,BAS,412.60215922617147,16749.524975404725,2.463366333266425
Indonesia,IDN,2028,Bus,Diesel,BAS,16832.7767065828,17283.552934471692,97.39187752889727
Indonesia,IDN,2028,Bus,Electric,BAS,450.7762278888926,17283.552934471692,2.608122471102736
Indonesia,IDN,2029,Bus,Diesel,BAS,17781.95240280214,18287.065398908802,97.23786739376564
Indonesia,IDN,2029,Bus,Electric,BAS,505.112996106661,18287.065398908802,2.7621326062343567
Indonesia,IDN,2030,Bus,Diesel,BAS,16791.253589550175,17297.280171714607,97.07453092543467
Indonesia,IDN,2030,Bus,Electric,BAS,506.02658216443143,17297.280171714607,2.9254690745653287
Indonesia,IDN,2031,Bus,Diesel,BAS,17488.965182540338,18048.116508180625,96.90188543836781
Indonesia,IDN,2031,Bus,Electric,BAS,559.151325640289,18048.116508180625,3.0981145616322
Indonesia,IDN,2032,Bus,Diesel,BAS,18497.159815685136,19124.43192642537,96.72004840115801
Indonesia,IDN,2032,Bus,Electric,BAS,627.2721107402391,19124.43192642537,3.2799515988420014
Indonesia,IDN,2033,Bus,Diesel,BAS,19884.91305594644,20599.884232988115,96.5292466260721
Indonesia,IDN,2033,Bus,Electric,BAS,714.9711770416758,20599.884232988115,3.4707533739278964
Indonesia,IDN,2034,Bus,Diesel,BAS,26654.091520497645,27669.61521618237,96.32982357090819
Indonesia,IDN,2034,Bus,Electric,BAS,1015.5236956847251,27669.61521618237,3.6701764290918057
Indonesia,IDN,2035,Bus,Diesel,BAS,42536.03119955772,44252.016338689136,96.12224417979539
Indonesia,IDN,2035,Bus,Electric,BAS,1715.9851391314123,44252.016338689136,3.8777558202046083
Indonesia,IDN,2036,Bus,Diesel,BAS,41591.38910024416,43366.33108332008,95.90709672979779
Indonesia,IDN,2036,Bus,Electric,BAS,1774.9419830759255,43366.33108332008,4.0929032702022115
Indonesia,IDN,2037,Bus,Diesel,BAS,45792.65646982389,47857.671324392315,95.68509123527721
Indonesia,IDN,2037,Bus,Electric,BAS,2065.0148545684247,47857.671324392315,4.31490876472278
Indonesia,IDN,2038,Bus,Diesel,BAS,50041.617359711796,52423.17378773505,95.45705409278283
Indonesia,IDN,2038,Bus,Electric,BAS,2381.5564280232547,52423.17378773505,4.542945907217172
Indonesia,IDN,2039,Bus,Diesel,BAS,51731.58971461342,54326.25579235115,95.22391882176603
Indonesia,IDN,2039,Bus,Electric,BAS,2594.666077737727,54326.25579235115,4.776081178233974
Indonesia,IDN,2040,Bus,Diesel,BAS,55920.34975908216,58871.76007642783,94.98671296133472
Indonesia,IDN,2040,Bus,Electric,BAS,2951.4103173456774,58871.76007642783,5.01328703866528
Indonesia,IDN,2041,Bus,Diesel,BAS,57513.12894024146,60702.08799884911,94.74654140617353
Indonesia,IDN,2041,Bus,Electric,BAS,3188.9590586076392,60702.08799884911,5.253458593826461
Indonesia,IDN,2042,Bus,Diesel,BAS,59187.79893193322,62629.56490530621,94.50456668735153
Indonesia,IDN,2042,Bus,Electric,BAS,3441.765973372989,62629.56490530621,5.495433312648465
Indonesia,IDN,2043,Bus,Diesel,BAS,53217.27835127056,56456.77552342811,94.26198690569348
Indonesia,IDN,2043,Bus,Electric,BAS,3239.4971721575457,56456.77552342811,5.738013094306525
Indonesia,IDN,2044,Bus,Diesel,BAS,52829.82177652967,56189.975461316295,94.02001218687147
Indonesia,IDN,2044,Bus,Electric,BAS,3360.1536847866246,56189.975461316295,5.979987813128528
Indonesia,IDN,2045,Bus,Diesel,BAS,53090.121491385464,56611.44349762716,93.77984063171029
Indonesia,IDN,2045,Bus,Electric,BAS,3521.3220062416913,56611.44349762716,6.22015936828971
Indonesia,IDN,2046,Bus,Diesel,BAS,53133.661305935755,56801.54448915494,93.54263477127898
Indonesia,IDN,2046,Bus,Electric,BAS,3667.883183219191,56801.54448915494,6.457365228721018
Indonesia,IDN,2047,Bus,Diesel,BAS,49659.08864765331,53219.75673818053,93.30949950026218
Indonesia,IDN,2047,Bus,Electric,BAS,3560.6680905272196,53219.75673818053,6.690500499737818
Indonesia,IDN,2048,Bus,Diesel,BAS,51085.14403332348,54882.18893357378,93.08146235776779
Indonesia,IDN,2048,Bus,Electric,BAS,3797.0449002503033,54882.18893357378,6.918537642232211
Indonesia,IDN,2049,Bus,Diesel,BAS,53649.59540188929,57775.04759789654,92.85945686324723
Indonesia,IDN,2049,Bus,Electric,BAS,4125.452196007253,57775.04759789654,7.140543136752781
Indonesia,IDN,2050,Bus,Diesel,BAS,56631.25592857795,61127.61408363283,92.64430941324963
Indonesia,IDN,2050,Bus,Electric,BAS,4496.358155054879,61127.61408363283,7.35569058675038
Indonesia,IDN,2051,Bus,Diesel,BAS,61109.749827377476,66109.81350459158,92.43673002213683
Indonesia,IDN,2051,Bus,Electric,BAS,5000.063677214115,66109.81350459158,7.5632699778631824
Indonesia,IDN,2052,Bus,Diesel,BAS,65255.81379621514,70747.74398994655,92.23730696697292
Indonesia,IDN,2052,Bus,Electric,BAS,5491.930193731423,70747.74398994655,7.762693033027091
Indonesia,IDN,2053,Bus,Diesel,BAS,68628.34038191101,74558.33357153891,92.04650519188702
Indonesia,IDN,2053,Bus,Electric,BAS,5929.9931896279095,74558.33357153891,7.953494808112987
Indonesia,IDN,2054,Bus,Diesel,BAS,71888.9759792573,78255.30470345158,91.86466815467722
Indonesia,IDN,2054,Bus,Electric,BAS,6366.328724194276,78255.30470345158,8.135331845322787
Indonesia,IDN,2055,Bus,Diesel,BAS,74828.68668035517,81608.72069712554,91.69202266761035
Indonesia,IDN,2055,Bus,Electric,BAS,6780.034016770378,81608.72069712554,8.30797733238966
Indonesia,IDN,2056,Bus,Diesel,BAS,77215.79006593661,84362.39311664517,91.52868619927938
Indonesia,IDN,2056,Bus,Electric,BAS,7146.603050708556,84362.39311664517,8.471313800720633
Indonesia,IDN,2057,Bus,Diesel,BAS,78955.64369475427,86408.67152221152,91.37467606414775
Indonesia,IDN,2057,Bus,Electric,BAS,7453.027827457259,86408.67152221152,8.625323935852252
Indonesia,IDN,2058,Bus,Diesel,BAS,80528.94828011366,88270.32660464768,91.22991992631144
Indonesia,IDN,2058,Bus,Electric,BAS,7741.37832453402,88270.32660464768,8.770080073688563
Indonesia,IDN,2059,Bus,Diesel,BAS,82002.30622708387,90019.17338883795,91.09426707672019
Indonesia,IDN,2059,Bus,Electric,BAS,8016.867161754092,90019.17338883795,8.905732923279825
Indonesia,IDN,2060,Bus,Diesel,BAS,83437.51752272742,91722.33767304523,90.9675
Indonesia,IDN,2060,Bus,Electric,BAS,8284.82015031781,91722.33767304523,9.032499999999999
Indonesia,IDN,2025,Bus,Diesel,RAS,279048.5471281753,285328.4739230032,97.799053593045
Indonesia,IDN,2025,Bus,Electric,RAS,6279.926794827847,285328.4739230032,2.2009464069549907
Indonesia,IDN,2026,Bus,Diesel,RAS,15910.051662778784,16352.07756626996,97.29682114275829
Indonesia,IDN,2026,Bus,Electric,RAS,442.02590349117605,16352.07756626996,2.7031788572417206
Indonesia,IDN,2027,Bus,Diesel,RAS,16197.805484994544,16749.524975404725,96.70605888095135
Indonesia,IDN,2027,Bus,Electric,RAS,551.7194904101826,16749.524975404725,3.2939411190486685
Indonesia,IDN,2028,Bus,Diesel,RAS,16594.532780235717,17283.552934471692,96.0134345244389
Indonesia,IDN,2028,Bus,Electric,RAS,689.0201542359749,17283.552934471692,3.986565475561094
Indonesia,IDN,2029,Bus,Diesel,RAS,17410.10864590872,18287.065398908802,95.20449709195871
Indonesia,IDN,2029,Bus,Electric,RAS,876.9567530000838,18287.065398908802,4.795502908041288
Indonesia,IDN,2030,Bus,Diesel,RAS,16305.097935853555,17297.280171714607,94.26394076981236
Indonesia,IDN,2030,Bus,Electric,RAS,992.1822358610524,17297.280171714607,5.736059230187641
Indonesia,IDN,2031,Bus,Diesel,RAS,16816.519313303663,18048.116508180625,93.17603477172413
Indonesia,IDN,2031,Bus,Electric,RAS,1231.5971948769627,18048.116508180625,6.823965228275869
Indonesia,IDN,2032,Bus,Diesel,RAS,17580.18266865467,19124.43192642537,91.92525423128036
Indonesia,IDN,2032,Bus,Electric,RAS,1544.249257770702,19124.43192642537,8.074745768719646
Indonesia,IDN,2033,Bus,Diesel,RAS,18642.305617896945,20599.884232988115,90.4971377850932
Indonesia,IDN,2033,Bus,Electric,RAS,1957.578615091172,20599.884232988115,9.502862214906804
Indonesia,IDN,2034,Bus,Diesel,RAS,24592.581731006147,27669.61521618237,88.8793773923656
Indonesia,IDN,2034,Bus,Electric,RAS,3077.0334851762223,27669.61521618237,11.120622607634392
Indonesia,IDN,2035,Bus,Diesel,RAS,38527.18284533478,44252.016338689136,87.06311267369485
Indonesia,IDN,2035,Bus,Electric,RAS,5724.833493354365,44252.016338689136,12.936887326305163
Indonesia,IDN,2036,Bus,Diesel,RAS,36880.61679583494,43366.33108332008,85.04435555079795
Indonesia,IDN,2036,Bus,Electric,RAS,6485.71428748515,43366.33108332008,14.955644449202065
Indonesia,IDN,2037,Bus,Diesel,RAS,39638.31508802037,47857.671324392315,82.82541542679978
Indonesia,IDN,2037,Bus,Electric,RAS,8219.356236371947,47857.671324392315,17.174584573200217
Indonesia,IDN,2038,Bus,Diesel,RAS,42156.693174312815,52423.17378773505,80.41614066521056
Indonesia,IDN,2038,Bus,Electric,RAS,10266.480613422236,52423.17378773505,19.58385933478943
Indonesia,IDN,2039,Bus,Diesel,RAS,42284.707960954824,54326.25579235115,77.83475475022206
Indonesia,IDN,2039,Bus,Electric,RAS,12041.547831396329,54326.25579235115,22.165245249777946
Indonesia,IDN,2040,Bus,Diesel,RAS,44217.43942358102,58871.76007642783,75.1080643184059
Indonesia,IDN,2040,Bus,Electric,RAS,14654.32065284682,58871.76007642783,24.89193568159412
Indonesia,IDN,2041,Bus,Diesel,RAS,43869.925236969655,60702.08799884911,72.27086692273488
Indonesia,IDN,2041,Bus,Electric,RAS,16832.16276187945,60702.08799884911,27.72913307726512
Indonesia,IDN,2042,Bus,Diesel,RAS,43442.67996468136,62629.56490530621,69.36449268067761
Indonesia,IDN,2042,Bus,Electric,RAS,19186.884940624852,62629.56490530621,30.635507319322393
Indonesia,IDN,2043,Bus,Diesel,RAS,37506.81092427038,56456.77552342811,66.43456091236742
Indonesia,IDN,2043,Bus,Electric,RAS,18949.964599157724,56456.77552342811,33.56543908763258
Indonesia,IDN,2044,Bus,Diesel,RAS,35696.47250106648,56189.975461316295,63.52818667031014
Indonesia,IDN,2044,Bus,Electric,RAS,20493.502960249818,56189.975461316295,36.47181332968986
Indonesia,IDN,2045,Bus,Diesel,RAS,34358.0451013633,56611.44349762716,60.690989274639136
Indonesia,IDN,2045,Bus,Electric,RAS,22253.398396263867,56611.44349762716,39.309010725360864
Indonesia,IDN,2046,Bus,Diesel,RAS,32924.61699503281,56801.54448915494,57.96429884282297
Indonesia,IDN,2046,Bus,Electric,RAS,23876.927494122134,56801.54448915494,42.03570115717704
Indonesia,IDN,2047,Bus,Diesel,RAS,29474.651534711833,53219.75673818053,55.38291292783446
Indonesia,IDN,2047,Bus,Electric,RAS,23745.105203468698,53219.75673818053,44.61708707216555
Indonesia,IDN,2048,Bus,Diesel,RAS,29073.092183386463,54882.18893357378,52.97363816624524
Indonesia,IDN,2048,Bus,Electric,RAS,25809.096750187317,54882.18893357378,47.026361833754756
Indonesia,IDN,2049,Bus,Diesel,RAS,29323.550952076916,57775.04759789654,50.754698042247085
Indonesia,IDN,2049,Bus,Electric,RAS,28451.496645819625,57775.04759789654,49.245301957752915
Indonesia,IDN,2050,Bus,Diesel,RAS,29791.117885207677,61127.61408363283,48.735940919350185
Indonesia,IDN,2050,Bus,Electric,RAS,31336.49619842515,61127.61408363283,51.264059080649815
Indonesia,IDN,2051,Bus,Diesel,RAS,31018.5104332274,66109.81350459158,46.919676200679405
Indonesia,IDN,2051,Bus,Electric,RAS,35091.303071364186,66109.81350459158,53.080323799320595
Indonesia,IDN,2052,Bus,Diesel,RAS,32050.083418350874,70747.74398994655,45.30191580795181
Indonesia,IDN,2052,Bus,Electric,RAS,38697.66057159568,70747.74398994655,54.69808419204819
Indonesia,IDN,2053,Bus,Diesel,RAS,32711.57367865221,74558.33357153891,43.87379936176467
Indonesia,IDN,2053,Bus,Electric,RAS,41846.7598928867,74558.33357153891,56.12620063823533
Indonesia,IDN,2054,Bus,Diesel,RAS,33354.77325243417,78255.30470345158,42.623018821320876
Indonesia,IDN,2054,Bus,Electric,RAS,44900.53145101741,78255.30470345158,57.376981178679124
Indonesia,IDN,2055,Bus,Diesel,RAS,33896.27421514791,81608.72069712554,41.53511282323266
Indonesia,IDN,2055,Bus,Electric,RAS,47712.446481977626,81608.72069712554,58.46488717676734
Indonesia,IDN,2056,Bus,Diesel,RAS,34246.53933940506,84362.39311664517,40.5945565010863
Indonesia,IDN,2056,Bus,Electric,RAS,50115.8537772401,84362.39311664517,59.4054434989137
Indonesia,IDN,2057,Bus,Diesel,RAS,34378.22489407019,86408.67152221152,39.785619068606096
Indonesia,IDN,2057,Bus,Electric,RAS,52030.446628141326,86408.67152221152,60.214380931393904
Indonesia,IDN,2058,Bus,Diesel,RAS,34507.51411190273,88270.32660464768,39.09299471209368
Indonesia,IDN,2058,Bus,Electric,RAS,53762.812492744946,88270.32660464768,60.90700528790632
Indonesia,IDN,2059,Bus,Diesel,RAS,34659.39138799704,90019.17338883795,38.50223245028673
Indonesia,IDN,2059,Bus,Electric,RAS,55359.78200084091,90019.17338883795,61.49776754971327
Indonesia,IDN,2060,Bus,Diesel,RAS,34854.48831575719,91722.33767304523,38.0
Indonesia,IDN,2060,Bus,Electric,RAS,56867.84935728804,91722.33767304523,62.0
Indonesia,IDN,2019,Bus,Electric,historical,0.0,3774.0,0.0
Indonesia,IDN,2019,Bus,HybridDiesel,historical,3453.0,3774.0,91.49443561208267
Indonesia,IDN,2019,Bus,HydrogenFCV,historical,0.0,3774.0,0.0
Indonesia,IDN,2019,Bus,NaturalGas,historical,321.0,3774.0,8.50556438791733
Indonesia,IDN,2020,Bus,Electric,historical,0.0,3774.0,0.0
Indonesia,IDN,2020,Bus,HybridDiesel,historical,3572.0,3774.0,94.64758876523582
Indonesia,IDN,2020,Bus,HydrogenFCV,historical,0.0,3774.0,0.0
Indonesia,IDN,2020,Bus,NaturalGas,historical,202.0,3774.0,5.352411234764176
Indonesia,IDN,2021,Bus,Electric,historical,0.0,3774.0,0.0
Indonesia,IDN,2021,Bus,HybridDiesel,historical,3612.0,3774.0,95.70747217806041
Indonesia,IDN,2021,Bus,HydrogenFCV,historical,0.0,3774.0,0.0
Indonesia,IDN,2021,Bus,NaturalGas,historical,162.0,3774.0,4.292527821939586
Indonesia,IDN,2022,Bus,Electric,historical,0.0,3774.0,0.0
Indonesia,IDN,2022,Bus,HybridDiesel,historical,3582.0,3774.0,94.91255961844197
Indonesia,IDN,2022,Bus,HydrogenFCV,historical,0.0,3774.0,0.0
Indonesia,IDN,2022,Bus,NaturalGas,historical,192.0,3774.0,5.087440381558029
Indonesia,IDN,2023,Bus,Electric,historical,0.0,3774.0,0.0
Indonesia,IDN,2023,Bus,HybridDiesel,historical,3562.0,3774.0,94.38261791202967
Indonesia,IDN,2023,Bus,HydrogenFCV,historical,0.0,3774.0,0.0
Indonesia,IDN,2023,Bus,NaturalGas,historical,212.0,3774.0,5.617382087970324
Indonesia,IDN,2024,Bus,Electric,historical,200.0,9087.0,2.2009464069549907
Indonesia,IDN,2024,Bus,HybridDiesel,historical,8281.0,9087.0,91.13018597997139
Indonesia,IDN,2024,Bus,HydrogenFCV,historical,0.0,9087.0,0.0
Indonesia,IDN,2024,Bus,NaturalGas,historical,606.0,9087.0,6.668867613073622
Indonesia,IDN,2025,LDV,Electric,ATS,196326.10158310566,7598974.990687266,2.5835866261398177
Indonesia,IDN,2025,LDV,Gasoline,ATS,7160128.41067797,7598974.990687266,94.22492401215806
Indonesia,IDN,2025,LDV,HybridDiesel,ATS,242520.4784261893,7598974.990687266,3.1914893617021276
Indonesia,IDN,2026,LDV,Electric,ATS,171802.4807092174,2461928.0874644816,6.97837120361039
Indonesia,IDN,2026,LDV,Gasoline,ATS,2290125.606755264,2461928.0874644816,93.0216287963896
Indonesia,IDN,2027,LDV,Electric,ATS,294058.3603410862,2555795.8963516764,11.505549436120695
Indonesia,IDN,2027,LDV,Gasoline,ATS,2261737.5360105904,2555795.8963516764,88.4944505638793
Indonesia,IDN,2028,LDV,Electric,ATS,436892.7568604613,2717326.4478556775,16.07803719001912
Indonesia,IDN,2028,LDV,Gasoline,ATS,2280433.690995216,2717326.4478556775,83.92196280998088
Indonesia,IDN,2029,LDV,Electric,ATS,598719.1537844609,2905668.014175821,20.60521542252943
Indonesia,IDN,2029,LDV,Gasoline,ATS,2306948.8603913602,2905668.014175821,79.39478457747057
Indonesia,IDN,2030,LDV,Electric,ATS,656258.0383969098,2625032.1535876393,25.0
Indonesia,IDN,2030,LDV,Gasoline,ATS,1968774.1151907295,2625032.1535876393,75.0
Indonesia,IDN,2031,LDV,Electric,ATS,804185.5853416822,2755443.6995241046,29.18533902473035
Indonesia,IDN,2031,LDV,Gasoline,ATS,1951258.1141824224,2755443.6995241046,70.81466097526965
Indonesia,IDN,2032,LDV,Electric,ATS,961228.2395383732,2904087.6433481015,33.099147050196464
Indonesia,IDN,2032,LDV,Gasoline,ATS,1942859.4038097283,2904087.6433481015,66.90085294980354
Indonesia,IDN,2033,LDV,Electric,ATS,1134985.6540055468,3092849.4218498208,36.69708735211288
Indonesia,IDN,2033,LDV,Gasoline,ATS,1957863.767844274,3092849.4218498208,63.30291264788712
Indonesia,IDN,2034,LDV,Electric,ATS,1326803.8842109416,3320902.486974247,39.95311182472642
Indonesia,IDN,2034,LDV,Gasoline,ATS,1994098.602763305,3320902.486974247,60.04688817527357
Indonesia,IDN,2035,LDV,Electric,ATS,1640239.7252309327,3827140.6327397376,42.85809910404921
Indonesia,IDN,2035,LDV,Gasoline,ATS,2186900.907508805,3827140.6327397376,57.14190089595079
Indonesia,IDN,2036,LDV,Electric,ATS,1802880.1861429368,3969598.8484519273,45.41718836012934
Indonesia,IDN,2036,LDV,Gasoline,ATS,2166718.6623089905,3969598.8484519273,54.58281163987066
Indonesia,IDN,2037,LDV,Electric,ATS,2021154.3546875361,4241981.601548247,47.64646678217206
Indonesia,IDN,2037,LDV,Gasoline,ATS,2220827.2468607114,4241981.601548247,52.353533217827945
Indonesia,IDN,2038,LDV,Electric,ATS,2249747.317294733,4538564.567206055,49.569578310079656
Indonesia,IDN,2038,LDV,Gasoline,ATS,2288817.2499113223,4538564.567206055,50.43042168992036
Indonesia,IDN,2039,LDV,Electric,ATS,2436018.975493539,4756488.300318457,51.214652947436925
Indonesia,IDN,2039,LDV,Gasoline,ATS,2320469.3248249185,4756488.300318457,48.78534705256309
Indonesia,IDN,2040,LDV,Electric,ATS,2639787.8194979457,5017484.664544813,52.61177653718704
Indonesia,IDN,2040,LDV,Gasoline,ATS,2377696.845046868,5017484.664544813,47.388223462812974
Indonesia,IDN,2041,LDV,Electric,ATS,2809294.713262812,5222604.036813974,53.791072297654196
Indonesia,IDN,2041,LDV,Gasoline,ATS,2413309.3235511635,5222604.036813974,46.20892770234582
Indonesia,IDN,2042,LDV,Electric,ATS,2995456.351289769,5468020.737754352,54.7813641343278
Indonesia,IDN,2042,LDV,Gasoline,ATS,2472564.3864645837,5468020.737754352,45.218635865672205
Indonesia,IDN,2043,LDV,Electric,ATS,3065196.145738942,5512017.156693041,55.60933608519317
Indonesia,IDN,2043,LDV,Gasoline,ATS,2446821.0109540997,5512017.156693041,44.39066391480684
Indonesia,IDN,2044,LDV,Electric,ATS,3186565.824859049,5660067.146712594,56.29908165859532
Indonesia,IDN,2044,LDV,Gasoline,ATS,2473501.321853545,5660067.146712594,43.700918341404694
Indonesia,IDN,2045,LDV,Electric,ATS,3299605.1700512078,5801815.869933546,56.87193878645104
Indonesia,IDN,2045,LDV,Gasoline,ATS,2502210.6998823383,5801815.869933546,43.128061213548975
Indonesia,IDN,2046,LDV,Electric,ATS,3409648.7898092167,5945694.333066046,57.3465199993042
Indonesia,IDN,2046,LDV,Gasoline,ATS,2536045.54325683,5945694.333066046,42.65348000069581
Indonesia,IDN,2047,LDV,Electric,ATS,3455746.982373408,5985131.399574794,57.738865726806225
Indonesia,IDN,2047,LDV,Gasoline,ATS,2529384.4172013863,5985131.399574794,42.26113427319379
Indonesia,IDN,2048,LDV,Electric,ATS,3559522.7770730737,6130484.478606999,58.06266681686285
Indonesia,IDN,2048,LDV,Gasoline,ATS,2570961.701533926,6130484.478606999,41.93733318313716
Indonesia,IDN,2049,LDV,Electric,ATS,3675239.0989989196,6300821.973351389,58.32951818894306
Indonesia,IDN,2049,LDV,Gasoline,ATS,2625582.87435247,6300821.973351389,41.670481811056945
Indonesia,IDN,2050,LDV,Electric,ATS,3793569.9758925913,6479288.168538585,58.549178200052765
Indonesia,IDN,2050,LDV,Gasoline,ATS,2685718.1926459945,6479288.168538585,41.45082179994725
Indonesia,IDN,2051,LDV,Electric,ATS,3990082.5347178984,6793963.7502617985,58.72981784108201
Indonesia,IDN,2051,LDV,Gasoline,ATS,2803881.215543901,6793963.7502617985,41.270182158918004
Indonesia,IDN,2052,LDV,Electric,ATS,4149948.5453932863,7048355.707970232,58.87825072024321
Indonesia,IDN,2052,LDV,Gasoline,ATS,2898407.1625769464,7048355.707970232,41.121749279756806
Indonesia,IDN,2053,LDV,Electric,ATS,4297519.6280971235,7283914.3538610935,59.0001394760919
Indonesia,IDN,2053,LDV,Gasoline,ATS,2986394.7257639705,7283914.3538610935,40.999860523908104
Indonesia,IDN,2054,LDV,Electric,ATS,4439612.610674435,7512012.334960192,59.10017732549372
Indonesia,IDN,2054,LDV,Gasoline,ATS,3072399.7242857586,7512012.334960192,40.89982267450629
Indonesia,IDN,2055,LDV,Electric,ATS,4572090.089902341,7725442.087064132,59.18224534435483
Indonesia,IDN,2055,LDV,Gasoline,ATS,3153351.9971617917,7725442.087064132,40.817754655645174
Indonesia,IDN,2056,LDV,Electric,ATS,4691359.082440817,7917966.1404953,59.249547158929296
Indonesia,IDN,2056,LDV,Gasoline,ATS,3226607.0580544844,7917966.1404953,40.75045284107072
Indonesia,IDN,2057,LDV,Electric,ATS,4793963.1063262,8083610.954820365,59.304723261916706
Indonesia,IDN,2057,LDV,Gasoline,ATS,3289647.848494166,8083610.954820365,40.69527673808331
Indonesia,IDN,2058,LDV,Electric,ATS,4886079.811574507,8232660.734119549,59.34994735449952
Indonesia,IDN,2058,LDV,Gasoline,ATS,3346580.9225450438,8232660.734119549,40.65005264550049
Indonesia,IDN,2059,LDV,Electric,ATS,4968300.116708136,8365971.548791096,59.387007088567835
Indonesia,IDN,2059,LDV,Gasoline,ATS,3397671.4320829604,8365971.548791096,40.61299291143218
Indonesia,IDN,2060,LDV,Electric,ATS,5041529.047288707,8484941.231101856,59.41737143456931
Indonesia,IDN,2060,LDV,Gasoline,ATS,3443412.183813149,8484941.231101856,40.5826285654307
Indonesia,IDN,2025,LDV,Electric,BAS,196326.10158310566,7598974.990687266,2.5835866261398177
Indonesia,IDN,2025,LDV,Gasoline,BAS,7160128.41067797,7598974.990687266,94.22492401215806
Indonesia,IDN,2025,LDV,HybridDiesel,BAS,242520.4784261893,7598974.990687266,3.1914893617021276
Indonesia,IDN,2026,LDV,Electric,BAS,69261.75283520394,2461928.0874644816,2.813313402120369
Indonesia,IDN,2026,LDV,Gasoline,BAS,2318618.7280429252,2461928.0874644816,94.17897865696195
Indonesia,IDN,2026,LDV,HybridDiesel,BAS,74047.60658635214,2461928.0874644816,3.007707940917687
Indonesia,IDN,2027,LDV,Electric,BAS,78185.44970403239,2555795.8963516764,3.059142939216697
Indonesia,IDN,2027,LDV,Gasoline,BAS,2405765.8914963286,2555795.8963516764,94.12981274954268
Indonesia,IDN,2027,LDV,HybridDiesel,BAS,71844.55515131513,2555795.8963516764,2.8110443112406243
Indonesia,IDN,2028,LDV,Electric,BAS,90255.16694993887,2717326.4478556775,3.321469417896473
Indonesia,IDN,2028,LDV,Gasoline,BAS,2556388.6438033697,2717326.4478556775,94.07734745380672
Indonesia,IDN,2028,LDV,HybridDiesel,BAS,70682.63710236874,2717326.4478556775,2.6011831282968045
Indonesia,IDN,2029,LDV,Electric,BAS,104620.49321056946,2905668.014175821,3.6005659524818276
Indonesia,IDN,2029,LDV,Gasoline,BAS,2731953.4698034893,2905668.014175821,94.02152814688965
Indonesia,IDN,2029,LDV,HybridDiesel,BAS,69094.05116176241,2905668.014175821,2.377905900628521
Indonesia,IDN,2030,LDV,Electric,BAS,102286.04816728011,2625032.1535876393,3.896563629801085
Indonesia,IDN,2030,LDV,Gasoline,BAS,2466541.3383096056,2625032.1535876393,93.9623286114258
Indonesia,IDN,2030,LDV,HybridDiesel,BAS,56204.76711075393,2625032.1535876393,2.1411077587731144
Indonesia,IDN,2031,LDV,Electric,BAS,115988.5032772729,2755443.6995241046,4.209431072654665
Indonesia,IDN,2031,LDV,Gasoline,BAS,2587354.8864012733,2755443.6995241046,93.89975512285508
Indonesia,IDN,2031,LDV,HybridDiesel,BAS,52100.30984555862,2755443.6995241046,1.8908138044902503
Indonesia,IDN,2032,LDV,Electric,BAS,131815.2430519626,2904087.6433481015,4.538955404940665
Indonesia,IDN,2032,LDV,Gasoline,BAS,2725017.250573812,2904087.6433481015,93.8338502563979
Indonesia,IDN,2032,LDV,HybridDiesel,BAS,47255.149722327056,2904087.6433481015,1.627194338661451
Indonesia,IDN,2033,LDV,Electric,BAS,151077.2074290744,3092849.4218498208,4.884725598400316
Indonesia,IDN,2033,LDV,Gasoline,BAS,2900000.8648685594,3092849.4218498208,93.76469621770596
Indonesia,IDN,2033,LDV,HybridDiesel,BAS,41771.34955218701,3092849.4218498208,1.3505781838937292
Indonesia,IDN,2034,LDV,Electric,BAS,174218.50431816792,3320902.486974247,5.246119240222033
Indonesia,IDN,2034,LDV,Gasoline,BAS,3111433.82250984,3320902.486974247,93.69241748934162
Indonesia,IDN,2034,LDV,HybridDiesel,BAS,35250.16014623913,3320902.486974247,1.0614632704363565
Indonesia,IDN,2035,LDV,Electric,BAS,215173.08900253143,3827140.6327397376,5.622293760563885
Indonesia,IDN,2035,LDV,Gasoline,BAS,3582861.233947142,3827140.6327397376,93.61718258527326
Indonesia,IDN,2035,LDV,HybridDiesel,BAS,29106.309790064417,3827140.6327397376,0.7605236541628747
Indonesia,IDN,2036,LDV,Electric,BAS,238659.55055445476,3969598.8484519273,6.012183086145536
Indonesia,IDN,2036,LDV,Gasoline,BAS,3713131.19342244,3969598.8484519273,93.53920472015692
Indonesia,IDN,2036,LDV,HybridDiesel,BAS,17808.10447503299,3969598.8484519273,0.44861219369755295
Indonesia,IDN,2037,LDV,Electric,BAS,272101.93239252444,4241981.601548247,6.414500531855492
Indonesia,IDN,2037,LDV,Gasoline,BAS,3964502.608058239,4241981.601548247,93.45874123101493
Indonesia,IDN,2037,LDV,HybridDiesel,BAS,5377.0610974840365,4241981.601548247,0.12675823712958836
Indonesia,IDN,2038,LDV,Electric,BAS,309881.77439768164,4538564.567206055,6.827748505260225
Indonesia,IDN,2038,LDV,Gasoline,BAS,4228682.7928083725,4538564.567206055,93.17225149473977
Indonesia,IDN,2039,LDV,Electric,BAS,344856.593135686,4756488.300318457,7.250235286242523
Indonesia,IDN,2039,LDV,Gasoline,BAS,4411631.7071827715,4756488.300318457,92.74976471375747
Indonesia,IDN,2040,LDV,Electric,BAS,385347.77813959186,5017484.664544813,7.680098772649675
Indonesia,IDN,2040,LDV,Gasoline,BAS,4632136.886405221,5017484.664544813,92.31990122735031
Indonesia,IDN,2041,LDV,Electric,BAS,423831.9009917319,5222604.036813974,8.115336678870424
Indonesia,IDN,2041,LDV,Gasoline,BAS,4798772.135822243,5222604.036813974,91.88466332112958
Indonesia,IDN,2042,LDV,Electric,BAS,467725.8692462039,5468020.737754352,8.553842270874288
Indonesia,IDN,2042,LDV,Gasoline,BAS,5000294.868508148,5468020.737754352,91.44615772912572
Indonesia,IDN,2043,LDV,Electric,BAS,495720.1958398777,5512017.156693041,8.993444355265527
Indonesia,IDN,2043,LDV,Gasoline,BAS,5016296.960853164,5512017.156693041,91.00655564473448
Indonesia,IDN,2044,LDV,Electric,BAS,533854.7002597707,5660067.146712594,9.431949947269393
Indonesia,IDN,2044,LDV,Gasoline,BAS,5126212.4464528235,5660067.146712594,90.56805005273061
Indonesia,IDN,2045,LDV,Electric,BAS,572476.0707999461,5801815.869933546,9.86718785349014
Indonesia,IDN,2045,LDV,Gasoline,BAS,5229339.799133599,5801815.869933546,90.13281214650985
Indonesia,IDN,2046,LDV,Electric,BAS,612231.1979891749,5945694.333066046,10.297051339897296
Indonesia,IDN,2046,LDV,Gasoline,BAS,5333463.135076872,5945694.333066046,89.7029486601027
Indonesia,IDN,2047,LDV,Electric,BAS,641578.4419621542,5985131.399574794,10.71953812087959
Indonesia,IDN,2047,LDV,Gasoline,BAS,5343552.95761264,5985131.399574794,89.28046187912042
Indonesia,IDN,2048,LDV,Electric,BAS,682493.7235466188,6130484.478606999,11.132786094284326
Indonesia,IDN,2048,LDV,Gasoline,BAS,5447990.75506038,6130484.478606999,88.86721390571569
Indonesia,IDN,2049,LDV,Electric,BAS,726806.3384967935,6300821.973351389,11.53510353999428
Indonesia,IDN,2049,LDV,Gasoline,BAS,5574015.634854596,6300821.973351389,88.46489646000573
Indonesia,IDN,2050,LDV,Electric,BAS,772654.6518383315,6479288.168538585,11.924992865575929
Indonesia,IDN,2050,LDV,Gasoline,BAS,5706633.516700254,6479288.168538585,88.07500713442408
Indonesia,IDN,2051,LDV,Electric,BAS,835736.8530582809,6793963.7502617985,12.30116738591778
Indonesia,IDN,2051,LDV,Gasoline,BAS,5958226.897203518,6793963.7502617985,87.69883261408222
Indonesia,IDN,2052,LDV,Electric,BAS,892502.3429738908,7048355.707970232,12.662561027739496
Indonesia,IDN,2052,LDV,Gasoline,BAS,6155853.364996341,7048355.707970232,87.3374389722605
Indonesia,IDN,2053,LDV,Electric,BAS,947515.7050187191,7283914.3538610935,13.008331221199152
Indonesia,IDN,2053,LDV,Gasoline,BAS,6336398.648842374,7283914.3538610935,86.99166877880084
Indonesia,IDN,2054,LDV,Electric,BAS,1001941.3543969771,7512012.334960192,13.337855553485145
Indonesia,IDN,2054,LDV,Gasoline,BAS,6510070.980563215,7512012.334960192,86.66214444651486
Indonesia,IDN,2055,LDV,Electric,BAS,1054578.699547694,7725442.087064132,13.650722996338727
Indonesia,IDN,2055,LDV,Gasoline,BAS,6670863.387516438,7725442.087064132,86.34927700366127
Indonesia,IDN,2056,LDV,Electric,BAS,1104296.6206496977,7917966.1404953,13.946720673657989
Indonesia,IDN,2056,LDV,Gasoline,BAS,6813669.519845603,7917966.1404953,86.05327932634201
Indonesia,IDN,2057,LDV,Electric,BAS,1149959.7182582794,8083610.954820365,14.225817208243342
Indonesia,IDN,2057,LDV,Gasoline,BAS,6933651.236562085,8083610.954820365,85.77418279175666
Indonesia,IDN,2058,LDV,Electric,BAS,1192759.7164161399,8232660.734119549,14.488143686923117
Indonesia,IDN,2058,LDV,Gasoline,BAS,7039901.017703409,8232660.734119549,85.51185631307689
Indonesia,IDN,2059,LDV,Electric,BAS,1232640.007927965,8365971.548791096,14.733973224019445
Indonesia,IDN,2059,LDV,Gasoline,BAS,7133331.54086313,8365971.548791096,85.26602677598055
Indonesia,IDN,2060,LDV,Electric,BAS,1269661.1509983884,8484941.231101856,14.9637
Indonesia,IDN,2060,LDV,Gasoline,BAS,7215280.080103467,8484941.231101856,85.0363
Indonesia,IDN,2025,LDV,Electric,RAS,196326.10158310566,7598974.990687266,2.5835866261398177
Indonesia,IDN,2025,LDV,Gasoline,RAS,7160128.41067797,7598974.990687266,94.22492401215806
Indonesia,IDN,2025,LDV,HybridDiesel,RAS,242520.4784261893,7598974.990687266,3.1914893617021276
Indonesia,IDN,2026,LDV,Electric,RAS,180363.08941922907,2461928.0874644816,7.326090893458365
Indonesia,IDN,2026,LDV,Gasoline,RAS,2281564.998045252,2461928.0874644816,92.67390910654163
Indonesia,IDN,2027,LDV,Electric,RAS,335657.0373486599,2555795.8963516764,13.133170681892103
Indonesia,IDN,2027,LDV,Gasoline,RAS,2220138.8590030167,2555795.8963516764,86.8668293181079
Indonesia,IDN,2028,LDV,Electric,RAS,544962.3954074701,2717326.4478556775,20.055094809735355
Indonesia,IDN,2028,LDV,Gasoline,RAS,2172364.0524482075,2717326.4478556775,79.94490519026465
Indonesia,IDN,2029,LDV,Electric,RAS,814929.9914136025,2905668.014175821,28.04621819966427
Indonesia,IDN,2029,LDV,Gasoline,RAS,2090738.0227622187,2905668.014175821,71.95378180033573
Indonesia,IDN,2030,LDV,Electric,RAS,969637.5107228196,2625032.1535876393,36.938119382561204
Indonesia,IDN,2030,LDV,Gasoline,RAS,1655394.6428648198,2625032.1535876393,63.0618806174388
Indonesia,IDN,2031,LDV,Electric,RAS,1279514.21442162,2755443.6995241046,46.43586855512984
Indonesia,IDN,2031,LDV,Gasoline,RAS,1475929.485102485,2755443.6995241046,53.56413144487018
Indonesia,IDN,2032,LDV,Electric,RAS,1630578.9425221302,2904087.6433481015,56.14771807100999
Indonesia,IDN,2032,LDV,Gasoline,RAS,1273508.7008259718,2904087.6433481015,43.852281928990024
Indonesia,IDN,2033,LDV,Electric,RAS,2030315.4541136343,3092849.4218498208,65.64546724357861
Indonesia,IDN,2033,LDV,Gasoline,RAS,1062533.9677361867,3092849.4218498208,34.354532756421406
Indonesia,IDN,2034,LDV,Electric,RAS,2475313.3217999833,3320902.486974247,74.53736842647554
Indonesia,IDN,2034,LDV,Gasoline,RAS,845589.1651742641,3320902.486974247,25.462631573524476
Indonesia,IDN,2035,LDV,Electric,RAS,3158481.443892904,3827140.6327397376,82.52849181640445
Indonesia,IDN,2035,LDV,Gasoline,RAS,668659.1888468339,3827140.6327397376,17.471508183595553
Indonesia,IDN,2036,LDV,Electric,RAS,3550822.6812583157,3969598.8484519273,89.4504159442477
Indonesia,IDN,2036,LDV,Gasoline,RAS,418776.167193612,3969598.8484519273,10.549584055752314
Indonesia,IDN,2037,LDV,Electric,RAS,4040805.443075953,4241981.601548247,95.25749573268143
Indonesia,IDN,2037,LDV,Gasoline,RAS,201176.15847229425,4241981.601548247,4.74250426731857
Indonesia,IDN,2038,LDV,Electric,RAS,4538564.567206055,4538564.567206055,100.0
Indonesia,IDN,2038,LDV,Gasoline,RAS,5.038818881260071e-10,4538564.567206055,1.1102230246251565e-14
Indonesia,IDN,2039,LDV,Electric,RAS,4756488.300318457,4756488.300318457,100.0
Indonesia,IDN,2039,LDV,Gasoline,RAS,5.280762827373727e-10,4756488.300318457,1.1102230246251565e-14
Indonesia,IDN,2040,LDV,Electric,RAS,5017484.664544813,5017484.664544813,100.0
Indonesia,IDN,2040,LDV,Gasoline,RAS,5.570527000281282e-10,5017484.664544813,1.1102230246251565e-14
Indonesia,IDN,2041,LDV,Electric,RAS,5222604.036813974,5222604.036813974,100.0
Indonesia,IDN,2041,LDV,Gasoline,RAS,5.798255250171163e-10,5222604.036813974,1.1102230246251565e-14
Indonesia,IDN,2042,LDV,Electric,RAS,5468020.737754352,5468020.737754352,100.0
Indonesia,IDN,2042,LDV,Gasoline,RAS,6.070722522182717e-10,5468020.737754352,1.1102230246251565e-14
Indonesia,IDN,2043,LDV,Electric,RAS,5512017.156693041,5512017.156693041,100.0
Indonesia,IDN,2043,LDV,Gasoline,RAS,6.119568359489504e-10,5512017.156693041,1.1102230246251565e-14
Indonesia,IDN,2044,LDV,Electric,RAS,5660067.146712594,5660067.146712594,100.0
Indonesia,IDN,2044,LDV,Gasoline,RAS,6.283936867204735e-10,5660067.146712594,1.1102230246251565e-14
Indonesia,IDN,2045,LDV,Electric,RAS,5801815.869933546,5801815.869933546,100.0
Indonesia,IDN,2045,LDV,Gasoline,RAS,6.441309563435855e-10,5801815.869933546,1.1102230246251565e-14
Indonesia,IDN,2046,LDV,Electric,RAS,5945694.333066046,5945694.333066046,100.0
Indonesia,IDN,2046,LDV,Gasoline,RAS,6.601046745953239e-10,5945694.333066046,1.1102230246251565e-14
Indonesia,IDN,2047,LDV,Electric,RAS,5985131.399574794,5985131.399574794,100.0
Indonesia,IDN,2047,LDV,Gasoline,RAS,6.644830685214924e-10,5985131.399574794,1.1102230246251565e-14
Indonesia,IDN,2048,LDV,Electric,RAS,6130484.478606999,6130484.478606999,100.0
Indonesia,IDN,2048,LDV,Gasoline,RAS,6.806205020256638e-10,6130484.478606999,1.1102230246251565e-14
Indonesia,IDN,2049,LDV,Electric,RAS,6300821.973351389,6300821.973351389,100.0
Indonesia,IDN,2049,LDV,Gasoline,RAS,6.995317628878827e-10,6300821.973351389,1.1102230246251565e-14
Indonesia,IDN,2050,LDV,Electric,RAS,6479288.168538585,6479288.168538585,100.0
Indonesia,IDN,2050,LDV,Gasoline,RAS,7.193454907892899e-10,6479288.168538585,1.1102230246251565e-14
Indonesia,IDN,2051,LDV,Electric,RAS,6793963.7502617985,6793963.7502617985,100.0
Indonesia,IDN,2051,LDV,Gasoline,RAS,7.542814984009326e-10,6793963.7502617985,1.1102230246251565e-14
Indonesia,IDN,2052,LDV,Electric,RAS,7048355.707970232,7048355.707970232,100.0
Indonesia,IDN,2052,LDV,Gasoline,RAS,7.825246792736697e-10,7048355.707970232,1.1102230246251565e-14
Indonesia,IDN,2053,LDV,Electric,RAS,7283914.3538610935,7283914.3538610935,100.0
Indonesia,IDN,2053,LDV,Gasoline,RAS,8.086769425054256e-10,7283914.3538610935,1.1102230246251565e-14
Indonesia,IDN,2054,LDV,Electric,RAS,7512012.334960192,7512012.334960192,100.0
Indonesia,IDN,2054,LDV,Gasoline,RAS,8.340009055540989e-10,7512012.334960192,1.1102230246251565e-14
Indonesia,IDN,2055,LDV,Electric,RAS,7725442.087064132,7725442.087064132,100.0
Indonesia,IDN,2055,LDV,Gasoline,RAS,8.576963680466823e-10,7725442.087064132,1.1102230246251565e-14
Indonesia,IDN,2056,LDV,Electric,RAS,7917966.1404953,7917966.1404953,100.0
Indonesia,IDN,2056,LDV,Gasoline,RAS,8.790708317380269e-10,7917966.1404953,1.1102230246251565e-14
Indonesia,IDN,2057,LDV,Electric,RAS,8083610.954820365,8083610.954820365,100.0
Indonesia,IDN,2057,LDV,Gasoline,RAS,8.974611004153715e-10,8083610.954820365,1.1102230246251565e-14
Indonesia,IDN,2058,LDV,Electric,RAS,8232660.734119549,8232660.734119549,100.0
Indonesia,IDN,2058,LDV,Gasoline,RAS,9.140089500946968e-10,8232660.734119549,1.1102230246251565e-14
Indonesia,IDN,2059,LDV,Electric,RAS,8365971.548791096,8365971.548791096,100.0
Indonesia,IDN,2059,LDV,Gasoline,RAS,9.288094236826856e-10,8365971.548791096,1.1102230246251565e-14
Indonesia,IDN,2060,LDV,Electric,RAS,8484941.231101856,8484941.231101856,100.0
Indonesia,IDN,2060,LDV,Gasoline,RAS,9.420177117360602e-10,8484941.231101856,1.1102230246251565e-14
Indonesia,IDN,2005,LDV,Electric,historical,0.0,4236388.8,0.0
Indonesia,IDN,2005,LDV,Gasoline,historical,3943722.1158935055,4236388.8,93.09159999416262
Indonesia,IDN,2005,LDV,HybridDiesel,historical,292454.86466650735,4236388.8,6.9034000058376925
Indonesia,IDN,2005,LDV,HydrogenFCV,historical,0.0,4236388.8,0.0
Indonesia,IDN,2005,LDV,NaturalGas,historical,211.8194399867177,4236388.8,0.004999999999686471
Indonesia,IDN,2006,LDV,Electric,historical,0.0,813315.9439999998,0.0
Indonesia,IDN,2006,LDV,Gasoline,historical,757128.8252772274,813315.9439999998,93.09159999416262
Indonesia,IDN,2006,LDV,HybridDiesel,historical,56146.45292557488,813315.9439999998,6.903400005837694
Indonesia,IDN,2006,LDV,HydrogenFCV,historical,0.0,813315.9439999998,0.0
Indonesia,IDN,2006,LDV,NaturalGas,historical,40.66579719745001,813315.9439999998,0.004999999999686471
Indonesia,IDN,2007,LDV,Electric,historical,0.0,699558.5797199997,0.0
Indonesia,IDN,2007,LDV,Gasoline,historical,651230.2747577874,699558.5797199997,93.09159999416262
Indonesia,IDN,2007,LDV,HybridDiesel,historical,48293.32703322855,699558.5797199997,6.903400005837694
Indonesia,IDN,2007,LDV,HydrogenFCV,historical,0.0,699558.5797199997,0.0
Indonesia,IDN,2007,LDV,NaturalGas,historical,34.97792898380666,699558.5797199997,0.0049999999996864705
Indonesia,IDN,2008,LDV,Electric,historical,0.0,514072.1816985999,0.0
Indonesia,IDN,2008,LDV,Gasoline,historical,478558.01906812546,514072.1816985999,93.09159999416262
Indonesia,IDN,2008,LDV,HybridDiesel,historical,35488.45902139111,514072.1816985999,6.903400005837693
Indonesia,IDN,2008,LDV,HydrogenFCV,historical,0.0,514072.1816985999,0.0
Indonesia,IDN,2008,LDV,NaturalGas,historical,25.703609083318234,514072.1816985999,0.004999999999686472
Indonesia,IDN,2009,LDV,Electric,historical,0.0,350551.47685249284,0.0
Indonesia,IDN,2009,LDV,Gasoline,historical,326333.9786051522,350551.47685249284,93.09159999416262
Indonesia,IDN,2009,LDV,HybridDiesel,historical,24199.970673499116,350551.47685249284,6.903400005837695
Indonesia,IDN,2009,LDV,HydrogenFCV,historical,0.0,350551.47685249284,0.0
Indonesia,IDN,2009,LDV,NaturalGas,historical,17.527573841525562,350551.47685249284,0.004999999999686471
Indonesia,IDN,2010,LDV,Electric,historical,0.0,816227.515963982,0.0
Indonesia,IDN,2010,LDV,Gasoline,historical,759839.25420348,816227.515963982,93.09159999416264
Indonesia,IDN,2010,LDV,HybridDiesel,historical,56347.4503847064,816227.515963982,6.903400005837694
Indonesia,IDN,2010,LDV,HydrogenFCV,historical,0.0,816227.515963982,0.0
Indonesia,IDN,2010,LDV,NaturalGas,historical,40.81137579563999,816227.515963982,0.0049999999996864705
Indonesia,IDN,2011,LDV,Electric,historical,0.0,552339.59856152,0.0
Indonesia,IDN,2011,LDV,Gasoline,historical,514181.76970225375,552339.59856152,93.0915999941626
Indonesia,IDN,2011,LDV,HybridDiesel,historical,38130.21187933987,552339.59856152,6.903400005837694
Indonesia,IDN,2011,LDV,HydrogenFCV,historical,0.0,552339.59856152,0.0
Indonesia,IDN,2011,LDV,NaturalGas,historical,27.616979926344257,552339.59856152,0.004999999999686471
Indonesia,IDN,2012,LDV,Electric,historical,0.0,737165.7654136576,0.0
Indonesia,IDN,2012,LDV,Gasoline,historical,686239.4056327894,737165.7654136576,93.09159999416264
Indonesia,IDN,2012,LDV,HybridDiesel,historical,50889.50149259992,737165.7654136576,6.903400005837693
Indonesia,IDN,2012,LDV,HydrogenFCV,historical,0.0,737165.7654136576,0.0
Indonesia,IDN,2012,LDV,NaturalGas,historical,36.85828826837166,737165.7654136576,0.004999999999686471
Indonesia,IDN,2013,LDV,Electric,historical,0.0,992828.669322753,0.0
Indonesia,IDN,2013,LDV,Gasoline,historical,924240.0934733048,992828.669322753,93.09159999416262
Indonesia,IDN,2013,LDV,HybridDiesel,historical,68538.93441598523,992828.669322753,6.903400005837694
Indonesia,IDN,2013,LDV,HydrogenFCV,historical,0.0,992828.669322753,0.0
Indonesia,IDN,2013,LDV,NaturalGas,historical,49.64143346302486,992828.669322753,0.004999999999686472
Indonesia,IDN,2014,LDV,Electric,historical,0.0,1001165.9263988734,0.0
Indonesia,IDN,2014,LDV,Gasoline,historical,932001.3794810919,1001165.9263988734,93.09159999416262
Indonesia,IDN,2014,LDV,HybridDiesel,historical,69114.48862146483,1001165.9263988734,6.903400005837693
Indonesia,IDN,2014,LDV,HydrogenFCV,historical,0.0,1001165.9263988734,0.0
Indonesia,IDN,2014,LDV,NaturalGas,historical,50.058296316804736,1001165.9263988734,0.004999999999686472
Indonesia,IDN,2015,LDV,Electric,historical,0.0,7736.726730620127,0.0
Indonesia,IDN,2015,LDV,Gasoline,historical,7202.242700710343,7736.726730620127,93.09159999416262
Indonesia,IDN,2015,LDV,HybridDiesel,historical,534.0971935732762,7736.726730620127,6.9034000058376925
Indonesia,IDN,2015,LDV,HydrogenFCV,historical,0.0,7736.726730620127,0.0
Indonesia,IDN,2015,LDV,NaturalGas,historical,0.38683633650674937,7736.726730620127,0.00499999999968647
Indonesia,IDN,2016,LDV,Electric,historical,0.0,1089222.736772621,0.0
Indonesia,IDN,2016,LDV,Gasoline,historical,1013974.8731618392,1089222.736772621,93.09159999416262
Indonesia,IDN,2016,LDV,HybridDiesel,historical,75193.40247394661,1089222.736772621,6.903400005837694
Indonesia,IDN,2016,LDV,HydrogenFCV,historical,0.0,1089222.736772621,0.0
Indonesia,IDN,2016,LDV,NaturalGas,historical,54.461136835216024,1089222.736772621,0.0049999999996864705
Indonesia,IDN,2017,LDV,Electric,historical,0.0,1161580.5503648624,0.0
Indonesia,IDN,2017,LDV,Gasoline,historical,1081333.9195556503,1161580.5503648624,93.09159999416262
Indonesia,IDN,2017,LDV,HybridDiesel,historical,80188.5517816974,1161580.5503648624,6.903400005837692
Indonesia,IDN,2017,LDV,HydrogenFCV,historical,0.0,1161580.5503648624,0.0
Indonesia,IDN,2017,LDV,NaturalGas,historical,58.07902751460122,1161580.5503648624,0.0049999999996864705
Indonesia,IDN,2018,LDV,Electric,historical,0.0,1322988.7176796065,0.0
Indonesia,IDN,2018,LDV,Gasoline,historical,1231591.3650302007,1322988.7176796065,93.09159999416262
Indonesia,IDN,2018,LDV,HybridDiesel,historical,91331.20321352598,1322988.7176796065,6.9034000058376925
Indonesia,IDN,2018,LDV,HydrogenFCV,historical,0.0,1322988.7176796065,0.0
Indonesia,IDN,2018,LDV,NaturalGas,historical,66.14943587983238,1322988.7176796065,0.004999999999686471
Indonesia,IDN,2019,LDV,Electric,historical,0.0,1212623.7542080262,0.0
Indonesia,IDN,2019,LDV,Gasoline,historical,1128850.8547015334,1212623.7542080262,93.09159999416262
Indonesia,IDN,2019,LDV,HybridDiesel,historical,83712.26831878613,1212623.7542080262,6.9034000058376925
Indonesia,IDN,2019,LDV,HydrogenFCV,historical,0.0,1212623.7542080262,0.0
Indonesia,IDN,2019,LDV,NaturalGas,historical,60.631187706599384,1212623.7542080262,0.004999999999686471
Indonesia,IDN,2020,LDV,Electric,historical,63.26248269719243,790781.0359462987,0.00799999997742593
Indonesia,IDN,2020,LDV,Gasoline,historical,732623.0444498372,790781.0359462987,92.64549997372332
Indonesia,IDN,2020,LDV,HybridDiesel,historical,58055.189962078686,790781.0359462987,7.341500026313373
Indonesia,IDN,2020,LDV,HydrogenFCV,historical,0.0,790781.0359462987,0.0
Indonesia,IDN,2020,LDV,NaturalGas,historical,39.53905168574527,790781.0359462987,0.004999999985891206
Indonesia,IDN,2021,LDV,Electric,historical,118.22922778132693,1182292.2744771258,0.010000000028217585
Indonesia,IDN,2021,LDV,Gasoline,historical,1073571.0411939733,1182292.2744771258,90.80419997405167
Indonesia,IDN,2021,LDV,HybridDiesel,historical,108543.88944148063,1182292.2744771258,9.180800025906002
Indonesia,IDN,2021,LDV,HydrogenFCV,historical,0.0,1182292.2744771258,0.0
Indonesia,IDN,2021,LDV,NaturalGas,historical,59.11461389066346,1182292.2744771258,0.005000000014108792
Indonesia,IDN,2022,LDV,Electric,historical,139.35204513771492,1393520.4456973355,0.01000000004075874
Indonesia,IDN,2022,LDV,Gasoline,historical,1236214.2835009862,1393520.4456973355,88.71159998534277
Indonesia,IDN,2022,LDV,HybridDiesel,historical,157097.13412864282,1393520.4456973355,11.273400014596083
Indonesia,IDN,2022,LDV,HydrogenFCV,historical,0.0,1393520.4456973355,0.0
Indonesia,IDN,2022,LDV,NaturalGas,historical,69.67602256885746,1393520.4456973355,0.00500000002037937
Indonesia,IDN,2023,LDV,Electric,historical,189.59565002852875,1895956.4878021122,0.010000000065841043
Indonesia,IDN,2023,LDV,Gasoline,historical,1712808.9867227091,1895956.4878021122,90.34009998342754
Indonesia,IDN,2023,LDV,HybridDiesel,historical,182863.1076043603,1895956.4878021122,9.64490001647371
Indonesia,IDN,2023,LDV,HydrogenFCV,historical,0.0,1895956.4878021122,0.0
Indonesia,IDN,2023,LDV,NaturalGas,historical,94.79782501426438,1895956.4878021122,0.0050000000329205214
Indonesia,IDN,2024,LDV,Electric,historical,17000.0,658000.0,2.5835866261398177
Indonesia,IDN,2024,LDV,Gasoline,historical,620000.0,658000.0,94.22492401215806
Indonesia,IDN,2024,LDV,HybridDiesel,historical,21000.0,658000.0,3.1914893617021276
Indonesia,IDN,2025,Truck,Diesel,ATS,4907513.154673933,4907513.154673933,100.0
Indonesia,IDN,2026,Truck,Diesel,ATS,355730.29549079726,355730.29549079726,100.0
Indonesia,IDN,2027,Truck,Diesel,ATS,411668.0997367218,411668.0997367218,100.0
Indonesia,IDN,2028,Truck,Diesel,ATS,476402.0003048285,476402.0003048285,100.0
Indonesia,IDN,2029,Truck,Diesel,ATS,551315.163938112,551315.163938112,100.0
Indonesia,IDN,2030,Truck,Diesel,ATS,551315.163938112,551315.163938112,100.0
Indonesia,IDN,2031,Truck,Diesel,ATS,551315.163938112,551315.163938112,100.0
Indonesia,IDN,2032,Truck,Diesel,ATS,551315.163938112,551315.163938112,100.0
Indonesia,IDN,2033,Truck,Diesel,ATS,551315.163938112,551315.163938112,100.0
Indonesia,IDN,2034,Truck,Diesel,ATS,551315.163938112,551315.163938112,100.0
Indonesia,IDN,2035,Truck,Diesel,ATS,551315.163938112,551315.163938112,100.0
Indonesia,IDN,2036,Truck,Diesel,ATS,551315.163938112,551315.163938112,100.0
Indonesia,IDN,2037,Truck,Diesel,ATS,551315.163938112,551315.163938112,100.0
Indonesia,IDN,2038,Truck,Diesel,ATS,551315.163938112,551315.163938112,100.0
Indonesia,IDN,2039,Truck,Diesel,ATS,904130.7099950798,904130.7099950798,100.0
Indonesia,IDN,2040,Truck,Diesel,ATS,1080561.4198801052,1080561.4198801052,100.0
Indonesia,IDN,2041,Truck,Diesel,ATS,1114917.6791058816,1114917.6791058816,100.0
Indonesia,IDN,2042,Truck,Diesel,ATS,1147901.4467113689,1147901.4467113689,100.0
Indonesia,IDN,2043,Truck,Diesel,ATS,1041626.2395574711,1041626.2395574711,100.0
Indonesia,IDN,2044,Truck,Diesel,ATS,1022148.1229483839,1022148.1229483839,100.0
Indonesia,IDN,2045,Truck,Diesel,ATS,998567.2610841189,998567.2610841189,100.0
Indonesia,IDN,2046,Truck,Diesel,ATS,969304.4708879218,969304.4708879218,100.0
Indonesia,IDN,2047,Truck,Diesel,ATS,865897.9020573217,865897.9020573217,100.0
Indonesia,IDN,2048,Truck,Diesel,ATS,851365.8898316957,851365.8898316957,100.0
Indonesia,IDN,2049,Truck,Diesel,ATS,872950.1770374626,872950.1770374626,100.0
Indonesia,IDN,2050,Truck,Diesel,ATS,898553.9878693204,898553.9878693204,100.0
Indonesia,IDN,2051,Truck,Diesel,ATS,947597.4304870646,947597.4304870646,100.0
Indonesia,IDN,2052,Truck,Diesel,ATS,997790.6057242882,997790.6057242882,100.0
Indonesia,IDN,2053,Truck,Diesel,ATS,1044089.9961918984,1044089.9961918984,100.0
Indonesia,IDN,2054,Truck,Diesel,ATS,1091673.757063698,1091673.757063698,100.0
Indonesia,IDN,2055,Truck,Diesel,ATS,1141336.4902197253,1141336.4902197253,100.0
Indonesia,IDN,2056,Truck,Diesel,ATS,1184571.8982466683,1184571.8982466683,100.0
Indonesia,IDN,2057,Truck,Diesel,ATS,1211212.285267856,1211212.285267856,100.0
Indonesia,IDN,2058,Truck,Diesel,ATS,1229821.9589627609,1229821.9589627609,100.0
Indonesia,IDN,2059,Truck,Diesel,ATS,1240956.149653012,1240956.149653012,100.0
Indonesia,IDN,2060,Truck,Diesel,ATS,1246894.7160356268,1246894.7160356268,100.0
Indonesia,IDN,2025,Truck,Diesel,BAS,4907513.154673933,4907513.154673933,100.0
Indonesia,IDN,2026,Truck,Diesel,BAS,355730.29549079726,355730.29549079726,100.0
Indonesia,IDN,2027,Truck,Diesel,BAS,411668.0997367218,411668.0997367218,100.0
Indonesia,IDN,2028,Truck,Diesel,BAS,476402.0003048285,476402.0003048285,100.0
Indonesia,IDN,2029,Truck,Diesel,BAS,551315.163938112,551315.163938112,100.0
Indonesia,IDN,2030,Truck,Diesel,BAS,551315.163938112,551315.163938112,100.0
Indonesia,IDN,2031,Truck,Diesel,BAS,551315.163938112,551315.163938112,100.0
Indonesia,IDN,2032,Truck,Diesel,BAS,551315.163938112,551315.163938112,100.0
Indonesia,IDN,2033,Truck,Diesel,BAS,551315.163938112,551315.163938112,100.0
Indonesia,IDN,2034,Truck,Diesel,BAS,551315.163938112,551315.163938112,100.0
Indonesia,IDN,2035,Truck,Diesel,BAS,551315.163938112,551315.163938112,100.0
Indonesia,IDN,2036,Truck,Diesel,BAS,551315.163938112,551315.163938112,100.0
Indonesia,IDN,2037,Truck,Diesel,BAS,551315.163938112,551315.163938112,100.0
Indonesia,IDN,2038,Truck,Diesel,BAS,551315.163938112,551315.163938112,100.0
Indonesia,IDN,2039,Truck,Diesel,BAS,904130.7099950798,904130.7099950798,100.0
Indonesia,IDN,2040,Truck,Diesel,BAS,1080561.4198801052,1080561.4198801052,100.0
Indonesia,IDN,2041,Truck,Diesel,BAS,1114917.6791058816,1114917.6791058816,100.0
Indonesia,IDN,2042,Truck,Diesel,BAS,1147901.4467113689,1147901.4467113689,100.0
Indonesia,IDN,2043,Truck,Diesel,BAS,1041626.2395574711,1041626.2395574711,100.0
Indonesia,IDN,2044,Truck,Diesel,BAS,1022148.1229483839,1022148.1229483839,100.0
Indonesia,IDN,2045,Truck,Diesel,BAS,998567.2610841189,998567.2610841189,100.0
Indonesia,IDN,2046,Truck,Diesel,BAS,969304.4708879218,969304.4708879218,100.0
Indonesia,IDN,2047,Truck,Diesel,BAS,865897.9020573217,865897.9020573217,100.0
Indonesia,IDN,2048,Truck,Diesel,BAS,851365.8898316957,851365.8898316957,100.0
Indonesia,IDN,2049,Truck,Diesel,BAS,872950.1770374626,872950.1770374626,100.0
Indonesia,IDN,2050,Truck,Diesel,BAS,898553.9878693204,898553.9878693204,100.0
Indonesia,IDN,2051,Truck,Diesel,BAS,947597.4304870646,947597.4304870646,100.0
Indonesia,IDN,2052,Truck,Diesel,BAS,997790.6057242882,997790.6057242882,100.0
Indonesia,IDN,2053,Truck,Diesel,BAS,1044089.9961918984,1044089.9961918984,100.0
Indonesia,IDN,2054,Truck,Diesel,BAS,1091673.757063698,1091673.757063698,100.0
Indonesia,IDN,2055,Truck,Diesel,BAS,1141336.4902197253,1141336.4902197253,100.0
Indonesia,IDN,2056,Truck,Diesel,BAS,1184571.8982466683,1184571.8982466683,100.0
Indonesia,IDN,2057,Truck,Diesel,BAS,1211212.285267856,1211212.285267856,100.0
Indonesia,IDN,2058,Truck,Diesel,BAS,1229821.9589627609,1229821.9589627609,100.0
Indonesia,IDN,2059,Truck,Diesel,BAS,1240956.149653012,1240956.149653012,100.0
Indonesia,IDN,2060,Truck,Diesel,BAS,1246894.7160356268,1246894.7160356268,100.0
Indonesia,IDN,2025,Truck,Diesel,RAS,4907513.154673933,4907513.154673933,100.0
Indonesia,IDN,2026,Truck,Diesel,RAS,354799.14413228276,355730.29549079726,99.73824232281656
Indonesia,IDN,2026,Truck,Electric,RAS,836.5450691777584,355730.29549079726,0.2351627285563593
Indonesia,IDN,2026,Truck,Hydrogen,RAS,94.60628933671575,355730.29549079726,0.026594948627073907
Indonesia,IDN,2027,Truck,Diesel,RAS,409319.9669049414,411668.0997367218,99.42960534632583
Indonesia,IDN,2027,Truck,Electric,RAS,2106.8275859239034,411668.0997367218,0.5117781988138755
Indonesia,IDN,2027,Truck,Hydrogen,RAS,241.30524585644056,411668.0997367218,0.05861645486030249
Indonesia,IDN,2028,Truck,Diesel,RAS,471956.4827442191,476402.0003048285,99.0668558155161
Indonesia,IDN,2028,Truck,Electric,RAS,3983.1449594428477,476402.0003048285,0.8360890501916889
Indonesia,IDN,2028,Truck,Hydrogen,RAS,462.3726011665747,476402.0003048285,0.09705513429219924
Indonesia,IDN,2029,Truck,Diesel,RAS,543828.9034791872,551315.163938112,98.64210873405884
Indonesia,IDN,2029,Truck,Electric,RAS,6697.716968795755,551315.163938112,1.2148617355185987
Indonesia,IDN,2029,Truck,Hydrogen,RAS,788.5434901291019,551315.163938112,0.1430295304225697
Indonesia,IDN,2030,Truck,Diesel,RAS,541099.0655829546,551315.163938112,98.1469585777067
Indonesia,IDN,2030,Truck,Electric,RAS,9125.715756376689,551315.163938112,1.6552629699481833
Indonesia,IDN,2030,Truck,Hydrogen,RAS,1090.382598780768,551315.163938112,0.19777845234512162
Indonesia,IDN,2031,Truck,Diesel,RAS,537933.099187744,551315.163938112,97.57270149168792
Indonesia,IDN,2031,Truck,Electric,RAS,11934.090313184166,551315.163938112,2.164658455598698
Indonesia,IDN,2031,Truck,Hydrogen,RAS,1447.9744371838278,551315.163938112,0.2626400527133642
Indonesia,IDN,2032,Truck,Diesel,RAS,534283.2176367954,551315.163938112,96.91066971935702
Indonesia,IDN,2032,Truck,Electric,RAS,15162.917300171093,551315.163938112,2.7503174757357503
Indonesia,IDN,2032,Truck,Hydrogen,RAS,1869.0290011455284,551315.163938112,0.33901280490723756
Indonesia,IDN,2033,Truck,Diesel,RAS,530104.389219038,551315.163938112,96.1526952083881
Indonesia,IDN,2033,Truck,Electric,RAS,18849.527998777678,551315.163938112,3.419011344460976
Indonesia,IDN,2033,Truck,Hydrogen,RAS,2361.2467202963403,551315.163938112,0.4282934471509299
Indonesia,IDN,2034,Truck,Diesel,RAS,525357.6415116088,551315.163938112,95.29170896713862
Indonesia,IDN,2034,Truck,Electric,RAS,23025.694996598195,551315.163938112,4.176503115227745
Indonesia,IDN,2034,Truck,Hydrogen,RAS,2931.8274299049417,551315.163938112,0.5317879176336341
Indonesia,IDN,2035,Truck,Diesel,RAS,520014.0502576972,551315.163938112,94.32246458507923
Indonesia,IDN,2035,Truck,Electric,RAS,27714.290916931022,551315.163938112,5.026941526324877
Indonesia,IDN,2035,Truck,Hydrogen,RAS,3586.822763483769,551315.163938112,0.6505938885958901
Indonesia,IDN,2036,Truck,Diesel,RAS,514059.2029403313,551315.163938112,93.24234785568807
Indonesia,IDN,2036,Truck,Electric,RAS,32925.610783059536,551315.163938112,5.972193934929678
Indonesia,IDN,2036,Truck,Hydrogen,RAS,4330.3502147211675,551315.163938112,0.7854582093822603
Indonesia,IDN,2037,Truck,Diesel,RAS,507497.7458039755,551315.163938112,92.05220153548049
Indonesia,IDN,2037,Truck,Electric,RAS,38653.69298709779,551315.163938112,7.011178998050719
Indonesia,IDN,2037,Truck,Hydrogen,RAS,5163.725147038708,551315.163938112,0.9366194664687952
Indonesia,IDN,2038,Truck,Diesel,RAS,500357.4365035739,551315.163938112,90.75706043154322
Indonesia,IDN,2038,Truck,Electric,RAS,44873.114474520116,551315.163938112,8.139285368823513
Indonesia,IDN,2038,Truck,Hydrogen,RAS,6084.612960018,551315.163938112,1.1036541996332665
Indonesia,IDN,2039,Truck,Diesel,RAS,807991.4781324659,904130.7099950798,89.36666669986941
Indonesia,IDN,2039,Truck,Electric,RAS,84517.95954570346,904130.7099950798,9.347980177132067
Indonesia,IDN,2039,Truck,Hydrogen,RAS,11621.272316910532,904130.7099950798,1.285353122998529
Indonesia,IDN,2040,Truck,Diesel,RAS,949766.2727089941,1080561.4198801052,87.89563047830973
Indonesia,IDN,2040,Truck,Electric,RAS,114806.53475999495,1080561.4198801052,10.624711621920891
Indonesia,IDN,2040,Truck,Hydrogen,RAS,15988.612411116052,1080561.4198801052,1.4796578997693703
Indonesia,IDN,2041,Truck,Diesel,RAS,962877.7769081852,1114917.6791058816,86.36312751631796
Indonesia,IDN,2041,Truck,Electric,RAS,133268.18701550766,1114917.6791058816,11.953186276710877
Indonesia,IDN,2041,Truck,Hydrogen,RAS,18771.715182188807,1114917.6791058816,1.6836862069711689
Indonesia,IDN,2042,Truck,Diesel,RAS,973329.5951671299,1147901.4467113689,84.79208715657855
Indonesia,IDN,2042,Truck,Electric,RAS,152832.1948439246,1147901.4467113689,13.314051940763266
Indonesia,IDN,2042,Truck,Hydrogen,RAS,21739.656700314383,1147901.4467113689,1.8938609026581927
Indonesia,IDN,2043,Truck,Diesel,RAS,866715.453565189,1041626.2395574711,83.20791284342147
Indonesia,IDN,2043,Truck,Electric,RAS,152972.68851279104,1041626.2395574711,14.685948059236736
Indonesia,IDN,2043,Truck,Hydrogen,RAS,21938.097479491138,1041626.2395574711,2.1061390973418077
Indonesia,IDN,2044,Truck,Diesel,RAS,834449.7597257218,1022148.1229483839,81.63687248368204
Indonesia,IDN,2044,Truck,Electric,RAS,164022.2052656235,1022148.1229483839,16.046813723289127
Indonesia,IDN,2044,Truck,Hydrogen,RAS,23676.15795703872,1022148.1229483839,2.316313793028832
Indonesia,IDN,2045,Truck,Diesel,RAS,799896.0087414442,998567.2610841189,80.10436952169027
Indonesia,IDN,2045,Truck,Electric,RAS,173503.9412624518,998567.2610841189,17.37528837807911
Indonesia,IDN,2045,Truck,Hydrogen,RAS,25167.311080222953,998567.2610841189,2.5203421002306294
Indonesia,IDN,2046,Truck,Diesel,RAS,762196.415286367,969304.4708879218,78.6333333001306
Indonesia,IDN,2046,Truck,Electric,RAS,180794.8620539603,969304.4708879218,18.65201982286793
Indonesia,IDN,2046,Truck,Hydrogen,RAS,26313.1935475946,969304.4708879218,2.714646877001471
Indonesia,IDN,2047,Truck,Diesel,RAS,668844.993210672,865897.9020573217,77.24293956845678
Indonesia,IDN,2047,Truck,Electric,RAS,171973.5113249487,865897.9020573217,19.86071463117648
Indonesia,IDN,2047,Truck,Hydrogen,RAS,25079.397521700885,865897.9020573217,2.8963458003667326
Indonesia,IDN,2048,Truck,Diesel,RAS,646593.6502050394,851365.8898316957,75.94779846451951
Indonesia,IDN,2048,Truck,Electric,RAS,178691.66268842737,851365.8898316957,20.988821001949287
Indonesia,IDN,2048,Truck,Hydrogen,RAS,26080.576938228893,851365.8898316957,3.0633805335312054
Indonesia,IDN,2049,Truck,Diesel,RAS,652597.0567428215,872950.1770374626,74.75765214431193
Indonesia,IDN,2049,Truck,Electric,RAS,192291.7720425003,872950.1770374626,22.027806065070322
Indonesia,IDN,2049,Truck,Hydrogen,RAS,28061.348252140775,872950.1770374626,3.2145417906177394
Indonesia,IDN,2050,Truck,Diesel,RAS,662032.4326346015,898553.9878693204,73.67753541492077
Indonesia,IDN,2050,Truck,Electric,RAS,206425.33305075867,898553.9878693204,22.973058473675124
Indonesia,IDN,2050,Truck,Hydrogen,RAS,30096.222183960366,898553.9878693204,3.34940611140411
Indonesia,IDN,2051,Truck,Diesel,RAS,688981.8975784513,947597.4304870646,72.70829103286138
Indonesia,IDN,2051,Truck,Electric,RAS,225750.8443322678,947597.4304870646,23.823496884772254
Indonesia,IDN,2051,Truck,Hydrogen,RAS,32864.688576345594,947597.4304870646,3.4682120823663656
Indonesia,IDN,2052,Truck,Diesel,RAS,716885.6576768,997790.6057242882,71.8473047916119
Indonesia,IDN,2052,Truck,Electric,RAS,245266.7955991214,997790.6057242882,24.580988655539027
Indonesia,IDN,2052,Truck,Hydrogen,RAS,35638.15244836683,997790.6057242882,3.5717065528490703
Indonesia,IDN,2053,Truck,Diesel,RAS,742236.5858200114,1044089.9961918984,71.089330280643
Indonesia,IDN,2053,Truck,Electric,RAS,263629.40930605703,1044089.9961918984,25.24968252426425
Indonesia,IDN,2053,Truck,Hydrogen,RAS,38224.001065829914,1044089.9961918984,3.660987195092763
Indonesia,IDN,2054,Truck,Diesel,RAS,768836.335624156,1091673.757063698,70.42729850831206
Indonesia,IDN,2054,Truck,Electric,RAS,282037.6436880041,1091673.757063698,25.835341544401302
Indonesia,IDN,2054,Truck,Hydrogen,RAS,40799.77775153786,1091673.757063698,3.737359947286636
Indonesia,IDN,2055,Truck,Diesel,RAS,797258.2512809333,1141336.4902197253,69.8530414222933
Indonesia,IDN,2055,Truck,Electric,RAS,300682.0969764098,1141336.4902197253,26.344737030051824
Indonesia,IDN,2055,Truck,Hydrogen,RAS,43396.141962382324,1141336.4902197253,3.80222154765488
Indonesia,IDN,2056,Truck,Diesel,RAS,821594.0891528195,1184571.8982466683,69.35789126594118
Indonesia,IDN,2056,Truck,Electric,RAS,317289.2207875621,1184571.8982466683,26.785138264481407
Indonesia,IDN,2056,Truck,Hydrogen,RAS,45688.5883062868,1184571.8982466683,3.8569704695774303
Indonesia,IDN,2057,Truck,Diesel,RAS,834926.7109838735,1211212.285267856,68.93314418448388
Indonesia,IDN,2057,Truck,Electric,RAS,329012.6265832986,1211212.285267856,27.16391094980831
Indonesia,IDN,2057,Truck,Hydrogen,RAS,47272.9477006839,1211212.285267856,3.9029448657078003
Indonesia,IDN,2058,Truck,Diesel,RAS,843293.7707983119,1229821.9589627609,68.57039465367417
Indonesia,IDN,2058,Truck,Electric,RAS,338056.187839376,1229821.9589627609,27.48822180118613
Indonesia,IDN,2058,Truck,Hydrogen,RAS,48472.00032507294,1229821.9589627609,3.9413835451396975
Indonesia,IDN,2059,Truck,Diesel,RAS,847098.4797562448,1240956.149653012,68.26175767718343
Indonesia,IDN,2059,Truck,Electric,RAS,344549.4555611314,1240956.149653012,27.764837271443643
Indonesia,IDN,2059,Truck,Hydrogen,RAS,49308.214335635756,1240956.149653012,3.973405051372927
Indonesia,IDN,2060,Truck,Diesel,RAS,847888.4069042262,1246894.7160356268,68.0
Indonesia,IDN,2060,Truck,Electric,RAS,349130.5204899755,1246894.7160356268,28.000000000000004
Indonesia,IDN,2060,Truck,Hydrogen,RAS,49875.788641425075,1246894.7160356268,4.0
Indonesia,IDN,2019,Truck,HybridDiesel,historical,228977.0,228977.0,100.0
Indonesia,IDN,2020,Truck,HybridDiesel,historical,133413.0,133413.0,100.0
Indonesia,IDN,2021,Truck,HybridDiesel,historical,212620.0,212620.0,100.0
Indonesia,IDN,2022,Truck,HybridDiesel,historical,242360.0,242360.0,100.0
Indonesia,IDN,2023,Truck,HybridDiesel,historical,220249.0,220249.0,100.0
Indonesia,IDN,2024,Truck,HybridDiesel,historical,265624.5,265624.5,100.0
Lao PDR,LAO,2025,2W,Electric,ATS,70.28037189684537,1057428.4355068072,0.0066463478318663895
Lao PDR,LAO,2025,2W,Gasoline,ATS,1057358.1551349105,1057428.4355068072,99.99335365216814
Lao PDR,LAO,2026,2W,Electric,ATS,2612.7522646137177,185407.65005516214,1.409193344415064
Lao PDR,LAO,2026,2W,Gasoline,ATS,182794.89779054842,185407.65005516214,98.59080665558494
Lao PDR,LAO,2027,2W,Electric,ATS,5642.563885426248,196312.50166065665,2.8742763897838324
Lao PDR,LAO,2027,2W,Gasoline,ATS,190669.9377752304,196312.50166065665,97.12572361021617
Lao PDR,LAO,2028,2W,Electric,ATS,9049.916685142982,206208.81638768734,4.388714723103056
Lao PDR,LAO,2028,2W,Gasoline,ATS,197158.89970254438,206208.81638768734,95.61128527689695
Lao PDR,LAO,2029,2W,Electric,ATS,12750.134137687628,214746.62934364006,5.937291857226181
Lao PDR,LAO,2029,2W,Gasoline,ATS,201996.49520595244,214746.62934364006,94.06270814277381
Lao PDR,LAO,2030,2W,Electric,ATS,7545.960052308238,100568.2399305487,7.503323173915934
Lao PDR,LAO,2030,2W,Gasoline,ATS,93022.27987824047,100568.2399305487,92.49667682608407
Lao PDR,LAO,2031,2W,Electric,ATS,15367.555851085557,169444.86916906526,9.06935449060569
Lao PDR,LAO,2031,2W,Gasoline,ATS,154077.31331797972,169444.86916906526,90.93064550939431
Lao PDR,LAO,2032,2W,Electric,ATS,18358.968155679413,172905.31531510316,10.617931624728815
Lao PDR,LAO,2032,2W,Gasoline,ATS,154546.34715942375,172905.31531510316,89.38206837527119
Lao PDR,LAO,2033,2W,Electric,ATS,21494.04265777432,177162.76978115225,12.132369958048036
Lao PDR,LAO,2033,2W,Gasoline,ATS,155668.72712337793,177162.76978115225,87.86763004195195
Lao PDR,LAO,2034,2W,Electric,ATS,27113.813736533622,199403.62161737494,13.5974530034168
Lao PDR,LAO,2034,2W,Gasoline,ATS,172289.8078808413,199403.62161737494,86.4025469965832
Lao PDR,LAO,2035,2W,Electric,ATS,38296.033087334756,255306.8872488984,15.0
Lao PDR,LAO,2035,2W,Gasoline,ATS,217010.85416156362,255306.8872488984,85.0
Lao PDR,LAO,2036,2W,Electric,ATS,42317.81442855061,259153.25680201594,16.329262055494812
Lao PDR,LAO,2036,2W,Gasoline,ATS,216835.44237346534,259153.25680201594,83.67073794450519
Lao PDR,LAO,2037,2W,Electric,ATS,48534.70243003814,276124.1588697117,17.57713002321506
Lao PDR,LAO,2037,2W,Gasoline,ATS,227589.45643967355,276124.1588697117,82.42286997678494
Lao PDR,LAO,2038,2W,Electric,ATS,55152.45479272934,294332.2801246671,18.73816041154882
Lao PDR,LAO,2038,2W,Gasoline,ATS,239179.82533193775,294332.2801246671,81.26183958845118
Lao PDR,LAO,2039,2W,Electric,ATS,59788.14250996858,301816.3545323056,19.809444257126568
Lao PDR,LAO,2039,2W,Gasoline,ATS,242028.21202233701,301816.3545323056,80.19055574287343
Lao PDR,LAO,2040,2W,Electric,ATS,65244.81980187537,313822.52678938257,20.790355768712384
Lao PDR,LAO,2040,2W,Gasoline,ATS,248577.70698750718,313822.52678938257,79.20964423128761
Lao PDR,LAO,2041,2W,Electric,ATS,71404.63969622528,329323.43842987623,21.682222205823855
Lao PDR,LAO,2041,2W,Gasoline,ATS,257918.79873365097,329323.43842987623,78.31777779417615
Lao PDR,LAO,2042,2W,Electric,ATS,75520.35211643577,335825.78949287906,22.487954909739628
Lao PDR,LAO,2042,2W,Gasoline,ATS,260305.4373764433,335825.78949287906,77.51204509026037
Lao PDR,LAO,2043,2W,Electric,ATS,72852.4259256577,313861.1250653295,23.211675517474056
Lao PDR,LAO,2043,2W,Gasoline,ATS,241008.69913967178,313861.1250653295,76.78832448252595
Lao PDR,LAO,2044,2W,Electric,ATS,74272.59176998766,311306.3166210088,23.85836322762726
Lao PDR,LAO,2044,2W,Gasoline,ATS,237033.72485102116,311306.3166210088,76.14163677237275
Lao PDR,LAO,2045,2W,Electric,ATS,75552.75798771865,309217.39922423474,24.433540343223108
Lao PDR,LAO,2045,2W,Gasoline,ATS,233664.6412365161,309217.39922423474,75.5664596567769
Lao PDR,LAO,2046,2W,Electric,ATS,77452.88832075632,310519.4698137394,24.943005463462665
Lao PDR,LAO,2046,2W,Gasoline,ATS,233066.5814929831,310519.4698137394,75.05699453653733
Lao PDR,LAO,2047,2W,Electric,ATS,74632.031289973,293912.3221433521,25.392617344424284
Lao PDR,LAO,2047,2W,Gasoline,ATS,219280.29085337912,293912.3221433521,74.60738265557572
Lao PDR,LAO,2048,2W,Electric,ATS,76561.6055456678,296887.0250394116,25.78812783600236
Lao PDR,LAO,2048,2W,Gasoline,ATS,220325.4194937438,296887.0250394116,74.21187216399764
Lao PDR,LAO,2049,2W,Electric,ATS,79074.51580401542,302561.0723823258,26.135059339059442
Lao PDR,LAO,2049,2W,Gasoline,ATS,223486.55657831035,302561.0723823258,73.86494066094056
Lao PDR,LAO,2050,2W,Electric,ATS,81828.61935143561,309504.1169614573,26.438620640909207
Lao PDR,LAO,2050,2W,Gasoline,ATS,227675.49761002167,309504.1169614573,73.5613793590908
Lao PDR,LAO,2051,2W,Electric,ATS,85505.54906865837,320201.6759939017,26.70365444004948
Lao PDR,LAO,2051,2W,Gasoline,ATS,234696.12692524333,320201.6759939017,73.29634555995052
Lao PDR,LAO,2052,2W,Electric,ATS,89685.12213451015,332973.53117068484,26.934610033173133
Lao PDR,LAO,2052,2W,Gasoline,ATS,243288.40903617474,332973.53117068484,73.06538996682687
Lao PDR,LAO,2053,2W,Electric,ATS,92787.08088420087,341939.37984984554,27.135535229942242
Lao PDR,LAO,2053,2W,Gasoline,ATS,249152.29896564467,341939.37984984554,72.86446477005775
Lao PDR,LAO,2054,2W,Electric,ATS,95599.56406633038,350052.27289621346,27.310082370090644
Lao PDR,LAO,2054,2W,Gasoline,ATS,254452.70882988305,350052.27289621346,72.68991762990935
Lao PDR,LAO,2055,2W,Electric,ATS,97969.92215985885,356753.40330956783,27.461524193182484
Lao PDR,LAO,2055,2W,Gasoline,ATS,258783.48114970897,356753.40330956783,72.53847580681752
Lao PDR,LAO,2056,2W,Electric,ATS,99693.14269325937,361301.6034436459,27.592776157941696
Lao PDR,LAO,2056,2W,Gasoline,ATS,261608.46075038653,361301.6034436459,72.40722384205831
Lao PDR,LAO,2057,2W,Electric,ATS,100510.9690400718,362771.3710848484,27.70642257119108
Lao PDR,LAO,2057,2W,Gasoline,ATS,262260.40204477665,362771.3710848484,72.29357742880893
Lao PDR,LAO,2058,2W,Electric,ATS,100989.23456783901,363208.64022986125,27.804744541299094
Lao PDR,LAO,2058,2W,Gasoline,ATS,262219.40566202224,363208.64022986125,72.19525545870091
Lao PDR,LAO,2059,2W,Electric,ATS,101096.62247039312,362486.67911558785,27.88974831214583
Lao PDR,LAO,2059,2W,Gasoline,ATS,261390.05664519474,362486.67911558785,72.11025168785417
Lao PDR,LAO,2060,2W,Electric,ATS,100933.17238752723,360950.09788910206,27.963192967061566
Lao PDR,LAO,2060,2W,Gasoline,ATS,260016.92550157488,360950.09788910206,72.03680703293844
Lao PDR,LAO,2025,2W,Electric,BAS,70.28037189684537,1057428.4355068072,0.0066463478318663895
Lao PDR,LAO,2025,2W,Gasoline,BAS,1057358.1551349105,1057428.4355068072,99.99335365216814
Lao PDR,LAO,2026,2W,Electric,BAS,19.16428826971426,185407.65005516214,0.010336298563739162
Lao PDR,LAO,2026,2W,Gasoline,BAS,185388.48576689244,185407.65005516214,99.98966370143626
Lao PDR,LAO,2027,2W,Electric,BAS,28.043039445852603,196312.50166065665,0.014284897400129642
Lao PDR,LAO,2027,2W,Gasoline,BAS,196284.4586212108,196312.50166065665,99.98571510259987
Lao PDR,LAO,2028,2W,Electric,BAS,38.14548800457743,206208.81638768734,0.018498475803702386
Lao PDR,LAO,2028,2W,Gasoline,BAS,206170.67089968277,206208.81638768734,99.98150152419629
Lao PDR,LAO,2029,2W,Electric,BAS,49.35182618019388,214746.62934364006,0.022981420630924326
Lao PDR,LAO,2029,2W,Gasoline,BAS,214697.27751745985,214746.62934364006,99.97701857936907
Lao PDR,LAO,2030,2W,Electric,BAS,27.893443547084072,100568.2399305487,0.027735837443657135
Lao PDR,LAO,2030,2W,Gasoline,BAS,100540.34648700162,100568.2399305487,99.97226416255634
Lao PDR,LAO,2031,2W,Electric,BAS,55.51221018053961,169444.86916906526,0.03276122225049598
Lao PDR,LAO,2031,2W,Gasoline,BAS,169389.35695888475,169444.86916906526,99.96723877774951
Lao PDR,LAO,2032,2W,Electric,BAS,65.79765801087218,172905.31531510316,0.0380541557620495
Lao PDR,LAO,2032,2W,Gasoline,BAS,172839.51765709228,172905.31531510316,99.96194584423796
Lao PDR,LAO,2033,2W,Electric,BAS,77.25720424869776,177162.76978115225,0.04360803590062007
Lao PDR,LAO,2033,2W,Gasoline,BAS,177085.51257690354,177162.76978115225,99.95639196409938
Lao PDR,LAO,2034,2W,Electric,BAS,98.53104286716145,199403.62161737494,0.04941286525689461
Lao PDR,LAO,2034,2W,Gasoline,BAS,199305.09057450778,199403.62161737494,99.9505871347431
Lao PDR,LAO,2035,2W,Electric,BAS,141.58071562964517,255306.8872488984,0.05545511018338424
Lao PDR,LAO,2035,2W,Gasoline,BAS,255165.30653326877,255306.8872488984,99.94454488981663
Lao PDR,LAO,2036,2W,Electric,BAS,159.94329233419015,259153.25680201594,0.06171764704326338
Lao PDR,LAO,2036,2W,Gasoline,BAS,258993.31350968176,259153.25680201594,99.93828235295675
Lao PDR,LAO,2037,2W,Electric,BAS,188.26092317136101,276124.1588697117,0.06817980865636293
Lao PDR,LAO,2037,2W,Gasoline,BAS,275935.8979465403,276124.1588697117,99.93182019134365
Lao PDR,LAO,2038,2W,Electric,BAS,220.21217193422214,294332.2801246671,0.074817540176344
Lao PDR,LAO,2038,2W,Gasoline,BAS,294112.06795273285,294332.2801246671,99.92518245982365
Lao PDR,LAO,2039,2W,Electric,BAS,246.2932177664582,301816.3545323056,0.08160366861103799
Lao PDR,LAO,2039,2W,Gasoline,BAS,301570.06131453917,301816.3545323056,99.91839633138896
Lao PDR,LAO,2040,2W,Electric,BAS,277.75893399868306,313822.52678938257,0.08850828423324018
Lao PDR,LAO,2040,2W,Gasoline,BAS,313544.7678553839,313822.52678938257,99.91149171576677
Lao PDR,LAO,2041,2W,Electric,BAS,314.50133355376374,329323.43842987623,0.09549922564067101
Lao PDR,LAO,2041,2W,Gasoline,BAS,329008.9370963225,329323.43842987623,99.90450077435933
Lao PDR,LAO,2042,2W,Electric,BAS,344.36467650443876,335825.78949287906,0.10254265374450663
Lao PDR,LAO,2042,2W,Gasoline,BAS,335481.42481637467,335825.78949287906,99.8974573462555
Lao PDR,LAO,2043,2W,Electric,BAS,344.0033873757492,313861.1250653295,0.1096036940873597
Lao PDR,LAO,2043,2W,Gasoline,BAS,313517.1216779537,313861.1250653295,99.89039630591263
Lao PDR,LAO,2044,2W,Electric,BAS,363.1298595378177,311306.3166210088,0.11664712219119537
Lao PDR,LAO,2044,2W,Gasoline,BAS,310943.186761471,311306.3166210088,99.8833528778088
Lao PDR,LAO,2045,2W,Electric,BAS,382.31040471087715,309217.39922423474,0.12363806359862617
Lao PDR,LAO,2045,2W,Gasoline,BAS,308835.08881952387,309217.39922423474,99.87636193640138
Lao PDR,LAO,2046,2W,Electric,BAS,405.3604353971669,310519.4698137394,0.1305426792208284
Lao PDR,LAO,2046,2W,Gasoline,BAS,310114.1093783423,310519.4698137394,99.86945732077918
Lao PDR,LAO,2047,2W,Electric,BAS,403.62628755212336,293912.3221433521,0.13732880765552238
Lao PDR,LAO,2047,2W,Gasoline,BAS,293508.6958558,293912.3221433521,99.86267119234448
Lao PDR,LAO,2048,2W,Electric,BAS,427.41797521035136,296887.0250394116,0.14396653917550348
Lao PDR,LAO,2048,2W,Gasoline,BAS,296459.60706420126,296887.0250394116,99.8560334608245
Lao PDR,LAO,2049,2W,Electric,BAS,455.1386902767974,302561.0723823258,0.150428700788603
Lao PDR,LAO,2049,2W,Gasoline,BAS,302105.933692049,302561.0723823258,99.8495712992114
Lao PDR,LAO,2050,2W,Electric,BAS,484.965831439913,309504.1169614573,0.15669123764848208
Lao PDR,LAO,2050,2W,Gasoline,BAS,309019.1511300174,309504.1169614573,99.84330876235153
Lao PDR,LAO,2051,2W,Electric,BAS,521.0753386083035,320201.6759939017,0.16273348257497175
Lao PDR,LAO,2051,2W,Gasoline,BAS,319680.6006552934,320201.6759939017,99.83726651742504
Lao PDR,LAO,2052,2W,Electric,BAS,561.1879686129341,332973.53117068484,0.16853831193124622
Lao PDR,LAO,2052,2W,Gasoline,BAS,332412.3432020719,332973.53117068484,99.83146168806874
Lao PDR,LAO,2053,2W,Electric,BAS,595.2897619305338,341939.37984984554,0.17409219206981688
Lao PDR,LAO,2053,2W,Gasoline,BAS,341344.090087915,341939.37984984554,99.82590780793018
Lao PDR,LAO,2054,2W,Electric,BAS,627.9417093353137,350052.27289621346,0.17938512558137032
Lao PDR,LAO,2054,2W,Gasoline,BAS,349424.33118687815,350052.27289621346,99.82061487441864
Lao PDR,LAO,2055,2W,Electric,BAS,657.8907718704804,356753.40330956783,0.1844105103882092
Lao PDR,LAO,2055,2W,Gasoline,BAS,356095.5125376974,356753.40330956783,99.8155894896118
Lao PDR,LAO,2056,2W,Electric,BAS,683.4559151300092,361301.6034436459,0.18916492720094208
Lao PDR,LAO,2056,2W,Gasoline,BAS,360618.1475285159,361301.6034436459,99.81083507279907
Lao PDR,LAO,2057,2W,Electric,BAS,702.4990404332029,362771.3710848484,0.19364787202816394
Lao PDR,LAO,2057,2W,Gasoline,BAS,362068.8720444152,362771.3710848484,99.80635212797185
Lao PDR,LAO,2058,2W,Electric,BAS,718.6498836521918,363208.64022986125,0.1978614504317367
Lao PDR,LAO,2058,2W,Gasoline,BAS,362489.9903462091,363208.64022986125,99.80213854956827
Lao PDR,LAO,2059,2W,Electric,BAS,731.5345457135661,362486.67911558785,0.2018100492681272
Lao PDR,LAO,2059,2W,Gasoline,BAS,361755.1445698743,362486.67911558785,99.79818995073188
Lao PDR,LAO,2060,2W,Electric,BAS,741.7524511621048,360950.09788910206,0.2055
Lao PDR,LAO,2060,2W,Gasoline,BAS,360208.34543794,360950.09788910206,99.7945
Lao PDR,LAO,2025,2W,Electric,RAS,70.28037189684537,1057428.4355068072,0.0066463478318663895
Lao PDR,LAO,2025,2W,Gasoline,RAS,1057358.1551349105,1057428.4355068072,99.99335365216814
Lao PDR,LAO,2026,2W,Electric,RAS,7981.075874955374,185407.65005516214,4.304609800394353
Lao PDR,LAO,2026,2W,Gasoline,RAS,177426.57418020678,185407.65005516214,95.69539019960565
Lao PDR,LAO,2027,2W,Electric,RAS,18424.0841793466,196312.50166065665,9.385079413431468
Lao PDR,LAO,2027,2W,Gasoline,RAS,177888.41748131005,196312.50166065665,90.61492058656853
Lao PDR,LAO,2028,2W,Electric,RAS,31507.57837283907,206208.81638768734,15.279452607691887
Lao PDR,LAO,2028,2W,Gasoline,RAS,174701.2380148483,206208.81638768734,84.72054739230812
Lao PDR,LAO,2029,2W,Electric,RAS,47183.722573066654,214746.62934364006,21.971810555202108
Lao PDR,LAO,2029,2W,Gasoline,RAS,167562.90677057338,214746.62934364006,78.02818944479787
Lao PDR,LAO,2030,2W,Electric,RAS,29553.132649450858,100568.2399305487,29.386148817817553
Lao PDR,LAO,2030,2W,Gasoline,RAS,71015.10728109785,100568.2399305487,70.61385118218246
Lao PDR,LAO,2031,2W,Electric,RAS,63339.36445243631,169444.86916906526,37.38051483237232
Lao PDR,LAO,2031,2W,Gasoline,RAS,106105.50471662896,169444.86916906526,62.61948516762769
Lao PDR,LAO,2032,2W,Electric,RAS,79107.74669009421,172905.31531510316,45.7520617835999
Lao PDR,LAO,2032,2W,Gasoline,RAS,93797.56862500895,172905.31531510316,54.2479382164001
Lao PDR,LAO,2033,2W,Electric,RAS,96118.9247472509,177162.76978115225,54.254584564232
Lao PDR,LAO,2033,2W,Gasoline,RAS,81043.84503390135,177162.76978115225,45.745415435768
Lao PDR,LAO,2034,2W,Electric,RAS,124878.77432068659,199403.62161737494,62.62613151545956
Lao PDR,LAO,2034,2W,Gasoline,RAS,74524.84729668836,199403.62161737494,37.37386848454044
Lao PDR,LAO,2035,2W,Electric,RAS,180298.99400356476,255306.8872488984,70.62049753001432
Lao PDR,LAO,2035,2W,Gasoline,RAS,75007.89324533365,255306.8872488984,29.379502469985674
Lao PDR,LAO,2036,2W,Electric,RAS,202229.81839670526,259153.25680201594,78.03483579262976
Lao PDR,LAO,2036,2W,Gasoline,RAS,56923.43840531068,259153.25680201594,21.965164207370236
Lao PDR,LAO,2037,2W,Electric,RAS,233952.25104887254,276124.1588697117,84.72719374013998
Lao PDR,LAO,2037,2W,Gasoline,RAS,42171.907820839144,276124.1588697117,15.272806259860017
Lao PDR,LAO,2038,2W,Electric,RAS,266728.52424272214,294332.2801246671,90.62156693440042
Lao PDR,LAO,2038,2W,Gasoline,RAS,27603.755881944955,294332.2801246671,9.378433065599578
Lao PDR,LAO,2039,2W,Electric,RAS,288844.3979206508,301816.3545323056,95.70203654743754
Lao PDR,LAO,2039,2W,Gasoline,RAS,12971.956611654834,301816.3545323056,4.297963452562459
Lao PDR,LAO,2040,2W,Electric,RAS,313822.52678938257,313822.52678938257,100.0
Lao PDR,LAO,2041,2W,Electric,RAS,329323.43842987623,329323.43842987623,100.0
Lao PDR,LAO,2042,2W,Electric,RAS,335825.78949287906,335825.78949287906,100.0
Lao PDR,LAO,2043,2W,Electric,RAS,313861.1250653295,313861.1250653295,100.0
Lao PDR,LAO,2044,2W,Electric,RAS,311306.3166210088,311306.3166210088,100.0
Lao PDR,LAO,2045,2W,Electric,RAS,309217.39922423474,309217.39922423474,100.0
Lao PDR,LAO,2046,2W,Electric,RAS,310519.4698137394,310519.4698137394,100.0
Lao PDR,LAO,2047,2W,Electric,RAS,293912.3221433521,293912.3221433521,100.0
Lao PDR,LAO,2048,2W,Electric,RAS,296887.0250394116,296887.0250394116,100.0
Lao PDR,LAO,2049,2W,Electric,RAS,302561.0723823258,302561.0723823258,100.0
Lao PDR,LAO,2050,2W,Electric,RAS,309504.1169614573,309504.1169614573,100.0
Lao PDR,LAO,2051,2W,Electric,RAS,320201.6759939017,320201.6759939017,100.0
Lao PDR,LAO,2052,2W,Electric,RAS,332973.53117068484,332973.53117068484,100.0
Lao PDR,LAO,2053,2W,Electric,RAS,341939.37984984554,341939.37984984554,100.0
Lao PDR,LAO,2054,2W,Electric,RAS,350052.27289621346,350052.27289621346,100.0
Lao PDR,LAO,2055,2W,Electric,RAS,356753.40330956783,356753.40330956783,100.0
Lao PDR,LAO,2056,2W,Electric,RAS,361301.6034436459,361301.6034436459,100.0
Lao PDR,LAO,2057,2W,Electric,RAS,362771.3710848484,362771.3710848484,100.0
Lao PDR,LAO,2058,2W,Electric,RAS,363208.64022986125,363208.64022986125,100.0
Lao PDR,LAO,2059,2W,Electric,RAS,362486.67911558785,362486.67911558785,100.0
Lao PDR,LAO,2060,2W,Electric,RAS,360950.09788910206,360950.09788910206,100.0
Lao PDR,LAO,2006,2W,Electric,historical,0.0,65294.0,0.0
Lao PDR,LAO,2006,2W,Gasoline,historical,65294.0,65294.0,100.0
Lao PDR,LAO,2007,2W,Electric,historical,0.0,68656.0,0.0
Lao PDR,LAO,2007,2W,Gasoline,historical,68656.0,68656.0,100.0
Lao PDR,LAO,2008,2W,Electric,historical,0.0,72074.0,0.0
Lao PDR,LAO,2008,2W,Gasoline,historical,72074.0,72074.0,100.0
Lao PDR,LAO,2009,2W,Electric,historical,0.0,75530.0,0.0
Lao PDR,LAO,2009,2W,Gasoline,historical,75530.0,75530.0,100.0
Lao PDR,LAO,2010,2W,Electric,historical,0.0,79001.0,0.0
Lao PDR,LAO,2010,2W,Gasoline,historical,79001.0,79001.0,100.0
Lao PDR,LAO,2011,2W,Electric,historical,0.0,82459.0,0.0
Lao PDR,LAO,2011,2W,Gasoline,historical,82459.0,82459.0,100.0
Lao PDR,LAO,2012,2W,Electric,historical,0.0,85871.0,0.0
Lao PDR,LAO,2012,2W,Gasoline,historical,85871.0,85871.0,100.0
Lao PDR,LAO,2013,2W,Electric,historical,0.0,89198.0,0.0
Lao PDR,LAO,2013,2W,Gasoline,historical,89198.0,89198.0,100.0
Lao PDR,LAO,2014,2W,Electric,historical,0.0,92394.0,0.0
Lao PDR,LAO,2014,2W,Gasoline,historical,92394.0,92394.0,100.0
Lao PDR,LAO,2015,2W,Electric,historical,0.0,95407.0,0.0
Lao PDR,LAO,2015,2W,Gasoline,historical,95407.0,95407.0,100.0
Lao PDR,LAO,2016,2W,Electric,historical,0.0,98172.0,0.0
Lao PDR,LAO,2016,2W,Gasoline,historical,98172.0,98172.0,100.0
Lao PDR,LAO,2017,2W,Electric,historical,0.0,100617.0,0.0
Lao PDR,LAO,2017,2W,Gasoline,historical,100617.0,100617.0,100.0
Lao PDR,LAO,2018,2W,Electric,historical,0.0,102659.0,0.0
Lao PDR,LAO,2018,2W,Gasoline,historical,102659.0,102659.0,100.0
Lao PDR,LAO,2019,2W,Electric,historical,0.0,104199.0,0.0
Lao PDR,LAO,2019,2W,Gasoline,historical,104199.0,104199.0,100.0
Lao PDR,LAO,2020,2W,Electric,historical,3.0,93573.12496419284,0.0032060487465263073
Lao PDR,LAO,2020,2W,Gasoline,historical,93570.12496419284,93573.12496419284,99.99679395125348
Lao PDR,LAO,2021,2W,Electric,historical,4.0,96381.22871311865,0.004150185729532572
Lao PDR,LAO,2021,2W,Gasoline,historical,96377.22871311865,96381.22871311865,99.99584981427046
Lao PDR,LAO,2022,2W,Electric,historical,5.0,99273.54557451222,0.005036588520198592
Lao PDR,LAO,2022,2W,Gasoline,historical,99268.54557451222,99273.54557451222,99.9949634114798
Lao PDR,LAO,2023,2W,Electric,historical,6.0,102252.60194174758,0.005867821342500554
Lao PDR,LAO,2023,2W,Gasoline,historical,102246.60194174758,102252.60194174758,99.9941321786575
Lao PDR,LAO,2024,2W,Electric,historical,7.0,105321.0,0.0066463478318663895
Lao PDR,LAO,2024,2W,Gasoline,historical,105314.0,105321.0,99.99335365216814
Lao PDR,LAO,2025,Bus,Diesel,ATS,5728.591379743223,5735.791979430456,99.87446197991392
Lao PDR,LAO,2025,Bus,Electric,ATS,7.200599687233355,5735.791979430456,0.1255380200860832
Lao PDR,LAO,2026,Bus,Diesel,ATS,5892.329567448665,5900.16313330322,99.8672313683949
Lao PDR,LAO,2026,Bus,Electric,ATS,7.83356585455554,5900.16313330322,0.13276863160510444
Lao PDR,LAO,2027,Bus,Diesel,ATS,6060.717029988647,6069.244687469849,99.8594939251863
Lao PDR,LAO,2027,Bus,Electric,ATS,8.52765748120319,6069.244687469849,0.1405060748137048
Lao PDR,LAO,2028,Bus,Diesel,ATS,6233.884114128204,6243.171628334016,99.85123724352441
Lao PDR,LAO,2028,Bus,Electric,ATS,9.287514205812647,6243.171628334016,0.14876275647560583
Lao PDR,LAO,2029,Bus,Diesel,ATS,6411.964994291769,6422.0828106180115,99.84245272718198
Lao PDR,LAO,2029,Bus,Electric,ATS,10.117816326243668,6422.0828106180115,0.15754727281802222
Lao PDR,LAO,2030,Bus,Diesel,ATS,6411.366682426446,6422.0828106180115,99.83313625022325
Lao PDR,LAO,2030,Bus,Electric,ATS,10.716128191566021,6422.0828106180115,0.16686374977676102
Lao PDR,LAO,2031,Bus,Diesel,ATS,6410.734271033803,6422.0828106180115,99.82328880024023
Lao PDR,LAO,2031,Bus,Electric,ATS,11.34853958420833,6422.0828106180115,0.17671119975975885
Lao PDR,LAO,2032,Bus,Diesel,ATS,6410.068190408763,6422.0828106180115,99.81291707747238
Lao PDR,LAO,2032,Bus,Electric,ATS,12.014620209248127,6422.0828106180115,0.1870829225276205
Lao PDR,LAO,2033,Bus,Diesel,ATS,7022.308870515596,7036.238228552727,99.80203401896476
Lao PDR,LAO,2033,Bus,Electric,ATS,13.929358037131129,7036.238228552727,0.19796598103524182
Lao PDR,LAO,2034,Bus,Diesel,ATS,8082.371087187514,8099.326280398105,99.79065921505563
Lao PDR,LAO,2034,Bus,Electric,ATS,16.955193210591798,8099.326280398105,0.20934078494437938
Lao PDR,LAO,2035,Bus,Diesel,ATS,8373.422288291202,8391.983746294922,99.7788191854886
Lao PDR,LAO,2035,Bus,Electric,ATS,18.56145800371942,8391.983746294922,0.22118081451140015
Lao PDR,LAO,2036,Bus,Diesel,ATS,8766.808439576058,8787.322665362328,99.76654748474034
Lao PDR,LAO,2036,Bus,Electric,ATS,20.51422578626989,8787.322665362328,0.2334525152596525
Lao PDR,LAO,2037,Bus,Diesel,ATS,9058.246107543344,9080.594848878478,99.75388461100768
Lao PDR,LAO,2037,Bus,Electric,ATS,22.348741335133486,9080.594848878478,0.2461153889923161
Lao PDR,LAO,2038,Bus,Diesel,ATS,9349.725129277309,9374.015293236269,99.74087770075981
Lao PDR,LAO,2038,Bus,Electric,ATS,24.29016395896085,9374.015293236269,0.2591222992401899
Lao PDR,LAO,2039,Bus,Diesel,ATS,9634.78292347329,9661.101696657162,99.72758000060202
Lao PDR,LAO,2039,Bus,Electric,ATS,26.318773183871514,9661.101696657162,0.2724199993979783
Lao PDR,LAO,2040,Bus,Diesel,ATS,9908.23089539931,9936.644719060874,99.71405011988544
Lao PDR,LAO,2040,Bus,Electric,ATS,28.41382366156452,9936.644719060874,0.28594988011456196
Lao PDR,LAO,2041,Bus,Diesel,ATS,10335.37506032876,10366.437979755603,99.70035108021189
Lao PDR,LAO,2041,Bus,Electric,ATS,31.0629194268423,10366.437979755603,0.29964891978811253
Lao PDR,LAO,2042,Bus,Diesel,ATS,10646.938082474753,10680.415932654447,99.68654919067957
Lao PDR,LAO,2042,Bus,Electric,ATS,33.47785017969322,10680.415932654447,0.31345080932042724
Lao PDR,LAO,2043,Bus,Diesel,ATS,11000.64635059153,11036.768281659242,99.67271278923434
Lao PDR,LAO,2043,Bus,Electric,ATS,36.121931067711145,11036.768281659242,0.3272872107656559
Lao PDR,LAO,2044,Bus,Diesel,ATS,11404.286140480297,11443.31805106491,99.65891089970202
Lao PDR,LAO,2044,Bus,Electric,ATS,39.031910584612575,11443.31805106491,0.3410891002979707
Lao PDR,LAO,2045,Bus,Diesel,ATS,11814.990308306598,11857.057742928082,99.64521186002848
Lao PDR,LAO,2045,Bus,Electric,ATS,42.067434621483784,11857.057742928082,0.3547881399715213
Lao PDR,LAO,2046,Bus,Diesel,ATS,12398.234683807363,12444.068430343075,99.6316819793119
Lao PDR,LAO,2046,Bus,Electric,ATS,45.83374653571294,12444.068430343075,0.36831802068810493
Lao PDR,LAO,2047,Bus,Diesel,ATS,12868.542107753236,12917.83861068511,99.61838427915411
Lao PDR,LAO,2047,Bus,Electric,ATS,49.29650293187511,12917.83861068511,0.3816157208458933
Lao PDR,LAO,2048,Bus,Diesel,ATS,13368.576849691975,13421.541289060202,99.60537736890622
Lao PDR,LAO,2048,Bus,Electric,ATS,52.964439368225676,13421.541289060202,0.3946226310937671
Lao PDR,LAO,2049,Bus,Diesel,ATS,13904.692672938572,13961.556067047874,99.59271449517357
Lao PDR,LAO,2049,Bus,Electric,ATS,56.86339410930112,13961.556067047874,0.40728550482643083
Lao PDR,LAO,2050,Bus,Diesel,ATS,14466.572877311706,14527.52415168169,99.58044279442532
Lao PDR,LAO,2050,Bus,Electric,ATS,60.95127436998286,14527.52415168169,0.41955720557468296
Lao PDR,LAO,2051,Bus,Diesel,ATS,15214.616638020383,15280.536449779553,99.5686027648583
Lao PDR,LAO,2051,Bus,Electric,ATS,65.91981175916925,15280.536449779553,0.4313972351417038
Lao PDR,LAO,2052,Bus,Diesel,ATS,15877.163826029158,15947.776119536895,99.55722796094916
Lao PDR,LAO,2052,Bus,Electric,ATS,70.61229350773664,15947.776119536895,0.4427720390508412
Lao PDR,LAO,2053,Bus,Diesel,ATS,16565.77928687004,16641.273271364218,99.54634490244155
Lao PDR,LAO,2053,Bus,Electric,ATS,75.49398449417774,16641.273271364218,0.45365509755846284
Lao PDR,LAO,2054,Bus,Diesel,ATS,17278.938237287195,17359.49093107952,99.53597317967368
Lao PDR,LAO,2054,Bus,Electric,ATS,80.55269379232492,17359.49093107952,0.46402682032632425
Lao PDR,LAO,2055,Bus,Diesel,ATS,18010.715155028138,18096.46966862207,99.52612572969068
Lao PDR,LAO,2055,Bus,Electric,ATS,85.75451359393064,18096.46966862207,0.47387427030932217
Lao PDR,LAO,2056,Bus,Diesel,ATS,18764.34277351308,18855.45056600371,99.51680925273195
Lao PDR,LAO,2056,Bus,Electric,ATS,91.10779249063319,18855.45056600371,0.48319074726806116
Lao PDR,LAO,2057,Bus,Diesel,ATS,19547.582525805567,19644.227264675195,99.50802473638952
Lao PDR,LAO,2057,Bus,Electric,ATS,96.64473886962705,19644.227264675195,0.49197526361047733
Lao PDR,LAO,2058,Bus,Diesel,ATS,20368.72393204673,20471.12704910364,99.49976805472762
Lao PDR,LAO,2058,Bus,Electric,ATS,102.40311705691117,20471.12704910364,0.5002319452723784
Lao PDR,LAO,2059,Bus,Diesel,ATS,21229.856375855037,21338.24814446704,99.49203061151903
Lao PDR,LAO,2059,Bus,Electric,ATS,108.39176861200303,21338.24814446704,0.5079693884809787
Lao PDR,LAO,2060,Bus,Diesel,ATS,22140.365760477773,22255.023642282817,99.48479999999999
Lao PDR,LAO,2060,Bus,Electric,ATS,114.65788180504107,22255.023642282817,0.5152
Lao PDR,LAO,2025,Bus,Diesel,BAS,5728.591379743223,5735.791979430456,99.87446197991392
Lao PDR,LAO,2025,Bus,Electric,BAS,7.200599687233355,5735.791979430456,0.1255380200860832
Lao PDR,LAO,2026,Bus,Diesel,BAS,5892.329567448665,5900.16313330322,99.8672313683949
Lao PDR,LAO,2026,Bus,Electric,BAS,7.83356585455554,5900.16313330322,0.13276863160510444
Lao PDR,LAO,2027,Bus,Diesel,BAS,6060.717029988647,6069.244687469849,99.8594939251863
Lao PDR,LAO,2027,Bus,Electric,BAS,8.52765748120319,6069.244687469849,0.1405060748137048
Lao PDR,LAO,2028,Bus,Diesel,BAS,6233.884114128204,6243.171628334016,99.85123724352441
Lao PDR,LAO,2028,Bus,Electric,BAS,9.287514205812647,6243.171628334016,0.14876275647560583
Lao PDR,LAO,2029,Bus,Diesel,BAS,6411.964994291769,6422.0828106180115,99.84245272718198
Lao PDR,LAO,2029,Bus,Electric,BAS,10.117816326243668,6422.0828106180115,0.15754727281802222
Lao PDR,LAO,2030,Bus,Diesel,BAS,6411.366682426446,6422.0828106180115,99.83313625022325
Lao PDR,LAO,2030,Bus,Electric,BAS,10.716128191566021,6422.0828106180115,0.16686374977676102
Lao PDR,LAO,2031,Bus,Diesel,BAS,6410.734271033803,6422.0828106180115,99.82328880024023
Lao PDR,LAO,2031,Bus,Electric,BAS,11.34853958420833,6422.0828106180115,0.17671119975975885
Lao PDR,LAO,2032,Bus,Diesel,BAS,6410.068190408763,6422.0828106180115,99.81291707747238
Lao PDR,LAO,2032,Bus,Electric,BAS,12.014620209248127,6422.0828106180115,0.1870829225276205
Lao PDR,LAO,2033,Bus,Diesel,BAS,7022.308870515596,7036.238228552727,99.80203401896476
Lao PDR,LAO,2033,Bus,Electric,BAS,13.929358037131129,7036.238228552727,0.19796598103524182
Lao PDR,LAO,2034,Bus,Diesel,BAS,8082.371087187514,8099.326280398105,99.79065921505563
Lao PDR,LAO,2034,Bus,Electric,BAS,16.955193210591798,8099.326280398105,0.20934078494437938
Lao PDR,LAO,2035,Bus,Diesel,BAS,8373.422288291202,8391.983746294922,99.7788191854886
Lao PDR,LAO,2035,Bus,Electric,BAS,18.56145800371942,8391.983746294922,0.22118081451140015
Lao PDR,LAO,2036,Bus,Diesel,BAS,8766.808439576058,8787.322665362328,99.76654748474034
Lao PDR,LAO,2036,Bus,Electric,BAS,20.51422578626989,8787.322665362328,0.2334525152596525
Lao PDR,LAO,2037,Bus,Diesel,BAS,9058.246107543344,9080.594848878478,99.75388461100768
Lao PDR,LAO,2037,Bus,Electric,BAS,22.348741335133486,9080.594848878478,0.2461153889923161
Lao PDR,LAO,2038,Bus,Diesel,BAS,9349.725129277309,9374.015293236269,99.74087770075981
Lao PDR,LAO,2038,Bus,Electric,BAS,24.29016395896085,9374.015293236269,0.2591222992401899
Lao PDR,LAO,2039,Bus,Diesel,BAS,9634.78292347329,9661.101696657162,99.72758000060202
Lao PDR,LAO,2039,Bus,Electric,BAS,26.318773183871514,9661.101696657162,0.2724199993979783
Lao PDR,LAO,2040,Bus,Diesel,BAS,9908.23089539931,9936.644719060874,99.71405011988544
Lao PDR,LAO,2040,Bus,Electric,BAS,28.41382366156452,9936.644719060874,0.28594988011456196
Lao PDR,LAO,2041,Bus,Diesel,BAS,10335.37506032876,10366.437979755603,99.70035108021189
Lao PDR,LAO,2041,Bus,Electric,BAS,31.0629194268423,10366.437979755603,0.29964891978811253
Lao PDR,LAO,2042,Bus,Diesel,BAS,10646.938082474753,10680.415932654447,99.68654919067957
Lao PDR,LAO,2042,Bus,Electric,BAS,33.47785017969322,10680.415932654447,0.31345080932042724
Lao PDR,LAO,2043,Bus,Diesel,BAS,11000.64635059153,11036.768281659242,99.67271278923434
Lao PDR,LAO,2043,Bus,Electric,BAS,36.121931067711145,11036.768281659242,0.3272872107656559
Lao PDR,LAO,2044,Bus,Diesel,BAS,11404.286140480297,11443.31805106491,99.65891089970202
Lao PDR,LAO,2044,Bus,Electric,BAS,39.031910584612575,11443.31805106491,0.3410891002979707
Lao PDR,LAO,2045,Bus,Diesel,BAS,11814.990308306598,11857.057742928082,99.64521186002848
Lao PDR,LAO,2045,Bus,Electric,BAS,42.067434621483784,11857.057742928082,0.3547881399715213
Lao PDR,LAO,2046,Bus,Diesel,BAS,12398.234683807363,12444.068430343075,99.6316819793119
Lao PDR,LAO,2046,Bus,Electric,BAS,45.83374653571294,12444.068430343075,0.36831802068810493
Lao PDR,LAO,2047,Bus,Diesel,BAS,12868.542107753236,12917.83861068511,99.61838427915411
Lao PDR,LAO,2047,Bus,Electric,BAS,49.29650293187511,12917.83861068511,0.3816157208458933
Lao PDR,LAO,2048,Bus,Diesel,BAS,13368.576849691975,13421.541289060202,99.60537736890622
Lao PDR,LAO,2048,Bus,Electric,BAS,52.964439368225676,13421.541289060202,0.3946226310937671
Lao PDR,LAO,2049,Bus,Diesel,BAS,13904.692672938572,13961.556067047874,99.59271449517357
Lao PDR,LAO,2049,Bus,Electric,BAS,56.86339410930112,13961.556067047874,0.40728550482643083
Lao PDR,LAO,2050,Bus,Diesel,BAS,14466.572877311706,14527.52415168169,99.58044279442532
Lao PDR,LAO,2050,Bus,Electric,BAS,60.95127436998286,14527.52415168169,0.41955720557468296
Lao PDR,LAO,2051,Bus,Diesel,BAS,15214.616638020383,15280.536449779553,99.5686027648583
Lao PDR,LAO,2051,Bus,Electric,BAS,65.91981175916925,15280.536449779553,0.4313972351417038
Lao PDR,LAO,2052,Bus,Diesel,BAS,15877.163826029158,15947.776119536895,99.55722796094916
Lao PDR,LAO,2052,Bus,Electric,BAS,70.61229350773664,15947.776119536895,0.4427720390508412
Lao PDR,LAO,2053,Bus,Diesel,BAS,16565.77928687004,16641.273271364218,99.54634490244155
Lao PDR,LAO,2053,Bus,Electric,BAS,75.49398449417774,16641.273271364218,0.45365509755846284
Lao PDR,LAO,2054,Bus,Diesel,BAS,17278.938237287195,17359.49093107952,99.53597317967368
Lao PDR,LAO,2054,Bus,Electric,BAS,80.55269379232492,17359.49093107952,0.46402682032632425
Lao PDR,LAO,2055,Bus,Diesel,BAS,18010.715155028138,18096.46966862207,99.52612572969068
Lao PDR,LAO,2055,Bus,Electric,BAS,85.75451359393064,18096.46966862207,0.47387427030932217
Lao PDR,LAO,2056,Bus,Diesel,BAS,18764.34277351308,18855.45056600371,99.51680925273195
Lao PDR,LAO,2056,Bus,Electric,BAS,91.10779249063319,18855.45056600371,0.48319074726806116
Lao PDR,LAO,2057,Bus,Diesel,BAS,19547.582525805567,19644.227264675195,99.50802473638952
Lao PDR,LAO,2057,Bus,Electric,BAS,96.64473886962705,19644.227264675195,0.49197526361047733
Lao PDR,LAO,2058,Bus,Diesel,BAS,20368.72393204673,20471.12704910364,99.49976805472762
Lao PDR,LAO,2058,Bus,Electric,BAS,102.40311705691117,20471.12704910364,0.5002319452723784
Lao PDR,LAO,2059,Bus,Diesel,BAS,21229.856375855037,21338.24814446704,99.49203061151903
Lao PDR,LAO,2059,Bus,Electric,BAS,108.39176861200303,21338.24814446704,0.5079693884809787
Lao PDR,LAO,2060,Bus,Diesel,BAS,22140.365760477773,22255.023642282817,99.48479999999999
Lao PDR,LAO,2060,Bus,Electric,BAS,114.65788180504107,22255.023642282817,0.5152
Lao PDR,LAO,2025,Bus,Diesel,RAS,5728.591379743223,5735.791979430456,99.87446197991392
Lao PDR,LAO,2025,Bus,Electric,RAS,7.200599687233355,5735.791979430456,0.1255380200860832
Lao PDR,LAO,2026,Bus,Diesel,RAS,5870.832296859325,5900.16313330322,99.50288092411651
Lao PDR,LAO,2026,Bus,Electric,RAS,29.330836443895766,5900.16313330322,0.49711907588349724
Lao PDR,LAO,2027,Bus,Diesel,RAS,6013.476341250301,6069.244687469849,99.08113201738786
Lao PDR,LAO,2027,Bus,Electric,RAS,55.76834621954783,6069.244687469849,0.918867982612126
Lao PDR,LAO,2028,Bus,Diesel,RAS,6156.022318858353,6243.171628334016,98.60408595720573
Lao PDR,LAO,2028,Bus,Electric,RAS,87.14930947566242,6243.171628334016,1.3959140427942733
Lao PDR,LAO,2029,Bus,Diesel,RAS,6297.91746867364,6422.0828106180115,98.06658765378917
Lao PDR,LAO,2029,Bus,Electric,RAS,124.16534194437179,6422.0828106180115,1.933412346210825
Lao PDR,LAO,2030,Bus,Diesel,RAS,6259.194683813613,6422.0828106180115,97.46362462758833
Lao PDR,LAO,2030,Bus,Electric,RAS,162.8881268043986,6422.0828106180115,2.5363753724116727
Lao PDR,LAO,2031,Bus,Diesel,RAS,6215.968615507351,6422.0828106180115,96.79053974872639
Lao PDR,LAO,2031,Bus,Electric,RAS,206.1141951106604,6422.0828106180115,3.209460251273614
Lao PDR,LAO,2032,Bus,Diesel,RAS,6167.979481790391,6422.0828106180115,96.04328788150323
Lao PDR,LAO,2032,Bus,Electric,RAS,254.1033288276209,6422.0828106180115,3.956712118496771
Lao PDR,LAO,2033,Bus,Diesel,RAS,6699.816762842122,7036.238228552727,95.2187311631175
Lao PDR,LAO,2033,Bus,Electric,RAS,336.42146571060516,7036.238228552727,4.781268836882505
Lao PDR,LAO,2034,Bus,Diesel,RAS,7638.876450169406,8099.326280398105,94.31496134014165
Lao PDR,LAO,2034,Bus,Electric,RAS,460.44983022869945,8099.326280398105,5.685038659858348
Lao PDR,LAO,2035,Bus,Diesel,RAS,7832.375237578716,8391.983746294922,93.33163021242416
Lao PDR,LAO,2035,Bus,Electric,RAS,559.6085087162056,8391.983746294922,6.668369787575839
Lao PDR,LAO,2036,Bus,Diesel,RAS,8108.08561634961,8787.322665362328,92.27026166126664
Lao PDR,LAO,2036,Bus,Electric,RAS,679.2370490127187,8787.322665362328,7.729738338733368
Lao PDR,LAO,2037,Bus,Diesel,RAS,8275.55583232725,9080.594848878478,91.13451233152799
Lao PDR,LAO,2037,Bus,Electric,RAS,805.039016551227,9080.594848878478,8.86548766847202
Lao PDR,LAO,2038,Bus,Diesel,RAS,8430.084249984191,9374.015293236269,89.93034453514106
Lao PDR,LAO,2038,Bus,Electric,RAS,943.9310432520786,9374.015293236269,10.069655464858938
Lao PDR,LAO,2039,Bus,Diesel,RAS,8566.119786407917,9661.101696657162,88.66607614090098
Lao PDR,LAO,2039,Bus,Electric,RAS,1094.9819102492459,9661.101696657162,11.333923859099016
Lao PDR,LAO,2040,Bus,Diesel,RAS,8679.885663420555,9936.644719060874,87.35227945475847
Lao PDR,LAO,2040,Bus,Electric,RAS,1256.7590556403193,9936.644719060874,12.647720545241526
Lao PDR,LAO,2041,Bus,Diesel,RAS,8915.29368096943,10366.437979755603,86.00151468016224
Lao PDR,LAO,2041,Bus,Electric,RAS,1451.144298786173,10366.437979755603,13.99848531983775
Lao PDR,LAO,2042,Bus,Diesel,RAS,9038.611959022706,10680.415932654447,84.62790228410424
Lao PDR,LAO,2042,Bus,Electric,RAS,1641.8039736317412,10680.415932654447,15.37209771589576
Lao PDR,LAO,2043,Bus,Diesel,RAS,9187.72989607965,11036.768281659242,83.24655969580968
Lao PDR,LAO,2043,Bus,Electric,RAS,1849.0383855795926,11036.768281659242,16.753440304190317
Lao PDR,LAO,2044,Bus,Diesel,RAS,9368.981757291345,11443.31805106491,81.87294729975167
Lao PDR,LAO,2044,Bus,Electric,RAS,2074.3362937735665,11443.31805106491,18.127052700248328
Lao PDR,LAO,2045,Bus,Diesel,RAS,9547.561677873628,11857.057742928082,80.52218252515544
Lao PDR,LAO,2045,Bus,Electric,RAS,2309.496065054455,11857.057742928082,19.477817474844553
Lao PDR,LAO,2046,Bus,Diesel,RAS,9856.745736376944,12444.068430343075,79.20838583901293
Lao PDR,LAO,2046,Bus,Electric,RAS,2587.3226939661317,12444.068430343075,20.791614160987066
Lao PDR,LAO,2047,Bus,Diesel,RAS,10068.695298038618,12917.83861068511,77.94411744477287
Lao PDR,LAO,2047,Bus,Electric,RAS,2849.143312646493,12917.83861068511,22.05588255522714
Lao PDR,LAO,2048,Bus,Diesel,RAS,10299.68402726213,13421.541289060202,76.73994964838596
Lao PDR,LAO,2048,Bus,Electric,RAS,3121.857261798073,13421.541289060202,23.260050351614055
Lao PDR,LAO,2049,Bus,Diesel,RAS,10555.52281653113,13961.556067047874,75.6042003186473
Lao PDR,LAO,2049,Bus,Electric,RAS,3406.0332505167457,13961.556067047874,24.395799681352713
Lao PDR,LAO,2050,Bus,Diesel,RAS,10829.227888369527,14527.52415168169,74.54283176748977
Lao PDR,LAO,2050,Bus,Electric,RAS,3698.296263312164,14527.52415168169,25.45716823251024
Lao PDR,LAO,2051,Bus,Diesel,RAS,11240.286307536224,15280.536449779553,73.55950063977227
Lao PDR,LAO,2051,Bus,Electric,RAS,4040.250142243328,15280.536449779553,26.440499360227733
Lao PDR,LAO,2052,Bus,Diesel,RAS,11586.973288676067,15947.776119536895,72.65573081679642
Lao PDR,LAO,2052,Bus,Electric,RAS,4360.802830860826,15947.776119536895,27.34426918320358
Lao PDR,LAO,2053,Bus,Diesel,RAS,11953.621975745915,16641.273271364218,71.83117409841068
Lao PDR,LAO,2053,Bus,Electric,RAS,4687.651295618303,16641.273271364218,28.16882590158931
Lao PDR,LAO,2054,Bus,Diesel,RAS,12339.807033178618,17359.49093107952,71.08392223118753
Lao PDR,LAO,2054,Bus,Electric,RAS,5019.683897900902,17359.49093107952,28.91607776881247
Lao PDR,LAO,2055,Bus,Diesel,RAS,12741.875824886423,18096.46966862207,70.4108373523256
Lao PDR,LAO,2055,Bus,Electric,RAS,5354.59384373565,18096.46966862207,29.589162647674407
Lao PDR,LAO,2056,Bus,Diesel,RAS,13162.589234740448,18855.45056600371,69.80787432612475
Lao PDR,LAO,2056,Bus,Electric,RAS,5692.8613312632615,18855.45056600371,30.192125673875246
Lao PDR,LAO,2057,Bus,Diesel,RAS,13607.630092995872,19644.227264675195,69.27037602270819
Lao PDR,LAO,2057,Bus,Electric,RAS,6036.597171679324,19644.227264675195,30.72962397729181
Lao PDR,LAO,2058,Bus,Diesel,RAS,14082.769977937787,20471.12704910364,68.79332996252604
Lao PDR,LAO,2058,Bus,Electric,RAS,6388.357071165853,20471.12704910364,31.20667003747396
Lao PDR,LAO,2059,Bus,Diesel,RAS,14589.297625981471,21338.24814446704,68.37158105579742
Lao PDR,LAO,2059,Bus,Electric,RAS,6748.950518485569,21338.24814446704,31.62841894420258
Lao PDR,LAO,2060,Bus,Diesel,RAS,15133.416076752314,22255.023642282817,68.0
Lao PDR,LAO,2060,Bus,Electric,RAS,7121.607565530501,22255.023642282817,32.0
Lao PDR,LAO,2006,Bus,Electric,historical,0.0,2436.0,0.0
Lao PDR,LAO,2006,Bus,HybridDiesel,historical,2436.0,2436.0,100.0
Lao PDR,LAO,2007,Bus,Electric,historical,0.0,2583.0,0.0
Lao PDR,LAO,2007,Bus,HybridDiesel,historical,2583.0,2583.0,100.0
Lao PDR,LAO,2008,Bus,Electric,historical,0.0,2737.0,0.0
Lao PDR,LAO,2008,Bus,HybridDiesel,historical,2737.0,2737.0,100.0
Lao PDR,LAO,2009,Bus,Electric,historical,0.0,2898.0,0.0
Lao PDR,LAO,2009,Bus,HybridDiesel,historical,2898.0,2898.0,100.0
Lao PDR,LAO,2010,Bus,Electric,historical,0.0,3064.0,0.0
Lao PDR,LAO,2010,Bus,HybridDiesel,historical,3064.0,3064.0,100.0
Lao PDR,LAO,2011,Bus,Electric,historical,0.0,3236.0,0.0
Lao PDR,LAO,2011,Bus,HybridDiesel,historical,3236.0,3236.0,100.0
Lao PDR,LAO,2012,Bus,Electric,historical,0.0,3413.0,0.0
Lao PDR,LAO,2012,Bus,HybridDiesel,historical,3413.0,3413.0,100.0
Lao PDR,LAO,2013,Bus,Electric,historical,0.0,3595.0,0.0
Lao PDR,LAO,2013,Bus,HybridDiesel,historical,3595.0,3595.0,100.0
Lao PDR,LAO,2014,Bus,Electric,historical,0.0,3781.0,0.0
Lao PDR,LAO,2014,Bus,HybridDiesel,historical,3781.0,3781.0,100.0
Lao PDR,LAO,2015,Bus,Electric,historical,0.0,3971.0,0.0
Lao PDR,LAO,2015,Bus,HybridDiesel,historical,3971.0,3971.0,100.0
Lao PDR,LAO,2016,Bus,Electric,historical,0.0,4162.0,0.0
Lao PDR,LAO,2016,Bus,HybridDiesel,historical,4162.0,4162.0,100.0
Lao PDR,LAO,2017,Bus,Electric,historical,0.0,4355.0,0.0
Lao PDR,LAO,2017,Bus,HybridDiesel,historical,4355.0,4355.0,100.0
Lao PDR,LAO,2018,Bus,Electric,historical,0.0,4548.0,0.0
Lao PDR,LAO,2018,Bus,HybridDiesel,historical,4548.0,4548.0,100.0
Lao PDR,LAO,2019,Bus,Electric,historical,0.0,4738.0,0.0
Lao PDR,LAO,2019,Bus,HybridDiesel,historical,4738.0,4738.0,100.0
Lao PDR,LAO,2020,Bus,Electric,historical,0.0,4924.0,0.0
Lao PDR,LAO,2020,Bus,HybridDiesel,historical,4924.0,4924.0,100.0
Lao PDR,LAO,2021,Bus,Electric,historical,0.0,5103.0,0.0
Lao PDR,LAO,2021,Bus,HybridDiesel,historical,5103.0,5103.0,100.0
Lao PDR,LAO,2022,Bus,Electric,historical,0.0,5273.0,0.0
Lao PDR,LAO,2022,Bus,HybridDiesel,historical,5273.0,5273.0,100.0
Lao PDR,LAO,2023,Bus,Electric,historical,0.0,5430.0,0.0
Lao PDR,LAO,2023,Bus,HybridDiesel,historical,5430.0,5430.0,100.0
Lao PDR,LAO,2024,Bus,Electric,historical,7.0,5576.0,0.12553802008608322
Lao PDR,LAO,2024,Bus,HybridDiesel,historical,5569.0,5576.0,99.87446197991392
Lao PDR,LAO,2025,LDV,Electric,ATS,56.84067637540762,97327.47814794796,0.05840146837977641
Lao PDR,LAO,2025,LDV,Gasoline,ATS,71018.36508275928,97327.47814794796,72.96846320707492
Lao PDR,LAO,2025,LDV,HybridDiesel,ATS,26252.272388813264,97327.47814794796,26.973135324545304
Lao PDR,LAO,2026,LDV,Electric,ATS,278.4764129142875,28174.917040904053,0.9883841450535535
Lao PDR,LAO,2026,LDV,Gasoline,ATS,20506.399605086433,28174.917040904053,72.78246667174017
Lao PDR,LAO,2026,LDV,HybridDiesel,ATS,7390.041022903334,28174.917040904053,26.229149183206285
Lao PDR,LAO,2027,LDV,Electric,ATS,621.8402271428951,31729.255148059718,1.9598324140959904
Lao PDR,LAO,2027,LDV,Gasoline,ATS,23031.687893344788,31729.255148059718,72.58817701793167
Lao PDR,LAO,2027,LDV,HybridDiesel,ATS,8075.727027572037,31729.255148059718,25.451990567972338
Lao PDR,LAO,2028,LDV,Electric,ATS,1063.146172286172,35868.55006026983,2.9640065475180077
Lao PDR,LAO,2028,LDV,Gasoline,ATS,25964.290071166353,35868.55006026983,72.38734219124727
Lao PDR,LAO,2028,LDV,HybridDiesel,ATS,8841.113816817307,35868.55006026983,24.648651261234725
Lao PDR,LAO,2029,LDV,Electric,ATS,1607.9596064105485,40291.48940423975,3.990816994323739
Lao PDR,LAO,2029,LDV,Gasoline,ATS,29083.19486452189,40291.48940423975,72.18198010188613
Lao PDR,LAO,2029,LDV,HybridDiesel,ATS,9600.334933307311,40291.48940423975,23.82720290379014
Lao PDR,LAO,2030,LDV,Electric,ATS,246.11059819069277,4893.632431840815,5.029200734189889
Lao PDR,LAO,2030,LDV,Gasoline,ATS,3522.157851518573,4893.632431840815,71.97430335391289
Lao PDR,LAO,2030,LDV,HybridDiesel,ATS,1125.3639821315496,4893.632431840815,22.99649591189722
Lao PDR,LAO,2031,LDV,Electric,ATS,1624.093985231432,26766.73051979387,6.067584474056039
Lao PDR,LAO,2031,LDV,Gasoline,ATS,19209.57954675856,26766.73051979387,71.76662660593966
Lao PDR,LAO,2031,LDV,HybridDiesel,ATS,5933.056987803879,26766.73051979387,22.1657889200043
Lao PDR,LAO,2032,LDV,Electric,ATS,2003.3590291259493,28238.617267201655,7.094394920861771
Lao PDR,LAO,2032,LDV,Gasoline,ATS,20207.91159840639,28238.617267201655,71.56126451657852
Lao PDR,LAO,2032,LDV,HybridDiesel,ATS,6027.346639669315,28238.617267201655,21.344340562559715
Lao PDR,LAO,2033,LDV,Electric,ATS,2418.1517904258067,29859.000697743148,8.098569054283788
Lao PDR,LAO,2033,LDV,Gasoline,ATS,21307.51119901799,29859.000697743148,71.36042968989412
Lao PDR,LAO,2033,LDV,HybridDiesel,ATS,6133.33770829935,29859.000697743148,20.541001255822103
Lao PDR,LAO,2034,LDV,Electric,ATS,3006.349363144014,33146.01566870551,9.070017323326223
Lao PDR,LAO,2034,LDV,Gasoline,ATS,23588.739927173847,33146.01566870551,71.16614003608562
Lao PDR,LAO,2034,LDV,HybridDiesel,ATS,6550.926378387651,33146.01566870551,19.763842640588155
Lao PDR,LAO,2035,LDV,Electric,ATS,3968.529501490062,39685.29501490062,10.0
Lao PDR,LAO,2035,LDV,Gasoline,ATS,28168.679350272792,39685.29501490062,70.98014350075087
Lao PDR,LAO,2035,LDV,HybridDiesel,ATS,7548.0861631377675,39685.29501490062,19.019856499249133
Lao PDR,LAO,2036,LDV,Electric,ATS,4776.008379109778,43891.52898435056,10.881389848170143
Lao PDR,LAO,2036,LDV,Gasoline,ATS,31076.899161630743,43891.52898435056,70.80386553111684
Lao PDR,LAO,2036,LDV,HybridDiesel,ATS,8038.62144361004,43891.52898435056,18.314744620713018
Lao PDR,LAO,2037,LDV,Electric,ATS,5610.614422252323,47917.88782481477,11.708809959997463
Lao PDR,LAO,2037,LDV,Gasoline,ATS,33848.42041262818,47917.88782481477,70.63838150875137
Lao PDR,LAO,2037,LDV,HybridDiesel,ATS,8458.852989934263,47917.88782481477,17.652808531251164
Lao PDR,LAO,2038,LDV,Electric,ATS,6535.02175608156,52369.61743527901,12.47865093564578
Lao PDR,LAO,2038,LDV,Gasoline,ATS,36912.41760384455,52369.61743527901,70.4844133136217
Lao PDR,LAO,2038,LDV,HybridDiesel,ATS,8922.178075352895,52369.61743527901,17.03693575073251
Lao PDR,LAO,2039,LDV,Electric,ATS,7343.948503818357,55682.44330779527,13.188983937402474
Lao PDR,LAO,2039,LDV,Gasoline,ATS,39168.33732998957,55682.44330779527,70.34234671327037
Lao PDR,LAO,2039,LDV,HybridDiesel,ATS,9170.157473987352,55682.44330779527,16.468669349327158
Lao PDR,LAO,2040,LDV,Electric,ATS,8082.44509028829,58401.72681282245,13.839394023729005
Lao PDR,LAO,2040,LDV,Gasoline,ATS,41005.175016856665,58401.72681282245,70.21226469600506
Lao PDR,LAO,2040,LDV,HybridDiesel,ATS,9314.106705677503,58401.72681282245,15.948341280265934
Lao PDR,LAO,2041,LDV,Electric,ATS,9547.321187851883,66159.51174057333,14.43076125665668
Lao PDR,LAO,2041,LDV,Gasoline,ATS,46373.84237009616,66159.51174057333,70.09399124941953
Lao PDR,LAO,2041,LDV,HybridDiesel,ATS,10238.348182625294,66159.51174057333,15.475247493923794
Lao PDR,LAO,2042,LDV,Electric,ATS,10458.152710611712,69884.00597261323,14.965016050611274
Lao PDR,LAO,2042,LDV,Gasoline,ATS,48909.8173007641,69884.00597261323,69.98714029062862
Lao PDR,LAO,2042,LDV,HybridDiesel,ATS,10516.035961237423,69884.00597261323,15.047843658760119
Lao PDR,LAO,2043,LDV,Electric,ATS,10984.297373120091,71119.29207141802,15.444891327221951
Lao PDR,LAO,2043,LDV,Gasoline,ATS,49706.101935814986,71119.29207141802,69.89116523530647
Lao PDR,LAO,2043,LDV,HybridDiesel,ATS,10428.892762482947,71119.29207141802,14.663943437471577
Lao PDR,LAO,2044,LDV,Electric,ATS,11770.08366412602,74148.38440683123,15.873688628934781
Lao PDR,LAO,2044,LDV,Gasoline,ATS,51759.5806107686,74148.38440683123,69.8054057749639
Lao PDR,LAO,2044,LDV,HybridDiesel,ATS,10618.720131936607,74148.38440683123,14.320905596101314
Lao PDR,LAO,2045,LDV,Electric,ATS,12519.296996909532,77017.79995469365,16.2550696128351
Lao PDR,LAO,2045,LDV,Gasoline,ATS,53703.841528674755,77017.79995469365,69.72912957818384
Lao PDR,LAO,2045,LDV,HybridDiesel,ATS,10794.661429109368,77017.79995469365,14.015800808981064
Lao PDR,LAO,2046,LDV,Electric,ATS,13802.519814715435,83183.39270224283,16.592879138894855
Lao PDR,LAO,2046,LDV,Gasoline,ATS,57946.85539994685,83183.39270224283,69.6615676729719
Lao PDR,LAO,2046,LDV,HybridDiesel,ATS,11434.017487580546,83183.39270224283,13.745553188133258
Lao PDR,LAO,2047,LDV,Electric,ATS,14392.30913277882,85206.9591313334,16.891001955128214
Lao PDR,LAO,2047,LDV,Gasoline,ATS,59305.69922011749,85206.9591313334,69.60194310972521
Lao PDR,LAO,2047,LDV,HybridDiesel,ATS,11508.95077843709,85206.9591313334,13.507054935146574
Lao PDR,LAO,2048,LDV,Electric,ATS,15382.731417926258,89678.22245283658,17.153251923583028
Lao PDR,LAO,2048,LDV,Gasoline,ATS,62370.74915141746,89678.22245283658,69.54949311603426
Lao PDR,LAO,2048,LDV,HybridDiesel,ATS,11924.741883492863,89678.22245283658,13.29725496038272
Lao PDR,LAO,2049,LDV,Electric,ATS,16361.724603817775,94123.28668869927,17.38329076621823
Lao PDR,LAO,2049,LDV,Gasoline,ATS,65418.9647722723,94123.28668869927,69.50348534750721
Lao PDR,LAO,2049,LDV,HybridDiesel,ATS,12342.597312609194,94123.28668869927,13.113223886274557
Lao PDR,LAO,2050,LDV,Electric,ATS,17374.91899714969,98807.74318556499,17.584572258187173
Lao PDR,LAO,2050,LDV,Gasoline,ATS,68635.04896724876,98807.74318556499,69.46322904911342
Lao PDR,LAO,2050,LDV,HybridDiesel,ATS,12797.775221166534,98807.74318556499,12.952198692699405
Lao PDR,LAO,2051,LDV,Electric,ATS,18343.561652310476,103284.03222346026,17.76030743321799
Lao PDR,LAO,2051,LDV,Gasoline,ATS,71708.12259958097,103284.03222346026,69.42808201410726
Lao PDR,LAO,2051,LDV,HybridDiesel,ATS,13232.347971568832,103284.03222346026,12.811610552674757
Lao PDR,LAO,2052,LDV,Electric,ATS,19507.787036581074,108900.24466084223,17.913446473270948
Lao PDR,LAO,2052,LDV,Gasoline,ATS,75573.99741883522,108900.24466084223,69.39745420609667
Lao PDR,LAO,2052,LDV,HybridDiesel,ATS,13818.460205425943,108900.24466084223,12.68909932063239
Lao PDR,LAO,2053,LDV,Electric,ATS,20579.93378047616,114037.27093745233,18.046673347491744
Lao PDR,LAO,2053,LDV,Gasoline,ATS,79108.57721839752,114037.27093745233,69.3708088312525
Lao PDR,LAO,2053,LDV,HybridDiesel,ATS,14348.759938578643,114037.27093745233,12.58251782125575
Lao PDR,LAO,2054,LDV,Electric,ATS,21621.616053182846,119045.9652047765,18.162409801953807
Lao PDR,LAO,2054,LDV,Gasoline,ATS,82555.59302766326,119045.9652047765,69.3476615403601
Lao PDR,LAO,2054,LDV,HybridDiesel,ATS,14868.756123930405,119045.9652047765,12.489928657686102
Lao PDR,LAO,2055,LDV,Electric,ATS,22635.672473805414,123943.97570013604,18.262825882372084
Lao PDR,LAO,2055,LDV,Gasoline,ATS,85927.35683173397,123943.97570013604,69.32757832427644
Lao PDR,LAO,2055,LDV,HybridDiesel,ATS,15380.946394596662,123943.97570013604,12.409595793351478
Lao PDR,LAO,2056,LDV,Electric,ATS,23629.320135528087,128771.15638756822,18.349854733314565
Lao PDR,LAO,2056,LDV,Gasoline,ATS,89251.51069211797,128771.15638756822,69.31017255408794
Lao PDR,LAO,2056,LDV,HybridDiesel,ATS,15890.325559922167,128771.15638756822,12.339972712597497
Lao PDR,LAO,2057,LDV,Electric,ATS,24541.240209352993,133193.81603425718,18.425209923440466
Lao PDR,LAO,2057,LDV,Gasoline,ATS,92296.7900340564,133193.81603425718,69.29510151606276
Lao PDR,LAO,2057,LDV,HybridDiesel,ATS,16355.785790847796,133193.81603425718,12.279688560496774
Lao PDR,LAO,2058,LDV,Electric,ATS,25421.37856124894,137484.17064357083,18.490403980509242
Lao PDR,LAO,2058,LDV,Gasoline,ATS,95251.86931424538,137484.17064357083,69.28206270464901
Lao PDR,LAO,2058,LDV,HybridDiesel,ATS,16810.922768076507,137484.17064357083,12.227533314841752
Lao PDR,LAO,2059,LDV,Electric,ATS,26242.748980762506,141495.00410455256,18.54676717869939
Lao PDR,LAO,2059,LDV,Gasoline,ATS,98014.70724574327,141495.00410455256,69.27079006501098
Lao PDR,LAO,2059,LDV,HybridDiesel,ATS,17237.547878046786,141495.00410455256,12.182442756289637
Lao PDR,LAO,2060,LDV,Electric,ATS,27017.162286910338,145288.97754065087,18.59546590817677
Lao PDR,LAO,2060,LDV,Gasoline,ATS,100628.67184255862,145288.97754065087,69.2610503191155
Lao PDR,LAO,2060,LDV,HybridDiesel,ATS,17643.143411181918,145288.97754065087,12.143483772707732
Lao PDR,LAO,2025,LDV,Electric,BAS,56.84067637540762,97327.47814794796,0.05840146837977641
Lao PDR,LAO,2025,LDV,Gasoline,BAS,71018.36508275928,97327.47814794796,72.96846320707492
Lao PDR,LAO,2025,LDV,HybridDiesel,BAS,26252.272388813264,97327.47814794796,26.973135324545304
Lao PDR,LAO,2026,LDV,Electric,BAS,17.91792217412526,28174.917040904053,0.06359529700872661
Lao PDR,LAO,2026,LDV,Gasoline,BAS,20558.511303234463,28174.917040904053,72.96742444134912
Lao PDR,LAO,2026,LDV,HybridDiesel,BAS,7598.487815495463,28174.917040904053,26.968980261642145
Lao PDR,LAO,2027,LDV,Electric,BAS,21.941791613996802,31729.255148059718,0.06915318847419766
Lao PDR,LAO,2027,LDV,Gasoline,BAS,23151.66758045057,31729.255148059718,72.96631286305603
Lao PDR,LAO,2027,LDV,HybridDiesel,BAS,8555.645775995154,31729.255148059718,26.964533948469764
Lao PDR,LAO,2028,LDV,Electric,BAS,26.931561744653735,35868.55006026983,0.07508405469248326
Lao PDR,LAO,2028,LDV,Gasoline,BAS,26171.532993274654,35868.55006026983,72.96512668981238
Lao PDR,LAO,2028,LDV,HybridDiesel,BAS,9670.08550525052,35868.55006026983,26.95978925549514
Lao PDR,LAO,2029,LDV,Electric,BAS,32.79488326263903,40291.48940423975,0.08139407042914658
Lao PDR,LAO,2029,LDV,Gasoline,BAS,29398.227809151475,40291.48940423975,72.96386468666505
Lao PDR,LAO,2029,LDV,HybridDiesel,BAS,10860.466711825635,40291.48940423975,26.954741242905804
Lao PDR,LAO,2030,LDV,Electric,BAS,4.310614821312351,4893.632431840815,0.0880861993897414
Lao PDR,LAO,2030,LDV,Gasoline,BAS,3570.517848192449,4893.632431840815,72.96252626087293
Lao PDR,LAO,2030,LDV,HybridDiesel,BAS,1318.8039688270535,4893.632431840815,26.94938753973733
Lao PDR,LAO,2031,LDV,Electric,BAS,25.47114907488356,26766.73051979387,0.09515973217591056
Lao PDR,LAO,2031,LDV,Gasoline,BAS,19529.30411398987,26766.73051979387,72.96111155431569
Lao PDR,LAO,2031,LDV,HybridDiesel,BAS,7211.955256729115,26766.73051979387,26.943728713508392
Lao PDR,LAO,2032,LDV,Electric,BAS,28.975604494843456,28238.617267201655,0.10260985593121726
Lao PDR,LAO,2032,LDV,Gasoline,BAS,20602.788283332615,28238.617267201655,72.95962152956463
Lao PDR,LAO,2032,LDV,HybridDiesel,BAS,7606.853379374196,28238.617267201655,26.937768614504147
Lao PDR,LAO,2033,LDV,Electric,BAS,32.972481658461994,29859.000697743148,0.11042727783235617
Lao PDR,LAO,2033,LDV,Gasoline,BAS,21784.547060771463,29859.000697743148,72.9580580451844
Lao PDR,LAO,2033,LDV,HybridDiesel,BAS,8041.481155313223,29859.000697743148,26.931514676983237
Lao PDR,LAO,2034,LDV,Electric,BAS,39.310487108734115,33146.01566870551,0.11859792592160247
Lao PDR,LAO,2034,LDV,Gasoline,BAS,24182.14770238091,33146.01566870551,72.95642391556656
Lao PDR,LAO,2034,LDV,HybridDiesel,BAS,8924.557479215873,33146.01566870551,26.92497815851184
Lao PDR,LAO,2035,LDV,Electric,BAS,50.441101616046495,39685.29501490062,0.1271027507723135
Lao PDR,LAO,2035,LDV,Gasoline,BAS,28952.2970302476,39685.29501490062,72.95472295059642
Lao PDR,LAO,2035,LDV,HybridDiesel,BAS,10682.556883036978,39685.29501490062,26.918174298631275
Lao PDR,LAO,2036,LDV,Electric,BAS,59.65633467038713,43891.52898435056,0.13591764983092178
Lao PDR,LAO,2036,LDV,Gasoline,BAS,32020.169570518625,43891.52898435056,72.95295997078469
Lao PDR,LAO,2036,LDV,HybridDiesel,BAS,11811.703079161549,43891.52898435056,26.911122379384388
Lao PDR,LAO,2037,LDV,Electric,BAS,69.48742197430008,47917.88782481477,0.14501353279247695
Lao PDR,LAO,2037,LDV,Gasoline,BAS,34956.64581268379,47917.88782481477,72.95114079419238
Lao PDR,LAO,2037,LDV,HybridDiesel,BAS,12891.75459015668,47917.88782481477,26.903845673015148
Lao PDR,LAO,2038,LDV,Electric,BAS,80.83593001179342,52369.61743527901,0.15435654100718704
Lao PDR,LAO,2038,LDV,Gasoline,BAS,38203.25476905851,52369.61743527901,72.94927219254944
Lao PDR,LAO,2038,LDV,HybridDiesel,BAS,14085.526736208707,52369.61743527901,26.89637126644338
Lao PDR,LAO,2039,LDV,Electric,BAS,91.268216855548,55682.44330779527,0.16390842684658363
Lao PDR,LAO,2039,LDV,Gasoline,BAS,40618.87338738213,55682.44330779527,72.94736181538156
Lao PDR,LAO,2039,LDV,HybridDiesel,BAS,14972.301703557594,55682.44330779527,26.888729757771863
Lao PDR,LAO,2040,LDV,Electric,BAS,101.40121910322374,58401.72681282245,0.17362709056226142
Lao PDR,LAO,2040,LDV,Gasoline,BAS,42601.383791093685,58401.72681282245,72.94541808263843
Lao PDR,LAO,2040,LDV,HybridDiesel,BAS,15698.94180262555,58401.72681282245,26.880954826799318
Lao PDR,LAO,2041,LDV,Electric,BAS,121.38104542912846,66159.51174057333,0.1834672630370845
Lao PDR,LAO,2041,LDV,Gasoline,BAS,48259.03039858072,66159.51174057333,72.94345004814346
Lao PDR,LAO,2041,LDV,HybridDiesel,BAS,17779.10029656349,66159.51174057333,26.873082688819462
Lao PDR,LAO,2042,LDV,Electric,BAS,135.1426088221252,69884.00597261323,0.19338131370872771
Lao PDR,LAO,2042,LDV,Gasoline,BAS,50974.41932112202,69884.00597261323,72.94146723800912
Lao PDR,LAO,2042,LDV,HybridDiesel,BAS,18774.44404266908,69884.00597261323,26.86515144828214
Lao PDR,LAO,2043,LDV,Electric,BAS,144.59985464056192,71119.29207141802,0.2033201546710486
Lao PDR,LAO,2043,LDV,Gasoline,BAS,51874.041439510904,71119.29207141802,72.93947946981667
Lao PDR,LAO,2043,LDV,HybridDiesel,BAS,19100.650777266565,71119.29207141802,26.857200375512292
Lao PDR,LAO,2044,LDV,Electric,BAS,158.10971826435102,74148.38440683123,0.21323420534269186
Lao PDR,LAO,2044,LDV,Gasoline,BAS,54081.975399940944,74148.38440683123,72.93749665968234
Lao PDR,LAO,2044,LDV,HybridDiesel,BAS,19908.299288625934,74148.38440683123,26.849269134974975
Lao PDR,LAO,2045,LDV,Electric,BAS,171.8069780576712,77017.79995469365,0.22307437781751496
Lao PDR,LAO,2045,LDV,Gasoline,BAS,56173.339532445134,77017.79995469365,72.93552862518737
Lao PDR,LAO,2045,LDV,HybridDiesel,BAS,20672.653444190844,77017.79995469365,26.841396996995115
Lao PDR,LAO,2046,LDV,Electric,BAS,193.64514992205096,83183.39270224283,0.23279304153319275
Lao PDR,LAO,2046,LDV,Gasoline,BAS,60668.63033290554,83183.39270224283,72.93358489244423
Lao PDR,LAO,2046,LDV,HybridDiesel,BAS,22321.117219415242,83183.39270224283,26.83362206602257
Lao PDR,LAO,2047,LDV,Electric,BAS,206.4947432232218,85206.9591313334,0.24234492737258934
Lao PDR,LAO,2047,LDV,Gasoline,BAS,62142.86209802862,85206.9591313334,72.93167451527636
Lao PDR,LAO,2047,LDV,HybridDiesel,BAS,22857.602290081555,85206.9591313334,26.825980557351052
Lao PDR,LAO,2048,LDV,Electric,BAS,225.70926676293047,89678.22245283658,0.25168793558729946
Lao PDR,LAO,2048,LDV,Gasoline,BAS,65402.15358165014,89678.22245283658,72.92980591363342
Lao PDR,LAO,2048,LDV,HybridDiesel,BAS,24050.35960442351,89678.22245283658,26.818506150779285
Lao PDR,LAO,2049,LDV,Electric,BAS,245.45830117047572,94123.28668869927,0.2607838185488546
Lao PDR,LAO,2049,LDV,Gasoline,BAS,68642.21803280179,94123.28668869927,72.92798673704111
Lao PDR,LAO,2049,LDV,HybridDiesel,BAS,25235.610354727018,94123.28668869927,26.811229444410046
Lao PDR,LAO,2050,LDV,Electric,BAS,266.38440852515845,98807.74318556499,0.2695987176074628
Lao PDR,LAO,2050,LDV,Gasoline,BAS,72056.7558849737,98807.74318556499,72.92622375722938
Lao PDR,LAO,2050,LDV,HybridDiesel,BAS,26484.602892066145,98807.74318556499,26.80417752516316
Lao PDR,LAO,2051,LDV,Electric,BAS,287.2365524070848,103284.03222346026,0.27810354245817387
Lao PDR,LAO,2051,LDV,Gasoline,BAS,75319.38761956166,103284.03222346026,72.92452279225924
Lao PDR,LAO,2051,LDV,HybridDiesel,BAS,27677.408051491526,103284.03222346026,26.797373665282592
Lao PDR,LAO,2052,LDV,Electric,BAS,311.75329390698613,108900.24466084223,0.28627419054742004
Lao PDR,LAO,2052,LDV,Gasoline,BAS,79413.20416737004,108900.24466084223,72.92288866264138
Lao PDR,LAO,2052,LDV,HybridDiesel,BAS,29175.28719956519,108900.24466084223,26.790837146811192
Lao PDR,LAO,2053,LDV,Electric,BAS,335.37404889228566,114037.27093745233,0.29409161244855914
Lao PDR,LAO,2053,LDV,Gasoline,BAS,83157.48916471432,114037.27093745233,72.92132517826117
Lao PDR,LAO,2053,LDV,HybridDiesel,BAS,30544.407723845725,114037.27093745233,26.784583209290286
Lao PDR,LAO,2054,LDV,Electric,BAS,358.97327035913275,119045.9652047765,0.3015417362038656
Lao PDR,LAO,2054,LDV,Gasoline,BAS,86808.121584228,119045.9652047765,72.91983515351009
Lao PDR,LAO,2054,LDV,HybridDiesel,BAS,31878.870350189354,119045.9652047765,26.778623110286038
Lao PDR,LAO,2055,LDV,Electric,BAS,382.5100340039184,123943.97570013604,0.30861526899003494
Lao PDR,LAO,2055,LDV,Gasoline,BAS,90377.9893196943,123943.97570013604,72.91842044695287
Lao PDR,LAO,2055,LDV,HybridDiesel,BAS,33183.47634643784,123943.97570013604,26.772964284057103
Lao PDR,LAO,2056,LDV,Electric,BAS,406.0249825165776,128771.15638756822,0.31530739795062984
Lao PDR,LAO,2056,LDV,Gasoline,BAS,93896.1697227203,128771.15638756822,72.91708202116075
Lao PDR,LAO,2056,LDV,HybridDiesel,BAS,34468.961682331355,128771.15638756822,26.76761058088863
Lao PDR,LAO,2057,LDV,Electric,BAS,428.37450632078884,133193.81603425718,0.32161741368729296
Lao PDR,LAO,2057,LDV,Gasoline,BAS,97119.36317466285,133193.81603425718,72.9158200180134
Lao PDR,LAO,2057,LDV,HybridDiesel,BAS,35646.07835327353,133193.81603425718,26.76256256829929
Lao PDR,LAO,2058,LDV,Electric,BAS,450.32703608546683,137484.17064357083,0.3275482799055787
Lao PDR,LAO,2058,LDV,Gasoline,BAS,100246.07961927811,137484.17064357083,72.91463384476977
Lao PDR,LAO,2058,LDV,HybridDiesel,BAS,36787.76398820727,137484.17064357083,26.75781787532467
Lao PDR,LAO,2059,LDV,Electric,BAS,471.3285908539847,141495.00410455256,0.3331061713710497
Lao PDR,LAO,2059,LDV,Gasoline,BAS,103168.99132372501,141495.00410455256,72.91352226647668
Lao PDR,LAO,2059,LDV,HybridDiesel,BAS,37854.68418997358,141495.00410455256,26.75337156215229
Lao PDR,LAO,2060,LDV,Electric,BAS,491.51261102002184,145288.97754065087,0.3383
Lao PDR,LAO,2060,LDV,Gasoline,BAS,105933.80177773672,145288.97754065087,72.91248350075088
Lao PDR,LAO,2060,LDV,HybridDiesel,BAS,38863.66315189414,145288.97754065087,26.74921649924913
Lao PDR,LAO,2025,LDV,Electric,RAS,56.84067637540762,97327.47814794796,0.05840146837977641
Lao PDR,LAO,2025,LDV,Gasoline,RAS,71018.36508275928,97327.47814794796,72.96846320707492
Lao PDR,LAO,2025,LDV,HybridDiesel,RAS,26252.272388813264,97327.47814794796,26.973135324545304
Lao PDR,LAO,2026,LDV,Electric,RAS,956.967899936191,28174.917040904053,3.396524286289379
Lao PDR,LAO,2026,LDV,Gasoline,RAS,20370.70130768205,28174.917040904053,72.300838643493
Lao PDR,LAO,2026,LDV,HybridDiesel,RAS,6847.24783328581,28174.917040904053,24.30263707021762
Lao PDR,LAO,2027,LDV,Electric,RAS,2349.6470089830095,31729.255148059718,7.405301504932092
Lao PDR,LAO,2027,LDV,Gasoline,RAS,22686.126536976764,31729.255148059718,71.49908319976446
Lao PDR,LAO,2027,LDV,HybridDiesel,RAS,6693.481602099944,31729.255148059718,21.095615295303453
Lao PDR,LAO,2028,LDV,Electric,RAS,4355.853176751498,35868.55006026983,12.143934364317403
Lao PDR,LAO,2028,LDV,Gasoline,RAS,25305.748670273286,35868.55006026983,70.5513566278874
Lao PDR,LAO,2028,LDV,HybridDiesel,RAS,6206.948213245047,35868.55006026983,17.304709007795207
Lao PDR,LAO,2029,LDV,Electric,RAS,7108.106799180674,40291.48940423975,17.64170772608051
Lao PDR,LAO,2029,LDV,Gasoline,RAS,27983.16542596787,40291.48940423975,69.45180195553478
Lao PDR,LAO,2029,LDV,HybridDiesel,RAS,5200.217179091209,40291.48940423975,12.90649031838472
Lao PDR,LAO,2030,LDV,Electric,RAS,1168.784103183804,4893.632431840815,23.883773852302756
Lao PDR,LAO,2030,LDV,Gasoline,RAS,3337.6231505199507,4893.632431840815,68.20338873029033
Lao PDR,LAO,2030,LDV,HybridDiesel,RAS,387.22517813706037,4893.632431840815,7.912837417406923
Lao PDR,LAO,2031,LDV,Electric,RAS,8243.950168210315,26766.73051979387,30.79924222390162
Lao PDR,LAO,2031,LDV,Gasoline,RAS,17885.608310162785,26766.73051979387,66.82029505597056
Lao PDR,LAO,2031,LDV,HybridDiesel,RAS,637.172041420772,26766.73051979387,2.380462720127833
Lao PDR,LAO,2032,LDV,Electric,RAS,10802.883948258472,28238.617267201655,38.25571148204098
Lao PDR,LAO,2032,LDV,Gasoline,RAS,17435.733318943185,28238.617267201655,61.74428851795902
Lao PDR,LAO,2033,LDV,Electric,RAS,13754.245081173167,29859.000697743148,46.06398325384266
Lao PDR,LAO,2033,LDV,Gasoline,RAS,16104.755616569983,29859.000697743148,53.93601674615734
Lao PDR,LAO,2034,LDV,Electric,RAS,17896.998321616862,33146.01566870551,53.994418214537134
Lao PDR,LAO,2034,LDV,Gasoline,RAS,15249.017347088653,33146.01566870551,46.00558178546287
Lao PDR,LAO,2035,LDV,Electric,RAS,24526.579848223,39685.29501490062,61.8026899863388
Lao PDR,LAO,2035,LDV,Gasoline,RAS,15158.715166677626,39685.29501490062,38.19731001366121
Lao PDR,LAO,2036,LDV,Electric,RAS,30398.90395410764,43891.52898435056,69.25915924447817
Lao PDR,LAO,2036,LDV,Gasoline,RAS,13492.62503024292,43891.52898435056,30.74084075552184
Lao PDR,LAO,2037,LDV,Electric,RAS,36501.272612042165,47917.88782481477,76.17462761607705
Lao PDR,LAO,2037,LDV,Gasoline,RAS,11416.615212772602,47917.88782481477,23.825372383922964
Lao PDR,LAO,2038,LDV,Electric,RAS,43161.30721564766,52369.61743527901,82.41669374229926
Lao PDR,LAO,2038,LDV,Gasoline,RAS,9208.310219631354,52369.61743527901,17.58330625770074
Lao PDR,LAO,2039,LDV,Electric,RAS,48952.92330456987,55682.44330779527,87.9144671040624
Lao PDR,LAO,2039,LDV,Gasoline,RAS,6729.520003225406,55682.44330779527,12.085532895937606
Lao PDR,LAO,2040,LDV,Electric,RAS,54111.010324264025,58401.72681282245,92.6530999634477
Lao PDR,LAO,2040,LDV,Gasoline,RAS,4290.716488558428,58401.72681282245,7.3469000365523005
Lao PDR,LAO,2041,LDV,Electric,RAS,63951.02598294367,66159.51174057333,96.6618771820904
Lao PDR,LAO,2041,LDV,Gasoline,RAS,2208.4857576296668,66159.51174057333,3.3381228179096114
Lao PDR,LAO,2042,LDV,Electric,RAS,69884.00597261323,69884.00597261323,100.0
Lao PDR,LAO,2042,LDV,Gasoline,RAS,3.879341624191858e-12,69884.00597261323,5.551115123125783e-15
Lao PDR,LAO,2043,LDV,Electric,RAS,71119.29207141802,71119.29207141802,100.0
Lao PDR,LAO,2043,LDV,Gasoline,RAS,3.9479137776364815e-12,71119.29207141802,5.551115123125783e-15
Lao PDR,LAO,2044,LDV,Electric,RAS,74148.38440683123,74148.38440683123,100.0
Lao PDR,LAO,2044,LDV,Gasoline,RAS,4.116062180361048e-12,74148.38440683123,5.551115123125783e-15
Lao PDR,LAO,2045,LDV,Electric,RAS,77017.79995469365,77017.79995469365,100.0
Lao PDR,LAO,2045,LDV,Gasoline,RAS,4.275346740783761e-12,77017.79995469365,5.551115123125783e-15
Lao PDR,LAO,2046,LDV,Electric,RAS,83183.39270224283,83183.39270224283,100.0
Lao PDR,LAO,2046,LDV,Gasoline,RAS,4.61760589222331e-12,83183.39270224283,5.551115123125783e-15
Lao PDR,LAO,2047,LDV,Electric,RAS,85206.9591313334,85206.9591313334,100.0
Lao PDR,LAO,2047,LDV,Gasoline,RAS,4.729936394295053e-12,85206.9591313334,5.551115123125783e-15
Lao PDR,LAO,2048,LDV,Electric,RAS,89678.22245283658,89678.22245283658,100.0
Lao PDR,LAO,2048,LDV,Gasoline,RAS,4.9781413687297925e-12,89678.22245283658,5.551115123125783e-15
Lao PDR,LAO,2049,LDV,Electric,RAS,94123.28668869927,94123.28668869927,100.0
Lao PDR,LAO,2049,LDV,Gasoline,RAS,5.224892001759422e-12,94123.28668869927,5.551115123125783e-15
Lao PDR,LAO,2050,LDV,Electric,RAS,98807.74318556499,98807.74318556499,100.0
Lao PDR,LAO,2050,LDV,Gasoline,RAS,5.484931574793183e-12,98807.74318556499,5.551115123125783e-15
Lao PDR,LAO,2051,LDV,Electric,RAS,103284.03222346026,103284.03222346026,100.0
Lao PDR,LAO,2051,LDV,Gasoline,RAS,5.733415532530609e-12,103284.03222346026,5.551115123125783e-15
Lao PDR,LAO,2052,LDV,Electric,RAS,108900.24466084223,108900.24466084223,100.0
Lao PDR,LAO,2052,LDV,Gasoline,RAS,6.045177950488991e-12,108900.24466084223,5.551115123125783e-15
Lao PDR,LAO,2053,LDV,Electric,RAS,114037.27093745233,114037.27093745233,100.0
Lao PDR,LAO,2053,LDV,Gasoline,RAS,6.330340193008839e-12,114037.27093745233,5.551115123125783e-15
Lao PDR,LAO,2054,LDV,Electric,RAS,119045.9652047765,119045.9652047765,100.0
Lao PDR,LAO,2054,LDV,Gasoline,RAS,6.608378577953405e-12,119045.9652047765,5.551115123125783e-15
Lao PDR,LAO,2055,LDV,Electric,RAS,123943.97570013604,123943.97570013604,100.0
Lao PDR,LAO,2055,LDV,Gasoline,RAS,6.880272779293597e-12,123943.97570013604,5.551115123125783e-15
Lao PDR,LAO,2056,LDV,Electric,RAS,128771.15638756822,128771.15638756822,100.0
Lao PDR,LAO,2056,LDV,Gasoline,RAS,7.148235136454252e-12,128771.15638756822,5.551115123125783e-15
Lao PDR,LAO,2057,LDV,Electric,RAS,133193.81603425718,133193.81603425718,100.0
Lao PDR,LAO,2057,LDV,Gasoline,RAS,7.393742064945984e-12,133193.81603425718,5.551115123125783e-15
Lao PDR,LAO,2058,LDV,Electric,RAS,137484.17064357083,137484.17064357083,100.0
Lao PDR,LAO,2058,LDV,Gasoline,RAS,7.631904588499318e-12,137484.17064357083,5.551115123125783e-15
Lao PDR,LAO,2059,LDV,Electric,RAS,141495.00410455256,141495.00410455256,100.0
Lao PDR,LAO,2059,LDV,Gasoline,RAS,7.854550571315264e-12,141495.00410455256,5.551115123125783e-15
Lao PDR,LAO,2060,LDV,Electric,RAS,145288.97754065087,145288.97754065087,100.0
Lao PDR,LAO,2060,LDV,Gasoline,RAS,8.065158404493892e-12,145288.97754065087,5.551115123125783e-15
Lao PDR,LAO,2006,LDV,Electric,historical,0.0,5588.0,0.0
Lao PDR,LAO,2006,LDV,Gasoline,historical,4079.0,5588.0,72.99570508231926
Lao PDR,LAO,2006,LDV,HybridDiesel,historical,1509.0,5588.0,27.004294917680745
Lao PDR,LAO,2007,LDV,Electric,historical,0.0,5917.0,0.0
Lao PDR,LAO,2007,LDV,Gasoline,historical,4319.0,5917.0,72.99307081291195
Lao PDR,LAO,2007,LDV,HybridDiesel,historical,1598.0,5917.0,27.00692918708805
Lao PDR,LAO,2008,LDV,Electric,historical,0.0,6259.0,0.0
Lao PDR,LAO,2008,LDV,Gasoline,historical,4569.0,6259.0,72.99888161048091
Lao PDR,LAO,2008,LDV,HybridDiesel,historical,1690.0,6259.0,27.001118389519092
Lao PDR,LAO,2009,LDV,Electric,historical,0.0,6612.0,0.0
Lao PDR,LAO,2009,LDV,Gasoline,historical,4827.0,6612.0,73.00362976406534
Lao PDR,LAO,2009,LDV,HybridDiesel,historical,1785.0,6612.0,26.996370235934663
Lao PDR,LAO,2010,LDV,Electric,historical,0.0,6978.0,0.0
Lao PDR,LAO,2010,LDV,Gasoline,historical,5094.0,6978.0,73.00085984522786
Lao PDR,LAO,2010,LDV,HybridDiesel,historical,1884.0,6978.0,26.999140154772142
Lao PDR,LAO,2011,LDV,Electric,historical,0.0,7355.0,0.0
Lao PDR,LAO,2011,LDV,Gasoline,historical,5369.0,7355.0,72.99796057104011
Lao PDR,LAO,2011,LDV,HybridDiesel,historical,1986.0,7355.0,27.00203942895989
Lao PDR,LAO,2012,LDV,Electric,historical,0.0,7740.0,0.0
Lao PDR,LAO,2012,LDV,Gasoline,historical,5650.0,7740.0,72.99741602067184
Lao PDR,LAO,2012,LDV,HybridDiesel,historical,2090.0,7740.0,27.002583979328165
Lao PDR,LAO,2013,LDV,Electric,historical,0.0,8131.0,0.0
Lao PDR,LAO,2013,LDV,Gasoline,historical,5936.0,8131.0,73.00455048579511
Lao PDR,LAO,2013,LDV,HybridDiesel,historical,2195.0,8131.0,26.995449514204896
Lao PDR,LAO,2014,LDV,Electric,historical,0.0,8530.0,0.0
Lao PDR,LAO,2014,LDV,Gasoline,historical,6227.0,8530.0,73.00117233294256
Lao PDR,LAO,2014,LDV,HybridDiesel,historical,2303.0,8530.0,26.998827667057444
Lao PDR,LAO,2015,LDV,Electric,historical,0.0,8931.0,0.0
Lao PDR,LAO,2015,LDV,Gasoline,historical,6520.0,8931.0,73.0041428731385
Lao PDR,LAO,2015,LDV,HybridDiesel,historical,2411.0,8931.0,26.995857126861495
Lao PDR,LAO,2016,LDV,Electric,historical,0.0,9333.0,0.0
Lao PDR,LAO,2016,LDV,Gasoline,historical,6813.0,9333.0,72.9990356798457
Lao PDR,LAO,2016,LDV,HybridDiesel,historical,2520.0,9333.0,27.000964320154292
Lao PDR,LAO,2017,LDV,Electric,historical,0.0,9731.0,0.0
Lao PDR,LAO,2017,LDV,Gasoline,historical,7104.0,9731.0,73.00380228136882
Lao PDR,LAO,2017,LDV,HybridDiesel,historical,2627.0,9731.0,26.99619771863118
Lao PDR,LAO,2018,LDV,Electric,historical,0.0,10123.0,0.0
Lao PDR,LAO,2018,LDV,Gasoline,historical,7390.0,10123.0,73.00207448384866
Lao PDR,LAO,2018,LDV,HybridDiesel,historical,2733.0,10123.0,26.997925516151337
Lao PDR,LAO,2019,LDV,Electric,historical,0.0,10502.0,0.0
Lao PDR,LAO,2019,LDV,Gasoline,historical,7667.0,10502.0,73.00514187773757
Lao PDR,LAO,2019,LDV,HybridDiesel,historical,2835.0,10502.0,26.994858122262425
Lao PDR,LAO,2020,LDV,Electric,historical,3.0,10867.0,0.027606515137572465
Lao PDR,LAO,2020,LDV,Gasoline,historical,7931.0,10867.0,72.98242385202907
Lao PDR,LAO,2020,LDV,HybridDiesel,historical,2933.0,10867.0,26.989969632833347
Lao PDR,LAO,2021,LDV,Electric,historical,4.0,11204.0,0.03570153516601214
Lao PDR,LAO,2021,LDV,Gasoline,historical,8177.0,11204.0,72.98286326312031
Lao PDR,LAO,2021,LDV,HybridDiesel,historical,3023.0,11204.0,26.981435201713673
Lao PDR,LAO,2022,LDV,Electric,historical,5.0,11510.0,0.043440486533449174
Lao PDR,LAO,2022,LDV,Gasoline,historical,8399.0,11510.0,72.97132927888792
Lao PDR,LAO,2022,LDV,HybridDiesel,historical,3106.0,11510.0,26.985230234578626
Lao PDR,LAO,2023,LDV,Electric,historical,6.0,11774.0,0.05095974180397486
Lao PDR,LAO,2023,LDV,Gasoline,historical,8591.0,11774.0,72.96585697299133
Lao PDR,LAO,2023,LDV,HybridDiesel,historical,3177.0,11774.0,26.98318328520469
Lao PDR,LAO,2024,LDV,Electric,historical,7.0,11986.0,0.0584014683797764
Lao PDR,LAO,2024,LDV,Gasoline,historical,8746.0,11986.0,72.96846320707492
Lao PDR,LAO,2024,LDV,HybridDiesel,historical,3233.0,11986.0,26.973135324545304
Lao PDR,LAO,2025,Truck,Diesel,ATS,19772.543682732085,19772.543682732085,100.0
Lao PDR,LAO,2026,Truck,Diesel,ATS,21250.936766078627,21250.936766078627,100.0
Lao PDR,LAO,2027,Truck,Diesel,ATS,22839.869299682938,22839.869299682938,100.0
Lao PDR,LAO,2028,Truck,Diesel,ATS,24547.60631819712,24547.60631819712,100.0
Lao PDR,LAO,2029,Truck,Diesel,ATS,26383.030832910943,26383.030832910943,100.0
Lao PDR,LAO,2030,Truck,Diesel,ATS,26383.030832910943,26383.030832910943,100.0
Lao PDR,LAO,2031,Truck,Diesel,ATS,26383.030832910943,26383.030832910943,100.0
Lao PDR,LAO,2032,Truck,Diesel,ATS,26383.030832910943,26383.030832910943,100.0
Lao PDR,LAO,2033,Truck,Diesel,ATS,26383.030832910943,26383.030832910943,100.0
Lao PDR,LAO,2034,Truck,Diesel,ATS,26383.030832910943,26383.030832910943,100.0
Lao PDR,LAO,2035,Truck,Diesel,ATS,26383.030832910943,26383.030832910943,100.0
Lao PDR,LAO,2036,Truck,Diesel,ATS,26383.030832910943,26383.030832910943,100.0
Lao PDR,LAO,2037,Truck,Diesel,ATS,26383.030832910943,26383.030832910943,100.0
Lao PDR,LAO,2038,Truck,Diesel,ATS,26383.030832910943,26383.030832910943,100.0
Lao PDR,LAO,2039,Truck,Diesel,ATS,26383.030832910943,26383.030832910943,100.0
Lao PDR,LAO,2040,Truck,Diesel,ATS,26383.030832910943,26383.030832910943,100.0
Lao PDR,LAO,2041,Truck,Diesel,ATS,26383.030832910943,26383.030832910943,100.0
Lao PDR,LAO,2042,Truck,Diesel,ATS,26383.030832910943,26383.030832910943,100.0
Lao PDR,LAO,2043,Truck,Diesel,ATS,26383.030832910943,26383.030832910943,100.0
Lao PDR,LAO,2044,Truck,Diesel,ATS,26383.030832910943,26383.030832910943,100.0
Lao PDR,LAO,2045,Truck,Diesel,ATS,26383.030832910943,26383.030832910943,100.0
Lao PDR,LAO,2046,Truck,Diesel,ATS,26383.030832910943,26383.030832910943,100.0
Lao PDR,LAO,2047,Truck,Diesel,ATS,26383.030832910943,26383.030832910943,100.0
Lao PDR,LAO,2048,Truck,Diesel,ATS,26383.030832910943,26383.030832910943,100.0
Lao PDR,LAO,2049,Truck,Diesel,ATS,26383.030832910943,26383.030832910943,100.0
Lao PDR,LAO,2050,Truck,Diesel,ATS,26383.030832910943,26383.030832910943,100.0
Lao PDR,LAO,2051,Truck,Diesel,ATS,26383.030832910943,26383.030832910943,100.0
Lao PDR,LAO,2052,Truck,Diesel,ATS,26383.030832910943,26383.030832910943,100.0
Lao PDR,LAO,2053,Truck,Diesel,ATS,26383.030832910943,26383.030832910943,100.0
Lao PDR,LAO,2054,Truck,Diesel,ATS,26383.030832910943,26383.030832910943,100.0
Lao PDR,LAO,2055,Truck,Diesel,ATS,26383.030832910943,26383.030832910943,100.0
Lao PDR,LAO,2056,Truck,Diesel,ATS,26383.030832910943,26383.030832910943,100.0
Lao PDR,LAO,2057,Truck,Diesel,ATS,26383.030832910943,26383.030832910943,100.0
Lao PDR,LAO,2058,Truck,Diesel,ATS,26383.030832910943,26383.030832910943,100.0
Lao PDR,LAO,2059,Truck,Diesel,ATS,26383.030832910943,26383.030832910943,100.0
Lao PDR,LAO,2060,Truck,Diesel,ATS,26383.030832910943,26383.030832910943,100.0
Lao PDR,LAO,2025,Truck,Diesel,BAS,19772.543682732085,19772.543682732085,100.0
Lao PDR,LAO,2026,Truck,Diesel,BAS,21250.936766078627,21250.936766078627,100.0
Lao PDR,LAO,2027,Truck,Diesel,BAS,22839.869299682938,22839.869299682938,100.0
Lao PDR,LAO,2028,Truck,Diesel,BAS,24547.60631819712,24547.60631819712,100.0
Lao PDR,LAO,2029,Truck,Diesel,BAS,26383.030832910943,26383.030832910943,100.0
Lao PDR,LAO,2030,Truck,Diesel,BAS,26383.030832910943,26383.030832910943,100.0
Lao PDR,LAO,2031,Truck,Diesel,BAS,26383.030832910943,26383.030832910943,100.0
Lao PDR,LAO,2032,Truck,Diesel,BAS,26383.030832910943,26383.030832910943,100.0
Lao PDR,LAO,2033,Truck,Diesel,BAS,26383.030832910943,26383.030832910943,100.0
Lao PDR,LAO,2034,Truck,Diesel,BAS,26383.030832910943,26383.030832910943,100.0
Lao PDR,LAO,2035,Truck,Diesel,BAS,26383.030832910943,26383.030832910943,100.0
Lao PDR,LAO,2036,Truck,Diesel,BAS,26383.030832910943,26383.030832910943,100.0
Lao PDR,LAO,2037,Truck,Diesel,BAS,26383.030832910943,26383.030832910943,100.0
Lao PDR,LAO,2038,Truck,Diesel,BAS,26383.030832910943,26383.030832910943,100.0
Lao PDR,LAO,2039,Truck,Diesel,BAS,26383.030832910943,26383.030832910943,100.0
Lao PDR,LAO,2040,Truck,Diesel,BAS,26383.030832910943,26383.030832910943,100.0
Lao PDR,LAO,2041,Truck,Diesel,BAS,26383.030832910943,26383.030832910943,100.0
Lao PDR,LAO,2042,Truck,Diesel,BAS,26383.030832910943,26383.030832910943,100.0
Lao PDR,LAO,2043,Truck,Diesel,BAS,26383.030832910943,26383.030832910943,100.0
Lao PDR,LAO,2044,Truck,Diesel,BAS,26383.030832910943,26383.030832910943,100.0
Lao PDR,LAO,2045,Truck,Diesel,BAS,26383.030832910943,26383.030832910943,100.0
Lao PDR,LAO,2046,Truck,Diesel,BAS,26383.030832910943,26383.030832910943,100.0
Lao PDR,LAO,2047,Truck,Diesel,BAS,26383.030832910943,26383.030832910943,100.0
Lao PDR,LAO,2048,Truck,Diesel,BAS,26383.030832910943,26383.030832910943,100.0
Lao PDR,LAO,2049,Truck,Diesel,BAS,26383.030832910943,26383.030832910943,100.0
Lao PDR,LAO,2050,Truck,Diesel,BAS,26383.030832910943,26383.030832910943,100.0
Lao PDR,LAO,2051,Truck,Diesel,BAS,26383.030832910943,26383.030832910943,100.0
Lao PDR,LAO,2052,Truck,Diesel,BAS,26383.030832910943,26383.030832910943,100.0
Lao PDR,LAO,2053,Truck,Diesel,BAS,26383.030832910943,26383.030832910943,100.0
Lao PDR,LAO,2054,Truck,Diesel,BAS,26383.030832910943,26383.030832910943,100.0
Lao PDR,LAO,2055,Truck,Diesel,BAS,26383.030832910943,26383.030832910943,100.0
Lao PDR,LAO,2056,Truck,Diesel,BAS,26383.030832910943,26383.030832910943,100.0
Lao PDR,LAO,2057,Truck,Diesel,BAS,26383.030832910943,26383.030832910943,100.0
Lao PDR,LAO,2058,Truck,Diesel,BAS,26383.030832910943,26383.030832910943,100.0
Lao PDR,LAO,2059,Truck,Diesel,BAS,26383.030832910943,26383.030832910943,100.0
Lao PDR,LAO,2060,Truck,Diesel,BAS,26383.030832910943,26383.030832910943,100.0
Lao PDR,LAO,2025,Truck,Diesel,RAS,19772.543682732085,19772.543682732085,100.0
Lao PDR,LAO,2026,Truck,Diesel,RAS,21226.16318550745,21250.936766078627,99.88342358342187
Lao PDR,LAO,2026,Truck,Electric,RAS,24.77358057117834,21250.936766078627,0.1165764165781278
Lao PDR,LAO,2027,Truck,Diesel,RAS,22783.022684775256,22839.869299682938,99.75110796755536
Lao PDR,LAO,2027,Truck,Electric,RAS,56.84661490768204,22839.869299682938,0.24889203244464791
Lao PDR,LAO,2028,Truck,Diesel,RAS,24449.770343738415,24547.60631819712,99.60144393229015
Lao PDR,LAO,2028,Truck,Electric,RAS,97.83597445870335,24547.60631819712,0.3985560677098591
Lao PDR,LAO,2029,Truck,Diesel,RAS,26233.390019778995,26383.030832910943,99.43281416725905
Lao PDR,LAO,2029,Truck,Electric,RAS,149.64081313194916,26383.030832910943,0.5671858327409561
Lao PDR,LAO,2030,Truck,Diesel,RAS,26183.48175114253,26383.030832910943,99.24364610331469
Lao PDR,LAO,2030,Truck,Electric,RAS,199.54908176841076,26383.030832910943,0.7563538966853177
Lao PDR,LAO,2031,Truck,Diesel,RAS,26127.76937826116,26383.030832910943,99.0324786554418
Lao PDR,LAO,2031,Truck,Electric,RAS,255.2614546497825,26383.030832910943,0.9675213445581927
Lao PDR,LAO,2032,Truck,Diesel,RAS,26065.918078417035,26383.030832910943,98.79804274003905
Lao PDR,LAO,2032,Truck,Electric,RAS,317.11275449390956,26383.030832910943,1.2019572599609523
Lao PDR,LAO,2033,Truck,Diesel,RAS,25997.668125403354,26383.030832910943,98.53935391294438
Lao PDR,LAO,2033,Truck,Electric,RAS,385.36270750759,26383.030832910943,1.4606460870556146
Lao PDR,LAO,2034,Truck,Diesel,RAS,25922.86156985913,26383.030832910943,98.25581349631072
Lao PDR,LAO,2034,Truck,Electric,RAS,460.1692630518117,26383.030832910943,1.7441865036892708
Lao PDR,LAO,2035,Truck,Diesel,RAS,25841.469590669396,26383.030832910943,97.94731224903096
Lao PDR,LAO,2035,Truck,Electric,RAS,541.5612422415472,26383.030832910943,2.0526877509690373
Lao PDR,LAO,2036,Truck,Diesel,RAS,25753.618322064714,26383.030832910943,97.61432825958312
Lao PDR,LAO,2036,Truck,Electric,RAS,629.4125108462282,26383.030832910943,2.3856717404168784
Lao PDR,LAO,2037,Truck,Diesel,RAS,25659.610430719487,26383.030832910943,97.25800873003173
Lao PDR,LAO,2037,Truck,Electric,RAS,723.4204021914541,26383.030832910943,2.7419912699682665
Lao PDR,LAO,2038,Truck,Diesel,RAS,25559.93942726822,26383.030832910943,96.88022422118395
Lao PDR,LAO,2038,Truck,Electric,RAS,823.0914056427265,26383.030832910943,3.119775778816052
Lao PDR,LAO,2039,Truck,Diesel,RAS,25455.293795767582,26383.030832910943,96.48358430455201
Lao PDR,LAO,2039,Truck,Electric,RAS,927.7370371433615,26383.030832910943,3.5164156954479844
Lao PDR,LAO,2040,Truck,Diesel,RAS,25346.54862384745,26383.030832910943,96.07140583798828
Lao PDR,LAO,2040,Truck,Electric,RAS,1036.4822090634923,26383.030832910943,3.9285941620117235
Lao PDR,LAO,2041,Truck,Diesel,RAS,25234.743540772986,26383.030832910943,95.64762934398897
Lao PDR,LAO,2041,Truck,Electric,RAS,1148.2872921379592,26383.030832910943,4.352370656011034
Lao PDR,LAO,2042,Truck,Diesel,RAS,25121.04732145953,26383.030832910943,95.21668484775759
Lao PDR,LAO,2042,Truck,Electric,RAS,1261.9835114514156,26383.030832910943,4.783315152242408
Lao PDR,LAO,2043,Truck,Diesel,RAS,25006.711261071265,26383.030832910943,94.78331515224241
Lao PDR,LAO,2043,Truck,Electric,RAS,1376.3195718396785,26383.030832910943,5.216684847757591
Lao PDR,LAO,2044,Truck,Diesel,RAS,24893.015041757808,26383.030832910943,94.35237065601103
Lao PDR,LAO,2044,Truck,Electric,RAS,1490.015791153135,26383.030832910943,5.647629343988966
Lao PDR,LAO,2045,Truck,Diesel,RAS,24781.209958683343,26383.030832910943,93.92859416201172
Lao PDR,LAO,2045,Truck,Electric,RAS,1601.820874227602,26383.030832910943,6.0714058379882765
Lao PDR,LAO,2046,Truck,Diesel,RAS,24672.464786763212,26383.030832910943,93.51641569544799
Lao PDR,LAO,2046,Truck,Electric,RAS,1710.566046147733,26383.030832910943,6.483584304552016
Lao PDR,LAO,2047,Truck,Diesel,RAS,24567.819155262576,26383.030832910943,93.11977577881605
Lao PDR,LAO,2047,Truck,Electric,RAS,1815.211677648368,26383.030832910943,6.880224221183949
Lao PDR,LAO,2048,Truck,Diesel,RAS,24468.148151811303,26383.030832910943,92.74199126996827
Lao PDR,LAO,2048,Truck,Electric,RAS,1914.88268109964,26383.030832910943,7.258008730031733
Lao PDR,LAO,2049,Truck,Diesel,RAS,24374.14026046608,26383.030832910943,92.38567174041688
Lao PDR,LAO,2049,Truck,Electric,RAS,2008.8905724448664,26383.030832910943,7.6143282595831225
Lao PDR,LAO,2050,Truck,Diesel,RAS,24286.2889918614,26383.030832910943,92.05268775096904
Lao PDR,LAO,2050,Truck,Electric,RAS,2096.741841049547,26383.030832910943,7.947312249030963
Lao PDR,LAO,2051,Truck,Diesel,RAS,24204.89701267166,26383.030832910943,91.74418650368928
Lao PDR,LAO,2051,Truck,Electric,RAS,2178.1338202392826,26383.030832910943,8.25581349631073
Lao PDR,LAO,2052,Truck,Diesel,RAS,24130.09045712744,26383.030832910943,91.46064608705562
Lao PDR,LAO,2052,Truck,Electric,RAS,2252.9403757835044,26383.030832910943,8.539353912944387
Lao PDR,LAO,2053,Truck,Diesel,RAS,24061.840504113763,26383.030832910943,91.20195725996096
Lao PDR,LAO,2053,Truck,Electric,RAS,2321.1903287971845,26383.030832910943,8.798042740039048
Lao PDR,LAO,2054,Truck,Diesel,RAS,23999.989204269634,26383.030832910943,90.9675213445582
Lao PDR,LAO,2054,Truck,Electric,RAS,2383.041628641312,26383.030832910943,9.032478655441807
Lao PDR,LAO,2055,Truck,Diesel,RAS,23944.276831388263,26383.030832910943,90.75635389668533
Lao PDR,LAO,2055,Truck,Electric,RAS,2438.754001522683,26383.030832910943,9.243646103314681
Lao PDR,LAO,2056,Truck,Diesel,RAS,23894.368562751795,26383.030832910943,90.56718583274095
Lao PDR,LAO,2056,Truck,Electric,RAS,2488.662270159144,26383.030832910943,9.43281416725904
Lao PDR,LAO,2057,Truck,Diesel,RAS,23849.878919850176,26383.030832910943,90.39855606770986
Lao PDR,LAO,2057,Truck,Electric,RAS,2533.151913060765,26383.030832910943,9.601443932290142
Lao PDR,LAO,2058,Truck,Diesel,RAS,23810.39301128038,26383.030832910943,90.24889203244464
Lao PDR,LAO,2058,Truck,Electric,RAS,2572.6378216305643,26383.030832910943,9.751107967555352
Lao PDR,LAO,2059,Truck,Diesel,RAS,23775.48414154956,26383.030832910943,90.11657641657813
Lao PDR,LAO,2059,Truck,Electric,RAS,2607.546691361384,26383.030832910943,9.883423583421871
Lao PDR,LAO,2060,Truck,Diesel,RAS,23744.727749619848,26383.030832910943,90.0
Lao PDR,LAO,2060,Truck,Electric,RAS,2638.3030832910945,26383.030832910943,10.0
Lao PDR,LAO,2006,Truck,HybridDiesel,historical,3521.0,3521.0,100.0
Lao PDR,LAO,2007,Truck,HybridDiesel,historical,3860.0,3860.0,100.0
Lao PDR,LAO,2008,Truck,HybridDiesel,historical,4231.0,4231.0,100.0
Lao PDR,LAO,2009,Truck,HybridDiesel,historical,4638.0,4638.0,100.0
Lao PDR,LAO,2010,Truck,HybridDiesel,historical,5085.0,5085.0,100.0
Lao PDR,LAO,2011,Truck,HybridDiesel,historical,5574.0,5574.0,100.0
Lao PDR,LAO,2012,Truck,HybridDiesel,historical,6111.0,6111.0,100.0
Lao PDR,LAO,2013,Truck,HybridDiesel,historical,6699.0,6699.0,100.0
Lao PDR,LAO,2014,Truck,HybridDiesel,historical,7343.0,7343.0,100.0
Lao PDR,LAO,2015,Truck,HybridDiesel,historical,8050.0,8050.0,100.0
Lao PDR,LAO,2016,Truck,HybridDiesel,historical,8824.0,8824.0,100.0
Lao PDR,LAO,2017,Truck,HybridDiesel,historical,9673.0,9673.0,100.0
Lao PDR,LAO,2018,Truck,HybridDiesel,historical,10604.0,10604.0,100.0
Lao PDR,LAO,2019,Truck,HybridDiesel,historical,11624.0,11624.0,100.0
Lao PDR,LAO,2020,Truck,HybridDiesel,historical,12742.0,12742.0,100.0
Lao PDR,LAO,2021,Truck,HybridDiesel,historical,13967.0,13967.0,100.0
Lao PDR,LAO,2022,Truck,HybridDiesel,historical,15310.0,15310.0,100.0
Lao PDR,LAO,2023,Truck,HybridDiesel,historical,16783.0,16783.0,100.0
Lao PDR,LAO,2024,Truck,HybridDiesel,historical,18397.0,18397.0,100.0
Malaysia,MYS,2025,2W,Electric,ATS,530889.9598956424,13272248.99739106,4.0
Malaysia,MYS,2025,2W,Gasoline,ATS,12741359.037495418,13272248.99739106,96.0
Malaysia,MYS,2026,2W,Electric,ATS,24957.634781056222,496275.25207029656,5.028990399368335
Malaysia,MYS,2026,2W,Gasoline,ATS,471317.6172892403,496275.25207029656,94.97100960063166
Malaysia,MYS,2027,2W,Electric,ATS,26957.76639465973,441651.0607009791,6.103860896852131
Malaysia,MYS,2027,2W,Gasoline,ATS,414693.2943063193,441651.0607009791,93.89613910314787
Malaysia,MYS,2028,2W,Electric,ATS,32570.758732072736,451434.839226868,7.2149413164154
Malaysia,MYS,2028,2W,Gasoline,ATS,418864.0804947953,451434.839226868,92.7850586835846
Malaysia,MYS,2029,2W,Electric,ATS,39368.94487670125,471424.0752460994,8.35106795429345
Malaysia,MYS,2029,2W,Gasoline,ATS,432055.1303693981,471424.0752460994,91.64893204570654
Malaysia,MYS,2030,2W,Electric,ATS,48036.655078796066,505649.00082943216,9.500000000000002
Malaysia,MYS,2030,2W,Gasoline,ATS,457612.34575063613,505649.00082943216,90.5
Malaysia,MYS,2031,2W,Electric,ATS,59104.884034207156,555031.0940150768,10.64893204570655
Malaysia,MYS,2031,2W,Gasoline,ATS,495926.2099808696,555031.0940150768,89.35106795429346
Malaysia,MYS,2032,2W,Electric,ATS,66951.05725362917,568101.1783749983,11.785058683584602
Malaysia,MYS,2032,2W,Gasoline,ATS,501150.12112136907,568101.1783749983,88.21494131641539
Malaysia,MYS,2033,2W,Electric,ATS,79982.44898625086,620204.6081119552,12.896139103147869
Malaysia,MYS,2033,2W,Gasoline,ATS,540222.1591257043,620204.6081119552,87.10386089685213
Malaysia,MYS,2034,2W,Electric,ATS,128686.5934827794,921097.3090803772,13.971009600631662
Malaysia,MYS,2034,2W,Gasoline,ATS,792410.7155975978,921097.3090803772,86.02899039936833
Malaysia,MYS,2035,2W,Electric,ATS,257238.26089687986,1682315.0127129853,15.290730865085997
Malaysia,MYS,2035,2W,Gasoline,ATS,1425076.7518161053,1682315.0127129853,84.709269134914
Malaysia,MYS,2036,2W,Electric,ATS,262264.191014383,1566746.1887941174,16.73941783871456
Malaysia,MYS,2036,2W,Gasoline,ATS,1304481.9977797344,1566746.1887941174,83.26058216128544
Malaysia,MYS,2037,2W,Electric,ATS,306923.9670704729,1683224.747066915,18.234283187987817
Malaysia,MYS,2037,2W,Gasoline,ATS,1376300.779996442,1683224.747066915,81.76571681201217
Malaysia,MYS,2038,2W,Electric,ATS,363082.14188877126,1836552.8855143152,19.769762403933843
Malaysia,MYS,2038,2W,Gasoline,ATS,1473470.743625544,1836552.8855143152,80.23023759606616
Malaysia,MYS,2039,2W,Electric,ATS,392763.3017957934,1840539.9353185594,21.3395696696912
Malaysia,MYS,2039,2W,Gasoline,ATS,1447776.633522766,1840539.9353185594,78.6604303303088
Malaysia,MYS,2040,2W,Electric,ATS,449274.4326062804,1958750.5888122953,22.936786090703954
Malaysia,MYS,2040,2W,Gasoline,ATS,1509476.156206015,1958750.5888122953,77.06321390929605
Malaysia,MYS,2041,2W,Electric,ATS,481365.5919807092,1960438.7995096296,24.553971901653583
Malaysia,MYS,2041,2W,Gasoline,ATS,1479073.2075289204,1960438.7995096296,75.44602809834642
Malaysia,MYS,2042,2W,Electric,ATS,509775.877636128,1946950.5079118796,26.18329924487227
Malaysia,MYS,2042,2W,Gasoline,ATS,1437174.6302757515,1946950.5079118796,73.81670075512773
Malaysia,MYS,2043,2W,Electric,ATS,437360.6396779147,1572295.160119921,27.81670075512772
Malaysia,MYS,2043,2W,Gasoline,ATS,1134934.5204420064,1572295.160119921,72.18329924487227
Malaysia,MYS,2044,2W,Electric,ATS,437808.6563008081,1486817.3555991203,29.446028098346417
Malaysia,MYS,2044,2W,Gasoline,ATS,1049008.699298312,1486817.3555991203,70.55397190165358
Malaysia,MYS,2045,2W,Electric,ATS,445677.4386725694,1434743.4878243394,31.063213909296046
Malaysia,MYS,2045,2W,Gasoline,ATS,989066.0491517701,1434743.4878243394,68.93678609070396
Malaysia,MYS,2046,2W,Electric,ATS,452460.9927259249,1385349.1461992227,32.6604303303088
Malaysia,MYS,2046,2W,Gasoline,ATS,932888.153473298,1385349.1461992227,67.33956966969122
Malaysia,MYS,2047,2W,Electric,ATS,398397.65093480033,1163876.3821510412,34.23023759606616
Malaysia,MYS,2047,2W,Gasoline,ATS,765478.7312162409,1163876.3821510412,65.76976240393385
Malaysia,MYS,2048,2W,Electric,ATS,424470.43655729253,1186808.1346959919,35.76571681201218
Malaysia,MYS,2048,2W,Gasoline,ATS,762337.6981386993,1186808.1346959919,64.23428318798781
Malaysia,MYS,2049,2W,Electric,ATS,471637.37320345495,1265781.0099743865,37.26058216128544
Malaysia,MYS,2049,2W,Gasoline,ATS,794143.6367709317,1265781.0099743865,62.73941783871456
Malaysia,MYS,2050,2W,Electric,ATS,526278.2231591432,1359566.4163146503,38.709269134913995
Malaysia,MYS,2050,2W,Gasoline,ATS,833288.1931555071,1359566.4163146503,61.290730865086005
Malaysia,MYS,2051,2W,Electric,ATS,591447.9368365303,1474675.2009957023,40.106996878850616
Malaysia,MYS,2051,2W,Gasoline,ATS,883227.2641591718,1474675.2009957023,59.89300312114938
Malaysia,MYS,2052,2W,Electric,ATS,659409.5555261029,1590862.8940941729,41.44980425240017
Malaysia,MYS,2052,2W,Gasoline,ATS,931453.33856807,1590862.8940941729,58.55019574759983
Malaysia,MYS,2053,2W,Electric,ATS,709275.3017739576,1659722.9321514517,42.73456057238084
Malaysia,MYS,2053,2W,Gasoline,ATS,950447.6303774941,1659722.9321514517,57.26543942761916
Malaysia,MYS,2054,2W,Electric,ATS,755095.5926071486,1717728.78560346,43.9589531790884
Malaysia,MYS,2054,2W,Gasoline,ATS,962633.1929963112,1717728.78560346,56.0410468209116
Malaysia,MYS,2055,2W,Electric,ATS,791898.6538634795,1755037.9451520368,45.12145484095948
Malaysia,MYS,2055,2W,Gasoline,ATS,963139.2912885575,1755037.9451520368,54.87854515904053
Malaysia,MYS,2056,2W,Electric,ATS,813848.9946063232,1760767.0966761932,46.22127458779921
Malaysia,MYS,2056,2W,Gasoline,ATS,946918.1020698701,1760767.0966761932,53.7787254122008
Malaysia,MYS,2057,2W,Electric,ATS,818017.1210157275,1730949.257883709,47.25829583334237
Malaysia,MYS,2057,2W,Gasoline,ATS,912932.1368679815,1730949.257883709,52.741704166657634
Malaysia,MYS,2058,2W,Electric,ATS,816073.2530361711,1691939.4552808218,48.2330056485811
Malaysia,MYS,2058,2W,Gasoline,ATS,875866.2022446508,1691939.4552808218,51.7669943514189
Malaysia,MYS,2059,2W,Electric,ATS,809718.9289710807,1647564.4579939768,49.1464188270345
Malaysia,MYS,2059,2W,Gasoline,ATS,837845.5290228961,1647564.4579939768,50.8535811729655
Malaysia,MYS,2060,2W,Electric,ATS,799867.0380348135,1599734.076069627,50.0
Malaysia,MYS,2060,2W,Gasoline,ATS,799867.0380348135,1599734.076069627,50.0
Malaysia,MYS,2025,2W,Electric,BAS,530889.9598956424,13272248.99739106,4.0
Malaysia,MYS,2025,2W,Gasoline,BAS,12741359.037495418,13272248.99739106,96.0
Malaysia,MYS,2026,2W,Electric,BAS,24087.122200570953,496275.25207029656,4.853581172965493
Malaysia,MYS,2026,2W,Gasoline,BAS,472188.1298697256,496275.25207029656,95.14641882703451
Malaysia,MYS,2027,2W,Electric,BAS,25469.991723607094,441651.0607009791,5.766994351418894
Malaysia,MYS,2027,2W,Gasoline,BAS,416181.06897737196,441651.0607009791,94.2330056485811
Malaysia,MYS,2028,2W,Electric,BAS,30434.401365901867,451434.839226868,6.741704166657615
Malaysia,MYS,2028,2W,Gasoline,BAS,421000.43786096614,451434.839226868,93.25829583334239
Malaysia,MYS,2029,2W,Electric,BAS,36670.78434040095,471424.0752460994,7.7787254122007985
Malaysia,MYS,2029,2W,Gasoline,BAS,434753.29090569844,471424.0752460994,92.2212745877992
Malaysia,MYS,2030,2W,Electric,BAS,44894.27488487827,505649.00082943216,8.878545159040513
Malaysia,MYS,2030,2W,Gasoline,BAS,460754.7259445539,505649.00082943216,91.12145484095949
Malaysia,MYS,2031,2W,Electric,BAS,55730.93202067164,555031.0940150768,10.041046820911582
Malaysia,MYS,2031,2W,Gasoline,BAS,499300.16199440515,555031.0940150768,89.95895317908843
Malaysia,MYS,2032,2W,Electric,BAS,63999.09413742609,568101.1783749983,11.265439427619157
Malaysia,MYS,2032,2W,Gasoline,BAS,504102.0842375722,568101.1783749983,88.73456057238084
Malaysia,MYS,2033,2W,Electric,BAS,77836.89235368473,620204.6081119552,12.550195747599819
Malaysia,MYS,2033,2W,Gasoline,BAS,542367.7157582706,620204.6081119552,87.44980425240018
Malaysia,MYS,2034,2W,Electric,BAS,127968.0778993597,921097.3090803772,13.893003121149375
Malaysia,MYS,2034,2W,Gasoline,BAS,793129.2311810176,921097.3090803772,86.10699687885062
Malaysia,MYS,2035,2W,Electric,BAS,257238.26089687986,1682315.0127129853,15.290730865085997
Malaysia,MYS,2035,2W,Gasoline,BAS,1425076.7518161056,1682315.0127129853,84.70926913491401
Malaysia,MYS,2036,2W,Electric,BAS,262264.191014383,1566746.1887941174,16.73941783871456
Malaysia,MYS,2036,2W,Gasoline,BAS,1304481.9977797344,1566746.1887941174,83.26058216128544
Malaysia,MYS,2037,2W,Electric,BAS,306923.9670704729,1683224.747066915,18.234283187987817
Malaysia,MYS,2037,2W,Gasoline,BAS,1376300.7799964421,1683224.747066915,81.76571681201219
Malaysia,MYS,2038,2W,Electric,BAS,363082.14188877126,1836552.8855143152,19.769762403933843
Malaysia,MYS,2038,2W,Gasoline,BAS,1473470.743625544,1836552.8855143152,80.23023759606616
Malaysia,MYS,2039,2W,Electric,BAS,392763.3017957934,1840539.9353185594,21.3395696696912
Malaysia,MYS,2039,2W,Gasoline,BAS,1447776.633522766,1840539.9353185594,78.6604303303088
Malaysia,MYS,2040,2W,Electric,BAS,449274.4326062804,1958750.5888122953,22.936786090703954
Malaysia,MYS,2040,2W,Gasoline,BAS,1509476.156206015,1958750.5888122953,77.06321390929605
Malaysia,MYS,2041,2W,Electric,BAS,481365.5919807092,1960438.7995096296,24.553971901653583
Malaysia,MYS,2041,2W,Gasoline,BAS,1479073.2075289204,1960438.7995096296,75.44602809834642
Malaysia,MYS,2042,2W,Electric,BAS,509775.877636128,1946950.5079118796,26.18329924487227
Malaysia,MYS,2042,2W,Gasoline,BAS,1437174.6302757515,1946950.5079118796,73.81670075512773
Malaysia,MYS,2043,2W,Electric,BAS,437360.6396779147,1572295.160119921,27.81670075512772
Malaysia,MYS,2043,2W,Gasoline,BAS,1134934.5204420064,1572295.160119921,72.18329924487227
Malaysia,MYS,2044,2W,Electric,BAS,437808.6563008081,1486817.3555991203,29.446028098346417
Malaysia,MYS,2044,2W,Gasoline,BAS,1049008.699298312,1486817.3555991203,70.55397190165358
Malaysia,MYS,2045,2W,Electric,BAS,445677.4386725694,1434743.4878243394,31.063213909296046
Malaysia,MYS,2045,2W,Gasoline,BAS,989066.0491517701,1434743.4878243394,68.93678609070396
Malaysia,MYS,2046,2W,Electric,BAS,452460.9927259249,1385349.1461992227,32.6604303303088
Malaysia,MYS,2046,2W,Gasoline,BAS,932888.153473298,1385349.1461992227,67.33956966969122
Malaysia,MYS,2047,2W,Electric,BAS,398397.65093480033,1163876.3821510412,34.23023759606616
Malaysia,MYS,2047,2W,Gasoline,BAS,765478.7312162409,1163876.3821510412,65.76976240393385
Malaysia,MYS,2048,2W,Electric,BAS,424470.43655729253,1186808.1346959919,35.76571681201218
Malaysia,MYS,2048,2W,Gasoline,BAS,762337.6981386993,1186808.1346959919,64.23428318798781
Malaysia,MYS,2049,2W,Electric,BAS,471637.37320345495,1265781.0099743865,37.26058216128544
Malaysia,MYS,2049,2W,Gasoline,BAS,794143.6367709317,1265781.0099743865,62.73941783871456
Malaysia,MYS,2050,2W,Electric,BAS,526278.2231591432,1359566.4163146503,38.709269134913995
Malaysia,MYS,2050,2W,Gasoline,BAS,833288.1931555071,1359566.4163146503,61.290730865086005
Malaysia,MYS,2051,2W,Electric,BAS,591447.9368365303,1474675.2009957023,40.106996878850616
Malaysia,MYS,2051,2W,Gasoline,BAS,883227.2641591718,1474675.2009957023,59.89300312114938
Malaysia,MYS,2052,2W,Electric,BAS,659409.5555261029,1590862.8940941729,41.44980425240017
Malaysia,MYS,2052,2W,Gasoline,BAS,931453.33856807,1590862.8940941729,58.55019574759983
Malaysia,MYS,2053,2W,Electric,BAS,709275.3017739576,1659722.9321514517,42.73456057238084
Malaysia,MYS,2053,2W,Gasoline,BAS,950447.6303774941,1659722.9321514517,57.26543942761916
Malaysia,MYS,2054,2W,Electric,BAS,755095.5926071486,1717728.78560346,43.9589531790884
Malaysia,MYS,2054,2W,Gasoline,BAS,962633.1929963112,1717728.78560346,56.0410468209116
Malaysia,MYS,2055,2W,Electric,BAS,791898.6538634795,1755037.9451520368,45.12145484095948
Malaysia,MYS,2055,2W,Gasoline,BAS,963139.2912885575,1755037.9451520368,54.87854515904053
Malaysia,MYS,2056,2W,Electric,BAS,813848.9946063232,1760767.0966761932,46.22127458779921
Malaysia,MYS,2056,2W,Gasoline,BAS,946918.1020698701,1760767.0966761932,53.7787254122008
Malaysia,MYS,2057,2W,Electric,BAS,818017.1210157275,1730949.257883709,47.25829583334237
Malaysia,MYS,2057,2W,Gasoline,BAS,912932.1368679815,1730949.257883709,52.741704166657634
Malaysia,MYS,2058,2W,Electric,BAS,816073.2530361711,1691939.4552808218,48.2330056485811
Malaysia,MYS,2058,2W,Gasoline,BAS,875866.2022446508,1691939.4552808218,51.7669943514189
Malaysia,MYS,2059,2W,Electric,BAS,809718.9289710807,1647564.4579939768,49.1464188270345
Malaysia,MYS,2059,2W,Gasoline,BAS,837845.5290228961,1647564.4579939768,50.8535811729655
Malaysia,MYS,2060,2W,Electric,BAS,799867.0380348135,1599734.076069627,50.0
Malaysia,MYS,2060,2W,Gasoline,BAS,799867.0380348135,1599734.076069627,50.0
Malaysia,MYS,2025,2W,Electric,RAS,530889.9598956424,13272248.99739106,4.0
Malaysia,MYS,2025,2W,Gasoline,RAS,12741359.037495418,13272248.99739106,96.0
Malaysia,MYS,2026,2W,Electric,RAS,68259.83054381797,496275.25207029656,13.754429675681083
Malaysia,MYS,2026,2W,Gasoline,RAS,428015.4215264786,496275.25207029656,86.24557032431892
Malaysia,MYS,2027,2W,Electric,RAS,111668.97906256405,441651.0607009791,25.284435836138474
Malaysia,MYS,2027,2W,Gasoline,RAS,329982.08163841505,441651.0607009791,74.71556416386153
Malaysia,MYS,2028,2W,Electric,RAS,172634.75553205676,451434.839226868,38.24134526872424
Malaysia,MYS,2028,2W,Gasoline,RAS,278800.08369481127,451434.839226868,61.75865473127576
Malaysia,MYS,2029,2W,Electric,RAS,245140.51912797173,471424.0752460994,52.000000000000014
Malaysia,MYS,2029,2W,Gasoline,RAS,226283.55611812766,471424.0752460994,47.999999999999986
Malaysia,MYS,2030,2W,Electric,RAS,332507.9806075722,505649.00082943216,65.7586547312758
Malaysia,MYS,2030,2W,Gasoline,RAS,173141.02022185994,505649.00082943216,34.2413452687242
Malaysia,MYS,2031,2W,Electric,RAS,436895.85693882045,555031.0940150768,78.71556416386156
Malaysia,MYS,2031,2W,Gasoline,RAS,118135.23707625628,555031.0940150768,21.28443583613845
Malaysia,MYS,2032,2W,Electric,RAS,512686.14844369347,568101.1783749983,90.24557032431892
Malaysia,MYS,2032,2W,Gasoline,RAS,55415.02993130477,568101.1783749983,9.754429675681086
Malaysia,MYS,2033,2W,Electric,RAS,620204.6081119552,620204.6081119552,100.0
Malaysia,MYS,2034,2W,Electric,RAS,921097.3090803772,921097.3090803772,100.0
Malaysia,MYS,2035,2W,Electric,RAS,1682315.0127129853,1682315.0127129853,100.0
Malaysia,MYS,2036,2W,Electric,RAS,1566746.1887941174,1566746.1887941174,100.0
Malaysia,MYS,2037,2W,Electric,RAS,1683224.747066915,1683224.747066915,100.0
Malaysia,MYS,2038,2W,Electric,RAS,1836552.8855143152,1836552.8855143152,100.0
Malaysia,MYS,2039,2W,Electric,RAS,1840539.9353185594,1840539.9353185594,100.0
Malaysia,MYS,2040,2W,Electric,RAS,1958750.5888122953,1958750.5888122953,100.0
Malaysia,MYS,2041,2W,Electric,RAS,1960438.7995096296,1960438.7995096296,100.0
Malaysia,MYS,2042,2W,Electric,RAS,1946950.5079118796,1946950.5079118796,100.0
Malaysia,MYS,2043,2W,Electric,RAS,1572295.160119921,1572295.160119921,100.0
Malaysia,MYS,2044,2W,Electric,RAS,1486817.3555991203,1486817.3555991203,100.0
Malaysia,MYS,2045,2W,Electric,RAS,1434743.4878243394,1434743.4878243394,100.0
Malaysia,MYS,2046,2W,Electric,RAS,1385349.1461992227,1385349.1461992227,100.0
Malaysia,MYS,2047,2W,Electric,RAS,1163876.3821510412,1163876.3821510412,100.0
Malaysia,MYS,2048,2W,Electric,RAS,1186808.1346959919,1186808.1346959919,100.0
Malaysia,MYS,2049,2W,Electric,RAS,1265781.0099743865,1265781.0099743865,100.0
Malaysia,MYS,2050,2W,Electric,RAS,1359566.4163146503,1359566.4163146503,100.0
Malaysia,MYS,2051,2W,Electric,RAS,1474675.2009957023,1474675.2009957023,100.0
Malaysia,MYS,2052,2W,Electric,RAS,1590862.8940941729,1590862.8940941729,100.0
Malaysia,MYS,2053,2W,Electric,RAS,1659722.9321514517,1659722.9321514517,100.0
Malaysia,MYS,2054,2W,Electric,RAS,1717728.78560346,1717728.78560346,100.0
Malaysia,MYS,2055,2W,Electric,RAS,1755037.9451520368,1755037.9451520368,100.0
Malaysia,MYS,2056,2W,Electric,RAS,1760767.0966761932,1760767.0966761932,100.0
Malaysia,MYS,2057,2W,Electric,RAS,1730949.257883709,1730949.257883709,100.0
Malaysia,MYS,2058,2W,Electric,RAS,1691939.4552808218,1691939.4552808218,100.0
Malaysia,MYS,2059,2W,Electric,RAS,1647564.4579939768,1647564.4579939768,100.0
Malaysia,MYS,2060,2W,Electric,RAS,1599734.076069627,1599734.076069627,100.0
Malaysia,MYS,2018,2W,Electric,historical,4718.0,471842.0,0.9999109871524791
Malaysia,MYS,2018,2W,Gasoline,historical,467124.0,471842.0,99.00008901284752
Malaysia,MYS,2019,2W,Electric,historical,8202.0,546813.0,1.4999643388141832
Malaysia,MYS,2019,2W,Gasoline,historical,538611.0,546813.0,98.50003566118582
Malaysia,MYS,2020,2W,Electric,historical,9967.0,498327.0,2.000092308865464
Malaysia,MYS,2020,2W,Gasoline,historical,488360.0,498327.0,97.99990769113454
Malaysia,MYS,2021,2W,Electric,historical,12432.0,497262.0,2.5000904955536516
Malaysia,MYS,2021,2W,Gasoline,historical,484830.0,497262.0,97.49990950444635
Malaysia,MYS,2022,2W,Electric,historical,20422.0,680749.0,2.9999309584002325
Malaysia,MYS,2022,2W,Gasoline,historical,660327.0,680749.0,97.00006904159977
Malaysia,MYS,2023,2W,Electric,historical,18960.0,541703.0,3.5000729181857957
Malaysia,MYS,2023,2W,Gasoline,historical,522743.0,541703.0,96.4999270818142
Malaysia,MYS,2024,2W,Electric,historical,22227.0,555675.0,4.0
Malaysia,MYS,2024,2W,Gasoline,historical,533448.0,555675.0,96.0
Malaysia,MYS,2025,Bus,Diesel,ATS,70676.73076412863,90299.06218450368,78.26961770623743
Malaysia,MYS,2025,Bus,Electric,ATS,19622.331420375045,90299.06218450368,21.730382293762577
Malaysia,MYS,2026,Bus,Diesel,ATS,3882.719105582475,4970.442504824037,78.11616575011425
Malaysia,MYS,2026,Bus,Electric,ATS,1087.7233992415622,4970.442504824037,21.88383424988576
Malaysia,MYS,2027,Bus,Diesel,ATS,3732.583831715098,4788.313147791603,77.95195753720883
Malaysia,MYS,2027,Bus,Electric,ATS,1055.729316076505,4788.313147791603,22.048042462791166
Malaysia,MYS,2028,Bus,Diesel,ATS,3751.94868271341,4823.999021398762,77.77672976445793
Malaysia,MYS,2028,Bus,Electric,ATS,1072.0503386853518,4823.999021398762,22.22327023554207
Malaysia,MYS,2029,Bus,Diesel,ATS,3837.763794941753,4946.190174593037,77.59029999806906
Malaysia,MYS,2029,Bus,Electric,ATS,1108.4263796512842,4946.190174593037,22.409700001930947
Malaysia,MYS,2030,Bus,Diesel,ATS,4037.5523124813967,5216.975939110125,77.39258067519656
Malaysia,MYS,2030,Bus,Electric,ATS,1179.4236266287287,5216.975939110125,22.607419324803452
Malaysia,MYS,2031,Bus,Diesel,ATS,4348.076214478445,5633.420341389472,77.18359275505439
Malaysia,MYS,2031,Bus,Electric,ATS,1285.3441269110274,5633.420341389472,22.816407244945612
Malaysia,MYS,2032,Bus,Diesel,ATS,4171.4622054820575,5420.054148244642,76.96347843375406
Malaysia,MYS,2032,Bus,Electric,ATS,1248.591942762585,5420.054148244642,23.036521566245945
Malaysia,MYS,2033,Bus,Diesel,ATS,4313.098667542599,5620.953283091832,76.7325122682777
Malaysia,MYS,2033,Bus,Electric,ATS,1307.854615549234,5620.953283091832,23.2674877317223
Malaysia,MYS,2034,Bus,Diesel,ATS,5761.483704042833,7532.226559247036,76.49111001540007
Malaysia,MYS,2034,Bus,Electric,ATS,1770.7428552042036,7532.226559247036,23.508889984599946
Malaysia,MYS,2035,Bus,Diesel,ATS,10064.490887662383,13201.092256811622,76.23983449149227
Malaysia,MYS,2035,Bus,Electric,ATS,3136.6013691492376,13201.092256811622,23.760165508507715
Malaysia,MYS,2036,Bus,Diesel,ATS,9609.003235779548,12646.853637984197,75.97939780784198
Malaysia,MYS,2036,Bus,Electric,ATS,3037.8504022046495,12646.853637984197,24.02060219215803
Malaysia,MYS,2037,Bus,Diesel,ATS,9974.415014654363,13174.386656443967,75.71065943912913
Malaysia,MYS,2037,Bus,Electric,ATS,3199.9716417896043,13174.386656443967,24.289340560870873
Malaysia,MYS,2038,Bus,Diesel,ATS,11334.201318313908,15025.198452941113,75.43461974104768
Malaysia,MYS,2038,Bus,Electric,ATS,3690.9971346272064,15025.198452941113,24.565380258952327
Malaysia,MYS,2039,Bus,Diesel,ATS,11564.569275613638,15388.155175875698,75.152408741911
Malaysia,MYS,2039,Bus,Electric,ATS,3823.5859002620605,15388.155175875698,24.847591258089004
Malaysia,MYS,2040,Bus,Diesel,ATS,12469.51791763762,16655.94456656961,74.86527028113056
Malaysia,MYS,2040,Bus,Electric,ATS,4186.4266489319925,16655.94456656961,25.13472971886944
Malaysia,MYS,2041,Bus,Diesel,ATS,13202.789430184583,17704.150913847232,74.5745418372935
Malaysia,MYS,2041,Bus,Electric,ATS,4501.361483662649,17704.150913847232,25.425458162706505
Malaysia,MYS,2042,Bus,Diesel,ATS,13002.660569298205,17504.543793822784,74.28163065801658
Malaysia,MYS,2042,Bus,Electric,ATS,4501.88322452458,17504.543793822784,25.718369341983422
Malaysia,MYS,2043,Bus,Diesel,ATS,11361.533134992385,15355.915991588787,73.98798704822084
Malaysia,MYS,2043,Bus,Electric,ATS,3994.382856596401,15355.915991588787,26.012012951779152
Malaysia,MYS,2044,Bus,Diesel,ATS,11569.056263757202,15698.547192394646,73.69507586894393
Malaysia,MYS,2044,Bus,Electric,ATS,4129.490928637443,15698.547192394646,26.30492413105606
Malaysia,MYS,2045,Bus,Diesel,ATS,11063.903001825982,15072.544597054395,73.40434742510686
Malaysia,MYS,2045,Bus,Electric,ATS,4008.641595228413,15072.544597054395,26.59565257489313
Malaysia,MYS,2046,Bus,Diesel,ATS,11379.988618387626,15564.035853638605,73.11720896432644
Malaysia,MYS,2046,Bus,Electric,ATS,4184.04723525098,15564.035853638605,26.88279103567357
Malaysia,MYS,2047,Bus,Diesel,ATS,10358.282091940782,14221.57256994961,72.83499796518976
Malaysia,MYS,2047,Bus,Electric,ATS,3863.290478008828,14221.57256994961,27.16500203481025
Malaysia,MYS,2048,Bus,Diesel,ATS,10547.14821813825,14535.969741064182,72.5589582671083
Malaysia,MYS,2048,Bus,Electric,ATS,3988.821522925932,14535.969741064182,27.4410417328917
Malaysia,MYS,2049,Bus,Diesel,ATS,10996.733089051573,15211.923693837947,72.29021989839546
Malaysia,MYS,2049,Bus,Electric,ATS,4215.190604786375,15211.923693837947,27.709780101604547
Malaysia,MYS,2050,Bus,Diesel,ATS,11143.102120242502,15470.131413586438,72.02978321474515
Malaysia,MYS,2050,Bus,Electric,ATS,4327.029293343938,15470.131413586438,27.970216785254852
Malaysia,MYS,2051,Bus,Diesel,ATS,12373.654996449199,17238.662929222075,71.77850769083737
Malaysia,MYS,2051,Bus,Electric,ATS,4865.007932772876,17238.662929222075,28.221492309162628
Malaysia,MYS,2052,Bus,Diesel,ATS,13171.86089213955,18412.627700687153,71.53710543795974
Malaysia,MYS,2052,Bus,Electric,ATS,5240.766808547604,18412.627700687153,28.46289456204027
Malaysia,MYS,2053,Bus,Diesel,ATS,13778.008238719689,19322.330979201593,71.30613927248336
Malaysia,MYS,2053,Bus,Electric,ATS,5544.322740481905,19322.330979201593,28.69386072751663
Malaysia,MYS,2054,Bus,Diesel,ATS,14369.784081147347,20214.640066054504,71.08602495118303
Malaysia,MYS,2054,Bus,Electric,ATS,5844.855984907155,20214.640066054504,28.91397504881696
Malaysia,MYS,2055,Bus,Diesel,ATS,14869.230895859182,20978.911532866623,70.87703703104089
Malaysia,MYS,2055,Bus,Electric,ATS,6109.680637007442,20978.911532866623,29.122962968959126
Malaysia,MYS,2056,Bus,Diesel,ATS,15255.653553777425,21584.324875301303,70.67931770816838
Malaysia,MYS,2056,Bus,Electric,ATS,6328.671321523879,21584.324875301303,29.32068229183163
Malaysia,MYS,2057,Bus,Diesel,ATS,15461.716757925326,21933.72581173756,70.4928879417795
Malaysia,MYS,2057,Bus,Electric,ATS,6472.009053812237,21933.72581173756,29.507112058220503
Malaysia,MYS,2058,Bus,Diesel,ATS,15620.593608220506,22214.325065242418,70.31766016902861
Malaysia,MYS,2058,Bus,Electric,ATS,6593.731457021915,22214.325065242418,29.682339830971404
Malaysia,MYS,2059,Bus,Diesel,ATS,15742.181063273947,22439.638569916337,70.15345195612319
Malaysia,MYS,2059,Bus,Electric,ATS,6697.457506642392,22439.638569916337,29.84654804387682
Malaysia,MYS,2060,Bus,Diesel,ATS,15827.660914063927,22610.944162948465,70.0
Malaysia,MYS,2060,Bus,Electric,ATS,6783.283248884538,22610.944162948465,29.999999999999993
Malaysia,MYS,2025,Bus,Diesel,BAS,70676.73076412863,90299.06218450368,78.26961770623743
Malaysia,MYS,2025,Bus,Electric,BAS,19622.331420375045,90299.06218450368,21.730382293762577
Malaysia,MYS,2026,Bus,Diesel,BAS,3882.719105582475,4970.442504824037,78.11616575011425
Malaysia,MYS,2026,Bus,Electric,BAS,1087.7233992415622,4970.442504824037,21.88383424988576
Malaysia,MYS,2027,Bus,Diesel,BAS,3732.583831715098,4788.313147791603,77.95195753720883
Malaysia,MYS,2027,Bus,Electric,BAS,1055.729316076505,4788.313147791603,22.048042462791166
Malaysia,MYS,2028,Bus,Diesel,BAS,3751.94868271341,4823.999021398762,77.77672976445793
Malaysia,MYS,2028,Bus,Electric,BAS,1072.0503386853518,4823.999021398762,22.22327023554207
Malaysia,MYS,2029,Bus,Diesel,BAS,3837.763794941753,4946.190174593037,77.59029999806906
Malaysia,MYS,2029,Bus,Electric,BAS,1108.4263796512842,4946.190174593037,22.409700001930947
Malaysia,MYS,2030,Bus,Diesel,BAS,4037.5523124813967,5216.975939110125,77.39258067519656
Malaysia,MYS,2030,Bus,Electric,BAS,1179.4236266287287,5216.975939110125,22.607419324803452
Malaysia,MYS,2031,Bus,Diesel,BAS,4348.076214478445,5633.420341389472,77.18359275505439
Malaysia,MYS,2031,Bus,Electric,BAS,1285.3441269110274,5633.420341389472,22.816407244945612
Malaysia,MYS,2032,Bus,Diesel,BAS,4171.4622054820575,5420.054148244642,76.96347843375406
Malaysia,MYS,2032,Bus,Electric,BAS,1248.591942762585,5420.054148244642,23.036521566245945
Malaysia,MYS,2033,Bus,Diesel,BAS,4313.098667542599,5620.953283091832,76.7325122682777
Malaysia,MYS,2033,Bus,Electric,BAS,1307.854615549234,5620.953283091832,23.2674877317223
Malaysia,MYS,2034,Bus,Diesel,BAS,5761.483704042833,7532.226559247036,76.49111001540007
Malaysia,MYS,2034,Bus,Electric,BAS,1770.7428552042036,7532.226559247036,23.508889984599946
Malaysia,MYS,2035,Bus,Diesel,BAS,10064.490887662383,13201.092256811622,76.23983449149227
Malaysia,MYS,2035,Bus,Electric,BAS,3136.6013691492376,13201.092256811622,23.760165508507715
Malaysia,MYS,2036,Bus,Diesel,BAS,9609.003235779548,12646.853637984197,75.97939780784198
Malaysia,MYS,2036,Bus,Electric,BAS,3037.8504022046495,12646.853637984197,24.02060219215803
Malaysia,MYS,2037,Bus,Diesel,BAS,9974.415014654363,13174.386656443967,75.71065943912913
Malaysia,MYS,2037,Bus,Electric,BAS,3199.9716417896043,13174.386656443967,24.289340560870873
Malaysia,MYS,2038,Bus,Diesel,BAS,11334.201318313908,15025.198452941113,75.43461974104768
Malaysia,MYS,2038,Bus,Electric,BAS,3690.9971346272064,15025.198452941113,24.565380258952327
Malaysia,MYS,2039,Bus,Diesel,BAS,11564.569275613638,15388.155175875698,75.152408741911
Malaysia,MYS,2039,Bus,Electric,BAS,3823.5859002620605,15388.155175875698,24.847591258089004
Malaysia,MYS,2040,Bus,Diesel,BAS,12469.51791763762,16655.94456656961,74.86527028113056
Malaysia,MYS,2040,Bus,Electric,BAS,4186.4266489319925,16655.94456656961,25.13472971886944
Malaysia,MYS,2041,Bus,Diesel,BAS,13202.789430184583,17704.150913847232,74.5745418372935
Malaysia,MYS,2041,Bus,Electric,BAS,4501.361483662649,17704.150913847232,25.425458162706505
Malaysia,MYS,2042,Bus,Diesel,BAS,13002.660569298205,17504.543793822784,74.28163065801658
Malaysia,MYS,2042,Bus,Electric,BAS,4501.88322452458,17504.543793822784,25.718369341983422
Malaysia,MYS,2043,Bus,Diesel,BAS,11361.533134992385,15355.915991588787,73.98798704822084
Malaysia,MYS,2043,Bus,Electric,BAS,3994.382856596401,15355.915991588787,26.012012951779152
Malaysia,MYS,2044,Bus,Diesel,BAS,11569.056263757202,15698.547192394646,73.69507586894393
Malaysia,MYS,2044,Bus,Electric,BAS,4129.490928637443,15698.547192394646,26.30492413105606
Malaysia,MYS,2045,Bus,Diesel,BAS,11063.903001825982,15072.544597054395,73.40434742510686
Malaysia,MYS,2045,Bus,Electric,BAS,4008.641595228413,15072.544597054395,26.59565257489313
Malaysia,MYS,2046,Bus,Diesel,BAS,11379.988618387626,15564.035853638605,73.11720896432644
Malaysia,MYS,2046,Bus,Electric,BAS,4184.04723525098,15564.035853638605,26.88279103567357
Malaysia,MYS,2047,Bus,Diesel,BAS,10358.282091940782,14221.57256994961,72.83499796518976
Malaysia,MYS,2047,Bus,Electric,BAS,3863.290478008828,14221.57256994961,27.16500203481025
Malaysia,MYS,2048,Bus,Diesel,BAS,10547.14821813825,14535.969741064182,72.5589582671083
Malaysia,MYS,2048,Bus,Electric,BAS,3988.821522925932,14535.969741064182,27.4410417328917
Malaysia,MYS,2049,Bus,Diesel,BAS,10996.733089051573,15211.923693837947,72.29021989839546
Malaysia,MYS,2049,Bus,Electric,BAS,4215.190604786375,15211.923693837947,27.709780101604547
Malaysia,MYS,2050,Bus,Diesel,BAS,11143.102120242502,15470.131413586438,72.02978321474515
Malaysia,MYS,2050,Bus,Electric,BAS,4327.029293343938,15470.131413586438,27.970216785254852
Malaysia,MYS,2051,Bus,Diesel,BAS,12373.654996449199,17238.662929222075,71.77850769083737
Malaysia,MYS,2051,Bus,Electric,BAS,4865.007932772876,17238.662929222075,28.221492309162628
Malaysia,MYS,2052,Bus,Diesel,BAS,13171.86089213955,18412.627700687153,71.53710543795974
Malaysia,MYS,2052,Bus,Electric,BAS,5240.766808547604,18412.627700687153,28.46289456204027
Malaysia,MYS,2053,Bus,Diesel,BAS,13778.008238719689,19322.330979201593,71.30613927248336
Malaysia,MYS,2053,Bus,Electric,BAS,5544.322740481905,19322.330979201593,28.69386072751663
Malaysia,MYS,2054,Bus,Diesel,BAS,14369.784081147347,20214.640066054504,71.08602495118303
Malaysia,MYS,2054,Bus,Electric,BAS,5844.855984907155,20214.640066054504,28.91397504881696
Malaysia,MYS,2055,Bus,Diesel,BAS,14869.230895859182,20978.911532866623,70.87703703104089
Malaysia,MYS,2055,Bus,Electric,BAS,6109.680637007442,20978.911532866623,29.122962968959126
Malaysia,MYS,2056,Bus,Diesel,BAS,15255.653553777425,21584.324875301303,70.67931770816838
Malaysia,MYS,2056,Bus,Electric,BAS,6328.671321523879,21584.324875301303,29.32068229183163
Malaysia,MYS,2057,Bus,Diesel,BAS,15461.716757925326,21933.72581173756,70.4928879417795
Malaysia,MYS,2057,Bus,Electric,BAS,6472.009053812237,21933.72581173756,29.507112058220503
Malaysia,MYS,2058,Bus,Diesel,BAS,15620.593608220506,22214.325065242418,70.31766016902861
Malaysia,MYS,2058,Bus,Electric,BAS,6593.731457021915,22214.325065242418,29.682339830971404
Malaysia,MYS,2059,Bus,Diesel,BAS,15742.181063273947,22439.638569916337,70.15345195612319
Malaysia,MYS,2059,Bus,Electric,BAS,6697.457506642392,22439.638569916337,29.84654804387682
Malaysia,MYS,2060,Bus,Diesel,BAS,15827.660914063927,22610.944162948465,70.0
Malaysia,MYS,2060,Bus,Electric,BAS,6783.283248884538,22610.944162948465,29.999999999999993
Malaysia,MYS,2025,Bus,Diesel,RAS,70676.73076412863,90299.06218450368,78.26961770623743
Malaysia,MYS,2025,Bus,Electric,RAS,19622.331420375045,90299.06218450368,21.730382293762577
Malaysia,MYS,2026,Bus,Diesel,RAS,3868.3698292927966,4970.442504824037,77.82747362107841
Malaysia,MYS,2026,Bus,Electric,RAS,1101.0812605582187,4970.442504824037,22.152580167451287
Malaysia,MYS,2026,Bus,Hydrogen,RAS,0.9914149730221486,4970.442504824037,0.01994621147030543
Malaysia,MYS,2027,Bus,Diesel,RAS,3701.693474103514,4788.313147791603,77.30683770777932
Malaysia,MYS,2027,Bus,Electric,RAS,1084.5146191269546,4788.313147791603,22.64919995107544
Malaysia,MYS,2027,Bus,Hydrogen,RAS,2.105054561133895,4788.313147791603,0.04396234114522685
Malaysia,MYS,2028,Bus,Diesel,RAS,3699.8026791769257,4823.999021398762,76.69575932260729
Malaysia,MYS,2028,Bus,Electric,RAS,1120.6848881754815,4823.999021398762,23.231449326673555
Malaysia,MYS,2028,Bus,Hydrogen,RAS,3.5114540463547095,4823.999021398762,0.07279135071914944
Malaysia,MYS,2029,Bus,Diesel,RAS,3758.1771937974536,4946.190174593037,75.98125145090421
Malaysia,MYS,2029,Bus,Electric,RAS,1182.707096360188,4946.190174593037,23.911476401278865
Malaysia,MYS,2029,Bus,Hydrogen,RAS,5.305884435395775,4946.190174593037,0.10727214781692726
Malaysia,MYS,2030,Bus,Diesel,RAS,3920.5322865269422,5216.975939110125,75.14951827045763
Malaysia,MYS,2030,Bus,Electric,RAS,1288.7051118794905,5216.975939110125,24.702147890283516
Malaysia,MYS,2030,Bus,Hydrogen,RAS,7.738540703692034,5216.975939110125,0.1483338392588412
Malaysia,MYS,2031,Bus,Diesel,RAS,4179.22792876634,5633.420341389472,74.18633220143379
Malaysia,MYS,2031,Bus,Electric,RAS,1443.0956990074894,5633.420341389472,25.61668775903118
Malaysia,MYS,2031,Bus,Hydrogen,RAS,11.09671361564302,5633.420341389472,0.1969800395350232
Malaysia,MYS,2032,Bus,Diesel,RAS,3960.84513947413,5420.054148244642,73.07759352841342
Malaysia,MYS,2032,Bus,Electric,RAS,1445.4280005739213,5420.054148244642,26.668146867906156
Malaysia,MYS,2032,Bus,Hydrogen,RAS,13.781008196591435,5420.054148244642,0.25425960368042816
Malaysia,MYS,2033,Bus,Diesel,RAS,4036.412053424038,5620.953283091832,71.8100978630406
Malaysia,MYS,2033,Bus,Electric,RAS,1566.485598733622,5620.953283091832,27.86868205159622
Malaysia,MYS,2033,Bus,Hydrogen,RAS,18.05563093417303,5620.953283091832,0.3212200853631974
Malaysia,MYS,2034,Bus,Diesel,RAS,5300.617573396764,7532.226559247036,70.37251909117619
Malaysia,MYS,2034,Bus,Electric,RAS,2201.567382772122,7532.226559247036,29.228639970598593
Malaysia,MYS,2034,Bus,Hydrogen,RAS,30.041603078150505,7532.226559247036,0.3988409382252256
Malaysia,MYS,2035,Bus,Diesel,RAS,9076.62029087305,13201.092256811622,68.75658554836332
Malaysia,MYS,2035,Bus,Electric,RAS,4060.0578413505323,13201.092256811622,30.755469035189765
Malaysia,MYS,2035,Bus,Hydrogen,RAS,64.41412458804125,13201.092256811622,0.4879454164469175
Malaysia,MYS,2036,Bus,Diesel,RAS,8468.128892402525,12646.853637984197,66.95838455004271
Malaysia,MYS,2036,Bus,Electric,RAS,4104.222932985594,12646.853637984197,32.4525217929206
Malaysia,MYS,2036,Bus,Hydrogen,RAS,74.50181259607943,12646.853637984197,0.5890936570366951
Malaysia,MYS,2037,Bus,Diesel,RAS,8560.674098770649,13174.386656443967,64.97967853845688
Malaysia,MYS,2037,Bus,Electric,RAS,4521.167155164228,13174.386656443967,34.31785686169152
Malaysia,MYS,2037,Bus,Hydrogen,RAS,92.54540250909122,13174.386656443967,0.7024645998515964
Malaysia,MYS,2038,Bus,Diesel,RAS,9440.19156119212,15025.198452941113,62.829064060343555
Malaysia,MYS,2038,Bus,Electric,RAS,5460.637216452155,15025.198452941113,36.3431952899315
Malaysia,MYS,2038,Bus,Hydrogen,RAS,124.3696752968379,15025.198452941113,0.82774064972495
Malaysia,MYS,2039,Bus,Diesel,RAS,9313.337381622638,15388.155175875698,60.52276751292015
Malaysia,MYS,2039,Bus,Electric,RAS,5926.473694409327,15388.155175875698,38.51321764483095
Malaysia,MYS,2039,Bus,Hydrogen,RAS,148.34409984373357,15388.155175875698,0.9640148422488969
Malaysia,MYS,2040,Bus,Diesel,RAS,9674.583322886452,16655.94456656961,58.08486744308965
Malaysia,MYS,2040,Bus,Electric,RAS,6796.52299401282,16655.94456656961,40.80538913208333
Malaysia,MYS,2040,Bus,Hydrogen,RAS,184.83824967034087,16655.94456656961,1.109743424827028
Malaysia,MYS,2041,Bus,Diesel,RAS,9834.08538546657,17704.150913847232,55.546777890234075
Malaysia,MYS,2041,Bus,Electric,RAS,7646.503768132308,17704.150913847232,43.190457454537544
Malaysia,MYS,2041,Bus,Hydrogen,RAS,223.56176024835443,17704.150913847232,1.2627646552283762
Malaysia,MYS,2042,Bus,Diesel,RAS,9267.942726417865,17504.543793822784,52.94592555841672
Malaysia,MYS,2042,Bus,Electric,RAS,7987.967284080001,17504.543793822784,45.63367876458963
Malaysia,MYS,2042,Bus,Hydrogen,RAS,248.6337833249181,17504.543793822784,1.4203956769936446
Malaysia,MYS,2043,Bus,Diesel,RAS,7727.663890085111,15355.915991588787,50.32369214782071
Malaysia,MYS,2043,Bus,Electric,RAS,7385.689388663315,15355.915991588787,48.096703529172935
Malaysia,MYS,2043,Bus,Hydrogen,RAS,242.56271284036077,15355.915991588787,1.5796043230063557
Malaysia,MYS,2044,Bus,Diesel,RAS,7491.792530066188,15698.547192394646,47.72283981600335
Malaysia,MYS,2044,Bus,Electric,RAS,7934.033951886525,15698.547192394646,50.53992483922502
Malaysia,MYS,2044,Bus,Hydrogen,RAS,272.7207104419332,15698.547192394646,1.737235344771624
Malaysia,MYS,2045,Bus,Diesel,RAS,6810.491634480602,15072.544597054395,45.184750263147784
Malaysia,MYS,2045,Bus,Electric,RAS,7977.143197282093,15072.544597054395,52.92499316167925
Malaysia,MYS,2045,Bus,Hydrogen,RAS,284.9097652916992,15072.544597054395,1.890256575172972
Malaysia,MYS,2046,Bus,Diesel,RAS,6653.135090389085,15564.035853638605,42.74685019331728
Malaysia,MYS,2046,Bus,Electric,RAS,8594.019303322379,15564.035853638605,55.217164648931615
Malaysia,MYS,2046,Bus,Hydrogen,RAS,316.88145992714226,15564.035853638605,2.0359851577511034
Malaysia,MYS,2047,Bus,Diesel,RAS,5751.2826844402,14221.57256994961,40.440553645893864
Malaysia,MYS,2047,Bus,Electric,RAS,8161.36044560253,14221.57256994961,57.38718700383109
Malaysia,MYS,2047,Bus,Hydrogen,RAS,308.9294399068821,14221.57256994961,2.17225935027505
Malaysia,MYS,2048,Bus,Diesel,RAS,5565.813971300462,14535.969741064182,38.28993916778054
Malaysia,MYS,2048,Bus,Electric,RAS,8636.186719207912,14535.969741064182,59.412525432071064
Malaysia,MYS,2048,Bus,Hydrogen,RAS,333.9690505558098,14535.969741064182,2.2975354001484036
Malaysia,MYS,2049,Bus,Diesel,RAS,5523.637080011927,15211.923693837947,36.311233156194724
Malaysia,MYS,2049,Bus,Electric,RAS,9321.541380604545,15211.923693837947,61.277860500841975
Malaysia,MYS,2049,Bus,Hydrogen,RAS,366.7452332214769,15211.923693837947,2.4109063429633046
Malaysia,MYS,2050,Bus,Diesel,RAS,5339.211429636473,15470.131413586438,34.51303215787412
Malaysia,MYS,2050,Bus,Electric,RAS,9742.301838693282,15470.131413586438,62.974913258572805
Malaysia,MYS,2050,Bus,Hydrogen,RAS,388.61814525668336,15470.131413586438,2.5120545835530823
Malaysia,MYS,2051,Bus,Diesel,RAS,5671.019943744193,17238.662929222075,32.89709861506125
Malaysia,MYS,2051,Bus,Electric,RAS,11119.237942565615,17238.662929222075,64.50174232316398
Malaysia,MYS,2051,Bus,Hydrogen,RAS,448.4050429122687,17238.662929222075,2.6011590617747737
Malaysia,MYS,2052,Bus,Diesel,RAS,5792.5242651516355,18412.627700687153,31.459519843196855
Malaysia,MYS,2052,Bus,Electric,RAS,12126.86966293266,18412.627700687153,65.86170024216635
Malaysia,MYS,2052,Bus,Hydrogen,RAS,493.2337726028595,18412.627700687153,2.6787799146368023
Malaysia,MYS,2053,Bus,Diesel,RAS,5833.8028409597255,19322.330979201593,30.192024177824017
Malaysia,MYS,2053,Bus,Electric,RAS,12957.98709103536,19322.330979201593,67.06223542585641
Malaysia,MYS,2053,Bus,Hydrogen,RAS,530.5410472065092,19322.330979201593,2.745740396319572
Malaysia,MYS,2054,Bus,Diesel,RAS,5879.081484179058,20214.640066054504,29.083285504803634
Malaysia,MYS,2054,Bus,Electric,RAS,13768.93818588779,20214.640066054504,68.1136945347314
Malaysia,MYS,2054,Bus,Hydrogen,RAS,566.6203959876584,20214.640066054504,2.803019960464977
Malaysia,MYS,2055,Bus,Diesel,RAS,5899.290783586368,20978.911532866623,28.12009943577979
Malaysia,MYS,2055,Bus,Electric,RAS,14481.372228205675,20978.911532866623,69.02823440347906
Malaysia,MYS,2055,Bus,Hydrogen,RAS,598.2485210745818,20978.911532866623,2.8516661607411593
Malaysia,MYS,2056,Bus,Diesel,RAS,5890.0096257132145,21584.324875301303,27.28836625533322
Malaysia,MYS,2056,Bus,Electric,RAS,15069.93947221457,21584.324875301303,69.81890589248371
Malaysia,MYS,2056,Bus,Hydrogen,RAS,624.37577737352,21584.324875301303,2.8927278521830724
Malaysia,MYS,2057,Bus,Diesel,RAS,5828.637235464866,21933.72581173756,26.57385838363012
Malaysia,MYS,2057,Bus,Electric,RAS,15463.042657201968,21933.72581173756,70.49893296708903
Malaysia,MYS,2057,Bus,Hydrogen,RAS,642.0459190707284,21933.72581173756,2.9272086492808507
Malaysia,MYS,2058,Bus,Diesel,RAS,5767.456344831223,22214.325065242418,25.962779998458103
Malaysia,MYS,2058,Bus,Electric,RAS,15790.204905822215,22214.325065242418,71.08118234268713
Malaysia,MYS,2058,Bus,Hydrogen,RAS,656.663814588981,22214.325065242418,2.956037658854773
Malaysia,MYS,2059,Bus,Diesel,RAS,5709.125177147031,22439.638569916337,25.44214408515902
Malaysia,MYS,2059,Bus,Electric,RAS,16061.800093434145,22439.638569916337,71.5778021263113
Malaysia,MYS,2059,Bus,Hydrogen,RAS,668.7132993351624,22439.638569916337,2.9800537885296947
Malaysia,MYS,2060,Bus,Diesel,RAS,5652.736040737119,22610.944162948465,25.00000000000001
Malaysia,MYS,2060,Bus,Electric,RAS,16279.879797322894,22610.944162948465,72.0
Malaysia,MYS,2060,Bus,Hydrogen,RAS,678.328324888454,22610.944162948465,3.0
Malaysia,MYS,2006,Bus,Electric,historical,0.0,461.1963772817466,0.0
Malaysia,MYS,2006,Bus,Gasoline,historical,4.0,461.1963772817466,0.8673095013398999
Malaysia,MYS,2006,Bus,HybridDiesel,historical,438.1963772817466,461.1963772817466,95.01297036729558
Malaysia,MYS,2006,Bus,NaturalGas,historical,19.0,461.1963772817466,4.119720131364525
Malaysia,MYS,2007,Bus,Electric,historical,0.0,474.342268600199,0.0
Malaysia,MYS,2007,Bus,Gasoline,historical,4.0,474.342268600199,0.8432729412464428
Malaysia,MYS,2007,Bus,HybridDiesel,historical,451.342268600199,474.342268600199,95.15118058783295
Malaysia,MYS,2007,Bus,NaturalGas,historical,19.0,474.342268600199,4.005546470920603
Malaysia,MYS,2008,Bus,Electric,historical,0.0,488.88253665820497,0.0
Malaysia,MYS,2008,Bus,Gasoline,historical,5.0,488.88253665820497,1.0227405613990415
Malaysia,MYS,2008,Bus,HybridDiesel,historical,464.88253665820497,488.88253665820497,95.0908453052846
Malaysia,MYS,2008,Bus,NaturalGas,historical,19.0,488.88253665820497,3.8864141333163573
Malaysia,MYS,2009,Bus,Electric,historical,0.0,502.8290127579512,0.0
Malaysia,MYS,2009,Bus,Gasoline,historical,5.0,502.8290127579512,0.9943738076241178
Malaysia,MYS,2009,Bus,HybridDiesel,historical,478.8290127579512,502.8290127579512,95.22700572340423
Malaysia,MYS,2009,Bus,NaturalGas,historical,19.0,502.8290127579512,3.7786204689716474
Malaysia,MYS,2010,Bus,Electric,historical,0.0,518.1938831406896,0.0
Malaysia,MYS,2010,Bus,Gasoline,historical,5.0,518.1938831406896,0.9648898149271476
Malaysia,MYS,2010,Bus,HybridDiesel,historical,493.19388314068965,518.1938831406896,95.17555092536426
Malaysia,MYS,2010,Bus,NaturalGas,historical,20.0,518.1938831406896,3.8595592597085906
Malaysia,MYS,2011,Bus,Electric,historical,0.0,532.9896996349105,0.0
Malaysia,MYS,2011,Bus,Gasoline,historical,5.0,532.9896996349105,0.9381044330546953
Malaysia,MYS,2011,Bus,HybridDiesel,historical,507.98969963491044,532.9896996349105,95.30947783472651
Malaysia,MYS,2011,Bus,NaturalGas,historical,20.0,532.9896996349105,3.752417732218781
Malaysia,MYS,2012,Bus,Electric,historical,0.0,549.2293906239578,0.0
Malaysia,MYS,2012,Bus,Gasoline,historical,6.0,549.2293906239578,1.0924397168883546
Malaysia,MYS,2012,Bus,HybridDiesel,historical,523.2293906239578,549.2293906239578,95.26609456015046
Malaysia,MYS,2012,Bus,NaturalGas,historical,20.0,549.2293906239578,3.641465722961182
Malaysia,MYS,2013,Bus,Electric,historical,0.0,564.9262723426765,0.0
Malaysia,MYS,2013,Bus,Gasoline,historical,6.0,564.9262723426765,1.0620854957088068
Malaysia,MYS,2013,Bus,HybridDiesel,historical,538.9262723426765,564.9262723426765,95.39762951859518
Malaysia,MYS,2013,Bus,NaturalGas,historical,20.0,564.9262723426765,3.540284985696023
Malaysia,MYS,2014,Bus,Electric,historical,0.0,582.0940605129568,0.0
Malaysia,MYS,2014,Bus,Gasoline,historical,6.0,582.0940605129568,1.0307612475400694
Malaysia,MYS,2014,Bus,HybridDiesel,historical,555.0940605129568,582.0940605129568,95.36157438606969
Malaysia,MYS,2014,Bus,NaturalGas,historical,21.0,582.0940605129568,3.607664366390243
Malaysia,MYS,2015,Bus,Electric,historical,0.0,599.7468823283455,0.0
Malaysia,MYS,2015,Bus,Gasoline,historical,7.0,599.7468823283455,1.1671590476343128
Malaysia,MYS,2015,Bus,HybridDiesel,historical,571.7468823283455,599.7468823283455,95.33136380946274
Malaysia,MYS,2015,Bus,NaturalGas,historical,21.0,599.7468823283455,3.5014771429029388
Malaysia,MYS,2016,Bus,Electric,historical,0.0,616.8992887981959,0.0
Malaysia,MYS,2016,Bus,Gasoline,historical,7.0,616.8992887981959,1.1347070951624787
Malaysia,MYS,2016,Bus,HybridDiesel,historical,588.8992887981959,616.8992887981959,95.46117161935008
Malaysia,MYS,2016,Bus,NaturalGas,historical,21.0,616.8992887981959,3.4041212854874363
Malaysia,MYS,2017,Bus,Electric,historical,0.0,634.5662674621418,0.0
Malaysia,MYS,2017,Bus,Gasoline,historical,7.0,634.5662674621418,1.1031156805727338
Malaysia,MYS,2017,Bus,HybridDiesel,historical,606.5662674621418,634.5662674621418,95.58753727770907
Malaysia,MYS,2017,Bus,NaturalGas,historical,21.0,634.5662674621418,3.3093470417182016
Malaysia,MYS,2018,Bus,Electric,historical,49.0,702.7632554860061,6.972476095966819
Malaysia,MYS,2018,Bus,Gasoline,historical,7.0,702.7632554860061,0.9960680137095456
Malaysia,MYS,2018,Bus,HybridDiesel,historical,624.7632554860061,702.7632554860061,88.90095641866506
Malaysia,MYS,2018,Bus,NaturalGas,historical,22.0,702.7632554860061,3.130499471658572
Malaysia,MYS,2019,Bus,Electric,historical,67.0,740.5061531505863,9.047865397868632
Malaysia,MYS,2019,Bus,Gasoline,historical,8.0,740.5061531505863,1.0803421370589412
Malaysia,MYS,2019,Bus,HybridDiesel,historical,643.5061531505863,740.5061531505863,86.90085158816034
Malaysia,MYS,2019,Bus,NaturalGas,historical,22.0,740.5061531505863,2.970940876912088
Malaysia,MYS,2020,Bus,Electric,historical,89.0,781.8113377451039,11.383820584732543
Malaysia,MYS,2020,Bus,Gasoline,historical,8.0,781.8113377451039,1.023264771661352
Malaysia,MYS,2020,Bus,HybridDiesel,historical,662.8113377451039,781.8113377451039,84.77893652153737
Malaysia,MYS,2020,Bus,NaturalGas,historical,22.0,781.8113377451039,2.8139781220687183
Malaysia,MYS,2021,Bus,Electric,historical,115.0,827.695677877457,13.893995471246875
Malaysia,MYS,2021,Bus,Gasoline,historical,8.0,827.695677877457,0.966538815391087
Malaysia,MYS,2021,Bus,HybridDiesel,historical,682.695677877457,827.695677877457,82.48148397103655
Malaysia,MYS,2021,Bus,NaturalGas,historical,22.0,827.695677877457,2.657981742325489
Malaysia,MYS,2022,Bus,Electric,historical,144.0,878.1765482137807,16.397613930011833
Malaysia,MYS,2022,Bus,Gasoline,historical,8.0,878.1765482137807,0.9109785516673241
Malaysia,MYS,2022,Bus,HybridDiesel,historical,703.1765482137807,878.1765482137807,80.07234418227729
Malaysia,MYS,2022,Bus,NaturalGas,historical,23.0,878.1765482137807,2.6190633360435567
Malaysia,MYS,2023,Bus,Electric,historical,178.0,934.2718446601941,19.052270601683468
Malaysia,MYS,2023,Bus,Gasoline,historical,9.0,934.2718446601941,0.963317052894108
Malaysia,MYS,2023,Bus,HybridDiesel,historical,724.2718446601941,934.2718446601941,77.52260209913749
Malaysia,MYS,2023,Bus,NaturalGas,historical,23.0,934.2718446601941,2.4618102462849425
Malaysia,MYS,2024,Bus,Electric,historical,216.0,994.0,21.730382293762574
Malaysia,MYS,2024,Bus,Gasoline,historical,9.0,994.0,0.9054325955734407
Malaysia,MYS,2024,Bus,HybridDiesel,historical,746.0,994.0,75.0503018108652
Malaysia,MYS,2024,Bus,NaturalGas,historical,23.0,994.0,2.3138832997987926
Malaysia,MYS,2025,LDV,Electric,ATS,230528.79608991666,9059615.579486297,2.5445759156923105
Malaysia,MYS,2025,LDV,Gasoline,ATS,8242740.192029031,9059615.579486297,90.98333278834791
Malaysia,MYS,2025,LDV,HybridDiesel,ATS,586346.5913673497,9059615.579486297,6.472091295959789
Malaysia,MYS,2026,LDV,Electric,ATS,60826.2130410803,1219820.7592157237,4.986487775481714
Malaysia,MYS,2026,LDV,Gasoline,ATS,1103876.1912211014,1219820.7592157237,90.49495041639003
Malaysia,MYS,2026,LDV,HybridDiesel,ATS,55118.354953541944,1219820.7592157237,4.518561808128266
Malaysia,MYS,2027,LDV,Electric,ATS,86804.41116485804,1157089.352822464,7.501962657690855
Malaysia,MYS,2027,LDV,Gasoline,ATS,1041286.1777030238,1157089.352822464,89.99185543994818
Malaysia,MYS,2027,LDV,HybridDiesel,ATS,28998.763954582064,1157089.352822464,2.506181902360953
Malaysia,MYS,2028,LDV,Electric,ATS,115288.33789584464,1147991.413529627,10.042613258001456
Malaysia,MYS,2028,LDV,Gasoline,ATS,1027265.483178729,1147991.413529627,89.48372531988608
Malaysia,MYS,2028,LDV,HybridDiesel,ATS,5437.592455053525,1147991.413529627,0.4736614221124741
Malaysia,MYS,2029,LDV,Electric,ATS,143297.77071108937,1141079.5107597187,12.5580881402106
Malaysia,MYS,2029,LDV,Gasoline,ATS,997781.7400486293,1141079.5107597187,87.4419118597894
Malaysia,MYS,2030,LDV,Electric,ATS,172503.77267147898,1150025.1511431932,15.0
Malaysia,MYS,2030,LDV,Gasoline,ATS,977521.3784717142,1150025.1511431932,85.0
Malaysia,MYS,2031,LDV,Electric,ATS,203320.8091064738,1173532.5885269493,17.32553583038437
Malaysia,MYS,2031,LDV,Gasoline,ATS,970211.7794204755,1173532.5885269493,82.67446416961562
Malaysia,MYS,2032,LDV,Electric,ATS,215785.19744026434,1106579.4881710075,19.500198562050116
Malaysia,MYS,2032,LDV,Gasoline,ATS,890794.2907307431,1106579.4881710075,80.49980143794988
Malaysia,MYS,2033,LDV,Electric,ATS,237393.24849901,1104187.8725072928,21.499353000496036
Malaysia,MYS,2033,LDV,Gasoline,ATS,866794.6240082828,1104187.8725072928,78.50064699950397
Malaysia,MYS,2034,LDV,Electric,ATS,294685.1566657715,1264280.5427803695,23.308525813243026
Malaysia,MYS,2034,LDV,Gasoline,ATS,969595.386114598,1264280.5427803695,76.69147418675696
Malaysia,MYS,2035,LDV,Electric,ATS,442839.88064746594,1776857.2027450316,24.92264881856186
Malaysia,MYS,2035,LDV,Gasoline,ATS,1334017.3220975655,1776857.2027450316,75.07735118143813
Malaysia,MYS,2036,LDV,Electric,ATS,448733.23370732745,1703322.944036264,26.344577537597818
Malaysia,MYS,2036,LDV,Gasoline,ATS,1254589.7103289363,1703322.944036264,73.65542246240217
Malaysia,MYS,2037,LDV,Electric,ATS,481735.32207111665,1746477.7029919177,27.583250633308886
Malaysia,MYS,2037,LDV,Gasoline,ATS,1264742.380920801,1746477.7029919177,72.4167493666911
Malaysia,MYS,2038,LDV,Electric,ATS,544320.5595972494,1899777.5126974434,28.651805590875913
Malaysia,MYS,2038,LDV,Gasoline,ATS,1355456.953100194,1899777.5126974434,71.34819440912409
Malaysia,MYS,2039,LDV,Electric,ATS,569690.7992727164,1926852.6534461528,29.565872525531788
Malaysia,MYS,2039,LDV,Gasoline,ATS,1357161.8541734365,1926852.6534461528,70.43412747446821
Malaysia,MYS,2040,LDV,Electric,ATS,616949.6363218429,2033307.6739217713,30.342168292312223
Malaysia,MYS,2040,LDV,Gasoline,ATS,1416358.0375999284,2033307.6739217713,69.65783170768778
Malaysia,MYS,2041,LDV,Electric,ATS,646744.5806652358,2086445.7793831415,30.997430513456525
Malaysia,MYS,2041,LDV,Gasoline,ATS,1439701.198717906,2086445.7793831415,69.00256948654348
Malaysia,MYS,2042,LDV,Electric,ATS,656243.0558515178,2080162.9873013608,31.54767486286619
Malaysia,MYS,2042,LDV,Gasoline,ATS,1423919.9314498429,2080162.9873013608,68.45232513713381
Malaysia,MYS,2043,LDV,Electric,ATS,596161.019511587,1862553.378081359,32.007728021502416
Malaysia,MYS,2043,LDV,Gasoline,ATS,1266392.3585697717,1862553.378081359,67.99227197849757
Malaysia,MYS,2044,LDV,Electric,ATS,592451.2000622652,1829062.4425594695,32.39097727211696
Malaysia,MYS,2044,LDV,Gasoline,ATS,1236611.2424972043,1829062.4425594695,67.60902272788304
Malaysia,MYS,2045,LDV,Electric,ATS,582479.5044590515,1780777.583471749,32.709278792889315
Malaysia,MYS,2045,LDV,Gasoline,ATS,1198298.0790126976,1780777.583471749,67.29072120711069
Malaysia,MYS,2046,LDV,Electric,ATS,578488.9177040248,1754433.5256741792,32.97297442385159
Malaysia,MYS,2046,LDV,Gasoline,ATS,1175944.6079701544,1754433.5256741792,67.02702557614842
Malaysia,MYS,2047,LDV,Electric,ATS,530891.021928659,1599504.0591396354,33.1909768465497
Malaysia,MYS,2047,LDV,Gasoline,ATS,1068613.0372109765,1599504.0591396354,66.8090231534503
Malaysia,MYS,2048,LDV,Electric,ATS,533099.7561554862,1597499.211581897,33.37089322426601
Malaysia,MYS,2048,LDV,Gasoline,ATS,1064399.4554264108,1597499.211581897,66.62910677573399
Malaysia,MYS,2049,LDV,Electric,ATS,546990.2539313392,1631873.0949954875,33.51916614158357
Malaysia,MYS,2049,LDV,Gasoline,ATS,1084882.8410641481,1631873.0949954875,66.48083385841643
Malaysia,MYS,2050,LDV,Electric,ATS,563927.7573798525,1676300.0736325458,33.64121771812727
Malaysia,MYS,2050,LDV,Gasoline,ATS,1112372.3162526933,1676300.0736325458,66.35878228187273
Malaysia,MYS,2051,LDV,Electric,ATS,593018.6083267464,1757530.2237320729,33.7415880716683
Malaysia,MYS,2051,LDV,Gasoline,ATS,1164511.6154053265,1757530.2237320729,66.2584119283317
Malaysia,MYS,2052,LDV,Electric,ATS,620012.3654253813,1833051.113599524,33.82406310579502
Malaysia,MYS,2052,LDV,Gasoline,ATS,1213038.7481741426,1833051.113599524,66.17593689420498
Malaysia,MYS,2053,LDV,Electric,ATS,638106.5991837786,1882776.3721777238,33.89178920095057
Malaysia,MYS,2053,LDV,Gasoline,ATS,1244669.772993945,1882776.3721777238,66.10821079904943
Malaysia,MYS,2054,LDV,Electric,ATS,655117.799798927,1929804.049267538,33.94737408948741
Malaysia,MYS,2054,LDV,Gasoline,ATS,1274686.2494686109,1929804.049267538,66.05262591051259
Malaysia,MYS,2055,LDV,Electric,ATS,668317.2087306193,1966045.1123702154,33.99297424690894
Malaysia,MYS,2055,LDV,Gasoline,ATS,1297727.9036395962,1966045.1123702154,66.00702575309107
Malaysia,MYS,2056,LDV,Electric,ATS,674890.1380371477,1983199.5460552573,34.03036973155617
Malaysia,MYS,2056,LDV,Gasoline,ATS,1308309.4080181099,1983199.5460552573,65.96963026844384
Malaysia,MYS,2057,LDV,Electric,ATS,672967.5797703959,1975770.037350621,34.06102770304188
Malaysia,MYS,2057,LDV,Gasoline,ATS,1302802.4575802253,1975770.037350621,65.93897229695813
Malaysia,MYS,2058,LDV,Electric,ATS,668243.2192844282,1960453.4468304776,34.08615595360332
Malaysia,MYS,2058,LDV,Gasoline,ATS,1292210.2275460495,1960453.4468304776,65.91384404639669
Malaysia,MYS,2059,LDV,Electric,ATS,661412.3215827547,1939241.8356978372,34.1067477715973
Malaysia,MYS,2059,LDV,Gasoline,ATS,1277829.5141150828,1939241.8356978372,65.89325222840272
Malaysia,MYS,2060,LDV,Electric,ATS,652692.7986338148,1912730.274846837,34.123619373676696
Malaysia,MYS,2060,LDV,Gasoline,ATS,1260037.4762130224,1912730.274846837,65.87638062632331
Malaysia,MYS,2025,LDV,Electric,BAS,230528.79608991666,9059615.579486297,2.5445759156923105
Malaysia,MYS,2025,LDV,Gasoline,BAS,8242740.192029031,9059615.579486297,90.98333278834791
Malaysia,MYS,2025,LDV,HybridDiesel,BAS,586346.5913673497,9059615.579486297,6.472091295959789
Malaysia,MYS,2026,LDV,Electric,BAS,33799.19488551613,1219820.7592157237,2.770832897387901
Malaysia,MYS,2026,LDV,Gasoline,BAS,1109281.5948522144,1219820.7592157237,90.93808139200878
Malaysia,MYS,2026,LDV,HybridDiesel,BAS,76739.96947799329,1219820.7592157237,6.291085710603317
Malaysia,MYS,2027,LDV,Electric,BAS,34862.51699127316,1157089.352822464,3.012949424021036
Malaysia,MYS,2027,LDV,Gasoline,BAS,1051674.5565377409,1157089.352822464,90.88965808668216
Malaysia,MYS,2027,LDV,HybridDiesel,BAS,70552.27929344997,1157089.352822464,6.0973924892968085
Malaysia,MYS,2028,LDV,Electric,BAS,37554.4006422608,1147991.413529627,3.271313722355782
Malaysia,MYS,2028,LDV,Gasoline,BAS,1042812.2706294457,1147991.413529627,90.83798522701521
Malaysia,MYS,2028,LDV,HybridDiesel,BAS,67624.74225792057,1147991.413529627,5.890701050629012
Malaysia,MYS,2029,LDV,Electric,BAS,40464.902064402806,1141079.5107597187,3.5461947815942905
Malaysia,MYS,2029,LDV,Gasoline,BAS,1035906.3151232247,1141079.5107597187,90.78300901516751
Malaysia,MYS,2029,LDV,HybridDiesel,BAS,64708.293572091214,1141079.5107597187,5.670796203238205
Malaysia,MYS,2030,LDV,Electric,BAS,44134.764880113755,1150025.1511431932,3.8377217086288224
Malaysia,MYS,2030,LDV,Gasoline,BAS,1043356.9100423685,1150025.1511431932,90.7247036297606
Malaysia,MYS,2030,LDV,HybridDiesel,BAS,62533.47622071105,1150025.1511431932,5.437574661610579
Malaysia,MYS,2031,LDV,Electric,BAS,48653.06042400263,1173532.5885269493,4.145863600181167
Malaysia,MYS,2031,LDV,Gasoline,BAS,1063960.7338364786,1173532.5885269493,90.66307525145014
Malaysia,MYS,2031,LDV,HybridDiesel,BAS,60918.79426646804,1173532.5885269493,5.191061148368704
Malaysia,MYS,2032,LDV,Electric,BAS,49468.64889922233,1106579.4881710075,4.470410795431046
Malaysia,MYS,2032,LDV,Gasoline,BAS,1002540.7195391783,1106579.4881710075,90.59816581240015
Malaysia,MYS,2032,LDV,HybridDiesel,BAS,54570.11973260686,1106579.4881710075,4.931423392168802
Malaysia,MYS,2033,LDV,Electric,BAS,53122.02002449867,1104187.8725072928,4.810958474292409
Malaysia,MYS,2033,LDV,Gasoline,BAS,999621.9023805523,1104187.8725072928,90.53005627662787
Malaysia,MYS,2033,LDV,HybridDiesel,BAS,51443.95010224185,1104187.8725072928,4.65898524907971
Malaysia,MYS,2034,LDV,Electric,BAS,65324.03076551275,1264280.5427803695,5.166893624879649
Malaysia,MYS,2034,LDV,Gasoline,BAS,1143653.883102767,1264280.5427803695,90.45886924651043
Malaysia,MYS,2034,LDV,HybridDiesel,BAS,55302.628912089924,1264280.5427803695,4.374237128609918
Malaysia,MYS,2035,LDV,Electric,BAS,98391.44915494013,1776857.2027450316,5.53738640352962
Malaysia,MYS,2035,LDV,Gasoline,BAS,1606008.3082037123,1776857.2027450316,90.38477069078044
Malaysia,MYS,2035,LDV,HybridDiesel,BAS,72457.44538637901,1776857.2027450316,4.077842905689941
Malaysia,MYS,2036,LDV,Electric,BAS,100860.3406327701,1703322.944036264,5.921386838937735
Malaysia,MYS,2036,LDV,Gasoline,BAS,1538236.3835863266,1703322.944036264,90.30797060369882
Malaysia,MYS,2036,LDV,HybridDiesel,BAS,64226.21981716738,1703322.944036264,3.7706425573634497
Malaysia,MYS,2037,LDV,Electric,BAS,110335.9587908237,1746477.7029919177,6.31762768009036
Malaysia,MYS,2037,LDV,Gasoline,BAS,1575824.5190299198,1746477.7029919177,90.22872243546828
Malaysia,MYS,2037,LDV,HybridDiesel,BAS,60317.225171174316,1746477.7029919177,3.4536498844413503
Malaysia,MYS,2038,LDV,Electric,BAS,127753.08367305147,1899777.5126974434,6.724633954196999
Malaysia,MYS,2038,LDV,Gasoline,BAS,1712598.5360890704,1899777.5126974434,90.14732118064697
Malaysia,MYS,2038,LDV,HybridDiesel,BAS,59425.8929353215,1899777.5126974434,3.1280448651560393
Malaysia,MYS,2039,LDV,Electric,BAS,137591.52839440704,1926852.6534461528,7.140739492888895
Malaysia,MYS,2039,LDV,Gasoline,BAS,1735402.5020572376,1926852.6534461528,90.06410007290859
Malaysia,MYS,2039,LDV,HybridDiesel,BAS,53858.622994508296,1926852.6534461528,2.795160434202522
Malaysia,MYS,2040,LDV,Electric,BAS,153801.63558446366,2033307.6739217713,7.564110319212859
Malaysia,MYS,2040,LDV,Gasoline,BAS,1829558.5719308758,2033307.6739217713,89.9794259076438
Malaysia,MYS,2040,LDV,HybridDiesel,BAS,49947.46640643204,2033307.6739217713,2.4564637731433505
Malaysia,MYS,2041,LDV,Electric,BAS,166764.9039176232,2086445.7793831415,7.992774390088742
Malaysia,MYS,2041,LDV,Gasoline,BAS,1875583.1654803106,2086445.7793831415,89.89369309346861
Malaysia,MYS,2041,LDV,HybridDiesel,BAS,44097.70998520786,2086445.7793831415,2.1135325164426444
Malaysia,MYS,2042,LDV,Electric,BAS,175246.59238617052,2080162.9873013608,8.424656791606585
Malaysia,MYS,2042,LDV,Gasoline,BAS,1868138.5600756053,2080162.9873013608,89.80731661316504
Malaysia,MYS,2042,LDV,HybridDiesel,BAS,36777.83483958498,2080162.9873013608,1.768026595228369
Malaysia,MYS,2043,LDV,Electric,BAS,164977.88421323916,1862553.378081359,8.857619124085724
Malaysia,MYS,2043,LDV,Gasoline,BAS,1671096.378432845,1862553.378081359,89.72072414666921
Malaysia,MYS,2043,LDV,HybridDiesel,BAS,26479.11543527478,1862553.378081359,1.4216567292450575
Malaysia,MYS,2044,LDV,Electric,BAS,169910.78350580382,1829062.4425594695,9.28950152560357
Malaysia,MYS,2044,LDV,Gasoline,BAS,1639468.1887986744,1829062.4425594695,89.63434766636564
Malaysia,MYS,2044,LDV,HybridDiesel,BAS,19683.470254991294,1829062.4425594695,1.0761508080307822
Malaysia,MYS,2045,LDV,Electric,BAS,173058.91446676967,1780777.583471749,9.718165596479452
Malaysia,MYS,2045,LDV,Gasoline,BAS,1594661.6595972613,1780777.583471749,89.54861485219048
Malaysia,MYS,2045,LDV,HybridDiesel,BAS,13057.009407718155,1780777.583471749,0.7332195513300775
Malaysia,MYS,2046,LDV,Electric,BAS,177926.515020121,1754433.5256741792,10.141536422803416
Malaysia,MYS,2046,LDV,Gasoline,BAS,1569585.3688006867,1754433.5256741792,89.46394068692568
Malaysia,MYS,2046,LDV,HybridDiesel,BAS,6921.641853371533,1754433.5256741792,0.39452289027090626
Malaysia,MYS,2047,LDV,Electric,BAS,168869.91172354695,1599504.0591396354,10.557641961495312
Malaysia,MYS,2047,LDV,Gasoline,BAS,1429648.2377573156,1599504.0591396354,89.3807195791873
Malaysia,MYS,2047,LDV,HybridDiesel,BAS,985.9096587727691,1599504.0591396354,0.061638459317388955
Malaysia,MYS,2048,LDV,Electric,BAS,175160.1691164696,1597499.211581897,10.964648235601954
Malaysia,MYS,2048,LDV,Gasoline,BAS,1422339.0424654274,1597499.211581897,89.03535176439804
Malaysia,MYS,2049,LDV,Electric,BAS,185395.2921958392,1631873.0949954875,11.360889076754578
Malaysia,MYS,2049,LDV,Gasoline,BAS,1446477.8027996484,1631873.0949954875,88.63911092324543
Malaysia,MYS,2050,LDV,Electric,BAS,196879.59154044426,1676300.0736325458,11.744889512162688
Malaysia,MYS,2050,LDV,Gasoline,BAS,1479420.4820921016,1676300.0736325458,88.25511048783731
Malaysia,MYS,2051,LDV,Electric,BAS,212931.50548171566,1757530.2237320729,12.11538229081266
Malaysia,MYS,2051,LDV,Gasoline,BAS,1544598.718250357,1757530.2237320729,87.88461770918734
Malaysia,MYS,2052,LDV,Electric,BAS,228605.6232401125,1833051.113599524,12.471317441399899
Malaysia,MYS,2052,LDV,Gasoline,BAS,1604445.4903594113,1833051.113599524,87.5286825586001
Malaysia,MYS,2053,LDV,Electric,BAS,241218.76931955823,1882776.3721777238,12.811865120261265
Malaysia,MYS,2053,LDV,Gasoline,BAS,1641557.6028581655,1882776.3721777238,87.18813487973873
Malaysia,MYS,2054,LDV,Electric,BAS,253507.01679321355,1929804.049267538,13.136412315511143
Malaysia,MYS,2054,LDV,Gasoline,BAS,1676297.0324743243,1929804.049267538,86.86358768448886
Malaysia,MYS,2055,LDV,Electric,BAS,264326.0008679358,1966045.1123702154,13.444554207063486
Malaysia,MYS,2055,LDV,Gasoline,BAS,1701719.1115022798,1966045.1123702154,86.55544579293652
Malaysia,MYS,2056,LDV,Electric,BAS,272413.8986972138,1983199.5460552573,13.736081134098022
Malaysia,MYS,2056,LDV,Gasoline,BAS,1710785.6473580438,1983199.5460552573,86.26391886590199
Malaysia,MYS,2057,LDV,Electric,BAS,276824.3929604665,1975770.037350621,14.010962193336526
Malaysia,MYS,2057,LDV,Gasoline,BAS,1698945.6443901549,1975770.037350621,85.98903780666348
Malaysia,MYS,2058,LDV,Electric,BAS,279743.503045464,1960453.4468304776,14.269326491671276
Malaysia,MYS,2058,LDV,Gasoline,BAS,1680709.9437850139,1960453.4468304776,85.73067350832874
Malaysia,MYS,2059,LDV,Electric,BAS,281411.9739744121,1939241.8356978372,14.51144301830441
Malaysia,MYS,2059,LDV,Gasoline,BAS,1657829.8617234253,1939241.8356978372,85.4885569816956
Malaysia,MYS,2060,LDV,Electric,BAS,281892.4497161023,1912730.274846837,14.7377
Malaysia,MYS,2060,LDV,Gasoline,BAS,1630837.8251307346,1912730.274846837,85.2623
Malaysia,MYS,2025,LDV,Electric,RAS,230528.79608991666,9059615.579486297,2.5445759156923105
Malaysia,MYS,2025,LDV,Gasoline,RAS,8242740.192029031,9059615.579486297,90.98333278834791
Malaysia,MYS,2025,LDV,HybridDiesel,RAS,586346.5913673497,9059615.579486297,6.472091295959789
Malaysia,MYS,2026,LDV,Electric,RAS,115090.8240211703,1219820.7592157237,9.435060286657789
Malaysia,MYS,2026,LDV,Gasoline,RAS,1093023.2690250836,1219820.7592157237,89.60523591415482
Malaysia,MYS,2026,LDV,HybridDiesel,RAS,11706.666169469949,1219820.7592157237,0.9597037991874051
Malaysia,MYS,2027,LDV,Electric,RAS,207548.36805433905,1157089.352822464,17.93710810215915
Malaysia,MYS,2027,LDV,Gasoline,RAS,949540.9847681248,1157089.352822464,82.06289189784084
Malaysia,MYS,2028,LDV,Electric,RAS,321285.6499620453,1147991.413529627,27.986764201852075
Malaysia,MYS,2028,LDV,Gasoline,RAS,826705.7635675818,1147991.413529627,72.01323579814792
Malaysia,MYS,2029,LDV,Electric,RAS,448217.42288196896,1141079.5107597187,39.28012190697829
Malaysia,MYS,2029,LDV,Gasoline,RAS,692862.0878777497,1141079.5107597187,60.719878093021705
Malaysia,MYS,2030,LDV,Electric,RAS,589644.2070817935,1150025.1511431932,51.27228795784615
Malaysia,MYS,2030,LDV,Gasoline,RAS,560380.9440613997,1150025.1511431932,48.72771204215384
Malaysia,MYS,2031,LDV,Electric,RAS,742428.9847459029,1173532.5885269493,63.26445400871402
Malaysia,MYS,2031,LDV,Gasoline,RAS,431103.60378104623,1173532.5885269493,36.735545991285974
Malaysia,MYS,2032,LDV,Electric,RAS,825041.4512545166,1106579.4881710075,74.55781171384022
Malaysia,MYS,2032,LDV,Gasoline,RAS,281538.03691649076,1106579.4881710075,25.442188286159766
Malaysia,MYS,2033,LDV,Electric,RAS,934225.3988325439,1104187.8725072928,84.60746781353312
Malaysia,MYS,2033,LDV,Gasoline,RAS,169962.47367474885,1104187.8725072928,15.392532186466873
Malaysia,MYS,2034,LDV,Electric,RAS,1177165.4895749302,1264280.5427803695,93.10951562903449
Malaysia,MYS,2034,LDV,Gasoline,RAS,87115.05320543922,1264280.5427803695,6.890484370965505
Malaysia,MYS,2035,LDV,Electric,RAS,1776857.2027450316,1776857.2027450316,100.0
Malaysia,MYS,2036,LDV,Electric,RAS,1703322.944036264,1703322.944036264,100.0
Malaysia,MYS,2037,LDV,Electric,RAS,1746477.7029919177,1746477.7029919177,100.0
Malaysia,MYS,2038,LDV,Electric,RAS,1899777.5126974434,1899777.5126974434,100.0
Malaysia,MYS,2039,LDV,Electric,RAS,1926852.6534461528,1926852.6534461528,100.0
Malaysia,MYS,2040,LDV,Electric,RAS,2033307.6739217713,2033307.6739217713,100.0
Malaysia,MYS,2041,LDV,Electric,RAS,2086445.7793831415,2086445.7793831415,100.0
Malaysia,MYS,2042,LDV,Electric,RAS,2080162.9873013608,2080162.9873013608,100.0
Malaysia,MYS,2043,LDV,Electric,RAS,1862553.378081359,1862553.378081359,100.0
Malaysia,MYS,2044,LDV,Electric,RAS,1829062.4425594695,1829062.4425594695,100.0
Malaysia,MYS,2045,LDV,Electric,RAS,1780777.583471749,1780777.583471749,100.0
Malaysia,MYS,2046,LDV,Electric,RAS,1754433.5256741792,1754433.5256741792,100.0
Malaysia,MYS,2047,LDV,Electric,RAS,1599504.0591396354,1599504.0591396354,100.0
Malaysia,MYS,2048,LDV,Electric,RAS,1597499.211581897,1597499.211581897,100.0
Malaysia,MYS,2049,LDV,Electric,RAS,1631873.0949954875,1631873.0949954875,100.0
Malaysia,MYS,2050,LDV,Electric,RAS,1676300.0736325458,1676300.0736325458,100.0
Malaysia,MYS,2051,LDV,Electric,RAS,1757530.2237320729,1757530.2237320729,100.0
Malaysia,MYS,2052,LDV,Electric,RAS,1833051.113599524,1833051.113599524,100.0
Malaysia,MYS,2053,LDV,Electric,RAS,1882776.3721777238,1882776.3721777238,100.0
Malaysia,MYS,2054,LDV,Electric,RAS,1929804.049267538,1929804.049267538,100.0
Malaysia,MYS,2055,LDV,Electric,RAS,1966045.1123702154,1966045.1123702154,100.0
Malaysia,MYS,2056,LDV,Electric,RAS,1983199.5460552573,1983199.5460552573,100.0
Malaysia,MYS,2057,LDV,Electric,RAS,1975770.037350621,1975770.037350621,100.0
Malaysia,MYS,2058,LDV,Electric,RAS,1960453.4468304776,1960453.4468304776,100.0
Malaysia,MYS,2059,LDV,Electric,RAS,1939241.8356978372,1939241.8356978372,100.0
Malaysia,MYS,2060,LDV,Electric,RAS,1912730.274846837,1912730.274846837,100.0
Malaysia,MYS,2000,LDV,Gasoline,historical,337527.0,352437.0,95.76945666885146
Malaysia,MYS,2000,LDV,HybridDiesel,historical,14910.0,352437.0,4.230543331148546
Malaysia,MYS,2001,LDV,Gasoline,historical,388885.0,406245.0,95.72671663651245
Malaysia,MYS,2001,LDV,HybridDiesel,historical,17360.0,406245.0,4.2732833634875504
Malaysia,MYS,2002,LDV,Gasoline,historical,427762.0,446651.0,95.7709710713734
Malaysia,MYS,2002,LDV,HybridDiesel,historical,18889.0,446651.0,4.229028928626601
Malaysia,MYS,2003,LDV,Gasoline,historical,410757.0,431706.0,95.14739197509417
Malaysia,MYS,2003,LDV,HybridDiesel,historical,20949.0,431706.0,4.852608024905838
Malaysia,MYS,2004,LDV,Gasoline,historical,461936.0,489293.0,94.4088715759269
Malaysia,MYS,2004,LDV,HybridDiesel,historical,27357.0,489293.0,5.591128424073101
Malaysia,MYS,2005,LDV,Gasoline,historical,535926.0,566609.0,94.58480186513098
Malaysia,MYS,2005,LDV,HybridDiesel,historical,30683.0,566609.0,5.415198134869019
Malaysia,MYS,2006,LDV,Gasoline,historical,446794.0,475514.0,93.96021988837343
Malaysia,MYS,2006,LDV,HybridDiesel,historical,28720.0,475514.0,6.039780111626577
Malaysia,MYS,2007,LDV,Gasoline,historical,452152.0,480705.0,94.06018244037404
Malaysia,MYS,2007,LDV,HybridDiesel,historical,28553.0,480705.0,5.939817559625966
Malaysia,MYS,2008,LDV,Gasoline,historical,518930.0,551151.0,94.15387071782506
Malaysia,MYS,2008,LDV,HybridDiesel,historical,32221.0,551151.0,5.84612928217494
Malaysia,MYS,2009,LDV,Electric,historical,0.0,539220.0,0.0
Malaysia,MYS,2009,LDV,Gasoline,historical,504629.0,539220.0,93.58499313823671
Malaysia,MYS,2009,LDV,HybridDiesel,historical,34591.0,539220.0,6.415006861763287
Malaysia,MYS,2010,LDV,Gasoline,historical,561464.0,608644.0,92.24834221646809
Malaysia,MYS,2010,LDV,HybridDiesel,historical,47180.0,608644.0,7.7516577835319165
Malaysia,MYS,2011,LDV,Electric,historical,0.0,607579.0,0.0
Malaysia,MYS,2011,LDV,Gasoline,historical,554309.0,607579.0,91.23241586690784
Malaysia,MYS,2011,LDV,HybridDiesel,historical,53270.0,607579.0,8.767584133092157
Malaysia,MYS,2012,LDV,Electric,historical,0.0,633069.0,0.0
Malaysia,MYS,2012,LDV,Gasoline,historical,571471.0,633069.0,90.26993897979526
Malaysia,MYS,2012,LDV,HybridDiesel,historical,61598.0,633069.0,9.730061020204749
Malaysia,MYS,2013,LDV,Electric,historical,0.0,664722.0,0.0
Malaysia,MYS,2013,LDV,Gasoline,historical,600782.0,664722.0,90.38094120549643
Malaysia,MYS,2013,LDV,HybridDiesel,historical,63940.0,664722.0,9.619058794503568
Malaysia,MYS,2014,LDV,Electric,historical,0.0,677266.0,0.0
Malaysia,MYS,2014,LDV,Gasoline,historical,614092.0,677266.0,90.6722026500666
Malaysia,MYS,2014,LDV,HybridDiesel,historical,63174.0,677266.0,9.327797349933409
Malaysia,MYS,2015,LDV,Electric,historical,55.0,678115.0,0.008110718683409157
Malaysia,MYS,2015,LDV,Gasoline,historical,614515.0,678115.0,90.6210598497305
Malaysia,MYS,2015,LDV,HybridDiesel,historical,63545.0,678115.0,9.370829431586088
Malaysia,MYS,2016,LDV,Electric,historical,41.0,588126.0,0.006971295266660546
Malaysia,MYS,2016,LDV,Gasoline,historical,537553.0,588126.0,91.40099230437015
Malaysia,MYS,2016,LDV,HybridDiesel,historical,50532.0,588126.0,8.592036400363188
Malaysia,MYS,2017,LDV,Electric,historical,25.0,579631.0,0.0043130888444544895
Malaysia,MYS,2017,LDV,Gasoline,historical,532036.0,579631.0,91.78874145792754
Malaysia,MYS,2017,LDV,HybridDiesel,historical,47570.0,579631.0,8.206945453228002
Malaysia,MYS,2018,LDV,Electric,historical,10.0,608994.0,0.001642052302649944
Malaysia,MYS,2018,LDV,Gasoline,historical,556128.0,608994.0,91.31912629681081
Malaysia,MYS,2018,LDV,HybridDiesel,historical,52856.0,608994.0,8.679231650886544
Malaysia,MYS,2019,LDV,Electric,historical,44.0,612973.0,0.0071781301949678045
Malaysia,MYS,2019,LDV,Gasoline,historical,569813.0,612973.0,92.95890683602704
Malaysia,MYS,2019,LDV,HybridDiesel,historical,43114.0,612973.0,7.033588755132771
Malaysia,MYS,2019,LDV,HydrogenFCV,historical,2.0,612973.0,0.0003262786452258093
Malaysia,MYS,2020,LDV,Electric,historical,71.0,552359.0,0.012853959109926696
Malaysia,MYS,2020,LDV,Gasoline,historical,514598.0,552359.0,93.16368521197265
Malaysia,MYS,2020,LDV,HybridDiesel,historical,37689.0,552359.0,6.82327978723982
Malaysia,MYS,2020,LDV,HydrogenFCV,historical,1.0,552359.0,0.00018104167760460137
Malaysia,MYS,2021,LDV,Electric,historical,257.0,530057.0,0.04848535157539661
Malaysia,MYS,2021,LDV,Gasoline,historical,486293.0,530057.0,91.74352946947215
Malaysia,MYS,2021,LDV,HybridDiesel,historical,43507.0,530057.0,8.207985178952452
Malaysia,MYS,2022,LDV,Electric,historical,3129.0,744762.0,0.42013421737414103
Malaysia,MYS,2022,LDV,Gasoline,historical,677705.0,744762.0,90.99618401583325
Malaysia,MYS,2022,LDV,HybridDiesel,historical,63928.0,744762.0,8.583681766792614
Malaysia,MYS,2023,LDV,Electric,historical,13301.0,832347.0,1.5980114063004973
Malaysia,MYS,2023,LDV,Gasoline,historical,752845.0,832347.0,90.44845479109074
Malaysia,MYS,2023,LDV,HybridDiesel,historical,66201.0,832347.0,7.953533802608768
Malaysia,MYS,2024,LDV,Electric,historical,21789.0,856292.0,2.5445759156923105
Malaysia,MYS,2024,LDV,Gasoline,historical,779083.0,856292.0,90.9833327883479
Malaysia,MYS,2024,LDV,HybridDiesel,historical,55420.0,856292.0,6.47209129595979
Malaysia,MYS,2025,Truck,Diesel,ATS,1044505.3521881131,1044505.3521881131,100.0
Malaysia,MYS,2026,Truck,Diesel,ATS,82418.62517049233,82418.62517049233,100.0
Malaysia,MYS,2027,Truck,Diesel,ATS,84988.60328532326,84988.60328532326,100.0
Malaysia,MYS,2028,Truck,Diesel,ATS,98352.8736721055,98352.8736721055,100.0
Malaysia,MYS,2029,Truck,Diesel,ATS,113818.64609641876,113818.64609641876,100.0
Malaysia,MYS,2030,Truck,Diesel,ATS,113818.64609641876,113818.64609641876,100.0
Malaysia,MYS,2031,Truck,Diesel,ATS,113818.64609641876,113818.64609641876,100.0
Malaysia,MYS,2032,Truck,Diesel,ATS,113818.64609641876,113818.64609641876,100.0
Malaysia,MYS,2033,Truck,Diesel,ATS,113818.64609641876,113818.64609641876,100.0
Malaysia,MYS,2034,Truck,Diesel,ATS,113818.64609641876,113818.64609641876,100.0
Malaysia,MYS,2035,Truck,Diesel,ATS,113818.64609641876,113818.64609641876,100.0
Malaysia,MYS,2036,Truck,Diesel,ATS,130410.49384279433,130410.49384279433,100.0
Malaysia,MYS,2037,Truck,Diesel,ATS,181077.7810995842,181077.7810995842,100.0
Malaysia,MYS,2038,Truck,Diesel,ATS,205909.68773976807,205909.68773976807,100.0
Malaysia,MYS,2039,Truck,Diesel,ATS,210668.36830097204,210668.36830097204,100.0
Malaysia,MYS,2040,Truck,Diesel,ATS,225385.44033767516,225385.44033767516,100.0
Malaysia,MYS,2041,Truck,Diesel,ATS,239750.64920001663,239750.64920001663,100.0
Malaysia,MYS,2042,Truck,Diesel,ATS,235559.04966759542,235559.04966759542,100.0
Malaysia,MYS,2043,Truck,Diesel,ATS,210975.02262649965,210975.02262649965,100.0
Malaysia,MYS,2044,Truck,Diesel,ATS,213690.07891191915,213690.07891191915,100.0
Malaysia,MYS,2045,Truck,Diesel,ATS,199792.4822546593,199792.4822546593,100.0
Malaysia,MYS,2046,Truck,Diesel,ATS,203505.65615984984,203505.65615984984,100.0
Malaysia,MYS,2047,Truck,Diesel,ATS,186258.74193710275,186258.74193710275,100.0
Malaysia,MYS,2048,Truck,Diesel,ATS,187273.3497770913,187273.3497770913,100.0
Malaysia,MYS,2049,Truck,Diesel,ATS,192354.4630362629,192354.4630362629,100.0
Malaysia,MYS,2050,Truck,Diesel,ATS,191940.69791826652,191940.69791826652,100.0
Malaysia,MYS,2051,Truck,Diesel,ATS,209132.87460373947,209132.87460373947,100.0
Malaysia,MYS,2052,Truck,Diesel,ATS,220568.0066423458,220568.0066423458,100.0
Malaysia,MYS,2053,Truck,Diesel,ATS,230642.85869065998,230642.85869065998,100.0
Malaysia,MYS,2054,Truck,Diesel,ATS,240801.9046396222,240801.9046396222,100.0
Malaysia,MYS,2055,Truck,Diesel,ATS,248163.7534285197,248163.7534285197,100.0
Malaysia,MYS,2056,Truck,Diesel,ATS,254081.92926011886,254081.92926011886,100.0
Malaysia,MYS,2057,Truck,Diesel,ATS,257926.53258464392,257926.53258464392,100.0
Malaysia,MYS,2058,Truck,Diesel,ATS,260107.23584962077,260107.23584962077,100.0
Malaysia,MYS,2059,Truck,Diesel,ATS,259782.28929786524,259782.28929786524,100.0
Malaysia,MYS,2060,Truck,Diesel,ATS,258799.4531654017,258799.4531654017,100.0
Malaysia,MYS,2025,Truck,Diesel,BAS,1044505.3521881131,1044505.3521881131,100.0
Malaysia,MYS,2026,Truck,Diesel,BAS,82418.62517049233,82418.62517049233,100.0
Malaysia,MYS,2027,Truck,Diesel,BAS,84988.60328532326,84988.60328532326,100.0
Malaysia,MYS,2028,Truck,Diesel,BAS,98352.8736721055,98352.8736721055,100.0
Malaysia,MYS,2029,Truck,Diesel,BAS,113818.64609641876,113818.64609641876,100.0
Malaysia,MYS,2030,Truck,Diesel,BAS,113818.64609641876,113818.64609641876,100.0
Malaysia,MYS,2031,Truck,Diesel,BAS,113818.64609641876,113818.64609641876,100.0
Malaysia,MYS,2032,Truck,Diesel,BAS,113818.64609641876,113818.64609641876,100.0
Malaysia,MYS,2033,Truck,Diesel,BAS,113818.64609641876,113818.64609641876,100.0
Malaysia,MYS,2034,Truck,Diesel,BAS,113818.64609641876,113818.64609641876,100.0
Malaysia,MYS,2035,Truck,Diesel,BAS,113818.64609641876,113818.64609641876,100.0
Malaysia,MYS,2036,Truck,Diesel,BAS,130410.49384279433,130410.49384279433,100.0
Malaysia,MYS,2037,Truck,Diesel,BAS,181077.7810995842,181077.7810995842,100.0
Malaysia,MYS,2038,Truck,Diesel,BAS,205909.68773976807,205909.68773976807,100.0
Malaysia,MYS,2039,Truck,Diesel,BAS,210668.36830097204,210668.36830097204,100.0
Malaysia,MYS,2040,Truck,Diesel,BAS,225385.44033767516,225385.44033767516,100.0
Malaysia,MYS,2041,Truck,Diesel,BAS,239750.64920001663,239750.64920001663,100.0
Malaysia,MYS,2042,Truck,Diesel,BAS,235559.04966759542,235559.04966759542,100.0
Malaysia,MYS,2043,Truck,Diesel,BAS,210975.02262649965,210975.02262649965,100.0
Malaysia,MYS,2044,Truck,Diesel,BAS,213690.07891191915,213690.07891191915,100.0
Malaysia,MYS,2045,Truck,Diesel,BAS,199792.4822546593,199792.4822546593,100.0
Malaysia,MYS,2046,Truck,Diesel,BAS,203505.65615984984,203505.65615984984,100.0
Malaysia,MYS,2047,Truck,Diesel,BAS,186258.74193710275,186258.74193710275,100.0
Malaysia,MYS,2048,Truck,Diesel,BAS,187273.3497770913,187273.3497770913,100.0
Malaysia,MYS,2049,Truck,Diesel,BAS,192354.4630362629,192354.4630362629,100.0
Malaysia,MYS,2050,Truck,Diesel,BAS,191940.69791826652,191940.69791826652,100.0
Malaysia,MYS,2051,Truck,Diesel,BAS,209132.87460373947,209132.87460373947,100.0
Malaysia,MYS,2052,Truck,Diesel,BAS,220568.0066423458,220568.0066423458,100.0
Malaysia,MYS,2053,Truck,Diesel,BAS,230642.85869065998,230642.85869065998,100.0
Malaysia,MYS,2054,Truck,Diesel,BAS,240801.9046396222,240801.9046396222,100.0
Malaysia,MYS,2055,Truck,Diesel,BAS,248163.7534285197,248163.7534285197,100.0
Malaysia,MYS,2056,Truck,Diesel,BAS,254081.92926011886,254081.92926011886,100.0
Malaysia,MYS,2057,Truck,Diesel,BAS,257926.53258464392,257926.53258464392,100.0
Malaysia,MYS,2058,Truck,Diesel,BAS,260107.23584962077,260107.23584962077,100.0
Malaysia,MYS,2059,Truck,Diesel,BAS,259782.28929786524,259782.28929786524,100.0
Malaysia,MYS,2060,Truck,Diesel,BAS,258799.4531654017,258799.4531654017,100.0
Malaysia,MYS,2025,Truck,Diesel,RAS,1044505.3521881131,1044505.3521881131,100.0
Malaysia,MYS,2026,Truck,Diesel,RAS,82155.59487821354,82418.62517049233,99.68086061647512
Malaysia,MYS,2026,Truck,Electric,RAS,219.19191023233043,82418.62517049233,0.2659494862707391
Malaysia,MYS,2026,Truck,Hydrogen,RAS,43.83838204646609,82418.62517049233,0.053189897254147814
Malaysia,MYS,2027,Truck,Diesel,RAS,84390.79560994955,84988.60328532326,99.29660254167636
Malaysia,MYS,2027,Truck,Electric,RAS,498.1730628114307,84988.60328532326,0.5861645486030249
Malaysia,MYS,2027,Truck,Hydrogen,RAS,99.63461256228614,84988.60328532326,0.11723290972060497
Malaysia,MYS,2028,Truck,Diesel,RAS,97207.39550863311,98352.8736721055,98.83533838849361
Malaysia,MYS,2028,Truck,Electric,RAS,954.5651362269907,98352.8736721055,0.9705513429219924
Malaysia,MYS,2028,Truck,Hydrogen,RAS,190.91302724539813,98352.8736721055,0.19411026858439848
Malaysia,MYS,2029,Truck,Diesel,RAS,111865.11479587834,113818.64609641876,98.28364563492916
Malaysia,MYS,2029,Truck,Electric,RAS,1627.942750450342,113818.64609641876,1.430295304225697
Malaysia,MYS,2029,Truck,Hydrogen,RAS,325.5885500900684,113818.64609641876,0.2860590608451394
Malaysia,MYS,2030,Truck,Diesel,RAS,111117.34101566274,113818.64609641876,97.62665857185854
Malaysia,MYS,2030,Truck,Electric,RAS,2251.087567296682,113818.64609641876,1.9777845234512161
Malaysia,MYS,2030,Truck,Hydrogen,RAS,450.2175134593363,113818.64609641876,0.3955569046902431
Malaysia,MYS,2031,Truck,Diesel,RAS,110231.44587115549,113818.64609641876,96.84831936743963
Malaysia,MYS,2031,Truck,Electric,RAS,2989.3335210527175,113818.64609641876,2.626400527133643
Malaysia,MYS,2031,Truck,Hydrogen,RAS,597.8667042105435,113818.64609641876,0.5252801054267285
Malaysia,MYS,2032,Truck,Diesel,RAS,109188.32868075183,113818.64609641876,95.93184634111316
Malaysia,MYS,2032,Truck,Electric,RAS,3858.5978463891124,113818.64609641876,3.3901280490723753
Malaysia,MYS,2032,Truck,Hydrogen,RAS,771.7195692778224,113818.64609641876,0.678025609814475
Malaysia,MYS,2033,Truck,Diesel,RAS,107968.91246201633,113818.64609641876,94.86047863418885
Malaysia,MYS,2033,Truck,Electric,RAS,4874.778028668692,113818.64609641876,4.282934471509299
Malaysia,MYS,2033,Truck,Hydrogen,RAS,974.9556057337384,113818.64609641876,0.8565868943018597
Malaysia,MYS,2034,Truck,Diesel,RAS,106555.36040095947,113818.64609641876,93.6185449883964
Malaysia,MYS,2034,Truck,Electric,RAS,6052.738079549409,113818.64609641876,5.317879176336341
Malaysia,MYS,2034,Truck,Hydrogen,RAS,1210.5476159098816,113818.64609641876,1.0635758352672682
Malaysia,MYS,2035,Truck,Diesel,RAS,104932.68022938815,113818.64609641876,92.19287333684932
Malaysia,MYS,2035,Truck,Electric,RAS,7404.9715558588505,113818.64609641876,6.5059388859589005
Malaysia,MYS,2035,Truck,Hydrogen,RAS,1480.99431117177,113818.64609641876,1.3011877771917801
Malaysia,MYS,2036,Truck,Diesel,RAS,118118.65468538422,130410.49384279433,90.57450148741287
Malaysia,MYS,2036,Truck,Electric,RAS,10243.199297841753,130410.49384279433,7.854582093822604
Malaysia,MYS,2036,Truck,Hydrogen,RAS,2048.6398595683504,130410.49384279433,1.5709164187645206
Malaysia,MYS,2037,Truck,Diesel,RAS,160725.66413284268,181077.7810995842,88.76056640237445
Malaysia,MYS,2037,Truck,Electric,RAS,16960.097472284586,181077.7810995842,9.366194664687953
Malaysia,MYS,2037,Truck,Hydrogen,RAS,3392.0194944569166,181077.7810995842,1.8732389329375905
Malaysia,MYS,2038,Truck,Diesel,RAS,178639.31674546772,205909.68773976807,86.7561496044008
Malaysia,MYS,2038,Truck,Electric,RAS,22725.30916191696,205909.68773976807,11.036541996332668
Malaysia,MYS,2038,Truck,Hydrogen,RAS,4545.061832383391,205909.68773976807,2.207308399266533
Malaysia,MYS,2039,Truck,Diesel,RAS,178174.378887453,210668.36830097204,84.57576252401765
Malaysia,MYS,2039,Truck,Electric,RAS,27078.324511265873,210668.36830097204,12.85353122998529
Malaysia,MYS,2039,Truck,Hydrogen,RAS,5415.664902253175,210668.36830097204,2.570706245997058
Malaysia,MYS,2040,Truck,Diesel,RAS,185366.23866303844,225385.44033767516,82.24410520276754
Malaysia,MYS,2040,Truck,Electric,RAS,33349.33472886393,225385.44033767516,14.796578997693707
Malaysia,MYS,2040,Truck,Hydrogen,RAS,6669.866945772785,225385.44033767516,2.959315799538741
Malaysia,MYS,2041,Truck,Diesel,RAS,191310.86585956247,239750.64920001663,79.79576551634597
Malaysia,MYS,2041,Truck,Electric,RAS,40366.486117045126,239750.64920001663,16.836862069711685
Malaysia,MYS,2041,Truck,Hydrogen,RAS,8073.297223409025,239750.64920001663,3.367372413942337
Malaysia,MYS,2042,Truck,Diesel,RAS,182025.12073566203,235559.04966759542,77.27366916810169
Malaysia,MYS,2042,Truck,Electric,RAS,44611.60744327784,235559.04966759542,18.938609026581933
Malaysia,MYS,2042,Truck,Hydrogen,RAS,8922.321488655567,235559.04966759542,3.787721805316386
Malaysia,MYS,2043,Truck,Diesel,RAS,157653.89338055043,210975.02262649965,74.72633083189831
Malaysia,MYS,2043,Truck,Electric,RAS,44434.27437162434,210975.02262649965,21.061390973418078
Malaysia,MYS,2043,Truck,Hydrogen,RAS,8886.854874324868,210975.02262649965,4.212278194683615
Malaysia,MYS,2044,Truck,Diesel,RAS,154293.2856458674,213690.07891191915,72.20423448365402
Malaysia,MYS,2044,Truck,Electric,RAS,49497.32772170979,213690.07891191915,23.163137930288322
Malaysia,MYS,2044,Truck,Hydrogen,RAS,9899.465544341956,213690.07891191915,4.632627586057664
Malaysia,MYS,2045,Truck,Diesel,RAS,139367.03373433943,199792.4822546593,69.75589479723244
Malaysia,MYS,2045,Truck,Electric,RAS,50354.54043359988,199792.4822546593,25.203421002306296
Malaysia,MYS,2045,Truck,Hydrogen,RAS,10070.908086719975,199792.4822546593,5.040684200461259
Malaysia,MYS,2046,Truck,Diesel,RAS,137212.13688627325,203505.65615984984,67.42423747598234
Malaysia,MYS,2046,Truck,Electric,RAS,55244.599394647164,203505.65615984984,27.146468770014714
Malaysia,MYS,2046,Truck,Hydrogen,RAS,11048.919878929431,203505.65615984984,5.429293754002942
Malaysia,MYS,2047,Truck,Diesel,RAS,121522.3749381685,186258.74193710275,65.2438503955992
Malaysia,MYS,2047,Truck,Electric,RAS,53946.972499111886,186258.74193710275,28.96345800366734
Malaysia,MYS,2047,Truck,Hydrogen,RAS,10789.394499822376,186258.74193710275,5.792691600733468
Malaysia,MYS,2048,Truck,Diesel,RAS,118430.60567833266,187273.3497770913,63.239433597625535
Malaysia,MYS,2048,Truck,Electric,RAS,57368.9534156322,187273.3497770913,30.633805335312054
Malaysia,MYS,2048,Truck,Hydrogen,RAS,11473.790683126437,187273.3497770913,6.12676106706241
Malaysia,MYS,2049,Truck,Diesel,RAS,118154.68783123462,192354.4630362629,61.425498512587126
Malaysia,MYS,2049,Truck,Electric,RAS,61833.14600419024,192354.4630362629,32.1454179061774
Malaysia,MYS,2049,Truck,Hydrogen,RAS,12366.629200838048,192354.4630362629,6.42908358123548
Malaysia,MYS,2050,Truck,Diesel,RAS,114794.21632211308,191940.69791826652,59.807126663150676
Malaysia,MYS,2050,Truck,Electric,RAS,64288.734663461204,191940.69791826652,33.4940611140411
Malaysia,MYS,2050,Truck,Hydrogen,RAS,12857.746932692242,191940.69791826652,6.69881222280822
Malaysia,MYS,2051,Truck,Diesel,RAS,122094.81510125556,209132.87460373947,58.38145501160361
Malaysia,MYS,2051,Truck,Electric,RAS,72531.71625206993,209132.87460373947,34.68212082366366
Malaysia,MYS,2051,Truck,Hydrogen,RAS,14506.343250413986,209132.87460373947,6.936424164732731
Malaysia,MYS,2052,Truck,Diesel,RAS,126031.50328154696,220568.0066423458,57.13952136581116
Malaysia,MYS,2052,Truck,Electric,RAS,78780.41946733237,220568.0066423458,35.7170655284907
Malaysia,MYS,2052,Truck,Hydrogen,RAS,15756.083893466475,220568.0066423458,7.143413105698141
Malaysia,MYS,2053,Truck,Diesel,RAS,129317.19241392848,230642.85869065998,56.06815365888684
Malaysia,MYS,2053,Truck,Electric,RAS,84438.05523060958,230642.85869065998,36.609871950927634
Malaysia,MYS,2053,Truck,Hydrogen,RAS,16887.611046121914,230642.85869065998,7.321974390185526
Malaysia,MYS,2054,Truck,Diesel,RAS,132806.297403967,240801.9046396222,55.15168063256037
Malaysia,MYS,2054,Truck,Electric,RAS,89996.33936304599,240801.9046396222,37.37359947286636
Malaysia,MYS,2054,Truck,Hydrogen,RAS,17999.267872609198,240801.9046396222,7.474719894573272
Malaysia,MYS,2055,Truck,Diesel,RAS,134934.9249525801,248163.7534285197,54.37334142814145
Malaysia,MYS,2055,Truck,Electric,RAS,94357.35706328301,248163.7534285197,38.022215476548794
Malaysia,MYS,2055,Truck,Hydrogen,RAS,18871.4714126566,248163.7534285197,7.604443095309758
Malaysia,MYS,2056,Truck,Diesel,RAS,136483.54949897405,254081.92926011886,53.71635436507084
Malaysia,MYS,2056,Truck,Electric,RAS,97998.64980095402,254081.92926011886,38.56970469577431
Malaysia,MYS,2056,Truck,Hydrogen,RAS,19599.729960190805,254081.92926011886,7.7139409391548615
Malaysia,MYS,2057,Truck,Diesel,RAS,137125.76825491773,257926.53258464392,53.16466161150639
Malaysia,MYS,2057,Truck,Electric,RAS,100667.3036081052,257926.53258464392,39.029448657078014
Malaysia,MYS,2057,Truck,Hydrogen,RAS,20133.46072162104,257926.53258464392,7.805889731415602
Malaysia,MYS,2058,Truck,Diesel,RAS,137085.3503276849,260107.23584962077,52.70339745832363
Malaysia,MYS,2058,Truck,Electric,RAS,102518.23793494655,260107.23584962077,39.41383545139697
Malaysia,MYS,2058,Truck,Hydrogen,RAS,20503.64758698931,260107.23584962077,7.882767090279394
Malaysia,MYS,2059,Truck,Diesel,RAS,135915.85803146195,259782.28929786524,52.319139383524885
Malaysia,MYS,2059,Truck,Electric,RAS,103222.02605533609,259782.28929786524,39.73405051372927
Malaysia,MYS,2059,Truck,Hydrogen,RAS,20644.40521106722,259782.28929786524,7.946810102745855
Malaysia,MYS,2060,Truck,Diesel,RAS,134575.7156460089,258799.4531654017,52.0
Malaysia,MYS,2060,Truck,Electric,RAS,103519.78126616066,258799.4531654017,39.99999999999999
Malaysia,MYS,2060,Truck,Hydrogen,RAS,20703.956253232132,258799.4531654017,7.999999999999999
Malaysia,MYS,2006,Truck,Gasoline,historical,3432.0,19374.0,17.714462681944873
Malaysia,MYS,2006,Truck,HybridDiesel,historical,15868.0,19374.0,81.9035821203675
Malaysia,MYS,2006,Truck,Hydrogen FCEV,historical,0.0,19374.0,0.0
Malaysia,MYS,2006,Truck,NaturalGas,historical,74.0,19374.0,0.3819551976876226
Malaysia,MYS,2007,Truck,Gasoline,historical,3650.0,20660.0,17.66698935140368
Malaysia,MYS,2007,Truck,HybridDiesel,historical,16931.0,20660.0,81.95062923523717
Malaysia,MYS,2007,Truck,Hydrogen FCEV,historical,0.0,20660.0,0.0
Malaysia,MYS,2007,Truck,NaturalGas,historical,79.0,20660.0,0.3823814133591481
Malaysia,MYS,2008,Truck,Gasoline,historical,3878.0,22009.0,17.620064519060385
Malaysia,MYS,2008,Truck,HybridDiesel,historical,18046.0,22009.0,81.99372983779362
Malaysia,MYS,2008,Truck,Hydrogen FCEV,historical,0.0,22009.0,0.0
Malaysia,MYS,2008,Truck,NaturalGas,historical,85.0,22009.0,0.3862056431459857
Malaysia,MYS,2009,Truck,Gasoline,historical,4117.0,23424.0,17.57599043715847
Malaysia,MYS,2009,Truck,HybridDiesel,historical,19216.0,23424.0,82.03551912568307
Malaysia,MYS,2009,Truck,Hydrogen FCEV,historical,0.0,23424.0,0.0
Malaysia,MYS,2009,Truck,NaturalGas,historical,91.0,23424.0,0.3884904371584699
Malaysia,MYS,2010,Truck,Gasoline,historical,4368.0,24908.0,17.53653444676409
Malaysia,MYS,2010,Truck,HybridDiesel,historical,20443.0,24908.0,82.07403243937691
Malaysia,MYS,2010,Truck,Hydrogen FCEV,historical,0.0,24908.0,0.0
Malaysia,MYS,2010,Truck,NaturalGas,historical,97.0,24908.0,0.38943311385900115
Malaysia,MYS,2011,Truck,Gasoline,historical,4631.0,26465.0,17.49858303419611
Malaysia,MYS,2011,Truck,HybridDiesel,historical,21730.0,26465.0,82.10844511619119
Malaysia,MYS,2011,Truck,Hydrogen FCEV,historical,0.0,26465.0,0.0
Malaysia,MYS,2011,Truck,NaturalGas,historical,104.0,26465.0,0.392971849612696
Malaysia,MYS,2012,Truck,Gasoline,historical,4906.0,28096.0,17.46156036446469
Malaysia,MYS,2012,Truck,HybridDiesel,historical,23079.0,28096.0,82.14336560364465
Malaysia,MYS,2012,Truck,Hydrogen FCEV,historical,0.0,28096.0,0.0
Malaysia,MYS,2012,Truck,NaturalGas,historical,111.0,28096.0,0.3950740318906606
Malaysia,MYS,2013,Truck,Gasoline,historical,5195.0,29806.0,17.42937663557673
Malaysia,MYS,2013,Truck,HybridDiesel,historical,24492.0,29806.0,82.17137489096154
Malaysia,MYS,2013,Truck,Hydrogen FCEV,historical,0.0,29806.0,0.0
Malaysia,MYS,2013,Truck,NaturalGas,historical,119.0,29806.0,0.3992484734617191
Malaysia,MYS,2014,Truck,Gasoline,historical,5497.0,31597.0,17.397221255182455
Malaysia,MYS,2014,Truck,HybridDiesel,historical,25974.0,31597.0,82.20400670949773
Malaysia,MYS,2014,Truck,Hydrogen FCEV,historical,0.0,31597.0,0.0
Malaysia,MYS,2014,Truck,NaturalGas,historical,126.0,31597.0,0.3987720353198088
Malaysia,MYS,2015,Truck,Gasoline,historical,5813.0,33473.0,17.366235473366594
Malaysia,MYS,2015,Truck,HybridDiesel,historical,27525.0,33473.0,82.23045439608042
Malaysia,MYS,2015,Truck,Hydrogen FCEV,historical,0.0,33473.0,0.0
Malaysia,MYS,2015,Truck,NaturalGas,historical,135.0,33473.0,0.403310130552983
Malaysia,MYS,2016,Truck,Gasoline,historical,6144.0,35438.0,17.337321519273097
Malaysia,MYS,2016,Truck,HybridDiesel,historical,29151.0,35438.0,82.2591568372933
Malaysia,MYS,2016,Truck,Hydrogen FCEV,historical,0.0,35438.0,0.0
Malaysia,MYS,2016,Truck,NaturalGas,historical,143.0,35438.0,0.40352164343360236
Malaysia,MYS,2017,Truck,Gasoline,historical,6490.0,37494.0,17.3094361764549
Malaysia,MYS,2017,Truck,HybridDiesel,historical,30852.0,37494.0,82.28516562650024
Malaysia,MYS,2017,Truck,Hydrogen FCEV,historical,0.0,37494.0,0.0
Malaysia,MYS,2017,Truck,NaturalGas,historical,152.0,37494.0,0.4053981970448605
Malaysia,MYS,2018,Truck,Gasoline,historical,6853.0,39649.0,17.28416857928321
Malaysia,MYS,2018,Truck,HybridDiesel,historical,32634.0,39649.0,82.30724608439053
Malaysia,MYS,2018,Truck,Hydrogen FCEV,historical,0.0,39649.0,0.0
Malaysia,MYS,2018,Truck,NaturalGas,historical,162.0,39649.0,0.408585336326263
Malaysia,MYS,2019,Truck,Gasoline,historical,7232.0,41903.0,17.258907476791638
Malaysia,MYS,2019,Truck,HybridDiesel,historical,34499.0,41903.0,82.33062071928025
Malaysia,MYS,2019,Truck,Hydrogen FCEV,historical,0.0,41903.0,0.0
Malaysia,MYS,2019,Truck,NaturalGas,historical,172.0,41903.0,0.4104718039281197
Malaysia,MYS,2020,Truck,Gasoline,historical,7628.0,44261.0,17.234133887621155
Malaysia,MYS,2020,Truck,HybridDiesel,historical,36451.0,44261.0,82.35466889586769
Malaysia,MYS,2020,Truck,Hydrogen FCEV,historical,0.0,44261.0,0.0
Malaysia,MYS,2020,Truck,NaturalGas,historical,182.0,44261.0,0.41119721651114977
Malaysia,MYS,2021,Truck,Gasoline,historical,8043.0,46730.0,17.211641343890435
Malaysia,MYS,2021,Truck,HybridDiesel,historical,38494.0,46730.0,82.37534774234967
Malaysia,MYS,2021,Truck,Hydrogen FCEV,historical,0.0,46730.0,0.0
Malaysia,MYS,2021,Truck,NaturalGas,historical,193.0,46730.0,0.4130109137598973
Malaysia,MYS,2022,Truck,Gasoline,historical,8477.0,49312.0,17.190541855937703
Malaysia,MYS,2022,Truck,HybridDiesel,historical,40631.0,49312.0,82.39576573653471
Malaysia,MYS,2022,Truck,Hydrogen FCEV,historical,0.0,49312.0,0.0
Malaysia,MYS,2022,Truck,NaturalGas,historical,204.0,49312.0,0.4136924075275795
Malaysia,MYS,2023,Truck,Gasoline,historical,8930.0,52012.0,17.169114819657
Malaysia,MYS,2023,Truck,HybridDiesel,historical,42866.0,52012.0,82.41559640083058
Malaysia,MYS,2023,Truck,Hydrogen FCEV,historical,0.0,52012.0,0.0
Malaysia,MYS,2023,Truck,NaturalGas,historical,216.0,52012.0,0.4152887795124202
Malaysia,MYS,2024,Truck,Gasoline,historical,9405.0,54838.0,17.150516065502025
Malaysia,MYS,2024,Truck,HybridDiesel,historical,45204.0,54838.0,82.43189029505088
Malaysia,MYS,2024,Truck,Hydrogen FCEV,historical,0.0,54838.0,0.0
Malaysia,MYS,2024,Truck,NaturalGas,historical,229.0,54838.0,0.4175936394470987
Myanmar,MMR,2025,2W,Gasoline,ATS,2418155.0968244206,2418155.0968244206,100.0
Myanmar,MMR,2026,2W,Electric,ATS,6472.832101896695,461301.05240095407,1.4031687264113661
Myanmar,MMR,2026,2W,Gasoline,ATS,454828.2202990574,461301.05240095407,98.59683127358863
Myanmar,MMR,2027,2W,Electric,ATS,13930.166499412144,485557.5503203161,2.8689012229801785
Myanmar,MMR,2027,2W,Gasoline,ATS,471627.38382090395,485557.5503203161,97.13109877701982
Myanmar,MMR,2028,2W,Electric,ATS,22106.035774828393,504242.26466490794,4.384010886021001
Myanmar,MMR,2028,2W,Gasoline,ATS,482136.22889007954,504242.26466490794,95.615989113979
Myanmar,MMR,2029,2W,Electric,ATS,31054.3322747493,523392.81391850486,5.933274483127433
Myanmar,MMR,2029,2W,Gasoline,ATS,492338.4816437556,523392.81391850486,94.06672551687257
Myanmar,MMR,2030,2W,Electric,ATS,25674.858078980822,342331.4410530776,7.500000000000001
Myanmar,MMR,2030,2W,Gasoline,ATS,316656.58297409676,342331.4410530776,92.5
Myanmar,MMR,2031,2W,Electric,ATS,61693.39398525765,680437.4288209165,9.06672551687257
Myanmar,MMR,2031,2W,Gasoline,ATS,618744.0348356589,680437.4288209165,90.93327448312743
Myanmar,MMR,2032,2W,Electric,ATS,75103.05323577413,707452.2442461755,10.615989113979001
Myanmar,MMR,2032,2W,Gasoline,ATS,632349.1910104015,707452.2442461755,89.384010886021
Myanmar,MMR,2033,2W,Electric,ATS,89233.15429520681,735573.553025905,12.131098777019822
Myanmar,MMR,2033,2W,Gasoline,ATS,646340.3987306983,735573.553025905,87.86890122298018
Myanmar,MMR,2034,2W,Electric,ATS,109078.81618981546,802237.0359312855,13.596831273588627
Myanmar,MMR,2034,2W,Gasoline,ATS,693158.21974147,802237.0359312855,86.40316872641137
Myanmar,MMR,2035,2W,Electric,ATS,141150.4513155467,941003.0087703113,15.000000000000002
Myanmar,MMR,2035,2W,Gasoline,ATS,799852.5574547645,941003.0087703113,85.0
Myanmar,MMR,2036,2W,Electric,ATS,156001.2511762491,955313.3602919355,16.32985129911472
Myanmar,MMR,2036,2W,Gasoline,ATS,799312.1091156864,955313.3602919355,83.67014870088528
Myanmar,MMR,2037,2W,Electric,ATS,176817.4855558295,1005886.5924637541,17.578272429573207
Myanmar,MMR,2037,2W,Gasoline,ATS,829069.1069079246,1005886.5924637541,82.4217275704268
Myanmar,MMR,2038,2W,Electric,ATS,198145.06323003085,1057347.8816976286,18.739817486738456
Myanmar,MMR,2038,2W,Gasoline,ATS,859202.8184675978,1057347.8816976286,81.26018251326155
Myanmar,MMR,2039,2W,Electric,ATS,215079.40521392712,1085624.9035923015,19.81157621773741
Myanmar,MMR,2039,2W,Gasoline,ATS,870545.4983783744,1085624.9035923015,80.18842378226259
Myanmar,MMR,2040,2W,Electric,ATS,235108.44502892724,1130713.8013866935,20.792922553929486
Myanmar,MMR,2040,2W,Gasoline,ATS,895605.3563577663,1130713.8013866935,79.20707744607051
Myanmar,MMR,2041,2W,Electric,ATS,256576.87885419469,1183189.7520151418,21.685184343188187
Myanmar,MMR,2041,2W,Gasoline,ATS,926612.8731609472,1183189.7520151418,78.31481565681182
Myanmar,MMR,2042,2W,Electric,ATS,275482.10253073275,1224839.9084398057,22.491274217349787
Myanmar,MMR,2042,2W,Gasoline,ATS,949357.8059090731,1224839.9084398057,77.50872578265022
Myanmar,MMR,2043,2W,Electric,ATS,280234.00488684385,1207108.3125746548,23.215315640493735
Myanmar,MMR,2043,2W,Gasoline,ATS,926874.3076878107,1207108.3125746548,76.78468435950624
Myanmar,MMR,2044,2W,Electric,ATS,294838.1281239378,1235581.8653457537,23.862290018430553
Myanmar,MMR,2044,2W,Gasoline,ATS,940743.737221816,1235581.8653457537,76.13770998156946
Myanmar,MMR,2045,2W,Electric,ATS,309560.37994155666,1266731.7299364116,24.437722102145198
Myanmar,MMR,2045,2W,Gasoline,ATS,957171.3499948551,1266731.7299364116,75.56227789785481
Myanmar,MMR,2046,2W,Electric,ATS,330000.4746635715,1322784.345827736,24.947413061278166
Myanmar,MMR,2046,2W,Gasoline,ATS,992783.8711641645,1322784.345827736,75.05258693872184
Myanmar,MMR,2047,2W,Electric,ATS,336718.4241361542,1325807.973480517,25.397224249013938
Myanmar,MMR,2047,2W,Gasoline,ATS,989089.549344363,1325807.973480517,74.60277575098607
Myanmar,MMR,2048,2W,Electric,ATS,353467.25981516077,1370404.7310865838,25.79291006496301
Myanmar,MMR,2048,2W,Gasoline,ATS,1016937.4712714232,1370404.7310865838,74.20708993503699
Myanmar,MMR,2049,2W,Electric,ATS,369701.0736880464,1414311.9332077801,26.139995357992408
Myanmar,MMR,2049,2W,Gasoline,ATS,1044610.8595197337,1414311.9332077801,73.8600046420076
Myanmar,MMR,2050,2W,Electric,ATS,385498.05622399756,1457807.2817167696,26.443691224399725
Myanmar,MMR,2050,2W,Gasoline,ATS,1072309.225492772,1457807.2817167696,73.55630877560027
Myanmar,MMR,2051,2W,Electric,ATS,400931.05880230403,1501117.3122213408,26.708842509384535
Myanmar,MMR,2051,2W,Gasoline,ATS,1100186.2534190367,1501117.3122213408,73.29115749061546
Myanmar,MMR,2052,2W,Electric,ATS,417053.415291984,1548088.1808430776,26.939900481951856
Myanmar,MMR,2052,2W,Gasoline,ATS,1131034.7655510937,1548088.1808430776,73.06009951804815
Myanmar,MMR,2053,2W,Electric,ATS,429170.62933785695,1581268.1088779122,27.14091474610222
Myanmar,MMR,2053,2W,Gasoline,ATS,1152097.4795400554,1581268.1088779122,72.85908525389779
Myanmar,MMR,2054,2W,Electric,ATS,440055.5065730238,1611007.9408453666,27.315539260601497
Myanmar,MMR,2054,2W,Gasoline,ATS,1170952.4342723428,1611007.9408453666,72.6844607393985
Myanmar,MMR,2055,2W,Electric,ATS,449714.246445744,1637286.4055609442,27.46704821577439
Myanmar,MMR,2055,2W,Gasoline,ATS,1187572.1591152002,1637286.4055609442,72.5329517842256
Myanmar,MMR,2056,2W,Electric,ATS,457981.1442730568,1659450.6754850075,27.598358362727637
Myanmar,MMR,2056,2W,Gasoline,ATS,1201469.5312119506,1659450.6754850075,72.40164163727236
Myanmar,MMR,2057,2W,Electric,ATS,464214.18800871447,1675134.4692089967,27.712055153871777
Myanmar,MMR,2057,2W,Gasoline,ATS,1210920.2812002823,1675134.4692089967,72.28794484612821
Myanmar,MMR,2058,2W,Electric,ATS,469844.5456853927,1689455.0089902394,27.810420708759292
Myanmar,MMR,2058,2W,Gasoline,ATS,1219610.4633048468,1689455.0089902394,72.18957929124072
Myanmar,MMR,2059,2W,Electric,ATS,474723.7442437117,1701795.587792907,27.895462160610634
Myanmar,MMR,2059,2W,Gasoline,ATS,1227071.8435491952,1701795.587792907,72.10453783938937
Myanmar,MMR,2060,2W,Electric,ATS,478929.4656814675,1712361.9144163616,27.96893937253358
Myanmar,MMR,2060,2W,Gasoline,ATS,1233432.4487348942,1712361.9144163616,72.03106062746643
Myanmar,MMR,2025,2W,Gasoline,BAS,2418155.0968244206,2418155.0968244206,100.0
Myanmar,MMR,2026,2W,Gasoline,BAS,461301.05240095407,461301.05240095407,100.0
Myanmar,MMR,2027,2W,Gasoline,BAS,485557.5503203161,485557.5503203161,100.0
Myanmar,MMR,2028,2W,Gasoline,BAS,504242.26466490794,504242.26466490794,100.0
Myanmar,MMR,2029,2W,Gasoline,BAS,523392.81391850486,523392.81391850486,100.0
Myanmar,MMR,2030,2W,Gasoline,BAS,342331.4410530776,342331.4410530776,100.0
Myanmar,MMR,2031,2W,Gasoline,BAS,680437.4288209165,680437.4288209165,100.0
Myanmar,MMR,2032,2W,Gasoline,BAS,707452.2442461755,707452.2442461755,100.0
Myanmar,MMR,2033,2W,Gasoline,BAS,735573.553025905,735573.553025905,100.0
Myanmar,MMR,2034,2W,Gasoline,BAS,802237.0359312855,802237.0359312855,100.0
Myanmar,MMR,2035,2W,Gasoline,BAS,941003.0087703113,941003.0087703113,100.0
Myanmar,MMR,2036,2W,Gasoline,BAS,955313.3602919355,955313.3602919355,100.0
Myanmar,MMR,2037,2W,Gasoline,BAS,1005886.5924637541,1005886.5924637541,100.0
Myanmar,MMR,2038,2W,Gasoline,BAS,1057347.8816976286,1057347.8816976286,100.0
Myanmar,MMR,2039,2W,Gasoline,BAS,1085624.9035923015,1085624.9035923015,100.0
Myanmar,MMR,2040,2W,Gasoline,BAS,1130713.8013866935,1130713.8013866935,100.0
Myanmar,MMR,2041,2W,Gasoline,BAS,1183189.7520151418,1183189.7520151418,100.0
Myanmar,MMR,2042,2W,Gasoline,BAS,1224839.9084398057,1224839.9084398057,100.0
Myanmar,MMR,2043,2W,Gasoline,BAS,1207108.3125746548,1207108.3125746548,100.0
Myanmar,MMR,2044,2W,Gasoline,BAS,1235581.8653457537,1235581.8653457537,100.0
Myanmar,MMR,2045,2W,Gasoline,BAS,1266731.7299364116,1266731.7299364116,100.0
Myanmar,MMR,2046,2W,Gasoline,BAS,1322784.345827736,1322784.345827736,100.0
Myanmar,MMR,2047,2W,Gasoline,BAS,1325807.973480517,1325807.973480517,100.0
Myanmar,MMR,2048,2W,Gasoline,BAS,1370404.7310865838,1370404.7310865838,100.0
Myanmar,MMR,2049,2W,Gasoline,BAS,1414311.9332077801,1414311.9332077801,100.0
Myanmar,MMR,2050,2W,Gasoline,BAS,1457807.2817167696,1457807.2817167696,100.0
Myanmar,MMR,2051,2W,Gasoline,BAS,1501117.3122213408,1501117.3122213408,100.0
Myanmar,MMR,2052,2W,Gasoline,BAS,1548088.1808430776,1548088.1808430776,100.0
Myanmar,MMR,2053,2W,Gasoline,BAS,1581268.1088779122,1581268.1088779122,100.0
Myanmar,MMR,2054,2W,Gasoline,BAS,1611007.9408453666,1611007.9408453666,100.0
Myanmar,MMR,2055,2W,Gasoline,BAS,1637286.4055609442,1637286.4055609442,100.0
Myanmar,MMR,2056,2W,Gasoline,BAS,1659450.6754850075,1659450.6754850075,100.0
Myanmar,MMR,2057,2W,Gasoline,BAS,1675134.4692089967,1675134.4692089967,100.0
Myanmar,MMR,2058,2W,Gasoline,BAS,1689455.0089902394,1689455.0089902394,100.0
Myanmar,MMR,2059,2W,Gasoline,BAS,1701795.587792907,1701795.587792907,100.0
Myanmar,MMR,2060,2W,Gasoline,BAS,1712361.9144163616,1712361.9144163616,100.0
Myanmar,MMR,2025,2W,Gasoline,RAS,2418155.0968244206,2418155.0968244206,100.0
Myanmar,MMR,2026,2W,Electric,RAS,19827.868467585125,461301.05240095407,4.298249129150289
Myanmar,MMR,2026,2W,Gasoline,RAS,441473.18393336894,461301.05240095407,95.70175087084971
Myanmar,MMR,2027,2W,Electric,RAS,45540.71664618938,485557.5503203161,9.379056430313307
Myanmar,MMR,2027,2W,Gasoline,RAS,440016.83367412677,485557.5503203161,90.6209435696867
Myanmar,MMR,2028,2W,Electric,RAS,77017.06298449784,504242.26466490794,15.273821411158226
Myanmar,MMR,2028,2W,Gasoline,RAS,427225.2016804101,504242.26466490794,84.72617858884178
Myanmar,MMR,2029,2W,Electric,RAS,114971.73244802222,523392.81391850486,21.966624185620542
Myanmar,MMR,2029,2W,Gasoline,RAS,408421.08147048263,523392.81391850486,78.03337581437945
Myanmar,MMR,2030,2W,Electric,RAS,100581.95920659146,342331.4410530776,29.381455263700566
Myanmar,MMR,2030,2W,Gasoline,RAS,241749.4818464861,342331.4410530776,70.61854473629943
Myanmar,MMR,2031,2W,Electric,RAS,254322.6929379059,680437.4288209165,37.376352646944234
Myanmar,MMR,2031,2W,Gasoline,RAS,426114.73588301055,680437.4288209165,62.623647353055766
Myanmar,MMR,2032,2W,Electric,RAS,323648.4789437404,707452.2442461755,45.74845603728397
Myanmar,MMR,2032,2W,Gasoline,RAS,383803.7653024351,707452.2442461755,54.25154396271603
Myanmar,MMR,2033,2W,Electric,RAS,399060.0094979614,735573.553025905,54.251543962716056
Myanmar,MMR,2033,2W,Gasoline,RAS,336513.5435279437,735573.553025905,45.74845603728395
Myanmar,MMR,2034,2W,Electric,RAS,502390.0923172156,802237.0359312855,62.62364735305578
Myanmar,MMR,2034,2W,Gasoline,RAS,299846.94361406995,802237.0359312855,37.37635264694423
Myanmar,MMR,2035,2W,Electric,RAS,664522.6307183859,941003.0087703113,70.61854473629944
Myanmar,MMR,2035,2W,Gasoline,RAS,276480.37805192533,941003.0087703113,29.381455263700566
Myanmar,MMR,2036,2W,Electric,RAS,745463.264641583,955313.3602919355,78.03337581437947
Myanmar,MMR,2036,2W,Gasoline,RAS,209850.09565035257,955313.3602919355,21.966624185620535
Myanmar,MMR,2037,2W,Electric,RAS,852249.2707320554,1005886.5924637541,84.72617858884178
Myanmar,MMR,2037,2W,Gasoline,RAS,153637.32173169873,1005886.5924637541,15.273821411158222
Myanmar,MMR,2038,2W,Electric,RAS,958178.627208486,1057347.8816976286,90.62094356968672
Myanmar,MMR,2038,2W,Gasoline,RAS,99169.25448914277,1057347.8816976286,9.379056430313288
Myanmar,MMR,2039,2W,Electric,RAS,1038962.040627807,1085624.9035923015,95.70175087084974
Myanmar,MMR,2039,2W,Gasoline,RAS,46662.86296449458,1085624.9035923015,4.298249129150272
Myanmar,MMR,2040,2W,Electric,RAS,1130713.8013866935,1130713.8013866935,100.0
Myanmar,MMR,2040,2W,Gasoline,RAS,6.276722482804717e-11,1130713.8013866935,5.551115123125783e-15
Myanmar,MMR,2041,2W,Electric,RAS,1183189.7520151418,1183189.7520151418,100.0
Myanmar,MMR,2041,2W,Gasoline,RAS,6.568022525938698e-11,1183189.7520151418,5.551115123125783e-15
Myanmar,MMR,2042,2W,Electric,RAS,1224839.9084398057,1224839.9084398057,100.0
Myanmar,MMR,2042,2W,Gasoline,RAS,6.799227339148205e-11,1224839.9084398057,5.551115123125783e-15
Myanmar,MMR,2043,2W,Electric,RAS,1207108.3125746548,1207108.3125746548,100.0
Myanmar,MMR,2043,2W,Gasoline,RAS,6.700797209184011e-11,1207108.3125746548,5.551115123125783e-15
Myanmar,MMR,2044,2W,Electric,RAS,1235581.8653457537,1235581.8653457537,100.0
Myanmar,MMR,2044,2W,Gasoline,RAS,6.858857178580778e-11,1235581.8653457537,5.551115123125783e-15
Myanmar,MMR,2045,2W,Electric,RAS,1266731.7299364116,1266731.7299364116,100.0
Myanmar,MMR,2045,2W,Gasoline,RAS,7.031773662993299e-11,1266731.7299364116,5.551115123125783e-15
Myanmar,MMR,2046,2W,Electric,RAS,1322784.345827736,1322784.345827736,100.0
Myanmar,MMR,2046,2W,Gasoline,RAS,7.34292818675839e-11,1322784.345827736,5.551115123125783e-15
Myanmar,MMR,2047,2W,Electric,RAS,1325807.973480517,1325807.973480517,100.0
Myanmar,MMR,2047,2W,Gasoline,RAS,7.359712691948445e-11,1325807.973480517,5.551115123125783e-15
Myanmar,MMR,2048,2W,Electric,RAS,1370404.7310865838,1370404.7310865838,100.0
Myanmar,MMR,2048,2W,Gasoline,RAS,7.607274427537857e-11,1370404.7310865838,5.551115123125783e-15
Myanmar,MMR,2049,2W,Electric,RAS,1414311.9332077801,1414311.9332077801,100.0
Myanmar,MMR,2049,2W,Gasoline,RAS,7.85100836124697e-11,1414311.9332077801,5.551115123125783e-15
Myanmar,MMR,2050,2W,Electric,RAS,1457807.2817167696,1457807.2817167696,100.0
Myanmar,MMR,2050,2W,Gasoline,RAS,8.092456048140848e-11,1457807.2817167696,5.551115123125783e-15
Myanmar,MMR,2051,2W,Electric,RAS,1501117.3122213408,1501117.3122213408,100.0
Myanmar,MMR,2051,2W,Gasoline,RAS,8.332875013457812e-11,1501117.3122213408,5.551115123125783e-15
Myanmar,MMR,2052,2W,Electric,RAS,1548088.1808430776,1548088.1808430776,100.0
Myanmar,MMR,2052,2W,Gasoline,RAS,8.59361571261029e-11,1548088.1808430776,5.551115123125783e-15
Myanmar,MMR,2053,2W,Electric,RAS,1581268.1088779122,1581268.1088779122,100.0
Myanmar,MMR,2053,2W,Gasoline,RAS,8.777801312908685e-11,1581268.1088779122,5.551115123125783e-15
Myanmar,MMR,2054,2W,Electric,RAS,1611007.9408453666,1611007.9408453666,100.0
Myanmar,MMR,2054,2W,Gasoline,RAS,8.942890543902441e-11,1611007.9408453666,5.551115123125783e-15
Myanmar,MMR,2055,2W,Electric,RAS,1637286.4055609442,1637286.4055609442,100.0
Myanmar,MMR,2055,2W,Gasoline,RAS,9.088765326797611e-11,1637286.4055609442,5.551115123125783e-15
Myanmar,MMR,2056,2W,Electric,RAS,1659450.6754850075,1659450.6754850075,100.0
Myanmar,MMR,2056,2W,Gasoline,RAS,9.21180174076612e-11,1659450.6754850075,5.551115123125783e-15
Myanmar,MMR,2057,2W,Electric,RAS,1675134.4692089967,1675134.4692089967,100.0
Myanmar,MMR,2057,2W,Gasoline,RAS,9.298864285295343e-11,1675134.4692089967,5.551115123125783e-15
Myanmar,MMR,2058,2W,Electric,RAS,1689455.0089902394,1689455.0089902394,100.0
Myanmar,MMR,2058,2W,Gasoline,RAS,9.378359250246323e-11,1689455.0089902394,5.551115123125783e-15
Myanmar,MMR,2059,2W,Electric,RAS,1701795.587792907,1701795.587792907,100.0
Myanmar,MMR,2059,2W,Gasoline,RAS,9.446863223865936e-11,1701795.587792907,5.551115123125783e-15
Myanmar,MMR,2060,2W,Electric,RAS,1712361.9144163616,1712361.9144163616,100.0
Myanmar,MMR,2060,2W,Gasoline,RAS,9.505518119381282e-11,1712361.9144163616,5.551115123125783e-15
Myanmar,MMR,2006,2W,Gasoline,historical,195689.0,195689.0,100.0
Myanmar,MMR,2007,2W,Gasoline,historical,206234.0,206234.0,100.0
Myanmar,MMR,2008,2W,Gasoline,historical,217038.0,217038.0,100.0
Myanmar,MMR,2009,2W,Gasoline,historical,228054.0,228054.0,100.0
Myanmar,MMR,2010,2W,Gasoline,historical,239230.0,239230.0,100.0
Myanmar,MMR,2011,2W,Gasoline,historical,250497.0,250497.0,100.0
Myanmar,MMR,2012,2W,Gasoline,historical,261774.0,261774.0,100.0
Myanmar,MMR,2013,2W,Gasoline,historical,272966.0,272966.0,100.0
Myanmar,MMR,2014,2W,Gasoline,historical,283955.0,283955.0,100.0
Myanmar,MMR,2015,2W,Gasoline,historical,294607.0,294607.0,100.0
Myanmar,MMR,2016,2W,Gasoline,historical,304761.0,304761.0,100.0
Myanmar,MMR,2017,2W,Gasoline,historical,314230.0,314230.0,100.0
Myanmar,MMR,2018,2W,Gasoline,historical,322797.0,322797.0,100.0
Myanmar,MMR,2019,2W,Gasoline,historical,330210.0,330210.0,100.0
Myanmar,MMR,2020,2W,Gasoline,historical,336177.0,336177.0,100.0
Myanmar,MMR,2021,2W,Gasoline,historical,340362.0,340362.0,100.0
Myanmar,MMR,2022,2W,Gasoline,historical,342379.0,342379.0,100.0
Myanmar,MMR,2023,2W,Gasoline,historical,342379.0,342379.0,100.0
Myanmar,MMR,2024,2W,Gasoline,historical,342380.0,342380.0,100.0
Myanmar,MMR,2025,Bus,Diesel,ATS,26433.97379828162,26821.082201185323,98.55670103092784
Myanmar,MMR,2025,Bus,Electric,ATS,387.1084029037057,26821.082201185323,1.443298969072165
Myanmar,MMR,2026,Bus,Diesel,ATS,1245.2928029148923,1264.595956207595,98.47357148360722
Myanmar,MMR,2026,Bus,Electric,ATS,19.303153292702795,1264.595956207595,1.5264285163927889
Myanmar,MMR,2027,Bus,Diesel,ATS,1276.1256875405495,1297.0784997385636,98.38461494795902
Myanmar,MMR,2027,Bus,Electric,ATS,20.952812198014065,1297.0784997385636,1.615385052040973
Myanmar,MMR,2028,Bus,Diesel,ATS,1298.1126233449213,1320.70071580683,98.28968878478199
Myanmar,MMR,2028,Bus,Electric,ATS,22.58809246190867,1320.70071580683,1.710311215218004
Myanmar,MMR,2029,Bus,Diesel,ATS,1343.9666605573948,1368.7590735344347,98.18869416419498
Myanmar,MMR,2029,Bus,Electric,ATS,24.792412977040016,1368.7590735344347,1.8113058358050254
Myanmar,MMR,2030,Bus,Diesel,ATS,1125.1785781141652,1147.186389363902,98.08158365076667
Myanmar,MMR,2030,Bus,Electric,ATS,22.007811249736623,1147.186389363902,1.91841634923333
Myanmar,MMR,2031,Bus,Diesel,ATS,1604.81548798396,1638.0955515928508,97.96836859873468
Myanmar,MMR,2031,Bus,Electric,ATS,33.2800636088907,1638.0955515928508,2.0316314012653196
Myanmar,MMR,2032,Bus,Diesel,ATS,1691.3456365311938,1728.524009340159,97.84912604001622
Myanmar,MMR,2032,Bus,Electric,ATS,37.178372808965264,1728.524009340159,2.150873959983791
Myanmar,MMR,2033,Bus,Diesel,ATS,1808.5573087039456,1850.6786680135774,97.72400471039941
Myanmar,MMR,2033,Bus,Electric,ATS,42.12135930963182,1850.6786680135774,2.2759952896005826
Myanmar,MMR,2034,Bus,Diesel,ATS,2418.9336036524687,2478.5875082435596,97.59322983785373
Myanmar,MMR,2034,Bus,Electric,ATS,59.653904591091006,2478.5875082435596,2.406770162146282
Myanmar,MMR,2035,Bus,Diesel,ATS,3918.082111706074,4020.314433473126,97.45710631696203
Myanmar,MMR,2035,Bus,Electric,ATS,102.23232176705226,4020.314433473126,2.5428936830379794
Myanmar,MMR,2036,Bus,Diesel,ATS,3804.7007927672516,3909.6346068205385,97.31601991986093
Myanmar,MMR,2036,Bus,Electric,ATS,104.93381405328684,3909.6346068205385,2.6839800801390736
Myanmar,MMR,2037,Bus,Diesel,ATS,4190.137582214013,4312.1526916262665,97.17043624987598
Myanmar,MMR,2037,Bus,Electric,ATS,122.01510941225406,4312.1526916262665,2.82956375012402
Myanmar,MMR,2038,Bus,Diesel,ATS,4586.375397910319,4727.203652885386,97.02089722982195
Myanmar,MMR,2038,Bus,Electric,ATS,140.828254975066,4727.203652885386,2.9791027701780393
Myanmar,MMR,2039,Bus,Diesel,ATS,4736.11063281238,4889.240923685487,96.86801503007794
Myanmar,MMR,2039,Bus,Electric,ATS,153.13029087310736,4889.240923685487,3.1319849699220477
Myanmar,MMR,2040,Bus,Diesel,ATS,5134.706642771092,5309.250181647352,96.7124634759234
Myanmar,MMR,2040,Bus,Electric,ATS,174.54353887626053,5309.250181647352,3.2875365240766112
Myanmar,MMR,2041,Bus,Diesel,ATS,5320.6034454773735,5510.439912299764,96.55496711980001
Myanmar,MMR,2041,Bus,Electric,ATS,189.83646682238998,5510.439912299764,3.445032880199983
Myanmar,MMR,2042,Bus,Diesel,ATS,5497.794209369812,5703.325621502998,96.39628831013471
Myanmar,MMR,2042,Bus,Electric,ATS,205.53141213318594,5703.325621502998,3.603711689865294
Myanmar,MMR,2043,Bus,Diesel,ATS,4940.372394316025,5133.536450862528,96.23721272079312
Myanmar,MMR,2043,Bus,Electric,ATS,193.16405654650302,5133.536450862528,3.7627872792068695
Myanmar,MMR,2044,Bus,Diesel,ATS,4936.385982452978,5137.8656412670825,96.07853391112782
Myanmar,MMR,2044,Bus,Electric,ATS,201.47965881410386,5137.8656412670825,3.921466088872181
Myanmar,MMR,2045,Bus,Diesel,ATS,5001.519179603705,5214.204628192914,95.92103755500445
Myanmar,MMR,2045,Bus,Electric,ATS,212.68544858920902,5214.204628192914,4.078962444995553
Myanmar,MMR,2046,Bus,Diesel,ATS,5096.955660047855,5322.3304897159105,95.76548600084989
Myanmar,MMR,2046,Bus,Electric,ATS,225.37482966805518,5322.3304897159105,4.234513999150116
Myanmar,MMR,2047,Bus,Diesel,ATS,4824.14950217315,5045.516292191336,95.61260380110588
Myanmar,MMR,2047,Bus,Electric,ATS,221.3667900181865,5045.516292191336,4.387396198894125
Myanmar,MMR,2048,Bus,Diesel,ATS,5034.430407542551,5273.694511159061,95.46306478105186
Myanmar,MMR,2048,Bus,Electric,ATS,239.2641036165106,5273.694511159061,4.536935218948144
Myanmar,MMR,2049,Bus,Diesel,ATS,5344.621584147172,5607.178790131322,95.31748111106691
Myanmar,MMR,2049,Bus,Electric,ATS,262.55720598414905,5607.178790131322,4.682518888933091
Myanmar,MMR,2050,Bus,Diesel,ATS,5703.298315031018,5992.3454047310515,95.17639471396582
Myanmar,MMR,2050,Bus,Electric,ATS,289.04708970003344,5992.3454047310515,4.823605286034183
Myanmar,MMR,2051,Bus,Diesel,ATS,6150.078511100713,6471.023739617536,95.04027119307412
Myanmar,MMR,2051,Bus,Electric,ATS,320.94522851682336,6471.023739617536,4.959728806925881
Myanmar,MMR,2052,Bus,Diesel,ATS,6605.002078249602,6959.263650439345,94.90949632052842
Myanmar,MMR,2052,Bus,Electric,ATS,354.261572189743,6959.263650439345,5.0905036794715794
Myanmar,MMR,2053,Bus,Diesel,ATS,6982.667230771303,7366.896950516195,94.78437499091163
Myanmar,MMR,2053,Bus,Electric,ATS,384.2297197448914,7366.896950516195,5.215625009088373
Myanmar,MMR,2054,Bus,Diesel,ATS,7355.902323886346,7770.445289510622,94.66513243219316
Myanmar,MMR,2054,Bus,Electric,ATS,414.54296562427663,7770.445289510622,5.334867567806842
Myanmar,MMR,2055,Bus,Diesel,ATS,7707.39172935317,8151.491733757619,94.55191738016117
Myanmar,MMR,2055,Bus,Electric,ATS,444.100004404448,8151.491733757619,5.448082619838833
Myanmar,MMR,2056,Bus,Diesel,ATS,8017.565767476497,8489.154706822315,94.44480686673286
Myanmar,MMR,2056,Bus,Electric,ATS,471.5889393458174,8489.154706822315,5.555193133267139
Myanmar,MMR,2057,Bus,Diesel,ATS,8275.626590295427,8771.774632875837,94.34381224614584
Myanmar,MMR,2057,Bus,Electric,ATS,496.1480425804087,8771.774632875837,5.656187753854159
Myanmar,MMR,2058,Bus,Diesel,ATS,8530.377177068673,9050.905036224241,94.24888608296881
Myanmar,MMR,2058,Bus,Electric,ATS,520.5278591555693,9050.905036224241,5.751113917031191
Myanmar,MMR,2059,Bus,Diesel,ATS,8787.274466081299,9332.28657702553,94.15992954732062
Myanmar,MMR,2059,Bus,Electric,ATS,545.0121109442314,9332.28657702553,5.840070452679375
Myanmar,MMR,2060,Bus,Diesel,ATS,9052.015558791463,9621.94245424107,94.0768
Myanmar,MMR,2060,Bus,Electric,ATS,569.9268954496071,9621.94245424107,5.9232
Myanmar,MMR,2025,Bus,Diesel,BAS,26433.97379828162,26821.082201185323,98.55670103092784
Myanmar,MMR,2025,Bus,Electric,BAS,387.1084029037057,26821.082201185323,1.443298969072165
Myanmar,MMR,2026,Bus,Diesel,BAS,1245.2928029148923,1264.595956207595,98.47357148360722
Myanmar,MMR,2026,Bus,Electric,BAS,19.303153292702795,1264.595956207595,1.5264285163927889
Myanmar,MMR,2027,Bus,Diesel,BAS,1276.1256875405495,1297.0784997385636,98.38461494795902
Myanmar,MMR,2027,Bus,Electric,BAS,20.952812198014065,1297.0784997385636,1.615385052040973
Myanmar,MMR,2028,Bus,Diesel,BAS,1298.1126233449213,1320.70071580683,98.28968878478199
Myanmar,MMR,2028,Bus,Electric,BAS,22.58809246190867,1320.70071580683,1.710311215218004
Myanmar,MMR,2029,Bus,Diesel,BAS,1343.9666605573948,1368.7590735344347,98.18869416419498
Myanmar,MMR,2029,Bus,Electric,BAS,24.792412977040016,1368.7590735344347,1.8113058358050254
Myanmar,MMR,2030,Bus,Diesel,BAS,1125.1785781141652,1147.186389363902,98.08158365076667
Myanmar,MMR,2030,Bus,Electric,BAS,22.007811249736623,1147.186389363902,1.91841634923333
Myanmar,MMR,2031,Bus,Diesel,BAS,1604.81548798396,1638.0955515928508,97.96836859873468
Myanmar,MMR,2031,Bus,Electric,BAS,33.2800636088907,1638.0955515928508,2.0316314012653196
Myanmar,MMR,2032,Bus,Diesel,BAS,1691.3456365311938,1728.524009340159,97.84912604001622
Myanmar,MMR,2032,Bus,Electric,BAS,37.178372808965264,1728.524009340159,2.150873959983791
Myanmar,MMR,2033,Bus,Diesel,BAS,1808.5573087039456,1850.6786680135774,97.72400471039941
Myanmar,MMR,2033,Bus,Electric,BAS,42.12135930963182,1850.6786680135774,2.2759952896005826
Myanmar,MMR,2034,Bus,Diesel,BAS,2418.9336036524687,2478.5875082435596,97.59322983785373
Myanmar,MMR,2034,Bus,Electric,BAS,59.653904591091006,2478.5875082435596,2.406770162146282
Myanmar,MMR,2035,Bus,Diesel,BAS,3918.082111706074,4020.314433473126,97.45710631696203
Myanmar,MMR,2035,Bus,Electric,BAS,102.23232176705226,4020.314433473126,2.5428936830379794
Myanmar,MMR,2036,Bus,Diesel,BAS,3804.7007927672516,3909.6346068205385,97.31601991986093
Myanmar,MMR,2036,Bus,Electric,BAS,104.93381405328684,3909.6346068205385,2.6839800801390736
Myanmar,MMR,2037,Bus,Diesel,BAS,4190.137582214013,4312.1526916262665,97.17043624987598
Myanmar,MMR,2037,Bus,Electric,BAS,122.01510941225406,4312.1526916262665,2.82956375012402
Myanmar,MMR,2038,Bus,Diesel,BAS,4586.375397910319,4727.203652885386,97.02089722982195
Myanmar,MMR,2038,Bus,Electric,BAS,140.828254975066,4727.203652885386,2.9791027701780393
Myanmar,MMR,2039,Bus,Diesel,BAS,4736.11063281238,4889.240923685487,96.86801503007794
Myanmar,MMR,2039,Bus,Electric,BAS,153.13029087310736,4889.240923685487,3.1319849699220477
Myanmar,MMR,2040,Bus,Diesel,BAS,5134.706642771092,5309.250181647352,96.7124634759234
Myanmar,MMR,2040,Bus,Electric,BAS,174.54353887626053,5309.250181647352,3.2875365240766112
Myanmar,MMR,2041,Bus,Diesel,BAS,5320.6034454773735,5510.439912299764,96.55496711980001
Myanmar,MMR,2041,Bus,Electric,BAS,189.83646682238998,5510.439912299764,3.445032880199983
Myanmar,MMR,2042,Bus,Diesel,BAS,5497.794209369812,5703.325621502998,96.39628831013471
Myanmar,MMR,2042,Bus,Electric,BAS,205.53141213318594,5703.325621502998,3.603711689865294
Myanmar,MMR,2043,Bus,Diesel,BAS,4940.372394316025,5133.536450862528,96.23721272079312
Myanmar,MMR,2043,Bus,Electric,BAS,193.16405654650302,5133.536450862528,3.7627872792068695
Myanmar,MMR,2044,Bus,Diesel,BAS,4936.385982452978,5137.8656412670825,96.07853391112782
Myanmar,MMR,2044,Bus,Electric,BAS,201.47965881410386,5137.8656412670825,3.921466088872181
Myanmar,MMR,2045,Bus,Diesel,BAS,5001.519179603705,5214.204628192914,95.92103755500445
Myanmar,MMR,2045,Bus,Electric,BAS,212.68544858920902,5214.204628192914,4.078962444995553
Myanmar,MMR,2046,Bus,Diesel,BAS,5096.955660047855,5322.3304897159105,95.76548600084989
Myanmar,MMR,2046,Bus,Electric,BAS,225.37482966805518,5322.3304897159105,4.234513999150116
Myanmar,MMR,2047,Bus,Diesel,BAS,4824.14950217315,5045.516292191336,95.61260380110588
Myanmar,MMR,2047,Bus,Electric,BAS,221.3667900181865,5045.516292191336,4.387396198894125
Myanmar,MMR,2048,Bus,Diesel,BAS,5034.430407542551,5273.694511159061,95.46306478105186
Myanmar,MMR,2048,Bus,Electric,BAS,239.2641036165106,5273.694511159061,4.536935218948144
Myanmar,MMR,2049,Bus,Diesel,BAS,5344.621584147172,5607.178790131322,95.31748111106691
Myanmar,MMR,2049,Bus,Electric,BAS,262.55720598414905,5607.178790131322,4.682518888933091
Myanmar,MMR,2050,Bus,Diesel,BAS,5703.298315031018,5992.3454047310515,95.17639471396582
Myanmar,MMR,2050,Bus,Electric,BAS,289.04708970003344,5992.3454047310515,4.823605286034183
Myanmar,MMR,2051,Bus,Diesel,BAS,6150.078511100713,6471.023739617536,95.04027119307412
Myanmar,MMR,2051,Bus,Electric,BAS,320.94522851682336,6471.023739617536,4.959728806925881
Myanmar,MMR,2052,Bus,Diesel,BAS,6605.002078249602,6959.263650439345,94.90949632052842
Myanmar,MMR,2052,Bus,Electric,BAS,354.261572189743,6959.263650439345,5.0905036794715794
Myanmar,MMR,2053,Bus,Diesel,BAS,6982.667230771303,7366.896950516195,94.78437499091163
Myanmar,MMR,2053,Bus,Electric,BAS,384.2297197448914,7366.896950516195,5.215625009088373
Myanmar,MMR,2054,Bus,Diesel,BAS,7355.902323886346,7770.445289510622,94.66513243219316
Myanmar,MMR,2054,Bus,Electric,BAS,414.54296562427663,7770.445289510622,5.334867567806842
Myanmar,MMR,2055,Bus,Diesel,BAS,7707.39172935317,8151.491733757619,94.55191738016117
Myanmar,MMR,2055,Bus,Electric,BAS,444.100004404448,8151.491733757619,5.448082619838833
Myanmar,MMR,2056,Bus,Diesel,BAS,8017.565767476497,8489.154706822315,94.44480686673286
Myanmar,MMR,2056,Bus,Electric,BAS,471.5889393458174,8489.154706822315,5.555193133267139
Myanmar,MMR,2057,Bus,Diesel,BAS,8275.626590295427,8771.774632875837,94.34381224614584
Myanmar,MMR,2057,Bus,Electric,BAS,496.1480425804087,8771.774632875837,5.656187753854159
Myanmar,MMR,2058,Bus,Diesel,BAS,8530.377177068673,9050.905036224241,94.24888608296881
Myanmar,MMR,2058,Bus,Electric,BAS,520.5278591555693,9050.905036224241,5.751113917031191
Myanmar,MMR,2059,Bus,Diesel,BAS,8787.274466081299,9332.28657702553,94.15992954732062
Myanmar,MMR,2059,Bus,Electric,BAS,545.0121109442314,9332.28657702553,5.840070452679375
Myanmar,MMR,2060,Bus,Diesel,BAS,9052.015558791463,9621.94245424107,94.0768
Myanmar,MMR,2060,Bus,Electric,BAS,569.9268954496071,9621.94245424107,5.9232
Myanmar,MMR,2025,Bus,Diesel,RAS,26433.97379828162,26821.082201185323,98.55670103092784
Myanmar,MMR,2025,Bus,Electric,RAS,387.1084029037057,26821.082201185323,1.443298969072165
Myanmar,MMR,2026,Bus,Diesel,RAS,1241.8393238433428,1264.595956207595,98.20048196006437
Myanmar,MMR,2026,Bus,Electric,RAS,22.75663236425228,1264.595956207595,1.79951803993564
Myanmar,MMR,2027,Bus,Diesel,RAS,1268.4930828147583,1297.0784997385636,97.79616908848871
Myanmar,MMR,2027,Bus,Electric,RAS,28.58541692380515,1297.0784997385636,2.2038309115112744
Myanmar,MMR,2028,Bus,Diesel,RAS,1285.5548249238468,1320.70071580683,97.3388451704206
Myanmar,MMR,2028,Bus,Electric,RAS,35.14589088298323,1320.70071580683,2.661154829579405
Myanmar,MMR,2029,Bus,Diesel,RAS,1325.2813755900706,1368.7590735344347,96.82356823892351
Myanmar,MMR,2029,Bus,Electric,RAS,43.477697944364074,1368.7590735344347,3.1764317610764885
Myanmar,MMR,2030,Bus,Diesel,RAS,1104.115655422467,1147.186389363902,96.24553304146878
Myanmar,MMR,2030,Bus,Electric,RAS,43.07073394143499,1147.186389363902,3.7544669585312183
Myanmar,MMR,2031,Bus,Diesel,RAS,1566.0238518276508,1638.0955515928508,95.60027498425724
Myanmar,MMR,2031,Bus,Electric,RAS,72.07169976520012,1638.0955515928508,4.399725015742767
Myanmar,MMR,2032,Bus,Diesel,RAS,1640.0912719396197,1728.524009340159,94.88391616646985
Myanmar,MMR,2032,Bus,Electric,RAS,88.43273740053935,1728.524009340159,5.116083833530167
Myanmar,MMR,2033,Bus,Diesel,RAS,1741.3673784904943,1850.6786680135774,94.09344845151254
Myanmar,MMR,2033,Bus,Electric,RAS,109.31128952308316,1850.6786680135774,5.9065515484874656
Myanmar,MMR,2034,Bus,Diesel,RAS,2310.7138291494216,2478.5875082435596,93.2270424773866
Myanmar,MMR,2034,Bus,Electric,RAS,167.87367909413823,2478.5875082435596,6.772957522613401
Myanmar,MMR,2035,Bus,Diesel,RAS,3710.1216233923997,4020.314433473126,92.28436443930698
Myanmar,MMR,2035,Bus,Electric,RAS,310.19281008072653,4020.314433473126,7.715635560693017
Myanmar,MMR,2036,Bus,Diesel,RAS,3568.2013380844037,3909.6346068205385,91.26687521794265
Myanmar,MMR,2036,Bus,Electric,RAS,341.43326873613483,3909.6346068205385,8.733124782057349
Myanmar,MMR,2037,Bus,Diesel,RAS,3888.6165162382526,4312.1526916262665,90.1780802843444
Myanmar,MMR,2037,Bus,Electric,RAS,423.5361753880144,4312.1526916262665,9.82191971565561
Myanmar,MMR,2038,Bus,Diesel,RAS,4208.33138349398,4727.203652885386,89.02369545524664
Myanmar,MMR,2038,Bus,Electric,RAS,518.8722693914063,4727.203652885386,10.976304544753377
Myanmar,MMR,2039,Bus,Diesel,RAS,4293.325314046735,4889.240923685487,87.81169472030122
Myanmar,MMR,2039,Bus,Electric,RAS,595.9156096387521,4889.240923685487,12.18830527969879
Myanmar,MMR,2040,Bus,Diesel,RAS,4595.27354200316,5309.250181647352,86.55221330288377
Myanmar,MMR,2040,Bus,Electric,RAS,713.9766396441921,5309.250181647352,13.447786697116234
Myanmar,MMR,2041,Bus,Diesel,RAS,4698.051854216259,5510.439912299764,85.2572921397766
Myanmar,MMR,2041,Bus,Electric,RAS,812.388058083505,5510.439912299764,14.742707860223407
Myanmar,MMR,2042,Bus,Diesel,RAS,4787.398214064433,5703.325621502998,83.94046792655001
Myanmar,MMR,2042,Bus,Electric,RAS,915.9274074385653,5703.325621502998,16.059532073449997
Myanmar,MMR,2043,Bus,Diesel,RAS,4241.134440742791,5133.536450862528,82.61623310437784
Myanmar,MMR,2043,Bus,Electric,RAS,892.4020101197372,5133.536450862528,17.383766895622166
Myanmar,MMR,2044,Bus,Diesel,RAS,4177.054395971695,5137.8656412670825,81.29940889115123
Myanmar,MMR,2044,Bus,Electric,RAS,960.811245295387,5137.8656412670825,18.700591108848755
Myanmar,MMR,2045,Bus,Diesel,RAS,4171.597701877706,5214.204628192914,80.00448772804407
Myanmar,MMR,2045,Bus,Electric,RAS,1042.6069263152083,5214.204628192914,19.99551227195593
Myanmar,MMR,2046,Bus,Diesel,RAS,4191.069479999199,5322.3304897159105,78.74500631062662
Myanmar,MMR,2046,Bus,Electric,RAS,1131.261009716712,5322.3304897159105,21.25499368937338
Myanmar,MMR,2047,Bus,Diesel,RAS,3911.9404281466127,5045.516292191336,77.53300557568122
Myanmar,MMR,2047,Bus,Electric,RAS,1133.5758640447234,5045.516292191336,22.466994424318788
Myanmar,MMR,2048,Bus,Diesel,RAS,4027.975130011567,5273.694511159061,76.37862074658345
Myanmar,MMR,2048,Bus,Electric,RAS,1245.7193811474938,5273.694511159061,23.62137925341655
Myanmar,MMR,2049,Bus,Diesel,RAS,4221.635144112522,5607.178790131322,75.28982581298519
Myanmar,MMR,2049,Bus,Electric,RAS,1385.5436460187998,5607.178790131322,24.710174187014818
Myanmar,MMR,2050,Bus,Diesel,RAS,4450.654948734371,5992.3454047310515,74.27233659162084
Myanmar,MMR,2050,Bus,Electric,RAS,1541.6904559966802,5992.3454047310515,25.727663408379147
Myanmar,MMR,2051,Bus,Diesel,RAS,4745.179613180135,6471.023739617536,73.32965855354124
Myanmar,MMR,2051,Bus,Electric,RAS,1725.8441264374014,6471.023739617536,26.67034144645876
Myanmar,MMR,2052,Bus,Diesel,RAS,5042.908796685299,6959.263650439345,72.4632525794153
Myanmar,MMR,2052,Bus,Electric,RAS,1916.354853754045,6959.263650439345,27.5367474205847
Myanmar,MMR,2053,Bus,Diesel,RAS,5280.060202529789,7366.896950516195,71.67278486445801
Myanmar,MMR,2053,Bus,Electric,RAS,2086.836747986405,7366.896950516195,28.327215135541994
Myanmar,MMR,2054,Bus,Diesel,RAS,5513.630265348605,7770.445289510622,70.9564260466706
Myanmar,MMR,2054,Bus,Electric,RAS,2256.8150241620183,7770.445289510622,29.0435739533294
Myanmar,MMR,2055,Bus,Diesel,RAS,5731.409046569189,8151.491733757619,70.31116798945907
Myanmar,MMR,2055,Bus,Electric,RAS,2420.082687188431,8151.491733757619,29.688832010540946
Myanmar,MMR,2056,Bus,Diesel,RAS,5919.753524627092,8489.154706822315,69.73313279200434
Myanmar,MMR,2056,Bus,Electric,RAS,2569.4011821952245,8489.154706822315,30.266867207995674
Myanmar,MMR,2057,Bus,Diesel,RAS,6071.634321792536,8771.774632875837,69.21785586050724
Myanmar,MMR,2057,Bus,Electric,RAS,2700.140311083301,8771.774632875837,30.78214413949275
Myanmar,MMR,2058,Bus,Diesel,RAS,6223.450448512799,9050.905036224241,68.7605319424391
Myanmar,MMR,2058,Bus,Electric,RAS,2827.454587711442,9050.905036224241,31.23946805756089
Myanmar,MMR,2059,Bus,Diesel,RAS,6379.198256912358,9332.28657702553,68.35621907086347
Myanmar,MMR,2059,Bus,Electric,RAS,2953.0883201131724,9332.28657702553,31.643780929136522
Myanmar,MMR,2060,Bus,Diesel,RAS,6542.920868883927,9621.94245424107,68.0
Myanmar,MMR,2060,Bus,Electric,RAS,3079.0215853571426,9621.94245424107,32.0
Myanmar,MMR,2006,Bus,Electric,historical,0.0,333.18979894383824,0.0
Myanmar,MMR,2006,Bus,HybridDiesel,historical,196.18979894383827,333.18979894383824,58.8822945857678
Myanmar,MMR,2006,Bus,NaturalGas,historical,137.0,333.18979894383824,41.11770541423221
Myanmar,MMR,2007,Bus,Electric,historical,0.0,339.07549291215344,0.0
Myanmar,MMR,2007,Bus,HybridDiesel,historical,202.07549291215346,339.07549291215344,59.596018331087855
Myanmar,MMR,2007,Bus,NaturalGas,historical,137.0,339.07549291215344,40.40398166891215
Myanmar,MMR,2008,Bus,Electric,historical,0.0,346.13775769951803,0.0
Myanmar,MMR,2008,Bus,HybridDiesel,historical,208.13775769951806,346.13775769951803,60.13148033396644
Myanmar,MMR,2008,Bus,NaturalGas,historical,138.0,346.13775769951803,39.86851966603358
Myanmar,MMR,2009,Bus,Electric,historical,0.0,352.38189043050363,0.0
Myanmar,MMR,2009,Bus,HybridDiesel,historical,214.3818904305036,352.38189043050363,60.83794208850916
Myanmar,MMR,2009,Bus,NaturalGas,historical,138.0,352.38189043050363,39.162057911490834
Myanmar,MMR,2010,Bus,Electric,historical,0.0,358.8133471434187,0.0
Myanmar,MMR,2010,Bus,HybridDiesel,historical,220.8133471434187,358.8133471434187,61.53989223125498
Myanmar,MMR,2010,Bus,NaturalGas,historical,138.0,358.8133471434187,38.46010776874502
Myanmar,MMR,2011,Bus,Electric,historical,0.0,366.4377475577213,0.0
Myanmar,MMR,2011,Bus,HybridDiesel,historical,227.43774755772128,366.4377475577213,62.06722671820136
Myanmar,MMR,2011,Bus,NaturalGas,historical,139.0,366.4377475577213,37.932773281798625
Myanmar,MMR,2012,Bus,Electric,historical,0.0,373.2608799844529,0.0
Myanmar,MMR,2012,Bus,HybridDiesel,historical,234.26087998445294,373.2608799844529,62.760630043579816
Myanmar,MMR,2012,Bus,NaturalGas,historical,139.0,373.2608799844529,37.2393699564202
Myanmar,MMR,2013,Bus,Electric,historical,0.0,381.28870638398655,0.0
Myanmar,MMR,2013,Bus,HybridDiesel,historical,241.28870638398652,381.28870638398655,63.28241627513367
Myanmar,MMR,2013,Bus,NaturalGas,historical,140.0,381.28870638398655,36.71758372486633
Myanmar,MMR,2014,Bus,Electric,historical,0.0,388.5273675755061,0.0
Myanmar,MMR,2014,Bus,HybridDiesel,historical,248.52736757550613,388.5273675755061,63.96650231523459
Myanmar,MMR,2014,Bus,NaturalGas,historical,140.0,388.5273675755061,36.033497684765415
Myanmar,MMR,2015,Bus,Electric,historical,0.0,395.9831886027713,0.0
Myanmar,MMR,2015,Bus,HybridDiesel,historical,255.98318860277132,395.9831886027713,64.64496371828545
Myanmar,MMR,2015,Bus,NaturalGas,historical,140.0,395.9831886027713,35.35503628171456
Myanmar,MMR,2016,Bus,Electric,historical,0.0,404.66268426085446,0.0
Myanmar,MMR,2016,Bus,HybridDiesel,historical,263.66268426085446,404.66268426085446,65.15616450833696
Myanmar,MMR,2016,Bus,NaturalGas,historical,141.0,404.66268426085446,34.84383549166305
Myanmar,MMR,2017,Bus,Electric,historical,0.0,412.5725647886801,0.0
Myanmar,MMR,2017,Bus,HybridDiesel,historical,271.5725647886801,412.5725647886801,65.82419384279217
Myanmar,MMR,2017,Bus,NaturalGas,historical,141.0,412.5725647886801,34.17580615720783
Myanmar,MMR,2018,Bus,Electric,historical,0.0,420.71974173234054,0.0
Myanmar,MMR,2018,Bus,HybridDiesel,historical,279.71974173234054,420.71974173234054,66.48600338566871
Myanmar,MMR,2018,Bus,NaturalGas,historical,141.0,420.71974173234054,33.5139966143313
Myanmar,MMR,2019,Bus,Electric,historical,0.0,430.11133398431076,0.0
Myanmar,MMR,2019,Bus,HybridDiesel,historical,288.11133398431076,430.11133398431076,66.98529223013227
Myanmar,MMR,2019,Bus,NaturalGas,historical,142.0,430.11133398431076,33.014707769867734
Myanmar,MMR,2020,Bus,Electric,historical,3.0,441.7546740038401,0.6791099622805398
Myanmar,MMR,2020,Bus,HybridDiesel,historical,296.7546740038401,441.7546740038401,67.17635182310724
Myanmar,MMR,2020,Bus,NaturalGas,historical,142.0,441.7546740038401,32.14453821461222
Myanmar,MMR,2021,Bus,Electric,historical,4.0,452.65731422395527,0.88367068736262
Myanmar,MMR,2021,Bus,HybridDiesel,historical,305.65731422395527,452.65731422395527,67.52510223942372
Myanmar,MMR,2021,Bus,NaturalGas,historical,143.0,452.65731422395527,31.591227073213663
Myanmar,MMR,2022,Bus,Electric,historical,5.0,462.82703365067397,1.0803171890287266
Myanmar,MMR,2022,Bus,HybridDiesel,historical,314.82703365067397,462.82703365067397,68.0226112047497
Myanmar,MMR,2022,Bus,NaturalGas,historical,143.0,462.82703365067397,30.897071606221584
Myanmar,MMR,2023,Bus,Electric,historical,6.0,473.2718446601942,1.267770324327651
Myanmar,MMR,2023,Bus,HybridDiesel,historical,324.2718446601942,473.2718446601942,68.51703694586334
Myanmar,MMR,2023,Bus,NaturalGas,historical,143.0,473.2718446601942,30.215192729809015
Myanmar,MMR,2024,Bus,Electric,historical,7.0,485.0,1.443298969072165
Myanmar,MMR,2024,Bus,HybridDiesel,historical,334.0,485.0,68.8659793814433
Myanmar,MMR,2024,Bus,NaturalGas,historical,144.0,485.0,29.690721649484537
Myanmar,MMR,2025,LDV,Electric,ATS,158.06313391936928,481753.85173853487,0.03280993672369346
Myanmar,MMR,2025,LDV,Gasoline,ATS,240843.0551977133,481753.85173853487,49.99296929927349
Myanmar,MMR,2025,LDV,HybridDiesel,ATS,240752.73340690223,481753.85173853487,49.974220764002816
Myanmar,MMR,2026,LDV,Electric,ATS,343.64996646237364,35604.51210221194,0.965186562522856
Myanmar,MMR,2026,LDV,Gasoline,ATS,17733.35917470076,35604.51210221194,49.80649397411366
Myanmar,MMR,2026,LDV,HybridDiesel,ATS,17527.50296104881,35604.51210221194,49.22831946336348
Myanmar,MMR,2027,LDV,Electric,ATS,716.7116692781376,36960.37030749768,1.9391355208709784
Myanmar,MMR,2027,LDV,Gasoline,ATS,18336.66958169163,36960.37030749768,49.611704182444036
Myanmar,MMR,2027,LDV,HybridDiesel,ATS,17906.989056527913,36960.37030749768,48.44916029668499
Myanmar,MMR,2028,LDV,Electric,ATS,1118.4782148249894,37967.353621800896,2.945894586086606
Myanmar,MMR,2028,LDV,Gasoline,ATS,18759.803209868318,37967.353621800896,49.410352369400904
Myanmar,MMR,2028,LDV,HybridDiesel,ATS,18089.072197107584,37967.353621800896,47.64375304451248
Myanmar,MMR,2029,LDV,Electric,ATS,1565.7001724395313,39385.23319138191,3.975348234784936
Myanmar,MMR,2029,LDV,Gasoline,ATS,19379.291957344638,39385.23319138191,49.20446163966125
Myanmar,MMR,2029,LDV,HybridDiesel,ATS,18440.24106159774,39385.23319138191,46.82019012555382
Myanmar,MMR,2030,LDV,Electric,ATS,1107.1189391189803,22069.967359124916,5.016404968361847
Myanmar,MMR,2030,LDV,Gasoline,ATS,10813.456446848299,22069.967359124916,48.99625029294587
Myanmar,MMR,2030,LDV,HybridDiesel,ATS,10149.391973157639,22069.967359124916,45.98734473869229
Myanmar,MMR,2031,LDV,Electric,ATS,3247.1157330109877,53605.2210114958,6.05746170193876
Myanmar,MMR,2031,LDV,Gasoline,ATS,26152.936104301498,53605.2210114958,48.788038946230486
Myanmar,MMR,2031,LDV,HybridDiesel,ATS,24205.16917418332,53605.2210114958,45.154499351830765
Myanmar,MMR,2032,LDV,Electric,ATS,4024.354428121741,56785.69912310247,7.08691535063709
Myanmar,MMR,2032,LDV,Gasoline,ATS,27587.71251375617,56785.69912310247,48.582148216490815
Myanmar,MMR,2032,LDV,HybridDiesel,ATS,25173.632181224566,56785.69912310247,44.3309364328721
Myanmar,MMR,2033,LDV,Electric,ATS,4903.83887788585,60588.53650303651,8.093674415852718
Myanmar,MMR,2033,LDV,Gasoline,ATS,29313.216489362676,60588.53650303651,48.38079640344769
Myanmar,MMR,2033,LDV,HybridDiesel,ATS,26371.48113578798,60588.53650303651,43.52552918069959
Myanmar,MMR,2034,LDV,Electric,ATS,6648.133833238769,73317.26913310064,9.067623374200837
Myanmar,MMR,2034,LDV,Gasoline,ATS,35328.66415205099,73317.26913310064,48.18600661177806
Myanmar,MMR,2034,LDV,HybridDiesel,ATS,31340.47114781088,73317.26913310064,42.7463700140211
Myanmar,MMR,2035,LDV,Electric,ATS,10216.799481982587,102167.99481982586,10.0
Myanmar,MMR,2035,LDV,Gasoline,ATS,49040.158638452805,102167.99481982586,47.99953128661823
Myanmar,MMR,2035,LDV,HybridDiesel,ATS,42911.036699390475,102167.99481982586,42.00046871338177
Myanmar,MMR,2036,LDV,Electric,ATS,11166.026359731992,102594.41844852455,10.883658710278088
Myanmar,MMR,2036,LDV,Gasoline,ATS,49063.52307854766,102594.41844852455,47.82279954456261
Myanmar,MMR,2036,LDV,HybridDiesel,ATS,42364.8690102449,102594.41844852455,41.2935417451593
Myanmar,MMR,2037,LDV,Electric,ATS,13103.329378587296,111867.9744509873,11.713208756030758
Myanmar,MMR,2037,LDV,Gasoline,ATS,53312.797009610025,111867.9744509873,47.65688953541208
Myanmar,MMR,2037,LDV,HybridDiesel,ATS,45451.84806278998,111867.9744509873,40.62990170855716
Myanmar,MMR,2038,LDV,Electric,ATS,15171.47948110453,121517.35096974857,12.485031446152435
Myanmar,MMR,2038,LDV,Gasoline,ATS,57723.810020568206,121517.35096974857,47.50252499738774
Myanmar,MMR,2038,LDV,HybridDiesel,ATS,48622.06146807583,121517.35096974857,40.01244355645982
Myanmar,MMR,2039,LDV,Electric,ATS,16715.28362438241,126657.87075004517,13.197192977741928
Myanmar,MMR,2039,LDV,Gasoline,ATS,59985.28498775683,126657.87075004517,47.360092691069845
Myanmar,MMR,2039,LDV,HybridDiesel,ATS,49957.30213790593,126657.87075004517,39.44271433118823
Myanmar,MMR,2040,LDV,Electric,ATS,18880.316930793222,136327.09105139016,13.849277341123678
Myanmar,MMR,2040,LDV,Gasoline,ATS,64386.84315621771,136327.09105139016,47.229675818393495
Myanmar,MMR,2040,LDV,HybridDiesel,ATS,53059.93096437924,136327.09105139016,38.92104684048282
Myanmar,MMR,2041,LDV,Electric,ATS,20892.480611304592,144663.06066378183,14.442166863773043
Myanmar,MMR,2041,LDV,Gasoline,ATS,68152.3561545062,144663.06066378183,47.111097913863624
Myanmar,MMR,2041,LDV,HybridDiesel,ATS,55618.22389797104,144663.06066378183,38.44673522236333
Myanmar,MMR,2042,LDV,Electric,ATS,22803.416462251167,152248.13482112554,14.977796929363121
Myanmar,MMR,2042,LDV,Gasoline,ATS,71562.67051073114,152248.13482112554,47.00397190074561
Myanmar,MMR,2042,LDV,HybridDiesel,ATS,57882.04784814324,152248.13482112554,38.01823116989127
Myanmar,MMR,2043,LDV,Electric,ATS,22707.52160181621,146889.56260192813,15.458907494573845
Myanmar,MMR,2043,LDV,Gasoline,ATS,68902.5884895645,146889.56260192813,46.907749787703466
Myanmar,MMR,2043,LDV,HybridDiesel,ATS,55279.45251054743,146889.56260192813,37.63334271772269
Myanmar,MMR,2044,LDV,Electric,ATS,24175.574238669342,152154.73259397317,15.888808600638251
Myanmar,MMR,2044,LDV,Gasoline,ATS,71241.53827966006,152154.73259397317,46.82176956649059
Myanmar,MMR,2044,LDV,HybridDiesel,ATS,56737.62007564377,152154.73259397317,37.28942183287117
Myanmar,MMR,2045,LDV,Electric,ATS,25864.62324156945,158959.81129026902,16.271171330430985
Myanmar,MMR,2045,LDV,Gasoline,ATS,74306.23593091348,158959.81129026902,46.74529702053204
Myanmar,MMR,2045,LDV,HybridDiesel,ATS,58788.952117786095,158959.81129026902,36.983531649036976
Myanmar,MMR,2046,LDV,Electric,ATS,28293.92951954036,170344.2762444634,16.609850441311778
Myanmar,MMR,2046,LDV,Gasoline,ATS,79512.55379190581,170344.2762444634,46.67756119835588
Myanmar,MMR,2046,LDV,HybridDiesel,ATS,62537.79293301724,170344.2762444634,36.71258836033234
Myanmar,MMR,2047,LDV,Electric,ATS,29190.460238854554,172635.32979147672,16.908740681361813
Myanmar,MMR,2047,LDV,Gasoline,ATS,80478.76368307507,172635.32979147672,46.61778315034588
Myanmar,MMR,2047,LDV,HybridDiesel,ATS,62966.10586954711,172635.32979147672,36.473476168292315
Myanmar,MMR,2048,LDV,Electric,ATS,31700.503640743864,184609.3683558649,17.17166573022228
Myanmar,MMR,2048,LDV,Gasoline,ATS,85963.71816097021,184609.3683558649,46.565198140573784
Myanmar,MMR,2048,LDV,HybridDiesel,ATS,66945.14655415084,184609.3683558649,36.26313612920394
Myanmar,MMR,2049,LDV,Electric,ATS,34569.39382923256,198648.45631611208,17.40229673580841
Myanmar,MMR,2049,LDV,Gasoline,ATS,92409.41830031211,198648.45631611208,46.51907193945656
Myanmar,MMR,2049,LDV,HybridDiesel,ATS,71669.64418656741,198648.45631611208,36.07863132473504
Myanmar,MMR,2050,LDV,Electric,ATS,37654.44945317847,213895.95168496133,17.604096363935952
Myanmar,MMR,2050,LDV,Gasoline,ATS,99416.08339289637,213895.95168496133,46.47871201383105
Myanmar,MMR,2050,LDV,HybridDiesel,ATS,76825.41883888649,213895.95168496133,35.917191622233005
Myanmar,MMR,2051,LDV,Electric,ATS,40771.87618511915,229309.47774523078,17.78028391413365
Myanmar,MMR,2051,LDV,Gasoline,ATS,106499.2888313837,229309.47774523078,46.443474503791506
Myanmar,MMR,2051,LDV,HybridDiesel,ATS,82038.31272872792,229309.47774523078,35.776241582074846
Myanmar,MMR,2052,LDV,Electric,ATS,44242.64578769935,246699.54748822004,17.933817162681237
Myanmar,MMR,2052,LDV,Gasoline,ATS,114500.08827277832,246699.54748822004,46.412767854081984
Myanmar,MMR,2052,LDV,HybridDiesel,ATS,87956.81342774238,246699.54748822004,35.65341498323678
Myanmar,MMR,2053,LDV,Electric,ATS,47478.57732532646,262786.0761353336,18.067386987762323
Myanmar,MMR,2053,LDV,Gasoline,ATS,121896.09088909726,262786.0761353336,46.38605388906577
Myanmar,MMR,2053,LDV,HybridDiesel,ATS,93411.40792090991,262786.0761353336,35.54655912317191
Myanmar,MMR,2054,LDV,Electric,ATS,50779.089835540966,279260.37022262113,18.183421369477102
Myanmar,MMR,2054,LDV,Gasoline,ATS,129473.05821347717,279260.37022262113,46.36284701272281
Myanmar,MMR,2054,LDV,HybridDiesel,ATS,99008.222173603,279260.37022262113,35.45373161780009
Myanmar,MMR,2055,LDV,Electric,ATS,54112.28254915716,295952.73798487894,18.284095939643546
Myanmar,MMR,2055,LDV,Gasoline,ATS,137152.5253125214,295952.73798487894,46.342712098689525
Myanmar,MMR,2055,LDV,HybridDiesel,ATS,104687.93012320039,295952.73798487894,35.37319196166693
Myanmar,MMR,2056,LDV,Electric,ATS,57439.57680842965,312658.46277273167,18.37134881910486
Myanmar,MMR,2056,LDV,Gasoline,ATS,144839.85055262566,312658.46277273167,46.32526152279726
Myanmar,MMR,2056,LDV,HybridDiesel,ATS,110379.03541167638,312658.46277273167,35.303389658097885
Myanmar,MMR,2057,LDV,Electric,ATS,60688.179566388906,328988.53567301715,18.44689798756608
Myanmar,MMR,2057,LDV,Gasoline,ATS,152355.08990993962,328988.53567301715,46.31015168910502
Myanmar,MMR,2057,LDV,HybridDiesel,ATS,115945.26619668864,328988.53567301715,35.242950323328905
Myanmar,MMR,2058,LDV,Electric,ATS,64046.59027811704,345968.5135181919,18.51225986631564
Myanmar,MMR,2058,LDV,Gasoline,ATS,160173.31710275298,345968.5135181919,46.297079313355106
Myanmar,MMR,2058,LDV,HybridDiesel,ATS,121748.60613732187,345968.5135181919,35.190660820329256
Myanmar,MMR,2059,LDV,Electric,ATS,67520.0575823158,363621.63080867473,18.568768153906262
Myanmar,MMR,2059,LDV,Gasoline,ATS,168305.0995446316,363621.63080867473,46.28577765583698
Myanmar,MMR,2059,LDV,HybridDiesel,ATS,127796.47368172734,363621.63080867473,35.14545419025676
Myanmar,MMR,2060,LDV,Electric,ATS,71115.27102583741,381978.8837223989,18.617592243009973
Myanmar,MMR,2060,LDV,Gasoline,ATS,176764.59726988844,381978.8837223989,46.27601283801624
Myanmar,MMR,2060,LDV,HybridDiesel,ATS,134099.01542667305,381978.8837223989,35.10639491897379
Myanmar,MMR,2025,LDV,Electric,BAS,158.06313391936928,481753.85173853487,0.03280993672369346
Myanmar,MMR,2025,LDV,Gasoline,BAS,240843.0551977133,481753.85173853487,49.99296929927349
Myanmar,MMR,2025,LDV,HybridDiesel,BAS,240752.73340690223,481753.85173853487,49.974220764002816
Myanmar,MMR,2026,LDV,Electric,BAS,12.720343292985609,35604.51210221194,0.035726773214778455
Myanmar,MMR,2026,LDV,Gasoline,BAS,17799.54509933464,35604.51210221194,49.99238593197528
Myanmar,MMR,2026,LDV,HybridDiesel,BAS,17792.246659584318,35604.51210221194,49.971887294809946
Myanmar,MMR,2027,LDV,Electric,BAS,14.358389108738548,36960.37030749768,0.03884806615648503
Myanmar,MMR,2027,LDV,Gasoline,BAS,18477.14023772551,36960.37030749768,49.99176167338694
Myanmar,MMR,2027,LDV,HybridDiesel,BAS,18468.871680663433,36960.37030749768,49.96939026045658
Myanmar,MMR,2028,LDV,Electric,BAS,16.014181914017804,37967.353621800896,0.04217882045068962
Myanmar,MMR,2028,LDV,Gasoline,BAS,18980.296016450517,37967.353621800896,49.9910955225281
Myanmar,MMR,2028,LDV,HybridDiesel,BAS,18971.043423436364,37967.353621800896,49.966725657021215
Myanmar,MMR,2029,LDV,Electric,BAS,18.007914752307997,39385.23319138191,0.04572250382472892
Myanmar,MMR,2029,LDV,Gasoline,BAS,19688.830408882084,39385.23319138191,49.99038678585329
Myanmar,MMR,2029,LDV,HybridDiesel,BAS,19678.394867747516,39385.23319138191,49.963890710321984
Myanmar,MMR,2030,LDV,Electric,BAS,10.92039214634345,22069.967359124916,0.049480780685560784
Myanmar,MMR,2030,LDV,Gasoline,BAS,11032.696156242824,22069.967359124916,49.98963513048112
Myanmar,MMR,2030,LDV,HybridDiesel,BAS,11026.350810735747,22069.967359124916,49.96088408883332
Myanmar,MMR,2031,LDV,Electric,BAS,28.65373421415484,53605.2210114958,0.053453252637480894
Myanmar,MMR,2031,LDV,Gasoline,BAS,26796.628504060864,53605.2210114958,49.988840636090735
Myanmar,MMR,2031,LDV,HybridDiesel,BAS,26779.938773220783,53605.2210114958,49.95770611127178
Myanmar,MMR,2032,LDV,Electric,BAS,32.72969651309603,56785.69912310247,0.05763721679668537
Myanmar,MMR,2032,LDV,Gasoline,BAS,28386.037460077896,56785.69912310247,49.988003843258895
Myanmar,MMR,2032,LDV,HybridDiesel,BAS,28366.93196651148,56785.69912310247,49.95435893994442
Myanmar,MMR,2033,LDV,Electric,BAS,37.581526817855305,60588.53650303651,0.062027454345215685
Myanmar,MMR,2033,LDV,Gasoline,BAS,30286.467959576275,60588.53650303651,49.987125795749186
Myanmar,MMR,2033,LDV,HybridDiesel,BAS,30264.48701664238,60588.53650303651,49.950846749905594
Myanmar,MMR,2034,LDV,Electric,BAS,48.84107784328153,73317.26913310064,0.06661606251947973
Myanmar,MMR,2034,LDV,Gasoline,BAS,36648.52270313009,73317.26913310064,49.98620807411434
Myanmar,MMR,2034,LDV,HybridDiesel,BAS,36619.90535212727,73317.26913310064,49.94717586336619
Myanmar,MMR,2035,LDV,Electric,BAS,72.94012552916992,102167.99481982586,0.07139234322627204
Myanmar,MMR,2035,LDV,Gasoline,BAS,51068.93050974349,102167.99481982586,49.98525281797298
Myanmar,MMR,2035,LDV,HybridDiesel,BAS,51026.124184553206,102167.99481982586,49.94335483880076
Myanmar,MMR,2036,LDV,Electric,BAS,78.32341121740733,102594.41844852455,0.07634276055349454
Myanmar,MMR,2036,LDV,Gasoline,BAS,51281.06366825057,102594.41844852455,49.98426273450753
Myanmar,MMR,2036,LDV,HybridDiesel,BAS,51235.03136905657,102594.41844852455,49.939394504938974
Myanmar,MMR,2037,LDV,Electric,BAS,91.11755868281853,111867.9744509873,0.08145097748483848
Myanmar,MMR,2037,LDV,Gasoline,BAS,55915.23937359091,111867.9744509873,49.98324109112126
Myanmar,MMR,2037,LDV,HybridDiesel,BAS,55861.61751871357,111867.9744509873,49.9353079313939
Myanmar,MMR,2038,LDV,Electric,BAS,105.3530875681977,121517.35096974857,0.08669797911775173
Myanmar,MMR,2038,LDV,Gasoline,BAS,60737.03529927548,121517.35096974857,49.98219169079468
Myanmar,MMR,2038,LDV,HybridDiesel,BAS,60674.9625829049,121517.35096974857,49.93111033008757
Myanmar,MMR,2039,LDV,Electric,BAS,116.60413084941179,126657.87075004517,0.09206228571418662
Myanmar,MMR,2039,LDV,Gasoline,BAS,63305.02088646344,126657.87075004517,49.9811188294754
Myanmar,MMR,2039,LDV,HybridDiesel,BAS,63236.24573273233,126657.87075004517,49.92681888481042
Myanmar,MMR,2040,LDV,Electric,BAS,132.9465257349299,136327.09105139016,0.09752025419864208
Myanmar,MMR,2040,LDV,Gasoline,BAS,68136.31723722936,136327.09105139016,49.98002723577851
Myanmar,MMR,2040,LDV,HybridDiesel,BAS,68057.82728842588,136327.09105139016,49.92245251002286
Myanmar,MMR,2041,LDV,Electric,BAS,149.07016524025784,144663.06066378183,0.10304646158891852
Myanmar,MMR,2041,LDV,Gasoline,BAS,72301.03824371906,144663.06066378183,49.97892199430045
Myanmar,MMR,2041,LDV,HybridDiesel,BAS,72212.95225482252,144663.06066378183,49.91803154411063
Myanmar,MMR,2042,LDV,Electric,BAS,165.36303080777563,152248.13482112554,0.10861415872323074
Myanmar,MMR,2042,LDV,Gasoline,BAS,76090.28119701982,152248.13482112554,49.97780845487359
Myanmar,MMR,2042,LDV,HybridDiesel,BAS,75992.49059329795,152248.13482112554,49.91357738640318
Myanmar,MMR,2043,LDV,Electric,BAS,167.74167881474852,146889.56260192813,0.1141957780004627
Myanmar,MMR,2043,LDV,Gasoline,BAS,73410.54447416478,146889.56260192813,49.97669213101814
Myanmar,MMR,2043,LDV,HybridDiesel,BAS,73311.2764489486,146889.56260192813,49.9091120909814
Myanmar,MMR,2044,LDV,Electric,BAS,182.2257953365663,152154.73259397317,0.11976347513477492
Myanmar,MMR,2044,LDV,Gasoline,BAS,76040.20796832662,152154.73259397317,49.97557859159128
Myanmar,MMR,2044,LDV,HybridDiesel,BAS,75932.29883031,152154.73259397317,49.90465793327395
Myanmar,MMR,2045,LDV,Electric,BAS,199.16024290799885,158959.81129026902,0.12528968252505138
Myanmar,MMR,2045,LDV,Gasoline,BAS,79439.32853064577,158959.81129026902,49.97447335011322
Myanmar,MMR,2045,LDV,HybridDiesel,BAS,79321.32251671526,158959.81129026902,49.90023696736173
Myanmar,MMR,2046,LDV,Electric,BAS,222.72113981878127,170344.2762444634,0.13074765100950683
Myanmar,MMR,2046,LDV,Gasoline,BAS,85126.79546785011,170344.2762444634,49.97338175641634
Myanmar,MMR,2046,LDV,HybridDiesel,BAS,84994.75963679451,170344.2762444634,49.89587059257416
Myanmar,MMR,2047,LDV,Electric,BAS,234.97732689865248,172635.32979147672,0.13611195760594172
Myanmar,MMR,2047,LDV,Gasoline,BAS,86269.86026546625,172635.32979147672,49.97230889509705
Myanmar,MMR,2047,LDV,HybridDiesel,BAS,86130.49219911183,172635.32979147672,49.891579147297016
Myanmar,MMR,2048,LDV,Electric,BAS,260.9618817652747,184609.3683558649,0.141358959238855
Myanmar,MMR,2048,LDV,Gasoline,BAS,92251.62651276593,184609.3683558649,49.97125949477047
Myanmar,MMR,2048,LDV,HybridDiesel,BAS,92096.77996133371,184609.3683558649,49.887381545990685
Myanmar,MMR,2049,LDV,Electric,BAS,290.9547844719005,198648.45631611208,0.14646717617019891
Myanmar,MMR,2049,LDV,Gasoline,BAS,99265.10610926425,198648.45631611208,49.970237851384205
Myanmar,MMR,2049,LDV,HybridDiesel,BAS,99092.39542237595,198648.45631611208,49.883294972445604
Myanmar,MMR,2050,LDV,Electric,BAS,323.8761026297756,213895.95168496133,0.15141759349742137
Myanmar,MMR,2050,LDV,Gasoline,BAS,106882.19806300612,213895.95168496133,49.96924776791876
Myanmar,MMR,2050,LDV,HybridDiesel,BAS,106689.87751932544,213895.95168496133,49.87933463858383
Myanmar,MMR,2051,LDV,Electric,BAS,358.16735720772516,229309.47774523078,0.1561938742042137
Myanmar,MMR,2051,LDV,Gasoline,BAS,114582.030596966,229309.47774523078,49.9682925117774
Myanmar,MMR,2051,LDV,HybridDiesel,BAS,114369.27979105707,229309.47774523078,49.875513614018395
Myanmar,MMR,2052,LDV,Electric,BAS,396.64965646803165,246699.54748822004,0.16078248237847773
Myanmar,MMR,2052,LDV,Gasoline,BAS,123269.28749902459,246699.54748822004,49.96737479014254
Myanmar,MMR,2052,LDV,HybridDiesel,BAS,123033.61033272743,246699.54748822004,49.871842727478985
Myanmar,MMR,2053,LDV,Electric,BAS,434.05090954218883,262786.0761353336,0.16517271992700808
Myanmar,MMR,2053,LDV,Gasoline,BAS,131304.99617225412,262786.0761353336,49.966496742632835
Myanmar,MMR,2053,LDV,HybridDiesel,BAS,131047.02905353734,262786.0761353336,49.868330537440166
Myanmar,MMR,2054,LDV,Electric,BAS,472.9461029759119,279260.37022262113,0.1693566840862125
Myanmar,MMR,2054,LDV,Gasoline,BAS,139534.2869599902,279260.37022262113,49.965659949800994
Myanmar,MMR,2054,LDV,HybridDiesel,BAS,139253.13715965505,279260.37022262113,49.8649833661128
Myanmar,MMR,2055,LDV,Electric,BAS,512.9723830209365,295952.73798487894,0.1733291560381326
Myanmar,MMR,2055,LDV,Gasoline,BAS,147872.38734574863,295952.73798487894,49.9648654554106
Myanmar,MMR,2055,LDV,HybridDiesel,BAS,147567.37825610934,295952.73798487894,49.861805388551254
Myanmar,MMR,2056,LDV,Electric,BAS,553.6788454655954,312658.46277273167,0.1770874328989646
Myanmar,MMR,2056,LDV,Gasoline,BAS,156217.03014521848,312658.46277273167,49.96411380003844
Myanmar,MMR,2056,LDV,HybridDiesel,BAS,155887.7537820476,312658.46277273167,49.858798767062595
Myanmar,MMR,2057,LDV,Electric,BAS,594.2556643963801,328988.53567301715,0.1806311162730038
Myanmar,MMR,2057,LDV,Gasoline,BAS,164373.87469033813,328988.53567301715,49.96340506336363
Myanmar,MMR,2057,LDV,HybridDiesel,BAS,164020.40531828266,328988.53567301715,49.855963820363364
Myanmar,MMR,2058,LDV,Electric,BAS,636.450149041631,345968.5135181919,0.1839618705672084
Myanmar,MMR,2058,LDV,Gasoline,BAS,172855.34512856803,345968.5135181919,49.96273891250479
Myanmar,MMR,2058,LDV,HybridDiesel,BAS,172476.71824058218,345968.5135181919,49.853299216928
Myanmar,MMR,2059,LDV,Electric,BAS,680.2748501195761,363621.63080867473,0.187083163508915
Myanmar,MMR,2059,LDV,Gasoline,BAS,181673.05609107084,363621.63080867473,49.96211465391645
Myanmar,MMR,2059,LDV,HybridDiesel,BAS,181268.29986748428,363621.63080867473,49.85080218257463
Myanmar,MMR,2060,LDV,Electric,BAS,725.7598790725579,381978.8837223989,0.19
Myanmar,MMR,2060,LDV,Gasoline,BAS,190842.4994992414,381978.8837223989,49.96153128661823
Myanmar,MMR,2060,LDV,HybridDiesel,BAS,190410.62434408494,381978.8837223989,49.84846871338176
Myanmar,MMR,2025,LDV,Electric,RAS,158.06313391936928,481753.85173853487,0.03280993672369346
Myanmar,MMR,2025,LDV,Gasoline,RAS,240843.0551977133,481753.85173853487,49.99296929927349
Myanmar,MMR,2025,LDV,HybridDiesel,RAS,240752.73340690223,481753.85173853487,49.974220764002816
Myanmar,MMR,2026,LDV,Electric,RAS,1200.5084993907412,35604.51210221194,3.3717875305926723
Myanmar,MMR,2026,LDV,Gasoline,RAS,17561.987468115087,35604.51210221194,49.325173780499696
Myanmar,MMR,2026,LDV,HybridDiesel,RAS,16842.016134706115,35604.51210221194,47.30303868890763
Myanmar,MMR,2027,LDV,Electric,RAS,2728.2634628853243,36960.37030749768,7.381591256221467
Myanmar,MMR,2027,LDV,Gasoline,RAS,17934.359222970194,36960.37030749768,48.52321303537394
Myanmar,MMR,2027,LDV,HybridDiesel,RAS,16297.747621642164,36960.37030749768,44.095195708404596
Myanmar,MMR,2028,LDV,Electric,RAS,4602.1890445975805,37967.353621800896,12.121437512976934
Myanmar,MMR,2028,LDV,Gasoline,RAS,18063.061043913804,37967.353621800896,47.575243784022845
Myanmar,MMR,2028,LDV,HybridDiesel,RAS,15302.103533289512,37967.353621800896,40.303318703000215
Myanmar,MMR,2029,LDV,Electric,RAS,6939.921749524382,39385.23319138191,17.620618661318332
Myanmar,MMR,2029,LDV,Gasoline,RAS,18304.44764192767,39385.23319138191,46.47540755435457
Myanmar,MMR,2029,LDV,HybridDiesel,RAS,14140.863799929855,39385.23319138191,35.9039737843271
Myanmar,MMR,2030,LDV,Electric,RAS,5266.839504197551,22069.967359124916,23.86428316134303
Myanmar,MMR,2030,LDV,Gasoline,RAS,9981.512333832585,22069.967359124916,45.22667465434963
Myanmar,MMR,2030,LDV,HybridDiesel,RAS,6821.615521094779,22069.967359124916,30.909042184307335
Myanmar,MMR,2031,LDV,Electric,RAS,16500.503081809096,53605.2210114958,30.781522341397523
Myanmar,MMR,2031,LDV,Gasoline,RAS,23502.258634541875,53605.2210114958,43.843226818338735
Myanmar,MMR,2031,LDV,HybridDiesel,RAS,13602.459295144823,53605.2210114958,25.375250840263742
Myanmar,MMR,2032,LDV,Electric,RAS,21714.795092368997,56785.69912310247,38.239900939309976
Myanmar,MMR,2032,LDV,Gasoline,RAS,24049.62438090672,56785.69912310247,42.35155109875624
Myanmar,MMR,2032,LDV,HybridDiesel,RAS,11021.279649826754,56785.69912310247,19.40854796193378
Myanmar,MMR,2033,LDV,Electric,RAS,27901.125353814637,60588.53650303651,46.05017213514692
Myanmar,MMR,2033,LDV,Gasoline,RAS,24713.75919417692,60588.53650303651,40.78949685958885
Myanmar,MMR,2033,LDV,HybridDiesel,RAS,7973.651955044945,60588.53650303651,13.160331005264222
Myanmar,MMR,2034,LDV,Electric,RAS,39578.595842128976,73317.26913310064,53.98263780157679
Myanmar,MMR,2034,LDV,Gasoline,RAS,28742.57175027295,73317.26913310064,39.203003726302875
Myanmar,MMR,2034,LDV,HybridDiesel,RAS,4996.101540698703,73317.26913310064,6.8143584721203245
Myanmar,MMR,2035,LDV,Electric,RAS,63132.57606349737,102167.99481982586,61.79290899741373
Myanmar,MMR,2035,LDV,Gasoline,RAS,38457.00332214986,102167.99481982586,37.64094948713549
Myanmar,MMR,2035,LDV,HybridDiesel,RAS,578.4154341786307,102167.99481982586,0.5661415154507743
Myanmar,MMR,2036,LDV,Electric,RAS,71047.95577654011,102594.41844852455,69.25128759532619
Myanmar,MMR,2036,LDV,Gasoline,RAS,31546.46267198443,102594.41844852455,30.748712404673817
Myanmar,MMR,2037,LDV,Electric,RAS,85208.18807277628,111867.9744509873,76.16852677538067
Myanmar,MMR,2037,LDV,Gasoline,RAS,26659.786378211025,111867.9744509873,23.831473224619327
Myanmar,MMR,2038,LDV,Electric,RAS,100145.11171399485,121517.35096974857,82.41219127540536
Myanmar,MMR,2038,LDV,Gasoline,RAS,21372.23925575372,121517.35096974857,17.587808724594634
Myanmar,MMR,2039,LDV,Electric,RAS,111346.67245906005,126657.87075004517,87.91137242374678
Myanmar,MMR,2039,LDV,Gasoline,RAS,15311.198290985121,126657.87075004517,12.08862757625322
Myanmar,MMR,2040,LDV,Electric,RAS,126308.7112507909,136327.09105139016,92.65121868050224
Myanmar,MMR,2040,LDV,Gasoline,RAS,10018.379800599256,136327.09105139016,7.348781319497755
Myanmar,MMR,2041,LDV,Electric,RAS,139832.79348161304,144663.06066378183,96.66102240613101
Myanmar,MMR,2041,LDV,Gasoline,RAS,4830.267182168774,144663.06066378183,3.338977593868986
Myanmar,MMR,2042,LDV,Electric,RAS,152248.13482112554,152248.13482112554,100.0
Myanmar,MMR,2043,LDV,Electric,RAS,146889.56260192813,146889.56260192813,100.0
Myanmar,MMR,2044,LDV,Electric,RAS,152154.73259397317,152154.73259397317,100.0
Myanmar,MMR,2045,LDV,Electric,RAS,158959.81129026902,158959.81129026902,100.0
Myanmar,MMR,2046,LDV,Electric,RAS,170344.2762444634,170344.2762444634,100.0
Myanmar,MMR,2047,LDV,Electric,RAS,172635.32979147672,172635.32979147672,100.0
Myanmar,MMR,2048,LDV,Electric,RAS,184609.3683558649,184609.3683558649,100.0
Myanmar,MMR,2049,LDV,Electric,RAS,198648.45631611208,198648.45631611208,100.0
Myanmar,MMR,2050,LDV,Electric,RAS,213895.95168496133,213895.95168496133,100.0
Myanmar,MMR,2051,LDV,Electric,RAS,229309.47774523078,229309.47774523078,100.0
Myanmar,MMR,2052,LDV,Electric,RAS,246699.54748822004,246699.54748822004,100.0
Myanmar,MMR,2053,LDV,Electric,RAS,262786.0761353336,262786.0761353336,100.0
Myanmar,MMR,2054,LDV,Electric,RAS,279260.37022262113,279260.37022262113,100.0
Myanmar,MMR,2055,LDV,Electric,RAS,295952.73798487894,295952.73798487894,100.0
Myanmar,MMR,2056,LDV,Electric,RAS,312658.46277273167,312658.46277273167,100.0
Myanmar,MMR,2057,LDV,Electric,RAS,328988.53567301715,328988.53567301715,100.0
Myanmar,MMR,2058,LDV,Electric,RAS,345968.5135181919,345968.5135181919,100.0
Myanmar,MMR,2059,LDV,Electric,RAS,363621.63080867473,363621.63080867473,100.0
Myanmar,MMR,2060,LDV,Electric,RAS,381978.8837223989,381978.8837223989,100.0
Myanmar,MMR,2006,LDV,Electric,historical,0.0,12527.952191240069,0.0
Myanmar,MMR,2006,LDV,Gasoline,historical,5018.699527473515,12527.952191240069,40.060015003750934
Myanmar,MMR,2006,LDV,HybridDiesel,historical,6262.801306404802,12527.952191240069,49.99062265566392
Myanmar,MMR,2006,LDV,NaturalGas,historical,1246.451357361751,12527.952191240069,9.949362340585147
Myanmar,MMR,2007,LDV,Electric,historical,0.0,12903.790756977272,0.0
Myanmar,MMR,2007,LDV,Gasoline,historical,5169.260513297722,12903.790756977272,40.06001500375094
Myanmar,MMR,2007,LDV,HybridDiesel,historical,6450.685345596947,12903.790756977272,49.99062265566392
Myanmar,MMR,2007,LDV,NaturalGas,historical,1283.8448980826038,12903.790756977272,9.949362340585147
Myanmar,MMR,2008,LDV,Electric,historical,0.0,13290.90447968659,0.0
Myanmar,MMR,2008,LDV,Gasoline,historical,5324.338328696654,13290.90447968659,40.06001500375094
Myanmar,MMR,2008,LDV,HybridDiesel,historical,6644.2059059648545,13290.90447968659,49.99062265566391
Myanmar,MMR,2008,LDV,NaturalGas,historical,1322.3602450250817,13290.90447968659,9.949362340585147
Myanmar,MMR,2009,LDV,Electric,historical,0.0,13689.631614077189,0.0
Myanmar,MMR,2009,LDV,Gasoline,historical,5484.068478557553,13689.631614077189,40.06001500375094
Myanmar,MMR,2009,LDV,HybridDiesel,historical,6843.532083143801,13689.631614077189,49.99062265566392
Myanmar,MMR,2009,LDV,NaturalGas,historical,1362.0310523758344,13689.631614077189,9.949362340585148
Myanmar,MMR,2010,LDV,Electric,historical,0.0,14100.320562499504,0.0
Myanmar,MMR,2010,LDV,Gasoline,historical,5648.59053291428,14100.320562499504,40.06001500375094
Myanmar,MMR,2010,LDV,HybridDiesel,historical,7048.838045638115,14100.320562499504,49.99062265566392
Myanmar,MMR,2010,LDV,NaturalGas,historical,1402.8919839471093,14100.320562499504,9.949362340585145
Myanmar,MMR,2011,LDV,Electric,historical,0.0,14523.33017937449,0.0
Myanmar,MMR,2011,LDV,Gasoline,historical,5818.048248901709,14523.33017937449,40.060015003750934
Myanmar,MMR,2011,LDV,HybridDiesel,historical,7260.303187007258,14523.33017937449,49.99062265566391
Myanmar,MMR,2011,LDV,NaturalGas,historical,1444.9787434655227,14523.33017937449,9.949362340585147
Myanmar,MMR,2012,LDV,Electric,historical,0.0,14959.030084755726,0.0
Myanmar,MMR,2012,LDV,Gasoline,historical,5992.58969636876,14959.030084755726,40.060015003750934
Myanmar,MMR,2012,LDV,HybridDiesel,historical,7478.112282617477,14959.030084755726,49.99062265566392
Myanmar,MMR,2012,LDV,NaturalGas,historical,1488.3281057694885,14959.030084755726,9.949362340585147
Myanmar,MMR,2013,LDV,Electric,historical,0.0,15407.800987298397,0.0
Myanmar,MMR,2013,LDV,Gasoline,historical,6172.367387259823,15407.800987298397,40.060015003750934
Myanmar,MMR,2013,LDV,HybridDiesel,historical,7702.455651096001,15407.800987298397,49.99062265566391
Myanmar,MMR,2013,LDV,NaturalGas,historical,1532.977948942573,15407.800987298397,9.949362340585147
Myanmar,MMR,2014,LDV,Electric,historical,0.0,15870.03501691735,0.0
Myanmar,MMR,2014,LDV,Gasoline,historical,6357.538408877618,15870.03501691735,40.060015003750934
Myanmar,MMR,2014,LDV,HybridDiesel,historical,7933.529320628882,15870.03501691735,49.99062265566391
Myanmar,MMR,2014,LDV,NaturalGas,historical,1578.9672874108503,15870.03501691735,9.949362340585147
Myanmar,MMR,2015,LDV,Electric,historical,0.0,16346.13606742487,0.0
Myanmar,MMR,2015,LDV,Gasoline,historical,6548.264561143947,16346.13606742487,40.06001500375094
Myanmar,MMR,2015,LDV,HybridDiesel,historical,8171.5352002477475,16346.13606742487,49.99062265566391
Myanmar,MMR,2015,LDV,NaturalGas,historical,1626.3363060331758,16346.13606742487,9.949362340585147
Myanmar,MMR,2016,LDV,Electric,historical,0.0,16836.520149447617,0.0
Myanmar,MMR,2016,LDV,Gasoline,historical,6744.712497978265,16836.520149447617,40.06001500375094
Myanmar,MMR,2016,LDV,HybridDiesel,historical,8416.68125625518,16836.520149447617,49.99062265566391
Myanmar,MMR,2016,LDV,NaturalGas,historical,1675.1263952141712,16836.520149447617,9.949362340585147
Myanmar,MMR,2017,LDV,Electric,historical,0.0,17341.615753931044,0.0
Myanmar,MMR,2017,LDV,Gasoline,historical,6947.053872917613,17341.615753931044,40.06001500375094
Myanmar,MMR,2017,LDV,HybridDiesel,historical,8669.181693942835,17341.615753931044,49.99062265566392
Myanmar,MMR,2017,LDV,NaturalGas,historical,1725.3801870705963,17341.615753931044,9.949362340585148
Myanmar,MMR,2018,LDV,Electric,historical,1.0,17862.86422654898,0.005598206353232721
Myanmar,MMR,2018,LDV,Gasoline,historical,7155.465489105142,17862.86422654898,40.05777236144589
Myanmar,MMR,2018,LDV,HybridDiesel,historical,8929.257144761123,17862.86422654898,49.987824077450384
Myanmar,MMR,2018,LDV,NaturalGas,historical,1777.1415926827144,17862.86422654898,9.948805354750489
Myanmar,MMR,2019,LDV,Electric,historical,2.0,18399.720153345446,0.010869730535745996
Myanmar,MMR,2019,LDV,Gasoline,historical,7370.129453778297,18399.720153345446,40.05566058806746
Myanmar,MMR,2019,LDV,HybridDiesel,historical,9197.134859103955,18399.720153345446,49.985188809688104
Myanmar,MMR,2019,LDV,NaturalGas,historical,1830.455840463196,18399.720153345446,9.9482808717087
Myanmar,MMR,2020,LDV,Electric,historical,3.0,18952.65175794581,0.01582891955339318
Myanmar,MMR,2020,LDV,Gasoline,historical,7591.233337391645,18952.65175794581,40.05367393620292
Myanmar,MMR,2020,LDV,HybridDiesel,historical,9473.048904877074,18952.65175794581,49.98270968021952
Myanmar,MMR,2020,LDV,NaturalGas,historical,1885.3695156770916,18952.65175794581,9.94778746402418
Myanmar,MMR,2021,LDV,Electric,historical,4.0,19522.141310684186,0.020489555609408776
Myanmar,MMR,2021,LDV,Gasoline,historical,7818.970337513395,19522.141310684186,40.05180688469961
Myanmar,MMR,2021,LDV,HybridDiesel,historical,9757.240372023387,19522.141310684186,49.98037979923539
Myanmar,MMR,2021,LDV,NaturalGas,historical,1941.9306011474046,19522.141310684186,9.94732376045559
Myanmar,MMR,2022,LDV,Electric,historical,5.0,20108.685550004713,0.0248648773564358
Myanmar,MMR,2022,LDV,Gasoline,historical,8053.539447638797,20108.685550004713,40.05005413015129
Myanmar,MMR,2022,LDV,HybridDiesel,historical,10049.95758318409,20108.685550004713,49.97819254865087
Myanmar,MMR,2022,LDV,NaturalGas,historical,2000.188519181827,20108.685550004713,9.946888443841413
Myanmar,MMR,2023,LDV,Electric,historical,6.0,20712.796116504855,0.028967600348361173
Myanmar,MMR,2023,LDV,Gasoline,historical,8295.14563106796,20712.796116504855,40.04841057870515
Myanmar,MMR,2023,LDV,HybridDiesel,historical,10351.456310679612,20712.796116504855,49.97614157188137
Myanmar,MMR,2023,LDV,NaturalGas,historical,2060.1941747572814,20712.796116504855,9.946480249065115
Myanmar,MMR,2024,LDV,Electric,historical,7.0,21335.0,0.032809936723693464
Myanmar,MMR,2024,LDV,Gasoline,historical,8544.0,21335.0,40.04687133817671
Myanmar,MMR,2024,LDV,HybridDiesel,historical,10662.0,21335.0,49.974220764002816
Myanmar,MMR,2024,LDV,NaturalGas,historical,2122.0,21335.0,9.94609796109679
Myanmar,MMR,2025,Truck,Diesel,ATS,131234.92686899178,131234.92686899178,100.0
Myanmar,MMR,2026,Truck,Diesel,ATS,28233.244277028483,28233.244277028483,100.0
Myanmar,MMR,2027,Truck,Diesel,ATS,29308.224198781536,29308.224198781536,100.0
Myanmar,MMR,2028,Truck,Diesel,ATS,30065.553815220424,30065.553815220424,100.0
Myanmar,MMR,2029,Truck,Diesel,ATS,30746.72763765737,30746.72763765737,100.0
Myanmar,MMR,2030,Truck,Diesel,ATS,29239.746461500312,29239.746461500312,100.0
Myanmar,MMR,2031,Truck,Diesel,ATS,31883.294174577284,31883.294174577284,100.0
Myanmar,MMR,2032,Truck,Diesel,ATS,40796.17110695434,40796.17110695434,100.0
Myanmar,MMR,2033,Truck,Diesel,ATS,42042.319721110456,42042.319721110456,100.0
Myanmar,MMR,2034,Truck,Diesel,ATS,45340.89663755358,45340.89663755358,100.0
Myanmar,MMR,2035,Truck,Diesel,ATS,52706.39986195695,52706.39986195695,100.0
Myanmar,MMR,2036,Truck,Diesel,ATS,53609.877729411004,53609.877729411004,100.0
Myanmar,MMR,2037,Truck,Diesel,ATS,56516.63523096475,56516.63523096475,100.0
Myanmar,MMR,2038,Truck,Diesel,ATS,59568.54128553113,59568.54128553113,100.0
Myanmar,MMR,2039,Truck,Diesel,ATS,61696.38130335766,61696.38130335766,100.0
Myanmar,MMR,2040,Truck,Diesel,ATS,64870.985090830945,64870.985090830945,100.0
Myanmar,MMR,2041,Truck,Diesel,ATS,67883.52561234299,67883.52561234299,100.0
Myanmar,MMR,2042,Truck,Diesel,ATS,70934.7212501961,70934.7212501961,100.0
Myanmar,MMR,2043,Truck,Diesel,ATS,70670.46518147353,70670.46518147353,100.0
Myanmar,MMR,2044,Truck,Diesel,ATS,72723.42743152694,72723.42743152694,100.0
Myanmar,MMR,2045,Truck,Diesel,ATS,75243.71985994221,75243.71985994221,100.0
Myanmar,MMR,2046,Truck,Diesel,ATS,79473.29332639731,79473.29332639731,100.0
Myanmar,MMR,2047,Truck,Diesel,ATS,80691.72284399578,80691.72284399578,100.0
Myanmar,MMR,2048,Truck,Diesel,ATS,83970.14199861186,83970.14199861186,100.0
Myanmar,MMR,2049,Truck,Diesel,ATS,87789.49438397307,87789.49438397307,100.0
Myanmar,MMR,2050,Truck,Diesel,ATS,91455.6237352133,91455.6237352133,100.0
Myanmar,MMR,2051,Truck,Diesel,ATS,94226.11613964674,94226.11613964674,100.0
Myanmar,MMR,2052,Truck,Diesel,ATS,98359.6335138547,98359.6335138547,100.0
Myanmar,MMR,2053,Truck,Diesel,ATS,102172.6152385606,102172.6152385606,100.0
Myanmar,MMR,2054,Truck,Diesel,ATS,105894.94099850021,105894.94099850021,100.0
Myanmar,MMR,2055,Truck,Diesel,ATS,109471.4874648212,109471.4874648212,100.0
Myanmar,MMR,2056,Truck,Diesel,ATS,113092.12217685627,113092.12217685627,100.0
Myanmar,MMR,2057,Truck,Diesel,ATS,116396.12273150729,116396.12273150729,100.0
Myanmar,MMR,2058,Truck,Diesel,ATS,120045.68214029586,120045.68214029586,100.0
Myanmar,MMR,2059,Truck,Diesel,ATS,123386.92145334999,123386.92145334999,100.0
Myanmar,MMR,2060,Truck,Diesel,ATS,126993.30433823192,126993.30433823192,100.0
Myanmar,MMR,2025,Truck,Diesel,BAS,131234.92686899178,131234.92686899178,100.0
Myanmar,MMR,2026,Truck,Diesel,BAS,28233.244277028483,28233.244277028483,100.0
Myanmar,MMR,2027,Truck,Diesel,BAS,29308.224198781536,29308.224198781536,100.0
Myanmar,MMR,2028,Truck,Diesel,BAS,30065.553815220424,30065.553815220424,100.0
Myanmar,MMR,2029,Truck,Diesel,BAS,30746.72763765737,30746.72763765737,100.0
Myanmar,MMR,2030,Truck,Diesel,BAS,29239.746461500312,29239.746461500312,100.0
Myanmar,MMR,2031,Truck,Diesel,BAS,31883.294174577284,31883.294174577284,100.0
Myanmar,MMR,2032,Truck,Diesel,BAS,40796.17110695434,40796.17110695434,100.0
Myanmar,MMR,2033,Truck,Diesel,BAS,42042.319721110456,42042.319721110456,100.0
Myanmar,MMR,2034,Truck,Diesel,BAS,45340.89663755358,45340.89663755358,100.0
Myanmar,MMR,2035,Truck,Diesel,BAS,52706.39986195695,52706.39986195695,100.0
Myanmar,MMR,2036,Truck,Diesel,BAS,53609.877729411004,53609.877729411004,100.0
Myanmar,MMR,2037,Truck,Diesel,BAS,56516.63523096475,56516.63523096475,100.0
Myanmar,MMR,2038,Truck,Diesel,BAS,59568.54128553113,59568.54128553113,100.0
Myanmar,MMR,2039,Truck,Diesel,BAS,61696.38130335766,61696.38130335766,100.0
Myanmar,MMR,2040,Truck,Diesel,BAS,64870.985090830945,64870.985090830945,100.0
Myanmar,MMR,2041,Truck,Diesel,BAS,67883.52561234299,67883.52561234299,100.0
Myanmar,MMR,2042,Truck,Diesel,BAS,70934.7212501961,70934.7212501961,100.0
Myanmar,MMR,2043,Truck,Diesel,BAS,70670.46518147353,70670.46518147353,100.0
Myanmar,MMR,2044,Truck,Diesel,BAS,72723.42743152694,72723.42743152694,100.0
Myanmar,MMR,2045,Truck,Diesel,BAS,75243.71985994221,75243.71985994221,100.0
Myanmar,MMR,2046,Truck,Diesel,BAS,79473.29332639731,79473.29332639731,100.0
Myanmar,MMR,2047,Truck,Diesel,BAS,80691.72284399578,80691.72284399578,100.0
Myanmar,MMR,2048,Truck,Diesel,BAS,83970.14199861186,83970.14199861186,100.0
Myanmar,MMR,2049,Truck,Diesel,BAS,87789.49438397307,87789.49438397307,100.0
Myanmar,MMR,2050,Truck,Diesel,BAS,91455.6237352133,91455.6237352133,100.0
Myanmar,MMR,2051,Truck,Diesel,BAS,94226.11613964674,94226.11613964674,100.0
Myanmar,MMR,2052,Truck,Diesel,BAS,98359.6335138547,98359.6335138547,100.0
Myanmar,MMR,2053,Truck,Diesel,BAS,102172.6152385606,102172.6152385606,100.0
Myanmar,MMR,2054,Truck,Diesel,BAS,105894.94099850021,105894.94099850021,100.0
Myanmar,MMR,2055,Truck,Diesel,BAS,109471.4874648212,109471.4874648212,100.0
Myanmar,MMR,2056,Truck,Diesel,BAS,113092.12217685627,113092.12217685627,100.0
Myanmar,MMR,2057,Truck,Diesel,BAS,116396.12273150729,116396.12273150729,100.0
Myanmar,MMR,2058,Truck,Diesel,BAS,120045.68214029586,120045.68214029586,100.0
Myanmar,MMR,2059,Truck,Diesel,BAS,123386.92145334999,123386.92145334999,100.0
Myanmar,MMR,2060,Truck,Diesel,BAS,126993.30433823192,126993.30433823192,100.0
Myanmar,MMR,2025,Truck,Diesel,RAS,131234.92686899178,131234.92686899178,100.0
Myanmar,MMR,2026,Truck,Diesel,RAS,28200.330972566575,28233.244277028483,99.88342358342187
Myanmar,MMR,2026,Truck,Electric,RAS,32.91330446190915,28233.244277028483,0.1165764165781278
Myanmar,MMR,2027,Truck,Diesel,RAS,29235.278363899753,29308.224198781536,99.75110796755536
Myanmar,MMR,2027,Truck,Electric,RAS,72.9458348817815,29308.224198781536,0.24889203244464791
Myanmar,MMR,2028,Truck,Diesel,RAS,29945.725726199293,30065.553815220424,99.60144393229015
Myanmar,MMR,2028,Truck,Electric,RAS,119.82808902113403,30065.553815220424,0.3985560677098591
Myanmar,MMR,2029,Truck,Diesel,RAS,30572.336554465135,30746.72763765737,99.43281416725905
Myanmar,MMR,2029,Truck,Electric,RAS,174.39108319224067,30746.72763765737,0.5671858327409561
Myanmar,MMR,2030,Truck,Diesel,RAS,29018.590499757847,29239.746461500312,99.24364610331469
Myanmar,MMR,2030,Truck,Electric,RAS,221.1559617424649,29239.746461500312,0.7563538966853177
Myanmar,MMR,2031,Truck,Diesel,RAS,31574.81649808997,31883.294174577284,99.0324786554418
Myanmar,MMR,2031,Truck,Electric,RAS,308.47767648731406,31883.294174577284,0.9675213445581927
Myanmar,MMR,2032,Truck,Diesel,RAS,40305.81856654821,40796.17110695434,98.79804274003905
Myanmar,MMR,2032,Truck,Electric,RAS,490.35254040613006,40796.17110695434,1.2019572599609523
Myanmar,MMR,2033,Truck,Diesel,RAS,41428.230223196646,42042.319721110456,98.53935391294438
Myanmar,MMR,2033,Truck,Electric,RAS,614.0894979138109,42042.319721110456,1.4606460870556146
Myanmar,MMR,2034,Truck,Diesel,RAS,44550.06683774967,45340.89663755358,98.25581349631072
Myanmar,MMR,2034,Truck,Electric,RAS,790.829799803912,45340.89663755358,1.7441865036892708
Myanmar,MMR,2035,Truck,Diesel,RAS,51624.50204801379,52706.39986195695,97.94731224903096
Myanmar,MMR,2035,Truck,Electric,RAS,1081.8978139431517,52706.39986195695,2.0526877509690373
Myanmar,MMR,2036,Truck,Diesel,RAS,52330.9220263484,53609.877729411004,97.61432825958312
Myanmar,MMR,2036,Truck,Electric,RAS,1278.9557030626,53609.877729411004,2.3856717404168784
Myanmar,MMR,2037,Truck,Diesel,RAS,54966.95402685188,56516.63523096475,97.25800873003173
Myanmar,MMR,2037,Truck,Electric,RAS,1549.681204112863,56516.63523096475,2.7419912699682665
Myanmar,MMR,2038,Truck,Diesel,RAS,57710.13636271109,59568.54128553113,96.88022422118395
Myanmar,MMR,2038,Truck,Electric,RAS,1858.4049228200402,59568.54128553113,3.119775778816052
Myanmar,MMR,2039,Truck,Diesel,RAS,59526.880067682956,61696.38130335766,96.48358430455201
Myanmar,MMR,2039,Truck,Electric,RAS,2169.5012356747043,61696.38130335766,3.5164156954479844
Myanmar,MMR,2040,Truck,Diesel,RAS,62322.46735771307,64870.985090830945,96.07140583798828
Myanmar,MMR,2040,Truck,Electric,RAS,2548.5177331178797,64870.985090830945,3.9285941620117235
Myanmar,MMR,2041,Truck,Diesel,RAS,64928.98296332564,67883.52561234299,95.64762934398897
Myanmar,MMR,2041,Truck,Electric,RAS,2954.5426490173504,67883.52561234299,4.352370656011034
Myanmar,MMR,2042,Truck,Diesel,RAS,67541.68998043456,70934.7212501961,95.21668484775759
Myanmar,MMR,2042,Truck,Electric,RAS,3393.0312697615454,70934.7212501961,4.783315152242408
Myanmar,MMR,2043,Truck,Diesel,RAS,66983.8097325118,70670.46518147353,94.78331515224241
Myanmar,MMR,2043,Truck,Electric,RAS,3686.655448961734,70670.46518147353,5.216684847757591
Myanmar,MMR,2044,Truck,Diesel,RAS,68616.2778039495,72723.42743152694,94.35237065601103
Myanmar,MMR,2044,Truck,Electric,RAS,4107.149627577437,72723.42743152694,5.647629343988966
Myanmar,MMR,2045,Truck,Diesel,RAS,70675.36825964614,75243.71985994221,93.92859416201172
Myanmar,MMR,2045,Truck,Electric,RAS,4568.351600296076,75243.71985994221,6.0714058379882765
Myanmar,MMR,2046,Truck,Diesel,RAS,74320.57535397643,79473.29332639731,93.51641569544799
Myanmar,MMR,2046,Truck,Electric,RAS,5152.717972420881,79473.29332639731,6.483584304552016
Myanmar,MMR,2047,Truck,Diesel,RAS,75139.95138439257,80691.72284399578,93.11977577881605
Myanmar,MMR,2047,Truck,Electric,RAS,5551.771459603219,80691.72284399578,6.880224221183949
Myanmar,MMR,2048,Truck,Diesel,RAS,77875.58176173257,83970.14199861186,92.74199126996827
Myanmar,MMR,2048,Truck,Electric,RAS,6094.560236879291,83970.14199861186,7.258008730031733
Myanmar,MMR,2049,Truck,Diesel,RAS,81104.91410414908,87789.49438397307,92.38567174041688
Myanmar,MMR,2049,Truck,Electric,RAS,6684.580279823999,87789.49438397307,7.6143282595831225
Myanmar,MMR,2050,Truck,Diesel,RAS,84187.35974767704,91455.6237352133,92.05268775096904
Myanmar,MMR,2050,Truck,Electric,RAS,7268.263987536276,91455.6237352133,7.947312249030963
Myanmar,MMR,2051,Truck,Diesel,RAS,86446.98372634036,94226.11613964674,91.74418650368928
Myanmar,MMR,2051,Truck,Electric,RAS,7779.132413306377,94226.11613964674,8.25581349631073
Myanmar,MMR,2052,Truck,Diesel,RAS,89960.3563006316,98359.6335138547,91.46064608705562
Myanmar,MMR,2052,Truck,Electric,RAS,8399.27721322311,98359.6335138547,8.539353912944387
Myanmar,MMR,2053,Truck,Diesel,RAS,93183.4248812564,102172.6152385606,91.20195725996096
Myanmar,MMR,2053,Truck,Electric,RAS,8989.19035730421,102172.6152385606,8.798042740039048
Myanmar,MMR,2054,Truck,Diesel,RAS,96330.003055618,105894.94099850021,90.9675213445582
Myanmar,MMR,2054,Truck,Electric,RAS,9564.937942882227,105894.94099850021,9.032478655441807
Myanmar,MMR,2055,Truck,Diesel,RAS,99352.33057953864,109471.4874648212,90.75635389668533
Myanmar,MMR,2055,Truck,Electric,RAS,10119.156885282566,109471.4874648212,9.243646103314681
Myanmar,MMR,2056,Truck,Diesel,RAS,102424.35245410385,113092.12217685627,90.56718583274095
Myanmar,MMR,2056,Truck,Electric,RAS,10667.7697227524,113092.12217685627,9.43281416725904
Myanmar,MMR,2057,Truck,Diesel,RAS,105220.414268082,116396.12273150729,90.39855606770986
Myanmar,MMR,2057,Truck,Electric,RAS,11175.708463425293,116396.12273150729,9.601443932290142
Myanmar,MMR,2058,Truck,Diesel,RAS,108339.8980644073,120045.68214029586,90.24889203244464
Myanmar,MMR,2058,Truck,Electric,RAS,11705.784075888563,120045.68214029586,9.751107967555352
Myanmar,MMR,2059,Truck,Diesel,RAS,111192.06935957138,123386.92145334999,90.11657641657813
Myanmar,MMR,2059,Truck,Electric,RAS,12194.852093778614,123386.92145334999,9.883423583421871
Myanmar,MMR,2060,Truck,Diesel,RAS,114293.97390440873,126993.30433823192,90.0
Myanmar,MMR,2060,Truck,Electric,RAS,12699.330433823192,126993.30433823192,10.0
Myanmar,MMR,2006,Truck,Gasoline,historical,1489.0,14894.0,9.997314354773735
Myanmar,MMR,2006,Truck,HybridDiesel,historical,10426.0,14894.0,70.00134282261314
Myanmar,MMR,2006,Truck,NaturalGas,historical,2979.0,14894.0,20.001342822613132
Myanmar,MMR,2007,Truck,Gasoline,historical,1556.0,15565.0,9.996787664632187
Myanmar,MMR,2007,Truck,HybridDiesel,historical,10896.0,15565.0,70.0032123353678
Myanmar,MMR,2007,Truck,NaturalGas,historical,3113.0,15565.0,20.0
Myanmar,MMR,2008,Truck,Gasoline,historical,1623.0,16232.0,9.998767865943815
Myanmar,MMR,2008,Truck,HybridDiesel,historical,11363.0,16232.0,70.00369640216856
Myanmar,MMR,2008,Truck,NaturalGas,historical,3246.0,16232.0,19.99753573188763
Myanmar,MMR,2009,Truck,Gasoline,historical,1688.0,16886.0,9.996446760630107
Myanmar,MMR,2009,Truck,HybridDiesel,historical,11821.0,16886.0,70.00473765249319
Myanmar,MMR,2009,Truck,NaturalGas,historical,3377.0,16886.0,19.998815586876702
Myanmar,MMR,2010,Truck,Gasoline,historical,1752.0,17521.0,9.999429256320987
Myanmar,MMR,2010,Truck,HybridDiesel,historical,12265.0,17521.0,70.00171223103705
Myanmar,MMR,2010,Truck,NaturalGas,historical,3504.0,17521.0,19.998858512641974
Myanmar,MMR,2011,Truck,Gasoline,historical,1812.0,18126.0,9.996689837802052
Myanmar,MMR,2011,Truck,HybridDiesel,historical,12689.0,18126.0,70.00441354959726
Myanmar,MMR,2011,Truck,NaturalGas,historical,3625.0,18126.0,19.998896612600685
Myanmar,MMR,2012,Truck,Gasoline,historical,1869.0,18692.0,9.998930023539483
Myanmar,MMR,2012,Truck,HybridDiesel,historical,13085.0,18692.0,70.00320992938155
Myanmar,MMR,2012,Truck,NaturalGas,historical,3738.0,18692.0,19.997860047078966
Myanmar,MMR,2013,Truck,Gasoline,historical,1920.0,19203.0,9.998437744102484
Myanmar,MMR,2013,Truck,HybridDiesel,historical,13443.0,19203.0,70.00468676769255
Myanmar,MMR,2013,Truck,NaturalGas,historical,3840.0,19203.0,19.996875488204967
Myanmar,MMR,2014,Truck,Gasoline,historical,1964.0,19647.0,9.996437115081182
Myanmar,MMR,2014,Truck,HybridDiesel,historical,13754.0,19647.0,70.00559881915814
Myanmar,MMR,2014,Truck,NaturalGas,historical,3929.0,19647.0,19.997964065760677
Myanmar,MMR,2015,Truck,Gasoline,historical,2000.0,20005.0,9.99750062484379
Myanmar,MMR,2015,Truck,HybridDiesel,historical,14004.0,20005.0,70.0024993751562
Myanmar,MMR,2015,Truck,NaturalGas,historical,4001.0,20005.0,20.0
Myanmar,MMR,2016,Truck,Gasoline,historical,2025.0,20257.0,9.996544404403416
Myanmar,MMR,2016,Truck,HybridDiesel,historical,14181.0,20257.0,70.00543022165178
Myanmar,MMR,2016,Truck,NaturalGas,historical,4051.0,20257.0,19.99802537394481
Myanmar,MMR,2017,Truck,Gasoline,historical,1658.7066831404413,16578.122824779635,10.005395065966944
Myanmar,MMR,2017,Truck,HybridDiesel,historical,11602.815866869656,16578.122824779635,69.98871940752366
Myanmar,MMR,2017,Truck,NaturalGas,historical,3316.6002747695393,16578.122824779635,20.005885526509392
Myanmar,MMR,2018,Truck,Gasoline,historical,1708.4678836346548,17075.466509523027,10.005395065966944
Myanmar,MMR,2018,Truck,HybridDiesel,historical,11950.900342875746,17075.466509523027,69.98871940752367
Myanmar,MMR,2018,Truck,NaturalGas,historical,3416.098283012626,17075.466509523027,20.005885526509392
Myanmar,MMR,2019,Truck,Gasoline,historical,1759.7219201436944,17587.73050480872,10.005395065966944
Myanmar,MMR,2019,Truck,HybridDiesel,historical,12309.42735316202,17587.73050480872,69.98871940752367
Myanmar,MMR,2019,Truck,NaturalGas,historical,3518.581231503005,17587.73050480872,20.005885526509392
Myanmar,MMR,2020,Truck,Gasoline,historical,1812.5135777480052,18115.362419952977,10.005395065966946
Myanmar,MMR,2020,Truck,HybridDiesel,historical,12678.71017375688,18115.362419952977,69.98871940752367
Myanmar,MMR,2020,Truck,NaturalGas,historical,3624.1386684480944,18115.362419952977,20.005885526509392
Myanmar,MMR,2021,Truck,Gasoline,historical,1866.8889850804455,18658.82329255157,10.005395065966942
Myanmar,MMR,2021,Truck,HybridDiesel,historical,13059.071478969587,18658.82329255157,69.98871940752367
Myanmar,MMR,2021,Truck,NaturalGas,historical,3732.862828501538,18658.82329255157,20.005885526509395
Myanmar,MMR,2022,Truck,Gasoline,historical,1922.895654632859,19218.587991328117,10.005395065966944
Myanmar,MMR,2022,Truck,HybridDiesel,historical,13450.843623338675,19218.587991328117,69.98871940752366
Myanmar,MMR,2022,Truck,NaturalGas,historical,3844.848713356584,19218.587991328117,20.005885526509395
Myanmar,MMR,2023,Truck,Gasoline,historical,1980.5825242718447,19795.14563106796,10.005395065966942
Myanmar,MMR,2023,Truck,HybridDiesel,historical,13854.368932038835,19795.14563106796,69.98871940752366
Myanmar,MMR,2023,Truck,NaturalGas,historical,3960.1941747572814,19795.14563106796,20.005885526509392
Myanmar,MMR,2024,Truck,Gasoline,historical,2040.0,20389.0,10.005395065966942
Myanmar,MMR,2024,Truck,HybridDiesel,historical,14270.0,20389.0,69.98871940752366
Myanmar,MMR,2024,Truck,NaturalGas,historical,4079.0,20389.0,20.005885526509392
Philippines,PHL,2025,2W,Electric,ATS,55.82207442870862,5076842.228485702,0.0010995432183315845
Philippines,PHL,2025,2W,Gasoline,ATS,5076786.406411273,5076842.228485702,99.99890045678167
Philippines,PHL,2026,2W,Electric,ATS,17055.83906050674,1214660.2457747199,1.4041654133192112
Philippines,PHL,2026,2W,Gasoline,ATS,1197604.406714213,1214660.2457747199,98.59583458668078
Philippines,PHL,2027,2W,Electric,ATS,38049.97656852029,1325879.9553413484,2.869790467472925
Philippines,PHL,2027,2W,Gasoline,ATS,1287829.9787728281,1325879.9553413484,97.13020953252708
Philippines,PHL,2028,2W,Electric,ATS,62000.43991293701,1413989.1096880138,4.384789068610079
Philippines,PHL,2028,2W,Gasoline,ATS,1351988.669775077,1413989.1096880138,95.61521093138992
Philippines,PHL,2029,2W,Electric,ATS,90029.5225115536,1517196.6039902195,5.933939100231071
Philippines,PHL,2029,2W,Gasoline,ATS,1427167.081478666,1517196.6039902195,94.06606089976893
Philippines,PHL,2030,2W,Electric,ATS,97364.92855669255,1298103.8926671091,7.500549771609166
Philippines,PHL,2030,2W,Gasoline,ATS,1200738.9641104166,1298103.8926671091,92.49945022839083
Philippines,PHL,2031,2W,Electric,ATS,122756.6284501536,1353859.6699818652,9.067160442987264
Philippines,PHL,2031,2W,Gasoline,ATS,1231103.0415317116,1353859.6699818652,90.93283955701274
Philippines,PHL,2032,2W,Electric,ATS,167331.1519473336,1576170.4817087892,10.616310474608257
Philippines,PHL,2032,2W,Gasoline,ATS,1408839.3297614555,1576170.4817087892,89.38368952539174
Philippines,PHL,2033,2W,Electric,ATS,168421.6268120298,1388321.9507510662,12.13130907574541
Philippines,PHL,2033,2W,Gasoline,ATS,1219900.3239390363,1388321.9507510662,87.8686909242546
Philippines,PHL,2034,2W,Electric,ATS,229669.28138326504,1689125.498359453,13.596934129899118
Philippines,PHL,2034,2W,Gasoline,ATS,1459456.216976188,1689125.498359453,86.40306587010087
Philippines,PHL,2035,2W,Electric,ATS,264026.89624265244,1760179.3082843497,15.0
Philippines,PHL,2035,2W,Gasoline,ATS,1496152.4120416972,1760179.3082843497,85.0
Philippines,PHL,2036,2W,Electric,ATS,318986.569270813,1953407.0926112868,16.329753817182898
Philippines,PHL,2036,2W,Gasoline,ATS,1634420.5233404737,1953407.0926112868,83.6702461828171
Philippines,PHL,2037,2W,Electric,ATS,359052.0406761999,2042611.9946948849,17.578083434775547
Philippines,PHL,2037,2W,Gasoline,ATS,1683559.9540186848,2042611.9946948849,82.42191656522445
Philippines,PHL,2038,2W,Electric,ATS,401129.69981583935,2140552.1595740877,18.739543347341435
Philippines,PHL,2038,2W,Gasoline,ATS,1739422.4597582484,2140552.1595740877,81.26045665265856
Philippines,PHL,2039,2W,Electric,ATS,466204.6952594269,2353235.2502030022,19.811223515337435
Philippines,PHL,2039,2W,Gasoline,ATS,1887030.5549435755,2353235.2502030022,80.18877648466257
Philippines,PHL,2040,2W,Electric,ATS,474564.9196229947,2282385.3177229725,20.792497916015584
Philippines,PHL,2040,2W,Gasoline,ATS,1807820.3980999778,2282385.3177229725,79.20750208398442
Philippines,PHL,2041,2W,Electric,ATS,537860.4011829215,2480368.843313813,21.68469429991433
Philippines,PHL,2041,2W,Gasoline,ATS,1942508.4421308918,2480368.843313813,78.31530570008567
Philippines,PHL,2042,2W,Electric,ATS,569118.6522064764,2530459.3339980543,22.490725085365632
Philippines,PHL,2042,2W,Gasoline,ATS,1961340.681791578,2530459.3339980543,77.50927491463437
Philippines,PHL,2043,2W,Electric,ATS,566435.7530644956,2439985.9798843525,23.214713434187146
Philippines,PHL,2043,2W,Gasoline,ATS,1873550.226819857,2439985.9798843525,76.78528656581285
Philippines,PHL,2044,2W,Electric,ATS,583256.74552943,2444327.9509243816,23.861640387037973
Philippines,PHL,2044,2W,Gasoline,ATS,1861071.2053949516,2444327.9509243816,76.13835961296202
Philippines,PHL,2045,2W,Electric,ATS,596910.2924281331,2442646.6119096316,24.437030289922937
Philippines,PHL,2045,2W,Gasoline,ATS,1845736.3194814986,2442646.6119096316,75.56296971007707
Philippines,PHL,2046,2W,Electric,ATS,610162.9697958797,2445868.0462455004,24.946683887240066
Philippines,PHL,2046,2W,Gasoline,ATS,1835705.0764496208,2445868.0462455004,75.05331611275994
Philippines,PHL,2047,2W,Electric,ATS,628503.5995080157,2474768.3239141293,25.396462102519774
Philippines,PHL,2047,2W,Gasoline,ATS,1846264.7244061138,2474768.3239141293,74.60353789748024
Philippines,PHL,2048,2W,Electric,ATS,639599.3794888055,2479824.8706607,25.792118913558483
Philippines,PHL,2048,2W,Gasoline,ATS,1840225.4911718944,2479824.8706607,74.20788108644152
Philippines,PHL,2049,2W,Electric,ATS,636901.116810572,2436576.6138069816,26.139178764235872
Philippines,PHL,2049,2W,Gasoline,ATS,1799675.4969964095,2436576.6138069816,73.86082123576413
Philippines,PHL,2050,2W,Electric,ATS,673024.6005687424,2545204.243401855,26.442852368861164
Philippines,PHL,2050,2W,Gasoline,ATS,1872179.6428331127,2545204.243401855,73.55714763113883
Philippines,PHL,2051,2W,Electric,ATS,704340.5378529625,2637190.931809984,26.707984217492825
Philippines,PHL,2051,2W,Gasoline,ATS,1932850.3939570214,2637190.931809984,73.29201578250716
Philippines,PHL,2052,2W,Electric,ATS,730887.4912661763,2713117.807367537,26.939025252845035
Philippines,PHL,2052,2W,Gasoline,ATS,1982230.316101361,2713117.807367537,73.06097474715497
Philippines,PHL,2053,2W,Electric,ATS,754346.4948917718,2779461.334133014,27.14002478207066
Philippines,PHL,2053,2W,Gasoline,ATS,2025114.8392412425,2779461.334133014,72.85997521792935
Philippines,PHL,2054,2W,Electric,ATS,775194.4133713974,2838018.4136163294,27.314636496089896
Philippines,PHL,2054,2W,Gasoline,ATS,2062824.0002449325,2838018.4136163294,72.68536350391011
Philippines,PHL,2055,2W,Electric,ATS,793937.5204732881,2890605.2467899024,27.46613434521984
Philippines,PHL,2055,2W,Gasoline,ATS,2096667.7263166143,2890605.2467899024,72.53386565478016
Philippines,PHL,2056,2W,Electric,ATS,809216.9829403098,2932218.1095713004,27.597434866760985
Philippines,PHL,2056,2W,Gasoline,ATS,2123001.1266309908,2932218.1095713004,72.40256513323902
Philippines,PHL,2057,2W,Electric,ATS,820834.1341500629,2962110.6462000534,27.71112332360274
Philippines,PHL,2057,2W,Gasoline,ATS,2141276.5120499902,2962110.6462000534,72.28887667639725
Philippines,PHL,2058,2W,Electric,ATS,829553.881124535,2982989.366819963,27.80948166801167
Philippines,PHL,2058,2W,Gasoline,ATS,2153435.4856954277,2982989.366819963,72.19051833198833
Philippines,PHL,2059,2W,Electric,ATS,834681.1023276208,2992276.6030916944,27.89451688607957
Philippines,PHL,2059,2W,Gasoline,ATS,2157595.500764074,2992276.6030916944,72.10548311392043
Philippines,PHL,2060,2W,Electric,ATS,839533.2151792329,3001764.709743634,27.96798871191118
Philippines,PHL,2060,2W,Gasoline,ATS,2162231.494564401,3001764.709743634,72.03201128808882
Philippines,PHL,2025,2W,Electric,BAS,55.82207442870862,5076842.228485702,0.0010995432183315845
Philippines,PHL,2025,2W,Gasoline,BAS,5076786.406411273,5076842.228485702,99.99890045678167
Philippines,PHL,2026,2W,Electric,BAS,20.77127074011932,1214660.2457747199,0.0017100477942184763
Philippines,PHL,2026,2W,Gasoline,BAS,1214639.4745039798,1214660.2457747199,99.9982899522058
Philippines,PHL,2027,2W,Electric,BAS,31.335128968438895,1325879.9553413484,0.002363345855120922
Philippines,PHL,2027,2W,Gasoline,BAS,1325848.62021238,1325879.9553413484,99.99763665414488
Philippines,PHL,2028,2W,Electric,BAS,43.274923831010646,1413989.1096880138,0.003060484945358521
Philippines,PHL,2028,2W,Gasoline,BAS,1413945.8347641828,1413989.1096880138,99.99693951505465
Philippines,PHL,2029,2W,Electric,BAS,57.68671080210418,1517196.6039902195,0.0038021908729816835
Philippines,PHL,2029,2W,Gasoline,BAS,1517138.9172794172,1517196.6039902195,99.99619780912701
Philippines,PHL,2030,2W,Electric,BAS,59.56754725721843,1298103.8926671091,0.004588812004471368
Philippines,PHL,2030,2W,Gasoline,BAS,1298044.3251198519,1298103.8926671091,99.99541118799553
Philippines,PHL,2031,2W,Electric,BAS,73.38278122033601,1353859.6699818652,0.0054202649541454295
Philippines,PHL,2031,2W,Gasoline,BAS,1353786.2872006448,1353859.6699818652,99.99457973504585
Philippines,PHL,2032,2W,Electric,BAS,99.23544131762563,1576170.4817087892,0.006295983998510144
Philippines,PHL,2032,2W,Gasoline,BAS,1576071.2462674717,1576170.4817087892,99.99370401600149
Philippines,PHL,2033,2W,Electric,BAS,100.16571860928568,1388321.9507510662,0.0072148768198253424
Philippines,PHL,2033,2W,Gasoline,BAS,1388221.785032457,1388321.9507510662,99.99278512318018
Philippines,PHL,2034,2W,Electric,BAS,138.0908968181832,1689125.498359453,0.008175289340685619
Philippines,PHL,2034,2W,Gasoline,BAS,1688987.4074626346,1689125.498359453,99.9918247106593
Philippines,PHL,2035,2W,Electric,BAS,161.4961419361803,1760179.3082843497,0.009174982410944877
Philippines,PHL,2035,2W,Gasoline,BAS,1760017.8121424136,1760179.3082843497,99.99082501758906
Philippines,PHL,2036,2W,Electric,BAS,199.46479924815966,1953407.0926112868,0.01021112291455428
Philippines,PHL,2036,2W,Gasoline,BAS,1953207.6278120386,1953407.0926112868,99.98978887708545
Philippines,PHL,2037,2W,Electric,BAS,230.41258627757801,2042611.9946948849,0.011280291454079898
Philippines,PHL,2037,2W,Gasoline,BAS,2042381.5821086075,2042611.9946948849,99.98871970854593
Philippines,PHL,2038,2W,Electric,BAS,264.9684233282766,2140552.1595740877,0.012378508140675168
Philippines,PHL,2038,2W,Gasoline,BAS,2140287.19115076,2140552.1595740877,99.98762149185933
Philippines,PHL,2039,2W,Electric,BAS,317.71681397760074,2353235.2502030022,0.013501277186383845
Philippines,PHL,2039,2W,Gasoline,BAS,2352917.533389025,2353235.2502030022,99.98649872281362
Philippines,PHL,2040,2W,Electric,BAS,334.2245177792714,2282385.3177229725,0.014643650008786042
Philippines,PHL,2040,2W,Gasoline,BAS,2282051.093205193,2282385.3177229725,99.98535634999122
Philippines,PHL,2041,2W,Electric,BAS,391.90585438498914,2480368.843313813,0.015800305484461596
Philippines,PHL,2041,2W,Gasoline,BAS,2479976.9374594283,2480368.843313813,99.98419969451554
Philippines,PHL,2042,2W,Electric,BAS,429.308745343282,2530459.3339980543,0.016965644915738928
Philippines,PHL,2042,2W,Gasoline,BAS,2530030.025252711,2530459.3339980543,99.98303435508427
Philippines,PHL,2043,2W,Electric,BAS,442.46457618974733,2439985.9798843525,0.018133898302592655
Philippines,PHL,2043,2W,Gasoline,BAS,2439543.515308163,2439985.9798843525,99.98186610169742
Philippines,PHL,2044,2W,Electric,BAS,471.73666224432924,2444327.9509243816,0.019299237733869986
Philippines,PHL,2044,2W,Gasoline,BAS,2443856.2142621377,2444327.9509243816,99.98070076226614
Philippines,PHL,2045,2W,Electric,BAS,499.6651824188166,2442646.6119096316,0.020455893209545543
Philippines,PHL,2045,2W,Gasoline,BAS,2442146.946727213,2442646.6119096316,99.97954410679046
Philippines,PHL,2046,2W,Electric,BAS,528.2650874185058,2445868.0462455004,0.021598266031947744
Philippines,PHL,2046,2W,Gasoline,BAS,2445339.781158082,2445868.0462455004,99.97840173396806
Philippines,PHL,2047,2W,Electric,BAS,562.2929789672592,2474768.3239141293,0.02272103507765642
Philippines,PHL,2047,2W,Gasoline,BAS,2474206.030935162,2474768.3239141293,99.97727896492235
Philippines,PHL,2048,2W,Electric,BAS,590.675729255201,2479824.8706607,0.02381925176425169
Philippines,PHL,2048,2W,Gasoline,BAS,2479234.1949314447,2479824.8706607,99.97618074823575
Philippines,PHL,2049,2W,Electric,BAS,606.4254286678263,2436576.6138069816,0.0248884203037773
Philippines,PHL,2049,2W,Gasoline,BAS,2435970.188378314,2436576.6138069816,99.97511157969623
Philippines,PHL,2050,2W,Electric,BAS,659.8330217529005,2545204.243401855,0.0259245608073867
Philippines,PHL,2050,2W,Gasoline,BAS,2544544.4103801027,2545204.243401855,99.97407543919262
Philippines,PHL,2051,2W,Electric,BAS,710.0439817187772,2637190.931809984,0.026924253877645958
Philippines,PHL,2051,2W,Gasoline,BAS,2636480.887828266,2637190.931809984,99.97307574612236
Philippines,PHL,2052,2W,Electric,BAS,756.5438495829045,2713117.807367537,0.027884666398506227
Philippines,PHL,2052,2W,Gasoline,BAS,2712361.263517954,2713117.807367537,99.97211533360148
Philippines,PHL,2053,2W,Electric,BAS,800.5837913690418,2779461.334133014,0.02880355921982144
Philippines,PHL,2053,2W,Gasoline,BAS,2778660.750341645,2779461.334133014,99.97119644078018
Philippines,PHL,2054,2W,Electric,BAS,842.3033821660317,2838018.4136163294,0.029679278264186145
Philippines,PHL,2054,2W,Gasoline,BAS,2837176.1102341637,2838018.4136163294,99.97032072173582
Philippines,PHL,2055,2W,Electric,BAS,881.9447973018076,2890605.2467899024,0.030510731213860207
Philippines,PHL,2055,2W,Gasoline,BAS,2889723.301992601,2890605.2467899024,99.96948926878613
Philippines,PHL,2056,2W,Electric,BAS,917.7066332866881,2932218.1095713004,0.0312973523453499
Philippines,PHL,2056,2W,Gasoline,BAS,2931300.402938014,2932218.1095713004,99.96870264765465
Philippines,PHL,2057,2W,Electric,BAS,949.0323560459739,2962110.6462000534,0.032039058272973056
Philippines,PHL,2057,2W,Gasoline,BAS,2961161.6138440077,2962110.6462000534,99.96796094172703
Philippines,PHL,2058,2W,Electric,BAS,976.5172864457711,2982989.366819963,0.03273619736321066
Philippines,PHL,2058,2W,Gasoline,BAS,2982012.8495335174,2982989.366819963,99.9672638026368
Philippines,PHL,2059,2W,Electric,BAS,999.1060594661084,2992276.6030916944,0.033389495424113104
Philippines,PHL,2059,2W,Gasoline,BAS,2991277.4970322284,2992276.6030916944,99.9666105045759
Philippines,PHL,2060,2W,Electric,BAS,1020.6000013128356,3001764.709743634,0.034
Philippines,PHL,2060,2W,Gasoline,BAS,3000744.1097423215,3001764.709743634,99.96600000000001
Philippines,PHL,2025,2W,Electric,RAS,55.82207442870862,5076842.228485702,0.0010995432183315845
Philippines,PHL,2025,2W,Gasoline,RAS,5076786.406411273,5076842.228485702,99.99890045678167
Philippines,PHL,2026,2W,Electric,RAS,59145.773547164375,1214660.2457747199,4.869326525907723
Philippines,PHL,2026,2W,Gasoline,RAS,1155514.4722275555,1214660.2457747199,95.13067347409228
Philippines,PHL,2027,2W,Electric,RAS,143597.4488384477,1325879.9553413484,10.830350685969792
Philippines,PHL,2027,2W,Gasoline,RAS,1182282.5065029007,1325879.9553413484,89.16964931403021
Philippines,PHL,2028,2W,Electric,RAS,253609.88341606586,1413989.1096880138,17.93577345670102
Philippines,PHL,2028,2W,Gasoline,RAS,1160379.2262719478,1413989.1096880138,82.06422654329899
Philippines,PHL,2029,2W,Electric,RAS,396576.07135923987,1517196.6039902195,26.138739720102638
Philippines,PHL,2029,2W,Gasoline,RAS,1120620.5326309798,1517196.6039902195,73.86126027989737
Philippines,PHL,2030,2W,Electric,RAS,457794.0333975722,1298103.8926671091,35.266363192007674
Philippines,PHL,2030,2W,Gasoline,RAS,840309.859269537,1298103.8926671091,64.73363680799234
Philippines,PHL,2031,2W,Electric,RAS,609452.0548885785,1353859.6699818652,45.01589554674762
Philippines,PHL,2031,2W,Gasoline,RAS,744407.6150932868,1353859.6699818652,54.98410445325239
Philippines,PHL,2032,2W,Electric,RAS,866660.554699733,1576170.4817087892,54.98520399647072
Philippines,PHL,2032,2W,Gasoline,RAS,709509.9270090564,1576170.4817087892,45.01479600352929
Philippines,PHL,2033,2W,Electric,RAS,898726.5545246874,1388321.9507510662,64.73473635121066
Philippines,PHL,2033,2W,Gasoline,RAS,489595.39622637903,1388321.9507510662,35.26526364878936
Philippines,PHL,2034,2W,Electric,RAS,1247627.9534622552,1689125.498359453,73.86235982311568
Philippines,PHL,2034,2W,Gasoline,RAS,441497.5448971979,1689125.498359453,26.137640176884325
Philippines,PHL,2035,2W,Electric,RAS,1444496.8890509561,1760179.3082843497,82.0653260865173
Philippines,PHL,2035,2W,Gasoline,RAS,315682.41923339374,1760179.3082843497,17.934673913482712
Philippines,PHL,2036,2W,Electric,RAS,1741867.7327120905,1953407.0926112868,89.17074885724851
Philippines,PHL,2036,2W,Gasoline,RAS,211539.3598991965,1953407.0926112868,10.829251142751495
Philippines,PHL,2037,2W,Electric,RAS,1943173.0064174982,2042611.9946948849,95.13177301731059
Philippines,PHL,2037,2W,Gasoline,RAS,99438.9882773869,2042611.9946948849,4.868226982689416
Philippines,PHL,2038,2W,Electric,RAS,2140552.1595740877,2140552.1595740877,100.0
Philippines,PHL,2038,2W,Gasoline,RAS,2.3764902929702544e-10,2140552.1595740877,1.1102230246251565e-14
Philippines,PHL,2039,2W,Electric,RAS,2353235.2502030022,2353235.2502030022,100.0
Philippines,PHL,2039,2W,Gasoline,RAS,2.612615957134914e-10,2353235.2502030022,1.1102230246251565e-14
Philippines,PHL,2040,2W,Electric,RAS,2282385.3177229725,2282385.3177229725,100.0
Philippines,PHL,2040,2W,Gasoline,RAS,2.5339567308024474e-10,2282385.3177229725,1.1102230246251565e-14
Philippines,PHL,2041,2W,Electric,RAS,2480368.843313813,2480368.843313813,100.0
Philippines,PHL,2041,2W,Gasoline,RAS,2.7537625994098627e-10,2480368.843313813,1.1102230246251565e-14
Philippines,PHL,2042,2W,Electric,RAS,2530459.3339980543,2530459.3339980543,100.0
Philippines,PHL,2042,2W,Gasoline,RAS,2.809374215482279e-10,2530459.3339980543,1.1102230246251565e-14
Philippines,PHL,2043,2W,Electric,RAS,2439985.9798843525,2439985.9798843525,100.0
Philippines,PHL,2043,2W,Gasoline,RAS,2.708928614630182e-10,2439985.9798843525,1.1102230246251565e-14
Philippines,PHL,2044,2W,Electric,RAS,2444327.9509243816,2444327.9509243816,100.0
Philippines,PHL,2044,2W,Gasoline,RAS,2.713749170851078e-10,2444327.9509243816,1.1102230246251565e-14
Philippines,PHL,2045,2W,Electric,RAS,2442646.6119096316,2442646.6119096316,100.0
Philippines,PHL,2045,2W,Gasoline,RAS,2.711882509564702e-10,2442646.6119096316,1.1102230246251565e-14
Philippines,PHL,2046,2W,Electric,RAS,2445868.0462455004,2445868.0462455004,100.0
Philippines,PHL,2046,2W,Gasoline,RAS,2.715459020136702e-10,2445868.0462455004,1.1102230246251565e-14
Philippines,PHL,2047,2W,Electric,RAS,2474768.3239141293,2474768.3239141293,100.0
Philippines,PHL,2047,2W,Gasoline,RAS,2.7475447738224737e-10,2474768.3239141293,1.1102230246251565e-14
Philippines,PHL,2048,2W,Electric,RAS,2479824.8706607,2479824.8706607,100.0
Philippines,PHL,2048,2W,Gasoline,RAS,2.75315866844561e-10,2479824.8706607,1.1102230246251565e-14
Philippines,PHL,2049,2W,Electric,RAS,2436576.6138069816,2436576.6138069816,100.0
Philippines,PHL,2049,2W,Gasoline,RAS,2.705143457911709e-10,2436576.6138069816,1.1102230246251565e-14
Philippines,PHL,2050,2W,Electric,RAS,2545204.243401855,2545204.243401855,100.0
Philippines,PHL,2050,2W,Gasoline,RAS,2.825744353398391e-10,2545204.243401855,1.1102230246251565e-14
Philippines,PHL,2051,2W,Electric,RAS,2637190.931809984,2637190.931809984,100.0
Philippines,PHL,2051,2W,Gasoline,RAS,2.9278700928281156e-10,2637190.931809984,1.1102230246251565e-14
Philippines,PHL,2052,2W,Electric,RAS,2713117.807367537,2713117.807367537,100.0
Philippines,PHL,2052,2W,Gasoline,RAS,3.01216585825996e-10,2713117.807367537,1.1102230246251565e-14
Philippines,PHL,2053,2W,Electric,RAS,2779461.334133014,2779461.334133014,100.0
Philippines,PHL,2053,2W,Gasoline,RAS,3.085821969209828e-10,2779461.334133014,1.1102230246251565e-14
Philippines,PHL,2054,2W,Electric,RAS,2838018.4136163294,2838018.4136163294,100.0
Philippines,PHL,2054,2W,Gasoline,RAS,3.15083338710701e-10,2838018.4136163294,1.1102230246251565e-14
Philippines,PHL,2055,2W,Electric,RAS,2890605.2467899024,2890605.2467899024,100.0
Philippines,PHL,2055,2W,Gasoline,RAS,3.2092165000884326e-10,2890605.2467899024,1.1102230246251565e-14
Philippines,PHL,2056,2W,Electric,RAS,2932218.1095713004,2932218.1095713004,100.0
Philippines,PHL,2056,2W,Gasoline,RAS,3.255416058468908e-10,2932218.1095713004,1.1102230246251565e-14
Philippines,PHL,2057,2W,Electric,RAS,2962110.6462000534,2962110.6462000534,100.0
Philippines,PHL,2057,2W,Gasoline,RAS,3.2886034408986e-10,2962110.6462000534,1.1102230246251565e-14
Philippines,PHL,2058,2W,Electric,RAS,2982989.366819963,2982989.366819963,100.0
Philippines,PHL,2058,2W,Gasoline,RAS,3.31178347725554e-10,2982989.366819963,1.1102230246251565e-14
Philippines,PHL,2059,2W,Electric,RAS,2992276.6030916944,2992276.6030916944,100.0
Philippines,PHL,2059,2W,Gasoline,RAS,3.32209438079955e-10,2992276.6030916944,1.1102230246251565e-14
Philippines,PHL,2060,2W,Electric,RAS,3001764.709743634,3001764.709743634,100.0
Philippines,PHL,2060,2W,Gasoline,RAS,3.3326282952646323e-10,3001764.709743634,1.1102230246251565e-14
Philippines,PHL,2006,2W,Electric,historical,0.0,152287.0,0.0
Philippines,PHL,2006,2W,Gasoline,historical,152287.0,152287.0,100.0
Philippines,PHL,2007,2W,Electric,historical,0.0,164938.0,0.0
Philippines,PHL,2007,2W,Gasoline,historical,164938.0,164938.0,100.0
Philippines,PHL,2008,2W,Electric,historical,0.0,178632.0,0.0
Philippines,PHL,2008,2W,Gasoline,historical,178632.0,178632.0,100.0
Philippines,PHL,2009,2W,Electric,historical,0.0,193455.0,0.0
Philippines,PHL,2009,2W,Gasoline,historical,193455.0,193455.0,100.0
Philippines,PHL,2010,2W,Electric,historical,0.0,209500.0,0.0
Philippines,PHL,2010,2W,Gasoline,historical,209500.0,209500.0,100.0
Philippines,PHL,2011,2W,Electric,historical,0.0,226867.0,0.0
Philippines,PHL,2011,2W,Gasoline,historical,226867.0,226867.0,100.0
Philippines,PHL,2012,2W,Electric,historical,0.0,245663.0,0.0
Philippines,PHL,2012,2W,Gasoline,historical,245663.0,245663.0,100.0
Philippines,PHL,2013,2W,Electric,historical,0.0,266006.0,0.0
Philippines,PHL,2013,2W,Gasoline,historical,266006.0,266006.0,100.0
Philippines,PHL,2014,2W,Electric,historical,0.0,288022.0,0.0
Philippines,PHL,2014,2W,Gasoline,historical,288022.0,288022.0,100.0
Philippines,PHL,2015,2W,Electric,historical,0.0,311848.0,0.0
Philippines,PHL,2015,2W,Gasoline,historical,311848.0,311848.0,100.0
Philippines,PHL,2016,2W,Electric,historical,0.0,337632.0,0.0
Philippines,PHL,2016,2W,Gasoline,historical,337632.0,337632.0,100.0
Philippines,PHL,2017,2W,Electric,historical,0.0,365535.0,0.0
Philippines,PHL,2017,2W,Gasoline,historical,365535.0,365535.0,100.0
Philippines,PHL,2018,2W,Electric,historical,0.0,395729.0,0.0
Philippines,PHL,2018,2W,Gasoline,historical,395729.0,395729.0,100.0
Philippines,PHL,2019,2W,Electric,historical,0.0,428401.0,0.0
Philippines,PHL,2019,2W,Gasoline,historical,428401.0,428401.0,100.0
Philippines,PHL,2020,2W,Electric,historical,3.0,463756.0,0.0006468919000508889
Philippines,PHL,2020,2W,Gasoline,historical,463753.0,463756.0,99.99935310809995
Philippines,PHL,2021,2W,Electric,historical,4.0,502009.0,0.0007967984637725618
Philippines,PHL,2021,2W,Gasoline,historical,502005.0,502009.0,99.99920320153623
Philippines,PHL,2022,2W,Electric,historical,5.0,543398.0,0.0009201358856675953
Philippines,PHL,2022,2W,Gasoline,historical,543393.0,543398.0,99.99907986411434
Philippines,PHL,2023,2W,Electric,historical,6.0,588179.0,0.001020097623342554
Philippines,PHL,2023,2W,Gasoline,historical,588173.0,588179.0,99.99897990237666
Philippines,PHL,2024,2W,Electric,historical,7.0,636628.0,0.0010995432183315845
Philippines,PHL,2024,2W,Gasoline,historical,636621.0,636628.0,99.99890045678167
Philippines,PHL,2025,Bus,Diesel,ATS,13678.836510729068,16414.60381287488,83.33333333333334
Philippines,PHL,2025,Bus,Electric,ATS,2735.767302145813,16414.60381287488,16.666666666666664
Philippines,PHL,2026,Bus,Diesel,ATS,3353.2838656193644,4035.9232059227506,83.08591850058971
Philippines,PHL,2026,Bus,Electric,ATS,682.6393403033865,4035.9232059227506,16.914081499410287
Philippines,PHL,2027,Bus,Diesel,ATS,3568.112085342306,4308.213069921236,82.82116105755975
Philippines,PHL,2027,Bus,Electric,ATS,740.1009845789301,4308.213069921236,17.178838942440258
Philippines,PHL,2028,Bus,Diesel,ATS,3742.257025176794,4533.945779903144,82.53863647343258
Philippines,PHL,2028,Bus,Electric,ATS,791.6887547263506,4533.945779903144,17.461363526567425
Philippines,PHL,2029,Bus,Diesel,ATS,3945.584547181001,4797.760304563293,82.2380506051592
Philippines,PHL,2029,Bus,Electric,ATS,852.1757573822924,4797.760304563293,17.76194939484081
Philippines,PHL,2030,Bus,Diesel,ATS,3795.8672553867154,4633.66874905289,81.91926227274189
Philippines,PHL,2030,Bus,Electric,ATS,837.8014936661751,4633.66874905289,18.080737727258118
Philippines,PHL,2031,Bus,Diesel,ATS,3925.6961870221585,4811.945646869797,81.58230526930099
Philippines,PHL,2031,Bus,Electric,ATS,886.249459847639,4811.945646869797,18.417694730699008
Philippines,PHL,2032,Bus,Diesel,ATS,4318.429580878318,5316.468469699008,81.22740886155967
Philippines,PHL,2032,Bus,Electric,ATS,998.0388888206904,5316.468469699008,18.772591138440333
Philippines,PHL,2033,Bus,Diesel,ATS,4213.11737637312,5210.706272923366,80.85501572533339
Philippines,PHL,2033,Bus,Electric,ATS,997.5888965502451,5210.706272923366,19.144984274666612
Philippines,PHL,2034,Bus,Diesel,ATS,4819.773491835367,5989.8412985925825,80.46579619676831
Philippines,PHL,2034,Bus,Electric,ATS,1170.0678067572153,5989.8412985925825,19.5342038032317
Philippines,PHL,2035,Bus,Diesel,ATS,5312.928055934419,6636.128414655293,80.06065772026494
Philippines,PHL,2035,Bus,Electric,ATS,1323.2003587208756,6636.128414655293,19.93934227973507
Philippines,PHL,2036,Bus,Diesel,ATS,5646.152316948604,7089.526940235664,79.64074845254652
Philippines,PHL,2036,Bus,Electric,ATS,1443.374623287062,7089.526940235664,20.359251547453493
Philippines,PHL,2037,Bus,Diesel,ATS,5949.075406672898,7510.751949590805,79.20745414840934
Philippines,PHL,2037,Bus,Electric,ATS,1561.6765429179086,7510.751949590805,20.79254585159067
Philippines,PHL,2038,Bus,Diesel,ATS,6269.947832096479,7960.586282962133,78.76238770900468
Philippines,PHL,2038,Bus,Electric,ATS,1690.6384508656527,7960.586282962133,21.237612290995312
Philippines,PHL,2039,Bus,Diesel,ATS,6732.195827290566,8597.141918879584,78.30737111023444
Philippines,PHL,2039,Bus,Electric,ATS,1864.9460915890186,8597.141918879584,21.692628889765565
Philippines,PHL,2040,Bus,Diesel,ATS,6805.577146991632,8742.538047318332,77.84440982878147
Philippines,PHL,2040,Bus,Electric,ATS,1936.9609003267014,8742.538047318332,22.155590171218538
Philippines,PHL,2041,Bus,Diesel,ATS,7272.564669551701,9399.034062686915,77.3756603183613
Philippines,PHL,2041,Bus,Electric,ATS,2126.4693931352153,9399.034062686915,22.624339681638716
Philippines,PHL,2042,Bus,Diesel,ATS,7505.796568003842,9760.03323044216,76.90339152322544
Philippines,PHL,2042,Bus,Electric,ATS,2254.2366624383194,9760.03323044216,23.09660847677457
Philippines,PHL,2043,Bus,Diesel,ATS,7419.732282425965,9707.886865674285,76.42994181010792
Philippines,PHL,2043,Bus,Electric,ATS,2288.1545832483207,9707.886865674285,23.570058189892094
Philippines,PHL,2044,Bus,Diesel,ATS,7551.866230056531,9942.203243335243,75.95767301497206
Philippines,PHL,2044,Bus,Electric,ATS,2390.3370132787127,9942.203243335243,24.042326985027945
Philippines,PHL,2045,Bus,Diesel,ATS,7696.417176781765,10195.425791596674,75.48892350455188
Philippines,PHL,2045,Bus,Electric,ATS,2499.0086148149085,10195.425791596674,24.511076495448126
Philippines,PHL,2046,Bus,Diesel,ATS,7850.951381982903,10464.312818324324,75.0259622230989
Philippines,PHL,2046,Bus,Electric,ATS,2613.361436341421,10464.312818324324,24.9740377769011
Philippines,PHL,2047,Bus,Diesel,ATS,8105.248906712693,10869.17812138937,74.57094562432864
Philippines,PHL,2047,Bus,Electric,ATS,2763.9292146766766,10869.17812138937,25.42905437567135
Philippines,PHL,2048,Bus,Diesel,ATS,8315.058739792343,11217.484138095038,74.125879184924
Philippines,PHL,2048,Bus,Electric,ATS,2902.425398302697,11217.484138095038,25.874120815076
Philippines,PHL,2049,Bus,Diesel,ATS,8350.802337005629,11331.943845523667,73.69258488078684
Philippines,PHL,2049,Bus,Electric,ATS,2981.1415085180392,11331.943845523667,26.307415119213168
Philippines,PHL,2050,Bus,Diesel,ATS,8854.776370285175,12084.690911308688,73.27267561306842
Philippines,PHL,2050,Bus,Electric,ATS,3229.9145410235124,12084.690911308688,26.72732438693159
Philippines,PHL,2051,Bus,Diesel,ATS,9373.817982856901,12864.1893924436,72.86753713656505
Philippines,PHL,2051,Bus,Electric,ATS,3490.3714095866994,12864.1893924436,27.13246286343496
Philippines,PHL,2052,Bus,Diesel,ATS,9821.150732925764,13550.467308090127,72.47831760799995
Philippines,PHL,2052,Bus,Electric,ATS,3729.3165751643633,13550.467308090127,27.521682392000045
Philippines,PHL,2053,Bus,Diesel,ATS,10257.536535830364,14225.650126496534,72.10592447177366
Philippines,PHL,2053,Bus,Electric,ATS,3968.1135906661675,14225.650126496534,27.89407552822633
Philippines,PHL,2054,Bus,Diesel,ATS,10698.10752885693,14910.040758314542,71.75102806403235
Philippines,PHL,2054,Bus,Electric,ATS,4211.933229457613,14910.040758314542,28.24897193596765
Philippines,PHL,2055,Bus,Diesel,ATS,11140.437162008826,15599.778862287087,71.41407106059145
Philippines,PHL,2055,Bus,Electric,ATS,4459.341700278262,15599.778862287087,28.585928939408547
Philippines,PHL,2056,Bus,Diesel,ATS,11578.884687966125,16286.431734489131,71.09528272817414
Philippines,PHL,2056,Bus,Electric,ATS,4707.547046523006,16286.431734489131,28.904717271825852
Philippines,PHL,2057,Bus,Diesel,ATS,12014.488850575863,16970.888192871207,70.79469685990077
Philippines,PHL,2057,Bus,Electric,ATS,4956.399342295345,16970.888192871207,29.205303140099236
Philippines,PHL,2058,Bus,Diesel,ATS,12451.996516711859,17659.357405714312,70.5121722757736
Philippines,PHL,2058,Bus,Electric,ATS,5207.360889002453,17659.357405714312,29.4878277242264
Philippines,PHL,2059,Bus,Diesel,ATS,12888.15790607139,18346.807404596446,70.24741483274363
Philippines,PHL,2059,Bus,Electric,ATS,5458.6494985250565,18346.807404596446,29.752585167256374
Philippines,PHL,2060,Bus,Diesel,ATS,13354.988919520707,19078.555599315296,70.0
Philippines,PHL,2060,Bus,Electric,ATS,5723.566679794589,19078.555599315296,30.0
Philippines,PHL,2025,Bus,Diesel,BAS,13678.836510729068,16414.60381287488,83.33333333333334
Philippines,PHL,2025,Bus,Electric,BAS,2735.767302145813,16414.60381287488,16.666666666666664
Philippines,PHL,2026,Bus,Diesel,BAS,3353.2838656193644,4035.9232059227506,83.08591850058971
Philippines,PHL,2026,Bus,Electric,BAS,682.6393403033865,4035.9232059227506,16.914081499410287
Philippines,PHL,2027,Bus,Diesel,BAS,3568.112085342306,4308.213069921236,82.82116105755975
Philippines,PHL,2027,Bus,Electric,BAS,740.1009845789301,4308.213069921236,17.178838942440258
Philippines,PHL,2028,Bus,Diesel,BAS,3742.257025176794,4533.945779903144,82.53863647343258
Philippines,PHL,2028,Bus,Electric,BAS,791.6887547263506,4533.945779903144,17.461363526567425
Philippines,PHL,2029,Bus,Diesel,BAS,3945.584547181001,4797.760304563293,82.2380506051592
Philippines,PHL,2029,Bus,Electric,BAS,852.1757573822924,4797.760304563293,17.76194939484081
Philippines,PHL,2030,Bus,Diesel,BAS,3795.8672553867154,4633.66874905289,81.91926227274189
Philippines,PHL,2030,Bus,Electric,BAS,837.8014936661751,4633.66874905289,18.080737727258118
Philippines,PHL,2031,Bus,Diesel,BAS,3925.6961870221585,4811.945646869797,81.58230526930099
Philippines,PHL,2031,Bus,Electric,BAS,886.249459847639,4811.945646869797,18.417694730699008
Philippines,PHL,2032,Bus,Diesel,BAS,4318.429580878318,5316.468469699008,81.22740886155967
Philippines,PHL,2032,Bus,Electric,BAS,998.0388888206904,5316.468469699008,18.772591138440333
Philippines,PHL,2033,Bus,Diesel,BAS,4213.11737637312,5210.706272923366,80.85501572533339
Philippines,PHL,2033,Bus,Electric,BAS,997.5888965502451,5210.706272923366,19.144984274666612
Philippines,PHL,2034,Bus,Diesel,BAS,4819.773491835367,5989.8412985925825,80.46579619676831
Philippines,PHL,2034,Bus,Electric,BAS,1170.0678067572153,5989.8412985925825,19.5342038032317
Philippines,PHL,2035,Bus,Diesel,BAS,5312.928055934419,6636.128414655293,80.06065772026494
Philippines,PHL,2035,Bus,Electric,BAS,1323.2003587208756,6636.128414655293,19.93934227973507
Philippines,PHL,2036,Bus,Diesel,BAS,5646.152316948604,7089.526940235664,79.64074845254652
Philippines,PHL,2036,Bus,Electric,BAS,1443.374623287062,7089.526940235664,20.359251547453493
Philippines,PHL,2037,Bus,Diesel,BAS,5949.075406672898,7510.751949590805,79.20745414840934
Philippines,PHL,2037,Bus,Electric,BAS,1561.6765429179086,7510.751949590805,20.79254585159067
Philippines,PHL,2038,Bus,Diesel,BAS,6269.947832096479,7960.586282962133,78.76238770900468
Philippines,PHL,2038,Bus,Electric,BAS,1690.6384508656527,7960.586282962133,21.237612290995312
Philippines,PHL,2039,Bus,Diesel,BAS,6732.195827290566,8597.141918879584,78.30737111023444
Philippines,PHL,2039,Bus,Electric,BAS,1864.9460915890186,8597.141918879584,21.692628889765565
Philippines,PHL,2040,Bus,Diesel,BAS,6805.577146991632,8742.538047318332,77.84440982878147
Philippines,PHL,2040,Bus,Electric,BAS,1936.9609003267014,8742.538047318332,22.155590171218538
Philippines,PHL,2041,Bus,Diesel,BAS,7272.564669551701,9399.034062686915,77.3756603183613
Philippines,PHL,2041,Bus,Electric,BAS,2126.4693931352153,9399.034062686915,22.624339681638716
Philippines,PHL,2042,Bus,Diesel,BAS,7505.796568003842,9760.03323044216,76.90339152322544
Philippines,PHL,2042,Bus,Electric,BAS,2254.2366624383194,9760.03323044216,23.09660847677457
Philippines,PHL,2043,Bus,Diesel,BAS,7419.732282425965,9707.886865674285,76.42994181010792
Philippines,PHL,2043,Bus,Electric,BAS,2288.1545832483207,9707.886865674285,23.570058189892094
Philippines,PHL,2044,Bus,Diesel,BAS,7551.866230056531,9942.203243335243,75.95767301497206
Philippines,PHL,2044,Bus,Electric,BAS,2390.3370132787127,9942.203243335243,24.042326985027945
Philippines,PHL,2045,Bus,Diesel,BAS,7696.417176781765,10195.425791596674,75.48892350455188
Philippines,PHL,2045,Bus,Electric,BAS,2499.0086148149085,10195.425791596674,24.511076495448126
Philippines,PHL,2046,Bus,Diesel,BAS,7850.951381982903,10464.312818324324,75.0259622230989
Philippines,PHL,2046,Bus,Electric,BAS,2613.361436341421,10464.312818324324,24.9740377769011
Philippines,PHL,2047,Bus,Diesel,BAS,8105.248906712693,10869.17812138937,74.57094562432864
Philippines,PHL,2047,Bus,Electric,BAS,2763.9292146766766,10869.17812138937,25.42905437567135
Philippines,PHL,2048,Bus,Diesel,BAS,8315.058739792343,11217.484138095038,74.125879184924
Philippines,PHL,2048,Bus,Electric,BAS,2902.425398302697,11217.484138095038,25.874120815076
Philippines,PHL,2049,Bus,Diesel,BAS,8350.802337005629,11331.943845523667,73.69258488078684
Philippines,PHL,2049,Bus,Electric,BAS,2981.1415085180392,11331.943845523667,26.307415119213168
Philippines,PHL,2050,Bus,Diesel,BAS,8854.776370285175,12084.690911308688,73.27267561306842
Philippines,PHL,2050,Bus,Electric,BAS,3229.9145410235124,12084.690911308688,26.72732438693159
Philippines,PHL,2051,Bus,Diesel,BAS,9373.817982856901,12864.1893924436,72.86753713656505
Philippines,PHL,2051,Bus,Electric,BAS,3490.3714095866994,12864.1893924436,27.13246286343496
Philippines,PHL,2052,Bus,Diesel,BAS,9821.150732925764,13550.467308090127,72.47831760799995
Philippines,PHL,2052,Bus,Electric,BAS,3729.3165751643633,13550.467308090127,27.521682392000045
Philippines,PHL,2053,Bus,Diesel,BAS,10257.536535830364,14225.650126496534,72.10592447177366
Philippines,PHL,2053,Bus,Electric,BAS,3968.1135906661675,14225.650126496534,27.89407552822633
Philippines,PHL,2054,Bus,Diesel,BAS,10698.10752885693,14910.040758314542,71.75102806403235
Philippines,PHL,2054,Bus,Electric,BAS,4211.933229457613,14910.040758314542,28.24897193596765
Philippines,PHL,2055,Bus,Diesel,BAS,11140.437162008826,15599.778862287087,71.41407106059145
Philippines,PHL,2055,Bus,Electric,BAS,4459.341700278262,15599.778862287087,28.585928939408547
Philippines,PHL,2056,Bus,Diesel,BAS,11578.884687966125,16286.431734489131,71.09528272817414
Philippines,PHL,2056,Bus,Electric,BAS,4707.547046523006,16286.431734489131,28.904717271825852
Philippines,PHL,2057,Bus,Diesel,BAS,12014.488850575863,16970.888192871207,70.79469685990077
Philippines,PHL,2057,Bus,Electric,BAS,4956.399342295345,16970.888192871207,29.205303140099236
Philippines,PHL,2058,Bus,Diesel,BAS,12451.996516711859,17659.357405714312,70.5121722757736
Philippines,PHL,2058,Bus,Electric,BAS,5207.360889002453,17659.357405714312,29.4878277242264
Philippines,PHL,2059,Bus,Diesel,BAS,12888.15790607139,18346.807404596446,70.24741483274363
Philippines,PHL,2059,Bus,Electric,BAS,5458.6494985250565,18346.807404596446,29.752585167256374
Philippines,PHL,2060,Bus,Diesel,BAS,13354.988919520707,19078.555599315296,70.0
Philippines,PHL,2060,Bus,Electric,BAS,5723.566679794589,19078.555599315296,30.0
Philippines,PHL,2025,Bus,Diesel,RAS,13678.836510729068,16414.60381287488,83.33333333333334
Philippines,PHL,2025,Bus,Electric,RAS,2735.767302145813,16414.60381287488,16.666666666666664
Philippines,PHL,2026,Bus,Diesel,RAS,3352.6484717148187,4035.9232059227506,83.0701750418536
Philippines,PHL,2026,Bus,Electric,RAS,683.2747342079322,4035.9232059227506,16.9298249581464
Philippines,PHL,2027,Bus,Diesel,RAS,3565.504242154258,4308.213069921236,82.7606291584702
Philippines,PHL,2027,Bus,Electric,RAS,742.7088277669778,4308.213069921236,17.239370841529812
Philippines,PHL,2028,Bus,Diesel,RAS,3735.867489496722,4533.945779903144,82.39770987240453
Philippines,PHL,2028,Bus,Electric,RAS,798.0782904064222,4533.945779903144,17.60229012759546
Philippines,PHL,2029,Bus,Diesel,RAS,3932.9086051647473,4797.760304563293,81.97384520072919
Philippines,PHL,2029,Bus,Electric,RAS,864.851699398546,4797.760304563293,18.02615479927081
Philippines,PHL,2030,Bus,Diesel,RAS,3775.560339953664,4633.66874905289,81.48101524791514
Philippines,PHL,2030,Bus,Electric,RAS,858.1084090992266,4633.66874905289,18.518984752084872
Philippines,PHL,2031,Bus,Diesel,RAS,3893.392256886315,4811.945646869797,80.91097744254432
Philippines,PHL,2031,Bus,Electric,RAS,918.5533899834826,4811.945646869797,19.08902255745569
Philippines,PHL,2032,Bus,Diesel,RAS,4266.763515547666,5316.468469699008,80.25559711048619
Philippines,PHL,2032,Bus,Electric,RAS,1049.7049541513418,5316.468469699008,19.744402889513815
Philippines,PHL,2033,Bus,Diesel,RAS,4142.891703290993,5210.706272923366,79.50729682881749
Philippines,PHL,2033,Bus,Electric,RAS,1067.814569632373,5210.706272923366,20.49270317118252
Philippines,PHL,2034,Bus,Diesel,RAS,4711.586851295078,5989.8412985925825,78.65962746629278
Philippines,PHL,2034,Bus,Electric,RAS,1278.2544472975044,5989.8412985925825,21.340372533707235
Philippines,PHL,2035,Bus,Diesel,RAS,5156.799110646604,6636.128414655293,77.70794638720788
Philippines,PHL,2035,Bus,Electric,RAS,1479.32930400869,6636.128414655293,22.292053612792124
Philippines,PHL,2036,Bus,Diesel,RAS,5434.134021549289,7089.526940235664,76.65016392995965
Philippines,PHL,2036,Bus,Electric,RAS,1655.3929186863754,7089.526940235664,23.349836070040354
Philippines,PHL,2037,Bus,Diesel,RAS,5669.67813955392,7510.751949590805,75.48749016884801
Philippines,PHL,2037,Bus,Electric,RAS,1841.073810036886,7510.751949590805,24.51250983115199
Philippines,PHL,2038,Bus,Diesel,RAS,5908.75196850939,7960.586282962133,74.22508542060227
Philippines,PHL,2038,Bus,Electric,RAS,2051.8343144527435,7960.586282962133,25.77491457939774
Philippines,PHL,2039,Bus,Diesel,RAS,6264.952104978025,8597.141918879584,72.87249837320935
Philippines,PHL,2039,Bus,Electric,RAS,2332.18981390156,8597.141918879584,27.127501626790647
Philippines,PHL,2040,Bus,Diesel,RAS,6245.999219662384,8742.538047318332,71.44377508975519
Philippines,PHL,2040,Bus,Electric,RAS,2496.538827655948,8742.538047318332,28.556224910244808
Philippines,PHL,2041,Bus,Diesel,RAS,6575.2962346902805,9399.034062686915,69.95714869034735
Philippines,PHL,2041,Bus,Electric,RAS,2823.737827996634,9399.034062686915,30.042851309652647
Philippines,PHL,2042,Bus,Diesel,RAS,6679.208001424879,9760.03323044216,68.43427520914587
Philippines,PHL,2042,Bus,Electric,RAS,3080.8252290172827,9760.03323044216,31.565724790854134
Philippines,PHL,2043,Bus,Diesel,RAS,6494.4848768978,9707.886865674285,66.89905812418746
Philippines,PHL,2043,Bus,Electric,RAS,3213.401988776485,9707.886865674285,33.10094187581254
Philippines,PHL,2044,Bus,Diesel,RAS,6499.833149943789,9942.203243335243,65.37618464298598
Philippines,PHL,2044,Bus,Electric,RAS,3442.370093391454,9942.203243335243,34.623815357014024
Philippines,PHL,2045,Bus,Diesel,RAS,6513.812499302944,10195.425791596674,63.889558243578136
Philippines,PHL,2045,Bus,Electric,RAS,3681.613292293729,10195.425791596674,36.11044175642186
Philippines,PHL,2046,Bus,Diesel,RAS,6536.097159164654,10464.312818324324,62.460834960123975
Philippines,PHL,2046,Bus,Electric,RAS,3928.21565915967,10464.312818324324,37.539165039876025
Philippines,PHL,2047,Bus,Diesel,RAS,6641.9643124949425,10869.17812138937,61.10824791273107
Philippines,PHL,2047,Bus,Electric,RAS,4227.2138088944275,10869.17812138937,38.89175208726893
Philippines,PHL,2048,Bus,Diesel,RAS,6713.197964285375,11217.484138095038,59.84584316448532
Philippines,PHL,2048,Bus,Electric,RAS,4504.2861738096635,11217.484138095038,40.15415683551468
Philippines,PHL,2049,Bus,Diesel,RAS,6649.943803563831,11331.943845523667,58.68316940337368
Philippines,PHL,2049,Bus,Electric,RAS,4682.000041959835,11331.943845523667,41.31683059662631
Philippines,PHL,2050,Bus,Diesel,RAS,6963.849898884886,12084.690911308688,57.62538694612546
Philippines,PHL,2050,Bus,Electric,RAS,5120.841012423803,12084.690911308688,42.37461305387455
Philippines,PHL,2051,Bus,Diesel,RAS,7290.6128584525195,12864.1893924436,56.67370586704057
Philippines,PHL,2051,Bus,Electric,RAS,5573.576533991081,12864.1893924436,43.32629413295943
Philippines,PHL,2052,Bus,Diesel,RAS,7564.688825946881,13550.467308090127,55.826036504515855
Philippines,PHL,2052,Bus,Electric,RAS,5985.778482143246,13550.467308090127,44.173963495484145
Philippines,PHL,2053,Bus,Diesel,RAS,7835.166052656883,14225.650126496534,55.07773622284715
Philippines,PHL,2053,Bus,Electric,RAS,6390.484073839651,14225.650126496534,44.92226377715285
Philippines,PHL,2054,Bus,Diesel,RAS,8114.395444951639,14910.040758314542,54.42235589078902
Philippines,PHL,2054,Bus,Electric,RAS,6795.645313362904,14910.040758314542,45.57764410921098
Philippines,PHL,2055,Bus,Diesel,RAS,8400.842533540676,15599.778862287087,53.852318085418204
Philippines,PHL,2055,Bus,Electric,RAS,7198.936328746411,15599.778862287087,46.147681914581796
Philippines,PHL,2056,Bus,Diesel,RAS,8690.356608589404,16286.431734489131,53.35948813260415
Philippines,PHL,2056,Bus,Electric,RAS,7596.075125899727,16286.431734489131,46.64051186739585
Philippines,PHL,2057,Bus,Diesel,RAS,8983.645471753525,16970.888192871207,52.935623460928795
Philippines,PHL,2057,Bus,Electric,RAS,7987.242721117682,16970.888192871207,47.064376539071205
Philippines,PHL,2058,Bus,Diesel,RAS,9284.001728087973,17659.357405714312,52.57270417486315
Philippines,PHL,2058,Bus,Electric,RAS,8375.35567762634,17659.357405714312,47.42729582513685
Philippines,PHL,2059,Bus,Diesel,RAS,9588.620995297164,18346.807404596446,52.263158291479726
Philippines,PHL,2059,Bus,Electric,RAS,8758.186409299282,18346.807404596446,47.736841708520274
Philippines,PHL,2060,Bus,Diesel,RAS,9920.848911643954,19078.555599315296,52.0
Philippines,PHL,2060,Bus,Electric,RAS,9157.706687671342,19078.555599315296,48.0
Philippines,PHL,2006,Bus,Electric,historical,0.0,1469.4865190407056,0.0
Philippines,PHL,2006,Bus,Gasoline,historical,1.0,1469.4865190407056,0.06805098155325776
Philippines,PHL,2006,Bus,HybridDiesel,historical,1468.4865190407056,1469.4865190407056,99.93194901844676
Philippines,PHL,2007,Bus,Electric,historical,0.0,1513.541114611927,0.0
Philippines,PHL,2007,Bus,Gasoline,historical,1.0,1513.541114611927,0.066070223685757
Philippines,PHL,2007,Bus,HybridDiesel,historical,1512.541114611927,1513.541114611927,99.93392977631423
Philippines,PHL,2008,Bus,Electric,historical,0.0,1558.9173480502848,0.0
Philippines,PHL,2008,Bus,Gasoline,historical,1.0,1558.9173480502848,0.06414708266930799
Philippines,PHL,2008,Bus,HybridDiesel,historical,1557.9173480502848,1558.9173480502848,99.93585291733069
Philippines,PHL,2009,Bus,Electric,historical,0.0,1605.6548684917934,0.0
Philippines,PHL,2009,Bus,Gasoline,historical,1.0,1605.6548684917934,0.062279884651631846
Philippines,PHL,2009,Bus,HybridDiesel,historical,1604.6548684917934,1605.6548684917934,99.93772011534837
Philippines,PHL,2010,Bus,Electric,historical,0.0,1653.7945145465471,0.0
Philippines,PHL,2010,Bus,Gasoline,historical,1.0,1653.7945145465471,0.06046700428645389
Philippines,PHL,2010,Bus,HybridDiesel,historical,1652.7945145465471,1653.7945145465471,99.93953299571355
Philippines,PHL,2011,Bus,Electric,historical,0.0,1704.3783499829437,0.0
Philippines,PHL,2011,Bus,Gasoline,historical,2.0,1704.3783499829437,0.11734483719650714
Philippines,PHL,2011,Bus,HybridDiesel,historical,1702.3783499829437,1704.3783499829437,99.88265516280349
Philippines,PHL,2012,Bus,Electric,historical,0.0,1755.4497004824323,0.0
Philippines,PHL,2012,Bus,Gasoline,historical,2.0,1755.4497004824323,0.11393092034766707
Philippines,PHL,2012,Bus,HybridDiesel,historical,1753.4497004824323,1755.4497004824323,99.88606907965234
Philippines,PHL,2013,Bus,Electric,historical,0.0,1808.0531914969051,0.0
Philippines,PHL,2013,Bus,Gasoline,historical,2.0,1808.0531914969051,0.11061621468913645
Philippines,PHL,2013,Bus,HybridDiesel,historical,1806.0531914969051,1808.0531914969051,99.88938378531086
Philippines,PHL,2014,Bus,Electric,historical,0.0,1862.2347872418125,0.0
Philippines,PHL,2014,Bus,Gasoline,historical,2.0,1862.2347872418125,0.10739784337087989
Philippines,PHL,2014,Bus,HybridDiesel,historical,1860.2347872418125,1862.2347872418125,99.89260215662912
Philippines,PHL,2015,Bus,Electric,historical,0.0,1918.0418308590667,0.0
Philippines,PHL,2015,Bus,Gasoline,historical,2.0,1918.0418308590667,0.10427301260182763
Philippines,PHL,2015,Bus,HybridDiesel,historical,1916.0418308590667,1918.0418308590667,99.89572698739816
Philippines,PHL,2016,Bus,Electric,historical,0.0,1975.5230857848387,0.0
Philippines,PHL,2016,Bus,Gasoline,historical,2.0,1975.5230857848387,0.10123900927259663
Philippines,PHL,2016,Bus,HybridDiesel,historical,1973.5230857848387,1975.5230857848387,99.89876099072741
Philippines,PHL,2017,Bus,Electric,historical,0.0,2034.728778358384,0.0
Philippines,PHL,2017,Bus,Gasoline,historical,2.0,2034.728778358384,0.09829319864505956
Philippines,PHL,2017,Bus,HybridDiesel,historical,2032.728778358384,2034.728778358384,99.90170680135495
Philippines,PHL,2018,Bus,Electric,historical,119.0,2214.710641709136,5.373162423970896
Philippines,PHL,2018,Bus,Gasoline,historical,2.0,2214.710641709136,0.09030525082304028
Philippines,PHL,2018,Bus,HybridDiesel,historical,2093.710641709136,2214.710641709136,94.53653232520607
Philippines,PHL,2019,Bus,Electric,historical,165.0,2323.5219609604096,7.101288594311307
Philippines,PHL,2019,Bus,Gasoline,historical,2.0,2323.5219609604096,0.0860762253855916
Philippines,PHL,2019,Bus,HybridDiesel,historical,2156.5219609604096,2323.5219609604096,92.81263518030309
Philippines,PHL,2020,Bus,Electric,historical,220.0,2443.2176197892218,9.004519213437057
Philippines,PHL,2020,Bus,Gasoline,historical,2.0,2443.2176197892218,0.08185926557670051
Philippines,PHL,2020,Bus,HybridDiesel,historical,2221.2176197892218,2443.2176197892218,90.91362152098624
Philippines,PHL,2021,Bus,Electric,historical,283.0,2572.854148382899,10.999457554866542
Philippines,PHL,2021,Bus,Gasoline,historical,2.0,2572.854148382899,0.077734682366548
Philippines,PHL,2021,Bus,HybridDiesel,historical,2287.854148382899,2572.854148382899,88.92280776276691
Philippines,PHL,2022,Bus,Electric,historical,355.0,2713.489772834386,13.082783784704795
Philippines,PHL,2022,Bus,Gasoline,historical,2.0,2713.489772834386,0.07370582413918195
Philippines,PHL,2022,Bus,HybridDiesel,historical,2356.489772834386,2713.489772834386,86.84351039115602
Philippines,PHL,2023,Bus,Electric,historical,440.0,2869.1844660194174,15.335368123278494
Philippines,PHL,2023,Bus,Gasoline,historical,2.0,2869.1844660194174,0.06970621874217497
Philippines,PHL,2023,Bus,HybridDiesel,historical,2427.1844660194174,2869.1844660194174,84.59492565797933
Philippines,PHL,2024,Bus,Electric,historical,500.0,3000.0,16.666666666666668
Philippines,PHL,2024,Bus,Gasoline,historical,0.0,3000.0,0.0
Philippines,PHL,2024,Bus,HybridDiesel,historical,2500.0,3000.0,83.33333333333333
Philippines,PHL,2025,LDV,Electric,ATS,270.30684776069563,4003205.8000719366,0.006752259595443189
Philippines,PHL,2025,LDV,Gasoline,ATS,1876547.3676826807,4003205.8000719366,46.87611532859389
Philippines,PHL,2025,LDV,HybridDiesel,ATS,2126388.125541495,4003205.8000719366,53.117132411810665
Philippines,PHL,2026,LDV,Electric,ATS,3604.851225856778,365718.96716501843,0.9856888894226287
Philippines,PHL,2026,LDV,Gasoline,ATS,170718.81344045568,365718.96716501843,46.68032800262846
Philippines,PHL,2026,LDV,HybridDiesel,ATS,191395.30249870598,365718.96716501843,52.33398310794891
Philippines,PHL,2027,LDV,Electric,ATS,7885.251194568862,395425.8716689581,1.9941161566611458
Philippines,PHL,2027,LDV,Gasoline,ATS,183788.57743999726,395425.8716689581,46.478642549180755
Philippines,PHL,2027,LDV,HybridDiesel,ATS,203752.043034392,395425.8716689581,51.5272412941581
Philippines,PHL,2028,LDV,Electric,ATS,12676.780194482855,420786.9706578804,3.0126361029342976
Philippines,PHL,2028,LDV,Gasoline,ATS,194718.91214010853,420786.9706578804,46.27493855992613
Philippines,PHL,2028,LDV,HybridDiesel,ATS,213391.27832328904,420786.9706578804,50.71242533713958
Philippines,PHL,2029,LDV,Electric,ATS,18328.738089936087,455818.18545546476,4.021063370172816
Philippines,PHL,2029,LDV,Gasoline,ATS,210010.2662902535,455818.18545546476,46.073253106478425
Philippines,PHL,2029,LDV,HybridDiesel,ATS,227479.1810752752,455818.18545546476,49.90568352334876
Philippines,PHL,2030,LDV,Electric,ATS,19881.1568819331,397623.137638662,5.0
Philippines,PHL,2030,LDV,Gasoline,ATS,182419.41890557922,397623.137638662,45.877465780512985
Philippines,PHL,2030,LDV,HybridDiesel,ATS,195322.56185114972,397623.137638662,49.122534219487015
Philippines,PHL,2031,LDV,Electric,ATS,24752.14260808384,417244.82487573475,5.932282710865403
Philippines,PHL,2031,LDV,Gasoline,ATS,190643.37148046715,417244.82487573475,45.69100923833991
Philippines,PHL,2031,LDV,HybridDiesel,ATS,201849.31078718381,417244.82487573475,48.3767080507947
Philippines,PHL,2032,LDV,Electric,ATS,33681.68278610049,495021.7064180095,6.8040819926508
Philippines,PHL,2032,LDV,Gasoline,ATS,225317.29447499375,495021.7064180095,45.51664938198282
Philippines,PHL,2032,LDV,HybridDiesel,ATS,236022.72915691524,495021.7064180095,47.679268625366376
Philippines,PHL,2033,LDV,Electric,ATS,33761.78818438674,443911.5266688634,7.605521856514308
Philippines,PHL,2033,LDV,Gasoline,ATS,201342.11637307188,443911.5266688634,45.35636140921013
Philippines,PHL,2033,LDV,HybridDiesel,ATS,208807.62211140478,443911.5266688634,47.03811673427557
Philippines,PHL,2034,LDV,Electric,ATS,50198.68089638878,602567.3442451525,8.330800096588973
Philippines,PHL,2034,LDV,Gasoline,ATS,272428.5644237895,602567.3442451525,45.21130576119519
Philippines,PHL,2034,LDV,HybridDiesel,ATS,279940.09892497427,602567.3442451525,46.457894142215835
Philippines,PHL,2035,LDV,Electric,ATS,68374.33629475872,761586.2400697935,8.977884932439526
Philippines,PHL,2035,LDV,Gasoline,ATS,343337.4618188612,761586.2400697935,45.08188879402508
Philippines,PHL,2035,LDV,HybridDiesel,ATS,349874.4419561736,761586.2400697935,45.940226273535394
Philippines,PHL,2036,LDV,Electric,ATS,78525.33553543442,822433.8535267031,9.547921112282477
Philippines,PHL,2036,LDV,Gasoline,ATS,369831.0811472477,822433.8535267031,44.9678815580565
Philippines,PHL,2036,LDV,HybridDiesel,ATS,374077.436844021,822433.8535267031,45.484197329661036
Philippines,PHL,2037,LDV,Electric,ATS,89478.55294392101,890822.079253871,10.044492051529064
Philippines,PHL,2037,LDV,Gasoline,ATS,399699.1047787035,890822.079253871,44.868567370207174
Philippines,PHL,2037,LDV,HybridDiesel,ATS,401644.42153124657,890822.079253871,45.086940578263764
Philippines,PHL,2038,LDV,Electric,ATS,100860.85314525377,963068.4501748178,10.472864428997267
Philippines,PHL,2038,LDV,Gasoline,ATS,431289.9125445662,963068.4501748178,44.782892894713534
Philippines,PHL,2038,LDV,HybridDiesel,ATS,430917.6844849979,963068.4501748178,44.744242676289204
Philippines,PHL,2039,LDV,Electric,ATS,116474.82288787562,1074559.9608527962,10.8393041925216
Philippines,PHL,2039,LDV,Gasoline,ATS,480431.5133622882,1074559.9608527962,44.70960494200867
Philippines,PHL,2039,LDV,HybridDiesel,ATS,477653.6246026325,1074559.9608527962,44.45109086546974
Philippines,PHL,2040,LDV,Electric,ATS,119663.63816945282,1073167.1150914785,11.1505129524261
Philippines,PHL,2040,LDV,Gasoline,ATS,479140.8195108357,1073167.1150914785,44.64736319002777
Philippines,PHL,2040,LDV,HybridDiesel,ATS,474362.65741119004,1073167.1150914785,44.20212385754614
Philippines,PHL,2041,LDV,Electric,ATS,135812.19346574074,1189957.118054634,11.413200644387022
Philippines,PHL,2041,LDV,Gasoline,ATS,530659.3021256914,1189957.118054634,44.59482565163558
Philippines,PHL,2041,LDV,HybridDiesel,ATS,523485.6224632019,1189957.118054634,43.9919737039774
Philippines,PHL,2042,LDV,Electric,ATS,143664.99435434287,1234894.4044590872,11.633787782630007
Philippines,PHL,2042,LDV,Gasoline,ATS,550154.2030049097,1234894.4044590872,44.55070822398699
Philippines,PHL,2042,LDV,HybridDiesel,ATS,541075.2070998347,1234894.4044590872,43.81550399338301
Philippines,PHL,2043,LDV,Electric,ATS,137357.52746769373,1162252.4210755117,11.818218226690155
Philippines,PHL,2043,LDV,Gasoline,ATS,517362.975479318,1162252.4210755117,44.513822135174955
Philippines,PHL,2043,LDV,HybridDiesel,ATS,507531.91812850005,1162252.4210755117,43.66795963813489
Philippines,PHL,2044,LDV,Electric,ATS,140421.59636903368,1172930.6096480545,11.971858796588837
Philippines,PHL,2044,LDV,Gasoline,ATS,521755.82589312235,1172930.6096480545,44.48309402119522
Philippines,PHL,2044,LDV,HybridDiesel,ATS,510753.18738589843,1172930.6096480545,43.545047182215946
Philippines,PHL,2045,LDV,Electric,ATS,143753.9318536452,1188101.7999767028,12.099462508723075
Philippines,PHL,2045,LDV,Gasoline,ATS,528201.2283510086,1188101.7999767028,44.45757327876837
Philippines,PHL,2045,LDV,HybridDiesel,ATS,516146.639772049,1188101.7999767028,43.442964212508556
Philippines,PHL,2046,LDV,Electric,ATS,146945.77707383194,1203962.855869528,12.2051752973479
Philippines,PHL,2046,LDV,Gasoline,ATS,534998.1203555585,1203962.855869528,44.43643072104341
Philippines,PHL,2046,LDV,HybridDiesel,ATS,522018.95844013756,1203962.855869528,43.35839398160869
Philippines,PHL,2047,LDV,Electric,ATS,153482.57538970912,1248580.0232538506,12.292570162201317
Philippines,PHL,2047,LDV,Gasoline,ATS,554606.1580652031,1248580.0232538506,44.41895174807272
Philippines,PHL,2047,LDV,HybridDiesel,ATS,540491.2897989384,1248580.0232538506,43.28847808972596
Philippines,PHL,2048,LDV,Electric,ATS,158723.45301860667,1283682.539297115,12.364696734561512
Philippines,PHL,2048,LDV,Gasoline,ATS,570013.1524857039,1283682.539297115,44.40452643360068
Philippines,PHL,2048,LDV,HybridDiesel,ATS,554945.9337928045,1283682.539297115,43.23077683183781
Philippines,PHL,2049,LDV,Electric,ATS,155891.4473680498,1254746.6081608962,12.424137778427038
Philippines,PHL,2049,LDV,Gasoline,ATS,557015.1223991616,1254746.6081608962,44.39263822482758
Philippines,PHL,2049,LDV,HybridDiesel,ATS,541840.0383936849,1254746.6081608962,43.18322399674538
Philippines,PHL,2050,LDV,Electric,ATS,173871.04282799692,1393971.8541331068,12.473066964190972
Philippines,PHL,2050,LDV,Gasoline,ATS,618684.4703456302,1393971.8541331068,44.382852387674795
Philippines,PHL,2050,LDV,HybridDiesel,ATS,601416.3409594797,1393971.8541331068,43.144080648134235
Philippines,PHL,2051,LDV,Electric,ATS,187742.31642638435,1500341.6425396334,12.513304377034572
Philippines,PHL,2051,LDV,Gasoline,ATS,665773.6767870263,1500341.6425396334,44.374804905106075
Philippines,PHL,2051,LDV,HybridDiesel,ATS,646825.6493262228,1500341.6425396334,43.11189071785936
Philippines,PHL,2052,LDV,Electric,ATS,200656.40844964038,1599318.7232947927,12.546367745652573
Philippines,PHL,2052,LDV,Gasoline,ATS,709588.8055439256,1599318.7232947927,44.36819223138247
Philippines,PHL,2052,LDV,HybridDiesel,ATS,689073.5093012268,1599318.7232947927,43.08544002296496
Philippines,PHL,2053,LDV,Electric,ATS,212498.9494776746,1690051.6018509679,12.573518420676791
Philippines,PHL,2053,LDV,Gasoline,ATS,749753.5714351642,1690051.6018509679,44.36276209637764
Philippines,PHL,2053,LDV,HybridDiesel,ATS,727799.0809381292,1690051.6018509679,43.06371948294559
Philippines,PHL,2054,LDV,Electric,ATS,224162.67371609624,1779661.8033438772,12.595801814418229
Philippines,PHL,2054,LDV,Gasoline,ATS,789427.8181281672,1779661.8033438772,44.358305417629346
Philippines,PHL,2054,LDV,HybridDiesel,ATS,766071.3114996139,1779661.8033438772,43.04589276795243
Philippines,PHL,2055,LDV,Electric,ATS,235388.51692749184,1866077.204891745,12.614082435091275
Philippines,PHL,2055,LDV,Gasoline,ATS,827691.9997755827,1866077.204891745,44.35464929349474
Philippines,PHL,2055,LDV,HybridDiesel,ATS,802996.6881886706,1866077.204891745,43.03126827141399
Philippines,PHL,2056,LDV,Electric,ATS,245866.86385181776,1946832.0955906138,12.62907388925231
Philippines,PHL,2056,LDV,Gasoline,ATS,863452.1766441704,1946832.0955906138,44.35165100266253
Philippines,PHL,2056,LDV,HybridDiesel,ATS,837513.0550946257,1946832.0955906138,43.01927510808517
Philippines,PHL,2057,LDV,Electric,ATS,255571.34314308016,2021706.9625927024,12.641364345667942
Philippines,PHL,2057,LDV,Gasoline,ATS,896610.7209430266,2021706.9625927024,44.349192911379404
Philippines,PHL,2057,LDV,HybridDiesel,ATS,869524.8985065956,2021706.9625927024,43.00944274295266
Philippines,PHL,2058,LDV,Electric,ATS,264747.72014485346,2092629.4721571729,12.651437995467973
Philippines,PHL,2058,LDV,Gasoline,ATS,928022.1206944378,2092629.4721571729,44.3471781814194
Philippines,PHL,2058,LDV,HybridDiesel,ATS,899859.6313178818,2092629.4721571729,43.00138382311263
Philippines,PHL,2059,LDV,Electric,ATS,273191.9464814254,2157966.5926603004,12.659693037445937
Philippines,PHL,2059,LDV,Gasoline,ATS,956961.6617329495,2157966.5926603004,44.34552717302381
Philippines,PHL,2059,LDV,HybridDiesel,ATS,927812.9844459257,2157966.5926603004,42.99477978953026
Philippines,PHL,2060,LDV,Electric,ATS,282269.3884582726,2228479.4832154475,12.666456684222613
Philippines,PHL,2060,LDV,Gasoline,ATS,988200.8294784197,2228479.4832154475,44.34417444366847
Philippines,PHL,2060,LDV,HybridDiesel,ATS,958009.2652787555,2228479.4832154475,42.989368872108926
Philippines,PHL,2025,LDV,Electric,BAS,270.30684776069563,4003205.8000719366,0.006752259595443189
Philippines,PHL,2025,LDV,Gasoline,BAS,1876547.3676826807,4003205.8000719366,46.87611532859389
Philippines,PHL,2025,LDV,HybridDiesel,BAS,2126388.125541495,4003205.8000719366,53.117132411810665
Philippines,PHL,2026,LDV,Electric,BAS,26.889515967528638,365718.96716501843,0.007352507904080251
Philippines,PHL,2026,LDV,Gasoline,BAS,171434.40578243352,365718.96716501843,46.875995278932166
Philippines,PHL,2026,LDV,HybridDiesel,BAS,194257.67186661737,365718.96716501843,53.11665221316375
Philippines,PHL,2027,LDV,Electric,BAS,31.613629307700585,395425.8716689581,0.007994830781878334
Philippines,PHL,2027,LDV,Gasoline,BAS,185359.3049530495,395425.8716689581,46.87586681435661
Philippines,PHL,2027,LDV,HybridDiesel,BAS,210034.95308660096,395425.8716689581,53.11613835486152
Philippines,PHL,2028,LDV,Electric,BAS,36.52539541890676,420786.9706578804,0.008680258174772151
Philippines,PHL,2028,LDV,Gasoline,BAS,197246.96309992133,420786.9706578804,46.87572972887803
Philippines,PHL,2028,LDV,HybridDiesel,BAS,223503.4821625402,420786.9706578804,53.1155900129472
Philippines,PHL,2029,LDV,Electric,BAS,42.89022901424595,455818.18545546476,0.00940950369748609
Philippines,PHL,2029,LDV,Gasoline,BAS,213667.43586243785,455818.18545546476,46.87558387977349
Philippines,PHL,2029,LDV,HybridDiesel,BAS,242107.85936401266,455818.18545546476,53.11500661652902
Philippines,PHL,2030,LDV,Electric,BAS,40.489605704407445,397623.137638662,0.010182909864063837
Philippines,PHL,2030,LDV,Gasoline,BAS,186387.55236082495,397623.137638662,46.875429198540175
Philippines,PHL,2030,LDV,HybridDiesel,BAS,211195.09567213268,397623.137638662,53.11438789159577
Philippines,PHL,2031,LDV,Electric,BAS,45.898577558570246,417244.82487573475,0.01100039468967408
Philippines,PHL,2031,LDV,Gasoline,BAS,195584.62028657217,417244.82487573475,46.87526570157505
Philippines,PHL,2031,LDV,HybridDiesel,BAS,221614.30601160403,417244.82487573475,53.11373390373528
Philippines,PHL,2032,LDV,Electric,BAS,58.71651436166861,495021.7064180095,0.01186140195478354
Philippines,PHL,2032,LDV,Gasoline,BAS,232041.88772934148,495021.7064180095,46.87509350012202
Philippines,PHL,2032,LDV,HybridDiesel,BAS,262921.1021743063,495021.7064180095,53.113045097923184
Philippines,PHL,2033,LDV,Electric,BAS,56.664674658619575,443911.5266688634,0.012764857692215028
Philippines,PHL,2033,LDV,Gasoline,BAS,208083.14107501745,443911.5266688634,46.87491280897454
Philippines,PHL,2033,LDV,HybridDiesel,BAS,235771.7209191873,443911.5266688634,53.11232233333325
Philippines,PHL,2034,LDV,Electric,BAS,82.60677437918108,602567.3442451525,0.013709135612495585
Philippines,PHL,2034,LDV,Gasoline,BAS,282451.7792481914,602567.3442451525,46.874723953390486
Philippines,PHL,2034,LDV,HybridDiesel,BAS,320032.95822258195,602567.3442451525,53.11156691099702
Philippines,PHL,2035,LDV,Electric,BAS,111.89251071975828,761586.2400697935,0.014692034182432732
Philippines,PHL,2035,LDV,Gasoline,BAS,356989.950575669,761586.2400697935,46.8745273736765
Philippines,PHL,2035,LDV,HybridDiesel,BAS,404484.3969834048,761586.2400697935,53.11078059214107
Philippines,PHL,2036,LDV,Electric,BAS,129.21067370525913,822433.8535267031,0.01571076788135447
Philippines,PHL,2036,LDV,Gasoline,BAS,385510.3061195935,822433.8535267031,46.874323626936715
Philippines,PHL,2036,LDV,HybridDiesel,BAS,436794.3367334043,822433.8535267031,53.10996560518193
Philippines,PHL,2037,LDV,Electric,BAS,149.3193720501264,890822.079253871,0.01676197475652965
Philippines,PHL,2037,LDV,Gasoline,BAS,417564.9514930776,890822.079253871,46.87411338556168
Philippines,PHL,2037,LDV,HybridDiesel,BAS,473107.80838874326,890822.079253871,53.109124639681795
Philippines,PHL,2038,LDV,Electric,BAS,171.828186043662,963068.4501748178,0.017841741779877792
Philippines,PHL,2038,LDV,Gasoline,BAS,451427.7175364082,963068.4501748178,46.87389743215701
Philippines,PHL,2038,LDV,HybridDiesel,BAS,511468.90445236594,963068.4501748178,53.108260826063116
Philippines,PHL,2039,LDV,Electric,BAS,203.582355158786,1074559.9608527962,0.018945648691136623
Philippines,PHL,2039,LDV,Gasoline,BAS,503685.76146883145,1074559.9608527962,46.873676650774755
Philippines,PHL,2039,LDV,HybridDiesel,BAS,570670.6170288059,1074559.9608527962,53.10737770053411
Philippines,PHL,2040,LDV,Electric,BAS,215.37208439833282,1073167.1150914785,0.020068830042371748
Philippines,PHL,2040,LDV,Gasoline,BAS,503030.4727278465,1073167.1150914785,46.87345201450451
Philippines,PHL,2040,LDV,HybridDiesel,BAS,569921.2702792337,1073167.1150914785,53.10647915545312
Philippines,PHL,2041,LDV,Electric,BAS,252.34295025965682,1189957.118054634,0.021206054103209384
Philippines,PHL,2041,LDV,Gasoline,BAS,557771.2722287875,1189957.118054634,46.87322456969234
Philippines,PHL,2041,LDV,HybridDiesel,BAS,631933.5028755867,1189957.118054634,53.10556937620446
Philippines,PHL,2042,LDV,Electric,BAS,276.02132794612476,1234894.4044590872,0.022351816232176434
Philippines,PHL,2042,LDV,Gasoline,BAS,578831.9976101889,1234894.4044590872,46.872995417266544
Philippines,PHL,2042,LDV,HybridDiesel,BAS,655786.3855209522,1234894.4044590872,53.10465276650128
Philippines,PHL,2043,LDV,Electric,BAS,273.13447195304724,1162252.4210755117,0.02350044336326675
Philippines,PHL,2043,LDV,Gasoline,BAS,544779.854078466,1162252.4210755117,46.87276569184032
Philippines,PHL,2043,LDV,HybridDiesel,BAS,617199.4325250927,1162252.4210755117,53.10373386479641
Philippines,PHL,2044,LDV,Electric,BAS,289.0828883351703,1172930.6096480545,0.024646205492233807
Philippines,PHL,2044,LDV,Gasoline,BAS,549782.3285892619,1172930.6096480545,46.872536539414526
Philippines,PHL,2044,LDV,HybridDiesel,BAS,622859.1981704574,1172930.6096480545,53.102817255093235
Philippines,PHL,2045,LDV,Electric,BAS,306.3333906157669,1188101.7999767028,0.02578342955307144
Philippines,PHL,2045,LDV,Gasoline,BAS,556890.7480436144,1188101.7999767028,46.87230909460236
Philippines,PHL,2045,LDV,HybridDiesel,BAS,630904.7185424726,1188101.7999767028,53.10190747584457
Philippines,PHL,2046,LDV,Electric,BAS,323.94560106119116,1203962.855869528,0.026906610904306568
Philippines,PHL,2046,LDV,Gasoline,BAS,564322.4866501124,1203962.855869528,46.87208445833211
Philippines,PHL,2046,LDV,HybridDiesel,BAS,639316.4236183543,1203962.855869528,53.101008930763584
Philippines,PHL,2047,LDV,Electric,BAS,349.7337298551104,1248580.0232538506,0.0280105178155654
Philippines,PHL,2047,LDV,Gasoline,BAS,585232.7263971737,1248580.0232538506,46.87186367694986
Philippines,PHL,2047,LDV,HybridDiesel,BAS,662997.5631268218,1248580.0232538506,53.100125805234576
Philippines,PHL,2048,LDV,Electric,BAS,373.426907108929,1283682.539297115,0.029090284838913544
Philippines,PHL,2048,LDV,Gasoline,BAS,601683.1577080033,1283682.539297115,46.87164772354519
Philippines,PHL,2048,LDV,HybridDiesel,BAS,681625.9546820028,1283682.539297115,53.0992619916159
Philippines,PHL,2049,LDV,Electric,BAS,378.19934493162583,1254746.6081608962,0.03014149171408872
Philippines,PHL,2049,LDV,Gasoline,BAS,588117.772003785,1254746.6081608962,46.87143748217015
Philippines,PHL,2049,LDV,HybridDiesel,BAS,666250.6368121797,1254746.6081608962,53.09842102611576
Philippines,PHL,2050,LDV,Electric,BAS,434.3647719417973,1393971.8541331068,0.031160225413010452
Philippines,PHL,2050,LDV,Gasoline,BAS,653371.805956841,1393971.8541331068,46.871233735430366
Philippines,PHL,2050,LDV,HybridDiesel,BAS,740165.683404324,1393971.8541331068,53.09760603915662
Philippines,PHL,2051,LDV,Electric,BAS,482.25667432930686,1500341.6425396334,0.0321431239829476
Philippines,PHL,2051,LDV,Gasoline,BAS,703225.688737437,1500341.6425396334,46.87103715571638
Philippines,PHL,2051,LDV,HybridDiesel,BAS,796633.697127867,1500341.6425396334,53.09681972030067
Philippines,PHL,2052,LDV,Electric,BAS,529.1730136901255,1599318.7232947927,0.033087401903228154
Philippines,PHL,2052,LDV,Gasoline,BAS,749614.2526311154,1599318.7232947927,46.87084830013233
Philippines,PHL,2052,LDV,HybridDiesel,BAS,849175.2976499872,1599318.7232947927,53.09606429796444
Philippines,PHL,2053,LDV,Electric,BAS,574.4630340388504,1690051.6018509679,0.03399085764065964
Philippines,PHL,2053,LDV,Gasoline,BAS,792138.4687238911,1690051.6018509679,46.87066760898484
Philippines,PHL,2053,LDV,HybridDiesel,BAS,897338.6700930379,1690051.6018509679,53.095341533374494
Philippines,PHL,2054,LDV,Electric,BAS,620.245327480982,1779661.8033438772,0.034851864905769095
Philippines,PHL,2054,LDV,Gasoline,BAS,834136.3038058899,1779661.8033438772,46.87049540753182
Philippines,PHL,2054,LDV,HybridDiesel,BAS,944905.2542105062,1779661.8033438772,53.094652727562405
Philippines,PHL,2055,LDV,Electric,BAS,665.6176044703848,1866077.204891745,0.03566934973137934
Philippines,PHL,2055,LDV,Gasoline,BAS,874636.5796401866,1866077.204891745,46.8703319105667
Philippines,PHL,2055,LDV,HybridDiesel,BAS,990775.0076470879,1866077.204891745,53.09399873970192
Philippines,PHL,2056,LDV,Electric,BAS,709.4792683391704,1946832.0955906138,0.03644275589795711
Philippines,PHL,2056,LDV,Gasoline,BAS,912483.6535608659,1946832.0955906138,46.870177229333386
Philippines,PHL,2056,LDV,HybridDiesel,BAS,1033638.9627614089,1946832.0955906138,53.09338001476866
Philippines,PHL,2057,LDV,Electric,BAS,751.5089408567645,2021706.9625927024,0.037172001420671036
Philippines,PHL,2057,LDV,Gasoline,BAS,947574.687783471,2021706.9625927024,46.870031380228845
Philippines,PHL,2057,LDV,HybridDiesel,BAS,1073380.7658683746,2021706.9625927024,53.09279661835049
Philippines,PHL,2058,LDV,Electric,BAS,792.2157127535797,2092629.4721571729,0.03785742881356485
Philippines,PHL,2058,LDV,Gasoline,BAS,980813.2215808573,2092629.4721571729,46.86989429475027
Philippines,PHL,2058,LDV,HybridDiesel,BAS,1111024.0348635619,2092629.4721571729,53.09224827643617
Philippines,PHL,2059,LDV,Electric,BAS,830.8117797567811,2157966.5926603004,0.03849975169136294
Philippines,PHL,2059,LDV,Gasoline,BAS,1011433.8886732828,2157966.5926603004,46.8697658301747
Philippines,PHL,2059,LDV,HybridDiesel,BAS,1145701.8922072607,2157966.5926603004,53.09173441813393
Philippines,PHL,2060,LDV,Electric,BAS,871.3354779372402,2228479.4832154475,0.03910000000000001
Philippines,PHL,2060,LDV,Gasoline,BAS,1044480.4400744864,2228479.4832154475,46.86964578051298
Philippines,PHL,2060,LDV,HybridDiesel,BAS,1183127.707663024,2228479.4832154475,53.09125421948703
Philippines,PHL,2025,LDV,Electric,RAS,270.30684776069563,4003205.8000719366,0.006752259595443189
Philippines,PHL,2025,LDV,Gasoline,RAS,1876547.3676826807,4003205.8000719366,46.87611532859389
Philippines,PHL,2025,LDV,HybridDiesel,RAS,2126388.125541495,4003205.8000719366,53.117132411810665
Philippines,PHL,2026,LDV,Electric,RAS,13220.891499631569,365718.96716501843,3.615041243859273
Philippines,PHL,2026,LDV,Gasoline,RAS,168795.6053857007,365718.96716501843,46.15445753174113
Philippines,PHL,2026,LDV,HybridDiesel,RAS,183702.47027968618,365718.96716501843,50.2305012243996
Philippines,PHL,2027,LDV,Electric,RAS,32154.72609938386,395425.8716689581,8.131669777617155
Philippines,PHL,2027,LDV,Gasoline,RAS,178934.68245903426,395425.8716689581,45.25113182498956
Philippines,PHL,2027,LDV,HybridDiesel,RAS,184336.46311054003,395425.8716689581,46.6171983973933
Philippines,PHL,2028,LDV,Electric,RAS,57488.63248041991,420786.9706578804,13.66217028786304
Philippines,PHL,2028,LDV,Gasoline,RAS,185756.54168292112,420786.9706578804,44.145031722940374
Philippines,PHL,2028,LDV,HybridDiesel,RAS,177541.79649453942,420786.9706578804,42.19279798919659
Philippines,PHL,2029,LDV,Electric,RAS,92323.3178324591,455818.18545546476,20.254417392366072
Philippines,PHL,2029,LDV,Gasoline,RAS,195211.35034174888,455818.18545546476,42.82658230203977
Philippines,PHL,2029,LDV,HybridDiesel,RAS,168283.5172812568,455818.18545546476,36.91900030559416
Philippines,PHL,2030,LDV,Electric,RAS,110797.44870943163,397623.137638662,27.864939995045823
Philippines,PHL,2030,LDV,Gasoline,RAS,164236.1605400795,397623.137638662,41.30447778150382
Philippines,PHL,2030,LDV,HybridDiesel,RAS,122589.5283891509,397623.137638662,30.830582223450364
Philippines,PHL,2031,LDV,Electric,RAS,151598.97332446117,417244.82487573475,36.333338195293585
Philippines,PHL,2031,LDV,Gasoline,RAS,165274.00533719163,417244.82487573475,39.61079814145426
Philippines,PHL,2031,LDV,HybridDiesel,RAS,100371.84621408195,417244.82487573475,24.05586366325215
Philippines,PHL,2032,LDV,Electric,RAS,224634.55909378256,495021.7064180095,45.37872909033512
Philippines,PHL,2032,LDV,Gasoline,RAS,187126.7192134573,495021.7064180095,37.80171996244596
Philippines,PHL,2032,LDV,HybridDiesel,RAS,83260.4281107696,495021.7064180095,16.819550947218925
Philippines,PHL,2033,LDV,Electric,RAS,242500.0916396839,443911.5266688634,54.62802316926032
Philippines,PHL,2033,LDV,Gasoline,RAS,159594.4556820124,443911.5266688634,35.95186114666092
Philippines,PHL,2033,LDV,HybridDiesel,RAS,41816.97934716708,443911.5266688634,9.420115684078763
Philippines,PHL,2034,LDV,Electric,RAS,383675.20011748315,602567.3442451525,63.67341406430186
Philippines,PHL,2034,LDV,Gasoline,RAS,205733.26057957063,602567.3442451525,34.142782967652614
Philippines,PHL,2034,LDV,HybridDiesel,RAS,13158.883548098775,602567.3442451525,2.1838029680455313
Philippines,PHL,2035,LDV,Electric,RAS,549422.1155437926,761586.2400697935,72.14181226454961
Philippines,PHL,2035,LDV,Gasoline,RAS,212164.1245260009,761586.2400697935,27.85818773545038
Philippines,PHL,2036,LDV,Electric,RAS,655910.2009260749,822433.8535267031,79.75233486722935
Philippines,PHL,2036,LDV,Gasoline,RAS,166523.65260062824,822433.8535267031,20.247665132770642
Philippines,PHL,2037,LDV,Electric,RAS,769176.6004436495,890822.079253871,86.34458197173238
Philippines,PHL,2037,LDV,Gasoline,RAS,121645.47881022155,890822.079253871,13.655418028267619
Philippines,PHL,2038,LDV,Electric,RAS,884819.9329560237,963068.4501748178,91.87508248197828
Philippines,PHL,2038,LDV,Gasoline,RAS,78248.51721879409,963068.4501748178,8.124917518021723
Philippines,PHL,2039,LDV,Electric,RAS,1035786.732156035,1074559.9608527962,96.39171101573616
Philippines,PHL,2039,LDV,Gasoline,RAS,38773.22869676117,1074559.9608527962,3.60828898426383
Philippines,PHL,2040,LDV,Electric,RAS,1073167.1150914785,1073167.1150914785,100.0
Philippines,PHL,2041,LDV,Electric,RAS,1189957.118054634,1189957.118054634,100.0
Philippines,PHL,2042,LDV,Electric,RAS,1234894.4044590872,1234894.4044590872,100.0
Philippines,PHL,2043,LDV,Electric,RAS,1162252.4210755117,1162252.4210755117,100.0
Philippines,PHL,2044,LDV,Electric,RAS,1172930.6096480545,1172930.6096480545,100.0
Philippines,PHL,2045,LDV,Electric,RAS,1188101.7999767028,1188101.7999767028,100.0
Philippines,PHL,2046,LDV,Electric,RAS,1203962.855869528,1203962.855869528,100.0
Philippines,PHL,2047,LDV,Electric,RAS,1248580.0232538506,1248580.0232538506,100.0
Philippines,PHL,2048,LDV,Electric,RAS,1283682.539297115,1283682.539297115,100.0
Philippines,PHL,2049,LDV,Electric,RAS,1254746.6081608962,1254746.6081608962,100.0
Philippines,PHL,2050,LDV,Electric,RAS,1393971.8541331068,1393971.8541331068,100.0
Philippines,PHL,2051,LDV,Electric,RAS,1500341.6425396334,1500341.6425396334,100.0
Philippines,PHL,2052,LDV,Electric,RAS,1599318.7232947927,1599318.7232947927,100.0
Philippines,PHL,2053,LDV,Electric,RAS,1690051.6018509679,1690051.6018509679,100.0
Philippines,PHL,2054,LDV,Electric,RAS,1779661.8033438772,1779661.8033438772,100.0
Philippines,PHL,2055,LDV,Electric,RAS,1866077.204891745,1866077.204891745,100.0
Philippines,PHL,2056,LDV,Electric,RAS,1946832.0955906138,1946832.0955906138,100.0
Philippines,PHL,2057,LDV,Electric,RAS,2021706.9625927024,2021706.9625927024,100.0
Philippines,PHL,2058,LDV,Electric,RAS,2092629.4721571729,2092629.4721571729,100.0
Philippines,PHL,2059,LDV,Electric,RAS,2157966.5926603004,2157966.5926603004,100.0
Philippines,PHL,2060,LDV,Electric,RAS,2228479.4832154475,2228479.4832154475,100.0
Philippines,PHL,2006,LDV,Electric,historical,0.0,60890.49981471905,0.0
Philippines,PHL,2006,LDV,Gasoline,historical,28545.02835172085,60890.49981471905,46.879280739325885
Philippines,PHL,2006,LDV,HybridDiesel,historical,32345.4714629982,60890.49981471905,53.120719260674115
Philippines,PHL,2007,LDV,Electric,historical,0.0,62717.21480916063,0.0
Philippines,PHL,2007,LDV,Gasoline,historical,29401.37920227248,62717.21480916063,46.879280739325885
Philippines,PHL,2007,LDV,HybridDiesel,historical,33315.83560688815,62717.21480916063,53.120719260674115
Philippines,PHL,2008,LDV,Electric,historical,0.0,64598.73125343545,0.0
Philippines,PHL,2008,LDV,Gasoline,historical,30283.420578340658,64598.73125343545,46.87928073932589
Philippines,PHL,2008,LDV,HybridDiesel,historical,34315.31067509479,64598.73125343545,53.120719260674115
Philippines,PHL,2009,LDV,Electric,historical,0.0,66536.69319103852,0.0
Philippines,PHL,2009,LDV,Gasoline,historical,31191.92319569088,66536.69319103852,46.87928073932589
Philippines,PHL,2009,LDV,HybridDiesel,historical,35344.76999534764,66536.69319103852,53.120719260674115
Philippines,PHL,2010,LDV,Electric,historical,0.0,68532.79398676967,0.0
Philippines,PHL,2010,LDV,Gasoline,historical,32127.680891561602,68532.79398676967,46.879280739325885
Philippines,PHL,2010,LDV,HybridDiesel,historical,36405.113095208064,68532.79398676967,53.12071926067411
Philippines,PHL,2011,LDV,Electric,historical,0.0,70588.77780637276,0.0
Philippines,PHL,2011,LDV,Gasoline,historical,33091.511318308454,70588.77780637276,46.87928073932589
Philippines,PHL,2011,LDV,HybridDiesel,historical,37497.26648806431,70588.77780637276,53.12071926067412
Philippines,PHL,2012,LDV,Electric,historical,0.0,72706.44114056395,0.0
Philippines,PHL,2012,LDV,Gasoline,historical,34084.25665785771,72706.44114056395,46.879280739325885
Philippines,PHL,2012,LDV,HybridDiesel,historical,38622.184482706245,72706.44114056395,53.120719260674115
Philippines,PHL,2013,LDV,Electric,historical,0.0,74887.63437478087,0.0
Philippines,PHL,2013,LDV,Gasoline,historical,35106.78435759344,74887.63437478087,46.87928073932588
Philippines,PHL,2013,LDV,HybridDiesel,historical,39780.85001718743,74887.63437478087,53.120719260674115
Philippines,PHL,2014,LDV,Electric,historical,0.0,77134.2634060243,0.0
Philippines,PHL,2014,LDV,Gasoline,historical,36159.987888321244,77134.2634060243,46.879280739325885
Philippines,PHL,2014,LDV,HybridDiesel,historical,40974.275517703056,77134.2634060243,53.120719260674115
Philippines,PHL,2015,LDV,Electric,historical,0.0,79448.29130820502,0.0
Philippines,PHL,2015,LDV,Gasoline,historical,37244.78752497088,79448.29130820502,46.87928073932589
Philippines,PHL,2015,LDV,HybridDiesel,historical,42203.50378323415,79448.29130820502,53.120719260674115
Philippines,PHL,2016,LDV,Electric,historical,0.0,81831.74004745118,0.0
Philippines,PHL,2016,LDV,Gasoline,historical,38362.13115072001,81831.74004745118,46.879280739325885
Philippines,PHL,2016,LDV,HybridDiesel,historical,43469.60889673117,81831.74004745118,53.12071926067412
Philippines,PHL,2017,LDV,Electric,historical,0.0,84286.69224887472,0.0
Philippines,PHL,2017,LDV,Gasoline,historical,39512.995085241615,84286.69224887472,46.879280739325885
Philippines,PHL,2017,LDV,HybridDiesel,historical,44773.69716363311,84286.69224887472,53.120719260674115
Philippines,PHL,2018,LDV,Electric,historical,0.0,86815.29301634096,0.0
Philippines,PHL,2018,LDV,Gasoline,historical,40698.38493779886,86815.29301634096,46.879280739325885
Philippines,PHL,2018,LDV,HybridDiesel,historical,46116.9080785421,86815.29301634096,53.120719260674115
Philippines,PHL,2019,LDV,Electric,historical,2.0,89421.75180683119,0.002236592282737201
Philippines,PHL,2019,LDV,Gasoline,historical,41919.33648593283,89421.75180683119,46.87823224095067
Philippines,PHL,2019,LDV,HybridDiesel,historical,47500.41532089837,89421.75180683119,53.1195311667666
Philippines,PHL,2020,LDV,Electric,historical,3.0,92105.34436103614,0.003257139985537156
Philippines,PHL,2020,LDV,Gasoline,historical,43176.91658051081,92105.34436103614,46.87775381552798
Philippines,PHL,2020,LDV,HybridDiesel,historical,48925.42778052532,92105.34436103614,53.11898904448647
Philippines,PHL,2021,LDV,Electric,historical,4.0,94869.41469186722,0.004216321996917415
Philippines,PHL,2021,LDV,Gasoline,historical,44472.22407792614,94869.41469186722,46.87730415790008
Philippines,PHL,2021,LDV,HybridDiesel,historical,50393.190613941086,94869.41469186722,53.11847952010301
Philippines,PHL,2022,LDV,Electric,historical,5.0,97716.37713262325,0.005116849546329238
Philippines,PHL,2022,LDV,Gasoline,historical,45806.39080026393,97716.37713262325,46.87688199706205
Philippines,PHL,2022,LDV,HybridDiesel,historical,51904.986332359316,97716.37713262325,53.11800115339161
Philippines,PHL,2023,LDV,Electric,historical,6.0,100648.71844660194,0.005961327767112339
Philippines,PHL,2023,LDV,Gasoline,historical,47180.58252427184,100648.71844660194,46.876486111746146
Philippines,PHL,2023,LDV,HybridDiesel,historical,53462.1359223301,100648.71844660194,53.117552560486736
Philippines,PHL,2024,LDV,Electric,historical,7.0,103669.0,0.00675225959544319
Philippines,PHL,2024,LDV,Gasoline,historical,48596.0,103669.0,46.87611532859389
Philippines,PHL,2024,LDV,HybridDiesel,historical,55066.0,103669.0,53.117132411810665
Philippines,PHL,2025,Truck,Diesel,ATS,433866.75474569603,433866.75474569603,100.0
Philippines,PHL,2026,Truck,Diesel,ATS,48672.019378498895,48672.019378498895,100.0
Philippines,PHL,2027,Truck,Diesel,ATS,51560.89038060652,51560.89038060652,100.0
Philippines,PHL,2028,Truck,Diesel,ATS,53760.032182965544,53760.032182965544,100.0
Philippines,PHL,2029,Truck,Diesel,ATS,56740.44541674724,56740.44541674724,100.0
Philippines,PHL,2030,Truck,Diesel,ATS,49433.299168951344,49433.299168951344,100.0
Philippines,PHL,2031,Truck,Diesel,ATS,51085.35053616064,51085.35053616064,100.0
Philippines,PHL,2032,Truck,Diesel,ATS,58717.69241516944,58717.69241516944,100.0
Philippines,PHL,2033,Truck,Diesel,ATS,53135.44690575579,53135.44690575579,100.0
Philippines,PHL,2034,Truck,Diesel,ATS,68766.62842833262,68766.62842833262,100.0
Philippines,PHL,2035,Truck,Diesel,ATS,86001.82327273826,86001.82327273826,100.0
Philippines,PHL,2036,Truck,Diesel,ATS,90898.70391541265,90898.70391541265,100.0
Philippines,PHL,2037,Truck,Diesel,ATS,97275.60270575469,97275.60270575469,100.0
Philippines,PHL,2038,Truck,Diesel,ATS,104140.54793436662,104140.54793436662,100.0
Philippines,PHL,2039,Truck,Diesel,ATS,112975.1279524325,112975.1279524325,100.0
Philippines,PHL,2040,Truck,Diesel,ATS,113627.45976327965,113627.45976327965,100.0
Philippines,PHL,2041,Truck,Diesel,ATS,122209.51542111905,122209.51542111905,100.0
Philippines,PHL,2042,Truck,Diesel,ATS,125544.03963142657,125544.03963142657,100.0
Philippines,PHL,2043,Truck,Diesel,ATS,116023.37180550653,116023.37180550653,100.0
Philippines,PHL,2044,Truck,Diesel,ATS,115656.31928748335,115656.31928748335,100.0
Philippines,PHL,2045,Truck,Diesel,ATS,115514.22568849265,115514.22568849265,100.0
Philippines,PHL,2046,Truck,Diesel,ATS,115318.85303304391,115318.85303304391,100.0
Philippines,PHL,2047,Truck,Diesel,ATS,114656.10494679981,114656.10494679981,100.0
Philippines,PHL,2048,Truck,Diesel,ATS,116303.57362382812,116303.57362382812,100.0
Philippines,PHL,2049,Truck,Diesel,ATS,115149.83249876532,115149.83249876532,100.0
Philippines,PHL,2050,Truck,Diesel,ATS,123842.44379966008,123842.44379966008,100.0
Philippines,PHL,2051,Truck,Diesel,ATS,131272.45354363765,131272.45354363765,100.0
Philippines,PHL,2052,Truck,Diesel,ATS,138084.02292207256,138084.02292207256,100.0
Philippines,PHL,2053,Truck,Diesel,ATS,143844.73843078827,143844.73843078827,100.0
Philippines,PHL,2054,Truck,Diesel,ATS,149527.81959284563,149527.81959284563,100.0
Philippines,PHL,2055,Truck,Diesel,ATS,154371.94863035297,154371.94863035297,100.0
Philippines,PHL,2056,Truck,Diesel,ATS,158645.3196947924,158645.3196947924,100.0
Philippines,PHL,2057,Truck,Diesel,ATS,161532.5406515333,161532.5406515333,100.0
Philippines,PHL,2058,Truck,Diesel,ATS,164441.71005500108,164441.71005500108,100.0
Philippines,PHL,2059,Truck,Diesel,ATS,166134.2012084208,166134.2012084208,100.0
Philippines,PHL,2060,Truck,Diesel,ATS,168429.90328478534,168429.90328478534,100.0
Philippines,PHL,2025,Truck,Diesel,BAS,433866.75474569603,433866.75474569603,100.0
Philippines,PHL,2026,Truck,Diesel,BAS,48672.019378498895,48672.019378498895,100.0
Philippines,PHL,2027,Truck,Diesel,BAS,51560.89038060652,51560.89038060652,100.0
Philippines,PHL,2028,Truck,Diesel,BAS,53760.032182965544,53760.032182965544,100.0
Philippines,PHL,2029,Truck,Diesel,BAS,56740.44541674724,56740.44541674724,100.0
Philippines,PHL,2030,Truck,Diesel,BAS,49433.299168951344,49433.299168951344,100.0
Philippines,PHL,2031,Truck,Diesel,BAS,51085.35053616064,51085.35053616064,100.0
Philippines,PHL,2032,Truck,Diesel,BAS,58717.69241516944,58717.69241516944,100.0
Philippines,PHL,2033,Truck,Diesel,BAS,53135.44690575579,53135.44690575579,100.0
Philippines,PHL,2034,Truck,Diesel,BAS,68766.62842833262,68766.62842833262,100.0
Philippines,PHL,2035,Truck,Diesel,BAS,86001.82327273826,86001.82327273826,100.0
Philippines,PHL,2036,Truck,Diesel,BAS,90898.70391541265,90898.70391541265,100.0
Philippines,PHL,2037,Truck,Diesel,BAS,97275.60270575469,97275.60270575469,100.0
Philippines,PHL,2038,Truck,Diesel,BAS,104140.54793436662,104140.54793436662,100.0
Philippines,PHL,2039,Truck,Diesel,BAS,112975.1279524325,112975.1279524325,100.0
Philippines,PHL,2040,Truck,Diesel,BAS,113627.45976327965,113627.45976327965,100.0
Philippines,PHL,2041,Truck,Diesel,BAS,122209.51542111905,122209.51542111905,100.0
Philippines,PHL,2042,Truck,Diesel,BAS,125544.03963142657,125544.03963142657,100.0
Philippines,PHL,2043,Truck,Diesel,BAS,116023.37180550653,116023.37180550653,100.0
Philippines,PHL,2044,Truck,Diesel,BAS,115656.31928748335,115656.31928748335,100.0
Philippines,PHL,2045,Truck,Diesel,BAS,115514.22568849265,115514.22568849265,100.0
Philippines,PHL,2046,Truck,Diesel,BAS,115318.85303304391,115318.85303304391,100.0
Philippines,PHL,2047,Truck,Diesel,BAS,114656.10494679981,114656.10494679981,100.0
Philippines,PHL,2048,Truck,Diesel,BAS,116303.57362382812,116303.57362382812,100.0
Philippines,PHL,2049,Truck,Diesel,BAS,115149.83249876532,115149.83249876532,100.0
Philippines,PHL,2050,Truck,Diesel,BAS,123842.44379966008,123842.44379966008,100.0
Philippines,PHL,2051,Truck,Diesel,BAS,131272.45354363765,131272.45354363765,100.0
Philippines,PHL,2052,Truck,Diesel,BAS,138084.02292207256,138084.02292207256,100.0
Philippines,PHL,2053,Truck,Diesel,BAS,143844.73843078827,143844.73843078827,100.0
Philippines,PHL,2054,Truck,Diesel,BAS,149527.81959284563,149527.81959284563,100.0
Philippines,PHL,2055,Truck,Diesel,BAS,154371.94863035297,154371.94863035297,100.0
Philippines,PHL,2056,Truck,Diesel,BAS,158645.3196947924,158645.3196947924,100.0
Philippines,PHL,2057,Truck,Diesel,BAS,161532.5406515333,161532.5406515333,100.0
Philippines,PHL,2058,Truck,Diesel,BAS,164441.71005500108,164441.71005500108,100.0
Philippines,PHL,2059,Truck,Diesel,BAS,166134.2012084208,166134.2012084208,100.0
Philippines,PHL,2060,Truck,Diesel,BAS,168429.90328478534,168429.90328478534,100.0
Philippines,PHL,2025,Truck,Diesel,RAS,433866.75474569603,433866.75474569603,100.0
Philippines,PHL,2026,Truck,Diesel,RAS,48590.263343631785,48672.019378498895,99.83202662245975
Philippines,PHL,2026,Truck,Electric,RAS,81.75603486711283,48672.019378498895,0.16797337754025665
Philippines,PHL,2027,Truck,Diesel,RAS,51372.40652626205,51560.89038060652,99.63444414370439
Philippines,PHL,2027,Truck,Electric,RAS,188.4838543444749,51560.89038060652,0.36555585629562537
Philippines,PHL,2028,Truck,Diesel,RAS,53438.97379549319,53760.032182965544,99.40279353557737
Philippines,PHL,2028,Truck,Electric,RAS,321.0583874723592,53760.032182965544,0.5972064644226349
Philippines,PHL,2029,Truck,Diesel,RAS,56248.075445368035,56740.44541674724,99.1322416174867
Philippines,PHL,2029,Truck,Electric,RAS,492.36997137919894,56740.44541674724,0.8677583825132845
Philippines,PHL,2030,Truck,Diesel,RAS,48848.83410040323,49433.299168951344,98.81766930717987
Philippines,PHL,2030,Truck,Electric,RAS,584.4650685481104,49433.299168951344,1.1823306928201307
Philippines,PHL,2031,Truck,Diesel,RAS,50295.476707622605,51085.35053616064,98.45381538885806
Philippines,PHL,2031,Truck,Electric,RAS,789.8738285380259,51085.35053616064,1.5461846111419275
Philippines,PHL,2032,Truck,Diesel,RAS,57564.176018138605,58717.69241516944,98.0354875173316
Philippines,PHL,2032,Truck,Electric,RAS,1153.5163970308358,58717.69241516944,1.9645124826683928
Philippines,PHL,2033,Truck,Diesel,RAS,51837.79907887162,53135.44690575579,97.55784903967073
Philippines,PHL,2033,Truck,Electric,RAS,1297.6478268841636,53135.44690575579,2.442150960329269
Philippines,PHL,2034,Truck,Diesel,RAS,66715.17101508519,68766.62842833262,97.01678348912304
Philippines,PHL,2034,Truck,Electric,RAS,2051.4574132474286,68766.62842833262,2.9832165108769604
Philippines,PHL,2035,Truck,Diesel,RAS,82913.7794388141,86001.82327273826,96.40932748119651
Philippines,PHL,2035,Truck,Electric,RAS,3088.043833924151,86001.82327273826,3.590672518803483
Philippines,PHL,2036,Truck,Diesel,RAS,87021.09899957982,90898.70391541265,95.73414718933594
Philippines,PHL,2036,Truck,Electric,RAS,3877.6049158328287,90898.70391541265,4.265852810664056
Philippines,PHL,2037,Truck,Diesel,RAS,92404.05511494531,97275.60270575469,94.99201500139235
Philippines,PHL,2037,Truck,Electric,RAS,4871.547590809379,97275.60270575469,5.007984998607657
Philippines,PHL,2038,Truck,Diesel,RAS,98086.05051934195,104140.54793436662,94.18622473655464
Philippines,PHL,2038,Truck,Electric,RAS,6054.497415024672,104140.54793436662,5.813775263445367
Philippines,PHL,2039,Truck,Diesel,RAS,105431.63326237323,112975.1279524325,93.32287130204853
Philippines,PHL,2039,Truck,Electric,RAS,7543.4946900592695,112975.1279524325,6.677128697951476
Philippines,PHL,2040,Truck,Diesel,RAS,105004.1812467349,113627.45976327965,92.41092027005651
Philippines,PHL,2040,Truck,Electric,RAS,8623.278516544759,113627.45976327965,7.589079729943496
Philippines,PHL,2041,Truck,Diesel,RAS,111775.27897386758,122209.51542111905,91.46200980234937
Philippines,PHL,2041,Truck,Electric,RAS,10434.236447251473,122209.51542111905,8.537990197650625
Philippines,PHL,2042,Truck,Diesel,RAS,113604.75488495475,125544.03963142657,90.48996289945481
Philippines,PHL,2042,Truck,Electric,RAS,11939.284746471822,125544.03963142657,9.510037100545189
Philippines,PHL,2043,Truck,Diesel,RAS,103852.56314841239,116023.37180550653,89.51003710054519
Philippines,PHL,2043,Truck,Electric,RAS,12170.808657094147,116023.37180550653,10.489962899454811
Philippines,PHL,2044,Truck,Diesel,RAS,102399.78063371552,115656.31928748335,88.53799019765063
Philippines,PHL,2044,Truck,Electric,RAS,13256.538653767833,115656.31928748335,11.462009802349376
Philippines,PHL,2045,Truck,Diesel,RAS,101177.84723772069,115514.22568849265,87.58907972994349
Philippines,PHL,2045,Truck,Electric,RAS,14336.378450771952,115514.22568849265,12.410920270056506
Philippines,PHL,2046,Truck,Diesel,RAS,99955.070656453,115318.85303304391,86.67712869795147
Philippines,PHL,2046,Truck,Electric,RAS,15363.78237659092,115318.85303304391,13.322871302048522
Philippines,PHL,2047,Truck,Diesel,RAS,98390.73222486685,114656.10494679981,85.81377526344536
Philippines,PHL,2047,Truck,Electric,RAS,16265.372721932956,114656.10494679981,14.186224736554633
Philippines,PHL,2048,Truck,Diesel,RAS,98867.32441898843,116303.57362382812,85.00798499860765
Philippines,PHL,2048,Truck,Electric,RAS,17436.249204839703,116303.57362382812,14.992015001392344
Philippines,PHL,2049,Truck,Diesel,RAS,97031.98836513578,115149.83249876532,84.26585281066406
Philippines,PHL,2049,Truck,Electric,RAS,18117.844133629533,115149.83249876532,15.734147189335946
Philippines,PHL,2050,Truck,Diesel,RAS,103520.73163585711,123842.44379966008,83.59067251880349
Philippines,PHL,2050,Truck,Electric,RAS,20321.71216380297,123842.44379966008,16.409327481196513
Philippines,PHL,2051,Truck,Diesel,RAS,108934.10434325722,131272.45354363765,82.98321651087697
Philippines,PHL,2051,Truck,Electric,RAS,22338.349200380442,131272.45354363765,17.01678348912304
Philippines,PHL,2052,Truck,Diesel,RAS,113839.43862951074,138084.02292207256,82.44215096032927
Philippines,PHL,2052,Truck,Electric,RAS,24244.584292561834,138084.02292207256,17.557849039670735
Philippines,PHL,2053,Truck,Diesel,RAS,117901.63858676517,143844.73843078827,81.96451248266841
Philippines,PHL,2053,Truck,Electric,RAS,25943.09984402312,143844.73843078827,18.035487517331607
Philippines,PHL,2054,Truck,Diesel,RAS,121934.23181019716,149527.81959284563,81.54618461114194
Philippines,PHL,2054,Truck,Electric,RAS,27593.587782648487,149527.81959284563,18.453815388858075
Philippines,PHL,2055,Truck,Diesel,RAS,125322.74583404357,154371.94863035297,81.18233069282013
Philippines,PHL,2055,Truck,Electric,RAS,29049.202796309408,154371.94863035297,18.81766930717987
Philippines,PHL,2056,Truck,Diesel,RAS,128292.91381595048,158645.3196947924,80.86775838251329
Philippines,PHL,2056,Truck,Electric,RAS,30352.40587884192,158645.3196947924,19.132241617486716
Philippines,PHL,2057,Truck,Diesel,RAS,130190.71529614371,161532.5406515333,80.59720646442263
Philippines,PHL,2057,Truck,Electric,RAS,31341.825355389585,161532.5406515333,19.402793535577366
Philippines,PHL,2058,Truck,Diesel,RAS,132154.49434529958,164441.71005500108,80.36555585629563
Philippines,PHL,2058,Truck,Electric,RAS,32287.21570970149,164441.71005500108,19.63444414370438
Philippines,PHL,2059,Truck,Diesel,RAS,133186.42219575596,166134.2012084208,80.16797337754026
Philippines,PHL,2059,Truck,Electric,RAS,32947.779012664854,166134.2012084208,19.832026622459743
Philippines,PHL,2060,Truck,Diesel,RAS,134743.9226278283,168429.90328478534,80.0
Philippines,PHL,2060,Truck,Electric,RAS,33685.98065695707,168429.90328478534,20.0
Philippines,PHL,2006,Truck,Gasoline,historical,81.0,6711.0,1.206973625391149
Philippines,PHL,2006,Truck,HybridDiesel,historical,6630.0,6711.0,98.79302637460886
Philippines,PHL,2007,Truck,Gasoline,historical,87.0,7237.0,1.2021555893325964
Philippines,PHL,2007,Truck,HybridDiesel,historical,7150.0,7237.0,98.79784441066741
Philippines,PHL,2008,Truck,Gasoline,historical,94.0,7793.0,1.2062107019119723
Philippines,PHL,2008,Truck,HybridDiesel,historical,7699.0,7793.0,98.79378929808803
Philippines,PHL,2009,Truck,Gasoline,historical,101.0,8380.0,1.2052505966587113
Philippines,PHL,2009,Truck,HybridDiesel,historical,8279.0,8380.0,98.79474940334129
Philippines,PHL,2010,Truck,Gasoline,historical,108.0,8998.0,1.2002667259390976
Philippines,PHL,2010,Truck,HybridDiesel,historical,8890.0,8998.0,98.7997332740609
Philippines,PHL,2011,Truck,Gasoline,historical,116.0,9651.0,1.2019479846648016
Philippines,PHL,2011,Truck,HybridDiesel,historical,9535.0,9651.0,98.7980520153352
Philippines,PHL,2012,Truck,Gasoline,historical,124.0,10339.0,1.1993422961601703
Philippines,PHL,2012,Truck,HybridDiesel,historical,10215.0,10339.0,98.80065770383983
Philippines,PHL,2013,Truck,Gasoline,historical,133.0,11064.0,1.2020968908170644
Philippines,PHL,2013,Truck,HybridDiesel,historical,10931.0,11064.0,98.79790310918294
Philippines,PHL,2014,Truck,Gasoline,historical,142.0,11828.0,1.2005410889414947
Philippines,PHL,2014,Truck,HybridDiesel,historical,11686.0,11828.0,98.79945891105851
Philippines,PHL,2015,Truck,Gasoline,historical,152.0,12633.0,1.2031979735613076
Philippines,PHL,2015,Truck,HybridDiesel,historical,12481.0,12633.0,98.7968020264387
Philippines,PHL,2016,Truck,Gasoline,historical,162.0,13481.0,1.20169126919368
Philippines,PHL,2016,Truck,HybridDiesel,historical,13319.0,13481.0,98.79830873080633
Philippines,PHL,2017,Truck,Gasoline,historical,172.0,14372.0,1.1967715001391594
Philippines,PHL,2017,Truck,HybridDiesel,historical,14200.0,14372.0,98.80322849986084
Philippines,PHL,2018,Truck,Gasoline,historical,184.0,15312.0,1.2016718913270636
Philippines,PHL,2018,Truck,HybridDiesel,historical,15128.0,15312.0,98.79832810867293
Philippines,PHL,2019,Truck,Gasoline,historical,196.0,16300.0,1.2024539877300613
Philippines,PHL,2019,Truck,HybridDiesel,historical,16104.0,16300.0,98.79754601226993
Philippines,PHL,2020,Truck,Gasoline,historical,208.0,17339.0,1.1996078205202145
Philippines,PHL,2020,Truck,HybridDiesel,historical,17131.0,17339.0,98.80039217947979
Philippines,PHL,2021,Truck,Gasoline,historical,221.0,18432.0,1.1990017361111112
Philippines,PHL,2021,Truck,HybridDiesel,historical,18211.0,18432.0,98.80099826388889
Philippines,PHL,2022,Truck,Gasoline,historical,235.0,19582.0,1.2000817076907364
Philippines,PHL,2022,Truck,HybridDiesel,historical,19347.0,19582.0,98.79991829230926
Philippines,PHL,2023,Truck,Gasoline,historical,249.0,20790.0,1.1976911976911977
Philippines,PHL,2023,Truck,HybridDiesel,historical,20541.0,20790.0,98.8023088023088
Philippines,PHL,2024,Truck,Gasoline,historical,265.0,22061.0,1.2012148134717375
Philippines,PHL,2024,Truck,HybridDiesel,historical,21796.0,22061.0,98.79878518652826
Singapore,SGP,2025,2W,Electric,ATS,11293.823595000897,112938.23595000897,10.0
Singapore,SGP,2025,2W,Gasoline,ATS,101644.41235500807,112938.23595000897,90.0
Singapore,SGP,2026,2W,Electric,ATS,486.41695536650326,2063.594296153402,23.57134618336551
Singapore,SGP,2026,2W,Gasoline,ATS,1577.1773407868989,2063.594296153402,76.4286538166345
Singapore,SGP,2027,2W,Electric,ATS,755.5979756797584,1999.8358440908487,37.78299993534034
Singapore,SGP,2027,2W,Gasoline,ATS,1244.2378684110906,1999.8358440908487,62.217000064659665
Singapore,SGP,2028,2W,Electric,ATS,1034.0052815376123,1980.208131944033,52.21700006465969
Singapore,SGP,2028,2W,Gasoline,ATS,946.2028504064211,1980.208131944033,47.78299993534032
Singapore,SGP,2029,2W,Electric,ATS,1380.404936049065,2078.026358714793,66.4286538166345
Singapore,SGP,2029,2W,Gasoline,ATS,697.621422665728,2078.026358714793,33.57134618336551
Singapore,SGP,2030,2W,Electric,ATS,1779.2513713708847,2224.0642142136057,80.0
Singapore,SGP,2030,2W,Gasoline,ATS,444.8128428427213,2224.0642142136057,20.000000000000007
Singapore,SGP,2031,2W,Electric,ATS,2232.5635745886007,2411.3225583066524,92.58668305896059
Singapore,SGP,2031,2W,Gasoline,ATS,178.75898371805212,2411.3225583066524,7.413316941039416
Singapore,SGP,2032,2W,Electric,ATS,2749.728048000281,2749.728048000281,100.0
Singapore,SGP,2032,2W,Gasoline,ATS,3.0528113903474996e-13,2749.728048000281,1.1102230246251565e-14
Singapore,SGP,2033,2W,Electric,ATS,3176.0351195163385,3176.0351195163385,100.0
Singapore,SGP,2033,2W,Gasoline,ATS,3.52610731670515e-13,3176.0351195163385,1.1102230246251565e-14
Singapore,SGP,2034,2W,Electric,ATS,5520.910803354462,5520.910803354462,100.0
Singapore,SGP,2034,2W,Gasoline,ATS,6.129442290785893e-13,5520.910803354462,1.1102230246251565e-14
Singapore,SGP,2035,2W,Electric,ATS,11728.67020541412,11728.67020541412,100.0
Singapore,SGP,2035,2W,Gasoline,ATS,1.302143971028582e-12,11728.67020541412,1.1102230246251565e-14
Singapore,SGP,2036,2W,Electric,ATS,10681.85644980814,10681.85644980814,100.0
Singapore,SGP,2036,2W,Gasoline,ATS,1.185924297631773e-12,10681.85644980814,1.1102230246251565e-14
Singapore,SGP,2037,2W,Electric,ATS,11787.70103562859,11787.70103562859,100.0
Singapore,SGP,2037,2W,Gasoline,ATS,1.3086977097152663e-12,11787.70103562859,1.1102230246251565e-14
Singapore,SGP,2038,2W,Electric,ATS,12882.6421616851,12882.6421616851,100.0
Singapore,SGP,2038,2W,Gasoline,ATS,1.4302605945909597e-12,12882.6421616851,1.1102230246251565e-14
Singapore,SGP,2039,2W,Electric,ATS,12813.364731448528,12813.364731448528,100.0
Singapore,SGP,2039,2W,Gasoline,ATS,1.4225692547774091e-12,12813.364731448528,1.1102230246251565e-14
Singapore,SGP,2040,2W,Electric,ATS,13814.777414439537,13814.777414439537,100.0
Singapore,SGP,2040,2W,Gasoline,ATS,1.5337483965582363e-12,13814.777414439537,1.1102230246251565e-14
Singapore,SGP,2041,2W,Electric,ATS,13663.041106227844,13663.041106227844,100.0
Singapore,SGP,2041,2W,Gasoline,ATS,1.5169022822534121e-12,13663.041106227844,1.1102230246251565e-14
Singapore,SGP,2042,2W,Electric,ATS,13630.391884444747,13630.391884444747,100.0
Singapore,SGP,2042,2W,Gasoline,ATS,1.5132774904774434e-12,13630.391884444747,1.1102230246251565e-14
Singapore,SGP,2043,2W,Electric,ATS,10344.774643722572,10344.774643722572,100.0
Singapore,SGP,2043,2W,Gasoline,ATS,1.14850069940193e-12,10344.774643722572,1.1102230246251565e-14
Singapore,SGP,2044,2W,Electric,ATS,9528.100736223307,9528.100736223307,100.0
Singapore,SGP,2044,2W,Gasoline,ATS,1.057831681830302e-12,9528.100736223307,1.1102230246251565e-14
Singapore,SGP,2045,2W,Electric,ATS,9026.874502907536,9026.874502907536,100.0
Singapore,SGP,2045,2W,Gasoline,ATS,1.0021843913529711e-12,9026.874502907536,1.1102230246251565e-14
Singapore,SGP,2046,2W,Electric,ATS,8546.500549369637,8546.500549369637,100.0
Singapore,SGP,2046,2W,Gasoline,ATS,9.48852168988172e-13,8546.500549369637,1.1102230246251565e-14
Singapore,SGP,2047,2W,Electric,ATS,6594.5328864380135,6594.5328864380135,100.0
Singapore,SGP,2047,2W,Gasoline,ATS,7.321402247171275e-13,6594.5328864380135,1.1102230246251565e-14
Singapore,SGP,2048,2W,Electric,ATS,6736.611100349837,6736.611100349837,100.0
Singapore,SGP,2048,2W,Gasoline,ATS,7.4791407515538e-13,6736.611100349837,1.1102230246251565e-14
Singapore,SGP,2049,2W,Electric,ATS,7360.080906044226,7360.080906044226,100.0
Singapore,SGP,2049,2W,Gasoline,ATS,8.171331284994283e-13,7360.080906044226,1.1102230246251565e-14
Singapore,SGP,2050,2W,Electric,ATS,8096.237249382422,8096.237249382422,100.0
Singapore,SGP,2050,2W,Gasoline,ATS,8.988629007092211e-13,8096.237249382422,1.1102230246251565e-14
Singapore,SGP,2051,2W,Electric,ATS,8964.327400221984,8964.327400221984,100.0
Singapore,SGP,2051,2W,Gasoline,ATS,9.952402680004617e-13,8964.327400221984,1.1102230246251565e-14
Singapore,SGP,2052,2W,Electric,ATS,9883.546335928113,9883.546335928113,100.0
Singapore,SGP,2052,2W,Gasoline,ATS,1.0972940707096993e-12,9883.546335928113,1.1102230246251565e-14
Singapore,SGP,2053,2W,Electric,ATS,10401.209131519456,10401.209131519456,100.0
Singapore,SGP,2053,2W,Gasoline,ATS,1.1547661861754328e-12,10401.209131519456,1.1102230246251565e-14
Singapore,SGP,2054,2W,Electric,ATS,10821.752503782685,10821.752503782685,100.0
Singapore,SGP,2054,2W,Gasoline,ATS,1.2014558796494474e-12,10821.752503782685,1.1102230246251565e-14
Singapore,SGP,2055,2W,Electric,ATS,11063.245236444753,11063.245236444753,100.0
Singapore,SGP,2055,2W,Gasoline,ATS,1.2282669588575548e-12,11063.245236444753,1.1102230246251565e-14
Singapore,SGP,2056,2W,Electric,ATS,11041.499878224276,11041.499878224276,100.0
Singapore,SGP,2056,2W,Gasoline,ATS,1.2258527391200454e-12,11041.499878224276,1.1102230246251565e-14
Singapore,SGP,2057,2W,Electric,ATS,10724.19500273178,10724.19500273178,100.0
Singapore,SGP,2057,2W,Gasoline,ATS,1.1906248212602866e-12,10724.19500273178,1.1102230246251565e-14
Singapore,SGP,2058,2W,Electric,ATS,10328.180903028056,10328.180903028056,100.0
Singapore,SGP,2058,2W,Gasoline,ATS,1.146658424103559e-12,10328.180903028056,1.1102230246251565e-14
Singapore,SGP,2059,2W,Electric,ATS,9887.26394424017,9887.26394424017,100.0
Singapore,SGP,2059,2W,Gasoline,ATS,1.0977068081441577e-12,9887.26394424017,1.1102230246251565e-14
Singapore,SGP,2060,2W,Electric,ATS,9415.353912441875,9415.353912441875,100.0
Singapore,SGP,2060,2W,Gasoline,ATS,1.045314269858752e-12,9415.353912441875,1.1102230246251565e-14
Singapore,SGP,2025,2W,Electric,BAS,11293.823595000897,112938.23595000897,10.0
Singapore,SGP,2025,2W,Gasoline,BAS,101644.41235500807,112938.23595000897,90.0
Singapore,SGP,2026,2W,Electric,BAS,221.67634474434473,2063.594296153402,10.742244498230862
Singapore,SGP,2026,2W,Gasoline,BAS,1841.9179514090574,2063.594296153402,89.25775550176914
Singapore,SGP,2027,2W,Electric,BAS,230.71139867233327,1999.8358440908487,11.536516827320778
Singapore,SGP,2027,2W,Gasoline,BAS,1769.1244454185155,1999.8358440908487,88.46348317267922
Singapore,SGP,2028,2W,Electric,BAS,245.23076872657938,1980.208131944033,12.384090579702274
Singapore,SGP,2028,2W,Gasoline,BAS,1734.9773632174538,1980.208131944033,87.61590942029773
Singapore,SGP,2029,2W,Electric,BAS,276.083427253207,2078.026358714793,13.285848184522436
Singapore,SGP,2029,2W,Gasoline,BAS,1801.9429314615859,2078.026358714793,86.71415181547756
Singapore,SGP,2030,2W,Electric,BAS,316.7559666878565,2224.0642142136057,14.24221318177436
Singapore,SGP,2030,2W,Gasoline,BAS,1907.3082475257493,2224.0642142136057,85.75778681822564
Singapore,SGP,2031,2W,Electric,BAS,367.8010599615416,2411.3225583066524,15.253084192097027
Singapore,SGP,2031,2W,Gasoline,BAS,2043.5214983451108,2411.3225583066524,84.74691580790298
Singapore,SGP,2032,2W,Electric,BAS,448.694392410215,2749.728048000281,16.317773415321003
Singapore,SGP,2032,2W,Gasoline,BAS,2301.033655590066,2749.728048000281,83.682226584679
Singapore,SGP,2033,2W,Electric,BAS,553.7402247613406,3176.0351195163385,17.434952823999843
Singapore,SGP,2033,2W,Gasoline,BAS,2622.294894754998,3176.0351195163385,82.56504717600016
Singapore,SGP,2034,2W,Electric,BAS,1027.0335830239069,5520.910803354462,18.602611409695108
Singapore,SGP,2034,2W,Gasoline,BAS,4493.877220330555,5520.910803354462,81.3973885903049
Singapore,SGP,2035,2W,Electric,BAS,2324.391009190836,11728.67020541412,19.818026839205217
Singapore,SGP,2035,2W,Gasoline,BAS,9404.279196223284,11728.67020541412,80.18197316079478
Singapore,SGP,2036,2W,Electric,BAS,2251.4954937397183,10681.85644980814,21.07775464236049
Singapore,SGP,2036,2W,Gasoline,BAS,8430.360956068422,10681.85644980814,78.92224535763951
Singapore,SGP,2037,2W,Electric,BAS,2637.8090137930726,11787.70103562859,22.37763755477201
Singapore,SGP,2037,2W,Gasoline,BAS,9149.892021835518,11787.70103562859,77.62236244522799
Singapore,SGP,2038,2W,Electric,BAS,3054.839920730899,12882.6421616851,23.71283687298595
Singapore,SGP,2038,2W,Gasoline,BAS,9827.8022409542,12882.6421616851,76.28716312701404
Singapore,SGP,2039,2W,Electric,BAS,3213.3210858762955,12813.364731448528,25.0778866692967
Singapore,SGP,2039,2W,Gasoline,BAS,9600.043645572232,12813.364731448528,74.9221133307033
Singapore,SGP,2040,2W,Electric,BAS,3656.325435252039,13814.777414439537,26.466770513655614
Singapore,SGP,2040,2W,Gasoline,BAS,10158.4519791875,13814.777414439537,73.53322948634438
Singapore,SGP,2041,2W,Electric,BAS,3808.30204965361,13663.041106227844,27.87301904491616
Singapore,SGP,2041,2W,Gasoline,BAS,9854.739056574233,13663.041106227844,72.12698095508384
Singapore,SGP,2042,2W,Electric,BAS,3992.317988422877,13630.391884444747,29.289825430323713
Singapore,SGP,2042,2W,Gasoline,BAS,9638.07389602187,13630.391884444747,70.71017456967628
Singapore,SGP,2043,2W,Electric,BAS,3176.89835192681,10344.774643722572,30.710174569676283
Singapore,SGP,2043,2W,Gasoline,BAS,7167.876291795762,10344.774643722572,69.28982543032372
Singapore,SGP,2044,2W,Electric,BAS,3061.091108907665,9528.100736223307,32.12698095508384
Singapore,SGP,2044,2W,Gasoline,BAS,6467.009627315642,9528.100736223307,67.87301904491616
Singapore,SGP,2045,2W,Electric,BAS,3027.002542504293,9026.874502907536,33.53322948634438
Singapore,SGP,2045,2W,Gasoline,BAS,5999.871960403243,9026.874502907536,66.46677051365562
Singapore,SGP,2046,2W,Electric,BAS,2984.618607660045,8546.500549369637,34.922113330703304
Singapore,SGP,2046,2W,Gasoline,BAS,5561.881941709593,8546.500549369637,65.0778866692967
Singapore,SGP,2047,2W,Electric,BAS,2392.9689059663506,6594.5328864380135,36.287163127014054
Singapore,SGP,2047,2W,Gasoline,BAS,4201.563980471663,6594.5328864380135,63.712836872985946
Singapore,SGP,2048,2W,Electric,BAS,2534.4722446990777,6736.611100349837,37.622362445228
Singapore,SGP,2048,2W,Gasoline,BAS,4202.13885565076,6736.611100349837,62.377637554772
Singapore,SGP,2049,2W,Electric,BAS,2864.7087487713115,7360.080906044226,38.92224535763952
Singapore,SGP,2049,2W,Gasoline,BAS,4495.372157272915,7360.080906044226,61.07775464236048
Singapore,SGP,2050,2W,Electric,BAS,3253.2278785811145,8096.237249382422,40.18197316079478
Singapore,SGP,2050,2W,Gasoline,BAS,4843.009370801307,8096.237249382422,59.81802683920522
Singapore,SGP,2051,2W,Electric,BAS,3710.99744837707,8964.327400221984,41.397388590304885
Singapore,SGP,2051,2W,Gasoline,BAS,5253.329951844914,8964.327400221984,58.602611409695115
Singapore,SGP,2052,2W,Electric,BAS,4206.936160549635,9883.546335928113,42.56504717600015
Singapore,SGP,2052,2W,Gasoline,BAS,5676.610175378478,9883.546335928113,57.43495282399985
Singapore,SGP,2053,2W,Electric,BAS,4543.479740376651,10401.209131519456,43.68222658467899
Singapore,SGP,2053,2W,Gasoline,BAS,5857.729391142805,10401.209131519456,56.31777341532101
Singapore,SGP,2054,2W,Electric,BAS,4842.400481807268,10821.752503782685,44.74691580790295
Singapore,SGP,2054,2W,Gasoline,BAS,5979.352021975417,10821.752503782685,55.25308419209705
Singapore,SGP,2055,2W,Electric,BAS,5062.296170469892,11063.245236444753,45.75778681822563
Singapore,SGP,2055,2W,Gasoline,BAS,6000.949065974861,11063.245236444753,54.24221318177437
Singapore,SGP,2056,2W,Electric,BAS,5157.943015819459,11041.499878224276,46.714151815477564
Singapore,SGP,2056,2W,Gasoline,BAS,5883.556862404817,11041.499878224276,53.285848184522436
Singapore,SGP,2057,2W,Electric,BAS,5106.422978556859,10724.19500273178,47.61590942029772
Singapore,SGP,2057,2W,Gasoline,BAS,5617.772024174921,10724.19500273178,52.38409057970228
Singapore,SGP,2058,2W,Electric,BAS,5005.396213982871,10328.180903028056,48.463483172679226
Singapore,SGP,2058,2W,Gasoline,BAS,5322.784689045186,10328.180903028056,51.536516827320774
Singapore,SGP,2059,2W,Electric,BAS,4870.244299468398,9887.26394424017,49.25775550176913
Singapore,SGP,2059,2W,Gasoline,BAS,5017.019644771773,9887.26394424017,50.74224449823087
Singapore,SGP,2060,2W,Electric,BAS,4707.676956220937,9415.353912441875,50.0
Singapore,SGP,2060,2W,Gasoline,BAS,4707.676956220937,9415.353912441875,50.0
Singapore,SGP,2025,2W,Electric,RAS,11293.823595000897,112938.23595000897,10.0
Singapore,SGP,2025,2W,Gasoline,RAS,101644.41235500807,112938.23595000897,90.0
Singapore,SGP,2026,2W,Electric,RAS,486.41695536650326,2063.594296153402,23.57134618336551
Singapore,SGP,2026,2W,Gasoline,RAS,1577.1773407868989,2063.594296153402,76.4286538166345
Singapore,SGP,2027,2W,Electric,RAS,755.5979756797584,1999.8358440908487,37.78299993534034
Singapore,SGP,2027,2W,Gasoline,RAS,1244.2378684110906,1999.8358440908487,62.217000064659665
Singapore,SGP,2028,2W,Electric,RAS,1034.0052815376123,1980.208131944033,52.21700006465969
Singapore,SGP,2028,2W,Gasoline,RAS,946.2028504064211,1980.208131944033,47.78299993534032
Singapore,SGP,2029,2W,Electric,RAS,1380.404936049065,2078.026358714793,66.4286538166345
Singapore,SGP,2029,2W,Gasoline,RAS,697.621422665728,2078.026358714793,33.57134618336551
Singapore,SGP,2030,2W,Electric,RAS,1779.2513713708847,2224.0642142136057,80.0
Singapore,SGP,2030,2W,Gasoline,RAS,444.8128428427213,2224.0642142136057,20.000000000000007
Singapore,SGP,2031,2W,Electric,RAS,2232.5635745886007,2411.3225583066524,92.58668305896059
Singapore,SGP,2031,2W,Gasoline,RAS,178.75898371805212,2411.3225583066524,7.413316941039416
Singapore,SGP,2032,2W,Electric,RAS,2749.728048000281,2749.728048000281,100.0
Singapore,SGP,2032,2W,Gasoline,RAS,3.0528113903474996e-13,2749.728048000281,1.1102230246251565e-14
Singapore,SGP,2033,2W,Electric,RAS,3176.0351195163385,3176.0351195163385,100.0
Singapore,SGP,2033,2W,Gasoline,RAS,3.52610731670515e-13,3176.0351195163385,1.1102230246251565e-14
Singapore,SGP,2034,2W,Electric,RAS,5520.910803354462,5520.910803354462,100.0
Singapore,SGP,2034,2W,Gasoline,RAS,6.129442290785893e-13,5520.910803354462,1.1102230246251565e-14
Singapore,SGP,2035,2W,Electric,RAS,11728.67020541412,11728.67020541412,100.0
Singapore,SGP,2035,2W,Gasoline,RAS,1.302143971028582e-12,11728.67020541412,1.1102230246251565e-14
Singapore,SGP,2036,2W,Electric,RAS,10681.85644980814,10681.85644980814,100.0
Singapore,SGP,2036,2W,Gasoline,RAS,1.185924297631773e-12,10681.85644980814,1.1102230246251565e-14
Singapore,SGP,2037,2W,Electric,RAS,11787.70103562859,11787.70103562859,100.0
Singapore,SGP,2037,2W,Gasoline,RAS,1.3086977097152663e-12,11787.70103562859,1.1102230246251565e-14
Singapore,SGP,2038,2W,Electric,RAS,12882.6421616851,12882.6421616851,100.0
Singapore,SGP,2038,2W,Gasoline,RAS,1.4302605945909597e-12,12882.6421616851,1.1102230246251565e-14
Singapore,SGP,2039,2W,Electric,RAS,12813.364731448528,12813.364731448528,100.0
Singapore,SGP,2039,2W,Gasoline,RAS,1.4225692547774091e-12,12813.364731448528,1.1102230246251565e-14
Singapore,SGP,2040,2W,Electric,RAS,13814.777414439537,13814.777414439537,100.0
Singapore,SGP,2040,2W,Gasoline,RAS,1.5337483965582363e-12,13814.777414439537,1.1102230246251565e-14
Singapore,SGP,2041,2W,Electric,RAS,13663.041106227844,13663.041106227844,100.0
Singapore,SGP,2041,2W,Gasoline,RAS,1.5169022822534121e-12,13663.041106227844,1.1102230246251565e-14
Singapore,SGP,2042,2W,Electric,RAS,13630.391884444747,13630.391884444747,100.0
Singapore,SGP,2042,2W,Gasoline,RAS,1.5132774904774434e-12,13630.391884444747,1.1102230246251565e-14
Singapore,SGP,2043,2W,Electric,RAS,10344.774643722572,10344.774643722572,100.0
Singapore,SGP,2043,2W,Gasoline,RAS,1.14850069940193e-12,10344.774643722572,1.1102230246251565e-14
Singapore,SGP,2044,2W,Electric,RAS,9528.100736223307,9528.100736223307,100.0
Singapore,SGP,2044,2W,Gasoline,RAS,1.057831681830302e-12,9528.100736223307,1.1102230246251565e-14
Singapore,SGP,2045,2W,Electric,RAS,9026.874502907536,9026.874502907536,100.0
Singapore,SGP,2045,2W,Gasoline,RAS,1.0021843913529711e-12,9026.874502907536,1.1102230246251565e-14
Singapore,SGP,2046,2W,Electric,RAS,8546.500549369637,8546.500549369637,100.0
Singapore,SGP,2046,2W,Gasoline,RAS,9.48852168988172e-13,8546.500549369637,1.1102230246251565e-14
Singapore,SGP,2047,2W,Electric,RAS,6594.5328864380135,6594.5328864380135,100.0
Singapore,SGP,2047,2W,Gasoline,RAS,7.321402247171275e-13,6594.5328864380135,1.1102230246251565e-14
Singapore,SGP,2048,2W,Electric,RAS,6736.611100349837,6736.611100349837,100.0
Singapore,SGP,2048,2W,Gasoline,RAS,7.4791407515538e-13,6736.611100349837,1.1102230246251565e-14
Singapore,SGP,2049,2W,Electric,RAS,7360.080906044226,7360.080906044226,100.0
Singapore,SGP,2049,2W,Gasoline,RAS,8.171331284994283e-13,7360.080906044226,1.1102230246251565e-14
Singapore,SGP,2050,2W,Electric,RAS,8096.237249382422,8096.237249382422,100.0
Singapore,SGP,2050,2W,Gasoline,RAS,8.988629007092211e-13,8096.237249382422,1.1102230246251565e-14
Singapore,SGP,2051,2W,Electric,RAS,8964.327400221984,8964.327400221984,100.0
Singapore,SGP,2051,2W,Gasoline,RAS,9.952402680004617e-13,8964.327400221984,1.1102230246251565e-14
Singapore,SGP,2052,2W,Electric,RAS,9883.546335928113,9883.546335928113,100.0
Singapore,SGP,2052,2W,Gasoline,RAS,1.0972940707096993e-12,9883.546335928113,1.1102230246251565e-14
Singapore,SGP,2053,2W,Electric,RAS,10401.209131519456,10401.209131519456,100.0
Singapore,SGP,2053,2W,Gasoline,RAS,1.1547661861754328e-12,10401.209131519456,1.1102230246251565e-14
Singapore,SGP,2054,2W,Electric,RAS,10821.752503782685,10821.752503782685,100.0
Singapore,SGP,2054,2W,Gasoline,RAS,1.2014558796494474e-12,10821.752503782685,1.1102230246251565e-14
Singapore,SGP,2055,2W,Electric,RAS,11063.245236444753,11063.245236444753,100.0
Singapore,SGP,2055,2W,Gasoline,RAS,1.2282669588575548e-12,11063.245236444753,1.1102230246251565e-14
Singapore,SGP,2056,2W,Electric,RAS,11041.499878224276,11041.499878224276,100.0
Singapore,SGP,2056,2W,Gasoline,RAS,1.2258527391200454e-12,11041.499878224276,1.1102230246251565e-14
Singapore,SGP,2057,2W,Electric,RAS,10724.19500273178,10724.19500273178,100.0
Singapore,SGP,2057,2W,Gasoline,RAS,1.1906248212602866e-12,10724.19500273178,1.1102230246251565e-14
Singapore,SGP,2058,2W,Electric,RAS,10328.180903028056,10328.180903028056,100.0
Singapore,SGP,2058,2W,Gasoline,RAS,1.146658424103559e-12,10328.180903028056,1.1102230246251565e-14
Singapore,SGP,2059,2W,Electric,RAS,9887.26394424017,9887.26394424017,100.0
Singapore,SGP,2059,2W,Gasoline,RAS,1.0977068081441577e-12,9887.26394424017,1.1102230246251565e-14
Singapore,SGP,2060,2W,Electric,RAS,9415.353912441875,9415.353912441875,100.0
Singapore,SGP,2060,2W,Gasoline,RAS,1.045314269858752e-12,9415.353912441875,1.1102230246251565e-14
Singapore,SGP,2006,2W,Electric,historical,0.0,792.9827202819811,0.0
Singapore,SGP,2006,2W,Gasoline,historical,792.9827202819811,792.9827202819811,100.0
Singapore,SGP,2007,2W,Electric,historical,0.0,816.7722018904406,0.0
Singapore,SGP,2007,2W,Gasoline,historical,816.7722018904406,816.7722018904406,99.99999999999999
Singapore,SGP,2008,2W,Electric,historical,0.0,841.2753679471538,0.0
Singapore,SGP,2008,2W,Gasoline,historical,841.2753679471538,841.2753679471538,100.0
Singapore,SGP,2009,2W,Electric,historical,0.0,866.5136289855685,0.0
Singapore,SGP,2009,2W,Gasoline,historical,866.5136289855685,866.5136289855685,100.0
Singapore,SGP,2010,2W,Electric,historical,0.0,892.5090378551355,0.0
Singapore,SGP,2010,2W,Gasoline,historical,892.5090378551355,892.5090378551355,100.0
Singapore,SGP,2011,2W,Electric,historical,0.0,919.2843089907897,0.0
Singapore,SGP,2011,2W,Gasoline,historical,919.2843089907897,919.2843089907897,100.0
Singapore,SGP,2012,2W,Electric,historical,0.0,946.8628382605134,0.0
Singapore,SGP,2012,2W,Gasoline,historical,946.8628382605134,946.8628382605134,100.0
Singapore,SGP,2013,2W,Electric,historical,0.0,975.2687234083288,0.0
Singapore,SGP,2013,2W,Gasoline,historical,975.2687234083288,975.2687234083288,100.0
Singapore,SGP,2014,2W,Electric,historical,0.0,1004.5267851105787,0.0
Singapore,SGP,2014,2W,Gasoline,historical,1004.5267851105787,1004.5267851105787,100.0
Singapore,SGP,2015,2W,Electric,historical,0.0,1034.662588663896,0.0
Singapore,SGP,2015,2W,Gasoline,historical,1034.662588663896,1034.662588663896,100.0
Singapore,SGP,2016,2W,Electric,historical,0.0,1065.7024663238128,0.0
Singapore,SGP,2016,2W,Gasoline,historical,1065.7024663238128,1065.7024663238128,100.0
Singapore,SGP,2017,2W,Electric,historical,0.0,1097.6735403135274,0.0
Singapore,SGP,2017,2W,Gasoline,historical,1097.6735403135274,1097.6735403135274,100.0
Singapore,SGP,2018,2W,Electric,historical,1023.0,2153.6037465229333,47.501774718383935
Singapore,SGP,2018,2W,Gasoline,historical,1130.6037465229333,2153.6037465229333,52.498225281616065
Singapore,SGP,2019,2W,Electric,historical,1427.0,2591.5218589186215,55.0641699235156
Singapore,SGP,2019,2W,Gasoline,historical,1164.5218589186213,2591.5218589186215,44.935830076484386
Singapore,SGP,2020,2W,Electric,historical,1897.0,3096.45751468618,61.2635565320281
Singapore,SGP,2020,2W,Gasoline,historical,1199.4575146861798,3096.45751468618,38.7364434679719
Singapore,SGP,2021,2W,Electric,historical,2443.0,3678.4412401267655,66.41400094556927
Singapore,SGP,2021,2W,Gasoline,historical,1235.4412401267655,3678.4412401267655,33.58599905443073
Singapore,SGP,2022,2W,Electric,historical,3075.0,4347.504477330569,70.73023193038998
Singapore,SGP,2022,2W,Gasoline,historical,1272.5044773305685,4347.504477330569,29.26976806961001
Singapore,SGP,2023,2W,Electric,historical,3803.0,5113.679611650486,74.36914880892485
Singapore,SGP,2023,2W,Gasoline,historical,1310.6796116504854,5113.679611650486,25.63085119107515
Singapore,SGP,2024,2W,Electric,historical,150.0,1500.0,10.0
Singapore,SGP,2024,2W,Gasoline,historical,1350.0,1500.0,90.0
Singapore,SGP,2025,Bus,Diesel,ATS,15075.693156879783,17077.77724145877,88.27667057444314
Singapore,SGP,2025,Bus,Electric,ATS,2002.0840845789883,17077.77724145877,11.723329425556859
Singapore,SGP,2026,Bus,Diesel,ATS,802.0353359716383,949.3528848878772,84.48231935023426
Singapore,SGP,2026,Bus,Electric,ATS,147.31754891623885,949.3528848878772,15.51768064976573
Singapore,SGP,2027,Bus,Diesel,ATS,801.201070706307,1001.5369952724452,79.99715182646435
Singapore,SGP,2027,Bus,Electric,ATS,200.33592456613826,1001.5369952724452,20.00284817353566
Singapore,SGP,2028,Bus,Diesel,ATS,790.2597843526179,1056.58956628949,74.79344956318623
Singapore,SGP,2028,Bus,Electric,ATS,266.32978193687217,1056.58956628949,25.206550436813767
Singapore,SGP,2029,Bus,Diesel,ATS,767.842205176375,1114.668271727822,68.88526610577695
Singapore,SGP,2029,Bus,Electric,ATS,346.826066551447,1114.668271727822,31.114733894223058
Singapore,SGP,2030,Bus,Diesel,ATS,694.8808577197891,1114.668271727822,62.33970010132881
Singapore,SGP,2030,Bus,Electric,ATS,419.78741400803284,1114.668271727822,37.66029989867119
Singapore,SGP,2031,Bus,Diesel,ATS,616.2117040039323,1114.668271727822,55.28207087555802
Singapore,SGP,2031,Bus,Electric,ATS,498.4565677238898,1114.668271727822,44.71792912444198
Singapore,SGP,2032,Bus,Diesel,ATS,533.830873210521,1114.668271727822,47.891456745516024
Singapore,SGP,2032,Bus,Electric,ATS,580.837398517301,1114.668271727822,52.108543254483976
Singapore,SGP,2033,Bus,Diesel,ATS,450.161165020487,1114.668271727822,40.38521382892709
Singapore,SGP,2033,Bus,Electric,ATS,664.507106707335,1114.668271727822,59.61478617107291
Singapore,SGP,2034,Bus,Diesel,ATS,367.7803342270758,1114.668271727822,32.99459969888511
Singapore,SGP,2034,Bus,Electric,ATS,746.8879375007463,1114.668271727822,67.00540030111489
Singapore,SGP,2035,Bus,Diesel,ATS,289.111180511219,1114.668271727822,25.93697047311433
Singapore,SGP,2035,Bus,Electric,ATS,825.557091216603,1114.668271727822,74.06302952688567
Singapore,SGP,2036,Bus,Diesel,ATS,216.149833054633,1114.668271727822,19.391404468666185
Singapore,SGP,2036,Bus,Electric,ATS,898.518438673189,1114.668271727822,80.60859553133382
Singapore,SGP,2037,Bus,Diesel,ATS,150.2931866194198,1114.668271727822,13.483221011256896
Singapore,SGP,2037,Bus,Electric,ATS,964.3750851084022,1114.668271727822,86.5167789887431
Singapore,SGP,2038,Bus,Diesel,ATS,190.26169774878832,2297.980154888053,8.279518747978788
Singapore,SGP,2038,Bus,Electric,ATS,2107.718457139265,2297.980154888053,91.72048125202122
Singapore,SGP,2039,Bus,Diesel,ATS,98.90172915826965,2606.5517743126547,3.7943512242088473
Singapore,SGP,2039,Bus,Electric,ATS,2507.650045154385,2606.5517743126547,96.20564877579115
Singapore,SGP,2040,Bus,Electric,ATS,2807.126549796805,2807.126549796805,100.0
Singapore,SGP,2041,Bus,Electric,ATS,2881.0074442656296,2881.0074442656296,100.0
Singapore,SGP,2042,Bus,Electric,ATS,2904.7797937918695,2904.7797937918695,100.0
Singapore,SGP,2043,Bus,Electric,ATS,2478.613737700707,2478.613737700707,100.0
Singapore,SGP,2044,Bus,Electric,ATS,2346.4783405137205,2346.4783405137205,100.0
Singapore,SGP,2045,Bus,Electric,ATS,2187.744770648933,2187.744770648933,100.0
Singapore,SGP,2046,Bus,Electric,ATS,2085.3734398517263,2085.3734398517263,100.0
Singapore,SGP,2047,Bus,Electric,ATS,1699.4854010877607,1699.4854010877607,100.0
Singapore,SGP,2048,Bus,Electric,ATS,1711.6140281712433,1711.6140281712433,100.0
Singapore,SGP,2049,Bus,Electric,ATS,1775.367878625777,1775.367878625777,100.0
Singapore,SGP,2050,Bus,Electric,ATS,1856.2010724722604,1856.2010724722604,100.0
Singapore,SGP,2051,Bus,Electric,ATS,1988.6516202030652,1988.6516202030652,100.0
Singapore,SGP,2052,Bus,Electric,ATS,2139.0625628186754,2139.0625628186754,100.0
Singapore,SGP,2053,Bus,Electric,ATS,2277.0115855398108,2277.0115855398108,100.0
Singapore,SGP,2054,Bus,Electric,ATS,2411.977838876781,2411.977838876781,100.0
Singapore,SGP,2055,Bus,Electric,ATS,2534.6464141329307,2534.6464141329307,100.0
Singapore,SGP,2056,Bus,Electric,ATS,2605.0467725278977,2605.0467725278977,100.0
Singapore,SGP,2057,Bus,Electric,ATS,2631.941773567254,2631.941773567254,100.0
Singapore,SGP,2058,Bus,Electric,ATS,2637.114323465885,2637.114323465885,100.0
Singapore,SGP,2059,Bus,Electric,ATS,2622.398366692236,2622.398366692236,100.0
Singapore,SGP,2060,Bus,Electric,ATS,2573.2242177804183,2573.2242177804183,100.0
Singapore,SGP,2025,Bus,Diesel,BAS,15075.693156879783,17077.77724145877,88.27667057444314
Singapore,SGP,2025,Bus,Electric,BAS,2002.0840845789883,17077.77724145877,11.723329425556859
Singapore,SGP,2026,Bus,Diesel,BAS,834.8374458655088,949.3528848878772,87.93752661994668
Singapore,SGP,2026,Bus,Electric,BAS,114.51543902236838,949.3528848878772,12.062473380053316
Singapore,SGP,2027,Bus,Diesel,BAS,877.0921203929985,1001.5369952724452,87.57461027731738
Singapore,SGP,2027,Bus,Electric,BAS,124.4448748794467,1001.5369952724452,12.425389722682617
Singapore,SGP,2028,Bus,Diesel,BAS,921.2123335589862,1056.58956628949,87.18733962082185
Singapore,SGP,2028,Bus,Electric,BAS,135.37723273050372,1056.58956628949,12.812660379178148
Singapore,SGP,2029,Bus,Diesel,BAS,967.2568644683894,1114.668271727822,86.77531145378943
Singapore,SGP,2029,Bus,Electric,BAS,147.41140725943262,1114.668271727822,13.224688546210572
Singapore,SGP,2030,Bus,Diesel,BAS,962.3859959709079,1114.668271727822,86.33833225369689
Singapore,SGP,2030,Bus,Electric,BAS,152.2822757569142,1114.668271727822,13.661667746303113
Singapore,SGP,2031,Bus,Diesel,BAS,957.237522560289,1114.668271727822,85.87644834247385
Singapore,SGP,2031,Bus,Electric,BAS,157.43074916753304,1114.668271727822,14.123551657526162
Singapore,SGP,2032,Bus,Diesel,BAS,951.8149472758407,1114.668271727822,85.38997398754825
Singapore,SGP,2032,Bus,Electric,BAS,162.8533244519814,1114.668271727822,14.61002601245177
Singapore,SGP,2033,Bus,Diesel,BAS,946.1250339023848,1114.668271727822,84.87951598692388
Singapore,SGP,2033,Bus,Electric,BAS,168.54323782543733,1114.668271727822,15.12048401307613
Singapore,SGP,2034,Bus,Diesel,BAS,940.1780247194685,1114.668271727822,84.34599320406957
Singapore,SGP,2034,Bus,Electric,BAS,174.49024700835366,1114.668271727822,15.654006795930442
Singapore,SGP,2035,Bus,Diesel,BAS,933.9877848592004,1114.668271727822,83.79064951866326
Singapore,SGP,2035,Bus,Electric,BAS,180.6804868686215,1114.668271727822,16.209350481336728
Singapore,SGP,2036,Bus,Diesel,BAS,927.5718573739598,1114.668271727822,83.21505876686986
Singapore,SGP,2036,Bus,Electric,BAS,187.0964143538622,1114.668271727822,16.78494123313013
Singapore,SGP,2037,Bus,Diesel,BAS,920.9514156527829,1114.668271727822,82.62112047248254
Singapore,SGP,2037,Bus,Electric,BAS,193.71685607503915,1114.668271727822,17.37887952751746
Singapore,SGP,2038,Bus,Diesel,BAS,1884.597550871027,2297.980154888053,82.01104552022711
Singapore,SGP,2038,Bus,Electric,BAS,413.38260401702644,2297.980154888053,17.98895447977289
Singapore,SGP,2039,Bus,Diesel,BAS,2121.4029302581102,2606.5517743126547,81.38733138410505
Singapore,SGP,2039,Bus,Electric,BAS,485.1488440545443,2606.5517743126547,18.612668615894947
Singapore,SGP,2040,Bus,Diesel,BAS,2266.8312413193366,2807.126549796805,80.7527270718672
Singapore,SGP,2040,Bus,Electric,BAS,540.2953084774687,2807.126549796805,19.247272928132794
Singapore,SGP,2041,Bus,Diesel,BAS,2307.980495541254,2881.0074442656296,80.1101885430761
Singapore,SGP,2041,Bus,Electric,BAS,573.0269487243752,2881.0074442656296,19.889811456923884
Singapore,SGP,2042,Bus,Diesel,BAS,2308.220111879938,2904.7797937918695,79.46282595372958
Singapore,SGP,2042,Bus,Electric,BAS,596.5596819119312,2904.7797937918695,20.53717404627042
Singapore,SGP,2043,Bus,Diesel,BAS,1953.490779979096,2478.613737700707,78.81384462071355
Singapore,SGP,2043,Bus,Electric,BAS,525.122957721611,2478.613737700707,21.186155379286436
Singapore,SGP,2044,Bus,Diesel,BAS,1834.1595704075764,2346.4783405137205,78.16648203136702
Singapore,SGP,2044,Bus,Electric,BAS,512.3187701061439,2346.4783405137205,21.83351796863297
Singapore,SGP,2045,Bus,Diesel,BAS,1696.0260199784384,2187.744770648933,77.52394350257595
Singapore,SGP,2045,Bus,Electric,BAS,491.71875067049456,2187.744770648933,22.47605649742406
Singapore,SGP,2046,Bus,Diesel,BAS,1603.4298575528148,2085.3734398517263,76.88933919033809
Singapore,SGP,2046,Bus,Electric,BAS,481.94358229891145,2085.3734398517263,23.110660809661912
Singapore,SGP,2047,Bus,Diesel,BAS,1296.1231638447312,1699.4854010877607,76.26562505421603
Singapore,SGP,2047,Bus,Electric,BAS,403.3622372430297,1699.4854010877607,23.73437494578397
Singapore,SGP,2048,Bus,Diesel,BAS,1294.9310086352812,1711.6140281712433,75.65555010196061
Singapore,SGP,2048,Bus,Electric,BAS,416.6830195359623,1711.6140281712433,24.3444498980394
Singapore,SGP,2049,Bus,Diesel,BAS,1332.6197452104295,1775.367878625777,75.06161180757329
Singapore,SGP,2049,Bus,Electric,BAS,442.74813341534764,1775.367878625777,24.93838819242673
Singapore,SGP,2050,Bus,Diesel,BAS,1382.6103216793001,1856.2010724722604,74.4860210557799
Singapore,SGP,2050,Bus,Electric,BAS,473.59075079296053,1856.2010724722604,25.513978944220117
Singapore,SGP,2051,Bus,Diesel,BAS,1470.2236133530355,1988.6516202030652,73.9306773703736
Singapore,SGP,2051,Bus,Electric,BAS,518.42800685003,1988.6516202030652,26.069322629626413
Singapore,SGP,2052,Bus,Diesel,BAS,1570.011055955775,2139.0625628186754,73.39715458751928
Singapore,SGP,2052,Bus,Electric,BAS,569.0515068629006,2139.0625628186754,26.602845412480725
Singapore,SGP,2053,Bus,Diesel,BAS,1659.6385256008473,2277.0115855398108,72.88669658689493
Singapore,SGP,2053,Bus,Electric,BAS,617.3730599389637,2277.0115855398108,27.113303413105083
Singapore,SGP,2054,Bus,Diesel,BAS,1746.2773155326404,2411.977838876781,72.40022223196932
Singapore,SGP,2054,Bus,Electric,BAS,665.7005233441408,2411.977838876781,27.599777768030687
Singapore,SGP,2055,Bus,Diesel,BAS,1823.3825126336114,2534.6464141329307,71.93833832074628
Singapore,SGP,2055,Bus,Electric,BAS,711.2639014993196,2534.6464141329307,28.061661679253735
Singapore,SGP,2056,Bus,Diesel,BAS,1862.6438480861716,2605.0467725278977,71.50135912065373
Singapore,SGP,2056,Bus,Electric,BAS,742.4029244417264,2605.0467725278977,28.498640879346283
Singapore,SGP,2057,Bus,Diesel,BAS,1871.0297979178356,2631.941773567254,71.08933095362131
Singapore,SGP,2057,Bus,Electric,BAS,760.9119756494188,2631.941773567254,28.9106690463787
Singapore,SGP,2058,Bus,Diesel,BAS,1864.4941590809901,2637.114323465885,70.70206029712577
Singapore,SGP,2058,Bus,Electric,BAS,772.6201643848947,2637.114323465885,29.29793970287423
Singapore,SGP,2059,Bus,Diesel,BAS,1844.5725622080158,2622.398366692236,70.33914395449646
Singapore,SGP,2059,Bus,Electric,BAS,777.82580448422,2622.398366692236,29.660856045503536
Singapore,SGP,2060,Bus,Diesel,BAS,1801.2569524462926,2573.2242177804183,70.0
Singapore,SGP,2060,Bus,Electric,BAS,771.9672653341255,2573.2242177804183,30.0
Singapore,SGP,2025,Bus,Diesel,RAS,15075.693156879783,17077.77724145877,88.27667057444314
Singapore,SGP,2025,Bus,Electric,RAS,2002.0840845789883,17077.77724145877,11.723329425556859
Singapore,SGP,2026,Bus,Diesel,RAS,773.3377423544343,949.3528848878772,81.4594609301439
Singapore,SGP,2026,Bus,Electric,RAS,176.01514253344283,949.3528848878772,18.540539069856095
Singapore,SGP,2027,Bus,Diesel,RAS,735.7021933657078,1001.5369952724452,73.45731578947584
Singapore,SGP,2027,Bus,Electric,RAS,265.8348019067374,1001.5369952724452,26.542684210524158
Singapore,SGP,2028,Bus,Diesel,RAS,680.2586735874022,1056.58956628949,64.38249016373699
Singapore,SGP,2028,Bus,Electric,RAS,376.33089270208785,1056.58956628949,35.61750983626302
Singapore,SGP,2029,Bus,Diesel,RAS,607.3246260087815,1114.668271727822,54.48478631829911
Singapore,SGP,2029,Bus,Electric,RAS,507.3436457190405,1114.668271727822,45.51521368170089
Singapore,SGP,2030,Bus,Diesel,RAS,491.9960191155041,1114.668271727822,44.13833528722157
Singapore,SGP,2030,Bus,Electric,RAS,622.6722526123178,1114.668271727822,55.86166471277843
Singapore,SGP,2031,Bus,Diesel,RAS,376.6674122222266,1114.668271727822,33.79188425614402
Singapore,SGP,2031,Bus,Electric,RAS,738.0008595055955,1114.668271727822,66.20811574385598
Singapore,SGP,2032,Bus,Diesel,RAS,266.3408478275462,1114.668271727822,23.894180410706166
Singapore,SGP,2032,Bus,Electric,RAS,848.3274239002758,1114.668271727822,76.10581958929383
Singapore,SGP,2033,Bus,Diesel,RAS,165.1866458628094,1114.668271727822,14.81935478496731
Singapore,SGP,2033,Bus,Electric,RAS,949.4816258650126,1114.668271727822,85.1806452150327
Singapore,SGP,2034,Bus,Diesel,RAS,75.98927292217284,1114.668271727822,6.817209644299249
Singapore,SGP,2034,Bus,Electric,RAS,1038.6789988056491,1114.668271727822,93.18279035570075
Singapore,SGP,2035,Bus,Electric,RAS,1114.668271727822,1114.668271727822,100.0
Singapore,SGP,2036,Bus,Electric,RAS,1114.668271727822,1114.668271727822,100.0
Singapore,SGP,2037,Bus,Electric,RAS,1114.668271727822,1114.668271727822,100.0
Singapore,SGP,2038,Bus,Electric,RAS,2297.980154888053,2297.980154888053,100.0
Singapore,SGP,2039,Bus,Electric,RAS,2606.5517743126547,2606.5517743126547,100.0
Singapore,SGP,2040,Bus,Electric,RAS,2807.126549796805,2807.126549796805,100.0
Singapore,SGP,2041,Bus,Electric,RAS,2881.0074442656296,2881.0074442656296,100.0
Singapore,SGP,2042,Bus,Electric,RAS,2904.7797937918695,2904.7797937918695,100.0
Singapore,SGP,2043,Bus,Electric,RAS,2478.613737700707,2478.613737700707,100.0
Singapore,SGP,2044,Bus,Electric,RAS,2346.4783405137205,2346.4783405137205,100.0
Singapore,SGP,2045,Bus,Electric,RAS,2187.744770648933,2187.744770648933,100.0
Singapore,SGP,2046,Bus,Electric,RAS,2085.3734398517263,2085.3734398517263,100.0
Singapore,SGP,2047,Bus,Electric,RAS,1699.4854010877607,1699.4854010877607,100.0
Singapore,SGP,2048,Bus,Electric,RAS,1711.6140281712433,1711.6140281712433,100.0
Singapore,SGP,2049,Bus,Electric,RAS,1775.367878625777,1775.367878625777,100.0
Singapore,SGP,2050,Bus,Electric,RAS,1856.2010724722604,1856.2010724722604,100.0
Singapore,SGP,2051,Bus,Electric,RAS,1988.6516202030652,1988.6516202030652,100.0
Singapore,SGP,2052,Bus,Electric,RAS,2139.0625628186754,2139.0625628186754,100.0
Singapore,SGP,2053,Bus,Electric,RAS,2277.0115855398108,2277.0115855398108,100.0
Singapore,SGP,2054,Bus,Electric,RAS,2411.977838876781,2411.977838876781,100.0
Singapore,SGP,2055,Bus,Electric,RAS,2534.6464141329307,2534.6464141329307,100.0
Singapore,SGP,2056,Bus,Electric,RAS,2605.0467725278977,2605.0467725278977,100.0
Singapore,SGP,2057,Bus,Electric,RAS,2631.941773567254,2631.941773567254,100.0
Singapore,SGP,2058,Bus,Electric,RAS,2637.114323465885,2637.114323465885,100.0
Singapore,SGP,2059,Bus,Electric,RAS,2622.398366692236,2622.398366692236,100.0
Singapore,SGP,2060,Bus,Electric,RAS,2573.2242177804183,2573.2242177804183,100.0
Singapore,SGP,2006,Bus,Electric,historical,0.0,157.76218382284884,0.0
Singapore,SGP,2006,Bus,Gasoline,historical,1.762183822848847,157.76218382284884,1.1169874681930132
Singapore,SGP,2006,Bus,HybridDiesel,historical,156.0,157.76218382284884,98.883012531807
Singapore,SGP,2007,Bus,Electric,historical,0.0,157.8150493375343,0.0
Singapore,SGP,2007,Bus,Gasoline,historical,1.8150493375343124,157.8150493375343,1.1501116941339928
Singapore,SGP,2007,Bus,HybridDiesel,historical,156.0,157.8150493375343,98.84988830586602
Singapore,SGP,2008,Bus,Electric,historical,0.0,158.86950081766034,0.0
Singapore,SGP,2008,Bus,Gasoline,historical,1.8695008176603418,158.86950081766034,1.1767524968848666
Singapore,SGP,2008,Bus,HybridDiesel,historical,157.0,158.86950081766034,98.82324750311514
Singapore,SGP,2009,Bus,Electric,historical,0.0,158.92558584219015,0.0
Singapore,SGP,2009,Bus,Gasoline,historical,1.9255858421901522,158.92558584219015,1.2116273361434826
Singapore,SGP,2009,Bus,HybridDiesel,historical,157.0,158.92558584219015,98.78837266385652
Singapore,SGP,2010,Bus,Electric,historical,0.0,158.98335341745585,0.0
Singapore,SGP,2010,Bus,Gasoline,historical,1.9833534174558567,158.98335341745585,1.2475226964473447
Singapore,SGP,2010,Bus,HybridDiesel,historical,157.0,158.98335341745585,98.75247730355267
Singapore,SGP,2011,Bus,Electric,historical,0.0,159.04285401997953,0.0
Singapore,SGP,2011,Bus,Gasoline,historical,2.0428540199795324,159.04285401997953,1.2844676565744362
Singapore,SGP,2011,Bus,HybridDiesel,historical,157.0,159.04285401997953,98.71553234342556
Singapore,SGP,2012,Bus,Electric,historical,0.0,160.10413964057892,0.0
Singapore,SGP,2012,Bus,Gasoline,historical,2.104139640578919,160.10413964057892,1.3142318776407313
Singapore,SGP,2012,Bus,HybridDiesel,historical,158.0,160.10413964057892,98.68576812235926
Singapore,SGP,2013,Bus,Electric,historical,0.0,160.1672638297963,0.0
Singapore,SGP,2013,Bus,Gasoline,historical,2.167263829796286,160.1672638297963,1.3531253378339256
Singapore,SGP,2013,Bus,HybridDiesel,historical,158.0,160.1672638297963,98.64687466216607
Singapore,SGP,2014,Bus,Electric,historical,0.0,160.23228174469017,0.0
Singapore,SGP,2014,Bus,Gasoline,historical,2.232281744690175,160.23228174469017,1.3931535645526367
Singapore,SGP,2014,Bus,HybridDiesel,historical,158.0,160.23228174469017,98.60684643544737
Singapore,SGP,2015,Bus,Electric,historical,0.0,160.2992501970309,0.0
Singapore,SGP,2015,Bus,Gasoline,historical,2.29925019703088,160.2992501970309,1.4343486910916738
Singapore,SGP,2015,Bus,HybridDiesel,historical,158.0,160.2992501970309,98.56565130890833
Singapore,SGP,2016,Bus,Electric,historical,0.0,161.3682277029418,0.0
Singapore,SGP,2016,Bus,Gasoline,historical,2.3682277029418066,161.3682277029418,1.4675923114811733
Singapore,SGP,2016,Bus,HybridDiesel,historical,159.0,161.3682277029418,98.53240768851883
Singapore,SGP,2017,Bus,Electric,historical,0.0,161.43927453403006,0.0
Singapore,SGP,2017,Bus,Gasoline,historical,2.439274534030061,161.43927453403006,1.5109548411132645
Singapore,SGP,2017,Bus,HybridDiesel,historical,159.0,161.43927453403006,98.48904515888674
Singapore,SGP,2018,Bus,Electric,historical,151.0,312.51245277005097,48.31807457960945
Singapore,SGP,2018,Bus,Gasoline,historical,2.5124527700509627,312.51245277005097,0.8039528498084024
Singapore,SGP,2018,Bus,HybridDiesel,historical,159.0,312.51245277005097,50.87797257058214
Singapore,SGP,2019,Bus,Electric,historical,210.0,371.5878263531525,56.51423031292166
Singapore,SGP,2019,Bus,Gasoline,historical,2.587826353152492,371.5878263531525,0.6964238787233717
Singapore,SGP,2019,Bus,HybridDiesel,historical,159.0,371.5878263531525,42.78934580835497
Singapore,SGP,2020,Bus,Electric,historical,279.0,441.66546114374705,63.16998374233185
Singapore,SGP,2020,Bus,Gasoline,historical,2.6654611437470663,441.66546114374705,0.6035022835710374
Singapore,SGP,2020,Bus,HybridDiesel,historical,160.0,441.66546114374705,36.22651397409712
Singapore,SGP,2021,Bus,Electric,historical,359.0,521.7454249780594,68.80750320237054
Singapore,SGP,2021,Bus,Gasoline,historical,2.7454249780594786,521.7454249780594,0.5262001057651688
Singapore,SGP,2021,Bus,HybridDiesel,historical,160.0,521.7454249780594,30.666296691864307
Singapore,SGP,2022,Bus,Electric,historical,451.0,613.8277877274013,73.47337624934755
Singapore,SGP,2022,Bus,Gasoline,historical,2.827787727401263,613.8277877274013,0.4606809570923292
Singapore,SGP,2022,Bus,HybridDiesel,historical,160.0,613.8277877274013,26.065942793560108
Singapore,SGP,2023,Bus,Electric,historical,557.0,719.9126213592233,77.37050073498672
Singapore,SGP,2023,Bus,Gasoline,historical,2.912621359223301,719.9126213592233,0.4045798438321803
Singapore,SGP,2023,Bus,HybridDiesel,historical,160.0,719.9126213592233,22.224919421181102
Singapore,SGP,2024,Bus,Electric,historical,100.0,853.0,11.723329425556859
Singapore,SGP,2024,Bus,Gasoline,historical,3.0,853.0,0.3516998827667057
Singapore,SGP,2024,Bus,HybridDiesel,historical,750.0,853.0,87.92497069167644
Singapore,SGP,2025,LDV,Electric,ATS,169452.72004669358,513493.09105058655,33.0
Singapore,SGP,2025,LDV,Gasoline,ATS,102698.61821011732,513493.09105058655,20.0
Singapore,SGP,2025,LDV,HybridDiesel,ATS,241341.75279377567,513493.09105058655,47.0
Singapore,SGP,2026,LDV,Electric,ATS,4962.96644840178,10791.469844867941,45.98971706122127
Singapore,SGP,2026,LDV,Gasoline,ATS,1877.9376890545166,10791.469844867941,17.402056587755748
Singapore,SGP,2026,LDV,HybridDiesel,ATS,3950.5657074116443,10791.469844867941,36.608226351022985
Singapore,SGP,2027,LDV,Electric,ATS,6326.951055168447,10617.0613682291,59.59229993811147
Singapore,SGP,2027,LDV,Gasoline,ATS,1558.7481129152516,10617.0613682291,14.681540012377708
Singapore,SGP,2027,LDV,HybridDiesel,ATS,2731.362200145402,10617.0613682291,25.72616004951082
Singapore,SGP,2028,LDV,Electric,ATS,7867.492691671078,10717.530565646593,73.40770006188855
Singapore,SGP,2028,LDV,Gasoline,ATS,1277.3645921277785,10717.530565646593,11.918459987622294
Singapore,SGP,2028,LDV,HybridDiesel,ATS,1572.6732818477367,10717.530565646593,14.673839950489159
Singapore,SGP,2029,LDV,Electric,ATS,9822.347764427683,11288.720634707948,87.01028293877873
Singapore,SGP,2029,LDV,Gasoline,ATS,1038.330135946778,11288.720634707948,9.197943412244259
Singapore,SGP,2029,LDV,HybridDiesel,ATS,428.0427343334868,11288.720634707948,3.791773648977015
Singapore,SGP,2030,LDV,Electric,ATS,12059.596208386356,12059.596208386356,100.0
Singapore,SGP,2031,LDV,Electric,ATS,12989.19171711267,12989.19171711267,100.0
Singapore,SGP,2032,LDV,Electric,ATS,14547.082724502543,14547.082724502543,100.0
Singapore,SGP,2033,LDV,Electric,ATS,16557.266350010992,16557.266350010992,100.0
Singapore,SGP,2034,LDV,Electric,ATS,27416.833918997785,27416.833918997785,100.0
Singapore,SGP,2035,LDV,Electric,ATS,55518.095590056386,55518.095590056386,100.0
Singapore,SGP,2036,LDV,Electric,ATS,50735.572941543185,50735.572941543185,100.0
Singapore,SGP,2037,LDV,Electric,ATS,55711.29502054176,55711.29502054176,100.0
Singapore,SGP,2038,LDV,Electric,ATS,60600.18362256978,60600.18362256978,100.0
Singapore,SGP,2039,LDV,Electric,ATS,60267.17013449152,60267.17013449152,100.0
Singapore,SGP,2040,LDV,Electric,ATS,64745.133063194226,64745.133063194226,100.0
Singapore,SGP,2041,LDV,Electric,ATS,64034.944557419396,64034.944557419396,100.0
Singapore,SGP,2042,LDV,Electric,ATS,63767.98674694728,63767.98674694728,100.0
Singapore,SGP,2043,LDV,Electric,ATS,48860.866744809435,48860.866744809435,100.0
Singapore,SGP,2044,LDV,Electric,ATS,45181.75609861559,45181.75609861559,100.0
Singapore,SGP,2045,LDV,Electric,ATS,42947.9238177801,42947.9238177801,100.0
Singapore,SGP,2046,LDV,Electric,ATS,40742.017819896806,40742.017819896806,100.0
Singapore,SGP,2047,LDV,Electric,ATS,31925.04603275226,31925.04603275226,100.0
Singapore,SGP,2048,LDV,Electric,ATS,32607.13529116346,32607.13529116346,100.0
Singapore,SGP,2049,LDV,Electric,ATS,35462.59612846433,35462.59612846433,100.0
Singapore,SGP,2050,LDV,Electric,ATS,38813.012165186345,38813.012165186345,100.0
Singapore,SGP,2051,LDV,Electric,ATS,42770.11691667279,42770.11691667279,100.0
Singapore,SGP,2052,LDV,Electric,ATS,46930.37276791362,46930.37276791362,100.0
Singapore,SGP,2053,LDV,Electric,ATS,49263.591103730956,49263.591103730956,100.0
Singapore,SGP,2054,LDV,Electric,ATS,51153.25094110111,51153.25094110111,100.0
Singapore,SGP,2055,LDV,Electric,ATS,52227.31722421467,52227.31722421467,100.0
Singapore,SGP,2056,LDV,Electric,ATS,52103.31540191022,52103.31540191022,100.0
Singapore,SGP,2057,LDV,Electric,ATS,50642.74326136883,50642.74326136883,100.0
Singapore,SGP,2058,LDV,Electric,ATS,48831.14834719023,48831.14834719023,100.0
Singapore,SGP,2059,LDV,Electric,ATS,46820.491036448046,46820.491036448046,100.0
Singapore,SGP,2060,LDV,Electric,ATS,44677.78750309977,44677.78750309977,100.0
Singapore,SGP,2025,LDV,Electric,BAS,169452.72004669358,513493.09105058655,33.0
Singapore,SGP,2025,LDV,Gasoline,BAS,102698.61821011732,513493.09105058655,20.0
Singapore,SGP,2025,LDV,HybridDiesel,BAS,241341.75279377567,513493.09105058655,47.0
Singapore,SGP,2026,LDV,Electric,BAS,3575.2023897667314,10791.469844867941,33.1298927871904
Singapore,SGP,2026,LDV,Gasoline,BAS,2155.490500781526,10791.469844867941,19.97402144256192
Singapore,SGP,2026,LDV,HybridDiesel,BAS,5060.776954319684,10791.469844867941,46.89608577024767
Singapore,SGP,2027,LDV,Electric,BAS,3532.1785150513206,10617.0613682291,33.268890444781135
Singapore,SGP,2027,LDV,Gasoline,BAS,2117.702620938677,10617.0613682291,19.946221911043775
Singapore,SGP,2027,LDV,HybridDiesel,BAS,4967.180232239103,10617.0613682291,46.784887644175086
Singapore,SGP,2028,LDV,Electric,BAS,3581.5003230670272,10717.530565646593,33.4172158514479
Singapore,SGP,2028,LDV,Gasoline,BAS,2134.5630658485884,10717.530565646593,19.916556829710423
Singapore,SGP,2028,LDV,HybridDiesel,BAS,5001.467176730977,10717.530565646593,46.66622731884168
Singapore,SGP,2029,LDV,Electric,BAS,3790.1905983091115,11288.720634707948,33.57502343229143
Singapore,SGP,2029,LDV,Gasoline,BAS,2244.7615691704923,11288.720634707948,19.88499531354172
Singapore,SGP,2029,LDV,HybridDiesel,BAS,5253.768467228344,11288.720634707948,46.539981254166854
Singapore,SGP,2030,LDV,Electric,BAS,4069.1956602711593,12059.596208386356,33.742387306810514
Singapore,SGP,2030,LDV,Gasoline,BAS,2394.0134593765392,12059.596208386356,19.8515225386379
Singapore,SGP,2030,LDV,HybridDiesel,BAS,5596.3870887386565,12059.596208386356,46.406090154551585
Singapore,SGP,2031,LDV,Electric,BAS,4405.841572582426,12989.19171711267,33.919289733616985
Singapore,SGP,2031,LDV,Gasoline,BAS,2573.956682235486,12989.19171711267,19.816142053276607
Singapore,SGP,2031,LDV,HybridDiesel,BAS,6009.393462294759,12989.19171711267,46.26456821310641
Singapore,SGP,2032,LDV,Electric,BAS,4961.37135097368,14547.082724502543,34.10561034768118
Singapore,SGP,2032,LDV,Gasoline,BAS,2877.2497345229413,14547.082724502543,19.77887793046377
Singapore,SGP,2032,LDV,HybridDiesel,BAS,6708.461639005922,14547.082724502543,46.11551172185506
Singapore,SGP,2033,LDV,Electric,BAS,5679.327260365408,16557.266350010992,34.30111674419997
Singapore,SGP,2033,LDV,Gasoline,BAS,3268.367397029843,16557.266350010992,19.73977665116001
Singapore,SGP,2033,LDV,HybridDiesel,BAS,7609.571692615742,16557.266350010992,45.95910660464002
Singapore,SGP,2034,LDV,Electric,BAS,9460.30383777552,27416.833918997785,34.505456996696644
Singapore,SGP,2034,LDV,Gasoline,BAS,5400.817054898308,27416.833918997785,19.698908600660676
Singapore,SGP,2034,LDV,HybridDiesel,BAS,12555.713026323958,27416.833918997785,45.79563440264268
Singapore,SGP,2035,LDV,Electric,BAS,19274.858311706892,55518.095590056386,34.718154696860914
Singapore,SGP,2035,LDV,Gasoline,BAS,10912.841764613622,55518.095590056386,19.65636906062782
Singapore,SGP,2035,LDV,HybridDiesel,BAS,25330.39551373587,55518.095590056386,45.62547624251126
Singapore,SGP,2036,LDV,Electric,BAS,17726.302470909748,50735.572941543185,34.938607062413084
Singapore,SGP,2036,LDV,Gasoline,BAS,9950.401908268539,50735.572941543185,19.612278587517388
Singapore,SGP,2036,LDV,HybridDiesel,BAS,23058.868562364896,50735.572941543185,45.44911435006953
Singapore,SGP,2037,LDV,Electric,BAS,19591.48223735345,55711.29502054176,35.166086572085106
Singapore,SGP,2037,LDV,Gasoline,BAS,10900.90802799342,55711.29502054176,19.566782685582986
Singapore,SGP,2037,LDV,HybridDiesel,BAS,25218.90475519489,55711.29502054176,45.267130742331915
Singapore,SGP,2038,LDV,Electric,BAS,21452.311352304292,60600.18362256978,35.39974645277254
Singapore,SGP,2038,LDV,Gasoline,BAS,11829.186573142706,60600.18362256978,19.520050709445496
Singapore,SGP,2038,LDV,HybridDiesel,BAS,27318.685697122786,60600.18362256978,45.08020283778197
Singapore,SGP,2039,LDV,Electric,BAS,21478.3938764246,60267.17013449152,35.63863016712692
Singapore,SGP,2039,LDV,Gasoline,BAS,11735.388480489828,60267.17013449152,19.472273966574623
Singapore,SGP,2039,LDV,HybridDiesel,BAS,27053.387777577092,60267.17013449152,44.88909586629846
Singapore,SGP,2040,LDV,Electric,BAS,23231.6445949026,64745.133063194226,35.88168483988973
Singapore,SGP,2040,LDV,Gasoline,BAS,12575.876475829149,64745.133063194226,19.42366303202206
Singapore,SGP,2040,LDV,HybridDiesel,BAS,28937.611992462484,64745.133063194226,44.694652128088215
Singapore,SGP,2041,LDV,Electric,BAS,23134.402825274487,64034.944557419396,36.12777833286033
Singapore,SGP,2041,LDV,Gasoline,BAS,12406.414687218665,64034.944557419396,19.374444333427938
Singapore,SGP,2041,LDV,HybridDiesel,BAS,28494.127044926245,64034.944557419396,44.49777733371174
Singapore,SGP,2042,LDV,Electric,BAS,23196.06395817827,63767.98674694728,36.375719450306654
Singapore,SGP,2042,LDV,Gasoline,BAS,12323.071683052325,63767.98674694728,19.324856109938672
Singapore,SGP,2042,LDV,HybridDiesel,BAS,28248.851105716687,63767.98674694728,44.299424439754674
Singapore,SGP,2043,LDV,Electric,BAS,17894.94091563083,48860.866744809435,36.62428054969335
Singapore,SGP,2043,LDV,Gasoline,BAS,9418.002370993145,48860.866744809435,19.275143890061333
Singapore,SGP,2043,LDV,HybridDiesel,BAS,21547.92345818546,48860.866744809435,44.10057556024532
Singapore,SGP,2044,LDV,Electric,BAS,16659.517261787936,45181.75609861559,36.87222166713967
Singapore,SGP,2044,LDV,Gasoline,BAS,8686.443669874161,45181.75609861559,19.22555566657207
Singapore,SGP,2044,LDV,HybridDiesel,BAS,19835.795166953492,45181.75609861559,43.90222266628827
Singapore,SGP,2045,LDV,Electric,BAS,15941.545717407682,42947.9238177801,37.11831516011027
Singapore,SGP,2045,LDV,Gasoline,BAS,8235.838592047972,42947.9238177801,19.17633696797795
Singapore,SGP,2045,LDV,HybridDiesel,BAS,18770.53950832445,42947.9238177801,43.70534787191179
Singapore,SGP,2046,LDV,Electric,BAS,15221.7759550667,40742.017819896806,37.36136983287308
Singapore,SGP,2046,LDV,Gasoline,BAS,7793.0215490792125,40742.017819896806,19.12772603342539
Singapore,SGP,2046,LDV,HybridDiesel,BAS,17727.220315750896,40742.017819896806,43.51090413370154
Singapore,SGP,2047,LDV,Electric,BAS,12003.89825338393,31925.04603275226,37.60025354722746
Singapore,SGP,2047,LDV,Gasoline,BAS,6091.282594035316,31925.04603275226,19.079949290554513
Singapore,SGP,2047,LDV,HybridDiesel,BAS,13829.865185333016,31925.04603275226,43.31979716221804
Singapore,SGP,2048,LDV,Electric,BAS,12336.555337381871,32607.13529116346,37.8339134279149
Singapore,SGP,2048,LDV,Gasoline,BAS,6206.186919973108,32607.13529116346,19.033217314417026
Singapore,SGP,2048,LDV,HybridDiesel,BAS,14064.393033808485,32607.13529116346,43.132869257668084
Singapore,SGP,2049,LDV,Electric,BAS,13497.558058324294,35462.59612846433,38.061392937586916
Singapore,SGP,2049,LDV,Gasoline,BAS,6733.538958506654,35462.59612846433,18.98772141248262
Singapore,SGP,2049,LDV,HybridDiesel,BAS,15231.499111633384,35462.59612846433,42.95088564993047
Singapore,SGP,2050,LDV,Electric,BAS,14858.337274565187,38813.012165186345,38.28184530313908
Singapore,SGP,2050,LDV,Gasoline,BAS,7352.5937810265295,38813.012165186345,18.943630939372184
Singapore,SGP,2050,LDV,HybridDiesel,BAS,16602.081109594623,38813.012165186345,42.77452375748872
Singapore,SGP,2051,LDV,Electric,BAS,16464.161049051734,42770.11691667279,38.49454300330336
Singapore,SGP,2051,LDV,Gasoline,BAS,8084.018890024618,42770.11691667279,18.901091399339332
Singapore,SGP,2051,LDV,HybridDiesel,BAS,18221.93697759644,42770.11691667279,42.60436559735731
Singapore,SGP,2052,LDV,Electric,BAS,18161.53016896666,46930.37276791362,38.69888325580003
Singapore,SGP,2052,LDV,Gasoline,BAS,8851.173122471693,46930.37276791362,18.860223348839998
Singapore,SGP,2052,LDV,HybridDiesel,BAS,19917.66947647527,46930.37276791362,42.44089339535997
Singapore,SGP,2053,LDV,Electric,BAS,19160.773080610194,49263.591103730956,38.89438965231883
Singapore,SGP,2053,LDV,Gasoline,BAS,9271.960617470399,49263.591103730956,18.82112206953624
Singapore,SGP,2053,LDV,HybridDiesel,BAS,20830.857405650368,49263.591103730956,42.284488278144934
Singapore,SGP,2054,LDV,Electric,BAS,19991.053792127568,51153.25094110111,39.080710266383015
Singapore,SGP,2054,LDV,Gasoline,BAS,9608.553991907384,51153.25094110111,18.7838579467234
Singapore,SGP,2054,LDV,HybridDiesel,BAS,21553.643157066155,51153.25094110111,42.13543178689358
Singapore,SGP,2055,LDV,Electric,BAS,20503.197915925637,52227.31722421467,39.257612693189486
Singapore,SGP,2055,LDV,Gasoline,BAS,9791.826798455977,52227.31722421467,18.748477461362107
Singapore,SGP,2055,LDV,HybridDiesel,BAS,21932.292509833052,52227.31722421467,41.9939098454484
Singapore,SGP,2056,LDV,Electric,BAS,20541.7198882024,52103.31540191022,39.424976567708576
Singapore,SGP,2056,LDV,Gasoline,BAS,9751.137919267641,52103.31540191022,18.71500468645829
Singapore,SGP,2056,LDV,HybridDiesel,BAS,21810.45759444018,52103.31540191022,41.86001874583313
Singapore,SGP,2057,LDV,Electric,BAS,20045.80775205304,50642.74326136883,39.5827841485521
Singapore,SGP,2057,LDV,Gasoline,BAS,9461.808157113503,50642.74326136883,18.683443170289586
Singapore,SGP,2057,LDV,HybridDiesel,BAS,21135.127352202286,50642.74326136883,41.73377268115831
Singapore,SGP,2058,LDV,Electric,BAS,19401.157046893597,48831.14834719023,39.731109555218865
Singapore,SGP,2058,LDV,Gasoline,BAS,9108.854050973885,48831.14834719023,18.653778088956233
Singapore,SGP,2058,LDV,HybridDiesel,BAS,20321.13724932275,48831.14834719023,41.6151123558249
Singapore,SGP,2059,LDV,Electric,BAS,18667.379973795745,46820.491036448046,39.8701072128096
Singapore,SGP,2059,LDV,Gasoline,BAS,8720.774620936034,46820.491036448046,18.625978557438085
Singapore,SGP,2059,LDV,HybridDiesel,BAS,19432.336441716263,46820.491036448046,41.50391422975231
Singapore,SGP,2060,LDV,Electric,BAS,17871.11500123991,44677.78750309977,40.0
Singapore,SGP,2060,LDV,Gasoline,BAS,8310.06847557656,44677.78750309977,18.600000000000005
Singapore,SGP,2060,LDV,HybridDiesel,BAS,18496.604026283298,44677.78750309977,41.399999999999984
Singapore,SGP,2025,LDV,Electric,RAS,169452.72004669358,513493.09105058655,33.0
Singapore,SGP,2025,LDV,Gasoline,RAS,102698.61821011732,513493.09105058655,20.0
Singapore,SGP,2025,LDV,HybridDiesel,RAS,241341.75279377567,513493.09105058655,47.0
Singapore,SGP,2026,LDV,Electric,RAS,4962.96644840178,10791.469844867941,45.98971706122127
Singapore,SGP,2026,LDV,Gasoline,RAS,1877.9376890545166,10791.469844867941,17.402056587755748
Singapore,SGP,2026,LDV,HybridDiesel,RAS,3950.5657074116443,10791.469844867941,36.608226351022985
Singapore,SGP,2027,LDV,Electric,RAS,6326.951055168447,10617.0613682291,59.59229993811147
Singapore,SGP,2027,LDV,Gasoline,RAS,1558.7481129152516,10617.0613682291,14.681540012377708
Singapore,SGP,2027,LDV,HybridDiesel,RAS,2731.362200145402,10617.0613682291,25.72616004951082
Singapore,SGP,2028,LDV,Electric,RAS,7867.492691671078,10717.530565646593,73.40770006188855
Singapore,SGP,2028,LDV,Gasoline,RAS,1277.3645921277785,10717.530565646593,11.918459987622294
Singapore,SGP,2028,LDV,HybridDiesel,RAS,1572.6732818477367,10717.530565646593,14.673839950489159
Singapore,SGP,2029,LDV,Electric,RAS,9822.347764427683,11288.720634707948,87.01028293877873
Singapore,SGP,2029,LDV,Gasoline,RAS,1038.330135946778,11288.720634707948,9.197943412244259
Singapore,SGP,2029,LDV,HybridDiesel,RAS,428.0427343334868,11288.720634707948,3.791773648977015
Singapore,SGP,2030,LDV,Electric,RAS,12059.596208386356,12059.596208386356,100.0
Singapore,SGP,2031,LDV,Electric,RAS,12989.19171711267,12989.19171711267,100.0
Singapore,SGP,2032,LDV,Electric,RAS,14547.082724502543,14547.082724502543,100.0
Singapore,SGP,2033,LDV,Electric,RAS,16557.266350010992,16557.266350010992,100.0
Singapore,SGP,2034,LDV,Electric,RAS,27416.833918997785,27416.833918997785,100.0
Singapore,SGP,2035,LDV,Electric,RAS,55518.095590056386,55518.095590056386,100.0
Singapore,SGP,2036,LDV,Electric,RAS,50735.572941543185,50735.572941543185,100.0
Singapore,SGP,2037,LDV,Electric,RAS,55711.29502054176,55711.29502054176,100.0
Singapore,SGP,2038,LDV,Electric,RAS,60600.18362256978,60600.18362256978,100.0
Singapore,SGP,2039,LDV,Electric,RAS,60267.17013449152,60267.17013449152,100.0
Singapore,SGP,2040,LDV,Electric,RAS,64745.133063194226,64745.133063194226,100.0
Singapore,SGP,2041,LDV,Electric,RAS,64034.944557419396,64034.944557419396,100.0
Singapore,SGP,2042,LDV,Electric,RAS,63767.98674694728,63767.98674694728,100.0
Singapore,SGP,2043,LDV,Electric,RAS,48860.866744809435,48860.866744809435,100.0
Singapore,SGP,2044,LDV,Electric,RAS,45181.75609861559,45181.75609861559,100.0
Singapore,SGP,2045,LDV,Electric,RAS,42947.9238177801,42947.9238177801,100.0
Singapore,SGP,2046,LDV,Electric,RAS,40742.017819896806,40742.017819896806,100.0
Singapore,SGP,2047,LDV,Electric,RAS,31925.04603275226,31925.04603275226,100.0
Singapore,SGP,2048,LDV,Electric,RAS,32607.13529116346,32607.13529116346,100.0
Singapore,SGP,2049,LDV,Electric,RAS,35462.59612846433,35462.59612846433,100.0
Singapore,SGP,2050,LDV,Electric,RAS,38813.012165186345,38813.012165186345,100.0
Singapore,SGP,2051,LDV,Electric,RAS,42770.11691667279,42770.11691667279,100.0
Singapore,SGP,2052,LDV,Electric,RAS,46930.37276791362,46930.37276791362,100.0
Singapore,SGP,2053,LDV,Electric,RAS,49263.591103730956,49263.591103730956,100.0
Singapore,SGP,2054,LDV,Electric,RAS,51153.25094110111,51153.25094110111,100.0
Singapore,SGP,2055,LDV,Electric,RAS,52227.31722421467,52227.31722421467,100.0
Singapore,SGP,2056,LDV,Electric,RAS,52103.31540191022,52103.31540191022,100.0
Singapore,SGP,2057,LDV,Electric,RAS,50642.74326136883,50642.74326136883,100.0
Singapore,SGP,2058,LDV,Electric,RAS,48831.14834719023,48831.14834719023,100.0
Singapore,SGP,2059,LDV,Electric,RAS,46820.491036448046,46820.491036448046,100.0
Singapore,SGP,2060,LDV,Electric,RAS,44677.78750309977,44677.78750309977,100.0
Singapore,SGP,2006,LDV,Electric,historical,0.0,4722.65264523491,0.0
Singapore,SGP,2006,LDV,Gasoline,historical,1409.7470582790775,4722.65264523491,29.850746268656714
Singapore,SGP,2006,LDV,HybridDiesel,historical,3312.905586955832,4722.65264523491,70.14925373134328
Singapore,SGP,2007,LDV,Electric,historical,0.0,4864.332224591957,0.0
Singapore,SGP,2007,LDV,Gasoline,historical,1452.03947002745,4864.332224591957,29.850746268656717
Singapore,SGP,2007,LDV,HybridDiesel,historical,3412.2927545645075,4864.332224591957,70.1492537313433
Singapore,SGP,2008,LDV,Electric,historical,0.0,5010.262191329716,0.0
Singapore,SGP,2008,LDV,Gasoline,historical,1495.6006541282734,5010.262191329716,29.850746268656714
Singapore,SGP,2008,LDV,HybridDiesel,historical,3514.6615372014426,5010.262191329716,70.14925373134328
Singapore,SGP,2009,LDV,Electric,historical,0.0,5160.570057069608,0.0
Singapore,SGP,2009,LDV,Gasoline,historical,1540.4686737521217,5160.570057069608,29.850746268656714
Singapore,SGP,2009,LDV,HybridDiesel,historical,3620.101383317486,5160.570057069608,70.14925373134328
Singapore,SGP,2010,LDV,Electric,historical,0.0,5315.387158781696,0.0
Singapore,SGP,2010,LDV,Gasoline,historical,1586.6827339646852,5315.387158781696,29.850746268656714
Singapore,SGP,2010,LDV,HybridDiesel,historical,3728.7044248170105,5315.387158781696,70.14925373134328
Singapore,SGP,2011,LDV,Electric,historical,0.0,5474.848773545147,0.0
Singapore,SGP,2011,LDV,Gasoline,historical,1634.283215983626,5474.848773545147,29.850746268656714
Singapore,SGP,2011,LDV,HybridDiesel,historical,3840.565557561521,5474.848773545147,70.14925373134328
Singapore,SGP,2012,LDV,Electric,historical,0.0,5639.094236751502,0.0
Singapore,SGP,2012,LDV,Gasoline,historical,1683.3117124631349,5639.094236751502,29.850746268656717
Singapore,SGP,2012,LDV,HybridDiesel,historical,3955.782524288367,5639.094236751502,70.1492537313433
Singapore,SGP,2013,LDV,Electric,historical,0.0,5808.267063854048,0.0
Singapore,SGP,2013,LDV,Gasoline,historical,1733.811063837029,5808.267063854048,29.850746268656714
Singapore,SGP,2013,LDV,HybridDiesel,historical,4074.456000017018,5808.267063854048,70.14925373134328
Singapore,SGP,2014,LDV,Electric,historical,0.0,5982.515075769669,0.0
Singapore,SGP,2014,LDV,Gasoline,historical,1785.82539575214,5982.515075769669,29.850746268656717
Singapore,SGP,2014,LDV,HybridDiesel,historical,4196.689680017529,5982.515075769669,70.14925373134328
Singapore,SGP,2015,LDV,Electric,historical,0.0,6161.990528042758,0.0
Singapore,SGP,2015,LDV,Gasoline,historical,1839.400157624704,6161.990528042758,29.850746268656717
Singapore,SGP,2015,LDV,HybridDiesel,historical,4322.590370418055,6161.990528042758,70.14925373134328
Singapore,SGP,2016,LDV,Electric,historical,0.0,6346.850243884042,0.0
Singapore,SGP,2016,LDV,Gasoline,historical,1894.5821623534453,6346.850243884042,29.850746268656714
Singapore,SGP,2016,LDV,HybridDiesel,historical,4452.268081530597,6346.850243884042,70.14925373134328
Singapore,SGP,2017,LDV,Electric,historical,0.0,6537.255751200563,0.0
Singapore,SGP,2017,LDV,Gasoline,historical,1951.4196272240486,6537.255751200563,29.850746268656714
Singapore,SGP,2017,LDV,HybridDiesel,historical,4585.8361239765145,6537.255751200563,70.14925373134328
Singapore,SGP,2018,LDV,Electric,historical,6584.0,13317.37342373658,49.43917836128879
Singapore,SGP,2018,LDV,Gasoline,historical,2009.9622160407703,13317.37342373658,15.092782578719763
Singapore,SGP,2018,LDV,HybridDiesel,historical,4723.41120769581,13317.37342373658,35.46803905999144
Singapore,SGP,2019,LDV,Electric,historical,8020.0,14955.374626448678,53.626205964888214
Singapore,SGP,2019,LDV,Gasoline,historical,2070.2610825219936,14955.374626448678,13.842923592570683
Singapore,SGP,2019,LDV,HybridDiesel,historical,4865.1135439266845,14955.374626448678,32.5308704425411
Singapore,SGP,2020,LDV,Electric,historical,9667.0,16810.435865242136,57.505944982591664
Singapore,SGP,2020,LDV,Gasoline,historical,2132.368914997653,16810.435865242136,12.684792542509953
Singapore,SGP,2020,LDV,HybridDiesel,historical,5011.066950244484,16810.435865242136,29.80926247489839
Singapore,SGP,2021,LDV,Electric,historical,11552.0,18909.7389411994,61.09021407392991
Singapore,SGP,2021,LDV,Gasoline,historical,2196.3399824475828,18909.7389411994,11.614861470468687
Singapore,SGP,2021,LDV,HybridDiesel,historical,5161.39895875182,18909.7389411994,27.294924455601418
Singapore,SGP,2022,LDV,Electric,historical,13707.0,21285.471109435384,64.3960376988038
Singapore,SGP,2022,LDV,Gasoline,historical,2262.2301819210106,21285.471109435384,10.628048448118273
Singapore,SGP,2022,LDV,HybridDiesel,historical,5316.240927514375,21285.471109435384,24.975913853077937
Singapore,SGP,2023,LDV,Electric,historical,16163.0,23968.82524271845,67.43342586182942
Singapore,SGP,2023,LDV,Gasoline,historical,2330.097087378641,23968.82524271845,9.721365414379276
Singapore,SGP,2023,LDV,HybridDiesel,historical,5475.728155339806,23968.82524271845,22.8452087237913
Singapore,SGP,2024,LDV,Electric,historical,3960.0,12000.0,33.0
Singapore,SGP,2024,LDV,Gasoline,historical,2400.0,12000.0,20.0
Singapore,SGP,2024,LDV,HybridDiesel,historical,5640.0,12000.0,47.0
Singapore,SGP,2025,Truck,Diesel,ATS,97860.21482358141,97860.21482358141,100.0
Singapore,SGP,2026,Truck,Diesel,ATS,26016.028344241324,26016.028344241324,100.0
Singapore,SGP,2027,Truck,Diesel,ATS,26016.028344241324,26016.028344241324,100.0
Singapore,SGP,2028,Truck,Diesel,ATS,26016.028344241324,26016.028344241324,100.0
Singapore,SGP,2029,Truck,Diesel,ATS,26016.028344241324,26016.028344241324,100.0
Singapore,SGP,2030,Truck,Diesel,ATS,26016.028344241324,26016.028344241324,100.0
Singapore,SGP,2031,Truck,Diesel,ATS,26016.028344241324,26016.028344241324,100.0
Singapore,SGP,2032,Truck,Diesel,ATS,26016.028344241324,26016.028344241324,100.0
Singapore,SGP,2033,Truck,Diesel,ATS,26016.028344241324,26016.028344241324,100.0
Singapore,SGP,2034,Truck,Diesel,ATS,26016.028344241324,26016.028344241324,100.0
Singapore,SGP,2035,Truck,Diesel,ATS,26016.028344241324,26016.028344241324,100.0
Singapore,SGP,2036,Truck,Diesel,ATS,26016.028344241324,26016.028344241324,100.0
Singapore,SGP,2037,Truck,Diesel,ATS,26016.028344241324,26016.028344241324,100.0
Singapore,SGP,2038,Truck,Diesel,ATS,26016.028344241324,26016.028344241324,100.0
Singapore,SGP,2039,Truck,Diesel,ATS,26016.028344241324,26016.028344241324,100.0
Singapore,SGP,2040,Truck,Diesel,ATS,26016.028344241324,26016.028344241324,100.0
Singapore,SGP,2041,Truck,Diesel,ATS,26016.028344241324,26016.028344241324,100.0
Singapore,SGP,2042,Truck,Diesel,ATS,26016.028344241324,26016.028344241324,100.0
Singapore,SGP,2043,Truck,Diesel,ATS,26016.028344241324,26016.028344241324,100.0
Singapore,SGP,2044,Truck,Diesel,ATS,26016.028344241324,26016.028344241324,100.0
Singapore,SGP,2045,Truck,Diesel,ATS,26016.028344241324,26016.028344241324,100.0
Singapore,SGP,2046,Truck,Diesel,ATS,26016.028344241324,26016.028344241324,100.0
Singapore,SGP,2047,Truck,Diesel,ATS,26016.028344241324,26016.028344241324,100.0
Singapore,SGP,2048,Truck,Diesel,ATS,26016.028344241324,26016.028344241324,100.0
Singapore,SGP,2049,Truck,Diesel,ATS,26016.028344241324,26016.028344241324,100.0
Singapore,SGP,2050,Truck,Diesel,ATS,26016.028344241324,26016.028344241324,100.0
Singapore,SGP,2051,Truck,Diesel,ATS,26016.028344241324,26016.028344241324,100.0
Singapore,SGP,2052,Truck,Diesel,ATS,26016.028344241324,26016.028344241324,100.0
Singapore,SGP,2053,Truck,Diesel,ATS,26016.028344241324,26016.028344241324,100.0
Singapore,SGP,2054,Truck,Diesel,ATS,26016.028344241324,26016.028344241324,100.0
Singapore,SGP,2055,Truck,Diesel,ATS,26016.028344241324,26016.028344241324,100.0
Singapore,SGP,2056,Truck,Diesel,ATS,26016.028344241324,26016.028344241324,100.0
Singapore,SGP,2057,Truck,Diesel,ATS,26016.028344241324,26016.028344241324,100.0
Singapore,SGP,2058,Truck,Diesel,ATS,26016.028344241324,26016.028344241324,100.0
Singapore,SGP,2059,Truck,Diesel,ATS,26016.028344241324,26016.028344241324,100.0
Singapore,SGP,2060,Truck,Diesel,ATS,26016.028344241324,26016.028344241324,100.0
Singapore,SGP,2025,Truck,Diesel,BAS,97860.21482358141,97860.21482358141,100.0
Singapore,SGP,2026,Truck,Diesel,BAS,26016.028344241324,26016.028344241324,100.0
Singapore,SGP,2027,Truck,Diesel,BAS,26016.028344241324,26016.028344241324,100.0
Singapore,SGP,2028,Truck,Diesel,BAS,26016.028344241324,26016.028344241324,100.0
Singapore,SGP,2029,Truck,Diesel,BAS,26016.028344241324,26016.028344241324,100.0
Singapore,SGP,2030,Truck,Diesel,BAS,26016.028344241324,26016.028344241324,100.0
Singapore,SGP,2031,Truck,Diesel,BAS,26016.028344241324,26016.028344241324,100.0
Singapore,SGP,2032,Truck,Diesel,BAS,26016.028344241324,26016.028344241324,100.0
Singapore,SGP,2033,Truck,Diesel,BAS,26016.028344241324,26016.028344241324,100.0
Singapore,SGP,2034,Truck,Diesel,BAS,26016.028344241324,26016.028344241324,100.0
Singapore,SGP,2035,Truck,Diesel,BAS,26016.028344241324,26016.028344241324,100.0
Singapore,SGP,2036,Truck,Diesel,BAS,26016.028344241324,26016.028344241324,100.0
Singapore,SGP,2037,Truck,Diesel,BAS,26016.028344241324,26016.028344241324,100.0
Singapore,SGP,2038,Truck,Diesel,BAS,26016.028344241324,26016.028344241324,100.0
Singapore,SGP,2039,Truck,Diesel,BAS,26016.028344241324,26016.028344241324,100.0
Singapore,SGP,2040,Truck,Diesel,BAS,26016.028344241324,26016.028344241324,100.0
Singapore,SGP,2041,Truck,Diesel,BAS,26016.028344241324,26016.028344241324,100.0
Singapore,SGP,2042,Truck,Diesel,BAS,26016.028344241324,26016.028344241324,100.0
Singapore,SGP,2043,Truck,Diesel,BAS,26016.028344241324,26016.028344241324,100.0
Singapore,SGP,2044,Truck,Diesel,BAS,26016.028344241324,26016.028344241324,100.0
Singapore,SGP,2045,Truck,Diesel,BAS,26016.028344241324,26016.028344241324,100.0
Singapore,SGP,2046,Truck,Diesel,BAS,26016.028344241324,26016.028344241324,100.0
Singapore,SGP,2047,Truck,Diesel,BAS,26016.028344241324,26016.028344241324,100.0
Singapore,SGP,2048,Truck,Diesel,BAS,26016.028344241324,26016.028344241324,100.0
Singapore,SGP,2049,Truck,Diesel,BAS,26016.028344241324,26016.028344241324,100.0
Singapore,SGP,2050,Truck,Diesel,BAS,26016.028344241324,26016.028344241324,100.0
Singapore,SGP,2051,Truck,Diesel,BAS,26016.028344241324,26016.028344241324,100.0
Singapore,SGP,2052,Truck,Diesel,BAS,26016.028344241324,26016.028344241324,100.0
Singapore,SGP,2053,Truck,Diesel,BAS,26016.028344241324,26016.028344241324,100.0
Singapore,SGP,2054,Truck,Diesel,BAS,26016.028344241324,26016.028344241324,100.0
Singapore,SGP,2055,Truck,Diesel,BAS,26016.028344241324,26016.028344241324,100.0
Singapore,SGP,2056,Truck,Diesel,BAS,26016.028344241324,26016.028344241324,100.0
Singapore,SGP,2057,Truck,Diesel,BAS,26016.028344241324,26016.028344241324,100.0
Singapore,SGP,2058,Truck,Diesel,BAS,26016.028344241324,26016.028344241324,100.0
Singapore,SGP,2059,Truck,Diesel,BAS,26016.028344241324,26016.028344241324,100.0
Singapore,SGP,2060,Truck,Diesel,BAS,26016.028344241324,26016.028344241324,100.0
Singapore,SGP,2025,Truck,Diesel,RAS,97860.21482358141,97860.21482358141,100.0
Singapore,SGP,2026,Truck,Diesel,RAS,25933.00095176585,26016.028344241324,99.68086061647512
Singapore,SGP,2026,Truck,Electric,RAS,69.18949372955967,26016.028344241324,0.2659494862707391
Singapore,SGP,2026,Truck,Hydrogen,RAS,13.837898745911934,26016.028344241324,0.053189897254147814
Singapore,SGP,2027,Truck,Diesel,RAS,25833.032262111174,26016.028344241324,99.29660254167636
Singapore,SGP,2027,Truck,Electric,RAS,152.4967351084572,26016.028344241324,0.5861645486030249
Singapore,SGP,2027,Truck,Hydrogen,RAS,30.499347021691435,26016.028344241324,0.11723290972060497
Singapore,SGP,2028,Truck,Diesel,RAS,25713.029649277323,26016.028344241324,98.83533838849361
Singapore,SGP,2028,Truck,Electric,RAS,252.49891247000036,26016.028344241324,0.9705513429219924
Singapore,SGP,2028,Truck,Hydrogen,RAS,50.49978249400007,26016.028344241324,0.19411026858439848
Singapore,SGP,2029,Truck,Diesel,RAS,25569.50110613687,26016.028344241324,98.28364563492916
Singapore,SGP,2029,Truck,Electric,RAS,372.10603175371,26016.028344241324,1.430295304225697
Singapore,SGP,2029,Truck,Hydrogen,RAS,74.421206350742,26016.028344241324,0.2860590608451394
Singapore,SGP,2030,Truck,Diesel,RAS,25398.579165590418,26016.028344241324,97.62665857185854
Singapore,SGP,2030,Truck,Electric,RAS,514.5409822090866,26016.028344241324,1.9777845234512161
Singapore,SGP,2030,Truck,Hydrogen,RAS,102.9081964418173,26016.028344241324,0.3955569046902431
Singapore,SGP,2031,Truck,Diesel,RAS,25196.086217554453,26016.028344241324,96.84831936743963
Singapore,SGP,2031,Truck,Electric,RAS,683.2851055723921,26016.028344241324,2.626400527133643
Singapore,SGP,2031,Truck,Hydrogen,RAS,136.6570211144784,26016.028344241324,0.5252801054267285
Singapore,SGP,2032,Truck,Diesel,RAS,24957.656335258034,26016.028344241324,95.93184634111316
Singapore,SGP,2032,Truck,Electric,RAS,881.9766741527445,26016.028344241324,3.3901280490723753
Singapore,SGP,2032,Truck,Hydrogen,RAS,176.3953348305489,26016.028344241324,0.678025609814475
Singapore,SGP,2033,Truck,Diesel,RAS,24678.929008953557,26016.028344241324,94.86047863418885
Singapore,SGP,2033,Truck,Electric,RAS,1114.2494460731416,26016.028344241324,4.282934471509299
Singapore,SGP,2033,Truck,Hydrogen,RAS,222.84988921462832,26016.028344241324,0.8565868943018597
Singapore,SGP,2034,Truck,Diesel,RAS,24355.82719964752,26016.028344241324,93.6185449883964
Singapore,SGP,2034,Truck,Electric,RAS,1383.5009538281695,26016.028344241324,5.317879176336341
Singapore,SGP,2034,Truck,Hydrogen,RAS,276.70019076563386,26016.028344241324,1.0635758352672682
Singapore,SGP,2035,Truck,Diesel,RAS,23984.92405868522,26016.028344241324,92.19287333684932
Singapore,SGP,2035,Truck,Electric,RAS,1692.5869046300859,26016.028344241324,6.5059388859589005
Singapore,SGP,2035,Truck,Hydrogen,RAS,338.51738092601715,26016.028344241324,1.3011877771917801
Singapore,SGP,2036,Truck,Diesel,RAS,23563.887979620613,26016.028344241324,90.57450148741287
Singapore,SGP,2036,Truck,Electric,RAS,2043.4503038505923,26016.028344241324,7.854582093822604
Singapore,SGP,2036,Truck,Hydrogen,RAS,408.6900607701184,26016.028344241324,1.5709164187645206
Singapore,SGP,2037,Truck,Diesel,RAS,23091.97411375088,26016.028344241324,88.76056640237445
Singapore,SGP,2037,Truck,Electric,RAS,2436.7118587420364,26016.028344241324,9.366194664687953
Singapore,SGP,2037,Truck,Hydrogen,RAS,487.34237174840723,26016.028344241324,1.8732389329375905
Singapore,SGP,2038,Truck,Diesel,RAS,22570.504471453318,26016.028344241324,86.7561496044008
Singapore,SGP,2038,Truck,Electric,RAS,2871.269893990004,26016.028344241324,11.036541996332668
Singapore,SGP,2038,Truck,Hydrogen,RAS,574.2539787980007,26016.028344241324,2.207308399266533
Singapore,SGP,2039,Truck,Diesel,RAS,22003.254350606665,26016.028344241324,84.57576252401765
Singapore,SGP,2039,Truck,Electric,RAS,3343.9783280288834,26016.028344241324,12.85353122998529
Singapore,SGP,2039,Truck,Hydrogen,RAS,668.7956656057768,26016.028344241324,2.570706245997058
Singapore,SGP,2040,Truck,Diesel,RAS,21396.649721019658,26016.028344241324,82.24410520276754
Singapore,SGP,2040,Truck,Electric,RAS,3849.4821860180537,26016.028344241324,14.796578997693707
Singapore,SGP,2040,Truck,Hydrogen,RAS,769.8964372036107,26016.028344241324,2.959315799538741
Singapore,SGP,2041,Truck,Diesel,RAS,20759.688974236913,26016.028344241324,79.79576551634597
Singapore,SGP,2041,Truck,Electric,RAS,4380.282808337009,26016.028344241324,16.836862069711685
Singapore,SGP,2041,Truck,Hydrogen,RAS,876.0565616674016,26016.028344241324,3.367372413942337
Singapore,SGP,2042,Truck,Diesel,RAS,20103.539673408603,26016.028344241324,77.27366916810169
Singapore,SGP,2042,Truck,Electric,RAS,4927.073892360601,26016.028344241324,18.938609026581933
Singapore,SGP,2042,Truck,Hydrogen,RAS,985.4147784721201,26016.028344241324,3.787721805316386
Singapore,SGP,2043,Truck,Diesel,RAS,19440.82340983821,26016.028344241324,74.72633083189831
Singapore,SGP,2043,Truck,Electric,RAS,5479.337445335931,26016.028344241324,21.061390973418078
Singapore,SGP,2043,Truck,Hydrogen,RAS,1095.8674890671862,26016.028344241324,4.212278194683615
Singapore,SGP,2044,Truck,Diesel,RAS,18784.6741090099,26016.028344241324,72.20423448365402
Singapore,SGP,2044,Truck,Electric,RAS,6026.128529359523,26016.028344241324,23.163137930288322
Singapore,SGP,2044,Truck,Hydrogen,RAS,1205.2257058719044,26016.028344241324,4.632627586057664
Singapore,SGP,2045,Truck,Diesel,RAS,18147.71336222715,26016.028344241324,69.75589479723244
Singapore,SGP,2045,Truck,Electric,RAS,6556.929151678477,26016.028344241324,25.203421002306296
Singapore,SGP,2045,Truck,Hydrogen,RAS,1311.3858303356953,26016.028344241324,5.040684200461259
Singapore,SGP,2046,Truck,Diesel,RAS,17541.108732640147,26016.028344241324,67.42423747598234
Singapore,SGP,2046,Truck,Electric,RAS,7062.433009667647,26016.028344241324,27.146468770014714
Singapore,SGP,2046,Truck,Hydrogen,RAS,1412.4866019335293,26016.028344241324,5.429293754002942
Singapore,SGP,2047,Truck,Diesel,RAS,16973.858611793494,26016.028344241324,65.2438503955992
Singapore,SGP,2047,Truck,Electric,RAS,7535.141443706528,26016.028344241324,28.96345800366734
Singapore,SGP,2047,Truck,Hydrogen,RAS,1507.0282887413055,26016.028344241324,5.792691600733468
Singapore,SGP,2048,Truck,Diesel,RAS,16452.388969495933,26016.028344241324,63.239433597625535
Singapore,SGP,2048,Truck,Electric,RAS,7969.699478954494,26016.028344241324,30.633805335312054
Singapore,SGP,2048,Truck,Hydrogen,RAS,1593.9398957908986,26016.028344241324,6.12676106706241
Singapore,SGP,2049,Truck,Diesel,RAS,15980.4751036262,26016.028344241324,61.425498512587126
Singapore,SGP,2049,Truck,Electric,RAS,8362.961033845937,26016.028344241324,32.1454179061774
Singapore,SGP,2049,Truck,Hydrogen,RAS,1672.5922067691877,26016.028344241324,6.42908358123548
Singapore,SGP,2050,Truck,Diesel,RAS,15559.43902456159,26016.028344241324,59.807126663150676
Singapore,SGP,2050,Truck,Electric,RAS,8713.824433066444,26016.028344241324,33.4940611140411
Singapore,SGP,2050,Truck,Hydrogen,RAS,1742.7648866132888,26016.028344241324,6.69881222280822
Singapore,SGP,2051,Truck,Diesel,RAS,15188.535883599292,26016.028344241324,58.38145501160361
Singapore,SGP,2051,Truck,Electric,RAS,9022.91038386836,26016.028344241324,34.68212082366366
Singapore,SGP,2051,Truck,Hydrogen,RAS,1804.5820767736718,26016.028344241324,6.936424164732731
Singapore,SGP,2052,Truck,Diesel,RAS,14865.43407429326,26016.028344241324,57.13952136581116
Singapore,SGP,2052,Truck,Electric,RAS,9292.161891623387,26016.028344241324,35.7170655284907
Singapore,SGP,2052,Truck,Hydrogen,RAS,1858.4323783246775,26016.028344241324,7.143413105698141
Singapore,SGP,2053,Truck,Diesel,RAS,14586.70674798878,26016.028344241324,56.06815365888684
Singapore,SGP,2053,Truck,Electric,RAS,9524.434663543787,26016.028344241324,36.609871950927634
Singapore,SGP,2053,Truck,Hydrogen,RAS,1904.8869327087573,26016.028344241324,7.321974390185526
Singapore,SGP,2054,Truck,Diesel,RAS,14348.27686569236,26016.028344241324,55.15168063256037
Singapore,SGP,2054,Truck,Electric,RAS,9723.126232124137,26016.028344241324,37.37359947286636
Singapore,SGP,2054,Truck,Hydrogen,RAS,1944.6252464248275,26016.028344241324,7.474719894573272
Singapore,SGP,2055,Truck,Diesel,RAS,14145.78391765639,26016.028344241324,54.37334142814145
Singapore,SGP,2055,Truck,Electric,RAS,9891.870355487445,26016.028344241324,38.022215476548794
Singapore,SGP,2055,Truck,Hydrogen,RAS,1978.374071097489,26016.028344241324,7.604443095309758
Singapore,SGP,2056,Truck,Diesel,RAS,13974.861977109942,26016.028344241324,53.71635436507084
Singapore,SGP,2056,Truck,Electric,RAS,10034.305305942822,26016.028344241324,38.56970469577431
Singapore,SGP,2056,Truck,Hydrogen,RAS,2006.8610611885642,26016.028344241324,7.7139409391548615
Singapore,SGP,2057,Truck,Diesel,RAS,13831.333433969488,26016.028344241324,53.16466161150639
Singapore,SGP,2057,Truck,Electric,RAS,10153.91242522653,26016.028344241324,39.029448657078014
Singapore,SGP,2057,Truck,Hydrogen,RAS,2030.782485045306,26016.028344241324,7.805889731415602
Singapore,SGP,2058,Truck,Diesel,RAS,13711.330821135638,26016.028344241324,52.70339745832363
Singapore,SGP,2058,Truck,Electric,RAS,10253.914602588071,26016.028344241324,39.41383545139697
Singapore,SGP,2058,Truck,Hydrogen,RAS,2050.782920517614,26016.028344241324,7.882767090279394
Singapore,SGP,2059,Truck,Diesel,RAS,13611.362131480959,26016.028344241324,52.319139383524885
Singapore,SGP,2059,Truck,Electric,RAS,10337.221843966974,26016.028344241324,39.73405051372927
Singapore,SGP,2059,Truck,Hydrogen,RAS,2067.4443687933945,26016.028344241324,7.946810102745855
Singapore,SGP,2060,Truck,Diesel,RAS,13528.33473900549,26016.028344241324,52.0
Singapore,SGP,2060,Truck,Electric,RAS,10406.411337696527,26016.028344241324,39.99999999999999
Singapore,SGP,2060,Truck,Hydrogen,RAS,2081.2822675393054,26016.028344241324,7.999999999999999
Singapore,SGP,2005,Truck,Gasoline,historical,738.1,14762.0,5.0
Singapore,SGP,2005,Truck,HybridDiesel,historical,14023.9,14762.0,95.0
Singapore,SGP,2006,Truck,Gasoline,historical,718.35,14367.0,5.0
Singapore,SGP,2006,Truck,HybridDiesel,historical,13648.65,14367.0,95.0
Singapore,SGP,2007,Truck,Gasoline,historical,584.1,11682.0,5.0
Singapore,SGP,2007,Truck,HybridDiesel,historical,11097.9,11682.0,95.0
Singapore,SGP,2008,Truck,Gasoline,historical,480.8,9616.0,5.0
Singapore,SGP,2008,Truck,HybridDiesel,historical,9135.2,9616.0,95.00000000000001
Singapore,SGP,2009,Truck,Gasoline,historical,307.1,6142.0,5.000000000000001
Singapore,SGP,2009,Truck,HybridDiesel,historical,5834.9,6142.0,95.0
Singapore,SGP,2010,Truck,Gasoline,historical,235.7,4714.0,5.0
Singapore,SGP,2010,Truck,HybridDiesel,historical,4478.3,4714.0,95.0
Singapore,SGP,2011,Truck,Gasoline,historical,304.7,6094.0,5.0
Singapore,SGP,2011,Truck,HybridDiesel,historical,5789.3,6094.0,95.0
Singapore,SGP,2012,Truck,Gasoline,historical,242.65,4852.999999999999,5.000000000000001
Singapore,SGP,2012,Truck,HybridDiesel,historical,4610.349999999999,4852.999999999999,95.0
Singapore,SGP,2013,Truck,Gasoline,historical,337.25,6745.0,5.0
Singapore,SGP,2013,Truck,HybridDiesel,historical,6407.75,6745.0,95.0
Singapore,SGP,2014,Truck,Gasoline,historical,629.9000000000001,12598.0,5.000000000000001
Singapore,SGP,2014,Truck,HybridDiesel,historical,11968.1,12598.0,95.0
Singapore,SGP,2015,Truck,Gasoline,historical,89.9,1798.0,5.0
Singapore,SGP,2015,Truck,HybridDiesel,historical,1708.1,1798.0,95.0
Singapore,SGP,2016,Truck,Gasoline,historical,866.95,17339.0,5.0
Singapore,SGP,2016,Truck,HybridDiesel,historical,16472.05,17339.0,95.0
Singapore,SGP,2017,Truck,Gasoline,historical,987.4,19748.0,5.0
Singapore,SGP,2017,Truck,HybridDiesel,historical,18760.6,19748.0,94.99999999999999
Thailand,THA,2025,2W,Electric,ATS,236074.1951311374,15851504.709045198,1.4892857142857143
Thailand,THA,2025,2W,Gasoline,ATS,15615430.51391406,15851504.709045198,98.51071428571429
Thailand,THA,2026,2W,Electric,ATS,29578.130906502374,815733.2276646942,3.6259563670318475
Thailand,THA,2026,2W,Gasoline,ATS,786155.0967581918,815733.2276646942,96.37404363296815
Thailand,THA,2027,2W,Electric,ATS,47232.78495099723,800654.28796174,5.899273339463373
Thailand,THA,2027,2W,Gasoline,ATS,753421.5030107428,800654.28796174,94.10072666053662
Thailand,THA,2028,2W,Electric,ATS,73210.75088601442,883890.8452886194,8.282781892837537
Thailand,THA,2028,2W,Gasoline,ATS,810680.094402605,883890.8452886194,91.71721810716245
Thailand,THA,2029,2W,Electric,ATS,102986.79143766755,958576.2182012722,10.743724857989688
Thailand,THA,2029,2W,Gasoline,ATS,855589.4267636046,958576.2182012722,89.25627514201031
Thailand,THA,2030,2W,Electric,ATS,156949.3274409643,1185002.337426722,13.24464285714286
Thailand,THA,2030,2W,Gasoline,ATS,1028053.0099857578,1185002.337426722,86.75535714285714
Thailand,THA,2031,2W,Electric,ATS,196074.50166722012,1245268.4503062181,15.745560856296034
Thailand,THA,2031,2W,Gasoline,ATS,1049193.948638998,1245268.4503062181,84.25443914370396
Thailand,THA,2032,2W,Electric,ATS,266379.11841774505,1463098.6873159967,18.206503821448177
Thailand,THA,2032,2W,Gasoline,ATS,1196719.5688982515,1463098.6873159967,81.79349617855182
Thailand,THA,2033,2W,Electric,ATS,297078.4382174521,1442827.8760080896,20.590012374822347
Thailand,THA,2033,2W,Gasoline,ATS,1145749.4377906376,1442827.8760080896,79.40998762517766
Thailand,THA,2034,2W,Electric,ATS,440801.94348106155,1927986.6758950688,22.863329347253867
Thailand,THA,2034,2W,Gasoline,ATS,1487184.7324140074,1927986.6758950688,77.13667065274615
Thailand,THA,2035,2W,Electric,ATS,691210.13089858,2764840.52359432,25.0
Thailand,THA,2035,2W,Gasoline,ATS,2073630.39269574,2764840.52359432,75.00000000000001
Thailand,THA,2036,2W,Electric,ATS,699525.4890526467,2592683.7058805227,26.980749231618095
Thailand,THA,2036,2W,Gasoline,ATS,1893158.2168278764,2592683.7058805227,73.01925076838191
Thailand,THA,2037,2W,Electric,ATS,779505.6288716762,2707215.3520050533,28.79363210962691
Thailand,THA,2037,2W,Gasoline,ATS,1927709.7231333775,2707215.3520050533,71.2063678903731
Thailand,THA,2038,2W,Electric,ATS,857484.6928736068,2817562.421924155,30.4335650632371
Thailand,THA,2038,2W,Gasoline,ATS,1960077.7290505487,2817562.421924155,69.56643493676292
Thailand,THA,2039,2W,Electric,ATS,896046.5701036132,2808799.028146997,31.901412707862807
Thailand,THA,2039,2W,Gasoline,ATS,1912752.4580433841,2808799.028146997,68.0985872921372
Thailand,THA,2040,2W,Electric,ATS,942708.7478916782,2839242.569533635,33.202825218506234
Thailand,THA,2040,2W,Gasoline,ATS,1896533.821641957,2839242.569533635,66.79717478149378
Thailand,THA,2041,2W,Electric,ATS,956257.1363630572,2784106.508305479,34.34700265634142
Thailand,THA,2041,2W,Gasoline,ATS,1827849.3719424221,2784106.508305479,65.6529973436586
Thailand,THA,2042,2W,Electric,ATS,961410.2279516635,2720034.080474999,35.34552139816471
Thailand,THA,2042,2W,Gasoline,ATS,1758623.8525233355,2720034.080474999,64.6544786018353
Thailand,THA,2043,2W,Electric,ATS,812036.1820141991,2242493.289236974,36.21130934534483
Thailand,THA,2043,2W,Gasoline,ATS,1430457.1072227748,2242493.289236974,63.78869065465517
Thailand,THA,2044,2W,Electric,ATS,783434.0808674583,2119806.433481723,36.95781220838592
Thailand,THA,2044,2W,Gasoline,ATS,1336372.3526142647,2119806.433481723,63.04218779161408
Thailand,THA,2045,2W,Electric,ATS,771770.3032572197,2052670.186685335,37.598358872424576
Thailand,THA,2045,2W,Gasoline,ATS,1280899.8834281152,2052670.186685335,62.401641127575424
Thailand,THA,2046,2W,Electric,ATS,758705.1856041691,1988965.8938138708,38.14571119413923
Thailand,THA,2046,2W,Gasoline,ATS,1230260.7082097018,1988965.8938138708,61.85428880586077
Thailand,THA,2047,2W,Electric,ATS,676375.6796417625,1751734.398604419,38.611771292532765
Thailand,THA,2047,2W,Gasoline,ATS,1075358.7189626563,1751734.398604419,61.38822870746723
Thailand,THA,2048,2W,Electric,ATS,697966.5625189304,1789317.6553026177,39.007414946726556
Thailand,THA,2048,2W,Gasoline,ATS,1091351.0927836872,1789317.6553026177,60.99258505327344
Thailand,THA,2049,2W,Electric,ATS,742949.4270691195,1888418.1994175464,39.342420407633796
Thailand,THA,2049,2W,Gasoline,ATS,1145468.772348427,1888418.1994175464,60.657579592366204
Thailand,THA,2050,2W,Electric,ATS,791509.6322699644,1997477.1841905937,39.625465488893454
Thailand,THA,2050,2W,Gasoline,ATS,1205967.5519206293,1997477.1841905937,60.374534511106546
Thailand,THA,2051,2W,Electric,ATS,850037.255335541,2132333.9812477008,39.86417056666496
Thailand,THA,2051,2W,Gasoline,ATS,1282296.7259121598,2132333.9812477008,60.13582943333504
Thailand,THA,2052,2W,Electric,ATS,900949.9247129973,2248711.0978691205,40.06517002414128
Thailand,THA,2052,2W,Gasoline,ATS,1347761.1731561234,2248711.0978691205,59.93482997585872
Thailand,THA,2053,2W,Electric,ATS,926594.8542864711,2303003.1024287455,40.23419913370003
Thailand,THA,2053,2W,Gasoline,ATS,1376408.2481422743,2303003.1024287455,59.76580086629997
Thailand,THA,2054,2W,Electric,ATS,944009.2802503613,2338034.7370305993,40.37618711556408
Thailand,THA,2054,2W,Gasoline,ATS,1394025.456780238,2338034.7370305993,59.62381288443592
Thailand,THA,2055,2W,Electric,ATS,969697.5957831221,2347186.2954530083,41.31319263671697
Thailand,THA,2055,2W,Gasoline,ATS,1377488.6996698861,2347186.2954530083,58.68680736328302
Thailand,THA,2056,2W,Electric,ATS,982365.7836024304,2318086.340285331,42.37830863027785
Thailand,THA,2056,2W,Gasoline,ATS,1335720.5566829005,2318086.340285331,57.62169136972215
Thailand,THA,2057,2W,Electric,ATS,976105.3794248085,2249992.4091169313,43.382607668792396
Thailand,THA,2057,2W,Gasoline,ATS,1273887.0296921227,2249992.4091169313,56.617392331207604
Thailand,THA,2058,2W,Electric,ATS,964659.1951626085,2176255.417780172,44.32656145419649
Thailand,THA,2058,2W,Gasoline,ATS,1211596.2226175636,2176255.417780172,55.67343854580351
Thailand,THA,2059,2W,Electric,ATS,949801.0790606006,2100811.4615432248,45.21115275917673
Thailand,THA,2059,2W,Gasoline,ATS,1151010.3824826241,2100811.4615432248,54.788847240823266
Thailand,THA,2060,2W,Electric,ATS,932993.3377666116,2026581.0654866472,46.0378
Thailand,THA,2060,2W,Gasoline,ATS,1093587.7277200357,2026581.0654866472,53.9622
Thailand,THA,2025,2W,Electric,BAS,236074.1951311374,15851504.709045198,1.4892857142857143
Thailand,THA,2025,2W,Gasoline,BAS,15615430.51391406,15851504.709045198,98.51071428571429
Thailand,THA,2026,2W,Electric,BAS,18891.834645260773,815733.2276646942,2.315932955108975
Thailand,THA,2026,2W,Gasoline,BAS,796841.3930194334,815733.2276646942,97.68406704489102
Thailand,THA,2027,2W,Electric,BAS,25625.13472566006,800654.28796174,3.2005242600892156
Thailand,THA,2027,2W,Gasoline,BAS,775029.1532360801,800654.28796174,96.79947573991079
Thailand,THA,2028,2W,Electric,BAS,36632.66202911201,883890.8452886194,4.144478045493304
Thailand,THA,2028,2W,Gasoline,BAS,847258.1832595075,883890.8452886194,95.85552195450671
Thailand,THA,2029,2W,Electric,BAS,49354.95265549631,958576.2182012722,5.148777084007863
Thailand,THA,2029,2W,Gasoline,BAS,909221.2655457758,958576.2182012722,94.85122291599212
Thailand,THA,2030,2W,Electric,BAS,73634.77821438668,1185002.337426722,6.213893077568726
Thailand,THA,2030,2W,Gasoline,BAS,1111367.5592123354,1185002.337426722,93.78610692243127
Thailand,THA,2031,2W,Electric,BAS,91399.1318098846,1245268.4503062181,7.339713118678071
Thailand,THA,2031,2W,Gasoline,BAS,1153869.3184963334,1245268.4503062181,92.66028688132192
Thailand,THA,2032,2W,Electric,BAS,124736.05714804538,1463098.6873159967,8.525471195444055
Thailand,THA,2032,2W,Gasoline,BAS,1338362.6301679513,1463098.6873159967,91.47452880455594
Thailand,THA,2033,2W,Electric,BAS,140959.78570995602,1442827.8760080896,9.76968826662493
Thailand,THA,2033,2W,Gasoline,BAS,1301868.0902981337,1442827.8760080896,90.23031173337507
Thailand,THA,2034,2W,Electric,BAS,213430.52818500376,1927986.6758950688,11.070124646266994
Thailand,THA,2034,2W,Gasoline,BAS,1714556.147710065,1927986.6758950688,88.929875353733
Thailand,THA,2035,2W,Electric,BAS,343496.83133233513,2764840.52359432,12.423748436882207
Thailand,THA,2035,2W,Gasoline,BAS,2421343.6922619846,2764840.52359432,87.5762515631178
Thailand,THA,2036,2W,Electric,BAS,358483.20692421944,2592683.7058805227,13.82672348775656
Thailand,THA,2036,2W,Gasoline,BAS,2234200.498956303,2592683.7058805227,86.17327651224343
Thailand,THA,2037,2W,Electric,BAS,413511.4377577247,2707215.3520050533,15.27441980008958
Thailand,THA,2037,2W,Gasoline,BAS,2293703.914247329,2707215.3520050533,84.72558019991042
Thailand,THA,2038,2W,Electric,BAS,472264.27283069195,2817562.421924155,16.76144844763282
Thailand,THA,2038,2W,Gasoline,BAS,2345298.1490934636,2817562.421924155,83.23855155236718
Thailand,THA,2039,2W,Electric,BAS,513496.8286405829,2808799.028146997,18.281721956424335
Thailand,THA,2039,2W,Gasoline,BAS,2295302.1995064146,2808799.028146997,81.71827804357568
Thailand,THA,2040,2W,Electric,BAS,562980.3415262928,2839242.569533635,19.828539750964858
Thailand,THA,2040,2W,Gasoline,BAS,2276262.228007342,2839242.569533635,80.17146024903515
Thailand,THA,2041,2W,Electric,BAS,595651.1466136585,2784106.508305479,21.39469682056798
Thailand,THA,2041,2W,Gasoline,BAS,2188455.36169182,2784106.508305479,78.60530317943201
Thailand,THA,2042,2W,Electric,BAS,624862.8839551288,2720034.080474999,22.97261230807848
Thailand,THA,2042,2W,Gasoline,BAS,2095171.19651987,2720034.080474999,77.02738769192152
Thailand,THA,2043,2W,Electric,BAS,550632.4183416745,2242493.289236974,24.554473406207226
Thailand,THA,2043,2W,Gasoline,BAS,1691860.8708952996,2242493.289236974,75.44552659379278
Thailand,THA,2044,2W,Electric,BAS,553956.0609914914,2119806.433481723,26.132388893717717
Thailand,THA,2044,2W,Gasoline,BAS,1565850.3724902316,2119806.433481723,73.86761110628228
Thailand,THA,2045,2W,Electric,BAS,568559.7951344213,2052670.186685335,27.698545963320846
Thailand,THA,2045,2W,Gasoline,BAS,1484110.3915509137,2052670.186685335,72.30145403667916
Thailand,THA,2046,2W,Electric,BAS,581680.3106656653,1988965.8938138708,29.245363757861377
Thailand,THA,2046,2W,Gasoline,BAS,1407285.5831482054,1988965.8938138708,70.75463624213863
Thailand,THA,2047,2W,Electric,BAS,538932.250949819,1751734.398604419,30.765637266652888
Thailand,THA,2047,2W,Gasoline,BAS,1212802.1476546,1751734.398604419,69.23436273334711
Thailand,THA,2048,2W,Electric,BAS,577102.6455084808,1789317.6553026177,32.25266591419613
Thailand,THA,2048,2W,Gasoline,BAS,1212215.009794137,1789317.6553026177,67.74733408580387
Thailand,THA,2049,2W,Electric,BAS,636403.7735554127,1888418.1994175464,33.700362226529144
Thailand,THA,2049,2W,Gasoline,BAS,1252014.4258621337,1888418.1994175464,66.29963777347085
Thailand,THA,2050,2W,Electric,BAS,701181.1530056063,1997477.1841905937,35.10333727740349
Thailand,THA,2050,2W,Gasoline,BAS,1296296.0311849874,1997477.1841905937,64.89666272259652
Thailand,THA,2051,2W,Electric,BAS,777384.1693836076,2132333.9812477008,36.45696106801871
Thailand,THA,2051,2W,Gasoline,BAS,1354949.8118640934,2132333.9812477008,63.5430389319813
Thailand,THA,2052,2W,Electric,BAS,849054.7866720996,2248711.0978691205,37.757397447660765
Thailand,THA,2052,2W,Gasoline,BAS,1399656.311197021,2248711.0978691205,62.24260255233924
Thailand,THA,2053,2W,Electric,BAS,898208.3923662232,2303003.1024287455,39.00161451884165
Thailand,THA,2053,2W,Gasoline,BAS,1404794.7100625224,2303003.1024287455,60.99838548115836
Thailand,THA,2054,2W,Electric,BAS,939594.7311852217,2338034.7370305993,40.18737259560762
Thailand,THA,2054,2W,Gasoline,BAS,1398440.005845378,2338034.7370305993,59.812627404392394
Thailand,THA,2055,2W,Electric,BAS,969697.5957831218,2347186.2954530083,41.31319263671696
Thailand,THA,2055,2W,Gasoline,BAS,1377488.6996698864,2347186.2954530083,58.68680736328303
Thailand,THA,2056,2W,Electric,BAS,982365.7836024304,2318086.340285331,42.37830863027785
Thailand,THA,2056,2W,Gasoline,BAS,1335720.5566829005,2318086.340285331,57.62169136972215
Thailand,THA,2057,2W,Electric,BAS,976105.3794248085,2249992.4091169313,43.382607668792396
Thailand,THA,2057,2W,Gasoline,BAS,1273887.0296921227,2249992.4091169313,56.617392331207604
Thailand,THA,2058,2W,Electric,BAS,964659.1951626085,2176255.417780172,44.32656145419649
Thailand,THA,2058,2W,Gasoline,BAS,1211596.2226175636,2176255.417780172,55.67343854580351
Thailand,THA,2059,2W,Electric,BAS,949801.0790606006,2100811.4615432248,45.21115275917673
Thailand,THA,2059,2W,Gasoline,BAS,1151010.3824826241,2100811.4615432248,54.788847240823266
Thailand,THA,2060,2W,Electric,BAS,932993.3377666116,2026581.0654866472,46.0378
Thailand,THA,2060,2W,Gasoline,BAS,1093587.7277200357,2026581.0654866472,53.9622
Thailand,THA,2025,2W,Electric,RAS,236074.1951311374,15851504.709045198,1.4892857142857143
Thailand,THA,2025,2W,Gasoline,RAS,15615430.51391406,15851504.709045198,98.51071428571429
Thailand,THA,2026,2W,Electric,RAS,93799.74170091965,815733.2276646942,11.498825660130628
Thailand,THA,2026,2W,Gasoline,RAS,721933.4859637745,815733.2276646942,88.50117433986937
Thailand,THA,2027,2W,Electric,RAS,186795.68169254554,800654.28796174,23.33037922872796
Thailand,THA,2027,2W,Gasoline,RAS,613858.6062691945,800654.28796174,76.66962077127204
Thailand,THA,2028,2W,Electric,RAS,323735.22449806146,883890.8452886194,36.62615426142934
Thailand,THA,2028,2W,Gasoline,RAS,560155.6207905578,883890.8452886194,63.37384573857066
Thailand,THA,2029,2W,Electric,RAS,486426.07843974204,958576.2182012722,50.744642857142864
Thailand,THA,2029,2W,Gasoline,RAS,472150.1397615301,958576.2182012722,49.25535714285713
Thailand,THA,2030,2W,Electric,RAS,768629.6238445159,1185002.337426722,64.86313145285642
Thailand,THA,2030,2W,Gasoline,RAS,416372.7135822061,1185002.337426722,35.13686854714358
Thailand,THA,2031,2W,Electric,RAS,973288.2035689915,1245268.4503062181,78.15890648555778
Thailand,THA,2031,2W,Gasoline,RAS,271980.2467372265,1245268.4503062181,21.841093514442218
Thailand,THA,2032,2W,Electric,RAS,1316649.2397619693,1463098.6873159967,89.99046005415508
Thailand,THA,2032,2W,Gasoline,RAS,146449.44755402734,1463098.6873159967,10.009539945844919
Thailand,THA,2033,2W,Electric,RAS,1442827.8760080896,1442827.8760080896,100.0
Thailand,THA,2034,2W,Electric,RAS,1927986.6758950688,1927986.6758950688,100.0
Thailand,THA,2035,2W,Electric,RAS,2764840.52359432,2764840.52359432,100.0
Thailand,THA,2036,2W,Electric,RAS,2592683.7058805227,2592683.7058805227,100.0
Thailand,THA,2037,2W,Electric,RAS,2707215.3520050533,2707215.3520050533,100.0
Thailand,THA,2038,2W,Electric,RAS,2817562.421924155,2817562.421924155,100.0
Thailand,THA,2039,2W,Electric,RAS,2808799.028146997,2808799.028146997,100.0
Thailand,THA,2040,2W,Electric,RAS,2839242.569533635,2839242.569533635,100.0
Thailand,THA,2041,2W,Electric,RAS,2784106.508305479,2784106.508305479,100.0
Thailand,THA,2042,2W,Electric,RAS,2720034.080474999,2720034.080474999,100.0
Thailand,THA,2043,2W,Electric,RAS,2242493.289236974,2242493.289236974,100.0
Thailand,THA,2044,2W,Electric,RAS,2119806.433481723,2119806.433481723,100.0
Thailand,THA,2045,2W,Electric,RAS,2052670.186685335,2052670.186685335,100.0
Thailand,THA,2046,2W,Electric,RAS,1988965.8938138708,1988965.8938138708,100.0
Thailand,THA,2047,2W,Electric,RAS,1751734.398604419,1751734.398604419,100.0
Thailand,THA,2048,2W,Electric,RAS,1789317.6553026177,1789317.6553026177,100.0
Thailand,THA,2049,2W,Electric,RAS,1888418.1994175464,1888418.1994175464,100.0
Thailand,THA,2050,2W,Electric,RAS,1997477.1841905937,1997477.1841905937,100.0
Thailand,THA,2051,2W,Electric,RAS,2132333.9812477008,2132333.9812477008,100.0
Thailand,THA,2052,2W,Electric,RAS,2248711.0978691205,2248711.0978691205,100.0
Thailand,THA,2053,2W,Electric,RAS,2303003.1024287455,2303003.1024287455,100.0
Thailand,THA,2054,2W,Electric,RAS,2338034.7370305993,2338034.7370305993,100.0
Thailand,THA,2055,2W,Electric,RAS,2347186.2954530083,2347186.2954530083,100.0
Thailand,THA,2056,2W,Electric,RAS,2318086.340285331,2318086.340285331,100.0
Thailand,THA,2057,2W,Electric,RAS,2249992.4091169313,2249992.4091169313,100.0
Thailand,THA,2058,2W,Electric,RAS,2176255.417780172,2176255.417780172,100.0
Thailand,THA,2059,2W,Electric,RAS,2100811.4615432248,2100811.4615432248,100.0
Thailand,THA,2060,2W,Electric,RAS,2026581.0654866472,2026581.0654866472,100.0
Thailand,THA,2018,2W,Electric,historical,135.0,1790000.0,0.007541899441340782
Thailand,THA,2018,2W,Gasoline,historical,1789865.0,1790000.0,99.99245810055866
Thailand,THA,2019,2W,Electric,historical,791.0,1715000.0,0.046122448979591835
Thailand,THA,2019,2W,Gasoline,historical,1714209.0,1715000.0,99.95387755102041
Thailand,THA,2020,2W,Electric,historical,1591.0,1515000.0,0.10501650165016502
Thailand,THA,2020,2W,Gasoline,historical,1513409.0,1515000.0,99.89498349834983
Thailand,THA,2021,2W,Electric,historical,3778.0,1600000.0,0.236125
Thailand,THA,2021,2W,Gasoline,historical,1596222.0,1600000.0,99.763875
Thailand,THA,2022,2W,Electric,historical,9916.0,1790000.0,0.5539664804469274
Thailand,THA,2022,2W,Gasoline,historical,1780084.0,1790000.0,99.44603351955307
Thailand,THA,2023,2W,Electric,historical,21927.0,1850000.0,1.1852432432432431
Thailand,THA,2023,2W,Gasoline,historical,1828073.0,1850000.0,98.81475675675675
Thailand,THA,2024,2W,Electric,historical,25020.0,1680000.0,1.4892857142857143
Thailand,THA,2024,2W,Gasoline,historical,1654980.0,1680000.0,98.51071428571429
Thailand,THA,2025,Bus,Diesel,ATS,121015.26551295012,162331.949373234,74.54802703977363
Thailand,THA,2025,Bus,Electric,ATS,41316.6838602839,162331.949373234,25.45197296022638
Thailand,THA,2026,Bus,Diesel,ATS,8958.936179100076,12031.290681674815,74.46363333857168
Thailand,THA,2026,Bus,Electric,ATS,3072.3545025747385,12031.290681674815,25.53636666142831
Thailand,THA,2027,Bus,Diesel,ATS,9156.149206132517,12311.066265473317,74.37332403783057
Thailand,THA,2027,Bus,Electric,ATS,3154.9170593408003,12311.066265473317,25.626675962169433
Thailand,THA,2028,Bus,Diesel,ATS,9339.725192582837,12574.189769797056,74.27695432922974
Thailand,THA,2028,Bus,Electric,ATS,3234.4645772142194,12574.189769797056,25.72304567077027
Thailand,THA,2029,Bus,Diesel,ATS,9648.627652600535,13008.025068334799,74.17442387997865
Thailand,THA,2029,Bus,Electric,ATS,3359.397415734264,13008.025068334799,25.82557612002136
Thailand,THA,2030,Bus,Diesel,ATS,10751.825057850754,14516.607961704081,74.06568453329379
Thailand,THA,2030,Bus,Electric,ATS,3764.782903853329,14516.607961704081,25.934315466706227
Thailand,THA,2031,Bus,Diesel,ATS,10974.721119357006,14840.58166207088,73.95074781607701
Thailand,THA,2031,Bus,Electric,ATS,3865.8605427138746,14840.58166207088,26.049252183923
Thailand,THA,2032,Bus,Diesel,ATS,12276.687504658137,16628.38782534795,73.82969193167256
Thailand,THA,2032,Bus,Electric,ATS,4351.700320689814,16628.38782534795,26.17030806832745
Thailand,THA,2033,Bus,Diesel,ATS,11789.767569462001,15996.391866066202,73.70266787769881
Thailand,THA,2033,Bus,Electric,ATS,4206.624296604203,15996.391866066202,26.297332122301192
Thailand,THA,2034,Bus,Diesel,ATS,15400.191014283462,20932.73215360375,73.56990430717467
Thailand,THA,2034,Bus,Electric,ATS,5532.541139320289,20932.73215360375,26.43009569282534
Thailand,THA,2035,Bus,Diesel,ATS,22014.84951954272,29980.03082636249,73.43171075122542
Thailand,THA,2035,Bus,Electric,ATS,7965.181306819773,29980.03082636249,26.56828924877459
Thailand,THA,2036,Bus,Diesel,ATS,21415.869164241583,29221.331238884188,73.2884788484378
Thailand,THA,2036,Bus,Electric,ATS,7805.462074642606,29221.331238884188,26.711521151562213
Thailand,THA,2037,Bus,Diesel,ATS,23032.75487602595,31491.03135509172,73.1406812825831
Thailand,THA,2037,Bus,Electric,ATS,8458.276479065775,31491.03135509172,26.859318717416897
Thailand,THA,2038,Bus,Diesel,ATS,24674.52919533257,33805.87998953444,72.988868217515
Thailand,THA,2038,Bus,Electric,ATS,9131.350794201875,33805.87998953444,27.011131782485005
Thailand,THA,2039,Bus,Diesel,ATS,26166.39874549437,35926.243907669734,72.83366113290853
Thailand,THA,2039,Bus,Electric,ATS,9759.845162175365,35926.243907669734,27.166338867091472
Thailand,THA,2040,Bus,Diesel,ATS,26952.38845797776,37085.810116437264,72.6757441009273
Thailand,THA,2040,Bus,Electric,ATS,10133.421658459509,37085.810116437264,27.324255899072696
Thailand,THA,2041,Bus,Diesel,ATS,28512.605007312857,39319.13360833679,72.51585269230694
Thailand,THA,2041,Bus,Electric,ATS,10806.528601023938,39319.13360833679,27.484147307693068
Thailand,THA,2042,Bus,Diesel,ATS,29172.149959938946,40318.21765123063,72.354760848533
Thailand,THA,2042,Bus,Electric,ATS,11146.067691291692,40318.21765123063,27.645239151467006
Thailand,THA,2043,Bus,Diesel,ATS,26475.874164729303,36673.60622609104,72.19326619124064
Thailand,THA,2043,Bus,Electric,ATS,10197.732061361741,36673.60622609104,27.806733808759375
Thailand,THA,2044,Bus,Diesel,ATS,26381.366875751413,36624.421121169755,72.0321743474667
Thailand,THA,2044,Bus,Electric,ATS,10243.054245418343,36624.421121169755,27.967825652533314
Thailand,THA,2045,Bus,Diesel,ATS,26537.623273520883,36923.30643803376,71.87228293884633
Thailand,THA,2045,Bus,Electric,ATS,10385.683164512879,36923.30643803376,28.127717061153685
Thailand,THA,2046,Bus,Diesel,ATS,26611.4786335211,37107.59803423658,71.7143659068651
Thailand,THA,2046,Bus,Electric,ATS,10496.11940071548,37107.59803423658,28.28563409313491
Thailand,THA,2047,Bus,Diesel,ATS,26102.269069076854,36476.489520944015,71.55915882225862
Thailand,THA,2047,Bus,Electric,ATS,10374.220451867164,36476.489520944015,28.440841177741376
Thailand,THA,2048,Bus,Diesel,ATS,26709.63813881042,37404.608525336254,71.40734575719053
Thailand,THA,2048,Bus,Electric,ATS,10694.970386525834,37404.608525336254,28.592654242809484
Thailand,THA,2049,Bus,Diesel,ATS,26938.97666056454,37804.023943895765,71.25954819133584
Thailand,THA,2049,Bus,Electric,ATS,10865.047283331225,37804.023943895765,28.74045180866417
Thailand,THA,2050,Bus,Diesel,ATS,29044.655390499007,40841.05716704007,71.11631628854822
Thailand,THA,2050,Bus,Electric,ATS,11796.401776541064,40841.05716704007,28.883683711451784
Thailand,THA,2051,Bus,Diesel,ATS,31068.11040099643,43771.38927446923,70.97812273259898
Thailand,THA,2051,Bus,Electric,ATS,12703.2788734728,43771.38927446923,29.021877267401035
Thailand,THA,2052,Bus,Diesel,ATS,32910.577711357626,46454.10525207053,70.84535916207481
Thailand,THA,2052,Bus,Electric,ATS,13543.527540712901,46454.10525207053,29.154640837925182
Thailand,THA,2053,Bus,Diesel,ATS,34405.70749354866,48651.74984812015,70.71833510810107
Thailand,THA,2053,Bus,Electric,ATS,14246.042354571488,48651.74984812015,29.281664891898927
Thailand,THA,2054,Bus,Diesel,ATS,35863.79313768896,50800.531595629756,70.59727922369662
Thailand,THA,2054,Bus,Electric,ATS,14936.738457940794,50800.531595629756,29.402720776303383
Thailand,THA,2055,Bus,Diesel,ATS,37196.97166384394,52774.87997851975,70.48234250647984
Thailand,THA,2055,Bus,Electric,ATS,15577.9083146758,52774.87997851975,29.51765749352015
Thailand,THA,2056,Bus,Diesel,ATS,38319.627013740006,54451.705317303305,70.37360315979497
Thailand,THA,2056,Bus,Electric,ATS,16132.078303563296,54451.705317303305,29.62639684020502
Thailand,THA,2057,Bus,Diesel,ATS,39201.17153261139,55785.645530254464,70.27107271054389
Thailand,THA,2057,Bus,Electric,ATS,16584.473997643072,55785.645530254464,29.72892728945611
Thailand,THA,2058,Bus,Diesel,ATS,40017.15466287323,57025.04314377392,70.17470300194304
Thailand,THA,2058,Bus,Electric,ATS,17007.88848090068,57025.04314377392,29.82529699805695
Thailand,THA,2059,Bus,Diesel,ATS,40758.15775374435,58155.82557154284,70.08439370120193
Thailand,THA,2059,Bus,Electric,ATS,17397.667817798487,58155.82557154284,29.91560629879807
Thailand,THA,2060,Bus,Diesel,ATS,41551.09354634358,59358.70506620512,70.0
Thailand,THA,2060,Bus,Electric,ATS,17807.611519861533,59358.70506620512,30.0
Thailand,THA,2025,Bus,Diesel,BAS,121015.26551295012,162331.949373234,74.54802703977363
Thailand,THA,2025,Bus,Electric,BAS,41316.6838602839,162331.949373234,25.45197296022638
Thailand,THA,2026,Bus,Diesel,BAS,8958.936179100076,12031.290681674815,74.46363333857168
Thailand,THA,2026,Bus,Electric,BAS,3072.3545025747385,12031.290681674815,25.53636666142831
Thailand,THA,2027,Bus,Diesel,BAS,9156.149206132517,12311.066265473317,74.37332403783057
Thailand,THA,2027,Bus,Electric,BAS,3154.9170593408003,12311.066265473317,25.626675962169433
Thailand,THA,2028,Bus,Diesel,BAS,9339.725192582837,12574.189769797056,74.27695432922974
Thailand,THA,2028,Bus,Electric,BAS,3234.4645772142194,12574.189769797056,25.72304567077027
Thailand,THA,2029,Bus,Diesel,BAS,9648.627652600535,13008.025068334799,74.17442387997865
Thailand,THA,2029,Bus,Electric,BAS,3359.397415734264,13008.025068334799,25.82557612002136
Thailand,THA,2030,Bus,Diesel,BAS,10751.825057850754,14516.607961704081,74.06568453329379
Thailand,THA,2030,Bus,Electric,BAS,3764.782903853329,14516.607961704081,25.934315466706227
Thailand,THA,2031,Bus,Diesel,BAS,10974.721119357006,14840.58166207088,73.95074781607701
Thailand,THA,2031,Bus,Electric,BAS,3865.8605427138746,14840.58166207088,26.049252183923
Thailand,THA,2032,Bus,Diesel,BAS,12276.687504658137,16628.38782534795,73.82969193167256
Thailand,THA,2032,Bus,Electric,BAS,4351.700320689814,16628.38782534795,26.17030806832745
Thailand,THA,2033,Bus,Diesel,BAS,11789.767569462001,15996.391866066202,73.70266787769881
Thailand,THA,2033,Bus,Electric,BAS,4206.624296604203,15996.391866066202,26.297332122301192
Thailand,THA,2034,Bus,Diesel,BAS,15400.191014283462,20932.73215360375,73.56990430717467
Thailand,THA,2034,Bus,Electric,BAS,5532.541139320289,20932.73215360375,26.43009569282534
Thailand,THA,2035,Bus,Diesel,BAS,22014.84951954272,29980.03082636249,73.43171075122542
Thailand,THA,2035,Bus,Electric,BAS,7965.181306819773,29980.03082636249,26.56828924877459
Thailand,THA,2036,Bus,Diesel,BAS,21415.869164241583,29221.331238884188,73.2884788484378
Thailand,THA,2036,Bus,Electric,BAS,7805.462074642606,29221.331238884188,26.711521151562213
Thailand,THA,2037,Bus,Diesel,BAS,23032.75487602595,31491.03135509172,73.1406812825831
Thailand,THA,2037,Bus,Electric,BAS,8458.276479065775,31491.03135509172,26.859318717416897
Thailand,THA,2038,Bus,Diesel,BAS,24674.52919533257,33805.87998953444,72.988868217515
Thailand,THA,2038,Bus,Electric,BAS,9131.350794201875,33805.87998953444,27.011131782485005
Thailand,THA,2039,Bus,Diesel,BAS,26166.39874549437,35926.243907669734,72.83366113290853
Thailand,THA,2039,Bus,Electric,BAS,9759.845162175365,35926.243907669734,27.166338867091472
Thailand,THA,2040,Bus,Diesel,BAS,26952.38845797776,37085.810116437264,72.6757441009273
Thailand,THA,2040,Bus,Electric,BAS,10133.421658459509,37085.810116437264,27.324255899072696
Thailand,THA,2041,Bus,Diesel,BAS,28512.605007312857,39319.13360833679,72.51585269230694
Thailand,THA,2041,Bus,Electric,BAS,10806.528601023938,39319.13360833679,27.484147307693068
Thailand,THA,2042,Bus,Diesel,BAS,29172.149959938946,40318.21765123063,72.354760848533
Thailand,THA,2042,Bus,Electric,BAS,11146.067691291692,40318.21765123063,27.645239151467006
Thailand,THA,2043,Bus,Diesel,BAS,26475.874164729303,36673.60622609104,72.19326619124064
Thailand,THA,2043,Bus,Electric,BAS,10197.732061361741,36673.60622609104,27.806733808759375
Thailand,THA,2044,Bus,Diesel,BAS,26381.366875751413,36624.421121169755,72.0321743474667
Thailand,THA,2044,Bus,Electric,BAS,10243.054245418343,36624.421121169755,27.967825652533314
Thailand,THA,2045,Bus,Diesel,BAS,26537.623273520883,36923.30643803376,71.87228293884633
Thailand,THA,2045,Bus,Electric,BAS,10385.683164512879,36923.30643803376,28.127717061153685
Thailand,THA,2046,Bus,Diesel,BAS,26611.4786335211,37107.59803423658,71.7143659068651
Thailand,THA,2046,Bus,Electric,BAS,10496.11940071548,37107.59803423658,28.28563409313491
Thailand,THA,2047,Bus,Diesel,BAS,26102.269069076854,36476.489520944015,71.55915882225862
Thailand,THA,2047,Bus,Electric,BAS,10374.220451867164,36476.489520944015,28.440841177741376
Thailand,THA,2048,Bus,Diesel,BAS,26709.63813881042,37404.608525336254,71.40734575719053
Thailand,THA,2048,Bus,Electric,BAS,10694.970386525834,37404.608525336254,28.592654242809484
Thailand,THA,2049,Bus,Diesel,BAS,26938.97666056454,37804.023943895765,71.25954819133584
Thailand,THA,2049,Bus,Electric,BAS,10865.047283331225,37804.023943895765,28.74045180866417
Thailand,THA,2050,Bus,Diesel,BAS,29044.655390499007,40841.05716704007,71.11631628854822
Thailand,THA,2050,Bus,Electric,BAS,11796.401776541064,40841.05716704007,28.883683711451784
Thailand,THA,2051,Bus,Diesel,BAS,31068.11040099643,43771.38927446923,70.97812273259898
Thailand,THA,2051,Bus,Electric,BAS,12703.2788734728,43771.38927446923,29.021877267401035
Thailand,THA,2052,Bus,Diesel,BAS,32910.577711357626,46454.10525207053,70.84535916207481
Thailand,THA,2052,Bus,Electric,BAS,13543.527540712901,46454.10525207053,29.154640837925182
Thailand,THA,2053,Bus,Diesel,BAS,34405.70749354866,48651.74984812015,70.71833510810107
Thailand,THA,2053,Bus,Electric,BAS,14246.042354571488,48651.74984812015,29.281664891898927
Thailand,THA,2054,Bus,Diesel,BAS,35863.79313768896,50800.531595629756,70.59727922369662
Thailand,THA,2054,Bus,Electric,BAS,14936.738457940794,50800.531595629756,29.402720776303383
Thailand,THA,2055,Bus,Diesel,BAS,37196.97166384394,52774.87997851975,70.48234250647984
Thailand,THA,2055,Bus,Electric,BAS,15577.9083146758,52774.87997851975,29.51765749352015
Thailand,THA,2056,Bus,Diesel,BAS,38319.627013740006,54451.705317303305,70.37360315979497
Thailand,THA,2056,Bus,Electric,BAS,16132.078303563296,54451.705317303305,29.62639684020502
Thailand,THA,2057,Bus,Diesel,BAS,39201.17153261139,55785.645530254464,70.27107271054389
Thailand,THA,2057,Bus,Electric,BAS,16584.473997643072,55785.645530254464,29.72892728945611
Thailand,THA,2058,Bus,Diesel,BAS,40017.15466287323,57025.04314377392,70.17470300194304
Thailand,THA,2058,Bus,Electric,BAS,17007.88848090068,57025.04314377392,29.82529699805695
Thailand,THA,2059,Bus,Diesel,BAS,40758.15775374435,58155.82557154284,70.08439370120193
Thailand,THA,2059,Bus,Electric,BAS,17397.667817798487,58155.82557154284,29.91560629879807
Thailand,THA,2060,Bus,Diesel,BAS,41551.09354634358,59358.70506620512,70.0
Thailand,THA,2060,Bus,Electric,BAS,17807.611519861533,59358.70506620512,30.0
Thailand,THA,2025,Bus,Diesel,RAS,121015.26551295012,162331.949373234,74.54802703977363
Thailand,THA,2025,Bus,Electric,RAS,41316.6838602839,162331.949373234,25.45197296022638
Thailand,THA,2026,Bus,Diesel,RAS,8919.654739758838,12031.290681674815,74.13713936231801
Thailand,THA,2026,Bus,Electric,RAS,3109.2361552340017,12031.290681674815,25.842914426211678
Thailand,THA,2026,Bus,Hydrogen,RAS,2.3997866819740095,12031.290681674815,0.019946211470305425
Thailand,THA,2027,Bus,Diesel,RAS,9067.502815381546,12311.066265473317,73.65326950445858
Thailand,THA,2027,Bus,Electric,RAS,3238.1512171415293,12311.066265473317,26.3027681543962
Thailand,THA,2027,Bus,Hydrogen,RAS,5.41223295024232,12311.066265473317,0.04396234114522686
Thailand,THA,2028,Bus,Diesel,RAS,9189.883882813252,12574.189769797056,73.08529655634085
Thailand,THA,2028,Bus,Electric,RAS,3375.152964408381,12574.189769797056,26.841912092940007
Thailand,THA,2028,Bus,Hydrogen,RAS,9.152922575424384,12574.189769797056,0.07279135071914944
Thailand,THA,2029,Bus,Diesel,RAS,9420.559117109244,13008.025068334799,72.42113285929577
Thailand,THA,2029,Bus,Electric,RAS,3573.5119633461886,13008.025068334799,27.47159499288731
Thailand,THA,2029,Bus,Hydrogen,RAS,13.953987879367059,13008.025068334799,0.10727214781692726
Thailand,THA,2030,Bus,Diesel,RAS,10400.849858025456,14516.607961704081,71.64793514754749
Thailand,THA,2030,Bus,Electric,RAS,4094.2250617588743,14516.607961704081,28.20373101319366
Thailand,THA,2030,Bus,Hydrogen,RAS,21.533041919750268,14516.607961704081,0.14833383925884114
Thailand,THA,2031,Bus,Diesel,RAS,10500.075839317124,14840.58166207088,70.75245484584278
Thailand,THA,2031,Bus,Electric,RAS,4311.272839128582,14840.58166207088,29.050565114622195
Thailand,THA,2031,Bus,Hydrogen,RAS,29.232983625174622,14840.58166207088,0.1969800395350232
Thailand,THA,2032,Bus,Diesel,RAS,11593.571133273124,16628.38782534795,69.72155842793214
Thailand,THA,2032,Bus,Electric,RAS,4992.537419091652,16628.38782534795,30.024181968387442
Thailand,THA,2032,Bus,Hydrogen,RAS,42.27927298317426,16628.38782534795,0.25425960368042816
Thailand,THA,2033,Bus,Diesel,RAS,10964.397520080984,15996.391866066202,68.54294150757964
Thailand,THA,2033,Bus,Electric,RAS,4980.610722378011,15996.391866066202,31.135838407057175
Thailand,THA,2033,Bus,Hydrogen,RAS,51.383623607209415,15996.391866066202,0.3212200853631974
Thailand,THA,2034,Bus,Diesel,RAS,14068.061173359678,20932.73215360375,67.20604396085841
Thailand,THA,2034,Bus,Electric,RAS,6781.182674926465,20932.73215360375,32.39511510091637
Thailand,THA,2034,Bus,Hydrogen,RAS,83.48830531760666,20932.73215360375,0.3988409382252256
Thailand,THA,2035,Bus,Diesel,RAS,19697.823289334574,29980.03082636249,65.70314554851487
Thailand,THA,2035,Bus,Electric,RAS,10135.921350761308,29980.03082636249,33.80890903503821
Thailand,THA,2035,Bus,Hydrogen,RAS,146.2861862666087,29980.03082636249,0.4879454164469175
Thailand,THA,2036,Bus,Diesel,RAS,18710.588397232546,29221.331238884188,64.03058178381269
Thailand,THA,2036,Bus,Electric,RAS,10338.601832821694,29221.331238884188,35.38032455915062
Thailand,THA,2036,Bus,Hydrogen,RAS,172.1410088299491,29221.331238884188,0.5890936570366951
Thailand,THA,2037,Bus,Diesel,RAS,19584.263388076473,31491.03135509172,62.18997138342354
Thailand,THA,2037,Bus,Electric,RAS,11685.554619617562,31491.03135509172,37.10756401672487
Thailand,THA,2037,Bus,Hydrogen,RAS,221.2133473976858,31491.03135509172,0.7024645998515964
Thailand,THA,2038,Bus,Diesel,RAS,20347.52184225286,33805.87998953444,60.18929798174757
Thailand,THA,2038,Bus,Electric,RAS,13178.533136610973,33805.87998953444,38.982961368527484
Thailand,THA,2038,Bus,Hydrogen,RAS,279.8250106706092,33805.87998953444,0.8277406497249498
Thailand,THA,2039,Bus,Diesel,RAS,20852.90465094662,35926.243907669734,58.04365383851003
Thailand,THA,2039,Bus,Electric,RAS,14727.004933190636,35926.243907669734,40.99233131924107
Thailand,THA,2039,Bus,Hydrogen,RAS,346.3343235324763,35926.243907669734,0.9640148422488969
Thailand,THA,2040,Bus,Diesel,RAS,20684.777178611006,37085.810116437264,55.7754491911262
Thailand,THA,2040,Bus,Electric,RAS,15989.475598515255,37085.810116437264,43.11480738404676
Thailand,THA,2040,Bus,Hydrogen,RAS,411.5573393109993,37085.810116437264,1.109743424827028
Thailand,THA,2041,Bus,Diesel,RAS,21001.89546755323,39319.13360833679,53.41393245526708
Thailand,THA,2041,Bus,Electric,RAS,17820.730018835464,39319.13360833679,45.32330288950455
Thailand,THA,2041,Bus,Hydrogen,RAS,496.5081219480988,39319.13360833679,1.2627646552283764
Thailand,THA,2042,Bus,Diesel,RAS,20559.855038921793,40318.21765123063,50.99395815750859
Thailand,THA,2042,Bus,Electric,RAS,19185.684391749874,40318.21765123063,47.58564616549777
Thailand,THA,2042,Bus,Hydrogen,RAS,572.6782205589684,40318.21765123063,1.4203956769936446
Thailand,THA,2043,Bus,Diesel,RAS,17806.528028626883,36673.60622609104,48.55406888226504
Thailand,THA,2043,Bus,Electric,RAS,18287.780328114495,36673.60622609104,49.86632679472861
Thailand,THA,2043,Bus,Hydrogen,RAS,579.2978693496622,36673.60622609104,1.5796043230063557
Thailand,THA,2044,Bus,Diesel,RAS,16896.345081068448,36624.421121169755,46.13409458450655
Thailand,THA,2044,Bus,Electric,RAS,19091.82365156634,36624.421121169755,52.128670070721824
Thailand,THA,2044,Bus,Hydrogen,RAS,636.2523885349649,36624.421121169755,1.737235344771624
Thailand,THA,2045,Bus,Diesel,RAS,16162.283054882973,36923.30643803376,43.77257784864742
Thailand,THA,2045,Bus,Electric,RAS,20063.078155434592,36923.30643803376,54.337165576179615
Thailand,THA,2045,Bus,Hydrogen,RAS,697.9452277161985,36923.30643803376,1.890256575172972
Thailand,THA,2046,Bus,Diesel,RAS,15401.275974154301,37107.59803423658,41.50437320126359
Thailand,THA,2046,Bus,Electric,RAS,20950.816871707284,37107.59803423658,56.45964164098531
Thailand,THA,2046,Bus,Hydrogen,RAS,755.5051883749969,37107.59803423658,2.0359851577511034
Thailand,THA,2047,Bus,Diesel,RAS,14356.68268042762,36476.489520944015,39.35872905802606
Thailand,THA,2047,Bus,Electric,RAS,21327.442886245593,36476.489520944015,58.4690115916989
Thailand,THA,2047,Bus,Hydrogen,RAS,792.3639542708052,36476.489520944015,2.17225935027505
Thailand,THA,2048,Bus,Diesel,RAS,13973.634470934994,37404.608525336254,37.3580556563501
Thailand,THA,2048,Bus,Electric,RAS,22571.589932244737,37404.608525336254,60.344408943501506
Thailand,THA,2048,Bus,Hydrogen,RAS,859.3841221565282,37404.608525336254,2.2975354001484036
Thailand,THA,2049,Bus,Diesel,RAS,13427.023508823544,37804.023943895765,35.517445255960936
Thailand,THA,2049,Bus,Electric,RAS,23465.58082391347,37804.023943895765,62.07164840107575
Thailand,THA,2049,Bus,Hydrogen,RAS,911.4196111587493,37804.023943895765,2.410906342963304
Thailand,THA,2050,Bus,Diesel,RAS,13822.607397961947,40841.05716704007,33.84488149125875
Thailand,THA,2050,Bus,Electric,RAS,25992.500120541954,40841.05716704007,63.64306392518817
Thailand,THA,2050,Bus,Hydrogen,RAS,1025.9496485361647,40841.05716704007,2.5120545835530823
Thailand,THA,2051,Bus,Diesel,RAS,14156.53531255495,43771.38927446923,32.34198307891522
Thailand,THA,2051,Bus,Electric,RAS,28476.29050333671,43771.38927446923,65.05685785931
Thailand,THA,2051,Bus,Hydrogen,RAS,1138.5634585775679,43771.38927446923,2.6011590617747737
Thailand,THA,2052,Bus,Diesel,RAS,14403.135066619889,46454.10525207053,31.005085532193995
Thailand,THA,2052,Bus,Electric,RAS,30806.566944433933,46454.10525207053,66.3161345531692
Thailand,THA,2052,Bus,Hydrogen,RAS,1244.4032410167051,46454.10525207053,2.6787799146368023
Thailand,THA,2053,Bus,Diesel,RAS,14511.098897561198,48651.74984812015,29.826468611841495
Thailand,THA,2053,Bus,Electric,RAS,32804.80020146277,48651.74984812015,67.42779099183893
Thailand,THA,2053,Bus,Hydrogen,RAS,1335.8507490961808,48651.74984812015,2.745740396319572
Thailand,THA,2054,Bus,Diesel,RAS,14628.303750520214,50800.531595629756,28.79557219393084
Thailand,THA,2054,Bus,Electric,RAS,34748.27880446172,50800.531595629756,68.40140784560418
Thailand,THA,2054,Bus,Hydrogen,RAS,1423.9490406478194,50800.531595629756,2.803019960464977
Thailand,THA,2055,Bus,Diesel,RAS,14724.240010019053,52774.87997851975,27.90009189222612
Thailand,THA,2055,Bus,Electric,RAS,36545.676574781486,52774.87997851975,69.24824194703272
Thailand,THA,2055,Bus,Hydrogen,RAS,1504.9633937192089,52774.87997851975,2.8516661607411593
Thailand,THA,2056,Bus,Diesel,RAS,14771.056480890502,54451.705317303305,27.126894180477855
Thailand,THA,2056,Bus,Electric,RAS,38105.509190710516,54451.705317303305,69.98037796733907
Thailand,THA,2056,Bus,Hydrogen,RAS,1575.1396457022838,54451.705317303305,2.8927278521830724
Thailand,THA,2057,Bus,Diesel,RAS,14762.405025114394,55785.645530254464,26.46273048343276
Thailand,THA,2057,Bus,Electric,RAS,39390.278264121305,55785.645530254464,70.61006086728638
Thailand,THA,2057,Bus,Hydrogen,RAS,1632.962241018765,55785.645530254464,2.9272086492808507
Thailand,THA,2058,Bus,Diesel,RAS,14766.496656489051,57025.04314377392,25.894757535315044
Thailand,THA,2058,Bus,Electric,RAS,40572.86473697673,57025.04314377392,71.14920480583018
Thailand,THA,2058,Bus,Hydrogen,RAS,1685.6817503081388,57025.04314377392,2.956037658854773
Thailand,THA,2059,Bus,Diesel,RAS,14777.911513881752,58155.82557154284,25.4108876774556
Thailand,THA,2059,Bus,Electric,RAS,41644.839174465604,58155.82557154284,71.60905853401471
Thailand,THA,2059,Bus,Hydrogen,RAS,1733.0748831954834,58155.82557154284,2.9800537885296947
Thailand,THA,2060,Bus,Diesel,RAS,14839.67626655128,59358.70506620512,25.0
Thailand,THA,2060,Bus,Electric,RAS,42738.267647667686,59358.70506620512,72.0
Thailand,THA,2060,Bus,Hydrogen,RAS,1780.7611519861534,59358.70506620512,3.0
Thailand,THA,2006,Bus,Electric,historical,0.0,2839.854697490189,0.0
Thailand,THA,2006,Bus,Gasoline,historical,149.0,2839.854697490189,5.246747311814349
Thailand,THA,2006,Bus,HybridDiesel,historical,2075.2651487083253,2839.854697490189,73.07645530394235
Thailand,THA,2006,Bus,NaturalGas,historical,615.5895487818639,2839.854697490189,21.6767973842433
Thailand,THA,2007,Bus,Electric,historical,0.0,2920.580338414895,0.0
Thailand,THA,2007,Bus,Gasoline,historical,149.0,2920.580338414895,5.1017257782700725
Thailand,THA,2007,Bus,HybridDiesel,historical,2137.5231031695753,2920.580338414895,73.18830011468498
Thailand,THA,2007,Bus,NaturalGas,historical,634.0572352453198,2920.580338414895,21.709974107044964
Thailand,THA,2008,Bus,Electric,historical,0.0,3004.727748567342,0.0
Thailand,THA,2008,Bus,Gasoline,historical,150.0,3004.727748567342,4.992132817075364
Thailand,THA,2008,Bus,HybridDiesel,historical,2201.6487962646625,3004.727748567342,73.27282138338195
Thailand,THA,2008,Bus,NaturalGas,historical,653.0789523026795,3004.727748567342,21.735045799542682
Thailand,THA,2009,Bus,Electric,historical,0.0,3091.369581024362,0.0
Thailand,THA,2009,Bus,Gasoline,historical,151.0,3091.369581024362,4.884566404705462
Thailand,THA,2009,Bus,HybridDiesel,historical,2267.6982601526024,3091.369581024362,73.35577971887702
Thailand,THA,2009,Bus,NaturalGas,historical,672.6713208717598,3091.369581024362,21.759653876417524
Thailand,THA,2010,Bus,Electric,historical,0.0,3179.5806684550926,0.0
Thailand,THA,2010,Bus,Gasoline,historical,151.0,3179.5806684550926,4.749053908211377
Thailand,THA,2010,Bus,HybridDiesel,historical,2335.7292079571803,3179.5806684550926,73.46029088458617
Thailand,THA,2010,Bus,NaturalGas,historical,692.8514604979125,3179.5806684550926,21.790655207202462
Thailand,THA,2011,Bus,Electric,historical,0.0,3271.438088508746,0.0
Thailand,THA,2011,Bus,Gasoline,historical,152.0,3271.438088508746,4.646274692891644
Thailand,THA,2011,Bus,HybridDiesel,historical,2405.8010841958962,3271.438088508746,73.53955719493862
Thailand,THA,2011,Bus,NaturalGas,historical,713.63700431285,3271.438088508746,21.81416811216973
Thailand,THA,2012,Bus,Electric,historical,0.0,3366.021231164009,0.0
Thailand,THA,2012,Bus,Gasoline,historical,153.0,3366.021231164009,4.54542587502013
Thailand,THA,2012,Bus,HybridDiesel,historical,2477.9751167217732,3366.021231164009,73.61733472681813
Thailand,THA,2012,Bus,NaturalGas,historical,735.0461144422355,3366.021231164009,21.83723939816173
Thailand,THA,2013,Bus,Electric,historical,0.0,3462.411868098929,0.0
Thailand,THA,2013,Bus,Gasoline,historical,153.0,3462.411868098929,4.418885038191777
Thailand,THA,2013,Bus,HybridDiesel,historical,2552.3143702234265,3462.411868098929,73.7149266885109
Thailand,THA,2013,Bus,NaturalGas,historical,757.0974978755027,3462.411868098929,21.86618827329732
Thailand,THA,2014,Bus,Electric,historical,0.0,3562.694224141897,0.0
Thailand,THA,2014,Bus,Gasoline,historical,154.0,3562.694224141897,4.322571355028149
Thailand,THA,2014,Bus,HybridDiesel,historical,2628.8838013301292,3562.694224141897,73.78920659303331
Thailand,THA,2014,Bus,NaturalGas,historical,779.8104228117677,3562.694224141897,21.88822205193855
Thailand,THA,2015,Bus,Electric,historical,0.0,3665.955050866154,0.0
Thailand,THA,2015,Bus,Gasoline,historical,155.0,3665.955050866154,4.228093303091051
Thailand,THA,2015,Bus,HybridDiesel,historical,2707.750315370033,3665.955050866154,73.86207080554011
Thailand,THA,2015,Bus,NaturalGas,historical,803.2047354961207,3665.955050866154,21.909835891368818
Thailand,THA,2016,Bus,Electric,historical,0.0,3771.2837023921384,0.0
Thailand,THA,2016,Bus,Gasoline,historical,155.0,3771.2837023921384,4.110006359417695
Thailand,THA,2016,Bus,HybridDiesel,historical,2788.982824831134,3771.2837023921384,73.95314287975928
Thailand,THA,2016,Bus,NaturalGas,historical,827.3008775610044,3771.2837023921384,21.936850760823024
Thailand,THA,2017,Bus,Electric,historical,0.0,3880.7722134639025,0.0
Thailand,THA,2017,Bus,Gasoline,historical,156.0,3880.7722134639025,4.019818515984411
Thailand,THA,2017,Bus,HybridDiesel,historical,2872.652309576068,3880.7722134639025,74.02269835909782
Thailand,THA,2017,Bus,NaturalGas,historical,852.1199038878345,3880.7722134639025,21.95748312491778
Thailand,THA,2018,Bus,Electric,historical,655.0,4648.51537986782,14.090520230108925
Thailand,THA,2018,Bus,Gasoline,historical,157.0,4648.51537986782,3.377422406300918
Thailand,THA,2018,Bus,HybridDiesel,historical,2958.8318788633505,4648.51537986782,63.65111518567213
Thailand,THA,2018,Bus,NaturalGas,historical,877.6835010044697,4648.51537986782,18.88094217791803
Thailand,THA,2019,Bus,Electric,historical,769.0,4877.610841263855,15.765915425117058
Thailand,THA,2019,Bus,Gasoline,historical,157.0,4877.610841263855,3.218788974958879
Thailand,THA,2019,Bus,HybridDiesel,historical,3047.596835229251,4877.610841263855,62.481344543665514
Thailand,THA,2019,Bus,NaturalGas,historical,904.0140060346038,4877.610841263855,18.53395105625855
Thailand,THA,2020,Bus,Electric,historical,899.0,5127.15916650177,17.53407629460004
Thailand,THA,2020,Bus,Gasoline,historical,158.0,5127.15916650177,3.081628536759518
Thailand,THA,2020,Bus,HybridDiesel,historical,3139.0247402861287,5127.15916650177,61.22346972949284
Thailand,THA,2020,Bus,NaturalGas,historical,931.1344262156418,5127.15916650177,18.160825439147604
Thailand,THA,2021,Bus,Electric,historical,1047.0,5398.263941496824,19.395124272298716
Thailand,THA,2021,Bus,Gasoline,historical,159.0,5398.263941496824,2.945391365134189
Thailand,THA,2021,Bus,HybridDiesel,historical,3233.195482494713,5398.263941496824,59.893245634784876
Thailand,THA,2021,Bus,NaturalGas,historical,959.0684590021112,5398.263941496824,17.76623872778221
Thailand,THA,2022,Bus,Electric,historical,1215.0,5692.031859741729,21.345628941281603
Thailand,THA,2022,Bus,Gasoline,historical,159.0,5692.031859741729,2.793378602192407
Thailand,THA,2022,Bus,HybridDiesel,historical,3330.191346969554,5692.031859741729,58.50619653981801
Thailand,THA,2022,Bus,NaturalGas,historical,987.8405127721746,5692.031859741729,17.354795916707978
Thailand,THA,2023,Bus,Electric,historical,1404.0,6011.57281553398,23.3549529063683
Thailand,THA,2023,Bus,Gasoline,historical,160.0,6011.57281553398,2.6615330947428264
Thailand,THA,2023,Bus,HybridDiesel,historical,3430.0970873786405,6011.57281553398,57.058230726495175
Thailand,THA,2023,Bus,NaturalGas,historical,1017.4757281553398,6011.57281553398,16.9252832723937
Thailand,THA,2024,Bus,Electric,historical,1619.0,6361.0,25.451972960226378
Thailand,THA,2024,Bus,Gasoline,historical,161.0,6361.0,2.5310485772677254
Thailand,THA,2024,Bus,HybridDiesel,historical,3533.0,6361.0,55.54158151234083
Thailand,THA,2024,Bus,NaturalGas,historical,1048.0,6361.0,16.47539695016507
Thailand,THA,2025,LDV,Electric,ATS,804604.0570202109,6877263.109761929,11.699480508141615
Thailand,THA,2025,LDV,Gasoline,ATS,2496482.235665515,6877263.109761929,36.30051949185839
Thailand,THA,2025,LDV,HybridDiesel,ATS,3576176.8170762034,6877263.109761929,52.0
Thailand,THA,2026,LDV,Electric,ATS,151061.07680206606,990725.626155017,15.247518870419308
Thailand,THA,2026,LDV,Gasoline,ATS,352608.2839770588,990725.626155017,35.59091181940285
Thailand,THA,2026,LDV,HybridDiesel,ATS,487056.26537589217,990725.626155017,49.161569310177846
Thailand,THA,2027,LDV,Electric,ATS,203001.7909870609,1070517.611988902,18.962956677555848
Thailand,THA,2027,LDV,Gasoline,ATS,373052.0960765691,1070517.611988902,34.84782425797554
Thailand,THA,2027,LDV,HybridDiesel,ATS,494463.72492527217,1070517.611988902,46.18921906446862
Thailand,THA,2028,LDV,Electric,ATS,261177.83190904328,1148714.877679322,22.736523830585774
Thailand,THA,2028,LDV,Gasoline,ATS,391632.63633769384,1148714.877679322,34.09311082736956
Thailand,THA,2028,LDV,HybridDiesel,ATS,495904.4094325849,1148714.877679322,43.170365342044676
Thailand,THA,2029,LDV,Electric,ATS,323261.65499714547,1222070.6328870226,26.45196163772231
Thailand,THA,2029,LDV,Gasoline,ATS,407560.8403940697,1222070.6328870226,33.35002326594225
Thailand,THA,2029,LDV,HybridDiesel,ATS,491248.1374958075,1222070.6328870226,40.198015096335446
Thailand,THA,2030,LDV,Electric,ATS,468869.4875982089,1562898.2919940297,30.0
Thailand,THA,2030,LDV,Gasoline,ATS,510136.4978103567,1562898.2919940297,32.64041559348671
Thailand,THA,2030,LDV,HybridDiesel,ATS,583892.3065854642,1562898.2919940297,37.3595844065133
Thailand,THA,2031,LDV,Electric,ATS,531273.6058272937,1595866.1442846525,33.290611980833596
Thailand,THA,2031,LDV,Gasoline,ATS,510394.58930188324,1595866.1442846525,31.98229319731999
Thailand,THA,2031,LDV,HybridDiesel,ATS,554197.9491554757,1595866.1442846525,34.72709482184642
Thailand,THA,2032,LDV,Electric,ATS,708033.5703297126,1952614.4964146763,36.26079656940884
Thailand,THA,2032,LDV,Gasoline,ATS,612891.6422873561,1952614.4964146763,31.388256279604942
Thailand,THA,2032,LDV,HybridDiesel,ATS,631689.2837976078,1952614.4964146763,32.35094715098622
Thailand,THA,2033,LDV,Electric,ATS,651794.1536202986,1676562.3461519442,38.87682167718369
Thailand,THA,2033,LDV,Gasoline,ATS,517471.82751296274,1676562.3461519442,30.86505125804997
Thailand,THA,2033,LDV,HybridDiesel,ATS,507296.365018683,1676562.3461519442,30.258127064766345
Thailand,THA,2034,LDV,Electric,ATS,862364.4131977179,2096597.1337403096,41.131622252066514
Thailand,THA,2034,LDV,Gasoline,ATS,637660.9631588424,2096597.1337403096,30.414091143073406
Thailand,THA,2034,LDV,HybridDiesel,ATS,596571.7573837494,2096597.1337403096,28.454286604860084
Thailand,THA,2035,LDV,Electric,ATS,1040096.8453528738,2416630.5696939193,43.03913301422022
Thailand,THA,2035,LDV,Gasoline,ATS,725776.7264184011,2416630.5696939193,30.032588990642665
Thailand,THA,2035,LDV,HybridDiesel,ATS,650756.9979226445,2416630.5696939193,26.92827799513712
Thailand,THA,2036,LDV,Electric,ATS,1042096.6766620002,2335098.579472266,44.62752390083312
Thailand,THA,2036,LDV,Gasoline,ATS,693872.4602932882,2335098.579472266,29.71491081332009
Thailand,THA,2036,LDV,HybridDiesel,ATS,599129.4425169778,2335098.579472266,25.657565285846793
Thailand,THA,2037,LDV,Electric,ATS,1089234.2618807468,2371361.9609133564,45.93285545751169
Thailand,THA,2037,LDV,Gasoline,ATS,698457.2645466275,2371361.9609133564,29.453844501984378
Thailand,THA,2037,LDV,HybridDiesel,ATS,583670.4344859822,2371361.9609133564,24.61330004050394
Thailand,THA,2038,LDV,Electric,ATS,1135207.9832133926,2415644.7834845334,46.99399477003697
Thailand,THA,2038,LDV,Gasoline,ATS,706373.5869581276,2415644.7834845334,29.24161663947932
Thailand,THA,2038,LDV,HybridDiesel,ATS,574063.2133130135,2415644.7834845334,23.764388590483716
Thailand,THA,2039,LDV,Electric,ATS,1245228.8366599951,2602411.263824202,47.84904115539952
Thailand,THA,2039,LDV,Gasoline,ATS,756536.7604613827,2602411.263824202,29.070607362406815
Thailand,THA,2039,LDV,HybridDiesel,ATS,600645.6667028245,2602411.263824202,23.080351482193677
Thailand,THA,2040,LDV,Electric,ATS,1187735.7311238092,2447267.766848959,48.53313344837243
Thailand,THA,2040,LDV,Gasoline,ATS,708087.2895711175,2447267.766848959,28.93378890381223
Thailand,THA,2040,LDV,HybridDiesel,ATS,551444.7461540326,2447267.766848959,22.533077647815347
Thailand,THA,2041,LDV,Electric,ATS,1285027.4888571997,2618372.3127473034,49.07734024688399
Thailand,THA,2041,LDV,Gasoline,ATS,754744.4456589079,2618372.3127473034,28.824947544109918
Thailand,THA,2041,LDV,HybridDiesel,ATS,578600.3782311962,2618372.3127473034,22.097712209006097
Thailand,THA,2042,LDV,Electric,ATS,1297154.9465502074,2620075.4098661393,49.508305816910806
Thailand,THA,2042,LDV,Gasoline,ATS,752977.0379249853,2620075.4098661393,28.738754430104557
Thailand,THA,2042,LDV,HybridDiesel,ATS,569943.4253909469,2620075.4098661393,21.752939752984652
Thailand,THA,2043,LDV,Electric,ATS,1212341.7074514404,2432058.9159990996,49.84836919353187
Thailand,THA,2043,LDV,Gasoline,ATS,697289.3311302119,2432058.9159990996,28.670741754780337
Thailand,THA,2043,LDV,HybridDiesel,ATS,522427.87741744716,2432058.9159990996,21.480889051687782
Thailand,THA,2044,LDV,Electric,ATS,1199948.0095887764,2394343.838978812,50.11594366916634
Thailand,THA,2044,LDV,Gasoline,ATS,685194.8082007022,2394343.838978812,28.61722685965345
Thailand,THA,2044,LDV,HybridDiesel,ATS,509201.0211893338,2394343.838978812,21.26682947118022
Thailand,THA,2045,LDV,Electric,ATS,1192945.3826230883,2370434.9860358946,50.326011455731354
Thailand,THA,2045,LDV,Gasoline,ATS,677356.8534530608,2370434.9860358946,28.575213302340448
Thailand,THA,2045,LDV,HybridDiesel,ATS,500132.7499597456,2370434.9860358946,21.098775241928205
Thailand,THA,2046,LDV,Electric,ATS,1184074.7169488647,2345136.943390783,50.49064278680616
Thailand,THA,2046,LDV,Gasoline,ATS,669355.7177728169,2345136.943390783,28.542287036125487
Thailand,THA,2046,LDV,HybridDiesel,ATS,491706.5086691014,2345136.943390783,20.96707017706836
Thailand,THA,2047,LDV,Electric,ATS,1170498.936635515,2312348.42936806,50.619488039499295
Thailand,THA,2047,LDV,Gasoline,ATS,659401.2557501781,2312348.42936806,28.51651798558686
Thailand,THA,2047,LDV,HybridDiesel,ATS,482448.23698236723,2312348.42936806,20.863993974913857
Thailand,THA,2048,LDV,Electric,ATS,1160520.3454377335,2288082.34693693,50.72021760892169
Thailand,THA,2048,LDV,Gasoline,ATS,652020.4588900877,2288082.34693693,28.496372071702382
Thailand,THA,2048,LDV,HybridDiesel,ATS,475541.542609109,2288082.34693693,20.783410319375935
Thailand,THA,2049,LDV,Electric,ATS,1142376.834658593,2248821.97106285,50.798900462479764
Thailand,THA,2049,LDV,Gasoline,ATS,640478.7886446064,2248821.97106285,28.480635500990765
Thailand,THA,2049,LDV,HybridDiesel,ATS,465966.3477596512,2248821.97106285,20.720464036529478
Thailand,THA,2050,LDV,Electric,ATS,1174738.919547081,2309735.5324021056,50.860321585188686
Thailand,THA,2050,LDV,Gasoline,ATS,657543.6249211906,2309735.5324021056,28.468351276448985
Thailand,THA,2050,LDV,HybridDiesel,ATS,477452.98793383443,2309735.5324021056,20.671327138362344
Thailand,THA,2051,LDV,Electric,ATS,1204092.253420696,2365220.590778932,50.908243320516476
Thailand,THA,2051,LDV,Gasoline,ATS,673112.6152955618,2365220.590778932,28.458766929383422
Thailand,THA,2051,LDV,HybridDiesel,ATS,488015.7220626743,2365220.590778932,20.63298975010011
Thailand,THA,2052,LDV,Electric,ATS,1220508.4418639496,2395708.400683336,50.94561765179017
Thailand,THA,2052,LDV,Gasoline,ATS,681609.994059325,2395708.400683336,28.45129206312868
Thailand,THA,2052,LDV,HybridDiesel,ATS,493589.96476006135,2395708.400683336,20.603090285081148
Thailand,THA,2053,LDV,Electric,ATS,1224811.771437977,2402780.99464678,50.974756924029606
Thailand,THA,2053,LDV,Gasoline,ATS,683482.2078452342,2402780.99464678,28.445464208680793
Thailand,THA,2053,LDV,HybridDiesel,ATS,494487.0153635691,2402780.99464678,20.579778867289605
Thailand,THA,2054,LDV,Electric,ATS,1226676.6911708289,2405367.7335584983,50.99747011888635
Thailand,THA,2054,LDV,Gasoline,ATS,684108.7505644701,2405367.7335584983,28.44092156970944
Thailand,THA,2054,LDV,HybridDiesel,ATS,494582.29182319937,2405367.7335584983,20.561608311404214
Thailand,THA,2055,LDV,Electric,ATS,1226231.6239352345,2403660.7139937393,51.0151710179521
Thailand,THA,2055,LDV,Gasoline,ATS,683538.164557504,2403660.7139937393,28.437381389896295
Thailand,THA,2055,LDV,HybridDiesel,ATS,493890.9255010008,2403660.7139937393,20.54744759215161
Thailand,THA,2056,LDV,Electric,ATS,1219530.8566736632,2389879.7244878635,51.028963682889994
Thailand,THA,2056,LDV,Gasoline,ATS,679553.286391853,2389879.7244878635,28.434622856908714
Thailand,THA,2056,LDV,HybridDiesel,ATS,490795.5814223472,2389879.7244878635,20.536413460201295
Thailand,THA,2057,LDV,Electric,ATS,1205077.5239820878,2361058.7306278422,51.039709785687506
Thailand,THA,2057,LDV,Gasoline,ATS,671307.4011244826,2361058.7306278422,28.432473636349215
Thailand,THA,2057,LDV,HybridDiesel,ATS,484673.8055212718,2361058.7306278422,20.527816577963286
Thailand,THA,2058,LDV,Electric,ATS,1190886.5750901056,2332872.342934251,51.04808150763307
Thailand,THA,2058,LDV,Gasoline,ATS,663254.253557284,2332872.342934251,28.430799291960103
Thailand,THA,2058,LDV,HybridDiesel,ATS,478731.5142868613,2332872.342934251,20.521119200406833
Thailand,THA,2059,LDV,Electric,ATS,1173721.5085955726,2298953.354258869,51.05460301842245
Thailand,THA,2059,LDV,Gasoline,ATS,653580.8286669153,2298953.354258869,28.429494989802222
Thailand,THA,2059,LDV,HybridDiesel,ATS,471651.016996381,2298953.354258869,20.51590199177533
Thailand,THA,2060,LDV,Electric,ATS,1157718.507989084,2267382.8764158413,51.05968295125983
Thailand,THA,2060,LDV,Gasoline,ATS,644582.4649448175,2267382.8764158413,28.428479003234745
Thailand,THA,2060,LDV,HybridDiesel,ATS,465081.90348193975,2267382.8764158413,20.511838045505424
Thailand,THA,2025,LDV,Electric,BAS,804604.0570202109,6877263.109761929,11.699480508141615
Thailand,THA,2025,LDV,Gasoline,BAS,2496482.235665515,6877263.109761929,36.30051949185839
Thailand,THA,2025,LDV,HybridDiesel,BAS,3576176.8170762034,6877263.109761929,52.0
Thailand,THA,2026,LDV,Electric,BAS,121112.52358992168,990725.626155017,12.224628130389295
Thailand,THA,2026,LDV,Gasoline,BAS,358597.99461948767,990725.626155017,36.195489967408854
Thailand,THA,2026,LDV,HybridDiesel,BAS,511015.1079456077,990725.626155017,51.57988190220186
Thailand,THA,2027,LDV,Electric,BAS,136882.65637249715,1070517.611988902,12.786586118670618
Thailand,THA,2027,LDV,Gasoline,BAS,386275.92299948185,1070517.611988902,36.083098369752584
Thailand,THA,2027,LDV,HybridDiesel,BAS,547359.0326169232,1070517.611988902,51.13031551157681
Thailand,THA,2028,LDV,Electric,BAS,153769.909137924,1148714.877679322,13.386255556172118
Thailand,THA,2028,LDV,Gasoline,BAS,413114.2208919177,1148714.877679322,35.96316448225229
Thailand,THA,2028,LDV,HybridDiesel,BAS,581830.7476494804,1148714.877679322,50.6505799615756
Thailand,THA,2029,LDV,Electric,BAS,171386.37238603097,1222070.6328870226,14.024260772975733
Thailand,THA,2029,LDV,Gasoline,BAS,437935.89691629255,1222070.6328870226,35.83556343889156
Thailand,THA,2029,LDV,HybridDiesel,BAS,612748.3635846991,1222070.6328870226,50.140175788132716
Thailand,THA,2030,LDV,Electric,BAS,229760.13734355508,1562898.2919940297,14.70090142912721
Thailand,THA,2030,LDV,Gasoline,BAS,557958.3678612874,1562898.2919940297,35.700235307661266
Thailand,THA,2030,LDV,HybridDiesel,BAS,775179.7867891872,1562898.2919940297,49.59886326321153
Thailand,THA,2031,LDV,Electric,BAS,246020.41318800158,1595866.1442846525,15.416105797411994
Thailand,THA,2031,LDV,Gasoline,BAS,567445.2278297417,1595866.1442846525,35.55719443400431
Thailand,THA,2031,LDV,HybridDiesel,BAS,782400.5032669094,1595866.1442846525,49.026699768583704
Thailand,THA,2032,LDV,Electric,BAS,315725.7994303456,1952614.4964146763,16.169387250277538
Thailand,THA,2032,LDV,Gasoline,BAS,691353.1964672294,1952614.4964146763,35.4065381434312
Thailand,THA,2032,LDV,HybridDiesel,BAS,945535.5005171014,1952614.4964146763,48.42407460629127
Thailand,THA,2033,LDV,Electric,BAS,284341.7245796246,1676562.3461519442,16.959806191057993
Thailand,THA,2033,LDV,Gasoline,BAS,590962.3133210975,1676562.3461519442,35.24845435527511
Thailand,THA,2033,LDV,HybridDiesel,BAS,801258.3082512222,1676562.3461519442,47.79173945366691
Thailand,THA,2034,LDV,Electric,BAS,372899.50416387897,2096597.1337403096,17.78593980516561
Thailand,THA,2034,LDV,Gasoline,BAS,735553.9449656102,2096597.1337403096,35.083227632453585
Thailand,THA,2034,LDV,HybridDiesel,BAS,988143.6846108206,2096597.1337403096,47.13083256238081
Thailand,THA,2035,LDV,Electric,BAS,450601.6012321321,2416630.5696939193,18.645862006504515
Thailand,THA,2035,LDV,Gasoline,BAS,843675.7752425494,2416630.5696939193,34.9112431921858
Thailand,THA,2035,LDV,HybridDiesel,BAS,1122353.193219238,2416630.5696939193,46.442894801309684
Thailand,THA,2036,LDV,Electric,BAS,456211.3802480409,2335098.579472266,19.53713578769531
Thailand,THA,2036,LDV,Gasoline,BAS,811049.5195760799,2335098.579472266,34.73298843594764
Thailand,THA,2036,LDV,HybridDiesel,BAS,1067837.6796481456,2335098.579472266,45.729875776357055
Thailand,THA,2037,LDV,Electric,BAS,485105.2438657346,2371361.9609133564,20.456819830191208
Thailand,THA,2037,LDV,Gasoline,BAS,819283.0681496297,2371361.9609133564,34.54905162744846
Thailand,THA,2037,LDV,HybridDiesel,BAS,1066973.6488979922,2371361.9609133564,44.994128542360336
Thailand,THA,2038,LDV,Electric,BAS,516983.9934036384,2415644.7834845334,21.40149068845695
Thailand,THA,2038,LDV,Gasoline,BAS,830018.3849200781,2415644.7834845334,34.36011745579531
Thailand,THA,2038,LDV,HybridDiesel,BAS,1068642.405160817,2415644.7834845334,44.23839185574774
Thailand,THA,2039,LDV,Electric,BAS,582088.6439977539,2602411.263824202,22.36728114765319
Thailand,THA,2039,LDV,Gasoline,BAS,889164.7989938307,2602411.263824202,34.16695936395607
Thailand,THA,2039,LDV,HybridDiesel,BAS,1131157.8208326178,2602411.263824202,43.465759488390745
Thailand,THA,2040,LDV,Electric,BAS,571435.4207305898,2447267.766848959,23.349934505383356
Thailand,THA,2040,LDV,Gasoline,BAS,831347.351649761,2447267.766848959,33.97042869241003
Thailand,THA,2040,LDV,HybridDiesel,BAS,1044484.9944686083,2447267.766848959,42.679636802206616
Thailand,THA,2041,LDV,Electric,BAS,637439.4300366117,2618372.3127473034,24.34487360461676
Thailand,THA,2041,LDV,Gasoline,BAS,884262.0574230251,2618372.3127473034,33.77144087256335
Thailand,THA,2041,LDV,HybridDiesel,BAS,1096670.8252876666,2618372.3127473034,41.88368552281989
Thailand,THA,2042,LDV,Electric,BAS,664117.916448582,2620075.4098661393,25.34728252277716
Thailand,THA,2042,LDV,Gasoline,BAS,879584.44394531,2620075.4098661393,33.570959088931275
Thailand,THA,2042,LDV,HybridDiesel,BAS,1076373.0494722475,2620075.4098661393,41.081758388291576
Thailand,THA,2043,LDV,Electric,BAS,640900.9806647913,2432058.9159990996,26.352197985364455
Thailand,THA,2043,LDV,Gasoline,BAS,811577.4764875416,2432058.9159990996,33.369975996413814
Thailand,THA,2043,LDV,HybridDiesel,BAS,979580.4588467669,2432058.9159990996,40.27782601822174
Thailand,THA,2044,LDV,Electric,BAS,654963.3450714203,2394343.838978812,27.354606903524857
Thailand,THA,2044,LDV,Gasoline,BAS,794191.7411041731,2394343.838978812,33.169494212781736
Thailand,THA,2044,LDV,HybridDiesel,BAS,945188.7528032189,2394343.838978812,39.47589888369341
Thailand,THA,2045,LDV,Electric,BAS,672007.5568317224,2370434.9860358946,28.349546002758263
Thailand,THA,2045,LDV,Gasoline,BAS,781544.4186113338,2370434.9860358946,32.97050639293506
Thailand,THA,2045,LDV,HybridDiesel,BAS,916883.0105928385,2370434.9860358946,38.67994760430668
Thailand,THA,2046,LDV,Electric,BAS,687880.2435118492,2345136.943390783,29.33219936048843
Thailand,THA,2046,LDV,Gasoline,BAS,768594.6124602198,2345136.943390783,32.77397572138902
Thailand,THA,2046,LDV,HybridDiesel,BAS,888662.0874187141,2345136.943390783,37.893824918122554
Thailand,THA,2047,LDV,Electric,BAS,700595.0917255733,2312348.42936806,30.297989819684673
Thailand,THA,2047,LDV,Gasoline,BAS,753382.0247321662,2312348.42936806,32.58081762954978
Thailand,THA,2047,LDV,HybridDiesel,BAS,858371.3129103207,2312348.42936806,37.12119255076556
Thailand,THA,2048,LDV,Electric,BAS,714857.8036855891,2288082.34693693,31.24266067795041
Thailand,THA,2048,LDV,Gasoline,BAS,741152.9672405163,2288082.34693693,32.391883457896625
Thailand,THA,2048,LDV,HybridDiesel,BAS,832071.5760108246,2288082.34693693,36.36545586415297
Thailand,THA,2049,LDV,Electric,BAS,723273.8744823693,2248821.97106285,32.16234472044631
Thailand,THA,2049,LDV,Gasoline,BAS,724299.3806798508,2248821.97106285,32.20794664939744
Thailand,THA,2049,LDV,HybridDiesel,BAS,801248.7159006302,2248821.97106285,35.62970863015625
Thailand,THA,2050,LDV,Electric,BAS,763451.1712769484,2309735.5324021056,33.0536185016371
Thailand,THA,2050,LDV,Gasoline,BAS,739801.1745752168,2309735.5324021056,32.02969189315929
Thailand,THA,2050,LDV,HybridDiesel,BAS,806483.1865499405,2309735.5324021056,34.91668960520362
Thailand,THA,2051,LDV,Electric,BAS,802130.0477689827,2365220.590778932,33.91354070297601
Thailand,THA,2051,LDV,Gasoline,BAS,753505.0564259044,2365220.590778932,31.85770745289151
Thailand,THA,2051,LDV,HybridDiesel,BAS,809585.486584045,2365220.590778932,34.22875184413249
Thailand,THA,2052,LDV,Electric,BAS,832261.2959844036,2395708.400683336,34.73967431708362
Thailand,THA,2052,LDV,Gasoline,BAS,759259.4232352341,2395708.400683336,31.69248073006999
Thailand,THA,2052,LDV,HybridDiesel,BAS,804187.6814636984,2395708.400683336,33.5678449528464
Thailand,THA,2053,LDV,Electric,BAS,853710.3281802351,2402780.99464678,35.53009325786408
Thailand,THA,2053,LDV,Gasoline,BAS,757702.4964967825,2402780.99464678,31.534396941913894
Thailand,THA,2053,LDV,HybridDiesel,BAS,791368.1699697627,2402780.99464678,32.93550980022203
Thailand,THA,2054,LDV,Electric,BAS,872748.5879380142,2405367.7335584983,36.28337471072961
Thailand,THA,2054,LDV,Gasoline,BAS,754894.3712110331,2405367.7335584983,31.38374065134079
Thailand,THA,2054,LDV,HybridDiesel,BAS,777724.7744094512,2405367.7335584983,32.3328846379296
Thailand,THA,2055,LDV,Electric,BAS,889320.3100581759,2403660.7139937393,36.998579079014405
Thailand,THA,2055,LDV,Gasoline,BAS,750920.4273329157,2403660.7139937393,31.240699777683833
Thailand,THA,2055,LDV,HybridDiesel,BAS,763419.9766026478,2403660.7139937393,31.76072114330177
Thailand,THA,2056,LDV,Electric,BAS,900392.4376069797,2389879.7244878635,37.67521973516589
Thailand,THA,2056,LDV,Gasoline,BAS,743380.9702051899,2389879.7244878635,31.105371646453538
Thailand,THA,2056,LDV,HybridDiesel,BAS,746106.3166756941,2389879.7244878635,31.21940861838058
Thailand,THA,2057,LDV,Electric,BAS,904597.7427135607,2361058.7306278422,38.313224951969495
Thailand,THA,2057,LDV,Gasoline,BAS,731403.3573781882,2361058.7306278422,30.977770603092818
Thailand,THA,2057,LDV,HybridDiesel,BAS,725057.6305360935,2361058.7306278422,30.709004444937694
Thailand,THA,2058,LDV,Electric,BAS,907788.1510471827,2332872.342934251,38.912894389471
Thailand,THA,2058,LDV,Gasoline,BAS,719873.9383658686,2332872.342934251,30.85783671559252
Thailand,THA,2058,LDV,HybridDiesel,BAS,705210.2535211996,2332872.342934251,30.22926889493649
Thailand,THA,2059,LDV,Electric,BAS,907508.4428270739,2298953.354258869,39.47485237775232
Thailand,THA,2059,LDV,Gasoline,BAS,706823.4418206152,2298953.354258869,30.745445117936253
Thailand,THA,2059,LDV,HybridDiesel,BAS,684621.4696111799,2298953.354258869,29.779702504311427
Thailand,THA,2060,LDV,Electric,BAS,906953.1505663366,2267382.8764158413,40.0
Thailand,THA,2060,LDV,Gasoline,BAS,694735.5364293671,2267382.8764158413,30.64041559348672
Thailand,THA,2060,LDV,HybridDiesel,BAS,665694.1894201377,2267382.8764158413,29.359584406513285
Thailand,THA,2025,LDV,Electric,RAS,804604.0570202109,6877263.109761929,11.699480508141615
Thailand,THA,2025,LDV,Gasoline,RAS,2496482.235665515,6877263.109761929,36.30051949185839
Thailand,THA,2025,LDV,HybridDiesel,RAS,3576176.8170762034,6877263.109761929,52.0
Thailand,THA,2026,LDV,Electric,RAS,177762.69781200303,990725.626155017,17.942676874312408
Thailand,THA,2026,LDV,Gasoline,RAS,347267.95977507136,990725.626155017,35.05188021862423
Thailand,THA,2026,LDV,HybridDiesel,RAS,465694.96856794256,990725.626155017,47.00544290706337
Thailand,THA,2027,LDV,Electric,RAS,274545.45390975534,1070517.611988902,25.64604737325905
Thailand,THA,2027,LDV,Gasoline,RAS,358743.3634920302,1070517.611988902,33.5112061188349
Thailand,THA,2027,LDV,HybridDiesel,RAS,437228.79458711663,1070517.611988902,40.84274650790606
Thailand,THA,2028,LDV,Electric,RAS,399197.3135317467,1148714.877679322,34.751644754372855
Thailand,THA,2028,LDV,Gasoline,RAS,364028.7400131531,1148714.877679322,31.690086642612137
Thailand,THA,2028,LDV,HybridDiesel,RAS,385488.8241344222,1148714.877679322,33.558268603015016
Thailand,THA,2029,LDV,Electric,RAS,549737.6118489382,1222070.6328870226,44.98411115159823
Thailand,THA,2029,LDV,Gasoline,RAS,362265.64902371116,1222070.6328870226,29.643593363167064
Thailand,THA,2029,LDV,HybridDiesel,RAS,310067.3720143733,1222070.6328870226,25.372295485234712
Thailand,THA,2030,LDV,Electric,RAS,872874.6365139746,1562898.2919940297,55.8497402540708
Thailand,THA,2030,LDV,Gasoline,RAS,429335.4680272036,1562898.2919940297,27.47046754267255
Thailand,THA,2030,LDV,HybridDiesel,RAS,260688.1874528516,1562898.2919940297,16.679792203256653
Thailand,THA,2031,LDV,Electric,RAS,1064687.9925955334,1595866.1442846525,66.71536935654338
Thailand,THA,2031,LDV,Gasoline,RAS,403711.71194823534,1595866.1442846525,25.297341722178036
Thailand,THA,2031,LDV,HybridDiesel,RAS,127466.43974088394,1595866.1442846525,7.987288921278596
Thailand,THA,2032,LDV,Electric,RAS,1502494.5956054437,1952614.4964146763,76.94783575376873
Thailand,THA,2032,LDV,Gasoline,RAS,450119.9008092326,1952614.4964146763,23.05216424623126
Thailand,THA,2033,LDV,Electric,RAS,1442739.4575104814,1676562.3461519442,86.05343313488254
Thailand,THA,2033,LDV,Gasoline,RAS,233822.88864146287,1676562.3461519442,13.946566865117454
Thailand,THA,2034,LDV,Electric,RAS,1965702.457673393,2096597.1337403096,93.75680363382918
Thailand,THA,2034,LDV,Gasoline,RAS,130894.67606691651,2096597.1337403096,6.2431963661708165
Thailand,THA,2035,LDV,Electric,RAS,2416630.5696939193,2416630.5696939193,100.0
Thailand,THA,2036,LDV,Electric,RAS,2335098.579472266,2335098.579472266,100.0
Thailand,THA,2037,LDV,Electric,RAS,2371361.9609133564,2371361.9609133564,100.0
Thailand,THA,2038,LDV,Electric,RAS,2415644.7834845334,2415644.7834845334,100.0
Thailand,THA,2039,LDV,Electric,RAS,2602411.263824202,2602411.263824202,100.0
Thailand,THA,2040,LDV,Electric,RAS,2447267.766848959,2447267.766848959,100.0
Thailand,THA,2041,LDV,Electric,RAS,2618372.3127473034,2618372.3127473034,100.0
Thailand,THA,2042,LDV,Electric,RAS,2620075.4098661393,2620075.4098661393,100.0
Thailand,THA,2043,LDV,Electric,RAS,2432058.9159990996,2432058.9159990996,100.0
Thailand,THA,2044,LDV,Electric,RAS,2394343.838978812,2394343.838978812,100.0
Thailand,THA,2045,LDV,Electric,RAS,2370434.9860358946,2370434.9860358946,100.0
Thailand,THA,2046,LDV,Electric,RAS,2345136.943390783,2345136.943390783,100.0
Thailand,THA,2047,LDV,Electric,RAS,2312348.42936806,2312348.42936806,100.0
Thailand,THA,2048,LDV,Electric,RAS,2288082.34693693,2288082.34693693,100.0
Thailand,THA,2049,LDV,Electric,RAS,2248821.97106285,2248821.97106285,100.0
Thailand,THA,2050,LDV,Electric,RAS,2309735.5324021056,2309735.5324021056,100.0
Thailand,THA,2051,LDV,Electric,RAS,2365220.590778932,2365220.590778932,100.0
Thailand,THA,2052,LDV,Electric,RAS,2395708.400683336,2395708.400683336,100.0
Thailand,THA,2053,LDV,Electric,RAS,2402780.99464678,2402780.99464678,100.0
Thailand,THA,2054,LDV,Electric,RAS,2405367.7335584983,2405367.7335584983,100.0
Thailand,THA,2055,LDV,Electric,RAS,2403660.7139937393,2403660.7139937393,100.0
Thailand,THA,2056,LDV,Electric,RAS,2389879.7244878635,2389879.7244878635,100.0
Thailand,THA,2057,LDV,Electric,RAS,2361058.7306278422,2361058.7306278422,100.0
Thailand,THA,2058,LDV,Electric,RAS,2332872.342934251,2332872.342934251,100.0
Thailand,THA,2059,LDV,Electric,RAS,2298953.354258869,2298953.354258869,100.0
Thailand,THA,2060,LDV,Electric,RAS,2267382.8764158413,2267382.8764158413,100.0
Thailand,THA,2015,LDV,Electric,historical,0.0,356063.0,0.0
Thailand,THA,2015,LDV,Gasoline,historical,196063.0,356063.0,55.06413190924078
Thailand,THA,2015,LDV,HybridDiesel,historical,160000.0,356063.0,44.93586809075922
Thailand,THA,2016,LDV,Electric,historical,0.0,328053.0,0.0
Thailand,THA,2016,LDV,Gasoline,historical,180429.0,328053.0,54.99995427568106
Thailand,THA,2016,LDV,HybridDiesel,historical,147624.0,328053.0,45.00004572431894
Thailand,THA,2017,LDV,Electric,historical,0.0,665871.0,0.0
Thailand,THA,2017,LDV,Gasoline,historical,332935.0,665871.0,49.99992491038054
Thailand,THA,2017,LDV,HybridDiesel,historical,332936.0,665871.0,50.00007508961946
Thailand,THA,2018,LDV,Electric,historical,109.0,729709.0,0.014937461371587852
Thailand,THA,2018,LDV,Gasoline,historical,364746.0,729709.0,49.98513105909342
Thailand,THA,2018,LDV,HybridDiesel,historical,364854.0,729709.0,49.99993147953499
Thailand,THA,2019,LDV,Electric,historical,691.0,468638.0,0.1474485637101558
Thailand,THA,2019,LDV,Gasoline,historical,233628.0,468638.0,49.85255143628984
Thailand,THA,2019,LDV,HybridDiesel,historical,234319.0,468638.0,50.0
Thailand,THA,2020,LDV,Electric,historical,1056.0,343494.0,0.3074289507240301
Thailand,THA,2020,LDV,Gasoline,historical,170691.0,343494.0,49.69257104927597
Thailand,THA,2020,LDV,HybridDiesel,historical,171747.0,343494.0,50.0
Thailand,THA,2021,LDV,Electric,historical,1935.0,312200.0,0.6197950032030749
Thailand,THA,2021,LDV,Gasoline,historical,160409.0,312200.0,51.38020499679693
Thailand,THA,2021,LDV,HybridDiesel,historical,149856.0,312200.0,48.0
Thailand,THA,2022,LDV,Electric,historical,9729.0,628423.0,1.5481610316617946
Thailand,THA,2022,LDV,Gasoline,historical,304482.0,628423.0,48.45175940409565
Thailand,THA,2022,LDV,HybridDiesel,historical,314212.0,628423.0,50.000079564242554
Thailand,THA,2023,LDV,Electric,historical,76314.0,775780.0,9.837067209775967
Thailand,THA,2023,LDV,Gasoline,historical,272787.0,775780.0,35.16293279022403
Thailand,THA,2023,LDV,HybridDiesel,historical,426679.0,775780.0,55.0
Thailand,THA,2024,LDV,Electric,historical,67000.0,572675.0,11.699480508141615
Thailand,THA,2024,LDV,Gasoline,historical,207884.0,572675.0,36.30051949185838
Thailand,THA,2024,LDV,HybridDiesel,historical,297791.0,572675.0,52.0
Thailand,THA,2025,Truck,Diesel,ATS,841518.4660535508,841518.4660535508,100.0
Thailand,THA,2026,Truck,Diesel,ATS,53332.942524679005,53332.942524679005,100.0
Thailand,THA,2027,Truck,Diesel,ATS,53952.21795913903,53952.21795913903,100.0
Thailand,THA,2028,Truck,Diesel,ATS,54310.20214498858,54310.20214498858,100.0
Thailand,THA,2029,Truck,Diesel,ATS,55537.81530722859,55537.81530722859,100.0
Thailand,THA,2030,Truck,Diesel,ATS,64435.89723690064,64435.89723690064,100.0
Thailand,THA,2031,Truck,Diesel,ATS,64332.692776192445,64332.692776192445,100.0
Thailand,THA,2032,Truck,Diesel,ATS,73671.81136455783,73671.81136455783,100.0
Thailand,THA,2033,Truck,Diesel,ATS,66075.94235079736,66075.94235079736,100.0
Thailand,THA,2034,Truck,Diesel,ATS,91290.57616066118,91290.57616066118,100.0
Thailand,THA,2035,Truck,Diesel,ATS,135734.33803462633,135734.33803462633,100.0
Thailand,THA,2036,Truck,Diesel,ATS,128625.540595992,128625.540595992,100.0
Thailand,THA,2037,Truck,Diesel,ATS,137609.4598273104,137609.4598273104,100.0
Thailand,THA,2038,Truck,Diesel,ATS,146824.85910491226,146824.85910491226,100.0
Thailand,THA,2039,Truck,Diesel,ATS,155422.5250963443,155422.5250963443,100.0
Thailand,THA,2040,Truck,Diesel,ATS,158210.72002005088,158210.72002005088,100.0
Thailand,THA,2041,Truck,Diesel,ATS,167074.44498882163,167074.44498882163,100.0
Thailand,THA,2042,Truck,Diesel,ATS,169601.15827364917,169601.15827364917,100.0
Thailand,THA,2043,Truck,Diesel,ATS,147706.3511652716,147706.3511652716,100.0
Thailand,THA,2044,Truck,Diesel,ATS,144054.6489833519,144054.6489833519,100.0
Thailand,THA,2045,Truck,Diesel,ATS,142024.39049774222,142024.39049774222,100.0
Thailand,THA,2046,Truck,Diesel,ATS,139650.92908826307,139650.92908826307,100.0
Thailand,THA,2047,Truck,Diesel,ATS,131906.42764536035,131906.42764536035,100.0
Thailand,THA,2048,Truck,Diesel,ATS,133003.5494312048,133003.5494312048,100.0
Thailand,THA,2049,Truck,Diesel,ATS,132641.33283495484,132641.33283495484,100.0
Thailand,THA,2050,Truck,Diesel,ATS,143039.90422922955,143039.90422922955,100.0
Thailand,THA,2051,Truck,Diesel,ATS,152040.8579327974,152040.8579327974,100.0
Thailand,THA,2052,Truck,Diesel,ATS,160528.14045306202,160528.14045306202,100.0
Thailand,THA,2053,Truck,Diesel,ATS,165904.595025555,165904.595025555,100.0
Thailand,THA,2054,Truck,Diesel,ATS,171250.25189443678,171250.25189443678,100.0
Thailand,THA,2055,Truck,Diesel,ATS,175291.07564618345,175291.07564618345,100.0
Thailand,THA,2056,Truck,Diesel,ATS,177381.9253619751,177381.9253619751,100.0
Thailand,THA,2057,Truck,Diesel,ATS,177471.1525558452,177471.1525558452,100.0
Thailand,THA,2058,Truck,Diesel,ATS,176925.86423421418,176925.86423421418,100.0
Thailand,THA,2059,Truck,Diesel,ATS,175777.11545457598,175777.11545457598,100.0
Thailand,THA,2060,Truck,Diesel,ATS,174133.24445526348,174133.24445526348,100.0
Thailand,THA,2025,Truck,Diesel,BAS,841518.4660535508,841518.4660535508,100.0
Thailand,THA,2026,Truck,Diesel,BAS,53332.942524679005,53332.942524679005,100.0
Thailand,THA,2027,Truck,Diesel,BAS,53952.21795913903,53952.21795913903,100.0
Thailand,THA,2028,Truck,Diesel,BAS,54310.20214498858,54310.20214498858,100.0
Thailand,THA,2029,Truck,Diesel,BAS,55537.81530722859,55537.81530722859,100.0
Thailand,THA,2030,Truck,Diesel,BAS,64435.89723690064,64435.89723690064,100.0
Thailand,THA,2031,Truck,Diesel,BAS,64332.692776192445,64332.692776192445,100.0
Thailand,THA,2032,Truck,Diesel,BAS,73671.81136455783,73671.81136455783,100.0
Thailand,THA,2033,Truck,Diesel,BAS,66075.94235079736,66075.94235079736,100.0
Thailand,THA,2034,Truck,Diesel,BAS,91290.57616066118,91290.57616066118,100.0
Thailand,THA,2035,Truck,Diesel,BAS,135734.33803462633,135734.33803462633,100.0
Thailand,THA,2036,Truck,Diesel,BAS,128625.540595992,128625.540595992,100.0
Thailand,THA,2037,Truck,Diesel,BAS,137609.4598273104,137609.4598273104,100.0
Thailand,THA,2038,Truck,Diesel,BAS,146824.85910491226,146824.85910491226,100.0
Thailand,THA,2039,Truck,Diesel,BAS,155422.5250963443,155422.5250963443,100.0
Thailand,THA,2040,Truck,Diesel,BAS,158210.72002005088,158210.72002005088,100.0
Thailand,THA,2041,Truck,Diesel,BAS,167074.44498882163,167074.44498882163,100.0
Thailand,THA,2042,Truck,Diesel,BAS,169601.15827364917,169601.15827364917,100.0
Thailand,THA,2043,Truck,Diesel,BAS,147706.3511652716,147706.3511652716,100.0
Thailand,THA,2044,Truck,Diesel,BAS,144054.6489833519,144054.6489833519,100.0
Thailand,THA,2045,Truck,Diesel,BAS,142024.39049774222,142024.39049774222,100.0
Thailand,THA,2046,Truck,Diesel,BAS,139650.92908826307,139650.92908826307,100.0
Thailand,THA,2047,Truck,Diesel,BAS,131906.42764536035,131906.42764536035,100.0
Thailand,THA,2048,Truck,Diesel,BAS,133003.5494312048,133003.5494312048,100.0
Thailand,THA,2049,Truck,Diesel,BAS,132641.33283495484,132641.33283495484,100.0
Thailand,THA,2050,Truck,Diesel,BAS,143039.90422922955,143039.90422922955,100.0
Thailand,THA,2051,Truck,Diesel,BAS,152040.8579327974,152040.8579327974,100.0
Thailand,THA,2052,Truck,Diesel,BAS,160528.14045306202,160528.14045306202,100.0
Thailand,THA,2053,Truck,Diesel,BAS,165904.595025555,165904.595025555,100.0
Thailand,THA,2054,Truck,Diesel,BAS,171250.25189443678,171250.25189443678,100.0
Thailand,THA,2055,Truck,Diesel,BAS,175291.07564618345,175291.07564618345,100.0
Thailand,THA,2056,Truck,Diesel,BAS,177381.9253619751,177381.9253619751,100.0
Thailand,THA,2057,Truck,Diesel,BAS,177471.1525558452,177471.1525558452,100.0
Thailand,THA,2058,Truck,Diesel,BAS,176925.86423421418,176925.86423421418,100.0
Thailand,THA,2059,Truck,Diesel,BAS,175777.11545457598,175777.11545457598,100.0
Thailand,THA,2060,Truck,Diesel,BAS,174133.24445526348,174133.24445526348,100.0
Thailand,THA,2025,Truck,Diesel,RAS,841518.4660535508,841518.4660535508,100.0
Thailand,THA,2026,Truck,Diesel,RAS,53162.73610069006,53332.942524679005,99.68086061647512
Thailand,THA,2026,Truck,Electric,RAS,141.83868665745237,53332.942524679005,0.2659494862707391
Thailand,THA,2026,Truck,Hydrogen,RAS,28.36773733149047,53332.942524679005,0.053189897254147814
Thailand,THA,2027,Truck,Diesel,RAS,53572.71942930522,53952.21795913903,99.29660254167636
Thailand,THA,2027,Truck,Electric,RAS,316.24877486150746,53952.21795913903,0.5861645486030249
Thailand,THA,2027,Truck,Hydrogen,RAS,63.24975497230149,53952.21795913903,0.11723290972060497
Thailand,THA,2028,Truck,Diesel,RAS,53677.67206947438,54310.20214498858,98.83533838849361
Thailand,THA,2028,Truck,Electric,RAS,527.1083962618354,54310.20214498858,0.9705513429219924
Thailand,THA,2028,Truck,Hydrogen,RAS,105.42167925236707,54310.20214498858,0.19411026858439848
Thailand,THA,2029,Truck,Diesel,RAS,54584.589589938,55537.81530722859,98.28364563492916
Thailand,THA,2029,Truck,Electric,RAS,794.3547644088309,55537.81530722859,1.430295304225697
Thailand,THA,2029,Truck,Hydrogen,RAS,158.8709528817662,55537.81530722859,0.2860590608451394
Thailand,THA,2030,Truck,Diesel,RAS,62906.61339318261,64435.89723690064,97.62665857185854
Thailand,THA,2030,Truck,Electric,RAS,1274.4032030983506,64435.89723690064,1.9777845234512161
Thailand,THA,2030,Truck,Hydrogen,RAS,254.88064061967006,64435.89723690064,0.3955569046902431
Thailand,THA,2031,Truck,Diesel,RAS,62305.13175756062,64332.692776192445,96.84831936743963
Thailand,THA,2031,Truck,Electric,RAS,1689.6341821931853,64332.692776192445,2.626400527133643
Thailand,THA,2031,Truck,Hydrogen,RAS,337.92683643863705,64332.692776192445,0.5252801054267285
Thailand,THA,2032,Truck,Diesel,RAS,70674.72887496235,73671.81136455783,95.93184634111316
Thailand,THA,2032,Truck,Electric,RAS,2497.5687413295645,73671.81136455783,3.3901280490723753
Thailand,THA,2032,Truck,Hydrogen,RAS,499.5137482659129,73671.81136455783,0.678025609814475
Thailand,THA,2033,Truck,Diesel,RAS,62679.955176017065,66075.94235079736,94.86047863418885
Thailand,THA,2033,Truck,Electric,RAS,2829.9893123169118,66075.94235079736,4.282934471509299
Thailand,THA,2033,Truck,Hydrogen,RAS,565.9978624633824,66075.94235079736,0.8565868943018597
Thailand,THA,2034,Truck,Diesel,RAS,85464.90911313485,91290.57616066118,93.6185449883964
Thailand,THA,2034,Truck,Electric,RAS,4854.722539605269,91290.57616066118,5.317879176336341
Thailand,THA,2034,Truck,Hydrogen,RAS,970.9445079210536,91290.57616066118,1.0635758352672682
Thailand,THA,2035,Truck,Diesel,RAS,125137.38633887394,135734.33803462633,92.19287333684932
Thailand,THA,2035,Truck,Electric,RAS,8830.793079793657,135734.33803462633,6.5059388859589005
Thailand,THA,2035,Truck,Hydrogen,RAS,1766.1586159587314,135734.33803462633,1.3011877771917801
Thailand,THA,2036,Truck,Diesel,RAS,116501.94218030962,128625.540595992,90.57450148741287
Thailand,THA,2036,Truck,Electric,RAS,10102.998679735312,128625.540595992,7.854582093822604
Thailand,THA,2036,Truck,Hydrogen,RAS,2020.599735947062,128625.540595992,1.5709164187645206
Thailand,THA,2037,Truck,Diesel,RAS,122142.93596596865,137609.4598273104,88.76056640237445
Thailand,THA,2037,Truck,Electric,RAS,12888.76988445146,137609.4598273104,9.366194664687953
Thailand,THA,2037,Truck,Hydrogen,RAS,2577.7539768902916,137609.4598273104,1.8732389329375905
Thailand,THA,2038,Truck,Diesel,RAS,127379.59442150837,146824.85910491226,86.7561496044008
Thailand,THA,2038,Truck,Electric,RAS,16204.38723616991,146824.85910491226,11.036541996332668
Thailand,THA,2038,Truck,Hydrogen,RAS,3240.8774472339815,146824.85910491226,2.207308399266533
Thailand,THA,2039,Truck,Diesel,RAS,131449.7857343159,155422.5250963443,84.57576252401765
Thailand,THA,2039,Truck,Electric,RAS,19977.28280169034,155422.5250963443,12.85353122998529
Thailand,THA,2039,Truck,Hydrogen,RAS,3995.456560338068,155422.5250963443,2.570706245997058
Thailand,THA,2040,Truck,Diesel,RAS,130118.99101534666,158210.72002005088,82.24410520276754
Thailand,THA,2040,Truck,Electric,RAS,23409.774170586843,158210.72002005088,14.796578997693707
Thailand,THA,2040,Truck,Hydrogen,RAS,4681.954834117369,158210.72002005088,2.959315799538741
Thailand,THA,2041,Truck,Diesel,RAS,133318.33236101657,167074.44498882163,79.79576551634597
Thailand,THA,2041,Truck,Electric,RAS,28130.093856504227,167074.44498882163,16.836862069711685
Thailand,THA,2041,Truck,Hydrogen,RAS,5626.018771300845,167074.44498882163,3.367372413942337
Thailand,THA,2042,Truck,Diesel,RAS,131057.03794964819,169601.15827364917,77.27366916810169
Thailand,THA,2042,Truck,Electric,RAS,32120.100270000832,169601.15827364917,18.938609026581933
Thailand,THA,2042,Truck,Hydrogen,RAS,6424.020054000165,169601.15827364917,3.787721805316386
Thailand,THA,2043,Truck,Diesel,RAS,110375.53663148635,147706.3511652716,74.72633083189831
Thailand,THA,2043,Truck,Electric,RAS,31109.012111487722,147706.3511652716,21.061390973418078
Thailand,THA,2043,Truck,Hydrogen,RAS,6221.802422297544,147706.3511652716,4.212278194683615
Thailand,THA,2044,Truck,Diesel,RAS,104013.55653654411,144054.6489833519,72.20423448365402
Thailand,THA,2044,Truck,Electric,RAS,33367.57703900648,144054.6489833519,23.163137930288322
Thailand,THA,2044,Truck,Hydrogen,RAS,6673.515407801296,144054.6489833519,4.632627586057664
Thailand,THA,2045,Truck,Diesel,RAS,99070.38442201566,142024.39049774222,69.75589479723244
Thailand,THA,2045,Truck,Electric,RAS,35795.00506310547,142024.39049774222,25.203421002306296
Thailand,THA,2045,Truck,Hydrogen,RAS,7159.001012621094,142024.39049774222,5.040684200461259
Thailand,THA,2046,Truck,Diesel,RAS,94158.57406588619,139650.92908826307,67.42423747598234
Thailand,THA,2046,Truck,Electric,RAS,37910.29585198073,139650.92908826307,27.146468770014714
Thailand,THA,2046,Truck,Hydrogen,RAS,7582.059170396145,139650.92908826307,5.429293754002942
Thailand,THA,2047,Truck,Diesel,RAS,86060.83231511821,131906.42764536035,65.2438503955992
Thailand,THA,2047,Truck,Electric,RAS,38204.662775201796,131906.42764536035,28.96345800366734
Thailand,THA,2047,Truck,Hydrogen,RAS,7640.932555040358,131906.42764536035,5.792691600733468
Thailand,THA,2048,Truck,Diesel,RAS,84110.69132503182,133003.5494312048,63.239433597625535
Thailand,THA,2048,Truck,Electric,RAS,40744.04842181082,133003.5494312048,30.633805335312054
Thailand,THA,2048,Truck,Hydrogen,RAS,8148.809684362162,133003.5494312048,6.12676106706241
Thailand,THA,2049,Truck,Diesel,RAS,81475.59992761092,132641.33283495484,61.425498512587126
Thailand,THA,2049,Truck,Electric,RAS,42638.11075611993,132641.33283495484,32.1454179061774
Thailand,THA,2049,Truck,Hydrogen,RAS,8527.622151223986,132641.33283495484,6.42908358123548
Thailand,THA,2050,Truck,Diesel,RAS,85548.05670122473,143039.90422922955,59.807126663150676
Thailand,THA,2050,Truck,Electric,RAS,47909.87294000401,143039.90422922955,33.4940611140411
Thailand,THA,2050,Truck,Hydrogen,RAS,9581.974588000801,143039.90422922955,6.69881222280822
Thailand,THA,2051,Truck,Diesel,RAS,88763.66507329227,152040.8579327974,58.38145501160361
Thailand,THA,2051,Truck,Electric,RAS,52730.99404958761,152040.8579327974,34.68212082366366
Thailand,THA,2051,Truck,Hydrogen,RAS,10546.19880991752,152040.8579327974,6.936424164732731
Thailand,THA,2052,Truck,Diesel,RAS,91725.01111231673,160528.14045306202,57.13952136581116
Thailand,THA,2052,Truck,Electric,RAS,57335.941117287744,160528.14045306202,35.7170655284907
Thailand,THA,2052,Truck,Hydrogen,RAS,11467.18822345755,160528.14045306202,7.143413105698141
Thailand,THA,2053,Truck,Diesel,RAS,93019.64326608212,165904.595025555,56.06815365888684
Thailand,THA,2053,Truck,Electric,RAS,60737.45979956073,165904.595025555,36.609871950927634
Thailand,THA,2053,Truck,Hydrogen,RAS,12147.491959912148,165904.595025555,7.321974390185526
Thailand,THA,2054,Truck,Diesel,RAS,94447.39200727495,171250.25189443678,55.15168063256037
Thailand,THA,2054,Truck,Electric,RAS,64002.38323930153,171250.25189443678,37.37359947286636
Thailand,THA,2054,Truck,Hydrogen,RAS,12800.476647860307,171250.25189443678,7.474719894573272
Thailand,THA,2055,Truck,Diesel,RAS,95311.61505416104,175291.07564618345,54.37334142814145
Thailand,THA,2055,Truck,Electric,RAS,66649.55049335201,175291.07564618345,38.022215476548794
Thailand,THA,2055,Truck,Hydrogen,RAS,13329.910098670403,175291.07564618345,7.604443095309758
Thailand,THA,2056,Truck,Diesel,RAS,95283.10360702401,177381.9253619751,53.71635436507084
Thailand,THA,2056,Truck,Electric,RAS,68415.6847957926,177381.9253619751,38.56970469577431
Thailand,THA,2056,Truck,Hydrogen,RAS,13683.136959158517,177381.9253619751,7.7139409391548615
Thailand,THA,2057,Truck,Diesel,RAS,94351.93771435539,177471.1525558452,53.16466161150639
Thailand,THA,2057,Truck,Electric,RAS,69266.0123679082,177471.1525558452,39.029448657078014
Thailand,THA,2057,Truck,Hydrogen,RAS,13853.20247358164,177471.1525558452,7.805889731415602
Thailand,THA,2058,Truck,Diesel,RAS,93245.94143393196,176925.86423421418,52.70339745832363
Thailand,THA,2058,Truck,Electric,RAS,69733.26900023517,176925.86423421418,39.41383545139697
Thailand,THA,2058,Truck,Hydrogen,RAS,13946.653800047035,176925.86423421418,7.882767090279394
Thailand,THA,2059,Truck,Diesel,RAS,91965.07403901906,175777.11545457598,52.319139383524885
Thailand,THA,2059,Truck,Electric,RAS,69843.36784629745,175777.11545457598,39.73405051372927
Thailand,THA,2059,Truck,Hydrogen,RAS,13968.673569259488,175777.11545457598,7.946810102745855
Thailand,THA,2060,Truck,Diesel,RAS,90549.28711673702,174133.24445526348,52.0
Thailand,THA,2060,Truck,Electric,RAS,69653.29778210538,174133.24445526348,39.99999999999999
Thailand,THA,2060,Truck,Hydrogen,RAS,13930.659556421077,174133.24445526348,7.999999999999999
Thailand,THA,2006,Truck,Gasoline,historical,137.45033818221006,19237.173399433246,0.7145038167938931
Thailand,THA,2006,Truck,HybridDiesel,historical,17077.91082183579,19237.173399433246,88.77557251908395
Thailand,THA,2006,Truck,NaturalGas,historical,2021.8122394152435,19237.173399433246,10.509923664122137
Thailand,THA,2007,Truck,Gasoline,historical,141.57384832767636,19814.288601416243,0.7145038167938931
Thailand,THA,2007,Truck,HybridDiesel,historical,17590.248146490867,19814.288601416243,88.77557251908398
Thailand,THA,2007,Truck,NaturalGas,historical,2082.4666065977012,19814.288601416243,10.50992366412214
Thailand,THA,2008,Truck,Gasoline,historical,145.82106377750665,20408.717259458732,0.7145038167938931
Thailand,THA,2008,Truck,HybridDiesel,historical,18117.95559088559,20408.717259458732,88.77557251908397
Thailand,THA,2008,Truck,NaturalGas,historical,2144.940604795632,20408.717259458732,10.509923664122137
Thailand,THA,2009,Truck,Gasoline,historical,150.19569569083188,21020.978777242497,0.7145038167938932
Thailand,THA,2009,Truck,HybridDiesel,historical,18661.49425861216,21020.978777242497,88.77557251908397
Thailand,THA,2009,Truck,NaturalGas,historical,2209.288822939501,21020.978777242497,10.509923664122136
Thailand,THA,2010,Truck,Gasoline,historical,154.7015665615568,21651.60814055977,0.7145038167938931
Thailand,THA,2010,Truck,HybridDiesel,historical,19221.339086370524,21651.60814055977,88.77557251908397
Thailand,THA,2010,Truck,NaturalGas,historical,2275.567487627686,21651.60814055977,10.509923664122137
Thailand,THA,2011,Truck,Gasoline,historical,159.34261355840354,22301.156384776565,0.7145038167938931
Thailand,THA,2011,Truck,HybridDiesel,historical,19797.97925896164,22301.156384776565,88.77557251908395
Thailand,THA,2011,Truck,NaturalGas,historical,2343.834512256517,22301.156384776565,10.509923664122136
Thailand,THA,2012,Truck,Gasoline,historical,164.12289196515565,22970.19107631986,0.7145038167938932
Thailand,THA,2012,Truck,HybridDiesel,historical,20391.918636730494,22970.19107631986,88.77557251908398
Thailand,THA,2012,Truck,NaturalGas,historical,2414.1495476242126,22970.19107631986,10.509923664122137
Thailand,THA,2013,Truck,Gasoline,historical,169.04657872411033,23659.296808609462,0.714503816793893
Thailand,THA,2013,Truck,HybridDiesel,historical,21003.67619583241,23659.296808609462,88.77557251908397
Thailand,THA,2013,Truck,NaturalGas,historical,2486.574034052939,23659.296808609462,10.509923664122136
Thailand,THA,2014,Truck,Gasoline,historical,174.11797608583365,24369.075712867743,0.7145038167938932
Thailand,THA,2014,Truck,HybridDiesel,historical,21633.786481707382,24369.075712867743,88.77557251908397
Thailand,THA,2014,Truck,NaturalGas,historical,2561.1712550745274,24369.075712867743,10.509923664122137
Thailand,THA,2015,Truck,Gasoline,historical,179.34151536840864,25100.14798425377,0.7145038167938933
Thailand,THA,2015,Truck,HybridDiesel,historical,22282.8000761586,25100.14798425377,88.77557251908398
Thailand,THA,2015,Truck,NaturalGas,historical,2638.006392726763,25100.14798425377,10.50992366412214
Thailand,THA,2016,Truck,Gasoline,historical,184.72176082946092,25853.152423781386,0.7145038167938932
Thailand,THA,2016,Truck,HybridDiesel,historical,22951.28407844336,25853.152423781386,88.77557251908398
Thailand,THA,2016,Truck,NaturalGas,historical,2717.146584508566,25853.152423781386,10.509923664122137
Thailand,THA,2017,Truck,Gasoline,historical,190.26341365434473,26628.746996494832,0.7145038167938931
Thailand,THA,2017,Truck,HybridDiesel,historical,23639.822600796662,26628.746996494832,88.77557251908395
Thailand,THA,2017,Truck,NaturalGas,historical,2798.660982043823,26628.746996494832,10.509923664122136
Thailand,THA,2018,Truck,Gasoline,historical,195.9713160639751,27427.609406389678,0.7145038167938931
Thailand,THA,2018,Truck,HybridDiesel,historical,24349.017278820564,27427.609406389678,88.77557251908397
Thailand,THA,2018,Truck,NaturalGas,historical,2882.620811505138,27427.609406389678,10.50992366412214
Thailand,THA,2019,Truck,Gasoline,historical,201.85045554589436,28250.43768858137,0.7145038167938932
Thailand,THA,2019,Truck,HybridDiesel,historical,25079.487797185182,28250.43768858137,88.77557251908397
Thailand,THA,2019,Truck,NaturalGas,historical,2969.099435850292,28250.43768858137,10.509923664122137
Thailand,THA,2020,Truck,Gasoline,historical,207.90596921227117,29097.95081923881,0.7145038167938931
Thailand,THA,2020,Truck,HybridDiesel,historical,25831.872431100735,29097.95081923881,88.77557251908397
Thailand,THA,2020,Truck,NaturalGas,historical,3058.1724189258007,29097.95081923881,10.509923664122136
Thailand,THA,2021,Truck,Gasoline,historical,214.14314828863934,29970.88934381598,0.7145038167938931
Thailand,THA,2021,Truck,HybridDiesel,historical,26606.828604033763,29970.88934381598,88.77557251908397
Thailand,THA,2021,Truck,NaturalGas,historical,3149.9175914935754,29970.88934381598,10.509923664122137
Thailand,THA,2022,Truck,Gasoline,historical,220.56744273729853,30870.01602413046,0.7145038167938932
Thailand,THA,2022,Truck,HybridDiesel,historical,27405.033462154777,30870.01602413046,88.77557251908397
Thailand,THA,2022,Truck,NaturalGas,historical,3244.4151192383824,30870.01602413046,10.509923664122136
Thailand,THA,2023,Truck,Gasoline,historical,227.18446601941747,31796.11650485437,0.7145038167938932
Thailand,THA,2023,Truck,HybridDiesel,historical,28227.18446601942,31796.11650485437,88.77557251908397
Thailand,THA,2023,Truck,NaturalGas,historical,3341.747572815534,31796.11650485437,10.509923664122137
Thailand,THA,2024,Truck,Gasoline,historical,234.0,32750.0,0.7145038167938931
Thailand,THA,2024,Truck,HybridDiesel,historical,29074.0,32750.0,88.77557251908397
Thailand,THA,2024,Truck,NaturalGas,historical,3442.0,32750.0,10.509923664122137
Viet Nam,VNM,2025,2W,Electric,ATS,4041005.9203971294,51063055.22574888,7.913756633894921
Viet Nam,VNM,2025,2W,Gasoline,ATS,47022049.30535176,51063055.22574888,92.08624336610508
Viet Nam,VNM,2026,2W,Electric,ATS,312358.7437079981,3148469.684945628,9.920970343196819
Viet Nam,VNM,2026,2W,Gasoline,ATS,2836110.94123763,3148469.684945628,90.07902965680317
Viet Nam,VNM,2027,2W,Electric,ATS,369161.02177978226,3061912.2744861245,12.056551223099229
Viet Nam,VNM,2027,2W,Gasoline,ATS,2692751.2527063424,3061912.2744861245,87.94344877690077
Viet Nam,VNM,2028,2W,Electric,ATS,432939.88570356433,3028473.4523144513,14.295647378803949
Viet Nam,VNM,2028,2W,Gasoline,ATS,2595533.5666108867,3028473.4523144513,85.70435262119605
Viet Nam,VNM,2029,2W,Electric,ATS,506206.6679692536,3048063.130532235,16.607486337753862
Viet Nam,VNM,2029,2W,Gasoline,ATS,2541856.4625629815,3048063.130532235,83.39251366224613
Viet Nam,VNM,2030,2W,Electric,ATS,547673.1743805705,2889047.264131829,18.956878316947464
Viet Nam,VNM,2030,2W,Gasoline,ATS,2341374.0897512585,2889047.264131829,81.04312168305255
Viet Nam,VNM,2031,2W,Electric,ATS,652588.2188513922,3062892.800011024,21.306270296141065
Viet Nam,VNM,2031,2W,Gasoline,ATS,2410304.5811596317,3062892.800011024,78.69372970385893
Viet Nam,VNM,2032,2W,Electric,ATS,772716.2774351268,3271710.9955301136,23.618109255090975
Viet Nam,VNM,2032,2W,Gasoline,ATS,2498994.718094987,3271710.9955301136,76.38189074490903
Viet Nam,VNM,2033,2W,Electric,ATS,888609.6284531439,3436603.5089087337,25.857205410795697
Viet Nam,VNM,2033,2W,Gasoline,ATS,2547993.88045559,3436603.5089087337,74.14279458920431
Viet Nam,VNM,2034,2W,Electric,ATS,1267774.2189748925,4528931.867693961,27.992786290698103
Viet Nam,VNM,2034,2W,Gasoline,ATS,3261157.648719068,4528931.867693961,72.0072137093019
Viet Nam,VNM,2035,2W,Electric,ATS,2166056.356577575,7220187.855258584,30.0
Viet Nam,VNM,2035,2W,Gasoline,ATS,5054131.498681009,7220187.855258584,70.0
Viet Nam,VNM,2036,2W,Electric,ATS,2160162.3534792615,6780013.277414471,31.86073928018958
Viet Nam,VNM,2036,2W,Gasoline,ATS,4619850.923935209,6780013.277414471,68.13926071981041
Viet Nam,VNM,2037,2W,Electric,ATS,2425316.3695862,7225992.300533429,33.56378292026634
Viet Nam,VNM,2037,2W,Gasoline,ATS,4800675.930947228,7225992.300533429,66.43621707973365
Viet Nam,VNM,2038,2W,Electric,ATS,2691349.16155367,7666710.111725464,35.104355353641466
Viet Nam,VNM,2038,2W,Gasoline,ATS,4975360.950171795,7666710.111725464,64.89564464635853
Viet Nam,VNM,2039,2W,Electric,ATS,2779581.1508345394,7618783.188780323,36.483268810272016
Viet Nam,VNM,2039,2W,Gasoline,ATS,4839202.037945784,7618783.188780323,63.516731189727984
Viet Nam,VNM,2040,2W,Electric,ATS,3039841.7338220747,8061993.709207326,37.70583113145295
Viet Nam,VNM,2040,2W,Gasoline,ATS,5022151.9753852505,8061993.709207326,62.29416886854704
Viet Nam,VNM,2041,2W,Electric,ATS,3118796.6108357836,8042139.053925335,38.78068496357958
Viet Nam,VNM,2041,2W,Gasoline,ATS,4923342.443089551,8042139.053925335,61.21931503642042
Viet Nam,VNM,2042,2W,Electric,ATS,3199742.4057352585,8056008.830613688,39.718705292078354
Viet Nam,VNM,2042,2W,Gasoline,ATS,4856266.42487843,8056008.830613688,60.28129470792165
Viet Nam,VNM,2043,2W,Electric,ATS,2701963.7780620907,6666242.29953438,40.532036740560955
Viet Nam,VNM,2043,2W,Gasoline,ATS,3964278.52147229,6666242.29953438,59.46796325943905
Viet Nam,VNM,2044,2W,Electric,ATS,2618952.521930933,6351545.627829969,41.23331036867177
Viet Nam,VNM,2044,2W,Gasoline,ATS,3732593.105899036,6351545.627829969,58.76668963132823
Viet Nam,VNM,2045,2W,Electric,ATS,2585525.350533435,6180285.444203466,41.835047488921695
Viet Nam,VNM,2045,2W,Gasoline,ATS,3594760.093670031,6180285.444203466,58.164952511078305
Viet Nam,VNM,2046,2W,Electric,ATS,2533045.3386498475,5981324.655664831,42.349236740574426
Viet Nam,VNM,2046,2W,Gasoline,ATS,3448279.317014984,5981324.655664831,57.650763259425574
Viet Nam,VNM,2047,2W,Electric,ATS,2195435.2408583895,5131073.007262245,42.787059115141965
Viet Nam,VNM,2047,2W,Gasoline,ATS,2935637.7664038553,5131073.007262245,57.212940884858035
Viet Nam,VNM,2048,2W,Electric,ATS,2239867.822351286,5189837.020660445,43.158731448299825
Viet Nam,VNM,2048,2W,Gasoline,ATS,2949969.198309159,5189837.020660445,56.841268551700175
Viet Nam,VNM,2049,2W,Electric,ATS,2369507.2091360055,5450470.986308798,43.47343954473003
Viet Nam,VNM,2049,2W,Gasoline,ATS,3080963.7771727927,5450470.986308798,56.52656045526998
Viet Nam,VNM,2050,2W,Electric,ATS,2521212.8530265717,5764177.318558022,43.739335445310054
Viet Nam,VNM,2050,2W,Gasoline,ATS,3242964.465531451,5764177.318558022,56.26066455468995
Viet Nam,VNM,2051,2W,Electric,ATS,2705620.812895846,6154232.5419309735,43.963577821629094
Viet Nam,VNM,2051,2W,Gasoline,ATS,3448611.7290351274,6154232.5419309735,56.036422178370906
Viet Nam,VNM,2052,2W,Electric,ATS,2896396.672234116,6559998.396035999,44.1523990918095
Viet Nam,VNM,2052,2W,Gasoline,ATS,3663601.7238018825,6559998.396035999,55.8476009081905
Viet Nam,VNM,2053,2W,Electric,ATS,3010017.737277656,6792907.025157496,44.31118703862824
Viet Nam,VNM,2053,2W,Gasoline,ATS,3782889.2878798405,6792907.025157496,55.68881296137176
Viet Nam,VNM,2054,2W,Electric,ATS,3106338.4763207454,6984783.983623996,44.47293550671911
Viet Nam,VNM,2054,2W,Gasoline,ATS,3878445.5073032505,6984783.983623996,55.52706449328089
Viet Nam,VNM,2055,2W,Electric,ATS,3234350.646455013,7102760.521144539,45.53652959052363
Viet Nam,VNM,2055,2W,Gasoline,ATS,3868409.8746895264,7102760.521144539,54.46347040947638
Viet Nam,VNM,2056,2W,Electric,ATS,3307922.3194436384,7107273.536527306,46.54277484105286
Viet Nam,VNM,2056,2W,Gasoline,ATS,3799351.217083668,7107273.536527306,53.45722515894715
Viet Nam,VNM,2057,2W,Electric,ATS,3317128.2492944505,6984668.2833765,47.49156459139528
Viet Nam,VNM,2057,2W,Gasoline,ATS,3667540.03408205,6984668.2833765,52.508435408604726
Viet Nam,VNM,2058,2W,Electric,ATS,3303860.8511900245,6828508.626807183,48.38334447173154
Viet Nam,VNM,2058,2W,Gasoline,ATS,3524647.7756171585,6828508.626807183,51.61665552826846
Viet Nam,VNM,2059,2W,Electric,ATS,3274237.1901920917,6652378.825201869,49.219042935257576
Viet Nam,VNM,2059,2W,Gasoline,ATS,3378141.6350097777,6652378.825201869,50.780957064742424
Viet Nam,VNM,2060,2W,Electric,ATS,3231507.0693246275,6463014.138649255,50.0
Viet Nam,VNM,2060,2W,Gasoline,ATS,3231507.0693246275,6463014.138649255,50.0
Viet Nam,VNM,2025,2W,Electric,BAS,4041005.9203971294,51063055.22574888,7.913756633894921
Viet Nam,VNM,2025,2W,Gasoline,BAS,47022049.30535176,51063055.22574888,92.08624336610508
Viet Nam,VNM,2026,2W,Electric,BAS,273750.4249944113,3148469.684945628,8.694713698637337
Viet Nam,VNM,2026,2W,Gasoline,BAS,2874719.2599512166,3148469.684945628,91.30528630136267
Viet Nam,VNM,2027,2W,Electric,BAS,291812.8598023986,3061912.2744861245,9.530412162163367
Viet Nam,VNM,2027,2W,Gasoline,BAS,2770099.4146837257,3061912.2744861245,90.46958783783663
Viet Nam,VNM,2028,2W,Electric,BAS,315633.3191563306,3028473.4523144513,10.422192042499631
Viet Nam,VNM,2028,2W,Gasoline,BAS,2712840.133158121,3028473.4523144513,89.57780795750037
Viet Nam,VNM,2029,2W,Electric,BAS,346594.7036071523,3048063.130532235,11.370981792842064
Viet Nam,VNM,2029,2W,Gasoline,BAS,2701468.4269250827,3048063.130532235,88.62901820715794
Viet Nam,VNM,2030,2W,Electric,BAS,357583.939271903,2889047.264131829,12.377227043371287
Viet Nam,VNM,2030,2W,Gasoline,BAS,2531463.324859926,2889047.264131829,87.62277295662871
Viet Nam,VNM,2031,2W,Electric,BAS,411677.942566628,3062892.800011024,13.440821127175795
Viet Nam,VNM,2031,2W,Gasoline,BAS,2651214.857444396,3062892.800011024,86.5591788728242
Viet Nam,VNM,2032,2W,Electric,BAS,476395.1588855981,3271710.9955301136,14.561040371122635
Viet Nam,VNM,2032,2W,Gasoline,BAS,2795315.8366445154,3271710.9955301136,85.43895962887737
Viet Nam,VNM,2033,2W,Electric,BAS,540800.6810216213,3436603.5089087337,15.736487483054113
Viet Nam,VNM,2033,2W,Gasoline,BAS,2895802.8278871123,3436603.5089087337,84.26351251694588
Viet Nam,VNM,2034,2W,Electric,BAS,768335.400396622,4528931.867693961,16.96504656820644
Viet Nam,VNM,2034,2W,Gasoline,BAS,3760596.4672973384,4528931.867693961,83.03495343179355
Viet Nam,VNM,2035,2W,Electric,BAS,1317240.4808132036,7220187.855258584,18.243853307138476
Viet Nam,VNM,2035,2W,Gasoline,BAS,5902947.37444538,7220187.855258584,81.75614669286152
Viet Nam,VNM,2036,2W,Electric,BAS,1326800.0249920762,6780013.277414471,19.56928357960452
Viet Nam,VNM,2036,2W,Gasoline,BAS,5453213.252422395,6780013.277414471,80.43071642039548
Viet Nam,VNM,2037,2W,Electric,BAS,1512903.3556321743,7225992.300533429,20.936963294584338
Viet Nam,VNM,2037,2W,Gasoline,BAS,5713088.944901255,7225992.300533429,79.06303670541567
Viet Nam,VNM,2038,2W,Electric,BAS,1712881.1456033802,7666710.111725464,22.34180138079957
Viet Nam,VNM,2038,2W,Gasoline,BAS,5953828.966122085,7666710.111725464,77.65819861920043
Viet Nam,VNM,2039,2W,Electric,BAS,1811597.8344402958,7618783.188780323,23.778046829159226
Viet Nam,VNM,2039,2W,Gasoline,BAS,5807185.354340027,7618783.188780323,76.22195317084078
Viet Nam,VNM,2040,2W,Electric,BAS,2034796.374576251,8061993.709207326,25.23936941618275
Viet Nam,VNM,2040,2W,Gasoline,BAS,6027197.334631075,8061993.709207326,74.76063058381726
Viet Nam,VNM,2041,2W,Electric,BAS,2148776.10709327,8042139.053925335,26.718962364179227
Viet Nam,VNM,2041,2W,Gasoline,BAS,5893362.946832066,8042139.053925335,73.28103763582078
Viet Nam,VNM,2042,2W,Electric,BAS,2272573.0086392863,8056008.830613688,28.209663822652082
Viet Nam,VNM,2042,2W,Gasoline,BAS,5783435.821974401,8056008.830613688,71.79033617734792
Viet Nam,VNM,2043,2W,Electric,BAS,1980146.7996760209,6666242.29953438,29.704092811242834
Viet Nam,VNM,2043,2W,Gasoline,BAS,4686095.499858361,6666242.29953438,70.29590718875718
Viet Nam,VNM,2044,2W,Electric,BAS,1981351.5915486803,6351545.627829969,31.194794269715686
Viet Nam,VNM,2044,2W,Gasoline,BAS,4370194.0362812895,6351545.627829969,68.80520573028433
Viet Nam,VNM,2045,2W,Electric,BAS,2019370.3971989427,6180285.444203466,32.674387217712166
Viet Nam,VNM,2045,2W,Gasoline,BAS,4160915.047004524,6180285.444203466,67.32561278228785
Viet Nam,VNM,2046,2W,Electric,BAS,2041767.6269368532,5981324.655664831,34.13570980473569
Viet Nam,VNM,2046,2W,Gasoline,BAS,3939557.028727979,5981324.655664831,65.86429019526432
Viet Nam,VNM,2047,2W,Electric,BAS,1825222.9941469794,5131073.007262245,35.57195525309535
Viet Nam,VNM,2047,2W,Gasoline,BAS,3305850.0131152654,5131073.007262245,64.42804474690466
Viet Nam,VNM,2048,2W,Electric,BAS,1919035.3097766466,5189837.020660445,36.97679333931059
Viet Nam,VNM,2048,2W,Gasoline,BAS,3270801.7108837985,5189837.020660445,63.02320666068941
Viet Nam,VNM,2049,2W,Electric,BAS,2089954.3786770934,5450470.986308798,38.344473054290404
Viet Nam,VNM,2049,2W,Gasoline,BAS,3360516.6076317043,5450470.986308798,61.655526945709596
Viet Nam,VNM,2050,2W,Electric,BAS,2286643.569854789,5764177.318558022,39.66990332675644
Viet Nam,VNM,2050,2W,Gasoline,BAS,3477533.7487032334,5764177.318558022,60.33009667324356
Viet Nam,VNM,2051,2W,Electric,BAS,2520078.8403635644,6154232.5419309735,40.94871006568847
Viet Nam,VNM,2051,2W,Gasoline,BAS,3634153.701567409,6154232.5419309735,59.05128993431153
Viet Nam,VNM,2052,2W,Electric,BAS,2766828.1797869424,6559998.396035999,42.17726915084079
Viet Nam,VNM,2052,2W,Gasoline,BAS,3793170.216249057,6559998.396035999,57.82273084915921
Viet Nam,VNM,2053,2W,Electric,BAS,2944909.7086104546,6792907.025157496,43.352716262772276
Viet Nam,VNM,2053,2W,Gasoline,BAS,3847997.316547042,6792907.025157496,56.647283737227724
Viet Nam,VNM,2054,2W,Electric,BAS,3106338.4763207454,6984783.983623996,44.47293550671911
Viet Nam,VNM,2054,2W,Gasoline,BAS,3878445.507303251,6984783.983623996,55.527064493280896
Viet Nam,VNM,2055,2W,Electric,BAS,3234350.6464550127,7102760.521144539,45.53652959052362
Viet Nam,VNM,2055,2W,Gasoline,BAS,3868409.874689527,7102760.521144539,54.463470409476386
Viet Nam,VNM,2056,2W,Electric,BAS,3307922.3194436384,7107273.536527306,46.54277484105286
Viet Nam,VNM,2056,2W,Gasoline,BAS,3799351.217083668,7107273.536527306,53.45722515894715
Viet Nam,VNM,2057,2W,Electric,BAS,3317128.2492944505,6984668.2833765,47.49156459139528
Viet Nam,VNM,2057,2W,Gasoline,BAS,3667540.03408205,6984668.2833765,52.508435408604726
Viet Nam,VNM,2058,2W,Electric,BAS,3303860.8511900245,6828508.626807183,48.38334447173154
Viet Nam,VNM,2058,2W,Gasoline,BAS,3524647.7756171585,6828508.626807183,51.61665552826846
Viet Nam,VNM,2059,2W,Electric,BAS,3274237.1901920917,6652378.825201869,49.219042935257576
Viet Nam,VNM,2059,2W,Gasoline,BAS,3378141.6350097777,6652378.825201869,50.780957064742424
Viet Nam,VNM,2060,2W,Electric,BAS,3231507.0693246275,6463014.138649255,50.0
Viet Nam,VNM,2060,2W,Gasoline,BAS,3231507.0693246275,6463014.138649255,50.0
Viet Nam,VNM,2025,2W,Electric,RAS,4041005.9203971294,51063055.22574888,7.913756633894921
Viet Nam,VNM,2025,2W,Gasoline,RAS,47022049.30535176,51063055.22574888,92.08624336610508
Viet Nam,VNM,2026,2W,Electric,RAS,454154.74593323056,3148469.684945628,14.424618668071233
Viet Nam,VNM,2026,2W,Gasoline,RAS,2694314.9390123975,3148469.684945628,85.57538133192877
Viet Nam,VNM,2027,2W,Electric,RAS,687652.1320137031,3061912.2744861245,22.4582571402739
Viet Nam,VNM,2027,2W,Gasoline,RAS,2374260.1424724218,3061912.2744861245,77.5417428597261
Viet Nam,VNM,2028,2W,Electric,RAS,967725.687921044,3028473.4523144513,31.954240417114395
Viet Nam,VNM,2028,2W,Gasoline,RAS,2060747.7643934074,3028473.4523144513,68.04575958288561
Viet Nam,VNM,2029,2W,Electric,RAS,1299249.2590981256,3048063.130532235,42.625405165780094
Viet Nam,VNM,2029,2W,Gasoline,RAS,1748813.8714341095,3048063.130532235,57.37459483421992
Viet Nam,VNM,2030,2W,Electric,RAS,1558839.7168267106,2889047.264131829,53.95687831694745
Viet Nam,VNM,2030,2W,Gasoline,RAS,1330207.547305119,2889047.264131829,46.043121683052554
Viet Nam,VNM,2031,2W,Electric,RAS,1999712.2163627802,3062892.800011024,65.28835146811481
Viet Nam,VNM,2031,2W,Gasoline,RAS,1063180.583648244,3062892.800011024,34.711648531885196
Viet Nam,VNM,2032,2W,Electric,RAS,2485175.8442158876,3271710.9955301136,75.95951621678051
Viet Nam,VNM,2032,2W,Gasoline,RAS,786535.1513142263,3271710.9955301136,24.0404837832195
Viet Nam,VNM,2033,2W,Electric,RAS,2936766.694153264,3436603.5089087337,85.45549949362099
Viet Nam,VNM,2033,2W,Gasoline,RAS,499836.81475546997,3436603.5089087337,14.544500506379022
Viet Nam,VNM,2034,2W,Electric,RAS,4234059.362166561,4528931.867693961,93.48913796582366
Viet Nam,VNM,2034,2W,Gasoline,RAS,294872.5055274003,4528931.867693961,6.510862034176357
Viet Nam,VNM,2035,2W,Electric,RAS,7220187.855258584,7220187.855258584,100.0
Viet Nam,VNM,2035,2W,Gasoline,RAS,8.016018799027007e-10,7220187.855258584,1.1102230246251565e-14
Viet Nam,VNM,2036,2W,Electric,RAS,6780013.277414471,6780013.277414471,100.0
Viet Nam,VNM,2036,2W,Gasoline,RAS,7.527326847849814e-10,6780013.277414471,1.1102230246251565e-14
Viet Nam,VNM,2037,2W,Electric,RAS,7225992.300533429,7225992.300533429,100.0
Viet Nam,VNM,2037,2W,Gasoline,RAS,8.022463027816316e-10,7225992.300533429,1.1102230246251565e-14
Viet Nam,VNM,2038,2W,Electric,RAS,7666710.111725464,7666710.111725464,100.0
Viet Nam,VNM,2038,2W,Gasoline,RAS,8.511758089164117e-10,7666710.111725464,1.1102230246251565e-14
Viet Nam,VNM,2039,2W,Electric,RAS,7618783.188780323,7618783.188780323,100.0
Viet Nam,VNM,2039,2W,Gasoline,RAS,8.458548515810985e-10,7618783.188780323,1.1102230246251565e-14
Viet Nam,VNM,2040,2W,Electric,RAS,8061993.709207326,8061993.709207326,100.0
Viet Nam,VNM,2040,2W,Gasoline,RAS,8.950611040345142e-10,8061993.709207326,1.1102230246251565e-14
Viet Nam,VNM,2041,2W,Electric,RAS,8042139.053925335,8042139.053925335,100.0
Viet Nam,VNM,2041,2W,Gasoline,RAS,8.928567944905081e-10,8042139.053925335,1.1102230246251565e-14
Viet Nam,VNM,2042,2W,Electric,RAS,8056008.830613688,8056008.830613688,100.0
Viet Nam,VNM,2042,2W,Gasoline,RAS,8.943966490330899e-10,8056008.830613688,1.1102230246251565e-14
Viet Nam,VNM,2043,2W,Electric,RAS,6666242.29953438,6666242.29953438,100.0
Viet Nam,VNM,2043,2W,Gasoline,RAS,7.401015688673219e-10,6666242.29953438,1.1102230246251565e-14
Viet Nam,VNM,2044,2W,Electric,RAS,6351545.627829969,6351545.627829969,100.0
Viet Nam,VNM,2044,2W,Gasoline,RAS,7.051632197974077e-10,6351545.627829969,1.1102230246251565e-14
Viet Nam,VNM,2045,2W,Electric,RAS,6180285.444203466,6180285.444203466,100.0
Viet Nam,VNM,2045,2W,Gasoline,RAS,6.861495198910401e-10,6180285.444203466,1.1102230246251565e-14
Viet Nam,VNM,2046,2W,Electric,RAS,5981324.655664831,5981324.655664831,100.0
Viet Nam,VNM,2046,2W,Gasoline,RAS,6.640604350477232e-10,5981324.655664831,1.1102230246251565e-14
Viet Nam,VNM,2047,2W,Electric,RAS,5131073.007262245,5131073.007262245,100.0
Viet Nam,VNM,2047,2W,Gasoline,RAS,5.696635393695187e-10,5131073.007262245,1.1102230246251565e-14
Viet Nam,VNM,2048,2W,Electric,RAS,5189837.020660445,5189837.020660445,100.0
Viet Nam,VNM,2048,2W,Gasoline,RAS,5.76187655438925e-10,5189837.020660445,1.1102230246251565e-14
Viet Nam,VNM,2049,2W,Electric,RAS,5450470.986308798,5450470.986308798,100.0
Viet Nam,VNM,2049,2W,Gasoline,RAS,6.051238384051414e-10,5450470.986308798,1.1102230246251565e-14
Viet Nam,VNM,2050,2W,Electric,RAS,5764177.318558022,5764177.318558022,100.0
Viet Nam,VNM,2050,2W,Gasoline,RAS,6.399522377085212e-10,5764177.318558022,1.1102230246251565e-14
Viet Nam,VNM,2051,2W,Electric,RAS,6154232.5419309735,6154232.5419309735,100.0
Viet Nam,VNM,2051,2W,Gasoline,RAS,6.832570666949171e-10,6154232.5419309735,1.1102230246251565e-14
Viet Nam,VNM,2052,2W,Electric,RAS,6559998.396035999,6559998.396035999,100.0
Viet Nam,VNM,2052,2W,Gasoline,RAS,7.283061260783262e-10,6559998.396035999,1.1102230246251565e-14
Viet Nam,VNM,2053,2W,Electric,RAS,6792907.025157496,6792907.025157496,100.0
Viet Nam,VNM,2053,2W,Gasoline,RAS,7.54164178346783e-10,6792907.025157496,1.1102230246251565e-14
Viet Nam,VNM,2054,2W,Electric,RAS,6984783.983623996,6984783.983623996,100.0
Viet Nam,VNM,2054,2W,Gasoline,RAS,7.754668000652383e-10,6984783.983623996,1.1102230246251565e-14
Viet Nam,VNM,2055,2W,Electric,RAS,7102760.521144539,7102760.521144539,100.0
Viet Nam,VNM,2055,2W,Gasoline,RAS,7.885648268973243e-10,7102760.521144539,1.1102230246251565e-14
Viet Nam,VNM,2056,2W,Electric,RAS,7107273.536527306,7107273.536527306,100.0
Viet Nam,VNM,2056,2W,Gasoline,RAS,7.890658722561678e-10,7107273.536527306,1.1102230246251565e-14
Viet Nam,VNM,2057,2W,Electric,RAS,6984668.2833765,6984668.2833765,100.0
Viet Nam,VNM,2057,2W,Gasoline,RAS,7.754539547573658e-10,6984668.2833765,1.1102230246251565e-14
Viet Nam,VNM,2058,2W,Electric,RAS,6828508.626807183,6828508.626807183,100.0
Viet Nam,VNM,2058,2W,Gasoline,RAS,7.581167501332845e-10,6828508.626807183,1.1102230246251565e-14
Viet Nam,VNM,2059,2W,Electric,RAS,6652378.825201869,6652378.825201869,100.0
Viet Nam,VNM,2059,2W,Gasoline,RAS,7.385624140267965e-10,6652378.825201869,1.1102230246251565e-14
Viet Nam,VNM,2060,2W,Electric,RAS,6463014.138649255,6463014.138649255,100.0
Viet Nam,VNM,2060,2W,Gasoline,RAS,7.175387105206327e-10,6463014.138649255,1.1102230246251565e-14
Viet Nam,VNM,2015,2W,Electric,historical,0.0,2834815.0,0.0
Viet Nam,VNM,2015,2W,Gasoline,historical,2834815.0,2834815.0,100.0
Viet Nam,VNM,2016,2W,Electric,historical,0.0,3089813.0,0.0
Viet Nam,VNM,2016,2W,Gasoline,historical,3089813.0,3089813.0,100.0
Viet Nam,VNM,2017,2W,Electric,historical,0.0,3232673.0,0.0
Viet Nam,VNM,2017,2W,Gasoline,historical,3232673.0,3232673.0,100.0
Viet Nam,VNM,2018,2W,Electric,historical,102470.0,3533435.0,2.9000108959129007
Viet Nam,VNM,2018,2W,Gasoline,historical,3430965.0,3533435.0,97.0999891040871
Viet Nam,VNM,2019,2W,Electric,historical,163428.0,3446588.0,4.741732983460745
Viet Nam,VNM,2019,2W,Gasoline,historical,3283160.0,3446588.0,95.25826701653925
Viet Nam,VNM,2020,2W,Electric,historical,237000.0,2984218.0,7.941779052334648
Viet Nam,VNM,2020,2W,Gasoline,historical,2747218.0,2984218.0,92.05822094766535
Viet Nam,VNM,2021,2W,Electric,historical,288000.0,2889318.0,9.967750174954782
Viet Nam,VNM,2021,2W,Gasoline,historical,2601318.0,2889318.0,90.03224982504521
Viet Nam,VNM,2022,2W,Electric,historical,360000.0,3003000.0,11.988011988011989
Viet Nam,VNM,2022,2W,Gasoline,historical,2643000.0,3003000.0,88.01198801198801
Viet Nam,VNM,2023,2W,Electric,historical,100000.0,2516212.0,3.974227926740672
Viet Nam,VNM,2023,2W,Gasoline,historical,2416212.0,2516212.0,96.02577207325933
Viet Nam,VNM,2024,2W,Electric,historical,210000.0,2653607.0,7.913756633894921
Viet Nam,VNM,2024,2W,Gasoline,historical,2443607.0,2653607.0,92.08624336610508
Viet Nam,VNM,2025,Bus,Diesel,ATS,129265.13671674032,129265.13671674032,100.0
Viet Nam,VNM,2026,Bus,Diesel,ATS,17090.22495661126,17090.22495661126,100.0
Viet Nam,VNM,2027,Bus,Diesel,ATS,19158.30042145847,19158.30042145847,100.0
Viet Nam,VNM,2028,Bus,Diesel,ATS,22839.19042901033,22839.19042901033,100.0
Viet Nam,VNM,2029,Bus,Diesel,ATS,27227.290937996826,27227.290937996826,100.0
Viet Nam,VNM,2030,Bus,Diesel,ATS,27227.290937996826,27227.290937996826,100.0
Viet Nam,VNM,2031,Bus,Diesel,ATS,27227.290937996826,27227.290937996826,100.0
Viet Nam,VNM,2032,Bus,Diesel,ATS,27227.290937996826,27227.290937996826,100.0
Viet Nam,VNM,2033,Bus,Diesel,ATS,27227.290937996826,27227.290937996826,100.0
Viet Nam,VNM,2034,Bus,Diesel,ATS,27227.290937996826,27227.290937996826,100.0
Viet Nam,VNM,2035,Bus,Diesel,ATS,27227.290937996826,27227.290937996826,100.0
Viet Nam,VNM,2036,Bus,Diesel,ATS,27227.290937996826,27227.290937996826,100.0
Viet Nam,VNM,2037,Bus,Diesel,ATS,27227.290937996826,27227.290937996826,100.0
Viet Nam,VNM,2038,Bus,Diesel,ATS,34900.8861785903,34900.8861785903,100.0
Viet Nam,VNM,2039,Bus,Diesel,ATS,43016.58236093423,43016.58236093423,100.0
Viet Nam,VNM,2040,Bus,Diesel,ATS,48133.953372362186,48133.953372362186,100.0
Viet Nam,VNM,2041,Bus,Diesel,ATS,50081.21626317187,50081.21626317187,100.0
Viet Nam,VNM,2042,Bus,Diesel,ATS,51959.6697999828,51959.6697999828,100.0
Viet Nam,VNM,2043,Bus,Diesel,ATS,50515.712776567205,50515.712776567205,100.0
Viet Nam,VNM,2044,Bus,Diesel,ATS,51233.17179955117,51233.17179955117,100.0
Viet Nam,VNM,2045,Bus,Diesel,ATS,51827.70941467589,51827.70941467589,100.0
Viet Nam,VNM,2046,Bus,Diesel,ATS,52197.0139847009,52197.0139847009,100.0
Viet Nam,VNM,2047,Bus,Diesel,ATS,50743.76888856967,50743.76888856967,100.0
Viet Nam,VNM,2048,Bus,Diesel,ATS,54025.58994080464,54025.58994080464,100.0
Viet Nam,VNM,2049,Bus,Diesel,ATS,53554.58310268726,53554.58310268726,100.0
Viet Nam,VNM,2050,Bus,Diesel,ATS,57780.528700848925,57780.528700848925,100.0
Viet Nam,VNM,2051,Bus,Diesel,ATS,60651.63104542834,60651.63104542834,100.0
Viet Nam,VNM,2052,Bus,Diesel,ATS,64039.169479333446,64039.169479333446,100.0
Viet Nam,VNM,2053,Bus,Diesel,ATS,67529.39272600203,67529.39272600203,100.0
Viet Nam,VNM,2054,Bus,Diesel,ATS,71254.04592776718,71254.04592776718,100.0
Viet Nam,VNM,2055,Bus,Diesel,ATS,75132.77176220622,75132.77176220622,100.0
Viet Nam,VNM,2056,Bus,Diesel,ATS,78861.18788608373,78861.18788608373,100.0
Viet Nam,VNM,2057,Bus,Diesel,ATS,82370.9894664624,82370.9894664624,100.0
Viet Nam,VNM,2058,Bus,Diesel,ATS,85845.94842551777,85845.94842551777,100.0
Viet Nam,VNM,2059,Bus,Diesel,ATS,89178.82378661516,89178.82378661516,100.0
Viet Nam,VNM,2060,Bus,Diesel,ATS,92538.41409828095,92538.41409828095,100.0
Viet Nam,VNM,2025,Bus,Diesel,BAS,129265.13671674032,129265.13671674032,100.0
Viet Nam,VNM,2026,Bus,Diesel,BAS,17090.22495661126,17090.22495661126,100.0
Viet Nam,VNM,2027,Bus,Diesel,BAS,19158.30042145847,19158.30042145847,100.0
Viet Nam,VNM,2028,Bus,Diesel,BAS,22839.19042901033,22839.19042901033,100.0
Viet Nam,VNM,2029,Bus,Diesel,BAS,27227.290937996826,27227.290937996826,100.0
Viet Nam,VNM,2030,Bus,Diesel,BAS,27227.290937996826,27227.290937996826,100.0
Viet Nam,VNM,2031,Bus,Diesel,BAS,27227.290937996826,27227.290937996826,100.0
Viet Nam,VNM,2032,Bus,Diesel,BAS,27227.290937996826,27227.290937996826,100.0
Viet Nam,VNM,2033,Bus,Diesel,BAS,27227.290937996826,27227.290937996826,100.0
Viet Nam,VNM,2034,Bus,Diesel,BAS,27227.290937996826,27227.290937996826,100.0
Viet Nam,VNM,2035,Bus,Diesel,BAS,27227.290937996826,27227.290937996826,100.0
Viet Nam,VNM,2036,Bus,Diesel,BAS,27227.290937996826,27227.290937996826,100.0
Viet Nam,VNM,2037,Bus,Diesel,BAS,27227.290937996826,27227.290937996826,100.0
Viet Nam,VNM,2038,Bus,Diesel,BAS,34900.8861785903,34900.8861785903,100.0
Viet Nam,VNM,2039,Bus,Diesel,BAS,43016.58236093423,43016.58236093423,100.0
Viet Nam,VNM,2040,Bus,Diesel,BAS,48133.953372362186,48133.953372362186,100.0
Viet Nam,VNM,2041,Bus,Diesel,BAS,50081.21626317187,50081.21626317187,100.0
Viet Nam,VNM,2042,Bus,Diesel,BAS,51959.6697999828,51959.6697999828,100.0
Viet Nam,VNM,2043,Bus,Diesel,BAS,50515.712776567205,50515.712776567205,100.0
Viet Nam,VNM,2044,Bus,Diesel,BAS,51233.17179955117,51233.17179955117,100.0
Viet Nam,VNM,2045,Bus,Diesel,BAS,51827.70941467589,51827.70941467589,100.0
Viet Nam,VNM,2046,Bus,Diesel,BAS,52197.0139847009,52197.0139847009,100.0
Viet Nam,VNM,2047,Bus,Diesel,BAS,50743.76888856967,50743.76888856967,100.0
Viet Nam,VNM,2048,Bus,Diesel,BAS,54025.58994080464,54025.58994080464,100.0
Viet Nam,VNM,2049,Bus,Diesel,BAS,53554.58310268726,53554.58310268726,100.0
Viet Nam,VNM,2050,Bus,Diesel,BAS,57780.528700848925,57780.528700848925,100.0
Viet Nam,VNM,2051,Bus,Diesel,BAS,60651.63104542834,60651.63104542834,100.0
Viet Nam,VNM,2052,Bus,Diesel,BAS,64039.169479333446,64039.169479333446,100.0
Viet Nam,VNM,2053,Bus,Diesel,BAS,67529.39272600203,67529.39272600203,100.0
Viet Nam,VNM,2054,Bus,Diesel,BAS,71254.04592776718,71254.04592776718,100.0
Viet Nam,VNM,2055,Bus,Diesel,BAS,75132.77176220622,75132.77176220622,100.0
Viet Nam,VNM,2056,Bus,Diesel,BAS,78861.18788608373,78861.18788608373,100.0
Viet Nam,VNM,2057,Bus,Diesel,BAS,82370.9894664624,82370.9894664624,100.0
Viet Nam,VNM,2058,Bus,Diesel,BAS,85845.94842551777,85845.94842551777,100.0
Viet Nam,VNM,2059,Bus,Diesel,BAS,89178.82378661516,89178.82378661516,100.0
Viet Nam,VNM,2060,Bus,Diesel,BAS,92538.41409828095,92538.41409828095,100.0
Viet Nam,VNM,2025,Bus,Diesel,RAS,129265.13671674032,129265.13671674032,100.0
Viet Nam,VNM,2026,Bus,Diesel,RAS,17001.23316953583,17090.22495661126,99.4792825296252
Viet Nam,VNM,2026,Bus,Electric,RAS,88.99178707542815,17090.22495661126,0.5207174703747955
Viet Nam,VNM,2027,Bus,Diesel,RAS,18941.19412507068,19158.30042145847,98.86677684548356
Viet Nam,VNM,2027,Bus,Electric,RAS,217.1062963877878,19158.30042145847,1.1332231545164386
Viet Nam,VNM,2028,Bus,Diesel,RAS,22416.35935185241,22839.19042901033,98.14865996028983
Viet Nam,VNM,2028,Bus,Electric,RAS,422.83107715792073,22839.19042901033,1.851340039710168
Viet Nam,VNM,2029,Bus,Diesel,RAS,26494.86292971501,27227.290937996826,97.30994901420883
Viet Nam,VNM,2029,Bus,Electric,RAS,732.4280082818169,27227.290937996826,2.6900509857911823
Viet Nam,VNM,2030,Bus,Diesel,RAS,26229.34942348838,27227.290937996826,96.3347748522576
Viet Nam,VNM,2030,Bus,Electric,RAS,997.9415145084483,27227.290937996826,3.665225147742404
Viet Nam,VNM,2031,Bus,Diesel,RAS,25922.23997220297,27227.290937996826,95.20682770546003
Viet Nam,VNM,2031,Bus,Electric,RAS,1305.0509657938574,27227.290937996826,4.793172294539976
Viet Nam,VNM,2032,Bus,Diesel,RAS,25569.151997571727,27227.290937996826,93.910011303728
Viet Nam,VNM,2032,Bus,Electric,RAS,1658.1389404251017,27227.290937996826,6.089988696272016
Viet Nam,VNM,2033,Bus,Diesel,RAS,25166.003141943635,27227.290937996826,92.42933202297927
Viet Nam,VNM,2033,Bus,Electric,RAS,2061.2877960531937,27227.290937996826,7.570667977020733
Viet Nam,VNM,2034,Bus,Diesel,RAS,24709.31891794366,27227.290937996826,90.75202881628142
Viet Nam,VNM,2034,Bus,Electric,RAS,2517.972020053166,27227.290937996826,9.247971183718578
Viet Nam,VNM,2035,Bus,Diesel,RAS,24196.598092688324,27227.290937996826,88.8689151917092
Viet Nam,VNM,2035,Bus,Electric,RAS,3030.6928453085015,27227.290937996826,11.131084808290797
Viet Nam,VNM,2036,Bus,Diesel,RAS,23626.714855183553,27227.290937996826,86.77585628694143
Viet Nam,VNM,2036,Bus,Electric,RAS,3600.576082813274,27227.290937996826,13.224143713058572
Viet Nam,VNM,2037,Bus,Diesel,RAS,23000.321136320184,27227.290937996826,84.47524650431627
Viet Nam,VNM,2037,Bus,Electric,RAS,4226.969801676642,27227.290937996826,15.524753495683733
Viet Nam,VNM,2038,Bus,Diesel,RAS,28610.803007730574,34900.8861785903,81.97729668331937
Viet Nam,VNM,2038,Bus,Electric,RAS,6290.083170859727,34900.8861785903,18.022703316680637
Viet Nam,VNM,2039,Bus,Diesel,RAS,34112.53740726464,43016.58236093423,79.30090103635044
Viet Nam,VNM,2039,Bus,Electric,RAS,8904.044953669603,43016.58236093423,20.699098963649572
Viet Nam,VNM,2040,Bus,Diesel,RAS,36809.88866669477,48133.953372362186,76.47385283717517
Viet Nam,VNM,2040,Bus,Electric,RAS,11324.064705667415,48133.953372362186,23.526147162824834
Viet Nam,VNM,2041,Bus,Diesel,RAS,36825.835323389016,50081.21626317187,73.53223038728306
Viet Nam,VNM,2041,Bus,Electric,RAS,13255.380939782855,50081.21626317187,26.467769612716936
Viet Nam,VNM,2042,Bus,Diesel,RAS,36641.37978655547,51959.6697999828,70.51888498830992
Viet Nam,VNM,2042,Bus,Electric,RAS,15318.29001342733,51959.6697999828,29.481115011690086
Viet Nam,VNM,2043,Bus,Diesel,RAS,34088.566237730345,50515.712776567205,67.4811150116901
Viet Nam,VNM,2043,Bus,Electric,RAS,16427.146538836863,50515.712776567205,32.51888498830991
Viet Nam,VNM,2044,Bus,Diesel,RAS,33028.88316102212,51233.17179955117,64.46776961271694
Viet Nam,VNM,2044,Bus,Electric,RAS,18204.28863852906,51233.17179955117,35.532230387283064
Viet Nam,VNM,2045,Bus,Diesel,RAS,31887.592765594713,51827.70941467589,61.52614716282484
Viet Nam,VNM,2045,Bus,Electric,RAS,19940.11664908118,51827.70941467589,38.473852837175166
Viet Nam,VNM,2046,Bus,Diesel,RAS,30639.176894949596,52197.0139847009,58.69909896364959
Viet Nam,VNM,2046,Bus,Electric,RAS,21557.837089751305,52197.0139847009,41.30090103635042
Viet Nam,VNM,2047,Bus,Diesel,RAS,28428.03109614548,50743.76888856967,56.02270331668065
Viet Nam,VNM,2047,Bus,Electric,RAS,22315.737792424192,50743.76888856967,43.97729668331936
Viet Nam,VNM,2048,Bus,Diesel,RAS,28917.06384040459,54025.58994080464,53.52475349568373
Viet Nam,VNM,2048,Bus,Electric,RAS,25108.52610040005,54025.58994080464,46.47524650431627
Viet Nam,VNM,2049,Bus,Diesel,RAS,27432.876613449902,53554.58310268726,51.22414371305857
Viet Nam,VNM,2049,Bus,Electric,RAS,26121.70648923736,53554.58310268726,48.77585628694143
Viet Nam,VNM,2050,Bus,Diesel,RAS,28388.200558692894,57780.528700848925,49.1310848082908
Viet Nam,VNM,2050,Bus,Electric,RAS,29392.32814215603,57780.528700848925,50.8689151917092
Viet Nam,VNM,2051,Bus,Diesel,RAS,28656.665158799296,60651.63104542834,47.24797118371858
Viet Nam,VNM,2051,Bus,Electric,RAS,31994.96588662904,60651.63104542834,52.75202881628142
Viet Nam,VNM,2052,Bus,Diesel,RAS,29183.07729866864,64039.169479333446,45.570667977020726
Viet Nam,VNM,2052,Bus,Electric,RAS,34856.092180664804,64039.169479333446,54.429332022979274
Viet Nam,VNM,2053,Bus,Diesel,RAS,29773.701619555435,67529.39272600203,44.08998869627202
Viet Nam,VNM,2053,Bus,Electric,RAS,37755.6911064466,67529.39272600203,55.91001130372798
Viet Nam,VNM,2054,Bus,Diesel,RAS,30491.86664070005,71254.04592776718,42.79317229453997
Viet Nam,VNM,2054,Bus,Electric,RAS,40762.17928706713,71254.04592776718,57.20682770546003
Viet Nam,VNM,2055,Bus,Diesel,RAS,31304.238514462646,75132.77176220622,41.665225147742404
Viet Nam,VNM,2055,Bus,Electric,RAS,43828.53324774357,75132.77176220622,58.334774852257596
Viet Nam,VNM,2056,Bus,Diesel,RAS,32088.65755884805,78861.18788608373,40.69005098579118
Viet Nam,VNM,2056,Bus,Electric,RAS,46772.53032723568,78861.18788608373,59.30994901420882
Viet Nam,VNM,2057,Bus,Diesel,RAS,32825.94310635377,82370.9894664624,39.85134003971016
Viet Nam,VNM,2057,Bus,Electric,RAS,49545.04636010863,82370.9894664624,60.14865996028984
Viet Nam,VNM,2058,Bus,Diesel,RAS,33594.28656646896,85845.94842551777,39.133223154516436
Viet Nam,VNM,2058,Bus,Electric,RAS,52251.66185904881,85845.94842551777,60.866776845483564
Viet Nam,VNM,2059,Bus,Diesel,RAS,34352.322754245426,89178.82378661516,38.5207174703748
Viet Nam,VNM,2059,Bus,Electric,RAS,54826.501032369735,89178.82378661516,61.4792825296252
Viet Nam,VNM,2060,Bus,Diesel,RAS,35164.59735734676,92538.41409828095,38.0
Viet Nam,VNM,2060,Bus,Electric,RAS,57373.816740934184,92538.41409828095,62.0
Viet Nam,VNM,2006,Bus,HybridDiesel,historical,1368.0,1954.0,70.01023541453429
Viet Nam,VNM,2006,Bus,NaturalGas,historical,586.0,1954.0,29.98976458546571
Viet Nam,VNM,2007,Bus,HybridDiesel,historical,1554.0,2220.0,70.0
Viet Nam,VNM,2007,Bus,NaturalGas,historical,666.0,2220.0,30.0
Viet Nam,VNM,2008,Bus,HybridDiesel,historical,1755.0,2507.0,70.00398883127244
Viet Nam,VNM,2008,Bus,NaturalGas,historical,752.0,2507.0,29.996011168727563
Viet Nam,VNM,2009,Bus,HybridDiesel,historical,1970.0,2814.0,70.00710732054016
Viet Nam,VNM,2009,Bus,NaturalGas,historical,844.0,2814.0,29.992892679459842
Viet Nam,VNM,2010,Bus,HybridDiesel,historical,2202.0,3146.0,69.99364272091545
Viet Nam,VNM,2010,Bus,NaturalGas,historical,944.0,3146.0,30.00635727908455
Viet Nam,VNM,2011,Bus,HybridDiesel,historical,2452.0,3503.0,69.99714530402512
Viet Nam,VNM,2011,Bus,NaturalGas,historical,1051.0,3503.0,30.00285469597488
Viet Nam,VNM,2012,Bus,HybridDiesel,historical,2720.0,3886.0,69.99485331960885
Viet Nam,VNM,2012,Bus,NaturalGas,historical,1166.0,3886.0,30.005146680391146
Viet Nam,VNM,2013,Bus,HybridDiesel,historical,3009.0,4298.0,70.0093066542578
Viet Nam,VNM,2013,Bus,NaturalGas,historical,1289.0,4298.0,29.990693345742205
Viet Nam,VNM,2014,Bus,HybridDiesel,historical,3318.0,4740.0,70.0
Viet Nam,VNM,2014,Bus,NaturalGas,historical,1422.0,4740.0,30.0
Viet Nam,VNM,2015,Bus,HybridDiesel,historical,3650.0,5214.0,70.00383582662063
Viet Nam,VNM,2015,Bus,NaturalGas,historical,1564.0,5214.0,29.996164173379363
Viet Nam,VNM,2016,Bus,HybridDiesel,historical,4005.0,5722.0,69.9930094372597
Viet Nam,VNM,2016,Bus,NaturalGas,historical,1717.0,5722.0,30.0069905627403
Viet Nam,VNM,2017,Bus,HybridDiesel,historical,4387.0,6267.0,70.00159565980533
Viet Nam,VNM,2017,Bus,NaturalGas,historical,1880.0,6267.0,29.99840434019467
Viet Nam,VNM,2018,Bus,HybridDiesel,historical,4795.0,6850.0,70.0
Viet Nam,VNM,2018,Bus,NaturalGas,historical,2055.0,6850.0,30.0
Viet Nam,VNM,2019,Bus,HybridDiesel,historical,5232.0,7474.0,70.00267594327
Viet Nam,VNM,2019,Bus,NaturalGas,historical,2242.0,7474.0,29.997324056729997
Viet Nam,VNM,2020,Bus,HybridDiesel,historical,5700.0,8143.0,69.99877195136928
Viet Nam,VNM,2020,Bus,NaturalGas,historical,2443.0,8143.0,30.001228048630725
Viet Nam,VNM,2021,Bus,HybridDiesel,historical,6200.0,8857.0,70.00112905046855
Viet Nam,VNM,2021,Bus,NaturalGas,historical,2657.0,8857.0,29.998870949531444
Viet Nam,VNM,2022,Bus,HybridDiesel,historical,6734.0,9620.0,70.0
Viet Nam,VNM,2022,Bus,NaturalGas,historical,2886.0,9620.0,30.0
Viet Nam,VNM,2023,Bus,HybridDiesel,historical,7306.0,10437.0,70.00095812973076
Viet Nam,VNM,2023,Bus,NaturalGas,historical,3131.0,10437.0,29.999041870269235
Viet Nam,VNM,2024,Bus,HybridDiesel,historical,7916.0,11308.0,70.00353731871242
Viet Nam,VNM,2024,Bus,NaturalGas,historical,3392.0,11308.0,29.996462681287586
Viet Nam,VNM,2025,LDV,Electric,ATS,1102132.3047413304,4307183.719678763,25.588235294117645
Viet Nam,VNM,2025,LDV,Gasoline,ATS,2951687.666721035,4307183.719678763,68.52941176470588
Viet Nam,VNM,2025,LDV,HybridDiesel,ATS,253363.74821639783,4307183.719678763,5.88235294117647
Viet Nam,VNM,2026,LDV,Electric,ATS,260250.8570294273,993490.3329178421,26.195610405697735
Viet Nam,VNM,2026,LDV,Gasoline,ATS,679626.2384841959,993490.3329178421,68.40793674238986
Viet Nam,VNM,2026,LDV,HybridDiesel,ATS,53613.23740421888,993490.3329178421,5.3964528519124
Viet Nam,VNM,2027,LDV,Electric,ATS,301360.7557627129,1121554.6820822218,26.869911969269456
Viet Nam,VNM,2027,LDV,Gasoline,ATS,765719.8852985996,1121554.6820822218,68.27307642967551
Viet Nam,VNM,2027,LDV,HybridDiesel,ATS,54474.04102090929,1121554.6820822218,4.857011601055023
Viet Nam,VNM,2028,LDV,Electric,ATS,348076.0185418244,1260506.9081051461,27.6139715144496
Viet Nam,VNM,2028,LDV,Gasoline,ATS,858711.0603784838,1260506.9081051461,68.12426452063949
Viet Nam,VNM,2028,LDV,HybridDiesel,ATS,53719.82918483778,1260506.9081051461,4.261763964910909
Viet Nam,VNM,2029,LDV,Electric,ATS,400501.15957861964,1408751.4890875034,28.42951100183312
Viet Nam,VNM,2029,LDV,Gasoline,ATS,957403.8059298962,1408751.4890875034,67.9611566231628
Viet Nam,VNM,2029,LDV,HybridDiesel,ATS,50846.52357898749,1408751.4890875034,3.6093323750040915
Viet Nam,VNM,2030,LDV,Electric,ATS,350915.8586254052,1196976.9016795792,29.31684463860627
Viet Nam,VNM,2030,LDV,Gasoline,ATS,811355.1111589385,1196976.9016795792,67.78368989580817
Viet Nam,VNM,2030,LDV,HybridDiesel,ATS,34705.93189523554,1196976.9016795792,2.89946546558557
Viet Nam,VNM,2031,LDV,Electric,ATS,398233.33723503444,1315404.2418145817,30.27459731205345
Viet Nam,VNM,2031,LDV,Gasoline,ATS,889109.8682893793,1315404.2418145817,67.59213936111873
Viet Nam,VNM,2031,LDV,HybridDiesel,ATS,28061.036290168064,1315404.2418145817,2.1332633268278243
Viet Nam,VNM,2032,LDV,Electric,ATS,441551.8465620765,1410732.6917686295,31.299469356487712
Viet Nam,VNM,2032,LDV,Gasoline,ATS,950652.7660371873,1410732.6917686295,67.38716495223188
Viet Nam,VNM,2032,LDV,HybridDiesel,ATS,18528.079169365876,1410732.6917686295,1.3133656912804157
Viet Nam,VNM,2033,LDV,Electric,ATS,482374.94656994566,1489451.4516259655,32.386080529402896
Viet Nam,VNM,2033,LDV,Gasoline,ATS,1000462.1974128985,1489451.4516259655,67.16984271764885
Viet Nam,VNM,2033,LDV,HybridDiesel,ATS,6614.307643121412,1489451.4516259655,0.44407675294826676
Viet Nam,VNM,2034,LDV,Electric,ATS,573441.8140518122,1710391.9139193837,33.5269249921653
Viet Nam,VNM,2034,LDV,Gasoline,ATS,1136950.0998675716,1710391.9139193837,66.47307500783471
Viet Nam,VNM,2035,LDV,Electric,ATS,681294.0761104849,1962678.605626136,34.7124625579305
Viet Nam,VNM,2035,LDV,Gasoline,ATS,1281384.5295156513,1962678.605626136,65.2875374420695
Viet Nam,VNM,2036,LDV,Electric,ATS,737926.26534983,2053710.9688178748,35.93135921042403
Viet Nam,VNM,2036,LDV,Gasoline,ATS,1315784.703468045,2053710.9688178748,64.06864078957598
Viet Nam,VNM,2037,LDV,Electric,ATS,809775.2615820905,2178520.966658734,37.17087299022273
Viet Nam,VNM,2037,LDV,Gasoline,ATS,1368745.7050766433,2178520.966658734,62.82912700977727
Viet Nam,VNM,2038,LDV,Electric,ATS,898173.326868316,2337935.956569448,38.41736230389491
Viet Nam,VNM,2038,LDV,Gasoline,ATS,1439762.6297011322,2337935.956569448,61.58263769610509
Viet Nam,VNM,2039,LDV,Electric,ATS,910433.3577386475,2295776.7924463563,39.65687608369362
Viet Nam,VNM,2039,LDV,Gasoline,ATS,1385343.434707709,2295776.7924463563,60.34312391630638
Viet Nam,VNM,2040,LDV,Electric,ATS,1079857.3494287713,2641802.8997229896,40.875772736187145
Viet Nam,VNM,2040,LDV,Gasoline,ATS,1561945.5502942184,2641802.8997229896,59.124227263812855
Viet Nam,VNM,2041,LDV,Electric,ATS,1121982.4242906682,2667492.8009520173,42.06131030195235
Viet Nam,VNM,2041,LDV,Gasoline,ATS,1545510.3766613493,2667492.8009520173,57.938689698047654
Viet Nam,VNM,2042,LDV,Electric,ATS,1164440.666776489,2695330.066563122,43.20215476471475
Viet Nam,VNM,2042,LDV,Gasoline,ATS,1530889.3997866332,2695330.066563122,56.79784523528526
Viet Nam,VNM,2043,LDV,Electric,ATS,1155767.0448852188,2609616.728794925,44.28876593762992
Viet Nam,VNM,2043,LDV,Gasoline,ATS,1453849.6839097058,2609616.728794925,55.711234062370075
Viet Nam,VNM,2044,LDV,Electric,ATS,1177097.6133550452,2597667.425910402,45.3136379820642
Viet Nam,VNM,2044,LDV,Gasoline,ATS,1420569.8125553569,2597667.425910402,54.68636201793581
Viet Nam,VNM,2045,LDV,Electric,ATS,1199179.4451612323,2591621.7951802537,46.27139065551138
Viet Nam,VNM,2045,LDV,Gasoline,ATS,1392442.3500190214,2591621.7951802537,53.72860934448862
Viet Nam,VNM,2046,LDV,Electric,ATS,1219502.6266121143,2585953.3838400133,47.15872429228453
Viet Nam,VNM,2046,LDV,Gasoline,ATS,1366450.757227899,2585953.3838400133,52.84127570771546
Viet Nam,VNM,2047,LDV,Electric,ATS,1211180.1136310347,2524645.5457735322,47.974263779668064
Viet Nam,VNM,2047,LDV,Gasoline,ATS,1313465.4321424975,2524645.5457735322,52.02573622033194
Viet Nam,VNM,2048,LDV,Electric,ATS,1313259.426018382,2695617.0417888127,48.71832332484819
Viet Nam,VNM,2048,LDV,Gasoline,ATS,1382357.615770431,2695617.0417888127,51.28167667515182
Viet Nam,VNM,2049,LDV,Electric,ATS,1258060.4547281724,2547061.342802059,49.39262488841992
Viet Nam,VNM,2049,LDV,Gasoline,ATS,1289000.8880738867,2547061.342802059,50.60737511158009
Viet Nam,VNM,2050,LDV,Electric,ATS,1361510.5985001773,2723021.1970003545,50.0
Viet Nam,VNM,2050,LDV,Gasoline,ATS,1361510.5985001773,2723021.1970003545,50.0
Viet Nam,VNM,2051,LDV,Electric,ATS,1391347.6750620322,2752740.093548931,50.544098889781374
Viet Nam,VNM,2051,LDV,Gasoline,ATS,1361392.418486899,2752740.093548931,49.455901110218626
Viet Nam,VNM,2052,LDV,Electric,ATS,1434106.9018665848,2810369.429123439,51.02912403633305
Viet Nam,VNM,2052,LDV,Gasoline,ATS,1376262.527256854,2810369.429123439,48.97087596366695
Viet Nam,VNM,2053,LDV,Electric,ATS,1468834.0625914533,2854344.190801859,51.45959857696138
Viet Nam,VNM,2053,LDV,Gasoline,ATS,1385510.1282104056,2854344.190801859,48.54040142303862
Viet Nam,VNM,2054,LDV,Electric,ATS,1497178.5217933187,2888066.1397145838,51.84017433691041
Viet Nam,VNM,2054,LDV,Gasoline,ATS,1390887.617921265,2888066.1397145838,48.15982566308959
Viet Nam,VNM,2055,LDV,Electric,ATS,1520449.0847671556,2914106.5659724995,52.17547987164119
Viet Nam,VNM,2055,LDV,Gasoline,ATS,1393657.481205344,2914106.5659724995,47.82452012835881
Viet Nam,VNM,2056,LDV,Electric,ATS,1534549.32726966,2924621.982000597,52.470005926029
Viet Nam,VNM,2056,LDV,Gasoline,ATS,1390072.6547309367,2924621.982000597,47.529994073971
Viet Nam,VNM,2057,LDV,Electric,ATS,1543349.659004495,2927000.755431339,52.72802393851991
Viet Nam,VNM,2057,LDV,Gasoline,ATS,1383651.0964268441,2927000.755431339,47.27197606148009
Viet Nam,VNM,2058,LDV,Electric,ATS,1546672.1421049442,2920810.1364811286,52.95353240482488
Viet Nam,VNM,2058,LDV,Gasoline,ATS,1374137.9943761844,2920810.1364811286,47.04646759517512
Viet Nam,VNM,2059,LDV,Electric,ATS,1541534.993134076,2900335.737286493,53.15022579338732
Viet Nam,VNM,2059,LDV,Gasoline,ATS,1358800.7441524172,2900335.737286493,46.84977420661268
Viet Nam,VNM,2060,LDV,Electric,ATS,1538767.9890759499,2885831.2998289317,53.321481029302234
Viet Nam,VNM,2060,LDV,Gasoline,ATS,1347063.3107529818,2885831.2998289317,46.678518970697766
Viet Nam,VNM,2025,LDV,Electric,BAS,1102132.3047413304,4307183.719678763,25.588235294117645
Viet Nam,VNM,2025,LDV,Gasoline,BAS,2951687.666721035,4307183.719678763,68.52941176470588
Viet Nam,VNM,2025,LDV,HybridDiesel,BAS,253363.74821639783,4307183.719678763,5.88235294117647
Viet Nam,VNM,2026,LDV,Electric,BAS,256873.4987134652,993490.3329178421,25.855661620686117
Viet Nam,VNM,2026,LDV,Gasoline,BAS,680301.7101473884,993490.3329178421,68.47592649939219
Viet Nam,VNM,2026,LDV,HybridDiesel,BAS,56315.12405698855,993490.3329178421,5.6684118799216945
Viet Nam,VNM,2027,LDV,Electric,BAS,293194.95500686317,1121554.6820822218,26.141833268667042
Viet Nam,VNM,2027,LDV,Gasoline,BAS,767353.0454497696,1121554.6820822218,68.418692169796
Viet Nam,VNM,2027,LDV,HybridDiesel,BAS,61006.68162558911,1121554.6820822218,5.4394745615369535
Viet Nam,VNM,2028,LDV,Electric,BAS,333368.8977811619,1260506.9081051461,26.44720910592214
Viet Nam,VNM,2028,LDV,Gasoline,BAS,861652.4845306164,1260506.9081051461,68.35761700234498
Viet Nam,VNM,2028,LDV,HybridDiesel,BAS,65485.52579336783,1260506.9081051461,5.195173891732873
Viet Nam,VNM,2029,LDV,Electric,BAS,377152.4569591708,1408751.4890875034,26.77210706648235
Viet Nam,VNM,2029,LDV,Gasoline,BAS,962073.5464537861,1408751.4890875034,68.29263741023294
Viet Nam,VNM,2029,LDV,HybridDiesel,BAS,69525.4856745466,1408751.4890875034,4.935255523284709
Viet Nam,VNM,2030,LDV,Electric,BAS,324580.39310173364,1196976.9016795792,27.116679749315757
Viet Nam,VNM,2030,LDV,Gasoline,BAS,816622.2042636729,1196976.9016795792,68.22372287366628
Viet Nam,VNM,2030,LDV,HybridDiesel,BAS,55774.304314172754,1196976.9016795792,4.65959737701798
Viet Nam,VNM,2031,LDV,Electric,BAS,361484.8010095976,1315404.2418145817,27.480890628034953
Viet Nam,VNM,2031,LDV,Gasoline,BAS,896459.5755344665,1315404.2418145817,68.15088069792242
Viet Nam,VNM,2031,LDV,HybridDiesel,BAS,57459.86527051746,1315404.2418145817,4.368228674042618
Viet Nam,VNM,2032,LDV,Electric,BAS,393093.4965196805,1410732.6917686295,27.86449189228477
Viet Nam,VNM,2032,LDV,Gasoline,BAS,960344.4360456663,1410732.6917686295,68.07416044507247
Viet Nam,VNM,2032,LDV,HybridDiesel,BAS,57294.7592032826,1410732.6917686295,4.061347662642765
Viet Nam,VNM,2033,LDV,Electric,BAS,421023.3172210103,1489451.4516259655,28.26700506158818
Viet Nam,VNM,2033,LDV,Gasoline,BAS,1012732.5232826855,1489451.4516259655,67.99365781121179
Viet Nam,VNM,2033,LDV,HybridDiesel,BAS,55695.61112226965,1489451.4516259655,3.7393371272000384
Viet Nam,VNM,2034,LDV,Electric,BAS,490672.19655385136,1710391.9139193837,28.687705581434265
Viet Nam,VNM,2034,LDV,Gasoline,BAS,1161518.8996463288,1710391.9139193837,67.90951770724256
Viet Nam,VNM,2034,LDV,HybridDiesel,BAS,58200.81771920344,1710391.9139193837,3.402776711323171
Viet Nam,VNM,2035,LDV,Electric,BAS,571642.1674772608,1962678.605626136,29.125612611184238
Viet Nam,VNM,2035,LDV,Gasoline,BAS,1331126.6337068554,1962678.605626136,67.82193630129257
Viet Nam,VNM,2035,LDV,HybridDiesel,BAS,59909.80444202011,1962678.605626136,3.052451087523197
Viet Nam,VNM,2036,LDV,Electric,BAS,607477.1306038057,2053710.9688178748,29.579485128497524
Viet Nam,VNM,2036,LDV,Gasoline,BAS,1391002.299149815,2053710.9688178748,67.73116179782991
Viet Nam,VNM,2036,LDV,HybridDiesel,BAS,55231.53906425409,2053710.9688178748,2.6893530736725633
Viet Nam,VNM,2037,LDV,Electric,BAS,654598.1740867859,2178520.966658734,30.047825295469327
Viet Nam,VNM,2037,LDV,Gasoline,BAS,1473496.982980722,2178520.966658734,67.63749376443555
Viet Nam,VNM,2037,LDV,HybridDiesel,BAS,50425.80959122568,2178520.966658734,2.3146809400951205
Viet Nam,VNM,2038,LDV,Electric,BAS,713745.8907401481,2337935.956569448,30.52888975570817
Viet Nam,VNM,2038,LDV,Gasoline,BAS,1579071.891043117,2337935.956569448,67.54128087238779
Viet Nam,VNM,2038,LDV,HybridDiesel,BAS,45118.174786183,2337935.956569448,1.9298293719040447
Viet Nam,VNM,2039,LDV,Electric,BAS,712166.2419223672,2295776.7924463563,31.020709167614253
Viet Nam,VNM,2039,LDV,Gasoline,BAS,1548338.8364054316,2295776.7924463563,67.44291699000658
Viet Nam,VNM,2039,LDV,HybridDiesel,BAS,35271.71411855758,2295776.7924463563,1.5363738423791802
Viet Nam,VNM,2040,LDV,Electric,BAS,832725.7524666452,2641802.8997229896,31.521115846831798
Viet Nam,VNM,2040,LDV,Gasoline,BAS,1779064.9850673673,2641802.8997229896,67.34283565416307
Viet Nam,VNM,2040,LDV,HybridDiesel,BAS,30012.162188977367,2641802.8997229896,1.136048499005143
Viet Nam,VNM,2041,LDV,Electric,BAS,854338.6970116937,2667492.8009520173,32.02777892059479
Viet Nam,VNM,2041,LDV,Gasoline,BAS,1793662.2528282062,2667492.8009520173,67.24150303941046
Viet Nam,VNM,2041,LDV,HybridDiesel,BAS,19491.851112117627,2667492.8009520173,0.7307180399947496
Viet Nam,VNM,2042,LDV,Electric,BAS,877013.1256054287,2695330.066563122,32.538245927101926
Viet Nam,VNM,2042,LDV,Gasoline,BAS,1809628.6944889314,2695330.066563122,67.13940963810904
Viet Nam,VNM,2042,LDV,HybridDiesel,BAS,8688.24646876195,2695330.066563122,0.32234443478903996
Viet Nam,VNM,2043,LDV,Electric,BAS,862478.0513865862,2609616.728794925,33.04998936701572
Viet Nam,VNM,2043,LDV,Gasoline,BAS,1747138.6774083388,2609616.728794925,66.95001063298427
Viet Nam,VNM,2044,LDV,Electric,BAS,871789.0432018745,2597667.425910402,33.560456373522854
Viet Nam,VNM,2044,LDV,Gasoline,BAS,1725878.3827085276,2597667.425910402,66.43954362647715
Viet Nam,VNM,2045,LDV,Electric,BAS,882890.8925859507,2591621.7951802537,34.06711944728584
Viet Nam,VNM,2045,LDV,Gasoline,BAS,1708730.902594303,2591621.7951802537,65.93288055271415
Viet Nam,VNM,2046,LDV,Electric,BAS,893900.1115780952,2585953.3838400133,34.567526126503395
Viet Nam,VNM,2046,LDV,Gasoline,BAS,1692053.2722619178,2585953.3838400133,65.4324738734966
Viet Nam,VNM,2047,LDV,Electric,BAS,885124.2055128064,2524645.5457735322,35.059345538409474
Viet Nam,VNM,2047,LDV,Gasoline,BAS,1639521.3402607257,2524645.5457735322,64.94065446159053
Viet Nam,VNM,2048,LDV,Electric,BAS,958033.3486451793,2695617.0417888127,35.54040999864832
Viet Nam,VNM,2048,LDV,Gasoline,BAS,1737583.6931436334,2695617.0417888127,64.45959000135167
Viet Nam,VNM,2049,LDV,Electric,BAS,917164.9554946825,2547061.342802059,36.00875016562012
Viet Nam,VNM,2049,LDV,Gasoline,BAS,1629896.3873073766,2547061.342802059,63.99124983437988
Viet Nam,VNM,2050,LDV,Electric,BAS,992884.9446385361,2723021.1970003545,36.46262268293341
Viet Nam,VNM,2050,LDV,Gasoline,BAS,1730136.2523618184,2723021.1970003545,63.53737731706659
Viet Nam,VNM,2051,LDV,Electric,BAS,1015775.6761329715,2752740.093548931,36.90052971268338
Viet Nam,VNM,2051,LDV,Gasoline,BAS,1736964.4174159595,2752740.093548931,63.09947028731662
Viet Nam,VNM,2052,LDV,Electric,BAS,1048864.4450277826,2810369.429123439,37.321230232529466
Viet Nam,VNM,2052,LDV,Gasoline,BAS,1761504.9840956563,2810369.429123439,62.678769767470534
Viet Nam,VNM,2053,LDV,Electric,BAS,1076765.4783432162,2854344.190801859,37.72374340183288
Viet Nam,VNM,2053,LDV,Gasoline,BAS,1777578.7124586427,2854344.190801859,62.27625659816712
Viet Nam,VNM,2054,LDV,Electric,BAS,1100565.3180454655,2888066.1397145838,38.10734466608269
Viet Nam,VNM,2054,LDV,Gasoline,BAS,1787500.8216691182,2888066.1397145838,61.89265533391731
Viet Nam,VNM,2055,LDV,Electric,BAS,1121102.1261628289,2914106.5659724995,38.47155554480188
Viet Nam,VNM,2055,LDV,Gasoline,BAS,1793004.4398096707,2914106.5659724995,61.52844445519812
Viet Nam,VNM,2056,LDV,Electric,BAS,1135225.0187069608,2924621.982000597,38.8161282276353
Viet Nam,VNM,2056,LDV,Gasoline,BAS,1789396.963293636,2924621.982000597,61.1838717723647
Viet Nam,VNM,2057,LDV,Electric,BAS,1145658.1322120607,2927000.755431339,39.141026188195504
Viet Nam,VNM,2057,LDV,Gasoline,BAS,1781342.6232192784,2927000.755431339,60.858973811804496
Viet Nam,VNM,2058,LDV,Electric,BAS,1152154.5088364584,2920810.1364811286,39.4464020254506
Viet Nam,VNM,2058,LDV,Gasoline,BAS,1768655.6276446702,2920810.1364811286,60.5535979745494
Viet Nam,VNM,2059,LDV,Electric,BAS,1152378.0335942192,2900335.737286493,39.732573673431524
Viet Nam,VNM,2059,LDV,Gasoline,BAS,1747957.703692274,2900335.737286493,60.267426326568476
Viet Nam,VNM,2060,LDV,Electric,BAS,1154332.5199315727,2885831.2998289317,40.0
Viet Nam,VNM,2060,LDV,Gasoline,BAS,1731498.779897359,2885831.2998289317,60.0
Viet Nam,VNM,2025,LDV,Electric,RAS,1102132.3047413304,4307183.719678763,25.588235294117645
Viet Nam,VNM,2025,LDV,Gasoline,RAS,2951687.666721035,4307183.719678763,68.52941176470588
Viet Nam,VNM,2025,LDV,HybridDiesel,RAS,253363.74821639783,4307183.719678763,5.88235294117647
Viet Nam,VNM,2026,LDV,Electric,RAS,290206.56093529105,993490.3329178421,29.210808733585335
Viet Nam,VNM,2026,LDV,Gasoline,RAS,673635.0977030231,993490.3329178421,67.80489707681234
Viet Nam,VNM,2026,LDV,HybridDiesel,RAS,29648.67427952788,993490.3329178421,2.984294189602317
Viet Nam,VNM,2027,LDV,Electric,RAS,377364.57777250337,1121554.6820822218,33.64656077864232
Viet Nam,VNM,2027,LDV,Gasoline,RAS,744190.1043097185,1121554.6820822218,66.35343922135768
Viet Nam,VNM,2028,LDV,Electric,RAS,490764.36533757386,1260506.9081051461,38.93388938862019
Viet Nam,VNM,2028,LDV,Gasoline,RAS,769742.5427675722,1260506.9081051461,61.06611061137981
Viet Nam,VNM,2029,LDV,Electric,RAS,634472.4878343182,1408751.4890875034,45.03792845999317
Viet Nam,VNM,2029,LDV,Gasoline,RAS,774279.0012531853,1408751.4890875034,54.96207154000684
Viet Nam,VNM,2030,LDV,Electric,RAS,620393.473387269,1196976.9016795792,51.83002884322517
Viet Nam,VNM,2030,LDV,Gasoline,RAS,576583.4282923103,1196976.9016795792,48.169971156774835
Viet Nam,VNM,2031,LDV,Electric,RAS,777205.3820197352,1315404.2418145817,59.084907689486485
Viet Nam,VNM,2031,LDV,Gasoline,RAS,538198.8597948465,1315404.2418145817,40.915092310513515
Viet Nam,VNM,2032,LDV,Electric,RAS,938184.1836325233,1410732.6917686295,66.50332760463117
Viet Nam,VNM,2032,LDV,Gasoline,RAS,472548.50813610625,1410732.6917686295,33.49667239536884
Viet Nam,VNM,2033,LDV,Electric,RAS,1098592.6766760945,1489451.4516259655,73.75820645089247
Viet Nam,VNM,2033,LDV,Gasoline,RAS,390858.7749498711,1489451.4516259655,26.241793549107534
Viet Nam,VNM,2034,LDV,Electric,RAS,1377725.9347281177,1710391.9139193837,80.55030683412447
Viet Nam,VNM,2034,LDV,Gasoline,RAS,332665.97919126606,1710391.9139193837,19.44969316587553
Viet Nam,VNM,2035,LDV,Electric,RAS,1700746.3079324663,1962678.605626136,86.65434590549745
Viet Nam,VNM,2035,LDV,Gasoline,RAS,261932.29769367,1962678.605626136,13.345654094502551
Viet Nam,VNM,2036,LDV,Electric,RAS,1888216.254439145,2053710.9688178748,91.94167451547531
Viet Nam,VNM,2036,LDV,Gasoline,RAS,165494.71437872975,2053710.9688178748,8.058325484524692
Viet Nam,VNM,2037,LDV,Electric,RAS,2099602.44474732,2178520.966658734,96.37742656053231
Viet Nam,VNM,2037,LDV,Gasoline,RAS,78918.52191141421,2178520.966658734,3.622573439467697
Viet Nam,VNM,2038,LDV,Electric,RAS,2337935.956569448,2337935.956569448,100.0
Viet Nam,VNM,2038,LDV,Gasoline,RAS,1.2978151645412207e-10,2337935.956569448,5.551115123125783e-15
Viet Nam,VNM,2039,LDV,Electric,RAS,2295776.7924463563,2295776.7924463563,100.0
Viet Nam,VNM,2039,LDV,Gasoline,RAS,1.274412127187017e-10,2295776.7924463563,5.551115123125783e-15
Viet Nam,VNM,2040,LDV,Electric,RAS,2641802.8997229896,2641802.8997229896,100.0
Viet Nam,VNM,2040,LDV,Gasoline,RAS,1.4664952028969833e-10,2641802.8997229896,5.551115123125783e-15
Viet Nam,VNM,2041,LDV,Electric,RAS,2667492.8009520173,2667492.8009520173,100.0
Viet Nam,VNM,2041,LDV,Gasoline,RAS,1.4807559628193897e-10,2667492.8009520173,5.551115123125783e-15
Viet Nam,VNM,2042,LDV,Electric,RAS,2695330.066563122,2695330.066563122,100.0
Viet Nam,VNM,2042,LDV,Gasoline,RAS,1.496208749431417e-10,2695330.066563122,5.551115123125783e-15
Viet Nam,VNM,2043,LDV,Electric,RAS,2609616.728794925,2609616.728794925,100.0
Viet Nam,VNM,2043,LDV,Gasoline,RAS,1.4486282888775542e-10,2609616.728794925,5.551115123125783e-15
Viet Nam,VNM,2044,LDV,Electric,RAS,2597667.425910402,2597667.425910402,100.0
Viet Nam,VNM,2044,LDV,Gasoline,RAS,1.4419950932822457e-10,2597667.425910402,5.551115123125783e-15
Viet Nam,VNM,2045,LDV,Electric,RAS,2591621.7951802537,2591621.7951802537,100.0
Viet Nam,VNM,2045,LDV,Gasoline,RAS,1.4386390940647496e-10,2591621.7951802537,5.551115123125783e-15
Viet Nam,VNM,2046,LDV,Electric,RAS,2585953.3838400133,2585953.3838400133,100.0
Viet Nam,VNM,2046,LDV,Gasoline,RAS,1.435492493673259e-10,2585953.3838400133,5.551115123125783e-15
Viet Nam,VNM,2047,LDV,Electric,RAS,2524645.5457735322,2524645.5457735322,100.0
Viet Nam,VNM,2047,LDV,Gasoline,RAS,1.40145980696756e-10,2524645.5457735322,5.551115123125783e-15
Viet Nam,VNM,2048,LDV,Electric,RAS,2695617.0417888127,2695617.0417888127,100.0
Viet Nam,VNM,2048,LDV,Gasoline,RAS,1.4963680526829463e-10,2695617.0417888127,5.551115123125783e-15
Viet Nam,VNM,2049,LDV,Electric,RAS,2547061.342802059,2547061.342802059,100.0
Viet Nam,VNM,2049,LDV,Gasoline,RAS,1.4139030739557573e-10,2547061.342802059,5.551115123125783e-15
Viet Nam,VNM,2050,LDV,Electric,RAS,2723021.1970003545,2723021.1970003545,100.0
Viet Nam,VNM,2050,LDV,Gasoline,RAS,1.511580414726074e-10,2723021.1970003545,5.551115123125783e-15
Viet Nam,VNM,2051,LDV,Electric,RAS,2752740.093548931,2752740.093548931,100.0
Viet Nam,VNM,2051,LDV,Gasoline,RAS,1.5280777163334154e-10,2752740.093548931,5.551115123125783e-15
Viet Nam,VNM,2052,LDV,Electric,RAS,2810369.429123439,2810369.429123439,100.0
Viet Nam,VNM,2052,LDV,Gasoline,RAS,1.5600684239577494e-10,2810369.429123439,5.551115123125783e-15
Viet Nam,VNM,2053,LDV,Electric,RAS,2854344.190801859,2854344.190801859,100.0
Viet Nam,VNM,2053,LDV,Gasoline,RAS,1.5844793204166424e-10,2854344.190801859,5.551115123125783e-15
Viet Nam,VNM,2054,LDV,Electric,RAS,2888066.1397145838,2888066.1397145838,100.0
Viet Nam,VNM,2054,LDV,Gasoline,RAS,1.6031987624757126e-10,2888066.1397145838,5.551115123125783e-15
Viet Nam,VNM,2055,LDV,Electric,RAS,2914106.5659724995,2914106.5659724995,100.0
Viet Nam,VNM,2055,LDV,Gasoline,RAS,1.6176541028770084e-10,2914106.5659724995,5.551115123125783e-15
Viet Nam,VNM,2056,LDV,Electric,RAS,2924621.982000597,2924621.982000597,100.0
Viet Nam,VNM,2056,LDV,Gasoline,RAS,1.6234913313709614e-10,2924621.982000597,5.551115123125783e-15
Viet Nam,VNM,2057,LDV,Electric,RAS,2927000.755431339,2927000.755431339,100.0
Viet Nam,VNM,2057,LDV,Gasoline,RAS,1.6248118158875497e-10,2927000.755431339,5.551115123125783e-15
Viet Nam,VNM,2058,LDV,Electric,RAS,2920810.1364811286,2920810.1364811286,100.0
Viet Nam,VNM,2058,LDV,Gasoline,RAS,1.6213753320399475e-10,2920810.1364811286,5.551115123125783e-15
Viet Nam,VNM,2059,LDV,Electric,RAS,2900335.737286493,2900335.737286493,100.0
Viet Nam,VNM,2059,LDV,Gasoline,RAS,1.610009757339322e-10,2900335.737286493,5.551115123125783e-15
Viet Nam,VNM,2060,LDV,Electric,RAS,2885831.2998289317,2885831.2998289317,100.0
Viet Nam,VNM,2060,LDV,Gasoline,RAS,1.6019581771270118e-10,2885831.2998289317,5.551115123125783e-15
Viet Nam,VNM,2015,LDV,Electric,historical,0.0,117288.0,0.0
Viet Nam,VNM,2015,LDV,Gasoline,historical,106745.0,117288.0,91.01101561967124
Viet Nam,VNM,2015,LDV,HybridDiesel,historical,10543.0,117288.0,8.988984380328763
Viet Nam,VNM,2016,LDV,Electric,historical,0.0,159501.0,0.0
Viet Nam,VNM,2016,LDV,Gasoline,historical,144950.0,159501.0,90.87717318386719
Viet Nam,VNM,2016,LDV,HybridDiesel,historical,14551.0,159501.0,9.122826816132815
Viet Nam,VNM,2017,LDV,Electric,historical,0.0,152799.0,0.0
Viet Nam,VNM,2017,LDV,Gasoline,historical,141673.0,152799.0,92.71853873389223
Viet Nam,VNM,2017,LDV,HybridDiesel,historical,11126.0,152799.0,7.281461266107763
Viet Nam,VNM,2018,LDV,Electric,historical,0.0,197752.0,0.0
Viet Nam,VNM,2018,LDV,Gasoline,historical,185883.0,197752.0,93.99803794651888
Viet Nam,VNM,2018,LDV,HybridDiesel,historical,11869.0,197752.0,6.001962053481128
Viet Nam,VNM,2019,LDV,Electric,historical,0.0,229539.0,0.0
Viet Nam,VNM,2019,LDV,Gasoline,historical,189724.0,229539.0,82.65436374646575
Viet Nam,VNM,2019,LDV,HybridDiesel,historical,39815.0,229539.0,17.34563625353426
Viet Nam,VNM,2020,LDV,Electric,historical,0.0,215898.0,0.0
Viet Nam,VNM,2020,LDV,Gasoline,historical,196986.0,215898.0,91.24030792318595
Viet Nam,VNM,2020,LDV,HybridDiesel,historical,18912.0,215898.0,8.759692076814051
Viet Nam,VNM,2021,LDV,Electric,historical,1500.0,207693.0,0.7222198148228395
Viet Nam,VNM,2021,LDV,Gasoline,historical,188077.0,207693.0,90.55529074162345
Viet Nam,VNM,2021,LDV,HybridDiesel,historical,18116.0,207693.0,8.722489443553707
Viet Nam,VNM,2022,LDV,Electric,historical,4040.0,508547.0,0.7944201814188265
Viet Nam,VNM,2022,LDV,Gasoline,historical,460111.0,508547.0,90.47560992395984
Viet Nam,VNM,2022,LDV,HybridDiesel,historical,44396.0,508547.0,8.729969894621343
Viet Nam,VNM,2023,LDV,Electric,historical,29853.0,370000.0,8.068378378378378
Viet Nam,VNM,2023,LDV,Gasoline,historical,313202.0,370000.0,84.64918918918919
Viet Nam,VNM,2023,LDV,HybridDiesel,historical,26945.0,370000.0,7.282432432432432
Viet Nam,VNM,2024,LDV,Electric,historical,87000.0,340000.0,25.58823529411765
Viet Nam,VNM,2024,LDV,Gasoline,historical,233000.0,340000.0,68.52941176470588
Viet Nam,VNM,2024,LDV,HybridDiesel,historical,20000.0,340000.0,5.882352941176471
Viet Nam,VNM,2025,Truck,Diesel,ATS,234382.06530283942,234382.06530283942,100.0
Viet Nam,VNM,2026,Truck,Diesel,ATS,241445.78633391706,241445.78633391706,100.0
Viet Nam,VNM,2027,Truck,Diesel,ATS,248722.39120804993,248722.39120804993,100.0
Viet Nam,VNM,2028,Truck,Diesel,ATS,256218.29574070338,256218.29574070338,100.0
Viet Nam,VNM,2029,Truck,Diesel,ATS,263940.1091048445,263940.1091048445,100.0
Viet Nam,VNM,2030,Truck,Diesel,ATS,263940.1091048445,263940.1091048445,100.0
Viet Nam,VNM,2031,Truck,Diesel,ATS,263940.1091048445,263940.1091048445,100.0
Viet Nam,VNM,2032,Truck,Diesel,ATS,263940.1091048445,263940.1091048445,100.0
Viet Nam,VNM,2033,Truck,Diesel,ATS,263940.1091048445,263940.1091048445,100.0
Viet Nam,VNM,2034,Truck,Diesel,ATS,263940.1091048445,263940.1091048445,100.0
Viet Nam,VNM,2035,Truck,Diesel,ATS,263940.1091048445,263940.1091048445,100.0
Viet Nam,VNM,2036,Truck,Diesel,ATS,263940.1091048445,263940.1091048445,100.0
Viet Nam,VNM,2037,Truck,Diesel,ATS,263940.1091048445,263940.1091048445,100.0
Viet Nam,VNM,2038,Truck,Diesel,ATS,263940.1091048445,263940.1091048445,100.0
Viet Nam,VNM,2039,Truck,Diesel,ATS,263940.1091048445,263940.1091048445,100.0
Viet Nam,VNM,2040,Truck,Diesel,ATS,263940.1091048445,263940.1091048445,100.0
Viet Nam,VNM,2041,Truck,Diesel,ATS,263940.1091048445,263940.1091048445,100.0
Viet Nam,VNM,2042,Truck,Diesel,ATS,263940.1091048445,263940.1091048445,100.0
Viet Nam,VNM,2043,Truck,Diesel,ATS,263940.1091048445,263940.1091048445,100.0
Viet Nam,VNM,2044,Truck,Diesel,ATS,263940.1091048445,263940.1091048445,100.0
Viet Nam,VNM,2045,Truck,Diesel,ATS,263940.1091048445,263940.1091048445,100.0
Viet Nam,VNM,2046,Truck,Diesel,ATS,263940.1091048445,263940.1091048445,100.0
Viet Nam,VNM,2047,Truck,Diesel,ATS,263940.1091048445,263940.1091048445,100.0
Viet Nam,VNM,2048,Truck,Diesel,ATS,263940.1091048445,263940.1091048445,100.0
Viet Nam,VNM,2049,Truck,Diesel,ATS,263940.1091048445,263940.1091048445,100.0
Viet Nam,VNM,2050,Truck,Diesel,ATS,263940.1091048445,263940.1091048445,100.0
Viet Nam,VNM,2051,Truck,Diesel,ATS,263940.1091048445,263940.1091048445,100.0
Viet Nam,VNM,2052,Truck,Diesel,ATS,263940.1091048445,263940.1091048445,100.0
Viet Nam,VNM,2053,Truck,Diesel,ATS,263940.1091048445,263940.1091048445,100.0
Viet Nam,VNM,2054,Truck,Diesel,ATS,263940.1091048445,263940.1091048445,100.0
Viet Nam,VNM,2055,Truck,Diesel,ATS,263940.1091048445,263940.1091048445,100.0
Viet Nam,VNM,2056,Truck,Diesel,ATS,263940.1091048445,263940.1091048445,100.0
Viet Nam,VNM,2057,Truck,Diesel,ATS,318975.73209189344,318975.73209189344,100.0
Viet Nam,VNM,2058,Truck,Diesel,ATS,334927.95910984045,334927.95910984045,100.0
Viet Nam,VNM,2059,Truck,Diesel,ATS,335284.3297518664,335284.3297518664,100.0
Viet Nam,VNM,2060,Truck,Diesel,ATS,335087.8759705522,335087.8759705522,100.0
Viet Nam,VNM,2025,Truck,Diesel,BAS,234382.06530283942,234382.06530283942,100.0
Viet Nam,VNM,2026,Truck,Diesel,BAS,241445.78633391706,241445.78633391706,100.0
Viet Nam,VNM,2027,Truck,Diesel,BAS,248722.39120804993,248722.39120804993,100.0
Viet Nam,VNM,2028,Truck,Diesel,BAS,256218.29574070338,256218.29574070338,100.0
Viet Nam,VNM,2029,Truck,Diesel,BAS,263940.1091048445,263940.1091048445,100.0
Viet Nam,VNM,2030,Truck,Diesel,BAS,263940.1091048445,263940.1091048445,100.0
Viet Nam,VNM,2031,Truck,Diesel,BAS,263940.1091048445,263940.1091048445,100.0
Viet Nam,VNM,2032,Truck,Diesel,BAS,263940.1091048445,263940.1091048445,100.0
Viet Nam,VNM,2033,Truck,Diesel,BAS,263940.1091048445,263940.1091048445,100.0
Viet Nam,VNM,2034,Truck,Diesel,BAS,263940.1091048445,263940.1091048445,100.0
Viet Nam,VNM,2035,Truck,Diesel,BAS,263940.1091048445,263940.1091048445,100.0
Viet Nam,VNM,2036,Truck,Diesel,BAS,263940.1091048445,263940.1091048445,100.0
Viet Nam,VNM,2037,Truck,Diesel,BAS,263940.1091048445,263940.1091048445,100.0
Viet Nam,VNM,2038,Truck,Diesel,BAS,263940.1091048445,263940.1091048445,100.0
Viet Nam,VNM,2039,Truck,Diesel,BAS,263940.1091048445,263940.1091048445,100.0
Viet Nam,VNM,2040,Truck,Diesel,BAS,263940.1091048445,263940.1091048445,100.0
Viet Nam,VNM,2041,Truck,Diesel,BAS,263940.1091048445,263940.1091048445,100.0
Viet Nam,VNM,2042,Truck,Diesel,BAS,263940.1091048445,263940.1091048445,100.0
Viet Nam,VNM,2043,Truck,Diesel,BAS,263940.1091048445,263940.1091048445,100.0
Viet Nam,VNM,2044,Truck,Diesel,BAS,263940.1091048445,263940.1091048445,100.0
Viet Nam,VNM,2045,Truck,Diesel,BAS,263940.1091048445,263940.1091048445,100.0
Viet Nam,VNM,2046,Truck,Diesel,BAS,263940.1091048445,263940.1091048445,100.0
Viet Nam,VNM,2047,Truck,Diesel,BAS,263940.1091048445,263940.1091048445,100.0
Viet Nam,VNM,2048,Truck,Diesel,BAS,263940.1091048445,263940.1091048445,100.0
Viet Nam,VNM,2049,Truck,Diesel,BAS,263940.1091048445,263940.1091048445,100.0
Viet Nam,VNM,2050,Truck,Diesel,BAS,263940.1091048445,263940.1091048445,100.0
Viet Nam,VNM,2051,Truck,Diesel,BAS,263940.1091048445,263940.1091048445,100.0
Viet Nam,VNM,2052,Truck,Diesel,BAS,263940.1091048445,263940.1091048445,100.0
Viet Nam,VNM,2053,Truck,Diesel,BAS,263940.1091048445,263940.1091048445,100.0
Viet Nam,VNM,2054,Truck,Diesel,BAS,263940.1091048445,263940.1091048445,100.0
Viet Nam,VNM,2055,Truck,Diesel,BAS,263940.1091048445,263940.1091048445,100.0
Viet Nam,VNM,2056,Truck,Diesel,BAS,263940.1091048445,263940.1091048445,100.0
Viet Nam,VNM,2057,Truck,Diesel,BAS,318975.73209189344,318975.73209189344,100.0
Viet Nam,VNM,2058,Truck,Diesel,BAS,334927.95910984045,334927.95910984045,100.0
Viet Nam,VNM,2059,Truck,Diesel,BAS,335284.3297518664,335284.3297518664,100.0
Viet Nam,VNM,2060,Truck,Diesel,BAS,335087.8759705522,335087.8759705522,100.0
Viet Nam,VNM,2025,Truck,Diesel,RAS,234382.06530283942,234382.06530283942,100.0
Viet Nam,VNM,2026,Truck,Diesel,RAS,240813.7834519521,241445.78633391706,99.73824232281656
Viet Nam,VNM,2026,Truck,Electric,RAS,567.7904991271967,241445.78633391706,0.2351627285563593
Viet Nam,VNM,2026,Truck,Hydrogen,RAS,64.21238283773988,241445.78633391706,0.026594948627073907
Viet Nam,VNM,2027,Truck,Diesel,RAS,247303.69198610864,248722.39120804993,99.42960534632583
Viet Nam,VNM,2027,Truck,Electric,RAS,1272.9069737713592,248722.39120804993,0.5117781988138755
Viet Nam,VNM,2027,Truck,Hydrogen,RAS,145.79224816993155,248722.39120804993,0.05861645486030249
Viet Nam,VNM,2028,Truck,Diesel,RAS,253827.40961441526,256218.29574070338,99.0668558155161
Viet Nam,VNM,2028,Truck,Electric,RAS,2142.2131152757793,256218.29574070338,0.8360890501916889
Viet Nam,VNM,2028,Truck,Hydrogen,RAS,248.67301101232388,256218.29574070338,0.09705513429219924
Viet Nam,VNM,2029,Truck,Diesel,RAS,260356.08941599424,263940.1091048445,98.64210873405884
Viet Nam,VNM,2029,Truck,Electric,RAS,3206.507390200797,263940.1091048445,1.2148617355185987
Viet Nam,VNM,2029,Truck,Hydrogen,RAS,377.5122986494772,263940.1091048445,0.1430295304225697
Viet Nam,VNM,2030,Truck,Diesel,RAS,259049.1895530856,263940.1091048445,98.1469585777067
Viet Nam,VNM,2030,Truck,Electric,RAS,4368.902888853325,263940.1091048445,1.6552629699481833
Viet Nam,VNM,2030,Truck,Hydrogen,RAS,522.0166629055869,263940.1091048445,0.19777845234512162
Viet Nam,VNM,2031,Truck,Diesel,RAS,257533.49477370537,263940.1091048445,97.57270149168792
Viet Nam,VNM,2031,Truck,Electric,RAS,5713.401889454446,263940.1091048445,2.164658455598698
Viet Nam,VNM,2031,Truck,Hydrogen,RAS,693.2124416846747,263940.1091048445,0.2626400527133642
Viet Nam,VNM,2032,Truck,Diesel,RAS,255786.1273915064,263940.1091048445,96.91066971935702
Viet Nam,VNM,2032,Truck,Electric,RAS,7259.190946186544,263940.1091048445,2.7503174757357503
Viet Nam,VNM,2032,Truck,Hydrogen,RAS,894.7907671515565,263940.1091048445,0.33901280490723756
Viet Nam,VNM,2033,Truck,Diesel,RAS,253785.52864026814,263940.1091048445,96.1526952083881
Viet Nam,VNM,2033,Truck,Electric,RAS,9024.14227287731,263940.1091048445,3.419011344460976
Viet Nam,VNM,2033,Truck,Hydrogen,RAS,1130.438191699064,263940.1091048445,0.4282934471509299
Viet Nam,VNM,2034,Truck,Diesel,RAS,251513.04061573657,263940.1091048445,95.29170896713862
Viet Nam,VNM,2034,Truck,Electric,RAS,11023.46687909934,263940.1091048445,4.176503115227745
Viet Nam,VNM,2034,Truck,Hydrogen,RAS,1403.6016100085944,263940.1091048445,0.5317879176336341
Viet Nam,VNM,2035,Truck,Diesel,RAS,248954.81593623647,263940.1091048445,94.32246458507923
Viet Nam,VNM,2035,Truck,Electric,RAS,13268.114949218616,263940.1091048445,5.026941526324877
Viet Nam,VNM,2035,Truck,Hydrogen,RAS,1717.1782193894428,263940.1091048445,0.6505938885958901
Viet Nam,VNM,2036,Truck,Diesel,RAS,246103.95466222172,263940.1091048445,93.24234785568807
Viet Nam,VNM,2036,Truck,Electric,RAS,15763.0151878063,263940.1091048445,5.972193934929678
Viet Nam,VNM,2036,Truck,Hydrogen,RAS,2073.139254816496,263940.1091048445,0.7854582093822603
Viet Nam,VNM,2037,Truck,Diesel,RAS,242962.68116615855,263940.1091048445,92.05220153548049
Viet Nam,VNM,2037,Truck,Electric,RAS,18505.31349699101,263940.1091048445,7.011178998050719
Viet Nam,VNM,2037,Truck,Hydrogen,RAS,2472.1144416949505,263940.1091048445,0.9366194664687952
Viet Nam,VNM,2038,Truck,Diesel,RAS,239544.28432336485,263940.1091048445,90.75706043154322
Viet Nam,VNM,2038,Truck,Electric,RAS,21482.838682827427,263940.1091048445,8.139285368823513
Viet Nam,VNM,2038,Truck,Hydrogen,RAS,2912.9860986522417,263940.1091048445,1.1036541996332665
Viet Nam,VNM,2039,Truck,Diesel,RAS,235874.47759099808,263940.1091048445,89.36666669986941
Viet Nam,VNM,2039,Truck,Electric,RAS,24673.06907862161,263940.1091048445,9.347980177132067
Viet Nam,VNM,2039,Truck,Hydrogen,RAS,3392.5624352248437,263940.1091048445,1.285353122998529
Viet Nam,VNM,2040,Truck,Diesel,RAS,231991.82298284167,263940.1091048445,87.89563047830973
Viet Nam,VNM,2040,Truck,Electric,RAS,28042.875446973096,263940.1091048445,10.624711621920891
Viet Nam,VNM,2040,Truck,Hydrogen,RAS,3905.410675029727,263940.1091048445,1.4796578997693703
Viet Nam,VNM,2041,Truck,Diesel,RAS,227946.9329929256,263940.1091048445,86.36312751631796
Viet Nam,VNM,2041,Truck,Electric,RAS,31549.25290025599,263940.1091048445,11.953186276710877
Viet Nam,VNM,2041,Truck,Hydrogen,RAS,4443.923211662921,263940.1091048445,1.6836862069711689
Viet Nam,VNM,2042,Truck,Diesel,RAS,223800.32735334826,263940.1091048445,84.79208715657855
Viet Nam,VNM,2042,Truck,Electric,RAS,35141.123218726236,263940.1091048445,13.314051940763266
Viet Nam,VNM,2042,Truck,Hydrogen,RAS,4998.658532770027,263940.1091048445,1.8938609026581927
Viet Nam,VNM,2043,Truck,Diesel,RAS,219619.05594279052,263940.1091048445,83.20791284342147
Viet Nam,VNM,2043,Truck,Electric,RAS,38762.107330630235,263940.1091048445,14.685948059236736
Viet Nam,VNM,2043,Truck,Hydrogen,RAS,5558.9458314237545,263940.1091048445,2.1061390973418077
Viet Nam,VNM,2044,Truck,Diesel,RAS,215472.45030321318,263940.1091048445,81.63687248368204
Viet Nam,VNM,2044,Truck,Electric,RAS,42353.97764910048,263940.1091048445,16.046813723289127
Viet Nam,VNM,2044,Truck,Hydrogen,RAS,6113.681152530861,263940.1091048445,2.316313793028832
Viet Nam,VNM,2045,Truck,Diesel,RAS,211427.5603132971,263940.1091048445,80.10436952169027
Viet Nam,VNM,2045,Truck,Electric,RAS,45860.35510238337,263940.1091048445,17.37528837807911
Viet Nam,VNM,2045,Truck,Hydrogen,RAS,6652.193689164053,263940.1091048445,2.5203421002306294
Viet Nam,VNM,2046,Truck,Diesel,RAS,207544.90570514076,263940.1091048445,78.6333333001306
Viet Nam,VNM,2046,Truck,Electric,RAS,49230.16147073485,263940.1091048445,18.65201982286793
Viet Nam,VNM,2046,Truck,Hydrogen,RAS,7165.041928968937,263940.1091048445,2.714646877001471
Viet Nam,VNM,2047,Truck,Diesel,RAS,203875.0989727739,263940.1091048445,77.24293956845678
Viet Nam,VNM,2047,Truck,Electric,RAS,52420.391866529026,263940.1091048445,19.86071463117648
Viet Nam,VNM,2047,Truck,Hydrogen,RAS,7644.618265541537,263940.1091048445,2.8963458003667326
Viet Nam,VNM,2048,Truck,Diesel,RAS,200456.70212998023,263940.1091048445,75.94779846451951
Viet Nam,VNM,2048,Truck,Electric,RAS,55397.91705236547,263940.1091048445,20.988821001949287
Viet Nam,VNM,2048,Truck,Hydrogen,RAS,8085.489922498831,263940.1091048445,3.0633805335312054
Viet Nam,VNM,2049,Truck,Diesel,RAS,197315.42863391706,263940.1091048445,74.75765214431193
Viet Nam,VNM,2049,Truck,Electric,RAS,58140.21536155016,263940.1091048445,22.027806065070322
Viet Nam,VNM,2049,Truck,Hydrogen,RAS,8484.465109377283,263940.1091048445,3.2145417906177394
Viet Nam,VNM,2050,Truck,Diesel,RAS,194464.56735990234,263940.1091048445,73.67753541492077
Viet Nam,VNM,2050,Truck,Electric,RAS,60635.11560013785,263940.1091048445,22.973058473675124
Viet Nam,VNM,2050,Truck,Hydrogen,RAS,8840.426144804338,263940.1091048445,3.34940611140411
Viet Nam,VNM,2051,Truck,Diesel,RAS,191906.34268040222,263940.1091048445,72.70829103286138
Viet Nam,VNM,2051,Truck,Electric,RAS,62879.763670257125,263940.1091048445,23.823496884772254
Viet Nam,VNM,2051,Truck,Hydrogen,RAS,9154.002754185185,263940.1091048445,3.4682120823663656
Viet Nam,VNM,2052,Truck,Diesel,RAS,189633.85465587064,263940.1091048445,71.8473047916119
Viet Nam,VNM,2052,Truck,Electric,RAS,64879.08827647916,263940.1091048445,24.580988655539027
Viet Nam,VNM,2052,Truck,Hydrogen,RAS,9427.166172494717,263940.1091048445,3.5717065528490703
Viet Nam,VNM,2053,Truck,Diesel,RAS,187633.2559046324,263940.1091048445,71.089330280643
Viet Nam,VNM,2053,Truck,Electric,RAS,66644.03960316992,263940.1091048445,25.24968252426425
Viet Nam,VNM,2053,Truck,Hydrogen,RAS,9662.813597042226,263940.1091048445,3.660987195092763
Viet Nam,VNM,2054,Truck,Diesel,RAS,185885.88852243338,263940.1091048445,70.42729850831206
Viet Nam,VNM,2054,Truck,Electric,RAS,68189.82865990202,263940.1091048445,25.835341544401302
Viet Nam,VNM,2054,Truck,Hydrogen,RAS,9864.391922509105,263940.1091048445,3.737359947286636
Viet Nam,VNM,2055,Truck,Diesel,RAS,184370.19374305318,263940.1091048445,69.8530414222933
Viet Nam,VNM,2055,Truck,Electric,RAS,69534.32766050316,263940.1091048445,26.344737030051824
Viet Nam,VNM,2055,Truck,Hydrogen,RAS,10035.587701288197,263940.1091048445,3.80222154765488
Viet Nam,VNM,2056,Truck,Diesel,RAS,183063.29388014454,263940.1091048445,69.35789126594118
Viet Nam,VNM,2056,Truck,Electric,RAS,70696.72315915568,263940.1091048445,26.785138264481407
Viet Nam,VNM,2056,Truck,Hydrogen,RAS,10180.092065544302,263940.1091048445,3.8569704695774303
Viet Nam,VNM,2057,Truck,Diesel,RAS,219880.00131641794,318975.73209189344,68.93314418448388
Viet Nam,VNM,2057,Truck,Electric,RAS,86646.28381694107,318975.73209189344,27.16391094980831
Viet Nam,VNM,2057,Truck,Hydrogen,RAS,12449.446958534423,318975.73209189344,3.9029448657078003
Viet Nam,VNM,2058,Truck,Diesel,RAS,229661.42336711404,334927.95910984045,68.57039465367417
Viet Nam,VNM,2058,Truck,Electric,RAS,92065.74027429894,334927.95910984045,27.48822180118613
Viet Nam,VNM,2058,Truck,Hydrogen,RAS,13200.795468427466,334927.95910984045,3.9413835451396975
Viet Nam,VNM,2059,Truck,Diesel,RAS,228870.97670478767,335284.3297518664,68.26175767718343
Viet Nam,VNM,2059,Truck,Electric,RAS,93091.14855225621,335284.3297518664,27.764837271443643
Viet Nam,VNM,2059,Truck,Hydrogen,RAS,13322.204494822521,335284.3297518664,3.973405051372927
Viet Nam,VNM,2060,Truck,Diesel,RAS,227859.7556599755,335087.8759705522,68.0
Viet Nam,VNM,2060,Truck,Electric,RAS,93824.60527175463,335087.8759705522,28.000000000000004
Viet Nam,VNM,2060,Truck,Hydrogen,RAS,13403.515038822088,335087.8759705522,4.0
Viet Nam,VNM,2006,Truck,HybridDiesel,historical,10138.0,10138.0,100.0
Viet Nam,VNM,2007,Truck,HybridDiesel,historical,13229.0,13229.0,100.0
Viet Nam,VNM,2008,Truck,HybridDiesel,historical,16809.0,16809.0,100.0
Viet Nam,VNM,2009,Truck,HybridDiesel,historical,20945.0,20945.0,100.0
Viet Nam,VNM,2010,Truck,HybridDiesel,historical,25708.0,25708.0,100.0
Viet Nam,VNM,2011,Truck,HybridDiesel,historical,31181.0,31181.0,100.0
Viet Nam,VNM,2012,Truck,HybridDiesel,historical,37453.0,37453.0,100.0
Viet Nam,VNM,2013,Truck,HybridDiesel,historical,44627.0,44627.0,100.0
Viet Nam,VNM,2014,Truck,HybridDiesel,historical,52816.0,52816.0,100.0
Viet Nam,VNM,2015,Truck,HybridDiesel,historical,62149.0,62149.0,100.0
Viet Nam,VNM,2016,Truck,HybridDiesel,historical,72767.0,72767.0,100.0
Viet Nam,VNM,2017,Truck,HybridDiesel,historical,84830.0,84830.0,100.0
Viet Nam,VNM,2018,Truck,HybridDiesel,historical,98514.0,98514.0,100.0
Viet Nam,VNM,2019,Truck,HybridDiesel,historical,114019.0,114019.0,100.0
Viet Nam,VNM,2020,Truck,HybridDiesel,historical,131564.0,131564.0,100.0
Viet Nam,VNM,2021,Truck,HybridDiesel,historical,151397.0,151397.0,100.0
Viet Nam,VNM,2022,Truck,HybridDiesel,historical,173791.0,173791.0,100.0
Viet Nam,VNM,2023,Truck,HybridDiesel,historical,199054.0,199054.0,100.0
Viet Nam,VNM,2024,Truck,HybridDiesel,historical,227525.0,227525.0,100.0
