ams,branch,variable,expression,unit,scenario,source,note
Brunei,Demand\Residential\Projections\Air Conditioning_\Large\High_eff,Efficiency,"Interp(2014, 83.9089, 2029, 83.9089, 2030, 85.9865, 2034, 85.9865, 2035, 90.2611, 2039, 90.2611, 2040, 94.7718, 2044, 94.7718, 2045, 98.1070, 2049, 98.1070, 2050, 100.0000, 2060, 100.0000)",%,ASEAN Coordinated Transition,"High_eff kWh drift 2026-08-13 (apply_higheff_kwh_drift.py; rates: AC 0.5%/yr, Fridge 2.0%/yr, ultimate-frontier floored)",ACT turnover staircase: holds 83.91% to 2029; MEPS-2030 binds new sales and the fleet average climbs in plateaus as the pre-2030 stock retires (Weibull survival from the exo curve); piecewise constant for the LP; no retroactive fleet upgrade
Brunei,Demand\Residential\Projections\Air Conditioning_\Medium\High_eff,Efficiency,"Interp(2014, 83.9089, 2029, 83.9089, 2030, 85.9865, 2034, 85.9865, 2035, 90.2611, 2039, 90.2611, 2040, 94.7718, 2044, 94.7718, 2045, 98.1070, 2049, 98.1070, 2050, 100.0000, 2060, 100.0000)",%,ASEAN Coordinated Transition,"High_eff kWh drift 2026-08-13 (apply_higheff_kwh_drift.py; rates: AC 0.5%/yr, Fridge 2.0%/yr, ultimate-frontier floored)",ACT turnover staircase: holds 83.91% to 2029; MEPS-2030 binds new sales and the fleet average climbs in plateaus as the pre-2030 stock retires (Weibull survival from the exo curve); piecewise constant for the LP; no retroactive fleet upgrade
Brunei,Demand\Residential\Projections\Air Conditioning_\Small\High_eff,Efficiency,"Interp(2014, 83.9089, 2029, 83.9089, 2030, 85.9865, 2034, 85.9865, 2035, 90.2611, 2039, 90.2611, 2040, 94.7718, 2044, 94.7718, 2045, 98.1070, 2049, 98.1070, 2050, 100.0000, 2060, 100.0000)",%,ASEAN Coordinated Transition,"High_eff kWh drift 2026-08-13 (apply_higheff_kwh_drift.py; rates: AC 0.5%/yr, Fridge 2.0%/yr, ultimate-frontier floored)",ACT turnover staircase: holds 83.91% to 2029; MEPS-2030 binds new sales and the fleet average climbs in plateaus as the pre-2030 stock retires (Weibull survival from the exo curve); piecewise constant for the LP; no retroactive fleet upgrade
Cambodia,Demand\Residential\Projections\Air Conditioning_\Large\High_eff,Efficiency,"Interp(2014, 83.9089, 2029, 83.9089, 2030, 85.9865, 2034, 85.9865, 2035, 90.2611, 2039, 90.2611, 2040, 94.7718, 2044, 94.7718, 2045, 98.1070, 2049, 98.1070, 2050, 100.0000, 2060, 100.0000)",%,ASEAN Coordinated Transition,"High_eff kWh drift 2026-08-13 (apply_higheff_kwh_drift.py; rates: AC 0.5%/yr, Fridge 2.0%/yr, ultimate-frontier floored)",ACT turnover staircase: holds 83.91% to 2029; MEPS-2030 binds new sales and the fleet average climbs in plateaus as the pre-2030 stock retires (Weibull survival from the exo curve); piecewise constant for the LP; no retroactive fleet upgrade
Cambodia,Demand\Residential\Projections\Air Conditioning_\Medium\High_eff,Efficiency,"Interp(2014, 83.9089, 2029, 83.9089, 2030, 85.9865, 2034, 85.9865, 2035, 90.2611, 2039, 90.2611, 2040, 94.7718, 2044, 94.7718, 2045, 98.1070, 2049, 98.1070, 2050, 100.0000, 2060, 100.0000)",%,ASEAN Coordinated Transition,"High_eff kWh drift 2026-08-13 (apply_higheff_kwh_drift.py; rates: AC 0.5%/yr, Fridge 2.0%/yr, ultimate-frontier floored)",ACT turnover staircase: holds 83.91% to 2029; MEPS-2030 binds new sales and the fleet average climbs in plateaus as the pre-2030 stock retires (Weibull survival from the exo curve); piecewise constant for the LP; no retroactive fleet upgrade
Cambodia,Demand\Residential\Projections\Air Conditioning_\Small\High_eff,Efficiency,"Interp(2014, 83.9089, 2029, 83.9089, 2030, 85.9865, 2034, 85.9865, 2035, 90.2611, 2039, 90.2611, 2040, 94.7718, 2044, 94.7718, 2045, 98.1070, 2049, 98.1070, 2050, 100.0000, 2060, 100.0000)",%,ASEAN Coordinated Transition,"High_eff kWh drift 2026-08-13 (apply_higheff_kwh_drift.py; rates: AC 0.5%/yr, Fridge 2.0%/yr, ultimate-frontier floored)",ACT turnover staircase: holds 83.91% to 2029; MEPS-2030 binds new sales and the fleet average climbs in plateaus as the pre-2030 stock retires (Weibull survival from the exo curve); piecewise constant for the LP; no retroactive fleet upgrade
Indonesia,Demand\Residential\Projections\Air Conditioning_\Large\High_eff,Efficiency,"Interp(2014, 83.9089, 2029, 83.9089, 2030, 85.9865, 2034, 85.9865, 2035, 90.2611, 2039, 90.2611, 2040, 94.7718, 2044, 94.7718, 2045, 98.1070, 2049, 98.1070, 2050, 100.0000, 2060, 100.0000)",%,ASEAN Coordinated Transition,"High_eff kWh drift 2026-08-13 (apply_higheff_kwh_drift.py; rates: AC 0.5%/yr, Fridge 2.0%/yr, ultimate-frontier floored)",ACT turnover staircase: holds 83.91% to 2029; MEPS-2030 binds new sales and the fleet average climbs in plateaus as the pre-2030 stock retires (Weibull survival from the exo curve); piecewise constant for the LP; no retroactive fleet upgrade
Indonesia,Demand\Residential\Projections\Air Conditioning_\Medium\High_eff,Efficiency,"Interp(2014, 83.9089, 2029, 83.9089, 2030, 85.9865, 2034, 85.9865, 2035, 90.2611, 2039, 90.2611, 2040, 94.7718, 2044, 94.7718, 2045, 98.1070, 2049, 98.1070, 2050, 100.0000, 2060, 100.0000)",%,ASEAN Coordinated Transition,"High_eff kWh drift 2026-08-13 (apply_higheff_kwh_drift.py; rates: AC 0.5%/yr, Fridge 2.0%/yr, ultimate-frontier floored)",ACT turnover staircase: holds 83.91% to 2029; MEPS-2030 binds new sales and the fleet average climbs in plateaus as the pre-2030 stock retires (Weibull survival from the exo curve); piecewise constant for the LP; no retroactive fleet upgrade
Indonesia,Demand\Residential\Projections\Air Conditioning_\Small\High_eff,Efficiency,"Interp(2014, 83.9089, 2029, 83.9089, 2030, 85.9865, 2034, 85.9865, 2035, 90.2611, 2039, 90.2611, 2040, 94.7718, 2044, 94.7718, 2045, 98.1070, 2049, 98.1070, 2050, 100.0000, 2060, 100.0000)",%,ASEAN Coordinated Transition,"High_eff kWh drift 2026-08-13 (apply_higheff_kwh_drift.py; rates: AC 0.5%/yr, Fridge 2.0%/yr, ultimate-frontier floored)",ACT turnover staircase: holds 83.91% to 2029; MEPS-2030 binds new sales and the fleet average climbs in plateaus as the pre-2030 stock retires (Weibull survival from the exo curve); piecewise constant for the LP; no retroactive fleet upgrade
Laos,Demand\Residential\Projections\Air Conditioning_\Large\High_eff,Efficiency,"Interp(2014, 83.9089, 2029, 83.9089, 2030, 85.9865, 2034, 85.9865, 2035, 90.2611, 2039, 90.2611, 2040, 94.7718, 2044, 94.7718, 2045, 98.1070, 2049, 98.1070, 2050, 100.0000, 2060, 100.0000)",%,ASEAN Coordinated Transition,"High_eff kWh drift 2026-08-13 (apply_higheff_kwh_drift.py; rates: AC 0.5%/yr, Fridge 2.0%/yr, ultimate-frontier floored)",ACT turnover staircase: holds 83.91% to 2029; MEPS-2030 binds new sales and the fleet average climbs in plateaus as the pre-2030 stock retires (Weibull survival from the exo curve); piecewise constant for the LP; no retroactive fleet upgrade
Laos,Demand\Residential\Projections\Air Conditioning_\Medium\High_eff,Efficiency,"Interp(2014, 83.9089, 2029, 83.9089, 2030, 85.9865, 2034, 85.9865, 2035, 90.2611, 2039, 90.2611, 2040, 94.7718, 2044, 94.7718, 2045, 98.1070, 2049, 98.1070, 2050, 100.0000, 2060, 100.0000)",%,ASEAN Coordinated Transition,"High_eff kWh drift 2026-08-13 (apply_higheff_kwh_drift.py; rates: AC 0.5%/yr, Fridge 2.0%/yr, ultimate-frontier floored)",ACT turnover staircase: holds 83.91% to 2029; MEPS-2030 binds new sales and the fleet average climbs in plateaus as the pre-2030 stock retires (Weibull survival from the exo curve); piecewise constant for the LP; no retroactive fleet upgrade
Laos,Demand\Residential\Projections\Air Conditioning_\Small\High_eff,Efficiency,"Interp(2014, 83.9089, 2029, 83.9089, 2030, 85.9865, 2034, 85.9865, 2035, 90.2611, 2039, 90.2611, 2040, 94.7718, 2044, 94.7718, 2045, 98.1070, 2049, 98.1070, 2050, 100.0000, 2060, 100.0000)",%,ASEAN Coordinated Transition,"High_eff kWh drift 2026-08-13 (apply_higheff_kwh_drift.py; rates: AC 0.5%/yr, Fridge 2.0%/yr, ultimate-frontier floored)",ACT turnover staircase: holds 83.91% to 2029; MEPS-2030 binds new sales and the fleet average climbs in plateaus as the pre-2030 stock retires (Weibull survival from the exo curve); piecewise constant for the LP; no retroactive fleet upgrade
Malaysia,Demand\Residential\Projections\Air Conditioning_\Large\High_eff,Efficiency,"Interp(2014, 83.9089, 2029, 83.9089, 2030, 85.9865, 2034, 85.9865, 2035, 90.2611, 2039, 90.2611, 2040, 94.7718, 2044, 94.7718, 2045, 98.1070, 2049, 98.1070, 2050, 100.0000, 2060, 100.0000)",%,ASEAN Coordinated Transition,"High_eff kWh drift 2026-08-13 (apply_higheff_kwh_drift.py; rates: AC 0.5%/yr, Fridge 2.0%/yr, ultimate-frontier floored)",ACT turnover staircase: holds 83.91% to 2029; MEPS-2030 binds new sales and the fleet average climbs in plateaus as the pre-2030 stock retires (Weibull survival from the exo curve); piecewise constant for the LP; no retroactive fleet upgrade
Malaysia,Demand\Residential\Projections\Air Conditioning_\Medium\High_eff,Efficiency,"Interp(2014, 83.9089, 2029, 83.9089, 2030, 85.9865, 2034, 85.9865, 2035, 90.2611, 2039, 90.2611, 2040, 94.7718, 2044, 94.7718, 2045, 98.1070, 2049, 98.1070, 2050, 100.0000, 2060, 100.0000)",%,ASEAN Coordinated Transition,"High_eff kWh drift 2026-08-13 (apply_higheff_kwh_drift.py; rates: AC 0.5%/yr, Fridge 2.0%/yr, ultimate-frontier floored)",ACT turnover staircase: holds 83.91% to 2029; MEPS-2030 binds new sales and the fleet average climbs in plateaus as the pre-2030 stock retires (Weibull survival from the exo curve); piecewise constant for the LP; no retroactive fleet upgrade
Malaysia,Demand\Residential\Projections\Air Conditioning_\Small\High_eff,Efficiency,"Interp(2014, 83.9089, 2029, 83.9089, 2030, 85.9865, 2034, 85.9865, 2035, 90.2611, 2039, 90.2611, 2040, 94.7718, 2044, 94.7718, 2045, 98.1070, 2049, 98.1070, 2050, 100.0000, 2060, 100.0000)",%,ASEAN Coordinated Transition,"High_eff kWh drift 2026-08-13 (apply_higheff_kwh_drift.py; rates: AC 0.5%/yr, Fridge 2.0%/yr, ultimate-frontier floored)",ACT turnover staircase: holds 83.91% to 2029; MEPS-2030 binds new sales and the fleet average climbs in plateaus as the pre-2030 stock retires (Weibull survival from the exo curve); piecewise constant for the LP; no retroactive fleet upgrade
Myanmar,Demand\Residential\Projections\Air Conditioning_\Large\High_eff,Efficiency,"Interp(2014, 83.9089, 2029, 83.9089, 2030, 85.9865, 2034, 85.9865, 2035, 90.2611, 2039, 90.2611, 2040, 94.7718, 2044, 94.7718, 2045, 98.1070, 2049, 98.1070, 2050, 100.0000, 2060, 100.0000)",%,ASEAN Coordinated Transition,"High_eff kWh drift 2026-08-13 (apply_higheff_kwh_drift.py; rates: AC 0.5%/yr, Fridge 2.0%/yr, ultimate-frontier floored)",ACT turnover staircase: holds 83.91% to 2029; MEPS-2030 binds new sales and the fleet average climbs in plateaus as the pre-2030 stock retires (Weibull survival from the exo curve); piecewise constant for the LP; no retroactive fleet upgrade
Myanmar,Demand\Residential\Projections\Air Conditioning_\Medium\High_eff,Efficiency,"Interp(2014, 83.9089, 2029, 83.9089, 2030, 85.9865, 2034, 85.9865, 2035, 90.2611, 2039, 90.2611, 2040, 94.7718, 2044, 94.7718, 2045, 98.1070, 2049, 98.1070, 2050, 100.0000, 2060, 100.0000)",%,ASEAN Coordinated Transition,"High_eff kWh drift 2026-08-13 (apply_higheff_kwh_drift.py; rates: AC 0.5%/yr, Fridge 2.0%/yr, ultimate-frontier floored)",ACT turnover staircase: holds 83.91% to 2029; MEPS-2030 binds new sales and the fleet average climbs in plateaus as the pre-2030 stock retires (Weibull survival from the exo curve); piecewise constant for the LP; no retroactive fleet upgrade
Myanmar,Demand\Residential\Projections\Air Conditioning_\Small\High_eff,Efficiency,"Interp(2014, 83.9089, 2029, 83.9089, 2030, 85.9865, 2034, 85.9865, 2035, 90.2611, 2039, 90.2611, 2040, 94.7718, 2044, 94.7718, 2045, 98.1070, 2049, 98.1070, 2050, 100.0000, 2060, 100.0000)",%,ASEAN Coordinated Transition,"High_eff kWh drift 2026-08-13 (apply_higheff_kwh_drift.py; rates: AC 0.5%/yr, Fridge 2.0%/yr, ultimate-frontier floored)",ACT turnover staircase: holds 83.91% to 2029; MEPS-2030 binds new sales and the fleet average climbs in plateaus as the pre-2030 stock retires (Weibull survival from the exo curve); piecewise constant for the LP; no retroactive fleet upgrade
Philippines,Demand\Residential\Projections\Air Conditioning_\Large\High_eff,Efficiency,"Interp(2014, 83.9089, 2029, 83.9089, 2030, 85.9865, 2034, 85.9865, 2035, 90.2611, 2039, 90.2611, 2040, 94.7718, 2044, 94.7718, 2045, 98.1070, 2049, 98.1070, 2050, 100.0000, 2060, 100.0000)",%,ASEAN Coordinated Transition,"High_eff kWh drift 2026-08-13 (apply_higheff_kwh_drift.py; rates: AC 0.5%/yr, Fridge 2.0%/yr, ultimate-frontier floored)",ACT turnover staircase: holds 83.91% to 2029; MEPS-2030 binds new sales and the fleet average climbs in plateaus as the pre-2030 stock retires (Weibull survival from the exo curve); piecewise constant for the LP; no retroactive fleet upgrade
Philippines,Demand\Residential\Projections\Air Conditioning_\Medium\High_eff,Efficiency,"Interp(2014, 83.9089, 2029, 83.9089, 2030, 85.9865, 2034, 85.9865, 2035, 90.2611, 2039, 90.2611, 2040, 94.7718, 2044, 94.7718, 2045, 98.1070, 2049, 98.1070, 2050, 100.0000, 2060, 100.0000)",%,ASEAN Coordinated Transition,"High_eff kWh drift 2026-08-13 (apply_higheff_kwh_drift.py; rates: AC 0.5%/yr, Fridge 2.0%/yr, ultimate-frontier floored)",ACT turnover staircase: holds 83.91% to 2029; MEPS-2030 binds new sales and the fleet average climbs in plateaus as the pre-2030 stock retires (Weibull survival from the exo curve); piecewise constant for the LP; no retroactive fleet upgrade
Philippines,Demand\Residential\Projections\Air Conditioning_\Small\High_eff,Efficiency,"Interp(2014, 83.9089, 2029, 83.9089, 2030, 85.9865, 2034, 85.9865, 2035, 90.2611, 2039, 90.2611, 2040, 94.7718, 2044, 94.7718, 2045, 98.1070, 2049, 98.1070, 2050, 100.0000, 2060, 100.0000)",%,ASEAN Coordinated Transition,"High_eff kWh drift 2026-08-13 (apply_higheff_kwh_drift.py; rates: AC 0.5%/yr, Fridge 2.0%/yr, ultimate-frontier floored)",ACT turnover staircase: holds 83.91% to 2029; MEPS-2030 binds new sales and the fleet average climbs in plateaus as the pre-2030 stock retires (Weibull survival from the exo curve); piecewise constant for the LP; no retroactive fleet upgrade
Singapore,Demand\Residential\Projections\Air Conditioning_\Large\High_eff,Efficiency,"Interp(2014, 83.9089, 2029, 83.9089, 2030, 85.9865, 2034, 85.9865, 2035, 90.2611, 2039, 90.2611, 2040, 94.7718, 2044, 94.7718, 2045, 98.1070, 2049, 98.1070, 2050, 100.0000, 2060, 100.0000)",%,ASEAN Coordinated Transition,"High_eff kWh drift 2026-08-13 (apply_higheff_kwh_drift.py; rates: AC 0.5%/yr, Fridge 2.0%/yr, ultimate-frontier floored)",ACT turnover staircase: holds 83.91% to 2029; MEPS-2030 binds new sales and the fleet average climbs in plateaus as the pre-2030 stock retires (Weibull survival from the exo curve); piecewise constant for the LP; no retroactive fleet upgrade
Singapore,Demand\Residential\Projections\Air Conditioning_\Medium\High_eff,Efficiency,"Interp(2014, 83.9089, 2029, 83.9089, 2030, 85.9865, 2034, 85.9865, 2035, 90.2611, 2039, 90.2611, 2040, 94.7718, 2044, 94.7718, 2045, 98.1070, 2049, 98.1070, 2050, 100.0000, 2060, 100.0000)",%,ASEAN Coordinated Transition,"High_eff kWh drift 2026-08-13 (apply_higheff_kwh_drift.py; rates: AC 0.5%/yr, Fridge 2.0%/yr, ultimate-frontier floored)",ACT turnover staircase: holds 83.91% to 2029; MEPS-2030 binds new sales and the fleet average climbs in plateaus as the pre-2030 stock retires (Weibull survival from the exo curve); piecewise constant for the LP; no retroactive fleet upgrade
Singapore,Demand\Residential\Projections\Air Conditioning_\Small\High_eff,Efficiency,"Interp(2014, 83.9089, 2029, 83.9089, 2030, 85.9865, 2034, 85.9865, 2035, 90.2611, 2039, 90.2611, 2040, 94.7718, 2044, 94.7718, 2045, 98.1070, 2049, 98.1070, 2050, 100.0000, 2060, 100.0000)",%,ASEAN Coordinated Transition,"High_eff kWh drift 2026-08-13 (apply_higheff_kwh_drift.py; rates: AC 0.5%/yr, Fridge 2.0%/yr, ultimate-frontier floored)",ACT turnover staircase: holds 83.91% to 2029; MEPS-2030 binds new sales and the fleet average climbs in plateaus as the pre-2030 stock retires (Weibull survival from the exo curve); piecewise constant for the LP; no retroactive fleet upgrade
Thailand,Demand\Residential\Projections\Air Conditioning_\Large\High_eff,Efficiency,"Interp(2014, 83.9089, 2029, 83.9089, 2030, 85.9865, 2034, 85.9865, 2035, 90.2611, 2039, 90.2611, 2040, 94.7718, 2044, 94.7718, 2045, 98.1070, 2049, 98.1070, 2050, 100.0000, 2060, 100.0000)",%,ASEAN Coordinated Transition,"High_eff kWh drift 2026-08-13 (apply_higheff_kwh_drift.py; rates: AC 0.5%/yr, Fridge 2.0%/yr, ultimate-frontier floored)",ACT turnover staircase: holds 83.91% to 2029; MEPS-2030 binds new sales and the fleet average climbs in plateaus as the pre-2030 stock retires (Weibull survival from the exo curve); piecewise constant for the LP; no retroactive fleet upgrade
Thailand,Demand\Residential\Projections\Air Conditioning_\Medium\High_eff,Efficiency,"Interp(2014, 83.9089, 2029, 83.9089, 2030, 85.9865, 2034, 85.9865, 2035, 90.2611, 2039, 90.2611, 2040, 94.7718, 2044, 94.7718, 2045, 98.1070, 2049, 98.1070, 2050, 100.0000, 2060, 100.0000)",%,ASEAN Coordinated Transition,"High_eff kWh drift 2026-08-13 (apply_higheff_kwh_drift.py; rates: AC 0.5%/yr, Fridge 2.0%/yr, ultimate-frontier floored)",ACT turnover staircase: holds 83.91% to 2029; MEPS-2030 binds new sales and the fleet average climbs in plateaus as the pre-2030 stock retires (Weibull survival from the exo curve); piecewise constant for the LP; no retroactive fleet upgrade
Thailand,Demand\Residential\Projections\Air Conditioning_\Small\High_eff,Efficiency,"Interp(2014, 83.9089, 2029, 83.9089, 2030, 85.9865, 2034, 85.9865, 2035, 90.2611, 2039, 90.2611, 2040, 94.7718, 2044, 94.7718, 2045, 98.1070, 2049, 98.1070, 2050, 100.0000, 2060, 100.0000)",%,ASEAN Coordinated Transition,"High_eff kWh drift 2026-08-13 (apply_higheff_kwh_drift.py; rates: AC 0.5%/yr, Fridge 2.0%/yr, ultimate-frontier floored)",ACT turnover staircase: holds 83.91% to 2029; MEPS-2030 binds new sales and the fleet average climbs in plateaus as the pre-2030 stock retires (Weibull survival from the exo curve); piecewise constant for the LP; no retroactive fleet upgrade
Vietnam,Demand\Residential\Projections\Air Conditioning_\Large\High_eff,Efficiency,"Interp(2014, 83.9089, 2029, 83.9089, 2030, 85.9865, 2034, 85.9865, 2035, 90.2611, 2039, 90.2611, 2040, 94.7718, 2044, 94.7718, 2045, 98.1070, 2049, 98.1070, 2050, 100.0000, 2060, 100.0000)",%,ASEAN Coordinated Transition,"High_eff kWh drift 2026-08-13 (apply_higheff_kwh_drift.py; rates: AC 0.5%/yr, Fridge 2.0%/yr, ultimate-frontier floored)",ACT turnover staircase: holds 83.91% to 2029; MEPS-2030 binds new sales and the fleet average climbs in plateaus as the pre-2030 stock retires (Weibull survival from the exo curve); piecewise constant for the LP; no retroactive fleet upgrade
Vietnam,Demand\Residential\Projections\Air Conditioning_\Medium\High_eff,Efficiency,"Interp(2014, 83.9089, 2029, 83.9089, 2030, 85.9865, 2034, 85.9865, 2035, 90.2611, 2039, 90.2611, 2040, 94.7718, 2044, 94.7718, 2045, 98.1070, 2049, 98.1070, 2050, 100.0000, 2060, 100.0000)",%,ASEAN Coordinated Transition,"High_eff kWh drift 2026-08-13 (apply_higheff_kwh_drift.py; rates: AC 0.5%/yr, Fridge 2.0%/yr, ultimate-frontier floored)",ACT turnover staircase: holds 83.91% to 2029; MEPS-2030 binds new sales and the fleet average climbs in plateaus as the pre-2030 stock retires (Weibull survival from the exo curve); piecewise constant for the LP; no retroactive fleet upgrade
Vietnam,Demand\Residential\Projections\Air Conditioning_\Small\High_eff,Efficiency,"Interp(2014, 83.9089, 2029, 83.9089, 2030, 85.9865, 2034, 85.9865, 2035, 90.2611, 2039, 90.2611, 2040, 94.7718, 2044, 94.7718, 2045, 98.1070, 2049, 98.1070, 2050, 100.0000, 2060, 100.0000)",%,ASEAN Coordinated Transition,"High_eff kWh drift 2026-08-13 (apply_higheff_kwh_drift.py; rates: AC 0.5%/yr, Fridge 2.0%/yr, ultimate-frontier floored)",ACT turnover staircase: holds 83.91% to 2029; MEPS-2030 binds new sales and the fleet average climbs in plateaus as the pre-2030 stock retires (Weibull survival from the exo curve); piecewise constant for the LP; no retroactive fleet upgrade
Brunei,Demand\Residential\Projections\Air Conditioning_\Large\High_eff,Variable OM Cost,"Interp(2014, 2.383538, 2029, 2.383538, 2030, 2.325947, 2034, 2.325947, 2035, 2.215795, 2039, 2.215795, 2040, 2.110333, 2044, 2.110333, 2045, 2.038590, 2049, 2.038590, 2050, 2.000000, 2060, 2.000000)",U.S. Dollar per Gigajoule,ASEAN Coordinated Transition,electricity tariff (shared Fridge/Raw/electricity_tariffs.csv) / tier Efficiency x kWh-per-GJ: USD per GJ of device OUTPUT so each tier pays its true per-device bill (= tariff x final kWh),"ACT-only device panel; tier-differentiated rate — Low/Mid constant, High_eff declines with the drift to plain tariff at 2060; REPLACES the rev-3 flat rate (which equalized tier O&M and flipped ACT to cheap capex) and the older stale per-device values"
Brunei,Demand\Residential\Projections\Air Conditioning_\Medium\High_eff,Variable OM Cost,"Interp(2014, 2.383538, 2029, 2.383538, 2030, 2.325947, 2034, 2.325947, 2035, 2.215795, 2039, 2.215795, 2040, 2.110333, 2044, 2.110333, 2045, 2.038590, 2049, 2.038590, 2050, 2.000000, 2060, 2.000000)",U.S. Dollar per Gigajoule,ASEAN Coordinated Transition,electricity tariff (shared Fridge/Raw/electricity_tariffs.csv) / tier Efficiency x kWh-per-GJ: USD per GJ of device OUTPUT so each tier pays its true per-device bill (= tariff x final kWh),"ACT-only device panel; tier-differentiated rate — Low/Mid constant, High_eff declines with the drift to plain tariff at 2060; REPLACES the rev-3 flat rate (which equalized tier O&M and flipped ACT to cheap capex) and the older stale per-device values"
Brunei,Demand\Residential\Projections\Air Conditioning_\Small\High_eff,Variable OM Cost,"Interp(2014, 2.383538, 2029, 2.383538, 2030, 2.325947, 2034, 2.325947, 2035, 2.215795, 2039, 2.215795, 2040, 2.110333, 2044, 2.110333, 2045, 2.038590, 2049, 2.038590, 2050, 2.000000, 2060, 2.000000)",U.S. Dollar per Gigajoule,ASEAN Coordinated Transition,electricity tariff (shared Fridge/Raw/electricity_tariffs.csv) / tier Efficiency x kWh-per-GJ: USD per GJ of device OUTPUT so each tier pays its true per-device bill (= tariff x final kWh),"ACT-only device panel; tier-differentiated rate — Low/Mid constant, High_eff declines with the drift to plain tariff at 2060; REPLACES the rev-3 flat rate (which equalized tier O&M and flipped ACT to cheap capex) and the older stale per-device values"
Cambodia,Demand\Residential\Projections\Air Conditioning_\Large\High_eff,Variable OM Cost,"Interp(2014, 49.657052, 2029, 49.657052, 2030, 48.457220, 2034, 48.457220, 2035, 46.162397, 2039, 46.162397, 2040, 43.965269, 2044, 43.965269, 2045, 42.470633, 2049, 42.470633, 2050, 41.666667, 2060, 41.666667)",U.S. Dollar per Gigajoule,ASEAN Coordinated Transition,electricity tariff (shared Fridge/Raw/electricity_tariffs.csv) / tier Efficiency x kWh-per-GJ: USD per GJ of device OUTPUT so each tier pays its true per-device bill (= tariff x final kWh),"ACT-only device panel; tier-differentiated rate — Low/Mid constant, High_eff declines with the drift to plain tariff at 2060; REPLACES the rev-3 flat rate (which equalized tier O&M and flipped ACT to cheap capex) and the older stale per-device values"
Cambodia,Demand\Residential\Projections\Air Conditioning_\Medium\High_eff,Variable OM Cost,"Interp(2014, 49.657052, 2029, 49.657052, 2030, 48.457220, 2034, 48.457220, 2035, 46.162397, 2039, 46.162397, 2040, 43.965269, 2044, 43.965269, 2045, 42.470633, 2049, 42.470633, 2050, 41.666667, 2060, 41.666667)",U.S. Dollar per Gigajoule,ASEAN Coordinated Transition,electricity tariff (shared Fridge/Raw/electricity_tariffs.csv) / tier Efficiency x kWh-per-GJ: USD per GJ of device OUTPUT so each tier pays its true per-device bill (= tariff x final kWh),"ACT-only device panel; tier-differentiated rate — Low/Mid constant, High_eff declines with the drift to plain tariff at 2060; REPLACES the rev-3 flat rate (which equalized tier O&M and flipped ACT to cheap capex) and the older stale per-device values"
Cambodia,Demand\Residential\Projections\Air Conditioning_\Small\High_eff,Variable OM Cost,"Interp(2014, 49.657052, 2029, 49.657052, 2030, 48.457220, 2034, 48.457220, 2035, 46.162397, 2039, 46.162397, 2040, 43.965269, 2044, 43.965269, 2045, 42.470633, 2049, 42.470633, 2050, 41.666667, 2060, 41.666667)",U.S. Dollar per Gigajoule,ASEAN Coordinated Transition,electricity tariff (shared Fridge/Raw/electricity_tariffs.csv) / tier Efficiency x kWh-per-GJ: USD per GJ of device OUTPUT so each tier pays its true per-device bill (= tariff x final kWh),"ACT-only device panel; tier-differentiated rate — Low/Mid constant, High_eff declines with the drift to plain tariff at 2060; REPLACES the rev-3 flat rate (which equalized tier O&M and flipped ACT to cheap capex) and the older stale per-device values"
Indonesia,Demand\Residential\Projections\Air Conditioning_\Large\High_eff,Variable OM Cost,"Interp(2014, 33.435748, 2029, 33.435748, 2030, 32.627861, 2034, 32.627861, 2035, 31.082680, 2039, 31.082680, 2040, 29.603281, 2044, 29.603281, 2045, 28.596893, 2049, 28.596893, 2050, 28.055556, 2060, 28.055556)",U.S. Dollar per Gigajoule,ASEAN Coordinated Transition,electricity tariff (shared Fridge/Raw/electricity_tariffs.csv) / tier Efficiency x kWh-per-GJ: USD per GJ of device OUTPUT so each tier pays its true per-device bill (= tariff x final kWh),"ACT-only device panel; tier-differentiated rate — Low/Mid constant, High_eff declines with the drift to plain tariff at 2060; REPLACES the rev-3 flat rate (which equalized tier O&M and flipped ACT to cheap capex) and the older stale per-device values"
Indonesia,Demand\Residential\Projections\Air Conditioning_\Medium\High_eff,Variable OM Cost,"Interp(2014, 33.435748, 2029, 33.435748, 2030, 32.627861, 2034, 32.627861, 2035, 31.082680, 2039, 31.082680, 2040, 29.603281, 2044, 29.603281, 2045, 28.596893, 2049, 28.596893, 2050, 28.055556, 2060, 28.055556)",U.S. Dollar per Gigajoule,ASEAN Coordinated Transition,electricity tariff (shared Fridge/Raw/electricity_tariffs.csv) / tier Efficiency x kWh-per-GJ: USD per GJ of device OUTPUT so each tier pays its true per-device bill (= tariff x final kWh),"ACT-only device panel; tier-differentiated rate — Low/Mid constant, High_eff declines with the drift to plain tariff at 2060; REPLACES the rev-3 flat rate (which equalized tier O&M and flipped ACT to cheap capex) and the older stale per-device values"
Indonesia,Demand\Residential\Projections\Air Conditioning_\Small\High_eff,Variable OM Cost,"Interp(2014, 33.435748, 2029, 33.435748, 2030, 32.627861, 2034, 32.627861, 2035, 31.082680, 2039, 31.082680, 2040, 29.603281, 2044, 29.603281, 2045, 28.596893, 2049, 28.596893, 2050, 28.055556, 2060, 28.055556)",U.S. Dollar per Gigajoule,ASEAN Coordinated Transition,electricity tariff (shared Fridge/Raw/electricity_tariffs.csv) / tier Efficiency x kWh-per-GJ: USD per GJ of device OUTPUT so each tier pays its true per-device bill (= tariff x final kWh),"ACT-only device panel; tier-differentiated rate — Low/Mid constant, High_eff declines with the drift to plain tariff at 2060; REPLACES the rev-3 flat rate (which equalized tier O&M and flipped ACT to cheap capex) and the older stale per-device values"
Laos,Demand\Residential\Projections\Air Conditioning_\Large\High_eff,Variable OM Cost,"Interp(2014, 25.987190, 2029, 25.987190, 2030, 25.359278, 2034, 25.359278, 2035, 24.158321, 2039, 24.158321, 2040, 23.008491, 2044, 23.008491, 2045, 22.226298, 2049, 22.226298, 2050, 21.805556, 2060, 21.805556)",U.S. Dollar per Gigajoule,ASEAN Coordinated Transition,electricity tariff (shared Fridge/Raw/electricity_tariffs.csv) / tier Efficiency x kWh-per-GJ: USD per GJ of device OUTPUT so each tier pays its true per-device bill (= tariff x final kWh),"ACT-only device panel; tier-differentiated rate — Low/Mid constant, High_eff declines with the drift to plain tariff at 2060; REPLACES the rev-3 flat rate (which equalized tier O&M and flipped ACT to cheap capex) and the older stale per-device values"
Laos,Demand\Residential\Projections\Air Conditioning_\Medium\High_eff,Variable OM Cost,"Interp(2014, 25.987190, 2029, 25.987190, 2030, 25.359278, 2034, 25.359278, 2035, 24.158321, 2039, 24.158321, 2040, 23.008491, 2044, 23.008491, 2045, 22.226298, 2049, 22.226298, 2050, 21.805556, 2060, 21.805556)",U.S. Dollar per Gigajoule,ASEAN Coordinated Transition,electricity tariff (shared Fridge/Raw/electricity_tariffs.csv) / tier Efficiency x kWh-per-GJ: USD per GJ of device OUTPUT so each tier pays its true per-device bill (= tariff x final kWh),"ACT-only device panel; tier-differentiated rate — Low/Mid constant, High_eff declines with the drift to plain tariff at 2060; REPLACES the rev-3 flat rate (which equalized tier O&M and flipped ACT to cheap capex) and the older stale per-device values"
Laos,Demand\Residential\Projections\Air Conditioning_\Small\High_eff,Variable OM Cost,"Interp(2014, 25.987190, 2029, 25.987190, 2030, 25.359278, 2034, 25.359278, 2035, 24.158321, 2039, 24.158321, 2040, 23.008491, 2044, 23.008491, 2045, 22.226298, 2049, 22.226298, 2050, 21.805556, 2060, 21.805556)",U.S. Dollar per Gigajoule,ASEAN Coordinated Transition,electricity tariff (shared Fridge/Raw/electricity_tariffs.csv) / tier Efficiency x kWh-per-GJ: USD per GJ of device OUTPUT so each tier pays its true per-device bill (= tariff x final kWh),"ACT-only device panel; tier-differentiated rate — Low/Mid constant, High_eff declines with the drift to plain tariff at 2060; REPLACES the rev-3 flat rate (which equalized tier O&M and flipped ACT to cheap capex) and the older stale per-device values"
Malaysia,Demand\Residential\Projections\Air Conditioning_\Large\High_eff,Variable OM Cost,"Interp(2014, 20.193868, 2029, 20.193868, 2030, 19.705936, 2034, 19.705936, 2035, 18.772708, 2039, 18.772708, 2040, 17.879209, 2044, 17.879209, 2045, 17.271391, 2049, 17.271391, 2050, 16.944444, 2060, 16.944444)",U.S. Dollar per Gigajoule,ASEAN Coordinated Transition,electricity tariff (shared Fridge/Raw/electricity_tariffs.csv) / tier Efficiency x kWh-per-GJ: USD per GJ of device OUTPUT so each tier pays its true per-device bill (= tariff x final kWh),"ACT-only device panel; tier-differentiated rate — Low/Mid constant, High_eff declines with the drift to plain tariff at 2060; REPLACES the rev-3 flat rate (which equalized tier O&M and flipped ACT to cheap capex) and the older stale per-device values"
Malaysia,Demand\Residential\Projections\Air Conditioning_\Medium\High_eff,Variable OM Cost,"Interp(2014, 20.193868, 2029, 20.193868, 2030, 19.705936, 2034, 19.705936, 2035, 18.772708, 2039, 18.772708, 2040, 17.879209, 2044, 17.879209, 2045, 17.271391, 2049, 17.271391, 2050, 16.944444, 2060, 16.944444)",U.S. Dollar per Gigajoule,ASEAN Coordinated Transition,electricity tariff (shared Fridge/Raw/electricity_tariffs.csv) / tier Efficiency x kWh-per-GJ: USD per GJ of device OUTPUT so each tier pays its true per-device bill (= tariff x final kWh),"ACT-only device panel; tier-differentiated rate — Low/Mid constant, High_eff declines with the drift to plain tariff at 2060; REPLACES the rev-3 flat rate (which equalized tier O&M and flipped ACT to cheap capex) and the older stale per-device values"
Malaysia,Demand\Residential\Projections\Air Conditioning_\Small\High_eff,Variable OM Cost,"Interp(2014, 20.193868, 2029, 20.193868, 2030, 19.705936, 2034, 19.705936, 2035, 18.772708, 2039, 18.772708, 2040, 17.879209, 2044, 17.879209, 2045, 17.271391, 2049, 17.271391, 2050, 16.944444, 2060, 16.944444)",U.S. Dollar per Gigajoule,ASEAN Coordinated Transition,electricity tariff (shared Fridge/Raw/electricity_tariffs.csv) / tier Efficiency x kWh-per-GJ: USD per GJ of device OUTPUT so each tier pays its true per-device bill (= tariff x final kWh),"ACT-only device panel; tier-differentiated rate — Low/Mid constant, High_eff declines with the drift to plain tariff at 2060; REPLACES the rev-3 flat rate (which equalized tier O&M and flipped ACT to cheap capex) and the older stale per-device values"
Myanmar,Demand\Residential\Projections\Air Conditioning_\Large\High_eff,Variable OM Cost,"Interp(2014, 28.767985, 2029, 28.767985, 2030, 28.072883, 2034, 28.072883, 2035, 26.743415, 2039, 26.743415, 2040, 25.470546, 2044, 25.470546, 2045, 24.604654, 2049, 24.604654, 2050, 24.138889, 2060, 24.138889)",U.S. Dollar per Gigajoule,ASEAN Coordinated Transition,electricity tariff (shared Fridge/Raw/electricity_tariffs.csv) / tier Efficiency x kWh-per-GJ: USD per GJ of device OUTPUT so each tier pays its true per-device bill (= tariff x final kWh),"ACT-only device panel; tier-differentiated rate — Low/Mid constant, High_eff declines with the drift to plain tariff at 2060; REPLACES the rev-3 flat rate (which equalized tier O&M and flipped ACT to cheap capex) and the older stale per-device values"
Myanmar,Demand\Residential\Projections\Air Conditioning_\Medium\High_eff,Variable OM Cost,"Interp(2014, 28.767985, 2029, 28.767985, 2030, 28.072883, 2034, 28.072883, 2035, 26.743415, 2039, 26.743415, 2040, 25.470546, 2044, 25.470546, 2045, 24.604654, 2049, 24.604654, 2050, 24.138889, 2060, 24.138889)",U.S. Dollar per Gigajoule,ASEAN Coordinated Transition,electricity tariff (shared Fridge/Raw/electricity_tariffs.csv) / tier Efficiency x kWh-per-GJ: USD per GJ of device OUTPUT so each tier pays its true per-device bill (= tariff x final kWh),"ACT-only device panel; tier-differentiated rate — Low/Mid constant, High_eff declines with the drift to plain tariff at 2060; REPLACES the rev-3 flat rate (which equalized tier O&M and flipped ACT to cheap capex) and the older stale per-device values"
Myanmar,Demand\Residential\Projections\Air Conditioning_\Small\High_eff,Variable OM Cost,"Interp(2014, 28.767985, 2029, 28.767985, 2030, 28.072883, 2034, 28.072883, 2035, 26.743415, 2039, 26.743415, 2040, 25.470546, 2044, 25.470546, 2045, 24.604654, 2049, 24.604654, 2050, 24.138889, 2060, 24.138889)",U.S. Dollar per Gigajoule,ASEAN Coordinated Transition,electricity tariff (shared Fridge/Raw/electricity_tariffs.csv) / tier Efficiency x kWh-per-GJ: USD per GJ of device OUTPUT so each tier pays its true per-device bill (= tariff x final kWh),"ACT-only device panel; tier-differentiated rate — Low/Mid constant, High_eff declines with the drift to plain tariff at 2060; REPLACES the rev-3 flat rate (which equalized tier O&M and flipped ACT to cheap capex) and the older stale per-device values"
Philippines,Demand\Residential\Projections\Air Conditioning_\Large\High_eff,Variable OM Cost,"Interp(2014, 56.940086, 2029, 56.940086, 2030, 55.564279, 2034, 55.564279, 2035, 52.932882, 2039, 52.932882, 2040, 50.413508, 2044, 50.413508, 2045, 48.699659, 2049, 48.699659, 2050, 47.777778, 2060, 47.777778)",U.S. Dollar per Gigajoule,ASEAN Coordinated Transition,electricity tariff (shared Fridge/Raw/electricity_tariffs.csv) / tier Efficiency x kWh-per-GJ: USD per GJ of device OUTPUT so each tier pays its true per-device bill (= tariff x final kWh),"ACT-only device panel; tier-differentiated rate — Low/Mid constant, High_eff declines with the drift to plain tariff at 2060; REPLACES the rev-3 flat rate (which equalized tier O&M and flipped ACT to cheap capex) and the older stale per-device values"
Philippines,Demand\Residential\Projections\Air Conditioning_\Medium\High_eff,Variable OM Cost,"Interp(2014, 56.940086, 2029, 56.940086, 2030, 55.564279, 2034, 55.564279, 2035, 52.932882, 2039, 52.932882, 2040, 50.413508, 2044, 50.413508, 2045, 48.699659, 2049, 48.699659, 2050, 47.777778, 2060, 47.777778)",U.S. Dollar per Gigajoule,ASEAN Coordinated Transition,electricity tariff (shared Fridge/Raw/electricity_tariffs.csv) / tier Efficiency x kWh-per-GJ: USD per GJ of device OUTPUT so each tier pays its true per-device bill (= tariff x final kWh),"ACT-only device panel; tier-differentiated rate — Low/Mid constant, High_eff declines with the drift to plain tariff at 2060; REPLACES the rev-3 flat rate (which equalized tier O&M and flipped ACT to cheap capex) and the older stale per-device values"
Philippines,Demand\Residential\Projections\Air Conditioning_\Small\High_eff,Variable OM Cost,"Interp(2014, 56.940086, 2029, 56.940086, 2030, 55.564279, 2034, 55.564279, 2035, 52.932882, 2039, 52.932882, 2040, 50.413508, 2044, 50.413508, 2045, 48.699659, 2049, 48.699659, 2050, 47.777778, 2060, 47.777778)",U.S. Dollar per Gigajoule,ASEAN Coordinated Transition,electricity tariff (shared Fridge/Raw/electricity_tariffs.csv) / tier Efficiency x kWh-per-GJ: USD per GJ of device OUTPUT so each tier pays its true per-device bill (= tariff x final kWh),"ACT-only device panel; tier-differentiated rate — Low/Mid constant, High_eff declines with the drift to plain tariff at 2060; REPLACES the rev-3 flat rate (which equalized tier O&M and flipped ACT to cheap capex) and the older stale per-device values"
Singapore,Demand\Residential\Projections\Air Conditioning_\Large\High_eff,Variable OM Cost,"Interp(2014, 56.609039, 2029, 56.609039, 2030, 55.241230, 2034, 55.241230, 2035, 52.625132, 2039, 52.625132, 2040, 50.120406, 2044, 50.120406, 2045, 48.416522, 2049, 48.416522, 2050, 47.500000, 2060, 47.500000)",U.S. Dollar per Gigajoule,ASEAN Coordinated Transition,electricity tariff (shared Fridge/Raw/electricity_tariffs.csv) / tier Efficiency x kWh-per-GJ: USD per GJ of device OUTPUT so each tier pays its true per-device bill (= tariff x final kWh),"ACT-only device panel; tier-differentiated rate — Low/Mid constant, High_eff declines with the drift to plain tariff at 2060; REPLACES the rev-3 flat rate (which equalized tier O&M and flipped ACT to cheap capex) and the older stale per-device values"
Singapore,Demand\Residential\Projections\Air Conditioning_\Medium\High_eff,Variable OM Cost,"Interp(2014, 56.609039, 2029, 56.609039, 2030, 55.241230, 2034, 55.241230, 2035, 52.625132, 2039, 52.625132, 2040, 50.120406, 2044, 50.120406, 2045, 48.416522, 2049, 48.416522, 2050, 47.500000, 2060, 47.500000)",U.S. Dollar per Gigajoule,ASEAN Coordinated Transition,electricity tariff (shared Fridge/Raw/electricity_tariffs.csv) / tier Efficiency x kWh-per-GJ: USD per GJ of device OUTPUT so each tier pays its true per-device bill (= tariff x final kWh),"ACT-only device panel; tier-differentiated rate — Low/Mid constant, High_eff declines with the drift to plain tariff at 2060; REPLACES the rev-3 flat rate (which equalized tier O&M and flipped ACT to cheap capex) and the older stale per-device values"
Singapore,Demand\Residential\Projections\Air Conditioning_\Small\High_eff,Variable OM Cost,"Interp(2014, 56.609039, 2029, 56.609039, 2030, 55.241230, 2034, 55.241230, 2035, 52.625132, 2039, 52.625132, 2040, 50.120406, 2044, 50.120406, 2045, 48.416522, 2049, 48.416522, 2050, 47.500000, 2060, 47.500000)",U.S. Dollar per Gigajoule,ASEAN Coordinated Transition,electricity tariff (shared Fridge/Raw/electricity_tariffs.csv) / tier Efficiency x kWh-per-GJ: USD per GJ of device OUTPUT so each tier pays its true per-device bill (= tariff x final kWh),"ACT-only device panel; tier-differentiated rate — Low/Mid constant, High_eff declines with the drift to plain tariff at 2060; REPLACES the rev-3 flat rate (which equalized tier O&M and flipped ACT to cheap capex) and the older stale per-device values"
Thailand,Demand\Residential\Projections\Air Conditioning_\Large\High_eff,Variable OM Cost,"Interp(2014, 40.056689, 2029, 40.056689, 2030, 39.088824, 2034, 39.088824, 2035, 37.237667, 2039, 37.237667, 2040, 35.465317, 2044, 35.465317, 2045, 34.259644, 2049, 34.259644, 2050, 33.611111, 2060, 33.611111)",U.S. Dollar per Gigajoule,ASEAN Coordinated Transition,electricity tariff (shared Fridge/Raw/electricity_tariffs.csv) / tier Efficiency x kWh-per-GJ: USD per GJ of device OUTPUT so each tier pays its true per-device bill (= tariff x final kWh),"ACT-only device panel; tier-differentiated rate — Low/Mid constant, High_eff declines with the drift to plain tariff at 2060; REPLACES the rev-3 flat rate (which equalized tier O&M and flipped ACT to cheap capex) and the older stale per-device values"
Thailand,Demand\Residential\Projections\Air Conditioning_\Medium\High_eff,Variable OM Cost,"Interp(2014, 40.056689, 2029, 40.056689, 2030, 39.088824, 2034, 39.088824, 2035, 37.237667, 2039, 37.237667, 2040, 35.465317, 2044, 35.465317, 2045, 34.259644, 2049, 34.259644, 2050, 33.611111, 2060, 33.611111)",U.S. Dollar per Gigajoule,ASEAN Coordinated Transition,electricity tariff (shared Fridge/Raw/electricity_tariffs.csv) / tier Efficiency x kWh-per-GJ: USD per GJ of device OUTPUT so each tier pays its true per-device bill (= tariff x final kWh),"ACT-only device panel; tier-differentiated rate — Low/Mid constant, High_eff declines with the drift to plain tariff at 2060; REPLACES the rev-3 flat rate (which equalized tier O&M and flipped ACT to cheap capex) and the older stale per-device values"
Thailand,Demand\Residential\Projections\Air Conditioning_\Small\High_eff,Variable OM Cost,"Interp(2014, 40.056689, 2029, 40.056689, 2030, 39.088824, 2034, 39.088824, 2035, 37.237667, 2039, 37.237667, 2040, 35.465317, 2044, 35.465317, 2045, 34.259644, 2049, 34.259644, 2050, 33.611111, 2060, 33.611111)",U.S. Dollar per Gigajoule,ASEAN Coordinated Transition,electricity tariff (shared Fridge/Raw/electricity_tariffs.csv) / tier Efficiency x kWh-per-GJ: USD per GJ of device OUTPUT so each tier pays its true per-device bill (= tariff x final kWh),"ACT-only device panel; tier-differentiated rate — Low/Mid constant, High_eff declines with the drift to plain tariff at 2060; REPLACES the rev-3 flat rate (which equalized tier O&M and flipped ACT to cheap capex) and the older stale per-device values"
Vietnam,Demand\Residential\Projections\Air Conditioning_\Large\High_eff,Variable OM Cost,"Interp(2014, 28.734881, 2029, 28.734881, 2030, 28.040578, 2034, 28.040578, 2035, 26.712640, 2039, 26.712640, 2040, 25.441235, 2044, 25.441235, 2045, 24.576340, 2049, 24.576340, 2050, 24.111111, 2060, 24.111111)",U.S. Dollar per Gigajoule,ASEAN Coordinated Transition,electricity tariff (shared Fridge/Raw/electricity_tariffs.csv) / tier Efficiency x kWh-per-GJ: USD per GJ of device OUTPUT so each tier pays its true per-device bill (= tariff x final kWh),"ACT-only device panel; tier-differentiated rate — Low/Mid constant, High_eff declines with the drift to plain tariff at 2060; REPLACES the rev-3 flat rate (which equalized tier O&M and flipped ACT to cheap capex) and the older stale per-device values"
Vietnam,Demand\Residential\Projections\Air Conditioning_\Medium\High_eff,Variable OM Cost,"Interp(2014, 28.734881, 2029, 28.734881, 2030, 28.040578, 2034, 28.040578, 2035, 26.712640, 2039, 26.712640, 2040, 25.441235, 2044, 25.441235, 2045, 24.576340, 2049, 24.576340, 2050, 24.111111, 2060, 24.111111)",U.S. Dollar per Gigajoule,ASEAN Coordinated Transition,electricity tariff (shared Fridge/Raw/electricity_tariffs.csv) / tier Efficiency x kWh-per-GJ: USD per GJ of device OUTPUT so each tier pays its true per-device bill (= tariff x final kWh),"ACT-only device panel; tier-differentiated rate — Low/Mid constant, High_eff declines with the drift to plain tariff at 2060; REPLACES the rev-3 flat rate (which equalized tier O&M and flipped ACT to cheap capex) and the older stale per-device values"
Vietnam,Demand\Residential\Projections\Air Conditioning_\Small\High_eff,Variable OM Cost,"Interp(2014, 28.734881, 2029, 28.734881, 2030, 28.040578, 2034, 28.040578, 2035, 26.712640, 2039, 26.712640, 2040, 25.441235, 2044, 25.441235, 2045, 24.576340, 2049, 24.576340, 2050, 24.111111, 2060, 24.111111)",U.S. Dollar per Gigajoule,ASEAN Coordinated Transition,electricity tariff (shared Fridge/Raw/electricity_tariffs.csv) / tier Efficiency x kWh-per-GJ: USD per GJ of device OUTPUT so each tier pays its true per-device bill (= tariff x final kWh),"ACT-only device panel; tier-differentiated rate — Low/Mid constant, High_eff declines with the drift to plain tariff at 2060; REPLACES the rev-3 flat rate (which equalized tier O&M and flipped ACT to cheap capex) and the older stale per-device values"
Brunei,Demand\Residential\Projections\Refrigeration_\Large\High_eff,Efficiency,"Interp(2014, 49.3075, 2029, 49.3075, 2030, 55.4361, 2034, 55.4361, 2035, 70.2691, 2039, 70.2691, 2040, 87.8500, 2044, 87.8500, 2045, 97.8863, 2049, 97.8863, 2050, 100.0000, 2060, 100.0000)",%,ASEAN Coordinated Transition,"High_eff kWh drift 2026-08-13 (apply_higheff_kwh_drift.py; rates: AC 0.5%/yr, Fridge 2.0%/yr, ultimate-frontier floored)",ACT turnover staircase: holds 49.31% to 2029; MEPS-2030 binds new sales and the fleet average climbs in plateaus as the pre-2030 stock retires (Weibull survival from the exo curve); piecewise constant for the LP; no retroactive fleet upgrade
Brunei,Demand\Residential\Projections\Refrigeration_\Medium\High_eff,Efficiency,"Interp(2014, 49.3075, 2029, 49.3075, 2030, 55.4361, 2034, 55.4361, 2035, 70.2691, 2039, 70.2691, 2040, 87.8500, 2044, 87.8500, 2045, 97.8863, 2049, 97.8863, 2050, 100.0000, 2060, 100.0000)",%,ASEAN Coordinated Transition,"High_eff kWh drift 2026-08-13 (apply_higheff_kwh_drift.py; rates: AC 0.5%/yr, Fridge 2.0%/yr, ultimate-frontier floored)",ACT turnover staircase: holds 49.31% to 2029; MEPS-2030 binds new sales and the fleet average climbs in plateaus as the pre-2030 stock retires (Weibull survival from the exo curve); piecewise constant for the LP; no retroactive fleet upgrade
Brunei,Demand\Residential\Projections\Refrigeration_\Small\High_eff,Efficiency,"Interp(2014, 49.3075, 2029, 49.3075, 2030, 55.4361, 2034, 55.4361, 2035, 70.2691, 2039, 70.2691, 2040, 87.8500, 2044, 87.8500, 2045, 97.8863, 2049, 97.8863, 2050, 100.0000, 2060, 100.0000)",%,ASEAN Coordinated Transition,"High_eff kWh drift 2026-08-13 (apply_higheff_kwh_drift.py; rates: AC 0.5%/yr, Fridge 2.0%/yr, ultimate-frontier floored)",ACT turnover staircase: holds 49.31% to 2029; MEPS-2030 binds new sales and the fleet average climbs in plateaus as the pre-2030 stock retires (Weibull survival from the exo curve); piecewise constant for the LP; no retroactive fleet upgrade
Cambodia,Demand\Residential\Projections\Refrigeration_\Large\High_eff,Efficiency,"Interp(2014, 49.3075, 2029, 49.3075, 2030, 55.4361, 2034, 55.4361, 2035, 70.2691, 2039, 70.2691, 2040, 87.8500, 2044, 87.8500, 2045, 97.8863, 2049, 97.8863, 2050, 100.0000, 2060, 100.0000)",%,ASEAN Coordinated Transition,"High_eff kWh drift 2026-08-13 (apply_higheff_kwh_drift.py; rates: AC 0.5%/yr, Fridge 2.0%/yr, ultimate-frontier floored)",ACT turnover staircase: holds 49.31% to 2029; MEPS-2030 binds new sales and the fleet average climbs in plateaus as the pre-2030 stock retires (Weibull survival from the exo curve); piecewise constant for the LP; no retroactive fleet upgrade
Cambodia,Demand\Residential\Projections\Refrigeration_\Medium\High_eff,Efficiency,"Interp(2014, 49.3075, 2029, 49.3075, 2030, 55.4361, 2034, 55.4361, 2035, 70.2691, 2039, 70.2691, 2040, 87.8500, 2044, 87.8500, 2045, 97.8863, 2049, 97.8863, 2050, 100.0000, 2060, 100.0000)",%,ASEAN Coordinated Transition,"High_eff kWh drift 2026-08-13 (apply_higheff_kwh_drift.py; rates: AC 0.5%/yr, Fridge 2.0%/yr, ultimate-frontier floored)",ACT turnover staircase: holds 49.31% to 2029; MEPS-2030 binds new sales and the fleet average climbs in plateaus as the pre-2030 stock retires (Weibull survival from the exo curve); piecewise constant for the LP; no retroactive fleet upgrade
Cambodia,Demand\Residential\Projections\Refrigeration_\Small\High_eff,Efficiency,"Interp(2014, 49.3075, 2029, 49.3075, 2030, 55.4361, 2034, 55.4361, 2035, 70.2691, 2039, 70.2691, 2040, 87.8500, 2044, 87.8500, 2045, 97.8863, 2049, 97.8863, 2050, 100.0000, 2060, 100.0000)",%,ASEAN Coordinated Transition,"High_eff kWh drift 2026-08-13 (apply_higheff_kwh_drift.py; rates: AC 0.5%/yr, Fridge 2.0%/yr, ultimate-frontier floored)",ACT turnover staircase: holds 49.31% to 2029; MEPS-2030 binds new sales and the fleet average climbs in plateaus as the pre-2030 stock retires (Weibull survival from the exo curve); piecewise constant for the LP; no retroactive fleet upgrade
Indonesia,Demand\Residential\Projections\Refrigeration_\Large\High_eff,Efficiency,"Interp(2014, 49.3075, 2029, 49.3075, 2030, 55.4361, 2034, 55.4361, 2035, 70.2691, 2039, 70.2691, 2040, 87.8500, 2044, 87.8500, 2045, 97.8863, 2049, 97.8863, 2050, 100.0000, 2060, 100.0000)",%,ASEAN Coordinated Transition,"High_eff kWh drift 2026-08-13 (apply_higheff_kwh_drift.py; rates: AC 0.5%/yr, Fridge 2.0%/yr, ultimate-frontier floored)",ACT turnover staircase: holds 49.31% to 2029; MEPS-2030 binds new sales and the fleet average climbs in plateaus as the pre-2030 stock retires (Weibull survival from the exo curve); piecewise constant for the LP; no retroactive fleet upgrade
Indonesia,Demand\Residential\Projections\Refrigeration_\Medium\High_eff,Efficiency,"Interp(2014, 49.3075, 2029, 49.3075, 2030, 55.4361, 2034, 55.4361, 2035, 70.2691, 2039, 70.2691, 2040, 87.8500, 2044, 87.8500, 2045, 97.8863, 2049, 97.8863, 2050, 100.0000, 2060, 100.0000)",%,ASEAN Coordinated Transition,"High_eff kWh drift 2026-08-13 (apply_higheff_kwh_drift.py; rates: AC 0.5%/yr, Fridge 2.0%/yr, ultimate-frontier floored)",ACT turnover staircase: holds 49.31% to 2029; MEPS-2030 binds new sales and the fleet average climbs in plateaus as the pre-2030 stock retires (Weibull survival from the exo curve); piecewise constant for the LP; no retroactive fleet upgrade
Indonesia,Demand\Residential\Projections\Refrigeration_\Small\High_eff,Efficiency,"Interp(2014, 49.3075, 2029, 49.3075, 2030, 55.4361, 2034, 55.4361, 2035, 70.2691, 2039, 70.2691, 2040, 87.8500, 2044, 87.8500, 2045, 97.8863, 2049, 97.8863, 2050, 100.0000, 2060, 100.0000)",%,ASEAN Coordinated Transition,"High_eff kWh drift 2026-08-13 (apply_higheff_kwh_drift.py; rates: AC 0.5%/yr, Fridge 2.0%/yr, ultimate-frontier floored)",ACT turnover staircase: holds 49.31% to 2029; MEPS-2030 binds new sales and the fleet average climbs in plateaus as the pre-2030 stock retires (Weibull survival from the exo curve); piecewise constant for the LP; no retroactive fleet upgrade
Laos,Demand\Residential\Projections\Refrigeration_\Large\High_eff,Efficiency,"Interp(2014, 49.3075, 2029, 49.3075, 2030, 55.4361, 2034, 55.4361, 2035, 70.2691, 2039, 70.2691, 2040, 87.8500, 2044, 87.8500, 2045, 97.8863, 2049, 97.8863, 2050, 100.0000, 2060, 100.0000)",%,ASEAN Coordinated Transition,"High_eff kWh drift 2026-08-13 (apply_higheff_kwh_drift.py; rates: AC 0.5%/yr, Fridge 2.0%/yr, ultimate-frontier floored)",ACT turnover staircase: holds 49.31% to 2029; MEPS-2030 binds new sales and the fleet average climbs in plateaus as the pre-2030 stock retires (Weibull survival from the exo curve); piecewise constant for the LP; no retroactive fleet upgrade
Laos,Demand\Residential\Projections\Refrigeration_\Medium\High_eff,Efficiency,"Interp(2014, 49.3075, 2029, 49.3075, 2030, 55.4361, 2034, 55.4361, 2035, 70.2691, 2039, 70.2691, 2040, 87.8500, 2044, 87.8500, 2045, 97.8863, 2049, 97.8863, 2050, 100.0000, 2060, 100.0000)",%,ASEAN Coordinated Transition,"High_eff kWh drift 2026-08-13 (apply_higheff_kwh_drift.py; rates: AC 0.5%/yr, Fridge 2.0%/yr, ultimate-frontier floored)",ACT turnover staircase: holds 49.31% to 2029; MEPS-2030 binds new sales and the fleet average climbs in plateaus as the pre-2030 stock retires (Weibull survival from the exo curve); piecewise constant for the LP; no retroactive fleet upgrade
Laos,Demand\Residential\Projections\Refrigeration_\Small\High_eff,Efficiency,"Interp(2014, 49.3075, 2029, 49.3075, 2030, 55.4361, 2034, 55.4361, 2035, 70.2691, 2039, 70.2691, 2040, 87.8500, 2044, 87.8500, 2045, 97.8863, 2049, 97.8863, 2050, 100.0000, 2060, 100.0000)",%,ASEAN Coordinated Transition,"High_eff kWh drift 2026-08-13 (apply_higheff_kwh_drift.py; rates: AC 0.5%/yr, Fridge 2.0%/yr, ultimate-frontier floored)",ACT turnover staircase: holds 49.31% to 2029; MEPS-2030 binds new sales and the fleet average climbs in plateaus as the pre-2030 stock retires (Weibull survival from the exo curve); piecewise constant for the LP; no retroactive fleet upgrade
Malaysia,Demand\Residential\Projections\Refrigeration_\Large\High_eff,Efficiency,"Interp(2014, 49.3075, 2029, 49.3075, 2030, 55.4361, 2034, 55.4361, 2035, 70.2691, 2039, 70.2691, 2040, 87.8500, 2044, 87.8500, 2045, 97.8863, 2049, 97.8863, 2050, 100.0000, 2060, 100.0000)",%,ASEAN Coordinated Transition,"High_eff kWh drift 2026-08-13 (apply_higheff_kwh_drift.py; rates: AC 0.5%/yr, Fridge 2.0%/yr, ultimate-frontier floored)",ACT turnover staircase: holds 49.31% to 2029; MEPS-2030 binds new sales and the fleet average climbs in plateaus as the pre-2030 stock retires (Weibull survival from the exo curve); piecewise constant for the LP; no retroactive fleet upgrade
Malaysia,Demand\Residential\Projections\Refrigeration_\Medium\High_eff,Efficiency,"Interp(2014, 49.3075, 2029, 49.3075, 2030, 55.4361, 2034, 55.4361, 2035, 70.2691, 2039, 70.2691, 2040, 87.8500, 2044, 87.8500, 2045, 97.8863, 2049, 97.8863, 2050, 100.0000, 2060, 100.0000)",%,ASEAN Coordinated Transition,"High_eff kWh drift 2026-08-13 (apply_higheff_kwh_drift.py; rates: AC 0.5%/yr, Fridge 2.0%/yr, ultimate-frontier floored)",ACT turnover staircase: holds 49.31% to 2029; MEPS-2030 binds new sales and the fleet average climbs in plateaus as the pre-2030 stock retires (Weibull survival from the exo curve); piecewise constant for the LP; no retroactive fleet upgrade
Malaysia,Demand\Residential\Projections\Refrigeration_\Small\High_eff,Efficiency,"Interp(2014, 49.3075, 2029, 49.3075, 2030, 55.4361, 2034, 55.4361, 2035, 70.2691, 2039, 70.2691, 2040, 87.8500, 2044, 87.8500, 2045, 97.8863, 2049, 97.8863, 2050, 100.0000, 2060, 100.0000)",%,ASEAN Coordinated Transition,"High_eff kWh drift 2026-08-13 (apply_higheff_kwh_drift.py; rates: AC 0.5%/yr, Fridge 2.0%/yr, ultimate-frontier floored)",ACT turnover staircase: holds 49.31% to 2029; MEPS-2030 binds new sales and the fleet average climbs in plateaus as the pre-2030 stock retires (Weibull survival from the exo curve); piecewise constant for the LP; no retroactive fleet upgrade
Myanmar,Demand\Residential\Projections\Refrigeration_\Large\High_eff,Efficiency,"Interp(2014, 49.3075, 2029, 49.3075, 2030, 55.4361, 2034, 55.4361, 2035, 70.2691, 2039, 70.2691, 2040, 87.8500, 2044, 87.8500, 2045, 97.8863, 2049, 97.8863, 2050, 100.0000, 2060, 100.0000)",%,ASEAN Coordinated Transition,"High_eff kWh drift 2026-08-13 (apply_higheff_kwh_drift.py; rates: AC 0.5%/yr, Fridge 2.0%/yr, ultimate-frontier floored)",ACT turnover staircase: holds 49.31% to 2029; MEPS-2030 binds new sales and the fleet average climbs in plateaus as the pre-2030 stock retires (Weibull survival from the exo curve); piecewise constant for the LP; no retroactive fleet upgrade
Myanmar,Demand\Residential\Projections\Refrigeration_\Medium\High_eff,Efficiency,"Interp(2014, 49.3075, 2029, 49.3075, 2030, 55.4361, 2034, 55.4361, 2035, 70.2691, 2039, 70.2691, 2040, 87.8500, 2044, 87.8500, 2045, 97.8863, 2049, 97.8863, 2050, 100.0000, 2060, 100.0000)",%,ASEAN Coordinated Transition,"High_eff kWh drift 2026-08-13 (apply_higheff_kwh_drift.py; rates: AC 0.5%/yr, Fridge 2.0%/yr, ultimate-frontier floored)",ACT turnover staircase: holds 49.31% to 2029; MEPS-2030 binds new sales and the fleet average climbs in plateaus as the pre-2030 stock retires (Weibull survival from the exo curve); piecewise constant for the LP; no retroactive fleet upgrade
Myanmar,Demand\Residential\Projections\Refrigeration_\Small\High_eff,Efficiency,"Interp(2014, 49.3075, 2029, 49.3075, 2030, 55.4361, 2034, 55.4361, 2035, 70.2691, 2039, 70.2691, 2040, 87.8500, 2044, 87.8500, 2045, 97.8863, 2049, 97.8863, 2050, 100.0000, 2060, 100.0000)",%,ASEAN Coordinated Transition,"High_eff kWh drift 2026-08-13 (apply_higheff_kwh_drift.py; rates: AC 0.5%/yr, Fridge 2.0%/yr, ultimate-frontier floored)",ACT turnover staircase: holds 49.31% to 2029; MEPS-2030 binds new sales and the fleet average climbs in plateaus as the pre-2030 stock retires (Weibull survival from the exo curve); piecewise constant for the LP; no retroactive fleet upgrade
Philippines,Demand\Residential\Projections\Refrigeration_\Large\High_eff,Efficiency,"Interp(2014, 49.3075, 2029, 49.3075, 2030, 55.4361, 2034, 55.4361, 2035, 70.2691, 2039, 70.2691, 2040, 87.8500, 2044, 87.8500, 2045, 97.8863, 2049, 97.8863, 2050, 100.0000, 2060, 100.0000)",%,ASEAN Coordinated Transition,"High_eff kWh drift 2026-08-13 (apply_higheff_kwh_drift.py; rates: AC 0.5%/yr, Fridge 2.0%/yr, ultimate-frontier floored)",ACT turnover staircase: holds 49.31% to 2029; MEPS-2030 binds new sales and the fleet average climbs in plateaus as the pre-2030 stock retires (Weibull survival from the exo curve); piecewise constant for the LP; no retroactive fleet upgrade
Philippines,Demand\Residential\Projections\Refrigeration_\Medium\High_eff,Efficiency,"Interp(2014, 49.3075, 2029, 49.3075, 2030, 55.4361, 2034, 55.4361, 2035, 70.2691, 2039, 70.2691, 2040, 87.8500, 2044, 87.8500, 2045, 97.8863, 2049, 97.8863, 2050, 100.0000, 2060, 100.0000)",%,ASEAN Coordinated Transition,"High_eff kWh drift 2026-08-13 (apply_higheff_kwh_drift.py; rates: AC 0.5%/yr, Fridge 2.0%/yr, ultimate-frontier floored)",ACT turnover staircase: holds 49.31% to 2029; MEPS-2030 binds new sales and the fleet average climbs in plateaus as the pre-2030 stock retires (Weibull survival from the exo curve); piecewise constant for the LP; no retroactive fleet upgrade
Philippines,Demand\Residential\Projections\Refrigeration_\Small\High_eff,Efficiency,"Interp(2014, 49.3075, 2029, 49.3075, 2030, 55.4361, 2034, 55.4361, 2035, 70.2691, 2039, 70.2691, 2040, 87.8500, 2044, 87.8500, 2045, 97.8863, 2049, 97.8863, 2050, 100.0000, 2060, 100.0000)",%,ASEAN Coordinated Transition,"High_eff kWh drift 2026-08-13 (apply_higheff_kwh_drift.py; rates: AC 0.5%/yr, Fridge 2.0%/yr, ultimate-frontier floored)",ACT turnover staircase: holds 49.31% to 2029; MEPS-2030 binds new sales and the fleet average climbs in plateaus as the pre-2030 stock retires (Weibull survival from the exo curve); piecewise constant for the LP; no retroactive fleet upgrade
Singapore,Demand\Residential\Projections\Refrigeration_\Large\High_eff,Efficiency,"Interp(2014, 49.3075, 2029, 49.3075, 2030, 55.4361, 2034, 55.4361, 2035, 70.2691, 2039, 70.2691, 2040, 87.8500, 2044, 87.8500, 2045, 97.8863, 2049, 97.8863, 2050, 100.0000, 2060, 100.0000)",%,ASEAN Coordinated Transition,"High_eff kWh drift 2026-08-13 (apply_higheff_kwh_drift.py; rates: AC 0.5%/yr, Fridge 2.0%/yr, ultimate-frontier floored)",ACT turnover staircase: holds 49.31% to 2029; MEPS-2030 binds new sales and the fleet average climbs in plateaus as the pre-2030 stock retires (Weibull survival from the exo curve); piecewise constant for the LP; no retroactive fleet upgrade
Singapore,Demand\Residential\Projections\Refrigeration_\Medium\High_eff,Efficiency,"Interp(2014, 49.3075, 2029, 49.3075, 2030, 55.4361, 2034, 55.4361, 2035, 70.2691, 2039, 70.2691, 2040, 87.8500, 2044, 87.8500, 2045, 97.8863, 2049, 97.8863, 2050, 100.0000, 2060, 100.0000)",%,ASEAN Coordinated Transition,"High_eff kWh drift 2026-08-13 (apply_higheff_kwh_drift.py; rates: AC 0.5%/yr, Fridge 2.0%/yr, ultimate-frontier floored)",ACT turnover staircase: holds 49.31% to 2029; MEPS-2030 binds new sales and the fleet average climbs in plateaus as the pre-2030 stock retires (Weibull survival from the exo curve); piecewise constant for the LP; no retroactive fleet upgrade
Singapore,Demand\Residential\Projections\Refrigeration_\Small\High_eff,Efficiency,"Interp(2014, 49.3075, 2029, 49.3075, 2030, 55.4361, 2034, 55.4361, 2035, 70.2691, 2039, 70.2691, 2040, 87.8500, 2044, 87.8500, 2045, 97.8863, 2049, 97.8863, 2050, 100.0000, 2060, 100.0000)",%,ASEAN Coordinated Transition,"High_eff kWh drift 2026-08-13 (apply_higheff_kwh_drift.py; rates: AC 0.5%/yr, Fridge 2.0%/yr, ultimate-frontier floored)",ACT turnover staircase: holds 49.31% to 2029; MEPS-2030 binds new sales and the fleet average climbs in plateaus as the pre-2030 stock retires (Weibull survival from the exo curve); piecewise constant for the LP; no retroactive fleet upgrade
Thailand,Demand\Residential\Projections\Refrigeration_\Large\High_eff,Efficiency,"Interp(2014, 49.3075, 2029, 49.3075, 2030, 55.4361, 2034, 55.4361, 2035, 70.2691, 2039, 70.2691, 2040, 87.8500, 2044, 87.8500, 2045, 97.8863, 2049, 97.8863, 2050, 100.0000, 2060, 100.0000)",%,ASEAN Coordinated Transition,"High_eff kWh drift 2026-08-13 (apply_higheff_kwh_drift.py; rates: AC 0.5%/yr, Fridge 2.0%/yr, ultimate-frontier floored)",ACT turnover staircase: holds 49.31% to 2029; MEPS-2030 binds new sales and the fleet average climbs in plateaus as the pre-2030 stock retires (Weibull survival from the exo curve); piecewise constant for the LP; no retroactive fleet upgrade
Thailand,Demand\Residential\Projections\Refrigeration_\Medium\High_eff,Efficiency,"Interp(2014, 49.3075, 2029, 49.3075, 2030, 55.4361, 2034, 55.4361, 2035, 70.2691, 2039, 70.2691, 2040, 87.8500, 2044, 87.8500, 2045, 97.8863, 2049, 97.8863, 2050, 100.0000, 2060, 100.0000)",%,ASEAN Coordinated Transition,"High_eff kWh drift 2026-08-13 (apply_higheff_kwh_drift.py; rates: AC 0.5%/yr, Fridge 2.0%/yr, ultimate-frontier floored)",ACT turnover staircase: holds 49.31% to 2029; MEPS-2030 binds new sales and the fleet average climbs in plateaus as the pre-2030 stock retires (Weibull survival from the exo curve); piecewise constant for the LP; no retroactive fleet upgrade
Thailand,Demand\Residential\Projections\Refrigeration_\Small\High_eff,Efficiency,"Interp(2014, 49.3075, 2029, 49.3075, 2030, 55.4361, 2034, 55.4361, 2035, 70.2691, 2039, 70.2691, 2040, 87.8500, 2044, 87.8500, 2045, 97.8863, 2049, 97.8863, 2050, 100.0000, 2060, 100.0000)",%,ASEAN Coordinated Transition,"High_eff kWh drift 2026-08-13 (apply_higheff_kwh_drift.py; rates: AC 0.5%/yr, Fridge 2.0%/yr, ultimate-frontier floored)",ACT turnover staircase: holds 49.31% to 2029; MEPS-2030 binds new sales and the fleet average climbs in plateaus as the pre-2030 stock retires (Weibull survival from the exo curve); piecewise constant for the LP; no retroactive fleet upgrade
Vietnam,Demand\Residential\Projections\Refrigeration_\Large\High_eff,Efficiency,"Interp(2014, 49.3075, 2029, 49.3075, 2030, 55.4361, 2034, 55.4361, 2035, 70.2691, 2039, 70.2691, 2040, 87.8500, 2044, 87.8500, 2045, 97.8863, 2049, 97.8863, 2050, 100.0000, 2060, 100.0000)",%,ASEAN Coordinated Transition,"High_eff kWh drift 2026-08-13 (apply_higheff_kwh_drift.py; rates: AC 0.5%/yr, Fridge 2.0%/yr, ultimate-frontier floored)",ACT turnover staircase: holds 49.31% to 2029; MEPS-2030 binds new sales and the fleet average climbs in plateaus as the pre-2030 stock retires (Weibull survival from the exo curve); piecewise constant for the LP; no retroactive fleet upgrade
Vietnam,Demand\Residential\Projections\Refrigeration_\Medium\High_eff,Efficiency,"Interp(2014, 49.3075, 2029, 49.3075, 2030, 55.4361, 2034, 55.4361, 2035, 70.2691, 2039, 70.2691, 2040, 87.8500, 2044, 87.8500, 2045, 97.8863, 2049, 97.8863, 2050, 100.0000, 2060, 100.0000)",%,ASEAN Coordinated Transition,"High_eff kWh drift 2026-08-13 (apply_higheff_kwh_drift.py; rates: AC 0.5%/yr, Fridge 2.0%/yr, ultimate-frontier floored)",ACT turnover staircase: holds 49.31% to 2029; MEPS-2030 binds new sales and the fleet average climbs in plateaus as the pre-2030 stock retires (Weibull survival from the exo curve); piecewise constant for the LP; no retroactive fleet upgrade
Vietnam,Demand\Residential\Projections\Refrigeration_\Small\High_eff,Efficiency,"Interp(2014, 49.3075, 2029, 49.3075, 2030, 55.4361, 2034, 55.4361, 2035, 70.2691, 2039, 70.2691, 2040, 87.8500, 2044, 87.8500, 2045, 97.8863, 2049, 97.8863, 2050, 100.0000, 2060, 100.0000)",%,ASEAN Coordinated Transition,"High_eff kWh drift 2026-08-13 (apply_higheff_kwh_drift.py; rates: AC 0.5%/yr, Fridge 2.0%/yr, ultimate-frontier floored)",ACT turnover staircase: holds 49.31% to 2029; MEPS-2030 binds new sales and the fleet average climbs in plateaus as the pre-2030 stock retires (Weibull survival from the exo curve); piecewise constant for the LP; no retroactive fleet upgrade
Brunei,Demand\Residential\Projections\Refrigeration_\Large\High_eff,Variable OM Cost,"Interp(2014, 4.056181, 2029, 4.056181, 2030, 3.607757, 2034, 3.607757, 2035, 2.846202, 2039, 2.846202, 2040, 2.276607, 2044, 2.276607, 2045, 2.043186, 2049, 2.043186, 2050, 2.000000, 2060, 2.000000)",U.S. Dollar per Gigajoule,ASEAN Coordinated Transition,electricity tariff (shared Fridge/Raw/electricity_tariffs.csv) / tier Efficiency x kWh-per-GJ: USD per GJ of device OUTPUT so each tier pays its true per-device bill (= tariff x final kWh),"ACT-only device panel; tier-differentiated rate — Low/Mid constant, High_eff declines with the drift to plain tariff at 2060; REPLACES the rev-3 flat rate (which equalized tier O&M and flipped ACT to cheap capex) and the older stale per-device values"
Brunei,Demand\Residential\Projections\Refrigeration_\Medium\High_eff,Variable OM Cost,"Interp(2014, 4.056181, 2029, 4.056181, 2030, 3.607757, 2034, 3.607757, 2035, 2.846202, 2039, 2.846202, 2040, 2.276607, 2044, 2.276607, 2045, 2.043186, 2049, 2.043186, 2050, 2.000000, 2060, 2.000000)",U.S. Dollar per Gigajoule,ASEAN Coordinated Transition,electricity tariff (shared Fridge/Raw/electricity_tariffs.csv) / tier Efficiency x kWh-per-GJ: USD per GJ of device OUTPUT so each tier pays its true per-device bill (= tariff x final kWh),"ACT-only device panel; tier-differentiated rate — Low/Mid constant, High_eff declines with the drift to plain tariff at 2060; REPLACES the rev-3 flat rate (which equalized tier O&M and flipped ACT to cheap capex) and the older stale per-device values"
Brunei,Demand\Residential\Projections\Refrigeration_\Small\High_eff,Variable OM Cost,"Interp(2014, 4.056181, 2029, 4.056181, 2030, 3.607757, 2034, 3.607757, 2035, 2.846202, 2039, 2.846202, 2040, 2.276607, 2044, 2.276607, 2045, 2.043186, 2049, 2.043186, 2050, 2.000000, 2060, 2.000000)",U.S. Dollar per Gigajoule,ASEAN Coordinated Transition,electricity tariff (shared Fridge/Raw/electricity_tariffs.csv) / tier Efficiency x kWh-per-GJ: USD per GJ of device OUTPUT so each tier pays its true per-device bill (= tariff x final kWh),"ACT-only device panel; tier-differentiated rate — Low/Mid constant, High_eff declines with the drift to plain tariff at 2060; REPLACES the rev-3 flat rate (which equalized tier O&M and flipped ACT to cheap capex) and the older stale per-device values"
Cambodia,Demand\Residential\Projections\Refrigeration_\Large\High_eff,Variable OM Cost,"Interp(2014, 84.503775, 2029, 84.503775, 2030, 75.161601, 2034, 75.161601, 2035, 59.295870, 2039, 59.295870, 2040, 47.429311, 2044, 47.429311, 2045, 42.566380, 2049, 42.566380, 2050, 41.666667, 2060, 41.666667)",U.S. Dollar per Gigajoule,ASEAN Coordinated Transition,electricity tariff (shared Fridge/Raw/electricity_tariffs.csv) / tier Efficiency x kWh-per-GJ: USD per GJ of device OUTPUT so each tier pays its true per-device bill (= tariff x final kWh),"ACT-only device panel; tier-differentiated rate — Low/Mid constant, High_eff declines with the drift to plain tariff at 2060; REPLACES the rev-3 flat rate (which equalized tier O&M and flipped ACT to cheap capex) and the older stale per-device values"
Cambodia,Demand\Residential\Projections\Refrigeration_\Medium\High_eff,Variable OM Cost,"Interp(2014, 84.503775, 2029, 84.503775, 2030, 75.161601, 2034, 75.161601, 2035, 59.295870, 2039, 59.295870, 2040, 47.429311, 2044, 47.429311, 2045, 42.566380, 2049, 42.566380, 2050, 41.666667, 2060, 41.666667)",U.S. Dollar per Gigajoule,ASEAN Coordinated Transition,electricity tariff (shared Fridge/Raw/electricity_tariffs.csv) / tier Efficiency x kWh-per-GJ: USD per GJ of device OUTPUT so each tier pays its true per-device bill (= tariff x final kWh),"ACT-only device panel; tier-differentiated rate — Low/Mid constant, High_eff declines with the drift to plain tariff at 2060; REPLACES the rev-3 flat rate (which equalized tier O&M and flipped ACT to cheap capex) and the older stale per-device values"
Cambodia,Demand\Residential\Projections\Refrigeration_\Small\High_eff,Variable OM Cost,"Interp(2014, 84.503775, 2029, 84.503775, 2030, 75.161601, 2034, 75.161601, 2035, 59.295870, 2039, 59.295870, 2040, 47.429311, 2044, 47.429311, 2045, 42.566380, 2049, 42.566380, 2050, 41.666667, 2060, 41.666667)",U.S. Dollar per Gigajoule,ASEAN Coordinated Transition,electricity tariff (shared Fridge/Raw/electricity_tariffs.csv) / tier Efficiency x kWh-per-GJ: USD per GJ of device OUTPUT so each tier pays its true per-device bill (= tariff x final kWh),"ACT-only device panel; tier-differentiated rate — Low/Mid constant, High_eff declines with the drift to plain tariff at 2060; REPLACES the rev-3 flat rate (which equalized tier O&M and flipped ACT to cheap capex) and the older stale per-device values"
Indonesia,Demand\Residential\Projections\Refrigeration_\Large\High_eff,Variable OM Cost,"Interp(2014, 56.899208, 2029, 56.899208, 2030, 50.608811, 2034, 50.608811, 2035, 39.925886, 2039, 39.925886, 2040, 31.935736, 2044, 31.935736, 2045, 28.661363, 2049, 28.661363, 2050, 28.055556, 2060, 28.055556)",U.S. Dollar per Gigajoule,ASEAN Coordinated Transition,electricity tariff (shared Fridge/Raw/electricity_tariffs.csv) / tier Efficiency x kWh-per-GJ: USD per GJ of device OUTPUT so each tier pays its true per-device bill (= tariff x final kWh),"ACT-only device panel; tier-differentiated rate — Low/Mid constant, High_eff declines with the drift to plain tariff at 2060; REPLACES the rev-3 flat rate (which equalized tier O&M and flipped ACT to cheap capex) and the older stale per-device values"
Indonesia,Demand\Residential\Projections\Refrigeration_\Medium\High_eff,Variable OM Cost,"Interp(2014, 56.899208, 2029, 56.899208, 2030, 50.608811, 2034, 50.608811, 2035, 39.925886, 2039, 39.925886, 2040, 31.935736, 2044, 31.935736, 2045, 28.661363, 2049, 28.661363, 2050, 28.055556, 2060, 28.055556)",U.S. Dollar per Gigajoule,ASEAN Coordinated Transition,electricity tariff (shared Fridge/Raw/electricity_tariffs.csv) / tier Efficiency x kWh-per-GJ: USD per GJ of device OUTPUT so each tier pays its true per-device bill (= tariff x final kWh),"ACT-only device panel; tier-differentiated rate — Low/Mid constant, High_eff declines with the drift to plain tariff at 2060; REPLACES the rev-3 flat rate (which equalized tier O&M and flipped ACT to cheap capex) and the older stale per-device values"
Indonesia,Demand\Residential\Projections\Refrigeration_\Small\High_eff,Variable OM Cost,"Interp(2014, 56.899208, 2029, 56.899208, 2030, 50.608811, 2034, 50.608811, 2035, 39.925886, 2039, 39.925886, 2040, 31.935736, 2044, 31.935736, 2045, 28.661363, 2049, 28.661363, 2050, 28.055556, 2060, 28.055556)",U.S. Dollar per Gigajoule,ASEAN Coordinated Transition,electricity tariff (shared Fridge/Raw/electricity_tariffs.csv) / tier Efficiency x kWh-per-GJ: USD per GJ of device OUTPUT so each tier pays its true per-device bill (= tariff x final kWh),"ACT-only device panel; tier-differentiated rate — Low/Mid constant, High_eff declines with the drift to plain tariff at 2060; REPLACES the rev-3 flat rate (which equalized tier O&M and flipped ACT to cheap capex) and the older stale per-device values"
Laos,Demand\Residential\Projections\Refrigeration_\Large\High_eff,Variable OM Cost,"Interp(2014, 44.223642, 2029, 44.223642, 2030, 39.334571, 2034, 39.334571, 2035, 31.031505, 2039, 31.031505, 2040, 24.821339, 2044, 24.821339, 2045, 22.276406, 2049, 22.276406, 2050, 21.805556, 2060, 21.805556)",U.S. Dollar per Gigajoule,ASEAN Coordinated Transition,electricity tariff (shared Fridge/Raw/electricity_tariffs.csv) / tier Efficiency x kWh-per-GJ: USD per GJ of device OUTPUT so each tier pays its true per-device bill (= tariff x final kWh),"ACT-only device panel; tier-differentiated rate — Low/Mid constant, High_eff declines with the drift to plain tariff at 2060; REPLACES the rev-3 flat rate (which equalized tier O&M and flipped ACT to cheap capex) and the older stale per-device values"
Laos,Demand\Residential\Projections\Refrigeration_\Medium\High_eff,Variable OM Cost,"Interp(2014, 44.223642, 2029, 44.223642, 2030, 39.334571, 2034, 39.334571, 2035, 31.031505, 2039, 31.031505, 2040, 24.821339, 2044, 24.821339, 2045, 22.276406, 2049, 22.276406, 2050, 21.805556, 2060, 21.805556)",U.S. Dollar per Gigajoule,ASEAN Coordinated Transition,electricity tariff (shared Fridge/Raw/electricity_tariffs.csv) / tier Efficiency x kWh-per-GJ: USD per GJ of device OUTPUT so each tier pays its true per-device bill (= tariff x final kWh),"ACT-only device panel; tier-differentiated rate — Low/Mid constant, High_eff declines with the drift to plain tariff at 2060; REPLACES the rev-3 flat rate (which equalized tier O&M and flipped ACT to cheap capex) and the older stale per-device values"
Laos,Demand\Residential\Projections\Refrigeration_\Small\High_eff,Variable OM Cost,"Interp(2014, 44.223642, 2029, 44.223642, 2030, 39.334571, 2034, 39.334571, 2035, 31.031505, 2039, 31.031505, 2040, 24.821339, 2044, 24.821339, 2045, 22.276406, 2049, 22.276406, 2050, 21.805556, 2060, 21.805556)",U.S. Dollar per Gigajoule,ASEAN Coordinated Transition,electricity tariff (shared Fridge/Raw/electricity_tariffs.csv) / tier Efficiency x kWh-per-GJ: USD per GJ of device OUTPUT so each tier pays its true per-device bill (= tariff x final kWh),"ACT-only device panel; tier-differentiated rate — Low/Mid constant, High_eff declines with the drift to plain tariff at 2060; REPLACES the rev-3 flat rate (which equalized tier O&M and flipped ACT to cheap capex) and the older stale per-device values"
Malaysia,Demand\Residential\Projections\Refrigeration_\Large\High_eff,Variable OM Cost,"Interp(2014, 34.364868, 2029, 34.364868, 2030, 30.565718, 2034, 30.565718, 2035, 24.113654, 2039, 24.113654, 2040, 19.287920, 2044, 19.287920, 2045, 17.310328, 2049, 17.310328, 2050, 16.944444, 2060, 16.944444)",U.S. Dollar per Gigajoule,ASEAN Coordinated Transition,electricity tariff (shared Fridge/Raw/electricity_tariffs.csv) / tier Efficiency x kWh-per-GJ: USD per GJ of device OUTPUT so each tier pays its true per-device bill (= tariff x final kWh),"ACT-only device panel; tier-differentiated rate — Low/Mid constant, High_eff declines with the drift to plain tariff at 2060; REPLACES the rev-3 flat rate (which equalized tier O&M and flipped ACT to cheap capex) and the older stale per-device values"
Malaysia,Demand\Residential\Projections\Refrigeration_\Medium\High_eff,Variable OM Cost,"Interp(2014, 34.364868, 2029, 34.364868, 2030, 30.565718, 2034, 30.565718, 2035, 24.113654, 2039, 24.113654, 2040, 19.287920, 2044, 19.287920, 2045, 17.310328, 2049, 17.310328, 2050, 16.944444, 2060, 16.944444)",U.S. Dollar per Gigajoule,ASEAN Coordinated Transition,electricity tariff (shared Fridge/Raw/electricity_tariffs.csv) / tier Efficiency x kWh-per-GJ: USD per GJ of device OUTPUT so each tier pays its true per-device bill (= tariff x final kWh),"ACT-only device panel; tier-differentiated rate — Low/Mid constant, High_eff declines with the drift to plain tariff at 2060; REPLACES the rev-3 flat rate (which equalized tier O&M and flipped ACT to cheap capex) and the older stale per-device values"
Malaysia,Demand\Residential\Projections\Refrigeration_\Small\High_eff,Variable OM Cost,"Interp(2014, 34.364868, 2029, 34.364868, 2030, 30.565718, 2034, 30.565718, 2035, 24.113654, 2039, 24.113654, 2040, 19.287920, 2044, 19.287920, 2045, 17.310328, 2049, 17.310328, 2050, 16.944444, 2060, 16.944444)",U.S. Dollar per Gigajoule,ASEAN Coordinated Transition,electricity tariff (shared Fridge/Raw/electricity_tariffs.csv) / tier Efficiency x kWh-per-GJ: USD per GJ of device OUTPUT so each tier pays its true per-device bill (= tariff x final kWh),"ACT-only device panel; tier-differentiated rate — Low/Mid constant, High_eff declines with the drift to plain tariff at 2060; REPLACES the rev-3 flat rate (which equalized tier O&M and flipped ACT to cheap capex) and the older stale per-device values"
Myanmar,Demand\Residential\Projections\Refrigeration_\Large\High_eff,Variable OM Cost,"Interp(2014, 48.955853, 2029, 48.955853, 2030, 43.543621, 2034, 43.543621, 2035, 34.352074, 2039, 34.352074, 2040, 27.477381, 2044, 27.477381, 2045, 24.660123, 2049, 24.660123, 2050, 24.138889, 2060, 24.138889)",U.S. Dollar per Gigajoule,ASEAN Coordinated Transition,electricity tariff (shared Fridge/Raw/electricity_tariffs.csv) / tier Efficiency x kWh-per-GJ: USD per GJ of device OUTPUT so each tier pays its true per-device bill (= tariff x final kWh),"ACT-only device panel; tier-differentiated rate — Low/Mid constant, High_eff declines with the drift to plain tariff at 2060; REPLACES the rev-3 flat rate (which equalized tier O&M and flipped ACT to cheap capex) and the older stale per-device values"
Myanmar,Demand\Residential\Projections\Refrigeration_\Medium\High_eff,Variable OM Cost,"Interp(2014, 48.955853, 2029, 48.955853, 2030, 43.543621, 2034, 43.543621, 2035, 34.352074, 2039, 34.352074, 2040, 27.477381, 2044, 27.477381, 2045, 24.660123, 2049, 24.660123, 2050, 24.138889, 2060, 24.138889)",U.S. Dollar per Gigajoule,ASEAN Coordinated Transition,electricity tariff (shared Fridge/Raw/electricity_tariffs.csv) / tier Efficiency x kWh-per-GJ: USD per GJ of device OUTPUT so each tier pays its true per-device bill (= tariff x final kWh),"ACT-only device panel; tier-differentiated rate — Low/Mid constant, High_eff declines with the drift to plain tariff at 2060; REPLACES the rev-3 flat rate (which equalized tier O&M and flipped ACT to cheap capex) and the older stale per-device values"
Myanmar,Demand\Residential\Projections\Refrigeration_\Small\High_eff,Variable OM Cost,"Interp(2014, 48.955853, 2029, 48.955853, 2030, 43.543621, 2034, 43.543621, 2035, 34.352074, 2039, 34.352074, 2040, 27.477381, 2044, 27.477381, 2045, 24.660123, 2049, 24.660123, 2050, 24.138889, 2060, 24.138889)",U.S. Dollar per Gigajoule,ASEAN Coordinated Transition,electricity tariff (shared Fridge/Raw/electricity_tariffs.csv) / tier Efficiency x kWh-per-GJ: USD per GJ of device OUTPUT so each tier pays its true per-device bill (= tariff x final kWh),"ACT-only device panel; tier-differentiated rate — Low/Mid constant, High_eff declines with the drift to plain tariff at 2060; REPLACES the rev-3 flat rate (which equalized tier O&M and flipped ACT to cheap capex) and the older stale per-device values"
Philippines,Demand\Residential\Projections\Refrigeration_\Large\High_eff,Variable OM Cost,"Interp(2014, 96.897662, 2029, 96.897662, 2030, 86.185302, 2034, 86.185302, 2035, 67.992597, 2039, 67.992597, 2040, 54.385610, 2044, 54.385610, 2045, 48.809449, 2049, 48.809449, 2050, 47.777778, 2060, 47.777778)",U.S. Dollar per Gigajoule,ASEAN Coordinated Transition,electricity tariff (shared Fridge/Raw/electricity_tariffs.csv) / tier Efficiency x kWh-per-GJ: USD per GJ of device OUTPUT so each tier pays its true per-device bill (= tariff x final kWh),"ACT-only device panel; tier-differentiated rate — Low/Mid constant, High_eff declines with the drift to plain tariff at 2060; REPLACES the rev-3 flat rate (which equalized tier O&M and flipped ACT to cheap capex) and the older stale per-device values"
Philippines,Demand\Residential\Projections\Refrigeration_\Medium\High_eff,Variable OM Cost,"Interp(2014, 96.897662, 2029, 96.897662, 2030, 86.185302, 2034, 86.185302, 2035, 67.992597, 2039, 67.992597, 2040, 54.385610, 2044, 54.385610, 2045, 48.809449, 2049, 48.809449, 2050, 47.777778, 2060, 47.777778)",U.S. Dollar per Gigajoule,ASEAN Coordinated Transition,electricity tariff (shared Fridge/Raw/electricity_tariffs.csv) / tier Efficiency x kWh-per-GJ: USD per GJ of device OUTPUT so each tier pays its true per-device bill (= tariff x final kWh),"ACT-only device panel; tier-differentiated rate — Low/Mid constant, High_eff declines with the drift to plain tariff at 2060; REPLACES the rev-3 flat rate (which equalized tier O&M and flipped ACT to cheap capex) and the older stale per-device values"
Philippines,Demand\Residential\Projections\Refrigeration_\Small\High_eff,Variable OM Cost,"Interp(2014, 96.897662, 2029, 96.897662, 2030, 86.185302, 2034, 86.185302, 2035, 67.992597, 2039, 67.992597, 2040, 54.385610, 2044, 54.385610, 2045, 48.809449, 2049, 48.809449, 2050, 47.777778, 2060, 47.777778)",U.S. Dollar per Gigajoule,ASEAN Coordinated Transition,electricity tariff (shared Fridge/Raw/electricity_tariffs.csv) / tier Efficiency x kWh-per-GJ: USD per GJ of device OUTPUT so each tier pays its true per-device bill (= tariff x final kWh),"ACT-only device panel; tier-differentiated rate — Low/Mid constant, High_eff declines with the drift to plain tariff at 2060; REPLACES the rev-3 flat rate (which equalized tier O&M and flipped ACT to cheap capex) and the older stale per-device values"
Singapore,Demand\Residential\Projections\Refrigeration_\Large\High_eff,Variable OM Cost,"Interp(2014, 96.334303, 2029, 96.334303, 2030, 85.684225, 2034, 85.684225, 2035, 67.597291, 2039, 67.597291, 2040, 54.069414, 2044, 54.069414, 2045, 48.525674, 2049, 48.525674, 2050, 47.500000, 2060, 47.500000)",U.S. Dollar per Gigajoule,ASEAN Coordinated Transition,electricity tariff (shared Fridge/Raw/electricity_tariffs.csv) / tier Efficiency x kWh-per-GJ: USD per GJ of device OUTPUT so each tier pays its true per-device bill (= tariff x final kWh),"ACT-only device panel; tier-differentiated rate — Low/Mid constant, High_eff declines with the drift to plain tariff at 2060; REPLACES the rev-3 flat rate (which equalized tier O&M and flipped ACT to cheap capex) and the older stale per-device values"
Singapore,Demand\Residential\Projections\Refrigeration_\Medium\High_eff,Variable OM Cost,"Interp(2014, 96.334303, 2029, 96.334303, 2030, 85.684225, 2034, 85.684225, 2035, 67.597291, 2039, 67.597291, 2040, 54.069414, 2044, 54.069414, 2045, 48.525674, 2049, 48.525674, 2050, 47.500000, 2060, 47.500000)",U.S. Dollar per Gigajoule,ASEAN Coordinated Transition,electricity tariff (shared Fridge/Raw/electricity_tariffs.csv) / tier Efficiency x kWh-per-GJ: USD per GJ of device OUTPUT so each tier pays its true per-device bill (= tariff x final kWh),"ACT-only device panel; tier-differentiated rate — Low/Mid constant, High_eff declines with the drift to plain tariff at 2060; REPLACES the rev-3 flat rate (which equalized tier O&M and flipped ACT to cheap capex) and the older stale per-device values"
Singapore,Demand\Residential\Projections\Refrigeration_\Small\High_eff,Variable OM Cost,"Interp(2014, 96.334303, 2029, 96.334303, 2030, 85.684225, 2034, 85.684225, 2035, 67.597291, 2039, 67.597291, 2040, 54.069414, 2044, 54.069414, 2045, 48.525674, 2049, 48.525674, 2050, 47.500000, 2060, 47.500000)",U.S. Dollar per Gigajoule,ASEAN Coordinated Transition,electricity tariff (shared Fridge/Raw/electricity_tariffs.csv) / tier Efficiency x kWh-per-GJ: USD per GJ of device OUTPUT so each tier pays its true per-device bill (= tariff x final kWh),"ACT-only device panel; tier-differentiated rate — Low/Mid constant, High_eff declines with the drift to plain tariff at 2060; REPLACES the rev-3 flat rate (which equalized tier O&M and flipped ACT to cheap capex) and the older stale per-device values"
Thailand,Demand\Residential\Projections\Refrigeration_\Large\High_eff,Variable OM Cost,"Interp(2014, 68.166378, 2029, 68.166378, 2030, 60.630358, 2034, 60.630358, 2035, 47.832001, 2039, 47.832001, 2040, 38.259644, 2044, 38.259644, 2045, 34.336880, 2049, 34.336880, 2050, 33.611111, 2060, 33.611111)",U.S. Dollar per Gigajoule,ASEAN Coordinated Transition,electricity tariff (shared Fridge/Raw/electricity_tariffs.csv) / tier Efficiency x kWh-per-GJ: USD per GJ of device OUTPUT so each tier pays its true per-device bill (= tariff x final kWh),"ACT-only device panel; tier-differentiated rate — Low/Mid constant, High_eff declines with the drift to plain tariff at 2060; REPLACES the rev-3 flat rate (which equalized tier O&M and flipped ACT to cheap capex) and the older stale per-device values"
Thailand,Demand\Residential\Projections\Refrigeration_\Medium\High_eff,Variable OM Cost,"Interp(2014, 68.166378, 2029, 68.166378, 2030, 60.630358, 2034, 60.630358, 2035, 47.832001, 2039, 47.832001, 2040, 38.259644, 2044, 38.259644, 2045, 34.336880, 2049, 34.336880, 2050, 33.611111, 2060, 33.611111)",U.S. Dollar per Gigajoule,ASEAN Coordinated Transition,electricity tariff (shared Fridge/Raw/electricity_tariffs.csv) / tier Efficiency x kWh-per-GJ: USD per GJ of device OUTPUT so each tier pays its true per-device bill (= tariff x final kWh),"ACT-only device panel; tier-differentiated rate — Low/Mid constant, High_eff declines with the drift to plain tariff at 2060; REPLACES the rev-3 flat rate (which equalized tier O&M and flipped ACT to cheap capex) and the older stale per-device values"
Thailand,Demand\Residential\Projections\Refrigeration_\Small\High_eff,Variable OM Cost,"Interp(2014, 68.166378, 2029, 68.166378, 2030, 60.630358, 2034, 60.630358, 2035, 47.832001, 2039, 47.832001, 2040, 38.259644, 2044, 38.259644, 2045, 34.336880, 2049, 34.336880, 2050, 33.611111, 2060, 33.611111)",U.S. Dollar per Gigajoule,ASEAN Coordinated Transition,electricity tariff (shared Fridge/Raw/electricity_tariffs.csv) / tier Efficiency x kWh-per-GJ: USD per GJ of device OUTPUT so each tier pays its true per-device bill (= tariff x final kWh),"ACT-only device panel; tier-differentiated rate — Low/Mid constant, High_eff declines with the drift to plain tariff at 2060; REPLACES the rev-3 flat rate (which equalized tier O&M and flipped ACT to cheap capex) and the older stale per-device values"
Vietnam,Demand\Residential\Projections\Refrigeration_\Large\High_eff,Variable OM Cost,"Interp(2014, 48.899518, 2029, 48.899518, 2030, 43.493513, 2034, 43.493513, 2035, 34.312543, 2039, 34.312543, 2040, 27.445761, 2044, 27.445761, 2045, 24.631745, 2049, 24.631745, 2050, 24.111111, 2060, 24.111111)",U.S. Dollar per Gigajoule,ASEAN Coordinated Transition,electricity tariff (shared Fridge/Raw/electricity_tariffs.csv) / tier Efficiency x kWh-per-GJ: USD per GJ of device OUTPUT so each tier pays its true per-device bill (= tariff x final kWh),"ACT-only device panel; tier-differentiated rate — Low/Mid constant, High_eff declines with the drift to plain tariff at 2060; REPLACES the rev-3 flat rate (which equalized tier O&M and flipped ACT to cheap capex) and the older stale per-device values"
Vietnam,Demand\Residential\Projections\Refrigeration_\Medium\High_eff,Variable OM Cost,"Interp(2014, 48.899518, 2029, 48.899518, 2030, 43.493513, 2034, 43.493513, 2035, 34.312543, 2039, 34.312543, 2040, 27.445761, 2044, 27.445761, 2045, 24.631745, 2049, 24.631745, 2050, 24.111111, 2060, 24.111111)",U.S. Dollar per Gigajoule,ASEAN Coordinated Transition,electricity tariff (shared Fridge/Raw/electricity_tariffs.csv) / tier Efficiency x kWh-per-GJ: USD per GJ of device OUTPUT so each tier pays its true per-device bill (= tariff x final kWh),"ACT-only device panel; tier-differentiated rate — Low/Mid constant, High_eff declines with the drift to plain tariff at 2060; REPLACES the rev-3 flat rate (which equalized tier O&M and flipped ACT to cheap capex) and the older stale per-device values"
Vietnam,Demand\Residential\Projections\Refrigeration_\Small\High_eff,Variable OM Cost,"Interp(2014, 48.899518, 2029, 48.899518, 2030, 43.493513, 2034, 43.493513, 2035, 34.312543, 2039, 34.312543, 2040, 27.445761, 2044, 27.445761, 2045, 24.631745, 2049, 24.631745, 2050, 24.111111, 2060, 24.111111)",U.S. Dollar per Gigajoule,ASEAN Coordinated Transition,electricity tariff (shared Fridge/Raw/electricity_tariffs.csv) / tier Efficiency x kWh-per-GJ: USD per GJ of device OUTPUT so each tier pays its true per-device bill (= tariff x final kWh),"ACT-only device panel; tier-differentiated rate — Low/Mid constant, High_eff declines with the drift to plain tariff at 2060; REPLACES the rev-3 flat rate (which equalized tier O&M and flipped ACT to cheap capex) and the older stale per-device values"
Brunei,Demand\Residential\Projections\Refrigeration_\Large\High_eff,Exogenous Devices,"Interp(2005, 4199, 2006, 4404, 2007, 4611, 2008, 4822, 2009, 5036, 2010, 5255, 2011, 5474, 2012, 5692, 2013, 5914, 2014, 6137, 2015, 6361, 2016, 6584, 2017, 6806, 2018, 7026, 2019, 7244, 2020, 7463, 2021, 7683, 2022, 7904, 2023, 8125, 2024, 8344, 2025, 8560, 2026, 7960, 2027, 7344, 2028, 6714, 2029, 6074, 2030, 5430, 2031, 4788, 2032, 4158, 2033, 3550, 2034, 2974, 2035, 2440, 2036, 1956, 2037, 1529, 2038, 1164, 2039, 860, 2040, 615, 2041, 425, 2042, 284, 2043, 182, 2044, 112, 2045, 66, 2046, 37, 2047, 20, 2048, 10, 2049, 5, 2050, 2, 2051, 1, 2052, 0, 2053, 0, 2054, 0, 2055, 0, 2056, 0, 2057, 0, 2058, 0, 2059, 0, 2060, 0) / 10^6",Device,ASEAN Coordinated Transition,"existing-fleet retirement survival (fridge_exo_device.csv, 2026-07-15 state; x1000 to actual Device, / 10^6 to the v0.92 LEAP-device basis)",ACT-only (device panel); pre-2025 fleet retiring; actual counts identical to v0.92 — authored VERBATIM in the v0.92 stored form '(actual counts) / 10^6' so exo sits on the same LEAP-device basis as Unit Capacity (*10^6) and Capital Cost (*10^6); rev-3's raw-count rows were off-basis
Brunei,Demand\Residential\Projections\Refrigeration_\Large\Low_eff,Exogenous Devices,"Interp(2005, 2680, 2006, 2811, 2007, 2943, 2008, 3078, 2009, 3215, 2010, 3354, 2011, 3494, 2012, 3633, 2013, 3775, 2014, 3917, 2015, 4060, 2016, 4203, 2017, 4345, 2018, 4485, 2019, 4624, 2020, 4764, 2021, 4904, 2022, 5045, 2023, 5186, 2024, 5326, 2025, 5464, 2026, 5081, 2027, 4688, 2028, 4286, 2029, 3877, 2030, 3466, 2031, 3056, 2032, 2654, 2033, 2266, 2034, 1898, 2035, 1557, 2036, 1248, 2037, 976, 2038, 743, 2039, 549, 2040, 393, 2041, 272, 2042, 181, 2043, 116, 2044, 71, 2045, 42, 2046, 24, 2047, 13, 2048, 6, 2049, 3, 2050, 1, 2051, 1, 2052, 0, 2053, 0, 2054, 0, 2055, 0, 2056, 0, 2057, 0, 2058, 0, 2059, 0, 2060, 0) / 10^6",Device,ASEAN Coordinated Transition,"existing-fleet retirement survival (fridge_exo_device.csv, 2026-07-15 state; x1000 to actual Device, / 10^6 to the v0.92 LEAP-device basis)",ACT-only (device panel); pre-2025 fleet retiring; actual counts identical to v0.92 — authored VERBATIM in the v0.92 stored form '(actual counts) / 10^6' so exo sits on the same LEAP-device basis as Unit Capacity (*10^6) and Capital Cost (*10^6); rev-3's raw-count rows were off-basis
Brunei,Demand\Residential\Projections\Refrigeration_\Large\Mid_eff,Exogenous Devices,"Interp(2005, 3355, 2006, 3518, 2007, 3684, 2008, 3852, 2009, 4023, 2010, 4198, 2011, 4373, 2012, 4548, 2013, 4724, 2014, 4903, 2015, 5082, 2016, 5260, 2017, 5438, 2018, 5613, 2019, 5788, 2020, 5962, 2021, 6138, 2022, 6315, 2023, 6491, 2024, 6666, 2025, 6839, 2026, 6360, 2027, 5868, 2028, 5364, 2029, 4853, 2030, 4338, 2031, 3825, 2032, 3322, 2033, 2836, 2034, 2376, 2035, 1949, 2036, 1563, 2037, 1222, 2038, 930, 2039, 687, 2040, 491, 2041, 340, 2042, 227, 2043, 145, 2044, 89, 2045, 53, 2046, 30, 2047, 16, 2048, 8, 2049, 4, 2050, 2, 2051, 1, 2052, 0, 2053, 0, 2054, 0, 2055, 0, 2056, 0, 2057, 0, 2058, 0, 2059, 0, 2060, 0) / 10^6",Device,ASEAN Coordinated Transition,"existing-fleet retirement survival (fridge_exo_device.csv, 2026-07-15 state; x1000 to actual Device, / 10^6 to the v0.92 LEAP-device basis)",ACT-only (device panel); pre-2025 fleet retiring; actual counts identical to v0.92 — authored VERBATIM in the v0.92 stored form '(actual counts) / 10^6' so exo sits on the same LEAP-device basis as Unit Capacity (*10^6) and Capital Cost (*10^6); rev-3's raw-count rows were off-basis
Brunei,Demand\Residential\Projections\Refrigeration_\Medium\High_eff,Exogenous Devices,"Interp(2005, 10801, 2006, 11327, 2007, 11860, 2008, 12402, 2009, 12953, 2010, 13516, 2011, 14080, 2012, 14641, 2013, 15211, 2014, 15785, 2015, 16361, 2016, 16935, 2017, 17507, 2018, 18072, 2019, 18634, 2020, 19196, 2021, 19762, 2022, 20331, 2023, 20898, 2024, 21461, 2025, 22019, 2026, 20476, 2027, 18891, 2028, 17271, 2029, 15624, 2030, 13966, 2031, 12315, 2032, 10695, 2033, 9131, 2034, 7649, 2035, 6275, 2036, 5031, 2037, 3934, 2038, 2993, 2039, 2211, 2040, 1582, 2041, 1094, 2042, 729, 2043, 468, 2044, 288, 2045, 169, 2046, 95, 2047, 51, 2048, 26, 2049, 12, 2050, 6, 2051, 2, 2052, 1, 2053, 0, 2054, 0, 2055, 0, 2056, 0, 2057, 0, 2058, 0, 2059, 0, 2060, 0) / 10^6",Device,ASEAN Coordinated Transition,"existing-fleet retirement survival (fridge_exo_device.csv, 2026-07-15 state; x1000 to actual Device, / 10^6 to the v0.92 LEAP-device basis)",ACT-only (device panel); pre-2025 fleet retiring; actual counts identical to v0.92 — authored VERBATIM in the v0.92 stored form '(actual counts) / 10^6' so exo sits on the same LEAP-device basis as Unit Capacity (*10^6) and Capital Cost (*10^6); rev-3's raw-count rows were off-basis
Brunei,Demand\Residential\Projections\Refrigeration_\Medium\Low_eff,Exogenous Devices,"Interp(2005, 6908, 2006, 7244, 2007, 7585, 2008, 7932, 2009, 8284, 2010, 8644, 2011, 9005, 2012, 9364, 2013, 9728, 2014, 10095, 2015, 10464, 2016, 10831, 2017, 11197, 2018, 11558, 2019, 11917, 2020, 12277, 2021, 12639, 2022, 13003, 2023, 13366, 2024, 13726, 2025, 14083, 2026, 13096, 2027, 12082, 2028, 11046, 2029, 9993, 2030, 8932, 2031, 7876, 2032, 6840, 2033, 5840, 2034, 4892, 2035, 4013, 2036, 3218, 2037, 2516, 2038, 1914, 2039, 1414, 2040, 1012, 2041, 700, 2042, 467, 2043, 299, 2044, 184, 2045, 108, 2046, 61, 2047, 33, 2048, 17, 2049, 8, 2050, 4, 2051, 2, 2052, 1, 2053, 0, 2054, 0, 2055, 0, 2056, 0, 2057, 0, 2058, 0, 2059, 0, 2060, 0) / 10^6",Device,ASEAN Coordinated Transition,"existing-fleet retirement survival (fridge_exo_device.csv, 2026-07-15 state; x1000 to actual Device, / 10^6 to the v0.92 LEAP-device basis)",ACT-only (device panel); pre-2025 fleet retiring; actual counts identical to v0.92 — authored VERBATIM in the v0.92 stored form '(actual counts) / 10^6' so exo sits on the same LEAP-device basis as Unit Capacity (*10^6) and Capital Cost (*10^6); rev-3's raw-count rows were off-basis
Brunei,Demand\Residential\Projections\Refrigeration_\Medium\Mid_eff,Exogenous Devices,"Interp(2005, 8580, 2006, 8997, 2007, 9421, 2008, 9852, 2009, 10289, 2010, 10736, 2011, 11184, 2012, 11630, 2013, 12082, 2014, 12539, 2015, 12996, 2016, 13452, 2017, 13906, 2018, 14355, 2019, 14802, 2020, 15248, 2021, 15697, 2022, 16149, 2023, 16600, 2024, 17047, 2025, 17491, 2026, 16265, 2027, 15006, 2028, 13719, 2029, 12411, 2030, 11094, 2031, 9782, 2032, 8495, 2033, 7253, 2034, 6076, 2035, 4984, 2036, 3996, 2037, 3125, 2038, 2377, 2039, 1756, 2040, 1257, 2041, 869, 2042, 579, 2043, 372, 2044, 229, 2045, 135, 2046, 76, 2047, 41, 2048, 21, 2049, 10, 2050, 5, 2051, 2, 2052, 1, 2053, 0, 2054, 0, 2055, 0, 2056, 0, 2057, 0, 2058, 0, 2059, 0, 2060, 0) / 10^6",Device,ASEAN Coordinated Transition,"existing-fleet retirement survival (fridge_exo_device.csv, 2026-07-15 state; x1000 to actual Device, / 10^6 to the v0.92 LEAP-device basis)",ACT-only (device panel); pre-2025 fleet retiring; actual counts identical to v0.92 — authored VERBATIM in the v0.92 stored form '(actual counts) / 10^6' so exo sits on the same LEAP-device basis as Unit Capacity (*10^6) and Capital Cost (*10^6); rev-3's raw-count rows were off-basis
Brunei,Demand\Residential\Projections\Refrigeration_\Small\High_eff,Exogenous Devices,"Interp(2005, 8245, 2006, 8647, 2007, 9054, 2008, 9468, 2009, 9888, 2010, 10318, 2011, 10748, 2012, 11177, 2013, 11612, 2014, 12050, 2015, 12489, 2016, 12928, 2017, 13364, 2018, 13796, 2019, 14225, 2020, 14654, 2021, 15086, 2022, 15520, 2023, 15953, 2024, 16383, 2025, 16809, 2026, 15631, 2027, 14421, 2028, 13184, 2029, 11927, 2030, 10661, 2031, 9401, 2032, 8164, 2033, 6970, 2034, 5839, 2035, 4790, 2036, 3841, 2037, 3003, 2038, 2285, 2039, 1688, 2040, 1208, 2041, 835, 2042, 557, 2043, 357, 2044, 220, 2045, 129, 2046, 73, 2047, 39, 2048, 20, 2049, 10, 2050, 4, 2051, 2, 2052, 1, 2053, 0, 2054, 0, 2055, 0, 2056, 0, 2057, 0, 2058, 0, 2059, 0, 2060, 0) / 10^6",Device,ASEAN Coordinated Transition,"existing-fleet retirement survival (fridge_exo_device.csv, 2026-07-15 state; x1000 to actual Device, / 10^6 to the v0.92 LEAP-device basis)",ACT-only (device panel); pre-2025 fleet retiring; actual counts identical to v0.92 — authored VERBATIM in the v0.92 stored form '(actual counts) / 10^6' so exo sits on the same LEAP-device basis as Unit Capacity (*10^6) and Capital Cost (*10^6); rev-3's raw-count rows were off-basis
Brunei,Demand\Residential\Projections\Refrigeration_\Small\Low_eff,Exogenous Devices,"Interp(2005, 9396, 2006, 9853, 2007, 10317, 2008, 10789, 2009, 11268, 2010, 11757, 2011, 12248, 2012, 12736, 2013, 13232, 2014, 13731, 2015, 14232, 2016, 14732, 2017, 15229, 2018, 15720, 2019, 16209, 2020, 16699, 2021, 17190, 2022, 17685, 2023, 18179, 2024, 18669, 2025, 19154, 2026, 17812, 2027, 16433, 2028, 15024, 2029, 13591, 2030, 12149, 2031, 10713, 2032, 9303, 2033, 7943, 2034, 6654, 2035, 5459, 2036, 4376, 2037, 3422, 2038, 2603, 2039, 1923, 2040, 1376, 2041, 952, 2042, 635, 2043, 407, 2044, 250, 2045, 147, 2046, 83, 2047, 44, 2048, 23, 2049, 11, 2050, 5, 2051, 2, 2052, 1, 2053, 0, 2054, 0, 2055, 0, 2056, 0, 2057, 0, 2058, 0, 2059, 0, 2060, 0) / 10^6",Device,ASEAN Coordinated Transition,"existing-fleet retirement survival (fridge_exo_device.csv, 2026-07-15 state; x1000 to actual Device, / 10^6 to the v0.92 LEAP-device basis)",ACT-only (device panel); pre-2025 fleet retiring; actual counts identical to v0.92 — authored VERBATIM in the v0.92 stored form '(actual counts) / 10^6' so exo sits on the same LEAP-device basis as Unit Capacity (*10^6) and Capital Cost (*10^6); rev-3's raw-count rows were off-basis
Brunei,Demand\Residential\Projections\Refrigeration_\Small\Mid_eff,Exogenous Devices,"Interp(2005, 2505, 2006, 2627, 2007, 2750, 2008, 2876, 2009, 3004, 2010, 3134, 2011, 3265, 2012, 3395, 2013, 3527, 2014, 3660, 2015, 3794, 2016, 3927, 2017, 4060, 2018, 4191, 2019, 4321, 2020, 4452, 2021, 4583, 2022, 4715, 2023, 4846, 2024, 4977, 2025, 5106, 2026, 4748, 2027, 4381, 2028, 4005, 2029, 3623, 2030, 3239, 2031, 2856, 2032, 2480, 2033, 2118, 2034, 1774, 2035, 1455, 2036, 1167, 2037, 912, 2038, 694, 2039, 513, 2040, 367, 2041, 254, 2042, 169, 2043, 108, 2044, 67, 2045, 39, 2046, 22, 2047, 12, 2048, 6, 2049, 3, 2050, 1, 2051, 1, 2052, 0, 2053, 0, 2054, 0, 2055, 0, 2056, 0, 2057, 0, 2058, 0, 2059, 0, 2060, 0) / 10^6",Device,ASEAN Coordinated Transition,"existing-fleet retirement survival (fridge_exo_device.csv, 2026-07-15 state; x1000 to actual Device, / 10^6 to the v0.92 LEAP-device basis)",ACT-only (device panel); pre-2025 fleet retiring; actual counts identical to v0.92 — authored VERBATIM in the v0.92 stored form '(actual counts) / 10^6' so exo sits on the same LEAP-device basis as Unit Capacity (*10^6) and Capital Cost (*10^6); rev-3's raw-count rows were off-basis
Cambodia,Demand\Residential\Projections\Refrigeration_\Large\High_eff,Exogenous Devices,"Interp(2005, 47603, 2006, 49941, 2007, 52364, 2008, 54818, 2009, 57263, 2010, 59746, 2011, 62294, 2012, 64907, 2013, 67574, 2014, 70285, 2015, 73027, 2016, 75819, 2017, 78655, 2018, 81480, 2019, 84285, 2020, 87165, 2021, 90101, 2022, 93003, 2023, 95930, 2024, 98892, 2025, 101854, 2026, 94854, 2027, 87639, 2028, 80233, 2029, 72680, 2030, 65047, 2031, 57426, 2032, 49926, 2033, 42667, 2034, 35776, 2035, 29376, 2036, 23571, 2037, 18444, 2038, 14043, 2039, 10380, 2040, 7433, 2041, 5143, 2042, 3431, 2043, 2201, 2044, 1355, 2045, 798, 2046, 449, 2047, 240, 2048, 122, 2049, 59, 2050, 27, 2051, 12, 2052, 5, 2053, 2, 2054, 1, 2055, 0, 2056, 0, 2057, 0, 2058, 0, 2059, 0, 2060, 0) / 10^6",Device,ASEAN Coordinated Transition,"existing-fleet retirement survival (fridge_exo_device.csv, 2026-07-15 state; x1000 to actual Device, / 10^6 to the v0.92 LEAP-device basis)",ACT-only (device panel); pre-2025 fleet retiring; actual counts identical to v0.92 — authored VERBATIM in the v0.92 stored form '(actual counts) / 10^6' so exo sits on the same LEAP-device basis as Unit Capacity (*10^6) and Capital Cost (*10^6); rev-3's raw-count rows were off-basis
Cambodia,Demand\Residential\Projections\Refrigeration_\Large\Low_eff,Exogenous Devices,"Interp(2005, 6620, 2006, 6945, 2007, 7282, 2008, 7624, 2009, 7964, 2010, 8309, 2011, 8663, 2012, 9027, 2013, 9398, 2014, 9775, 2015, 10156, 2016, 10544, 2017, 10939, 2018, 11332, 2019, 11722, 2020, 12122, 2021, 12531, 2022, 12934, 2023, 13341, 2024, 13753, 2025, 14165, 2026, 13192, 2027, 12188, 2028, 11158, 2029, 10108, 2030, 9046, 2031, 7986, 2032, 6943, 2033, 5934, 2034, 4976, 2035, 4085, 2036, 3278, 2037, 2565, 2038, 1953, 2039, 1444, 2040, 1034, 2041, 715, 2042, 477, 2043, 306, 2044, 188, 2045, 111, 2046, 62, 2047, 33, 2048, 17, 2049, 8, 2050, 4, 2051, 2, 2052, 1, 2053, 0, 2054, 0, 2055, 0, 2056, 0, 2057, 0, 2058, 0, 2059, 0, 2060, 0) / 10^6",Device,ASEAN Coordinated Transition,"existing-fleet retirement survival (fridge_exo_device.csv, 2026-07-15 state; x1000 to actual Device, / 10^6 to the v0.92 LEAP-device basis)",ACT-only (device panel); pre-2025 fleet retiring; actual counts identical to v0.92 — authored VERBATIM in the v0.92 stored form '(actual counts) / 10^6' so exo sits on the same LEAP-device basis as Unit Capacity (*10^6) and Capital Cost (*10^6); rev-3's raw-count rows were off-basis
Cambodia,Demand\Residential\Projections\Refrigeration_\Large\Mid_eff,Exogenous Devices,"Interp(2005, 26639, 2006, 27947, 2007, 29303, 2008, 30676, 2009, 32044, 2010, 33434, 2011, 34860, 2012, 36322, 2013, 37815, 2014, 39332, 2015, 40866, 2016, 42429, 2017, 44016, 2018, 45596, 2019, 47166, 2020, 48778, 2021, 50421, 2022, 52045, 2023, 53683, 2024, 55340, 2025, 56998, 2026, 53080, 2027, 49043, 2028, 44899, 2029, 40672, 2030, 36401, 2031, 32136, 2032, 27938, 2033, 23876, 2034, 20021, 2035, 16439, 2036, 13190, 2037, 10321, 2038, 7858, 2039, 5809, 2040, 4159, 2041, 2878, 2042, 1920, 2043, 1232, 2044, 758, 2045, 446, 2046, 251, 2047, 134, 2048, 68, 2049, 33, 2050, 15, 2051, 6, 2052, 3, 2053, 1, 2054, 0, 2055, 0, 2056, 0, 2057, 0, 2058, 0, 2059, 0, 2060, 0) / 10^6",Device,ASEAN Coordinated Transition,"existing-fleet retirement survival (fridge_exo_device.csv, 2026-07-15 state; x1000 to actual Device, / 10^6 to the v0.92 LEAP-device basis)",ACT-only (device panel); pre-2025 fleet retiring; actual counts identical to v0.92 — authored VERBATIM in the v0.92 stored form '(actual counts) / 10^6' so exo sits on the same LEAP-device basis as Unit Capacity (*10^6) and Capital Cost (*10^6); rev-3's raw-count rows were off-basis
Cambodia,Demand\Residential\Projections\Refrigeration_\Medium\High_eff,Exogenous Devices,"Interp(2005, 116957, 2006, 122703, 2007, 128655, 2008, 134685, 2009, 140691, 2010, 146793, 2011, 153054, 2012, 159473, 2013, 166026, 2014, 172688, 2015, 179423, 2016, 186284, 2017, 193252, 2018, 200192, 2019, 207085, 2020, 214160, 2021, 221375, 2022, 228505, 2023, 235697, 2024, 242972, 2025, 250250, 2026, 233051, 2027, 215326, 2028, 197129, 2029, 178570, 2030, 159818, 2031, 141094, 2032, 122665, 2033, 104830, 2034, 87901, 2035, 72175, 2036, 57913, 2037, 45315, 2038, 34503, 2039, 25504, 2040, 18262, 2041, 12636, 2042, 8429, 2043, 5407, 2044, 3328, 2045, 1960, 2046, 1102, 2047, 590, 2048, 300, 2049, 145, 2050, 66, 2051, 28, 2052, 11, 2053, 4, 2054, 2, 2055, 0, 2056, 0, 2057, 0, 2058, 0, 2059, 0, 2060, 0) / 10^6",Device,ASEAN Coordinated Transition,"existing-fleet retirement survival (fridge_exo_device.csv, 2026-07-15 state; x1000 to actual Device, / 10^6 to the v0.92 LEAP-device basis)",ACT-only (device panel); pre-2025 fleet retiring; actual counts identical to v0.92 — authored VERBATIM in the v0.92 stored form '(actual counts) / 10^6' so exo sits on the same LEAP-device basis as Unit Capacity (*10^6) and Capital Cost (*10^6); rev-3's raw-count rows were off-basis
Cambodia,Demand\Residential\Projections\Refrigeration_\Medium\Low_eff,Exogenous Devices,"Interp(2005, 16078, 2006, 16868, 2007, 17686, 2008, 18515, 2009, 19340, 2010, 20179, 2011, 21040, 2012, 21922, 2013, 22823, 2014, 23739, 2015, 24665, 2016, 25608, 2017, 26566, 2018, 27520, 2019, 28467, 2020, 29440, 2021, 30432, 2022, 31412, 2023, 32400, 2024, 33400, 2025, 34401, 2026, 32037, 2027, 29600, 2028, 27098, 2029, 24547, 2030, 21970, 2031, 19396, 2032, 16862, 2033, 14411, 2034, 12083, 2035, 9922, 2036, 7961, 2037, 6229, 2038, 4743, 2039, 3506, 2040, 2510, 2041, 1737, 2042, 1159, 2043, 743, 2044, 458, 2045, 270, 2046, 151, 2047, 81, 2048, 41, 2049, 20, 2050, 9, 2051, 4, 2052, 2, 2053, 1, 2054, 0, 2055, 0, 2056, 0, 2057, 0, 2058, 0, 2059, 0, 2060, 0) / 10^6",Device,ASEAN Coordinated Transition,"existing-fleet retirement survival (fridge_exo_device.csv, 2026-07-15 state; x1000 to actual Device, / 10^6 to the v0.92 LEAP-device basis)",ACT-only (device panel); pre-2025 fleet retiring; actual counts identical to v0.92 — authored VERBATIM in the v0.92 stored form '(actual counts) / 10^6' so exo sits on the same LEAP-device basis as Unit Capacity (*10^6) and Capital Cost (*10^6); rev-3's raw-count rows were off-basis
Cambodia,Demand\Residential\Projections\Refrigeration_\Medium\Mid_eff,Exogenous Devices,"Interp(2005, 65257, 2006, 68462, 2007, 71783, 2008, 75148, 2009, 78499, 2010, 81903, 2011, 85397, 2012, 88978, 2013, 92635, 2014, 96351, 2015, 100109, 2016, 103938, 2017, 107826, 2018, 111698, 2019, 115543, 2020, 119491, 2021, 123516, 2022, 127495, 2023, 131507, 2024, 135567, 2025, 139628, 2026, 130031, 2027, 120141, 2028, 109988, 2029, 99634, 2030, 89171, 2031, 78724, 2032, 68441, 2033, 58490, 2034, 49044, 2035, 40270, 2036, 32313, 2037, 25284, 2038, 19251, 2039, 14230, 2040, 10189, 2041, 7050, 2042, 4703, 2043, 3017, 2044, 1857, 2045, 1094, 2046, 615, 2047, 329, 2048, 167, 2049, 81, 2050, 37, 2051, 16, 2052, 6, 2053, 2, 2054, 1, 2055, 0, 2056, 0, 2057, 0, 2058, 0, 2059, 0, 2060, 0) / 10^6",Device,ASEAN Coordinated Transition,"existing-fleet retirement survival (fridge_exo_device.csv, 2026-07-15 state; x1000 to actual Device, / 10^6 to the v0.92 LEAP-device basis)",ACT-only (device panel); pre-2025 fleet retiring; actual counts identical to v0.92 — authored VERBATIM in the v0.92 stored form '(actual counts) / 10^6' so exo sits on the same LEAP-device basis as Unit Capacity (*10^6) and Capital Cost (*10^6); rev-3's raw-count rows were off-basis
Cambodia,Demand\Residential\Projections\Refrigeration_\Small\High_eff,Exogenous Devices,"Interp(2005, 616628, 2006, 646920, 2007, 678302, 2008, 710092, 2009, 741759, 2010, 773927, 2011, 806937, 2012, 840779, 2013, 875331, 2014, 910450, 2015, 945962, 2016, 982135, 2017, 1018873, 2018, 1055460, 2019, 1091799, 2020, 1129104, 2021, 1167141, 2022, 1204733, 2023, 1242649, 2024, 1281005, 2025, 1319379, 2026, 1228700, 2027, 1135249, 2028, 1039310, 2029, 941465, 2030, 842598, 2031, 743879, 2032, 646718, 2033, 552690, 2034, 463433, 2035, 380521, 2036, 305330, 2037, 238914, 2038, 181906, 2039, 134465, 2040, 96279, 2041, 66619, 2042, 44439, 2043, 28509, 2044, 17547, 2045, 10335, 2046, 5811, 2047, 3111, 2048, 1582, 2049, 762, 2050, 347, 2051, 149, 2052, 60, 2053, 23, 2054, 8, 2055, 3, 2056, 1, 2057, 0, 2058, 0, 2059, 0, 2060, 0) / 10^6",Device,ASEAN Coordinated Transition,"existing-fleet retirement survival (fridge_exo_device.csv, 2026-07-15 state; x1000 to actual Device, / 10^6 to the v0.92 LEAP-device basis)",ACT-only (device panel); pre-2025 fleet retiring; actual counts identical to v0.92 — authored VERBATIM in the v0.92 stored form '(actual counts) / 10^6' so exo sits on the same LEAP-device basis as Unit Capacity (*10^6) and Capital Cost (*10^6); rev-3's raw-count rows were off-basis
Cambodia,Demand\Residential\Projections\Refrigeration_\Small\Low_eff,Exogenous Devices,"Interp(2005, 468933, 2006, 491970, 2007, 515835, 2008, 540011, 2009, 564093, 2010, 588557, 2011, 613660, 2012, 639396, 2013, 665672, 2014, 692380, 2015, 719386, 2016, 746894, 2017, 774833, 2018, 802657, 2019, 830292, 2020, 858661, 2021, 887588, 2022, 916176, 2023, 945010, 2024, 974180, 2025, 1003362, 2026, 934403, 2027, 863335, 2028, 790375, 2029, 715966, 2030, 640780, 2031, 565706, 2032, 491817, 2033, 420310, 2034, 352432, 2035, 289379, 2036, 232198, 2037, 181690, 2038, 138336, 2039, 102258, 2040, 73218, 2041, 50662, 2042, 33795, 2043, 21681, 2044, 13344, 2045, 7860, 2046, 4419, 2047, 2366, 2048, 1203, 2049, 580, 2050, 264, 2051, 113, 2052, 46, 2053, 17, 2054, 6, 2055, 2, 2056, 1, 2057, 0, 2058, 0, 2059, 0, 2060, 0) / 10^6",Device,ASEAN Coordinated Transition,"existing-fleet retirement survival (fridge_exo_device.csv, 2026-07-15 state; x1000 to actual Device, / 10^6 to the v0.92 LEAP-device basis)",ACT-only (device panel); pre-2025 fleet retiring; actual counts identical to v0.92 — authored VERBATIM in the v0.92 stored form '(actual counts) / 10^6' so exo sits on the same LEAP-device basis as Unit Capacity (*10^6) and Capital Cost (*10^6); rev-3's raw-count rows were off-basis
Cambodia,Demand\Residential\Projections\Refrigeration_\Small\Mid_eff,Exogenous Devices,"Interp(2005, 211532, 2006, 221924, 2007, 232689, 2008, 243595, 2009, 254458, 2010, 265493, 2011, 276817, 2012, 288427, 2013, 300280, 2014, 312327, 2015, 324509, 2016, 336918, 2017, 349521, 2018, 362073, 2019, 374538, 2020, 387336, 2021, 400384, 2022, 413280, 2023, 426287, 2024, 439445, 2025, 452609, 2026, 421502, 2027, 389444, 2028, 356532, 2029, 322967, 2030, 289051, 2031, 255186, 2032, 221855, 2033, 189599, 2034, 158979, 2035, 130537, 2036, 104743, 2037, 81959, 2038, 62402, 2039, 46128, 2040, 33028, 2041, 22853, 2042, 15245, 2043, 9780, 2044, 6019, 2045, 3545, 2046, 1994, 2047, 1067, 2048, 543, 2049, 262, 2050, 119, 2051, 51, 2052, 21, 2053, 8, 2054, 3, 2055, 1, 2056, 0, 2057, 0, 2058, 0, 2059, 0, 2060, 0) / 10^6",Device,ASEAN Coordinated Transition,"existing-fleet retirement survival (fridge_exo_device.csv, 2026-07-15 state; x1000 to actual Device, / 10^6 to the v0.92 LEAP-device basis)",ACT-only (device panel); pre-2025 fleet retiring; actual counts identical to v0.92 — authored VERBATIM in the v0.92 stored form '(actual counts) / 10^6' so exo sits on the same LEAP-device basis as Unit Capacity (*10^6) and Capital Cost (*10^6); rev-3's raw-count rows were off-basis
Indonesia,Demand\Residential\Projections\Refrigeration_\Large\High_eff,Exogenous Devices,"Interp(2005, 1296630, 2006, 1354559, 2007, 1413850, 2008, 1474180, 2009, 1535188, 2010, 1596966, 2011, 1659857, 2012, 1723778, 2013, 1787932, 2014, 1852026, 2015, 1916024, 2016, 1979744, 2017, 2043050, 2018, 2106077, 2019, 2168978, 2020, 2230143, 2021, 2288261, 2022, 2345108, 2023, 2404327, 2024, 2465547, 2025, 2526257, 2026, 2347140, 2027, 2163628, 2028, 1976335, 2029, 1786412, 2030, 1595539, 2031, 1405898, 2032, 1220090, 2033, 1040997, 2034, 871593, 2035, 714714, 2036, 572820, 2037, 447765, 2038, 340625, 2039, 251605, 2040, 180043, 2041, 124515, 2042, 83026, 2043, 53247, 2044, 32764, 2045, 19294, 2046, 10847, 2047, 5807, 2048, 2953, 2049, 1422, 2050, 648, 2051, 278, 2052, 112, 2053, 42, 2054, 15, 2055, 5, 2056, 1, 2057, 0, 2058, 0, 2059, 0, 2060, 0) / 10^6",Device,ASEAN Coordinated Transition,"existing-fleet retirement survival (fridge_exo_device.csv, 2026-07-15 state; x1000 to actual Device, / 10^6 to the v0.92 LEAP-device basis)",ACT-only (device panel); pre-2025 fleet retiring; actual counts identical to v0.92 — authored VERBATIM in the v0.92 stored form '(actual counts) / 10^6' so exo sits on the same LEAP-device basis as Unit Capacity (*10^6) and Capital Cost (*10^6); rev-3's raw-count rows were off-basis
Indonesia,Demand\Residential\Projections\Refrigeration_\Large\Low_eff,Exogenous Devices,"Interp(2005, 428936, 2006, 448099, 2007, 467713, 2008, 487671, 2009, 507853, 2010, 528289, 2011, 549094, 2012, 570240, 2013, 591462, 2014, 612665, 2015, 633836, 2016, 654915, 2017, 675857, 2018, 696707, 2019, 717516, 2020, 737749, 2021, 756975, 2022, 775781, 2023, 795371, 2024, 815623, 2025, 835706, 2026, 776453, 2027, 715745, 2028, 653788, 2029, 590960, 2030, 527817, 2031, 465082, 2032, 403616, 2033, 344370, 2034, 288330, 2035, 236433, 2036, 189493, 2037, 148124, 2038, 112682, 2039, 83233, 2040, 59560, 2041, 41190, 2042, 27466, 2043, 17614, 2044, 10838, 2045, 6383, 2046, 3588, 2047, 1921, 2048, 977, 2049, 471, 2050, 214, 2051, 92, 2052, 37, 2053, 14, 2054, 5, 2055, 2, 2056, 0, 2057, 0, 2058, 0, 2059, 0, 2060, 0) / 10^6",Device,ASEAN Coordinated Transition,"existing-fleet retirement survival (fridge_exo_device.csv, 2026-07-15 state; x1000 to actual Device, / 10^6 to the v0.92 LEAP-device basis)",ACT-only (device panel); pre-2025 fleet retiring; actual counts identical to v0.92 — authored VERBATIM in the v0.92 stored form '(actual counts) / 10^6' so exo sits on the same LEAP-device basis as Unit Capacity (*10^6) and Capital Cost (*10^6); rev-3's raw-count rows were off-basis
Indonesia,Demand\Residential\Projections\Refrigeration_\Large\Mid_eff,Exogenous Devices,"Interp(2005, 851323, 2006, 889357, 2007, 928286, 2008, 967896, 2009, 1007952, 2010, 1048513, 2011, 1089805, 2012, 1131773, 2013, 1173895, 2014, 1215977, 2015, 1257996, 2016, 1299832, 2017, 1341397, 2018, 1382778, 2019, 1424077, 2020, 1464235, 2021, 1502394, 2022, 1539717, 2023, 1578598, 2024, 1618794, 2025, 1658653, 2026, 1541052, 2027, 1420564, 2028, 1297594, 2029, 1172897, 2030, 1047576, 2031, 923064, 2032, 801069, 2033, 683483, 2034, 572258, 2035, 469257, 2036, 376094, 2037, 293987, 2038, 223643, 2039, 165195, 2040, 118210, 2041, 81752, 2042, 54512, 2043, 34960, 2044, 21511, 2045, 12668, 2046, 7122, 2047, 3812, 2048, 1939, 2049, 934, 2050, 425, 2051, 182, 2052, 74, 2053, 28, 2054, 10, 2055, 3, 2056, 1, 2057, 0, 2058, 0, 2059, 0, 2060, 0) / 10^6",Device,ASEAN Coordinated Transition,"existing-fleet retirement survival (fridge_exo_device.csv, 2026-07-15 state; x1000 to actual Device, / 10^6 to the v0.92 LEAP-device basis)",ACT-only (device panel); pre-2025 fleet retiring; actual counts identical to v0.92 — authored VERBATIM in the v0.92 stored form '(actual counts) / 10^6' so exo sits on the same LEAP-device basis as Unit Capacity (*10^6) and Capital Cost (*10^6); rev-3's raw-count rows were off-basis
Indonesia,Demand\Residential\Projections\Refrigeration_\Medium\High_eff,Exogenous Devices,"Interp(2005, 739996, 2006, 773056, 2007, 806894, 2008, 841325, 2009, 876143, 2010, 911400, 2011, 947292, 2012, 983772, 2013, 1020385, 2014, 1056965, 2015, 1093489, 2016, 1129854, 2017, 1165983, 2018, 1201953, 2019, 1237851, 2020, 1272758, 2021, 1305927, 2022, 1338370, 2023, 1372166, 2024, 1407105, 2025, 1441753, 2026, 1339529, 2027, 1234798, 2028, 1127909, 2029, 1019518, 2030, 910585, 2031, 802356, 2032, 696314, 2033, 594104, 2034, 497424, 2035, 407892, 2036, 326912, 2037, 255542, 2038, 194397, 2039, 143593, 2040, 102752, 2041, 71061, 2042, 47383, 2043, 30388, 2044, 18698, 2045, 11011, 2046, 6190, 2047, 3314, 2048, 1685, 2049, 812, 2050, 370, 2051, 159, 2052, 64, 2053, 24, 2054, 9, 2055, 3, 2056, 1, 2057, 0, 2058, 0, 2059, 0, 2060, 0) / 10^6",Device,ASEAN Coordinated Transition,"existing-fleet retirement survival (fridge_exo_device.csv, 2026-07-15 state; x1000 to actual Device, / 10^6 to the v0.92 LEAP-device basis)",ACT-only (device panel); pre-2025 fleet retiring; actual counts identical to v0.92 — authored VERBATIM in the v0.92 stored form '(actual counts) / 10^6' so exo sits on the same LEAP-device basis as Unit Capacity (*10^6) and Capital Cost (*10^6); rev-3's raw-count rows were off-basis
Indonesia,Demand\Residential\Projections\Refrigeration_\Medium\Low_eff,Exogenous Devices,"Interp(2005, 245574, 2006, 256545, 2007, 267775, 2008, 279201, 2009, 290755, 2010, 302456, 2011, 314367, 2012, 326473, 2013, 338624, 2014, 350763, 2015, 362883, 2016, 374951, 2017, 386941, 2018, 398878, 2019, 410791, 2020, 422376, 2021, 433383, 2022, 444149, 2023, 455365, 2024, 466960, 2025, 478458, 2026, 444534, 2027, 409778, 2028, 374306, 2029, 338336, 2030, 302185, 2031, 266269, 2032, 231078, 2033, 197159, 2034, 165074, 2035, 135363, 2036, 108489, 2037, 84804, 2038, 64512, 2039, 47652, 2040, 34099, 2041, 23582, 2042, 15725, 2043, 10085, 2044, 6205, 2045, 3654, 2046, 2054, 2047, 1100, 2048, 559, 2049, 269, 2050, 123, 2051, 53, 2052, 21, 2053, 8, 2054, 3, 2055, 1, 2056, 0, 2057, 0, 2058, 0, 2059, 0, 2060, 0) / 10^6",Device,ASEAN Coordinated Transition,"existing-fleet retirement survival (fridge_exo_device.csv, 2026-07-15 state; x1000 to actual Device, / 10^6 to the v0.92 LEAP-device basis)",ACT-only (device panel); pre-2025 fleet retiring; actual counts identical to v0.92 — authored VERBATIM in the v0.92 stored form '(actual counts) / 10^6' so exo sits on the same LEAP-device basis as Unit Capacity (*10^6) and Capital Cost (*10^6); rev-3's raw-count rows were off-basis
Indonesia,Demand\Residential\Projections\Refrigeration_\Medium\Mid_eff,Exogenous Devices,"Interp(2005, 484599, 2006, 506249, 2007, 528409, 2008, 550956, 2009, 573757, 2010, 596846, 2011, 620351, 2012, 644240, 2013, 668217, 2014, 692172, 2015, 716090, 2016, 739904, 2017, 763564, 2018, 787120, 2019, 810628, 2020, 833488, 2021, 855209, 2022, 876454, 2023, 898587, 2024, 921467, 2025, 944156, 2026, 877214, 2027, 808628, 2028, 738630, 2029, 667649, 2030, 596312, 2031, 525437, 2032, 455993, 2033, 389060, 2034, 325747, 2035, 267115, 2036, 214084, 2037, 167346, 2038, 127304, 2039, 94034, 2040, 67289, 2041, 46536, 2042, 31030, 2043, 19900, 2044, 12245, 2045, 7211, 2046, 4054, 2047, 2170, 2048, 1103, 2049, 532, 2050, 242, 2051, 104, 2052, 42, 2053, 16, 2054, 6, 2055, 2, 2056, 1, 2057, 0, 2058, 0, 2059, 0, 2060, 0) / 10^6",Device,ASEAN Coordinated Transition,"existing-fleet retirement survival (fridge_exo_device.csv, 2026-07-15 state; x1000 to actual Device, / 10^6 to the v0.92 LEAP-device basis)",ACT-only (device panel); pre-2025 fleet retiring; actual counts identical to v0.92 — authored VERBATIM in the v0.92 stored form '(actual counts) / 10^6' so exo sits on the same LEAP-device basis as Unit Capacity (*10^6) and Capital Cost (*10^6); rev-3's raw-count rows were off-basis
Indonesia,Demand\Residential\Projections\Refrigeration_\Small\High_eff,Exogenous Devices,"Interp(2005, 9852427, 2006, 10292593, 2007, 10743120, 2008, 11201536, 2009, 11665104, 2010, 12134522, 2011, 12612398, 2012, 13098098, 2013, 13585574, 2014, 14072595, 2015, 14558882, 2016, 15043055, 2017, 15524085, 2018, 16002993, 2019, 16480950, 2020, 16945707, 2021, 17387319, 2022, 17819265, 2023, 18269239, 2024, 18734423, 2025, 19195722, 2026, 17834708, 2027, 16440291, 2028, 15017155, 2029, 13574025, 2030, 12123677, 2031, 10682694, 2032, 9270836, 2033, 7910002, 2034, 6622785, 2035, 5430745, 2036, 4352563, 2037, 3402333, 2038, 2588233, 2039, 1911816, 2040, 1368051, 2041, 946123, 2042, 630870, 2043, 404595, 2044, 248954, 2045, 146606, 2046, 82419, 2047, 44122, 2048, 22435, 2049, 10807, 2050, 4920, 2051, 2111, 2052, 852, 2053, 322, 2054, 114, 2055, 38, 2056, 12, 2057, 3, 2058, 1, 2059, 0, 2060, 0) / 10^6",Device,ASEAN Coordinated Transition,"existing-fleet retirement survival (fridge_exo_device.csv, 2026-07-15 state; x1000 to actual Device, / 10^6 to the v0.92 LEAP-device basis)",ACT-only (device panel); pre-2025 fleet retiring; actual counts identical to v0.92 — authored VERBATIM in the v0.92 stored form '(actual counts) / 10^6' so exo sits on the same LEAP-device basis as Unit Capacity (*10^6) and Capital Cost (*10^6); rev-3's raw-count rows were off-basis
Indonesia,Demand\Residential\Projections\Refrigeration_\Small\Low_eff,Exogenous Devices,"Interp(2005, 15212488, 2006, 15892119, 2007, 16587749, 2008, 17295558, 2009, 18011324, 2010, 18736122, 2011, 19473978, 2012, 20223915, 2013, 20976597, 2014, 21728573, 2015, 22479417, 2016, 23226996, 2017, 23969723, 2018, 24709174, 2019, 25447156, 2020, 26164758, 2021, 26846621, 2022, 27513561, 2023, 28208336, 2024, 28926596, 2025, 29638859, 2026, 27537406, 2027, 25384378, 2028, 23187007, 2029, 20958763, 2030, 18719377, 2031, 16494449, 2032, 14314492, 2033, 12213316, 2034, 10225809, 2035, 8385258, 2036, 6720508, 2037, 5253320, 2038, 3996321, 2039, 2951910, 2040, 2112318, 2041, 1460847, 2042, 974085, 2043, 624709, 2044, 384393, 2045, 226365, 2046, 127258, 2047, 68125, 2048, 34640, 2049, 16687, 2050, 7596, 2051, 3259, 2052, 1315, 2053, 497, 2054, 176, 2055, 58, 2056, 18, 2057, 5, 2058, 1, 2059, 0, 2060, 0) / 10^6",Device,ASEAN Coordinated Transition,"existing-fleet retirement survival (fridge_exo_device.csv, 2026-07-15 state; x1000 to actual Device, / 10^6 to the v0.92 LEAP-device basis)",ACT-only (device panel); pre-2025 fleet retiring; actual counts identical to v0.92 — authored VERBATIM in the v0.92 stored form '(actual counts) / 10^6' so exo sits on the same LEAP-device basis as Unit Capacity (*10^6) and Capital Cost (*10^6); rev-3's raw-count rows were off-basis
Indonesia,Demand\Residential\Projections\Refrigeration_\Small\Mid_eff,Exogenous Devices,"Interp(2005, 3627946, 2006, 3790028, 2007, 3955925, 2008, 4124726, 2009, 4295426, 2010, 4468279, 2011, 4644246, 2012, 4823095, 2013, 5002598, 2014, 5181932, 2015, 5360997, 2016, 5539284, 2017, 5716413, 2018, 5892760, 2019, 6068758, 2020, 6239895, 2021, 6402509, 2022, 6561564, 2023, 6727257, 2024, 6898551, 2025, 7068415, 2026, 6567250, 2027, 6053786, 2028, 5529747, 2029, 4998345, 2030, 4464285, 2031, 3933674, 2032, 3413787, 2033, 2912689, 2034, 2438699, 2035, 1999756, 2036, 1602738, 2037, 1252836, 2038, 953061, 2039, 703985, 2040, 503756, 2041, 348390, 2042, 232304, 2043, 148983, 2044, 91672, 2045, 53984, 2046, 30349, 2047, 16247, 2048, 8261, 2049, 3980, 2050, 1812, 2051, 777, 2052, 314, 2053, 119, 2054, 42, 2055, 14, 2056, 4, 2057, 1, 2058, 0, 2059, 0, 2060, 0) / 10^6",Device,ASEAN Coordinated Transition,"existing-fleet retirement survival (fridge_exo_device.csv, 2026-07-15 state; x1000 to actual Device, / 10^6 to the v0.92 LEAP-device basis)",ACT-only (device panel); pre-2025 fleet retiring; actual counts identical to v0.92 — authored VERBATIM in the v0.92 stored form '(actual counts) / 10^6' so exo sits on the same LEAP-device basis as Unit Capacity (*10^6) and Capital Cost (*10^6); rev-3's raw-count rows were off-basis
Laos,Demand\Residential\Projections\Refrigeration_\Large\High_eff,Exogenous Devices,"Interp(2005, 30204, 2006, 31578, 2007, 32995, 2008, 34449, 2009, 35937, 2010, 37460, 2011, 39016, 2012, 40607, 2013, 42231, 2014, 43883, 2015, 45607, 2016, 47423, 2017, 49297, 2018, 51216, 2019, 53175, 2020, 55177, 2021, 57206, 2022, 59264, 2023, 61360, 2024, 63483, 2025, 65633, 2026, 61212, 2027, 56640, 2028, 51928, 2029, 47105, 2030, 42215, 2031, 37315, 2032, 32479, 2033, 27787, 2034, 23322, 2035, 19167, 2036, 15392, 2037, 12053, 2038, 9183, 2039, 6792, 2040, 4866, 2041, 3369, 2042, 2248, 2043, 1443, 2044, 888, 2045, 524, 2046, 294, 2047, 158, 2048, 80, 2049, 39, 2050, 18, 2051, 7, 2052, 3, 2053, 1, 2054, 0, 2055, 0, 2056, 0, 2057, 0, 2058, 0, 2059, 0, 2060, 0) / 10^6",Device,ASEAN Coordinated Transition,"existing-fleet retirement survival (fridge_exo_device.csv, 2026-07-15 state; x1000 to actual Device, / 10^6 to the v0.92 LEAP-device basis)",ACT-only (device panel); pre-2025 fleet retiring; actual counts identical to v0.92 — authored VERBATIM in the v0.92 stored form '(actual counts) / 10^6' so exo sits on the same LEAP-device basis as Unit Capacity (*10^6) and Capital Cost (*10^6); rev-3's raw-count rows were off-basis
Laos,Demand\Residential\Projections\Refrigeration_\Large\Low_eff,Exogenous Devices,"Interp(2005, 4238, 2006, 4431, 2007, 4630, 2008, 4834, 2009, 5042, 2010, 5256, 2011, 5474, 2012, 5698, 2013, 5925, 2014, 6157, 2015, 6399, 2016, 6654, 2017, 6917, 2018, 7186, 2019, 7461, 2020, 7742, 2021, 8027, 2022, 8315, 2023, 8610, 2024, 8907, 2025, 9209, 2026, 8589, 2027, 7947, 2028, 7286, 2029, 6609, 2030, 5923, 2031, 5236, 2032, 4557, 2033, 3899, 2034, 3272, 2035, 2689, 2036, 2160, 2037, 1691, 2038, 1289, 2039, 953, 2040, 683, 2041, 473, 2042, 315, 2043, 202, 2044, 125, 2045, 73, 2046, 41, 2047, 22, 2048, 11, 2049, 5, 2050, 2, 2051, 1, 2052, 0, 2053, 0, 2054, 0, 2055, 0, 2056, 0, 2057, 0, 2058, 0, 2059, 0, 2060, 0) / 10^6",Device,ASEAN Coordinated Transition,"existing-fleet retirement survival (fridge_exo_device.csv, 2026-07-15 state; x1000 to actual Device, / 10^6 to the v0.92 LEAP-device basis)",ACT-only (device panel); pre-2025 fleet retiring; actual counts identical to v0.92 — authored VERBATIM in the v0.92 stored form '(actual counts) / 10^6' so exo sits on the same LEAP-device basis as Unit Capacity (*10^6) and Capital Cost (*10^6); rev-3's raw-count rows were off-basis
Laos,Demand\Residential\Projections\Refrigeration_\Large\Mid_eff,Exogenous Devices,"Interp(2005, 17154, 2006, 17934, 2007, 18739, 2008, 19564, 2009, 20410, 2010, 21274, 2011, 22158, 2012, 23062, 2013, 23984, 2014, 24922, 2015, 25901, 2016, 26933, 2017, 27997, 2018, 29087, 2019, 30200, 2020, 31337, 2021, 32489, 2022, 33658, 2023, 34848, 2024, 36054, 2025, 37275, 2026, 34764, 2027, 32167, 2028, 29492, 2029, 26752, 2030, 23975, 2031, 21193, 2032, 18446, 2033, 15781, 2034, 13245, 2035, 10886, 2036, 8742, 2037, 6845, 2038, 5215, 2039, 3858, 2040, 2764, 2041, 1913, 2042, 1277, 2043, 819, 2044, 505, 2045, 297, 2046, 167, 2047, 90, 2048, 46, 2049, 22, 2050, 10, 2051, 4, 2052, 2, 2053, 1, 2054, 0, 2055, 0, 2056, 0, 2057, 0, 2058, 0, 2059, 0, 2060, 0) / 10^6",Device,ASEAN Coordinated Transition,"existing-fleet retirement survival (fridge_exo_device.csv, 2026-07-15 state; x1000 to actual Device, / 10^6 to the v0.92 LEAP-device basis)",ACT-only (device panel); pre-2025 fleet retiring; actual counts identical to v0.92 — authored VERBATIM in the v0.92 stored form '(actual counts) / 10^6' so exo sits on the same LEAP-device basis as Unit Capacity (*10^6) and Capital Cost (*10^6); rev-3's raw-count rows were off-basis
Laos,Demand\Residential\Projections\Refrigeration_\Medium\High_eff,Exogenous Devices,"Interp(2005, 49915, 2006, 52185, 2007, 54527, 2008, 56928, 2009, 59388, 2010, 61905, 2011, 64476, 2012, 67105, 2013, 69789, 2014, 72519, 2015, 75368, 2016, 78369, 2017, 81467, 2018, 84638, 2019, 87875, 2020, 91183, 2021, 94536, 2022, 97938, 2023, 101402, 2024, 104910, 2025, 108462, 2026, 101156, 2027, 93600, 2028, 85814, 2029, 77844, 2030, 69762, 2031, 61666, 2032, 53674, 2033, 45920, 2034, 38542, 2035, 31675, 2036, 25437, 2037, 19918, 2038, 15176, 2039, 11225, 2040, 8041, 2041, 5567, 2042, 3715, 2043, 2384, 2044, 1468, 2045, 865, 2046, 487, 2047, 261, 2048, 133, 2049, 64, 2050, 29, 2051, 12, 2052, 5, 2053, 2, 2054, 1, 2055, 0, 2056, 0, 2057, 0, 2058, 0, 2059, 0, 2060, 0) / 10^6",Device,ASEAN Coordinated Transition,"existing-fleet retirement survival (fridge_exo_device.csv, 2026-07-15 state; x1000 to actual Device, / 10^6 to the v0.92 LEAP-device basis)",ACT-only (device panel); pre-2025 fleet retiring; actual counts identical to v0.92 — authored VERBATIM in the v0.92 stored form '(actual counts) / 10^6' so exo sits on the same LEAP-device basis as Unit Capacity (*10^6) and Capital Cost (*10^6); rev-3's raw-count rows were off-basis
Laos,Demand\Residential\Projections\Refrigeration_\Medium\Low_eff,Exogenous Devices,"Interp(2005, 7063, 2006, 7385, 2007, 7716, 2008, 8056, 2009, 8404, 2010, 8760, 2011, 9124, 2012, 9496, 2013, 9876, 2014, 10262, 2015, 10665, 2016, 11090, 2017, 11528, 2018, 11977, 2019, 12435, 2020, 12903, 2021, 13378, 2022, 13859, 2023, 14349, 2024, 14846, 2025, 15348, 2026, 14315, 2027, 13245, 2028, 12143, 2029, 11016, 2030, 9872, 2031, 8726, 2032, 7595, 2033, 6498, 2034, 5454, 2035, 4482, 2036, 3600, 2037, 2819, 2038, 2147, 2039, 1588, 2040, 1138, 2041, 788, 2042, 526, 2043, 337, 2044, 208, 2045, 122, 2046, 69, 2047, 37, 2048, 19, 2049, 9, 2050, 4, 2051, 2, 2052, 1, 2053, 0, 2054, 0, 2055, 0, 2056, 0, 2057, 0, 2058, 0, 2059, 0, 2060, 0) / 10^6",Device,ASEAN Coordinated Transition,"existing-fleet retirement survival (fridge_exo_device.csv, 2026-07-15 state; x1000 to actual Device, / 10^6 to the v0.92 LEAP-device basis)",ACT-only (device panel); pre-2025 fleet retiring; actual counts identical to v0.92 — authored VERBATIM in the v0.92 stored form '(actual counts) / 10^6' so exo sits on the same LEAP-device basis as Unit Capacity (*10^6) and Capital Cost (*10^6); rev-3's raw-count rows were off-basis
Laos,Demand\Residential\Projections\Refrigeration_\Medium\Mid_eff,Exogenous Devices,"Interp(2005, 28321, 2006, 29609, 2007, 30938, 2008, 32300, 2009, 33696, 2010, 35124, 2011, 36583, 2012, 38074, 2013, 39597, 2014, 41147, 2015, 42763, 2016, 44466, 2017, 46223, 2018, 48022, 2019, 49859, 2020, 51736, 2021, 53638, 2022, 55569, 2023, 57534, 2024, 59524, 2025, 61540, 2026, 57395, 2027, 53108, 2028, 48690, 2029, 44168, 2030, 39582, 2031, 34989, 2032, 30454, 2033, 26054, 2034, 21868, 2035, 17972, 2036, 14432, 2037, 11301, 2038, 8610, 2039, 6369, 2040, 4563, 2041, 3159, 2042, 2108, 2043, 1353, 2044, 833, 2045, 491, 2046, 276, 2047, 148, 2048, 75, 2049, 36, 2050, 16, 2051, 7, 2052, 3, 2053, 1, 2054, 0, 2055, 0, 2056, 0, 2057, 0, 2058, 0, 2059, 0, 2060, 0) / 10^6",Device,ASEAN Coordinated Transition,"existing-fleet retirement survival (fridge_exo_device.csv, 2026-07-15 state; x1000 to actual Device, / 10^6 to the v0.92 LEAP-device basis)",ACT-only (device panel); pre-2025 fleet retiring; actual counts identical to v0.92 — authored VERBATIM in the v0.92 stored form '(actual counts) / 10^6' so exo sits on the same LEAP-device basis as Unit Capacity (*10^6) and Capital Cost (*10^6); rev-3's raw-count rows were off-basis
Laos,Demand\Residential\Projections\Refrigeration_\Small\High_eff,Exogenous Devices,"Interp(2005, 258183, 2006, 269925, 2007, 282039, 2008, 294463, 2009, 307187, 2010, 320202, 2011, 333505, 2012, 347101, 2013, 360983, 2014, 375108, 2015, 389842, 2016, 405366, 2017, 421388, 2018, 437791, 2019, 454536, 2020, 471647, 2021, 488989, 2022, 506584, 2023, 524501, 2024, 542647, 2025, 561021, 2026, 523233, 2027, 484149, 2028, 443875, 2029, 402649, 2030, 360846, 2031, 318968, 2032, 277630, 2033, 237520, 2034, 199358, 2035, 163838, 2036, 131571, 2037, 103027, 2038, 78496, 2039, 58060, 2040, 41595, 2041, 28795, 2042, 19217, 2043, 12334, 2044, 7594, 2045, 4475, 2046, 2517, 2047, 1348, 2048, 686, 2049, 330, 2050, 150, 2051, 65, 2052, 26, 2053, 10, 2054, 3, 2055, 1, 2056, 0, 2057, 0, 2058, 0, 2059, 0, 2060, 0) / 10^6",Device,ASEAN Coordinated Transition,"existing-fleet retirement survival (fridge_exo_device.csv, 2026-07-15 state; x1000 to actual Device, / 10^6 to the v0.92 LEAP-device basis)",ACT-only (device panel); pre-2025 fleet retiring; actual counts identical to v0.92 — authored VERBATIM in the v0.92 stored form '(actual counts) / 10^6' so exo sits on the same LEAP-device basis as Unit Capacity (*10^6) and Capital Cost (*10^6); rev-3's raw-count rows were off-basis
Laos,Demand\Residential\Projections\Refrigeration_\Small\Low_eff,Exogenous Devices,"Interp(2005, 190038, 2006, 198681, 2007, 207598, 2008, 216742, 2009, 226108, 2010, 235688, 2011, 245480, 2012, 255487, 2013, 265705, 2014, 276102, 2015, 286947, 2016, 298374, 2017, 310167, 2018, 322240, 2019, 334566, 2020, 347161, 2021, 359926, 2022, 372877, 2023, 386064, 2024, 399421, 2025, 412945, 2026, 385131, 2027, 356363, 2028, 326719, 2029, 296374, 2030, 265604, 2031, 234780, 2032, 204352, 2033, 174829, 2034, 146739, 2035, 120595, 2036, 96844, 2037, 75834, 2038, 57778, 2039, 42735, 2040, 30616, 2041, 21195, 2042, 14145, 2043, 9078, 2044, 5590, 2045, 3294, 2046, 1853, 2047, 992, 2048, 505, 2049, 243, 2050, 111, 2051, 48, 2052, 19, 2053, 7, 2054, 3, 2055, 1, 2056, 0, 2057, 0, 2058, 0, 2059, 0, 2060, 0) / 10^6",Device,ASEAN Coordinated Transition,"existing-fleet retirement survival (fridge_exo_device.csv, 2026-07-15 state; x1000 to actual Device, / 10^6 to the v0.92 LEAP-device basis)",ACT-only (device panel); pre-2025 fleet retiring; actual counts identical to v0.92 — authored VERBATIM in the v0.92 stored form '(actual counts) / 10^6' so exo sits on the same LEAP-device basis as Unit Capacity (*10^6) and Capital Cost (*10^6); rev-3's raw-count rows were off-basis
Laos,Demand\Residential\Projections\Refrigeration_\Small\Mid_eff,Exogenous Devices,"Interp(2005, 87586, 2006, 91569, 2007, 95679, 2008, 99893, 2009, 104210, 2010, 108625, 2011, 113138, 2012, 117750, 2013, 122459, 2014, 127251, 2015, 132250, 2016, 137516, 2017, 142951, 2018, 148516, 2019, 154197, 2020, 160001, 2021, 165884, 2022, 171853, 2023, 177931, 2024, 184087, 2025, 190320, 2026, 177501, 2027, 164242, 2028, 150580, 2029, 136594, 2030, 122413, 2031, 108206, 2032, 94183, 2033, 80576, 2034, 67630, 2035, 55580, 2036, 44634, 2037, 34951, 2038, 26629, 2039, 19696, 2040, 14110, 2041, 9768, 2042, 6519, 2043, 4184, 2044, 2576, 2045, 1518, 2046, 854, 2047, 457, 2048, 233, 2049, 112, 2050, 51, 2051, 22, 2052, 9, 2053, 3, 2054, 1, 2055, 0, 2056, 0, 2057, 0, 2058, 0, 2059, 0, 2060, 0) / 10^6",Device,ASEAN Coordinated Transition,"existing-fleet retirement survival (fridge_exo_device.csv, 2026-07-15 state; x1000 to actual Device, / 10^6 to the v0.92 LEAP-device basis)",ACT-only (device panel); pre-2025 fleet retiring; actual counts identical to v0.92 — authored VERBATIM in the v0.92 stored form '(actual counts) / 10^6' so exo sits on the same LEAP-device basis as Unit Capacity (*10^6) and Capital Cost (*10^6); rev-3's raw-count rows were off-basis
Malaysia,Demand\Residential\Projections\Refrigeration_\Large\High_eff,Exogenous Devices,"Interp(2005, 270371, 2006, 285190, 2007, 300367, 2008, 315791, 2009, 331357, 2010, 346631, 2011, 361781, 2012, 377319, 2013, 393102, 2014, 409098, 2015, 425208, 2016, 441478, 2017, 457844, 2018, 474029, 2019, 490108, 2020, 506205, 2021, 522098, 2022, 537956, 2023, 554013, 2024, 570053, 2025, 586058, 2026, 545399, 2027, 503565, 2028, 460691, 2029, 417038, 2030, 372999, 2031, 329092, 2032, 285936, 2033, 244224, 2034, 204674, 2035, 167973, 2036, 134720, 2037, 105371, 2038, 80197, 2039, 59261, 2040, 42419, 2041, 29343, 2042, 19569, 2043, 12551, 2044, 7723, 2045, 4548, 2046, 2557, 2047, 1369, 2048, 696, 2049, 335, 2050, 153, 2051, 65, 2052, 26, 2053, 10, 2054, 4, 2055, 1, 2056, 0, 2057, 0, 2058, 0, 2059, 0, 2060, 0) / 10^6",Device,ASEAN Coordinated Transition,"existing-fleet retirement survival (fridge_exo_device.csv, 2026-07-15 state; x1000 to actual Device, / 10^6 to the v0.92 LEAP-device basis)",ACT-only (device panel); pre-2025 fleet retiring; actual counts identical to v0.92 — authored VERBATIM in the v0.92 stored form '(actual counts) / 10^6' so exo sits on the same LEAP-device basis as Unit Capacity (*10^6) and Capital Cost (*10^6); rev-3's raw-count rows were off-basis
Malaysia,Demand\Residential\Projections\Refrigeration_\Large\Low_eff,Exogenous Devices,"Interp(2005, 175908, 2006, 185549, 2007, 195424, 2008, 205459, 2009, 215587, 2010, 225524, 2011, 235381, 2012, 245490, 2013, 255759, 2014, 266166, 2015, 276648, 2016, 287233, 2017, 297881, 2018, 308411, 2019, 318872, 2020, 329346, 2021, 339686, 2022, 350003, 2023, 360450, 2024, 370886, 2025, 381300, 2026, 354846, 2027, 327628, 2028, 299733, 2029, 271332, 2030, 242680, 2031, 214113, 2032, 186035, 2033, 158897, 2034, 133165, 2035, 109286, 2036, 87651, 2037, 68556, 2038, 52177, 2039, 38556, 2040, 27598, 2041, 19091, 2042, 12732, 2043, 8166, 2044, 5025, 2045, 2959, 2046, 1664, 2047, 891, 2048, 453, 2049, 218, 2050, 99, 2051, 43, 2052, 17, 2053, 7, 2054, 2, 2055, 1, 2056, 0, 2057, 0, 2058, 0, 2059, 0, 2060, 0) / 10^6",Device,ASEAN Coordinated Transition,"existing-fleet retirement survival (fridge_exo_device.csv, 2026-07-15 state; x1000 to actual Device, / 10^6 to the v0.92 LEAP-device basis)",ACT-only (device panel); pre-2025 fleet retiring; actual counts identical to v0.92 — authored VERBATIM in the v0.92 stored form '(actual counts) / 10^6' so exo sits on the same LEAP-device basis as Unit Capacity (*10^6) and Capital Cost (*10^6); rev-3's raw-count rows were off-basis
Malaysia,Demand\Residential\Projections\Refrigeration_\Large\Mid_eff,Exogenous Devices,"Interp(2005, 217298, 2006, 229208, 2007, 241406, 2008, 253802, 2009, 266313, 2010, 278589, 2011, 290764, 2012, 303253, 2013, 315937, 2014, 328793, 2015, 341742, 2016, 354818, 2017, 367971, 2018, 380979, 2019, 393901, 2020, 406839, 2021, 419612, 2022, 432357, 2023, 445262, 2024, 458154, 2025, 471017, 2026, 438339, 2027, 404717, 2028, 370259, 2029, 335175, 2030, 299781, 2031, 264492, 2032, 229808, 2033, 196284, 2034, 164497, 2035, 135000, 2036, 108275, 2037, 84687, 2038, 64455, 2039, 47628, 2040, 34092, 2041, 23583, 2042, 15727, 2043, 10088, 2044, 6207, 2045, 3656, 2046, 2055, 2047, 1100, 2048, 559, 2049, 269, 2050, 123, 2051, 53, 2052, 21, 2053, 8, 2054, 3, 2055, 1, 2056, 0, 2057, 0, 2058, 0, 2059, 0, 2060, 0) / 10^6",Device,ASEAN Coordinated Transition,"existing-fleet retirement survival (fridge_exo_device.csv, 2026-07-15 state; x1000 to actual Device, / 10^6 to the v0.92 LEAP-device basis)",ACT-only (device panel); pre-2025 fleet retiring; actual counts identical to v0.92 — authored VERBATIM in the v0.92 stored form '(actual counts) / 10^6' so exo sits on the same LEAP-device basis as Unit Capacity (*10^6) and Capital Cost (*10^6); rev-3's raw-count rows were off-basis
Malaysia,Demand\Residential\Projections\Refrigeration_\Medium\High_eff,Exogenous Devices,"Interp(2005, 591811, 2006, 624248, 2007, 657470, 2008, 691232, 2009, 725303, 2010, 758738, 2011, 791898, 2012, 825910, 2013, 860456, 2014, 895470, 2015, 930734, 2016, 966346, 2017, 1002169, 2018, 1037596, 2019, 1072791, 2020, 1108027, 2021, 1142814, 2022, 1177526, 2023, 1212672, 2024, 1247783, 2025, 1282817, 2026, 1193818, 2027, 1102248, 2028, 1008401, 2029, 912849, 2030, 816454, 2031, 720345, 2032, 625882, 2033, 534580, 2034, 448009, 2035, 367674, 2036, 294886, 2037, 230644, 2038, 175542, 2039, 129716, 2040, 92850, 2041, 64228, 2042, 42834, 2043, 27474, 2044, 16906, 2045, 9956, 2046, 5597, 2047, 2996, 2048, 1523, 2049, 734, 2050, 334, 2051, 143, 2052, 58, 2053, 22, 2054, 8, 2055, 3, 2056, 1, 2057, 0, 2058, 0, 2059, 0, 2060, 0) / 10^6",Device,ASEAN Coordinated Transition,"existing-fleet retirement survival (fridge_exo_device.csv, 2026-07-15 state; x1000 to actual Device, / 10^6 to the v0.92 LEAP-device basis)",ACT-only (device panel); pre-2025 fleet retiring; actual counts identical to v0.92 — authored VERBATIM in the v0.92 stored form '(actual counts) / 10^6' so exo sits on the same LEAP-device basis as Unit Capacity (*10^6) and Capital Cost (*10^6); rev-3's raw-count rows were off-basis
Malaysia,Demand\Residential\Projections\Refrigeration_\Medium\Low_eff,Exogenous Devices,"Interp(2005, 383859, 2006, 404899, 2007, 426447, 2008, 448346, 2009, 470445, 2010, 492131, 2011, 513639, 2012, 535700, 2013, 558108, 2014, 580818, 2015, 603691, 2016, 626790, 2017, 650025, 2018, 673004, 2019, 695832, 2020, 718686, 2021, 741250, 2022, 763764, 2023, 786561, 2024, 809335, 2025, 832058, 2026, 774332, 2027, 714938, 2028, 654067, 2029, 592090, 2030, 529567, 2031, 467229, 2032, 405959, 2033, 346738, 2034, 290587, 2035, 238480, 2036, 191268, 2037, 149600, 2038, 113860, 2039, 84136, 2040, 60224, 2041, 41660, 2042, 27783, 2043, 17820, 2044, 10965, 2045, 6458, 2046, 3630, 2047, 1943, 2048, 988, 2049, 476, 2050, 217, 2051, 93, 2052, 37, 2053, 14, 2054, 5, 2055, 2, 2056, 0, 2057, 0, 2058, 0, 2059, 0, 2060, 0) / 10^6",Device,ASEAN Coordinated Transition,"existing-fleet retirement survival (fridge_exo_device.csv, 2026-07-15 state; x1000 to actual Device, / 10^6 to the v0.92 LEAP-device basis)",ACT-only (device panel); pre-2025 fleet retiring; actual counts identical to v0.92 — authored VERBATIM in the v0.92 stored form '(actual counts) / 10^6' so exo sits on the same LEAP-device basis as Unit Capacity (*10^6) and Capital Cost (*10^6); rev-3's raw-count rows were off-basis
Malaysia,Demand\Residential\Projections\Refrigeration_\Medium\Mid_eff,Exogenous Devices,"Interp(2005, 471980, 2006, 497849, 2007, 524344, 2008, 551270, 2009, 578443, 2010, 605107, 2011, 631553, 2012, 658678, 2013, 686230, 2014, 714154, 2015, 742277, 2016, 770679, 2017, 799248, 2018, 827502, 2019, 855571, 2020, 883672, 2021, 911415, 2022, 939098, 2023, 967128, 2024, 995130, 2025, 1023070, 2026, 952092, 2027, 879063, 2028, 804218, 2029, 728014, 2030, 651137, 2031, 574488, 2032, 499153, 2033, 426338, 2034, 357295, 2035, 293227, 2036, 235177, 2037, 183943, 2038, 139998, 2039, 103451, 2040, 74050, 2041, 51223, 2042, 34161, 2043, 21911, 2044, 13483, 2045, 7940, 2046, 4464, 2047, 2390, 2048, 1215, 2049, 585, 2050, 266, 2051, 114, 2052, 46, 2053, 17, 2054, 6, 2055, 2, 2056, 1, 2057, 0, 2058, 0, 2059, 0, 2060, 0) / 10^6",Device,ASEAN Coordinated Transition,"existing-fleet retirement survival (fridge_exo_device.csv, 2026-07-15 state; x1000 to actual Device, / 10^6 to the v0.92 LEAP-device basis)",ACT-only (device panel); pre-2025 fleet retiring; actual counts identical to v0.92 — authored VERBATIM in the v0.92 stored form '(actual counts) / 10^6' so exo sits on the same LEAP-device basis as Unit Capacity (*10^6) and Capital Cost (*10^6); rev-3's raw-count rows were off-basis
Malaysia,Demand\Residential\Projections\Refrigeration_\Small\High_eff,Exogenous Devices,"Interp(2005, 495346, 2006, 522495, 2007, 550302, 2008, 578561, 2009, 607079, 2010, 635063, 2011, 662818, 2012, 691286, 2013, 720201, 2014, 749508, 2015, 779024, 2016, 808831, 2017, 838815, 2018, 868467, 2019, 897926, 2020, 927418, 2021, 956535, 2022, 985588, 2023, 1015006, 2024, 1044393, 2025, 1073717, 2026, 999225, 2027, 922581, 2028, 844031, 2029, 764054, 2030, 683371, 2031, 602928, 2032, 523863, 2033, 447443, 2034, 374983, 2035, 307743, 2036, 246819, 2037, 193049, 2038, 146929, 2039, 108572, 2040, 77715, 2041, 53759, 2042, 35852, 2043, 22995, 2044, 14150, 2045, 8333, 2046, 4685, 2047, 2508, 2048, 1275, 2049, 614, 2050, 280, 2051, 120, 2052, 48, 2053, 18, 2054, 6, 2055, 2, 2056, 1, 2057, 0, 2058, 0, 2059, 0, 2060, 0) / 10^6",Device,ASEAN Coordinated Transition,"existing-fleet retirement survival (fridge_exo_device.csv, 2026-07-15 state; x1000 to actual Device, / 10^6 to the v0.92 LEAP-device basis)",ACT-only (device panel); pre-2025 fleet retiring; actual counts identical to v0.92 — authored VERBATIM in the v0.92 stored form '(actual counts) / 10^6' so exo sits on the same LEAP-device basis as Unit Capacity (*10^6) and Capital Cost (*10^6); rev-3's raw-count rows were off-basis
Malaysia,Demand\Residential\Projections\Refrigeration_\Small\Low_eff,Exogenous Devices,"Interp(2005, 579127, 2006, 610869, 2007, 643378, 2008, 676417, 2009, 709758, 2010, 742476, 2011, 774925, 2012, 808209, 2013, 842014, 2014, 876277, 2015, 910786, 2016, 945635, 2017, 980690, 2018, 1015358, 2019, 1049798, 2020, 1084279, 2021, 1118321, 2022, 1152288, 2023, 1186681, 2024, 1221040, 2025, 1255322, 2026, 1168231, 2027, 1078624, 2028, 986788, 2029, 893284, 2030, 798955, 2031, 704906, 2032, 612468, 2033, 523123, 2034, 438407, 2035, 359794, 2036, 288566, 2037, 225701, 2038, 171780, 2039, 126936, 2040, 90860, 2041, 62852, 2042, 41916, 2043, 26885, 2044, 16544, 2045, 9743, 2046, 5477, 2047, 2932, 2048, 1491, 2049, 718, 2050, 327, 2051, 140, 2052, 57, 2053, 21, 2054, 8, 2055, 3, 2056, 1, 2057, 0, 2058, 0, 2059, 0, 2060, 0) / 10^6",Device,ASEAN Coordinated Transition,"existing-fleet retirement survival (fridge_exo_device.csv, 2026-07-15 state; x1000 to actual Device, / 10^6 to the v0.92 LEAP-device basis)",ACT-only (device panel); pre-2025 fleet retiring; actual counts identical to v0.92 — authored VERBATIM in the v0.92 stored form '(actual counts) / 10^6' so exo sits on the same LEAP-device basis as Unit Capacity (*10^6) and Capital Cost (*10^6); rev-3's raw-count rows were off-basis
Malaysia,Demand\Residential\Projections\Refrigeration_\Small\Mid_eff,Exogenous Devices,"Interp(2005, 152542, 2006, 160903, 2007, 169466, 2008, 178169, 2009, 186951, 2010, 195569, 2011, 204116, 2012, 212883, 2013, 221787, 2014, 230812, 2015, 239901, 2016, 249081, 2017, 258314, 2018, 267446, 2019, 276518, 2020, 285600, 2021, 294566, 2022, 303513, 2023, 312572, 2024, 321623, 2025, 330653, 2026, 307713, 2027, 284110, 2028, 259921, 2029, 235292, 2030, 210445, 2031, 185673, 2032, 161324, 2033, 137791, 2034, 115477, 2035, 94770, 2036, 76008, 2037, 59450, 2038, 45247, 2039, 33435, 2040, 23933, 2041, 16555, 2042, 11041, 2043, 7081, 2044, 4358, 2045, 2566, 2046, 1443, 2047, 772, 2048, 393, 2049, 189, 2050, 86, 2051, 37, 2052, 15, 2053, 6, 2054, 2, 2055, 1, 2056, 0, 2057, 0, 2058, 0, 2059, 0, 2060, 0) / 10^6",Device,ASEAN Coordinated Transition,"existing-fleet retirement survival (fridge_exo_device.csv, 2026-07-15 state; x1000 to actual Device, / 10^6 to the v0.92 LEAP-device basis)",ACT-only (device panel); pre-2025 fleet retiring; actual counts identical to v0.92 — authored VERBATIM in the v0.92 stored form '(actual counts) / 10^6' so exo sits on the same LEAP-device basis as Unit Capacity (*10^6) and Capital Cost (*10^6); rev-3's raw-count rows were off-basis
Myanmar,Demand\Residential\Projections\Refrigeration_\Large\High_eff,Exogenous Devices,"Interp(2005, 78103, 2006, 80535, 2007, 83005, 2008, 85395, 2009, 87833, 2010, 90476, 2011, 93223, 2012, 96061, 2013, 98967, 2014, 101916, 2015, 104895, 2016, 107921, 2017, 110976, 2018, 114043, 2019, 117155, 2020, 120338, 2021, 123554, 2022, 126837, 2023, 130213, 2024, 133614, 2025, 137030, 2026, 127373, 2027, 117477, 2028, 107368, 2029, 97108, 2030, 86784, 2031, 76513, 2032, 66438, 2033, 56716, 2034, 47510, 2035, 38976, 2036, 31250, 2037, 24435, 2038, 18594, 2039, 13737, 2040, 9831, 2041, 6800, 2042, 4534, 2043, 2908, 2044, 1789, 2045, 1054, 2046, 592, 2047, 317, 2048, 161, 2049, 78, 2050, 35, 2051, 15, 2052, 6, 2053, 2, 2054, 1, 2055, 0, 2056, 0, 2057, 0, 2058, 0, 2059, 0, 2060, 0) / 10^6",Device,ASEAN Coordinated Transition,"existing-fleet retirement survival (fridge_exo_device.csv, 2026-07-15 state; x1000 to actual Device, / 10^6 to the v0.92 LEAP-device basis)",ACT-only (device panel); pre-2025 fleet retiring; actual counts identical to v0.92 — authored VERBATIM in the v0.92 stored form '(actual counts) / 10^6' so exo sits on the same LEAP-device basis as Unit Capacity (*10^6) and Capital Cost (*10^6); rev-3's raw-count rows were off-basis
Myanmar,Demand\Residential\Projections\Refrigeration_\Large\Low_eff,Exogenous Devices,"Interp(2005, 10164, 2006, 10481, 2007, 10802, 2008, 11113, 2009, 11430, 2010, 11774, 2011, 12132, 2012, 12501, 2013, 12879, 2014, 13263, 2015, 13651, 2016, 14045, 2017, 14442, 2018, 14841, 2019, 15246, 2020, 15660, 2021, 16079, 2022, 16506, 2023, 16946, 2024, 17388, 2025, 17833, 2026, 16576, 2027, 15288, 2028, 13973, 2029, 12637, 2030, 11294, 2031, 9957, 2032, 8646, 2033, 7381, 2034, 6183, 2035, 5072, 2036, 4067, 2037, 3180, 2038, 2420, 2039, 1788, 2040, 1279, 2041, 885, 2042, 590, 2043, 378, 2044, 233, 2045, 137, 2046, 77, 2047, 41, 2048, 21, 2049, 10, 2050, 5, 2051, 2, 2052, 1, 2053, 0, 2054, 0, 2055, 0, 2056, 0, 2057, 0, 2058, 0, 2059, 0, 2060, 0) / 10^6",Device,ASEAN Coordinated Transition,"existing-fleet retirement survival (fridge_exo_device.csv, 2026-07-15 state; x1000 to actual Device, / 10^6 to the v0.92 LEAP-device basis)",ACT-only (device panel); pre-2025 fleet retiring; actual counts identical to v0.92 — authored VERBATIM in the v0.92 stored form '(actual counts) / 10^6' so exo sits on the same LEAP-device basis as Unit Capacity (*10^6) and Capital Cost (*10^6); rev-3's raw-count rows were off-basis
Myanmar,Demand\Residential\Projections\Refrigeration_\Large\Mid_eff,Exogenous Devices,"Interp(2005, 42796, 2006, 44129, 2007, 45482, 2008, 46792, 2009, 48128, 2010, 49576, 2011, 51081, 2012, 52636, 2013, 54229, 2014, 55844, 2015, 57477, 2016, 59135, 2017, 60809, 2018, 62490, 2019, 64195, 2020, 65939, 2021, 67701, 2022, 69500, 2023, 71350, 2024, 73213, 2025, 75085, 2026, 69794, 2027, 64371, 2028, 58832, 2029, 53210, 2030, 47553, 2031, 41925, 2032, 36405, 2033, 31077, 2034, 26033, 2035, 21357, 2036, 17123, 2037, 13389, 2038, 10188, 2039, 7527, 2040, 5387, 2041, 3726, 2042, 2485, 2043, 1593, 2044, 980, 2045, 577, 2046, 324, 2047, 174, 2048, 88, 2049, 43, 2050, 19, 2051, 8, 2052, 3, 2053, 1, 2054, 0, 2055, 0, 2056, 0, 2057, 0, 2058, 0, 2059, 0, 2060, 0) / 10^6",Device,ASEAN Coordinated Transition,"existing-fleet retirement survival (fridge_exo_device.csv, 2026-07-15 state; x1000 to actual Device, / 10^6 to the v0.92 LEAP-device basis)",ACT-only (device panel); pre-2025 fleet retiring; actual counts identical to v0.92 — authored VERBATIM in the v0.92 stored form '(actual counts) / 10^6' so exo sits on the same LEAP-device basis as Unit Capacity (*10^6) and Capital Cost (*10^6); rev-3's raw-count rows were off-basis
Myanmar,Demand\Residential\Projections\Refrigeration_\Medium\High_eff,Exogenous Devices,"Interp(2005, 200339, 2006, 206578, 2007, 212915, 2008, 219045, 2009, 225297, 2010, 232077, 2011, 239123, 2012, 246404, 2013, 253857, 2014, 261422, 2015, 269063, 2016, 276826, 2017, 284660, 2018, 292529, 2019, 300511, 2020, 308675, 2021, 316925, 2022, 325345, 2023, 334006, 2024, 342728, 2025, 351492, 2026, 326721, 2027, 301336, 2028, 275408, 2029, 249088, 2030, 222606, 2031, 196262, 2032, 170419, 2033, 145481, 2034, 121866, 2035, 99975, 2036, 80158, 2037, 62679, 2038, 47694, 2039, 35236, 2040, 25218, 2041, 17442, 2042, 11631, 2043, 7459, 2044, 4589, 2045, 2702, 2046, 1519, 2047, 813, 2048, 413, 2049, 199, 2050, 91, 2051, 39, 2052, 16, 2053, 6, 2054, 2, 2055, 1, 2056, 0, 2057, 0, 2058, 0, 2059, 0, 2060, 0) / 10^6",Device,ASEAN Coordinated Transition,"existing-fleet retirement survival (fridge_exo_device.csv, 2026-07-15 state; x1000 to actual Device, / 10^6 to the v0.92 LEAP-device basis)",ACT-only (device panel); pre-2025 fleet retiring; actual counts identical to v0.92 — authored VERBATIM in the v0.92 stored form '(actual counts) / 10^6' so exo sits on the same LEAP-device basis as Unit Capacity (*10^6) and Capital Cost (*10^6); rev-3's raw-count rows were off-basis
Myanmar,Demand\Residential\Projections\Refrigeration_\Medium\Low_eff,Exogenous Devices,"Interp(2005, 25945, 2006, 26753, 2007, 27574, 2008, 28368, 2009, 29177, 2010, 30055, 2011, 30968, 2012, 31911, 2013, 32876, 2014, 33856, 2015, 34845, 2016, 35851, 2017, 36865, 2018, 37884, 2019, 38918, 2020, 39975, 2021, 41044, 2022, 42134, 2023, 43256, 2024, 44385, 2025, 45520, 2026, 42312, 2027, 39025, 2028, 35667, 2029, 32258, 2030, 28829, 2031, 25417, 2032, 22070, 2033, 18841, 2034, 15782, 2035, 12947, 2036, 10381, 2037, 8117, 2038, 6177, 2039, 4563, 2040, 3266, 2041, 2259, 2042, 1506, 2043, 966, 2044, 594, 2045, 350, 2046, 197, 2047, 105, 2048, 54, 2049, 26, 2050, 12, 2051, 5, 2052, 2, 2053, 1, 2054, 0, 2055, 0, 2056, 0, 2057, 0, 2058, 0, 2059, 0, 2060, 0) / 10^6",Device,ASEAN Coordinated Transition,"existing-fleet retirement survival (fridge_exo_device.csv, 2026-07-15 state; x1000 to actual Device, / 10^6 to the v0.92 LEAP-device basis)",ACT-only (device panel); pre-2025 fleet retiring; actual counts identical to v0.92 — authored VERBATIM in the v0.92 stored form '(actual counts) / 10^6' so exo sits on the same LEAP-device basis as Unit Capacity (*10^6) and Capital Cost (*10^6); rev-3's raw-count rows were off-basis
Myanmar,Demand\Residential\Projections\Refrigeration_\Medium\Mid_eff,Exogenous Devices,"Interp(2005, 109932, 2006, 113356, 2007, 116833, 2008, 120197, 2009, 123628, 2010, 127348, 2011, 131214, 2012, 135210, 2013, 139299, 2014, 143451, 2015, 147643, 2016, 151903, 2017, 156202, 2018, 160520, 2019, 164900, 2020, 169380, 2021, 173907, 2022, 178527, 2023, 183279, 2024, 188066, 2025, 192875, 2026, 179282, 2027, 165352, 2028, 151125, 2029, 136683, 2030, 122151, 2031, 107695, 2032, 93514, 2033, 79830, 2034, 66872, 2035, 54859, 2036, 43985, 2037, 34394, 2038, 26171, 2039, 19335, 2040, 13838, 2041, 9571, 2042, 6382, 2043, 4093, 2044, 2518, 2045, 1483, 2046, 834, 2047, 446, 2048, 227, 2049, 109, 2050, 50, 2051, 21, 2052, 9, 2053, 3, 2054, 1, 2055, 0, 2056, 0, 2057, 0, 2058, 0, 2059, 0, 2060, 0) / 10^6",Device,ASEAN Coordinated Transition,"existing-fleet retirement survival (fridge_exo_device.csv, 2026-07-15 state; x1000 to actual Device, / 10^6 to the v0.92 LEAP-device basis)",ACT-only (device panel); pre-2025 fleet retiring; actual counts identical to v0.92 — authored VERBATIM in the v0.92 stored form '(actual counts) / 10^6' so exo sits on the same LEAP-device basis as Unit Capacity (*10^6) and Capital Cost (*10^6); rev-3's raw-count rows were off-basis
Myanmar,Demand\Residential\Projections\Refrigeration_\Small\High_eff,Exogenous Devices,"Interp(2005, 990195, 2006, 1021032, 2007, 1052350, 2008, 1082649, 2009, 1113551, 2010, 1147063, 2011, 1181888, 2012, 1217873, 2013, 1254712, 2014, 1292103, 2015, 1329867, 2016, 1368237, 2017, 1406960, 2018, 1445853, 2019, 1485303, 2020, 1525655, 2021, 1566432, 2022, 1608049, 2023, 1650853, 2024, 1693965, 2025, 1737283, 2026, 1614850, 2027, 1489379, 2028, 1361227, 2029, 1231141, 2030, 1100250, 2031, 970043, 2032, 842312, 2033, 719052, 2034, 602333, 2035, 494136, 2036, 396186, 2037, 309794, 2038, 235730, 2039, 174159, 2040, 124642, 2041, 86208, 2042, 57486, 2043, 36867, 2044, 22684, 2045, 13357, 2046, 7509, 2047, 4019, 2048, 2043, 2049, 984, 2050, 448, 2051, 192, 2052, 78, 2053, 29, 2054, 10, 2055, 3, 2056, 1, 2057, 0, 2058, 0, 2059, 0, 2060, 0) / 10^6",Device,ASEAN Coordinated Transition,"existing-fleet retirement survival (fridge_exo_device.csv, 2026-07-15 state; x1000 to actual Device, / 10^6 to the v0.92 LEAP-device basis)",ACT-only (device panel); pre-2025 fleet retiring; actual counts identical to v0.92 — authored VERBATIM in the v0.92 stored form '(actual counts) / 10^6' so exo sits on the same LEAP-device basis as Unit Capacity (*10^6) and Capital Cost (*10^6); rev-3's raw-count rows were off-basis
Myanmar,Demand\Residential\Projections\Refrigeration_\Small\Low_eff,Exogenous Devices,"Interp(2005, 870633, 2006, 897747, 2007, 925283, 2008, 951924, 2009, 979094, 2010, 1008560, 2011, 1039180, 2012, 1070820, 2013, 1103211, 2014, 1136087, 2015, 1169292, 2016, 1203029, 2017, 1237076, 2018, 1271273, 2019, 1305959, 2020, 1341439, 2021, 1377292, 2022, 1413884, 2023, 1451520, 2024, 1489426, 2025, 1527514, 2026, 1419864, 2027, 1309543, 2028, 1196865, 2029, 1082486, 2030, 967400, 2031, 852915, 2032, 740607, 2033, 632230, 2034, 529604, 2035, 434471, 2036, 348349, 2037, 272388, 2038, 207267, 2039, 153130, 2040, 109592, 2041, 75799, 2042, 50544, 2043, 32415, 2044, 19945, 2045, 11744, 2046, 6602, 2047, 3534, 2048, 1797, 2049, 865, 2050, 394, 2051, 169, 2052, 68, 2053, 26, 2054, 9, 2055, 3, 2056, 1, 2057, 0, 2058, 0, 2059, 0, 2060, 0) / 10^6",Device,ASEAN Coordinated Transition,"existing-fleet retirement survival (fridge_exo_device.csv, 2026-07-15 state; x1000 to actual Device, / 10^6 to the v0.92 LEAP-device basis)",ACT-only (device panel); pre-2025 fleet retiring; actual counts identical to v0.92 — authored VERBATIM in the v0.92 stored form '(actual counts) / 10^6' so exo sits on the same LEAP-device basis as Unit Capacity (*10^6) and Capital Cost (*10^6); rev-3's raw-count rows were off-basis
Myanmar,Demand\Residential\Projections\Refrigeration_\Small\Mid_eff,Exogenous Devices,"Interp(2005, 346648, 2006, 357444, 2007, 368408, 2008, 379015, 2009, 389833, 2010, 401565, 2011, 413756, 2012, 426354, 2013, 439251, 2014, 452341, 2015, 465561, 2016, 478994, 2017, 492550, 2018, 506166, 2019, 519976, 2020, 534103, 2021, 548378, 2022, 562947, 2023, 577932, 2024, 593025, 2025, 608190, 2026, 565328, 2027, 521403, 2028, 476540, 2029, 430999, 2030, 385177, 2031, 339594, 2032, 294877, 2033, 251727, 2034, 210865, 2035, 172988, 2036, 138697, 2037, 108453, 2038, 82525, 2039, 60970, 2040, 43635, 2041, 30180, 2042, 20125, 2043, 12906, 2044, 7941, 2045, 4676, 2046, 2629, 2047, 1407, 2048, 715, 2049, 345, 2050, 157, 2051, 67, 2052, 27, 2053, 10, 2054, 4, 2055, 1, 2056, 0, 2057, 0, 2058, 0, 2059, 0, 2060, 0) / 10^6",Device,ASEAN Coordinated Transition,"existing-fleet retirement survival (fridge_exo_device.csv, 2026-07-15 state; x1000 to actual Device, / 10^6 to the v0.92 LEAP-device basis)",ACT-only (device panel); pre-2025 fleet retiring; actual counts identical to v0.92 — authored VERBATIM in the v0.92 stored form '(actual counts) / 10^6' so exo sits on the same LEAP-device basis as Unit Capacity (*10^6) and Capital Cost (*10^6); rev-3's raw-count rows were off-basis
Philippines,Demand\Residential\Projections\Refrigeration_\Large\High_eff,Exogenous Devices,"Interp(2005, 127462, 2006, 133741, 2007, 140232, 2008, 146956, 2009, 153873, 2010, 160968, 2011, 168269, 2012, 175744, 2013, 183355, 2014, 191068, 2015, 199115, 2016, 207618, 2017, 216357, 2018, 225224, 2019, 234244, 2020, 243450, 2021, 252575, 2022, 261850, 2023, 271527, 2024, 281360, 2025, 291344, 2026, 271836, 2027, 251633, 2028, 230790, 2029, 209433, 2030, 187757, 2031, 166028, 2032, 144563, 2033, 123722, 2034, 103882, 2035, 85406, 2036, 68612, 2037, 53747, 2038, 40966, 2039, 30312, 2040, 21724, 2041, 15045, 2042, 10044, 2043, 6449, 2044, 3972, 2045, 2341, 2046, 1317, 2047, 706, 2048, 359, 2049, 173, 2050, 79, 2051, 34, 2052, 14, 2053, 5, 2054, 2, 2055, 1, 2056, 0, 2057, 0, 2058, 0, 2059, 0, 2060, 0) / 10^6",Device,ASEAN Coordinated Transition,"existing-fleet retirement survival (fridge_exo_device.csv, 2026-07-15 state; x1000 to actual Device, / 10^6 to the v0.92 LEAP-device basis)",ACT-only (device panel); pre-2025 fleet retiring; actual counts identical to v0.92 — authored VERBATIM in the v0.92 stored form '(actual counts) / 10^6' so exo sits on the same LEAP-device basis as Unit Capacity (*10^6) and Capital Cost (*10^6); rev-3's raw-count rows were off-basis
Philippines,Demand\Residential\Projections\Refrigeration_\Large\Low_eff,Exogenous Devices,"Interp(2005, 18209, 2006, 19106, 2007, 20033, 2008, 20994, 2009, 21982, 2010, 22995, 2011, 24038, 2012, 25106, 2013, 26194, 2014, 27295, 2015, 28445, 2016, 29660, 2017, 30908, 2018, 32175, 2019, 33464, 2020, 34779, 2021, 36082, 2022, 37407, 2023, 38790, 2024, 40194, 2025, 41621, 2026, 38834, 2027, 35948, 2028, 32970, 2029, 29919, 2030, 26822, 2031, 23718, 2032, 20652, 2033, 17675, 2034, 14840, 2035, 12201, 2036, 9802, 2037, 7678, 2038, 5852, 2039, 4330, 2040, 3103, 2041, 2149, 2042, 1435, 2043, 921, 2044, 567, 2045, 334, 2046, 188, 2047, 101, 2048, 51, 2049, 25, 2050, 11, 2051, 5, 2052, 2, 2053, 1, 2054, 0, 2055, 0, 2056, 0, 2057, 0, 2058, 0, 2059, 0, 2060, 0) / 10^6",Device,ASEAN Coordinated Transition,"existing-fleet retirement survival (fridge_exo_device.csv, 2026-07-15 state; x1000 to actual Device, / 10^6 to the v0.92 LEAP-device basis)",ACT-only (device panel); pre-2025 fleet retiring; actual counts identical to v0.92 — authored VERBATIM in the v0.92 stored form '(actual counts) / 10^6' so exo sits on the same LEAP-device basis as Unit Capacity (*10^6) and Capital Cost (*10^6); rev-3's raw-count rows were off-basis
Philippines,Demand\Residential\Projections\Refrigeration_\Large\Mid_eff,Exogenous Devices,"Interp(2005, 70812, 2006, 74301, 2007, 77907, 2008, 81642, 2009, 85485, 2010, 89427, 2011, 93483, 2012, 97635, 2013, 101864, 2014, 106149, 2015, 110619, 2016, 115344, 2017, 120198, 2018, 125124, 2019, 130136, 2020, 135250, 2021, 140319, 2022, 145472, 2023, 150848, 2024, 156311, 2025, 161858, 2026, 151020, 2027, 139796, 2028, 128217, 2029, 116351, 2030, 104310, 2031, 92238, 2032, 80313, 2033, 68735, 2034, 57712, 2035, 47448, 2036, 38117, 2037, 29860, 2038, 22759, 2039, 16840, 2040, 12069, 2041, 8358, 2042, 5580, 2043, 3583, 2044, 2207, 2045, 1301, 2046, 732, 2047, 392, 2048, 199, 2049, 96, 2050, 44, 2051, 19, 2052, 8, 2053, 3, 2054, 1, 2055, 0, 2056, 0, 2057, 0, 2058, 0, 2059, 0, 2060, 0) / 10^6",Device,ASEAN Coordinated Transition,"existing-fleet retirement survival (fridge_exo_device.csv, 2026-07-15 state; x1000 to actual Device, / 10^6 to the v0.92 LEAP-device basis)",ACT-only (device panel); pre-2025 fleet retiring; actual counts identical to v0.92 — authored VERBATIM in the v0.92 stored form '(actual counts) / 10^6' so exo sits on the same LEAP-device basis as Unit Capacity (*10^6) and Capital Cost (*10^6); rev-3's raw-count rows were off-basis
Philippines,Demand\Residential\Projections\Refrigeration_\Medium\High_eff,Exogenous Devices,"Interp(2005, 495684, 2006, 520104, 2007, 545346, 2008, 571496, 2009, 598395, 2010, 625987, 2011, 654378, 2012, 683448, 2013, 713047, 2014, 743042, 2015, 774336, 2016, 807405, 2017, 841389, 2018, 875872, 2019, 910951, 2020, 946750, 2021, 982236, 2022, 1018305, 2023, 1055937, 2024, 1094179, 2025, 1133005, 2026, 1057142, 2027, 978573, 2028, 897516, 2029, 814460, 2030, 730168, 2031, 645663, 2032, 562188, 2033, 481143, 2034, 403987, 2035, 332133, 2036, 266822, 2037, 209017, 2038, 159311, 2039, 117880, 2040, 84483, 2041, 58508, 2042, 39061, 2043, 25079, 2044, 15446, 2045, 9104, 2046, 5122, 2047, 2744, 2048, 1396, 2049, 673, 2050, 307, 2051, 132, 2052, 53, 2053, 20, 2054, 7, 2055, 2, 2056, 1, 2057, 0, 2058, 0, 2059, 0, 2060, 0) / 10^6",Device,ASEAN Coordinated Transition,"existing-fleet retirement survival (fridge_exo_device.csv, 2026-07-15 state; x1000 to actual Device, / 10^6 to the v0.92 LEAP-device basis)",ACT-only (device panel); pre-2025 fleet retiring; actual counts identical to v0.92 — authored VERBATIM in the v0.92 stored form '(actual counts) / 10^6' so exo sits on the same LEAP-device basis as Unit Capacity (*10^6) and Capital Cost (*10^6); rev-3's raw-count rows were off-basis
Philippines,Demand\Residential\Projections\Refrigeration_\Medium\Low_eff,Exogenous Devices,"Interp(2005, 69463, 2006, 72885, 2007, 76423, 2008, 80087, 2009, 83857, 2010, 87723, 2011, 91702, 2012, 95776, 2013, 99924, 2014, 104127, 2015, 108512, 2016, 113147, 2017, 117909, 2018, 122741, 2019, 127657, 2020, 132674, 2021, 137647, 2022, 142701, 2023, 147975, 2024, 153334, 2025, 158775, 2026, 148144, 2027, 137133, 2028, 125774, 2029, 114135, 2030, 102323, 2031, 90481, 2032, 78783, 2033, 67425, 2034, 56613, 2035, 46544, 2036, 37391, 2037, 29291, 2038, 22325, 2039, 16519, 2040, 11839, 2041, 8199, 2042, 5474, 2043, 3514, 2044, 2165, 2045, 1276, 2046, 718, 2047, 385, 2048, 196, 2049, 94, 2050, 43, 2051, 18, 2052, 7, 2053, 3, 2054, 1, 2055, 0, 2056, 0, 2057, 0, 2058, 0, 2059, 0, 2060, 0) / 10^6",Device,ASEAN Coordinated Transition,"existing-fleet retirement survival (fridge_exo_device.csv, 2026-07-15 state; x1000 to actual Device, / 10^6 to the v0.92 LEAP-device basis)",ACT-only (device panel); pre-2025 fleet retiring; actual counts identical to v0.92 — authored VERBATIM in the v0.92 stored form '(actual counts) / 10^6' so exo sits on the same LEAP-device basis as Unit Capacity (*10^6) and Capital Cost (*10^6); rev-3's raw-count rows were off-basis
Philippines,Demand\Residential\Projections\Refrigeration_\Medium\Mid_eff,Exogenous Devices,"Interp(2005, 274481, 2006, 288003, 2007, 301980, 2008, 316461, 2009, 331356, 2010, 346635, 2011, 362356, 2012, 378453, 2013, 394844, 2014, 411453, 2015, 428782, 2016, 447094, 2017, 465912, 2018, 485007, 2019, 504431, 2020, 524255, 2021, 543905, 2022, 563878, 2023, 584716, 2024, 605892, 2025, 627392, 2026, 585383, 2027, 541876, 2028, 496992, 2029, 451000, 2030, 404324, 2031, 357530, 2032, 311307, 2033, 266429, 2034, 223705, 2035, 183916, 2036, 147751, 2037, 115741, 2038, 88217, 2039, 65275, 2040, 46782, 2041, 32398, 2042, 21630, 2043, 13887, 2044, 8553, 2045, 5041, 2046, 2836, 2047, 1519, 2048, 773, 2049, 373, 2050, 170, 2051, 73, 2052, 29, 2053, 11, 2054, 4, 2055, 1, 2056, 0, 2057, 0, 2058, 0, 2059, 0, 2060, 0) / 10^6",Device,ASEAN Coordinated Transition,"existing-fleet retirement survival (fridge_exo_device.csv, 2026-07-15 state; x1000 to actual Device, / 10^6 to the v0.92 LEAP-device basis)",ACT-only (device panel); pre-2025 fleet retiring; actual counts identical to v0.92 — authored VERBATIM in the v0.92 stored form '(actual counts) / 10^6' so exo sits on the same LEAP-device basis as Unit Capacity (*10^6) and Capital Cost (*10^6); rev-3's raw-count rows were off-basis
Philippines,Demand\Residential\Projections\Refrigeration_\Small\High_eff,Exogenous Devices,"Interp(2005, 2420424, 2006, 2539666, 2007, 2662918, 2008, 2790613, 2009, 2921959, 2010, 3056688, 2011, 3195325, 2012, 3337271, 2013, 3481805, 2014, 3628270, 2015, 3781076, 2016, 3942554, 2017, 4108495, 2018, 4276875, 2019, 4448165, 2020, 4622973, 2021, 4796251, 2022, 4972376, 2023, 5156136, 2024, 5342869, 2025, 5532456, 2026, 5162016, 2027, 4778363, 2028, 4382563, 2029, 3977002, 2030, 3565405, 2031, 3152767, 2032, 2745161, 2033, 2349417, 2034, 1972668, 2035, 1621804, 2036, 1302893, 2037, 1020629, 2038, 777913, 2039, 575606, 2040, 412529, 2041, 285694, 2042, 190734, 2043, 122458, 2044, 75424, 2045, 44455, 2046, 25012, 2047, 13399, 2048, 6817, 2049, 3286, 2050, 1497, 2051, 642, 2052, 259, 2053, 98, 2054, 35, 2055, 11, 2056, 4, 2057, 1, 2058, 0, 2059, 0, 2060, 0) / 10^6",Device,ASEAN Coordinated Transition,"existing-fleet retirement survival (fridge_exo_device.csv, 2026-07-15 state; x1000 to actual Device, / 10^6 to the v0.92 LEAP-device basis)",ACT-only (device panel); pre-2025 fleet retiring; actual counts identical to v0.92 — authored VERBATIM in the v0.92 stored form '(actual counts) / 10^6' so exo sits on the same LEAP-device basis as Unit Capacity (*10^6) and Capital Cost (*10^6); rev-3's raw-count rows were off-basis
Philippines,Demand\Residential\Projections\Refrigeration_\Small\Low_eff,Exogenous Devices,"Interp(2005, 2414354, 2006, 2533297, 2007, 2656241, 2008, 2783615, 2009, 2914631, 2010, 3049023, 2011, 3187312, 2012, 3328902, 2013, 3473074, 2014, 3619171, 2015, 3771595, 2016, 3932667, 2017, 4098193, 2018, 4266150, 2019, 4437011, 2020, 4611380, 2021, 4784223, 2022, 4959907, 2023, 5143206, 2024, 5329470, 2025, 5518583, 2026, 5149072, 2027, 4766381, 2028, 4371573, 2029, 3967029, 2030, 3556464, 2031, 3144861, 2032, 2738277, 2033, 2343526, 2034, 1967721, 2035, 1617737, 2036, 1299625, 2037, 1018070, 2038, 775962, 2039, 574162, 2040, 411494, 2041, 284977, 2042, 190256, 2043, 122151, 2044, 75235, 2045, 44344, 2046, 24949, 2047, 13365, 2048, 6800, 2049, 3278, 2050, 1493, 2051, 641, 2052, 259, 2053, 98, 2054, 35, 2055, 11, 2056, 4, 2057, 1, 2058, 0, 2059, 0, 2060, 0) / 10^6",Device,ASEAN Coordinated Transition,"existing-fleet retirement survival (fridge_exo_device.csv, 2026-07-15 state; x1000 to actual Device, / 10^6 to the v0.92 LEAP-device basis)",ACT-only (device panel); pre-2025 fleet retiring; actual counts identical to v0.92 — authored VERBATIM in the v0.92 stored form '(actual counts) / 10^6' so exo sits on the same LEAP-device basis as Unit Capacity (*10^6) and Capital Cost (*10^6); rev-3's raw-count rows were off-basis
Philippines,Demand\Residential\Projections\Refrigeration_\Small\Mid_eff,Exogenous Devices,"Interp(2005, 853791, 2006, 895853, 2007, 939330, 2008, 984373, 2009, 1030705, 2010, 1078230, 2011, 1127133, 2012, 1177204, 2013, 1228188, 2014, 1279852, 2015, 1333754, 2016, 1390714, 2017, 1449249, 2018, 1508644, 2019, 1569066, 2020, 1630728, 2021, 1691851, 2022, 1753978, 2023, 1818798, 2024, 1884667, 2025, 1951544, 2026, 1820873, 2027, 1685541, 2028, 1545925, 2029, 1402866, 2030, 1257677, 2031, 1112121, 2032, 968340, 2033, 828744, 2034, 695848, 2035, 572082, 2036, 459588, 2037, 360021, 2038, 274405, 2039, 203042, 2040, 145517, 2041, 100777, 2042, 67280, 2043, 43196, 2044, 26605, 2045, 15681, 2046, 8823, 2047, 4726, 2048, 2405, 2049, 1159, 2050, 528, 2051, 227, 2052, 91, 2053, 35, 2054, 12, 2055, 4, 2056, 1, 2057, 0, 2058, 0, 2059, 0, 2060, 0) / 10^6",Device,ASEAN Coordinated Transition,"existing-fleet retirement survival (fridge_exo_device.csv, 2026-07-15 state; x1000 to actual Device, / 10^6 to the v0.92 LEAP-device basis)",ACT-only (device panel); pre-2025 fleet retiring; actual counts identical to v0.92 — authored VERBATIM in the v0.92 stored form '(actual counts) / 10^6' so exo sits on the same LEAP-device basis as Unit Capacity (*10^6) and Capital Cost (*10^6); rev-3's raw-count rows were off-basis
Singapore,Demand\Residential\Projections\Refrigeration_\Large\High_eff,Exogenous Devices,"Interp(2005, 30013, 2006, 31937, 2007, 34305, 2008, 37241, 2009, 39471, 2010, 41281, 2011, 43273, 2012, 45490, 2013, 47386, 2014, 49164, 2015, 50914, 2016, 52746, 2017, 53950, 2018, 55354, 2019, 57141, 2020, 58095, 2021, 56795, 2022, 59800, 2023, 61276, 2024, 62743, 2025, 64195, 2026, 59526, 2027, 54786, 2028, 49987, 2029, 45156, 2030, 40327, 2031, 35549, 2032, 30878, 2033, 26381, 2034, 22125, 2035, 18179, 2036, 14602, 2037, 11441, 2038, 8724, 2039, 6458, 2040, 4631, 2041, 3209, 2042, 2144, 2043, 1377, 2044, 848, 2045, 500, 2046, 281, 2047, 151, 2048, 77, 2049, 37, 2050, 17, 2051, 7, 2052, 3, 2053, 1, 2054, 0, 2055, 0, 2056, 0, 2057, 0, 2058, 0, 2059, 0, 2060, 0) / 10^6",Device,ASEAN Coordinated Transition,"existing-fleet retirement survival (fridge_exo_device.csv, 2026-07-15 state; x1000 to actual Device, / 10^6 to the v0.92 LEAP-device basis)",ACT-only (device panel); pre-2025 fleet retiring; actual counts identical to v0.92 — authored VERBATIM in the v0.92 stored form '(actual counts) / 10^6' so exo sits on the same LEAP-device basis as Unit Capacity (*10^6) and Capital Cost (*10^6); rev-3's raw-count rows were off-basis
Singapore,Demand\Residential\Projections\Refrigeration_\Large\Low_eff,Exogenous Devices,"Interp(2005, 14467, 2006, 15394, 2007, 16535, 2008, 17950, 2009, 19025, 2010, 19897, 2011, 20857, 2012, 21926, 2013, 22840, 2014, 23697, 2015, 24541, 2016, 25424, 2017, 26004, 2018, 26680, 2019, 27542, 2020, 28002, 2021, 27375, 2022, 28824, 2023, 29535, 2024, 30242, 2025, 30942, 2026, 28692, 2027, 26407, 2028, 24094, 2029, 21765, 2030, 19438, 2031, 17134, 2032, 14883, 2033, 12716, 2034, 10664, 2035, 8762, 2036, 7038, 2037, 5514, 2038, 4205, 2039, 3113, 2040, 2232, 2041, 1547, 2042, 1033, 2043, 663, 2044, 409, 2045, 241, 2046, 136, 2047, 73, 2048, 37, 2049, 18, 2050, 8, 2051, 3, 2052, 1, 2053, 0, 2054, 0, 2055, 0, 2056, 0, 2057, 0, 2058, 0, 2059, 0, 2060, 0) / 10^6",Device,ASEAN Coordinated Transition,"existing-fleet retirement survival (fridge_exo_device.csv, 2026-07-15 state; x1000 to actual Device, / 10^6 to the v0.92 LEAP-device basis)",ACT-only (device panel); pre-2025 fleet retiring; actual counts identical to v0.92 — authored VERBATIM in the v0.92 stored form '(actual counts) / 10^6' so exo sits on the same LEAP-device basis as Unit Capacity (*10^6) and Capital Cost (*10^6); rev-3's raw-count rows were off-basis
Singapore,Demand\Residential\Projections\Refrigeration_\Large\Mid_eff,Exogenous Devices,"Interp(2005, 27432, 2006, 29191, 2007, 31354, 2008, 34038, 2009, 36077, 2010, 37731, 2011, 39551, 2012, 41578, 2013, 43311, 2014, 44936, 2015, 46535, 2016, 48210, 2017, 49310, 2018, 50593, 2019, 52226, 2020, 53099, 2021, 51911, 2022, 54657, 2023, 56006, 2024, 57347, 2025, 58674, 2026, 54407, 2027, 50074, 2028, 45688, 2029, 41272, 2030, 36859, 2031, 32491, 2032, 28223, 2033, 24112, 2034, 20223, 2035, 16616, 2036, 13346, 2037, 10457, 2038, 7973, 2039, 5903, 2040, 4233, 2041, 2933, 2042, 1959, 2043, 1258, 2044, 775, 2045, 457, 2046, 257, 2047, 138, 2048, 70, 2049, 34, 2050, 15, 2051, 7, 2052, 3, 2053, 1, 2054, 0, 2055, 0, 2056, 0, 2057, 0, 2058, 0, 2059, 0, 2060, 0) / 10^6",Device,ASEAN Coordinated Transition,"existing-fleet retirement survival (fridge_exo_device.csv, 2026-07-15 state; x1000 to actual Device, / 10^6 to the v0.92 LEAP-device basis)",ACT-only (device panel); pre-2025 fleet retiring; actual counts identical to v0.92 — authored VERBATIM in the v0.92 stored form '(actual counts) / 10^6' so exo sits on the same LEAP-device basis as Unit Capacity (*10^6) and Capital Cost (*10^6); rev-3's raw-count rows were off-basis
Singapore,Demand\Residential\Projections\Refrigeration_\Medium\High_eff,Exogenous Devices,"Interp(2005, 141424, 2006, 150487, 2007, 161643, 2008, 175479, 2009, 185988, 2010, 194517, 2011, 203901, 2012, 214349, 2013, 223282, 2014, 231662, 2015, 239907, 2016, 248540, 2017, 254211, 2018, 260826, 2019, 269246, 2020, 273745, 2021, 267619, 2022, 281777, 2023, 288731, 2024, 295644, 2025, 302487, 2026, 280488, 2027, 258149, 2028, 235539, 2029, 212772, 2030, 190020, 2031, 167505, 2032, 145498, 2033, 124306, 2034, 104255, 2035, 85661, 2036, 68805, 2037, 53908, 2038, 41105, 2039, 30432, 2040, 21823, 2041, 15122, 2042, 10100, 2043, 6487, 2044, 3996, 2045, 2355, 2046, 1325, 2047, 709, 2048, 361, 2049, 174, 2050, 79, 2051, 34, 2052, 14, 2053, 5, 2054, 2, 2055, 1, 2056, 0, 2057, 0, 2058, 0, 2059, 0, 2060, 0) / 10^6",Device,ASEAN Coordinated Transition,"existing-fleet retirement survival (fridge_exo_device.csv, 2026-07-15 state; x1000 to actual Device, / 10^6 to the v0.92 LEAP-device basis)",ACT-only (device panel); pre-2025 fleet retiring; actual counts identical to v0.92 — authored VERBATIM in the v0.92 stored form '(actual counts) / 10^6' so exo sits on the same LEAP-device basis as Unit Capacity (*10^6) and Capital Cost (*10^6); rev-3's raw-count rows were off-basis
Singapore,Demand\Residential\Projections\Refrigeration_\Medium\Low_eff,Exogenous Devices,"Interp(2005, 69391, 2006, 73839, 2007, 79312, 2008, 86101, 2009, 91257, 2010, 95442, 2011, 100046, 2012, 105173, 2013, 109556, 2014, 113668, 2015, 117713, 2016, 121949, 2017, 124732, 2018, 127977, 2019, 132109, 2020, 134316, 2021, 131310, 2022, 138257, 2023, 141669, 2024, 145061, 2025, 148419, 2026, 137625, 2027, 126664, 2028, 115570, 2029, 104399, 2030, 93236, 2031, 82188, 2032, 71390, 2033, 60993, 2034, 51154, 2035, 42030, 2036, 33760, 2037, 26451, 2038, 20169, 2039, 14932, 2040, 10708, 2041, 7420, 2042, 4956, 2043, 3183, 2044, 1961, 2045, 1156, 2046, 650, 2047, 348, 2048, 177, 2049, 85, 2050, 39, 2051, 17, 2052, 7, 2053, 2, 2054, 1, 2055, 0, 2056, 0, 2057, 0, 2058, 0, 2059, 0, 2060, 0) / 10^6",Device,ASEAN Coordinated Transition,"existing-fleet retirement survival (fridge_exo_device.csv, 2026-07-15 state; x1000 to actual Device, / 10^6 to the v0.92 LEAP-device basis)",ACT-only (device panel); pre-2025 fleet retiring; actual counts identical to v0.92 — authored VERBATIM in the v0.92 stored form '(actual counts) / 10^6' so exo sits on the same LEAP-device basis as Unit Capacity (*10^6) and Capital Cost (*10^6); rev-3's raw-count rows were off-basis
Singapore,Demand\Residential\Projections\Refrigeration_\Medium\Mid_eff,Exogenous Devices,"Interp(2005, 125697, 2006, 133752, 2007, 143668, 2008, 155965, 2009, 165305, 2010, 172886, 2011, 181226, 2012, 190512, 2013, 198451, 2014, 205900, 2015, 213228, 2016, 220901, 2017, 225941, 2018, 231821, 2019, 239305, 2020, 243303, 2021, 237858, 2022, 250442, 2023, 256623, 2024, 262767, 2025, 268849, 2026, 249296, 2027, 229442, 2028, 209346, 2029, 189111, 2030, 168889, 2031, 148877, 2032, 129318, 2033, 110483, 2034, 92661, 2035, 76135, 2036, 61154, 2037, 47913, 2038, 36534, 2039, 27048, 2040, 19396, 2041, 13440, 2042, 8977, 2043, 5765, 2044, 3551, 2045, 2093, 2046, 1177, 2047, 630, 2048, 321, 2049, 154, 2050, 70, 2051, 30, 2052, 12, 2053, 5, 2054, 2, 2055, 0, 2056, 0, 2057, 0, 2058, 0, 2059, 0, 2060, 0) / 10^6",Device,ASEAN Coordinated Transition,"existing-fleet retirement survival (fridge_exo_device.csv, 2026-07-15 state; x1000 to actual Device, / 10^6 to the v0.92 LEAP-device basis)",ACT-only (device panel); pre-2025 fleet retiring; actual counts identical to v0.92 — authored VERBATIM in the v0.92 stored form '(actual counts) / 10^6' so exo sits on the same LEAP-device basis as Unit Capacity (*10^6) and Capital Cost (*10^6); rev-3's raw-count rows were off-basis
Singapore,Demand\Residential\Projections\Refrigeration_\Small\High_eff,Exogenous Devices,"Interp(2005, 83498, 2006, 88849, 2007, 95435, 2008, 103604, 2009, 109809, 2010, 114844, 2011, 120385, 2012, 126553, 2013, 131827, 2014, 136775, 2015, 141643, 2016, 146740, 2017, 150088, 2018, 153994, 2019, 158965, 2020, 161621, 2021, 158004, 2022, 166363, 2023, 170469, 2024, 174550, 2025, 178591, 2026, 165602, 2027, 152413, 2028, 139064, 2029, 125622, 2030, 112189, 2031, 98896, 2032, 85903, 2033, 73391, 2034, 61553, 2035, 50575, 2036, 40623, 2037, 31828, 2038, 24269, 2039, 17967, 2040, 12884, 2041, 8928, 2042, 5963, 2043, 3830, 2044, 2359, 2045, 1390, 2046, 782, 2047, 419, 2048, 213, 2049, 103, 2050, 47, 2051, 20, 2052, 8, 2053, 3, 2054, 1, 2055, 0, 2056, 0, 2057, 0, 2058, 0, 2059, 0, 2060, 0) / 10^6",Device,ASEAN Coordinated Transition,"existing-fleet retirement survival (fridge_exo_device.csv, 2026-07-15 state; x1000 to actual Device, / 10^6 to the v0.92 LEAP-device basis)",ACT-only (device panel); pre-2025 fleet retiring; actual counts identical to v0.92 — authored VERBATIM in the v0.92 stored form '(actual counts) / 10^6' so exo sits on the same LEAP-device basis as Unit Capacity (*10^6) and Capital Cost (*10^6); rev-3's raw-count rows were off-basis
Singapore,Demand\Residential\Projections\Refrigeration_\Small\Low_eff,Exogenous Devices,"Interp(2005, 72813, 2006, 77479, 2007, 83223, 2008, 90346, 2009, 95757, 2010, 100148, 2011, 104980, 2012, 110359, 2013, 114958, 2014, 119272, 2015, 123517, 2016, 127962, 2017, 130882, 2018, 134288, 2019, 138623, 2020, 140939, 2021, 137785, 2022, 145075, 2023, 148655, 2024, 152214, 2025, 155737, 2026, 144411, 2027, 132910, 2028, 121269, 2029, 109547, 2030, 97833, 2031, 86241, 2032, 74910, 2033, 64000, 2034, 53676, 2035, 44103, 2036, 35425, 2037, 27755, 2038, 21163, 2039, 15668, 2040, 11236, 2041, 7786, 2042, 5200, 2043, 3340, 2044, 2057, 2045, 1212, 2046, 682, 2047, 365, 2048, 186, 2049, 89, 2050, 41, 2051, 17, 2052, 7, 2053, 3, 2054, 1, 2055, 0, 2056, 0, 2057, 0, 2058, 0, 2059, 0, 2060, 0) / 10^6",Device,ASEAN Coordinated Transition,"existing-fleet retirement survival (fridge_exo_device.csv, 2026-07-15 state; x1000 to actual Device, / 10^6 to the v0.92 LEAP-device basis)",ACT-only (device panel); pre-2025 fleet retiring; actual counts identical to v0.92 — authored VERBATIM in the v0.92 stored form '(actual counts) / 10^6' so exo sits on the same LEAP-device basis as Unit Capacity (*10^6) and Capital Cost (*10^6); rev-3's raw-count rows were off-basis
Singapore,Demand\Residential\Projections\Refrigeration_\Small\Mid_eff,Exogenous Devices,"Interp(2005, 35476, 2006, 37750, 2007, 40548, 2008, 44019, 2009, 46655, 2010, 48794, 2011, 51148, 2012, 53769, 2013, 56010, 2014, 58112, 2015, 60180, 2016, 62346, 2017, 63768, 2018, 65428, 2019, 67540, 2020, 68669, 2021, 67132, 2022, 70684, 2023, 72428, 2024, 74162, 2025, 75879, 2026, 70360, 2027, 64757, 2028, 59085, 2029, 53374, 2030, 47666, 2031, 42018, 2032, 36498, 2033, 31182, 2034, 26152, 2035, 21488, 2036, 17260, 2037, 13523, 2038, 10311, 2039, 7634, 2040, 5474, 2041, 3793, 2042, 2534, 2043, 1627, 2044, 1002, 2045, 591, 2046, 332, 2047, 178, 2048, 90, 2049, 44, 2050, 20, 2051, 8, 2052, 3, 2053, 1, 2054, 0, 2055, 0, 2056, 0, 2057, 0, 2058, 0, 2059, 0, 2060, 0) / 10^6",Device,ASEAN Coordinated Transition,"existing-fleet retirement survival (fridge_exo_device.csv, 2026-07-15 state; x1000 to actual Device, / 10^6 to the v0.92 LEAP-device basis)",ACT-only (device panel); pre-2025 fleet retiring; actual counts identical to v0.92 — authored VERBATIM in the v0.92 stored form '(actual counts) / 10^6' so exo sits on the same LEAP-device basis as Unit Capacity (*10^6) and Capital Cost (*10^6); rev-3's raw-count rows were off-basis
Thailand,Demand\Residential\Projections\Refrigeration_\Large\High_eff,Exogenous Devices,"Interp(2005, 415034, 2006, 426857, 2007, 438508, 2008, 449890, 2009, 460927, 2010, 471530, 2011, 481788, 2012, 491815, 2013, 501439, 2014, 510538, 2015, 519034, 2016, 527131, 2017, 534825, 2018, 541815, 2019, 548187, 2020, 554230, 2021, 559715, 2022, 564744, 2023, 569623, 2024, 574137, 2025, 578314, 2026, 533753, 2027, 488847, 2028, 443740, 2029, 398683, 2030, 354033, 2031, 310240, 2032, 267833, 2033, 227391, 2034, 189501, 2035, 154713, 2036, 123488, 2037, 96157, 2038, 72885, 2039, 53656, 2040, 38275, 2041, 26393, 2042, 17551, 2043, 11227, 2044, 6892, 2045, 4050, 2046, 2272, 2047, 1214, 2048, 616, 2049, 296, 2050, 135, 2051, 58, 2052, 23, 2053, 9, 2054, 3, 2055, 1, 2056, 0, 2057, 0, 2058, 0, 2059, 0, 2060, 0) / 10^6",Device,ASEAN Coordinated Transition,"existing-fleet retirement survival (fridge_exo_device.csv, 2026-07-15 state; x1000 to actual Device, / 10^6 to the v0.92 LEAP-device basis)",ACT-only (device panel); pre-2025 fleet retiring; actual counts identical to v0.92 — authored VERBATIM in the v0.92 stored form '(actual counts) / 10^6' so exo sits on the same LEAP-device basis as Unit Capacity (*10^6) and Capital Cost (*10^6); rev-3's raw-count rows were off-basis
Thailand,Demand\Residential\Projections\Refrigeration_\Large\Low_eff,Exogenous Devices,"Interp(2005, 196655, 2006, 202257, 2007, 207778, 2008, 213171, 2009, 218401, 2010, 223425, 2011, 228285, 2012, 233036, 2013, 237597, 2014, 241908, 2015, 245933, 2016, 249770, 2017, 253416, 2018, 256728, 2019, 259747, 2020, 262611, 2021, 265209, 2022, 267592, 2023, 269904, 2024, 272043, 2025, 274022, 2026, 252908, 2027, 231630, 2028, 210257, 2029, 188908, 2030, 167751, 2031, 147001, 2032, 126907, 2033, 107745, 2034, 89791, 2035, 73307, 2036, 58512, 2037, 45562, 2038, 34535, 2039, 25424, 2040, 18136, 2041, 12506, 2042, 8316, 2043, 5320, 2044, 3266, 2045, 1919, 2046, 1077, 2047, 575, 2048, 292, 2049, 140, 2050, 64, 2051, 27, 2052, 11, 2053, 4, 2054, 1, 2055, 0, 2056, 0, 2057, 0, 2058, 0, 2059, 0, 2060, 0) / 10^6",Device,ASEAN Coordinated Transition,"existing-fleet retirement survival (fridge_exo_device.csv, 2026-07-15 state; x1000 to actual Device, / 10^6 to the v0.92 LEAP-device basis)",ACT-only (device panel); pre-2025 fleet retiring; actual counts identical to v0.92 — authored VERBATIM in the v0.92 stored form '(actual counts) / 10^6' so exo sits on the same LEAP-device basis as Unit Capacity (*10^6) and Capital Cost (*10^6); rev-3's raw-count rows were off-basis
Thailand,Demand\Residential\Projections\Refrigeration_\Large\Mid_eff,Exogenous Devices,"Interp(2005, 427611, 2006, 439792, 2007, 451796, 2008, 463523, 2009, 474895, 2010, 485819, 2011, 496387, 2012, 506718, 2013, 516635, 2014, 526009, 2015, 534762, 2016, 543104, 2017, 551032, 2018, 558234, 2019, 564799, 2020, 571025, 2021, 576676, 2022, 581858, 2023, 586884, 2024, 591536, 2025, 595839, 2026, 549928, 2027, 503660, 2028, 457186, 2029, 410765, 2030, 364761, 2031, 319641, 2032, 275950, 2033, 234282, 2034, 195244, 2035, 159401, 2036, 127230, 2037, 99071, 2038, 75094, 2039, 55282, 2040, 39434, 2041, 27193, 2042, 18083, 2043, 11568, 2044, 7101, 2045, 4173, 2046, 2341, 2047, 1251, 2048, 635, 2049, 305, 2050, 139, 2051, 59, 2052, 24, 2053, 9, 2054, 3, 2055, 1, 2056, 0, 2057, 0, 2058, 0, 2059, 0, 2060, 0) / 10^6",Device,ASEAN Coordinated Transition,"existing-fleet retirement survival (fridge_exo_device.csv, 2026-07-15 state; x1000 to actual Device, / 10^6 to the v0.92 LEAP-device basis)",ACT-only (device panel); pre-2025 fleet retiring; actual counts identical to v0.92 — authored VERBATIM in the v0.92 stored form '(actual counts) / 10^6' so exo sits on the same LEAP-device basis as Unit Capacity (*10^6) and Capital Cost (*10^6); rev-3's raw-count rows were off-basis
Thailand,Demand\Residential\Projections\Refrigeration_\Medium\High_eff,Exogenous Devices,"Interp(2005, 876945, 2006, 901926, 2007, 926544, 2008, 950593, 2009, 973916, 2010, 996318, 2011, 1017992, 2012, 1039179, 2013, 1059515, 2014, 1078740, 2015, 1096691, 2016, 1113799, 2017, 1130058, 2018, 1144827, 2019, 1158290, 2020, 1171060, 2021, 1182649, 2022, 1193275, 2023, 1203583, 2024, 1213122, 2025, 1221947, 2026, 1127793, 2027, 1032907, 2028, 937599, 2029, 842397, 2030, 748053, 2031, 655521, 2032, 565918, 2033, 480466, 2034, 400407, 2035, 326900, 2036, 260923, 2037, 203174, 2038, 154003, 2039, 113373, 2040, 80872, 2041, 55767, 2042, 37084, 2043, 23723, 2044, 14563, 2045, 8558, 2046, 4801, 2047, 2566, 2048, 1302, 2049, 626, 2050, 285, 2051, 122, 2052, 49, 2053, 19, 2054, 7, 2055, 2, 2056, 1, 2057, 0, 2058, 0, 2059, 0, 2060, 0) / 10^6",Device,ASEAN Coordinated Transition,"existing-fleet retirement survival (fridge_exo_device.csv, 2026-07-15 state; x1000 to actual Device, / 10^6 to the v0.92 LEAP-device basis)",ACT-only (device panel); pre-2025 fleet retiring; actual counts identical to v0.92 — authored VERBATIM in the v0.92 stored form '(actual counts) / 10^6' so exo sits on the same LEAP-device basis as Unit Capacity (*10^6) and Capital Cost (*10^6); rev-3's raw-count rows were off-basis
Thailand,Demand\Residential\Projections\Refrigeration_\Medium\Low_eff,Exogenous Devices,"Interp(2005, 423037, 2006, 435088, 2007, 446964, 2008, 458565, 2009, 469816, 2010, 480623, 2011, 491078, 2012, 501299, 2013, 511109, 2014, 520383, 2015, 529043, 2016, 537296, 2017, 545139, 2018, 552263, 2019, 558758, 2020, 564918, 2021, 570508, 2022, 575635, 2023, 580607, 2024, 585209, 2025, 589466, 2026, 544046, 2027, 498273, 2028, 452297, 2029, 406372, 2030, 360860, 2031, 316223, 2032, 272998, 2033, 231776, 2034, 193156, 2035, 157696, 2036, 125869, 2037, 98011, 2038, 74291, 2039, 54691, 2040, 39013, 2041, 26902, 2042, 17889, 2043, 11444, 2044, 7025, 2045, 4128, 2046, 2316, 2047, 1238, 2048, 628, 2049, 302, 2050, 137, 2051, 59, 2052, 24, 2053, 9, 2054, 3, 2055, 1, 2056, 0, 2057, 0, 2058, 0, 2059, 0, 2060, 0) / 10^6",Device,ASEAN Coordinated Transition,"existing-fleet retirement survival (fridge_exo_device.csv, 2026-07-15 state; x1000 to actual Device, / 10^6 to the v0.92 LEAP-device basis)",ACT-only (device panel); pre-2025 fleet retiring; actual counts identical to v0.92 — authored VERBATIM in the v0.92 stored form '(actual counts) / 10^6' so exo sits on the same LEAP-device basis as Unit Capacity (*10^6) and Capital Cost (*10^6); rev-3's raw-count rows were off-basis
Thailand,Demand\Residential\Projections\Refrigeration_\Medium\Mid_eff,Exogenous Devices,"Interp(2005, 870085, 2006, 894871, 2007, 919296, 2008, 943157, 2009, 966297, 2010, 988524, 2011, 1010029, 2012, 1031050, 2013, 1051227, 2014, 1070301, 2015, 1088112, 2016, 1105086, 2017, 1121217, 2018, 1135871, 2019, 1149229, 2020, 1161899, 2021, 1173397, 2022, 1183941, 2023, 1194168, 2024, 1203632, 2025, 1212389, 2026, 1118971, 2027, 1024827, 2028, 930264, 2029, 835807, 2030, 742202, 2031, 650393, 2032, 561491, 2033, 476708, 2034, 397274, 2035, 324342, 2036, 258882, 2037, 201585, 2038, 152798, 2039, 112486, 2040, 80240, 2041, 55330, 2042, 36794, 2043, 23537, 2044, 14449, 2045, 8491, 2046, 4764, 2047, 2546, 2048, 1292, 2049, 621, 2050, 282, 2051, 121, 2052, 49, 2053, 18, 2054, 7, 2055, 2, 2056, 1, 2057, 0, 2058, 0, 2059, 0, 2060, 0) / 10^6",Device,ASEAN Coordinated Transition,"existing-fleet retirement survival (fridge_exo_device.csv, 2026-07-15 state; x1000 to actual Device, / 10^6 to the v0.92 LEAP-device basis)",ACT-only (device panel); pre-2025 fleet retiring; actual counts identical to v0.92 — authored VERBATIM in the v0.92 stored form '(actual counts) / 10^6' so exo sits on the same LEAP-device basis as Unit Capacity (*10^6) and Capital Cost (*10^6); rev-3's raw-count rows were off-basis
Thailand,Demand\Residential\Projections\Refrigeration_\Small\High_eff,Exogenous Devices,"Interp(2005, 2593105, 2006, 2666973, 2007, 2739769, 2008, 2810880, 2009, 2879844, 2010, 2946088, 2011, 3010178, 2012, 3072827, 2013, 3132961, 2014, 3189807, 2015, 3242889, 2016, 3293477, 2017, 3341552, 2018, 3385225, 2019, 3425035, 2020, 3462795, 2021, 3497062, 2022, 3528485, 2023, 3558966, 2024, 3587173, 2025, 3613268, 2026, 3334856, 2027, 3054281, 2028, 2772456, 2029, 2490947, 2030, 2211975, 2031, 1938359, 2032, 1673406, 2033, 1420727, 2034, 1183992, 2035, 966634, 2036, 771542, 2037, 600781, 2038, 455382, 2039, 335240, 2040, 239137, 2041, 164901, 2042, 109656, 2043, 70148, 2044, 43063, 2045, 25304, 2046, 14197, 2047, 7586, 2048, 3851, 2049, 1852, 2050, 842, 2051, 361, 2052, 145, 2053, 55, 2054, 19, 2055, 6, 2056, 2, 2057, 1, 2058, 0, 2059, 0, 2060, 0) / 10^6",Device,ASEAN Coordinated Transition,"existing-fleet retirement survival (fridge_exo_device.csv, 2026-07-15 state; x1000 to actual Device, / 10^6 to the v0.92 LEAP-device basis)",ACT-only (device panel); pre-2025 fleet retiring; actual counts identical to v0.92 — authored VERBATIM in the v0.92 stored form '(actual counts) / 10^6' so exo sits on the same LEAP-device basis as Unit Capacity (*10^6) and Capital Cost (*10^6); rev-3's raw-count rows were off-basis
Thailand,Demand\Residential\Projections\Refrigeration_\Small\Low_eff,Exogenous Devices,"Interp(2005, 4561944, 2006, 4691897, 2007, 4819964, 2008, 4945067, 2009, 5066393, 2010, 5182932, 2011, 5295684, 2012, 5405900, 2013, 5511691, 2014, 5611698, 2015, 5705082, 2016, 5794079, 2017, 5878657, 2018, 5955488, 2019, 6025524, 2020, 6091954, 2021, 6152239, 2022, 6207520, 2023, 6261143, 2024, 6310767, 2025, 6356676, 2026, 5866877, 2027, 5373272, 2028, 4877468, 2029, 4382222, 2030, 3891438, 2031, 3410076, 2032, 2943954, 2033, 2499427, 2034, 2082950, 2035, 1700560, 2036, 1357343, 2037, 1056929, 2038, 801135, 2039, 589774, 2040, 420705, 2041, 290103, 2042, 192914, 2043, 123409, 2044, 75758, 2045, 44517, 2046, 24977, 2047, 13346, 2048, 6775, 2049, 3259, 2050, 1481, 2051, 635, 2052, 256, 2053, 97, 2054, 34, 2055, 11, 2056, 3, 2057, 1, 2058, 0, 2059, 0, 2060, 0) / 10^6",Device,ASEAN Coordinated Transition,"existing-fleet retirement survival (fridge_exo_device.csv, 2026-07-15 state; x1000 to actual Device, / 10^6 to the v0.92 LEAP-device basis)",ACT-only (device panel); pre-2025 fleet retiring; actual counts identical to v0.92 — authored VERBATIM in the v0.92 stored form '(actual counts) / 10^6' so exo sits on the same LEAP-device basis as Unit Capacity (*10^6) and Capital Cost (*10^6); rev-3's raw-count rows were off-basis
Thailand,Demand\Residential\Projections\Refrigeration_\Small\Mid_eff,Exogenous Devices,"Interp(2005, 1067884, 2006, 1098304, 2007, 1128282, 2008, 1157567, 2009, 1185968, 2010, 1213248, 2011, 1239641, 2012, 1265441, 2013, 1290205, 2014, 1313615, 2015, 1335475, 2016, 1356308, 2017, 1376107, 2018, 1394092, 2019, 1410486, 2020, 1426036, 2021, 1440148, 2022, 1453089, 2023, 1465641, 2024, 1477257, 2025, 1488004, 2026, 1373349, 2027, 1257804, 2028, 1141743, 2029, 1025813, 2030, 910928, 2031, 798248, 2032, 689136, 2033, 585079, 2034, 487588, 2035, 398076, 2036, 317734, 2037, 247412, 2038, 187534, 2039, 138057, 2040, 98481, 2041, 67909, 2042, 45158, 2043, 28888, 2044, 17734, 2045, 10421, 2046, 5847, 2047, 3124, 2048, 1586, 2049, 763, 2050, 347, 2051, 149, 2052, 60, 2053, 23, 2054, 8, 2055, 3, 2056, 1, 2057, 0, 2058, 0, 2059, 0, 2060, 0) / 10^6",Device,ASEAN Coordinated Transition,"existing-fleet retirement survival (fridge_exo_device.csv, 2026-07-15 state; x1000 to actual Device, / 10^6 to the v0.92 LEAP-device basis)",ACT-only (device panel); pre-2025 fleet retiring; actual counts identical to v0.92 — authored VERBATIM in the v0.92 stored form '(actual counts) / 10^6' so exo sits on the same LEAP-device basis as Unit Capacity (*10^6) and Capital Cost (*10^6); rev-3's raw-count rows were off-basis
Vietnam,Demand\Residential\Projections\Refrigeration_\Large\High_eff,Exogenous Devices,"Interp(2005, 621268, 2006, 646558, 2007, 672113, 2008, 698105, 2009, 724747, 2010, 751980, 2011, 779525, 2012, 807402, 2013, 835602, 2014, 863991, 2015, 892421, 2016, 920777, 2017, 948948, 2018, 976934, 2019, 1004768, 2020, 1032729, 2021, 1060129, 2022, 1086395, 2023, 1112061, 2024, 1137244, 2025, 1161927, 2026, 1079002, 2027, 994099, 2028, 907511, 2029, 819775, 2030, 731678, 2031, 644233, 2032, 558643, 2033, 476238, 2034, 398383, 2035, 326373, 2036, 261325, 2037, 204071, 2038, 155085, 2039, 114438, 2040, 81806, 2041, 56519, 2042, 37650, 2043, 24123, 2044, 14830, 2045, 8726, 2046, 4901, 2047, 2622, 2048, 1332, 2049, 641, 2050, 292, 2051, 125, 2052, 50, 2053, 19, 2054, 7, 2055, 2, 2056, 1, 2057, 0, 2058, 0, 2059, 0, 2060, 0) / 10^6",Device,ASEAN Coordinated Transition,"existing-fleet retirement survival (fridge_exo_device.csv, 2026-07-15 state; x1000 to actual Device, / 10^6 to the v0.92 LEAP-device basis)",ACT-only (device panel); pre-2025 fleet retiring; actual counts identical to v0.92 — authored VERBATIM in the v0.92 stored form '(actual counts) / 10^6' so exo sits on the same LEAP-device basis as Unit Capacity (*10^6) and Capital Cost (*10^6); rev-3's raw-count rows were off-basis
Vietnam,Demand\Residential\Projections\Refrigeration_\Large\Low_eff,Exogenous Devices,"Interp(2005, 111566, 2006, 116107, 2007, 120696, 2008, 125364, 2009, 130148, 2010, 135039, 2011, 139985, 2012, 144991, 2013, 150055, 2014, 155153, 2015, 160259, 2016, 165351, 2017, 170410, 2018, 175435, 2019, 180434, 2020, 185455, 2021, 190375, 2022, 195092, 2023, 199701, 2024, 204223, 2025, 208656, 2026, 193764, 2027, 178518, 2028, 162968, 2029, 147213, 2030, 131393, 2031, 115690, 2032, 100320, 2033, 85522, 2034, 71541, 2035, 58609, 2036, 46928, 2037, 36647, 2038, 27850, 2039, 20551, 2040, 14691, 2041, 10150, 2042, 6761, 2043, 4332, 2044, 2663, 2045, 1567, 2046, 880, 2047, 471, 2048, 239, 2049, 115, 2050, 52, 2051, 22, 2052, 9, 2053, 3, 2054, 1, 2055, 0, 2056, 0, 2057, 0, 2058, 0, 2059, 0, 2060, 0) / 10^6",Device,ASEAN Coordinated Transition,"existing-fleet retirement survival (fridge_exo_device.csv, 2026-07-15 state; x1000 to actual Device, / 10^6 to the v0.92 LEAP-device basis)",ACT-only (device panel); pre-2025 fleet retiring; actual counts identical to v0.92 — authored VERBATIM in the v0.92 stored form '(actual counts) / 10^6' so exo sits on the same LEAP-device basis as Unit Capacity (*10^6) and Capital Cost (*10^6); rev-3's raw-count rows were off-basis
Vietnam,Demand\Residential\Projections\Refrigeration_\Large\Mid_eff,Exogenous Devices,"Interp(2005, 386105, 2006, 401822, 2007, 417704, 2008, 433857, 2009, 450415, 2010, 467340, 2011, 484458, 2012, 501784, 2013, 519309, 2014, 536952, 2015, 554621, 2016, 572243, 2017, 589751, 2018, 607144, 2019, 624442, 2020, 641819, 2021, 658848, 2022, 675171, 2023, 691122, 2024, 706773, 2025, 722113, 2026, 670577, 2027, 617812, 2028, 563999, 2029, 509473, 2030, 454722, 2031, 400377, 2032, 347185, 2033, 295972, 2034, 247587, 2035, 202834, 2036, 162408, 2037, 126826, 2038, 96382, 2039, 71121, 2040, 50841, 2041, 35126, 2042, 23399, 2043, 14992, 2044, 9217, 2045, 5423, 2046, 3046, 2047, 1629, 2048, 828, 2049, 399, 2050, 181, 2051, 78, 2052, 31, 2053, 12, 2054, 4, 2055, 1, 2056, 0, 2057, 0, 2058, 0, 2059, 0, 2060, 0) / 10^6",Device,ASEAN Coordinated Transition,"existing-fleet retirement survival (fridge_exo_device.csv, 2026-07-15 state; x1000 to actual Device, / 10^6 to the v0.92 LEAP-device basis)",ACT-only (device panel); pre-2025 fleet retiring; actual counts identical to v0.92 — authored VERBATIM in the v0.92 stored form '(actual counts) / 10^6' so exo sits on the same LEAP-device basis as Unit Capacity (*10^6) and Capital Cost (*10^6); rev-3's raw-count rows were off-basis
Vietnam,Demand\Residential\Projections\Refrigeration_\Medium\High_eff,Exogenous Devices,"Interp(2005, 815960, 2006, 849176, 2007, 882740, 2008, 916877, 2009, 951869, 2010, 987636, 2011, 1023812, 2012, 1060426, 2013, 1097464, 2014, 1134748, 2015, 1172088, 2016, 1209330, 2017, 1246329, 2018, 1283085, 2019, 1319643, 2020, 1356366, 2021, 1392353, 2022, 1426849, 2023, 1460559, 2024, 1493634, 2025, 1526052, 2026, 1417140, 2027, 1305630, 2028, 1191907, 2029, 1076677, 2030, 960971, 2031, 846123, 2032, 733711, 2033, 625482, 2034, 523228, 2035, 428652, 2036, 343219, 2037, 268023, 2038, 203685, 2039, 150301, 2040, 107443, 2041, 74232, 2042, 49449, 2043, 31683, 2044, 19477, 2045, 11460, 2046, 6437, 2047, 3444, 2048, 1750, 2049, 842, 2050, 383, 2051, 164, 2052, 66, 2053, 25, 2054, 9, 2055, 3, 2056, 1, 2057, 0, 2058, 0, 2059, 0, 2060, 0) / 10^6",Device,ASEAN Coordinated Transition,"existing-fleet retirement survival (fridge_exo_device.csv, 2026-07-15 state; x1000 to actual Device, / 10^6 to the v0.92 LEAP-device basis)",ACT-only (device panel); pre-2025 fleet retiring; actual counts identical to v0.92 — authored VERBATIM in the v0.92 stored form '(actual counts) / 10^6' so exo sits on the same LEAP-device basis as Unit Capacity (*10^6) and Capital Cost (*10^6); rev-3's raw-count rows were off-basis
Vietnam,Demand\Residential\Projections\Refrigeration_\Medium\Low_eff,Exogenous Devices,"Interp(2005, 142191, 2006, 147980, 2007, 153829, 2008, 159777, 2009, 165875, 2010, 172108, 2011, 178412, 2012, 184793, 2013, 191247, 2014, 197744, 2015, 204251, 2016, 210741, 2017, 217189, 2018, 223594, 2019, 229965, 2020, 236364, 2021, 242635, 2022, 248647, 2023, 254521, 2024, 260285, 2025, 265934, 2026, 246955, 2027, 227523, 2028, 207705, 2029, 187625, 2030, 167462, 2031, 147448, 2032, 127859, 2033, 108998, 2034, 91179, 2035, 74698, 2036, 59810, 2037, 46706, 2038, 35495, 2039, 26192, 2040, 18723, 2041, 12936, 2042, 8617, 2043, 5521, 2044, 3394, 2045, 1997, 2046, 1122, 2047, 600, 2048, 305, 2049, 147, 2050, 67, 2051, 29, 2052, 12, 2053, 4, 2054, 2, 2055, 1, 2056, 0, 2057, 0, 2058, 0, 2059, 0, 2060, 0) / 10^6",Device,ASEAN Coordinated Transition,"existing-fleet retirement survival (fridge_exo_device.csv, 2026-07-15 state; x1000 to actual Device, / 10^6 to the v0.92 LEAP-device basis)",ACT-only (device panel); pre-2025 fleet retiring; actual counts identical to v0.92 — authored VERBATIM in the v0.92 stored form '(actual counts) / 10^6' so exo sits on the same LEAP-device basis as Unit Capacity (*10^6) and Capital Cost (*10^6); rev-3's raw-count rows were off-basis
Vietnam,Demand\Residential\Projections\Refrigeration_\Medium\Mid_eff,Exogenous Devices,"Interp(2005, 495483, 2006, 515653, 2007, 536034, 2008, 556763, 2009, 578011, 2010, 599731, 2011, 621698, 2012, 643932, 2013, 666422, 2014, 689063, 2015, 711737, 2016, 734352, 2017, 756819, 2018, 779139, 2019, 801338, 2020, 823638, 2021, 845490, 2022, 866438, 2023, 886908, 2024, 906992, 2025, 926678, 2026, 860542, 2027, 792829, 2028, 723772, 2029, 653800, 2030, 583539, 2031, 513798, 2032, 445538, 2033, 379817, 2034, 317724, 2035, 260294, 2036, 208416, 2037, 162754, 2038, 123686, 2039, 91269, 2040, 65243, 2041, 45076, 2042, 30027, 2043, 19239, 2044, 11827, 2045, 6959, 2046, 3909, 2047, 2091, 2048, 1063, 2049, 511, 2050, 233, 2051, 100, 2052, 40, 2053, 15, 2054, 5, 2055, 2, 2056, 1, 2057, 0, 2058, 0, 2059, 0, 2060, 0) / 10^6",Device,ASEAN Coordinated Transition,"existing-fleet retirement survival (fridge_exo_device.csv, 2026-07-15 state; x1000 to actual Device, / 10^6 to the v0.92 LEAP-device basis)",ACT-only (device panel); pre-2025 fleet retiring; actual counts identical to v0.92 — authored VERBATIM in the v0.92 stored form '(actual counts) / 10^6' so exo sits on the same LEAP-device basis as Unit Capacity (*10^6) and Capital Cost (*10^6); rev-3's raw-count rows were off-basis
Vietnam,Demand\Residential\Projections\Refrigeration_\Small\High_eff,Exogenous Devices,"Interp(2005, 4002144, 2006, 4165061, 2007, 4329686, 2008, 4497123, 2009, 4668749, 2010, 4844182, 2011, 5021622, 2012, 5201207, 2013, 5382868, 2014, 5565743, 2015, 5748886, 2016, 5931552, 2017, 6113028, 2018, 6293310, 2019, 6472619, 2020, 6652739, 2021, 6829248, 2022, 6998447, 2023, 7163787, 2024, 7326015, 2025, 7485020, 2026, 6950824, 2027, 6403889, 2028, 5846095, 2029, 5280912, 2030, 4713398, 2031, 4150084, 2032, 3598726, 2033, 3067882, 2034, 2566345, 2035, 2102464, 2036, 1683427, 2037, 1314605, 2038, 999042, 2039, 737200, 2040, 526989, 2041, 364093, 2042, 242538, 2043, 155400, 2044, 95533, 2045, 56210, 2046, 31575, 2047, 16890, 2048, 8582, 2049, 4132, 2050, 1880, 2051, 806, 2052, 325, 2053, 123, 2054, 43, 2055, 14, 2056, 4, 2057, 1, 2058, 0, 2059, 0, 2060, 0) / 10^6",Device,ASEAN Coordinated Transition,"existing-fleet retirement survival (fridge_exo_device.csv, 2026-07-15 state; x1000 to actual Device, / 10^6 to the v0.92 LEAP-device basis)",ACT-only (device panel); pre-2025 fleet retiring; actual counts identical to v0.92 — authored VERBATIM in the v0.92 stored form '(actual counts) / 10^6' so exo sits on the same LEAP-device basis as Unit Capacity (*10^6) and Capital Cost (*10^6); rev-3's raw-count rows were off-basis
Vietnam,Demand\Residential\Projections\Refrigeration_\Small\Low_eff,Exogenous Devices,"Interp(2005, 2948833, 2006, 3068873, 2007, 3190171, 2008, 3313540, 2009, 3439997, 2010, 3569258, 2011, 3699998, 2012, 3832319, 2013, 3966169, 2014, 4100914, 2015, 4235856, 2016, 4370447, 2017, 4504161, 2018, 4636995, 2019, 4769112, 2020, 4901827, 2021, 5031881, 2022, 5156549, 2023, 5278374, 2024, 5397906, 2025, 5515063, 2026, 5121460, 2027, 4718471, 2028, 4307481, 2029, 3891047, 2030, 3472894, 2031, 3057837, 2032, 2651589, 2033, 2260456, 2034, 1890917, 2035, 1549123, 2036, 1240372, 2037, 968618, 2038, 736107, 2039, 543179, 2040, 388292, 2041, 268269, 2042, 178705, 2043, 114500, 2044, 70390, 2045, 41416, 2046, 23265, 2047, 12445, 2048, 6323, 2049, 3044, 2050, 1385, 2051, 594, 2052, 239, 2053, 91, 2054, 32, 2055, 11, 2056, 3, 2057, 1, 2058, 0, 2059, 0, 2060, 0) / 10^6",Device,ASEAN Coordinated Transition,"existing-fleet retirement survival (fridge_exo_device.csv, 2026-07-15 state; x1000 to actual Device, / 10^6 to the v0.92 LEAP-device basis)",ACT-only (device panel); pre-2025 fleet retiring; actual counts identical to v0.92 — authored VERBATIM in the v0.92 stored form '(actual counts) / 10^6' so exo sits on the same LEAP-device basis as Unit Capacity (*10^6) and Capital Cost (*10^6); rev-3's raw-count rows were off-basis
Vietnam,Demand\Residential\Projections\Refrigeration_\Small\Mid_eff,Exogenous Devices,"Interp(2005, 1415352, 2006, 1472968, 2007, 1531187, 2008, 1590401, 2009, 1651096, 2010, 1713138, 2011, 1775889, 2012, 1839399, 2013, 1903643, 2014, 1968317, 2015, 2033085, 2016, 2097685, 2017, 2161864, 2018, 2225620, 2019, 2289032, 2020, 2352732, 2021, 2415154, 2022, 2474990, 2023, 2533463, 2024, 2590835, 2025, 2647066, 2026, 2458149, 2027, 2264726, 2028, 2067463, 2029, 1867587, 2030, 1666886, 2031, 1467671, 2032, 1272684, 2033, 1084952, 2034, 907584, 2035, 743533, 2036, 595342, 2037, 464908, 2038, 353310, 2039, 260710, 2040, 186369, 2041, 128761, 2042, 85773, 2043, 54957, 2044, 33785, 2045, 19878, 2046, 11166, 2047, 5973, 2048, 3035, 2049, 1461, 2050, 665, 2051, 285, 2052, 115, 2053, 43, 2054, 15, 2055, 5, 2056, 2, 2057, 0, 2058, 0, 2059, 0, 2060, 0) / 10^6",Device,ASEAN Coordinated Transition,"existing-fleet retirement survival (fridge_exo_device.csv, 2026-07-15 state; x1000 to actual Device, / 10^6 to the v0.92 LEAP-device basis)",ACT-only (device panel); pre-2025 fleet retiring; actual counts identical to v0.92 — authored VERBATIM in the v0.92 stored form '(actual counts) / 10^6' so exo sits on the same LEAP-device basis as Unit Capacity (*10^6) and Capital Cost (*10^6); rev-3's raw-count rows were off-basis
Brunei,Demand\Residential\Projections\Air Conditioning_\Large\High_eff,Minimum Utilization,100,Percent,ASEAN Coordinated Transition,one-device-one-duty design (user ruling 2026-08-18); v0.92 stored form: plain integer percent,"forces full rated output per device so tier purchases equal market composition; extends the existing 100 pins (AC_ Small, Refrigeration_ Large) to every leaf"
Brunei,Demand\Residential\Projections\Air Conditioning_\Large\Low_eff,Minimum Utilization,100,Percent,ASEAN Coordinated Transition,one-device-one-duty design (user ruling 2026-08-18); v0.92 stored form: plain integer percent,"forces full rated output per device so tier purchases equal market composition; extends the existing 100 pins (AC_ Small, Refrigeration_ Large) to every leaf"
Brunei,Demand\Residential\Projections\Air Conditioning_\Large\Mid_eff,Minimum Utilization,100,Percent,ASEAN Coordinated Transition,one-device-one-duty design (user ruling 2026-08-18); v0.92 stored form: plain integer percent,"forces full rated output per device so tier purchases equal market composition; extends the existing 100 pins (AC_ Small, Refrigeration_ Large) to every leaf"
Brunei,Demand\Residential\Projections\Air Conditioning_\Medium\High_eff,Minimum Utilization,100,Percent,ASEAN Coordinated Transition,one-device-one-duty design (user ruling 2026-08-18); v0.92 stored form: plain integer percent,"forces full rated output per device so tier purchases equal market composition; extends the existing 100 pins (AC_ Small, Refrigeration_ Large) to every leaf"
Brunei,Demand\Residential\Projections\Air Conditioning_\Medium\Low_eff,Minimum Utilization,100,Percent,ASEAN Coordinated Transition,one-device-one-duty design (user ruling 2026-08-18); v0.92 stored form: plain integer percent,"forces full rated output per device so tier purchases equal market composition; extends the existing 100 pins (AC_ Small, Refrigeration_ Large) to every leaf"
Brunei,Demand\Residential\Projections\Air Conditioning_\Medium\Mid_eff,Minimum Utilization,100,Percent,ASEAN Coordinated Transition,one-device-one-duty design (user ruling 2026-08-18); v0.92 stored form: plain integer percent,"forces full rated output per device so tier purchases equal market composition; extends the existing 100 pins (AC_ Small, Refrigeration_ Large) to every leaf"
Cambodia,Demand\Residential\Projections\Air Conditioning_\Large\High_eff,Minimum Utilization,100,Percent,ASEAN Coordinated Transition,one-device-one-duty design (user ruling 2026-08-18); v0.92 stored form: plain integer percent,"forces full rated output per device so tier purchases equal market composition; extends the existing 100 pins (AC_ Small, Refrigeration_ Large) to every leaf"
Cambodia,Demand\Residential\Projections\Air Conditioning_\Large\Low_eff,Minimum Utilization,100,Percent,ASEAN Coordinated Transition,one-device-one-duty design (user ruling 2026-08-18); v0.92 stored form: plain integer percent,"forces full rated output per device so tier purchases equal market composition; extends the existing 100 pins (AC_ Small, Refrigeration_ Large) to every leaf"
Cambodia,Demand\Residential\Projections\Air Conditioning_\Large\Mid_eff,Minimum Utilization,100,Percent,ASEAN Coordinated Transition,one-device-one-duty design (user ruling 2026-08-18); v0.92 stored form: plain integer percent,"forces full rated output per device so tier purchases equal market composition; extends the existing 100 pins (AC_ Small, Refrigeration_ Large) to every leaf"
Cambodia,Demand\Residential\Projections\Air Conditioning_\Medium\High_eff,Minimum Utilization,100,Percent,ASEAN Coordinated Transition,one-device-one-duty design (user ruling 2026-08-18); v0.92 stored form: plain integer percent,"forces full rated output per device so tier purchases equal market composition; extends the existing 100 pins (AC_ Small, Refrigeration_ Large) to every leaf"
Cambodia,Demand\Residential\Projections\Air Conditioning_\Medium\Low_eff,Minimum Utilization,100,Percent,ASEAN Coordinated Transition,one-device-one-duty design (user ruling 2026-08-18); v0.92 stored form: plain integer percent,"forces full rated output per device so tier purchases equal market composition; extends the existing 100 pins (AC_ Small, Refrigeration_ Large) to every leaf"
Cambodia,Demand\Residential\Projections\Air Conditioning_\Medium\Mid_eff,Minimum Utilization,100,Percent,ASEAN Coordinated Transition,one-device-one-duty design (user ruling 2026-08-18); v0.92 stored form: plain integer percent,"forces full rated output per device so tier purchases equal market composition; extends the existing 100 pins (AC_ Small, Refrigeration_ Large) to every leaf"
Indonesia,Demand\Residential\Projections\Air Conditioning_\Large\High_eff,Minimum Utilization,100,Percent,ASEAN Coordinated Transition,one-device-one-duty design (user ruling 2026-08-18); v0.92 stored form: plain integer percent,"forces full rated output per device so tier purchases equal market composition; extends the existing 100 pins (AC_ Small, Refrigeration_ Large) to every leaf"
Indonesia,Demand\Residential\Projections\Air Conditioning_\Large\Low_eff,Minimum Utilization,100,Percent,ASEAN Coordinated Transition,one-device-one-duty design (user ruling 2026-08-18); v0.92 stored form: plain integer percent,"forces full rated output per device so tier purchases equal market composition; extends the existing 100 pins (AC_ Small, Refrigeration_ Large) to every leaf"
Indonesia,Demand\Residential\Projections\Air Conditioning_\Large\Mid_eff,Minimum Utilization,100,Percent,ASEAN Coordinated Transition,one-device-one-duty design (user ruling 2026-08-18); v0.92 stored form: plain integer percent,"forces full rated output per device so tier purchases equal market composition; extends the existing 100 pins (AC_ Small, Refrigeration_ Large) to every leaf"
Indonesia,Demand\Residential\Projections\Air Conditioning_\Medium\High_eff,Minimum Utilization,100,Percent,ASEAN Coordinated Transition,one-device-one-duty design (user ruling 2026-08-18); v0.92 stored form: plain integer percent,"forces full rated output per device so tier purchases equal market composition; extends the existing 100 pins (AC_ Small, Refrigeration_ Large) to every leaf"
Indonesia,Demand\Residential\Projections\Air Conditioning_\Medium\Low_eff,Minimum Utilization,100,Percent,ASEAN Coordinated Transition,one-device-one-duty design (user ruling 2026-08-18); v0.92 stored form: plain integer percent,"forces full rated output per device so tier purchases equal market composition; extends the existing 100 pins (AC_ Small, Refrigeration_ Large) to every leaf"
Indonesia,Demand\Residential\Projections\Air Conditioning_\Medium\Mid_eff,Minimum Utilization,100,Percent,ASEAN Coordinated Transition,one-device-one-duty design (user ruling 2026-08-18); v0.92 stored form: plain integer percent,"forces full rated output per device so tier purchases equal market composition; extends the existing 100 pins (AC_ Small, Refrigeration_ Large) to every leaf"
Laos,Demand\Residential\Projections\Air Conditioning_\Large\High_eff,Minimum Utilization,100,Percent,ASEAN Coordinated Transition,one-device-one-duty design (user ruling 2026-08-18); v0.92 stored form: plain integer percent,"forces full rated output per device so tier purchases equal market composition; extends the existing 100 pins (AC_ Small, Refrigeration_ Large) to every leaf"
Laos,Demand\Residential\Projections\Air Conditioning_\Large\Low_eff,Minimum Utilization,100,Percent,ASEAN Coordinated Transition,one-device-one-duty design (user ruling 2026-08-18); v0.92 stored form: plain integer percent,"forces full rated output per device so tier purchases equal market composition; extends the existing 100 pins (AC_ Small, Refrigeration_ Large) to every leaf"
Laos,Demand\Residential\Projections\Air Conditioning_\Large\Mid_eff,Minimum Utilization,100,Percent,ASEAN Coordinated Transition,one-device-one-duty design (user ruling 2026-08-18); v0.92 stored form: plain integer percent,"forces full rated output per device so tier purchases equal market composition; extends the existing 100 pins (AC_ Small, Refrigeration_ Large) to every leaf"
Laos,Demand\Residential\Projections\Air Conditioning_\Medium\High_eff,Minimum Utilization,100,Percent,ASEAN Coordinated Transition,one-device-one-duty design (user ruling 2026-08-18); v0.92 stored form: plain integer percent,"forces full rated output per device so tier purchases equal market composition; extends the existing 100 pins (AC_ Small, Refrigeration_ Large) to every leaf"
Laos,Demand\Residential\Projections\Air Conditioning_\Medium\Low_eff,Minimum Utilization,100,Percent,ASEAN Coordinated Transition,one-device-one-duty design (user ruling 2026-08-18); v0.92 stored form: plain integer percent,"forces full rated output per device so tier purchases equal market composition; extends the existing 100 pins (AC_ Small, Refrigeration_ Large) to every leaf"
Laos,Demand\Residential\Projections\Air Conditioning_\Medium\Mid_eff,Minimum Utilization,100,Percent,ASEAN Coordinated Transition,one-device-one-duty design (user ruling 2026-08-18); v0.92 stored form: plain integer percent,"forces full rated output per device so tier purchases equal market composition; extends the existing 100 pins (AC_ Small, Refrigeration_ Large) to every leaf"
Malaysia,Demand\Residential\Projections\Air Conditioning_\Large\High_eff,Minimum Utilization,100,Percent,ASEAN Coordinated Transition,one-device-one-duty design (user ruling 2026-08-18); v0.92 stored form: plain integer percent,"forces full rated output per device so tier purchases equal market composition; extends the existing 100 pins (AC_ Small, Refrigeration_ Large) to every leaf"
Malaysia,Demand\Residential\Projections\Air Conditioning_\Large\Low_eff,Minimum Utilization,100,Percent,ASEAN Coordinated Transition,one-device-one-duty design (user ruling 2026-08-18); v0.92 stored form: plain integer percent,"forces full rated output per device so tier purchases equal market composition; extends the existing 100 pins (AC_ Small, Refrigeration_ Large) to every leaf"
Malaysia,Demand\Residential\Projections\Air Conditioning_\Large\Mid_eff,Minimum Utilization,100,Percent,ASEAN Coordinated Transition,one-device-one-duty design (user ruling 2026-08-18); v0.92 stored form: plain integer percent,"forces full rated output per device so tier purchases equal market composition; extends the existing 100 pins (AC_ Small, Refrigeration_ Large) to every leaf"
Malaysia,Demand\Residential\Projections\Air Conditioning_\Medium\High_eff,Minimum Utilization,100,Percent,ASEAN Coordinated Transition,one-device-one-duty design (user ruling 2026-08-18); v0.92 stored form: plain integer percent,"forces full rated output per device so tier purchases equal market composition; extends the existing 100 pins (AC_ Small, Refrigeration_ Large) to every leaf"
Malaysia,Demand\Residential\Projections\Air Conditioning_\Medium\Low_eff,Minimum Utilization,100,Percent,ASEAN Coordinated Transition,one-device-one-duty design (user ruling 2026-08-18); v0.92 stored form: plain integer percent,"forces full rated output per device so tier purchases equal market composition; extends the existing 100 pins (AC_ Small, Refrigeration_ Large) to every leaf"
Malaysia,Demand\Residential\Projections\Air Conditioning_\Medium\Mid_eff,Minimum Utilization,100,Percent,ASEAN Coordinated Transition,one-device-one-duty design (user ruling 2026-08-18); v0.92 stored form: plain integer percent,"forces full rated output per device so tier purchases equal market composition; extends the existing 100 pins (AC_ Small, Refrigeration_ Large) to every leaf"
Myanmar,Demand\Residential\Projections\Air Conditioning_\Large\High_eff,Minimum Utilization,100,Percent,ASEAN Coordinated Transition,one-device-one-duty design (user ruling 2026-08-18); v0.92 stored form: plain integer percent,"forces full rated output per device so tier purchases equal market composition; extends the existing 100 pins (AC_ Small, Refrigeration_ Large) to every leaf"
Myanmar,Demand\Residential\Projections\Air Conditioning_\Large\Low_eff,Minimum Utilization,100,Percent,ASEAN Coordinated Transition,one-device-one-duty design (user ruling 2026-08-18); v0.92 stored form: plain integer percent,"forces full rated output per device so tier purchases equal market composition; extends the existing 100 pins (AC_ Small, Refrigeration_ Large) to every leaf"
Myanmar,Demand\Residential\Projections\Air Conditioning_\Large\Mid_eff,Minimum Utilization,100,Percent,ASEAN Coordinated Transition,one-device-one-duty design (user ruling 2026-08-18); v0.92 stored form: plain integer percent,"forces full rated output per device so tier purchases equal market composition; extends the existing 100 pins (AC_ Small, Refrigeration_ Large) to every leaf"
Myanmar,Demand\Residential\Projections\Air Conditioning_\Medium\High_eff,Minimum Utilization,100,Percent,ASEAN Coordinated Transition,one-device-one-duty design (user ruling 2026-08-18); v0.92 stored form: plain integer percent,"forces full rated output per device so tier purchases equal market composition; extends the existing 100 pins (AC_ Small, Refrigeration_ Large) to every leaf"
Myanmar,Demand\Residential\Projections\Air Conditioning_\Medium\Low_eff,Minimum Utilization,100,Percent,ASEAN Coordinated Transition,one-device-one-duty design (user ruling 2026-08-18); v0.92 stored form: plain integer percent,"forces full rated output per device so tier purchases equal market composition; extends the existing 100 pins (AC_ Small, Refrigeration_ Large) to every leaf"
Myanmar,Demand\Residential\Projections\Air Conditioning_\Medium\Mid_eff,Minimum Utilization,100,Percent,ASEAN Coordinated Transition,one-device-one-duty design (user ruling 2026-08-18); v0.92 stored form: plain integer percent,"forces full rated output per device so tier purchases equal market composition; extends the existing 100 pins (AC_ Small, Refrigeration_ Large) to every leaf"
Philippines,Demand\Residential\Projections\Air Conditioning_\Large\High_eff,Minimum Utilization,100,Percent,ASEAN Coordinated Transition,one-device-one-duty design (user ruling 2026-08-18); v0.92 stored form: plain integer percent,"forces full rated output per device so tier purchases equal market composition; extends the existing 100 pins (AC_ Small, Refrigeration_ Large) to every leaf"
Philippines,Demand\Residential\Projections\Air Conditioning_\Large\Low_eff,Minimum Utilization,100,Percent,ASEAN Coordinated Transition,one-device-one-duty design (user ruling 2026-08-18); v0.92 stored form: plain integer percent,"forces full rated output per device so tier purchases equal market composition; extends the existing 100 pins (AC_ Small, Refrigeration_ Large) to every leaf"
Philippines,Demand\Residential\Projections\Air Conditioning_\Large\Mid_eff,Minimum Utilization,100,Percent,ASEAN Coordinated Transition,one-device-one-duty design (user ruling 2026-08-18); v0.92 stored form: plain integer percent,"forces full rated output per device so tier purchases equal market composition; extends the existing 100 pins (AC_ Small, Refrigeration_ Large) to every leaf"
Philippines,Demand\Residential\Projections\Air Conditioning_\Medium\High_eff,Minimum Utilization,100,Percent,ASEAN Coordinated Transition,one-device-one-duty design (user ruling 2026-08-18); v0.92 stored form: plain integer percent,"forces full rated output per device so tier purchases equal market composition; extends the existing 100 pins (AC_ Small, Refrigeration_ Large) to every leaf"
Philippines,Demand\Residential\Projections\Air Conditioning_\Medium\Low_eff,Minimum Utilization,100,Percent,ASEAN Coordinated Transition,one-device-one-duty design (user ruling 2026-08-18); v0.92 stored form: plain integer percent,"forces full rated output per device so tier purchases equal market composition; extends the existing 100 pins (AC_ Small, Refrigeration_ Large) to every leaf"
Philippines,Demand\Residential\Projections\Air Conditioning_\Medium\Mid_eff,Minimum Utilization,100,Percent,ASEAN Coordinated Transition,one-device-one-duty design (user ruling 2026-08-18); v0.92 stored form: plain integer percent,"forces full rated output per device so tier purchases equal market composition; extends the existing 100 pins (AC_ Small, Refrigeration_ Large) to every leaf"
Singapore,Demand\Residential\Projections\Air Conditioning_\Large\High_eff,Minimum Utilization,100,Percent,ASEAN Coordinated Transition,one-device-one-duty design (user ruling 2026-08-18); v0.92 stored form: plain integer percent,"forces full rated output per device so tier purchases equal market composition; extends the existing 100 pins (AC_ Small, Refrigeration_ Large) to every leaf"
Singapore,Demand\Residential\Projections\Air Conditioning_\Large\Low_eff,Minimum Utilization,100,Percent,ASEAN Coordinated Transition,one-device-one-duty design (user ruling 2026-08-18); v0.92 stored form: plain integer percent,"forces full rated output per device so tier purchases equal market composition; extends the existing 100 pins (AC_ Small, Refrigeration_ Large) to every leaf"
Singapore,Demand\Residential\Projections\Air Conditioning_\Large\Mid_eff,Minimum Utilization,100,Percent,ASEAN Coordinated Transition,one-device-one-duty design (user ruling 2026-08-18); v0.92 stored form: plain integer percent,"forces full rated output per device so tier purchases equal market composition; extends the existing 100 pins (AC_ Small, Refrigeration_ Large) to every leaf"
Singapore,Demand\Residential\Projections\Air Conditioning_\Medium\High_eff,Minimum Utilization,100,Percent,ASEAN Coordinated Transition,one-device-one-duty design (user ruling 2026-08-18); v0.92 stored form: plain integer percent,"forces full rated output per device so tier purchases equal market composition; extends the existing 100 pins (AC_ Small, Refrigeration_ Large) to every leaf"
Singapore,Demand\Residential\Projections\Air Conditioning_\Medium\Low_eff,Minimum Utilization,100,Percent,ASEAN Coordinated Transition,one-device-one-duty design (user ruling 2026-08-18); v0.92 stored form: plain integer percent,"forces full rated output per device so tier purchases equal market composition; extends the existing 100 pins (AC_ Small, Refrigeration_ Large) to every leaf"
Singapore,Demand\Residential\Projections\Air Conditioning_\Medium\Mid_eff,Minimum Utilization,100,Percent,ASEAN Coordinated Transition,one-device-one-duty design (user ruling 2026-08-18); v0.92 stored form: plain integer percent,"forces full rated output per device so tier purchases equal market composition; extends the existing 100 pins (AC_ Small, Refrigeration_ Large) to every leaf"
Thailand,Demand\Residential\Projections\Air Conditioning_\Large\High_eff,Minimum Utilization,100,Percent,ASEAN Coordinated Transition,one-device-one-duty design (user ruling 2026-08-18); v0.92 stored form: plain integer percent,"forces full rated output per device so tier purchases equal market composition; extends the existing 100 pins (AC_ Small, Refrigeration_ Large) to every leaf"
Thailand,Demand\Residential\Projections\Air Conditioning_\Large\Low_eff,Minimum Utilization,100,Percent,ASEAN Coordinated Transition,one-device-one-duty design (user ruling 2026-08-18); v0.92 stored form: plain integer percent,"forces full rated output per device so tier purchases equal market composition; extends the existing 100 pins (AC_ Small, Refrigeration_ Large) to every leaf"
Thailand,Demand\Residential\Projections\Air Conditioning_\Large\Mid_eff,Minimum Utilization,100,Percent,ASEAN Coordinated Transition,one-device-one-duty design (user ruling 2026-08-18); v0.92 stored form: plain integer percent,"forces full rated output per device so tier purchases equal market composition; extends the existing 100 pins (AC_ Small, Refrigeration_ Large) to every leaf"
Thailand,Demand\Residential\Projections\Air Conditioning_\Medium\High_eff,Minimum Utilization,100,Percent,ASEAN Coordinated Transition,one-device-one-duty design (user ruling 2026-08-18); v0.92 stored form: plain integer percent,"forces full rated output per device so tier purchases equal market composition; extends the existing 100 pins (AC_ Small, Refrigeration_ Large) to every leaf"
Thailand,Demand\Residential\Projections\Air Conditioning_\Medium\Low_eff,Minimum Utilization,100,Percent,ASEAN Coordinated Transition,one-device-one-duty design (user ruling 2026-08-18); v0.92 stored form: plain integer percent,"forces full rated output per device so tier purchases equal market composition; extends the existing 100 pins (AC_ Small, Refrigeration_ Large) to every leaf"
Thailand,Demand\Residential\Projections\Air Conditioning_\Medium\Mid_eff,Minimum Utilization,100,Percent,ASEAN Coordinated Transition,one-device-one-duty design (user ruling 2026-08-18); v0.92 stored form: plain integer percent,"forces full rated output per device so tier purchases equal market composition; extends the existing 100 pins (AC_ Small, Refrigeration_ Large) to every leaf"
Vietnam,Demand\Residential\Projections\Air Conditioning_\Large\High_eff,Minimum Utilization,100,Percent,ASEAN Coordinated Transition,one-device-one-duty design (user ruling 2026-08-18); v0.92 stored form: plain integer percent,"forces full rated output per device so tier purchases equal market composition; extends the existing 100 pins (AC_ Small, Refrigeration_ Large) to every leaf"
Vietnam,Demand\Residential\Projections\Air Conditioning_\Large\Low_eff,Minimum Utilization,100,Percent,ASEAN Coordinated Transition,one-device-one-duty design (user ruling 2026-08-18); v0.92 stored form: plain integer percent,"forces full rated output per device so tier purchases equal market composition; extends the existing 100 pins (AC_ Small, Refrigeration_ Large) to every leaf"
Vietnam,Demand\Residential\Projections\Air Conditioning_\Large\Mid_eff,Minimum Utilization,100,Percent,ASEAN Coordinated Transition,one-device-one-duty design (user ruling 2026-08-18); v0.92 stored form: plain integer percent,"forces full rated output per device so tier purchases equal market composition; extends the existing 100 pins (AC_ Small, Refrigeration_ Large) to every leaf"
Vietnam,Demand\Residential\Projections\Air Conditioning_\Medium\High_eff,Minimum Utilization,100,Percent,ASEAN Coordinated Transition,one-device-one-duty design (user ruling 2026-08-18); v0.92 stored form: plain integer percent,"forces full rated output per device so tier purchases equal market composition; extends the existing 100 pins (AC_ Small, Refrigeration_ Large) to every leaf"
Vietnam,Demand\Residential\Projections\Air Conditioning_\Medium\Low_eff,Minimum Utilization,100,Percent,ASEAN Coordinated Transition,one-device-one-duty design (user ruling 2026-08-18); v0.92 stored form: plain integer percent,"forces full rated output per device so tier purchases equal market composition; extends the existing 100 pins (AC_ Small, Refrigeration_ Large) to every leaf"
Vietnam,Demand\Residential\Projections\Air Conditioning_\Medium\Mid_eff,Minimum Utilization,100,Percent,ASEAN Coordinated Transition,one-device-one-duty design (user ruling 2026-08-18); v0.92 stored form: plain integer percent,"forces full rated output per device so tier purchases equal market composition; extends the existing 100 pins (AC_ Small, Refrigeration_ Large) to every leaf"
Brunei,Demand\Residential\Projections\Refrigeration_\Medium\High_eff,Minimum Utilization,100,Percent,ASEAN Coordinated Transition,one-device-one-duty design (user ruling 2026-08-18); v0.92 stored form: plain integer percent,"forces full rated output per device so tier purchases equal market composition; extends the existing 100 pins (AC_ Small, Refrigeration_ Large) to every leaf"
Brunei,Demand\Residential\Projections\Refrigeration_\Medium\Low_eff,Minimum Utilization,100,Percent,ASEAN Coordinated Transition,one-device-one-duty design (user ruling 2026-08-18); v0.92 stored form: plain integer percent,"forces full rated output per device so tier purchases equal market composition; extends the existing 100 pins (AC_ Small, Refrigeration_ Large) to every leaf"
Brunei,Demand\Residential\Projections\Refrigeration_\Medium\Mid_eff,Minimum Utilization,100,Percent,ASEAN Coordinated Transition,one-device-one-duty design (user ruling 2026-08-18); v0.92 stored form: plain integer percent,"forces full rated output per device so tier purchases equal market composition; extends the existing 100 pins (AC_ Small, Refrigeration_ Large) to every leaf"
Brunei,Demand\Residential\Projections\Refrigeration_\Small\High_eff,Minimum Utilization,100,Percent,ASEAN Coordinated Transition,one-device-one-duty design (user ruling 2026-08-18); v0.92 stored form: plain integer percent,"forces full rated output per device so tier purchases equal market composition; extends the existing 100 pins (AC_ Small, Refrigeration_ Large) to every leaf"
Brunei,Demand\Residential\Projections\Refrigeration_\Small\Low_eff,Minimum Utilization,100,Percent,ASEAN Coordinated Transition,one-device-one-duty design (user ruling 2026-08-18); v0.92 stored form: plain integer percent,"forces full rated output per device so tier purchases equal market composition; extends the existing 100 pins (AC_ Small, Refrigeration_ Large) to every leaf"
Brunei,Demand\Residential\Projections\Refrigeration_\Small\Mid_eff,Minimum Utilization,100,Percent,ASEAN Coordinated Transition,one-device-one-duty design (user ruling 2026-08-18); v0.92 stored form: plain integer percent,"forces full rated output per device so tier purchases equal market composition; extends the existing 100 pins (AC_ Small, Refrigeration_ Large) to every leaf"
Cambodia,Demand\Residential\Projections\Refrigeration_\Medium\High_eff,Minimum Utilization,100,Percent,ASEAN Coordinated Transition,one-device-one-duty design (user ruling 2026-08-18); v0.92 stored form: plain integer percent,"forces full rated output per device so tier purchases equal market composition; extends the existing 100 pins (AC_ Small, Refrigeration_ Large) to every leaf"
Cambodia,Demand\Residential\Projections\Refrigeration_\Medium\Low_eff,Minimum Utilization,100,Percent,ASEAN Coordinated Transition,one-device-one-duty design (user ruling 2026-08-18); v0.92 stored form: plain integer percent,"forces full rated output per device so tier purchases equal market composition; extends the existing 100 pins (AC_ Small, Refrigeration_ Large) to every leaf"
Cambodia,Demand\Residential\Projections\Refrigeration_\Medium\Mid_eff,Minimum Utilization,100,Percent,ASEAN Coordinated Transition,one-device-one-duty design (user ruling 2026-08-18); v0.92 stored form: plain integer percent,"forces full rated output per device so tier purchases equal market composition; extends the existing 100 pins (AC_ Small, Refrigeration_ Large) to every leaf"
Cambodia,Demand\Residential\Projections\Refrigeration_\Small\High_eff,Minimum Utilization,100,Percent,ASEAN Coordinated Transition,one-device-one-duty design (user ruling 2026-08-18); v0.92 stored form: plain integer percent,"forces full rated output per device so tier purchases equal market composition; extends the existing 100 pins (AC_ Small, Refrigeration_ Large) to every leaf"
Cambodia,Demand\Residential\Projections\Refrigeration_\Small\Low_eff,Minimum Utilization,100,Percent,ASEAN Coordinated Transition,one-device-one-duty design (user ruling 2026-08-18); v0.92 stored form: plain integer percent,"forces full rated output per device so tier purchases equal market composition; extends the existing 100 pins (AC_ Small, Refrigeration_ Large) to every leaf"
Cambodia,Demand\Residential\Projections\Refrigeration_\Small\Mid_eff,Minimum Utilization,100,Percent,ASEAN Coordinated Transition,one-device-one-duty design (user ruling 2026-08-18); v0.92 stored form: plain integer percent,"forces full rated output per device so tier purchases equal market composition; extends the existing 100 pins (AC_ Small, Refrigeration_ Large) to every leaf"
Indonesia,Demand\Residential\Projections\Refrigeration_\Medium\High_eff,Minimum Utilization,100,Percent,ASEAN Coordinated Transition,one-device-one-duty design (user ruling 2026-08-18); v0.92 stored form: plain integer percent,"forces full rated output per device so tier purchases equal market composition; extends the existing 100 pins (AC_ Small, Refrigeration_ Large) to every leaf"
Indonesia,Demand\Residential\Projections\Refrigeration_\Medium\Low_eff,Minimum Utilization,100,Percent,ASEAN Coordinated Transition,one-device-one-duty design (user ruling 2026-08-18); v0.92 stored form: plain integer percent,"forces full rated output per device so tier purchases equal market composition; extends the existing 100 pins (AC_ Small, Refrigeration_ Large) to every leaf"
Indonesia,Demand\Residential\Projections\Refrigeration_\Medium\Mid_eff,Minimum Utilization,100,Percent,ASEAN Coordinated Transition,one-device-one-duty design (user ruling 2026-08-18); v0.92 stored form: plain integer percent,"forces full rated output per device so tier purchases equal market composition; extends the existing 100 pins (AC_ Small, Refrigeration_ Large) to every leaf"
Indonesia,Demand\Residential\Projections\Refrigeration_\Small\High_eff,Minimum Utilization,100,Percent,ASEAN Coordinated Transition,one-device-one-duty design (user ruling 2026-08-18); v0.92 stored form: plain integer percent,"forces full rated output per device so tier purchases equal market composition; extends the existing 100 pins (AC_ Small, Refrigeration_ Large) to every leaf"
Indonesia,Demand\Residential\Projections\Refrigeration_\Small\Low_eff,Minimum Utilization,100,Percent,ASEAN Coordinated Transition,one-device-one-duty design (user ruling 2026-08-18); v0.92 stored form: plain integer percent,"forces full rated output per device so tier purchases equal market composition; extends the existing 100 pins (AC_ Small, Refrigeration_ Large) to every leaf"
Indonesia,Demand\Residential\Projections\Refrigeration_\Small\Mid_eff,Minimum Utilization,100,Percent,ASEAN Coordinated Transition,one-device-one-duty design (user ruling 2026-08-18); v0.92 stored form: plain integer percent,"forces full rated output per device so tier purchases equal market composition; extends the existing 100 pins (AC_ Small, Refrigeration_ Large) to every leaf"
Laos,Demand\Residential\Projections\Refrigeration_\Medium\High_eff,Minimum Utilization,100,Percent,ASEAN Coordinated Transition,one-device-one-duty design (user ruling 2026-08-18); v0.92 stored form: plain integer percent,"forces full rated output per device so tier purchases equal market composition; extends the existing 100 pins (AC_ Small, Refrigeration_ Large) to every leaf"
Laos,Demand\Residential\Projections\Refrigeration_\Medium\Low_eff,Minimum Utilization,100,Percent,ASEAN Coordinated Transition,one-device-one-duty design (user ruling 2026-08-18); v0.92 stored form: plain integer percent,"forces full rated output per device so tier purchases equal market composition; extends the existing 100 pins (AC_ Small, Refrigeration_ Large) to every leaf"
Laos,Demand\Residential\Projections\Refrigeration_\Medium\Mid_eff,Minimum Utilization,100,Percent,ASEAN Coordinated Transition,one-device-one-duty design (user ruling 2026-08-18); v0.92 stored form: plain integer percent,"forces full rated output per device so tier purchases equal market composition; extends the existing 100 pins (AC_ Small, Refrigeration_ Large) to every leaf"
Laos,Demand\Residential\Projections\Refrigeration_\Small\High_eff,Minimum Utilization,100,Percent,ASEAN Coordinated Transition,one-device-one-duty design (user ruling 2026-08-18); v0.92 stored form: plain integer percent,"forces full rated output per device so tier purchases equal market composition; extends the existing 100 pins (AC_ Small, Refrigeration_ Large) to every leaf"
Laos,Demand\Residential\Projections\Refrigeration_\Small\Low_eff,Minimum Utilization,100,Percent,ASEAN Coordinated Transition,one-device-one-duty design (user ruling 2026-08-18); v0.92 stored form: plain integer percent,"forces full rated output per device so tier purchases equal market composition; extends the existing 100 pins (AC_ Small, Refrigeration_ Large) to every leaf"
Laos,Demand\Residential\Projections\Refrigeration_\Small\Mid_eff,Minimum Utilization,100,Percent,ASEAN Coordinated Transition,one-device-one-duty design (user ruling 2026-08-18); v0.92 stored form: plain integer percent,"forces full rated output per device so tier purchases equal market composition; extends the existing 100 pins (AC_ Small, Refrigeration_ Large) to every leaf"
Malaysia,Demand\Residential\Projections\Refrigeration_\Medium\High_eff,Minimum Utilization,100,Percent,ASEAN Coordinated Transition,one-device-one-duty design (user ruling 2026-08-18); v0.92 stored form: plain integer percent,"forces full rated output per device so tier purchases equal market composition; extends the existing 100 pins (AC_ Small, Refrigeration_ Large) to every leaf"
Malaysia,Demand\Residential\Projections\Refrigeration_\Medium\Low_eff,Minimum Utilization,100,Percent,ASEAN Coordinated Transition,one-device-one-duty design (user ruling 2026-08-18); v0.92 stored form: plain integer percent,"forces full rated output per device so tier purchases equal market composition; extends the existing 100 pins (AC_ Small, Refrigeration_ Large) to every leaf"
Malaysia,Demand\Residential\Projections\Refrigeration_\Medium\Mid_eff,Minimum Utilization,100,Percent,ASEAN Coordinated Transition,one-device-one-duty design (user ruling 2026-08-18); v0.92 stored form: plain integer percent,"forces full rated output per device so tier purchases equal market composition; extends the existing 100 pins (AC_ Small, Refrigeration_ Large) to every leaf"
Malaysia,Demand\Residential\Projections\Refrigeration_\Small\High_eff,Minimum Utilization,100,Percent,ASEAN Coordinated Transition,one-device-one-duty design (user ruling 2026-08-18); v0.92 stored form: plain integer percent,"forces full rated output per device so tier purchases equal market composition; extends the existing 100 pins (AC_ Small, Refrigeration_ Large) to every leaf"
Malaysia,Demand\Residential\Projections\Refrigeration_\Small\Low_eff,Minimum Utilization,100,Percent,ASEAN Coordinated Transition,one-device-one-duty design (user ruling 2026-08-18); v0.92 stored form: plain integer percent,"forces full rated output per device so tier purchases equal market composition; extends the existing 100 pins (AC_ Small, Refrigeration_ Large) to every leaf"
Malaysia,Demand\Residential\Projections\Refrigeration_\Small\Mid_eff,Minimum Utilization,100,Percent,ASEAN Coordinated Transition,one-device-one-duty design (user ruling 2026-08-18); v0.92 stored form: plain integer percent,"forces full rated output per device so tier purchases equal market composition; extends the existing 100 pins (AC_ Small, Refrigeration_ Large) to every leaf"
Myanmar,Demand\Residential\Projections\Refrigeration_\Medium\High_eff,Minimum Utilization,100,Percent,ASEAN Coordinated Transition,one-device-one-duty design (user ruling 2026-08-18); v0.92 stored form: plain integer percent,"forces full rated output per device so tier purchases equal market composition; extends the existing 100 pins (AC_ Small, Refrigeration_ Large) to every leaf"
Myanmar,Demand\Residential\Projections\Refrigeration_\Medium\Low_eff,Minimum Utilization,100,Percent,ASEAN Coordinated Transition,one-device-one-duty design (user ruling 2026-08-18); v0.92 stored form: plain integer percent,"forces full rated output per device so tier purchases equal market composition; extends the existing 100 pins (AC_ Small, Refrigeration_ Large) to every leaf"
Myanmar,Demand\Residential\Projections\Refrigeration_\Medium\Mid_eff,Minimum Utilization,100,Percent,ASEAN Coordinated Transition,one-device-one-duty design (user ruling 2026-08-18); v0.92 stored form: plain integer percent,"forces full rated output per device so tier purchases equal market composition; extends the existing 100 pins (AC_ Small, Refrigeration_ Large) to every leaf"
Myanmar,Demand\Residential\Projections\Refrigeration_\Small\High_eff,Minimum Utilization,100,Percent,ASEAN Coordinated Transition,one-device-one-duty design (user ruling 2026-08-18); v0.92 stored form: plain integer percent,"forces full rated output per device so tier purchases equal market composition; extends the existing 100 pins (AC_ Small, Refrigeration_ Large) to every leaf"
Myanmar,Demand\Residential\Projections\Refrigeration_\Small\Low_eff,Minimum Utilization,100,Percent,ASEAN Coordinated Transition,one-device-one-duty design (user ruling 2026-08-18); v0.92 stored form: plain integer percent,"forces full rated output per device so tier purchases equal market composition; extends the existing 100 pins (AC_ Small, Refrigeration_ Large) to every leaf"
Myanmar,Demand\Residential\Projections\Refrigeration_\Small\Mid_eff,Minimum Utilization,100,Percent,ASEAN Coordinated Transition,one-device-one-duty design (user ruling 2026-08-18); v0.92 stored form: plain integer percent,"forces full rated output per device so tier purchases equal market composition; extends the existing 100 pins (AC_ Small, Refrigeration_ Large) to every leaf"
Philippines,Demand\Residential\Projections\Refrigeration_\Medium\High_eff,Minimum Utilization,100,Percent,ASEAN Coordinated Transition,one-device-one-duty design (user ruling 2026-08-18); v0.92 stored form: plain integer percent,"forces full rated output per device so tier purchases equal market composition; extends the existing 100 pins (AC_ Small, Refrigeration_ Large) to every leaf"
Philippines,Demand\Residential\Projections\Refrigeration_\Medium\Low_eff,Minimum Utilization,100,Percent,ASEAN Coordinated Transition,one-device-one-duty design (user ruling 2026-08-18); v0.92 stored form: plain integer percent,"forces full rated output per device so tier purchases equal market composition; extends the existing 100 pins (AC_ Small, Refrigeration_ Large) to every leaf"
Philippines,Demand\Residential\Projections\Refrigeration_\Medium\Mid_eff,Minimum Utilization,100,Percent,ASEAN Coordinated Transition,one-device-one-duty design (user ruling 2026-08-18); v0.92 stored form: plain integer percent,"forces full rated output per device so tier purchases equal market composition; extends the existing 100 pins (AC_ Small, Refrigeration_ Large) to every leaf"
Philippines,Demand\Residential\Projections\Refrigeration_\Small\High_eff,Minimum Utilization,100,Percent,ASEAN Coordinated Transition,one-device-one-duty design (user ruling 2026-08-18); v0.92 stored form: plain integer percent,"forces full rated output per device so tier purchases equal market composition; extends the existing 100 pins (AC_ Small, Refrigeration_ Large) to every leaf"
Philippines,Demand\Residential\Projections\Refrigeration_\Small\Low_eff,Minimum Utilization,100,Percent,ASEAN Coordinated Transition,one-device-one-duty design (user ruling 2026-08-18); v0.92 stored form: plain integer percent,"forces full rated output per device so tier purchases equal market composition; extends the existing 100 pins (AC_ Small, Refrigeration_ Large) to every leaf"
Philippines,Demand\Residential\Projections\Refrigeration_\Small\Mid_eff,Minimum Utilization,100,Percent,ASEAN Coordinated Transition,one-device-one-duty design (user ruling 2026-08-18); v0.92 stored form: plain integer percent,"forces full rated output per device so tier purchases equal market composition; extends the existing 100 pins (AC_ Small, Refrigeration_ Large) to every leaf"
Singapore,Demand\Residential\Projections\Refrigeration_\Medium\High_eff,Minimum Utilization,100,Percent,ASEAN Coordinated Transition,one-device-one-duty design (user ruling 2026-08-18); v0.92 stored form: plain integer percent,"forces full rated output per device so tier purchases equal market composition; extends the existing 100 pins (AC_ Small, Refrigeration_ Large) to every leaf"
Singapore,Demand\Residential\Projections\Refrigeration_\Medium\Low_eff,Minimum Utilization,100,Percent,ASEAN Coordinated Transition,one-device-one-duty design (user ruling 2026-08-18); v0.92 stored form: plain integer percent,"forces full rated output per device so tier purchases equal market composition; extends the existing 100 pins (AC_ Small, Refrigeration_ Large) to every leaf"
Singapore,Demand\Residential\Projections\Refrigeration_\Medium\Mid_eff,Minimum Utilization,100,Percent,ASEAN Coordinated Transition,one-device-one-duty design (user ruling 2026-08-18); v0.92 stored form: plain integer percent,"forces full rated output per device so tier purchases equal market composition; extends the existing 100 pins (AC_ Small, Refrigeration_ Large) to every leaf"
Singapore,Demand\Residential\Projections\Refrigeration_\Small\High_eff,Minimum Utilization,100,Percent,ASEAN Coordinated Transition,one-device-one-duty design (user ruling 2026-08-18); v0.92 stored form: plain integer percent,"forces full rated output per device so tier purchases equal market composition; extends the existing 100 pins (AC_ Small, Refrigeration_ Large) to every leaf"
Singapore,Demand\Residential\Projections\Refrigeration_\Small\Low_eff,Minimum Utilization,100,Percent,ASEAN Coordinated Transition,one-device-one-duty design (user ruling 2026-08-18); v0.92 stored form: plain integer percent,"forces full rated output per device so tier purchases equal market composition; extends the existing 100 pins (AC_ Small, Refrigeration_ Large) to every leaf"
Singapore,Demand\Residential\Projections\Refrigeration_\Small\Mid_eff,Minimum Utilization,100,Percent,ASEAN Coordinated Transition,one-device-one-duty design (user ruling 2026-08-18); v0.92 stored form: plain integer percent,"forces full rated output per device so tier purchases equal market composition; extends the existing 100 pins (AC_ Small, Refrigeration_ Large) to every leaf"
Thailand,Demand\Residential\Projections\Refrigeration_\Medium\High_eff,Minimum Utilization,100,Percent,ASEAN Coordinated Transition,one-device-one-duty design (user ruling 2026-08-18); v0.92 stored form: plain integer percent,"forces full rated output per device so tier purchases equal market composition; extends the existing 100 pins (AC_ Small, Refrigeration_ Large) to every leaf"
Thailand,Demand\Residential\Projections\Refrigeration_\Medium\Low_eff,Minimum Utilization,100,Percent,ASEAN Coordinated Transition,one-device-one-duty design (user ruling 2026-08-18); v0.92 stored form: plain integer percent,"forces full rated output per device so tier purchases equal market composition; extends the existing 100 pins (AC_ Small, Refrigeration_ Large) to every leaf"
Thailand,Demand\Residential\Projections\Refrigeration_\Medium\Mid_eff,Minimum Utilization,100,Percent,ASEAN Coordinated Transition,one-device-one-duty design (user ruling 2026-08-18); v0.92 stored form: plain integer percent,"forces full rated output per device so tier purchases equal market composition; extends the existing 100 pins (AC_ Small, Refrigeration_ Large) to every leaf"
Thailand,Demand\Residential\Projections\Refrigeration_\Small\High_eff,Minimum Utilization,100,Percent,ASEAN Coordinated Transition,one-device-one-duty design (user ruling 2026-08-18); v0.92 stored form: plain integer percent,"forces full rated output per device so tier purchases equal market composition; extends the existing 100 pins (AC_ Small, Refrigeration_ Large) to every leaf"
Thailand,Demand\Residential\Projections\Refrigeration_\Small\Low_eff,Minimum Utilization,100,Percent,ASEAN Coordinated Transition,one-device-one-duty design (user ruling 2026-08-18); v0.92 stored form: plain integer percent,"forces full rated output per device so tier purchases equal market composition; extends the existing 100 pins (AC_ Small, Refrigeration_ Large) to every leaf"
Thailand,Demand\Residential\Projections\Refrigeration_\Small\Mid_eff,Minimum Utilization,100,Percent,ASEAN Coordinated Transition,one-device-one-duty design (user ruling 2026-08-18); v0.92 stored form: plain integer percent,"forces full rated output per device so tier purchases equal market composition; extends the existing 100 pins (AC_ Small, Refrigeration_ Large) to every leaf"
Vietnam,Demand\Residential\Projections\Refrigeration_\Medium\High_eff,Minimum Utilization,100,Percent,ASEAN Coordinated Transition,one-device-one-duty design (user ruling 2026-08-18); v0.92 stored form: plain integer percent,"forces full rated output per device so tier purchases equal market composition; extends the existing 100 pins (AC_ Small, Refrigeration_ Large) to every leaf"
Vietnam,Demand\Residential\Projections\Refrigeration_\Medium\Low_eff,Minimum Utilization,100,Percent,ASEAN Coordinated Transition,one-device-one-duty design (user ruling 2026-08-18); v0.92 stored form: plain integer percent,"forces full rated output per device so tier purchases equal market composition; extends the existing 100 pins (AC_ Small, Refrigeration_ Large) to every leaf"
Vietnam,Demand\Residential\Projections\Refrigeration_\Medium\Mid_eff,Minimum Utilization,100,Percent,ASEAN Coordinated Transition,one-device-one-duty design (user ruling 2026-08-18); v0.92 stored form: plain integer percent,"forces full rated output per device so tier purchases equal market composition; extends the existing 100 pins (AC_ Small, Refrigeration_ Large) to every leaf"
Vietnam,Demand\Residential\Projections\Refrigeration_\Small\High_eff,Minimum Utilization,100,Percent,ASEAN Coordinated Transition,one-device-one-duty design (user ruling 2026-08-18); v0.92 stored form: plain integer percent,"forces full rated output per device so tier purchases equal market composition; extends the existing 100 pins (AC_ Small, Refrigeration_ Large) to every leaf"
Vietnam,Demand\Residential\Projections\Refrigeration_\Small\Low_eff,Minimum Utilization,100,Percent,ASEAN Coordinated Transition,one-device-one-duty design (user ruling 2026-08-18); v0.92 stored form: plain integer percent,"forces full rated output per device so tier purchases equal market composition; extends the existing 100 pins (AC_ Small, Refrigeration_ Large) to every leaf"
Vietnam,Demand\Residential\Projections\Refrigeration_\Small\Mid_eff,Minimum Utilization,100,Percent,ASEAN Coordinated Transition,one-device-one-duty design (user ruling 2026-08-18); v0.92 stored form: plain integer percent,"forces full rated output per device so tier purchases equal market composition; extends the existing 100 pins (AC_ Small, Refrigeration_ Large) to every leaf"
