scenario_code,sector,region,year,value_pj,value_twh
ATS,Agriculture and Others,Brunei,2017,1.047956,0.291099
ATS,Agriculture and Others,Brunei,2018,1.258552,0.349598
ATS,Agriculture and Others,Brunei,2019,1.646668,0.457408
ATS,Agriculture and Others,Brunei,2020,0.675331,0.187592
ATS,Agriculture and Others,Cambodia,2005,1.130436,0.31401
ATS,Agriculture and Others,Cambodia,2006,1.214172,0.33727
ATS,Agriculture and Others,Cambodia,2007,1.297908,0.36053
ATS,Agriculture and Others,Cambodia,2008,1.423512,0.39542
ATS,Agriculture and Others,Cambodia,2009,1.507248,0.41868
ATS,Agriculture and Others,Cambodia,2010,1.632852,0.45357
ATS,Agriculture and Others,Cambodia,2011,2.219004,0.61639
ATS,Agriculture and Others,Cambodia,2012,1.800324,0.50009
ATS,Agriculture and Others,Cambodia,2013,1.88406,0.52335
ATS,Agriculture and Others,Cambodia,2014,2.009664,0.55824
ATS,Agriculture and Others,Cambodia,2015,2.219004,0.61639
ATS,Agriculture and Others,Cambodia,2016,2.386476,0.66291
ATS,Agriculture and Others,Cambodia,2017,2.595816,0.72106
ATS,Agriculture and Others,Cambodia,2018,2.763288,0.76758
ATS,Agriculture and Others,Cambodia,2019,3.388377,0.941216
ATS,Agriculture and Others,Cambodia,2020,9.222264,2.56174
ATS,Agriculture and Others,Cambodia,2021,8.992828,2.498008
ATS,Agriculture and Others,Cambodia,2022,7.955339,2.209816
ATS,Agriculture and Others,Cambodia,2023,7.599879,2.111077
ATS,Agriculture and Others,Cambodia,2024,7.599879,2.111077
ATS,Agriculture and Others,Cambodia,2025,8.055864,2.23774
ATS,Agriculture and Others,Cambodia,2026,8.546621,2.374061
ATS,Agriculture and Others,Cambodia,2027,9.05541,2.515392
ATS,Agriculture and Others,Cambodia,2028,9.577324,2.660368
ATS,Agriculture and Others,Cambodia,2029,10.104143,2.806706
ATS,Agriculture and Others,Cambodia,2030,10.194849,2.831902
ATS,Agriculture and Others,Cambodia,2031,10.474573,2.909604
ATS,Agriculture and Others,Cambodia,2032,10.762024,2.989451
ATS,Agriculture and Others,Cambodia,2033,11.057325,3.071479
ATS,Agriculture and Others,Cambodia,2034,11.360722,3.155756
ATS,Agriculture and Others,Cambodia,2035,11.672459,3.24235
ATS,Agriculture and Others,Cambodia,2036,11.996769,3.332436
ATS,Agriculture and Others,Cambodia,2037,12.330033,3.425009
ATS,Agriculture and Others,Cambodia,2038,12.672496,3.520138
ATS,Agriculture and Others,Cambodia,2039,13.024588,3.617941
ATS,Agriculture and Others,Cambodia,2040,13.386371,3.718436
ATS,Agriculture and Others,Cambodia,2041,13.74895,3.819153
ATS,Agriculture and Others,Cambodia,2042,14.121281,3.922578
ATS,Agriculture and Others,Cambodia,2043,14.503731,4.028814
ATS,Agriculture and Others,Cambodia,2044,14.896546,4.137929
ATS,Agriculture and Others,Cambodia,2045,15.299971,4.249992
ATS,Agriculture and Others,Cambodia,2046,15.688063,4.357795
ATS,Agriculture and Others,Cambodia,2047,16.085969,4.468325
ATS,Agriculture and Others,Cambodia,2048,16.493932,4.581648
ATS,Agriculture and Others,Cambodia,2049,16.91226,4.69785
ATS,Agriculture and Others,Cambodia,2050,17.341198,4.816999
ATS,Agriculture and Others,Cambodia,2051,17.781015,4.939171
ATS,Agriculture and Others,Cambodia,2052,18.231986,5.064441
ATS,Agriculture and Others,Cambodia,2053,18.694396,5.192888
ATS,Agriculture and Others,Cambodia,2054,19.168533,5.324592
ATS,Agriculture and Others,Cambodia,2055,19.654696,5.459638
ATS,Agriculture and Others,Cambodia,2056,20.153189,5.598108
ATS,Agriculture and Others,Cambodia,2057,20.664325,5.74009
ATS,Agriculture and Others,Cambodia,2058,21.188425,5.885674
ATS,Agriculture and Others,Cambodia,2059,21.725817,6.034949
ATS,Agriculture and Others,Cambodia,2060,22.276839,6.188011
ATS,Agriculture and Others,Indonesia,2005,166.191663,46.164351
ATS,Agriculture and Others,Indonesia,2006,148.121091,41.144748
ATS,Agriculture and Others,Indonesia,2007,144.403151,40.111986
ATS,Agriculture and Others,Indonesia,2008,143.162426,39.767341
ATS,Agriculture and Others,Indonesia,2009,144.437483,40.121523
ATS,Agriculture and Others,Indonesia,2010,127.579332,35.438703
ATS,Agriculture and Others,Indonesia,2011,155.44793,43.179981
ATS,Agriculture and Others,Indonesia,2012,192.508813,53.47467
ATS,Agriculture and Others,Indonesia,2013,177.630535,49.341815
ATS,Agriculture and Others,Indonesia,2014,163.86549,45.518192
ATS,Agriculture and Others,Indonesia,2015,187.519655,52.088793
ATS,Agriculture and Others,Indonesia,2016,116.460448,32.350124
ATS,Agriculture and Others,Indonesia,2017,119.013139,33.059205
ATS,Agriculture and Others,Indonesia,2018,91.943802,25.539945
ATS,Agriculture and Others,Indonesia,2019,67.286482,18.690689
ATS,Agriculture and Others,Indonesia,2020,59.002898,16.389694
ATS,Agriculture and Others,Indonesia,2021,61.608762,17.113545
ATS,Agriculture and Others,Indonesia,2022,63.179855,17.54996
ATS,Agriculture and Others,Indonesia,2023,62.242858,17.289683
ATS,Agriculture and Others,Indonesia,2024,67.084426,18.634563
ATS,Agriculture and Others,Indonesia,2025,70.6399,19.622194
ATS,Agriculture and Others,Indonesia,2026,75.090214,20.858393
ATS,Agriculture and Others,Indonesia,2027,80.72198,22.422772
ATS,Agriculture and Others,Indonesia,2028,86.937573,24.149326
ATS,Agriculture and Others,Indonesia,2029,93.892579,26.081272
ATS,Agriculture and Others,Indonesia,2030,101.403985,28.167774
ATS,Agriculture and Others,Indonesia,2031,109.617707,30.449363
ATS,Agriculture and Others,Indonesia,2032,118.606359,32.946211
ATS,Agriculture and Others,Indonesia,2033,128.450687,35.680746
ATS,Agriculture and Others,Indonesia,2034,139.368995,38.71361
ATS,Agriculture and Others,Indonesia,2035,150.936622,41.926839
ATS,Agriculture and Others,Indonesia,2036,163.08702,45.30195
ATS,Agriculture and Others,Indonesia,2037,175.807808,48.835502
ATS,Agriculture and Others,Indonesia,2038,189.169201,52.547
ATS,Agriculture and Others,Indonesia,2039,203.167722,56.435478
ATS,Agriculture and Others,Indonesia,2040,217.795798,60.498833
ATS,Agriculture and Others,Indonesia,2041,233.041503,64.733751
ATS,Agriculture and Others,Indonesia,2042,248.888326,69.135646
ATS,Agriculture and Others,Indonesia,2043,265.314955,73.698599
ATS,Agriculture and Others,Indonesia,2044,282.42777,78.452158
ATS,Agriculture and Others,Indonesia,2045,300.135992,83.371109
ATS,Agriculture and Others,Indonesia,2046,318.444286,88.456746
ATS,Agriculture and Others,Indonesia,2047,337.2325,93.675694
ATS,Agriculture and Others,Indonesia,2048,356.454752,99.015209
ATS,Agriculture and Others,Indonesia,2049,375.917181,104.421439
ATS,Agriculture and Others,Indonesia,2050,395.540058,109.872238
ATS,Agriculture and Others,Indonesia,2051,415.277506,115.354863
ATS,Agriculture and Others,Indonesia,2052,435.003189,120.834219
ATS,Agriculture and Others,Indonesia,2053,454.665333,126.295926
ATS,Agriculture and Others,Indonesia,2054,474.125008,131.701391
ATS,Agriculture and Others,Indonesia,2055,493.327072,137.035298
ATS,Agriculture and Others,Indonesia,2056,512.122833,142.256342
ATS,Agriculture and Others,Indonesia,2057,530.559255,147.377571
ATS,Agriculture and Others,Indonesia,2058,548.59827,152.388408
ATS,Agriculture and Others,Indonesia,2059,566.153414,157.264837
ATS,Agriculture and Others,Indonesia,2060,583.138017,161.982782
ATS,Agriculture and Others,Laos,2005,0.139001,0.038611
ATS,Agriculture and Others,Laos,2006,0.154493,0.042915
ATS,Agriculture and Others,Laos,2007,0.180032,0.050009
ATS,Agriculture and Others,Laos,2008,0.17124,0.047567
ATS,Agriculture and Others,Laos,2009,0.152399,0.042333
ATS,Agriculture and Others,Laos,2010,0.16496,0.045822
ATS,Agriculture and Others,Laos,2011,0.177939,0.049427
ATS,Agriculture and Others,Laos,2012,0.153655,0.042682
ATS,Agriculture and Others,Laos,2013,0.138583,0.038495
ATS,Agriculture and Others,Laos,2014,0.139839,0.038844
ATS,Agriculture and Others,Laos,2015,0.128954,0.035821
ATS,Agriculture and Others,Laos,2016,0.134815,0.037449
ATS,Agriculture and Others,Laos,2017,0.110532,0.030703
ATS,Agriculture and Others,Laos,2018,0.116393,0.032331
ATS,Agriculture and Others,Laos,2019,0.162448,0.045124
ATS,Agriculture and Others,Laos,2020,0.459292,0.127581
ATS,Agriculture and Others,Laos,2021,0.355878,0.098855
ATS,Agriculture and Others,Laos,2022,0.233205,0.064779
ATS,Agriculture and Others,Laos,2023,0.803447,0.22318
ATS,Agriculture and Others,Laos,2024,1.075588,0.298774
ATS,Agriculture and Others,Laos,2025,1.118612,0.310726
ATS,Agriculture and Others,Laos,2026,1.164194,0.323387
ATS,Agriculture and Others,Laos,2027,1.213512,0.337087
ATS,Agriculture and Others,Laos,2028,1.26733,0.352036
ATS,Agriculture and Others,Laos,2029,1.325589,0.368219
ATS,Agriculture and Others,Laos,2030,1.328205,0.368946
ATS,Agriculture and Others,Laos,2031,1.363496,0.378749
ATS,Agriculture and Others,Laos,2032,1.399726,0.388813
ATS,Agriculture and Others,Laos,2033,1.436919,0.399144
ATS,Agriculture and Others,Laos,2034,1.475098,0.409749
ATS,Agriculture and Others,Laos,2035,1.514292,0.420637
ATS,Agriculture and Others,Laos,2036,1.557589,0.432664
ATS,Agriculture and Others,Laos,2037,1.602115,0.445032
ATS,Agriculture and Others,Laos,2038,1.647914,0.457754
ATS,Agriculture and Others,Laos,2039,1.695032,0.470842
ATS,Agriculture and Others,Laos,2040,1.743485,0.484301
ATS,Agriculture and Others,Laos,2041,1.798537,0.499594
ATS,Agriculture and Others,Laos,2042,1.855312,0.515364
ATS,Agriculture and Others,Laos,2043,1.913888,0.531636
ATS,Agriculture and Others,Laos,2044,1.974311,0.54842
ATS,Agriculture and Others,Laos,2045,2.036644,0.565734
ATS,Agriculture and Others,Laos,2046,2.104767,0.584658
ATS,Agriculture and Others,Laos,2047,2.175158,0.604211
ATS,Agriculture and Others,Laos,2048,2.247923,0.624423
ATS,Agriculture and Others,Laos,2049,2.323111,0.645309
ATS,Agriculture and Others,Laos,2050,2.400813,0.666893
ATS,Agriculture and Others,Laos,2051,2.481114,0.689198
ATS,Agriculture and Others,Laos,2052,2.564102,0.712251
ATS,Agriculture and Others,Laos,2053,2.649866,0.736074
ATS,Agriculture and Others,Laos,2054,2.738496,0.760693
ATS,Agriculture and Others,Laos,2055,2.830093,0.786137
ATS,Agriculture and Others,Laos,2056,2.924753,0.812431
ATS,Agriculture and Others,Laos,2057,3.022578,0.839605
ATS,Agriculture and Others,Laos,2058,3.123676,0.867688
ATS,Agriculture and Others,Laos,2059,3.228157,0.89671
ATS,Agriculture and Others,Laos,2060,3.33613,0.926703
ATS,Agriculture and Others,Malaysia,2005,4.228668,1.17463
ATS,Agriculture and Others,Malaysia,2006,10.803025,3.00084
ATS,Agriculture and Others,Malaysia,2007,11.806776,3.27966
ATS,Agriculture and Others,Malaysia,2008,11.97305,3.325847
ATS,Agriculture and Others,Malaysia,2009,8.79228,2.4423
ATS,Agriculture and Others,Malaysia,2010,44.924365,12.47899
ATS,Agriculture and Others,Malaysia,2011,38.354923,10.654145
ATS,Agriculture and Others,Malaysia,2012,1.549116,0.43031
ATS,Agriculture and Others,Malaysia,2013,1.590984,0.44194
ATS,Agriculture and Others,Malaysia,2014,1.549116,0.43031
ATS,Agriculture and Others,Malaysia,2015,9.628676,2.674632
ATS,Agriculture and Others,Malaysia,2016,6.028992,1.67472
ATS,Agriculture and Others,Malaysia,2017,18.161919,5.044977
ATS,Agriculture and Others,Malaysia,2018,14.737536,4.09376
ATS,Agriculture and Others,Malaysia,2019,11.262492,3.12847
ATS,Agriculture and Others,Malaysia,2020,13.395667,3.721019
ATS,Agriculture and Others,Malaysia,2021,17.9844,4.995667
ATS,Agriculture and Others,Malaysia,2022,17.291484,4.80319
ATS,Agriculture and Others,Malaysia,2023,15.49116,4.3031
ATS,Agriculture and Others,Malaysia,2024,13.439628,3.73323
ATS,Agriculture and Others,Malaysia,2025,14.057857,3.90496
ATS,Agriculture and Others,Malaysia,2026,14.677195,4.076999
ATS,Agriculture and Others,Malaysia,2027,15.257484,4.23819
ATS,Agriculture and Others,Malaysia,2028,15.861958,4.406099
ATS,Agriculture and Others,Malaysia,2029,16.491059,4.58085
ATS,Agriculture and Others,Malaysia,2030,17.185609,4.77378
ATS,Agriculture and Others,Malaysia,2031,17.986988,4.996386
ATS,Agriculture and Others,Malaysia,2032,18.699399,5.194278
ATS,Agriculture and Others,Malaysia,2033,19.411699,5.392139
ATS,Agriculture and Others,Malaysia,2034,20.12411,5.590031
ATS,Agriculture and Others,Malaysia,2035,21.014568,5.83738
ATS,Agriculture and Others,Malaysia,2036,21.905026,6.084729
ATS,Agriculture and Others,Malaysia,2037,22.617326,6.282591
ATS,Agriculture and Others,Malaysia,2038,23.507784,6.52994
ATS,Agriculture and Others,Malaysia,2039,24.398243,6.77729
ATS,Agriculture and Others,Malaysia,2040,25.2887,7.024639
ATS,Agriculture and Others,Malaysia,2041,26.357206,7.321446
ATS,Agriculture and Others,Malaysia,2042,27.247664,7.568796
ATS,Agriculture and Others,Malaysia,2043,28.138122,7.816145
ATS,Agriculture and Others,Malaysia,2044,29.206627,8.112952
ATS,Agriculture and Others,Malaysia,2045,30.097086,8.360302
ATS,Agriculture and Others,Malaysia,2046,31.165591,8.657109
ATS,Agriculture and Others,Malaysia,2047,32.234207,8.953946
ATS,Agriculture and Others,Malaysia,2048,33.302712,9.250753
ATS,Agriculture and Others,Malaysia,2049,34.371218,9.547561
ATS,Agriculture and Others,Malaysia,2050,35.261676,9.79491
ATS,Agriculture and Others,Malaysia,2051,36.175203,10.048667
ATS,Agriculture and Others,Malaysia,2052,37.112398,10.308999
ATS,Agriculture and Others,Malaysia,2053,38.073872,10.576076
ATS,Agriculture and Others,Malaysia,2054,39.060255,10.850071
ATS,Agriculture and Others,Malaysia,2055,40.072192,11.131164
ATS,Agriculture and Others,Malaysia,2056,41.110346,11.419541
ATS,Agriculture and Others,Malaysia,2057,42.175396,11.715388
ATS,Agriculture and Others,Malaysia,2058,43.268037,12.018899
ATS,Agriculture and Others,Malaysia,2059,44.388986,12.330274
ATS,Agriculture and Others,Malaysia,2060,45.538975,12.649715
ATS,Agriculture and Others,Myanmar,2005,0.401095,0.111415
ATS,Agriculture and Others,Myanmar,2006,0.299356,0.083154
ATS,Agriculture and Others,Myanmar,2007,0.235717,0.065477
ATS,Agriculture and Others,Myanmar,2008,0.283028,0.078619
ATS,Agriculture and Others,Myanmar,2009,0.290983,0.080829
ATS,Agriculture and Others,Myanmar,2010,0.342062,0.095017
ATS,Agriculture and Others,Myanmar,2011,0.357552,0.09932
ATS,Agriculture and Others,Myanmar,2012,0.335363,0.093156
ATS,Agriculture and Others,Myanmar,2013,1.907087,0.529746
ATS,Agriculture and Others,Myanmar,2014,1.750501,0.48625
ATS,Agriculture and Others,Myanmar,2015,1.70237,0.472881
ATS,Agriculture and Others,Myanmar,2016,1.767685,0.491024
ATS,Agriculture and Others,Myanmar,2017,1.795299,0.498694
ATS,Agriculture and Others,Myanmar,2018,0.908536,0.252371
ATS,Agriculture and Others,Myanmar,2019,4.244954,1.179154
ATS,Agriculture and Others,Myanmar,2020,1.670115,0.463921
ATS,Agriculture and Others,Myanmar,2021,30.466201,8.462834
ATS,Agriculture and Others,Myanmar,2022,11.378885,3.160801
ATS,Agriculture and Others,Myanmar,2023,2.537619,0.704894
ATS,Agriculture and Others,Myanmar,2024,2.537619,0.704894
ATS,Agriculture and Others,Myanmar,2025,2.593438,0.720399
ATS,Agriculture and Others,Myanmar,2026,2.645806,0.734946
ATS,Agriculture and Others,Myanmar,2027,2.699327,0.749813
ATS,Agriculture and Others,Myanmar,2028,2.753798,0.764944
ATS,Agriculture and Others,Myanmar,2029,2.809235,0.780343
ATS,Agriculture and Others,Myanmar,2030,2.825779,0.784939
ATS,Agriculture and Others,Myanmar,2031,2.907615,0.807671
ATS,Agriculture and Others,Myanmar,2032,2.991814,0.831059
ATS,Agriculture and Others,Myanmar,2033,3.078459,0.855128
ATS,Agriculture and Others,Myanmar,2034,3.16761,0.879892
ATS,Agriculture and Others,Myanmar,2035,3.259345,0.905374
ATS,Agriculture and Others,Myanmar,2036,3.354654,0.931848
ATS,Agriculture and Others,Myanmar,2037,3.452764,0.959101
ATS,Agriculture and Others,Myanmar,2038,3.55373,0.987147
ATS,Agriculture and Others,Myanmar,2039,3.657655,1.016015
ATS,Agriculture and Others,Myanmar,2040,3.764614,1.045726
ATS,Agriculture and Others,Myanmar,2041,3.876122,1.076701
ATS,Agriculture and Others,Myanmar,2042,3.990943,1.108595
ATS,Agriculture and Others,Myanmar,2043,4.10916,1.141433
ATS,Agriculture and Others,Myanmar,2044,4.230876,1.175243
ATS,Agriculture and Others,Myanmar,2045,4.356202,1.210056
ATS,Agriculture and Others,Myanmar,2046,4.490601,1.247389
ATS,Agriculture and Others,Myanmar,2047,4.629139,1.285872
ATS,Agriculture and Others,Myanmar,2048,4.77196,1.325544
ATS,Agriculture and Others,Myanmar,2049,4.919188,1.366441
ATS,Agriculture and Others,Myanmar,2050,5.070959,1.4086
ATS,Agriculture and Others,Myanmar,2051,5.227411,1.452059
ATS,Agriculture and Others,Myanmar,2052,5.388691,1.496859
ATS,Agriculture and Others,Myanmar,2053,5.554948,1.543041
ATS,Agriculture and Others,Myanmar,2054,5.726333,1.590648
ATS,Agriculture and Others,Myanmar,2055,5.903006,1.639724
ATS,Agriculture and Others,Myanmar,2056,6.085129,1.690314
ATS,Agriculture and Others,Myanmar,2057,6.272872,1.742464
ATS,Agriculture and Others,Myanmar,2058,6.466407,1.796224
ATS,Agriculture and Others,Myanmar,2059,6.665913,1.851642
ATS,Agriculture and Others,Myanmar,2060,6.871575,1.908771
ATS,Agriculture and Others,Philippines,2005,25.902058,7.195016
ATS,Agriculture and Others,Philippines,2006,23.650666,6.569629
ATS,Agriculture and Others,Philippines,2007,20.99974,5.833261
ATS,Agriculture and Others,Philippines,2008,23.891555,6.636543
ATS,Agriculture and Others,Philippines,2009,20.994295,5.831749
ATS,Agriculture and Others,Philippines,2010,14.533836,4.037177
ATS,Agriculture and Others,Philippines,2011,12.641624,3.511562
ATS,Agriculture and Others,Philippines,2012,13.319466,3.699852
ATS,Agriculture and Others,Philippines,2013,14.742759,4.095211
ATS,Agriculture and Others,Philippines,2014,14.812673,4.114631
ATS,Agriculture and Others,Philippines,2015,16.771064,4.658629
ATS,Agriculture and Others,Philippines,2016,18.857136,5.238093
ATS,Agriculture and Others,Philippines,2017,21.590136,5.99726
ATS,Agriculture and Others,Philippines,2018,18.40308,5.111967
ATS,Agriculture and Others,Philippines,2019,19.749134,5.485871
ATS,Agriculture and Others,Philippines,2020,18.256122,5.071145
ATS,Agriculture and Others,Philippines,2021,23.288055,6.468904
ATS,Agriculture and Others,Philippines,2022,15.83992,4.399978
ATS,Agriculture and Others,Philippines,2023,16.84224,4.6784
ATS,Agriculture and Others,Philippines,2024,16.84224,4.6784
ATS,Agriculture and Others,Philippines,2025,17.886412,4.968448
ATS,Agriculture and Others,Philippines,2026,18.993077,5.275855
ATS,Agriculture and Others,Philippines,2027,20.192641,5.609067
ATS,Agriculture and Others,Philippines,2028,21.469692,5.963803
ATS,Agriculture and Others,Philippines,2029,22.843284,6.345357
ATS,Agriculture and Others,Philippines,2030,23.971388,6.658719
ATS,Agriculture and Others,Philippines,2031,25.146431,6.98512
ATS,Agriculture and Others,Philippines,2032,26.556456,7.376793
ATS,Agriculture and Others,Philippines,2033,27.731498,7.703194
ATS,Agriculture and Others,Philippines,2034,29.141663,8.094906
ATS,Agriculture and Others,Philippines,2035,30.316706,8.421307
ATS,Agriculture and Others,Philippines,2036,31.726729,8.81298
ATS,Agriculture and Others,Philippines,2037,33.136893,9.204693
ATS,Agriculture and Others,Philippines,2038,34.546917,9.596366
ATS,Agriculture and Others,Philippines,2039,36.192062,10.053351
ATS,Agriculture and Others,Philippines,2040,37.602086,10.445024
ATS,Agriculture and Others,Philippines,2041,39.24723,10.902008
ATS,Agriculture and Others,Philippines,2042,40.892234,11.358954
ATS,Agriculture and Others,Philippines,2043,42.53738,11.815939
ATS,Agriculture and Others,Philippines,2044,44.182385,12.272885
ATS,Agriculture and Others,Philippines,2045,45.827528,12.729869
ATS,Agriculture and Others,Philippines,2046,47.472673,13.186854
ATS,Agriculture and Others,Philippines,2047,49.352659,13.709072
ATS,Agriculture and Others,Philippines,2048,51.232785,14.231329
ATS,Agriculture and Others,Philippines,2049,52.877929,14.688314
ATS,Agriculture and Others,Philippines,2050,54.758055,15.210571
ATS,Agriculture and Others,Philippines,2051,56.705029,15.751397
ATS,Agriculture and Others,Philippines,2052,58.72123,16.311453
ATS,Agriculture and Others,Philippines,2053,60.809119,16.891422
ATS,Agriculture and Others,Philippines,2054,62.971245,17.492013
ATS,Agriculture and Others,Philippines,2055,65.210249,18.113958
ATS,Agriculture and Others,Philippines,2056,67.528863,18.758018
ATS,Agriculture and Others,Philippines,2057,69.929915,19.424976
ATS,Agriculture and Others,Philippines,2058,72.41634,20.11565
ATS,Agriculture and Others,Philippines,2059,74.991171,20.830881
ATS,Agriculture and Others,Philippines,2060,77.657555,21.571543
ATS,Agriculture and Others,Singapore,2005,4.81482,1.33745
ATS,Agriculture and Others,Singapore,2006,1.967796,0.54661
ATS,Agriculture and Others,Singapore,2007,1.842192,0.51172
ATS,Agriculture and Others,Singapore,2008,1.67472,0.4652
ATS,Agriculture and Others,Singapore,2009,1.549116,0.43031
ATS,Agriculture and Others,Singapore,2010,1.423512,0.39542
ATS,Agriculture and Others,Singapore,2011,1.297908,0.36053
ATS,Agriculture and Others,Singapore,2012,1.130436,0.31401
ATS,Agriculture and Others,Singapore,2013,1.004832,0.27912
ATS,Agriculture and Others,Singapore,2014,0.879228,0.24423
ATS,Agriculture and Others,Singapore,2015,1.088568,0.30238
ATS,Agriculture and Others,Singapore,2016,1.088568,0.30238
ATS,Agriculture and Others,Singapore,2017,1.088568,0.30238
ATS,Agriculture and Others,Singapore,2018,1.088568,0.30238
ATS,Agriculture and Others,Singapore,2019,1.055074,0.293076
ATS,Agriculture and Others,Singapore,2020,0.962964,0.26749
ATS,Agriculture and Others,Singapore,2021,0.962964,0.26749
ATS,Agriculture and Others,Singapore,2022,1.004413,0.279004
ATS,Agriculture and Others,Singapore,2023,1.004413,0.279004
ATS,Agriculture and Others,Singapore,2024,1.004413,0.279004
ATS,Agriculture and Others,Singapore,2025,1.030528,0.286258
ATS,Agriculture and Others,Singapore,2026,1.056528,0.29348
ATS,Agriculture and Others,Singapore,2027,1.082804,0.300779
ATS,Agriculture and Others,Singapore,2028,1.109689,0.308247
ATS,Agriculture and Others,Singapore,2029,1.137443,0.315956
ATS,Agriculture and Others,Singapore,2030,1.171228,0.325341
ATS,Agriculture and Others,Singapore,2031,1.205015,0.334726
ATS,Agriculture and Others,Singapore,2032,1.238799,0.344111
ATS,Agriculture and Others,Singapore,2033,1.270332,0.35287
ATS,Agriculture and Others,Singapore,2034,1.304124,0.362257
ATS,Agriculture and Others,Singapore,2035,1.340162,0.372267
ATS,Agriculture and Others,Singapore,2036,1.376188,0.382274
ATS,Agriculture and Others,Singapore,2037,1.412226,0.392285
ATS,Agriculture and Others,Singapore,2038,1.448265,0.402296
ATS,Agriculture and Others,Singapore,2039,1.486563,0.412934
ATS,Agriculture and Others,Singapore,2040,1.522601,0.422945
ATS,Agriculture and Others,Singapore,2041,1.560886,0.433579
ATS,Agriculture and Others,Singapore,2042,1.596924,0.44359
ATS,Agriculture and Others,Singapore,2043,1.635209,0.454225
ATS,Agriculture and Others,Singapore,2044,1.673507,0.464863
ATS,Agriculture and Others,Singapore,2045,1.709546,0.474874
ATS,Agriculture and Others,Singapore,2046,1.750091,0.486136
ATS,Agriculture and Others,Singapore,2047,1.788376,0.496771
ATS,Agriculture and Others,Singapore,2048,1.828921,0.508034
ATS,Agriculture and Others,Singapore,2049,1.869465,0.519296
ATS,Agriculture and Others,Singapore,2050,1.909998,0.530555
ATS,Agriculture and Others,Singapore,2051,1.951409,0.542058
ATS,Agriculture and Others,Singapore,2052,1.993718,0.553811
ATS,Agriculture and Others,Singapore,2053,2.036943,0.565817
ATS,Agriculture and Others,Singapore,2054,2.081107,0.578085
ATS,Agriculture and Others,Singapore,2055,2.126228,0.590619
ATS,Agriculture and Others,Singapore,2056,2.172327,0.603424
ATS,Agriculture and Others,Singapore,2057,2.219426,0.616507
ATS,Agriculture and Others,Singapore,2058,2.267546,0.629874
ATS,Agriculture and Others,Singapore,2059,2.316709,0.64353
ATS,Agriculture and Others,Singapore,2060,2.366938,0.657483
ATS,Agriculture and Others,Thailand,2005,134.252225,37.292285
ATS,Agriculture and Others,Thailand,2006,138.643788,38.512163
ATS,Agriculture and Others,Thailand,2007,144.354164,40.098379
ATS,Agriculture and Others,Thailand,2008,144.292814,40.081337
ATS,Agriculture and Others,Thailand,2009,145.593782,40.442717
ATS,Agriculture and Others,Thailand,2010,146.509937,40.697205
ATS,Agriculture and Others,Thailand,2011,154.321262,42.867017
ATS,Agriculture and Others,Thailand,2012,158.676746,44.076874
ATS,Agriculture and Others,Thailand,2013,163.53599,45.426664
ATS,Agriculture and Others,Thailand,2014,165.16926,45.88035
ATS,Agriculture and Others,Thailand,2015,162.908388,45.25233
ATS,Agriculture and Others,Thailand,2016,125.059716,34.73881
ATS,Agriculture and Others,Thailand,2017,111.033936,30.84276
ATS,Agriculture and Others,Thailand,2018,120.412368,33.44788
ATS,Agriculture and Others,Thailand,2019,123.09192,34.1922
ATS,Agriculture and Others,Thailand,2020,97.050024,26.95834
ATS,Agriculture and Others,Thailand,2021,93.533112,25.98142
ATS,Agriculture and Others,Thailand,2022,98.80848,27.4468
ATS,Agriculture and Others,Thailand,2023,94.872888,26.35358
ATS,Agriculture and Others,Thailand,2024,94.998492,26.38847
ATS,Agriculture and Others,Thailand,2025,97.848703,27.180195
ATS,Agriculture and Others,Thailand,2026,100.787945,27.996651
ATS,Agriculture and Others,Thailand,2027,103.791216,28.830893
ATS,Agriculture and Others,Thailand,2028,106.873151,29.686986
ATS,Agriculture and Others,Thailand,2029,110.055703,30.571029
ATS,Agriculture and Others,Thailand,2030,114.20845,31.724569
ATS,Agriculture and Others,Thailand,2031,118.361806,32.878279
ATS,Agriculture and Others,Thailand,2032,123.553044,34.32029
ATS,Agriculture and Others,Thailand,2033,127.70579,35.473831
ATS,Agriculture and Others,Thailand,2034,132.897028,36.915841
ATS,Agriculture and Others,Thailand,2035,138.088265,38.357851
ATS,Agriculture and Others,Thailand,2036,143.280113,39.800031
ATS,Agriculture and Others,Thailand,2037,148.471351,41.242042
ATS,Agriculture and Others,Thailand,2038,153.662588,42.684052
ATS,Agriculture and Others,Thailand,2039,159.892318,44.414533
ATS,Agriculture and Others,Thailand,2040,165.083556,45.856543
ATS,Agriculture and Others,Thailand,2041,171.312675,47.586854
ATS,Agriculture and Others,Thailand,2042,177.542404,49.317334
ATS,Agriculture and Others,Thailand,2043,183.772134,51.047815
ATS,Agriculture and Others,Thailand,2044,190.001253,52.778126
ATS,Agriculture and Others,Thailand,2045,196.230982,54.508606
ATS,Agriculture and Others,Thailand,2046,202.460712,56.239087
ATS,Agriculture and Others,Thailand,2047,209.728322,58.257867
ATS,Agriculture and Others,Thailand,2048,216.996542,60.276817
ATS,Agriculture and Others,Thailand,2049,223.225662,62.007128
ATS,Agriculture and Others,Thailand,2050,230.493883,64.026079
ATS,Agriculture and Others,Thailand,2051,237.998756,66.110766
ATS,Agriculture and Others,Thailand,2052,245.747989,68.26333
ATS,Agriculture and Others,Thailand,2053,253.749535,70.485982
ATS,Agriculture and Others,Thailand,2054,262.011613,72.781004
ATS,Agriculture and Others,Thailand,2055,270.542702,75.150751
ATS,Agriculture and Others,Thailand,2056,279.351565,77.597657
ATS,Agriculture and Others,Thailand,2057,288.447243,80.124234
ATS,Agriculture and Others,Thailand,2058,297.839076,82.733077
ATS,Agriculture and Others,Thailand,2059,307.536707,85.426863
ATS,Agriculture and Others,Thailand,2060,317.550093,88.208359
ATS,Agriculture and Others,Vietnam,2005,22.776192,6.32672
ATS,Agriculture and Others,Vietnam,2006,24.325307,6.75703
ATS,Agriculture and Others,Vietnam,2007,24.071693,6.686581
ATS,Agriculture and Others,Vietnam,2008,24.576516,6.82681
ATS,Agriculture and Others,Vietnam,2009,58.573333,16.27037
ATS,Agriculture and Others,Vietnam,2010,24.283441,6.7454
ATS,Agriculture and Others,Vietnam,2011,26.1675,7.26875
ATS,Agriculture and Others,Vietnam,2012,25.874424,7.18734
ATS,Agriculture and Others,Vietnam,2013,25.288272,7.02452
ATS,Agriculture and Others,Vietnam,2014,25.746245,7.151735
ATS,Agriculture and Others,Vietnam,2015,41.160361,11.433434
ATS,Agriculture and Others,Vietnam,2016,44.082595,12.245165
ATS,Agriculture and Others,Vietnam,2017,48.06927,13.352575
ATS,Agriculture and Others,Vietnam,2018,128.940545,35.816818
ATS,Agriculture and Others,Vietnam,2019,139.727486,38.813191
ATS,Agriculture and Others,Vietnam,2020,136.168351,37.824542
ATS,Agriculture and Others,Vietnam,2021,146.538,40.705
ATS,Agriculture and Others,Vietnam,2022,150.7248,41.868
ATS,Agriculture and Others,Vietnam,2023,158.637851,44.06607
ATS,Agriculture and Others,Vietnam,2024,158.637851,44.06607
ATS,Agriculture and Others,Vietnam,2025,168.473713,46.798254
ATS,Agriculture and Others,Vietnam,2026,179.424363,49.840101
ATS,Agriculture and Others,Vietnam,2027,191.086603,53.079612
ATS,Agriculture and Others,Vietnam,2028,203.507291,56.529803
ATS,Agriculture and Others,Vietnam,2029,216.735467,60.204296
ATS,Agriculture and Others,Vietnam,2030,227.455095,63.181971
ATS,Agriculture and Others,Vietnam,2031,238.843814,66.345504
ATS,Agriculture and Others,Vietnam,2032,250.569258,69.602572
ATS,Agriculture and Others,Vietnam,2033,262.628159,72.952266
ATS,Agriculture and Others,Vietnam,2034,275.692876,76.581354
ATS,Agriculture and Others,Vietnam,2035,288.756503,80.21014
ATS,Agriculture and Others,Vietnam,2036,302.4914,84.025389
ATS,Agriculture and Others,Vietnam,2037,316.560844,87.933568
ATS,Agriculture and Others,Vietnam,2038,331.300468,92.027908
ATS,Agriculture and Others,Vietnam,2039,345.034277,95.842855
ATS,Agriculture and Others,Vietnam,2040,361.783356,100.495377
ATS,Agriculture and Others,Vietnam,2041,378.533522,105.148201
ATS,Agriculture and Others,Vietnam,2042,395.282601,109.800722
ATS,Agriculture and Others,Vietnam,2043,412.031679,114.453244
ATS,Agriculture and Others,Vietnam,2044,428.780758,119.105766
ATS,Agriculture and Others,Vietnam,2045,445.529835,123.758288
ATS,Agriculture and Others,Vietnam,2046,462.278913,128.410809
ATS,Agriculture and Others,Vietnam,2047,479.02799,133.063331
ATS,Agriculture and Others,Vietnam,2048,499.127974,138.646659
ATS,Agriculture and Others,Vietnam,2049,515.877052,143.299181
ATS,Agriculture and Others,Vietnam,2050,535.975947,148.882207
ATS,Agriculture and Others,Vietnam,2051,556.857905,154.682751
ATS,Agriculture and Others,Vietnam,2052,578.553438,160.709288
ATS,Agriculture and Others,Vietnam,2053,601.094243,166.970623
ATS,Agriculture and Others,Vietnam,2054,624.513253,173.475904
ATS,Agriculture and Others,Vietnam,2055,648.844681,180.234634
ATS,Agriculture and Others,Vietnam,2056,674.124076,187.256688
ATS,Agriculture and Others,Vietnam,2057,700.388373,194.552326
ATS,Agriculture and Others,Vietnam,2058,727.675945,202.132207
ATS,Agriculture and Others,Vietnam,2059,756.026656,210.007404
ATS,Agriculture and Others,Vietnam,2060,785.481928,218.189424
ATS,Commercial,Brunei,2005,4.647348,1.29093
ATS,Commercial,Brunei,2006,4.563612,1.26767
ATS,Commercial,Brunei,2007,4.856688,1.34908
ATS,Commercial,Brunei,2008,5.02416,1.3956
ATS,Commercial,Brunei,2009,5.02416,1.3956
ATS,Commercial,Brunei,2010,5.107896,1.41886
ATS,Commercial,Brunei,2011,5.191632,1.44212
ATS,Commercial,Brunei,2012,5.275368,1.46538
ATS,Commercial,Brunei,2013,5.400972,1.50027
ATS,Commercial,Brunei,2014,6.531408,1.81428
ATS,Commercial,Brunei,2015,6.615144,1.83754
ATS,Commercial,Brunei,2016,6.154596,1.70961
ATS,Commercial,Brunei,2017,7.551732,2.097703
ATS,Commercial,Brunei,2018,7.873696,2.187138
ATS,Commercial,Brunei,2019,8.157562,2.265989
ATS,Commercial,Brunei,2020,8.534792,2.370776
ATS,Commercial,Brunei,2021,7.150636,1.986288
ATS,Commercial,Brunei,2022,6.355143,1.765317
ATS,Commercial,Brunei,2023,6.323742,1.756595
ATS,Commercial,Brunei,2024,5.410601,1.502945
ATS,Commercial,Brunei,2025,5.329884,1.480523
ATS,Commercial,Brunei,2026,5.18931,1.441475
ATS,Commercial,Brunei,2027,5.04788,1.402189
ATS,Commercial,Brunei,2028,4.898734,1.360759
ATS,Commercial,Brunei,2029,4.742892,1.31747
ATS,Commercial,Brunei,2030,4.478031,1.243897
ATS,Commercial,Brunei,2031,4.442094,1.233915
ATS,Commercial,Brunei,2032,4.426515,1.229587
ATS,Commercial,Brunei,2033,4.39412,1.220589
ATS,Commercial,Brunei,2034,4.362184,1.211718
ATS,Commercial,Brunei,2035,4.348169,1.207825
ATS,Commercial,Brunei,2036,4.304399,1.195666
ATS,Commercial,Brunei,2037,4.279188,1.188663
ATS,Commercial,Brunei,2038,4.253319,1.181477
ATS,Commercial,Brunei,2039,4.228078,1.174466
ATS,Commercial,Brunei,2040,4.204859,1.168016
ATS,Commercial,Brunei,2041,4.190178,1.163938
ATS,Commercial,Brunei,2042,4.159732,1.155481
ATS,Commercial,Brunei,2043,4.147075,1.151965
ATS,Commercial,Brunei,2044,4.135253,1.148681
ATS,Commercial,Brunei,2045,4.123536,1.145427
ATS,Commercial,Brunei,2046,4.096521,1.137922
ATS,Commercial,Brunei,2047,4.086846,1.135235
ATS,Commercial,Brunei,2048,4.062195,1.128387
ATS,Commercial,Brunei,2049,4.05402,1.126117
ATS,Commercial,Brunei,2050,4.046761,1.1241
ATS,Commercial,Brunei,2051,4.056704,1.126862
ATS,Commercial,Brunei,2052,4.068397,1.13011
ATS,Commercial,Brunei,2053,4.081773,1.133826
ATS,Commercial,Brunei,2054,4.095977,1.137771
ATS,Commercial,Brunei,2055,4.111101,1.141972
ATS,Commercial,Brunei,2056,4.12707,1.146408
ATS,Commercial,Brunei,2057,4.144136,1.151149
ATS,Commercial,Brunei,2058,4.162312,1.156198
ATS,Commercial,Brunei,2059,4.181211,1.161448
ATS,Commercial,Brunei,2060,4.20044,1.166789
ATS,Commercial,Cambodia,2005,12.644136,3.51226
ATS,Commercial,Cambodia,2006,13.3991,3.721972
ATS,Commercial,Cambodia,2007,14.484879,4.023578
ATS,Commercial,Cambodia,2008,15.742368,4.37288
ATS,Commercial,Cambodia,2009,16.916363,4.69899
ATS,Commercial,Cambodia,2010,18.671261,5.186461
ATS,Commercial,Cambodia,2011,19.093717,5.30381
ATS,Commercial,Cambodia,2012,19.550401,5.430667
ATS,Commercial,Cambodia,2013,20.347848,5.65218
ATS,Commercial,Cambodia,2014,20.850265,5.79174
ATS,Commercial,Cambodia,2015,22.73205,6.314458
ATS,Commercial,Cambodia,2016,24.406602,6.779612
ATS,Commercial,Cambodia,2017,25.832556,7.17571
ATS,Commercial,Cambodia,2018,20.97377,5.826047
ATS,Commercial,Cambodia,2019,25.82837,7.174547
ATS,Commercial,Cambodia,2020,17.712258,4.920072
ATS,Commercial,Cambodia,2021,17.332515,4.814588
ATS,Commercial,Cambodia,2022,21.147527,5.874313
ATS,Commercial,Cambodia,2023,24.701701,6.861584
ATS,Commercial,Cambodia,2024,24.701701,6.861584
ATS,Commercial,Cambodia,2025,23.822024,6.617229
ATS,Commercial,Cambodia,2026,23.974072,6.659464
ATS,Commercial,Cambodia,2027,24.060942,6.683595
ATS,Commercial,Cambodia,2028,24.063832,6.684398
ATS,Commercial,Cambodia,2029,23.963449,6.656514
ATS,Commercial,Cambodia,2030,22.776681,6.326856
ATS,Commercial,Cambodia,2031,23.006655,6.390738
ATS,Commercial,Cambodia,2032,23.244014,6.456671
ATS,Commercial,Cambodia,2033,23.488206,6.524502
ATS,Commercial,Cambodia,2034,23.739304,6.594251
ATS,Commercial,Cambodia,2035,23.996271,6.665631
ATS,Commercial,Cambodia,2036,24.270574,6.741826
ATS,Commercial,Cambodia,2037,24.552454,6.820126
ATS,Commercial,Cambodia,2038,24.838635,6.899621
ATS,Commercial,Cambodia,2039,25.132537,6.98126
ATS,Commercial,Cambodia,2040,25.435172,7.065326
ATS,Commercial,Cambodia,2041,25.766576,7.157382
ATS,Commercial,Cambodia,2042,26.104721,7.251311
ATS,Commercial,Cambodia,2043,26.451388,7.347608
ATS,Commercial,Cambodia,2044,26.80802,7.446672
ATS,Commercial,Cambodia,2045,27.17533,7.548703
ATS,Commercial,Cambodia,2046,27.506205,7.640613
ATS,Commercial,Cambodia,2047,27.846459,7.735127
ATS,Commercial,Cambodia,2048,28.19711,7.832531
ATS,Commercial,Cambodia,2049,28.557219,7.932561
ATS,Commercial,Cambodia,2050,28.929118,8.035866
ATS,Commercial,Cambodia,2051,29.509042,8.196956
ATS,Commercial,Cambodia,2052,30.107378,8.363161
ATS,Commercial,Cambodia,2053,30.72716,8.535322
ATS,Commercial,Cambodia,2054,31.366834,8.713009
ATS,Commercial,Cambodia,2055,32.028151,8.896709
ATS,Commercial,Cambodia,2056,32.711672,9.086576
ATS,Commercial,Cambodia,2057,33.415612,9.282114
ATS,Commercial,Cambodia,2058,34.14134,9.483706
ATS,Commercial,Cambodia,2059,34.890622,9.691839
ATS,Commercial,Cambodia,2060,35.66439,9.906775
ATS,Commercial,Indonesia,2005,149.822545,41.617374
ATS,Commercial,Indonesia,2006,149.598311,41.555086
ATS,Commercial,Indonesia,2007,155.533339,43.203705
ATS,Commercial,Indonesia,2008,161.152864,44.764684
ATS,Commercial,Indonesia,2009,168.799634,46.888787
ATS,Commercial,Indonesia,2010,176.663282,49.073134
ATS,Commercial,Indonesia,2011,194.920661,54.144628
ATS,Commercial,Indonesia,2012,212.076073,58.91002
ATS,Commercial,Indonesia,2013,224.066504,62.240696
ATS,Commercial,Indonesia,2014,229.853646,63.848235
ATS,Commercial,Indonesia,2015,242.40609,67.335025
ATS,Commercial,Indonesia,2016,230.023005,63.895279
ATS,Commercial,Indonesia,2017,241.551886,67.097746
ATS,Commercial,Indonesia,2018,246.429653,68.452681
ATS,Commercial,Indonesia,2019,250.903621,69.69545
ATS,Commercial,Indonesia,2020,238.723925,66.312201
ATS,Commercial,Indonesia,2021,248.322457,68.97846
ATS,Commercial,Indonesia,2022,283.525072,78.756964
ATS,Commercial,Indonesia,2023,325.208852,90.335792
ATS,Commercial,Indonesia,2024,342.066583,95.018495
ATS,Commercial,Indonesia,2025,352.996037,98.054455
ATS,Commercial,Indonesia,2026,368.827956,102.45221
ATS,Commercial,Indonesia,2027,387.429852,107.619403
ATS,Commercial,Indonesia,2028,405.874085,112.742801
ATS,Commercial,Indonesia,2029,424.339795,117.872165
ATS,Commercial,Indonesia,2030,441.799488,122.72208
ATS,Commercial,Indonesia,2031,485.762276,134.933966
ATS,Commercial,Indonesia,2032,533.33318,148.148106
ATS,Commercial,Indonesia,2033,584.327899,162.313305
ATS,Commercial,Indonesia,2034,638.973132,177.492537
ATS,Commercial,Indonesia,2035,695.641242,193.233678
ATS,Commercial,Indonesia,2036,753.892649,209.414625
ATS,Commercial,Indonesia,2037,813.455722,225.959923
ATS,Commercial,Indonesia,2038,874.431301,242.897584
ATS,Commercial,Indonesia,2039,936.740573,260.205715
ATS,Commercial,Indonesia,2040,1000.333699,277.870472
ATS,Commercial,Indonesia,2041,1068.588746,296.830207
ATS,Commercial,Indonesia,2042,1138.517474,316.254854
ATS,Commercial,Indonesia,2043,1210.110186,336.141718
ATS,Commercial,Indonesia,2044,1283.679964,356.577768
ATS,Commercial,Indonesia,2045,1358.956939,377.488039
ATS,Commercial,Indonesia,2046,1435.90881,398.863558
ATS,Commercial,Indonesia,2047,1514.200655,420.611293
ATS,Commercial,Indonesia,2048,1593.678931,442.688592
ATS,Commercial,Indonesia,2049,1673.856641,464.960178
ATS,Commercial,Indonesia,2050,1754.537908,487.371641
ATS,Commercial,Indonesia,2051,1842.010747,511.669652
ATS,Commercial,Indonesia,2052,1930.688316,536.30231
ATS,Commercial,Indonesia,2053,2020.43701,561.232503
ATS,Commercial,Indonesia,2054,2110.911211,586.364225
ATS,Commercial,Indonesia,2055,2201.967051,611.657514
ATS,Commercial,Indonesia,2056,2293.207554,637.002098
ATS,Commercial,Indonesia,2057,2384.730869,662.425241
ATS,Commercial,Indonesia,2058,2476.400142,687.888928
ATS,Commercial,Indonesia,2059,2567.954211,713.320614
ATS,Commercial,Indonesia,2060,2659.119256,738.644238
ATS,Commercial,Laos,2005,10.131219,2.814228
ATS,Commercial,Laos,2006,10.433924,2.898312
ATS,Commercial,Laos,2007,11.429965,3.17499
ATS,Commercial,Laos,2008,12.968195,3.602276
ATS,Commercial,Laos,2009,13.758661,3.82185
ATS,Commercial,Laos,2010,13.939532,3.872092
ATS,Commercial,Laos,2011,13.818951,3.838598
ATS,Commercial,Laos,2012,14.445716,4.012699
ATS,Commercial,Laos,2013,14.505587,4.02933
ATS,Commercial,Laos,2014,14.09669,3.915747
ATS,Commercial,Laos,2015,14.684569,4.079047
ATS,Commercial,Laos,2016,15.16124,4.211456
ATS,Commercial,Laos,2017,15.546426,4.318452
ATS,Commercial,Laos,2018,16.080661,4.46685
ATS,Commercial,Laos,2019,16.69654,4.637928
ATS,Commercial,Laos,2020,16.235992,4.509998
ATS,Commercial,Laos,2021,16.012417,4.447894
ATS,Commercial,Laos,2022,16.815032,4.670842
ATS,Commercial,Laos,2023,17.856283,4.960079
ATS,Commercial,Laos,2024,17.646943,4.901929
ATS,Commercial,Laos,2025,15.80916,4.391433
ATS,Commercial,Laos,2026,16.008409,4.44678
ATS,Commercial,Laos,2027,16.238489,4.510691
ATS,Commercial,Laos,2028,16.506158,4.585044
ATS,Commercial,Laos,2029,16.807331,4.668703
ATS,Commercial,Laos,2030,16.396265,4.554518
ATS,Commercial,Laos,2031,16.626712,4.618531
ATS,Commercial,Laos,2032,16.866397,4.68511
ATS,Commercial,Laos,2033,17.115929,4.754425
ATS,Commercial,Laos,2034,17.375579,4.82655
ATS,Commercial,Laos,2035,17.644936,4.901371
ATS,Commercial,Laos,2036,17.959238,4.988677
ATS,Commercial,Laos,2037,18.284077,5.07891
ATS,Commercial,Laos,2038,18.61977,5.172158
ATS,Commercial,Laos,2039,18.968466,5.269018
ATS,Commercial,Laos,2040,19.330953,5.369709
ATS,Commercial,Laos,2041,19.786255,5.496182
ATS,Commercial,Laos,2042,20.257143,5.626984
ATS,Commercial,Laos,2043,20.746321,5.762867
ATS,Commercial,Laos,2044,21.253667,5.903796
ATS,Commercial,Laos,2045,21.779134,6.049759
ATS,Commercial,Laos,2046,22.3646,6.212389
ATS,Commercial,Laos,2047,22.972189,6.381164
ATS,Commercial,Laos,2048,23.602759,6.556322
ATS,Commercial,Laos,2049,24.257887,6.738302
ATS,Commercial,Laos,2050,24.939262,6.927573
ATS,Commercial,Laos,2051,25.653792,7.126053
ATS,Commercial,Laos,2052,26.395903,7.332195
ATS,Commercial,Laos,2053,27.167473,7.54652
ATS,Commercial,Laos,2054,27.970009,7.769447
ATS,Commercial,Laos,2055,28.805887,8.001635
ATS,Commercial,Laos,2056,29.675147,8.243096
ATS,Commercial,Laos,2057,30.577595,8.493776
ATS,Commercial,Laos,2058,31.515727,8.754369
ATS,Commercial,Laos,2059,32.49255,9.025708
ATS,Commercial,Laos,2060,33.509138,9.308094
ATS,Commercial,Malaysia,2005,123.552467,34.32013
ATS,Commercial,Malaysia,2006,128.145132,35.59587
ATS,Commercial,Malaysia,2007,158.009833,43.89162
ATS,Commercial,Malaysia,2008,147.500963,40.97249
ATS,Commercial,Malaysia,2009,158.863076,44.128632
ATS,Commercial,Malaysia,2010,179.864927,49.96248
ATS,Commercial,Malaysia,2011,176.766697,49.10186
ATS,Commercial,Malaysia,2012,176.850432,49.12512
ATS,Commercial,Malaysia,2013,184.344804,51.20689
ATS,Commercial,Malaysia,2014,186.94062,51.92795
ATS,Commercial,Malaysia,2015,186.3126,51.7535
ATS,Commercial,Malaysia,2016,199.48107,55.411408
ATS,Commercial,Malaysia,2017,191.499208,53.194224
ATS,Commercial,Malaysia,2018,185.47524,51.5209
ATS,Commercial,Malaysia,2019,195.169097,54.213638
ATS,Commercial,Malaysia,2020,169.073033,46.964731
ATS,Commercial,Malaysia,2021,163.942109,45.539475
ATS,Commercial,Malaysia,2022,184.596012,51.27667
ATS,Commercial,Malaysia,2023,251.274992,69.798609
ATS,Commercial,Malaysia,2024,222.821496,61.89486
ATS,Commercial,Malaysia,2025,245.824289,68.284525
ATS,Commercial,Malaysia,2026,269.452054,74.847793
ATS,Commercial,Malaysia,2027,292.177003,81.160279
ATS,Commercial,Malaysia,2028,314.746185,87.429496
ATS,Commercial,Malaysia,2029,337.158786,93.655218
ATS,Commercial,Malaysia,2030,359.789772,99.941603
ATS,Commercial,Malaysia,2031,392.193435,108.942621
ATS,Commercial,Malaysia,2032,419.561478,116.544855
ATS,Commercial,Malaysia,2033,444.225415,123.395949
ATS,Commercial,Malaysia,2034,466.593426,129.609285
ATS,Commercial,Malaysia,2035,491.648852,136.569126
ATS,Commercial,Malaysia,2036,519.22406,144.228906
ATS,Commercial,Malaysia,2037,541.294371,150.359548
ATS,Commercial,Malaysia,2038,567.102636,157.52851
ATS,Commercial,Malaysia,2039,592.271261,164.519795
ATS,Commercial,Malaysia,2040,616.897497,171.360416
ATS,Commercial,Malaysia,2041,646.093831,179.470509
ATS,Commercial,Malaysia,2042,670.526258,186.257294
ATS,Commercial,Malaysia,2043,694.566277,192.935077
ATS,Commercial,Malaysia,2044,722.332402,200.647889
ATS,Commercial,Malaysia,2045,745.628061,207.118906
ATS,Commercial,Malaysia,2046,772.48381,214.578836
ATS,Commercial,Malaysia,2047,798.833766,221.898268
ATS,Commercial,Malaysia,2048,824.694031,229.081675
ATS,Commercial,Malaysia,2049,850.063442,236.128734
ATS,Commercial,Malaysia,2050,871.341854,242.039404
ATS,Commercial,Malaysia,2051,893.3433,248.150917
ATS,Commercial,Malaysia,2052,915.523563,254.312101
ATS,Commercial,Malaysia,2053,937.862166,260.517268
ATS,Commercial,Malaysia,2054,960.381421,266.772617
ATS,Commercial,Malaysia,2055,983.102157,273.083932
ATS,Commercial,Malaysia,2056,1005.99134,279.442039
ATS,Commercial,Malaysia,2057,1029.02429,285.840081
ATS,Commercial,Malaysia,2058,1052.207826,292.279952
ATS,Commercial,Malaysia,2059,1075.521154,298.755876
ATS,Commercial,Malaysia,2060,1098.984786,305.273552
ATS,Commercial,Myanmar,2005,98.529388,27.369274
ATS,Commercial,Myanmar,2006,101.738989,28.26083
ATS,Commercial,Myanmar,2007,105.010597,29.16961
ATS,Commercial,Myanmar,2008,108.406886,30.113024
ATS,Commercial,Myanmar,2009,111.908517,31.085699
ATS,Commercial,Myanmar,2010,115.325095,32.034749
ATS,Commercial,Myanmar,2011,122.789424,34.108173
ATS,Commercial,Myanmar,2012,124.339331,34.538703
ATS,Commercial,Myanmar,2013,119.886891,33.301914
ATS,Commercial,Myanmar,2014,127.673429,35.464841
ATS,Commercial,Myanmar,2015,119.900303,33.30564
ATS,Commercial,Myanmar,2016,122.574342,34.048428
ATS,Commercial,Myanmar,2017,107.889471,29.969297
ATS,Commercial,Myanmar,2018,101.802991,28.278609
ATS,Commercial,Myanmar,2019,153.588165,42.663379
ATS,Commercial,Myanmar,2020,103.567616,28.768782
ATS,Commercial,Myanmar,2021,127.660557,35.461266
ATS,Commercial,Myanmar,2022,76.20043,21.166786
ATS,Commercial,Myanmar,2023,94.00107,26.111408
ATS,Commercial,Myanmar,2024,94.00107,26.111408
ATS,Commercial,Myanmar,2025,84.477286,23.465913
ATS,Commercial,Myanmar,2026,84.668984,23.519162
ATS,Commercial,Myanmar,2027,84.88067,23.577964
ATS,Commercial,Myanmar,2028,85.106105,23.640585
ATS,Commercial,Myanmar,2029,85.345714,23.707143
ATS,Commercial,Myanmar,2030,84.405348,23.44593
ATS,Commercial,Myanmar,2031,86.349294,23.985915
ATS,Commercial,Myanmar,2032,88.364413,24.54567
ATS,Commercial,Myanmar,2033,90.453712,25.126031
ATS,Commercial,Myanmar,2034,92.618806,25.727446
ATS,Commercial,Myanmar,2035,94.862309,26.350641
ATS,Commercial,Myanmar,2036,97.21448,27.004022
ATS,Commercial,Myanmar,2037,99.650221,27.680617
ATS,Commercial,Myanmar,2038,102.167828,28.379952
ATS,Commercial,Myanmar,2039,104.774426,29.104007
ATS,Commercial,Myanmar,2040,107.474688,29.85408
ATS,Commercial,Myanmar,2041,110.410096,30.669471
ATS,Commercial,Myanmar,2042,113.451165,31.514212
ATS,Commercial,Myanmar,2043,116.604442,32.390123
ATS,Commercial,Myanmar,2044,119.874748,33.298541
ATS,Commercial,Myanmar,2045,123.260814,34.239115
ATS,Commercial,Myanmar,2046,126.922639,35.256289
ATS,Commercial,Myanmar,2047,130.725662,36.312684
ATS,Commercial,Myanmar,2048,134.670594,37.408498
ATS,Commercial,Myanmar,2049,138.761877,38.544966
ATS,Commercial,Myanmar,2050,143.002498,39.722916
ATS,Commercial,Myanmar,2051,147.466083,40.962801
ATS,Commercial,Myanmar,2052,152.099125,42.249757
ATS,Commercial,Myanmar,2053,156.905919,43.584977
ATS,Commercial,Myanmar,2054,161.897096,44.971416
ATS,Commercial,Myanmar,2055,167.079505,46.410974
ATS,Commercial,Myanmar,2056,172.462014,47.906115
ATS,Commercial,Myanmar,2057,178.046965,49.45749
ATS,Commercial,Myanmar,2058,183.833728,51.064924
ATS,Commercial,Myanmar,2059,189.840119,52.733366
ATS,Commercial,Myanmar,2060,196.081264,54.467018
ATS,Commercial,Philippines,2005,77.573226,21.548118
ATS,Commercial,Philippines,2006,80.696077,22.415577
ATS,Commercial,Philippines,2007,83.28215,23.133931
ATS,Commercial,Philippines,2008,85.558932,23.76637
ATS,Commercial,Philippines,2009,101.015289,28.059802
ATS,Commercial,Philippines,2010,111.487366,30.968713
ATS,Commercial,Philippines,2011,114.67394,31.853872
ATS,Commercial,Philippines,2012,118.468017,32.907783
ATS,Commercial,Philippines,2013,127.164264,35.323407
ATS,Commercial,Philippines,2014,142.228525,39.507924
ATS,Commercial,Philippines,2015,141.083855,39.18996
ATS,Commercial,Philippines,2016,161.794008,44.94278
ATS,Commercial,Philippines,2017,184.405931,51.22387
ATS,Commercial,Philippines,2018,195.445266,54.290352
ATS,Commercial,Philippines,2019,205.775778,57.159938
ATS,Commercial,Philippines,2020,193.057533,53.627092
ATS,Commercial,Philippines,2021,202.971041,56.380845
ATS,Commercial,Philippines,2022,186.376658,51.771294
ATS,Commercial,Philippines,2023,198.307363,55.085379
ATS,Commercial,Philippines,2024,198.307362,55.085378
ATS,Commercial,Philippines,2025,199.087878,55.302188
ATS,Commercial,Philippines,2026,203.254542,56.459595
ATS,Commercial,Philippines,2027,207.563247,57.656457
ATS,Commercial,Philippines,2028,211.768717,58.824644
ATS,Commercial,Philippines,2029,215.984219,59.995616
ATS,Commercial,Philippines,2030,217.090795,60.302999
ATS,Commercial,Philippines,2031,224.1602,62.266722
ATS,Commercial,Philippines,2032,233.121576,64.755993
ATS,Commercial,Philippines,2033,239.725895,66.590526
ATS,Commercial,Philippines,2034,248.193912,68.942753
ATS,Commercial,Philippines,2035,254.404428,70.667897
ATS,Commercial,Philippines,2036,262.473011,72.90917
ATS,Commercial,Philippines,2037,270.359433,75.099843
ATS,Commercial,Philippines,2038,278.09356,77.248211
ATS,Commercial,Philippines,2039,287.651722,79.903256
ATS,Commercial,Philippines,2040,295.143464,81.984296
ATS,Commercial,Philippines,2041,307.456449,85.404569
ATS,Commercial,Philippines,2042,319.897063,88.860295
ATS,Commercial,Philippines,2043,332.49205,92.358903
ATS,Commercial,Philippines,2044,345.262484,95.906246
ATS,Commercial,Philippines,2045,358.244045,99.512235
ATS,Commercial,Philippines,2046,371.463478,103.184299
ATS,Commercial,Philippines,2047,386.910488,107.475136
ATS,Commercial,Philippines,2048,402.685521,111.857089
ATS,Commercial,Philippines,2049,416.835004,115.787501
ATS,Commercial,Philippines,2050,433.323132,120.367537
ATS,Commercial,Philippines,2051,451.477125,125.410312
ATS,Commercial,Philippines,2052,470.71134,130.75315
ATS,Commercial,Philippines,2053,491.079834,136.411065
ATS,Commercial,Philippines,2054,512.624708,142.395752
ATS,Commercial,Philippines,2055,535.42048,148.727911
ATS,Commercial,Philippines,2056,559.541032,155.428064
ATS,Commercial,Philippines,2057,585.02633,162.507314
ATS,Commercial,Philippines,2058,611.924226,169.978952
ATS,Commercial,Philippines,2059,640.326361,177.868434
ATS,Commercial,Philippines,2060,670.303743,186.195484
ATS,Commercial,Singapore,2005,51.204564,14.22349
ATS,Commercial,Singapore,2006,55.683896,15.467749
ATS,Commercial,Singapore,2007,60.62329,16.839803
ATS,Commercial,Singapore,2008,63.01291,17.503586
ATS,Commercial,Singapore,2009,62.722283,17.422856
ATS,Commercial,Singapore,2010,65.983465,18.32874
ATS,Commercial,Singapore,2011,67.575321,18.770923
ATS,Commercial,Singapore,2012,69.453774,19.292715
ATS,Commercial,Singapore,2013,71.47141,19.853169
ATS,Commercial,Singapore,2014,72.394804,20.109668
ATS,Commercial,Singapore,2015,74.143547,20.59543
ATS,Commercial,Singapore,2016,75.77815,21.049486
ATS,Commercial,Singapore,2017,75.697411,21.027059
ATS,Commercial,Singapore,2018,78.963718,21.934366
ATS,Commercial,Singapore,2019,76.155475,21.154299
ATS,Commercial,Singapore,2020,108.153916,30.042754
ATS,Commercial,Singapore,2021,78.880049,21.911125
ATS,Commercial,Singapore,2022,82.271807,22.85328
ATS,Commercial,Singapore,2023,82.271807,22.85328
ATS,Commercial,Singapore,2024,82.271807,22.85328
ATS,Commercial,Singapore,2025,88.030584,24.45294
ATS,Commercial,Singapore,2026,93.044957,25.845821
ATS,Commercial,Singapore,2027,97.939712,27.205476
ATS,Commercial,Singapore,2028,102.755823,28.543284
ATS,Commercial,Singapore,2029,107.529007,29.869169
ATS,Commercial,Singapore,2030,112.444225,31.234507
ATS,Commercial,Singapore,2031,118.031343,32.786484
ATS,Commercial,Singapore,2032,122.794833,34.109676
ATS,Commercial,Singapore,2033,126.762603,35.211834
ATS,Commercial,Singapore,2034,130.317433,36.199287
ATS,Commercial,Singapore,2035,133.58076,37.105767
ATS,Commercial,Singapore,2036,136.541642,37.928234
ATS,Commercial,Singapore,2037,139.283724,38.689923
ATS,Commercial,Singapore,2038,141.859618,39.405449
ATS,Commercial,Singapore,2039,144.412573,40.114604
ATS,Commercial,Singapore,2040,146.751178,40.764216
ATS,Commercial,Singapore,2041,149.221228,41.450341
ATS,Commercial,Singapore,2042,151.524935,42.09026
ATS,Commercial,Singapore,2043,153.880193,42.744498
ATS,Commercial,Singapore,2044,156.178065,43.382796
ATS,Commercial,Singapore,2045,158.334338,43.981761
ATS,Commercial,Singapore,2046,160.646854,44.624126
ATS,Commercial,Singapore,2047,162.809518,45.224866
ATS,Commercial,Singapore,2048,165.042786,45.845218
ATS,Commercial,Singapore,2049,167.226863,46.451906
ATS,Commercial,Singapore,2050,169.366742,47.046317
ATS,Commercial,Singapore,2051,172.544841,47.929123
ATS,Commercial,Singapore,2052,174.952503,48.597918
ATS,Commercial,Singapore,2053,177.365517,49.268199
ATS,Commercial,Singapore,2054,179.849287,49.958135
ATS,Commercial,Singapore,2055,182.367157,50.657544
ATS,Commercial,Singapore,2056,184.883751,51.356597
ATS,Commercial,Singapore,2057,187.413553,52.05932
ATS,Commercial,Singapore,2058,189.996238,52.776733
ATS,Commercial,Singapore,2059,192.628723,53.507979
ATS,Commercial,Singapore,2060,195.314042,54.253901
ATS,Commercial,Thailand,2005,161.008419,44.724561
ATS,Commercial,Thailand,2006,176.458484,49.016246
ATS,Commercial,Thailand,2007,187.937915,52.204976
ATS,Commercial,Thailand,2008,211.063706,58.628807
ATS,Commercial,Thailand,2009,206.844667,57.456852
ATS,Commercial,Thailand,2010,235.366076,65.379466
ATS,Commercial,Thailand,2011,230.750503,64.097362
ATS,Commercial,Thailand,2012,254.618488,70.727358
ATS,Commercial,Thailand,2013,243.06593,67.518314
ATS,Commercial,Thailand,2014,229.046305,63.623974
ATS,Commercial,Thailand,2015,249.211532,69.225426
ATS,Commercial,Thailand,2016,260.223917,72.284421
ATS,Commercial,Thailand,2017,270.143223,75.039784
ATS,Commercial,Thailand,2018,274.198137,76.166149
ATS,Commercial,Thailand,2019,286.631678,79.619911
ATS,Commercial,Thailand,2020,265.284171,73.690048
ATS,Commercial,Thailand,2021,259.352137,72.04226
ATS,Commercial,Thailand,2022,279.64818,77.68005
ATS,Commercial,Thailand,2023,298.768792,82.991331
ATS,Commercial,Thailand,2024,316.385825,87.884951
ATS,Commercial,Thailand,2025,313.719345,87.144262
ATS,Commercial,Thailand,2026,311.016117,86.393366
ATS,Commercial,Thailand,2027,307.710937,85.47526
ATS,Commercial,Thailand,2028,303.806712,84.390753
ATS,Commercial,Thailand,2029,299.321007,83.144724
ATS,Commercial,Thailand,2030,296.30238,82.306217
ATS,Commercial,Thailand,2031,308.654961,85.737489
ATS,Commercial,Thailand,2032,324.26734,90.074261
ATS,Commercial,Thailand,2033,337.479289,93.744247
ATS,Commercial,Thailand,2034,354.087027,98.357507
ATS,Commercial,Thailand,2035,371.271399,103.130944
ATS,Commercial,Thailand,2036,389.08676,108.079656
ATS,Commercial,Thailand,2037,407.523352,113.200931
ATS,Commercial,Thailand,2038,426.611971,118.503325
ATS,Commercial,Thailand,2039,449.458231,124.849509
ATS,Commercial,Thailand,2040,469.896376,130.526771
ATS,Commercial,Thailand,2041,495.582684,137.661857
ATS,Commercial,Thailand,2042,522.089072,145.024742
ATS,Commercial,Thailand,2043,549.362843,152.60079
ATS,Commercial,Thailand,2044,577.354435,160.376232
ATS,Commercial,Thailand,2045,606.010716,168.33631
ATS,Commercial,Thailand,2046,635.273428,176.464841
ATS,Commercial,Thailand,2047,668.433138,185.675872
ATS,Commercial,Thailand,2048,702.07323,195.020342
ATS,Commercial,Thailand,2049,732.700788,203.527997
ATS,Commercial,Thailand,2050,767.01954,213.060983
ATS,Commercial,Thailand,2051,803.611837,223.22551
ATS,Commercial,Thailand,2052,841.233513,233.675976
ATS,Commercial,Thailand,2053,879.801145,244.389207
ATS,Commercial,Thailand,2054,919.261543,255.350429
ATS,Commercial,Thailand,2055,959.581271,266.550353
ATS,Commercial,Thailand,2056,1000.714342,277.976206
ATS,Commercial,Thailand,2057,1042.631194,289.619776
ATS,Commercial,Thailand,2058,1085.289159,301.469211
ATS,Commercial,Thailand,2059,1128.667396,313.518721
ATS,Commercial,Thailand,2060,1172.783322,325.773145
ATS,Commercial,Vietnam,2005,69.710219,19.36395
ATS,Commercial,Vietnam,2006,66.953627,18.59823
ATS,Commercial,Vietnam,2007,64.727928,17.97998
ATS,Commercial,Vietnam,2008,65.983968,18.32888
ATS,Commercial,Vietnam,2009,68.956596,19.15461
ATS,Commercial,Vietnam,2010,69.0822,19.1895
ATS,Commercial,Vietnam,2011,79.046784,21.95744
ATS,Commercial,Vietnam,2012,76.979852,21.383292
ATS,Commercial,Vietnam,2013,84.57336,23.4926
ATS,Commercial,Vietnam,2014,88.793148,24.664763
ATS,Commercial,Vietnam,2015,79.088653,21.96907
ATS,Commercial,Vietnam,2016,87.034869,24.176353
ATS,Commercial,Vietnam,2017,93.961188,26.10033
ATS,Commercial,Vietnam,2018,101.069352,28.07482
ATS,Commercial,Vietnam,2019,111.829427,31.06373
ATS,Commercial,Vietnam,2020,101.623797,28.228833
ATS,Commercial,Vietnam,2021,86.909276,24.141466
ATS,Commercial,Vietnam,2022,112.848094,31.346693
ATS,Commercial,Vietnam,2023,116.557229,32.377008
ATS,Commercial,Vietnam,2024,116.557228,32.377008
ATS,Commercial,Vietnam,2025,117.497264,32.638129
ATS,Commercial,Vietnam,2026,119.848331,33.291203
ATS,Commercial,Vietnam,2027,121.996993,33.888054
ATS,Commercial,Vietnam,2028,123.903357,34.417599
ATS,Commercial,Vietnam,2029,125.534737,34.87076
ATS,Commercial,Vietnam,2030,125.126408,34.757336
ATS,Commercial,Vietnam,2031,131.20223,36.445064
ATS,Commercial,Vietnam,2032,137.605263,38.223684
ATS,Commercial,Vietnam,2033,144.359887,40.099969
ATS,Commercial,Vietnam,2034,151.893249,42.192569
ATS,Commercial,Vietnam,2035,159.642987,44.345274
ATS,Commercial,Vietnam,2036,168.070741,46.686317
ATS,Commercial,Vietnam,2037,177.004811,49.168003
ATS,Commercial,Vietnam,2038,186.694776,51.85966
ATS,Commercial,Vietnam,2039,196.147229,54.485341
ATS,Commercial,Vietnam,2040,207.950984,57.764162
ATS,Commercial,Vietnam,2041,220.654937,61.293038
ATS,Commercial,Vietnam,2042,233.947558,64.985433
ATS,Commercial,Vietnam,2043,247.883698,68.856583
ATS,Commercial,Vietnam,2044,262.508207,72.918946
ATS,Commercial,Vietnam,2045,277.841715,77.178254
ATS,Commercial,Vietnam,2046,293.915095,81.643082
ATS,Commercial,Vietnam,2047,310.759891,86.322192
ATS,Commercial,Vietnam,2048,330.820986,91.894718
ATS,Commercial,Vietnam,2049,349.277677,97.021577
ATS,Commercial,Vietnam,2050,371.015675,103.05991
ATS,Commercial,Vietnam,2051,395.50053,109.861258
ATS,Commercial,Vietnam,2052,421.534579,117.092939
ATS,Commercial,Vietnam,2053,449.112445,124.753457
ATS,Commercial,Vietnam,2054,478.240041,132.844456
ATS,Commercial,Vietnam,2055,508.903918,141.362199
ATS,Commercial,Vietnam,2056,541.064337,150.295649
ATS,Commercial,Vietnam,2057,574.685529,159.634869
ATS,Commercial,Vietnam,2058,609.740078,169.372244
ATS,Commercial,Vietnam,2059,646.148612,179.485726
ATS,Commercial,Vietnam,2060,683.821664,189.950462
ATS,Industry,Brunei,2005,2.72142,0.75595
ATS,Industry,Brunei,2006,3.014496,0.83736
ATS,Industry,Brunei,2007,3.1401,0.87225
ATS,Industry,Brunei,2008,3.76812,1.0467
ATS,Industry,Brunei,2009,4.731084,1.31419
ATS,Industry,Brunei,2010,5.44284,1.5119
ATS,Industry,Brunei,2011,6.2802,1.7445
ATS,Industry,Brunei,2012,7.201296,2.00036
ATS,Industry,Brunei,2013,5.945256,1.65146
ATS,Industry,Brunei,2014,5.191632,1.44212
ATS,Industry,Brunei,2015,5.903388,1.63983
ATS,Industry,Brunei,2016,4.856688,1.34908
ATS,Industry,Brunei,2017,6.315926,1.754424
ATS,Industry,Brunei,2018,5.923767,1.645491
ATS,Industry,Brunei,2019,7.693369,2.137047
ATS,Industry,Brunei,2020,9.922716,2.75631
ATS,Industry,Brunei,2021,11.705299,3.251472
ATS,Industry,Brunei,2022,11.712215,3.253393
ATS,Industry,Brunei,2023,11.74666,3.262961
ATS,Industry,Brunei,2024,12.021077,3.339188
ATS,Industry,Brunei,2025,13.259046,3.683068
ATS,Industry,Brunei,2026,13.473383,3.742606
ATS,Industry,Brunei,2027,13.617734,3.782704
ATS,Industry,Brunei,2028,13.722655,3.811849
ATS,Industry,Brunei,2029,13.804072,3.834464
ATS,Industry,Brunei,2030,13.5749,3.770806
ATS,Industry,Brunei,2031,13.349249,3.708125
ATS,Industry,Brunei,2032,13.169269,3.65813
ATS,Industry,Brunei,2033,12.932139,3.592261
ATS,Industry,Brunei,2034,12.686968,3.524158
ATS,Industry,Brunei,2035,12.502836,3.47301
ATS,Industry,Brunei,2036,12.268925,3.408035
ATS,Industry,Brunei,2037,12.092781,3.359106
ATS,Industry,Brunei,2038,11.922795,3.311888
ATS,Industry,Brunei,2039,11.758474,3.266243
ATS,Industry,Brunei,2040,11.598383,3.221773
ATS,Industry,Brunei,2041,11.446342,3.179539
ATS,Industry,Brunei,2042,11.254615,3.126282
ATS,Industry,Brunei,2043,11.114837,3.087455
ATS,Industry,Brunei,2044,10.978201,3.0495
ATS,Industry,Brunei,2045,10.84823,3.013397
ATS,Industry,Brunei,2046,10.666486,2.962913
ATS,Industry,Brunei,2047,10.528834,2.924676
ATS,Industry,Brunei,2048,10.344199,2.873389
ATS,Industry,Brunei,2049,10.198853,2.833015
ATS,Industry,Brunei,2050,10.056495,2.793471
ATS,Industry,Brunei,2051,9.908655,2.752404
ATS,Industry,Brunei,2052,9.762603,2.711834
ATS,Industry,Brunei,2053,9.639434,2.677621
ATS,Industry,Brunei,2054,9.519776,2.644382
ATS,Industry,Brunei,2055,9.402299,2.61175
ATS,Industry,Brunei,2056,9.271746,2.575485
ATS,Industry,Brunei,2057,9.140549,2.539041
ATS,Industry,Brunei,2058,9.006936,2.501927
ATS,Industry,Brunei,2059,8.873215,2.464782
ATS,Industry,Brunei,2060,8.738296,2.427304
ATS,Industry,Cambodia,2005,24.953328,6.93148
ATS,Industry,Cambodia,2006,24.367176,6.76866
ATS,Industry,Cambodia,2007,25.1208,6.978
ATS,Industry,Cambodia,2008,25.916292,7.19897
ATS,Industry,Cambodia,2009,28.177164,7.82699
ATS,Industry,Cambodia,2010,33.871212,9.40867
ATS,Industry,Cambodia,2011,33.28506,9.24585
ATS,Industry,Cambodia,2012,33.452532,9.29237
ATS,Industry,Cambodia,2013,32.280228,8.96673
ATS,Industry,Cambodia,2014,32.23836,8.9551
ATS,Industry,Cambodia,2015,30.647376,8.51316
ATS,Industry,Cambodia,2016,36.6345,10.17625
ATS,Industry,Cambodia,2017,35.37846,9.82735
ATS,Industry,Cambodia,2018,31.652208,8.79228
ATS,Industry,Cambodia,2019,44.439113,12.344198
ATS,Industry,Cambodia,2020,95.108597,26.419055
ATS,Industry,Cambodia,2021,103.659328,28.794258
ATS,Industry,Cambodia,2022,102.436502,28.454584
ATS,Industry,Cambodia,2023,95.213165,26.448101
ATS,Industry,Cambodia,2024,100.925954,28.034987
ATS,Industry,Cambodia,2025,224.138344,62.260651
ATS,Industry,Cambodia,2026,233.336909,64.815808
ATS,Industry,Cambodia,2027,241.418862,67.060795
ATS,Industry,Cambodia,2028,248.791842,69.108845
ATS,Industry,Cambodia,2029,255.403368,70.94538
ATS,Industry,Cambodia,2030,250.653671,69.62602
ATS,Industry,Cambodia,2031,251.269511,69.797086
ATS,Industry,Cambodia,2032,251.741765,69.928268
ATS,Industry,Cambodia,2033,252.121256,70.033682
ATS,Industry,Cambodia,2034,252.339096,70.094193
ATS,Industry,Cambodia,2035,252.65056,70.180711
ATS,Industry,Cambodia,2036,253.788453,70.496792
ATS,Industry,Cambodia,2037,255.006489,70.835136
ATS,Industry,Cambodia,2038,256.285182,71.190328
ATS,Industry,Cambodia,2039,257.626559,71.562933
ATS,Industry,Cambodia,2040,259.013877,71.948299
ATS,Industry,Cambodia,2041,260.320451,72.311236
ATS,Industry,Cambodia,2042,261.68271,72.689642
ATS,Industry,Cambodia,2043,263.135595,73.093221
ATS,Industry,Cambodia,2044,264.63069,73.508525
ATS,Industry,Cambodia,2045,266.216457,73.949016
ATS,Industry,Cambodia,2046,267.134504,74.204029
ATS,Industry,Cambodia,2047,268.06411,74.462253
ATS,Industry,Cambodia,2048,268.839527,74.677646
ATS,Industry,Cambodia,2049,269.558841,74.877456
ATS,Industry,Cambodia,2050,270.300644,75.083512
ATS,Industry,Cambodia,2051,270.900207,75.250058
ATS,Industry,Cambodia,2052,271.491,75.414167
ATS,Industry,Cambodia,2053,272.493288,75.69258
ATS,Industry,Cambodia,2054,273.531249,75.980902
ATS,Industry,Cambodia,2055,274.585732,76.273814
ATS,Industry,Cambodia,2056,275.336578,76.482383
ATS,Industry,Cambodia,2057,276.035383,76.676495
ATS,Industry,Cambodia,2058,276.653113,76.848087
ATS,Industry,Cambodia,2059,277.222538,77.006261
ATS,Industry,Cambodia,2060,277.725113,77.145865
ATS,Industry,Indonesia,2005,1449.047954,402.513321
ATS,Industry,Indonesia,2006,1713.543458,475.984294
ATS,Industry,Indonesia,2007,1992.07944,553.3554
ATS,Industry,Indonesia,2008,1884.056103,523.348917
ATS,Industry,Indonesia,2009,1792.800717,498.000199
ATS,Industry,Indonesia,2010,2053.076051,570.298903
ATS,Industry,Indonesia,2011,2199.59867,610.999631
ATS,Industry,Indonesia,2012,2165.303691,601.473247
ATS,Industry,Indonesia,2013,1659.807835,461.057732
ATS,Industry,Indonesia,2014,1704.656956,473.515821
ATS,Industry,Indonesia,2015,1659.830227,461.063952
ATS,Industry,Indonesia,2016,1606.784146,446.328929
ATS,Industry,Indonesia,2017,1518.858834,421.905232
ATS,Industry,Indonesia,2018,1960.484839,544.579122
ATS,Industry,Indonesia,2019,2266.168991,629.491386
ATS,Industry,Indonesia,2020,1902.546392,528.485109
ATS,Industry,Indonesia,2021,1837.325212,510.368114
ATS,Industry,Indonesia,2022,3107.32832,863.146756
ATS,Industry,Indonesia,2023,3230.850075,897.458354
ATS,Industry,Indonesia,2024,3402.175997,945.048888
ATS,Industry,Indonesia,2025,3738.250698,1038.402972
ATS,Industry,Indonesia,2026,3958.274082,1099.520578
ATS,Industry,Indonesia,2027,4228.032727,1174.453535
ATS,Industry,Indonesia,2028,4518.584051,1255.162236
ATS,Industry,Indonesia,2029,4837.963653,1343.878793
ATS,Industry,Indonesia,2030,5177.21159,1438.114331
ATS,Industry,Indonesia,2031,5550.367314,1541.768698
ATS,Industry,Indonesia,2032,5952.58688,1653.496356
ATS,Industry,Indonesia,2033,6386.92126,1774.144794
ATS,Industry,Indonesia,2034,6861.994264,1906.109518
ATS,Industry,Indonesia,2035,7357.931843,2043.869956
ATS,Industry,Indonesia,2036,7878.579621,2188.494339
ATS,Industry,Indonesia,2037,8415.623342,2337.673151
ATS,Industry,Indonesia,2038,8971.545727,2492.096035
ATS,Industry,Indonesia,2039,9545.505462,2651.529295
ATS,Industry,Indonesia,2040,10136.407018,2815.668616
ATS,Industry,Indonesia,2041,10743.73526,2984.370906
ATS,Industry,Indonesia,2042,11365.888525,3157.191257
ATS,Industry,Indonesia,2043,12002.002126,3333.889479
ATS,Industry,Indonesia,2044,12655.886104,3515.523918
ATS,Industry,Indonesia,2045,13323.948263,3701.09674
ATS,Industry,Indonesia,2046,14000.111592,3888.919887
ATS,Industry,Indonesia,2047,14683.339935,4078.705537
ATS,Industry,Indonesia,2048,15368.557502,4269.043751
ATS,Industry,Indonesia,2049,16049.321322,4458.144812
ATS,Industry,Indonesia,2050,16724.266414,4645.629559
ATS,Industry,Indonesia,2051,17388.31209,4830.086692
ATS,Industry,Indonesia,2052,18039.892886,5011.081357
ATS,Industry,Indonesia,2053,18687.089886,5190.858302
ATS,Industry,Indonesia,2054,19317.474622,5365.965173
ATS,Industry,Indonesia,2055,19929.703715,5536.02881
ATS,Industry,Indonesia,2056,20510.41439,5697.337331
ATS,Industry,Indonesia,2057,21069.356484,5852.599023
ATS,Industry,Indonesia,2058,21605.728353,6001.591209
ATS,Industry,Indonesia,2059,22118.299509,6143.972086
ATS,Industry,Indonesia,2060,22604.757551,6279.09932
ATS,Industry,Laos,2005,4.657805,1.293835
ATS,Industry,Laos,2006,9.300724,2.583534
ATS,Industry,Laos,2007,9.83898,2.73305
ATS,Industry,Laos,2008,13.362006,3.711668
ATS,Industry,Laos,2009,13.10096,3.639156
ATS,Industry,Laos,2010,15.131306,4.203141
ATS,Industry,Laos,2011,12.885016,3.579171
ATS,Industry,Laos,2012,12.889526,3.580424
ATS,Industry,Laos,2013,16.536367,4.593435
ATS,Industry,Laos,2014,22.546758,6.262988
ATS,Industry,Laos,2015,18.147344,5.040929
ATS,Industry,Laos,2016,15.055166,4.181991
ATS,Industry,Laos,2017,15.997578,4.443772
ATS,Industry,Laos,2018,17.704883,4.918023
ATS,Industry,Laos,2019,20.787335,5.77426
ATS,Industry,Laos,2020,38.979743,10.827706
ATS,Industry,Laos,2021,40.50838,11.252328
ATS,Industry,Laos,2022,55.506479,15.418466
ATS,Industry,Laos,2023,128.559407,35.710946
ATS,Industry,Laos,2024,176.765336,49.101482
ATS,Industry,Laos,2025,301.26855,83.685708
ATS,Industry,Laos,2026,311.611641,86.558789
ATS,Industry,Laos,2027,320.236935,88.954704
ATS,Industry,Laos,2028,328.603795,91.278832
ATS,Industry,Laos,2029,337.019604,93.616557
ATS,Industry,Laos,2030,330.964915,91.934699
ATS,Industry,Laos,2031,333.086362,92.523989
ATS,Industry,Laos,2032,334.959744,93.044373
ATS,Industry,Laos,2033,336.669648,93.519347
ATS,Industry,Laos,2034,338.071493,93.908748
ATS,Industry,Laos,2035,339.722424,94.36734
ATS,Industry,Laos,2036,344.100641,95.583511
ATS,Industry,Laos,2037,348.740191,96.872275
ATS,Industry,Laos,2038,353.601277,98.222577
ATS,Industry,Laos,2039,358.688452,99.635681
ATS,Industry,Laos,2040,363.98344,101.106511
ATS,Industry,Laos,2041,370.648211,102.957836
ATS,Industry,Laos,2042,377.592258,104.886738
ATS,Industry,Laos,2043,384.888053,106.913348
ATS,Industry,Laos,2044,392.444771,109.012436
ATS,Industry,Laos,2045,400.371381,111.214273
ATS,Industry,Laos,2046,408.53238,113.481217
ATS,Industry,Laos,2047,416.886871,115.801909
ATS,Industry,Laos,2048,425.047303,118.068695
ATS,Industry,Laos,2049,433.242794,120.345221
ATS,Industry,Laos,2050,441.672169,122.686714
ATS,Industry,Laos,2051,449.881067,124.966963
ATS,Industry,Laos,2052,458.224971,127.284714
ATS,Industry,Laos,2053,467.781804,129.93939
ATS,Industry,Laos,2054,477.614415,132.670671
ATS,Industry,Laos,2055,487.690256,135.469516
ATS,Industry,Laos,2056,496.976885,138.049135
ATS,Industry,Laos,2057,506.23977,140.622158
ATS,Industry,Laos,2058,515.404222,143.167839
ATS,Industry,Laos,2059,524.535002,145.704167
ATS,Industry,Laos,2060,533.581447,148.217069
ATS,Industry,Malaysia,2005,652.429044,181.23029
ATS,Industry,Malaysia,2006,638.361396,177.32261
ATS,Industry,Malaysia,2007,688.854204,191.34839
ATS,Industry,Malaysia,2008,678.512808,188.47578
ATS,Industry,Malaysia,2009,599.256684,166.46019
ATS,Industry,Malaysia,2010,541.269504,150.35264
ATS,Industry,Malaysia,2011,506.6028,140.723
ATS,Industry,Malaysia,2012,582.718824,161.86634
ATS,Industry,Malaysia,2013,565.050528,156.95848
ATS,Industry,Malaysia,2014,551.024748,153.06243
ATS,Industry,Malaysia,2015,585.73332,162.7037
ATS,Industry,Malaysia,2016,670.683492,186.30097
ATS,Industry,Malaysia,2017,731.152755,203.097987
ATS,Industry,Malaysia,2018,797.459796,221.51661
ATS,Industry,Malaysia,2019,792.184428,220.05123
ATS,Industry,Malaysia,2020,741.66244,206.017344
ATS,Industry,Malaysia,2021,802.054021,222.792784
ATS,Industry,Malaysia,2022,796.831776,221.34216
ATS,Industry,Malaysia,2023,943.327908,262.03553
ATS,Industry,Malaysia,2024,868.635396,241.28761
ATS,Industry,Malaysia,2025,923.270691,256.464081
ATS,Industry,Malaysia,2026,952.231245,264.508679
ATS,Industry,Malaysia,2027,974.713692,270.753803
ATS,Industry,Malaysia,2028,996.41926,276.783128
ATS,Industry,Malaysia,2029,1017.799497,282.722082
ATS,Industry,Malaysia,2030,1041.894717,289.415199
ATS,Industry,Malaysia,2031,1073.427701,298.174361
ATS,Industry,Malaysia,2032,1098.121502,305.033751
ATS,Industry,Malaysia,2033,1121.510685,311.530746
ATS,Industry,Malaysia,2034,1143.437297,317.621471
ATS,Industry,Malaysia,2035,1174.5898,326.274944
ATS,Industry,Malaysia,2036,1206.640794,335.177998
ATS,Industry,Malaysia,2037,1228.094956,341.137488
ATS,Industry,Malaysia,2038,1258.417197,349.560332
ATS,Industry,Malaysia,2039,1287.82807,357.730019
ATS,Industry,Malaysia,2040,1316.329857,365.647182
ATS,Industry,Malaysia,2041,1353.10975,375.863819
ATS,Industry,Malaysia,2042,1379.814818,383.281894
ATS,Industry,Malaysia,2043,1405.844614,390.512393
ATS,Industry,Malaysia,2044,1439.861828,399.961619
ATS,Industry,Malaysia,2045,1464.378389,406.771775
ATS,Industry,Malaysia,2046,1495.801709,415.500475
ATS,Industry,Malaysia,2047,1526.181527,423.939313
ATS,Industry,Malaysia,2048,1555.013769,431.948269
ATS,Industry,Malaysia,2049,1582.647098,439.624194
ATS,Industry,Malaysia,2050,1601.285475,444.801521
ATS,Industry,Malaysia,2051,1619.705586,449.918218
ATS,Industry,Malaysia,2052,1638.398044,455.110568
ATS,Industry,Malaysia,2053,1658.734533,460.759593
ATS,Industry,Malaysia,2054,1679.516521,466.532367
ATS,Industry,Malaysia,2055,1700.697747,472.416041
ATS,Industry,Malaysia,2056,1721.08636,478.079544
ATS,Industry,Malaysia,2057,1741.618287,483.782857
ATS,Industry,Malaysia,2058,1762.206502,489.501806
ATS,Industry,Malaysia,2059,1782.972339,495.270094
ATS,Industry,Malaysia,2060,1803.864387,501.073441
ATS,Industry,Myanmar,2005,142.572807,39.603558
ATS,Industry,Myanmar,2006,161.960972,44.989159
ATS,Industry,Myanmar,2007,171.491328,47.63648
ATS,Industry,Myanmar,2008,165.396485,45.943468
ATS,Industry,Myanmar,2009,157.478103,43.743918
ATS,Industry,Myanmar,2010,188.869219,52.463672
ATS,Industry,Myanmar,2011,195.257468,54.238186
ATS,Industry,Myanmar,2012,200.298694,55.638526
ATS,Industry,Myanmar,2013,207.584717,57.662421
ATS,Industry,Myanmar,2014,242.972098,67.492249
ATS,Industry,Myanmar,2015,266.547483,74.040967
ATS,Industry,Myanmar,2016,240.430217,66.786171
ATS,Industry,Myanmar,2017,287.062472,79.739576
ATS,Industry,Myanmar,2018,278.0656,77.240444
ATS,Industry,Myanmar,2019,261.348682,72.596856
ATS,Industry,Myanmar,2020,193.132382,53.647884
ATS,Industry,Myanmar,2021,154.212732,42.83687
ATS,Industry,Myanmar,2022,138.512776,38.475771
ATS,Industry,Myanmar,2023,172.469342,47.908151
ATS,Industry,Myanmar,2024,166.560193,46.26672
ATS,Industry,Myanmar,2025,184.78513,51.329203
ATS,Industry,Myanmar,2026,185.295486,51.470968
ATS,Industry,Myanmar,2027,185.319205,51.477557
ATS,Industry,Myanmar,2028,185.112374,51.420104
ATS,Industry,Myanmar,2029,184.757573,51.321548
ATS,Industry,Myanmar,2030,181.790965,50.49749
ATS,Industry,Myanmar,2031,183.275128,50.909758
ATS,Industry,Myanmar,2032,184.710407,51.308446
ATS,Industry,Myanmar,2033,186.123395,51.700943
ATS,Industry,Myanmar,2034,187.480562,52.077934
ATS,Industry,Myanmar,2035,188.888245,52.468957
ATS,Industry,Myanmar,2036,190.639511,52.95542
ATS,Industry,Myanmar,2037,192.439737,53.455483
ATS,Industry,Myanmar,2038,194.279957,53.966655
ATS,Industry,Myanmar,2039,196.160151,54.488931
ATS,Industry,Myanmar,2040,198.072747,55.020207
ATS,Industry,Myanmar,2041,200.116789,55.587997
ATS,Industry,Myanmar,2042,202.200722,56.166867
ATS,Industry,Myanmar,2043,204.342692,56.761859
ATS,Industry,Myanmar,2044,206.518782,57.366328
ATS,Industry,Myanmar,2045,208.755159,57.987544
ATS,Industry,Myanmar,2046,211.178137,58.660594
ATS,Industry,Myanmar,2047,213.632337,59.342316
ATS,Industry,Myanmar,2048,216.047479,60.013189
ATS,Industry,Myanmar,2049,218.464762,60.684656
ATS,Industry,Myanmar,2050,220.918254,61.366182
ATS,Industry,Myanmar,2051,223.336736,62.037982
ATS,Industry,Myanmar,2052,225.778674,62.716298
ATS,Industry,Myanmar,2053,228.431475,63.453187
ATS,Industry,Myanmar,2054,231.132734,64.203537
ATS,Industry,Myanmar,2055,233.872293,64.964526
ATS,Industry,Myanmar,2056,236.506494,65.696248
ATS,Industry,Myanmar,2057,239.146846,66.429679
ATS,Industry,Myanmar,2058,241.77543,67.159842
ATS,Industry,Myanmar,2059,244.412463,67.892351
ATS,Industry,Myanmar,2060,247.046022,68.623895
ATS,Industry,Philippines,2005,207.345387,57.595941
ATS,Industry,Philippines,2006,210.852206,58.570057
ATS,Industry,Philippines,2007,220.351284,61.20869
ATS,Industry,Philippines,2008,241.906368,67.196213
ATS,Industry,Philippines,2009,224.805511,62.445975
ATS,Industry,Philippines,2010,249.049486,69.180413
ATS,Industry,Philippines,2011,249.016348,69.171208
ATS,Industry,Philippines,2012,243.084424,67.523451
ATS,Industry,Philippines,2013,264.286086,73.412802
ATS,Industry,Philippines,2014,273.350879,75.9308
ATS,Industry,Philippines,2015,282.611079,78.503078
ATS,Industry,Philippines,2016,311.890048,86.636124
ATS,Industry,Philippines,2017,332.48005,92.355569
ATS,Industry,Philippines,2018,314.986626,87.496285
ATS,Industry,Philippines,2019,305.880431,84.966786
ATS,Industry,Philippines,2020,265.467697,73.741027
ATS,Industry,Philippines,2021,285.59672,79.332422
ATS,Industry,Philippines,2022,297.543734,82.651037
ATS,Industry,Philippines,2023,291.432638,80.953511
ATS,Industry,Philippines,2024,303.978138,84.438372
ATS,Industry,Philippines,2025,345.799987,96.055552
ATS,Industry,Philippines,2026,360.662291,100.18397
ATS,Industry,Philippines,2027,376.040464,104.455684
ATS,Industry,Philippines,2028,391.936196,108.871166
ATS,Industry,Philippines,2029,408.743191,113.539775
ATS,Industry,Philippines,2030,420.53234,116.814539
ATS,Industry,Philippines,2031,433.213735,120.337149
ATS,Industry,Philippines,2032,449.335461,124.815406
ATS,Industry,Philippines,2033,460.910193,128.030609
ATS,Industry,Philippines,2034,475.80452,132.167922
ATS,Industry,Philippines,2035,486.452569,135.125714
ATS,Industry,Philippines,2036,500.99945,139.166514
ATS,Industry,Philippines,2037,515.128984,143.091384
ATS,Industry,Philippines,2038,528.838182,146.899495
ATS,Industry,Philippines,2039,545.688961,151.580267
ATS,Industry,Philippines,2040,558.549036,155.15251
ATS,Industry,Philippines,2041,574.485448,159.579291
ATS,Industry,Philippines,2042,589.956391,163.876775
ATS,Industry,Philippines,2043,604.988694,168.052415
ATS,Industry,Philippines,2044,619.564205,172.101168
ATS,Industry,Philippines,2045,633.71836,176.032878
ATS,Industry,Philippines,2046,647.171986,179.769996
ATS,Industry,Philippines,2047,663.303565,184.25099
ATS,Industry,Philippines,2048,678.754823,188.543006
ATS,Industry,Philippines,2049,690.53196,191.814433
ATS,Industry,Philippines,2050,704.876983,195.799162
ATS,Industry,Philippines,2051,719.376378,199.826772
ATS,Industry,Philippines,2052,734.142023,203.92834
ATS,Industry,Philippines,2053,749.473351,208.187042
ATS,Industry,Philippines,2054,765.089331,212.524814
ATS,Industry,Philippines,2055,780.976414,216.937893
ATS,Industry,Philippines,2056,796.800111,221.333364
ATS,Industry,Philippines,2057,812.792865,225.775796
ATS,Industry,Philippines,2058,828.931013,230.258615
ATS,Industry,Philippines,2059,845.214213,234.781726
ATS,Industry,Philippines,2060,861.621662,239.339351
ATS,Industry,Singapore,2005,135.484848,37.63468
ATS,Industry,Singapore,2006,141.3045,39.25125
ATS,Industry,Singapore,2007,148.045248,41.12368
ATS,Industry,Singapore,2008,151.938972,42.20527
ATS,Industry,Singapore,2009,153.047048,42.513069
ATS,Industry,Singapore,2010,181.881606,50.522668
ATS,Industry,Singapore,2011,186.713744,51.864929
ATS,Industry,Singapore,2012,187.187641,51.996567
ATS,Industry,Singapore,2013,209.836637,58.287955
ATS,Industry,Singapore,2014,223.87774,62.188261
ATS,Industry,Singapore,2015,228.985851,63.607181
ATS,Industry,Singapore,2016,219.097943,60.86054
ATS,Industry,Singapore,2017,246.528559,68.480155
ATS,Industry,Singapore,2018,237.228108,65.896697
ATS,Industry,Singapore,2019,246.080559,68.355711
ATS,Industry,Singapore,2020,240.824441,66.895678
ATS,Industry,Singapore,2021,247.827391,68.840942
ATS,Industry,Singapore,2022,263.552684,73.209079
ATS,Industry,Singapore,2023,253.006295,70.279526
ATS,Industry,Singapore,2024,260.348369,72.318991
ATS,Industry,Singapore,2025,422.904192,117.473387
ATS,Industry,Singapore,2026,430.413634,119.559343
ATS,Industry,Singapore,2027,435.222206,120.895057
ATS,Industry,Singapore,2028,438.789018,121.885838
ATS,Industry,Singapore,2029,441.710074,122.697243
ATS,Industry,Singapore,2030,446.484523,124.023479
ATS,Industry,Singapore,2031,452.605487,125.723746
ATS,Industry,Singapore,2032,458.115596,127.254332
ATS,Industry,Singapore,2033,462.331931,128.425536
ATS,Industry,Singapore,2034,466.641536,129.622649
ATS,Industry,Singapore,2035,471.700972,131.028048
ATS,Industry,Singapore,2036,478.25445,132.848458
ATS,Industry,Singapore,2037,484.673736,134.631593
ATS,Industry,Singapore,2038,491.001598,136.389333
ATS,Industry,Singapore,2039,497.998108,138.332808
ATS,Industry,Singapore,2040,504.009692,140.002692
ATS,Industry,Singapore,2041,510.771297,141.880916
ATS,Industry,Singapore,2042,516.703901,143.528861
ATS,Industry,Singapore,2043,523.271827,145.353285
ATS,Industry,Singapore,2044,529.708318,147.141199
ATS,Industry,Singapore,2045,535.452945,148.736929
ATS,Industry,Singapore,2046,541.715651,150.47657
ATS,Industry,Singapore,2047,547.07238,151.96455
ATS,Industry,Singapore,2048,552.500998,153.472499
ATS,Industry,Singapore,2049,557.43468,154.842967
ATS,Industry,Singapore,2050,562.186715,156.162976
ATS,Industry,Singapore,2051,566.585724,157.384923
ATS,Industry,Singapore,2052,570.862301,158.572861
ATS,Industry,Singapore,2053,576.220863,160.061351
ATS,Industry,Singapore,2054,581.707219,161.585339
ATS,Industry,Singapore,2055,587.133204,163.092557
ATS,Industry,Singapore,2056,591.732855,164.370237
ATS,Industry,Singapore,2057,596.19288,165.609133
ATS,Industry,Singapore,2058,600.277904,166.743862
ATS,Industry,Singapore,2059,604.222875,167.839688
ATS,Industry,Singapore,2060,607.966001,168.879445
ATS,Industry,Thailand,2005,886.163729,246.156591
ATS,Industry,Thailand,2006,938.736169,260.760047
ATS,Industry,Thailand,2007,968.658048,269.07168
ATS,Industry,Thailand,2008,993.260229,275.905619
ATS,Industry,Thailand,2009,1007.377187,279.826996
ATS,Industry,Thailand,2010,1070.563082,297.378634
ATS,Industry,Thailand,2011,1040.200518,288.944588
ATS,Industry,Thailand,2012,1126.670805,312.964113
ATS,Industry,Thailand,2013,1138.485458,316.245961
ATS,Industry,Thailand,2014,1177.703313,327.139809
ATS,Industry,Thailand,2015,1190.642416,330.734004
ATS,Industry,Thailand,2016,1233.68411,342.690031
ATS,Industry,Thailand,2017,1191.519179,330.97755
ATS,Industry,Thailand,2018,1274.46192,354.0172
ATS,Industry,Thailand,2019,1303.936992,362.20472
ATS,Industry,Thailand,2020,1207.305648,335.36268
ATS,Industry,Thailand,2021,1113.605064,309.33474
ATS,Industry,Thailand,2022,1381.01598,383.61555
ATS,Industry,Thailand,2023,1292.130216,358.92506
ATS,Industry,Thailand,2024,1225.099548,340.30543
ATS,Industry,Thailand,2025,1344.337383,373.427051
ATS,Industry,Thailand,2026,1370.726562,380.757378
ATS,Industry,Thailand,2027,1395.432104,387.620029
ATS,Industry,Thailand,2028,1419.675043,394.354179
ATS,Industry,Thailand,2029,1457.578484,404.882912
ATS,Industry,Thailand,2030,1494.011523,415.003201
ATS,Industry,Thailand,2031,1530.859355,425.23871
ATS,Industry,Thailand,2032,1579.811497,438.836527
ATS,Industry,Thailand,2033,1614.223459,448.395405
ATS,Industry,Thailand,2034,1660.429475,461.23041
ATS,Industry,Thailand,2035,1705.581515,473.772643
ATS,Industry,Thailand,2036,1750.968113,486.380031
ATS,Industry,Thailand,2037,1795.378899,498.716361
ATS,Industry,Thailand,2038,1838.808322,510.780089
ATS,Industry,Thailand,2039,1893.580107,525.994474
ATS,Industry,Thailand,2040,1934.990564,537.497379
ATS,Industry,Thailand,2041,1987.565047,552.101402
ATS,Industry,Thailand,2042,2039.03053,566.397369
ATS,Industry,Thailand,2043,2089.431861,580.397739
ATS,Industry,Thailand,2044,2138.731832,594.092176
ATS,Industry,Thailand,2045,2187.023919,607.506644
ATS,Industry,Thailand,2046,2233.624292,620.451192
ATS,Industry,Thailand,2047,2290.429047,636.230291
ATS,Industry,Thailand,2048,2345.596706,651.554641
ATS,Industry,Thailand,2049,2388.209979,663.391661
ATS,Industry,Thailand,2050,2440.783936,677.995538
ATS,Industry,Thailand,2051,2494.20653,692.835147
ATS,Industry,Thailand,2052,2548.799943,707.999984
ATS,Industry,Thailand,2053,2605.385088,723.71808
ATS,Industry,Thailand,2054,2663.277572,739.799326
ATS,Industry,Thailand,2055,2722.490741,756.247428
ATS,Industry,Thailand,2056,2782.227107,772.840863
ATS,Industry,Thailand,2057,2843.12521,789.757003
ATS,Industry,Thailand,2058,2905.181261,806.994795
ATS,Industry,Thailand,2059,2968.445602,824.568223
ATS,Industry,Thailand,2060,3032.92593,842.479425
ATS,Industry,Vietnam,2005,467.8749,129.96525
ATS,Industry,Vietnam,2006,497.977992,138.32722
ATS,Industry,Vietnam,2007,572.712372,159.08677
ATS,Industry,Vietnam,2008,639.826776,177.72966
ATS,Industry,Vietnam,2009,688.30992,191.1972
ATS,Industry,Vietnam,2010,745.920288,207.20008
ATS,Industry,Vietnam,2011,794.86398,220.79555
ATS,Industry,Vietnam,2012,820.989612,228.05267
ATS,Industry,Vietnam,2013,867.630564,241.00849
ATS,Industry,Vietnam,2014,931.897944,258.86054
ATS,Industry,Vietnam,2015,1357.276824,377.02134
ATS,Industry,Vietnam,2016,1428.661764,396.85049
ATS,Industry,Vietnam,2017,1456.545852,404.59607
ATS,Industry,Vietnam,2018,1162.841832,323.01162
ATS,Industry,Vietnam,2019,1284.71958,356.86655
ATS,Industry,Vietnam,2020,1468.143288,407.81758
ATS,Industry,Vietnam,2021,1477.563588,410.43433
ATS,Industry,Vietnam,2022,1563.309252,434.25257
ATS,Industry,Vietnam,2023,1234.603584,342.94544
ATS,Industry,Vietnam,2024,1310.635872,364.06552
ATS,Industry,Vietnam,2025,1648.76699,457.990831
ATS,Industry,Vietnam,2026,1751.773987,486.603885
ATS,Industry,Vietnam,2027,1859.918787,516.644108
ATS,Industry,Vietnam,2028,1974.424279,548.451189
ATS,Industry,Vietnam,2029,2095.96939,582.213719
ATS,Industry,Vietnam,2030,2192.900879,609.139133
ATS,Industry,Vietnam,2031,2297.623493,638.228748
ATS,Industry,Vietnam,2032,2405.34536,668.151489
ATS,Industry,Vietnam,2033,2516.074503,698.909584
ATS,Industry,Vietnam,2034,2636.136533,732.260148
ATS,Industry,Vietnam,2035,2756.32898,765.646939
ATS,Industry,Vietnam,2036,2884.562788,801.267441
ATS,Industry,Vietnam,2037,3016.266368,837.851769
ATS,Industry,Vietnam,2038,3154.60874,876.280206
ATS,Industry,Vietnam,2039,3283.646837,912.124121
ATS,Industry,Vietnam,2040,3441.65444,956.015122
ATS,Industry,Vietnam,2041,3599.98739,999.996497
ATS,Industry,Vietnam,2042,3758.609057,1044.058071
ATS,Industry,Vietnam,2043,3917.560788,1088.21133
ATS,Industry,Vietnam,2044,4076.758115,1132.43281
ATS,Industry,Vietnam,2045,4236.255257,1176.737571
ATS,Industry,Vietnam,2046,4395.058233,1220.849509
ATS,Industry,Vietnam,2047,4553.853482,1264.959301
ATS,Industry,Vietnam,2048,4743.978534,1317.771815
ATS,Industry,Vietnam,2049,4901.916204,1361.64339
ATS,Industry,Vietnam,2050,5091.483203,1414.30089
ATS,Industry,Vietnam,2051,5287.636582,1468.787939
ATS,Industry,Vietnam,2052,5490.980205,1525.272279
ATS,Industry,Vietnam,2053,5703.009901,1584.169417
ATS,Industry,Vietnam,2054,5922.780791,1645.216886
ATS,Industry,Vietnam,2055,6150.45449,1708.459581
ATS,Industry,Vietnam,2056,6384.900491,1773.58347
ATS,Industry,Vietnam,2057,6627.227481,1840.896522
ATS,Industry,Vietnam,2058,6877.533411,1910.425948
ATS,Industry,Vietnam,2059,7135.997863,1982.221629
ATS,Industry,Vietnam,2060,7402.71732,2056.310367
ATS,International Transport,Brunei,2005,3.181968,0.88388
ATS,International Transport,Brunei,2006,3.34944,0.9304
ATS,International Transport,Brunei,2007,3.475044,0.96529
ATS,International Transport,Brunei,2008,3.935592,1.09322
ATS,International Transport,Brunei,2009,3.76812,1.0467
ATS,International Transport,Brunei,2010,4.647348,1.29093
ATS,International Transport,Brunei,2011,4.772952,1.32582
ATS,International Transport,Brunei,2012,3.55878,0.98855
ATS,International Transport,Brunei,2013,3.684384,1.02344
ATS,International Transport,Brunei,2014,3.181968,0.88388
ATS,International Transport,Brunei,2015,3.223836,0.89551
ATS,International Transport,Brunei,2016,3.265704,0.90714
ATS,International Transport,Brunei,2017,3.181968,0.88388
ATS,International Transport,Brunei,2018,3.600648,1.00018
ATS,International Transport,Brunei,2019,4.81482,1.33745
ATS,International Transport,Brunei,2020,1.67472,0.4652
ATS,International Transport,Brunei,2021,0.785862,0.218295
ATS,International Transport,Brunei,2022,1.76976,0.4916
ATS,International Transport,Brunei,2023,2.715977,0.754438
ATS,International Transport,Brunei,2024,2.81353,0.781536
ATS,International Transport,Brunei,2025,2.892314,0.803421
ATS,International Transport,Brunei,2026,2.976712,0.826864
ATS,International Transport,Brunei,2027,3.067645,0.852124
ATS,International Transport,Brunei,2028,3.161519,0.8782
ATS,International Transport,Brunei,2029,3.258894,0.905248
ATS,International Transport,Brunei,2030,3.285939,0.912761
ATS,International Transport,Brunei,2031,3.299461,0.916517
ATS,International Transport,Brunei,2032,3.326506,0.924029
ATS,International Transport,Brunei,2033,3.340028,0.927786
ATS,International Transport,Brunei,2034,3.353551,0.931542
ATS,International Transport,Brunei,2035,3.380596,0.939054
ATS,International Transport,Brunei,2036,3.380596,0.939054
ATS,International Transport,Brunei,2037,3.394118,0.942811
ATS,International Transport,Brunei,2038,3.40764,0.946567
ATS,International Transport,Brunei,2039,3.421163,0.950323
ATS,International Transport,Brunei,2040,3.434685,0.954079
ATS,International Transport,Brunei,2041,3.448208,0.957836
ATS,International Transport,Brunei,2042,3.448208,0.957836
ATS,International Transport,Brunei,2043,3.46173,0.961592
ATS,International Transport,Brunei,2044,3.475252,0.965348
ATS,International Transport,Brunei,2045,3.488775,0.969104
ATS,International Transport,Brunei,2046,3.488775,0.969104
ATS,International Transport,Brunei,2047,3.502297,0.97286
ATS,International Transport,Brunei,2048,3.502297,0.97286
ATS,International Transport,Brunei,2049,3.51582,0.976617
ATS,International Transport,Brunei,2050,3.529342,0.980373
ATS,International Transport,Brunei,2051,3.542917,0.984144
ATS,International Transport,Brunei,2052,3.556543,0.987929
ATS,International Transport,Brunei,2053,3.570222,0.991728
ATS,International Transport,Brunei,2054,3.583954,0.995543
ATS,International Transport,Brunei,2055,3.597738,0.999372
ATS,International Transport,Brunei,2056,3.611576,1.003216
ATS,International Transport,Brunei,2057,3.625467,1.007074
ATS,International Transport,Brunei,2058,3.639411,1.010947
ATS,International Transport,Brunei,2059,3.653408,1.014836
ATS,International Transport,Brunei,2060,3.66746,1.018739
ATS,International Transport,Cambodia,2005,0.879228,0.24423
ATS,International Transport,Cambodia,2006,0.962964,0.26749
ATS,International Transport,Cambodia,2007,1.967796,0.54661
ATS,International Transport,Cambodia,2008,1.758456,0.48846
ATS,International Transport,Cambodia,2009,1.423512,0.39542
ATS,International Transport,Cambodia,2010,1.842192,0.51172
ATS,International Transport,Cambodia,2011,2.177136,0.60476
ATS,International Transport,Cambodia,2012,2.805156,0.77921
ATS,International Transport,Cambodia,2013,3.181968,0.88388
ATS,International Transport,Cambodia,2014,3.684384,1.02344
ATS,International Transport,Cambodia,2015,3.893724,1.08159
ATS,International Transport,Cambodia,2016,3.684384,1.02344
ATS,International Transport,Cambodia,2017,1.632852,0.45357
ATS,International Transport,Cambodia,2018,6.405804,1.77939
ATS,International Transport,Cambodia,2019,6.69888,1.8608
ATS,International Transport,Cambodia,2020,1.758456,0.48846
ATS,International Transport,Cambodia,2021,2.174624,0.604062
ATS,International Transport,Cambodia,2022,2.289761,0.636045
ATS,International Transport,Cambodia,2023,2.289761,0.636045
ATS,International Transport,Cambodia,2024,2.289761,0.636045
ATS,International Transport,Cambodia,2025,2.427144,0.674207
ATS,International Transport,Cambodia,2026,2.575004,0.715279
ATS,International Transport,Cambodia,2027,2.728297,0.75786
ATS,International Transport,Cambodia,2028,2.885543,0.80154
ATS,International Transport,Cambodia,2029,3.044268,0.84563
ATS,International Transport,Cambodia,2030,3.071597,0.853221
ATS,International Transport,Cambodia,2031,3.155875,0.876632
ATS,International Transport,Cambodia,2032,3.242481,0.900689
ATS,International Transport,Cambodia,2033,3.331452,0.925403
ATS,International Transport,Cambodia,2034,3.422862,0.950795
ATS,International Transport,Cambodia,2035,3.516785,0.976885
ATS,International Transport,Cambodia,2036,3.614496,1.004027
ATS,International Transport,Cambodia,2037,3.714905,1.031918
ATS,International Transport,Cambodia,2038,3.818085,1.060579
ATS,International Transport,Cambodia,2039,3.924167,1.090046
ATS,International Transport,Cambodia,2040,4.033168,1.120324
ATS,International Transport,Cambodia,2041,4.142409,1.150669
ATS,International Transport,Cambodia,2042,4.254588,1.18183
ATS,International Transport,Cambodia,2043,4.369816,1.213838
ATS,International Transport,Cambodia,2044,4.488167,1.246713
ATS,International Transport,Cambodia,2045,4.609715,1.280476
ATS,International Transport,Cambodia,2046,4.726643,1.312956
ATS,International Transport,Cambodia,2047,4.846527,1.346257
ATS,International Transport,Cambodia,2048,4.969442,1.380401
ATS,International Transport,Cambodia,2049,5.09548,1.415411
ATS,International Transport,Cambodia,2050,5.224714,1.451309
ATS,International Transport,Cambodia,2051,5.357226,1.488118
ATS,International Transport,Cambodia,2052,5.493099,1.525861
ATS,International Transport,Cambodia,2053,5.632418,1.564561
ATS,International Transport,Cambodia,2054,5.77527,1.604242
ATS,International Transport,Cambodia,2055,5.921746,1.644929
ATS,International Transport,Cambodia,2056,6.071936,1.686649
ATS,International Transport,Cambodia,2057,6.225936,1.729427
ATS,International Transport,Cambodia,2058,6.383842,1.773289
ATS,International Transport,Cambodia,2059,6.545752,1.818264
ATS,International Transport,Cambodia,2060,6.711769,1.86438
ATS,International Transport,Laos,2005,1.723706,0.478807
ATS,International Transport,Laos,2006,1.729148,0.480319
ATS,International Transport,Laos,2007,1.73501,0.481947
ATS,International Transport,Laos,2008,1.740453,0.483459
ATS,International Transport,Laos,2009,1.746314,0.485087
ATS,International Transport,Laos,2010,1.752176,0.486716
ATS,International Transport,Laos,2011,1.757619,0.488227
ATS,International Transport,Laos,2012,1.76348,0.489856
ATS,International Transport,Laos,2013,1.769342,0.491484
ATS,International Transport,Laos,2014,1.774785,0.492996
ATS,International Transport,Laos,2015,1.715332,0.476481
ATS,International Transport,Laos,2016,1.762643,0.489623
ATS,International Transport,Laos,2017,1.566282,0.435078
ATS,International Transport,Malaysia,2005,69.793956,19.38721
ATS,International Transport,Malaysia,2006,75.764333,21.045648
ATS,International Transport,Malaysia,2007,74.901852,20.80607
ATS,International Transport,Malaysia,2008,73.252253,20.347848
ATS,International Transport,Malaysia,2009,72.808452,20.22457
ATS,International Transport,Malaysia,2010,82.06128,22.7948
ATS,International Transport,Malaysia,2011,93.926671,26.090742
ATS,International Transport,Malaysia,2012,86.78399,24.106664
ATS,International Transport,Malaysia,2013,114.986275,31.940632
ATS,International Transport,Malaysia,2014,114.441991,31.789442
ATS,International Transport,Malaysia,2015,119.457778,33.182716
ATS,International Transport,Malaysia,2016,113.55439,31.542886
ATS,International Transport,Malaysia,2017,124.180488,34.49458
ATS,International Transport,Malaysia,2018,122.078714,33.910754
ATS,International Transport,Malaysia,2019,126.13991,35.038864
ATS,International Transport,Malaysia,2020,63.036043,17.510012
ATS,International Transport,Malaysia,2021,60.38831,16.774531
ATS,International Transport,Malaysia,2022,64.011567,17.780991
ATS,International Transport,Malaysia,2023,64.011567,17.780991
ATS,International Transport,Malaysia,2024,64.011567,17.780991
ATS,International Transport,Malaysia,2025,66.956127,18.598924
ATS,International Transport,Malaysia,2026,69.905971,19.418325
ATS,International Transport,Malaysia,2027,72.669831,20.186064
ATS,International Transport,Malaysia,2028,75.548875,20.985799
ATS,International Transport,Malaysia,2029,78.545216,21.818116
ATS,International Transport,Malaysia,2030,81.85329,22.737025
ATS,International Transport,Malaysia,2031,85.670175,23.797271
ATS,International Transport,Malaysia,2032,89.063315,24.73981
ATS,International Transport,Malaysia,2033,92.455927,25.682202
ATS,International Transport,Malaysia,2034,95.849067,26.624741
ATS,International Transport,Malaysia,2035,100.090227,27.802841
ATS,International Transport,Malaysia,2036,104.331389,28.980941
ATS,International Transport,Malaysia,2037,107.723999,29.923333
ATS,International Transport,Malaysia,2038,111.96516,31.101433
ATS,International Transport,Malaysia,2039,116.206321,32.279534
ATS,International Transport,Malaysia,2040,120.447481,33.457634
ATS,International Transport,Malaysia,2041,125.536662,34.871295
ATS,International Transport,Malaysia,2042,129.777823,36.049395
ATS,International Transport,Malaysia,2043,134.018983,37.227495
ATS,International Transport,Malaysia,2044,139.108165,38.641157
ATS,International Transport,Malaysia,2045,143.349325,39.819257
ATS,International Transport,Malaysia,2046,148.438506,41.232918
ATS,International Transport,Malaysia,2047,153.528216,42.646727
ATS,International Transport,Malaysia,2048,158.617398,44.060388
ATS,International Transport,Malaysia,2049,163.706579,45.47405
ATS,International Transport,Malaysia,2050,167.947741,46.65215
ATS,International Transport,Malaysia,2051,172.298777,47.860771
ATS,International Transport,Malaysia,2052,176.762535,49.100704
ATS,International Transport,Malaysia,2053,181.341938,50.372761
ATS,International Transport,Malaysia,2054,186.039979,51.677772
ATS,International Transport,Malaysia,2055,190.859733,53.016593
ATS,International Transport,Malaysia,2056,195.804353,54.390098
ATS,International Transport,Malaysia,2057,200.877074,55.799187
ATS,International Transport,Malaysia,2058,206.081213,57.244781
ATS,International Transport,Malaysia,2059,211.420178,58.727827
ATS,International Transport,Malaysia,2060,216.897458,60.249294
ATS,International Transport,Myanmar,2005,0.563962,0.156656
ATS,International Transport,Myanmar,2006,0.61839,0.171775
ATS,International Transport,Myanmar,2007,0.59955,0.166542
ATS,International Transport,Myanmar,2008,0.584058,0.162238
ATS,International Transport,Myanmar,2009,0.611273,0.169798
ATS,International Transport,Myanmar,2010,0.85327,0.237019
ATS,International Transport,Myanmar,2011,1.181096,0.328082
ATS,International Transport,Myanmar,2012,1.567538,0.435427
ATS,International Transport,Myanmar,2013,3.39382,0.942728
ATS,International Transport,Myanmar,2014,3.513982,0.976106
ATS,International Transport,Myanmar,2015,1.787345,0.496485
ATS,International Transport,Myanmar,2016,3.750535,1.041815
ATS,International Transport,Myanmar,2017,3.164802,0.879112
ATS,International Transport,Myanmar,2018,3.363675,0.934354
ATS,International Transport,Myanmar,2019,4.003837,1.112177
ATS,International Transport,Myanmar,2020,0.692915,0.192476
ATS,International Transport,Myanmar,2021,0.832755,0.231321
ATS,International Transport,Myanmar,2022,0.91021,0.252836
ATS,International Transport,Myanmar,2023,0.91021,0.252836
ATS,International Transport,Myanmar,2024,0.91021,0.252836
ATS,International Transport,Myanmar,2025,0.930232,0.258398
ATS,International Transport,Myanmar,2026,0.949015,0.263615
ATS,International Transport,Myanmar,2027,0.968213,0.268948
ATS,International Transport,Myanmar,2028,0.987751,0.274375
ATS,International Transport,Myanmar,2029,1.007635,0.279899
ATS,International Transport,Myanmar,2030,1.013569,0.281547
ATS,International Transport,Myanmar,2031,1.042923,0.289701
ATS,International Transport,Myanmar,2032,1.073124,0.29809
ATS,International Transport,Myanmar,2033,1.104203,0.306723
ATS,International Transport,Myanmar,2034,1.136179,0.315605
ATS,International Transport,Myanmar,2035,1.169084,0.324746
ATS,International Transport,Myanmar,2036,1.20327,0.334242
ATS,International Transport,Myanmar,2037,1.23846,0.344017
ATS,International Transport,Myanmar,2038,1.274676,0.354077
ATS,International Transport,Myanmar,2039,1.311952,0.364431
ATS,International Transport,Myanmar,2040,1.350317,0.375088
ATS,International Transport,Myanmar,2041,1.390313,0.386198
ATS,International Transport,Myanmar,2042,1.431498,0.397638
ATS,International Transport,Myanmar,2043,1.473901,0.409417
ATS,International Transport,Myanmar,2044,1.517559,0.421544
ATS,International Transport,Myanmar,2045,1.562512,0.434031
ATS,International Transport,Myanmar,2046,1.610719,0.447422
ATS,International Transport,Myanmar,2047,1.660411,0.461225
ATS,International Transport,Myanmar,2048,1.711638,0.475455
ATS,International Transport,Myanmar,2049,1.764447,0.490124
ATS,International Transport,Myanmar,2050,1.818885,0.505246
ATS,International Transport,Myanmar,2051,1.875003,0.520834
ATS,International Transport,Myanmar,2052,1.932852,0.536903
ATS,International Transport,Myanmar,2053,1.992486,0.553468
ATS,International Transport,Myanmar,2054,2.053959,0.570544
ATS,International Transport,Myanmar,2055,2.117329,0.588147
ATS,International Transport,Myanmar,2056,2.182655,0.606293
ATS,International Transport,Myanmar,2057,2.249996,0.624999
ATS,International Transport,Myanmar,2058,2.319414,0.644282
ATS,International Transport,Myanmar,2059,2.390974,0.664159
ATS,International Transport,Myanmar,2060,2.464742,0.684651
ATS,International Transport,Philippines,2005,36.875327,10.243146
ATS,International Transport,Philippines,2006,39.102565,10.861824
ATS,International Transport,Philippines,2007,50.662144,14.072818
ATS,International Transport,Philippines,2008,49.406198,13.723944
ATS,International Transport,Philippines,2009,49.139966,13.649991
ATS,International Transport,Philippines,2010,49.063332,13.628703
ATS,International Transport,Philippines,2011,53.71323,14.920342
ATS,International Transport,Philippines,2012,52.876807,14.688002
ATS,International Transport,Philippines,2013,52.763008,14.656391
ATS,International Transport,Philippines,2014,47.288709,13.135752
ATS,International Transport,Philippines,2015,52.028898,14.452472
ATS,International Transport,Philippines,2016,56.329787,15.647163
ATS,International Transport,Philippines,2017,70.181002,19.494723
ATS,International Transport,Philippines,2018,71.490571,19.858492
ATS,International Transport,Philippines,2019,70.008285,19.446746
ATS,International Transport,Philippines,2020,27.960271,7.766742
ATS,International Transport,Philippines,2021,25.362669,7.045186
ATS,International Transport,Philippines,2022,54.998011,15.277225
ATS,International Transport,Philippines,2023,54.998011,15.277225
ATS,International Transport,Philippines,2024,54.998011,15.277225
ATS,International Transport,Philippines,2025,58.407733,16.22437
ATS,International Transport,Philippines,2026,62.021526,17.228202
ATS,International Transport,Philippines,2027,65.938679,18.3163
ATS,International Transport,Philippines,2028,70.108863,19.474684
ATS,International Transport,Philippines,2029,74.594304,20.72064
ATS,International Transport,Philippines,2030,78.278103,21.743917
ATS,International Transport,Philippines,2031,82.115184,22.809773
ATS,International Transport,Philippines,2032,86.71959,24.088775
ATS,International Transport,Philippines,2033,90.556671,25.154631
ATS,International Transport,Philippines,2034,95.161535,26.43376
ATS,International Transport,Philippines,2035,98.998616,27.499616
ATS,International Transport,Philippines,2036,103.603022,28.778617
ATS,International Transport,Philippines,2037,108.207885,30.057746
ATS,International Transport,Philippines,2038,112.81229,31.336747
ATS,International Transport,Philippines,2039,118.18448,32.829022
ATS,International Transport,Philippines,2040,122.788885,34.108024
ATS,International Transport,Philippines,2041,128.161074,35.600298
ATS,International Transport,Philippines,2042,133.532803,37.092445
ATS,International Transport,Philippines,2043,138.904992,38.58472
ATS,International Transport,Philippines,2044,144.276722,40.076867
ATS,International Transport,Philippines,2045,149.648911,41.569142
ATS,International Transport,Philippines,2046,155.021099,43.061416
ATS,International Transport,Philippines,2047,161.160154,44.766709
ATS,International Transport,Philippines,2048,167.299667,46.47213
ATS,International Transport,Philippines,2049,172.671855,47.964404
ATS,International Transport,Philippines,2050,178.811368,49.669824
ATS,International Transport,Philippines,2051,185.169177,51.435882
ATS,International Transport,Philippines,2052,191.753044,53.264734
ATS,International Transport,Philippines,2053,198.571007,55.158613
ATS,International Transport,Philippines,2054,205.631389,57.11983
ATS,International Transport,Philippines,2055,212.94281,59.150781
ATS,International Transport,Philippines,2056,220.514196,61.253943
ATS,International Transport,Philippines,2057,228.354789,63.431886
ATS,International Transport,Philippines,2058,236.47416,65.687267
ATS,International Transport,Philippines,2059,244.882226,68.022841
ATS,International Transport,Philippines,2060,253.589247,70.441458
ATS,International Transport,Singapore,2005,1219.112424,338.64234
ATS,International Transport,Singapore,2006,1350.284868,375.07913
ATS,International Transport,Singapore,2007,1486.062792,412.79522
ATS,International Transport,Singapore,2008,1627.157952,451.98832
ATS,International Transport,Singapore,2009,1680.497784,466.80494
ATS,International Transport,Singapore,2010,1887.241968,524.23388
ATS,International Transport,Singapore,2011,1998.317772,555.08827
ATS,International Transport,Singapore,2012,2007.444996,557.62361
ATS,International Transport,Singapore,2013,2020.047264,561.12424
ATS,International Transport,Singapore,2014,2011.171248,558.65868
ATS,International Transport,Singapore,2015,2129.490216,591.52506
ATS,International Transport,Singapore,2016,2287.66752,635.4632
ATS,International Transport,Singapore,2017,2389.19742,663.66595
ATS,International Transport,Singapore,2018,2373.999336,659.44426
ATS,International Transport,Singapore,2019,2120.028048,588.89668
ATS,International Transport,Singapore,2020,1866.05676,518.3491
ATS,International Transport,Singapore,2021,1880.333748,522.31493
ATS,International Transport,Singapore,2022,1961.1881,544.774472
ATS,International Transport,Singapore,2023,1961.1881,544.774472
ATS,International Transport,Singapore,2024,1961.1881,544.774472
ATS,International Transport,Singapore,2025,1963.597332,545.443703
ATS,International Transport,Singapore,2026,1965.996026,546.110007
ATS,International Transport,Singapore,2027,1968.420197,546.783388
ATS,International Transport,Singapore,2028,1970.900534,547.472371
ATS,International Transport,Singapore,2029,1973.461009,548.183614
ATS,International Transport,Singapore,2030,1976.577933,549.049426
ATS,International Transport,Singapore,2031,1979.694972,549.91527
ATS,International Transport,Singapore,2032,1982.811896,550.781082
ATS,International Transport,Singapore,2033,1985.720948,551.589152
ATS,International Transport,Singapore,2034,1988.838451,552.455125
ATS,International Transport,Singapore,2035,1992.163247,553.37868
ATS,International Transport,Singapore,2036,1995.486885,554.301912
ATS,International Transport,Singapore,2037,1998.811681,555.225467
ATS,International Transport,Singapore,2038,2002.136477,556.149021
ATS,International Transport,Singapore,2039,2005.669724,557.130479
ATS,International Transport,Singapore,2040,2008.99452,558.054033
ATS,International Transport,Singapore,2041,2012.526609,559.035169
ATS,International Transport,Singapore,2042,2015.851405,559.958724
ATS,International Transport,Singapore,2043,2019.383494,560.939859
ATS,International Transport,Singapore,2044,2022.916741,561.921317
ATS,International Transport,Singapore,2045,2026.241537,562.844871
ATS,International Transport,Singapore,2046,2029.982078,563.883911
ATS,International Transport,Singapore,2047,2033.514167,564.865046
ATS,International Transport,Singapore,2048,2037.254707,565.904085
ATS,International Transport,Singapore,2049,2040.995247,566.943124
ATS,International Transport,Singapore,2050,2044.734629,567.981841
ATS,International Transport,Singapore,2051,2048.555086,569.043079
ATS,International Transport,Singapore,2052,2052.458374,570.127326
ATS,International Transport,Singapore,2053,2056.44629,571.235081
ATS,International Transport,Singapore,2054,2060.52067,572.366853
ATS,International Transport,Singapore,2055,2064.683386,573.523163
ATS,International Transport,Singapore,2056,2068.936355,574.704543
ATS,International Transport,Singapore,2057,2073.281533,575.911537
ATS,International Transport,Singapore,2058,2077.72092,577.1447
ATS,International Transport,Singapore,2059,2082.256559,578.4046
ATS,International Transport,Singapore,2060,2086.890535,579.691815
ATS,International Transport,Thailand,2005,135.875476,37.743188
ATS,International Transport,Thailand,2006,144.363376,40.100938
ATS,International Transport,Thailand,2007,158.175211,43.937559
ATS,International Transport,Thailand,2008,148.297712,41.193809
ATS,International Transport,Thailand,2009,139.638991,38.788609
ATS,International Transport,Thailand,2010,150.491595,41.803221
ATS,International Transport,Thailand,2011,170.330747,47.314096
ATS,International Transport,Thailand,2012,163.282688,45.356302
ATS,International Transport,Thailand,2013,179.7724,49.936778
ATS,International Transport,Thailand,2014,176.835778,49.121049
ATS,International Transport,Thailand,2015,194.398567,53.999602
ATS,International Transport,Thailand,2016,187.090926,51.969702
ATS,International Transport,Thailand,2017,194.029291,53.897025
ATS,International Transport,Thailand,2018,206.995392,57.49872
ATS,International Transport,Thailand,2019,214.824708,59.67353
ATS,International Transport,Thailand,2020,73.980756,20.55021
ATS,International Transport,Thailand,2021,47.837121,13.288089
ATS,International Transport,Thailand,2022,89.937488,24.982636
ATS,International Transport,Thailand,2023,89.937488,24.982636
ATS,International Transport,Thailand,2024,89.937488,24.982636
ATS,International Transport,Thailand,2025,92.635855,25.732182
ATS,International Transport,Thailand,2026,95.418511,26.505142
ATS,International Transport,Thailand,2027,98.261783,27.29494
ATS,International Transport,Thailand,2028,101.17953,28.105425
ATS,International Transport,Thailand,2029,104.192534,28.942371
ATS,International Transport,Thailand,2030,108.124044,30.034457
ATS,International Transport,Thailand,2031,112.056131,31.126703
ATS,International Transport,Thailand,2032,116.970808,32.491891
ATS,International Transport,Thailand,2033,120.902319,33.583978
ATS,International Transport,Thailand,2034,125.816995,34.949165
ATS,International Transport,Thailand,2035,130.731672,36.314353
ATS,International Transport,Thailand,2036,135.646927,37.679702
ATS,International Transport,Thailand,2037,140.561603,39.04489
ATS,International Transport,Thailand,2038,145.47628,40.410078
ATS,International Transport,Thailand,2039,151.374124,42.048368
ATS,International Transport,Thailand,2040,156.2888,43.413556
ATS,International Transport,Thailand,2041,162.186066,45.051685
ATS,International Transport,Thailand,2042,168.083909,46.689975
ATS,International Transport,Thailand,2043,173.981752,48.328264
ATS,International Transport,Thailand,2044,179.879018,49.966394
ATS,International Transport,Thailand,2045,185.776861,51.604684
ATS,International Transport,Thailand,2046,191.674704,53.242973
ATS,International Transport,Thailand,2047,198.555135,55.154204
ATS,International Transport,Thailand,2048,205.436145,57.065596
ATS,International Transport,Thailand,2049,211.333411,58.703725
ATS,International Transport,Thailand,2050,218.21442,60.615117
ATS,International Transport,Thailand,2051,225.319475,62.588743
ATS,International Transport,Thailand,2052,232.65587,64.626631
ATS,International Transport,Thailand,2053,240.231138,66.730872
ATS,International Transport,Thailand,2054,248.053057,68.903627
ATS,International Transport,Thailand,2055,256.129656,71.147127
ATS,International Transport,Thailand,2056,264.46923,73.463675
ATS,International Transport,Thailand,2057,273.08034,75.85565
ATS,International Transport,Thailand,2058,281.971827,78.325508
ATS,International Transport,Thailand,2059,291.152822,80.875784
ATS,International Transport,Thailand,2060,300.632749,83.509097
ATS,International Transport,Vietnam,2005,17.961372,4.98927
ATS,International Transport,Vietnam,2006,25.665084,7.12919
ATS,International Transport,Vietnam,2007,23.781024,6.60584
ATS,International Transport,Vietnam,2008,25.372008,7.04778
ATS,International Transport,Vietnam,2009,30.312432,8.42012
ATS,International Transport,Vietnam,2010,33.368796,9.26911
ATS,International Transport,Vietnam,2011,30.438036,8.45501
ATS,International Transport,Vietnam,2012,33.033852,9.17607
ATS,International Transport,Vietnam,2013,36.6345,10.17625
ATS,International Transport,Vietnam,2014,36.090216,10.02506
ATS,International Transport,Vietnam,2015,50.66028,14.0723
ATS,International Transport,Vietnam,2016,56.647404,15.73539
ATS,International Transport,Vietnam,2017,60.7086,16.8635
ATS,International Transport,Vietnam,2018,59.456747,16.515763
ATS,International Transport,Vietnam,2019,64.861906,18.017196
ATS,International Transport,Vietnam,2020,21.620635,6.005732
ATS,International Transport,Vietnam,2021,21.620635,6.005732
ATS,International Transport,Vietnam,2022,21.620635,6.005732
ATS,International Transport,Vietnam,2023,21.620635,6.005732
ATS,International Transport,Vietnam,2024,21.620635,6.005732
ATS,International Transport,Vietnam,2025,22.961157,6.378099
ATS,International Transport,Vietnam,2026,24.453613,6.79267
ATS,International Transport,Vietnam,2027,26.043051,7.234181
ATS,International Transport,Vietnam,2028,27.735858,7.704405
ATS,International Transport,Vietnam,2029,29.538716,8.205199
ATS,International Transport,Vietnam,2030,30.999686,8.611024
ATS,International Transport,Vietnam,2031,32.551846,9.042179
ATS,International Transport,Vietnam,2032,34.149898,9.486083
ATS,International Transport,Vietnam,2033,35.793397,9.94261
ATS,International Transport,Vietnam,2034,37.573978,10.437216
ATS,International Transport,Vietnam,2035,39.35441,10.931781
ATS,International Transport,Vietnam,2036,41.226329,11.451758
ATS,International Transport,Vietnam,2037,43.143843,11.984401
ATS,International Transport,Vietnam,2038,45.152695,12.542415
ATS,International Transport,Vietnam,2039,47.024466,13.062352
ATS,International Transport,Vietnam,2040,49.307185,13.69644
ATS,International Transport,Vietnam,2041,51.590053,14.33057
ATS,International Transport,Vietnam,2042,53.872773,14.964659
ATS,International Transport,Vietnam,2043,56.155492,15.598748
ATS,International Transport,Vietnam,2044,58.438211,16.232836
ATS,International Transport,Vietnam,2045,60.720931,16.866925
ATS,International Transport,Vietnam,2046,63.00365,17.501014
ATS,International Transport,Vietnam,2047,65.28637,18.135103
ATS,International Transport,Vietnam,2048,68.025781,18.89605
ATS,International Transport,Vietnam,2049,70.308501,19.530139
ATS,International Transport,Vietnam,2050,73.047764,20.291046
ATS,International Transport,Vietnam,2051,75.893751,21.081597
ATS,International Transport,Vietnam,2052,78.850619,21.90295
ATS,International Transport,Vietnam,2053,81.922689,22.756303
ATS,International Transport,Vietnam,2054,85.114448,23.642902
ATS,International Transport,Vietnam,2055,88.43056,24.564044
ATS,International Transport,Vietnam,2056,91.87587,25.521075
ATS,International Transport,Vietnam,2057,95.455412,26.515392
ATS,International Transport,Vietnam,2058,99.174415,27.548449
ATS,International Transport,Vietnam,2059,103.038312,28.621753
ATS,International Transport,Vietnam,2060,107.052749,29.736875
ATS,Non Energy Fossil Fuels,Brunei,2005,0.669888,0.18608
ATS,Non Energy Fossil Fuels,Brunei,2006,0.544284,0.15119
ATS,Non Energy Fossil Fuels,Brunei,2007,0.460548,0.12793
ATS,Non Energy Fossil Fuels,Brunei,2008,0.544284,0.15119
ATS,Non Energy Fossil Fuels,Brunei,2009,0.62802,0.17445
ATS,Non Energy Fossil Fuels,Brunei,2010,0.879316,0.244254
ATS,Non Energy Fossil Fuels,Brunei,2011,40.021805,11.117168
ATS,Non Energy Fossil Fuels,Brunei,2012,44.715024,12.42084
ATS,Non Energy Fossil Fuels,Brunei,2013,8.750412,2.43067
ATS,Non Energy Fossil Fuels,Brunei,2014,24.702119,6.8617
ATS,Non Energy Fossil Fuels,Brunei,2015,19.091808,5.30328
ATS,Non Energy Fossil Fuels,Brunei,2016,23.613552,6.55932
ATS,Non Energy Fossil Fuels,Brunei,2017,17.855865,4.959963
ATS,Non Energy Fossil Fuels,Brunei,2018,23.671329,6.575369
ATS,Non Energy Fossil Fuels,Brunei,2019,22.207206,6.168668
ATS,Non Energy Fossil Fuels,Brunei,2020,24.149783,6.708273
ATS,Non Energy Fossil Fuels,Brunei,2021,18.902146,5.250596
ATS,Non Energy Fossil Fuels,Brunei,2022,19.022307,5.283974
ATS,Non Energy Fossil Fuels,Brunei,2023,20.510714,5.697421
ATS,Non Energy Fossil Fuels,Brunei,2024,22.943246,6.373124
ATS,Non Energy Fossil Fuels,Brunei,2025,23.585705,6.551585
ATS,Non Energy Fossil Fuels,Brunei,2026,24.273937,6.74276
ATS,Non Energy Fossil Fuels,Brunei,2027,25.015458,6.948738
ATS,Non Energy Fossil Fuels,Brunei,2028,25.780961,7.161378
ATS,Non Energy Fossil Fuels,Brunei,2029,26.575019,7.38195
ATS,Non Energy Fossil Fuels,Brunei,2030,26.795559,7.443211
ATS,Non Energy Fossil Fuels,Brunei,2031,26.905828,7.473841
ATS,Non Energy Fossil Fuels,Brunei,2032,27.126369,7.535102
ATS,Non Energy Fossil Fuels,Brunei,2033,27.236639,7.565733
ATS,Non Energy Fossil Fuels,Brunei,2034,27.346908,7.596363
ATS,Non Energy Fossil Fuels,Brunei,2035,27.567449,7.657625
ATS,Non Energy Fossil Fuels,Brunei,2036,27.567449,7.657625
ATS,Non Energy Fossil Fuels,Brunei,2037,27.677719,7.688255
ATS,Non Energy Fossil Fuels,Brunei,2038,27.787989,7.718886
ATS,Non Energy Fossil Fuels,Brunei,2039,27.898259,7.749516
ATS,Non Energy Fossil Fuels,Brunei,2040,28.008528,7.780147
ATS,Non Energy Fossil Fuels,Brunei,2041,28.1188,7.810778
ATS,Non Energy Fossil Fuels,Brunei,2042,28.1188,7.810778
ATS,Non Energy Fossil Fuels,Brunei,2043,28.229069,7.841408
ATS,Non Energy Fossil Fuels,Brunei,2044,28.339339,7.872039
ATS,Non Energy Fossil Fuels,Brunei,2045,28.449609,7.902669
ATS,Non Energy Fossil Fuels,Brunei,2046,28.449609,7.902669
ATS,Non Energy Fossil Fuels,Brunei,2047,28.559879,7.9333
ATS,Non Energy Fossil Fuels,Brunei,2048,28.559879,7.9333
ATS,Non Energy Fossil Fuels,Brunei,2049,28.670149,7.96393
ATS,Non Energy Fossil Fuels,Brunei,2050,28.78042,7.994561
ATS,Non Energy Fossil Fuels,Brunei,2051,28.891113,8.025309
ATS,Non Energy Fossil Fuels,Brunei,2052,29.002233,8.056176
ATS,Non Energy Fossil Fuels,Brunei,2053,29.11378,8.087161
ATS,Non Energy Fossil Fuels,Brunei,2054,29.225757,8.118266
ATS,Non Energy Fossil Fuels,Brunei,2055,29.338165,8.14949
ATS,Non Energy Fossil Fuels,Brunei,2056,29.451004,8.180834
ATS,Non Energy Fossil Fuels,Brunei,2057,29.564276,8.212299
ATS,Non Energy Fossil Fuels,Brunei,2058,29.677986,8.243885
ATS,Non Energy Fossil Fuels,Brunei,2059,29.792132,8.275592
ATS,Non Energy Fossil Fuels,Brunei,2060,29.906717,8.307421
ATS,Non Energy Fossil Fuels,Cambodia,2005,0.502416,0.13956
ATS,Non Energy Fossil Fuels,Cambodia,2006,0.544284,0.15119
ATS,Non Energy Fossil Fuels,Cambodia,2007,0.502416,0.13956
ATS,Non Energy Fossil Fuels,Cambodia,2008,0.669888,0.18608
ATS,Non Energy Fossil Fuels,Cambodia,2009,0.586152,0.16282
ATS,Non Energy Fossil Fuels,Cambodia,2010,0.669888,0.18608
ATS,Non Energy Fossil Fuels,Cambodia,2011,0.795492,0.22097
ATS,Non Energy Fossil Fuels,Cambodia,2012,0.753624,0.20934
ATS,Non Energy Fossil Fuels,Cambodia,2013,0.83736,0.2326
ATS,Non Energy Fossil Fuels,Cambodia,2014,0.669888,0.18608
ATS,Non Energy Fossil Fuels,Cambodia,2015,2.051532,0.56987
ATS,Non Energy Fossil Fuels,Cambodia,2016,1.130436,0.31401
ATS,Non Energy Fossil Fuels,Cambodia,2017,0.586152,0.16282
ATS,Non Energy Fossil Fuels,Cambodia,2018,2.595816,0.72106
ATS,Non Energy Fossil Fuels,Cambodia,2019,2.99105,0.830847
ATS,Non Energy Fossil Fuels,Cambodia,2020,5.491407,1.525391
ATS,Non Energy Fossil Fuels,Cambodia,2021,7.035499,1.954305
ATS,Non Energy Fossil Fuels,Cambodia,2022,3.793241,1.053678
ATS,Non Energy Fossil Fuels,Cambodia,2023,3.158522,0.877367
ATS,Non Energy Fossil Fuels,Cambodia,2024,3.158522,0.877367
ATS,Non Energy Fossil Fuels,Cambodia,2025,3.348029,0.930008
ATS,Non Energy Fossil Fuels,Cambodia,2026,3.551989,0.986664
ATS,Non Energy Fossil Fuels,Cambodia,2027,3.763442,1.045401
ATS,Non Energy Fossil Fuels,Cambodia,2028,3.980351,1.105653
ATS,Non Energy Fossil Fuels,Cambodia,2029,4.199298,1.166472
ATS,Non Energy Fossil Fuels,Cambodia,2030,4.236996,1.176943
ATS,Non Energy Fossil Fuels,Cambodia,2031,4.353249,1.209236
ATS,Non Energy Fossil Fuels,Cambodia,2032,4.472714,1.242421
ATS,Non Energy Fossil Fuels,Cambodia,2033,4.595441,1.276511
ATS,Non Energy Fossil Fuels,Cambodia,2034,4.721534,1.311537
ATS,Non Energy Fossil Fuels,Cambodia,2035,4.851092,1.347526
ATS,Non Energy Fossil Fuels,Cambodia,2036,4.985876,1.384966
ATS,Non Energy Fossil Fuels,Cambodia,2037,5.124381,1.423439
ATS,Non Energy Fossil Fuels,Cambodia,2038,5.26671,1.462975
ATS,Non Energy Fossil Fuels,Cambodia,2039,5.413039,1.503622
ATS,Non Energy Fossil Fuels,Cambodia,2040,5.563397,1.545388
ATS,Non Energy Fossil Fuels,Cambodia,2041,5.714086,1.587246
ATS,Non Energy Fossil Fuels,Cambodia,2042,5.868827,1.63023
ATS,Non Energy Fossil Fuels,Cambodia,2043,6.027774,1.674382
ATS,Non Energy Fossil Fuels,Cambodia,2044,6.191028,1.71973
ATS,Non Energy Fossil Fuels,Cambodia,2045,6.358692,1.766303
ATS,Non Energy Fossil Fuels,Cambodia,2046,6.519984,1.811107
ATS,Non Energy Fossil Fuels,Cambodia,2047,6.685354,1.857043
ATS,Non Energy Fossil Fuels,Cambodia,2048,6.854904,1.90414
ATS,Non Energy Fossil Fuels,Cambodia,2049,7.028762,1.952434
ATS,Non Energy Fossil Fuels,Cambodia,2050,7.207029,2.001953
ATS,Non Energy Fossil Fuels,Cambodia,2051,7.389817,2.052727
ATS,Non Energy Fossil Fuels,Cambodia,2052,7.577242,2.104789
ATS,Non Energy Fossil Fuels,Cambodia,2053,7.769421,2.158172
ATS,Non Energy Fossil Fuels,Cambodia,2054,7.966473,2.212909
ATS,Non Energy Fossil Fuels,Cambodia,2055,8.168523,2.269034
ATS,Non Energy Fossil Fuels,Cambodia,2056,8.375698,2.326583
ATS,Non Energy Fossil Fuels,Cambodia,2057,8.588126,2.385591
ATS,Non Energy Fossil Fuels,Cambodia,2058,8.805943,2.446095
ATS,Non Energy Fossil Fuels,Cambodia,2059,9.029284,2.508134
ATS,Non Energy Fossil Fuels,Cambodia,2060,9.25829,2.571747
ATS,Non Energy Fossil Fuels,Indonesia,2005,403.687656,112.13546
ATS,Non Energy Fossil Fuels,Indonesia,2006,307.624246,85.451179
ATS,Non Energy Fossil Fuels,Indonesia,2007,373.898574,103.860715
ATS,Non Energy Fossil Fuels,Indonesia,2008,421.757158,117.154766
ATS,Non Energy Fossil Fuels,Indonesia,2009,480.25361,133.403781
ATS,Non Energy Fossil Fuels,Indonesia,2010,480.529042,133.480289
ATS,Non Energy Fossil Fuels,Indonesia,2011,561.281236,155.911454
ATS,Non Energy Fossil Fuels,Indonesia,2012,642.855848,178.571069
ATS,Non Energy Fossil Fuels,Indonesia,2013,539.84046,149.955683
ATS,Non Energy Fossil Fuels,Indonesia,2014,563.924823,156.645784
ATS,Non Energy Fossil Fuels,Indonesia,2015,442.263867,122.851074
ATS,Non Energy Fossil Fuels,Indonesia,2016,451.156254,125.321182
ATS,Non Energy Fossil Fuels,Indonesia,2017,854.453867,237.348296
ATS,Non Energy Fossil Fuels,Indonesia,2018,546.463857,151.795516
ATS,Non Energy Fossil Fuels,Indonesia,2019,594.011,165.003056
ATS,Non Energy Fossil Fuels,Indonesia,2020,470.662011,130.739448
ATS,Non Energy Fossil Fuels,Indonesia,2021,283.629658,78.786016
ATS,Non Energy Fossil Fuels,Indonesia,2022,336.097212,93.360337
ATS,Non Energy Fossil Fuels,Indonesia,2023,185.036463,51.399017
ATS,Non Energy Fossil Fuels,Indonesia,2024,186.167737,51.71326
ATS,Non Energy Fossil Fuels,Indonesia,2025,196.034627,54.454063
ATS,Non Energy Fossil Fuels,Indonesia,2026,208.384808,57.884669
ATS,Non Energy Fossil Fuels,Indonesia,2027,224.013669,62.226019
ATS,Non Energy Fossil Fuels,Indonesia,2028,241.262721,67.017422
ATS,Non Energy Fossil Fuels,Indonesia,2029,260.563739,72.378816
ATS,Non Energy Fossil Fuels,Indonesia,2030,281.408838,78.169122
ATS,Non Energy Fossil Fuels,Indonesia,2031,304.202954,84.500821
ATS,Non Energy Fossil Fuels,Indonesia,2032,329.147596,91.429888
ATS,Non Energy Fossil Fuels,Indonesia,2033,356.466847,99.018569
ATS,Non Energy Fossil Fuels,Indonesia,2034,386.766529,107.435147
ATS,Non Energy Fossil Fuels,Indonesia,2035,418.868151,116.352264
ATS,Non Energy Fossil Fuels,Indonesia,2036,452.587037,125.718621
ATS,Non Energy Fossil Fuels,Indonesia,2037,487.888826,135.524674
ATS,Non Energy Fossil Fuels,Indonesia,2038,524.968376,145.824549
ATS,Non Energy Fossil Fuels,Indonesia,2039,563.816036,156.615566
ATS,Non Energy Fossil Fuels,Indonesia,2040,604.410791,167.891886
ATS,Non Energy Fossil Fuels,Indonesia,2041,646.719546,179.644318
ATS,Non Energy Fossil Fuels,Indonesia,2042,690.696475,191.860132
ATS,Non Energy Fossil Fuels,Indonesia,2043,736.282443,204.522901
ATS,Non Energy Fossil Fuels,Indonesia,2044,783.77266,217.714628
ATS,Non Energy Fossil Fuels,Indonesia,2045,832.915206,231.365335
ATS,Non Energy Fossil Fuels,Indonesia,2046,883.723034,245.478621
ATS,Non Energy Fossil Fuels,Indonesia,2047,935.862693,259.961859
ATS,Non Energy Fossil Fuels,Indonesia,2048,989.206866,274.779685
ATS,Non Energy Fossil Fuels,Indonesia,2049,1043.217561,289.782656
ATS,Non Energy Fossil Fuels,Indonesia,2050,1097.673518,304.909311
ATS,Non Energy Fossil Fuels,Indonesia,2051,1152.447426,320.124285
ATS,Non Energy Fossil Fuels,Indonesia,2052,1207.188679,335.330189
ATS,Non Energy Fossil Fuels,Indonesia,2053,1261.753607,350.487113
ATS,Non Energy Fossil Fuels,Indonesia,2054,1315.756662,365.487962
ATS,Non Energy Fossil Fuels,Indonesia,2055,1369.044807,380.290224
ATS,Non Energy Fossil Fuels,Indonesia,2056,1421.205414,394.779282
ATS,Non Energy Fossil Fuels,Indonesia,2057,1472.368809,408.991336
ATS,Non Energy Fossil Fuels,Indonesia,2058,1522.429348,422.897041
ATS,Non Energy Fossil Fuels,Indonesia,2059,1571.147087,436.429746
ATS,Non Energy Fossil Fuels,Indonesia,2060,1618.2815,449.522639
ATS,Non Energy Fossil Fuels,Laos,2005,0.017585,0.004885
ATS,Non Energy Fossil Fuels,Laos,2006,0.021771,0.006047
ATS,Non Energy Fossil Fuels,Laos,2007,0.026377,0.007327
ATS,Non Energy Fossil Fuels,Laos,2008,0.03182,0.008839
ATS,Non Energy Fossil Fuels,Laos,2009,0.038937,0.010816
ATS,Non Energy Fossil Fuels,Laos,2010,0.054428,0.015119
ATS,Non Energy Fossil Fuels,Laos,2011,0.061965,0.017212
ATS,Non Energy Fossil Fuels,Laos,2012,0.070338,0.019538
ATS,Non Energy Fossil Fuels,Laos,2013,0.079968,0.022213
ATS,Non Energy Fossil Fuels,Laos,2014,0.090854,0.025237
ATS,Non Energy Fossil Fuels,Laos,2015,0.103414,0.028726
ATS,Non Energy Fossil Fuels,Laos,2016,0.110113,0.030587
ATS,Non Energy Fossil Fuels,Laos,2017,0.125604,0.03489
ATS,Non Energy Fossil Fuels,Laos,2018,0.129372,0.035937
ATS,Non Energy Fossil Fuels,Laos,2019,0.102577,0.028494
ATS,Non Energy Fossil Fuels,Laos,2020,0.136071,0.037797
ATS,Non Energy Fossil Fuels,Laos,2021,0.146957,0.040821
ATS,Non Energy Fossil Fuels,Laos,2022,0.132303,0.036751
ATS,Non Energy Fossil Fuels,Malaysia,2005,90.979164,25.27199
ATS,Non Energy Fossil Fuels,Malaysia,2006,118.025893,32.78497
ATS,Non Energy Fossil Fuels,Malaysia,2007,123.845543,34.40154
ATS,Non Energy Fossil Fuels,Malaysia,2008,120.454236,33.45951
ATS,Non Energy Fossil Fuels,Malaysia,2009,161.971094,44.991971
ATS,Non Energy Fossil Fuels,Malaysia,2010,154.744128,42.98448
ATS,Non Energy Fossil Fuels,Malaysia,2011,266.992236,74.16451
ATS,Non Energy Fossil Fuels,Malaysia,2012,313.769259,87.158128
ATS,Non Energy Fossil Fuels,Malaysia,2013,304.673436,84.63151
ATS,Non Energy Fossil Fuels,Malaysia,2014,260.225463,72.284851
ATS,Non Energy Fossil Fuels,Malaysia,2015,248.193504,68.94264
ATS,Non Energy Fossil Fuels,Malaysia,2016,365.544191,101.540053
ATS,Non Energy Fossil Fuels,Malaysia,2017,524.067199,145.574222
ATS,Non Energy Fossil Fuels,Malaysia,2018,555.253416,154.23706
ATS,Non Energy Fossil Fuels,Malaysia,2019,570.702708,158.52853
ATS,Non Energy Fossil Fuels,Malaysia,2020,494.233318,137.287033
ATS,Non Energy Fossil Fuels,Malaysia,2021,455.059943,126.40554
ATS,Non Energy Fossil Fuels,Malaysia,2022,300.737843,83.53829
ATS,Non Energy Fossil Fuels,Malaysia,2023,290.451137,80.680871
ATS,Non Energy Fossil Fuels,Malaysia,2024,344.246136,95.623927
ATS,Non Energy Fossil Fuels,Malaysia,2025,360.081611,100.02267
ATS,Non Energy Fossil Fuels,Malaysia,2026,375.945502,104.429306
ATS,Non Energy Fossil Fuels,Malaysia,2027,390.809197,108.55811
ATS,Non Energy Fossil Fuels,Malaysia,2028,406.292332,112.858981
ATS,Non Energy Fossil Fuels,Malaysia,2029,422.406271,117.335075
ATS,Non Energy Fossil Fuels,Malaysia,2030,440.196673,122.276854
ATS,Non Energy Fossil Fuels,Malaysia,2031,460.723405,127.978724
ATS,Non Energy Fossil Fuels,Malaysia,2032,478.971283,133.047579
ATS,Non Energy Fossil Fuels,Malaysia,2033,497.216319,138.115644
ATS,Non Energy Fossil Fuels,Malaysia,2034,515.464198,143.184499
ATS,Non Energy Fossil Fuels,Malaysia,2035,538.272625,149.520174
ATS,Non Energy Fossil Fuels,Malaysia,2036,561.081053,155.855848
ATS,Non Energy Fossil Fuels,Malaysia,2037,579.326088,160.923913
ATS,Non Energy Fossil Fuels,Malaysia,2038,602.134516,167.259588
ATS,Non Energy Fossil Fuels,Malaysia,2039,624.942942,173.595262
ATS,Non Energy Fossil Fuels,Malaysia,2040,647.75137,179.930936
ATS,Non Energy Fossil Fuels,Malaysia,2041,675.120346,187.533429
ATS,Non Energy Fossil Fuels,Malaysia,2042,697.928772,193.869103
ATS,Non Energy Fossil Fuels,Malaysia,2043,720.737199,200.204777
ATS,Non Energy Fossil Fuels,Malaysia,2044,748.106175,207.807271
ATS,Non Energy Fossil Fuels,Malaysia,2045,770.914601,214.142945
ATS,Non Energy Fossil Fuels,Malaysia,2046,798.283578,221.745438
ATS,Non Energy Fossil Fuels,Malaysia,2047,825.655394,229.348721
ATS,Non Energy Fossil Fuels,Malaysia,2048,853.02437,236.951214
ATS,Non Energy Fossil Fuels,Malaysia,2049,880.393346,244.553707
ATS,Non Energy Fossil Fuels,Malaysia,2050,903.201773,250.889381
ATS,Non Energy Fossil Fuels,Malaysia,2051,926.6011,257.389194
ATS,Non Energy Fossil Fuels,Malaysia,2052,950.606635,264.057399
ATS,Non Energy Fossil Fuels,Malaysia,2053,975.234084,270.898357
ATS,Non Energy Fossil Fuels,Malaysia,2054,1000.499559,277.916544
ATS,Non Energy Fossil Fuels,Malaysia,2055,1026.419587,285.116552
ATS,Non Energy Fossil Fuels,Malaysia,2056,1053.011129,292.503091
ATS,Non Energy Fossil Fuels,Malaysia,2057,1080.29158,300.080994
ATS,Non Energy Fossil Fuels,Malaysia,2058,1108.278787,307.855219
ATS,Non Energy Fossil Fuels,Malaysia,2059,1136.991062,315.830851
ATS,Non Energy Fossil Fuels,Malaysia,2060,1166.447188,324.013108
ATS,Non Energy Fossil Fuels,Myanmar,2005,3.90461,1.084614
ATS,Non Energy Fossil Fuels,Myanmar,2006,6.84165,1.900458
ATS,Non Energy Fossil Fuels,Myanmar,2007,7.651795,2.125499
ATS,Non Energy Fossil Fuels,Myanmar,2008,8.906999,2.474166
ATS,Non Energy Fossil Fuels,Myanmar,2009,6.747865,1.874407
ATS,Non Energy Fossil Fuels,Myanmar,2010,7.40049,2.055692
ATS,Non Energy Fossil Fuels,Myanmar,2011,12.84887,3.569131
ATS,Non Energy Fossil Fuels,Myanmar,2012,11.841108,3.289197
ATS,Non Energy Fossil Fuels,Myanmar,2013,13.555602,3.765445
ATS,Non Energy Fossil Fuels,Myanmar,2014,17.945462,4.984851
ATS,Non Energy Fossil Fuels,Myanmar,2015,17.856283,4.960079
ATS,Non Energy Fossil Fuels,Myanmar,2016,22.159895,6.155526
ATS,Non Energy Fossil Fuels,Myanmar,2017,22.052574,6.125715
ATS,Non Energy Fossil Fuels,Myanmar,2018,21.945252,6.095903
ATS,Non Energy Fossil Fuels,Myanmar,2019,21.840114,6.066698
ATS,Non Energy Fossil Fuels,Myanmar,2020,16.941487,4.705969
ATS,Non Energy Fossil Fuels,Myanmar,2021,12.226745,3.396318
ATS,Non Energy Fossil Fuels,Myanmar,2022,12.380368,3.438991
ATS,Non Energy Fossil Fuels,Myanmar,2023,4.213595,1.170443
ATS,Non Energy Fossil Fuels,Myanmar,2024,4.213595,1.170443
ATS,Non Energy Fossil Fuels,Myanmar,2025,4.306281,1.196189
ATS,Non Energy Fossil Fuels,Myanmar,2026,4.393235,1.220343
ATS,Non Energy Fossil Fuels,Myanmar,2027,4.482104,1.245029
ATS,Non Energy Fossil Fuels,Myanmar,2028,4.572549,1.270152
ATS,Non Energy Fossil Fuels,Myanmar,2029,4.664601,1.295722
ATS,Non Energy Fossil Fuels,Myanmar,2030,4.692071,1.303353
ATS,Non Energy Fossil Fuels,Myanmar,2031,4.827955,1.341099
ATS,Non Energy Fossil Fuels,Myanmar,2032,4.967763,1.379934
ATS,Non Energy Fossil Fuels,Myanmar,2033,5.111635,1.419899
ATS,Non Energy Fossil Fuels,Myanmar,2034,5.259663,1.461017
ATS,Non Energy Fossil Fuels,Myanmar,2035,5.411986,1.503329
ATS,Non Energy Fossil Fuels,Myanmar,2036,5.570242,1.547289
ATS,Non Energy Fossil Fuels,Myanmar,2037,5.733149,1.592541
ATS,Non Energy Fossil Fuels,Myanmar,2038,5.900798,1.639111
ATS,Non Energy Fossil Fuels,Myanmar,2039,6.073362,1.687045
ATS,Non Energy Fossil Fuels,Myanmar,2040,6.250961,1.736378
ATS,Non Energy Fossil Fuels,Myanmar,2041,6.436115,1.78781
ATS,Non Energy Fossil Fuels,Myanmar,2042,6.62677,1.840769
ATS,Non Energy Fossil Fuels,Myanmar,2043,6.823064,1.895296
ATS,Non Energy Fossil Fuels,Myanmar,2044,7.025166,1.951435
ATS,Non Energy Fossil Fuels,Myanmar,2045,7.233265,2.00924
ATS,Non Energy Fossil Fuels,Myanmar,2046,7.456427,2.07123
ATS,Non Energy Fossil Fuels,Myanmar,2047,7.686464,2.135129
ATS,Non Energy Fossil Fuels,Myanmar,2048,7.923608,2.201002
ATS,Non Energy Fossil Fuels,Myanmar,2049,8.168076,2.26891
ATS,Non Energy Fossil Fuels,Myanmar,2050,8.420084,2.338912
ATS,Non Energy Fossil Fuels,Myanmar,2051,8.679866,2.411074
ATS,Non Energy Fossil Fuels,Myanmar,2052,8.947664,2.485462
ATS,Non Energy Fossil Fuels,Myanmar,2053,9.223724,2.562146
ATS,Non Energy Fossil Fuels,Myanmar,2054,9.508301,2.641195
ATS,Non Energy Fossil Fuels,Myanmar,2055,9.801657,2.722682
ATS,Non Energy Fossil Fuels,Myanmar,2056,10.104066,2.806685
ATS,Non Energy Fossil Fuels,Myanmar,2057,10.415804,2.893279
ATS,Non Energy Fossil Fuels,Myanmar,2058,10.737159,2.982544
ATS,Non Energy Fossil Fuels,Myanmar,2059,11.068429,3.074564
ATS,Non Energy Fossil Fuels,Myanmar,2060,11.409921,3.169423
ATS,Non Energy Fossil Fuels,Philippines,2005,7.828479,2.174577
ATS,Non Energy Fossil Fuels,Philippines,2006,9.377595,2.604887
ATS,Non Energy Fossil Fuels,Philippines,2007,11.676148,3.243374
ATS,Non Energy Fossil Fuels,Philippines,2008,10.099399,2.805389
ATS,Non Energy Fossil Fuels,Philippines,2009,11.162427,3.100674
ATS,Non Energy Fossil Fuels,Philippines,2010,9.207611,2.55767
ATS,Non Energy Fossil Fuels,Philippines,2011,9.197144,2.554762
ATS,Non Energy Fossil Fuels,Philippines,2012,11.926937,3.313038
ATS,Non Energy Fossil Fuels,Philippines,2013,17.907781,4.974384
ATS,Non Energy Fossil Fuels,Philippines,2014,25.311299,7.030916
ATS,Non Energy Fossil Fuels,Philippines,2015,49.358603,13.710723
ATS,Non Energy Fossil Fuels,Philippines,2016,54.677514,15.188198
ATS,Non Energy Fossil Fuels,Philippines,2017,67.556168,18.765602
ATS,Non Energy Fossil Fuels,Philippines,2018,59.588534,16.552371
ATS,Non Energy Fossil Fuels,Philippines,2019,47.588844,13.219123
ATS,Non Energy Fossil Fuels,Philippines,2020,57.448339,15.957872
ATS,Non Energy Fossil Fuels,Philippines,2021,68.762329,19.100647
ATS,Non Energy Fossil Fuels,Philippines,2022,53.964503,14.99014
ATS,Non Energy Fossil Fuels,Philippines,2023,59.413205,16.503668
ATS,Non Energy Fossil Fuels,Philippines,2024,59.413205,16.503668
ATS,Non Energy Fossil Fuels,Philippines,2025,63.096657,17.526849
ATS,Non Energy Fossil Fuels,Philippines,2026,67.00056,18.611267
ATS,Non Energy Fossil Fuels,Philippines,2027,71.23218,19.786717
ATS,Non Energy Fossil Fuels,Philippines,2028,75.737143,21.038095
ATS,Non Energy Fossil Fuels,Philippines,2029,80.582671,22.384075
ATS,Non Energy Fossil Fuels,Philippines,2030,84.562202,23.489501
ATS,Non Energy Fossil Fuels,Philippines,2031,88.70732,24.640922
ATS,Non Energy Fossil Fuels,Philippines,2032,93.681364,26.022601
ATS,Non Energy Fossil Fuels,Philippines,2033,97.826483,27.174023
ATS,Non Energy Fossil Fuels,Philippines,2034,102.801021,28.555839
ATS,Non Energy Fossil Fuels,Philippines,2035,106.94614,29.707261
ATS,Non Energy Fossil Fuels,Philippines,2036,111.920183,31.08894
ATS,Non Energy Fossil Fuels,Philippines,2037,116.894721,32.470756
ATS,Non Energy Fossil Fuels,Philippines,2038,121.868766,33.852435
ATS,Non Energy Fossil Fuels,Philippines,2039,127.672228,35.464508
ATS,Non Energy Fossil Fuels,Philippines,2040,132.646272,36.846187
ATS,Non Energy Fossil Fuels,Philippines,2041,138.449734,38.458259
ATS,Non Energy Fossil Fuels,Philippines,2042,144.252703,40.070195
ATS,Non Energy Fossil Fuels,Philippines,2043,150.056166,41.682268
ATS,Non Energy Fossil Fuels,Philippines,2044,155.859135,43.294204
ATS,Non Energy Fossil Fuels,Philippines,2045,161.662597,44.906277
ATS,Non Energy Fossil Fuels,Philippines,2046,167.466061,46.51835
ATS,Non Energy Fossil Fuels,Philippines,2047,174.097953,48.360543
ATS,Non Energy Fossil Fuels,Philippines,2048,180.730342,50.202873
ATS,Non Energy Fossil Fuels,Philippines,2049,186.533804,51.814946
ATS,Non Energy Fossil Fuels,Philippines,2050,193.166191,53.657275
ATS,Non Energy Fossil Fuels,Philippines,2051,200.0344,55.565111
ATS,Non Energy Fossil Fuels,Philippines,2052,207.146815,57.540782
ATS,Non Energy Fossil Fuels,Philippines,2053,214.512118,59.586699
ATS,Non Energy Fossil Fuels,Philippines,2054,222.139301,61.705361
ATS,Non Energy Fossil Fuels,Philippines,2055,230.037676,63.899354
ATS,Non Energy Fossil Fuels,Philippines,2056,238.216887,66.171357
ATS,Non Energy Fossil Fuels,Philippines,2057,246.686915,68.524143
ATS,Non Energy Fossil Fuels,Philippines,2058,255.458104,70.960584
ATS,Non Energy Fossil Fuels,Philippines,2059,264.541162,73.483656
ATS,Non Energy Fossil Fuels,Philippines,2060,273.947175,76.096438
ATS,Non Energy Fossil Fuels,Singapore,2005,264.8151,73.55975
ATS,Non Energy Fossil Fuels,Singapore,2006,269.294976,74.80416
ATS,Non Energy Fossil Fuels,Singapore,2007,299.942352,83.31732
ATS,Non Energy Fossil Fuels,Singapore,2008,165.420468,45.95013
ATS,Non Energy Fossil Fuels,Singapore,2009,169.607268,47.11313
ATS,Non Energy Fossil Fuels,Singapore,2010,229.2273,63.67425
ATS,Non Energy Fossil Fuels,Singapore,2011,255.436668,70.95463
ATS,Non Energy Fossil Fuels,Singapore,2012,243.04374,67.51215
ATS,Non Energy Fossil Fuels,Singapore,2013,262.51236,72.9201
ATS,Non Energy Fossil Fuels,Singapore,2014,279.67824,77.6884
ATS,Non Energy Fossil Fuels,Singapore,2015,303.626736,84.34076
ATS,Non Energy Fossil Fuels,Singapore,2016,492.242076,136.73391
ATS,Non Energy Fossil Fuels,Singapore,2017,534.44502,148.45695
ATS,Non Energy Fossil Fuels,Singapore,2018,323.84898,89.95805
ATS,Non Energy Fossil Fuels,Singapore,2019,310.534956,86.25971
ATS,Non Energy Fossil Fuels,Singapore,2020,297.220932,82.56137
ATS,Non Energy Fossil Fuels,Singapore,2021,283.906908,78.86303
ATS,Non Energy Fossil Fuels,Singapore,2022,296.11478,82.254106
ATS,Non Energy Fossil Fuels,Singapore,2023,296.11478,82.254106
ATS,Non Energy Fossil Fuels,Singapore,2024,296.11478,82.254106
ATS,Non Energy Fossil Fuels,Singapore,2025,303.813647,84.39268
ATS,Non Energy Fossil Fuels,Singapore,2026,311.478839,86.5219
ATS,Non Energy Fossil Fuels,Singapore,2027,319.225444,88.673734
ATS,Non Energy Fossil Fuels,Singapore,2028,327.151532,90.875426
ATS,Non Energy Fossil Fuels,Singapore,2029,335.333707,93.148252
ATS,Non Energy Fossil Fuels,Singapore,2030,345.294052,95.915014
ATS,Non Energy Fossil Fuels,Singapore,2031,355.254766,98.681879
ATS,Non Energy Fossil Fuels,Singapore,2032,365.215111,101.448642
ATS,Non Energy Fossil Fuels,Singapore,2033,374.511186,104.030885
ATS,Non Energy Fossil Fuels,Singapore,2034,384.473382,106.798162
ATS,Non Energy Fossil Fuels,Singapore,2035,395.097996,109.749443
ATS,Non Energy Fossil Fuels,Singapore,2036,405.71891,112.699697
ATS,Non Energy Fossil Fuels,Singapore,2037,416.343525,115.650979
ATS,Non Energy Fossil Fuels,Singapore,2038,426.968139,118.602261
ATS,Non Energy Fossil Fuels,Singapore,2039,438.258873,121.738576
ATS,Non Energy Fossil Fuels,Singapore,2040,448.883487,124.689858
ATS,Non Energy Fossil Fuels,Singapore,2041,460.170522,127.825145
ATS,Non Energy Fossil Fuels,Singapore,2042,470.795137,130.776427
ATS,Non Energy Fossil Fuels,Singapore,2043,482.08217,133.911714
ATS,Non Energy Fossil Fuels,Singapore,2044,493.372905,137.048029
ATS,Non Energy Fossil Fuels,Singapore,2045,503.99752,139.999311
ATS,Non Energy Fossil Fuels,Singapore,2046,515.950675,143.319632
ATS,Non Energy Fossil Fuels,Singapore,2047,527.237708,146.454919
ATS,Non Energy Fossil Fuels,Singapore,2048,539.190862,149.775239
ATS,Non Energy Fossil Fuels,Singapore,2049,551.144014,153.095559
ATS,Non Energy Fossil Fuels,Singapore,2050,563.093469,156.414852
ATS,Non Energy Fossil Fuels,Singapore,2051,575.302,159.806111
ATS,Non Energy Fossil Fuels,Singapore,2052,587.775227,163.270896
ATS,Non Energy Fossil Fuels,Singapore,2053,600.518888,166.810802
ATS,Non Energy Fossil Fuels,Singapore,2054,613.538847,170.427458
ATS,Non Energy Fossil Fuels,Singapore,2055,626.841095,174.122526
ATS,Non Energy Fossil Fuels,Singapore,2056,640.431749,177.897708
ATS,Non Energy Fossil Fuels,Singapore,2057,654.317067,181.754741
ATS,Non Energy Fossil Fuels,Singapore,2058,668.503433,185.695398
ATS,Non Energy Fossil Fuels,Singapore,2059,682.997377,189.721494
ATS,Non Energy Fossil Fuels,Singapore,2060,697.805568,193.83488
ATS,Non Energy Fossil Fuels,Thailand,2005,178.172388,49.49233
ATS,Non Energy Fossil Fuels,Thailand,2006,150.766668,41.87963
ATS,Non Energy Fossil Fuels,Thailand,2007,209.214396,58.11511
ATS,Non Energy Fossil Fuels,Thailand,2008,224.30631,62.307308
ATS,Non Energy Fossil Fuels,Thailand,2009,569.530403,158.20289
ATS,Non Energy Fossil Fuels,Thailand,2010,596.894248,165.803958
ATS,Non Energy Fossil Fuels,Thailand,2011,700.284168,194.52338
ATS,Non Energy Fossil Fuels,Thailand,2012,700.828453,194.67457
ATS,Non Energy Fossil Fuels,Thailand,2013,901.215077,250.337521
ATS,Non Energy Fossil Fuels,Thailand,2014,451.549662,125.430462
ATS,Non Energy Fossil Fuels,Thailand,2015,390.754045,108.54279
ATS,Non Energy Fossil Fuels,Thailand,2016,424.33218,117.87005
ATS,Non Energy Fossil Fuels,Thailand,2017,402.686425,111.85734
ATS,Non Energy Fossil Fuels,Thailand,2018,496.67228,137.964522
ATS,Non Energy Fossil Fuels,Thailand,2019,495.515457,137.643182
ATS,Non Energy Fossil Fuels,Thailand,2020,383.594616,106.55406
ATS,Non Energy Fossil Fuels,Thailand,2021,466.744464,129.65124
ATS,Non Energy Fossil Fuels,Thailand,2022,393.894144,109.41504
ATS,Non Energy Fossil Fuels,Thailand,2023,396.07128,110.0198
ATS,Non Energy Fossil Fuels,Thailand,2024,447.35958,124.26655
ATS,Non Energy Fossil Fuels,Thailand,2025,460.781574,127.994882
ATS,Non Energy Fossil Fuels,Thailand,2026,474.622825,131.839674
ATS,Non Energy Fossil Fuels,Thailand,2027,488.765597,135.768221
ATS,Non Energy Fossil Fuels,Thailand,2028,503.278809,139.799669
ATS,Non Energy Fossil Fuels,Thailand,2029,518.26584,143.962733
ATS,Non Energy Fossil Fuels,Thailand,2030,537.821634,149.394898
ATS,Non Energy Fossil Fuels,Thailand,2031,557.380298,154.827861
ATS,Non Energy Fossil Fuels,Thailand,2032,581.826475,161.618465
ATS,Non Energy Fossil Fuels,Thailand,2033,601.382267,167.05063
ATS,Non Energy Fossil Fuels,Thailand,2034,625.828445,173.841235
ATS,Non Energy Fossil Fuels,Thailand,2035,650.274622,180.631839
ATS,Non Energy Fossil Fuels,Thailand,2036,674.72367,187.423242
ATS,Non Energy Fossil Fuels,Thailand,2037,699.169847,194.213846
ATS,Non Energy Fossil Fuels,Thailand,2038,723.616023,201.004451
ATS,Non Energy Fossil Fuels,Thailand,2039,752.952584,209.153496
ATS,Non Energy Fossil Fuels,Thailand,2040,777.398761,215.9441
ATS,Non Energy Fossil Fuels,Thailand,2041,806.732451,224.092347
ATS,Non Energy Fossil Fuels,Thailand,2042,836.069011,232.241392
ATS,Non Energy Fossil Fuels,Thailand,2043,865.405572,240.390437
ATS,Non Energy Fossil Fuels,Thailand,2044,894.739261,248.538684
ATS,Non Energy Fossil Fuels,Thailand,2045,924.075822,256.687728
ATS,Non Energy Fossil Fuels,Thailand,2046,953.412383,264.836773
ATS,Non Energy Fossil Fuels,Thailand,2047,987.636456,274.34346
ATS,Non Energy Fossil Fuels,Thailand,2048,1021.863402,283.850945
ATS,Non Energy Fossil Fuels,Thailand,2049,1051.19709,291.999192
ATS,Non Energy Fossil Fuels,Thailand,2050,1085.424036,301.506677
ATS,Non Energy Fossil Fuels,Thailand,2051,1120.765409,311.323725
ATS,Non Energy Fossil Fuels,Thailand,2052,1157.257496,321.460416
ATS,Non Energy Fossil Fuels,Thailand,2053,1194.937764,331.927157
ATS,Non Energy Fossil Fuels,Thailand,2054,1233.844901,342.734695
ATS,Non Energy Fossil Fuels,Thailand,2055,1274.018853,353.894126
ATS,Non Energy Fossil Fuels,Thailand,2056,1315.500867,365.416907
ATS,Non Energy Fossil Fuels,Thailand,2057,1358.333535,377.314871
ATS,Non Energy Fossil Fuels,Thailand,2058,1402.560832,389.600231
ATS,Non Energy Fossil Fuels,Thailand,2059,1448.228171,402.285603
ATS,Non Energy Fossil Fuels,Thailand,2060,1495.382435,415.38401
ATS,Non Energy Fossil Fuels,Vietnam,2005,12.602268,3.50063
ATS,Non Energy Fossil Fuels,Vietnam,2006,16.454124,4.57059
ATS,Non Energy Fossil Fuels,Vietnam,2007,33.536268,9.31563
ATS,Non Energy Fossil Fuels,Vietnam,2008,26.628048,7.39668
ATS,Non Energy Fossil Fuels,Vietnam,2009,25.581348,7.10593
ATS,Non Energy Fossil Fuels,Vietnam,2010,77.078988,21.41083
ATS,Non Energy Fossil Fuels,Vietnam,2011,26.041896,7.23386
ATS,Non Energy Fossil Fuels,Vietnam,2012,29.475072,8.18752
ATS,Non Energy Fossil Fuels,Vietnam,2013,42.07734,11.68815
ATS,Non Energy Fossil Fuels,Vietnam,2014,51.246432,14.23512
ATS,Non Energy Fossil Fuels,Vietnam,2015,29.265732,8.12937
ATS,Non Energy Fossil Fuels,Vietnam,2016,27.507275,7.64091
ATS,Non Energy Fossil Fuels,Vietnam,2017,26.293104,7.30364
ATS,Non Energy Fossil Fuels,Vietnam,2018,105.065692,29.184914
ATS,Non Energy Fossil Fuels,Vietnam,2019,108.651647,30.181013
ATS,Non Energy Fossil Fuels,Vietnam,2020,109.585304,30.440362
ATS,Non Energy Fossil Fuels,Vietnam,2021,157.85492,43.848589
ATS,Non Energy Fossil Fuels,Vietnam,2022,140.631926,39.064424
ATS,Non Energy Fossil Fuels,Vietnam,2023,150.982732,41.939648
ATS,Non Energy Fossil Fuels,Vietnam,2024,150.982732,41.939648
ATS,Non Energy Fossil Fuels,Vietnam,2025,160.343959,44.539989
ATS,Non Energy Fossil Fuels,Vietnam,2026,170.766182,47.435051
ATS,Non Energy Fossil Fuels,Vietnam,2027,181.865655,50.518237
ATS,Non Energy Fossil Fuels,Vietnam,2028,193.686981,53.801939
ATS,Non Energy Fossil Fuels,Vietnam,2029,206.276827,57.299119
ATS,Non Energy Fossil Fuels,Vietnam,2030,216.479177,60.133105
ATS,Non Energy Fossil Fuels,Vietnam,2031,227.31833,63.143981
ATS,Non Energy Fossil Fuels,Vietnam,2032,238.477958,66.243877
ATS,Non Energy Fossil Fuels,Vietnam,2033,249.954952,69.431931
ATS,Non Energy Fossil Fuels,Vietnam,2034,262.389227,72.885896
ATS,Non Energy Fossil Fuels,Vietnam,2035,274.822464,76.339573
ATS,Non Energy Fossil Fuels,Vietnam,2036,287.894581,79.970717
ATS,Non Energy Fossil Fuels,Vietnam,2037,301.285098,83.690305
ATS,Non Energy Fossil Fuels,Vietnam,2038,315.313457,87.587071
ATS,Non Energy Fossil Fuels,Vietnam,2039,328.384536,91.217927
ATS,Non Energy Fossil Fuels,Vietnam,2040,344.325381,95.645939
ATS,Non Energy Fossil Fuels,Vietnam,2041,360.267265,100.07424
ATS,Non Energy Fossil Fuels,Vietnam,2042,376.20811,104.502253
ATS,Non Energy Fossil Fuels,Vietnam,2043,392.148958,108.930266
ATS,Non Energy Fossil Fuels,Vietnam,2044,408.089804,113.358279
ATS,Non Energy Fossil Fuels,Vietnam,2045,424.030649,117.786291
ATS,Non Energy Fossil Fuels,Vietnam,2046,439.971494,122.214304
ATS,Non Energy Fossil Fuels,Vietnam,2047,455.91234,126.642317
ATS,Non Energy Fossil Fuels,Vietnam,2048,475.042394,131.956221
ATS,Non Energy Fossil Fuels,Vietnam,2049,490.983239,136.384233
ATS,Non Energy Fossil Fuels,Vietnam,2050,510.112252,141.697848
ATS,Non Energy Fossil Fuels,Vietnam,2051,529.986547,147.218485
ATS,Non Energy Fossil Fuels,Vietnam,2052,550.635155,152.95421
ATS,Non Energy Fossil Fuels,Vietnam,2053,572.088246,158.913402
ATS,Non Energy Fossil Fuels,Vietnam,2054,594.377163,165.104768
ATS,Non Energy Fossil Fuels,Vietnam,2055,617.534472,171.537353
ATS,Non Energy Fossil Fuels,Vietnam,2056,641.594001,178.220556
ATS,Non Energy Fossil Fuels,Vietnam,2057,666.590906,185.164141
ATS,Non Energy Fossil Fuels,Vietnam,2058,692.561707,192.378252
ATS,Non Energy Fossil Fuels,Vietnam,2059,719.544344,199.873429
ATS,Non Energy Fossil Fuels,Vietnam,2060,747.578245,207.660624
ATS,Residential,Brunei,2005,5.819652,1.61657
ATS,Residential,Brunei,2006,5.777784,1.60494
ATS,Residential,Brunei,2007,6.07086,1.68635
ATS,Residential,Brunei,2008,6.363936,1.76776
ATS,Residential,Brunei,2009,6.48954,1.80265
ATS,Residential,Brunei,2010,6.657012,1.84917
ATS,Residential,Brunei,2011,6.866352,1.90732
ATS,Residential,Brunei,2012,6.615144,1.83754
ATS,Residential,Brunei,2013,6.531408,1.81428
ATS,Residential,Brunei,2014,6.363936,1.76776
ATS,Residential,Brunei,2015,6.531408,1.81428
ATS,Residential,Brunei,2016,6.531408,1.81428
ATS,Residential,Brunei,2017,6.143878,1.706633
ATS,Residential,Brunei,2018,6.345263,1.762573
ATS,Residential,Brunei,2019,6.410284,1.780634
ATS,Residential,Brunei,2020,6.684645,1.856846
ATS,Residential,Brunei,2021,6.666935,1.851926
ATS,Residential,Brunei,2022,6.488912,1.802476
ATS,Residential,Brunei,2023,6.412504,1.781251
ATS,Residential,Brunei,2024,5.711381,1.586495
ATS,Residential,Brunei,2025,8.812913,2.448031
ATS,Residential,Brunei,2026,8.081456,2.244849
ATS,Residential,Brunei,2027,7.319941,2.033317
ATS,Residential,Brunei,2028,6.562045,1.82279
ATS,Residential,Brunei,2029,5.800211,1.61117
ATS,Residential,Brunei,2030,5.631141,1.564206
ATS,Residential,Brunei,2031,5.562815,1.545226
ATS,Residential,Brunei,2032,5.374916,1.493032
ATS,Residential,Brunei,2033,5.278745,1.466318
ATS,Residential,Brunei,2034,5.177442,1.438178
ATS,Residential,Brunei,2035,4.982575,1.384049
ATS,Residential,Brunei,2036,4.960016,1.377782
ATS,Residential,Brunei,2037,4.841191,1.344775
ATS,Residential,Brunei,2038,4.826563,1.340712
ATS,Residential,Brunei,2039,4.809021,1.335839
ATS,Residential,Brunei,2040,4.780134,1.327815
ATS,Residential,Brunei,2041,4.749188,1.319219
ATS,Residential,Brunei,2042,4.791774,1.331048
ATS,Residential,Brunei,2043,4.749175,1.319215
ATS,Residential,Brunei,2044,4.701894,1.306082
ATS,Residential,Brunei,2045,4.654324,1.292868
ATS,Residential,Brunei,2046,4.676947,1.299152
ATS,Residential,Brunei,2047,4.617866,1.282741
ATS,Residential,Brunei,2048,4.626859,1.285239
ATS,Residential,Brunei,2049,4.559751,1.266597
ATS,Residential,Brunei,2050,4.487996,1.246666
ATS,Residential,Brunei,2051,4.43989,1.233303
ATS,Residential,Brunei,2052,4.382156,1.217266
ATS,Residential,Brunei,2053,4.315227,1.198674
ATS,Residential,Brunei,2054,4.24402,1.178894
ATS,Residential,Brunei,2055,4.167913,1.157754
ATS,Residential,Brunei,2056,4.133346,1.148152
ATS,Residential,Brunei,2057,4.124765,1.145768
ATS,Residential,Brunei,2058,4.115511,1.143197
ATS,Residential,Brunei,2059,4.105822,1.140506
ATS,Residential,Brunei,2060,4.096149,1.137819
ATS,Residential,Cambodia,2005,32.112756,8.92021
ATS,Residential,Cambodia,2006,32.489568,9.02488
ATS,Residential,Cambodia,2007,32.86638,9.12955
ATS,Residential,Cambodia,2008,33.07572,9.1877
ATS,Residential,Cambodia,2009,37.26252,10.3507
ATS,Residential,Cambodia,2010,41.03064,11.3974
ATS,Residential,Cambodia,2011,38.979108,10.82753
ATS,Residential,Cambodia,2012,38.602296,10.72286
ATS,Residential,Cambodia,2013,37.6812,10.467
ATS,Residential,Cambodia,2014,38.30922,10.64145
ATS,Residential,Cambodia,2015,38.058012,10.57167
ATS,Residential,Cambodia,2016,40.946904,11.37414
ATS,Residential,Cambodia,2017,43.207776,12.00216
ATS,Residential,Cambodia,2018,45.383991,12.606664
ATS,Residential,Cambodia,2019,60.071369,16.686491
ATS,Residential,Cambodia,2020,43.809879,12.169411
ATS,Residential,Cambodia,2021,48.399155,13.44421
ATS,Residential,Cambodia,2022,54.740024,15.205562
ATS,Residential,Cambodia,2023,65.302441,18.139567
ATS,Residential,Cambodia,2024,69.186451,19.218459
ATS,Residential,Cambodia,2025,82.685081,22.968078
ATS,Residential,Cambodia,2026,77.123742,21.423262
ATS,Residential,Cambodia,2027,71.704181,19.917828
ATS,Residential,Cambodia,2028,66.52899,18.480275
ATS,Residential,Cambodia,2029,61.658133,17.127259
ATS,Residential,Cambodia,2030,59.085433,16.41262
ATS,Residential,Cambodia,2031,57.96839,16.102331
ATS,Residential,Cambodia,2032,56.870569,15.79738
ATS,Residential,Cambodia,2033,55.806228,15.50173
ATS,Residential,Cambodia,2034,54.796395,15.221221
ATS,Residential,Cambodia,2035,53.859807,14.961057
ATS,Residential,Cambodia,2036,53.233281,14.787023
ATS,Residential,Cambodia,2037,52.73725,14.649236
ATS,Residential,Cambodia,2038,52.979639,14.716566
ATS,Residential,Cambodia,2039,53.26655,14.796264
ATS,Residential,Cambodia,2040,53.594394,14.887332
ATS,Residential,Cambodia,2041,54.035053,15.009737
ATS,Residential,Cambodia,2042,54.505004,15.140279
ATS,Residential,Cambodia,2043,55.006047,15.279457
ATS,Residential,Cambodia,2044,55.510594,15.419609
ATS,Residential,Cambodia,2045,56.005177,15.556994
ATS,Residential,Cambodia,2046,56.486271,15.690631
ATS,Residential,Cambodia,2047,56.958925,15.821924
ATS,Residential,Cambodia,2048,57.420313,15.950087
ATS,Residential,Cambodia,2049,57.873054,16.075848
ATS,Residential,Cambodia,2050,58.336037,16.204455
ATS,Residential,Cambodia,2051,58.775529,16.326536
ATS,Residential,Cambodia,2052,59.206115,16.446143
ATS,Residential,Cambodia,2053,59.622633,16.561843
ATS,Residential,Cambodia,2054,60.029677,16.67491
ATS,Residential,Cambodia,2055,60.430169,16.786158
ATS,Residential,Cambodia,2056,60.816621,16.893506
ATS,Residential,Cambodia,2057,61.198541,16.999595
ATS,Residential,Cambodia,2058,61.560931,17.100259
ATS,Residential,Cambodia,2059,61.913418,17.198172
ATS,Residential,Cambodia,2060,62.257776,17.293827
ATS,Residential,Indonesia,2005,1045.822405,290.506224
ATS,Residential,Indonesia,2006,971.143877,269.762188
ATS,Residential,Indonesia,2007,944.675262,262.409795
ATS,Residential,Indonesia,2008,887.633462,246.564851
ATS,Residential,Indonesia,2009,835.743267,232.150908
ATS,Residential,Indonesia,2010,840.346821,233.429673
ATS,Residential,Indonesia,2011,845.964083,234.990023
ATS,Residential,Indonesia,2012,858.920345,238.588985
ATS,Residential,Indonesia,2013,869.199902,241.444417
ATS,Residential,Indonesia,2014,889.721586,247.144885
ATS,Residential,Indonesia,2015,843.306721,234.251867
ATS,Residential,Indonesia,2016,844.116951,234.476931
ATS,Residential,Indonesia,2017,838.968569,233.046825
ATS,Residential,Indonesia,2018,881.898969,244.971936
ATS,Residential,Indonesia,2019,859.668862,238.796906
ATS,Residential,Indonesia,2020,899.456231,249.848953
ATS,Residential,Indonesia,2021,872.408331,242.335647
ATS,Residential,Indonesia,2022,943.937004,262.204723
ATS,Residential,Indonesia,2023,982.444134,272.901148
ATS,Residential,Indonesia,2024,1028.745662,285.762684
ATS,Residential,Indonesia,2025,1196.986778,332.496327
ATS,Residential,Indonesia,2026,1171.593282,325.442578
ATS,Residential,Indonesia,2027,1143.806751,317.724098
ATS,Residential,Indonesia,2028,1126.971466,313.047629
ATS,Residential,Indonesia,2029,1115.762879,309.934133
ATS,Residential,Indonesia,2030,1103.377841,306.493845
ATS,Residential,Indonesia,2031,1103.233227,306.453674
ATS,Residential,Indonesia,2032,1102.356082,306.210023
ATS,Residential,Indonesia,2033,1100.96296,305.823044
ATS,Residential,Indonesia,2034,1099.485208,305.412558
ATS,Residential,Indonesia,2035,1098.145449,305.040402
ATS,Residential,Indonesia,2036,1101.616549,306.004597
ATS,Residential,Indonesia,2037,1099.05044,305.291789
ATS,Residential,Indonesia,2038,1100.76586,305.768294
ATS,Residential,Indonesia,2039,1102.386472,306.218464
ATS,Residential,Indonesia,2040,1103.767303,306.602029
ATS,Residential,Indonesia,2041,1106.187998,307.274444
ATS,Residential,Indonesia,2042,1108.14205,307.817236
ATS,Residential,Indonesia,2043,1114.623557,309.617655
ATS,Residential,Indonesia,2044,1121.903871,311.639964
ATS,Residential,Indonesia,2045,1128.92,313.588889
ATS,Residential,Indonesia,2046,1135.323845,315.367735
ATS,Residential,Indonesia,2047,1141.061471,316.96152
ATS,Residential,Indonesia,2048,1146.270124,318.408368
ATS,Residential,Indonesia,2049,1151.442638,319.845177
ATS,Residential,Indonesia,2050,1156.17803,321.160564
ATS,Residential,Indonesia,2051,1164.461529,323.461536
ATS,Residential,Indonesia,2052,1172.492161,325.692267
ATS,Residential,Indonesia,2053,1180.330842,327.869678
ATS,Residential,Indonesia,2054,1187.939411,329.98317
ATS,Residential,Indonesia,2055,1195.277488,332.021524
ATS,Residential,Indonesia,2056,1202.35708,333.988078
ATS,Residential,Indonesia,2057,1209.147639,335.874344
ATS,Residential,Indonesia,2058,1215.704724,337.695757
ATS,Residential,Indonesia,2059,1222.003793,339.445498
ATS,Residential,Indonesia,2060,1228.125245,341.145901
ATS,Residential,Laos,2005,45.719648,12.699902
ATS,Residential,Laos,2006,46.974975,13.048604
ATS,Residential,Laos,2007,50.905459,14.140405
ATS,Residential,Laos,2008,54.87756,15.243767
ATS,Residential,Laos,2009,53.970993,14.991943
ATS,Residential,Laos,2010,53.16139,14.767053
ATS,Residential,Laos,2011,52.116198,14.476722
ATS,Residential,Laos,2012,51.40105,14.278069
ATS,Residential,Laos,2013,50.43997,14.011103
ATS,Residential,Laos,2014,51.44003,14.288897
ATS,Residential,Laos,2015,52.520434,14.589009
ATS,Residential,Laos,2016,52.824017,14.673338
ATS,Residential,Laos,2017,52.95226,14.708961
ATS,Residential,Laos,2018,53.044704,14.73464
ATS,Residential,Laos,2019,53.946416,14.985116
ATS,Residential,Laos,2020,53.891318,14.969811
ATS,Residential,Laos,2021,54.161366,15.044824
ATS,Residential,Laos,2022,53.802473,14.945131
ATS,Residential,Laos,2023,55.310475,15.364021
ATS,Residential,Laos,2024,55.57014,15.43615
ATS,Residential,Laos,2025,61.547407,17.096502
ATS,Residential,Laos,2026,60.514914,16.809698
ATS,Residential,Laos,2027,59.400744,16.500207
ATS,Residential,Laos,2028,58.20513,16.168092
ATS,Residential,Laos,2029,57.466186,15.962829
ATS,Residential,Laos,2030,56.629126,15.730313
ATS,Residential,Laos,2031,56.352914,15.653587
ATS,Residential,Laos,2032,56.03885,15.566347
ATS,Residential,Laos,2033,55.689973,15.469437
ATS,Residential,Laos,2034,55.309739,15.363816
ATS,Residential,Laos,2035,54.903462,15.250962
ATS,Residential,Laos,2036,54.484773,15.134659
ATS,Residential,Laos,2037,54.048801,15.013556
ATS,Residential,Laos,2038,53.682612,14.911837
ATS,Residential,Laos,2039,53.334547,14.815152
ATS,Residential,Laos,2040,52.965819,14.712727
ATS,Residential,Laos,2041,52.616372,14.615659
ATS,Residential,Laos,2042,52.248447,14.513457
ATS,Residential,Laos,2043,51.857725,14.404924
ATS,Residential,Laos,2044,51.448391,14.29122
ATS,Residential,Laos,2045,51.021479,14.172633
ATS,Residential,Laos,2046,50.579324,14.049812
ATS,Residential,Laos,2047,50.123489,13.923191
ATS,Residential,Laos,2048,49.652086,13.792246
ATS,Residential,Laos,2049,49.165837,13.657177
ATS,Residential,Laos,2050,48.735867,13.537741
ATS,Residential,Laos,2051,48.858375,13.571771
ATS,Residential,Laos,2052,48.962682,13.600745
ATS,Residential,Laos,2053,49.049463,13.624851
ATS,Residential,Laos,2054,49.117467,13.643741
ATS,Residential,Laos,2055,49.164125,13.656701
ATS,Residential,Laos,2056,49.191879,13.664411
ATS,Residential,Laos,2057,49.202099,13.66725
ATS,Residential,Laos,2058,49.195289,13.665358
ATS,Residential,Laos,2059,49.166075,13.657243
ATS,Residential,Laos,2060,49.115954,13.643321
ATS,Residential,Malaysia,2005,91.397844,25.38829
ATS,Residential,Malaysia,2006,98.975952,27.49332
ATS,Residential,Malaysia,2007,101.488032,28.19112
ATS,Residential,Malaysia,2008,112.331844,31.20329
ATS,Residential,Malaysia,2009,106.512192,29.58672
ATS,Residential,Malaysia,2010,111.15954,30.87765
ATS,Residential,Malaysia,2011,116.016228,32.22673
ATS,Residential,Malaysia,2012,118.988856,33.05246
ATS,Residential,Malaysia,2013,125.101584,34.75044
ATS,Residential,Malaysia,2014,125.352792,34.82022
ATS,Residential,Malaysia,2015,130.20948,36.1693
ATS,Residential,Malaysia,2016,137.494512,38.19292
ATS,Residential,Malaysia,2017,134.768277,37.435633
ATS,Residential,Malaysia,2018,139.947474,38.874298
ATS,Residential,Malaysia,2019,139.780002,38.827778
ATS,Residential,Malaysia,2020,171.013698,47.503805
ATS,Residential,Malaysia,2021,174.52433,48.478981
ATS,Residential,Malaysia,2022,171.156384,47.54344
ATS,Residential,Malaysia,2023,145.784376,40.49566
ATS,Residential,Malaysia,2024,193.597632,53.77712
ATS,Residential,Malaysia,2025,260.110417,72.252894
ATS,Residential,Malaysia,2026,262.147084,72.818634
ATS,Residential,Malaysia,2027,263.55883,73.210786
ATS,Residential,Malaysia,2028,264.728986,73.535829
ATS,Residential,Malaysia,2029,265.610066,73.780574
ATS,Residential,Malaysia,2030,266.378269,73.993964
ATS,Residential,Malaysia,2031,266.021569,73.89488
ATS,Residential,Malaysia,2032,264.797503,73.554862
ATS,Residential,Malaysia,2033,263.148348,73.096763
ATS,Residential,Malaysia,2034,261.128834,72.535787
ATS,Residential,Malaysia,2035,259.502187,72.083941
ATS,Residential,Malaysia,2036,257.982916,71.661921
ATS,Residential,Malaysia,2037,255.53771,70.982697
ATS,Residential,Malaysia,2038,256.872233,71.353398
ATS,Residential,Malaysia,2039,258.161448,71.711513
ATS,Residential,Malaysia,2040,259.345826,72.040507
ATS,Residential,Malaysia,2041,261.347708,72.596586
ATS,Residential,Malaysia,2042,262.614872,72.948576
ATS,Residential,Malaysia,2043,263.730745,73.25854
ATS,Residential,Malaysia,2044,264.990762,73.608545
ATS,Residential,Malaysia,2045,265.518917,73.755255
ATS,Residential,Malaysia,2046,266.360541,73.989039
ATS,Residential,Malaysia,2047,267.018298,74.171749
ATS,Residential,Malaysia,2048,267.46718,74.296439
ATS,Residential,Malaysia,2049,267.698288,74.360636
ATS,Residential,Malaysia,2050,267.307152,74.251987
ATS,Residential,Malaysia,2051,270.653974,75.181659
ATS,Residential,Malaysia,2052,274.000382,76.111217
ATS,Residential,Malaysia,2053,277.269895,77.019415
ATS,Residential,Malaysia,2054,280.541495,77.928193
ATS,Residential,Malaysia,2055,283.786139,78.829483
ATS,Residential,Malaysia,2056,286.873246,79.687013
ATS,Residential,Malaysia,2057,289.972616,80.547949
ATS,Residential,Malaysia,2058,293.087583,81.413217
ATS,Residential,Malaysia,2059,296.243154,82.289765
ATS,Residential,Malaysia,2060,299.405091,83.168081
ATS,Residential,Myanmar,2005,168.212311,46.725642
ATS,Residential,Myanmar,2006,172.211877,47.836633
ATS,Residential,Myanmar,2007,177.602298,49.333972
ATS,Residential,Myanmar,2008,183.43518,50.954217
ATS,Residential,Myanmar,2009,189.471079,52.630855
ATS,Residential,Myanmar,2010,196.495442,54.582067
ATS,Residential,Myanmar,2011,211.159667,58.655463
ATS,Residential,Myanmar,2012,207.225959,57.562766
ATS,Residential,Myanmar,2013,207.3936,57.609333
ATS,Residential,Myanmar,2014,218.772107,60.77003
ATS,Residential,Myanmar,2015,214.047763,59.457712
ATS,Residential,Myanmar,2016,216.572153,60.158931
ATS,Residential,Myanmar,2017,201.926308,56.090641
ATS,Residential,Myanmar,2018,197.265729,54.796036
ATS,Residential,Myanmar,2019,198.409898,55.113861
ATS,Residential,Myanmar,2020,203.415301,56.50425
ATS,Residential,Myanmar,2021,187.225281,52.007022
ATS,Residential,Myanmar,2022,120.988429,33.607897
ATS,Residential,Myanmar,2023,175.231104,48.675307
ATS,Residential,Myanmar,2024,194.596687,54.054635
ATS,Residential,Myanmar,2025,230.565563,64.04599
ATS,Residential,Myanmar,2026,219.489287,60.969246
ATS,Residential,Myanmar,2027,208.530648,57.92518
ATS,Residential,Myanmar,2028,197.687029,54.913064
ATS,Residential,Myanmar,2029,186.985559,51.940433
ATS,Residential,Myanmar,2030,176.185131,48.940314
ATS,Residential,Myanmar,2031,170.79013,47.441703
ATS,Residential,Myanmar,2032,165.231353,45.897598
ATS,Residential,Myanmar,2033,159.548113,44.31892
ATS,Residential,Myanmar,2034,153.789713,42.719365
ATS,Residential,Myanmar,2035,147.984865,41.106907
ATS,Residential,Myanmar,2036,142.153402,39.487056
ATS,Residential,Myanmar,2037,136.334124,37.87059
ATS,Residential,Myanmar,2038,130.680361,36.3001
ATS,Residential,Myanmar,2039,125.105721,34.751589
ATS,Residential,Myanmar,2040,119.562184,33.211718
ATS,Residential,Myanmar,2041,114.146739,31.707428
ATS,Residential,Myanmar,2042,108.701131,30.194759
ATS,Residential,Myanmar,2043,103.246162,28.679489
ATS,Residential,Myanmar,2044,97.785513,27.162642
ATS,Residential,Myanmar,2045,92.327314,25.646476
ATS,Residential,Myanmar,2046,91.624188,25.451163
ATS,Residential,Myanmar,2047,91.819597,25.505444
ATS,Residential,Myanmar,2048,92.007644,25.557679
ATS,Residential,Myanmar,2049,92.197835,25.61051
ATS,Residential,Myanmar,2050,92.381968,25.661658
ATS,Residential,Myanmar,2051,93.249675,25.902687
ATS,Residential,Myanmar,2052,94.132394,26.147887
ATS,Residential,Myanmar,2053,94.704733,26.30687
ATS,Residential,Myanmar,2054,95.102933,26.417481
ATS,Residential,Myanmar,2055,95.477792,26.521609
ATS,Residential,Myanmar,2056,95.853599,26.626
ATS,Residential,Myanmar,2057,96.220391,26.727886
ATS,Residential,Myanmar,2058,96.586945,26.829707
ATS,Residential,Myanmar,2059,96.94654,26.929594
ATS,Residential,Myanmar,2060,97.296906,27.026918
ATS,Residential,Philippines,2005,296.103811,82.251059
ATS,Residential,Philippines,2006,297.054547,82.515152
ATS,Residential,Philippines,2007,303.58558,84.329328
ATS,Residential,Philippines,2008,308.848805,85.791335
ATS,Residential,Philippines,2009,319.565464,88.768184
ATS,Residential,Philippines,2010,329.854484,91.626246
ATS,Residential,Philippines,2011,334.574809,92.937447
ATS,Residential,Philippines,2012,342.117119,95.032533
ATS,Residential,Philippines,2013,351.091818,97.525505
ATS,Residential,Philippines,2014,355.392458,98.720127
ATS,Residential,Philippines,2015,365.563618,101.545449
ATS,Residential,Philippines,2016,378.273317,105.075921
ATS,Residential,Philippines,2017,384.870962,106.908601
ATS,Residential,Philippines,2018,394.842956,109.678599
ATS,Residential,Philippines,2019,406.572445,112.93679
ATS,Residential,Philippines,2020,419.856071,116.626686
ATS,Residential,Philippines,2021,426.155866,118.376629
ATS,Residential,Philippines,2022,431.665068,119.906963
ATS,Residential,Philippines,2023,441.121543,122.533762
ATS,Residential,Philippines,2024,459.923749,127.756597
ATS,Residential,Philippines,2025,505.106449,140.307347
ATS,Residential,Philippines,2026,500.428945,139.00804
ATS,Residential,Philippines,2027,494.311248,137.30868
ATS,Residential,Philippines,2028,487.914953,135.531931
ATS,Residential,Philippines,2029,481.433614,133.731559
ATS,Residential,Philippines,2030,473.782339,131.606205
ATS,Residential,Philippines,2031,465.776859,129.382461
ATS,Residential,Philippines,2032,457.886925,127.190812
ATS,Residential,Philippines,2033,449.037426,124.732618
ATS,Residential,Philippines,2034,440.457263,122.34924
ATS,Residential,Philippines,2035,431.041326,119.733702
ATS,Residential,Philippines,2036,422.409983,117.336106
ATS,Residential,Philippines,2037,413.493204,114.859223
ATS,Residential,Philippines,2038,406.786291,112.996192
ATS,Residential,Philippines,2039,400.434404,111.231779
ATS,Residential,Philippines,2040,393.415334,109.282037
ATS,Residential,Philippines,2041,387.359676,107.59991
ATS,Residential,Philippines,2042,381.089373,105.858159
ATS,Residential,Philippines,2043,374.651256,104.069793
ATS,Residential,Philippines,2044,368.004317,102.223421
ATS,Residential,Philippines,2045,361.17623,100.326731
ATS,Residential,Philippines,2046,354.176407,98.382335
ATS,Residential,Philippines,2047,347.399566,96.499879
ATS,Residential,Philippines,2048,340.578851,94.605236
ATS,Residential,Philippines,2049,333.376642,92.604623
ATS,Residential,Philippines,2050,333.141624,92.53934
ATS,Residential,Philippines,2051,337.432399,93.731222
ATS,Residential,Philippines,2052,340.670666,94.630741
ATS,Residential,Philippines,2053,343.937268,95.53813
ATS,Residential,Philippines,2054,347.219254,96.449793
ATS,Residential,Philippines,2055,350.485457,97.357071
ATS,Residential,Philippines,2056,353.743867,98.262185
ATS,Residential,Philippines,2057,356.999928,99.166647
ATS,Residential,Philippines,2058,360.32865,100.091292
ATS,Residential,Philippines,2059,363.688557,101.024599
ATS,Residential,Philippines,2060,367.454596,102.070721
ATS,Residential,Singapore,2005,25.413876,7.05941
ATS,Residential,Singapore,2006,25.33014,7.03615
ATS,Residential,Singapore,2007,25.497612,7.08267
ATS,Residential,Singapore,2008,25.33014,7.03615
ATS,Residential,Singapore,2009,26.468949,7.352486
ATS,Residential,Singapore,2010,27.055102,7.515306
ATS,Residential,Singapore,2011,26.686663,7.412962
ATS,Residential,Singapore,2012,27.239321,7.566478
ATS,Residential,Singapore,2013,27.942703,7.761862
ATS,Residential,Singapore,2014,28.49536,7.915378
ATS,Residential,Singapore,2015,29.62161,8.228225
ATS,Residential,Singapore,2016,30.953012,8.598059
ATS,Residential,Singapore,2017,29.918873,8.310798
ATS,Residential,Singapore,2018,29.759774,8.266604
ATS,Residential,Singapore,2019,31.30889,8.696914
ATS,Residential,Singapore,2020,33.900519,9.416811
ATS,Residential,Singapore,2021,33.917267,9.421463
ATS,Residential,Singapore,2022,32.397459,8.999294
ATS,Residential,Singapore,2023,32.682161,9.078378
ATS,Residential,Singapore,2024,34.070922,9.464145
ATS,Residential,Singapore,2025,61.843976,17.178882
ATS,Residential,Singapore,2026,60.832795,16.897999
ATS,Residential,Singapore,2027,59.818397,16.616221
ATS,Residential,Singapore,2028,58.771387,16.325385
ATS,Residential,Singapore,2029,57.658867,16.016352
ATS,Residential,Singapore,2030,56.509151,15.696986
ATS,Residential,Singapore,2031,55.35859,15.377386
ATS,Residential,Singapore,2032,54.173104,15.048084
ATS,Residential,Singapore,2033,52.976559,14.715711
ATS,Residential,Singapore,2034,51.728826,14.369118
ATS,Residential,Singapore,2035,50.429917,14.00831
ATS,Residential,Singapore,2036,49.364106,13.712252
ATS,Residential,Singapore,2037,48.297923,13.41609
ATS,Residential,Singapore,2038,47.934409,13.315114
ATS,Residential,Singapore,2039,47.541839,13.206066
ATS,Residential,Singapore,2040,47.111796,13.08661
ATS,Residential,Singapore,2041,46.668393,12.963442
ATS,Residential,Singapore,2042,46.218023,12.83834
ATS,Residential,Singapore,2043,45.760401,12.711223
ATS,Residential,Singapore,2044,45.268509,12.574586
ATS,Residential,Singapore,2045,44.78774,12.441039
ATS,Residential,Singapore,2046,44.32247,12.311797
ATS,Residential,Singapore,2047,43.834485,12.176246
ATS,Residential,Singapore,2048,43.381672,12.050464
ATS,Residential,Singapore,2049,42.906143,11.918373
ATS,Residential,Singapore,2050,42.421481,11.783745
ATS,Residential,Singapore,2051,41.950908,11.65303
ATS,Residential,Singapore,2052,41.928437,11.646788
ATS,Residential,Singapore,2053,41.907877,11.641077
ATS,Residential,Singapore,2054,41.865719,11.629366
ATS,Residential,Singapore,2055,41.807826,11.613285
ATS,Residential,Singapore,2056,41.758602,11.599612
ATS,Residential,Singapore,2057,41.714054,11.587237
ATS,Residential,Singapore,2058,41.654983,11.570829
ATS,Residential,Singapore,2059,41.583645,11.551012
ATS,Residential,Singapore,2060,41.503112,11.528642
ATS,Residential,Thailand,2005,373.769452,103.824848
ATS,Residential,Thailand,2006,378.094668,105.026297
ATS,Residential,Thailand,2007,400.023326,111.117591
ATS,Residential,Thailand,2008,416.715762,115.754378
ATS,Residential,Thailand,2009,422.382638,117.328511
ATS,Residential,Thailand,2010,458.990888,127.497469
ATS,Residential,Thailand,2011,462.224855,128.395793
ATS,Residential,Thailand,2012,431.445972,119.846103
ATS,Residential,Thailand,2013,475.933192,132.203664
ATS,Residential,Thailand,2014,479.764449,133.267902
ATS,Residential,Thailand,2015,464.691048,129.080847
ATS,Residential,Thailand,2016,463.519498,128.755416
ATS,Residential,Thailand,2017,455.10516,126.4181
ATS,Residential,Thailand,2018,460.589868,127.94163
ATS,Residential,Thailand,2019,467.707428,129.91873
ATS,Residential,Thailand,2020,424.9602,118.0445
ATS,Residential,Thailand,2021,405.0729,112.52025
ATS,Residential,Thailand,2022,407.79432,113.2762
ATS,Residential,Thailand,2023,412.651008,114.62528
ATS,Residential,Thailand,2024,431.366004,119.82389
ATS,Residential,Thailand,2025,475.062279,131.961744
ATS,Residential,Thailand,2026,459.31698,127.58805
ATS,Residential,Thailand,2027,444.370256,123.436182
ATS,Residential,Thailand,2028,430.066071,119.462797
ATS,Residential,Thailand,2029,416.358215,115.65506
ATS,Residential,Thailand,2030,403.153501,111.987084
ATS,Residential,Thailand,2031,390.419531,108.44987
ATS,Residential,Thailand,2032,378.400585,105.111274
ATS,Residential,Thailand,2033,367.027955,101.95221
ATS,Residential,Thailand,2034,356.521009,99.033614
ATS,Residential,Thailand,2035,346.54257,96.261825
ATS,Residential,Thailand,2036,340.097988,94.471663
ATS,Residential,Thailand,2037,338.791394,94.108721
ATS,Residential,Thailand,2038,337.983482,93.884301
ATS,Residential,Thailand,2039,337.231558,93.675433
ATS,Residential,Thailand,2040,336.461682,93.461578
ATS,Residential,Thailand,2041,335.824021,93.28445
ATS,Residential,Thailand,2042,335.131038,93.091955
ATS,Residential,Thailand,2043,334.387531,92.885425
ATS,Residential,Thailand,2044,333.342984,92.595273
ATS,Residential,Thailand,2045,331.950089,92.208358
ATS,Residential,Thailand,2046,330.609959,91.8361
ATS,Residential,Thailand,2047,329.274527,91.465146
ATS,Residential,Thailand,2048,327.894634,91.081843
ATS,Residential,Thailand,2049,326.350199,90.652833
ATS,Residential,Thailand,2050,324.804994,90.223609
ATS,Residential,Thailand,2051,323.553434,89.875954
ATS,Residential,Thailand,2052,322.219323,89.505367
ATS,Residential,Thailand,2053,320.80807,89.113353
ATS,Residential,Thailand,2054,319.40848,88.724578
ATS,Residential,Thailand,2055,317.927431,88.313175
ATS,Residential,Thailand,2056,316.424638,87.895733
ATS,Residential,Thailand,2057,314.898854,87.471904
ATS,Residential,Thailand,2058,313.37012,87.047256
ATS,Residential,Thailand,2059,311.855537,86.626538
ATS,Residential,Thailand,2060,310.321763,86.20049
ATS,Residential,Vietnam,2005,630.825156,175.22921
ATS,Residential,Vietnam,2006,652.973328,181.38148
ATS,Residential,Vietnam,2007,658.541772,182.92827
ATS,Residential,Vietnam,2008,664.780104,184.66114
ATS,Residential,Vietnam,2009,686.760804,190.76689
ATS,Residential,Vietnam,2010,647.69796,179.9161
ATS,Residential,Vietnam,2011,650.251908,180.62553
ATS,Residential,Vietnam,2012,662.14242,183.92845
ATS,Residential,Vietnam,2013,657.620676,182.67241
ATS,Residential,Vietnam,2014,623.791332,173.27537
ATS,Residential,Vietnam,2015,441.037512,122.51042
ATS,Residential,Vietnam,2016,443.130912,123.09192
ATS,Residential,Vietnam,2017,477.08586,132.52385
ATS,Residential,Vietnam,2018,437.30791,121.474419
ATS,Residential,Vietnam,2019,437.158024,121.432784
ATS,Residential,Vietnam,2020,427.420364,118.727879
ATS,Residential,Vietnam,2021,432.872414,120.242337
ATS,Residential,Vietnam,2022,420.044897,116.679138
ATS,Residential,Vietnam,2023,426.145902,118.373862
ATS,Residential,Vietnam,2024,448.001835,124.444954
ATS,Residential,Vietnam,2025,581.640849,161.566902
ATS,Residential,Vietnam,2026,573.110284,159.197301
ATS,Residential,Vietnam,2027,564.091136,156.691982
ATS,Residential,Vietnam,2028,554.686674,154.079632
ATS,Residential,Vietnam,2029,544.85924,151.349789
ATS,Residential,Vietnam,2030,535.453491,148.737081
ATS,Residential,Vietnam,2031,525.505958,145.973877
ATS,Residential,Vietnam,2032,515.363969,143.156658
ATS,Residential,Vietnam,2033,505.183635,140.328788
ATS,Residential,Vietnam,2034,494.979294,137.494248
ATS,Residential,Vietnam,2035,485.131035,134.758621
ATS,Residential,Vietnam,2036,475.722813,132.145226
ATS,Residential,Vietnam,2037,466.792182,129.664495
ATS,Residential,Vietnam,2038,462.948133,128.596704
ATS,Residential,Vietnam,2039,459.596096,127.665582
ATS,Residential,Vietnam,2040,459.040573,127.51127
ATS,Residential,Vietnam,2041,462.718276,128.532854
ATS,Residential,Vietnam,2042,466.204042,129.501123
ATS,Residential,Vietnam,2043,469.99823,130.555064
ATS,Residential,Vietnam,2044,473.127767,131.42438
ATS,Residential,Vietnam,2045,476.025282,132.229245
ATS,Residential,Vietnam,2046,478.974244,133.048401
ATS,Residential,Vietnam,2047,481.657641,133.793789
ATS,Residential,Vietnam,2048,484.060697,134.461305
ATS,Residential,Vietnam,2049,485.553185,134.875885
ATS,Residential,Vietnam,2050,487.483175,135.411993
ATS,Residential,Vietnam,2051,491.805983,136.612773
ATS,Residential,Vietnam,2052,496.717668,137.97713
ATS,Residential,Vietnam,2053,501.774679,139.381855
ATS,Residential,Vietnam,2054,506.909248,140.808124
ATS,Residential,Vietnam,2055,511.245536,142.012649
ATS,Residential,Vietnam,2056,515.543021,143.206395
ATS,Residential,Vietnam,2057,519.945617,144.429338
ATS,Residential,Vietnam,2058,524.19247,145.609019
ATS,Residential,Vietnam,2059,528.344631,146.762398
ATS,Residential,Vietnam,2060,532.622619,147.950727
ATS,Transport,Brunei,2006,0.432725,0.120201
ATS,Transport,Brunei,2007,0.68444,0.190122
ATS,Transport,Brunei,2008,0.725821,0.201617
ATS,Transport,Brunei,2009,1.418656,0.394071
ATS,Transport,Brunei,2010,1.61661,0.449058
ATS,Transport,Brunei,2011,1.671933,0.464426
ATS,Transport,Brunei,2012,1.821096,0.50586
ATS,Transport,Brunei,2013,2.206552,0.612931
ATS,Transport,Brunei,2014,2.365585,0.657107
ATS,Transport,Brunei,2015,2.8857,0.801583
ATS,Transport,Brunei,2016,3.34142,0.928172
ATS,Transport,Brunei,2017,3.353494,0.931526
ATS,Transport,Brunei,2018,3.341498,0.928194
ATS,Transport,Brunei,2019,3.587566,0.996546
ATS,Transport,Brunei,2020,4.062922,1.128589
ATS,Transport,Brunei,2021,4.275548,1.187652
ATS,Transport,Brunei,2022,4.169518,1.158199
ATS,Transport,Brunei,2023,4.339657,1.20546
ATS,Transport,Brunei,2024,5.228915,1.452476
ATS,Transport,Brunei,2025,6.272125,1.742257
ATS,Transport,Brunei,2026,7.458419,2.071783
ATS,Transport,Brunei,2027,8.784281,2.440078
ATS,Transport,Brunei,2028,10.212176,2.836716
ATS,Transport,Brunei,2029,11.712648,3.253513
ATS,Transport,Brunei,2030,13.274379,3.687327
ATS,Transport,Brunei,2031,14.883283,4.134245
ATS,Transport,Brunei,2032,16.506325,4.58509
ATS,Transport,Brunei,2033,18.112274,5.031187
ATS,Transport,Brunei,2034,19.671516,5.46431
ATS,Transport,Brunei,2035,21.158128,5.877258
ATS,Transport,Brunei,2036,22.54522,6.262561
ATS,Transport,Brunei,2037,23.812547,6.614596
ATS,Transport,Brunei,2038,24.942472,6.928464
ATS,Transport,Brunei,2039,25.918478,7.199577
ATS,Transport,Brunei,2040,26.727146,7.424207
ATS,Transport,Brunei,2041,27.372866,7.603574
ATS,Transport,Brunei,2042,27.862923,7.739701
ATS,Transport,Brunei,2043,28.194325,7.831757
ATS,Transport,Brunei,2044,28.377902,7.882751
ATS,Transport,Brunei,2045,28.437674,7.899354
ATS,Transport,Brunei,2046,28.395852,7.887737
ATS,Transport,Brunei,2047,28.270181,7.852828
ATS,Transport,Brunei,2048,28.072971,7.798048
ATS,Transport,Brunei,2049,27.818694,7.727415
ATS,Transport,Brunei,2050,27.522956,7.645266
ATS,Transport,Brunei,2051,27.19569,7.554358
ATS,Transport,Brunei,2052,26.845179,7.456994
ATS,Transport,Brunei,2053,26.478232,7.355064
ATS,Transport,Brunei,2054,26.10035,7.250097
ATS,Transport,Brunei,2055,25.715892,7.143303
ATS,Transport,Brunei,2056,25.328277,7.035633
ATS,Transport,Brunei,2057,24.940141,6.927817
ATS,Transport,Brunei,2058,24.553493,6.820415
ATS,Transport,Brunei,2059,24.16983,6.713842
ATS,Transport,Brunei,2060,23.790262,6.608406
ATS,Transport,Cambodia,2005,0.405748,0.112708
ATS,Transport,Cambodia,2006,11.147654,3.096571
ATS,Transport,Cambodia,2007,19.618198,5.449499
ATS,Transport,Cambodia,2008,22.034785,6.120774
ATS,Transport,Cambodia,2009,23.634475,6.565132
ATS,Transport,Cambodia,2010,26.380861,7.328017
ATS,Transport,Cambodia,2011,30.981931,8.606092
ATS,Transport,Cambodia,2012,40.519034,11.255287
ATS,Transport,Cambodia,2013,54.63027,15.175075
ATS,Transport,Cambodia,2014,69.66574,19.351594
ATS,Transport,Cambodia,2015,84.039856,23.344404
ATS,Transport,Cambodia,2016,96.636031,26.843342
ATS,Transport,Cambodia,2017,111.517091,30.97697
ATS,Transport,Cambodia,2018,124.298861,34.527461
ATS,Transport,Cambodia,2019,135.651204,37.68089
ATS,Transport,Cambodia,2020,125.896895,34.97136
ATS,Transport,Cambodia,2021,128.839493,35.788748
ATS,Transport,Cambodia,2022,137.158017,38.099449
ATS,Transport,Cambodia,2023,138.569663,38.491573
ATS,Transport,Cambodia,2024,148.918507,41.366252
ATS,Transport,Cambodia,2025,159.453408,44.292613
ATS,Transport,Cambodia,2026,171.502713,47.639643
ATS,Transport,Cambodia,2027,185.019005,51.394168
ATS,Transport,Cambodia,2028,199.980767,55.550213
ATS,Transport,Cambodia,2029,216.297693,60.082693
ATS,Transport,Cambodia,2030,233.695883,64.915523
ATS,Transport,Cambodia,2031,252.106468,70.029574
ATS,Transport,Cambodia,2032,271.441188,75.40033
ATS,Transport,Cambodia,2033,291.647344,81.013151
ATS,Transport,Cambodia,2034,312.260008,86.738891
ATS,Transport,Cambodia,2035,333.138211,92.538392
ATS,Transport,Cambodia,2036,353.904484,98.306801
ATS,Transport,Cambodia,2037,374.209214,103.947004
ATS,Transport,Cambodia,2038,393.591084,109.330857
ATS,Transport,Cambodia,2039,411.765288,114.379247
ATS,Transport,Cambodia,2040,428.562433,119.04512
ATS,Transport,Cambodia,2041,443.470142,123.186151
ATS,Transport,Cambodia,2042,456.468189,126.796719
ATS,Transport,Cambodia,2043,467.548493,129.874581
ATS,Transport,Cambodia,2044,476.675496,132.40986
ATS,Transport,Cambodia,2045,484.02565,134.451569
ATS,Transport,Cambodia,2046,489.640299,136.011194
ATS,Transport,Cambodia,2047,493.7456,137.151556
ATS,Transport,Cambodia,2048,496.547715,137.929921
ATS,Transport,Cambodia,2049,498.149616,138.374893
ATS,Transport,Cambodia,2050,498.75134,138.542039
ATS,Transport,Cambodia,2051,498.498986,138.471941
ATS,Transport,Cambodia,2052,497.524007,138.201113
ATS,Transport,Cambodia,2053,495.943611,137.762114
ATS,Transport,Cambodia,2054,493.860871,137.183575
ATS,Transport,Cambodia,2055,491.365439,136.4904
ATS,Transport,Cambodia,2056,488.534732,135.704092
ATS,Transport,Cambodia,2057,485.434633,134.842954
ATS,Transport,Cambodia,2058,482.121048,133.922513
ATS,Transport,Cambodia,2059,478.641267,132.955907
ATS,Transport,Cambodia,2060,475.035082,131.954189
ATS,Transport,Indonesia,2005,1059.033047,294.175846
ATS,Transport,Indonesia,2006,1173.603045,326.000846
ATS,Transport,Indonesia,2007,1257.727235,349.368676
ATS,Transport,Indonesia,2008,1298.216102,360.615584
ATS,Transport,Indonesia,2009,1306.351808,362.875502
ATS,Transport,Indonesia,2010,1976.331373,548.980937
ATS,Transport,Indonesia,2011,2184.980851,606.939125
ATS,Transport,Indonesia,2012,2435.418954,676.505265
ATS,Transport,Indonesia,2013,2702.017227,750.560341
ATS,Transport,Indonesia,2014,2928.983371,813.606492
ATS,Transport,Indonesia,2015,3147.530928,874.314147
ATS,Transport,Indonesia,2016,3350.640996,930.73361
ATS,Transport,Indonesia,2017,3631.521591,1008.755997
ATS,Transport,Indonesia,2018,3919.659061,1088.794184
ATS,Transport,Indonesia,2019,4300.007121,1194.446422
ATS,Transport,Indonesia,2020,4086.538757,1135.149655
ATS,Transport,Indonesia,2021,4077.782917,1132.717477
ATS,Transport,Indonesia,2022,4436.408344,1232.335651
ATS,Transport,Indonesia,2023,4655.074805,1293.076335
ATS,Transport,Indonesia,2024,4998.971696,1388.603249
ATS,Transport,Indonesia,2025,5424.627585,1506.840996
ATS,Transport,Indonesia,2026,5927.013769,1646.392714
ATS,Transport,Indonesia,2027,6497.238206,1804.788391
ATS,Transport,Indonesia,2028,7143.02971,1984.174919
ATS,Transport,Indonesia,2029,7855.238403,2182.010667
ATS,Transport,Indonesia,2030,8628.880721,2396.911311
ATS,Transport,Indonesia,2031,9457.394214,2627.053948
ATS,Transport,Indonesia,2032,10326.854676,2868.570743
ATS,Transport,Indonesia,2033,11230.248916,3119.513588
ATS,Transport,Indonesia,2034,12146.14052,3373.927922
ATS,Transport,Indonesia,2035,13062.198319,3628.388422
ATS,Transport,Indonesia,2036,13969.037435,3880.288176
ATS,Transport,Indonesia,2037,14849.780316,4124.938977
ATS,Transport,Indonesia,2038,15689.539447,4358.205402
ATS,Transport,Indonesia,2039,16478.425692,4577.34047
ATS,Transport,Indonesia,2040,17211.668903,4781.01914
ATS,Transport,Indonesia,2041,17874.981788,4965.272719
ATS,Transport,Indonesia,2042,18465.225878,5129.229411
ATS,Transport,Indonesia,2043,18985.106563,5273.640712
ATS,Transport,Indonesia,2044,19435.803315,5398.834254
ATS,Transport,Indonesia,2045,19821.349094,5505.930304
ATS,Transport,Indonesia,2046,20143.110494,5595.308471
ATS,Transport,Indonesia,2047,20406.706808,5668.529669
ATS,Transport,Indonesia,2048,20619.421681,5727.617134
ATS,Transport,Indonesia,2049,20784.970591,5773.602942
ATS,Transport,Indonesia,2050,20908.631188,5807.953108
ATS,Transport,Indonesia,2051,20995.212058,5832.003349
ATS,Transport,Indonesia,2052,21048.966484,5846.935134
ATS,Transport,Indonesia,2053,21073.711555,5853.808765
ATS,Transport,Indonesia,2054,21072.308524,5853.419034
ATS,Transport,Indonesia,2055,21047.892049,5846.63668
ATS,Transport,Indonesia,2056,21003.062642,5834.184067
ATS,Transport,Indonesia,2057,20940.37637,5816.771214
ATS,Transport,Indonesia,2058,20861.95928,5794.988689
ATS,Transport,Indonesia,2059,20769.571998,5769.325555
ATS,Transport,Indonesia,2060,20664.71698,5740.199161
ATS,Transport,Laos,2005,0.13942,0.038728
ATS,Transport,Laos,2006,6.014358,1.670655
ATS,Transport,Laos,2007,9.813948,2.726097
ATS,Transport,Laos,2008,13.711535,3.80876
ATS,Transport,Laos,2009,17.213966,4.781657
ATS,Transport,Laos,2010,20.490885,5.691912
ATS,Transport,Laos,2011,26.284105,7.30114
ATS,Transport,Laos,2012,32.813036,9.114732
ATS,Transport,Laos,2013,39.445877,10.957188
ATS,Transport,Laos,2014,45.31019,12.586164
ATS,Transport,Laos,2015,49.511706,13.753252
ATS,Transport,Laos,2016,52.308258,14.530072
ATS,Transport,Laos,2017,57.761492,16.044859
ATS,Transport,Laos,2018,62.575242,17.382012
ATS,Transport,Laos,2019,65.534252,18.203959
ATS,Transport,Laos,2020,66.751785,18.542162
ATS,Transport,Laos,2021,68.517562,19.032656
ATS,Transport,Laos,2022,74.99112,20.830867
ATS,Transport,Laos,2023,78.683765,21.856601
ATS,Transport,Laos,2024,82.780069,22.994464
ATS,Transport,Laos,2025,87.640062,24.344462
ATS,Transport,Laos,2026,93.415768,25.948824
ATS,Transport,Laos,2027,100.042641,27.789623
ATS,Transport,Laos,2028,107.493853,29.859404
ATS,Transport,Laos,2029,115.722237,32.145066
ATS,Transport,Laos,2030,124.571832,34.603287
ATS,Transport,Laos,2031,133.892735,37.192426
ATS,Transport,Laos,2032,143.535044,39.870846
ATS,Transport,Laos,2033,153.449524,42.624868
ATS,Transport,Laos,2034,163.399881,45.388856
ATS,Transport,Laos,2035,173.2634,48.128722
ATS,Transport,Laos,2036,182.847724,50.791034
ATS,Transport,Laos,2037,191.958938,53.321927
ATS,Transport,Laos,2038,200.483581,55.689884
ATS,Transport,Laos,2039,208.283931,57.856647
ATS,Transport,Laos,2040,215.343558,59.817655
ATS,Transport,Laos,2041,221.508382,61.530106
ATS,Transport,Laos,2042,226.721642,62.978234
ATS,Transport,Laos,2043,231.075158,64.187544
ATS,Transport,Laos,2044,234.565262,65.157017
ATS,Transport,Laos,2045,237.224468,65.895686
ATS,Transport,Laos,2046,239.082661,66.41185
ATS,Transport,Laos,2047,240.207253,66.724237
ATS,Transport,Laos,2048,240.715933,66.865537
ATS,Transport,Laos,2049,240.667035,66.851954
ATS,Transport,Laos,2050,240.134036,66.703899
ATS,Transport,Laos,2051,239.192633,66.442398
ATS,Transport,Laos,2052,237.911197,66.086444
ATS,Transport,Laos,2053,236.349981,65.652772
ATS,Transport,Laos,2054,234.561554,65.155987
ATS,Transport,Laos,2055,232.590986,64.608607
ATS,Transport,Laos,2056,230.476582,64.021273
ATS,Transport,Laos,2057,228.251004,63.403057
ATS,Transport,Laos,2058,225.941567,62.761546
ATS,Transport,Laos,2059,223.571036,62.103066
ATS,Transport,Laos,2060,221.158192,61.432831
ATS,Transport,Malaysia,2005,437.418027,121.505007
ATS,Transport,Malaysia,2006,450.171909,125.047752
ATS,Transport,Malaysia,2007,451.238634,125.344065
ATS,Transport,Malaysia,2008,453.527196,125.979777
ATS,Transport,Malaysia,2009,490.843075,136.345299
ATS,Transport,Malaysia,2010,500.325336,138.97926
ATS,Transport,Malaysia,2011,491.468874,136.519132
ATS,Transport,Malaysia,2012,532.070433,147.797342
ATS,Transport,Malaysia,2013,562.249682,156.180467
ATS,Transport,Malaysia,2014,578.128332,160.591203
ATS,Transport,Malaysia,2015,612.246633,170.068509
ATS,Transport,Malaysia,2016,611.546844,169.874123
ATS,Transport,Malaysia,2017,627.610528,174.336258
ATS,Transport,Malaysia,2018,697.078884,193.633023
ATS,Transport,Malaysia,2019,721.392316,200.386754
ATS,Transport,Malaysia,2020,668.145563,185.59599
ATS,Transport,Malaysia,2021,647.211087,179.780857
ATS,Transport,Malaysia,2022,687.521465,190.978185
ATS,Transport,Malaysia,2023,736.409744,204.558262
ATS,Transport,Malaysia,2024,852.578159,236.827266
ATS,Transport,Malaysia,2025,989.488172,274.857826
ATS,Transport,Malaysia,2026,1145.892442,318.303456
ATS,Transport,Malaysia,2027,1318.39079,366.219664
ATS,Transport,Malaysia,2028,1503.156152,417.543376
ATS,Transport,Malaysia,2029,1698.043534,471.678759
ATS,Transport,Malaysia,2030,1901.980456,528.327904
ATS,Transport,Malaysia,2031,2110.702009,586.306114
ATS,Transport,Malaysia,2032,2320.76278,644.656328
ATS,Transport,Malaysia,2033,2529.295865,702.582185
ATS,Transport,Malaysia,2034,2731.796529,758.832369
ATS,Transport,Malaysia,2035,2925.653612,812.681559
ATS,Transport,Malaysia,2036,3107.961225,863.322563
ATS,Transport,Malaysia,2037,3275.300209,909.805614
ATS,Transport,Malaysia,2038,3425.432655,951.509071
ATS,Transport,Malaysia,2039,3556.843426,988.012063
ATS,Transport,Malaysia,2040,3668.384976,1018.995827
ATS,Transport,Malaysia,2041,3759.209009,1044.224725
ATS,Transport,Malaysia,2042,3829.338772,1063.705214
ATS,Transport,Malaysia,2043,3879.932805,1077.759112
ATS,Transport,Malaysia,2044,3913.343185,1087.039774
ATS,Transport,Malaysia,2045,3931.869891,1092.186081
ATS,Transport,Malaysia,2046,3937.647091,1093.790859
ATS,Transport,Malaysia,2047,3932.826746,1092.451874
ATS,Transport,Malaysia,2048,3919.374542,1088.715151
ATS,Transport,Malaysia,2049,3898.987757,1083.052155
ATS,Transport,Malaysia,2050,3873.130225,1075.869507
ATS,Transport,Malaysia,2051,3843.061438,1067.517066
ATS,Transport,Malaysia,2052,3809.763204,1058.267557
ATS,Transport,Malaysia,2053,3774.040735,1048.344649
ATS,Transport,Malaysia,2054,3736.541174,1037.928104
ATS,Transport,Malaysia,2055,3697.78307,1027.161964
ATS,Transport,Malaysia,2056,3658.176958,1016.160266
ATS,Transport,Malaysia,2057,3618.045336,1005.012593
ATS,Transport,Malaysia,2058,3577.642325,993.789535
ATS,Transport,Malaysia,2059,3537.165558,982.545988
ATS,Transport,Malaysia,2060,3496.772789,971.325775
ATS,Transport,Myanmar,2005,2.294785,0.63744
ATS,Transport,Myanmar,2006,20.900852,5.805792
ATS,Transport,Myanmar,2007,26.767626,7.435452
ATS,Transport,Myanmar,2008,37.846366,10.512879
ATS,Transport,Myanmar,2009,44.673732,12.40937
ATS,Transport,Myanmar,2010,55.079193,15.299776
ATS,Transport,Myanmar,2011,70.293099,19.525861
ATS,Transport,Myanmar,2012,86.477919,24.021644
ATS,Transport,Myanmar,2013,103.629297,28.785916
ATS,Transport,Myanmar,2014,119.562844,33.211901
ATS,Transport,Myanmar,2015,138.285508,38.412641
ATS,Transport,Myanmar,2016,156.967523,43.60209
ATS,Transport,Myanmar,2017,180.861027,50.239174
ATS,Transport,Myanmar,2018,205.798887,57.166358
ATS,Transport,Myanmar,2019,222.730928,61.869702
ATS,Transport,Myanmar,2020,221.594261,61.553961
ATS,Transport,Myanmar,2021,217.778602,60.494056
ATS,Transport,Myanmar,2022,229.841298,63.844805
ATS,Transport,Myanmar,2023,224.520297,62.366749
ATS,Transport,Myanmar,2024,254.461532,70.683759
ATS,Transport,Myanmar,2025,289.553483,80.431523
ATS,Transport,Myanmar,2026,329.837689,91.62158
ATS,Transport,Myanmar,2027,374.83512,104.120867
ATS,Transport,Myanmar,2028,424.28328,117.856467
ATS,Transport,Myanmar,2029,478.192338,132.831205
ATS,Transport,Myanmar,2030,536.057091,148.904747
ATS,Transport,Myanmar,2031,597.374329,165.937314
ATS,Transport,Myanmar,2032,661.613719,183.781589
ATS,Transport,Myanmar,2033,728.106067,202.251685
ATS,Transport,Myanmar,2034,795.12551,220.868197
ATS,Transport,Myanmar,2035,862.038179,239.45505
ATS,Transport,Myanmar,2036,927.652196,257.681166
ATS,Transport,Myanmar,2037,990.860144,275.238929
ATS,Transport,Myanmar,2038,1050.756478,291.876799
ATS,Transport,Myanmar,2039,1106.409247,307.335902
ATS,Transport,Myanmar,2040,1157.307704,321.474362
ATS,Transport,Myanmar,2041,1202.16871,333.935753
ATS,Transport,Myanmar,2042,1240.983833,344.717731
ATS,Transport,Myanmar,2043,1273.743636,353.817677
ATS,Transport,Myanmar,2044,1300.340294,361.205637
ATS,Transport,Myanmar,2045,1321.443008,367.067502
ATS,Transport,Myanmar,2046,1337.405003,371.50139
ATS,Transport,Myanmar,2047,1348.850578,374.680716
ATS,Transport,Myanmar,2048,1356.350354,376.763987
ATS,Transport,Myanmar,2049,1360.189453,377.830404
ATS,Transport,Myanmar,2050,1361.018544,378.060707
ATS,Transport,Myanmar,2051,1359.240572,377.566826
ATS,Transport,Myanmar,2052,1355.226013,376.45167
ATS,Transport,Myanmar,2053,1349.313761,374.809378
ATS,Transport,Myanmar,2054,1341.807264,372.72424
ATS,Transport,Myanmar,2055,1332.976109,370.271141
ATS,Transport,Myanmar,2056,1323.055954,367.515543
ATS,Transport,Myanmar,2057,1312.249678,364.513799
ATS,Transport,Myanmar,2058,1300.732555,361.314599
ATS,Transport,Myanmar,2059,1288.653417,357.959282
ATS,Transport,Myanmar,2060,1276.138893,354.483026
ATS,Transport,Philippines,2005,53.664728,14.906869
ATS,Transport,Philippines,2006,72.677386,20.188163
ATS,Transport,Philippines,2007,82.723659,22.978794
ATS,Transport,Philippines,2008,78.098442,21.694012
ATS,Transport,Philippines,2009,87.462637,24.295177
ATS,Transport,Philippines,2010,107.169923,29.769423
ATS,Transport,Philippines,2011,119.034307,33.065085
ATS,Transport,Philippines,2012,143.982784,39.995218
ATS,Transport,Philippines,2013,171.77382,47.71495
ATS,Transport,Philippines,2014,198.772257,55.214516
ATS,Transport,Philippines,2015,245.697788,68.249386
ATS,Transport,Philippines,2016,280.973098,78.048083
ATS,Transport,Philippines,2017,310.232044,86.175568
ATS,Transport,Philippines,2018,342.590484,95.164023
ATS,Transport,Philippines,2019,381.376346,105.937874
ATS,Transport,Philippines,2020,354.861487,98.572635
ATS,Transport,Philippines,2021,352.559023,97.933062
ATS,Transport,Philippines,2022,391.530627,108.758507
ATS,Transport,Philippines,2023,417.864891,116.073581
ATS,Transport,Philippines,2024,467.338907,129.816363
ATS,Transport,Philippines,2025,526.014828,146.11523
ATS,Transport,Philippines,2026,592.548473,164.596798
ATS,Transport,Philippines,2027,666.233477,185.064855
ATS,Transport,Philippines,2028,746.344769,207.317991
ATS,Transport,Philippines,2029,832.282586,231.189607
ATS,Transport,Philippines,2030,922.920713,256.366865
ATS,Transport,Philippines,2031,1017.610956,282.66971
ATS,Transport,Philippines,2032,1115.431544,309.842096
ATS,Transport,Philippines,2033,1214.399476,337.333188
ATS,Transport,Philippines,2034,1313.83123,364.953119
ATS,Transport,Philippines,2035,1410.970638,391.936288
ATS,Transport,Philippines,2036,1506.078047,418.355013
ATS,Transport,Philippines,2037,1597.31541,443.698725
ATS,Transport,Philippines,2038,1682.97272,467.492422
ATS,Transport,Philippines,2039,1762.555791,489.598831
ATS,Transport,Philippines,2040,1834.234834,509.509676
ATS,Transport,Philippines,2041,1898.120951,527.25582
ATS,Transport,Philippines,2042,1953.259188,542.571997
ATS,Transport,Philippines,2043,1999.836968,555.510269
ATS,Transport,Philippines,2044,2038.22327,566.173131
ATS,Transport,Philippines,2045,2069.346805,574.818557
ATS,Transport,Philippines,2046,2093.578495,581.549582
ATS,Transport,Philippines,2047,2112.417577,586.78266
ATS,Transport,Philippines,2048,2126.093032,590.581398
ATS,Transport,Philippines,2049,2134.43544,592.898733
ATS,Transport,Philippines,2050,2139.608878,594.335799
ATS,Transport,Philippines,2051,2141.705116,594.918088
ATS,Transport,Philippines,2052,2141.251929,594.792203
ATS,Transport,Philippines,2053,2138.719681,594.0888
ATS,Transport,Philippines,2054,2134.517424,592.921507
ATS,Transport,Philippines,2055,2128.999128,591.388647
ATS,Transport,Philippines,2056,2122.470968,589.575269
ATS,Transport,Philippines,2057,2115.191176,587.553104
ATS,Transport,Philippines,2058,2107.381631,585.383786
ATS,Transport,Philippines,2059,2099.230287,583.119524
ATS,Transport,Philippines,2060,2090.898341,580.805095
ATS,Transport,Singapore,2005,4.312404,1.19789
ATS,Transport,Singapore,2006,12.751484,3.542079
ATS,Transport,Singapore,2007,16.907537,4.696538
ATS,Transport,Singapore,2008,40.969595,11.380443
ATS,Transport,Singapore,2009,51.899274,14.416465
ATS,Transport,Singapore,2010,54.4934,15.137056
ATS,Transport,Singapore,2011,56.532293,15.703415
ATS,Transport,Singapore,2012,57.69866,16.027406
ATS,Transport,Singapore,2013,64.474879,17.909689
ATS,Transport,Singapore,2014,66.953054,18.598071
ATS,Transport,Singapore,2015,67.974418,18.881783
ATS,Transport,Singapore,2016,69.133418,19.203727
ATS,Transport,Singapore,2017,74.609832,20.724953
ATS,Transport,Singapore,2018,79.499527,22.083202
ATS,Transport,Singapore,2019,86.685534,24.079315
ATS,Transport,Singapore,2020,90.882055,25.245015
ATS,Transport,Singapore,2021,89.590656,24.886293
ATS,Transport,Singapore,2022,94.881354,26.355932
ATS,Transport,Singapore,2023,98.314003,27.309445
ATS,Transport,Singapore,2024,103.143622,28.651006
ATS,Transport,Singapore,2025,109.535813,30.426615
ATS,Transport,Singapore,2026,117.340218,32.594505
ATS,Transport,Singapore,2027,126.030101,35.008361
ATS,Transport,Singapore,2028,135.427877,37.618855
ATS,Transport,Singapore,2029,145.584151,40.440042
ATS,Transport,Singapore,2030,156.171196,43.380888
ATS,Transport,Singapore,2031,167.367822,46.491062
ATS,Transport,Singapore,2032,178.663731,49.628814
ATS,Transport,Singapore,2033,189.949334,52.763704
ATS,Transport,Singapore,2034,201.251702,55.903251
ATS,Transport,Singapore,2035,212.234704,58.954084
ATS,Transport,Singapore,2036,222.669557,61.852655
ATS,Transport,Singapore,2037,232.419263,64.560906
ATS,Transport,Singapore,2038,241.464061,67.07335
ATS,Transport,Singapore,2039,249.720008,69.366669
ATS,Transport,Singapore,2040,257.190755,71.441876
ATS,Transport,Singapore,2041,263.841495,73.289304
ATS,Transport,Singapore,2042,269.499766,74.861046
ATS,Transport,Singapore,2043,274.308297,76.196749
ATS,Transport,Singapore,2044,278.224091,77.28447
ATS,Transport,Singapore,2045,281.311232,78.142009
ATS,Transport,Singapore,2046,283.702798,78.806333
ATS,Transport,Singapore,2047,285.335575,79.259882
ATS,Transport,Singapore,2048,286.388102,79.552251
ATS,Transport,Singapore,2049,286.885646,79.690457
ATS,Transport,Singapore,2050,286.893317,79.692588
ATS,Transport,Singapore,2051,286.485698,79.579361
ATS,Transport,Singapore,2052,285.74026,79.372294
ATS,Transport,Singapore,2053,284.69209,79.081136
ATS,Transport,Singapore,2054,283.390786,78.719663
ATS,Transport,Singapore,2055,281.880748,78.300208
ATS,Transport,Singapore,2056,280.199127,77.833091
ATS,Transport,Singapore,2057,278.379451,77.327625
ATS,Transport,Singapore,2058,276.450584,76.791829
ATS,Transport,Singapore,2059,274.438367,76.23288
ATS,Transport,Singapore,2060,272.364747,75.656874
ATS,Transport,Thailand,2005,91.436059,25.398905
ATS,Transport,Thailand,2006,121.399916,33.722199
ATS,Transport,Thailand,2007,158.450999,44.014166
ATS,Transport,Thailand,2008,191.202622,53.111839
ATS,Transport,Thailand,2009,200.717231,55.754786
ATS,Transport,Thailand,2010,231.218787,64.227441
ATS,Transport,Thailand,2011,253.230327,70.341757
ATS,Transport,Thailand,2012,308.771747,85.76993
ATS,Transport,Thailand,2013,348.714874,96.865243
ATS,Transport,Thailand,2014,422.963445,117.489846
ATS,Transport,Thailand,2015,514.968667,143.046852
ATS,Transport,Thailand,2016,590.640812,164.066892
ATS,Transport,Thailand,2017,657.331462,182.592073
ATS,Transport,Thailand,2018,787.427558,218.729877
ATS,Transport,Thailand,2019,780.918183,216.921717
ATS,Transport,Thailand,2020,738.146182,205.040606
ATS,Transport,Thailand,2021,738.109329,205.030369
ATS,Transport,Thailand,2022,822.42647,228.451797
ATS,Transport,Thailand,2023,876.536152,243.482264
ATS,Transport,Thailand,2024,952.961263,264.711462
ATS,Transport,Thailand,2025,1061.088763,294.746879
ATS,Transport,Thailand,2026,1183.643196,328.789777
ATS,Transport,Thailand,2027,1318.451839,366.236622
ATS,Transport,Thailand,2028,1464.823722,406.895478
ATS,Transport,Thailand,2029,1621.602449,450.445125
ATS,Transport,Thailand,2030,1787.956539,496.654594
ATS,Transport,Thailand,2031,1960.025356,544.451488
ATS,Transport,Thailand,2032,2136.693119,593.525866
ATS,Transport,Thailand,2033,2314.27739,642.854831
ATS,Transport,Thailand,2034,2490.807033,691.890842
ATS,Transport,Thailand,2035,2663.111551,739.753209
ATS,Transport,Thailand,2036,2828.876941,785.79915
ATS,Transport,Thailand,2037,2985.322553,829.256265
ATS,Transport,Thailand,2038,3130.041774,869.456048
ATS,Transport,Thailand,2039,3261.87924,906.077567
ATS,Transport,Thailand,2040,3377.960633,938.322398
ATS,Transport,Thailand,2041,3478.721385,966.311496
ATS,Transport,Thailand,2042,3563.038195,989.732832
ATS,Transport,Thailand,2043,3631.895093,1008.859748
ATS,Transport,Thailand,2044,3686.400146,1024.000041
ATS,Transport,Thailand,2045,3728.120788,1035.589108
ATS,Transport,Thailand,2046,3758.276413,1043.96567
ATS,Transport,Thailand,2047,3779.447258,1049.846461
ATS,Transport,Thailand,2048,3792.307086,1053.418635
ATS,Transport,Thailand,2049,3796.941347,1054.70593
ATS,Transport,Thailand,2050,3796.604122,1054.612256
ATS,Transport,Thailand,2051,3791.542946,1053.206374
ATS,Transport,Thailand,2052,3782.613428,1050.725952
ATS,Transport,Thailand,2053,3770.552856,1047.375793
ATS,Transport,Thailand,2054,3755.988209,1043.330058
ATS,Transport,Thailand,2055,3739.368015,1038.713338
ATS,Transport,Thailand,2056,3721.132152,1033.64782
ATS,Transport,Thailand,2057,3701.667809,1028.241058
ATS,Transport,Thailand,2058,3681.304874,1022.584687
ATS,Transport,Thailand,2059,3660.322595,1016.756276
ATS,Transport,Thailand,2060,3638.958595,1010.821832
ATS,Transport,Vietnam,2005,7.703712,2.13992
ATS,Transport,Vietnam,2006,74.239849,20.62218
ATS,Transport,Vietnam,2007,147.238923,40.899701
ATS,Transport,Vietnam,2008,169.998239,47.221733
ATS,Transport,Vietnam,2009,212.45678,59.015772
ATS,Transport,Vietnam,2010,401.7579,111.599417
ATS,Transport,Vietnam,2011,427.839437,118.844288
ATS,Transport,Vietnam,2012,458.42654,127.340706
ATS,Transport,Vietnam,2013,575.169912,159.76942
ATS,Transport,Vietnam,2014,671.788795,186.607999
ATS,Transport,Vietnam,2015,922.811748,256.336597
ATS,Transport,Vietnam,2016,1051.228209,292.007836
ATS,Transport,Vietnam,2017,1221.239019,339.233061
ATS,Transport,Vietnam,2018,1407.217733,390.893815
ATS,Transport,Vietnam,2019,1527.595174,424.331993
ATS,Transport,Vietnam,2020,1486.598684,412.944079
ATS,Transport,Vietnam,2021,1561.788147,433.830041
ATS,Transport,Vietnam,2022,1708.747348,474.652041
ATS,Transport,Vietnam,2023,1685.744512,468.262364
ATS,Transport,Vietnam,2024,1829.864003,508.295556
ATS,Transport,Vietnam,2025,2333.093916,648.081643
ATS,Transport,Vietnam,2026,2463.9926,684.442389
ATS,Transport,Vietnam,2027,2589.806363,719.390656
ATS,Transport,Vietnam,2028,2717.882525,754.967368
ATS,Transport,Vietnam,2029,2846.546487,790.707357
ATS,Transport,Vietnam,2030,2958.689961,821.858322
ATS,Transport,Vietnam,2031,3067.296322,852.026756
ATS,Transport,Vietnam,2032,3171.856681,881.0713
ATS,Transport,Vietnam,2033,3269.046223,908.068395
ATS,Transport,Vietnam,2034,3357.104914,932.529143
ATS,Transport,Vietnam,2035,3440.919746,955.811041
ATS,Transport,Vietnam,2036,3515.508749,976.530208
ATS,Transport,Vietnam,2037,3577.497107,993.749196
ATS,Transport,Vietnam,2038,3633.074638,1009.187399
ATS,Transport,Vietnam,2039,3678.18777,1021.718825
ATS,Transport,Vietnam,2040,3723.609401,1034.335945
ATS,Transport,Vietnam,2041,3755.926456,1043.312904
ATS,Transport,Vietnam,2042,3777.166617,1049.212949
ATS,Transport,Vietnam,2043,3788.652725,1052.403535
ATS,Transport,Vietnam,2044,3789.872356,1052.742321
ATS,Transport,Vietnam,2045,3785.477464,1051.521518
ATS,Transport,Vietnam,2046,3781.098349,1050.305097
ATS,Transport,Vietnam,2047,3771.358058,1047.599461
ATS,Transport,Vietnam,2048,3766.794189,1046.331719
ATS,Transport,Vietnam,2049,3753.4157,1042.615472
ATS,Transport,Vietnam,2050,3743.510299,1039.863972
ATS,Transport,Vietnam,2051,3735.389903,1037.608306
ATS,Transport,Vietnam,2052,3727.142895,1035.317471
ATS,Transport,Vietnam,2053,3718.792629,1032.997953
ATS,Transport,Vietnam,2054,3710.54405,1030.706681
ATS,Transport,Vietnam,2055,3702.750042,1028.541678
ATS,Transport,Vietnam,2056,3695.610496,1026.558471
ATS,Transport,Vietnam,2057,3712.764418,1031.323449
ATS,Transport,Vietnam,2058,3737.263161,1038.128656
ATS,Transport,Vietnam,2059,3762.456843,1045.126901
ATS,Transport,Vietnam,2060,3788.342577,1052.317382
BAS,Agriculture and Others,Brunei,2017,1.047956,0.291099
BAS,Agriculture and Others,Brunei,2018,1.258552,0.349598
BAS,Agriculture and Others,Brunei,2019,1.646668,0.457408
BAS,Agriculture and Others,Brunei,2020,0.675331,0.187592
BAS,Agriculture and Others,Cambodia,2005,1.130436,0.31401
BAS,Agriculture and Others,Cambodia,2006,1.214172,0.33727
BAS,Agriculture and Others,Cambodia,2007,1.297908,0.36053
BAS,Agriculture and Others,Cambodia,2008,1.423512,0.39542
BAS,Agriculture and Others,Cambodia,2009,1.507248,0.41868
BAS,Agriculture and Others,Cambodia,2010,1.632852,0.45357
BAS,Agriculture and Others,Cambodia,2011,2.219004,0.61639
BAS,Agriculture and Others,Cambodia,2012,1.800324,0.50009
BAS,Agriculture and Others,Cambodia,2013,1.88406,0.52335
BAS,Agriculture and Others,Cambodia,2014,2.009664,0.55824
BAS,Agriculture and Others,Cambodia,2015,2.219004,0.61639
BAS,Agriculture and Others,Cambodia,2016,2.386476,0.66291
BAS,Agriculture and Others,Cambodia,2017,2.595816,0.72106
BAS,Agriculture and Others,Cambodia,2018,2.763288,0.76758
BAS,Agriculture and Others,Cambodia,2019,3.388377,0.941216
BAS,Agriculture and Others,Cambodia,2020,9.222264,2.56174
BAS,Agriculture and Others,Cambodia,2021,8.992828,2.498008
BAS,Agriculture and Others,Cambodia,2022,7.955339,2.209816
BAS,Agriculture and Others,Cambodia,2023,7.599879,2.111077
BAS,Agriculture and Others,Cambodia,2024,7.599879,2.111077
BAS,Agriculture and Others,Cambodia,2025,8.055864,2.23774
BAS,Agriculture and Others,Cambodia,2026,8.546621,2.374061
BAS,Agriculture and Others,Cambodia,2027,9.05541,2.515392
BAS,Agriculture and Others,Cambodia,2028,9.577324,2.660368
BAS,Agriculture and Others,Cambodia,2029,10.104143,2.806706
BAS,Agriculture and Others,Cambodia,2030,10.194849,2.831902
BAS,Agriculture and Others,Cambodia,2031,10.474573,2.909604
BAS,Agriculture and Others,Cambodia,2032,10.762024,2.989451
BAS,Agriculture and Others,Cambodia,2033,11.057325,3.071479
BAS,Agriculture and Others,Cambodia,2034,11.360722,3.155756
BAS,Agriculture and Others,Cambodia,2035,11.672459,3.24235
BAS,Agriculture and Others,Cambodia,2036,11.996769,3.332436
BAS,Agriculture and Others,Cambodia,2037,12.330033,3.425009
BAS,Agriculture and Others,Cambodia,2038,12.672496,3.520138
BAS,Agriculture and Others,Cambodia,2039,13.024588,3.617941
BAS,Agriculture and Others,Cambodia,2040,13.386371,3.718436
BAS,Agriculture and Others,Cambodia,2041,13.74895,3.819153
BAS,Agriculture and Others,Cambodia,2042,14.121281,3.922578
BAS,Agriculture and Others,Cambodia,2043,14.503731,4.028814
BAS,Agriculture and Others,Cambodia,2044,14.896546,4.137929
BAS,Agriculture and Others,Cambodia,2045,15.299971,4.249992
BAS,Agriculture and Others,Cambodia,2046,15.688063,4.357795
BAS,Agriculture and Others,Cambodia,2047,16.085969,4.468325
BAS,Agriculture and Others,Cambodia,2048,16.493932,4.581648
BAS,Agriculture and Others,Cambodia,2049,16.91226,4.69785
BAS,Agriculture and Others,Cambodia,2050,17.341198,4.816999
BAS,Agriculture and Others,Cambodia,2051,17.781015,4.939171
BAS,Agriculture and Others,Cambodia,2052,18.231986,5.064441
BAS,Agriculture and Others,Cambodia,2053,18.694396,5.192888
BAS,Agriculture and Others,Cambodia,2054,19.168533,5.324592
BAS,Agriculture and Others,Cambodia,2055,19.654696,5.459638
BAS,Agriculture and Others,Cambodia,2056,20.153189,5.598108
BAS,Agriculture and Others,Cambodia,2057,20.664325,5.74009
BAS,Agriculture and Others,Cambodia,2058,21.188425,5.885674
BAS,Agriculture and Others,Cambodia,2059,21.725817,6.034949
BAS,Agriculture and Others,Cambodia,2060,22.276839,6.188011
BAS,Agriculture and Others,Indonesia,2005,166.191663,46.164351
BAS,Agriculture and Others,Indonesia,2006,148.121091,41.144748
BAS,Agriculture and Others,Indonesia,2007,144.403151,40.111986
BAS,Agriculture and Others,Indonesia,2008,143.162426,39.767341
BAS,Agriculture and Others,Indonesia,2009,144.437483,40.121523
BAS,Agriculture and Others,Indonesia,2010,127.579332,35.438703
BAS,Agriculture and Others,Indonesia,2011,155.44793,43.179981
BAS,Agriculture and Others,Indonesia,2012,192.508813,53.47467
BAS,Agriculture and Others,Indonesia,2013,177.630535,49.341815
BAS,Agriculture and Others,Indonesia,2014,163.86549,45.518192
BAS,Agriculture and Others,Indonesia,2015,187.519655,52.088793
BAS,Agriculture and Others,Indonesia,2016,116.460448,32.350124
BAS,Agriculture and Others,Indonesia,2017,119.013139,33.059205
BAS,Agriculture and Others,Indonesia,2018,91.943802,25.539945
BAS,Agriculture and Others,Indonesia,2019,67.286482,18.690689
BAS,Agriculture and Others,Indonesia,2020,59.002898,16.389694
BAS,Agriculture and Others,Indonesia,2021,61.608762,17.113545
BAS,Agriculture and Others,Indonesia,2022,63.179855,17.54996
BAS,Agriculture and Others,Indonesia,2023,62.242858,17.289683
BAS,Agriculture and Others,Indonesia,2024,67.084426,18.634563
BAS,Agriculture and Others,Indonesia,2025,70.6399,19.622194
BAS,Agriculture and Others,Indonesia,2026,75.090214,20.858393
BAS,Agriculture and Others,Indonesia,2027,80.72198,22.422772
BAS,Agriculture and Others,Indonesia,2028,86.937573,24.149326
BAS,Agriculture and Others,Indonesia,2029,93.892579,26.081272
BAS,Agriculture and Others,Indonesia,2030,101.403985,28.167774
BAS,Agriculture and Others,Indonesia,2031,109.617707,30.449363
BAS,Agriculture and Others,Indonesia,2032,118.606359,32.946211
BAS,Agriculture and Others,Indonesia,2033,128.450687,35.680746
BAS,Agriculture and Others,Indonesia,2034,139.368995,38.71361
BAS,Agriculture and Others,Indonesia,2035,150.936622,41.926839
BAS,Agriculture and Others,Indonesia,2036,163.08702,45.30195
BAS,Agriculture and Others,Indonesia,2037,175.807808,48.835502
BAS,Agriculture and Others,Indonesia,2038,189.169201,52.547
BAS,Agriculture and Others,Indonesia,2039,203.167722,56.435478
BAS,Agriculture and Others,Indonesia,2040,217.795798,60.498833
BAS,Agriculture and Others,Indonesia,2041,233.041503,64.733751
BAS,Agriculture and Others,Indonesia,2042,248.888326,69.135646
BAS,Agriculture and Others,Indonesia,2043,265.314955,73.698599
BAS,Agriculture and Others,Indonesia,2044,282.42777,78.452158
BAS,Agriculture and Others,Indonesia,2045,300.135992,83.371109
BAS,Agriculture and Others,Indonesia,2046,318.444286,88.456746
BAS,Agriculture and Others,Indonesia,2047,337.2325,93.675694
BAS,Agriculture and Others,Indonesia,2048,356.454752,99.015209
BAS,Agriculture and Others,Indonesia,2049,375.917181,104.421439
BAS,Agriculture and Others,Indonesia,2050,395.540058,109.872238
BAS,Agriculture and Others,Indonesia,2051,415.277506,115.354863
BAS,Agriculture and Others,Indonesia,2052,435.003189,120.834219
BAS,Agriculture and Others,Indonesia,2053,454.665333,126.295926
BAS,Agriculture and Others,Indonesia,2054,474.125008,131.701391
BAS,Agriculture and Others,Indonesia,2055,493.327072,137.035298
BAS,Agriculture and Others,Indonesia,2056,512.122833,142.256342
BAS,Agriculture and Others,Indonesia,2057,530.559255,147.377571
BAS,Agriculture and Others,Indonesia,2058,548.59827,152.388408
BAS,Agriculture and Others,Indonesia,2059,566.153414,157.264837
BAS,Agriculture and Others,Indonesia,2060,583.138017,161.982782
BAS,Agriculture and Others,Laos,2005,0.139001,0.038611
BAS,Agriculture and Others,Laos,2006,0.154493,0.042915
BAS,Agriculture and Others,Laos,2007,0.180032,0.050009
BAS,Agriculture and Others,Laos,2008,0.17124,0.047567
BAS,Agriculture and Others,Laos,2009,0.152399,0.042333
BAS,Agriculture and Others,Laos,2010,0.16496,0.045822
BAS,Agriculture and Others,Laos,2011,0.177939,0.049427
BAS,Agriculture and Others,Laos,2012,0.153655,0.042682
BAS,Agriculture and Others,Laos,2013,0.138583,0.038495
BAS,Agriculture and Others,Laos,2014,0.139839,0.038844
BAS,Agriculture and Others,Laos,2015,0.128954,0.035821
BAS,Agriculture and Others,Laos,2016,0.134815,0.037449
BAS,Agriculture and Others,Laos,2017,0.110532,0.030703
BAS,Agriculture and Others,Laos,2018,0.116393,0.032331
BAS,Agriculture and Others,Laos,2019,0.162448,0.045124
BAS,Agriculture and Others,Laos,2020,0.459292,0.127581
BAS,Agriculture and Others,Laos,2021,0.355878,0.098855
BAS,Agriculture and Others,Laos,2022,0.233205,0.064779
BAS,Agriculture and Others,Laos,2023,0.803447,0.22318
BAS,Agriculture and Others,Laos,2024,1.075588,0.298774
BAS,Agriculture and Others,Laos,2025,1.118612,0.310726
BAS,Agriculture and Others,Laos,2026,1.164194,0.323387
BAS,Agriculture and Others,Laos,2027,1.213512,0.337087
BAS,Agriculture and Others,Laos,2028,1.26733,0.352036
BAS,Agriculture and Others,Laos,2029,1.325589,0.368219
BAS,Agriculture and Others,Laos,2030,1.328205,0.368946
BAS,Agriculture and Others,Laos,2031,1.363496,0.378749
BAS,Agriculture and Others,Laos,2032,1.399726,0.388813
BAS,Agriculture and Others,Laos,2033,1.436919,0.399144
BAS,Agriculture and Others,Laos,2034,1.475098,0.409749
BAS,Agriculture and Others,Laos,2035,1.514292,0.420637
BAS,Agriculture and Others,Laos,2036,1.557589,0.432664
BAS,Agriculture and Others,Laos,2037,1.602115,0.445032
BAS,Agriculture and Others,Laos,2038,1.647914,0.457754
BAS,Agriculture and Others,Laos,2039,1.695032,0.470842
BAS,Agriculture and Others,Laos,2040,1.743485,0.484301
BAS,Agriculture and Others,Laos,2041,1.798537,0.499594
BAS,Agriculture and Others,Laos,2042,1.855312,0.515364
BAS,Agriculture and Others,Laos,2043,1.913888,0.531636
BAS,Agriculture and Others,Laos,2044,1.974311,0.54842
BAS,Agriculture and Others,Laos,2045,2.036644,0.565734
BAS,Agriculture and Others,Laos,2046,2.104767,0.584658
BAS,Agriculture and Others,Laos,2047,2.175158,0.604211
BAS,Agriculture and Others,Laos,2048,2.247923,0.624423
BAS,Agriculture and Others,Laos,2049,2.323111,0.645309
BAS,Agriculture and Others,Laos,2050,2.400813,0.666893
BAS,Agriculture and Others,Laos,2051,2.481114,0.689198
BAS,Agriculture and Others,Laos,2052,2.564102,0.712251
BAS,Agriculture and Others,Laos,2053,2.649866,0.736074
BAS,Agriculture and Others,Laos,2054,2.738496,0.760693
BAS,Agriculture and Others,Laos,2055,2.830093,0.786137
BAS,Agriculture and Others,Laos,2056,2.924753,0.812431
BAS,Agriculture and Others,Laos,2057,3.022578,0.839605
BAS,Agriculture and Others,Laos,2058,3.123676,0.867688
BAS,Agriculture and Others,Laos,2059,3.228157,0.89671
BAS,Agriculture and Others,Laos,2060,3.33613,0.926703
BAS,Agriculture and Others,Malaysia,2005,4.228668,1.17463
BAS,Agriculture and Others,Malaysia,2006,10.803025,3.00084
BAS,Agriculture and Others,Malaysia,2007,11.806776,3.27966
BAS,Agriculture and Others,Malaysia,2008,11.97305,3.325847
BAS,Agriculture and Others,Malaysia,2009,8.79228,2.4423
BAS,Agriculture and Others,Malaysia,2010,44.924365,12.47899
BAS,Agriculture and Others,Malaysia,2011,38.354923,10.654145
BAS,Agriculture and Others,Malaysia,2012,1.549116,0.43031
BAS,Agriculture and Others,Malaysia,2013,1.590984,0.44194
BAS,Agriculture and Others,Malaysia,2014,1.549116,0.43031
BAS,Agriculture and Others,Malaysia,2015,9.628676,2.674632
BAS,Agriculture and Others,Malaysia,2016,6.028992,1.67472
BAS,Agriculture and Others,Malaysia,2017,18.161919,5.044977
BAS,Agriculture and Others,Malaysia,2018,14.737536,4.09376
BAS,Agriculture and Others,Malaysia,2019,11.262492,3.12847
BAS,Agriculture and Others,Malaysia,2020,13.395667,3.721019
BAS,Agriculture and Others,Malaysia,2021,17.9844,4.995667
BAS,Agriculture and Others,Malaysia,2022,17.291484,4.80319
BAS,Agriculture and Others,Malaysia,2023,15.49116,4.3031
BAS,Agriculture and Others,Malaysia,2024,13.439628,3.73323
BAS,Agriculture and Others,Malaysia,2025,14.057857,3.90496
BAS,Agriculture and Others,Malaysia,2026,14.677195,4.076999
BAS,Agriculture and Others,Malaysia,2027,15.257484,4.23819
BAS,Agriculture and Others,Malaysia,2028,15.861958,4.406099
BAS,Agriculture and Others,Malaysia,2029,16.491059,4.58085
BAS,Agriculture and Others,Malaysia,2030,17.185609,4.77378
BAS,Agriculture and Others,Malaysia,2031,17.986988,4.996386
BAS,Agriculture and Others,Malaysia,2032,18.699399,5.194278
BAS,Agriculture and Others,Malaysia,2033,19.411699,5.392139
BAS,Agriculture and Others,Malaysia,2034,20.12411,5.590031
BAS,Agriculture and Others,Malaysia,2035,21.014568,5.83738
BAS,Agriculture and Others,Malaysia,2036,21.905026,6.084729
BAS,Agriculture and Others,Malaysia,2037,22.617326,6.282591
BAS,Agriculture and Others,Malaysia,2038,23.507784,6.52994
BAS,Agriculture and Others,Malaysia,2039,24.398243,6.77729
BAS,Agriculture and Others,Malaysia,2040,25.2887,7.024639
BAS,Agriculture and Others,Malaysia,2041,26.357206,7.321446
BAS,Agriculture and Others,Malaysia,2042,27.247664,7.568796
BAS,Agriculture and Others,Malaysia,2043,28.138122,7.816145
BAS,Agriculture and Others,Malaysia,2044,29.206627,8.112952
BAS,Agriculture and Others,Malaysia,2045,30.097086,8.360302
BAS,Agriculture and Others,Malaysia,2046,31.165591,8.657109
BAS,Agriculture and Others,Malaysia,2047,32.234207,8.953946
BAS,Agriculture and Others,Malaysia,2048,33.302712,9.250753
BAS,Agriculture and Others,Malaysia,2049,34.371218,9.547561
BAS,Agriculture and Others,Malaysia,2050,35.261676,9.79491
BAS,Agriculture and Others,Malaysia,2051,36.175203,10.048667
BAS,Agriculture and Others,Malaysia,2052,37.112398,10.308999
BAS,Agriculture and Others,Malaysia,2053,38.073872,10.576076
BAS,Agriculture and Others,Malaysia,2054,39.060255,10.850071
BAS,Agriculture and Others,Malaysia,2055,40.072192,11.131164
BAS,Agriculture and Others,Malaysia,2056,41.110346,11.419541
BAS,Agriculture and Others,Malaysia,2057,42.175396,11.715388
BAS,Agriculture and Others,Malaysia,2058,43.268037,12.018899
BAS,Agriculture and Others,Malaysia,2059,44.388986,12.330274
BAS,Agriculture and Others,Malaysia,2060,45.538975,12.649715
BAS,Agriculture and Others,Myanmar,2005,0.401095,0.111415
BAS,Agriculture and Others,Myanmar,2006,0.299356,0.083154
BAS,Agriculture and Others,Myanmar,2007,0.235717,0.065477
BAS,Agriculture and Others,Myanmar,2008,0.283028,0.078619
BAS,Agriculture and Others,Myanmar,2009,0.290983,0.080829
BAS,Agriculture and Others,Myanmar,2010,0.342062,0.095017
BAS,Agriculture and Others,Myanmar,2011,0.357552,0.09932
BAS,Agriculture and Others,Myanmar,2012,0.335363,0.093156
BAS,Agriculture and Others,Myanmar,2013,1.907087,0.529746
BAS,Agriculture and Others,Myanmar,2014,1.750501,0.48625
BAS,Agriculture and Others,Myanmar,2015,1.70237,0.472881
BAS,Agriculture and Others,Myanmar,2016,1.767685,0.491024
BAS,Agriculture and Others,Myanmar,2017,1.795299,0.498694
BAS,Agriculture and Others,Myanmar,2018,0.908536,0.252371
BAS,Agriculture and Others,Myanmar,2019,4.244954,1.179154
BAS,Agriculture and Others,Myanmar,2020,1.670115,0.463921
BAS,Agriculture and Others,Myanmar,2021,30.466201,8.462834
BAS,Agriculture and Others,Myanmar,2022,11.378885,3.160801
BAS,Agriculture and Others,Myanmar,2023,2.537619,0.704894
BAS,Agriculture and Others,Myanmar,2024,2.537619,0.704894
BAS,Agriculture and Others,Myanmar,2025,2.593438,0.720399
BAS,Agriculture and Others,Myanmar,2026,2.645806,0.734946
BAS,Agriculture and Others,Myanmar,2027,2.699327,0.749813
BAS,Agriculture and Others,Myanmar,2028,2.753798,0.764944
BAS,Agriculture and Others,Myanmar,2029,2.809235,0.780343
BAS,Agriculture and Others,Myanmar,2030,2.825779,0.784939
BAS,Agriculture and Others,Myanmar,2031,2.907615,0.807671
BAS,Agriculture and Others,Myanmar,2032,2.991814,0.831059
BAS,Agriculture and Others,Myanmar,2033,3.078459,0.855128
BAS,Agriculture and Others,Myanmar,2034,3.16761,0.879892
BAS,Agriculture and Others,Myanmar,2035,3.259345,0.905374
BAS,Agriculture and Others,Myanmar,2036,3.354654,0.931848
BAS,Agriculture and Others,Myanmar,2037,3.452764,0.959101
BAS,Agriculture and Others,Myanmar,2038,3.55373,0.987147
BAS,Agriculture and Others,Myanmar,2039,3.657655,1.016015
BAS,Agriculture and Others,Myanmar,2040,3.764614,1.045726
BAS,Agriculture and Others,Myanmar,2041,3.876122,1.076701
BAS,Agriculture and Others,Myanmar,2042,3.990943,1.108595
BAS,Agriculture and Others,Myanmar,2043,4.10916,1.141433
BAS,Agriculture and Others,Myanmar,2044,4.230876,1.175243
BAS,Agriculture and Others,Myanmar,2045,4.356202,1.210056
BAS,Agriculture and Others,Myanmar,2046,4.490601,1.247389
BAS,Agriculture and Others,Myanmar,2047,4.629139,1.285872
BAS,Agriculture and Others,Myanmar,2048,4.77196,1.325544
BAS,Agriculture and Others,Myanmar,2049,4.919188,1.366441
BAS,Agriculture and Others,Myanmar,2050,5.070959,1.4086
BAS,Agriculture and Others,Myanmar,2051,5.227411,1.452059
BAS,Agriculture and Others,Myanmar,2052,5.388691,1.496859
BAS,Agriculture and Others,Myanmar,2053,5.554948,1.543041
BAS,Agriculture and Others,Myanmar,2054,5.726333,1.590648
BAS,Agriculture and Others,Myanmar,2055,5.903006,1.639724
BAS,Agriculture and Others,Myanmar,2056,6.085129,1.690314
BAS,Agriculture and Others,Myanmar,2057,6.272872,1.742464
BAS,Agriculture and Others,Myanmar,2058,6.466407,1.796224
BAS,Agriculture and Others,Myanmar,2059,6.665913,1.851642
BAS,Agriculture and Others,Myanmar,2060,6.871575,1.908771
BAS,Agriculture and Others,Philippines,2005,25.902058,7.195016
BAS,Agriculture and Others,Philippines,2006,23.650666,6.569629
BAS,Agriculture and Others,Philippines,2007,20.99974,5.833261
BAS,Agriculture and Others,Philippines,2008,23.891555,6.636543
BAS,Agriculture and Others,Philippines,2009,20.994295,5.831749
BAS,Agriculture and Others,Philippines,2010,14.533836,4.037177
BAS,Agriculture and Others,Philippines,2011,12.641624,3.511562
BAS,Agriculture and Others,Philippines,2012,13.319466,3.699852
BAS,Agriculture and Others,Philippines,2013,14.742759,4.095211
BAS,Agriculture and Others,Philippines,2014,14.812673,4.114631
BAS,Agriculture and Others,Philippines,2015,16.771064,4.658629
BAS,Agriculture and Others,Philippines,2016,18.857136,5.238093
BAS,Agriculture and Others,Philippines,2017,21.590136,5.99726
BAS,Agriculture and Others,Philippines,2018,18.40308,5.111967
BAS,Agriculture and Others,Philippines,2019,19.749134,5.485871
BAS,Agriculture and Others,Philippines,2020,18.256122,5.071145
BAS,Agriculture and Others,Philippines,2021,23.288055,6.468904
BAS,Agriculture and Others,Philippines,2022,15.83992,4.399978
BAS,Agriculture and Others,Philippines,2023,16.84224,4.6784
BAS,Agriculture and Others,Philippines,2024,16.84224,4.6784
BAS,Agriculture and Others,Philippines,2025,17.886412,4.968448
BAS,Agriculture and Others,Philippines,2026,18.993077,5.275855
BAS,Agriculture and Others,Philippines,2027,20.192641,5.609067
BAS,Agriculture and Others,Philippines,2028,21.469692,5.963803
BAS,Agriculture and Others,Philippines,2029,22.843284,6.345357
BAS,Agriculture and Others,Philippines,2030,23.971388,6.658719
BAS,Agriculture and Others,Philippines,2031,25.146431,6.98512
BAS,Agriculture and Others,Philippines,2032,26.556456,7.376793
BAS,Agriculture and Others,Philippines,2033,27.731498,7.703194
BAS,Agriculture and Others,Philippines,2034,29.141663,8.094906
BAS,Agriculture and Others,Philippines,2035,30.316706,8.421307
BAS,Agriculture and Others,Philippines,2036,31.726729,8.81298
BAS,Agriculture and Others,Philippines,2037,33.136893,9.204693
BAS,Agriculture and Others,Philippines,2038,34.546917,9.596366
BAS,Agriculture and Others,Philippines,2039,36.192062,10.053351
BAS,Agriculture and Others,Philippines,2040,37.602086,10.445024
BAS,Agriculture and Others,Philippines,2041,39.24723,10.902008
BAS,Agriculture and Others,Philippines,2042,40.892234,11.358954
BAS,Agriculture and Others,Philippines,2043,42.53738,11.815939
BAS,Agriculture and Others,Philippines,2044,44.182385,12.272885
BAS,Agriculture and Others,Philippines,2045,45.827528,12.729869
BAS,Agriculture and Others,Philippines,2046,47.472673,13.186854
BAS,Agriculture and Others,Philippines,2047,49.352659,13.709072
BAS,Agriculture and Others,Philippines,2048,51.232785,14.231329
BAS,Agriculture and Others,Philippines,2049,52.877929,14.688314
BAS,Agriculture and Others,Philippines,2050,54.758055,15.210571
BAS,Agriculture and Others,Philippines,2051,56.705029,15.751397
BAS,Agriculture and Others,Philippines,2052,58.72123,16.311453
BAS,Agriculture and Others,Philippines,2053,60.809119,16.891422
BAS,Agriculture and Others,Philippines,2054,62.971245,17.492013
BAS,Agriculture and Others,Philippines,2055,65.210249,18.113958
BAS,Agriculture and Others,Philippines,2056,67.528863,18.758018
BAS,Agriculture and Others,Philippines,2057,69.929915,19.424976
BAS,Agriculture and Others,Philippines,2058,72.41634,20.11565
BAS,Agriculture and Others,Philippines,2059,74.991171,20.830881
BAS,Agriculture and Others,Philippines,2060,77.657555,21.571543
BAS,Agriculture and Others,Singapore,2005,4.81482,1.33745
BAS,Agriculture and Others,Singapore,2006,1.967796,0.54661
BAS,Agriculture and Others,Singapore,2007,1.842192,0.51172
BAS,Agriculture and Others,Singapore,2008,1.67472,0.4652
BAS,Agriculture and Others,Singapore,2009,1.549116,0.43031
BAS,Agriculture and Others,Singapore,2010,1.423512,0.39542
BAS,Agriculture and Others,Singapore,2011,1.297908,0.36053
BAS,Agriculture and Others,Singapore,2012,1.130436,0.31401
BAS,Agriculture and Others,Singapore,2013,1.004832,0.27912
BAS,Agriculture and Others,Singapore,2014,0.879228,0.24423
BAS,Agriculture and Others,Singapore,2015,1.088568,0.30238
BAS,Agriculture and Others,Singapore,2016,1.088568,0.30238
BAS,Agriculture and Others,Singapore,2017,1.088568,0.30238
BAS,Agriculture and Others,Singapore,2018,1.088568,0.30238
BAS,Agriculture and Others,Singapore,2019,1.055074,0.293076
BAS,Agriculture and Others,Singapore,2020,0.962964,0.26749
BAS,Agriculture and Others,Singapore,2021,0.962964,0.26749
BAS,Agriculture and Others,Singapore,2022,1.004413,0.279004
BAS,Agriculture and Others,Singapore,2023,1.004413,0.279004
BAS,Agriculture and Others,Singapore,2024,1.004413,0.279004
BAS,Agriculture and Others,Singapore,2025,1.030528,0.286258
BAS,Agriculture and Others,Singapore,2026,1.056528,0.29348
BAS,Agriculture and Others,Singapore,2027,1.082804,0.300779
BAS,Agriculture and Others,Singapore,2028,1.109689,0.308247
BAS,Agriculture and Others,Singapore,2029,1.137443,0.315956
BAS,Agriculture and Others,Singapore,2030,1.171228,0.325341
BAS,Agriculture and Others,Singapore,2031,1.205015,0.334726
BAS,Agriculture and Others,Singapore,2032,1.238799,0.344111
BAS,Agriculture and Others,Singapore,2033,1.270332,0.35287
BAS,Agriculture and Others,Singapore,2034,1.304124,0.362257
BAS,Agriculture and Others,Singapore,2035,1.340162,0.372267
BAS,Agriculture and Others,Singapore,2036,1.376188,0.382274
BAS,Agriculture and Others,Singapore,2037,1.412226,0.392285
BAS,Agriculture and Others,Singapore,2038,1.448265,0.402296
BAS,Agriculture and Others,Singapore,2039,1.486563,0.412934
BAS,Agriculture and Others,Singapore,2040,1.522601,0.422945
BAS,Agriculture and Others,Singapore,2041,1.560886,0.433579
BAS,Agriculture and Others,Singapore,2042,1.596924,0.44359
BAS,Agriculture and Others,Singapore,2043,1.635209,0.454225
BAS,Agriculture and Others,Singapore,2044,1.673507,0.464863
BAS,Agriculture and Others,Singapore,2045,1.709546,0.474874
BAS,Agriculture and Others,Singapore,2046,1.750091,0.486136
BAS,Agriculture and Others,Singapore,2047,1.788376,0.496771
BAS,Agriculture and Others,Singapore,2048,1.828921,0.508034
BAS,Agriculture and Others,Singapore,2049,1.869465,0.519296
BAS,Agriculture and Others,Singapore,2050,1.909998,0.530555
BAS,Agriculture and Others,Singapore,2051,1.951409,0.542058
BAS,Agriculture and Others,Singapore,2052,1.993718,0.553811
BAS,Agriculture and Others,Singapore,2053,2.036943,0.565817
BAS,Agriculture and Others,Singapore,2054,2.081107,0.578085
BAS,Agriculture and Others,Singapore,2055,2.126228,0.590619
BAS,Agriculture and Others,Singapore,2056,2.172327,0.603424
BAS,Agriculture and Others,Singapore,2057,2.219426,0.616507
BAS,Agriculture and Others,Singapore,2058,2.267546,0.629874
BAS,Agriculture and Others,Singapore,2059,2.316709,0.64353
BAS,Agriculture and Others,Singapore,2060,2.366938,0.657483
BAS,Agriculture and Others,Thailand,2005,134.252225,37.292285
BAS,Agriculture and Others,Thailand,2006,138.643788,38.512163
BAS,Agriculture and Others,Thailand,2007,144.354164,40.098379
BAS,Agriculture and Others,Thailand,2008,144.292814,40.081337
BAS,Agriculture and Others,Thailand,2009,145.593782,40.442717
BAS,Agriculture and Others,Thailand,2010,146.509937,40.697205
BAS,Agriculture and Others,Thailand,2011,154.321262,42.867017
BAS,Agriculture and Others,Thailand,2012,158.676746,44.076874
BAS,Agriculture and Others,Thailand,2013,163.53599,45.426664
BAS,Agriculture and Others,Thailand,2014,165.16926,45.88035
BAS,Agriculture and Others,Thailand,2015,162.908388,45.25233
BAS,Agriculture and Others,Thailand,2016,125.059716,34.73881
BAS,Agriculture and Others,Thailand,2017,111.033936,30.84276
BAS,Agriculture and Others,Thailand,2018,120.412368,33.44788
BAS,Agriculture and Others,Thailand,2019,123.09192,34.1922
BAS,Agriculture and Others,Thailand,2020,97.050024,26.95834
BAS,Agriculture and Others,Thailand,2021,93.533112,25.98142
BAS,Agriculture and Others,Thailand,2022,98.80848,27.4468
BAS,Agriculture and Others,Thailand,2023,94.872888,26.35358
BAS,Agriculture and Others,Thailand,2024,94.998492,26.38847
BAS,Agriculture and Others,Thailand,2025,97.848703,27.180195
BAS,Agriculture and Others,Thailand,2026,100.787945,27.996651
BAS,Agriculture and Others,Thailand,2027,103.791216,28.830893
BAS,Agriculture and Others,Thailand,2028,106.873151,29.686986
BAS,Agriculture and Others,Thailand,2029,110.055703,30.571029
BAS,Agriculture and Others,Thailand,2030,114.20845,31.724569
BAS,Agriculture and Others,Thailand,2031,118.361806,32.878279
BAS,Agriculture and Others,Thailand,2032,123.553044,34.32029
BAS,Agriculture and Others,Thailand,2033,127.70579,35.473831
BAS,Agriculture and Others,Thailand,2034,132.897028,36.915841
BAS,Agriculture and Others,Thailand,2035,138.088265,38.357851
BAS,Agriculture and Others,Thailand,2036,143.280113,39.800031
BAS,Agriculture and Others,Thailand,2037,148.471351,41.242042
BAS,Agriculture and Others,Thailand,2038,153.662588,42.684052
BAS,Agriculture and Others,Thailand,2039,159.892318,44.414533
BAS,Agriculture and Others,Thailand,2040,165.083556,45.856543
BAS,Agriculture and Others,Thailand,2041,171.312675,47.586854
BAS,Agriculture and Others,Thailand,2042,177.542404,49.317334
BAS,Agriculture and Others,Thailand,2043,183.772134,51.047815
BAS,Agriculture and Others,Thailand,2044,190.001253,52.778126
BAS,Agriculture and Others,Thailand,2045,196.230982,54.508606
BAS,Agriculture and Others,Thailand,2046,202.460712,56.239087
BAS,Agriculture and Others,Thailand,2047,209.728322,58.257867
BAS,Agriculture and Others,Thailand,2048,216.996542,60.276817
BAS,Agriculture and Others,Thailand,2049,223.225662,62.007128
BAS,Agriculture and Others,Thailand,2050,230.493883,64.026079
BAS,Agriculture and Others,Thailand,2051,237.998756,66.110766
BAS,Agriculture and Others,Thailand,2052,245.747989,68.26333
BAS,Agriculture and Others,Thailand,2053,253.749535,70.485982
BAS,Agriculture and Others,Thailand,2054,262.011613,72.781004
BAS,Agriculture and Others,Thailand,2055,270.542702,75.150751
BAS,Agriculture and Others,Thailand,2056,279.351565,77.597657
BAS,Agriculture and Others,Thailand,2057,288.447243,80.124234
BAS,Agriculture and Others,Thailand,2058,297.839076,82.733077
BAS,Agriculture and Others,Thailand,2059,307.536707,85.426863
BAS,Agriculture and Others,Thailand,2060,317.550093,88.208359
BAS,Agriculture and Others,Vietnam,2005,22.776192,6.32672
BAS,Agriculture and Others,Vietnam,2006,24.325307,6.75703
BAS,Agriculture and Others,Vietnam,2007,24.071693,6.686581
BAS,Agriculture and Others,Vietnam,2008,24.576516,6.82681
BAS,Agriculture and Others,Vietnam,2009,58.573333,16.27037
BAS,Agriculture and Others,Vietnam,2010,24.283441,6.7454
BAS,Agriculture and Others,Vietnam,2011,26.1675,7.26875
BAS,Agriculture and Others,Vietnam,2012,25.874424,7.18734
BAS,Agriculture and Others,Vietnam,2013,25.288272,7.02452
BAS,Agriculture and Others,Vietnam,2014,25.746245,7.151735
BAS,Agriculture and Others,Vietnam,2015,41.160361,11.433434
BAS,Agriculture and Others,Vietnam,2016,44.082595,12.245165
BAS,Agriculture and Others,Vietnam,2017,48.06927,13.352575
BAS,Agriculture and Others,Vietnam,2018,128.940545,35.816818
BAS,Agriculture and Others,Vietnam,2019,139.727486,38.813191
BAS,Agriculture and Others,Vietnam,2020,136.168351,37.824542
BAS,Agriculture and Others,Vietnam,2021,146.538,40.705
BAS,Agriculture and Others,Vietnam,2022,150.7248,41.868
BAS,Agriculture and Others,Vietnam,2023,158.637851,44.06607
BAS,Agriculture and Others,Vietnam,2024,158.637851,44.06607
BAS,Agriculture and Others,Vietnam,2025,168.473713,46.798254
BAS,Agriculture and Others,Vietnam,2026,179.424363,49.840101
BAS,Agriculture and Others,Vietnam,2027,191.086603,53.079612
BAS,Agriculture and Others,Vietnam,2028,203.507292,56.529803
BAS,Agriculture and Others,Vietnam,2029,216.735467,60.204296
BAS,Agriculture and Others,Vietnam,2030,227.455095,63.181971
BAS,Agriculture and Others,Vietnam,2031,238.843814,66.345504
BAS,Agriculture and Others,Vietnam,2032,250.569258,69.602572
BAS,Agriculture and Others,Vietnam,2033,262.628159,72.952266
BAS,Agriculture and Others,Vietnam,2034,275.692876,76.581354
BAS,Agriculture and Others,Vietnam,2035,288.756503,80.21014
BAS,Agriculture and Others,Vietnam,2036,302.491401,84.025389
BAS,Agriculture and Others,Vietnam,2037,316.560844,87.933568
BAS,Agriculture and Others,Vietnam,2038,331.300469,92.027908
BAS,Agriculture and Others,Vietnam,2039,345.034277,95.842855
BAS,Agriculture and Others,Vietnam,2040,361.783356,100.495377
BAS,Agriculture and Others,Vietnam,2041,378.533522,105.148201
BAS,Agriculture and Others,Vietnam,2042,395.282601,109.800722
BAS,Agriculture and Others,Vietnam,2043,412.031679,114.453244
BAS,Agriculture and Others,Vietnam,2044,428.780757,119.105766
BAS,Agriculture and Others,Vietnam,2045,445.529835,123.758288
BAS,Agriculture and Others,Vietnam,2046,462.278913,128.410809
BAS,Agriculture and Others,Vietnam,2047,479.027991,133.063331
BAS,Agriculture and Others,Vietnam,2048,499.127974,138.646659
BAS,Agriculture and Others,Vietnam,2049,515.877052,143.299181
BAS,Agriculture and Others,Vietnam,2050,535.975947,148.882207
BAS,Agriculture and Others,Vietnam,2051,556.857905,154.682751
BAS,Agriculture and Others,Vietnam,2052,578.553438,160.709288
BAS,Agriculture and Others,Vietnam,2053,601.094243,166.970623
BAS,Agriculture and Others,Vietnam,2054,624.513253,173.475904
BAS,Agriculture and Others,Vietnam,2055,648.844681,180.234634
BAS,Agriculture and Others,Vietnam,2056,674.124076,187.256688
BAS,Agriculture and Others,Vietnam,2057,700.388373,194.552326
BAS,Agriculture and Others,Vietnam,2058,727.675945,202.132207
BAS,Agriculture and Others,Vietnam,2059,756.026656,210.007404
BAS,Agriculture and Others,Vietnam,2060,785.481928,218.189424
BAS,Commercial,Brunei,2005,4.647348,1.29093
BAS,Commercial,Brunei,2006,4.563612,1.26767
BAS,Commercial,Brunei,2007,4.856688,1.34908
BAS,Commercial,Brunei,2008,5.02416,1.3956
BAS,Commercial,Brunei,2009,5.02416,1.3956
BAS,Commercial,Brunei,2010,5.107896,1.41886
BAS,Commercial,Brunei,2011,5.191632,1.44212
BAS,Commercial,Brunei,2012,5.275368,1.46538
BAS,Commercial,Brunei,2013,5.400972,1.50027
BAS,Commercial,Brunei,2014,6.531408,1.81428
BAS,Commercial,Brunei,2015,6.615144,1.83754
BAS,Commercial,Brunei,2016,6.154596,1.70961
BAS,Commercial,Brunei,2017,7.551732,2.097703
BAS,Commercial,Brunei,2018,7.873696,2.187138
BAS,Commercial,Brunei,2019,8.157562,2.265989
BAS,Commercial,Brunei,2020,8.534792,2.370776
BAS,Commercial,Brunei,2021,7.150636,1.986288
BAS,Commercial,Brunei,2022,6.355143,1.765317
BAS,Commercial,Brunei,2023,6.323742,1.756595
BAS,Commercial,Brunei,2024,5.410601,1.502945
BAS,Commercial,Brunei,2025,5.635857,1.565516
BAS,Commercial,Brunei,2026,5.757715,1.599365
BAS,Commercial,Brunei,2027,5.891213,1.636448
BAS,Commercial,Brunei,2028,6.029822,1.674951
BAS,Commercial,Brunei,2029,6.175745,1.715485
BAS,Commercial,Brunei,2030,6.18892,1.719144
BAS,Commercial,Brunei,2031,6.17764,1.716011
BAS,Commercial,Brunei,2032,6.194706,1.720752
BAS,Commercial,Brunei,2033,6.188308,1.718974
BAS,Commercial,Brunei,2034,6.182478,1.717355
BAS,Commercial,Brunei,2035,6.202138,1.722816
BAS,Commercial,Brunei,2036,6.173842,1.714956
BAS,Commercial,Brunei,2037,6.17199,1.714442
BAS,Commercial,Brunei,2038,6.169175,1.71366
BAS,Commercial,Brunei,2039,6.167237,1.713121
BAS,Commercial,Brunei,2040,6.168242,1.713401
BAS,Commercial,Brunei,2041,6.170332,1.713981
BAS,Commercial,Brunei,2042,6.14914,1.708094
BAS,Commercial,Brunei,2043,6.15417,1.709492
BAS,Commercial,Brunei,2044,6.160493,1.711248
BAS,Commercial,Brunei,2045,6.167019,1.713061
BAS,Commercial,Brunei,2046,6.150628,1.708508
BAS,Commercial,Brunei,2047,6.160245,1.711179
BAS,Commercial,Brunei,2048,6.147275,1.707576
BAS,Commercial,Brunei,2049,6.159231,1.710898
BAS,Commercial,Brunei,2050,6.172685,1.714635
BAS,Commercial,Brunei,2051,6.187851,1.718847
BAS,Commercial,Brunei,2052,6.205687,1.723802
BAS,Commercial,Brunei,2053,6.22609,1.729469
BAS,Commercial,Brunei,2054,6.247754,1.735487
BAS,Commercial,Brunei,2055,6.270826,1.741896
BAS,Commercial,Brunei,2056,6.295184,1.748662
BAS,Commercial,Brunei,2057,6.321216,1.755893
BAS,Commercial,Brunei,2058,6.348938,1.763594
BAS,Commercial,Brunei,2059,6.377765,1.771601
BAS,Commercial,Brunei,2060,6.407097,1.779749
BAS,Commercial,Cambodia,2005,12.644136,3.51226
BAS,Commercial,Cambodia,2006,13.3991,3.721972
BAS,Commercial,Cambodia,2007,14.484879,4.023578
BAS,Commercial,Cambodia,2008,15.742368,4.37288
BAS,Commercial,Cambodia,2009,16.916363,4.69899
BAS,Commercial,Cambodia,2010,18.671261,5.186461
BAS,Commercial,Cambodia,2011,19.093717,5.30381
BAS,Commercial,Cambodia,2012,19.550401,5.430667
BAS,Commercial,Cambodia,2013,20.347848,5.65218
BAS,Commercial,Cambodia,2014,20.850265,5.79174
BAS,Commercial,Cambodia,2015,22.73205,6.314458
BAS,Commercial,Cambodia,2016,24.406602,6.779612
BAS,Commercial,Cambodia,2017,25.832556,7.17571
BAS,Commercial,Cambodia,2018,20.97377,5.826047
BAS,Commercial,Cambodia,2019,25.82837,7.174547
BAS,Commercial,Cambodia,2020,17.712258,4.920072
BAS,Commercial,Cambodia,2021,17.332515,4.814588
BAS,Commercial,Cambodia,2022,21.147527,5.874313
BAS,Commercial,Cambodia,2023,24.701701,6.861584
BAS,Commercial,Cambodia,2024,24.701701,6.861584
BAS,Commercial,Cambodia,2025,28.986352,8.051764
BAS,Commercial,Cambodia,2026,30.406009,8.446114
BAS,Commercial,Cambodia,2027,31.864826,8.851341
BAS,Commercial,Cambodia,2028,33.342191,9.26172
BAS,Commercial,Cambodia,2029,34.812771,9.670214
BAS,Commercial,Cambodia,2030,34.774548,9.659597
BAS,Commercial,Cambodia,2031,35.381769,9.828269
BAS,Commercial,Cambodia,2032,36.009353,10.002598
BAS,Commercial,Cambodia,2033,36.656887,10.182469
BAS,Commercial,Cambodia,2034,37.324933,10.368037
BAS,Commercial,Cambodia,2035,38.01231,10.558975
BAS,Commercial,Cambodia,2036,38.735704,10.759918
BAS,Commercial,Cambodia,2037,39.482236,10.967288
BAS,Commercial,Cambodia,2038,40.247124,11.179757
BAS,Commercial,Cambodia,2039,41.036383,11.398995
BAS,Commercial,Cambodia,2040,41.852233,11.62562
BAS,Commercial,Cambodia,2041,42.664507,11.851252
BAS,Commercial,Cambodia,2042,43.498309,12.082864
BAS,Commercial,Cambodia,2043,44.357032,12.321398
BAS,Commercial,Cambodia,2044,45.243599,12.567666
BAS,Commercial,Cambodia,2045,46.159754,12.822154
BAS,Commercial,Cambodia,2046,47.025532,13.062648
BAS,Commercial,Cambodia,2047,47.918778,13.310772
BAS,Commercial,Cambodia,2048,48.841808,13.567169
BAS,Commercial,Cambodia,2049,49.793562,13.831545
BAS,Commercial,Cambodia,2050,50.778722,14.105201
BAS,Commercial,Cambodia,2051,51.796653,14.387959
BAS,Commercial,Cambodia,2052,52.846902,14.679695
BAS,Commercial,Cambodia,2053,53.93479,14.981886
BAS,Commercial,Cambodia,2054,55.057595,15.293776
BAS,Commercial,Cambodia,2055,56.218396,15.616221
BAS,Commercial,Cambodia,2056,57.418167,15.949491
BAS,Commercial,Cambodia,2057,58.653777,16.292716
BAS,Commercial,Cambodia,2058,59.927637,16.646566
BAS,Commercial,Cambodia,2059,61.242835,17.011899
BAS,Commercial,Cambodia,2060,62.601015,17.389171
BAS,Commercial,Indonesia,2005,149.822545,41.617374
BAS,Commercial,Indonesia,2006,149.598311,41.555086
BAS,Commercial,Indonesia,2007,155.533339,43.203705
BAS,Commercial,Indonesia,2008,161.152864,44.764684
BAS,Commercial,Indonesia,2009,168.799634,46.888787
BAS,Commercial,Indonesia,2010,176.663282,49.073134
BAS,Commercial,Indonesia,2011,194.920661,54.144628
BAS,Commercial,Indonesia,2012,212.076073,58.91002
BAS,Commercial,Indonesia,2013,224.066504,62.240696
BAS,Commercial,Indonesia,2014,229.853646,63.848235
BAS,Commercial,Indonesia,2015,242.40609,67.335025
BAS,Commercial,Indonesia,2016,230.023005,63.895279
BAS,Commercial,Indonesia,2017,241.551886,67.097746
BAS,Commercial,Indonesia,2018,246.429653,68.452681
BAS,Commercial,Indonesia,2019,250.903621,69.69545
BAS,Commercial,Indonesia,2020,238.723925,66.312201
BAS,Commercial,Indonesia,2021,248.322457,68.97846
BAS,Commercial,Indonesia,2022,283.525072,78.756964
BAS,Commercial,Indonesia,2023,325.208852,90.335792
BAS,Commercial,Indonesia,2024,342.066583,95.018495
BAS,Commercial,Indonesia,2025,396.249385,110.069274
BAS,Commercial,Indonesia,2026,429.88779,119.413275
BAS,Commercial,Indonesia,2027,469.058241,130.293956
BAS,Commercial,Indonesia,2028,510.785622,141.884895
BAS,Commercial,Indonesia,2029,555.77921,154.383114
BAS,Commercial,Indonesia,2030,603.114039,167.531678
BAS,Commercial,Indonesia,2031,662.429548,184.008208
BAS,Commercial,Indonesia,2032,726.964053,201.934459
BAS,Commercial,Indonesia,2033,796.716664,221.310184
BAS,Commercial,Indonesia,2034,872.336397,242.315666
BAS,Commercial,Indonesia,2035,951.552939,264.320261
BAS,Commercial,Indonesia,2036,1033.827624,287.17434
BAS,Commercial,Indonesia,2037,1118.933949,310.814986
BAS,Commercial,Indonesia,2038,1207.142666,335.317407
BAS,Commercial,Indonesia,2039,1298.422042,360.672789
BAS,Commercial,Indonesia,2040,1392.764264,386.878962
BAS,Commercial,Indonesia,2041,1490.175773,413.937715
BAS,Commercial,Indonesia,2042,1590.668485,441.852357
BAS,Commercial,Indonesia,2043,1694.226041,470.618345
BAS,Commercial,Indonesia,2044,1801.39475,500.387431
BAS,Commercial,Indonesia,2045,1911.781451,531.050403
BAS,Commercial,Indonesia,2046,2025.407231,562.61312
BAS,Commercial,Indonesia,2047,2141.749985,594.930551
BAS,Commercial,Indonesia,2048,2260.589168,627.941436
BAS,Commercial,Indonesia,2049,2381.116075,661.421132
BAS,Commercial,Indonesia,2050,2503.023666,695.284352
BAS,Commercial,Indonesia,2051,2626.715546,729.643207
BAS,Commercial,Indonesia,2052,2751.674786,764.354107
BAS,Commercial,Indonesia,2053,2877.673669,799.353797
BAS,Commercial,Indonesia,2054,3004.118893,834.47747
BAS,Commercial,Indonesia,2055,3130.778765,869.660768
BAS,Commercial,Indonesia,2056,3256.982428,904.717341
BAS,Commercial,Indonesia,2057,3382.935434,939.704287
BAS,Commercial,Indonesia,2058,3508.434886,974.565246
BAS,Commercial,Indonesia,2059,3633.063588,1009.18433
BAS,Commercial,Indonesia,2060,3756.386004,1043.440557
BAS,Commercial,Laos,2005,10.131219,2.814228
BAS,Commercial,Laos,2006,10.433924,2.898312
BAS,Commercial,Laos,2007,11.429965,3.17499
BAS,Commercial,Laos,2008,12.968195,3.602276
BAS,Commercial,Laos,2009,13.758661,3.82185
BAS,Commercial,Laos,2010,13.939532,3.872092
BAS,Commercial,Laos,2011,13.818951,3.838598
BAS,Commercial,Laos,2012,14.445716,4.012699
BAS,Commercial,Laos,2013,14.505587,4.02933
BAS,Commercial,Laos,2014,14.09669,3.915747
BAS,Commercial,Laos,2015,14.684569,4.079047
BAS,Commercial,Laos,2016,15.16124,4.211456
BAS,Commercial,Laos,2017,15.546426,4.318452
BAS,Commercial,Laos,2018,16.080661,4.46685
BAS,Commercial,Laos,2019,16.69654,4.637928
BAS,Commercial,Laos,2020,16.235992,4.509998
BAS,Commercial,Laos,2021,16.012417,4.447894
BAS,Commercial,Laos,2022,16.815032,4.670842
BAS,Commercial,Laos,2023,17.856283,4.960079
BAS,Commercial,Laos,2024,17.646943,4.901929
BAS,Commercial,Laos,2025,20.307023,5.64084
BAS,Commercial,Laos,2026,20.86691,5.796364
BAS,Commercial,Laos,2027,21.484391,5.967886
BAS,Commercial,Laos,2028,22.171178,6.158661
BAS,Commercial,Laos,2029,22.924902,6.368028
BAS,Commercial,Laos,2030,22.715568,6.30988
BAS,Commercial,Laos,2031,23.068633,6.407954
BAS,Commercial,Laos,2032,23.435567,6.50988
BAS,Commercial,Laos,2033,23.817286,6.615913
BAS,Commercial,Laos,2034,24.214228,6.726174
BAS,Commercial,Laos,2035,24.62589,6.840525
BAS,Commercial,Laos,2036,25.101182,6.972551
BAS,Commercial,Laos,2037,25.592609,7.109058
BAS,Commercial,Laos,2038,26.100695,7.250193
BAS,Commercial,Laos,2039,26.62853,7.396814
BAS,Commercial,Laos,2040,27.177301,7.54925
BAS,Commercial,Laos,2041,27.825737,7.729371
BAS,Commercial,Laos,2042,28.49649,7.915692
BAS,Commercial,Laos,2043,29.193386,8.109274
BAS,Commercial,Laos,2044,29.916268,8.310074
BAS,Commercial,Laos,2045,30.6651,8.518083
BAS,Commercial,Laos,2046,31.498884,8.74969
BAS,Commercial,Laos,2047,32.364333,8.990092
BAS,Commercial,Laos,2048,33.262694,9.239637
BAS,Commercial,Laos,2049,34.196212,9.498948
BAS,Commercial,Laos,2050,35.167302,9.768695
BAS,Commercial,Laos,2051,36.174873,10.048576
BAS,Commercial,Laos,2052,37.221337,10.33926
BAS,Commercial,Laos,2053,38.309342,10.641484
BAS,Commercial,Laos,2054,39.441012,10.955837
BAS,Commercial,Laos,2055,40.619699,11.28325
BAS,Commercial,Laos,2056,41.845459,11.623739
BAS,Commercial,Laos,2057,43.118018,11.977227
BAS,Commercial,Laos,2058,44.440895,12.344693
BAS,Commercial,Laos,2059,45.818332,12.727314
BAS,Commercial,Laos,2060,47.251838,13.125511
BAS,Commercial,Malaysia,2005,123.552467,34.32013
BAS,Commercial,Malaysia,2006,128.145132,35.59587
BAS,Commercial,Malaysia,2007,158.009833,43.89162
BAS,Commercial,Malaysia,2008,147.500963,40.97249
BAS,Commercial,Malaysia,2009,158.863076,44.128632
BAS,Commercial,Malaysia,2010,179.864927,49.96248
BAS,Commercial,Malaysia,2011,176.766697,49.10186
BAS,Commercial,Malaysia,2012,176.850432,49.12512
BAS,Commercial,Malaysia,2013,184.344804,51.20689
BAS,Commercial,Malaysia,2014,186.94062,51.92795
BAS,Commercial,Malaysia,2015,186.3126,51.7535
BAS,Commercial,Malaysia,2016,199.48107,55.411408
BAS,Commercial,Malaysia,2017,191.499208,53.194224
BAS,Commercial,Malaysia,2018,185.47524,51.5209
BAS,Commercial,Malaysia,2019,195.169097,54.213638
BAS,Commercial,Malaysia,2020,169.073033,46.964731
BAS,Commercial,Malaysia,2021,163.942109,45.539475
BAS,Commercial,Malaysia,2022,184.596012,51.27667
BAS,Commercial,Malaysia,2023,251.274992,69.798609
BAS,Commercial,Malaysia,2024,222.821496,61.89486
BAS,Commercial,Malaysia,2025,258.13,71.702778
BAS,Commercial,Malaysia,2026,288.043544,80.012096
BAS,Commercial,Malaysia,2027,317.34705,88.151958
BAS,Commercial,Malaysia,2028,346.859736,96.349927
BAS,Commercial,Malaysia,2029,376.6038,104.612167
BAS,Commercial,Malaysia,2030,407.083938,113.078872
BAS,Commercial,Malaysia,2031,445.619092,123.783081
BAS,Commercial,Malaysia,2032,479.111873,133.086631
BAS,Commercial,Malaysia,2033,510.143334,141.706482
BAS,Commercial,Malaysia,2034,539.118173,149.755048
BAS,Commercial,Malaysia,2035,571.682402,158.800667
BAS,Commercial,Malaysia,2036,602.994841,167.498567
BAS,Commercial,Malaysia,2037,628.154516,174.487366
BAS,Commercial,Malaysia,2038,657.765586,182.712663
BAS,Commercial,Malaysia,2039,686.778721,190.771867
BAS,Commercial,Malaysia,2040,715.293698,198.692694
BAS,Commercial,Malaysia,2041,748.314099,207.865027
BAS,Commercial,Malaysia,2042,775.868263,215.518962
BAS,Commercial,Malaysia,2043,803.02493,223.062481
BAS,Commercial,Malaysia,2044,834.610877,231.836355
BAS,Commercial,Malaysia,2045,861.063929,239.184425
BAS,Commercial,Malaysia,2046,891.769679,247.7138
BAS,Commercial,Malaysia,2047,921.981425,256.105951
BAS,Commercial,Malaysia,2048,951.735992,264.371109
BAS,Commercial,Malaysia,2049,981.040963,272.511379
BAS,Commercial,Malaysia,2050,1005.599065,279.333074
BAS,Commercial,Malaysia,2051,1030.420107,286.227807
BAS,Commercial,Malaysia,2052,1055.525594,293.201554
BAS,Commercial,Malaysia,2053,1080.888439,300.246789
BAS,Commercial,Malaysia,2054,1106.54718,307.374217
BAS,Commercial,Malaysia,2055,1132.537998,314.593888
BAS,Commercial,Malaysia,2056,1158.814336,321.892871
BAS,Commercial,Malaysia,2057,1185.342317,329.261755
BAS,Commercial,Malaysia,2058,1212.13621,336.704503
BAS,Commercial,Malaysia,2059,1239.167762,344.213267
BAS,Commercial,Malaysia,2060,1266.471885,351.797746
BAS,Commercial,Myanmar,2005,98.529388,27.369274
BAS,Commercial,Myanmar,2006,101.738989,28.26083
BAS,Commercial,Myanmar,2007,105.010597,29.16961
BAS,Commercial,Myanmar,2008,108.406886,30.113024
BAS,Commercial,Myanmar,2009,111.908517,31.085699
BAS,Commercial,Myanmar,2010,115.325095,32.034749
BAS,Commercial,Myanmar,2011,122.789424,34.108173
BAS,Commercial,Myanmar,2012,124.339331,34.538703
BAS,Commercial,Myanmar,2013,119.886891,33.301914
BAS,Commercial,Myanmar,2014,127.673429,35.464841
BAS,Commercial,Myanmar,2015,119.900303,33.30564
BAS,Commercial,Myanmar,2016,122.574342,34.048428
BAS,Commercial,Myanmar,2017,107.889471,29.969297
BAS,Commercial,Myanmar,2018,101.802991,28.278609
BAS,Commercial,Myanmar,2019,153.588165,42.663379
BAS,Commercial,Myanmar,2020,103.567616,28.768782
BAS,Commercial,Myanmar,2021,127.660557,35.461266
BAS,Commercial,Myanmar,2022,76.20043,21.166786
BAS,Commercial,Myanmar,2023,94.00107,26.111408
BAS,Commercial,Myanmar,2024,94.00107,26.111408
BAS,Commercial,Myanmar,2025,104.271112,28.964198
BAS,Commercial,Myanmar,2026,105.732553,29.370154
BAS,Commercial,Myanmar,2027,107.253917,29.792755
BAS,Commercial,Myanmar,2028,108.829387,30.230385
BAS,Commercial,Myanmar,2029,110.461465,30.68374
BAS,Commercial,Myanmar,2030,110.587689,30.718803
BAS,Commercial,Myanmar,2031,113.286548,31.468486
BAS,Commercial,Myanmar,2032,116.086164,32.246157
BAS,Commercial,Myanmar,2033,118.990911,33.053031
BAS,Commercial,Myanmar,2034,122.003323,33.889812
BAS,Commercial,Myanmar,2035,125.127295,34.757582
BAS,Commercial,Myanmar,2036,128.402444,35.667346
BAS,Commercial,Myanmar,2037,131.796938,36.610261
BAS,Commercial,Myanmar,2038,135.30903,37.585842
BAS,Commercial,Myanmar,2039,138.948615,38.596838
BAS,Commercial,Myanmar,2040,142.722433,39.64512
BAS,Commercial,Myanmar,2041,146.686632,40.746287
BAS,Commercial,Myanmar,2042,150.794852,41.887459
BAS,Commercial,Myanmar,2043,155.055984,43.071107
BAS,Commercial,Myanmar,2044,159.476654,44.299071
BAS,Commercial,Myanmar,2045,164.055386,45.570941
BAS,Commercial,Myanmar,2046,169.005448,46.945958
BAS,Commercial,Myanmar,2047,174.148086,48.374468
BAS,Commercial,Myanmar,2048,179.484502,49.856806
BAS,Commercial,Myanmar,2049,185.02089,51.394692
BAS,Commercial,Myanmar,2050,190.761496,52.989304
BAS,Commercial,Myanmar,2051,196.715795,54.643276
BAS,Commercial,Myanmar,2052,202.896152,56.360042
BAS,Commercial,Myanmar,2053,209.308287,58.141191
BAS,Commercial,Myanmar,2054,215.966381,59.990661
BAS,Commercial,Myanmar,2055,222.879574,61.910993
BAS,Commercial,Myanmar,2056,230.059699,63.905472
BAS,Commercial,Myanmar,2057,237.509874,65.974965
BAS,Commercial,Myanmar,2058,245.22926,68.119239
BAS,Commercial,Myanmar,2059,253.241623,70.344895
BAS,Commercial,Myanmar,2060,261.567143,72.65754
BAS,Commercial,Philippines,2005,77.573226,21.548118
BAS,Commercial,Philippines,2006,80.696077,22.415577
BAS,Commercial,Philippines,2007,83.28215,23.133931
BAS,Commercial,Philippines,2008,85.558932,23.76637
BAS,Commercial,Philippines,2009,101.015289,28.059802
BAS,Commercial,Philippines,2010,111.487366,30.968713
BAS,Commercial,Philippines,2011,114.67394,31.853872
BAS,Commercial,Philippines,2012,118.468017,32.907783
BAS,Commercial,Philippines,2013,127.164264,35.323407
BAS,Commercial,Philippines,2014,142.228525,39.507924
BAS,Commercial,Philippines,2015,141.083855,39.18996
BAS,Commercial,Philippines,2016,161.794008,44.94278
BAS,Commercial,Philippines,2017,184.405931,51.22387
BAS,Commercial,Philippines,2018,195.445266,54.290352
BAS,Commercial,Philippines,2019,205.775778,57.159938
BAS,Commercial,Philippines,2020,193.057533,53.627092
BAS,Commercial,Philippines,2021,202.971041,56.380845
BAS,Commercial,Philippines,2022,186.376658,51.771294
BAS,Commercial,Philippines,2023,198.307363,55.085379
BAS,Commercial,Philippines,2024,198.307362,55.085378
BAS,Commercial,Philippines,2025,223.722494,62.145137
BAS,Commercial,Philippines,2026,235.578663,65.438518
BAS,Commercial,Philippines,2027,248.381801,68.994945
BAS,Commercial,Philippines,2028,261.924517,72.75681
BAS,Commercial,Philippines,2029,276.431178,76.786438
BAS,Commercial,Philippines,2030,287.84896,79.958044
BAS,Commercial,Philippines,2031,300.238539,83.399594
BAS,Commercial,Philippines,2032,315.403032,87.611953
BAS,Commercial,Philippines,2033,327.648729,91.013536
BAS,Commercial,Philippines,2034,342.67142,95.186506
BAS,Commercial,Philippines,2035,354.844097,98.567805
BAS,Commercial,Philippines,2036,369.818051,102.727236
BAS,Commercial,Philippines,2037,384.798727,106.888535
BAS,Commercial,Philippines,2038,399.821835,111.061621
BAS,Commercial,Philippines,2039,417.716593,116.032387
BAS,Commercial,Philippines,2040,432.920744,120.255762
BAS,Commercial,Philippines,2041,451.034256,125.287293
BAS,Commercial,Philippines,2042,469.299324,130.360923
BAS,Commercial,Philippines,2043,487.749325,135.485924
BAS,Commercial,Philippines,2044,506.408836,140.669121
BAS,Commercial,Philippines,2045,525.324096,145.92336
BAS,Commercial,Philippines,2046,544.52763,151.257675
BAS,Commercial,Philippines,2047,566.877328,157.465924
BAS,Commercial,Philippines,2048,589.627434,163.785398
BAS,Commercial,Philippines,2049,609.965441,169.434845
BAS,Commercial,Philippines,2050,633.580294,175.994526
BAS,Commercial,Philippines,2051,658.48489,182.912469
BAS,Commercial,Philippines,2052,684.774144,190.21504
BAS,Commercial,Philippines,2053,712.510741,197.91965
BAS,Commercial,Philippines,2054,741.738653,206.038515
BAS,Commercial,Philippines,2055,772.550873,214.597465
BAS,Commercial,Philippines,2056,805.039238,223.622011
BAS,Commercial,Philippines,2057,839.244062,233.123351
BAS,Commercial,Philippines,2058,875.217916,243.116088
BAS,Commercial,Philippines,2059,913.080594,253.633498
BAS,Commercial,Philippines,2060,952.92126,264.70035
BAS,Commercial,Singapore,2005,51.204564,14.22349
BAS,Commercial,Singapore,2006,55.683896,15.467749
BAS,Commercial,Singapore,2007,60.62329,16.839803
BAS,Commercial,Singapore,2008,63.01291,17.503586
BAS,Commercial,Singapore,2009,62.722283,17.422856
BAS,Commercial,Singapore,2010,65.983465,18.32874
BAS,Commercial,Singapore,2011,67.575321,18.770923
BAS,Commercial,Singapore,2012,69.453774,19.292715
BAS,Commercial,Singapore,2013,71.47141,19.853169
BAS,Commercial,Singapore,2014,72.394804,20.109668
BAS,Commercial,Singapore,2015,74.143547,20.59543
BAS,Commercial,Singapore,2016,75.77815,21.049486
BAS,Commercial,Singapore,2017,75.697411,21.027059
BAS,Commercial,Singapore,2018,78.963718,21.934366
BAS,Commercial,Singapore,2019,76.155475,21.154299
BAS,Commercial,Singapore,2020,108.153916,30.042754
BAS,Commercial,Singapore,2021,78.880049,21.911125
BAS,Commercial,Singapore,2022,82.271807,22.85328
BAS,Commercial,Singapore,2023,82.271807,22.85328
BAS,Commercial,Singapore,2024,82.271807,22.85328
BAS,Commercial,Singapore,2025,88.011627,24.447674
BAS,Commercial,Singapore,2026,95.859193,26.627554
BAS,Commercial,Singapore,2027,103.696153,28.804487
BAS,Commercial,Singapore,2028,111.568536,30.99126
BAS,Commercial,Singapore,2029,119.52675,33.201875
BAS,Commercial,Singapore,2030,127.829772,35.50827
BAS,Commercial,Singapore,2031,134.057534,37.238204
BAS,Commercial,Singapore,2032,139.476738,38.743538
BAS,Commercial,Singapore,2033,144.078671,40.021853
BAS,Commercial,Singapore,2034,148.321677,41.200466
BAS,Commercial,Singapore,2035,152.331518,42.314311
BAS,Commercial,Singapore,2036,156.060046,43.350013
BAS,Commercial,Singapore,2037,159.583822,44.328839
BAS,Commercial,Singapore,2038,162.962997,45.267499
BAS,Commercial,Singapore,2039,166.383892,46.217748
BAS,Commercial,Singapore,2040,169.5892,47.108111
BAS,Commercial,Singapore,2041,172.880896,48.022471
BAS,Commercial,Singapore,2042,175.98865,48.885736
BAS,Commercial,Singapore,2043,179.199639,49.777677
BAS,Commercial,Singapore,2044,182.386725,50.662979
BAS,Commercial,Singapore,2045,185.406262,51.501739
BAS,Commercial,Singapore,2046,188.67735,52.410375
BAS,Commercial,Singapore,2047,191.794077,53.276133
BAS,Commercial,Singapore,2048,195.012452,54.170126
BAS,Commercial,Singapore,2049,198.21515,55.059764
BAS,Commercial,Singapore,2050,201.398018,55.943894
BAS,Commercial,Singapore,2051,205.697759,57.138266
BAS,Commercial,Singapore,2052,208.903995,58.028888
BAS,Commercial,Singapore,2053,212.132128,58.925591
BAS,Commercial,Singapore,2054,215.47615,59.854486
BAS,Commercial,Singapore,2055,218.883247,60.800902
BAS,Commercial,Singapore,2056,222.30239,61.750664
BAS,Commercial,Singapore,2057,225.75417,62.709492
BAS,Commercial,Singapore,2058,229.295362,63.693156
BAS,Commercial,Singapore,2059,232.921213,64.700337
BAS,Commercial,Singapore,2060,236.635738,65.732149
BAS,Commercial,Thailand,2005,161.008419,44.724561
BAS,Commercial,Thailand,2006,176.458484,49.016246
BAS,Commercial,Thailand,2007,187.937915,52.204976
BAS,Commercial,Thailand,2008,211.063706,58.628807
BAS,Commercial,Thailand,2009,206.844667,57.456852
BAS,Commercial,Thailand,2010,235.366076,65.379466
BAS,Commercial,Thailand,2011,230.750503,64.097362
BAS,Commercial,Thailand,2012,254.618488,70.727358
BAS,Commercial,Thailand,2013,243.06593,67.518314
BAS,Commercial,Thailand,2014,229.046305,63.623974
BAS,Commercial,Thailand,2015,249.211532,69.225426
BAS,Commercial,Thailand,2016,260.223917,72.284421
BAS,Commercial,Thailand,2017,270.143223,75.039784
BAS,Commercial,Thailand,2018,274.198137,76.166149
BAS,Commercial,Thailand,2019,286.631678,79.619911
BAS,Commercial,Thailand,2020,265.284171,73.690048
BAS,Commercial,Thailand,2021,259.352137,72.04226
BAS,Commercial,Thailand,2022,279.64818,77.68005
BAS,Commercial,Thailand,2023,298.768792,82.991331
BAS,Commercial,Thailand,2024,316.385825,87.884951
BAS,Commercial,Thailand,2025,350.674191,97.409498
BAS,Commercial,Thailand,2026,363.154259,100.876183
BAS,Commercial,Thailand,2027,375.930298,104.425083
BAS,Commercial,Thailand,2028,389.052345,108.070096
BAS,Commercial,Thailand,2029,402.601517,111.833755
BAS,Commercial,Thailand,2030,419.620091,116.561136
BAS,Commercial,Thailand,2031,438.233218,121.731449
BAS,Commercial,Thailand,2032,461.409054,128.169182
BAS,Commercial,Thailand,2033,481.206389,133.668441
BAS,Commercial,Thailand,2034,505.746197,140.485055
BAS,Commercial,Thailand,2035,531.067509,147.518752
BAS,Commercial,Thailand,2036,557.205109,154.779197
BAS,Commercial,Thailand,2037,584.173298,162.270361
BAS,Commercial,Thailand,2038,612.016039,170.004455
BAS,Commercial,Thailand,2039,645.116,179.198889
BAS,Commercial,Thailand,2040,674.79071,187.441864
BAS,Commercial,Thailand,2041,709.860876,197.183577
BAS,Commercial,Thailand,2042,745.938118,207.205033
BAS,Commercial,Thailand,2043,782.969899,217.491639
BAS,Commercial,Thailand,2044,820.914576,228.031827
BAS,Commercial,Thailand,2045,859.731214,238.814226
BAS,Commercial,Thailand,2046,899.376463,249.826795
BAS,Commercial,Thailand,2047,944.512589,262.364608
BAS,Commercial,Thailand,2048,990.392429,275.109008
BAS,Commercial,Thailand,2049,1032.149224,286.708118
BAS,Commercial,Thailand,2050,1079.267867,299.79663
BAS,Commercial,Thailand,2051,1127.969218,313.324783
BAS,Commercial,Thailand,2052,1178.258325,327.293979
BAS,Commercial,Thailand,2053,1230.059471,341.683186
BAS,Commercial,Thailand,2054,1283.342358,356.483988
BAS,Commercial,Thailand,2055,1338.104687,371.695746
BAS,Commercial,Thailand,2056,1394.320643,387.31129
BAS,Commercial,Thailand,2057,1451.985687,403.329357
BAS,Commercial,Thailand,2058,1511.06982,419.741617
BAS,Commercial,Thailand,2059,1571.572031,436.547786
BAS,Commercial,Thailand,2060,1633.546036,453.762788
BAS,Commercial,Vietnam,2005,69.710219,19.36395
BAS,Commercial,Vietnam,2006,66.953627,18.59823
BAS,Commercial,Vietnam,2007,64.727928,17.97998
BAS,Commercial,Vietnam,2008,65.983968,18.32888
BAS,Commercial,Vietnam,2009,68.956596,19.15461
BAS,Commercial,Vietnam,2010,69.0822,19.1895
BAS,Commercial,Vietnam,2011,79.046784,21.95744
BAS,Commercial,Vietnam,2012,76.979852,21.383292
BAS,Commercial,Vietnam,2013,84.57336,23.4926
BAS,Commercial,Vietnam,2014,88.793148,24.664763
BAS,Commercial,Vietnam,2015,79.088653,21.96907
BAS,Commercial,Vietnam,2016,87.034869,24.176353
BAS,Commercial,Vietnam,2017,93.961188,26.10033
BAS,Commercial,Vietnam,2018,101.069352,28.07482
BAS,Commercial,Vietnam,2019,111.829427,31.06373
BAS,Commercial,Vietnam,2020,101.623797,28.228833
BAS,Commercial,Vietnam,2021,86.909276,24.141466
BAS,Commercial,Vietnam,2022,112.848094,31.346693
BAS,Commercial,Vietnam,2023,116.557229,32.377008
BAS,Commercial,Vietnam,2024,116.557228,32.377008
BAS,Commercial,Vietnam,2025,132.772063,36.881129
BAS,Commercial,Vietnam,2026,141.369767,39.26938
BAS,Commercial,Vietnam,2027,150.457369,41.793714
BAS,Commercial,Vietnam,2028,160.058365,44.460657
BAS,Commercial,Vietnam,2029,170.211345,47.280929
BAS,Commercial,Vietnam,2030,178.432312,49.564531
BAS,Commercial,Vietnam,2031,187.771368,52.158713
BAS,Commercial,Vietnam,2032,197.578855,54.883015
BAS,Commercial,Vietnam,2033,207.879911,57.74442
BAS,Commercial,Vietnam,2034,219.266573,60.907381
BAS,Commercial,Vietnam,2035,230.935059,64.148628
BAS,Commercial,Vietnam,2036,243.512732,67.642426
BAS,Commercial,Vietnam,2037,256.75491,71.320808
BAS,Commercial,Vietnam,2038,270.999294,75.277582
BAS,Commercial,Vietnam,2039,284.83266,79.120183
BAS,Commercial,Vietnam,2040,301.886893,83.85747
BAS,Commercial,Vietnam,2041,319.565007,88.768057
BAS,Commercial,Vietnam,2042,337.907844,93.86329
BAS,Commercial,Vietnam,2043,356.98252,99.161811
BAS,Commercial,Vietnam,2044,376.843419,104.678727
BAS,Commercial,Vietnam,2045,397.509789,110.419386
BAS,Commercial,Vietnam,2046,419.019256,116.394238
BAS,Commercial,Vietnam,2047,441.414246,122.615068
BAS,Commercial,Vietnam,2048,468.063189,130.017552
BAS,Commercial,Vietnam,2049,492.318635,136.755176
BAS,Commercial,Vietnam,2050,520.913866,144.698296
BAS,Commercial,Vietnam,2051,551.304,153.14
BAS,Commercial,Vietnam,2052,583.52905,162.091403
BAS,Commercial,Vietnam,2053,617.583908,171.551086
BAS,Commercial,Vietnam,2054,653.490785,181.525218
BAS,Commercial,Vietnam,2055,691.248646,192.013513
BAS,Commercial,Vietnam,2056,730.821856,203.006071
BAS,Commercial,Vietnam,2057,772.190289,214.497302
BAS,Commercial,Vietnam,2058,815.356243,226.487845
BAS,Commercial,Vietnam,2059,860.24369,238.956581
BAS,Commercial,Vietnam,2060,906.766929,251.879703
BAS,Industry,Brunei,2005,2.72142,0.75595
BAS,Industry,Brunei,2006,3.014496,0.83736
BAS,Industry,Brunei,2007,3.1401,0.87225
BAS,Industry,Brunei,2008,3.76812,1.0467
BAS,Industry,Brunei,2009,4.731084,1.31419
BAS,Industry,Brunei,2010,5.44284,1.5119
BAS,Industry,Brunei,2011,6.2802,1.7445
BAS,Industry,Brunei,2012,7.201296,2.00036
BAS,Industry,Brunei,2013,5.945256,1.65146
BAS,Industry,Brunei,2014,5.191632,1.44212
BAS,Industry,Brunei,2015,5.903388,1.63983
BAS,Industry,Brunei,2016,4.856688,1.34908
BAS,Industry,Brunei,2017,6.315926,1.754424
BAS,Industry,Brunei,2018,5.923767,1.645491
BAS,Industry,Brunei,2019,7.693369,2.137047
BAS,Industry,Brunei,2020,9.922716,2.75631
BAS,Industry,Brunei,2021,11.705299,3.251472
BAS,Industry,Brunei,2022,11.712215,3.253393
BAS,Industry,Brunei,2023,11.74666,3.262961
BAS,Industry,Brunei,2024,12.021077,3.339188
BAS,Industry,Brunei,2025,13.460961,3.739156
BAS,Industry,Brunei,2026,13.886864,3.857462
BAS,Industry,Brunei,2027,14.24939,3.958164
BAS,Industry,Brunei,2028,14.577839,4.0494
BAS,Industry,Brunei,2029,14.887647,4.135457
BAS,Industry,Brunei,2030,14.86344,4.128733
BAS,Industry,Brunei,2031,14.838953,4.121931
BAS,Industry,Brunei,2032,14.861817,4.128283
BAS,Industry,Brunei,2033,14.816455,4.115682
BAS,Industry,Brunei,2034,14.756915,4.099143
BAS,Industry,Brunei,2035,14.764198,4.101166
BAS,Industry,Brunei,2036,14.708611,4.085725
BAS,Industry,Brunei,2037,14.718216,4.088393
BAS,Industry,Brunei,2038,14.732305,4.092307
BAS,Industry,Brunei,2039,14.750524,4.097368
BAS,Industry,Brunei,2040,14.771264,4.103129
BAS,Industry,Brunei,2041,14.799627,4.111007
BAS,Industry,Brunei,2042,14.773338,4.103705
BAS,Industry,Brunei,2043,14.812038,4.114455
BAS,Industry,Brunei,2044,14.852737,4.12576
BAS,Industry,Brunei,2045,14.900403,4.139001
BAS,Industry,Brunei,2046,14.873882,4.131634
BAS,Industry,Brunei,2047,14.905517,4.140421
BAS,Industry,Brunei,2048,14.867137,4.12976
BAS,Industry,Brunei,2049,14.881462,4.133739
BAS,Industry,Brunei,2050,14.897209,4.138114
BAS,Industry,Brunei,2051,14.90173,4.139369
BAS,Industry,Brunei,2052,14.905667,4.140463
BAS,Industry,Brunei,2053,14.941739,4.150483
BAS,Industry,Brunei,2054,14.980993,4.161387
BAS,Industry,Brunei,2055,15.021458,4.172627
BAS,Industry,Brunei,2056,15.038457,4.177349
BAS,Industry,Brunei,2057,15.051431,4.180953
BAS,Industry,Brunei,2058,15.057244,4.182568
BAS,Industry,Brunei,2059,15.059602,4.183223
BAS,Industry,Brunei,2060,15.056445,4.182346
BAS,Industry,Cambodia,2005,24.953328,6.93148
BAS,Industry,Cambodia,2006,24.367176,6.76866
BAS,Industry,Cambodia,2007,25.1208,6.978
BAS,Industry,Cambodia,2008,25.916292,7.19897
BAS,Industry,Cambodia,2009,28.177164,7.82699
BAS,Industry,Cambodia,2010,33.871212,9.40867
BAS,Industry,Cambodia,2011,33.28506,9.24585
BAS,Industry,Cambodia,2012,33.452532,9.29237
BAS,Industry,Cambodia,2013,32.280228,8.96673
BAS,Industry,Cambodia,2014,32.23836,8.9551
BAS,Industry,Cambodia,2015,30.647376,8.51316
BAS,Industry,Cambodia,2016,36.6345,10.17625
BAS,Industry,Cambodia,2017,35.37846,9.82735
BAS,Industry,Cambodia,2018,31.652208,8.79228
BAS,Industry,Cambodia,2019,44.439113,12.344198
BAS,Industry,Cambodia,2020,95.108597,26.419055
BAS,Industry,Cambodia,2021,103.659328,28.794258
BAS,Industry,Cambodia,2022,102.436502,28.454584
BAS,Industry,Cambodia,2023,95.213165,26.448101
BAS,Industry,Cambodia,2024,100.925954,28.034987
BAS,Industry,Cambodia,2025,228.712591,63.531275
BAS,Industry,Cambodia,2026,242.958056,67.488349
BAS,Industry,Cambodia,2027,256.503311,71.25092
BAS,Industry,Cambodia,2028,269.731597,74.925444
BAS,Industry,Cambodia,2029,282.550605,78.486279
BAS,Industry,Cambodia,2030,282.955158,78.598655
BAS,Industry,Cambodia,2031,289.43915,80.399764
BAS,Industry,Cambodia,2032,295.901165,82.194768
BAS,Industry,Cambodia,2033,302.395111,83.998642
BAS,Industry,Cambodia,2034,308.833071,85.786964
BAS,Industry,Cambodia,2035,315.524758,87.645766
BAS,Industry,Cambodia,2036,323.414103,89.837251
BAS,Industry,Cambodia,2037,331.59828,92.110633
BAS,Industry,Cambodia,2038,340.062288,94.461747
BAS,Industry,Cambodia,2039,348.818509,96.89403
BAS,Industry,Cambodia,2040,357.853963,99.403879
BAS,Industry,Cambodia,2041,366.999126,101.944202
BAS,Industry,Cambodia,2042,376.448601,104.569056
BAS,Industry,Cambodia,2043,386.263968,107.295547
BAS,Industry,Cambodia,2044,396.386385,110.107329
BAS,Industry,Cambodia,2045,406.899686,113.027691
BAS,Industry,Cambodia,2046,416.635589,115.732108
BAS,Industry,Cambodia,2047,426.617803,118.504945
BAS,Industry,Cambodia,2048,436.583528,121.273202
BAS,Industry,Cambodia,2049,446.685363,124.079268
BAS,Industry,Cambodia,2050,457.055716,126.959921
BAS,Industry,Cambodia,2051,467.417885,129.838301
BAS,Industry,Cambodia,2052,477.997183,132.776995
BAS,Industry,Cambodia,2053,489.552911,135.98692
BAS,Industry,Cambodia,2054,501.446658,139.290738
BAS,Industry,Cambodia,2055,513.652841,142.681345
BAS,Industry,Cambodia,2056,525.568754,145.991321
BAS,Industry,Cambodia,2057,537.655741,149.348817
BAS,Industry,Cambodia,2058,549.856037,152.737788
BAS,Industry,Cambodia,2059,562.232458,156.175683
BAS,Industry,Cambodia,2060,574.746663,159.651851
BAS,Industry,Indonesia,2005,1449.047954,402.513321
BAS,Industry,Indonesia,2006,1713.543458,475.984294
BAS,Industry,Indonesia,2007,1992.07944,553.3554
BAS,Industry,Indonesia,2008,1884.056103,523.348917
BAS,Industry,Indonesia,2009,1792.800717,498.000199
BAS,Industry,Indonesia,2010,2053.076051,570.298903
BAS,Industry,Indonesia,2011,2199.59867,610.999631
BAS,Industry,Indonesia,2012,2165.303691,601.473247
BAS,Industry,Indonesia,2013,1659.807835,461.057732
BAS,Industry,Indonesia,2014,1704.656956,473.515821
BAS,Industry,Indonesia,2015,1659.830227,461.063952
BAS,Industry,Indonesia,2016,1606.784146,446.328929
BAS,Industry,Indonesia,2017,1518.858834,421.905232
BAS,Industry,Indonesia,2018,1960.484839,544.579122
BAS,Industry,Indonesia,2019,2266.168991,629.491386
BAS,Industry,Indonesia,2020,1902.546392,528.485109
BAS,Industry,Indonesia,2021,1837.325212,510.368114
BAS,Industry,Indonesia,2022,3107.32832,863.146756
BAS,Industry,Indonesia,2023,3230.850075,897.458354
BAS,Industry,Indonesia,2024,3402.175997,945.048888
BAS,Industry,Indonesia,2025,3771.734207,1047.703946
BAS,Industry,Indonesia,2026,4029.512283,1119.308968
BAS,Industry,Indonesia,2027,4342.68318,1206.300883
BAS,Industry,Indonesia,2028,4682.668715,1300.74131
BAS,Industry,Indonesia,2029,5058.50329,1405.139803
BAS,Industry,Indonesia,2030,5461.605016,1517.112504
BAS,Industry,Indonesia,2031,5907.567269,1640.990908
BAS,Industry,Indonesia,2032,6392.206956,1775.613043
BAS,Industry,Indonesia,2033,6919.742306,1922.150641
BAS,Industry,Indonesia,2034,7500.60461,2083.501281
BAS,Industry,Indonesia,2035,8114.167544,2253.935429
BAS,Industry,Indonesia,2036,8765.472681,2434.853523
BAS,Industry,Indonesia,2037,9445.990589,2623.886275
BAS,Industry,Indonesia,2038,10159.132927,2821.981369
BAS,Industry,Indonesia,2039,10904.62203,3029.061675
BAS,Industry,Indonesia,2040,11681.859563,3244.96099
BAS,Industry,Indonesia,2041,12490.902031,3469.695009
BAS,Industry,Indonesia,2042,13330.499378,3702.916494
BAS,Industry,Indonesia,2043,14200.237965,3944.510546
BAS,Industry,Indonesia,2044,15105.232734,4195.897982
BAS,Industry,Indonesia,2045,16041.886922,4456.079701
BAS,Industry,Indonesia,2046,17003.350927,4723.153035
BAS,Industry,Indonesia,2047,17988.826427,4996.89623
BAS,Industry,Indonesia,2048,18992.374925,5275.659701
BAS,Industry,Indonesia,2049,20006.233694,5557.287137
BAS,Industry,Indonesia,2050,21028.75943,5841.322064
BAS,Industry,Indonesia,2051,22053.442215,6125.956171
BAS,Industry,Indonesia,2052,23078.172171,6410.603381
BAS,Industry,Indonesia,2053,24113.435254,6698.176459
BAS,Industry,Indonesia,2054,25142.939396,6984.149832
BAS,Industry,Indonesia,2055,26164.570708,7267.936308
BAS,Industry,Indonesia,2056,27160.045594,7544.457109
BAS,Industry,Indonesia,2057,28141.688263,7817.135629
BAS,Industry,Indonesia,2058,29107.868611,8085.519059
BAS,Industry,Indonesia,2059,30056.417411,8349.004836
BAS,Industry,Indonesia,2060,30983.555404,8606.543168
BAS,Industry,Laos,2005,4.657805,1.293835
BAS,Industry,Laos,2006,9.300724,2.583534
BAS,Industry,Laos,2007,9.83898,2.73305
BAS,Industry,Laos,2008,13.362006,3.711668
BAS,Industry,Laos,2009,13.10096,3.639156
BAS,Industry,Laos,2010,15.131306,4.203141
BAS,Industry,Laos,2011,12.885016,3.579171
BAS,Industry,Laos,2012,12.889526,3.580424
BAS,Industry,Laos,2013,16.536367,4.593435
BAS,Industry,Laos,2014,22.546758,6.262988
BAS,Industry,Laos,2015,18.147344,5.040929
BAS,Industry,Laos,2016,15.055166,4.181991
BAS,Industry,Laos,2017,15.997578,4.443772
BAS,Industry,Laos,2018,17.704883,4.918023
BAS,Industry,Laos,2019,20.787335,5.77426
BAS,Industry,Laos,2020,38.979743,10.827706
BAS,Industry,Laos,2021,40.50838,11.252328
BAS,Industry,Laos,2022,55.506479,15.418466
BAS,Industry,Laos,2023,128.559407,35.710946
BAS,Industry,Laos,2024,176.765336,49.101482
BAS,Industry,Laos,2025,302.78246,84.106239
BAS,Industry,Laos,2026,314.751284,87.430912
BAS,Industry,Laos,2027,325.088936,90.302482
BAS,Industry,Laos,2028,335.258853,93.127459
BAS,Industry,Laos,2029,345.57297,95.992492
BAS,Industry,Laos,2030,341.069962,94.741656
BAS,Industry,Laos,2031,346.72341,96.312058
BAS,Industry,Laos,2032,352.19544,97.832067
BAS,Industry,Laos,2033,357.569031,99.324731
BAS,Industry,Laos,2034,362.684749,100.745764
BAS,Industry,Laos,2035,368.13724,102.260344
BAS,Industry,Laos,2036,376.648141,104.624484
BAS,Industry,Laos,2037,385.582355,107.10621
BAS,Industry,Laos,2038,394.906042,109.696123
BAS,Industry,Laos,2039,404.633798,112.398277
BAS,Industry,Laos,2040,414.754581,115.209606
BAS,Industry,Laos,2041,426.615155,118.50421
BAS,Industry,Laos,2042,438.997717,121.94381
BAS,Industry,Laos,2043,451.99998,125.55555
BAS,Industry,Laos,2044,465.529648,129.313791
BAS,Industry,Laos,2045,479.729721,133.258256
BAS,Industry,Laos,2046,494.452848,137.348013
BAS,Industry,Laos,2047,509.66102,141.572506
BAS,Industry,Laos,2048,524.88635,145.801764
BAS,Industry,Laos,2049,540.410983,150.114162
BAS,Industry,Laos,2050,556.490375,154.58066
BAS,Industry,Laos,2051,572.558864,159.044129
BAS,Industry,Laos,2052,589.068758,163.630211
BAS,Industry,Laos,2053,607.428767,168.730213
BAS,Industry,Laos,2054,626.461336,174.017038
BAS,Industry,Laos,2055,646.138658,179.482961
BAS,Industry,Laos,2056,665.09341,184.748169
BAS,Industry,Laos,2057,684.333068,190.092519
BAS,Industry,Laos,2058,703.759126,195.488646
BAS,Industry,Laos,2059,723.461365,200.96149
BAS,Industry,Laos,2060,743.372346,206.492318
BAS,Industry,Malaysia,2005,652.429044,181.23029
BAS,Industry,Malaysia,2006,638.361396,177.32261
BAS,Industry,Malaysia,2007,688.854204,191.34839
BAS,Industry,Malaysia,2008,678.512808,188.47578
BAS,Industry,Malaysia,2009,599.256684,166.46019
BAS,Industry,Malaysia,2010,541.269504,150.35264
BAS,Industry,Malaysia,2011,506.6028,140.723
BAS,Industry,Malaysia,2012,582.718824,161.86634
BAS,Industry,Malaysia,2013,565.050528,156.95848
BAS,Industry,Malaysia,2014,551.024748,153.06243
BAS,Industry,Malaysia,2015,585.73332,162.7037
BAS,Industry,Malaysia,2016,670.683492,186.30097
BAS,Industry,Malaysia,2017,731.152755,203.097987
BAS,Industry,Malaysia,2018,797.459796,221.51661
BAS,Industry,Malaysia,2019,792.184428,220.05123
BAS,Industry,Malaysia,2020,741.66244,206.017344
BAS,Industry,Malaysia,2021,802.054021,222.792784
BAS,Industry,Malaysia,2022,796.831776,221.34216
BAS,Industry,Malaysia,2023,943.327908,262.03553
BAS,Industry,Malaysia,2024,868.635396,241.28761
BAS,Industry,Malaysia,2025,935.2966,259.804611
BAS,Industry,Malaysia,2026,977.185732,271.440481
BAS,Industry,Malaysia,2027,1013.249261,281.458128
BAS,Industry,Malaysia,2028,1049.239829,291.455508
BAS,Industry,Malaysia,2029,1085.616011,301.560003
BAS,Industry,Malaysia,2030,1125.660119,312.683366
BAS,Industry,Malaysia,2031,1174.679254,326.299793
BAS,Industry,Malaysia,2032,1217.161664,338.100462
BAS,Industry,Malaysia,2033,1259.04388,349.734411
BAS,Industry,Malaysia,2034,1300.098397,361.138444
BAS,Industry,Malaysia,2035,1352.588421,375.719006
BAS,Industry,Malaysia,2036,1407.245789,390.901608
BAS,Industry,Malaysia,2037,1450.530745,402.925207
BAS,Industry,Malaysia,2038,1505.265135,418.129204
BAS,Industry,Malaysia,2039,1560.019105,433.33864
BAS,Industry,Malaysia,2040,1614.76925,448.547014
BAS,Industry,Malaysia,2041,1681.056657,466.960182
BAS,Industry,Malaysia,2042,1736.056791,482.237998
BAS,Industry,Malaysia,2043,1791.287855,497.57996
BAS,Industry,Malaysia,2044,1857.906626,516.085174
BAS,Industry,Malaysia,2045,1913.475028,531.520841
BAS,Industry,Malaysia,2046,1979.22204,549.7839
BAS,Industry,Malaysia,2047,2044.875444,568.020957
BAS,Industry,Malaysia,2048,2109.696039,586.026677
BAS,Industry,Malaysia,2049,2174.110509,603.919586
BAS,Industry,Malaysia,2050,2227.240381,618.677884
BAS,Industry,Malaysia,2051,2280.968499,633.602361
BAS,Industry,Malaysia,2052,2336.012825,648.892451
BAS,Industry,Malaysia,2053,2394.453832,665.126064
BAS,Industry,Malaysia,2054,2454.584074,681.828909
BAS,Industry,Malaysia,2055,2516.369672,698.991576
BAS,Industry,Malaysia,2056,2577.994507,716.109585
BAS,Industry,Malaysia,2057,2640.893034,733.581398
BAS,Industry,Malaysia,2058,2704.942517,751.372921
BAS,Industry,Malaysia,2059,2770.356209,769.543391
BAS,Industry,Malaysia,2060,2837.069186,788.074774
BAS,Industry,Myanmar,2005,142.572807,39.603558
BAS,Industry,Myanmar,2006,161.960972,44.989159
BAS,Industry,Myanmar,2007,171.491328,47.63648
BAS,Industry,Myanmar,2008,165.396485,45.943468
BAS,Industry,Myanmar,2009,157.478103,43.743918
BAS,Industry,Myanmar,2010,188.869219,52.463672
BAS,Industry,Myanmar,2011,195.257468,54.238186
BAS,Industry,Myanmar,2012,200.298694,55.638526
BAS,Industry,Myanmar,2013,207.584717,57.662421
BAS,Industry,Myanmar,2014,242.972098,67.492249
BAS,Industry,Myanmar,2015,266.547483,74.040967
BAS,Industry,Myanmar,2016,240.430217,66.786171
BAS,Industry,Myanmar,2017,287.062472,79.739576
BAS,Industry,Myanmar,2018,278.0656,77.240444
BAS,Industry,Myanmar,2019,261.348682,72.596856
BAS,Industry,Myanmar,2020,193.132382,53.647884
BAS,Industry,Myanmar,2021,154.212732,42.83687
BAS,Industry,Myanmar,2022,138.512776,38.475771
BAS,Industry,Myanmar,2023,172.469342,47.908151
BAS,Industry,Myanmar,2024,166.560193,46.26672
BAS,Industry,Myanmar,2025,188.172228,52.270063
BAS,Industry,Myanmar,2026,192.150652,53.375181
BAS,Industry,Myanmar,2027,195.697799,54.3605
BAS,Industry,Myanmar,2028,199.062522,55.295145
BAS,Industry,Myanmar,2029,202.322787,56.200774
BAS,Industry,Myanmar,2030,202.723163,56.31199
BAS,Industry,Myanmar,2031,208.124459,57.81235
BAS,Industry,Myanmar,2032,213.599119,59.333089
BAS,Industry,Myanmar,2033,219.178311,60.882864
BAS,Industry,Myanmar,2034,224.823328,62.450924
BAS,Industry,Myanmar,2035,230.663327,64.073146
BAS,Industry,Myanmar,2036,237.069158,65.852544
BAS,Industry,Myanmar,2037,243.694314,67.692865
BAS,Industry,Myanmar,2038,250.534307,69.592863
BAS,Industry,Myanmar,2039,257.595616,71.554338
BAS,Industry,Myanmar,2040,264.874976,73.576382
BAS,Industry,Myanmar,2041,272.513652,75.698237
BAS,Industry,Myanmar,2042,280.398661,77.888517
BAS,Industry,Myanmar,2043,288.563145,80.156429
BAS,Industry,Myanmar,2044,296.981793,82.494942
BAS,Industry,Myanmar,2045,305.700387,84.916774
BAS,Industry,Myanmar,2046,314.917097,87.476971
BAS,Industry,Myanmar,2047,324.416398,90.115666
BAS,Industry,Myanmar,2048,334.09772,92.804922
BAS,Industry,Myanmar,2049,344.028334,95.563426
BAS,Industry,Myanmar,2050,354.268827,98.408008
BAS,Industry,Myanmar,2051,364.711965,101.308879
BAS,Industry,Myanmar,2052,375.457945,104.293874
BAS,Industry,Myanmar,2053,386.832399,107.453444
BAS,Industry,Myanmar,2054,398.581238,110.717011
BAS,Industry,Myanmar,2055,410.698094,114.082804
BAS,Industry,Myanmar,2056,422.936837,117.482455
BAS,Industry,Myanmar,2057,435.497459,120.971516
BAS,Industry,Myanmar,2058,448.3546,124.542944
BAS,Industry,Myanmar,2059,461.552752,128.209098
BAS,Industry,Myanmar,2060,475.077326,131.965924
BAS,Industry,Philippines,2005,207.345387,57.595941
BAS,Industry,Philippines,2006,210.852206,58.570057
BAS,Industry,Philippines,2007,220.351284,61.20869
BAS,Industry,Philippines,2008,241.906368,67.196213
BAS,Industry,Philippines,2009,224.805511,62.445975
BAS,Industry,Philippines,2010,249.049486,69.180413
BAS,Industry,Philippines,2011,249.016348,69.171208
BAS,Industry,Philippines,2012,243.084424,67.523451
BAS,Industry,Philippines,2013,264.286086,73.412802
BAS,Industry,Philippines,2014,273.350879,75.9308
BAS,Industry,Philippines,2015,282.611079,78.503078
BAS,Industry,Philippines,2016,311.890048,86.636124
BAS,Industry,Philippines,2017,332.48005,92.355569
BAS,Industry,Philippines,2018,314.986626,87.496285
BAS,Industry,Philippines,2019,305.880431,84.966786
BAS,Industry,Philippines,2020,265.467697,73.741027
BAS,Industry,Philippines,2021,285.59672,79.332422
BAS,Industry,Philippines,2022,297.543734,82.651037
BAS,Industry,Philippines,2023,291.432638,80.953511
BAS,Industry,Philippines,2024,303.978138,84.438372
BAS,Industry,Philippines,2025,350.796315,97.443421
BAS,Industry,Philippines,2026,371.146358,103.096211
BAS,Industry,Philippines,2027,392.533195,109.036999
BAS,Industry,Philippines,2028,414.989755,115.274932
BAS,Industry,Philippines,2029,438.970737,121.936316
BAS,Industry,Philippines,2030,458.069008,127.241391
BAS,Industry,Philippines,2031,478.593417,132.942616
BAS,Industry,Philippines,2032,503.445634,139.846009
BAS,Industry,Philippines,2033,523.721307,145.478141
BAS,Industry,Philippines,2034,548.275605,152.298779
BAS,Industry,Philippines,2035,568.437891,157.899414
BAS,Industry,Philippines,2036,593.666449,164.907347
BAS,Industry,Philippines,2037,618.971918,171.936644
BAS,Industry,Philippines,2038,644.33911,178.983086
BAS,Industry,Philippines,2039,674.156405,187.265668
BAS,Industry,Philippines,2040,699.660989,194.350275
BAS,Industry,Philippines,2041,729.631569,202.675436
BAS,Industry,Philippines,2042,759.678439,211.021789
BAS,Industry,Philippines,2043,789.822853,219.395237
BAS,Industry,Philippines,2044,820.02658,227.785161
BAS,Industry,Philippines,2045,850.323038,236.200844
BAS,Industry,Philippines,2046,880.311395,244.530943
BAS,Industry,Philippines,2047,914.624618,254.062394
BAS,Industry,Philippines,2048,948.724014,263.534448
BAS,Industry,Philippines,2049,978.340616,271.761282
BAS,Industry,Philippines,2050,1012.236876,281.17691
BAS,Industry,Philippines,2051,1047.050651,290.847403
BAS,Industry,Philippines,2052,1082.967311,300.824253
BAS,Industry,Philippines,2053,1120.473025,311.242507
BAS,Industry,Philippines,2054,1159.171091,321.99197
BAS,Industry,Philippines,2055,1199.064269,333.073408
BAS,Industry,Philippines,2056,1239.638898,344.344138
BAS,Industry,Philippines,2057,1281.273314,355.909254
BAS,Industry,Philippines,2058,1323.942829,367.761897
BAS,Industry,Philippines,2059,1367.660749,379.905764
BAS,Industry,Philippines,2060,1412.403297,392.334249
BAS,Industry,Singapore,2005,135.484848,37.63468
BAS,Industry,Singapore,2006,141.3045,39.25125
BAS,Industry,Singapore,2007,148.045248,41.12368
BAS,Industry,Singapore,2008,151.938972,42.20527
BAS,Industry,Singapore,2009,153.047048,42.513069
BAS,Industry,Singapore,2010,181.881606,50.522668
BAS,Industry,Singapore,2011,186.713744,51.864929
BAS,Industry,Singapore,2012,187.187641,51.996567
BAS,Industry,Singapore,2013,209.836637,58.287955
BAS,Industry,Singapore,2014,223.87774,62.188261
BAS,Industry,Singapore,2015,228.985851,63.607181
BAS,Industry,Singapore,2016,219.097943,60.86054
BAS,Industry,Singapore,2017,246.528559,68.480155
BAS,Industry,Singapore,2018,237.228108,65.896697
BAS,Industry,Singapore,2019,246.080559,68.355711
BAS,Industry,Singapore,2020,240.824441,66.895678
BAS,Industry,Singapore,2021,247.827391,68.840942
BAS,Industry,Singapore,2022,263.552684,73.209079
BAS,Industry,Singapore,2023,253.006295,70.279526
BAS,Industry,Singapore,2024,260.348369,72.318991
BAS,Industry,Singapore,2025,342.233635,95.064899
BAS,Industry,Singapore,2026,351.219111,97.560864
BAS,Industry,Singapore,2027,358.173219,99.492561
BAS,Industry,Singapore,2028,364.292009,101.192225
BAS,Industry,Singapore,2029,369.974891,102.770803
BAS,Industry,Singapore,2030,377.305862,104.807184
BAS,Industry,Singapore,2031,385.922654,107.200737
BAS,Industry,Singapore,2032,394.154803,109.487445
BAS,Industry,Singapore,2033,401.38975,111.497153
BAS,Industry,Singapore,2034,408.899735,113.58326
BAS,Industry,Singapore,2035,417.178454,115.882904
BAS,Industry,Singapore,2036,426.873567,118.575991
BAS,Industry,Singapore,2037,436.674322,121.298423
BAS,Industry,Singapore,2038,446.543195,124.039776
BAS,Industry,Singapore,2039,457.175822,126.993284
BAS,Industry,Singapore,2040,467.15327,129.764797
BAS,Industry,Singapore,2041,477.984569,132.773491
BAS,Industry,Singapore,2042,488.204338,135.612316
BAS,Industry,Singapore,2043,499.283513,138.689865
BAS,Industry,Singapore,2044,510.419779,141.783272
BAS,Industry,Singapore,2045,521.056381,144.737884
BAS,Industry,Singapore,2046,532.496836,147.915788
BAS,Industry,Singapore,2047,543.231798,150.897722
BAS,Industry,Singapore,2048,554.231609,153.953225
BAS,Industry,Singapore,2049,565.037534,156.954871
BAS,Industry,Singapore,2050,575.841457,159.95596
BAS,Industry,Singapore,2051,586.474573,162.909604
BAS,Industry,Singapore,2052,597.286729,165.91298
BAS,Industry,Singapore,2053,609.384771,169.273547
BAS,Industry,Singapore,2054,621.825301,172.72925
BAS,Industry,Singapore,2055,634.557862,176.266073
BAS,Industry,Singapore,2056,646.649637,179.624899
BAS,Industry,Singapore,2057,658.80681,183.001892
BAS,Industry,Singapore,2058,670.924861,186.368017
BAS,Industry,Singapore,2059,683.113213,189.75367
BAS,Industry,Singapore,2060,695.301194,193.139221
BAS,Industry,Thailand,2005,886.163729,246.156591
BAS,Industry,Thailand,2006,938.736169,260.760047
BAS,Industry,Thailand,2007,968.658048,269.07168
BAS,Industry,Thailand,2008,993.260229,275.905619
BAS,Industry,Thailand,2009,1007.377187,279.826996
BAS,Industry,Thailand,2010,1070.563082,297.378634
BAS,Industry,Thailand,2011,1040.200518,288.944588
BAS,Industry,Thailand,2012,1126.670805,312.964113
BAS,Industry,Thailand,2013,1138.485458,316.245961
BAS,Industry,Thailand,2014,1177.703313,327.139809
BAS,Industry,Thailand,2015,1190.642416,330.734004
BAS,Industry,Thailand,2016,1233.68411,342.690031
BAS,Industry,Thailand,2017,1191.519179,330.97755
BAS,Industry,Thailand,2018,1274.46192,354.0172
BAS,Industry,Thailand,2019,1303.936992,362.20472
BAS,Industry,Thailand,2020,1207.305648,335.36268
BAS,Industry,Thailand,2021,1113.605064,309.33474
BAS,Industry,Thailand,2022,1381.01598,383.61555
BAS,Industry,Thailand,2023,1292.130216,358.92506
BAS,Industry,Thailand,2024,1225.099548,340.30543
BAS,Industry,Thailand,2025,1357.487397,377.079833
BAS,Industry,Thailand,2026,1397.67001,388.241669
BAS,Industry,Thailand,2027,1436.770658,399.102961
BAS,Industry,Thailand,2028,1476.016438,410.004566
BAS,Industry,Thailand,2029,1530.25124,425.069789
BAS,Industry,Thailand,2030,1583.823006,439.950835
BAS,Industry,Thailand,2031,1638.734298,455.203972
BAS,Industry,Thailand,2032,1707.644951,474.34582
BAS,Industry,Thailand,2033,1761.868635,489.407954
BAS,Industry,Thailand,2034,1829.979864,508.32774
BAS,Industry,Thailand,2035,1898.072796,527.242443
BAS,Industry,Thailand,2036,1967.577379,546.549272
BAS,Industry,Thailand,2037,2037.142554,565.872932
BAS,Industry,Thailand,2038,2106.745074,585.206965
BAS,Industry,Thailand,2039,2190.624407,608.50678
BAS,Industry,Thailand,2040,2260.321789,627.867164
BAS,Industry,Thailand,2041,2344.328393,651.202331
BAS,Industry,Thailand,2042,2428.426452,674.562903
BAS,Industry,Thailand,2043,2512.650287,697.958413
BAS,Industry,Thailand,2044,2596.935738,721.371038
BAS,Industry,Thailand,2045,2681.377107,744.826974
BAS,Industry,Thailand,2046,2765.10906,768.08585
BAS,Industry,Thailand,2047,2862.959068,795.266408
BAS,Industry,Thailand,2048,2960.370061,822.325017
BAS,Industry,Thailand,2049,3043.391335,845.386482
BAS,Industry,Thailand,2050,3140.548972,872.374714
BAS,Industry,Thailand,2051,3240.393616,900.109338
BAS,Industry,Thailand,2052,3343.401048,928.722513
BAS,Industry,Thailand,2053,3450.728,958.535556
BAS,Industry,Thailand,2054,3561.554759,989.320766
BAS,Industry,Thailand,2055,3675.972637,1021.10351
BAS,Industry,Thailand,2056,3792.966969,1053.601936
BAS,Industry,Thailand,2057,3913.463118,1087.073088
BAS,Industry,Thailand,2058,4037.526171,1121.535048
BAS,Industry,Thailand,2059,4165.298913,1157.027476
BAS,Industry,Thailand,2060,4296.866842,1193.574123
BAS,Industry,Vietnam,2005,467.8749,129.96525
BAS,Industry,Vietnam,2006,497.977992,138.32722
BAS,Industry,Vietnam,2007,572.712372,159.08677
BAS,Industry,Vietnam,2008,639.826776,177.72966
BAS,Industry,Vietnam,2009,688.30992,191.1972
BAS,Industry,Vietnam,2010,745.920288,207.20008
BAS,Industry,Vietnam,2011,794.86398,220.79555
BAS,Industry,Vietnam,2012,820.989612,228.05267
BAS,Industry,Vietnam,2013,867.630564,241.00849
BAS,Industry,Vietnam,2014,931.897944,258.86054
BAS,Industry,Vietnam,2015,1357.276824,377.02134
BAS,Industry,Vietnam,2016,1428.661764,396.85049
BAS,Industry,Vietnam,2017,1456.545852,404.59607
BAS,Industry,Vietnam,2018,1162.841832,323.01162
BAS,Industry,Vietnam,2019,1284.71958,356.86655
BAS,Industry,Vietnam,2020,1468.143288,407.81758
BAS,Industry,Vietnam,2021,1477.563588,410.43433
BAS,Industry,Vietnam,2022,1563.309252,434.25257
BAS,Industry,Vietnam,2023,1234.603584,342.94544
BAS,Industry,Vietnam,2024,1310.635872,364.06552
BAS,Industry,Vietnam,2025,1648.76699,457.990831
BAS,Industry,Vietnam,2026,1751.773987,486.603885
BAS,Industry,Vietnam,2027,1859.918787,516.644108
BAS,Industry,Vietnam,2028,1974.424279,548.451189
BAS,Industry,Vietnam,2029,2095.96939,582.213719
BAS,Industry,Vietnam,2030,2192.900879,609.139133
BAS,Industry,Vietnam,2031,2297.623493,638.228748
BAS,Industry,Vietnam,2032,2405.34536,668.151489
BAS,Industry,Vietnam,2033,2516.074503,698.909584
BAS,Industry,Vietnam,2034,2636.136533,732.260148
BAS,Industry,Vietnam,2035,2756.32898,765.646939
BAS,Industry,Vietnam,2036,2884.562788,801.267441
BAS,Industry,Vietnam,2037,3016.266368,837.851769
BAS,Industry,Vietnam,2038,3154.60874,876.280206
BAS,Industry,Vietnam,2039,3283.646837,912.124121
BAS,Industry,Vietnam,2040,3441.65444,956.015122
BAS,Industry,Vietnam,2041,3599.98739,999.996497
BAS,Industry,Vietnam,2042,3758.609057,1044.058071
BAS,Industry,Vietnam,2043,3917.560788,1088.21133
BAS,Industry,Vietnam,2044,4076.758115,1132.43281
BAS,Industry,Vietnam,2045,4236.255257,1176.737571
BAS,Industry,Vietnam,2046,4395.058233,1220.849509
BAS,Industry,Vietnam,2047,4553.853482,1264.959301
BAS,Industry,Vietnam,2048,4743.978534,1317.771815
BAS,Industry,Vietnam,2049,4901.916204,1361.64339
BAS,Industry,Vietnam,2050,5091.483203,1414.30089
BAS,Industry,Vietnam,2051,5287.636582,1468.787939
BAS,Industry,Vietnam,2052,5490.980205,1525.272279
BAS,Industry,Vietnam,2053,5703.009901,1584.169417
BAS,Industry,Vietnam,2054,5922.780791,1645.216886
BAS,Industry,Vietnam,2055,6150.45449,1708.459581
BAS,Industry,Vietnam,2056,6384.900491,1773.58347
BAS,Industry,Vietnam,2057,6627.227481,1840.896522
BAS,Industry,Vietnam,2058,6877.533411,1910.425948
BAS,Industry,Vietnam,2059,7135.997863,1982.221629
BAS,Industry,Vietnam,2060,7402.71732,2056.310367
BAS,International Transport,Brunei,2005,3.181968,0.88388
BAS,International Transport,Brunei,2006,3.34944,0.9304
BAS,International Transport,Brunei,2007,3.475044,0.96529
BAS,International Transport,Brunei,2008,3.935592,1.09322
BAS,International Transport,Brunei,2009,3.76812,1.0467
BAS,International Transport,Brunei,2010,4.647348,1.29093
BAS,International Transport,Brunei,2011,4.772952,1.32582
BAS,International Transport,Brunei,2012,3.55878,0.98855
BAS,International Transport,Brunei,2013,3.684384,1.02344
BAS,International Transport,Brunei,2014,3.181968,0.88388
BAS,International Transport,Brunei,2015,3.223836,0.89551
BAS,International Transport,Brunei,2016,3.265704,0.90714
BAS,International Transport,Brunei,2017,3.181968,0.88388
BAS,International Transport,Brunei,2018,3.600648,1.00018
BAS,International Transport,Brunei,2019,4.81482,1.33745
BAS,International Transport,Brunei,2020,1.67472,0.4652
BAS,International Transport,Brunei,2021,0.785862,0.218295
BAS,International Transport,Brunei,2022,1.76976,0.4916
BAS,International Transport,Brunei,2023,2.715977,0.754438
BAS,International Transport,Brunei,2024,2.81353,0.781536
BAS,International Transport,Brunei,2025,2.892314,0.803421
BAS,International Transport,Brunei,2026,2.976712,0.826864
BAS,International Transport,Brunei,2027,3.067645,0.852124
BAS,International Transport,Brunei,2028,3.161519,0.8782
BAS,International Transport,Brunei,2029,3.258894,0.905248
BAS,International Transport,Brunei,2030,3.285939,0.912761
BAS,International Transport,Brunei,2031,3.299461,0.916517
BAS,International Transport,Brunei,2032,3.326506,0.924029
BAS,International Transport,Brunei,2033,3.340028,0.927786
BAS,International Transport,Brunei,2034,3.353551,0.931542
BAS,International Transport,Brunei,2035,3.380596,0.939054
BAS,International Transport,Brunei,2036,3.380596,0.939054
BAS,International Transport,Brunei,2037,3.394118,0.942811
BAS,International Transport,Brunei,2038,3.40764,0.946567
BAS,International Transport,Brunei,2039,3.421163,0.950323
BAS,International Transport,Brunei,2040,3.434685,0.954079
BAS,International Transport,Brunei,2041,3.448208,0.957836
BAS,International Transport,Brunei,2042,3.448208,0.957836
BAS,International Transport,Brunei,2043,3.46173,0.961592
BAS,International Transport,Brunei,2044,3.475252,0.965348
BAS,International Transport,Brunei,2045,3.488775,0.969104
BAS,International Transport,Brunei,2046,3.488775,0.969104
BAS,International Transport,Brunei,2047,3.502297,0.97286
BAS,International Transport,Brunei,2048,3.502297,0.97286
BAS,International Transport,Brunei,2049,3.51582,0.976617
BAS,International Transport,Brunei,2050,3.529342,0.980373
BAS,International Transport,Brunei,2051,3.542917,0.984144
BAS,International Transport,Brunei,2052,3.556543,0.987929
BAS,International Transport,Brunei,2053,3.570222,0.991728
BAS,International Transport,Brunei,2054,3.583954,0.995543
BAS,International Transport,Brunei,2055,3.597738,0.999372
BAS,International Transport,Brunei,2056,3.611576,1.003216
BAS,International Transport,Brunei,2057,3.625467,1.007074
BAS,International Transport,Brunei,2058,3.639411,1.010947
BAS,International Transport,Brunei,2059,3.653408,1.014836
BAS,International Transport,Brunei,2060,3.66746,1.018739
BAS,International Transport,Cambodia,2005,0.879228,0.24423
BAS,International Transport,Cambodia,2006,0.962964,0.26749
BAS,International Transport,Cambodia,2007,1.967796,0.54661
BAS,International Transport,Cambodia,2008,1.758456,0.48846
BAS,International Transport,Cambodia,2009,1.423512,0.39542
BAS,International Transport,Cambodia,2010,1.842192,0.51172
BAS,International Transport,Cambodia,2011,2.177136,0.60476
BAS,International Transport,Cambodia,2012,2.805156,0.77921
BAS,International Transport,Cambodia,2013,3.181968,0.88388
BAS,International Transport,Cambodia,2014,3.684384,1.02344
BAS,International Transport,Cambodia,2015,3.893724,1.08159
BAS,International Transport,Cambodia,2016,3.684384,1.02344
BAS,International Transport,Cambodia,2017,1.632852,0.45357
BAS,International Transport,Cambodia,2018,6.405804,1.77939
BAS,International Transport,Cambodia,2019,6.69888,1.8608
BAS,International Transport,Cambodia,2020,1.758456,0.48846
BAS,International Transport,Cambodia,2021,2.174624,0.604062
BAS,International Transport,Cambodia,2022,2.289761,0.636045
BAS,International Transport,Cambodia,2023,2.289761,0.636045
BAS,International Transport,Cambodia,2024,2.289761,0.636045
BAS,International Transport,Cambodia,2025,2.427144,0.674207
BAS,International Transport,Cambodia,2026,2.575004,0.715279
BAS,International Transport,Cambodia,2027,2.728297,0.75786
BAS,International Transport,Cambodia,2028,2.885543,0.80154
BAS,International Transport,Cambodia,2029,3.044268,0.84563
BAS,International Transport,Cambodia,2030,3.071597,0.853221
BAS,International Transport,Cambodia,2031,3.155875,0.876632
BAS,International Transport,Cambodia,2032,3.242481,0.900689
BAS,International Transport,Cambodia,2033,3.331452,0.925403
BAS,International Transport,Cambodia,2034,3.422862,0.950795
BAS,International Transport,Cambodia,2035,3.516785,0.976885
BAS,International Transport,Cambodia,2036,3.614496,1.004027
BAS,International Transport,Cambodia,2037,3.714905,1.031918
BAS,International Transport,Cambodia,2038,3.818085,1.060579
BAS,International Transport,Cambodia,2039,3.924167,1.090046
BAS,International Transport,Cambodia,2040,4.033168,1.120324
BAS,International Transport,Cambodia,2041,4.142409,1.150669
BAS,International Transport,Cambodia,2042,4.254588,1.18183
BAS,International Transport,Cambodia,2043,4.369816,1.213838
BAS,International Transport,Cambodia,2044,4.488167,1.246713
BAS,International Transport,Cambodia,2045,4.609715,1.280476
BAS,International Transport,Cambodia,2046,4.726643,1.312956
BAS,International Transport,Cambodia,2047,4.846527,1.346257
BAS,International Transport,Cambodia,2048,4.969442,1.380401
BAS,International Transport,Cambodia,2049,5.09548,1.415411
BAS,International Transport,Cambodia,2050,5.224714,1.451309
BAS,International Transport,Cambodia,2051,5.357226,1.488118
BAS,International Transport,Cambodia,2052,5.493099,1.525861
BAS,International Transport,Cambodia,2053,5.632418,1.564561
BAS,International Transport,Cambodia,2054,5.77527,1.604242
BAS,International Transport,Cambodia,2055,5.921746,1.644929
BAS,International Transport,Cambodia,2056,6.071936,1.686649
BAS,International Transport,Cambodia,2057,6.225936,1.729427
BAS,International Transport,Cambodia,2058,6.383842,1.773289
BAS,International Transport,Cambodia,2059,6.545752,1.818264
BAS,International Transport,Cambodia,2060,6.711769,1.86438
BAS,International Transport,Laos,2005,1.723706,0.478807
BAS,International Transport,Laos,2006,1.729148,0.480319
BAS,International Transport,Laos,2007,1.73501,0.481947
BAS,International Transport,Laos,2008,1.740453,0.483459
BAS,International Transport,Laos,2009,1.746314,0.485087
BAS,International Transport,Laos,2010,1.752176,0.486716
BAS,International Transport,Laos,2011,1.757619,0.488227
BAS,International Transport,Laos,2012,1.76348,0.489856
BAS,International Transport,Laos,2013,1.769342,0.491484
BAS,International Transport,Laos,2014,1.774785,0.492996
BAS,International Transport,Laos,2015,1.715332,0.476481
BAS,International Transport,Laos,2016,1.762643,0.489623
BAS,International Transport,Laos,2017,1.566282,0.435078
BAS,International Transport,Malaysia,2005,69.793956,19.38721
BAS,International Transport,Malaysia,2006,75.764333,21.045648
BAS,International Transport,Malaysia,2007,74.901852,20.80607
BAS,International Transport,Malaysia,2008,73.252253,20.347848
BAS,International Transport,Malaysia,2009,72.808452,20.22457
BAS,International Transport,Malaysia,2010,82.06128,22.7948
BAS,International Transport,Malaysia,2011,93.926671,26.090742
BAS,International Transport,Malaysia,2012,86.78399,24.106664
BAS,International Transport,Malaysia,2013,114.986275,31.940632
BAS,International Transport,Malaysia,2014,114.441991,31.789442
BAS,International Transport,Malaysia,2015,119.457778,33.182716
BAS,International Transport,Malaysia,2016,113.55439,31.542886
BAS,International Transport,Malaysia,2017,124.180488,34.49458
BAS,International Transport,Malaysia,2018,122.078714,33.910754
BAS,International Transport,Malaysia,2019,126.13991,35.038864
BAS,International Transport,Malaysia,2020,63.036043,17.510012
BAS,International Transport,Malaysia,2021,60.38831,16.774531
BAS,International Transport,Malaysia,2022,64.011567,17.780991
BAS,International Transport,Malaysia,2023,64.011567,17.780991
BAS,International Transport,Malaysia,2024,64.011567,17.780991
BAS,International Transport,Malaysia,2025,66.956127,18.598924
BAS,International Transport,Malaysia,2026,69.905971,19.418325
BAS,International Transport,Malaysia,2027,72.669832,20.186064
BAS,International Transport,Malaysia,2028,75.548876,20.985799
BAS,International Transport,Malaysia,2029,78.545216,21.818116
BAS,International Transport,Malaysia,2030,81.85329,22.737025
BAS,International Transport,Malaysia,2031,85.670175,23.797271
BAS,International Transport,Malaysia,2032,89.063315,24.73981
BAS,International Transport,Malaysia,2033,92.455927,25.682202
BAS,International Transport,Malaysia,2034,95.849067,26.624741
BAS,International Transport,Malaysia,2035,100.090227,27.802841
BAS,International Transport,Malaysia,2036,104.331388,28.980941
BAS,International Transport,Malaysia,2037,107.723999,29.923333
BAS,International Transport,Malaysia,2038,111.96516,31.101433
BAS,International Transport,Malaysia,2039,116.20632,32.279533
BAS,International Transport,Malaysia,2040,120.447481,33.457634
BAS,International Transport,Malaysia,2041,125.536662,34.871295
BAS,International Transport,Malaysia,2042,129.777823,36.049395
BAS,International Transport,Malaysia,2043,134.018983,37.227495
BAS,International Transport,Malaysia,2044,139.108165,38.641157
BAS,International Transport,Malaysia,2045,143.349325,39.819257
BAS,International Transport,Malaysia,2046,148.438506,41.232918
BAS,International Transport,Malaysia,2047,153.528216,42.646727
BAS,International Transport,Malaysia,2048,158.617398,44.060388
BAS,International Transport,Malaysia,2049,163.706579,45.47405
BAS,International Transport,Malaysia,2050,167.947741,46.65215
BAS,International Transport,Malaysia,2051,172.298777,47.860771
BAS,International Transport,Malaysia,2052,176.762536,49.100704
BAS,International Transport,Malaysia,2053,181.341938,50.372761
BAS,International Transport,Malaysia,2054,186.03998,51.677772
BAS,International Transport,Malaysia,2055,190.859733,53.016593
BAS,International Transport,Malaysia,2056,195.804353,54.390098
BAS,International Transport,Malaysia,2057,200.877074,55.799187
BAS,International Transport,Malaysia,2058,206.081213,57.244781
BAS,International Transport,Malaysia,2059,211.420178,58.727827
BAS,International Transport,Malaysia,2060,216.897458,60.249294
BAS,International Transport,Myanmar,2005,0.563962,0.156656
BAS,International Transport,Myanmar,2006,0.61839,0.171775
BAS,International Transport,Myanmar,2007,0.59955,0.166542
BAS,International Transport,Myanmar,2008,0.584058,0.162238
BAS,International Transport,Myanmar,2009,0.611273,0.169798
BAS,International Transport,Myanmar,2010,0.85327,0.237019
BAS,International Transport,Myanmar,2011,1.181096,0.328082
BAS,International Transport,Myanmar,2012,1.567538,0.435427
BAS,International Transport,Myanmar,2013,3.39382,0.942728
BAS,International Transport,Myanmar,2014,3.513982,0.976106
BAS,International Transport,Myanmar,2015,1.787345,0.496485
BAS,International Transport,Myanmar,2016,3.750535,1.041815
BAS,International Transport,Myanmar,2017,3.164802,0.879112
BAS,International Transport,Myanmar,2018,3.363675,0.934354
BAS,International Transport,Myanmar,2019,4.003837,1.112177
BAS,International Transport,Myanmar,2020,0.692915,0.192476
BAS,International Transport,Myanmar,2021,0.832755,0.231321
BAS,International Transport,Myanmar,2022,0.91021,0.252836
BAS,International Transport,Myanmar,2023,0.91021,0.252836
BAS,International Transport,Myanmar,2024,0.91021,0.252836
BAS,International Transport,Myanmar,2025,0.930232,0.258398
BAS,International Transport,Myanmar,2026,0.949015,0.263615
BAS,International Transport,Myanmar,2027,0.968213,0.268948
BAS,International Transport,Myanmar,2028,0.987751,0.274375
BAS,International Transport,Myanmar,2029,1.007635,0.279899
BAS,International Transport,Myanmar,2030,1.013569,0.281547
BAS,International Transport,Myanmar,2031,1.042923,0.289701
BAS,International Transport,Myanmar,2032,1.073124,0.29809
BAS,International Transport,Myanmar,2033,1.104203,0.306723
BAS,International Transport,Myanmar,2034,1.136179,0.315605
BAS,International Transport,Myanmar,2035,1.169084,0.324746
BAS,International Transport,Myanmar,2036,1.20327,0.334242
BAS,International Transport,Myanmar,2037,1.23846,0.344017
BAS,International Transport,Myanmar,2038,1.274676,0.354077
BAS,International Transport,Myanmar,2039,1.311952,0.364431
BAS,International Transport,Myanmar,2040,1.350317,0.375088
BAS,International Transport,Myanmar,2041,1.390313,0.386198
BAS,International Transport,Myanmar,2042,1.431498,0.397638
BAS,International Transport,Myanmar,2043,1.473901,0.409417
BAS,International Transport,Myanmar,2044,1.517559,0.421544
BAS,International Transport,Myanmar,2045,1.562512,0.434031
BAS,International Transport,Myanmar,2046,1.610719,0.447422
BAS,International Transport,Myanmar,2047,1.660411,0.461225
BAS,International Transport,Myanmar,2048,1.711638,0.475455
BAS,International Transport,Myanmar,2049,1.764447,0.490124
BAS,International Transport,Myanmar,2050,1.818885,0.505246
BAS,International Transport,Myanmar,2051,1.875003,0.520834
BAS,International Transport,Myanmar,2052,1.932852,0.536903
BAS,International Transport,Myanmar,2053,1.992486,0.553468
BAS,International Transport,Myanmar,2054,2.053959,0.570544
BAS,International Transport,Myanmar,2055,2.117329,0.588147
BAS,International Transport,Myanmar,2056,2.182655,0.606293
BAS,International Transport,Myanmar,2057,2.249996,0.624999
BAS,International Transport,Myanmar,2058,2.319414,0.644282
BAS,International Transport,Myanmar,2059,2.390974,0.664159
BAS,International Transport,Myanmar,2060,2.464742,0.684651
BAS,International Transport,Philippines,2005,36.875327,10.243146
BAS,International Transport,Philippines,2006,39.102565,10.861824
BAS,International Transport,Philippines,2007,50.662144,14.072818
BAS,International Transport,Philippines,2008,49.406198,13.723944
BAS,International Transport,Philippines,2009,49.139966,13.649991
BAS,International Transport,Philippines,2010,49.063332,13.628703
BAS,International Transport,Philippines,2011,53.71323,14.920342
BAS,International Transport,Philippines,2012,52.876807,14.688002
BAS,International Transport,Philippines,2013,52.763008,14.656391
BAS,International Transport,Philippines,2014,47.288709,13.135752
BAS,International Transport,Philippines,2015,52.028898,14.452472
BAS,International Transport,Philippines,2016,56.329787,15.647163
BAS,International Transport,Philippines,2017,70.181002,19.494723
BAS,International Transport,Philippines,2018,71.490571,19.858492
BAS,International Transport,Philippines,2019,70.008285,19.446746
BAS,International Transport,Philippines,2020,27.960271,7.766742
BAS,International Transport,Philippines,2021,25.362669,7.045186
BAS,International Transport,Philippines,2022,54.998011,15.277225
BAS,International Transport,Philippines,2023,54.998011,15.277225
BAS,International Transport,Philippines,2024,54.998011,15.277225
BAS,International Transport,Philippines,2025,58.407733,16.22437
BAS,International Transport,Philippines,2026,62.021526,17.228202
BAS,International Transport,Philippines,2027,65.938679,18.3163
BAS,International Transport,Philippines,2028,70.108863,19.474684
BAS,International Transport,Philippines,2029,74.594304,20.72064
BAS,International Transport,Philippines,2030,78.278103,21.743917
BAS,International Transport,Philippines,2031,82.115184,22.809773
BAS,International Transport,Philippines,2032,86.71959,24.088775
BAS,International Transport,Philippines,2033,90.556671,25.154631
BAS,International Transport,Philippines,2034,95.161535,26.43376
BAS,International Transport,Philippines,2035,98.998616,27.499616
BAS,International Transport,Philippines,2036,103.603022,28.778617
BAS,International Transport,Philippines,2037,108.207885,30.057746
BAS,International Transport,Philippines,2038,112.81229,31.336747
BAS,International Transport,Philippines,2039,118.18448,32.829022
BAS,International Transport,Philippines,2040,122.788885,34.108024
BAS,International Transport,Philippines,2041,128.161074,35.600298
BAS,International Transport,Philippines,2042,133.532803,37.092445
BAS,International Transport,Philippines,2043,138.904992,38.58472
BAS,International Transport,Philippines,2044,144.276722,40.076867
BAS,International Transport,Philippines,2045,149.648911,41.569142
BAS,International Transport,Philippines,2046,155.021099,43.061416
BAS,International Transport,Philippines,2047,161.160154,44.766709
BAS,International Transport,Philippines,2048,167.299667,46.47213
BAS,International Transport,Philippines,2049,172.671855,47.964404
BAS,International Transport,Philippines,2050,178.811368,49.669824
BAS,International Transport,Philippines,2051,185.169177,51.435882
BAS,International Transport,Philippines,2052,191.753044,53.264734
BAS,International Transport,Philippines,2053,198.571007,55.158613
BAS,International Transport,Philippines,2054,205.631389,57.11983
BAS,International Transport,Philippines,2055,212.94281,59.150781
BAS,International Transport,Philippines,2056,220.514196,61.253943
BAS,International Transport,Philippines,2057,228.354789,63.431886
BAS,International Transport,Philippines,2058,236.47416,65.687267
BAS,International Transport,Philippines,2059,244.882226,68.022841
BAS,International Transport,Philippines,2060,253.589247,70.441458
BAS,International Transport,Singapore,2005,1219.112424,338.64234
BAS,International Transport,Singapore,2006,1350.284868,375.07913
BAS,International Transport,Singapore,2007,1486.062792,412.79522
BAS,International Transport,Singapore,2008,1627.157952,451.98832
BAS,International Transport,Singapore,2009,1680.497784,466.80494
BAS,International Transport,Singapore,2010,1887.241968,524.23388
BAS,International Transport,Singapore,2011,1998.317772,555.08827
BAS,International Transport,Singapore,2012,2007.444996,557.62361
BAS,International Transport,Singapore,2013,2020.047264,561.12424
BAS,International Transport,Singapore,2014,2011.171248,558.65868
BAS,International Transport,Singapore,2015,2129.490216,591.52506
BAS,International Transport,Singapore,2016,2287.66752,635.4632
BAS,International Transport,Singapore,2017,2389.19742,663.66595
BAS,International Transport,Singapore,2018,2373.999336,659.44426
BAS,International Transport,Singapore,2019,2120.028048,588.89668
BAS,International Transport,Singapore,2020,1866.05676,518.3491
BAS,International Transport,Singapore,2021,1880.333748,522.31493
BAS,International Transport,Singapore,2022,1961.1881,544.774472
BAS,International Transport,Singapore,2023,1961.1881,544.774472
BAS,International Transport,Singapore,2024,1961.1881,544.774472
BAS,International Transport,Singapore,2025,1963.597332,545.443703
BAS,International Transport,Singapore,2026,1965.996026,546.110007
BAS,International Transport,Singapore,2027,1968.420197,546.783388
BAS,International Transport,Singapore,2028,1970.900534,547.472371
BAS,International Transport,Singapore,2029,1973.461009,548.183614
BAS,International Transport,Singapore,2030,1976.577933,549.049426
BAS,International Transport,Singapore,2031,1979.694972,549.91527
BAS,International Transport,Singapore,2032,1982.811896,550.781082
BAS,International Transport,Singapore,2033,1985.720948,551.589152
BAS,International Transport,Singapore,2034,1988.838451,552.455125
BAS,International Transport,Singapore,2035,1992.163247,553.37868
BAS,International Transport,Singapore,2036,1995.486885,554.301912
BAS,International Transport,Singapore,2037,1998.811681,555.225467
BAS,International Transport,Singapore,2038,2002.136477,556.149021
BAS,International Transport,Singapore,2039,2005.669724,557.130479
BAS,International Transport,Singapore,2040,2008.99452,558.054033
BAS,International Transport,Singapore,2041,2012.526609,559.035169
BAS,International Transport,Singapore,2042,2015.851405,559.958724
BAS,International Transport,Singapore,2043,2019.383494,560.939859
BAS,International Transport,Singapore,2044,2022.916741,561.921317
BAS,International Transport,Singapore,2045,2026.241537,562.844871
BAS,International Transport,Singapore,2046,2029.982078,563.883911
BAS,International Transport,Singapore,2047,2033.514167,564.865046
BAS,International Transport,Singapore,2048,2037.254707,565.904085
BAS,International Transport,Singapore,2049,2040.995247,566.943124
BAS,International Transport,Singapore,2050,2044.734629,567.981841
BAS,International Transport,Singapore,2051,2048.555086,569.043079
BAS,International Transport,Singapore,2052,2052.458374,570.127326
BAS,International Transport,Singapore,2053,2056.44629,571.235081
BAS,International Transport,Singapore,2054,2060.52067,572.366853
BAS,International Transport,Singapore,2055,2064.683386,573.523163
BAS,International Transport,Singapore,2056,2068.936355,574.704543
BAS,International Transport,Singapore,2057,2073.281533,575.911537
BAS,International Transport,Singapore,2058,2077.72092,577.1447
BAS,International Transport,Singapore,2059,2082.256559,578.4046
BAS,International Transport,Singapore,2060,2086.890535,579.691815
BAS,International Transport,Thailand,2005,135.875476,37.743188
BAS,International Transport,Thailand,2006,144.363376,40.100938
BAS,International Transport,Thailand,2007,158.175211,43.937559
BAS,International Transport,Thailand,2008,148.297712,41.193809
BAS,International Transport,Thailand,2009,139.638991,38.788609
BAS,International Transport,Thailand,2010,150.491595,41.803221
BAS,International Transport,Thailand,2011,170.330747,47.314096
BAS,International Transport,Thailand,2012,163.282688,45.356302
BAS,International Transport,Thailand,2013,179.7724,49.936778
BAS,International Transport,Thailand,2014,176.835778,49.121049
BAS,International Transport,Thailand,2015,194.398567,53.999602
BAS,International Transport,Thailand,2016,187.090926,51.969702
BAS,International Transport,Thailand,2017,194.029291,53.897025
BAS,International Transport,Thailand,2018,206.995392,57.49872
BAS,International Transport,Thailand,2019,214.824708,59.67353
BAS,International Transport,Thailand,2020,73.980756,20.55021
BAS,International Transport,Thailand,2021,47.837121,13.288089
BAS,International Transport,Thailand,2022,89.937488,24.982636
BAS,International Transport,Thailand,2023,89.937488,24.982636
BAS,International Transport,Thailand,2024,89.937488,24.982636
BAS,International Transport,Thailand,2025,92.635855,25.732182
BAS,International Transport,Thailand,2026,95.41851,26.505142
BAS,International Transport,Thailand,2027,98.261783,27.29494
BAS,International Transport,Thailand,2028,101.17953,28.105425
BAS,International Transport,Thailand,2029,104.192533,28.94237
BAS,International Transport,Thailand,2030,108.124044,30.034457
BAS,International Transport,Thailand,2031,112.056132,31.126703
BAS,International Transport,Thailand,2032,116.970808,32.491891
BAS,International Transport,Thailand,2033,120.902319,33.583978
BAS,International Transport,Thailand,2034,125.816996,34.949166
BAS,International Transport,Thailand,2035,130.731672,36.314353
BAS,International Transport,Thailand,2036,135.646927,37.679702
BAS,International Transport,Thailand,2037,140.561603,39.04489
BAS,International Transport,Thailand,2038,145.47628,40.410078
BAS,International Transport,Thailand,2039,151.374123,42.048367
BAS,International Transport,Thailand,2040,156.2888,43.413556
BAS,International Transport,Thailand,2041,162.186066,45.051685
BAS,International Transport,Thailand,2042,168.083909,46.689975
BAS,International Transport,Thailand,2043,173.981752,48.328264
BAS,International Transport,Thailand,2044,179.879018,49.966394
BAS,International Transport,Thailand,2045,185.776861,51.604684
BAS,International Transport,Thailand,2046,191.674704,53.242973
BAS,International Transport,Thailand,2047,198.555136,55.154204
BAS,International Transport,Thailand,2048,205.436145,57.065596
BAS,International Transport,Thailand,2049,211.333411,58.703725
BAS,International Transport,Thailand,2050,218.21442,60.615117
BAS,International Transport,Thailand,2051,225.319475,62.588743
BAS,International Transport,Thailand,2052,232.65587,64.626631
BAS,International Transport,Thailand,2053,240.231138,66.730872
BAS,International Transport,Thailand,2054,248.053056,68.903627
BAS,International Transport,Thailand,2055,256.129656,71.147127
BAS,International Transport,Thailand,2056,264.46923,73.463675
BAS,International Transport,Thailand,2057,273.08034,75.85565
BAS,International Transport,Thailand,2058,281.971827,78.325508
BAS,International Transport,Thailand,2059,291.152822,80.875784
BAS,International Transport,Thailand,2060,300.632748,83.509097
BAS,International Transport,Vietnam,2005,17.961372,4.98927
BAS,International Transport,Vietnam,2006,25.665084,7.12919
BAS,International Transport,Vietnam,2007,23.781024,6.60584
BAS,International Transport,Vietnam,2008,25.372008,7.04778
BAS,International Transport,Vietnam,2009,30.312432,8.42012
BAS,International Transport,Vietnam,2010,33.368796,9.26911
BAS,International Transport,Vietnam,2011,30.438036,8.45501
BAS,International Transport,Vietnam,2012,33.033852,9.17607
BAS,International Transport,Vietnam,2013,36.6345,10.17625
BAS,International Transport,Vietnam,2014,36.090216,10.02506
BAS,International Transport,Vietnam,2015,50.66028,14.0723
BAS,International Transport,Vietnam,2016,56.647404,15.73539
BAS,International Transport,Vietnam,2017,60.7086,16.8635
BAS,International Transport,Vietnam,2018,59.456747,16.515763
BAS,International Transport,Vietnam,2019,64.861906,18.017196
BAS,International Transport,Vietnam,2020,21.620635,6.005732
BAS,International Transport,Vietnam,2021,21.620635,6.005732
BAS,International Transport,Vietnam,2022,21.620635,6.005732
BAS,International Transport,Vietnam,2023,21.620635,6.005732
BAS,International Transport,Vietnam,2024,21.620635,6.005732
BAS,International Transport,Vietnam,2025,22.961157,6.378099
BAS,International Transport,Vietnam,2026,24.453613,6.79267
BAS,International Transport,Vietnam,2027,26.043051,7.234181
BAS,International Transport,Vietnam,2028,27.735858,7.704405
BAS,International Transport,Vietnam,2029,29.538716,8.205199
BAS,International Transport,Vietnam,2030,30.999686,8.611024
BAS,International Transport,Vietnam,2031,32.551846,9.042179
BAS,International Transport,Vietnam,2032,34.149898,9.486083
BAS,International Transport,Vietnam,2033,35.793397,9.94261
BAS,International Transport,Vietnam,2034,37.573978,10.437216
BAS,International Transport,Vietnam,2035,39.35441,10.931781
BAS,International Transport,Vietnam,2036,41.226329,11.451758
BAS,International Transport,Vietnam,2037,43.143843,11.984401
BAS,International Transport,Vietnam,2038,45.152695,12.542415
BAS,International Transport,Vietnam,2039,47.024466,13.062352
BAS,International Transport,Vietnam,2040,49.307185,13.69644
BAS,International Transport,Vietnam,2041,51.590053,14.33057
BAS,International Transport,Vietnam,2042,53.872773,14.964659
BAS,International Transport,Vietnam,2043,56.155492,15.598748
BAS,International Transport,Vietnam,2044,58.438211,16.232836
BAS,International Transport,Vietnam,2045,60.720931,16.866925
BAS,International Transport,Vietnam,2046,63.00365,17.501014
BAS,International Transport,Vietnam,2047,65.28637,18.135103
BAS,International Transport,Vietnam,2048,68.025781,18.89605
BAS,International Transport,Vietnam,2049,70.308501,19.530139
BAS,International Transport,Vietnam,2050,73.047764,20.291046
BAS,International Transport,Vietnam,2051,75.893751,21.081597
BAS,International Transport,Vietnam,2052,78.850619,21.90295
BAS,International Transport,Vietnam,2053,81.922689,22.756303
BAS,International Transport,Vietnam,2054,85.114448,23.642902
BAS,International Transport,Vietnam,2055,88.43056,24.564044
BAS,International Transport,Vietnam,2056,91.87587,25.521075
BAS,International Transport,Vietnam,2057,95.455412,26.515392
BAS,International Transport,Vietnam,2058,99.174415,27.548449
BAS,International Transport,Vietnam,2059,103.038312,28.621753
BAS,International Transport,Vietnam,2060,107.052749,29.736875
BAS,Non Energy Fossil Fuels,Brunei,2005,0.669888,0.18608
BAS,Non Energy Fossil Fuels,Brunei,2006,0.544284,0.15119
BAS,Non Energy Fossil Fuels,Brunei,2007,0.460548,0.12793
BAS,Non Energy Fossil Fuels,Brunei,2008,0.544284,0.15119
BAS,Non Energy Fossil Fuels,Brunei,2009,0.62802,0.17445
BAS,Non Energy Fossil Fuels,Brunei,2010,0.879316,0.244254
BAS,Non Energy Fossil Fuels,Brunei,2011,40.021805,11.117168
BAS,Non Energy Fossil Fuels,Brunei,2012,44.715024,12.42084
BAS,Non Energy Fossil Fuels,Brunei,2013,8.750412,2.43067
BAS,Non Energy Fossil Fuels,Brunei,2014,24.702119,6.8617
BAS,Non Energy Fossil Fuels,Brunei,2015,19.091808,5.30328
BAS,Non Energy Fossil Fuels,Brunei,2016,23.613552,6.55932
BAS,Non Energy Fossil Fuels,Brunei,2017,17.855865,4.959963
BAS,Non Energy Fossil Fuels,Brunei,2018,23.671329,6.575369
BAS,Non Energy Fossil Fuels,Brunei,2019,22.207206,6.168668
BAS,Non Energy Fossil Fuels,Brunei,2020,24.149783,6.708273
BAS,Non Energy Fossil Fuels,Brunei,2021,18.902146,5.250596
BAS,Non Energy Fossil Fuels,Brunei,2022,19.022307,5.283974
BAS,Non Energy Fossil Fuels,Brunei,2023,20.510714,5.697421
BAS,Non Energy Fossil Fuels,Brunei,2024,22.943246,6.373124
BAS,Non Energy Fossil Fuels,Brunei,2025,23.585705,6.551585
BAS,Non Energy Fossil Fuels,Brunei,2026,24.273937,6.74276
BAS,Non Energy Fossil Fuels,Brunei,2027,25.015458,6.948738
BAS,Non Energy Fossil Fuels,Brunei,2028,25.780961,7.161378
BAS,Non Energy Fossil Fuels,Brunei,2029,26.575019,7.38195
BAS,Non Energy Fossil Fuels,Brunei,2030,26.795559,7.443211
BAS,Non Energy Fossil Fuels,Brunei,2031,26.905828,7.473841
BAS,Non Energy Fossil Fuels,Brunei,2032,27.126369,7.535102
BAS,Non Energy Fossil Fuels,Brunei,2033,27.236639,7.565733
BAS,Non Energy Fossil Fuels,Brunei,2034,27.346908,7.596363
BAS,Non Energy Fossil Fuels,Brunei,2035,27.567449,7.657625
BAS,Non Energy Fossil Fuels,Brunei,2036,27.567449,7.657625
BAS,Non Energy Fossil Fuels,Brunei,2037,27.677719,7.688255
BAS,Non Energy Fossil Fuels,Brunei,2038,27.787989,7.718886
BAS,Non Energy Fossil Fuels,Brunei,2039,27.898259,7.749516
BAS,Non Energy Fossil Fuels,Brunei,2040,28.008528,7.780147
BAS,Non Energy Fossil Fuels,Brunei,2041,28.1188,7.810778
BAS,Non Energy Fossil Fuels,Brunei,2042,28.1188,7.810778
BAS,Non Energy Fossil Fuels,Brunei,2043,28.229069,7.841408
BAS,Non Energy Fossil Fuels,Brunei,2044,28.339339,7.872039
BAS,Non Energy Fossil Fuels,Brunei,2045,28.449609,7.902669
BAS,Non Energy Fossil Fuels,Brunei,2046,28.449609,7.902669
BAS,Non Energy Fossil Fuels,Brunei,2047,28.559879,7.9333
BAS,Non Energy Fossil Fuels,Brunei,2048,28.559879,7.9333
BAS,Non Energy Fossil Fuels,Brunei,2049,28.670149,7.96393
BAS,Non Energy Fossil Fuels,Brunei,2050,28.78042,7.994561
BAS,Non Energy Fossil Fuels,Brunei,2051,28.891113,8.025309
BAS,Non Energy Fossil Fuels,Brunei,2052,29.002233,8.056176
BAS,Non Energy Fossil Fuels,Brunei,2053,29.11378,8.087161
BAS,Non Energy Fossil Fuels,Brunei,2054,29.225757,8.118266
BAS,Non Energy Fossil Fuels,Brunei,2055,29.338165,8.14949
BAS,Non Energy Fossil Fuels,Brunei,2056,29.451004,8.180834
BAS,Non Energy Fossil Fuels,Brunei,2057,29.564276,8.212299
BAS,Non Energy Fossil Fuels,Brunei,2058,29.677986,8.243885
BAS,Non Energy Fossil Fuels,Brunei,2059,29.792132,8.275592
BAS,Non Energy Fossil Fuels,Brunei,2060,29.906717,8.307421
BAS,Non Energy Fossil Fuels,Cambodia,2005,0.502416,0.13956
BAS,Non Energy Fossil Fuels,Cambodia,2006,0.544284,0.15119
BAS,Non Energy Fossil Fuels,Cambodia,2007,0.502416,0.13956
BAS,Non Energy Fossil Fuels,Cambodia,2008,0.669888,0.18608
BAS,Non Energy Fossil Fuels,Cambodia,2009,0.586152,0.16282
BAS,Non Energy Fossil Fuels,Cambodia,2010,0.669888,0.18608
BAS,Non Energy Fossil Fuels,Cambodia,2011,0.795492,0.22097
BAS,Non Energy Fossil Fuels,Cambodia,2012,0.753624,0.20934
BAS,Non Energy Fossil Fuels,Cambodia,2013,0.83736,0.2326
BAS,Non Energy Fossil Fuels,Cambodia,2014,0.669888,0.18608
BAS,Non Energy Fossil Fuels,Cambodia,2015,2.051532,0.56987
BAS,Non Energy Fossil Fuels,Cambodia,2016,1.130436,0.31401
BAS,Non Energy Fossil Fuels,Cambodia,2017,0.586152,0.16282
BAS,Non Energy Fossil Fuels,Cambodia,2018,2.595816,0.72106
BAS,Non Energy Fossil Fuels,Cambodia,2019,2.99105,0.830847
BAS,Non Energy Fossil Fuels,Cambodia,2020,5.491407,1.525391
BAS,Non Energy Fossil Fuels,Cambodia,2021,7.035499,1.954305
BAS,Non Energy Fossil Fuels,Cambodia,2022,3.793241,1.053678
BAS,Non Energy Fossil Fuels,Cambodia,2023,3.158522,0.877367
BAS,Non Energy Fossil Fuels,Cambodia,2024,3.158522,0.877367
BAS,Non Energy Fossil Fuels,Cambodia,2025,3.348029,0.930008
BAS,Non Energy Fossil Fuels,Cambodia,2026,3.551989,0.986664
BAS,Non Energy Fossil Fuels,Cambodia,2027,3.763442,1.045401
BAS,Non Energy Fossil Fuels,Cambodia,2028,3.980351,1.105653
BAS,Non Energy Fossil Fuels,Cambodia,2029,4.199298,1.166472
BAS,Non Energy Fossil Fuels,Cambodia,2030,4.236996,1.176943
BAS,Non Energy Fossil Fuels,Cambodia,2031,4.353249,1.209236
BAS,Non Energy Fossil Fuels,Cambodia,2032,4.472714,1.242421
BAS,Non Energy Fossil Fuels,Cambodia,2033,4.595441,1.276511
BAS,Non Energy Fossil Fuels,Cambodia,2034,4.721534,1.311537
BAS,Non Energy Fossil Fuels,Cambodia,2035,4.851092,1.347526
BAS,Non Energy Fossil Fuels,Cambodia,2036,4.985876,1.384966
BAS,Non Energy Fossil Fuels,Cambodia,2037,5.124381,1.423439
BAS,Non Energy Fossil Fuels,Cambodia,2038,5.26671,1.462975
BAS,Non Energy Fossil Fuels,Cambodia,2039,5.413039,1.503622
BAS,Non Energy Fossil Fuels,Cambodia,2040,5.563397,1.545388
BAS,Non Energy Fossil Fuels,Cambodia,2041,5.714086,1.587246
BAS,Non Energy Fossil Fuels,Cambodia,2042,5.868827,1.63023
BAS,Non Energy Fossil Fuels,Cambodia,2043,6.027774,1.674382
BAS,Non Energy Fossil Fuels,Cambodia,2044,6.191028,1.71973
BAS,Non Energy Fossil Fuels,Cambodia,2045,6.358692,1.766303
BAS,Non Energy Fossil Fuels,Cambodia,2046,6.519984,1.811107
BAS,Non Energy Fossil Fuels,Cambodia,2047,6.685354,1.857043
BAS,Non Energy Fossil Fuels,Cambodia,2048,6.854904,1.90414
BAS,Non Energy Fossil Fuels,Cambodia,2049,7.028762,1.952434
BAS,Non Energy Fossil Fuels,Cambodia,2050,7.207029,2.001953
BAS,Non Energy Fossil Fuels,Cambodia,2051,7.389817,2.052727
BAS,Non Energy Fossil Fuels,Cambodia,2052,7.577242,2.104789
BAS,Non Energy Fossil Fuels,Cambodia,2053,7.769421,2.158172
BAS,Non Energy Fossil Fuels,Cambodia,2054,7.966473,2.212909
BAS,Non Energy Fossil Fuels,Cambodia,2055,8.168523,2.269034
BAS,Non Energy Fossil Fuels,Cambodia,2056,8.375698,2.326583
BAS,Non Energy Fossil Fuels,Cambodia,2057,8.588126,2.385591
BAS,Non Energy Fossil Fuels,Cambodia,2058,8.805943,2.446095
BAS,Non Energy Fossil Fuels,Cambodia,2059,9.029284,2.508134
BAS,Non Energy Fossil Fuels,Cambodia,2060,9.25829,2.571747
BAS,Non Energy Fossil Fuels,Indonesia,2005,403.687656,112.13546
BAS,Non Energy Fossil Fuels,Indonesia,2006,307.624246,85.451179
BAS,Non Energy Fossil Fuels,Indonesia,2007,373.898574,103.860715
BAS,Non Energy Fossil Fuels,Indonesia,2008,421.757158,117.154766
BAS,Non Energy Fossil Fuels,Indonesia,2009,480.25361,133.403781
BAS,Non Energy Fossil Fuels,Indonesia,2010,480.529042,133.480289
BAS,Non Energy Fossil Fuels,Indonesia,2011,561.281236,155.911454
BAS,Non Energy Fossil Fuels,Indonesia,2012,642.855848,178.571069
BAS,Non Energy Fossil Fuels,Indonesia,2013,539.84046,149.955683
BAS,Non Energy Fossil Fuels,Indonesia,2014,563.924823,156.645784
BAS,Non Energy Fossil Fuels,Indonesia,2015,442.263867,122.851074
BAS,Non Energy Fossil Fuels,Indonesia,2016,451.156254,125.321182
BAS,Non Energy Fossil Fuels,Indonesia,2017,854.453867,237.348296
BAS,Non Energy Fossil Fuels,Indonesia,2018,546.463857,151.795516
BAS,Non Energy Fossil Fuels,Indonesia,2019,594.011,165.003056
BAS,Non Energy Fossil Fuels,Indonesia,2020,470.662011,130.739448
BAS,Non Energy Fossil Fuels,Indonesia,2021,283.629658,78.786016
BAS,Non Energy Fossil Fuels,Indonesia,2022,336.097212,93.360337
BAS,Non Energy Fossil Fuels,Indonesia,2023,185.036463,51.399017
BAS,Non Energy Fossil Fuels,Indonesia,2024,186.167737,51.71326
BAS,Non Energy Fossil Fuels,Indonesia,2025,196.034627,54.454063
BAS,Non Energy Fossil Fuels,Indonesia,2026,208.384808,57.884669
BAS,Non Energy Fossil Fuels,Indonesia,2027,224.013669,62.226019
BAS,Non Energy Fossil Fuels,Indonesia,2028,241.262721,67.017422
BAS,Non Energy Fossil Fuels,Indonesia,2029,260.563739,72.378816
BAS,Non Energy Fossil Fuels,Indonesia,2030,281.408838,78.169122
BAS,Non Energy Fossil Fuels,Indonesia,2031,304.202954,84.500821
BAS,Non Energy Fossil Fuels,Indonesia,2032,329.147596,91.429888
BAS,Non Energy Fossil Fuels,Indonesia,2033,356.466847,99.018569
BAS,Non Energy Fossil Fuels,Indonesia,2034,386.766529,107.435147
BAS,Non Energy Fossil Fuels,Indonesia,2035,418.868151,116.352264
BAS,Non Energy Fossil Fuels,Indonesia,2036,452.587037,125.718621
BAS,Non Energy Fossil Fuels,Indonesia,2037,487.888826,135.524674
BAS,Non Energy Fossil Fuels,Indonesia,2038,524.968376,145.824549
BAS,Non Energy Fossil Fuels,Indonesia,2039,563.816036,156.615566
BAS,Non Energy Fossil Fuels,Indonesia,2040,604.410791,167.891886
BAS,Non Energy Fossil Fuels,Indonesia,2041,646.719546,179.644318
BAS,Non Energy Fossil Fuels,Indonesia,2042,690.696475,191.860132
BAS,Non Energy Fossil Fuels,Indonesia,2043,736.282443,204.522901
BAS,Non Energy Fossil Fuels,Indonesia,2044,783.77266,217.714628
BAS,Non Energy Fossil Fuels,Indonesia,2045,832.915206,231.365335
BAS,Non Energy Fossil Fuels,Indonesia,2046,883.723034,245.478621
BAS,Non Energy Fossil Fuels,Indonesia,2047,935.862693,259.961859
BAS,Non Energy Fossil Fuels,Indonesia,2048,989.206866,274.779685
BAS,Non Energy Fossil Fuels,Indonesia,2049,1043.217561,289.782656
BAS,Non Energy Fossil Fuels,Indonesia,2050,1097.673518,304.909311
BAS,Non Energy Fossil Fuels,Indonesia,2051,1152.447426,320.124285
BAS,Non Energy Fossil Fuels,Indonesia,2052,1207.188679,335.330189
BAS,Non Energy Fossil Fuels,Indonesia,2053,1261.753607,350.487113
BAS,Non Energy Fossil Fuels,Indonesia,2054,1315.756662,365.487962
BAS,Non Energy Fossil Fuels,Indonesia,2055,1369.044807,380.290224
BAS,Non Energy Fossil Fuels,Indonesia,2056,1421.205414,394.779282
BAS,Non Energy Fossil Fuels,Indonesia,2057,1472.368809,408.991336
BAS,Non Energy Fossil Fuels,Indonesia,2058,1522.429348,422.897041
BAS,Non Energy Fossil Fuels,Indonesia,2059,1571.147087,436.429746
BAS,Non Energy Fossil Fuels,Indonesia,2060,1618.2815,449.522639
BAS,Non Energy Fossil Fuels,Laos,2005,0.017585,0.004885
BAS,Non Energy Fossil Fuels,Laos,2006,0.021771,0.006047
BAS,Non Energy Fossil Fuels,Laos,2007,0.026377,0.007327
BAS,Non Energy Fossil Fuels,Laos,2008,0.03182,0.008839
BAS,Non Energy Fossil Fuels,Laos,2009,0.038937,0.010816
BAS,Non Energy Fossil Fuels,Laos,2010,0.054428,0.015119
BAS,Non Energy Fossil Fuels,Laos,2011,0.061965,0.017212
BAS,Non Energy Fossil Fuels,Laos,2012,0.070338,0.019538
BAS,Non Energy Fossil Fuels,Laos,2013,0.079968,0.022213
BAS,Non Energy Fossil Fuels,Laos,2014,0.090854,0.025237
BAS,Non Energy Fossil Fuels,Laos,2015,0.103414,0.028726
BAS,Non Energy Fossil Fuels,Laos,2016,0.110113,0.030587
BAS,Non Energy Fossil Fuels,Laos,2017,0.125604,0.03489
BAS,Non Energy Fossil Fuels,Laos,2018,0.129372,0.035937
BAS,Non Energy Fossil Fuels,Laos,2019,0.102577,0.028494
BAS,Non Energy Fossil Fuels,Laos,2020,0.136071,0.037797
BAS,Non Energy Fossil Fuels,Laos,2021,0.146957,0.040821
BAS,Non Energy Fossil Fuels,Laos,2022,0.132303,0.036751
BAS,Non Energy Fossil Fuels,Malaysia,2005,90.979164,25.27199
BAS,Non Energy Fossil Fuels,Malaysia,2006,118.025893,32.78497
BAS,Non Energy Fossil Fuels,Malaysia,2007,123.845543,34.40154
BAS,Non Energy Fossil Fuels,Malaysia,2008,120.454236,33.45951
BAS,Non Energy Fossil Fuels,Malaysia,2009,161.971094,44.991971
BAS,Non Energy Fossil Fuels,Malaysia,2010,154.744128,42.98448
BAS,Non Energy Fossil Fuels,Malaysia,2011,266.992236,74.16451
BAS,Non Energy Fossil Fuels,Malaysia,2012,313.769259,87.158128
BAS,Non Energy Fossil Fuels,Malaysia,2013,304.673436,84.63151
BAS,Non Energy Fossil Fuels,Malaysia,2014,260.225463,72.284851
BAS,Non Energy Fossil Fuels,Malaysia,2015,248.193504,68.94264
BAS,Non Energy Fossil Fuels,Malaysia,2016,365.544191,101.540053
BAS,Non Energy Fossil Fuels,Malaysia,2017,524.067199,145.574222
BAS,Non Energy Fossil Fuels,Malaysia,2018,555.253416,154.23706
BAS,Non Energy Fossil Fuels,Malaysia,2019,570.702708,158.52853
BAS,Non Energy Fossil Fuels,Malaysia,2020,494.233318,137.287033
BAS,Non Energy Fossil Fuels,Malaysia,2021,455.059943,126.40554
BAS,Non Energy Fossil Fuels,Malaysia,2022,300.737843,83.53829
BAS,Non Energy Fossil Fuels,Malaysia,2023,290.451137,80.680871
BAS,Non Energy Fossil Fuels,Malaysia,2024,344.246136,95.623927
BAS,Non Energy Fossil Fuels,Malaysia,2025,360.081611,100.02267
BAS,Non Energy Fossil Fuels,Malaysia,2026,375.945502,104.429306
BAS,Non Energy Fossil Fuels,Malaysia,2027,390.809197,108.55811
BAS,Non Energy Fossil Fuels,Malaysia,2028,406.292332,112.858981
BAS,Non Energy Fossil Fuels,Malaysia,2029,422.406271,117.335075
BAS,Non Energy Fossil Fuels,Malaysia,2030,440.196673,122.276854
BAS,Non Energy Fossil Fuels,Malaysia,2031,460.723405,127.978724
BAS,Non Energy Fossil Fuels,Malaysia,2032,478.971283,133.047579
BAS,Non Energy Fossil Fuels,Malaysia,2033,497.216319,138.115644
BAS,Non Energy Fossil Fuels,Malaysia,2034,515.464198,143.184499
BAS,Non Energy Fossil Fuels,Malaysia,2035,538.272625,149.520174
BAS,Non Energy Fossil Fuels,Malaysia,2036,561.081053,155.855848
BAS,Non Energy Fossil Fuels,Malaysia,2037,579.326088,160.923913
BAS,Non Energy Fossil Fuels,Malaysia,2038,602.134516,167.259588
BAS,Non Energy Fossil Fuels,Malaysia,2039,624.942942,173.595262
BAS,Non Energy Fossil Fuels,Malaysia,2040,647.75137,179.930936
BAS,Non Energy Fossil Fuels,Malaysia,2041,675.120346,187.533429
BAS,Non Energy Fossil Fuels,Malaysia,2042,697.928772,193.869103
BAS,Non Energy Fossil Fuels,Malaysia,2043,720.737199,200.204777
BAS,Non Energy Fossil Fuels,Malaysia,2044,748.106175,207.807271
BAS,Non Energy Fossil Fuels,Malaysia,2045,770.914601,214.142945
BAS,Non Energy Fossil Fuels,Malaysia,2046,798.283578,221.745438
BAS,Non Energy Fossil Fuels,Malaysia,2047,825.655394,229.348721
BAS,Non Energy Fossil Fuels,Malaysia,2048,853.02437,236.951214
BAS,Non Energy Fossil Fuels,Malaysia,2049,880.393346,244.553707
BAS,Non Energy Fossil Fuels,Malaysia,2050,903.201773,250.889381
BAS,Non Energy Fossil Fuels,Malaysia,2051,926.6011,257.389194
BAS,Non Energy Fossil Fuels,Malaysia,2052,950.606635,264.057399
BAS,Non Energy Fossil Fuels,Malaysia,2053,975.234084,270.898357
BAS,Non Energy Fossil Fuels,Malaysia,2054,1000.499559,277.916544
BAS,Non Energy Fossil Fuels,Malaysia,2055,1026.419587,285.116552
BAS,Non Energy Fossil Fuels,Malaysia,2056,1053.011129,292.503091
BAS,Non Energy Fossil Fuels,Malaysia,2057,1080.29158,300.080994
BAS,Non Energy Fossil Fuels,Malaysia,2058,1108.278787,307.855219
BAS,Non Energy Fossil Fuels,Malaysia,2059,1136.991062,315.830851
BAS,Non Energy Fossil Fuels,Malaysia,2060,1166.447188,324.013108
BAS,Non Energy Fossil Fuels,Myanmar,2005,3.90461,1.084614
BAS,Non Energy Fossil Fuels,Myanmar,2006,6.84165,1.900458
BAS,Non Energy Fossil Fuels,Myanmar,2007,7.651795,2.125499
BAS,Non Energy Fossil Fuels,Myanmar,2008,8.906999,2.474166
BAS,Non Energy Fossil Fuels,Myanmar,2009,6.747865,1.874407
BAS,Non Energy Fossil Fuels,Myanmar,2010,7.40049,2.055692
BAS,Non Energy Fossil Fuels,Myanmar,2011,12.84887,3.569131
BAS,Non Energy Fossil Fuels,Myanmar,2012,11.841108,3.289197
BAS,Non Energy Fossil Fuels,Myanmar,2013,13.555602,3.765445
BAS,Non Energy Fossil Fuels,Myanmar,2014,17.945462,4.984851
BAS,Non Energy Fossil Fuels,Myanmar,2015,17.856283,4.960079
BAS,Non Energy Fossil Fuels,Myanmar,2016,22.159895,6.155526
BAS,Non Energy Fossil Fuels,Myanmar,2017,22.052574,6.125715
BAS,Non Energy Fossil Fuels,Myanmar,2018,21.945252,6.095903
BAS,Non Energy Fossil Fuels,Myanmar,2019,21.840114,6.066698
BAS,Non Energy Fossil Fuels,Myanmar,2020,16.941487,4.705969
BAS,Non Energy Fossil Fuels,Myanmar,2021,12.226745,3.396318
BAS,Non Energy Fossil Fuels,Myanmar,2022,12.380368,3.438991
BAS,Non Energy Fossil Fuels,Myanmar,2023,4.213595,1.170443
BAS,Non Energy Fossil Fuels,Myanmar,2024,4.213595,1.170443
BAS,Non Energy Fossil Fuels,Myanmar,2025,4.306281,1.196189
BAS,Non Energy Fossil Fuels,Myanmar,2026,4.393235,1.220343
BAS,Non Energy Fossil Fuels,Myanmar,2027,4.482104,1.245029
BAS,Non Energy Fossil Fuels,Myanmar,2028,4.572549,1.270152
BAS,Non Energy Fossil Fuels,Myanmar,2029,4.664601,1.295722
BAS,Non Energy Fossil Fuels,Myanmar,2030,4.692071,1.303353
BAS,Non Energy Fossil Fuels,Myanmar,2031,4.827955,1.341099
BAS,Non Energy Fossil Fuels,Myanmar,2032,4.967763,1.379934
BAS,Non Energy Fossil Fuels,Myanmar,2033,5.111635,1.419899
BAS,Non Energy Fossil Fuels,Myanmar,2034,5.259663,1.461017
BAS,Non Energy Fossil Fuels,Myanmar,2035,5.411986,1.503329
BAS,Non Energy Fossil Fuels,Myanmar,2036,5.570242,1.547289
BAS,Non Energy Fossil Fuels,Myanmar,2037,5.733149,1.592541
BAS,Non Energy Fossil Fuels,Myanmar,2038,5.900798,1.639111
BAS,Non Energy Fossil Fuels,Myanmar,2039,6.073362,1.687045
BAS,Non Energy Fossil Fuels,Myanmar,2040,6.250961,1.736378
BAS,Non Energy Fossil Fuels,Myanmar,2041,6.436115,1.78781
BAS,Non Energy Fossil Fuels,Myanmar,2042,6.62677,1.840769
BAS,Non Energy Fossil Fuels,Myanmar,2043,6.823064,1.895296
BAS,Non Energy Fossil Fuels,Myanmar,2044,7.025166,1.951435
BAS,Non Energy Fossil Fuels,Myanmar,2045,7.233265,2.00924
BAS,Non Energy Fossil Fuels,Myanmar,2046,7.456427,2.07123
BAS,Non Energy Fossil Fuels,Myanmar,2047,7.686464,2.135129
BAS,Non Energy Fossil Fuels,Myanmar,2048,7.923608,2.201002
BAS,Non Energy Fossil Fuels,Myanmar,2049,8.168076,2.26891
BAS,Non Energy Fossil Fuels,Myanmar,2050,8.420084,2.338912
BAS,Non Energy Fossil Fuels,Myanmar,2051,8.679866,2.411074
BAS,Non Energy Fossil Fuels,Myanmar,2052,8.947664,2.485462
BAS,Non Energy Fossil Fuels,Myanmar,2053,9.223724,2.562146
BAS,Non Energy Fossil Fuels,Myanmar,2054,9.508301,2.641195
BAS,Non Energy Fossil Fuels,Myanmar,2055,9.801657,2.722682
BAS,Non Energy Fossil Fuels,Myanmar,2056,10.104066,2.806685
BAS,Non Energy Fossil Fuels,Myanmar,2057,10.415804,2.893279
BAS,Non Energy Fossil Fuels,Myanmar,2058,10.737159,2.982544
BAS,Non Energy Fossil Fuels,Myanmar,2059,11.068429,3.074564
BAS,Non Energy Fossil Fuels,Myanmar,2060,11.409921,3.169423
BAS,Non Energy Fossil Fuels,Philippines,2005,7.828479,2.174577
BAS,Non Energy Fossil Fuels,Philippines,2006,9.377595,2.604887
BAS,Non Energy Fossil Fuels,Philippines,2007,11.676148,3.243374
BAS,Non Energy Fossil Fuels,Philippines,2008,10.099399,2.805389
BAS,Non Energy Fossil Fuels,Philippines,2009,11.162427,3.100674
BAS,Non Energy Fossil Fuels,Philippines,2010,9.207611,2.55767
BAS,Non Energy Fossil Fuels,Philippines,2011,9.197144,2.554762
BAS,Non Energy Fossil Fuels,Philippines,2012,11.926937,3.313038
BAS,Non Energy Fossil Fuels,Philippines,2013,17.907781,4.974384
BAS,Non Energy Fossil Fuels,Philippines,2014,25.311299,7.030916
BAS,Non Energy Fossil Fuels,Philippines,2015,49.358603,13.710723
BAS,Non Energy Fossil Fuels,Philippines,2016,54.677514,15.188198
BAS,Non Energy Fossil Fuels,Philippines,2017,67.556168,18.765602
BAS,Non Energy Fossil Fuels,Philippines,2018,59.588534,16.552371
BAS,Non Energy Fossil Fuels,Philippines,2019,47.588844,13.219123
BAS,Non Energy Fossil Fuels,Philippines,2020,57.448339,15.957872
BAS,Non Energy Fossil Fuels,Philippines,2021,68.762329,19.100647
BAS,Non Energy Fossil Fuels,Philippines,2022,53.964503,14.99014
BAS,Non Energy Fossil Fuels,Philippines,2023,59.413205,16.503668
BAS,Non Energy Fossil Fuels,Philippines,2024,59.413205,16.503668
BAS,Non Energy Fossil Fuels,Philippines,2025,63.096657,17.526849
BAS,Non Energy Fossil Fuels,Philippines,2026,67.00056,18.611267
BAS,Non Energy Fossil Fuels,Philippines,2027,71.23218,19.786717
BAS,Non Energy Fossil Fuels,Philippines,2028,75.737143,21.038095
BAS,Non Energy Fossil Fuels,Philippines,2029,80.582671,22.384075
BAS,Non Energy Fossil Fuels,Philippines,2030,84.562202,23.489501
BAS,Non Energy Fossil Fuels,Philippines,2031,88.70732,24.640922
BAS,Non Energy Fossil Fuels,Philippines,2032,93.681364,26.022601
BAS,Non Energy Fossil Fuels,Philippines,2033,97.826483,27.174023
BAS,Non Energy Fossil Fuels,Philippines,2034,102.801021,28.555839
BAS,Non Energy Fossil Fuels,Philippines,2035,106.94614,29.707261
BAS,Non Energy Fossil Fuels,Philippines,2036,111.920183,31.08894
BAS,Non Energy Fossil Fuels,Philippines,2037,116.894721,32.470756
BAS,Non Energy Fossil Fuels,Philippines,2038,121.868766,33.852435
BAS,Non Energy Fossil Fuels,Philippines,2039,127.672228,35.464508
BAS,Non Energy Fossil Fuels,Philippines,2040,132.646272,36.846187
BAS,Non Energy Fossil Fuels,Philippines,2041,138.449734,38.458259
BAS,Non Energy Fossil Fuels,Philippines,2042,144.252703,40.070195
BAS,Non Energy Fossil Fuels,Philippines,2043,150.056166,41.682268
BAS,Non Energy Fossil Fuels,Philippines,2044,155.859135,43.294204
BAS,Non Energy Fossil Fuels,Philippines,2045,161.662597,44.906277
BAS,Non Energy Fossil Fuels,Philippines,2046,167.466061,46.51835
BAS,Non Energy Fossil Fuels,Philippines,2047,174.097953,48.360543
BAS,Non Energy Fossil Fuels,Philippines,2048,180.730342,50.202873
BAS,Non Energy Fossil Fuels,Philippines,2049,186.533804,51.814946
BAS,Non Energy Fossil Fuels,Philippines,2050,193.166191,53.657275
BAS,Non Energy Fossil Fuels,Philippines,2051,200.0344,55.565111
BAS,Non Energy Fossil Fuels,Philippines,2052,207.146815,57.540782
BAS,Non Energy Fossil Fuels,Philippines,2053,214.512118,59.586699
BAS,Non Energy Fossil Fuels,Philippines,2054,222.139301,61.705361
BAS,Non Energy Fossil Fuels,Philippines,2055,230.037676,63.899354
BAS,Non Energy Fossil Fuels,Philippines,2056,238.216887,66.171357
BAS,Non Energy Fossil Fuels,Philippines,2057,246.686915,68.524143
BAS,Non Energy Fossil Fuels,Philippines,2058,255.458104,70.960584
BAS,Non Energy Fossil Fuels,Philippines,2059,264.541162,73.483656
BAS,Non Energy Fossil Fuels,Philippines,2060,273.947175,76.096438
BAS,Non Energy Fossil Fuels,Singapore,2005,264.8151,73.55975
BAS,Non Energy Fossil Fuels,Singapore,2006,269.294976,74.80416
BAS,Non Energy Fossil Fuels,Singapore,2007,299.942352,83.31732
BAS,Non Energy Fossil Fuels,Singapore,2008,165.420468,45.95013
BAS,Non Energy Fossil Fuels,Singapore,2009,169.607268,47.11313
BAS,Non Energy Fossil Fuels,Singapore,2010,229.2273,63.67425
BAS,Non Energy Fossil Fuels,Singapore,2011,255.436668,70.95463
BAS,Non Energy Fossil Fuels,Singapore,2012,243.04374,67.51215
BAS,Non Energy Fossil Fuels,Singapore,2013,262.51236,72.9201
BAS,Non Energy Fossil Fuels,Singapore,2014,279.67824,77.6884
BAS,Non Energy Fossil Fuels,Singapore,2015,303.626736,84.34076
BAS,Non Energy Fossil Fuels,Singapore,2016,492.242076,136.73391
BAS,Non Energy Fossil Fuels,Singapore,2017,534.44502,148.45695
BAS,Non Energy Fossil Fuels,Singapore,2018,323.84898,89.95805
BAS,Non Energy Fossil Fuels,Singapore,2019,310.534956,86.25971
BAS,Non Energy Fossil Fuels,Singapore,2020,297.220932,82.56137
BAS,Non Energy Fossil Fuels,Singapore,2021,283.906908,78.86303
BAS,Non Energy Fossil Fuels,Singapore,2022,296.11478,82.254106
BAS,Non Energy Fossil Fuels,Singapore,2023,296.11478,82.254106
BAS,Non Energy Fossil Fuels,Singapore,2024,296.11478,82.254106
BAS,Non Energy Fossil Fuels,Singapore,2025,303.813647,84.39268
BAS,Non Energy Fossil Fuels,Singapore,2026,311.478839,86.5219
BAS,Non Energy Fossil Fuels,Singapore,2027,319.225444,88.673734
BAS,Non Energy Fossil Fuels,Singapore,2028,327.151532,90.875426
BAS,Non Energy Fossil Fuels,Singapore,2029,335.333707,93.148252
BAS,Non Energy Fossil Fuels,Singapore,2030,345.294052,95.915014
BAS,Non Energy Fossil Fuels,Singapore,2031,355.254766,98.681879
BAS,Non Energy Fossil Fuels,Singapore,2032,365.215111,101.448642
BAS,Non Energy Fossil Fuels,Singapore,2033,374.511186,104.030885
BAS,Non Energy Fossil Fuels,Singapore,2034,384.473382,106.798162
BAS,Non Energy Fossil Fuels,Singapore,2035,395.097996,109.749443
BAS,Non Energy Fossil Fuels,Singapore,2036,405.71891,112.699697
BAS,Non Energy Fossil Fuels,Singapore,2037,416.343525,115.650979
BAS,Non Energy Fossil Fuels,Singapore,2038,426.968139,118.602261
BAS,Non Energy Fossil Fuels,Singapore,2039,438.258873,121.738576
BAS,Non Energy Fossil Fuels,Singapore,2040,448.883487,124.689858
BAS,Non Energy Fossil Fuels,Singapore,2041,460.170522,127.825145
BAS,Non Energy Fossil Fuels,Singapore,2042,470.795137,130.776427
BAS,Non Energy Fossil Fuels,Singapore,2043,482.08217,133.911714
BAS,Non Energy Fossil Fuels,Singapore,2044,493.372905,137.048029
BAS,Non Energy Fossil Fuels,Singapore,2045,503.99752,139.999311
BAS,Non Energy Fossil Fuels,Singapore,2046,515.950675,143.319632
BAS,Non Energy Fossil Fuels,Singapore,2047,527.237708,146.454919
BAS,Non Energy Fossil Fuels,Singapore,2048,539.190862,149.775239
BAS,Non Energy Fossil Fuels,Singapore,2049,551.144014,153.095559
BAS,Non Energy Fossil Fuels,Singapore,2050,563.093469,156.414852
BAS,Non Energy Fossil Fuels,Singapore,2051,575.302,159.806111
BAS,Non Energy Fossil Fuels,Singapore,2052,587.775227,163.270896
BAS,Non Energy Fossil Fuels,Singapore,2053,600.518888,166.810802
BAS,Non Energy Fossil Fuels,Singapore,2054,613.538847,170.427458
BAS,Non Energy Fossil Fuels,Singapore,2055,626.841095,174.122526
BAS,Non Energy Fossil Fuels,Singapore,2056,640.431749,177.897708
BAS,Non Energy Fossil Fuels,Singapore,2057,654.317067,181.754741
BAS,Non Energy Fossil Fuels,Singapore,2058,668.503433,185.695398
BAS,Non Energy Fossil Fuels,Singapore,2059,682.997377,189.721494
BAS,Non Energy Fossil Fuels,Singapore,2060,697.805568,193.83488
BAS,Non Energy Fossil Fuels,Thailand,2005,178.172388,49.49233
BAS,Non Energy Fossil Fuels,Thailand,2006,150.766668,41.87963
BAS,Non Energy Fossil Fuels,Thailand,2007,209.214396,58.11511
BAS,Non Energy Fossil Fuels,Thailand,2008,224.30631,62.307308
BAS,Non Energy Fossil Fuels,Thailand,2009,569.530403,158.20289
BAS,Non Energy Fossil Fuels,Thailand,2010,596.894248,165.803958
BAS,Non Energy Fossil Fuels,Thailand,2011,700.284168,194.52338
BAS,Non Energy Fossil Fuels,Thailand,2012,700.828453,194.67457
BAS,Non Energy Fossil Fuels,Thailand,2013,901.215077,250.337521
BAS,Non Energy Fossil Fuels,Thailand,2014,451.549662,125.430462
BAS,Non Energy Fossil Fuels,Thailand,2015,390.754045,108.54279
BAS,Non Energy Fossil Fuels,Thailand,2016,424.33218,117.87005
BAS,Non Energy Fossil Fuels,Thailand,2017,402.686425,111.85734
BAS,Non Energy Fossil Fuels,Thailand,2018,496.67228,137.964522
BAS,Non Energy Fossil Fuels,Thailand,2019,495.515457,137.643182
BAS,Non Energy Fossil Fuels,Thailand,2020,383.594616,106.55406
BAS,Non Energy Fossil Fuels,Thailand,2021,466.744464,129.65124
BAS,Non Energy Fossil Fuels,Thailand,2022,393.894144,109.41504
BAS,Non Energy Fossil Fuels,Thailand,2023,396.07128,110.0198
BAS,Non Energy Fossil Fuels,Thailand,2024,447.35958,124.26655
BAS,Non Energy Fossil Fuels,Thailand,2025,460.781574,127.994882
BAS,Non Energy Fossil Fuels,Thailand,2026,474.622825,131.839674
BAS,Non Energy Fossil Fuels,Thailand,2027,488.765597,135.768221
BAS,Non Energy Fossil Fuels,Thailand,2028,503.278809,139.799669
BAS,Non Energy Fossil Fuels,Thailand,2029,518.26584,143.962733
BAS,Non Energy Fossil Fuels,Thailand,2030,537.821634,149.394898
BAS,Non Energy Fossil Fuels,Thailand,2031,557.380298,154.827861
BAS,Non Energy Fossil Fuels,Thailand,2032,581.826475,161.618465
BAS,Non Energy Fossil Fuels,Thailand,2033,601.382267,167.05063
BAS,Non Energy Fossil Fuels,Thailand,2034,625.828445,173.841235
BAS,Non Energy Fossil Fuels,Thailand,2035,650.274622,180.631839
BAS,Non Energy Fossil Fuels,Thailand,2036,674.72367,187.423242
BAS,Non Energy Fossil Fuels,Thailand,2037,699.169847,194.213846
BAS,Non Energy Fossil Fuels,Thailand,2038,723.616023,201.004451
BAS,Non Energy Fossil Fuels,Thailand,2039,752.952584,209.153496
BAS,Non Energy Fossil Fuels,Thailand,2040,777.398761,215.9441
BAS,Non Energy Fossil Fuels,Thailand,2041,806.732451,224.092347
BAS,Non Energy Fossil Fuels,Thailand,2042,836.069011,232.241392
BAS,Non Energy Fossil Fuels,Thailand,2043,865.405572,240.390437
BAS,Non Energy Fossil Fuels,Thailand,2044,894.739261,248.538684
BAS,Non Energy Fossil Fuels,Thailand,2045,924.075822,256.687728
BAS,Non Energy Fossil Fuels,Thailand,2046,953.412383,264.836773
BAS,Non Energy Fossil Fuels,Thailand,2047,987.636456,274.34346
BAS,Non Energy Fossil Fuels,Thailand,2048,1021.863402,283.850945
BAS,Non Energy Fossil Fuels,Thailand,2049,1051.19709,291.999192
BAS,Non Energy Fossil Fuels,Thailand,2050,1085.424036,301.506677
BAS,Non Energy Fossil Fuels,Thailand,2051,1120.765409,311.323725
BAS,Non Energy Fossil Fuels,Thailand,2052,1157.257496,321.460416
BAS,Non Energy Fossil Fuels,Thailand,2053,1194.937764,331.927157
BAS,Non Energy Fossil Fuels,Thailand,2054,1233.844901,342.734695
BAS,Non Energy Fossil Fuels,Thailand,2055,1274.018853,353.894126
BAS,Non Energy Fossil Fuels,Thailand,2056,1315.500867,365.416907
BAS,Non Energy Fossil Fuels,Thailand,2057,1358.333535,377.314871
BAS,Non Energy Fossil Fuels,Thailand,2058,1402.560832,389.600231
BAS,Non Energy Fossil Fuels,Thailand,2059,1448.228171,402.285603
BAS,Non Energy Fossil Fuels,Thailand,2060,1495.382435,415.38401
BAS,Non Energy Fossil Fuels,Vietnam,2005,12.602268,3.50063
BAS,Non Energy Fossil Fuels,Vietnam,2006,16.454124,4.57059
BAS,Non Energy Fossil Fuels,Vietnam,2007,33.536268,9.31563
BAS,Non Energy Fossil Fuels,Vietnam,2008,26.628048,7.39668
BAS,Non Energy Fossil Fuels,Vietnam,2009,25.581348,7.10593
BAS,Non Energy Fossil Fuels,Vietnam,2010,77.078988,21.41083
BAS,Non Energy Fossil Fuels,Vietnam,2011,26.041896,7.23386
BAS,Non Energy Fossil Fuels,Vietnam,2012,29.475072,8.18752
BAS,Non Energy Fossil Fuels,Vietnam,2013,42.07734,11.68815
BAS,Non Energy Fossil Fuels,Vietnam,2014,51.246432,14.23512
BAS,Non Energy Fossil Fuels,Vietnam,2015,29.265732,8.12937
BAS,Non Energy Fossil Fuels,Vietnam,2016,27.507275,7.64091
BAS,Non Energy Fossil Fuels,Vietnam,2017,26.293104,7.30364
BAS,Non Energy Fossil Fuels,Vietnam,2018,105.065692,29.184914
BAS,Non Energy Fossil Fuels,Vietnam,2019,108.651647,30.181013
BAS,Non Energy Fossil Fuels,Vietnam,2020,109.585304,30.440362
BAS,Non Energy Fossil Fuels,Vietnam,2021,157.85492,43.848589
BAS,Non Energy Fossil Fuels,Vietnam,2022,140.631926,39.064424
BAS,Non Energy Fossil Fuels,Vietnam,2023,150.982732,41.939648
BAS,Non Energy Fossil Fuels,Vietnam,2024,150.982732,41.939648
BAS,Non Energy Fossil Fuels,Vietnam,2025,160.343959,44.539989
BAS,Non Energy Fossil Fuels,Vietnam,2026,170.766182,47.435051
BAS,Non Energy Fossil Fuels,Vietnam,2027,181.865655,50.518237
BAS,Non Energy Fossil Fuels,Vietnam,2028,193.686981,53.801939
BAS,Non Energy Fossil Fuels,Vietnam,2029,206.276827,57.299119
BAS,Non Energy Fossil Fuels,Vietnam,2030,216.479177,60.133105
BAS,Non Energy Fossil Fuels,Vietnam,2031,227.31833,63.143981
BAS,Non Energy Fossil Fuels,Vietnam,2032,238.477958,66.243877
BAS,Non Energy Fossil Fuels,Vietnam,2033,249.954952,69.431931
BAS,Non Energy Fossil Fuels,Vietnam,2034,262.389227,72.885896
BAS,Non Energy Fossil Fuels,Vietnam,2035,274.822464,76.339573
BAS,Non Energy Fossil Fuels,Vietnam,2036,287.894581,79.970717
BAS,Non Energy Fossil Fuels,Vietnam,2037,301.285098,83.690305
BAS,Non Energy Fossil Fuels,Vietnam,2038,315.313457,87.587071
BAS,Non Energy Fossil Fuels,Vietnam,2039,328.384536,91.217927
BAS,Non Energy Fossil Fuels,Vietnam,2040,344.325381,95.645939
BAS,Non Energy Fossil Fuels,Vietnam,2041,360.267265,100.07424
BAS,Non Energy Fossil Fuels,Vietnam,2042,376.20811,104.502253
BAS,Non Energy Fossil Fuels,Vietnam,2043,392.148958,108.930266
BAS,Non Energy Fossil Fuels,Vietnam,2044,408.089804,113.358279
BAS,Non Energy Fossil Fuels,Vietnam,2045,424.030649,117.786291
BAS,Non Energy Fossil Fuels,Vietnam,2046,439.971494,122.214304
BAS,Non Energy Fossil Fuels,Vietnam,2047,455.91234,126.642317
BAS,Non Energy Fossil Fuels,Vietnam,2048,475.042394,131.956221
BAS,Non Energy Fossil Fuels,Vietnam,2049,490.983239,136.384233
BAS,Non Energy Fossil Fuels,Vietnam,2050,510.112252,141.697848
BAS,Non Energy Fossil Fuels,Vietnam,2051,529.986547,147.218485
BAS,Non Energy Fossil Fuels,Vietnam,2052,550.635155,152.95421
BAS,Non Energy Fossil Fuels,Vietnam,2053,572.088246,158.913402
BAS,Non Energy Fossil Fuels,Vietnam,2054,594.377163,165.104768
BAS,Non Energy Fossil Fuels,Vietnam,2055,617.534472,171.537353
BAS,Non Energy Fossil Fuels,Vietnam,2056,641.594001,178.220556
BAS,Non Energy Fossil Fuels,Vietnam,2057,666.590906,185.164141
BAS,Non Energy Fossil Fuels,Vietnam,2058,692.561707,192.378252
BAS,Non Energy Fossil Fuels,Vietnam,2059,719.544344,199.873429
BAS,Non Energy Fossil Fuels,Vietnam,2060,747.578245,207.660624
BAS,Residential,Brunei,2005,5.819652,1.61657
BAS,Residential,Brunei,2006,5.777784,1.60494
BAS,Residential,Brunei,2007,6.07086,1.68635
BAS,Residential,Brunei,2008,6.363936,1.76776
BAS,Residential,Brunei,2009,6.48954,1.80265
BAS,Residential,Brunei,2010,6.657012,1.84917
BAS,Residential,Brunei,2011,6.866352,1.90732
BAS,Residential,Brunei,2012,6.615144,1.83754
BAS,Residential,Brunei,2013,6.531408,1.81428
BAS,Residential,Brunei,2014,6.363936,1.76776
BAS,Residential,Brunei,2015,6.531408,1.81428
BAS,Residential,Brunei,2016,6.531408,1.81428
BAS,Residential,Brunei,2017,6.143878,1.706633
BAS,Residential,Brunei,2018,6.345263,1.762573
BAS,Residential,Brunei,2019,6.410284,1.780634
BAS,Residential,Brunei,2020,6.684645,1.856846
BAS,Residential,Brunei,2021,6.666935,1.851926
BAS,Residential,Brunei,2022,6.488912,1.802476
BAS,Residential,Brunei,2023,6.412504,1.781251
BAS,Residential,Brunei,2024,5.711381,1.586495
BAS,Residential,Brunei,2025,8.879838,2.466622
BAS,Residential,Brunei,2026,8.210076,2.280577
BAS,Residential,Brunei,2027,7.50231,2.083975
BAS,Residential,Brunei,2028,6.789767,1.886046
BAS,Residential,Brunei,2029,6.063852,1.684403
BAS,Residential,Brunei,2030,5.947243,1.652012
BAS,Residential,Brunei,2031,5.93657,1.649047
BAS,Residential,Brunei,2032,5.799971,1.611103
BAS,Residential,Brunei,2033,5.760877,1.600244
BAS,Residential,Brunei,2034,5.716791,1.587998
BAS,Residential,Brunei,2035,5.569993,1.54722
BAS,Residential,Brunei,2036,5.608052,1.557792
BAS,Residential,Brunei,2037,5.53963,1.538786
BAS,Residential,Brunei,2038,5.575447,1.548735
BAS,Residential,Brunei,2039,5.607414,1.557615
BAS,Residential,Brunei,2040,5.625591,1.562664
BAS,Residential,Brunei,2041,5.638652,1.566292
BAS,Residential,Brunei,2042,5.739039,1.594177
BAS,Residential,Brunei,2043,5.738444,1.594012
BAS,Residential,Brunei,2044,5.731597,1.59211
BAS,Residential,Brunei,2045,5.723695,1.589915
BAS,Residential,Brunei,2046,5.802471,1.611797
BAS,Residential,Brunei,2047,5.779692,1.60547
BAS,Residential,Brunei,2048,5.84253,1.622925
BAS,Residential,Brunei,2049,5.808378,1.613438
BAS,Residential,Brunei,2050,5.766884,1.601912
BAS,Residential,Brunei,2051,5.71701,1.588058
BAS,Residential,Brunei,2052,5.654244,1.570623
BAS,Residential,Brunei,2053,5.579168,1.549769
BAS,Residential,Brunei,2054,5.498144,1.527262
BAS,Residential,Brunei,2055,5.410418,1.502894
BAS,Residential,Brunei,2056,5.376414,1.493448
BAS,Residential,Brunei,2057,5.375907,1.493307
BAS,Residential,Brunei,2058,5.374157,1.492821
BAS,Residential,Brunei,2059,5.371521,1.492089
BAS,Residential,Brunei,2060,5.368584,1.491273
BAS,Residential,Cambodia,2005,32.112756,8.92021
BAS,Residential,Cambodia,2006,32.489568,9.02488
BAS,Residential,Cambodia,2007,32.86638,9.12955
BAS,Residential,Cambodia,2008,33.07572,9.1877
BAS,Residential,Cambodia,2009,37.26252,10.3507
BAS,Residential,Cambodia,2010,41.03064,11.3974
BAS,Residential,Cambodia,2011,38.979108,10.82753
BAS,Residential,Cambodia,2012,38.602296,10.72286
BAS,Residential,Cambodia,2013,37.6812,10.467
BAS,Residential,Cambodia,2014,38.30922,10.64145
BAS,Residential,Cambodia,2015,38.058012,10.57167
BAS,Residential,Cambodia,2016,40.946904,11.37414
BAS,Residential,Cambodia,2017,43.207776,12.00216
BAS,Residential,Cambodia,2018,45.383991,12.606664
BAS,Residential,Cambodia,2019,60.071369,16.686491
BAS,Residential,Cambodia,2020,43.809879,12.169411
BAS,Residential,Cambodia,2021,48.399155,13.44421
BAS,Residential,Cambodia,2022,54.740024,15.205562
BAS,Residential,Cambodia,2023,65.302441,18.139567
BAS,Residential,Cambodia,2024,69.186451,19.218459
BAS,Residential,Cambodia,2025,76.843543,21.345429
BAS,Residential,Cambodia,2026,77.057,21.404722
BAS,Residential,Cambodia,2027,77.190133,21.441704
BAS,Residential,Cambodia,2028,77.286157,21.468377
BAS,Residential,Cambodia,2029,77.340407,21.483446
BAS,Residential,Cambodia,2030,77.337931,21.482759
BAS,Residential,Cambodia,2031,77.414133,21.503926
BAS,Residential,Cambodia,2032,77.45551,21.515419
BAS,Residential,Cambodia,2033,77.459686,21.516579
BAS,Residential,Cambodia,2034,77.430652,21.508514
BAS,Residential,Cambodia,2035,77.369525,21.491535
BAS,Residential,Cambodia,2036,77.267824,21.463284
BAS,Residential,Cambodia,2037,77.130808,21.425224
BAS,Residential,Cambodia,2038,77.326597,21.47961
BAS,Residential,Cambodia,2039,77.498092,21.527248
BAS,Residential,Cambodia,2040,77.640216,21.566727
BAS,Residential,Cambodia,2041,77.755757,21.598821
BAS,Residential,Cambodia,2042,77.850502,21.625139
BAS,Residential,Cambodia,2043,77.917194,21.643665
BAS,Residential,Cambodia,2044,77.954135,21.653926
BAS,Residential,Cambodia,2045,77.958679,21.655189
BAS,Residential,Cambodia,2046,77.930829,21.647453
BAS,Residential,Cambodia,2047,77.872614,21.631282
BAS,Residential,Cambodia,2048,77.780606,21.605724
BAS,Residential,Cambodia,2049,77.658461,21.571795
BAS,Residential,Cambodia,2050,77.523557,21.534321
BAS,Residential,Cambodia,2051,77.331808,21.481058
BAS,Residential,Cambodia,2052,77.107843,21.418845
BAS,Residential,Cambodia,2053,76.845036,21.345843
BAS,Residential,Cambodia,2054,76.549574,21.263771
BAS,Residential,Cambodia,2055,76.223845,21.17329
BAS,Residential,Cambodia,2056,75.860608,21.072391
BAS,Residential,Cambodia,2057,75.470749,20.964097
BAS,Residential,Cambodia,2058,75.03902,20.844172
BAS,Residential,Cambodia,2059,74.574619,20.715172
BAS,Residential,Cambodia,2060,74.079468,20.57763
BAS,Residential,Indonesia,2005,1045.822405,290.506224
BAS,Residential,Indonesia,2006,971.143877,269.762188
BAS,Residential,Indonesia,2007,944.675262,262.409795
BAS,Residential,Indonesia,2008,887.633462,246.564851
BAS,Residential,Indonesia,2009,835.743267,232.150908
BAS,Residential,Indonesia,2010,840.346821,233.429673
BAS,Residential,Indonesia,2011,845.964083,234.990023
BAS,Residential,Indonesia,2012,858.920345,238.588985
BAS,Residential,Indonesia,2013,869.199902,241.444417
BAS,Residential,Indonesia,2014,889.721586,247.144885
BAS,Residential,Indonesia,2015,843.306721,234.251867
BAS,Residential,Indonesia,2016,844.116951,234.476931
BAS,Residential,Indonesia,2017,838.968569,233.046825
BAS,Residential,Indonesia,2018,881.898969,244.971936
BAS,Residential,Indonesia,2019,859.668862,238.796906
BAS,Residential,Indonesia,2020,899.456231,249.848953
BAS,Residential,Indonesia,2021,872.408331,242.335647
BAS,Residential,Indonesia,2022,943.937004,262.204723
BAS,Residential,Indonesia,2023,982.444134,272.901148
BAS,Residential,Indonesia,2024,1028.745662,285.762684
BAS,Residential,Indonesia,2025,1219.299847,338.694402
BAS,Residential,Indonesia,2026,1219.147324,338.652034
BAS,Residential,Indonesia,2027,1218.513322,338.475923
BAS,Residential,Indonesia,2028,1217.418918,338.171922
BAS,Residential,Indonesia,2029,1215.766672,337.712964
BAS,Residential,Indonesia,2030,1213.368787,337.046885
BAS,Residential,Indonesia,2031,1214.002987,337.223052
BAS,Residential,Indonesia,2032,1220.260852,338.961348
BAS,Residential,Indonesia,2033,1226.247795,340.624388
BAS,Residential,Indonesia,2034,1232.207278,342.279799
BAS,Residential,Indonesia,2035,1238.137144,343.926984
BAS,Residential,Indonesia,2036,1247.850574,346.625159
BAS,Residential,Indonesia,2037,1252.24035,347.844542
BAS,Residential,Indonesia,2038,1260.505718,350.140477
BAS,Residential,Indonesia,2039,1268.482764,352.356323
BAS,Residential,Indonesia,2040,1275.989501,354.441528
BAS,Residential,Indonesia,2041,1283.182062,356.439462
BAS,Residential,Indonesia,2042,1290.07557,358.354325
BAS,Residential,Indonesia,2043,1301.38241,361.495114
BAS,Residential,Indonesia,2044,1313.54644,364.874011
BAS,Residential,Indonesia,2045,1325.584965,368.218046
BAS,Residential,Indonesia,2046,1337.227672,371.452131
BAS,Residential,Indonesia,2047,1348.413194,374.559221
BAS,Residential,Indonesia,2048,1359.14481,377.540225
BAS,Residential,Indonesia,2049,1370.068768,380.574658
BAS,Residential,Indonesia,2050,1380.643803,383.512168
BAS,Residential,Indonesia,2051,1391.046865,386.401907
BAS,Residential,Indonesia,2052,1401.145952,389.207209
BAS,Residential,Indonesia,2053,1411.005027,391.945841
BAS,Residential,Indonesia,2054,1420.591871,394.608853
BAS,Residential,Indonesia,2055,1429.83733,397.177036
BAS,Residential,Indonesia,2056,1438.772203,399.658945
BAS,Residential,Indonesia,2057,1447.333601,402.037111
BAS,Residential,Indonesia,2058,1455.604532,404.334592
BAS,Residential,Indonesia,2059,1463.540241,406.538956
BAS,Residential,Indonesia,2060,1471.178082,408.660578
BAS,Residential,Laos,2005,45.719648,12.699902
BAS,Residential,Laos,2006,46.974975,13.048604
BAS,Residential,Laos,2007,50.905459,14.140405
BAS,Residential,Laos,2008,54.87756,15.243767
BAS,Residential,Laos,2009,53.970993,14.991943
BAS,Residential,Laos,2010,53.16139,14.767053
BAS,Residential,Laos,2011,52.116198,14.476722
BAS,Residential,Laos,2012,51.40105,14.278069
BAS,Residential,Laos,2013,50.43997,14.011103
BAS,Residential,Laos,2014,51.44003,14.288897
BAS,Residential,Laos,2015,52.520434,14.589009
BAS,Residential,Laos,2016,52.824017,14.673338
BAS,Residential,Laos,2017,52.95226,14.708961
BAS,Residential,Laos,2018,53.044704,14.73464
BAS,Residential,Laos,2019,53.946416,14.985116
BAS,Residential,Laos,2020,53.891318,14.969811
BAS,Residential,Laos,2021,54.161366,15.044824
BAS,Residential,Laos,2022,53.802473,14.945131
BAS,Residential,Laos,2023,55.310475,15.364021
BAS,Residential,Laos,2024,55.57014,15.43615
BAS,Residential,Laos,2025,62.597708,17.388252
BAS,Residential,Laos,2026,62.830142,17.452817
BAS,Residential,Laos,2027,63.008844,17.502457
BAS,Residential,Laos,2028,63.132753,17.536876
BAS,Residential,Laos,2029,63.753995,17.709443
BAS,Residential,Laos,2030,64.306265,17.862851
BAS,Residential,Laos,2031,64.876003,18.021112
BAS,Residential,Laos,2032,65.425537,18.17376
BAS,Residential,Laos,2033,65.953702,18.320473
BAS,Residential,Laos,2034,66.459429,18.460953
BAS,Residential,Laos,2035,66.944154,18.595598
BAS,Residential,Laos,2036,67.412699,18.72575
BAS,Residential,Laos,2037,67.863467,18.850963
BAS,Residential,Laos,2038,68.382238,18.995066
BAS,Residential,Laos,2039,68.915466,19.143185
BAS,Residential,Laos,2040,69.423653,19.284348
BAS,Residential,Laos,2041,69.921818,19.422727
BAS,Residential,Laos,2042,70.405691,19.557136
BAS,Residential,Laos,2043,70.868541,19.685706
BAS,Residential,Laos,2044,71.314267,19.809519
BAS,Residential,Laos,2045,71.743745,19.928818
BAS,Residential,Laos,2046,72.15834,20.043983
BAS,Residential,Laos,2047,72.558511,20.155142
BAS,Residential,Laos,2048,72.941413,20.261504
BAS,Residential,Laos,2049,73.306228,20.362841
BAS,Residential,Laos,2050,73.706581,20.47405
BAS,Residential,Laos,2051,74.03582,20.565506
BAS,Residential,Laos,2052,74.346079,20.651689
BAS,Residential,Laos,2053,74.637297,20.732582
BAS,Residential,Laos,2054,74.908412,20.807892
BAS,Residential,Laos,2055,75.155767,20.876602
BAS,Residential,Laos,2056,75.382542,20.939595
BAS,Residential,Laos,2057,75.592715,20.997976
BAS,Residential,Laos,2058,75.785669,21.051575
BAS,Residential,Laos,2059,75.956795,21.09911
BAS,Residential,Laos,2060,76.106769,21.140769
BAS,Residential,Malaysia,2005,91.397844,25.38829
BAS,Residential,Malaysia,2006,98.975952,27.49332
BAS,Residential,Malaysia,2007,101.488032,28.19112
BAS,Residential,Malaysia,2008,112.331844,31.20329
BAS,Residential,Malaysia,2009,106.512192,29.58672
BAS,Residential,Malaysia,2010,111.15954,30.87765
BAS,Residential,Malaysia,2011,116.016228,32.22673
BAS,Residential,Malaysia,2012,118.988856,33.05246
BAS,Residential,Malaysia,2013,125.101584,34.75044
BAS,Residential,Malaysia,2014,125.352792,34.82022
BAS,Residential,Malaysia,2015,130.20948,36.1693
BAS,Residential,Malaysia,2016,137.494512,38.19292
BAS,Residential,Malaysia,2017,134.768277,37.435633
BAS,Residential,Malaysia,2018,139.947474,38.874298
BAS,Residential,Malaysia,2019,139.780002,38.827778
BAS,Residential,Malaysia,2020,171.013698,47.503805
BAS,Residential,Malaysia,2021,174.52433,48.478981
BAS,Residential,Malaysia,2022,171.156384,47.54344
BAS,Residential,Malaysia,2023,145.784376,40.49566
BAS,Residential,Malaysia,2024,193.597632,53.77712
BAS,Residential,Malaysia,2025,215.549669,59.874908
BAS,Residential,Malaysia,2026,219.367525,60.935424
BAS,Residential,Malaysia,2027,222.964798,61.934666
BAS,Residential,Malaysia,2028,226.595473,62.943187
BAS,Residential,Malaysia,2029,230.231844,63.95329
BAS,Residential,Malaysia,2030,234.020807,65.00578
BAS,Residential,Malaysia,2031,238.082139,66.133927
BAS,Residential,Malaysia,2032,241.771157,67.158655
BAS,Residential,Malaysia,2033,245.344731,68.151314
BAS,Residential,Malaysia,2034,248.815352,69.115376
BAS,Residential,Malaysia,2035,252.745316,70.207032
BAS,Residential,Malaysia,2036,256.474131,71.242814
BAS,Residential,Malaysia,2037,258.874519,71.909589
BAS,Residential,Malaysia,2038,263.364406,73.156779
BAS,Residential,Malaysia,2039,267.845165,74.401435
BAS,Residential,Malaysia,2040,272.26026,75.62785
BAS,Residential,Malaysia,2041,277.169049,76.991403
BAS,Residential,Malaysia,2042,281.56372,78.212144
BAS,Residential,Malaysia,2043,285.937727,79.427146
BAS,Residential,Malaysia,2044,290.263307,80.628696
BAS,Residential,Malaysia,2045,294.052922,81.681367
BAS,Residential,Malaysia,2046,298.187799,82.829944
BAS,Residential,Malaysia,2047,302.28051,83.966808
BAS,Residential,Malaysia,2048,306.296558,85.082377
BAS,Residential,Malaysia,2049,310.223703,86.173251
BAS,Residential,Malaysia,2050,313.713231,87.142564
BAS,Residential,Malaysia,2051,317.106135,88.085037
BAS,Residential,Malaysia,2052,320.475544,89.020984
BAS,Residential,Malaysia,2053,323.716436,89.921232
BAS,Residential,Malaysia,2054,326.930321,90.813978
BAS,Residential,Malaysia,2055,330.085634,91.690454
BAS,Residential,Malaysia,2056,333.059294,92.516471
BAS,Residential,Malaysia,2057,336.025506,93.340418
BAS,Residential,Malaysia,2058,338.986773,94.162993
BAS,Residential,Malaysia,2059,341.971154,94.991987
BAS,Residential,Malaysia,2060,344.941071,95.816964
BAS,Residential,Myanmar,2005,168.212311,46.725642
BAS,Residential,Myanmar,2006,172.211877,47.836633
BAS,Residential,Myanmar,2007,177.602298,49.333972
BAS,Residential,Myanmar,2008,183.43518,50.954217
BAS,Residential,Myanmar,2009,189.471079,52.630855
BAS,Residential,Myanmar,2010,196.495442,54.582067
BAS,Residential,Myanmar,2011,211.159667,58.655463
BAS,Residential,Myanmar,2012,207.225959,57.562766
BAS,Residential,Myanmar,2013,207.3936,57.609333
BAS,Residential,Myanmar,2014,218.772107,60.77003
BAS,Residential,Myanmar,2015,214.047763,59.457712
BAS,Residential,Myanmar,2016,216.572153,60.158931
BAS,Residential,Myanmar,2017,201.926308,56.090641
BAS,Residential,Myanmar,2018,197.265729,54.796036
BAS,Residential,Myanmar,2019,198.409898,55.113861
BAS,Residential,Myanmar,2020,203.415301,56.50425
BAS,Residential,Myanmar,2021,187.225281,52.007022
BAS,Residential,Myanmar,2022,120.988429,33.607897
BAS,Residential,Myanmar,2023,175.231104,48.675307
BAS,Residential,Myanmar,2024,194.596687,54.054635
BAS,Residential,Myanmar,2025,238.179647,66.161013
BAS,Residential,Myanmar,2026,236.911133,65.808648
BAS,Residential,Myanmar,2027,235.513918,65.420533
BAS,Residential,Myanmar,2028,233.968495,64.991249
BAS,Residential,Myanmar,2029,232.281377,64.522605
BAS,Residential,Myanmar,2030,230.191169,63.941991
BAS,Residential,Myanmar,2031,228.757021,63.543617
BAS,Residential,Myanmar,2032,227.192728,63.109091
BAS,Residential,Myanmar,2033,225.505561,62.640434
BAS,Residential,Myanmar,2034,223.7096,62.141556
BAS,Residential,Myanmar,2035,221.800862,61.611351
BAS,Residential,Myanmar,2036,219.772488,61.047913
BAS,Residential,Myanmar,2037,217.645914,60.457198
BAS,Residential,Myanmar,2038,215.559098,59.877527
BAS,Residential,Myanmar,2039,213.424772,59.284659
BAS,Residential,Myanmar,2040,211.197869,58.666075
BAS,Residential,Myanmar,2041,208.895328,58.02648
BAS,Residential,Myanmar,2042,206.501926,57.361646
BAS,Residential,Myanmar,2043,204.029874,56.674965
BAS,Residential,Myanmar,2044,201.477423,55.965951
BAS,Residential,Myanmar,2045,198.852765,55.236879
BAS,Residential,Myanmar,2046,196.158436,54.488454
BAS,Residential,Myanmar,2047,193.379842,53.716623
BAS,Residential,Myanmar,2048,190.527544,52.924318
BAS,Residential,Myanmar,2049,187.613055,52.114737
BAS,Residential,Myanmar,2050,184.632308,51.286752
BAS,Residential,Myanmar,2051,181.58057,50.439047
BAS,Residential,Myanmar,2052,178.473021,49.575839
BAS,Residential,Myanmar,2053,174.945085,48.595857
BAS,Residential,Myanmar,2054,171.148328,47.541202
BAS,Residential,Myanmar,2055,167.261823,46.461617
BAS,Residential,Myanmar,2056,163.309766,45.363824
BAS,Residential,Myanmar,2057,159.287064,44.246407
BAS,Residential,Myanmar,2058,155.206668,43.112963
BAS,Residential,Myanmar,2059,151.06001,41.961114
BAS,Residential,Myanmar,2060,146.845046,40.790291
BAS,Residential,Philippines,2005,296.103811,82.251059
BAS,Residential,Philippines,2006,297.054547,82.515152
BAS,Residential,Philippines,2007,303.58558,84.329328
BAS,Residential,Philippines,2008,308.848805,85.791335
BAS,Residential,Philippines,2009,319.565464,88.768184
BAS,Residential,Philippines,2010,329.854484,91.626246
BAS,Residential,Philippines,2011,334.574809,92.937447
BAS,Residential,Philippines,2012,342.117119,95.032533
BAS,Residential,Philippines,2013,351.091818,97.525505
BAS,Residential,Philippines,2014,355.392458,98.720127
BAS,Residential,Philippines,2015,365.563618,101.545449
BAS,Residential,Philippines,2016,378.273317,105.075921
BAS,Residential,Philippines,2017,384.870962,106.908601
BAS,Residential,Philippines,2018,394.842956,109.678599
BAS,Residential,Philippines,2019,406.572445,112.93679
BAS,Residential,Philippines,2020,419.856071,116.626686
BAS,Residential,Philippines,2021,426.155866,118.376629
BAS,Residential,Philippines,2022,431.665068,119.906963
BAS,Residential,Philippines,2023,441.121543,122.533762
BAS,Residential,Philippines,2024,459.923749,127.756597
BAS,Residential,Philippines,2025,541.304172,150.36227
BAS,Residential,Philippines,2026,543.110868,150.86413
BAS,Residential,Philippines,2027,543.574678,150.992966
BAS,Residential,Philippines,2028,544.019664,151.116573
BAS,Residential,Philippines,2029,544.6159,151.282194
BAS,Residential,Philippines,2030,544.140344,151.150096
BAS,Residential,Philippines,2031,543.527633,150.979898
BAS,Residential,Philippines,2032,543.31776,150.9216
BAS,Residential,Philippines,2033,542.117057,150.588071
BAS,Residential,Philippines,2034,541.374465,150.381796
BAS,Residential,Philippines,2035,539.625903,149.896084
BAS,Residential,Philippines,2036,538.399144,149.555318
BAS,Residential,Philippines,2037,536.738003,149.09389
BAS,Residential,Philippines,2038,537.396071,149.276686
BAS,Residential,Philippines,2039,538.404435,149.556788
BAS,Residential,Philippines,2040,538.404549,149.556819
BAS,Residential,Philippines,2041,538.826627,149.674063
BAS,Residential,Philippines,2042,538.931966,149.703324
BAS,Residential,Philippines,2043,538.778806,149.660779
BAS,Residential,Philippines,2044,538.297821,149.527172
BAS,Residential,Philippines,2045,537.516047,149.310013
BAS,Residential,Philippines,2046,536.417866,149.004963
BAS,Residential,Philippines,2047,535.574783,148.770773
BAS,Residential,Philippines,2048,534.411542,148.447651
BAS,Residential,Philippines,2049,532.588526,147.941257
BAS,Residential,Philippines,2050,531.293873,147.581631
BAS,Residential,Philippines,2051,529.683311,147.134253
BAS,Residential,Philippines,2052,526.853475,146.348187
BAS,Residential,Philippines,2053,523.920406,145.533446
BAS,Residential,Philippines,2054,520.871804,144.686612
BAS,Residential,Philippines,2055,517.692427,143.803452
BAS,Residential,Philippines,2056,514.394885,142.887468
BAS,Residential,Philippines,2057,511.005914,141.946087
BAS,Residential,Philippines,2058,507.597972,140.999437
BAS,Residential,Philippines,2059,505.321526,140.367091
BAS,Residential,Philippines,2060,511.479113,142.077531
BAS,Residential,Singapore,2005,25.413876,7.05941
BAS,Residential,Singapore,2006,25.33014,7.03615
BAS,Residential,Singapore,2007,25.497612,7.08267
BAS,Residential,Singapore,2008,25.33014,7.03615
BAS,Residential,Singapore,2009,26.468949,7.352486
BAS,Residential,Singapore,2010,27.055102,7.515306
BAS,Residential,Singapore,2011,26.686663,7.412962
BAS,Residential,Singapore,2012,27.239321,7.566478
BAS,Residential,Singapore,2013,27.942703,7.761862
BAS,Residential,Singapore,2014,28.49536,7.915378
BAS,Residential,Singapore,2015,29.62161,8.228225
BAS,Residential,Singapore,2016,30.953012,8.598059
BAS,Residential,Singapore,2017,29.918873,8.310798
BAS,Residential,Singapore,2018,29.759774,8.266604
BAS,Residential,Singapore,2019,31.30889,8.696914
BAS,Residential,Singapore,2020,33.900519,9.416811
BAS,Residential,Singapore,2021,33.917267,9.421463
BAS,Residential,Singapore,2022,32.397459,8.999294
BAS,Residential,Singapore,2023,32.682161,9.078378
BAS,Residential,Singapore,2024,34.070922,9.464145
BAS,Residential,Singapore,2025,62.52234,17.367317
BAS,Residential,Singapore,2026,62.209856,17.280516
BAS,Residential,Singapore,2027,61.905741,17.196039
BAS,Residential,Singapore,2028,61.580215,17.105615
BAS,Residential,Singapore,2029,61.198268,16.999519
BAS,Residential,Singapore,2030,60.788074,16.885576
BAS,Residential,Singapore,2031,60.387619,16.774339
BAS,Residential,Singapore,2032,59.959001,16.655278
BAS,Residential,Singapore,2033,59.526236,16.535066
BAS,Residential,Singapore,2034,59.041704,16.400473
BAS,Residential,Singapore,2035,58.501404,16.25039
BAS,Residential,Singapore,2036,57.920541,16.089039
BAS,Residential,Singapore,2037,57.336509,15.926808
BAS,Residential,Singapore,2038,57.448573,15.957937
BAS,Residential,Singapore,2039,57.52137,15.978158
BAS,Residential,Singapore,2040,57.545118,15.984755
BAS,Residential,Singapore,2041,57.534213,15.981726
BAS,Residential,Singapore,2042,57.513711,15.976031
BAS,Residential,Singapore,2043,57.483002,15.967501
BAS,Residential,Singapore,2044,57.407712,15.946587
BAS,Residential,Singapore,2045,57.344188,15.928941
BAS,Residential,Singapore,2046,57.290328,15.91398
BAS,Residential,Singapore,2047,57.20455,15.890153
BAS,Residential,Singapore,2048,57.162012,15.878337
BAS,Residential,Singapore,2049,57.087055,15.857515
BAS,Residential,Singapore,2050,56.997584,15.832662
BAS,Residential,Singapore,2051,56.341923,15.650534
BAS,Residential,Singapore,2052,56.288322,15.635645
BAS,Residential,Singapore,2053,56.237822,15.621617
BAS,Residential,Singapore,2054,56.155702,15.598806
BAS,Residential,Singapore,2055,56.054828,15.570786
BAS,Residential,Singapore,2056,55.966119,15.546144
BAS,Residential,Singapore,2057,55.883356,15.523154
BAS,Residential,Singapore,2058,55.781155,15.494765
BAS,Residential,Singapore,2059,55.662972,15.461937
BAS,Residential,Singapore,2060,55.532171,15.425603
BAS,Residential,Thailand,2005,373.769452,103.824848
BAS,Residential,Thailand,2006,378.094668,105.026297
BAS,Residential,Thailand,2007,400.023326,111.117591
BAS,Residential,Thailand,2008,416.715762,115.754378
BAS,Residential,Thailand,2009,422.382638,117.328511
BAS,Residential,Thailand,2010,458.990888,127.497469
BAS,Residential,Thailand,2011,462.224855,128.395793
BAS,Residential,Thailand,2012,431.445972,119.846103
BAS,Residential,Thailand,2013,475.933192,132.203664
BAS,Residential,Thailand,2014,479.764449,133.267902
BAS,Residential,Thailand,2015,464.691048,129.080847
BAS,Residential,Thailand,2016,463.519498,128.755416
BAS,Residential,Thailand,2017,455.10516,126.4181
BAS,Residential,Thailand,2018,460.589868,127.94163
BAS,Residential,Thailand,2019,467.707428,129.91873
BAS,Residential,Thailand,2020,424.9602,118.0445
BAS,Residential,Thailand,2021,405.0729,112.52025
BAS,Residential,Thailand,2022,407.79432,113.2762
BAS,Residential,Thailand,2023,412.651008,114.62528
BAS,Residential,Thailand,2024,431.366004,119.82389
BAS,Residential,Thailand,2025,484.379999,134.55
BAS,Residential,Thailand,2026,475.976172,132.215603
BAS,Residential,Thailand,2027,467.442732,129.845203
BAS,Residential,Thailand,2028,458.782861,127.439684
BAS,Residential,Thailand,2029,450.013024,125.003618
BAS,Residential,Thailand,2030,441.121347,122.533708
BAS,Residential,Thailand,2031,432.13965,120.038792
BAS,Residential,Thailand,2032,423.286306,117.579529
BAS,Residential,Thailand,2033,414.530149,115.147264
BAS,Residential,Thailand,2034,406.233909,112.842752
BAS,Residential,Thailand,2035,398.055206,110.570891
BAS,Residential,Thailand,2036,393.354208,109.265058
BAS,Residential,Thailand,2037,392.695136,109.081982
BAS,Residential,Thailand,2038,392.508459,109.030128
BAS,Residential,Thailand,2039,392.301404,108.972612
BAS,Residential,Thailand,2040,391.991702,108.886584
BAS,Residential,Thailand,2041,391.685971,108.801659
BAS,Residential,Thailand,2042,391.308637,108.696844
BAS,Residential,Thailand,2043,390.86498,108.573606
BAS,Residential,Thailand,2044,390.153626,108.376007
BAS,Residential,Thailand,2045,389.1455,108.095972
BAS,Residential,Thailand,2046,388.178136,107.82726
BAS,Residential,Thailand,2047,387.237142,107.565873
BAS,Residential,Thailand,2048,386.258121,107.293923
BAS,Residential,Thailand,2049,385.075475,106.96541
BAS,Residential,Thailand,2050,383.922586,106.645163
BAS,Residential,Thailand,2051,382.691759,106.303266
BAS,Residential,Thailand,2052,381.365327,105.934813
BAS,Residential,Thailand,2053,379.949495,105.541526
BAS,Residential,Thailand,2054,378.534255,105.148404
BAS,Residential,Thailand,2055,377.037836,104.732732
BAS,Residential,Thailand,2056,375.521459,104.311516
BAS,Residential,Thailand,2057,373.979969,103.883325
BAS,Residential,Thailand,2058,372.436932,103.454703
BAS,Residential,Thailand,2059,370.905084,103.02919
BAS,Residential,Thailand,2060,369.365528,102.601536
BAS,Residential,Vietnam,2005,630.825156,175.22921
BAS,Residential,Vietnam,2006,652.973328,181.38148
BAS,Residential,Vietnam,2007,658.541772,182.92827
BAS,Residential,Vietnam,2008,664.780104,184.66114
BAS,Residential,Vietnam,2009,686.760804,190.76689
BAS,Residential,Vietnam,2010,647.69796,179.9161
BAS,Residential,Vietnam,2011,650.251908,180.62553
BAS,Residential,Vietnam,2012,662.14242,183.92845
BAS,Residential,Vietnam,2013,657.620676,182.67241
BAS,Residential,Vietnam,2014,623.791332,173.27537
BAS,Residential,Vietnam,2015,441.037512,122.51042
BAS,Residential,Vietnam,2016,443.130912,123.09192
BAS,Residential,Vietnam,2017,477.08586,132.52385
BAS,Residential,Vietnam,2018,437.30791,121.474419
BAS,Residential,Vietnam,2019,437.158024,121.432784
BAS,Residential,Vietnam,2020,427.420364,118.727879
BAS,Residential,Vietnam,2021,432.872414,120.242337
BAS,Residential,Vietnam,2022,420.044897,116.679138
BAS,Residential,Vietnam,2023,426.145902,118.373862
BAS,Residential,Vietnam,2024,448.001835,124.444954
BAS,Residential,Vietnam,2025,583.955995,162.209999
BAS,Residential,Vietnam,2026,578.797886,160.777191
BAS,Residential,Vietnam,2027,573.39696,159.276933
BAS,Residential,Vietnam,2028,567.854964,157.73749
BAS,Residential,Vietnam,2029,562.161686,156.156024
BAS,Residential,Vietnam,2030,557.195684,154.776579
BAS,Residential,Vietnam,2031,552.14197,153.372769
BAS,Residential,Vietnam,2032,547.023769,151.951047
BAS,Residential,Vietnam,2033,541.873841,150.520511
BAS,Residential,Vietnam,2034,536.557952,149.043876
BAS,Residential,Vietnam,2035,531.354395,147.598443
BAS,Residential,Vietnam,2036,526.199642,146.166567
BAS,Residential,Vietnam,2037,521.128593,144.757942
BAS,Residential,Vietnam,2038,520.711031,144.641953
BAS,Residential,Vietnam,2039,520.408787,144.557996
BAS,Residential,Vietnam,2040,522.901947,145.250541
BAS,Residential,Vietnam,2041,529.311645,147.031013
BAS,Residential,Vietnam,2042,535.607818,148.779949
BAS,Residential,Vietnam,2043,542.270062,150.630573
BAS,Residential,Vietnam,2044,548.377966,152.327213
BAS,Residential,Vietnam,2045,554.349469,153.985964
BAS,Residential,Vietnam,2046,560.461417,155.683727
BAS,Residential,Vietnam,2047,566.405954,157.334987
BAS,Residential,Vietnam,2048,572.578103,159.049473
BAS,Residential,Vietnam,2049,577.677217,160.465894
BAS,Residential,Vietnam,2050,583.549927,162.097202
BAS,Residential,Vietnam,2051,589.427897,163.729971
BAS,Residential,Vietnam,2052,595.86963,165.519342
BAS,Residential,Vietnam,2053,602.515022,167.365284
BAS,Residential,Vietnam,2054,609.299879,169.249966
BAS,Residential,Vietnam,2055,615.40137,170.944825
BAS,Residential,Vietnam,2056,621.551717,172.653255
BAS,Residential,Vietnam,2057,627.891344,174.414262
BAS,Residential,Vietnam,2058,634.013595,176.114887
BAS,Residential,Vietnam,2059,640.008311,177.780086
BAS,Residential,Vietnam,2060,646.207402,179.502056
BAS,Transport,Brunei,2006,0.432725,0.120201
BAS,Transport,Brunei,2007,0.68444,0.190122
BAS,Transport,Brunei,2008,0.725821,0.201617
BAS,Transport,Brunei,2009,1.418656,0.394071
BAS,Transport,Brunei,2010,1.61661,0.449058
BAS,Transport,Brunei,2011,1.671933,0.464426
BAS,Transport,Brunei,2012,1.821096,0.50586
BAS,Transport,Brunei,2013,2.206552,0.612931
BAS,Transport,Brunei,2014,2.365585,0.657107
BAS,Transport,Brunei,2015,2.8857,0.801583
BAS,Transport,Brunei,2016,3.34142,0.928172
BAS,Transport,Brunei,2017,3.353494,0.931526
BAS,Transport,Brunei,2018,3.341498,0.928194
BAS,Transport,Brunei,2019,3.587566,0.996546
BAS,Transport,Brunei,2020,4.062922,1.128589
BAS,Transport,Brunei,2021,4.275548,1.187652
BAS,Transport,Brunei,2022,4.169518,1.158199
BAS,Transport,Brunei,2023,4.339657,1.20546
BAS,Transport,Brunei,2024,5.228915,1.452476
BAS,Transport,Brunei,2025,6.295022,1.748617
BAS,Transport,Brunei,2026,7.541109,2.094752
BAS,Transport,Brunei,2027,8.970527,2.491813
BAS,Transport,Brunei,2028,10.550752,2.930764
BAS,Transport,Brunei,2029,12.256005,3.404446
BAS,Transport,Brunei,2030,14.077485,3.910412
BAS,Transport,Brunei,2031,16.005169,4.44588
BAS,Transport,Brunei,2032,18.004188,5.001163
BAS,Transport,Brunei,2033,20.04215,5.567264
BAS,Transport,Brunei,2034,22.087091,6.135303
BAS,Transport,Brunei,2035,24.109354,6.697043
BAS,Transport,Brunei,2036,26.077451,7.243736
BAS,Transport,Brunei,2037,27.965638,7.768233
BAS,Transport,Brunei,2038,29.75003,8.263897
BAS,Transport,Brunei,2039,31.407422,8.724284
BAS,Transport,Brunei,2040,32.91741,9.143725
BAS,Transport,Brunei,2041,34.277334,9.521482
BAS,Transport,Brunei,2042,35.487436,9.857621
BAS,Transport,Brunei,2043,36.538262,10.149517
BAS,Transport,Brunei,2044,37.434717,10.398532
BAS,Transport,Brunei,2045,38.195578,10.609883
BAS,Transport,Brunei,2046,38.838912,10.788587
BAS,Transport,Brunei,2047,39.379403,10.938723
BAS,Transport,Brunei,2048,39.827293,11.063137
BAS,Transport,Brunei,2049,40.195818,11.165505
BAS,Transport,Brunei,2050,40.499974,11.249993
BAS,Transport,Brunei,2051,40.749751,11.319375
BAS,Transport,Brunei,2052,40.953961,11.3761
BAS,Transport,Brunei,2053,41.120252,11.422292
BAS,Transport,Brunei,2054,41.255161,11.459767
BAS,Transport,Brunei,2055,41.364214,11.490059
BAS,Transport,Brunei,2056,41.452057,11.51446
BAS,Transport,Brunei,2057,41.522554,11.534043
BAS,Transport,Brunei,2058,41.578922,11.549701
BAS,Transport,Brunei,2059,41.623811,11.56217
BAS,Transport,Brunei,2060,41.659406,11.572057
BAS,Transport,Cambodia,2005,0.405748,0.112708
BAS,Transport,Cambodia,2006,11.147654,3.096571
BAS,Transport,Cambodia,2007,19.618198,5.449499
BAS,Transport,Cambodia,2008,22.034785,6.120774
BAS,Transport,Cambodia,2009,23.634475,6.565132
BAS,Transport,Cambodia,2010,26.380861,7.328017
BAS,Transport,Cambodia,2011,30.981931,8.606092
BAS,Transport,Cambodia,2012,40.519034,11.255287
BAS,Transport,Cambodia,2013,54.63027,15.175075
BAS,Transport,Cambodia,2014,69.66574,19.351594
BAS,Transport,Cambodia,2015,84.039856,23.344404
BAS,Transport,Cambodia,2016,96.636031,26.843342
BAS,Transport,Cambodia,2017,111.517091,30.97697
BAS,Transport,Cambodia,2018,124.298861,34.527461
BAS,Transport,Cambodia,2019,135.651204,37.68089
BAS,Transport,Cambodia,2020,125.896895,34.97136
BAS,Transport,Cambodia,2021,128.839493,35.788748
BAS,Transport,Cambodia,2022,137.158017,38.099449
BAS,Transport,Cambodia,2023,138.569663,38.491573
BAS,Transport,Cambodia,2024,148.918507,41.366252
BAS,Transport,Cambodia,2025,159.656179,44.348939
BAS,Transport,Cambodia,2026,172.222478,47.839577
BAS,Transport,Cambodia,2027,186.640913,51.844698
BAS,Transport,Cambodia,2028,202.9507,56.375194
BAS,Transport,Cambodia,2029,221.110551,61.419597
BAS,Transport,Cambodia,2030,240.883884,66.91219
BAS,Transport,Cambodia,2031,262.222951,72.839709
BAS,Transport,Cambodia,2032,285.056212,79.182281
BAS,Transport,Cambodia,2033,309.335875,85.926632
BAS,Transport,Cambodia,2034,334.590105,92.941696
BAS,Transport,Cambodia,2035,360.657187,100.182552
BAS,Transport,Cambodia,2036,387.129438,107.535955
BAS,Transport,Cambodia,2037,413.617004,114.893612
BAS,Transport,Cambodia,2038,439.609832,122.113842
BAS,Transport,Cambodia,2039,464.76815,129.102264
BAS,Transport,Cambodia,2040,488.862868,135.795241
BAS,Transport,Cambodia,2041,511.319319,142.033144
BAS,Transport,Cambodia,2042,532.052372,147.792326
BAS,Transport,Cambodia,2043,550.992455,153.05346
BAS,Transport,Cambodia,2044,568.045747,157.790485
BAS,Transport,Cambodia,2045,583.334846,162.037457
BAS,Transport,Cambodia,2046,596.85581,165.793281
BAS,Transport,Cambodia,2047,608.796719,169.1102
BAS,Transport,Cambodia,2048,619.335319,172.037589
BAS,Transport,Cambodia,2049,628.553209,174.598114
BAS,Transport,Cambodia,2050,636.635003,176.843056
BAS,Transport,Cambodia,2051,643.71789,178.810525
BAS,Transport,Cambodia,2052,649.929141,180.535873
BAS,Transport,Cambodia,2053,655.385445,182.051513
BAS,Transport,Cambodia,2054,660.192254,183.386737
BAS,Transport,Cambodia,2055,664.443681,184.567689
BAS,Transport,Cambodia,2056,668.223161,185.617545
BAS,Transport,Cambodia,2057,671.60356,186.556544
BAS,Transport,Cambodia,2058,674.64827,187.402297
BAS,Transport,Cambodia,2059,677.41235,188.170097
BAS,Transport,Cambodia,2060,679.943389,188.873164
BAS,Transport,Indonesia,2005,1059.033047,294.175846
BAS,Transport,Indonesia,2006,1173.603045,326.000846
BAS,Transport,Indonesia,2007,1257.727235,349.368676
BAS,Transport,Indonesia,2008,1298.216102,360.615584
BAS,Transport,Indonesia,2009,1306.351808,362.875502
BAS,Transport,Indonesia,2010,1976.331373,548.980937
BAS,Transport,Indonesia,2011,2184.980851,606.939125
BAS,Transport,Indonesia,2012,2435.418954,676.505265
BAS,Transport,Indonesia,2013,2702.017227,750.560341
BAS,Transport,Indonesia,2014,2928.983371,813.606492
BAS,Transport,Indonesia,2015,3147.530928,874.314147
BAS,Transport,Indonesia,2016,3350.640996,930.73361
BAS,Transport,Indonesia,2017,3631.521591,1008.755997
BAS,Transport,Indonesia,2018,3919.659061,1088.794184
BAS,Transport,Indonesia,2019,4300.007121,1194.446422
BAS,Transport,Indonesia,2020,4086.538757,1135.149655
BAS,Transport,Indonesia,2021,4077.782917,1132.717477
BAS,Transport,Indonesia,2022,4436.408344,1232.335651
BAS,Transport,Indonesia,2023,4655.074805,1293.076335
BAS,Transport,Indonesia,2024,4998.971696,1388.603249
BAS,Transport,Indonesia,2025,5434.548844,1509.596901
BAS,Transport,Indonesia,2026,5963.925475,1656.645965
BAS,Transport,Indonesia,2027,6582.111946,1828.364429
BAS,Transport,Indonesia,2028,7300.149579,2027.819328
BAS,Transport,Indonesia,2029,8111.468145,2253.185596
BAS,Transport,Indonesia,2030,9012.963347,2503.60093
BAS,Transport,Indonesia,2031,9999.271908,2777.57553
BAS,Transport,Indonesia,2032,11057.096846,3071.415791
BAS,Transport,Indonesia,2033,12179.496893,3383.193581
BAS,Transport,Indonesia,2034,13344.494393,3706.803998
BAS,Transport,Indonesia,2035,14538.535122,4038.481978
BAS,Transport,Indonesia,2036,15750.432101,4375.120028
BAS,Transport,Indonesia,2037,16960.995575,4711.38766
BAS,Transport,Indonesia,2038,18152.601537,5042.389316
BAS,Transport,Indonesia,2039,19312.345276,5364.540354
BAS,Transport,Indonesia,2040,20432.233592,5675.620442
BAS,Transport,Indonesia,2041,21494.673479,5970.742633
BAS,Transport,Indonesia,2042,22493.133015,6248.092504
BAS,Transport,Indonesia,2043,23427.106056,6507.52946
BAS,Transport,Indonesia,2044,24294.783313,6748.55092
BAS,Transport,Indonesia,2045,25097.497788,6971.527163
BAS,Transport,Indonesia,2046,25834.373362,7176.214823
BAS,Transport,Indonesia,2047,26509.281846,7363.689402
BAS,Transport,Indonesia,2048,27128.210351,7535.613986
BAS,Transport,Indonesia,2049,27693.968324,7692.768979
BAS,Transport,Indonesia,2050,28211.20993,7836.447203
BAS,Transport,Indonesia,2051,28684.438762,7967.899656
BAS,Transport,Indonesia,2052,29117.84838,8088.291217
BAS,Transport,Indonesia,2053,29515.470946,8198.741929
BAS,Transport,Indonesia,2054,29880.884461,8300.245684
BAS,Transport,Indonesia,2055,30217.433724,8393.73159
BAS,Transport,Indonesia,2056,30527.970403,8479.991779
BAS,Transport,Indonesia,2057,30815.297909,8559.804975
BAS,Transport,Indonesia,2058,31081.804172,8633.834492
BAS,Transport,Indonesia,2059,31329.495398,8702.637611
BAS,Transport,Indonesia,2060,31560.085625,8766.690451
BAS,Transport,Laos,2005,0.13942,0.038728
BAS,Transport,Laos,2006,6.014358,1.670655
BAS,Transport,Laos,2007,9.813948,2.726097
BAS,Transport,Laos,2008,13.711535,3.80876
BAS,Transport,Laos,2009,17.213966,4.781657
BAS,Transport,Laos,2010,20.490885,5.691912
BAS,Transport,Laos,2011,26.284105,7.30114
BAS,Transport,Laos,2012,32.813036,9.114732
BAS,Transport,Laos,2013,39.445877,10.957188
BAS,Transport,Laos,2014,45.31019,12.586164
BAS,Transport,Laos,2015,49.511706,13.753252
BAS,Transport,Laos,2016,52.308258,14.530072
BAS,Transport,Laos,2017,57.761492,16.044859
BAS,Transport,Laos,2018,62.575242,17.382012
BAS,Transport,Laos,2019,65.534252,18.203959
BAS,Transport,Laos,2020,66.751785,18.542162
BAS,Transport,Laos,2021,68.517562,19.032656
BAS,Transport,Laos,2022,74.99112,20.830867
BAS,Transport,Laos,2023,78.683765,21.856601
BAS,Transport,Laos,2024,82.780069,22.994464
BAS,Transport,Laos,2025,87.7381,24.371694
BAS,Transport,Laos,2026,93.76322,26.045339
BAS,Transport,Laos,2027,100.823568,28.006547
BAS,Transport,Laos,2028,108.919318,30.255366
BAS,Transport,Laos,2029,118.023998,32.784444
BAS,Transport,Laos,2030,127.996261,35.554517
BAS,Transport,Laos,2031,138.698355,38.527321
BAS,Transport,Laos,2032,149.984941,41.662484
BAS,Transport,Laos,2033,161.807096,44.946416
BAS,Transport,Laos,2034,173.923257,48.312016
BAS,Transport,Laos,2035,186.198946,51.721929
BAS,Transport,Laos,2036,198.425751,55.118264
BAS,Transport,Laos,2037,210.388614,58.441282
BAS,Transport,Laos,2038,221.949649,61.65268
BAS,Transport,Laos,2039,232.944024,64.706673
BAS,Transport,Laos,2040,243.32617,67.590603
BAS,Transport,Laos,2041,252.911822,70.253284
BAS,Transport,Laos,2042,261.61243,72.670119
BAS,Transport,Laos,2043,269.490592,74.858498
BAS,Transport,Laos,2044,276.51517,76.809769
BAS,Transport,Laos,2045,282.693526,78.525979
BAS,Transport,Laos,2046,288.034662,80.009628
BAS,Transport,Laos,2047,292.588669,81.27463
BAS,Transport,Laos,2048,296.460622,82.350173
BAS,Transport,Laos,2049,299.699724,83.249923
BAS,Transport,Laos,2050,302.373078,83.992522
BAS,Transport,Laos,2051,304.553067,84.598074
BAS,Transport,Laos,2052,306.30705,85.085292
BAS,Transport,Laos,2053,307.695928,85.471091
BAS,Transport,Laos,2054,308.774214,85.770615
BAS,Transport,Laos,2055,309.589825,85.997174
BAS,Transport,Laos,2056,310.184533,86.16237
BAS,Transport,Laos,2057,310.594914,86.276365
BAS,Transport,Laos,2058,310.852376,86.347882
BAS,Transport,Laos,2059,310.983839,86.3844
BAS,Transport,Laos,2060,311.012151,86.392264
BAS,Transport,Malaysia,2005,437.418027,121.505007
BAS,Transport,Malaysia,2006,450.171909,125.047752
BAS,Transport,Malaysia,2007,451.238634,125.344065
BAS,Transport,Malaysia,2008,453.527196,125.979777
BAS,Transport,Malaysia,2009,490.843075,136.345299
BAS,Transport,Malaysia,2010,500.325336,138.97926
BAS,Transport,Malaysia,2011,491.468874,136.519132
BAS,Transport,Malaysia,2012,532.070433,147.797342
BAS,Transport,Malaysia,2013,562.249682,156.180467
BAS,Transport,Malaysia,2014,578.128332,160.591203
BAS,Transport,Malaysia,2015,612.246633,170.068509
BAS,Transport,Malaysia,2016,611.546844,169.874123
BAS,Transport,Malaysia,2017,627.610528,174.336258
BAS,Transport,Malaysia,2018,697.078884,193.633023
BAS,Transport,Malaysia,2019,721.392316,200.386754
BAS,Transport,Malaysia,2020,668.145563,185.59599
BAS,Transport,Malaysia,2021,647.211087,179.780857
BAS,Transport,Malaysia,2022,687.521465,190.978185
BAS,Transport,Malaysia,2023,736.409744,204.558262
BAS,Transport,Malaysia,2024,852.578159,236.827266
BAS,Transport,Malaysia,2025,992.097835,275.582732
BAS,Transport,Malaysia,2026,1156.541134,321.261426
BAS,Transport,Malaysia,2027,1343.598172,373.221714
BAS,Transport,Malaysia,2028,1550.221313,430.617031
BAS,Transport,Malaysia,2029,1774.729941,492.980539
BAS,Transport,Malaysia,2030,2016.230739,560.064094
BAS,Transport,Malaysia,2031,2270.404261,630.66785
BAS,Transport,Malaysia,2032,2533.571203,703.769779
BAS,Transport,Malaysia,2033,2802.462369,778.461769
BAS,Transport,Malaysia,2034,3072.020881,853.339134
BAS,Transport,Malaysia,2035,3338.957519,927.4882
BAS,Transport,Malaysia,2036,3599.569716,999.880477
BAS,Transport,Malaysia,2037,3849.520095,1069.311137
BAS,Transport,Malaysia,2038,4085.551564,1134.875434
BAS,Transport,Malaysia,2039,4305.151014,1195.875282
BAS,Transport,Malaysia,2040,4506.145568,1251.707102
BAS,Transport,Malaysia,2041,4686.689045,1301.858068
BAS,Transport,Malaysia,2042,4845.877773,1346.077159
BAS,Transport,Malaysia,2043,4983.981303,1384.439251
BAS,Transport,Malaysia,2044,5102.619984,1417.39444
BAS,Transport,Malaysia,2045,5203.515795,1445.421054
BAS,Transport,Malaysia,2046,5288.329151,1468.98032
BAS,Transport,Malaysia,2047,5358.986681,1488.607411
BAS,Transport,Malaysia,2048,5417.353313,1504.820365
BAS,Transport,Malaysia,2049,5465.152574,1518.097937
BAS,Transport,Malaysia,2050,5503.963563,1528.878768
BAS,Transport,Malaysia,2051,5535.203267,1537.556463
BAS,Transport,Malaysia,2052,5560.108239,1544.474511
BAS,Transport,Malaysia,2053,5579.765638,1549.934899
BAS,Transport,Malaysia,2054,5595.113176,1554.198104
BAS,Transport,Malaysia,2055,5606.956682,1557.487967
BAS,Transport,Malaysia,2056,5615.982782,1559.995217
BAS,Transport,Malaysia,2057,5622.770112,1561.880587
BAS,Transport,Malaysia,2058,5627.807365,1563.279824
BAS,Transport,Malaysia,2059,5631.502273,1564.306187
BAS,Transport,Malaysia,2060,5634.199599,1565.055444
BAS,Transport,Myanmar,2005,2.294785,0.63744
BAS,Transport,Myanmar,2006,20.900852,5.805792
BAS,Transport,Myanmar,2007,26.767626,7.435452
BAS,Transport,Myanmar,2008,37.846366,10.512879
BAS,Transport,Myanmar,2009,44.673732,12.40937
BAS,Transport,Myanmar,2010,55.079193,15.299776
BAS,Transport,Myanmar,2011,70.293099,19.525861
BAS,Transport,Myanmar,2012,86.477919,24.021644
BAS,Transport,Myanmar,2013,103.629297,28.785916
BAS,Transport,Myanmar,2014,119.562844,33.211901
BAS,Transport,Myanmar,2015,138.285508,38.412641
BAS,Transport,Myanmar,2016,156.967523,43.60209
BAS,Transport,Myanmar,2017,180.861027,50.239174
BAS,Transport,Myanmar,2018,205.798887,57.166358
BAS,Transport,Myanmar,2019,222.730928,61.869702
BAS,Transport,Myanmar,2020,221.594261,61.553961
BAS,Transport,Myanmar,2021,217.778602,60.494056
BAS,Transport,Myanmar,2022,229.841298,63.844805
BAS,Transport,Myanmar,2023,224.520297,62.366749
BAS,Transport,Myanmar,2024,254.461532,70.683759
BAS,Transport,Myanmar,2025,290.325121,80.645867
BAS,Transport,Myanmar,2026,332.449822,92.347173
BAS,Transport,Myanmar,2027,380.597414,105.721504
BAS,Transport,Myanmar,2028,434.718126,120.755035
BAS,Transport,Myanmar,2029,495.00045,137.500125
BAS,Transport,Myanmar,2030,561.081661,155.856017
BAS,Transport,Myanmar,2031,632.549909,175.708308
BAS,Transport,Myanmar,2032,708.97289,196.936914
BAS,Transport,Myanmar,2033,789.723508,219.367641
BAS,Transport,Myanmar,2034,873.075746,242.521041
BAS,Transport,Myanmar,2035,958.346117,266.207255
BAS,Transport,Myanmar,2036,1044.260855,290.07246
BAS,Transport,Myanmar,2037,1129.593148,313.775874
BAS,Transport,Myanmar,2038,1213.286842,337.024123
BAS,Transport,Myanmar,2039,1294.235388,359.50983
BAS,Transport,Myanmar,2040,1371.733886,381.037191
BAS,Transport,Myanmar,2041,1444.292814,401.192448
BAS,Transport,Myanmar,2042,1511.68675,419.912986
BAS,Transport,Myanmar,2043,1573.696849,437.138014
BAS,Transport,Myanmar,2044,1630.011881,452.781078
BAS,Transport,Myanmar,2045,1681.109552,466.974876
BAS,Transport,Myanmar,2046,1727.178706,479.771863
BAS,Transport,Myanmar,2047,1768.711279,491.308689
BAS,Transport,Myanmar,2048,1806.166706,501.712974
BAS,Transport,Myanmar,2049,1839.740569,511.039047
BAS,Transport,Myanmar,2050,1870.013547,519.448207
BAS,Transport,Myanmar,2051,1897.340885,527.039135
BAS,Transport,Myanmar,2052,1922.061343,533.905929
BAS,Transport,Myanmar,2053,1944.495826,540.137729
BAS,Transport,Myanmar,2054,1964.940556,545.816821
BAS,Transport,Myanmar,2055,1983.666701,551.018528
BAS,Transport,Myanmar,2056,2000.917869,555.810519
BAS,Transport,Myanmar,2057,2016.90937,560.252603
BAS,Transport,Myanmar,2058,2031.832037,564.397788
BAS,Transport,Myanmar,2059,2045.851837,568.292177
BAS,Transport,Myanmar,2060,2059.114042,571.976123
BAS,Transport,Philippines,2005,53.664728,14.906869
BAS,Transport,Philippines,2006,72.677386,20.188163
BAS,Transport,Philippines,2007,82.723659,22.978794
BAS,Transport,Philippines,2008,78.098442,21.694012
BAS,Transport,Philippines,2009,87.462637,24.295177
BAS,Transport,Philippines,2010,107.169923,29.769423
BAS,Transport,Philippines,2011,119.034307,33.065085
BAS,Transport,Philippines,2012,143.982784,39.995218
BAS,Transport,Philippines,2013,171.77382,47.71495
BAS,Transport,Philippines,2014,198.772257,55.214516
BAS,Transport,Philippines,2015,245.697788,68.249386
BAS,Transport,Philippines,2016,280.973098,78.048083
BAS,Transport,Philippines,2017,310.232044,86.175568
BAS,Transport,Philippines,2018,342.590484,95.164023
BAS,Transport,Philippines,2019,381.376346,105.937874
BAS,Transport,Philippines,2020,354.861487,98.572635
BAS,Transport,Philippines,2021,352.559023,97.933062
BAS,Transport,Philippines,2022,391.530627,108.758507
BAS,Transport,Philippines,2023,417.864891,116.073581
BAS,Transport,Philippines,2024,467.338907,129.816363
BAS,Transport,Philippines,2025,527.082613,146.411837
BAS,Transport,Philippines,2026,596.387471,165.663186
BAS,Transport,Philippines,2027,674.922054,187.478348
BAS,Transport,Philippines,2028,762.273712,211.742698
BAS,Transport,Philippines,2029,858.085787,238.357163
BAS,Transport,Philippines,2030,961.40946,267.058183
BAS,Transport,Philippines,2031,1071.69826,297.693961
BAS,Transport,Philippines,2032,1188.088231,330.024509
BAS,Transport,Philippines,2033,1308.613751,363.50382
BAS,Transport,Philippines,2034,1432.520943,397.922484
BAS,Transport,Philippines,2035,1556.942777,432.484105
BAS,Transport,Philippines,2036,1681.947717,467.207699
BAS,Transport,Philippines,2037,1805.492147,501.525596
BAS,Transport,Philippines,2038,1925.601848,534.889402
BAS,Transport,Philippines,2039,2041.488984,567.080273
BAS,Transport,Philippines,2040,2151.031438,597.508733
BAS,Transport,Philippines,2041,2253.991406,626.108724
BAS,Transport,Philippines,2042,2349.103146,652.528652
BAS,Transport,Philippines,2043,2436.238242,676.732845
BAS,Transport,Philippines,2044,2515.469562,698.741545
BAS,Transport,Philippines,2045,2587.453922,718.737201
BAS,Transport,Philippines,2046,2652.336862,736.760239
BAS,Transport,Philippines,2047,2711.437278,753.177022
BAS,Transport,Philippines,2048,2764.875931,768.021092
BAS,Transport,Philippines,2049,2812.38504,781.218067
BAS,Transport,Philippines,2050,2856.031828,793.342174
BAS,Transport,Philippines,2051,2895.897926,804.416091
BAS,Transport,Philippines,2052,2932.503292,814.584248
BAS,Transport,Philippines,2053,2966.328165,823.980046
BAS,Transport,Philippines,2054,2997.803378,832.723161
BAS,Transport,Philippines,2055,3027.313023,840.920284
BAS,Transport,Philippines,2056,3055.199452,848.666514
BAS,Transport,Philippines,2057,3081.759477,856.044299
BAS,Transport,Philippines,2058,3107.254874,863.126354
BAS,Transport,Philippines,2059,3131.91323,869.975897
BAS,Transport,Philippines,2060,3155.935108,876.648641
BAS,Transport,Singapore,2005,4.312404,1.19789
BAS,Transport,Singapore,2006,12.751484,3.542079
BAS,Transport,Singapore,2007,16.907537,4.696538
BAS,Transport,Singapore,2008,40.969595,11.380443
BAS,Transport,Singapore,2009,51.899274,14.416465
BAS,Transport,Singapore,2010,54.4934,15.137056
BAS,Transport,Singapore,2011,56.532293,15.703415
BAS,Transport,Singapore,2012,57.69866,16.027406
BAS,Transport,Singapore,2013,64.474879,17.909689
BAS,Transport,Singapore,2014,66.953054,18.598071
BAS,Transport,Singapore,2015,67.974418,18.881783
BAS,Transport,Singapore,2016,69.133418,19.203727
BAS,Transport,Singapore,2017,74.609832,20.724953
BAS,Transport,Singapore,2018,79.499527,22.083202
BAS,Transport,Singapore,2019,86.685534,24.079315
BAS,Transport,Singapore,2020,90.882055,25.245015
BAS,Transport,Singapore,2021,89.590656,24.886293
BAS,Transport,Singapore,2022,94.881354,26.355932
BAS,Transport,Singapore,2023,98.314003,27.309445
BAS,Transport,Singapore,2024,103.143622,28.651006
BAS,Transport,Singapore,2025,109.750095,30.486137
BAS,Transport,Singapore,2026,118.388118,32.885588
BAS,Transport,Singapore,2027,128.675528,35.743202
BAS,Transport,Singapore,2028,140.54437,39.040103
BAS,Transport,Singapore,2029,154.114584,42.809607
BAS,Transport,Singapore,2030,169.088037,46.968899
BAS,Transport,Singapore,2031,185.289494,51.469304
BAS,Transport,Singapore,2032,202.201668,56.16713
BAS,Transport,Singapore,2033,219.695591,61.026553
BAS,Transport,Singapore,2034,237.77175,66.047708
BAS,Transport,Singapore,2035,256.046396,71.123999
BAS,Transport,Singapore,2036,274.22325,76.173125
BAS,Transport,Singapore,2037,292.084332,81.134537
BAS,Transport,Singapore,2038,309.515209,85.976447
BAS,Transport,Singapore,2039,326.332365,90.647879
BAS,Transport,Singapore,2040,342.444807,95.123558
BAS,Transport,Singapore,2041,357.694114,99.359476
BAS,Transport,Singapore,2042,371.831246,103.286457
BAS,Transport,Singapore,2043,384.931818,106.925505
BAS,Transport,Singapore,2044,396.899899,110.249972
BAS,Transport,Singapore,2045,407.756545,113.265707
BAS,Transport,Singapore,2046,417.605852,116.001626
BAS,Transport,Singapore,2047,426.375902,118.437751
BAS,Transport,Singapore,2048,434.251019,120.625283
BAS,Transport,Singapore,2049,441.269482,122.574856
BAS,Transport,Singapore,2050,447.517348,124.310374
BAS,Transport,Singapore,2051,453.095126,125.859757
BAS,Transport,Singapore,2052,458.114343,127.253984
BAS,Transport,Singapore,2053,462.623494,128.506526
BAS,Transport,Singapore,2054,466.693121,129.636978
BAS,Transport,Singapore,2055,470.388991,130.663609
BAS,Transport,Singapore,2056,473.768531,131.60237
BAS,Transport,Singapore,2057,476.881146,132.466985
BAS,Transport,Singapore,2058,479.770723,133.269645
BAS,Transport,Singapore,2059,482.476529,134.021258
BAS,Transport,Singapore,2060,485.032329,134.731202
BAS,Transport,Thailand,2005,91.436059,25.398905
BAS,Transport,Thailand,2006,121.399916,33.722199
BAS,Transport,Thailand,2007,158.450999,44.014166
BAS,Transport,Thailand,2008,191.202622,53.111839
BAS,Transport,Thailand,2009,200.717231,55.754786
BAS,Transport,Thailand,2010,231.218787,64.227441
BAS,Transport,Thailand,2011,253.230327,70.341757
BAS,Transport,Thailand,2012,308.771747,85.76993
BAS,Transport,Thailand,2013,348.714874,96.865243
BAS,Transport,Thailand,2014,422.963445,117.489846
BAS,Transport,Thailand,2015,514.968667,143.046852
BAS,Transport,Thailand,2016,590.640812,164.066892
BAS,Transport,Thailand,2017,657.331462,182.592073
BAS,Transport,Thailand,2018,787.427558,218.729877
BAS,Transport,Thailand,2019,780.918183,216.921717
BAS,Transport,Thailand,2020,738.146182,205.040606
BAS,Transport,Thailand,2021,738.109329,205.030369
BAS,Transport,Thailand,2022,822.42647,228.451797
BAS,Transport,Thailand,2023,876.536152,243.482264
BAS,Transport,Thailand,2024,952.961263,264.711462
BAS,Transport,Thailand,2025,1063.331843,295.369956
BAS,Transport,Thailand,2026,1192.673912,331.298309
BAS,Transport,Thailand,2027,1339.801248,372.167013
BAS,Transport,Thailand,2028,1504.758707,417.98853
BAS,Transport,Thailand,2029,1686.848623,468.569062
BAS,Transport,Thailand,2030,1885.434244,523.731734
BAS,Transport,Thailand,2031,2096.637209,582.399225
BAS,Transport,Thailand,2032,2319.137499,644.204861
BAS,Transport,Thailand,2033,2548.927996,708.035554
BAS,Transport,Thailand,2034,2783.537122,773.204756
BAS,Transport,Thailand,2035,3019.192088,838.664469
BAS,Transport,Thailand,2036,3252.859158,903.571988
BAS,Transport,Thailand,2037,3480.967258,966.935349
BAS,Transport,Thailand,2038,3700.260501,1027.850139
BAS,Transport,Thailand,2039,3908.711868,1085.753297
BAS,Transport,Thailand,2040,4102.611867,1139.614408
BAS,Transport,Thailand,2041,4281.511578,1189.308772
BAS,Transport,Thailand,2042,4443.514745,1234.309651
BAS,Transport,Thailand,2043,4588.880424,1274.689007
BAS,Transport,Thailand,2044,4718.099728,1310.583258
BAS,Transport,Thailand,2045,4832.226788,1342.285219
BAS,Transport,Thailand,2046,4932.116079,1370.032244
BAS,Transport,Thailand,2047,5020.138516,1394.482921
BAS,Transport,Thailand,2048,5096.942601,1415.817389
BAS,Transport,Thailand,2049,5162.653327,1434.070369
BAS,Transport,Thailand,2050,5220.593965,1450.16499
BAS,Transport,Thailand,2051,5271.247056,1464.235293
BAS,Transport,Thailand,2052,5315.713125,1476.586979
BAS,Transport,Thailand,2053,5354.997172,1487.499214
BAS,Transport,Thailand,2054,5389.999489,1497.22208
BAS,Transport,Thailand,2055,5421.516455,1505.976793
BAS,Transport,Thailand,2056,5450.250787,1513.958552
BAS,Transport,Thailand,2057,5476.812998,1521.336944
BAS,Transport,Thailand,2058,5501.734796,1528.259666
BAS,Transport,Thailand,2059,5525.473924,1534.853868
BAS,Transport,Thailand,2060,5548.424155,1541.228932
BAS,Transport,Vietnam,2005,7.703712,2.13992
BAS,Transport,Vietnam,2006,74.239849,20.62218
BAS,Transport,Vietnam,2007,147.238923,40.899701
BAS,Transport,Vietnam,2008,169.998239,47.221733
BAS,Transport,Vietnam,2009,212.45678,59.015772
BAS,Transport,Vietnam,2010,401.7579,111.599417
BAS,Transport,Vietnam,2011,427.839437,118.844288
BAS,Transport,Vietnam,2012,458.42654,127.340706
BAS,Transport,Vietnam,2013,575.169912,159.76942
BAS,Transport,Vietnam,2014,671.788795,186.607999
BAS,Transport,Vietnam,2015,922.811748,256.336597
BAS,Transport,Vietnam,2016,1051.228209,292.007836
BAS,Transport,Vietnam,2017,1221.239019,339.233061
BAS,Transport,Vietnam,2018,1407.217733,390.893815
BAS,Transport,Vietnam,2019,1527.595174,424.331993
BAS,Transport,Vietnam,2020,1486.598684,412.944079
BAS,Transport,Vietnam,2021,1561.788147,433.830041
BAS,Transport,Vietnam,2022,1708.747348,474.652041
BAS,Transport,Vietnam,2023,1685.744512,468.262364
BAS,Transport,Vietnam,2024,1829.864003,508.295556
BAS,Transport,Vietnam,2025,2024.99157,562.497658
BAS,Transport,Vietnam,2026,2162.469391,600.685942
BAS,Transport,Vietnam,2027,2298.557951,638.48832
BAS,Transport,Vietnam,2028,2440.570431,677.936231
BAS,Transport,Vietnam,2029,2587.135228,718.648674
BAS,Transport,Vietnam,2030,2719.51546,755.420961
BAS,Transport,Vietnam,2031,2851.940706,792.205752
BAS,Transport,Vietnam,2032,2984.222734,828.950759
BAS,Transport,Vietnam,2033,3115.441871,865.40052
BAS,Transport,Vietnam,2034,3248.549379,902.374828
BAS,Transport,Vietnam,2035,3392.473297,942.353694
BAS,Transport,Vietnam,2036,3530.643363,980.734267
BAS,Transport,Vietnam,2037,3665.018207,1018.060613
BAS,Transport,Vietnam,2038,3799.059311,1055.294253
BAS,Transport,Vietnam,2039,3925.505606,1090.418224
BAS,Transport,Vietnam,2040,4057.619301,1127.116472
BAS,Transport,Vietnam,2041,4177.296233,1160.360065
BAS,Transport,Vietnam,2042,4287.72626,1191.035072
BAS,Transport,Vietnam,2043,4380.118102,1216.699473
BAS,Transport,Vietnam,2044,4459.949486,1238.874857
BAS,Transport,Vietnam,2045,4530.397787,1258.44383
BAS,Transport,Vietnam,2046,4592.091976,1275.581104
BAS,Transport,Vietnam,2047,4641.817094,1289.393637
BAS,Transport,Vietnam,2048,4693.535316,1303.75981
BAS,Transport,Vietnam,2049,4732.607709,1314.613253
BAS,Transport,Vietnam,2050,4775.173172,1326.436992
BAS,Transport,Vietnam,2051,4815.964042,1337.767789
BAS,Transport,Vietnam,2052,4855.887073,1348.85752
BAS,Transport,Vietnam,2053,4894.836805,1359.67689
BAS,Transport,Vietnam,2054,4933.000563,1370.277934
BAS,Transport,Vietnam,2055,4970.913427,1380.809285
BAS,Transport,Vietnam,2056,5008.745633,1391.318231
BAS,Transport,Vietnam,2057,5083.839948,1412.177763
BAS,Transport,Vietnam,2058,5169.92343,1436.089842
BAS,Transport,Vietnam,2059,5256.396913,1460.110254
BAS,Transport,Vietnam,2060,5343.204485,1484.223468
RAS,Agriculture and Others,Brunei,2017,1.047956,0.291099
RAS,Agriculture and Others,Brunei,2018,1.258552,0.349598
RAS,Agriculture and Others,Brunei,2019,1.646668,0.457408
RAS,Agriculture and Others,Brunei,2020,0.675331,0.187592
RAS,Agriculture and Others,Cambodia,2005,1.130436,0.31401
RAS,Agriculture and Others,Cambodia,2006,1.214172,0.33727
RAS,Agriculture and Others,Cambodia,2007,1.297908,0.36053
RAS,Agriculture and Others,Cambodia,2008,1.423512,0.39542
RAS,Agriculture and Others,Cambodia,2009,1.507248,0.41868
RAS,Agriculture and Others,Cambodia,2010,1.632852,0.45357
RAS,Agriculture and Others,Cambodia,2011,2.219004,0.61639
RAS,Agriculture and Others,Cambodia,2012,1.800324,0.50009
RAS,Agriculture and Others,Cambodia,2013,1.88406,0.52335
RAS,Agriculture and Others,Cambodia,2014,2.009664,0.55824
RAS,Agriculture and Others,Cambodia,2015,2.219004,0.61639
RAS,Agriculture and Others,Cambodia,2016,2.386476,0.66291
RAS,Agriculture and Others,Cambodia,2017,2.595816,0.72106
RAS,Agriculture and Others,Cambodia,2018,2.763288,0.76758
RAS,Agriculture and Others,Cambodia,2019,3.388377,0.941216
RAS,Agriculture and Others,Cambodia,2020,9.222264,2.56174
RAS,Agriculture and Others,Cambodia,2021,8.992828,2.498008
RAS,Agriculture and Others,Cambodia,2022,7.955339,2.209816
RAS,Agriculture and Others,Cambodia,2023,7.599879,2.111077
RAS,Agriculture and Others,Cambodia,2024,7.599879,2.111077
RAS,Agriculture and Others,Cambodia,2025,8.055864,2.23774
RAS,Agriculture and Others,Cambodia,2026,8.546621,2.374061
RAS,Agriculture and Others,Cambodia,2027,9.05541,2.515392
RAS,Agriculture and Others,Cambodia,2028,9.577324,2.660368
RAS,Agriculture and Others,Cambodia,2029,10.104143,2.806706
RAS,Agriculture and Others,Cambodia,2030,10.194849,2.831902
RAS,Agriculture and Others,Cambodia,2031,10.474573,2.909604
RAS,Agriculture and Others,Cambodia,2032,10.762024,2.989451
RAS,Agriculture and Others,Cambodia,2033,11.057325,3.071479
RAS,Agriculture and Others,Cambodia,2034,11.360722,3.155756
RAS,Agriculture and Others,Cambodia,2035,11.672459,3.24235
RAS,Agriculture and Others,Cambodia,2036,11.996769,3.332436
RAS,Agriculture and Others,Cambodia,2037,12.330033,3.425009
RAS,Agriculture and Others,Cambodia,2038,12.672496,3.520138
RAS,Agriculture and Others,Cambodia,2039,13.024588,3.617941
RAS,Agriculture and Others,Cambodia,2040,13.386371,3.718436
RAS,Agriculture and Others,Cambodia,2041,13.74895,3.819153
RAS,Agriculture and Others,Cambodia,2042,14.121281,3.922578
RAS,Agriculture and Others,Cambodia,2043,14.503731,4.028814
RAS,Agriculture and Others,Cambodia,2044,14.896546,4.137929
RAS,Agriculture and Others,Cambodia,2045,15.299971,4.249992
RAS,Agriculture and Others,Cambodia,2046,15.688063,4.357795
RAS,Agriculture and Others,Cambodia,2047,16.085969,4.468325
RAS,Agriculture and Others,Cambodia,2048,16.493932,4.581648
RAS,Agriculture and Others,Cambodia,2049,16.91226,4.69785
RAS,Agriculture and Others,Cambodia,2050,17.341198,4.816999
RAS,Agriculture and Others,Cambodia,2051,17.781015,4.939171
RAS,Agriculture and Others,Cambodia,2052,18.231986,5.064441
RAS,Agriculture and Others,Cambodia,2053,18.694396,5.192888
RAS,Agriculture and Others,Cambodia,2054,19.168533,5.324592
RAS,Agriculture and Others,Cambodia,2055,19.654696,5.459638
RAS,Agriculture and Others,Cambodia,2056,20.153189,5.598108
RAS,Agriculture and Others,Cambodia,2057,20.664325,5.74009
RAS,Agriculture and Others,Cambodia,2058,21.188425,5.885674
RAS,Agriculture and Others,Cambodia,2059,21.725817,6.034949
RAS,Agriculture and Others,Cambodia,2060,22.276839,6.188011
RAS,Agriculture and Others,Indonesia,2005,166.191663,46.164351
RAS,Agriculture and Others,Indonesia,2006,148.121091,41.144747
RAS,Agriculture and Others,Indonesia,2007,144.403151,40.111986
RAS,Agriculture and Others,Indonesia,2008,143.162426,39.767341
RAS,Agriculture and Others,Indonesia,2009,144.437483,40.121523
RAS,Agriculture and Others,Indonesia,2010,127.579332,35.438703
RAS,Agriculture and Others,Indonesia,2011,155.44793,43.179981
RAS,Agriculture and Others,Indonesia,2012,192.508813,53.47467
RAS,Agriculture and Others,Indonesia,2013,177.630535,49.341815
RAS,Agriculture and Others,Indonesia,2014,163.86549,45.518192
RAS,Agriculture and Others,Indonesia,2015,187.519655,52.088793
RAS,Agriculture and Others,Indonesia,2016,116.460448,32.350124
RAS,Agriculture and Others,Indonesia,2017,119.013139,33.059205
RAS,Agriculture and Others,Indonesia,2018,91.943802,25.539945
RAS,Agriculture and Others,Indonesia,2019,67.286482,18.690689
RAS,Agriculture and Others,Indonesia,2020,59.002898,16.389694
RAS,Agriculture and Others,Indonesia,2021,61.608762,17.113545
RAS,Agriculture and Others,Indonesia,2022,63.179855,17.54996
RAS,Agriculture and Others,Indonesia,2023,62.242858,17.289683
RAS,Agriculture and Others,Indonesia,2024,67.084426,18.634563
RAS,Agriculture and Others,Indonesia,2025,70.6399,19.622194
RAS,Agriculture and Others,Indonesia,2026,75.090214,20.858393
RAS,Agriculture and Others,Indonesia,2027,80.72198,22.422772
RAS,Agriculture and Others,Indonesia,2028,86.937573,24.149326
RAS,Agriculture and Others,Indonesia,2029,93.892579,26.081272
RAS,Agriculture and Others,Indonesia,2030,101.403985,28.167774
RAS,Agriculture and Others,Indonesia,2031,109.617707,30.449363
RAS,Agriculture and Others,Indonesia,2032,118.606359,32.946211
RAS,Agriculture and Others,Indonesia,2033,128.450687,35.680746
RAS,Agriculture and Others,Indonesia,2034,139.368995,38.71361
RAS,Agriculture and Others,Indonesia,2035,150.936622,41.926839
RAS,Agriculture and Others,Indonesia,2036,163.08702,45.30195
RAS,Agriculture and Others,Indonesia,2037,175.807808,48.835502
RAS,Agriculture and Others,Indonesia,2038,189.169201,52.547
RAS,Agriculture and Others,Indonesia,2039,203.167722,56.435478
RAS,Agriculture and Others,Indonesia,2040,217.795798,60.498833
RAS,Agriculture and Others,Indonesia,2041,233.041503,64.733751
RAS,Agriculture and Others,Indonesia,2042,248.888326,69.135646
RAS,Agriculture and Others,Indonesia,2043,265.314955,73.698599
RAS,Agriculture and Others,Indonesia,2044,282.42777,78.452158
RAS,Agriculture and Others,Indonesia,2045,300.135992,83.371109
RAS,Agriculture and Others,Indonesia,2046,318.444286,88.456746
RAS,Agriculture and Others,Indonesia,2047,337.2325,93.675694
RAS,Agriculture and Others,Indonesia,2048,356.454752,99.015209
RAS,Agriculture and Others,Indonesia,2049,375.917181,104.421439
RAS,Agriculture and Others,Indonesia,2050,395.540058,109.872238
RAS,Agriculture and Others,Indonesia,2051,415.277506,115.354863
RAS,Agriculture and Others,Indonesia,2052,435.003189,120.834219
RAS,Agriculture and Others,Indonesia,2053,454.665333,126.295926
RAS,Agriculture and Others,Indonesia,2054,474.125008,131.701391
RAS,Agriculture and Others,Indonesia,2055,493.327072,137.035298
RAS,Agriculture and Others,Indonesia,2056,512.122833,142.256342
RAS,Agriculture and Others,Indonesia,2057,530.559255,147.377571
RAS,Agriculture and Others,Indonesia,2058,548.59827,152.388408
RAS,Agriculture and Others,Indonesia,2059,566.153414,157.264837
RAS,Agriculture and Others,Indonesia,2060,583.138017,161.982782
RAS,Agriculture and Others,Laos,2005,0.139001,0.038611
RAS,Agriculture and Others,Laos,2006,0.154493,0.042915
RAS,Agriculture and Others,Laos,2007,0.180032,0.050009
RAS,Agriculture and Others,Laos,2008,0.17124,0.047567
RAS,Agriculture and Others,Laos,2009,0.152399,0.042333
RAS,Agriculture and Others,Laos,2010,0.16496,0.045822
RAS,Agriculture and Others,Laos,2011,0.177939,0.049427
RAS,Agriculture and Others,Laos,2012,0.153655,0.042682
RAS,Agriculture and Others,Laos,2013,0.138583,0.038495
RAS,Agriculture and Others,Laos,2014,0.139839,0.038844
RAS,Agriculture and Others,Laos,2015,0.128954,0.035821
RAS,Agriculture and Others,Laos,2016,0.134815,0.037449
RAS,Agriculture and Others,Laos,2017,0.110532,0.030703
RAS,Agriculture and Others,Laos,2018,0.116393,0.032331
RAS,Agriculture and Others,Laos,2019,0.162448,0.045124
RAS,Agriculture and Others,Laos,2020,0.459292,0.127581
RAS,Agriculture and Others,Laos,2021,0.355878,0.098855
RAS,Agriculture and Others,Laos,2022,0.233205,0.064779
RAS,Agriculture and Others,Laos,2023,0.803447,0.22318
RAS,Agriculture and Others,Laos,2024,1.075588,0.298774
RAS,Agriculture and Others,Laos,2025,1.118612,0.310726
RAS,Agriculture and Others,Laos,2026,1.164194,0.323387
RAS,Agriculture and Others,Laos,2027,1.213512,0.337087
RAS,Agriculture and Others,Laos,2028,1.26733,0.352036
RAS,Agriculture and Others,Laos,2029,1.325589,0.368219
RAS,Agriculture and Others,Laos,2030,1.328205,0.368946
RAS,Agriculture and Others,Laos,2031,1.363496,0.378749
RAS,Agriculture and Others,Laos,2032,1.399726,0.388813
RAS,Agriculture and Others,Laos,2033,1.436919,0.399144
RAS,Agriculture and Others,Laos,2034,1.475098,0.409749
RAS,Agriculture and Others,Laos,2035,1.514292,0.420637
RAS,Agriculture and Others,Laos,2036,1.557589,0.432664
RAS,Agriculture and Others,Laos,2037,1.602115,0.445032
RAS,Agriculture and Others,Laos,2038,1.647914,0.457754
RAS,Agriculture and Others,Laos,2039,1.695032,0.470842
RAS,Agriculture and Others,Laos,2040,1.743485,0.484301
RAS,Agriculture and Others,Laos,2041,1.798537,0.499594
RAS,Agriculture and Others,Laos,2042,1.855312,0.515364
RAS,Agriculture and Others,Laos,2043,1.913888,0.531636
RAS,Agriculture and Others,Laos,2044,1.974311,0.54842
RAS,Agriculture and Others,Laos,2045,2.036644,0.565734
RAS,Agriculture and Others,Laos,2046,2.104767,0.584658
RAS,Agriculture and Others,Laos,2047,2.175158,0.604211
RAS,Agriculture and Others,Laos,2048,2.247923,0.624423
RAS,Agriculture and Others,Laos,2049,2.323111,0.645309
RAS,Agriculture and Others,Laos,2050,2.400813,0.666893
RAS,Agriculture and Others,Laos,2051,2.481114,0.689198
RAS,Agriculture and Others,Laos,2052,2.564102,0.712251
RAS,Agriculture and Others,Laos,2053,2.649866,0.736074
RAS,Agriculture and Others,Laos,2054,2.738496,0.760693
RAS,Agriculture and Others,Laos,2055,2.830093,0.786137
RAS,Agriculture and Others,Laos,2056,2.924753,0.812431
RAS,Agriculture and Others,Laos,2057,3.022578,0.839605
RAS,Agriculture and Others,Laos,2058,3.123676,0.867688
RAS,Agriculture and Others,Laos,2059,3.228157,0.89671
RAS,Agriculture and Others,Laos,2060,3.33613,0.926703
RAS,Agriculture and Others,Malaysia,2005,4.228668,1.17463
RAS,Agriculture and Others,Malaysia,2006,10.803025,3.00084
RAS,Agriculture and Others,Malaysia,2007,11.806776,3.27966
RAS,Agriculture and Others,Malaysia,2008,11.97305,3.325847
RAS,Agriculture and Others,Malaysia,2009,8.79228,2.4423
RAS,Agriculture and Others,Malaysia,2010,44.924365,12.47899
RAS,Agriculture and Others,Malaysia,2011,38.354923,10.654145
RAS,Agriculture and Others,Malaysia,2012,1.549116,0.43031
RAS,Agriculture and Others,Malaysia,2013,1.590984,0.44194
RAS,Agriculture and Others,Malaysia,2014,1.549116,0.43031
RAS,Agriculture and Others,Malaysia,2015,9.628676,2.674632
RAS,Agriculture and Others,Malaysia,2016,6.028992,1.67472
RAS,Agriculture and Others,Malaysia,2017,18.161919,5.044977
RAS,Agriculture and Others,Malaysia,2018,14.737536,4.09376
RAS,Agriculture and Others,Malaysia,2019,11.262492,3.12847
RAS,Agriculture and Others,Malaysia,2020,13.395667,3.721019
RAS,Agriculture and Others,Malaysia,2021,17.9844,4.995667
RAS,Agriculture and Others,Malaysia,2022,17.291484,4.80319
RAS,Agriculture and Others,Malaysia,2023,15.49116,4.3031
RAS,Agriculture and Others,Malaysia,2024,13.439628,3.73323
RAS,Agriculture and Others,Malaysia,2025,14.057857,3.90496
RAS,Agriculture and Others,Malaysia,2026,14.677195,4.076999
RAS,Agriculture and Others,Malaysia,2027,15.257484,4.23819
RAS,Agriculture and Others,Malaysia,2028,15.861958,4.406099
RAS,Agriculture and Others,Malaysia,2029,16.491059,4.58085
RAS,Agriculture and Others,Malaysia,2030,17.185609,4.77378
RAS,Agriculture and Others,Malaysia,2031,17.986988,4.996386
RAS,Agriculture and Others,Malaysia,2032,18.699399,5.194278
RAS,Agriculture and Others,Malaysia,2033,19.411699,5.392139
RAS,Agriculture and Others,Malaysia,2034,20.12411,5.590031
RAS,Agriculture and Others,Malaysia,2035,21.014568,5.83738
RAS,Agriculture and Others,Malaysia,2036,21.905026,6.084729
RAS,Agriculture and Others,Malaysia,2037,22.617326,6.282591
RAS,Agriculture and Others,Malaysia,2038,23.507784,6.52994
RAS,Agriculture and Others,Malaysia,2039,24.398243,6.77729
RAS,Agriculture and Others,Malaysia,2040,25.2887,7.024639
RAS,Agriculture and Others,Malaysia,2041,26.357206,7.321446
RAS,Agriculture and Others,Malaysia,2042,27.247664,7.568796
RAS,Agriculture and Others,Malaysia,2043,28.138122,7.816145
RAS,Agriculture and Others,Malaysia,2044,29.206627,8.112952
RAS,Agriculture and Others,Malaysia,2045,30.097086,8.360302
RAS,Agriculture and Others,Malaysia,2046,31.165591,8.657109
RAS,Agriculture and Others,Malaysia,2047,32.234207,8.953946
RAS,Agriculture and Others,Malaysia,2048,33.302712,9.250753
RAS,Agriculture and Others,Malaysia,2049,34.371218,9.547561
RAS,Agriculture and Others,Malaysia,2050,35.261676,9.79491
RAS,Agriculture and Others,Malaysia,2051,36.175203,10.048667
RAS,Agriculture and Others,Malaysia,2052,37.112398,10.308999
RAS,Agriculture and Others,Malaysia,2053,38.073872,10.576076
RAS,Agriculture and Others,Malaysia,2054,39.060255,10.850071
RAS,Agriculture and Others,Malaysia,2055,40.072192,11.131164
RAS,Agriculture and Others,Malaysia,2056,41.110346,11.419541
RAS,Agriculture and Others,Malaysia,2057,42.175396,11.715388
RAS,Agriculture and Others,Malaysia,2058,43.268037,12.018899
RAS,Agriculture and Others,Malaysia,2059,44.388986,12.330274
RAS,Agriculture and Others,Malaysia,2060,45.538975,12.649715
RAS,Agriculture and Others,Myanmar,2005,0.401095,0.111415
RAS,Agriculture and Others,Myanmar,2006,0.299356,0.083154
RAS,Agriculture and Others,Myanmar,2007,0.235717,0.065477
RAS,Agriculture and Others,Myanmar,2008,0.283028,0.078619
RAS,Agriculture and Others,Myanmar,2009,0.290983,0.080829
RAS,Agriculture and Others,Myanmar,2010,0.342062,0.095017
RAS,Agriculture and Others,Myanmar,2011,0.357552,0.09932
RAS,Agriculture and Others,Myanmar,2012,0.335363,0.093156
RAS,Agriculture and Others,Myanmar,2013,1.907087,0.529746
RAS,Agriculture and Others,Myanmar,2014,1.750501,0.48625
RAS,Agriculture and Others,Myanmar,2015,1.70237,0.472881
RAS,Agriculture and Others,Myanmar,2016,1.767685,0.491024
RAS,Agriculture and Others,Myanmar,2017,1.795299,0.498694
RAS,Agriculture and Others,Myanmar,2018,0.908536,0.252371
RAS,Agriculture and Others,Myanmar,2019,4.244954,1.179154
RAS,Agriculture and Others,Myanmar,2020,1.670115,0.463921
RAS,Agriculture and Others,Myanmar,2021,30.466201,8.462834
RAS,Agriculture and Others,Myanmar,2022,11.378885,3.160801
RAS,Agriculture and Others,Myanmar,2023,2.537619,0.704894
RAS,Agriculture and Others,Myanmar,2024,2.537619,0.704894
RAS,Agriculture and Others,Myanmar,2025,2.593438,0.720399
RAS,Agriculture and Others,Myanmar,2026,2.645806,0.734946
RAS,Agriculture and Others,Myanmar,2027,2.699327,0.749813
RAS,Agriculture and Others,Myanmar,2028,2.753798,0.764944
RAS,Agriculture and Others,Myanmar,2029,2.809235,0.780343
RAS,Agriculture and Others,Myanmar,2030,2.825779,0.784939
RAS,Agriculture and Others,Myanmar,2031,2.907615,0.807671
RAS,Agriculture and Others,Myanmar,2032,2.991814,0.831059
RAS,Agriculture and Others,Myanmar,2033,3.078459,0.855127
RAS,Agriculture and Others,Myanmar,2034,3.16761,0.879892
RAS,Agriculture and Others,Myanmar,2035,3.259345,0.905374
RAS,Agriculture and Others,Myanmar,2036,3.354654,0.931848
RAS,Agriculture and Others,Myanmar,2037,3.452764,0.959101
RAS,Agriculture and Others,Myanmar,2038,3.55373,0.987147
RAS,Agriculture and Others,Myanmar,2039,3.657655,1.016015
RAS,Agriculture and Others,Myanmar,2040,3.764614,1.045726
RAS,Agriculture and Others,Myanmar,2041,3.876122,1.076701
RAS,Agriculture and Others,Myanmar,2042,3.990943,1.108595
RAS,Agriculture and Others,Myanmar,2043,4.10916,1.141433
RAS,Agriculture and Others,Myanmar,2044,4.230876,1.175243
RAS,Agriculture and Others,Myanmar,2045,4.356202,1.210056
RAS,Agriculture and Others,Myanmar,2046,4.490601,1.247389
RAS,Agriculture and Others,Myanmar,2047,4.629139,1.285872
RAS,Agriculture and Others,Myanmar,2048,4.77196,1.325544
RAS,Agriculture and Others,Myanmar,2049,4.919188,1.366441
RAS,Agriculture and Others,Myanmar,2050,5.070959,1.4086
RAS,Agriculture and Others,Myanmar,2051,5.227411,1.452059
RAS,Agriculture and Others,Myanmar,2052,5.388691,1.496859
RAS,Agriculture and Others,Myanmar,2053,5.554948,1.543041
RAS,Agriculture and Others,Myanmar,2054,5.726333,1.590648
RAS,Agriculture and Others,Myanmar,2055,5.903006,1.639724
RAS,Agriculture and Others,Myanmar,2056,6.085129,1.690314
RAS,Agriculture and Others,Myanmar,2057,6.272872,1.742464
RAS,Agriculture and Others,Myanmar,2058,6.466407,1.796224
RAS,Agriculture and Others,Myanmar,2059,6.665913,1.851642
RAS,Agriculture and Others,Myanmar,2060,6.871575,1.908771
RAS,Agriculture and Others,Philippines,2005,25.902058,7.195016
RAS,Agriculture and Others,Philippines,2006,23.650666,6.569629
RAS,Agriculture and Others,Philippines,2007,20.99974,5.833261
RAS,Agriculture and Others,Philippines,2008,23.891555,6.636543
RAS,Agriculture and Others,Philippines,2009,20.994295,5.831749
RAS,Agriculture and Others,Philippines,2010,14.533836,4.037177
RAS,Agriculture and Others,Philippines,2011,12.641624,3.511562
RAS,Agriculture and Others,Philippines,2012,13.319466,3.699852
RAS,Agriculture and Others,Philippines,2013,14.742759,4.095211
RAS,Agriculture and Others,Philippines,2014,14.812673,4.114631
RAS,Agriculture and Others,Philippines,2015,16.771064,4.658629
RAS,Agriculture and Others,Philippines,2016,18.857136,5.238093
RAS,Agriculture and Others,Philippines,2017,21.590136,5.99726
RAS,Agriculture and Others,Philippines,2018,18.40308,5.111967
RAS,Agriculture and Others,Philippines,2019,19.749134,5.485871
RAS,Agriculture and Others,Philippines,2020,18.256122,5.071145
RAS,Agriculture and Others,Philippines,2021,23.288055,6.468904
RAS,Agriculture and Others,Philippines,2022,15.83992,4.399978
RAS,Agriculture and Others,Philippines,2023,16.84224,4.6784
RAS,Agriculture and Others,Philippines,2024,16.84224,4.6784
RAS,Agriculture and Others,Philippines,2025,17.886412,4.968448
RAS,Agriculture and Others,Philippines,2026,18.993077,5.275855
RAS,Agriculture and Others,Philippines,2027,20.192641,5.609067
RAS,Agriculture and Others,Philippines,2028,21.469692,5.963803
RAS,Agriculture and Others,Philippines,2029,22.843284,6.345357
RAS,Agriculture and Others,Philippines,2030,23.971388,6.658719
RAS,Agriculture and Others,Philippines,2031,25.146431,6.98512
RAS,Agriculture and Others,Philippines,2032,26.556456,7.376793
RAS,Agriculture and Others,Philippines,2033,27.731498,7.703194
RAS,Agriculture and Others,Philippines,2034,29.141663,8.094906
RAS,Agriculture and Others,Philippines,2035,30.316706,8.421307
RAS,Agriculture and Others,Philippines,2036,31.726729,8.81298
RAS,Agriculture and Others,Philippines,2037,33.136893,9.204693
RAS,Agriculture and Others,Philippines,2038,34.546917,9.596366
RAS,Agriculture and Others,Philippines,2039,36.192062,10.053351
RAS,Agriculture and Others,Philippines,2040,37.602086,10.445024
RAS,Agriculture and Others,Philippines,2041,39.24723,10.902008
RAS,Agriculture and Others,Philippines,2042,40.892234,11.358954
RAS,Agriculture and Others,Philippines,2043,42.53738,11.815939
RAS,Agriculture and Others,Philippines,2044,44.182385,12.272885
RAS,Agriculture and Others,Philippines,2045,45.827528,12.729869
RAS,Agriculture and Others,Philippines,2046,47.472673,13.186854
RAS,Agriculture and Others,Philippines,2047,49.352659,13.709072
RAS,Agriculture and Others,Philippines,2048,51.232785,14.231329
RAS,Agriculture and Others,Philippines,2049,52.877929,14.688314
RAS,Agriculture and Others,Philippines,2050,54.758055,15.210571
RAS,Agriculture and Others,Philippines,2051,56.705029,15.751397
RAS,Agriculture and Others,Philippines,2052,58.72123,16.311453
RAS,Agriculture and Others,Philippines,2053,60.809119,16.891422
RAS,Agriculture and Others,Philippines,2054,62.971245,17.492013
RAS,Agriculture and Others,Philippines,2055,65.210249,18.113958
RAS,Agriculture and Others,Philippines,2056,67.528863,18.758018
RAS,Agriculture and Others,Philippines,2057,69.929915,19.424976
RAS,Agriculture and Others,Philippines,2058,72.41634,20.11565
RAS,Agriculture and Others,Philippines,2059,74.991171,20.830881
RAS,Agriculture and Others,Philippines,2060,77.657555,21.571543
RAS,Agriculture and Others,Singapore,2005,4.81482,1.33745
RAS,Agriculture and Others,Singapore,2006,1.967796,0.54661
RAS,Agriculture and Others,Singapore,2007,1.842192,0.51172
RAS,Agriculture and Others,Singapore,2008,1.67472,0.4652
RAS,Agriculture and Others,Singapore,2009,1.549116,0.43031
RAS,Agriculture and Others,Singapore,2010,1.423512,0.39542
RAS,Agriculture and Others,Singapore,2011,1.297908,0.36053
RAS,Agriculture and Others,Singapore,2012,1.130436,0.31401
RAS,Agriculture and Others,Singapore,2013,1.004832,0.27912
RAS,Agriculture and Others,Singapore,2014,0.879228,0.24423
RAS,Agriculture and Others,Singapore,2015,1.088568,0.30238
RAS,Agriculture and Others,Singapore,2016,1.088568,0.30238
RAS,Agriculture and Others,Singapore,2017,1.088568,0.30238
RAS,Agriculture and Others,Singapore,2018,1.088568,0.30238
RAS,Agriculture and Others,Singapore,2019,1.055074,0.293076
RAS,Agriculture and Others,Singapore,2020,0.962964,0.26749
RAS,Agriculture and Others,Singapore,2021,0.962964,0.26749
RAS,Agriculture and Others,Singapore,2022,1.004413,0.279004
RAS,Agriculture and Others,Singapore,2023,1.004413,0.279004
RAS,Agriculture and Others,Singapore,2024,1.004413,0.279004
RAS,Agriculture and Others,Singapore,2025,1.030528,0.286258
RAS,Agriculture and Others,Singapore,2026,1.056528,0.29348
RAS,Agriculture and Others,Singapore,2027,1.082804,0.300779
RAS,Agriculture and Others,Singapore,2028,1.109689,0.308247
RAS,Agriculture and Others,Singapore,2029,1.137443,0.315956
RAS,Agriculture and Others,Singapore,2030,1.171228,0.325341
RAS,Agriculture and Others,Singapore,2031,1.205015,0.334726
RAS,Agriculture and Others,Singapore,2032,1.238799,0.344111
RAS,Agriculture and Others,Singapore,2033,1.270332,0.35287
RAS,Agriculture and Others,Singapore,2034,1.304124,0.362257
RAS,Agriculture and Others,Singapore,2035,1.340162,0.372267
RAS,Agriculture and Others,Singapore,2036,1.376188,0.382274
RAS,Agriculture and Others,Singapore,2037,1.412226,0.392285
RAS,Agriculture and Others,Singapore,2038,1.448265,0.402296
RAS,Agriculture and Others,Singapore,2039,1.486563,0.412934
RAS,Agriculture and Others,Singapore,2040,1.522601,0.422945
RAS,Agriculture and Others,Singapore,2041,1.560886,0.433579
RAS,Agriculture and Others,Singapore,2042,1.596924,0.44359
RAS,Agriculture and Others,Singapore,2043,1.635209,0.454225
RAS,Agriculture and Others,Singapore,2044,1.673507,0.464863
RAS,Agriculture and Others,Singapore,2045,1.709546,0.474874
RAS,Agriculture and Others,Singapore,2046,1.750091,0.486136
RAS,Agriculture and Others,Singapore,2047,1.788376,0.496771
RAS,Agriculture and Others,Singapore,2048,1.828921,0.508034
RAS,Agriculture and Others,Singapore,2049,1.869465,0.519296
RAS,Agriculture and Others,Singapore,2050,1.909998,0.530555
RAS,Agriculture and Others,Singapore,2051,1.951409,0.542058
RAS,Agriculture and Others,Singapore,2052,1.993718,0.553811
RAS,Agriculture and Others,Singapore,2053,2.036943,0.565817
RAS,Agriculture and Others,Singapore,2054,2.081107,0.578085
RAS,Agriculture and Others,Singapore,2055,2.126228,0.590619
RAS,Agriculture and Others,Singapore,2056,2.172327,0.603424
RAS,Agriculture and Others,Singapore,2057,2.219426,0.616507
RAS,Agriculture and Others,Singapore,2058,2.267546,0.629874
RAS,Agriculture and Others,Singapore,2059,2.316709,0.64353
RAS,Agriculture and Others,Singapore,2060,2.366938,0.657483
RAS,Agriculture and Others,Thailand,2005,134.252225,37.292285
RAS,Agriculture and Others,Thailand,2006,138.643788,38.512163
RAS,Agriculture and Others,Thailand,2007,144.354164,40.098379
RAS,Agriculture and Others,Thailand,2008,144.292814,40.081337
RAS,Agriculture and Others,Thailand,2009,145.593782,40.442717
RAS,Agriculture and Others,Thailand,2010,146.509937,40.697205
RAS,Agriculture and Others,Thailand,2011,154.321262,42.867017
RAS,Agriculture and Others,Thailand,2012,158.676746,44.076874
RAS,Agriculture and Others,Thailand,2013,163.53599,45.426664
RAS,Agriculture and Others,Thailand,2014,165.16926,45.88035
RAS,Agriculture and Others,Thailand,2015,162.908388,45.25233
RAS,Agriculture and Others,Thailand,2016,125.059716,34.73881
RAS,Agriculture and Others,Thailand,2017,111.033936,30.84276
RAS,Agriculture and Others,Thailand,2018,120.412368,33.44788
RAS,Agriculture and Others,Thailand,2019,123.09192,34.1922
RAS,Agriculture and Others,Thailand,2020,97.050024,26.95834
RAS,Agriculture and Others,Thailand,2021,93.533112,25.98142
RAS,Agriculture and Others,Thailand,2022,98.80848,27.4468
RAS,Agriculture and Others,Thailand,2023,94.872888,26.35358
RAS,Agriculture and Others,Thailand,2024,94.998492,26.38847
RAS,Agriculture and Others,Thailand,2025,97.848703,27.180195
RAS,Agriculture and Others,Thailand,2026,100.787945,27.996651
RAS,Agriculture and Others,Thailand,2027,103.791216,28.830893
RAS,Agriculture and Others,Thailand,2028,106.873151,29.686986
RAS,Agriculture and Others,Thailand,2029,110.055703,30.571029
RAS,Agriculture and Others,Thailand,2030,114.20845,31.724569
RAS,Agriculture and Others,Thailand,2031,118.361806,32.878279
RAS,Agriculture and Others,Thailand,2032,123.553044,34.32029
RAS,Agriculture and Others,Thailand,2033,127.70579,35.473831
RAS,Agriculture and Others,Thailand,2034,132.897028,36.915841
RAS,Agriculture and Others,Thailand,2035,138.088265,38.357851
RAS,Agriculture and Others,Thailand,2036,143.280113,39.800031
RAS,Agriculture and Others,Thailand,2037,148.471351,41.242042
RAS,Agriculture and Others,Thailand,2038,153.662588,42.684052
RAS,Agriculture and Others,Thailand,2039,159.892318,44.414533
RAS,Agriculture and Others,Thailand,2040,165.083556,45.856543
RAS,Agriculture and Others,Thailand,2041,171.312675,47.586854
RAS,Agriculture and Others,Thailand,2042,177.542404,49.317334
RAS,Agriculture and Others,Thailand,2043,183.772134,51.047815
RAS,Agriculture and Others,Thailand,2044,190.001253,52.778126
RAS,Agriculture and Others,Thailand,2045,196.230982,54.508606
RAS,Agriculture and Others,Thailand,2046,202.460712,56.239087
RAS,Agriculture and Others,Thailand,2047,209.728322,58.257867
RAS,Agriculture and Others,Thailand,2048,216.996542,60.276817
RAS,Agriculture and Others,Thailand,2049,223.225662,62.007128
RAS,Agriculture and Others,Thailand,2050,230.493883,64.026079
RAS,Agriculture and Others,Thailand,2051,237.998756,66.110766
RAS,Agriculture and Others,Thailand,2052,245.747989,68.26333
RAS,Agriculture and Others,Thailand,2053,253.749535,70.485982
RAS,Agriculture and Others,Thailand,2054,262.011613,72.781004
RAS,Agriculture and Others,Thailand,2055,270.542702,75.150751
RAS,Agriculture and Others,Thailand,2056,279.351565,77.597657
RAS,Agriculture and Others,Thailand,2057,288.447243,80.124234
RAS,Agriculture and Others,Thailand,2058,297.839076,82.733077
RAS,Agriculture and Others,Thailand,2059,307.536707,85.426863
RAS,Agriculture and Others,Thailand,2060,317.550093,88.208359
RAS,Agriculture and Others,Vietnam,2005,22.776192,6.32672
RAS,Agriculture and Others,Vietnam,2006,24.325307,6.75703
RAS,Agriculture and Others,Vietnam,2007,24.071693,6.686581
RAS,Agriculture and Others,Vietnam,2008,24.576516,6.82681
RAS,Agriculture and Others,Vietnam,2009,58.573333,16.27037
RAS,Agriculture and Others,Vietnam,2010,24.283441,6.7454
RAS,Agriculture and Others,Vietnam,2011,26.1675,7.26875
RAS,Agriculture and Others,Vietnam,2012,25.874424,7.18734
RAS,Agriculture and Others,Vietnam,2013,25.288272,7.02452
RAS,Agriculture and Others,Vietnam,2014,25.746245,7.151735
RAS,Agriculture and Others,Vietnam,2015,41.160361,11.433434
RAS,Agriculture and Others,Vietnam,2016,44.082595,12.245165
RAS,Agriculture and Others,Vietnam,2017,48.06927,13.352575
RAS,Agriculture and Others,Vietnam,2018,128.940545,35.816818
RAS,Agriculture and Others,Vietnam,2019,139.727486,38.813191
RAS,Agriculture and Others,Vietnam,2020,136.168351,37.824542
RAS,Agriculture and Others,Vietnam,2021,146.538,40.705
RAS,Agriculture and Others,Vietnam,2022,150.7248,41.868
RAS,Agriculture and Others,Vietnam,2023,158.637851,44.06607
RAS,Agriculture and Others,Vietnam,2024,158.637851,44.06607
RAS,Agriculture and Others,Vietnam,2025,168.473713,46.798254
RAS,Agriculture and Others,Vietnam,2026,179.424363,49.840101
RAS,Agriculture and Others,Vietnam,2027,191.086603,53.079612
RAS,Agriculture and Others,Vietnam,2028,203.507291,56.529803
RAS,Agriculture and Others,Vietnam,2029,216.735467,60.204296
RAS,Agriculture and Others,Vietnam,2030,227.455095,63.181971
RAS,Agriculture and Others,Vietnam,2031,238.843814,66.345504
RAS,Agriculture and Others,Vietnam,2032,250.569258,69.602572
RAS,Agriculture and Others,Vietnam,2033,262.628159,72.952266
RAS,Agriculture and Others,Vietnam,2034,275.692876,76.581354
RAS,Agriculture and Others,Vietnam,2035,288.756503,80.21014
RAS,Agriculture and Others,Vietnam,2036,302.4914,84.025389
RAS,Agriculture and Others,Vietnam,2037,316.560844,87.933568
RAS,Agriculture and Others,Vietnam,2038,331.300468,92.027908
RAS,Agriculture and Others,Vietnam,2039,345.034277,95.842855
RAS,Agriculture and Others,Vietnam,2040,361.783356,100.495377
RAS,Agriculture and Others,Vietnam,2041,378.533522,105.148201
RAS,Agriculture and Others,Vietnam,2042,395.282601,109.800722
RAS,Agriculture and Others,Vietnam,2043,412.031679,114.453244
RAS,Agriculture and Others,Vietnam,2044,428.780758,119.105766
RAS,Agriculture and Others,Vietnam,2045,445.529835,123.758288
RAS,Agriculture and Others,Vietnam,2046,462.278913,128.410809
RAS,Agriculture and Others,Vietnam,2047,479.02799,133.063331
RAS,Agriculture and Others,Vietnam,2048,499.127974,138.646659
RAS,Agriculture and Others,Vietnam,2049,515.877052,143.299181
RAS,Agriculture and Others,Vietnam,2050,535.975947,148.882207
RAS,Agriculture and Others,Vietnam,2051,556.857905,154.682751
RAS,Agriculture and Others,Vietnam,2052,578.553438,160.709288
RAS,Agriculture and Others,Vietnam,2053,601.094243,166.970623
RAS,Agriculture and Others,Vietnam,2054,624.513253,173.475904
RAS,Agriculture and Others,Vietnam,2055,648.844681,180.234634
RAS,Agriculture and Others,Vietnam,2056,674.124076,187.256688
RAS,Agriculture and Others,Vietnam,2057,700.388373,194.552326
RAS,Agriculture and Others,Vietnam,2058,727.675945,202.132207
RAS,Agriculture and Others,Vietnam,2059,756.026656,210.007404
RAS,Agriculture and Others,Vietnam,2060,785.481928,218.189424
RAS,Commercial,Brunei,2005,4.647348,1.29093
RAS,Commercial,Brunei,2006,4.563612,1.26767
RAS,Commercial,Brunei,2007,4.856688,1.34908
RAS,Commercial,Brunei,2008,5.02416,1.3956
RAS,Commercial,Brunei,2009,5.02416,1.3956
RAS,Commercial,Brunei,2010,5.107896,1.41886
RAS,Commercial,Brunei,2011,5.191632,1.44212
RAS,Commercial,Brunei,2012,5.275368,1.46538
RAS,Commercial,Brunei,2013,5.400972,1.50027
RAS,Commercial,Brunei,2014,6.531408,1.81428
RAS,Commercial,Brunei,2015,6.615144,1.83754
RAS,Commercial,Brunei,2016,6.154596,1.70961
RAS,Commercial,Brunei,2017,7.551732,2.097703
RAS,Commercial,Brunei,2018,7.873696,2.187138
RAS,Commercial,Brunei,2019,8.157562,2.265989
RAS,Commercial,Brunei,2020,8.534792,2.370776
RAS,Commercial,Brunei,2021,7.150636,1.986288
RAS,Commercial,Brunei,2022,6.355143,1.765317
RAS,Commercial,Brunei,2023,6.323742,1.756595
RAS,Commercial,Brunei,2024,5.410601,1.502945
RAS,Commercial,Brunei,2025,4.982866,1.384129
RAS,Commercial,Brunei,2026,4.835406,1.343168
RAS,Commercial,Brunei,2027,4.686403,1.301779
RAS,Commercial,Brunei,2028,4.529403,1.258167
RAS,Commercial,Brunei,2029,4.365284,1.212579
RAS,Commercial,Brunei,2030,4.100281,1.138967
RAS,Commercial,Brunei,2031,4.037552,1.121542
RAS,Commercial,Brunei,2032,3.993298,1.109249
RAS,Commercial,Brunei,2033,3.933824,1.092729
RAS,Commercial,Brunei,2034,3.874819,1.076339
RAS,Commercial,Brunei,2035,3.831664,1.064351
RAS,Commercial,Brunei,2036,3.786661,1.05185
RAS,Commercial,Brunei,2037,3.75801,1.043892
RAS,Commercial,Brunei,2038,3.728792,1.035776
RAS,Commercial,Brunei,2039,3.700125,1.027813
RAS,Commercial,Brunei,2040,3.67323,1.020342
RAS,Commercial,Brunei,2041,3.650009,1.013891
RAS,Commercial,Brunei,2042,3.613091,1.003636
RAS,Commercial,Brunei,2043,3.591646,0.997679
RAS,Commercial,Brunei,2044,3.57091,0.991919
RAS,Commercial,Brunei,2045,3.550238,0.986177
RAS,Commercial,Brunei,2046,3.516415,0.976782
RAS,Commercial,Brunei,2047,3.497486,0.971524
RAS,Commercial,Brunei,2048,3.465747,0.962708
RAS,Commercial,Brunei,2049,3.448067,0.957796
RAS,Commercial,Brunei,2050,3.431123,0.95309
RAS,Commercial,Brunei,2051,3.439555,0.955432
RAS,Commercial,Brunei,2052,3.449469,0.958186
RAS,Commercial,Brunei,2053,3.460809,0.961336
RAS,Commercial,Brunei,2054,3.472852,0.964681
RAS,Commercial,Brunei,2055,3.485675,0.968243
RAS,Commercial,Brunei,2056,3.499216,0.972004
RAS,Commercial,Brunei,2057,3.513684,0.976023
RAS,Commercial,Brunei,2058,3.529095,0.980304
RAS,Commercial,Brunei,2059,3.545119,0.984755
RAS,Commercial,Brunei,2060,3.561422,0.989284
RAS,Commercial,Cambodia,2005,12.644136,3.51226
RAS,Commercial,Cambodia,2006,13.3991,3.721972
RAS,Commercial,Cambodia,2007,14.484879,4.023578
RAS,Commercial,Cambodia,2008,15.742368,4.37288
RAS,Commercial,Cambodia,2009,16.916363,4.69899
RAS,Commercial,Cambodia,2010,18.671261,5.186461
RAS,Commercial,Cambodia,2011,19.093717,5.30381
RAS,Commercial,Cambodia,2012,19.550401,5.430667
RAS,Commercial,Cambodia,2013,20.347848,5.65218
RAS,Commercial,Cambodia,2014,20.850265,5.79174
RAS,Commercial,Cambodia,2015,22.73205,6.314458
RAS,Commercial,Cambodia,2016,24.406602,6.779612
RAS,Commercial,Cambodia,2017,25.832556,7.17571
RAS,Commercial,Cambodia,2018,20.97377,5.826047
RAS,Commercial,Cambodia,2019,25.82837,7.174547
RAS,Commercial,Cambodia,2020,17.712258,4.920072
RAS,Commercial,Cambodia,2021,17.332515,4.814588
RAS,Commercial,Cambodia,2022,21.147527,5.874313
RAS,Commercial,Cambodia,2023,24.701701,6.861584
RAS,Commercial,Cambodia,2024,24.701701,6.861584
RAS,Commercial,Cambodia,2025,21.892075,6.081132
RAS,Commercial,Cambodia,2026,21.783429,6.050953
RAS,Commercial,Cambodia,2027,21.591048,5.997513
RAS,Commercial,Cambodia,2028,21.297207,5.915891
RAS,Commercial,Cambodia,2029,20.884545,5.801262
RAS,Commercial,Cambodia,2030,19.511108,5.419752
RAS,Commercial,Cambodia,2031,19.539901,5.42775
RAS,Commercial,Cambodia,2032,19.569056,5.435849
RAS,Commercial,Cambodia,2033,19.59781,5.443836
RAS,Commercial,Cambodia,2034,19.625933,5.451648
RAS,Commercial,Cambodia,2035,19.652274,5.458965
RAS,Commercial,Cambodia,2036,19.819058,5.505294
RAS,Commercial,Cambodia,2037,19.989818,5.552727
RAS,Commercial,Cambodia,2038,20.161787,5.600496
RAS,Commercial,Cambodia,2039,20.337649,5.649347
RAS,Commercial,Cambodia,2040,20.518107,5.699474
RAS,Commercial,Cambodia,2041,20.689466,5.747074
RAS,Commercial,Cambodia,2042,20.862513,5.795142
RAS,Commercial,Cambodia,2043,21.03851,5.844031
RAS,Commercial,Cambodia,2044,21.218438,5.894011
RAS,Commercial,Cambodia,2045,21.402654,5.945182
RAS,Commercial,Cambodia,2046,21.554039,5.987233
RAS,Commercial,Cambodia,2047,21.708658,6.030183
RAS,Commercial,Cambodia,2048,21.867115,6.074199
RAS,Commercial,Cambodia,2049,22.02846,6.119017
RAS,Commercial,Cambodia,2050,22.194288,6.16508
RAS,Commercial,Cambodia,2051,22.639199,6.288666
RAS,Commercial,Cambodia,2052,23.098243,6.416179
RAS,Commercial,Cambodia,2053,23.573736,6.54826
RAS,Commercial,Cambodia,2054,24.06449,6.684581
RAS,Commercial,Cambodia,2055,24.57185,6.825514
RAS,Commercial,Cambodia,2056,25.096245,6.971179
RAS,Commercial,Cambodia,2057,25.636303,7.121195
RAS,Commercial,Cambodia,2058,26.193077,7.275855
RAS,Commercial,Cambodia,2059,26.767925,7.435535
RAS,Commercial,Cambodia,2060,27.361557,7.600432
RAS,Commercial,Indonesia,2005,149.822545,41.617374
RAS,Commercial,Indonesia,2006,149.598311,41.555086
RAS,Commercial,Indonesia,2007,155.533339,43.203705
RAS,Commercial,Indonesia,2008,161.152864,44.764684
RAS,Commercial,Indonesia,2009,168.799634,46.888787
RAS,Commercial,Indonesia,2010,176.663282,49.073134
RAS,Commercial,Indonesia,2011,194.920661,54.144628
RAS,Commercial,Indonesia,2012,212.076073,58.91002
RAS,Commercial,Indonesia,2013,224.066504,62.240696
RAS,Commercial,Indonesia,2014,229.853646,63.848235
RAS,Commercial,Indonesia,2015,242.40609,67.335025
RAS,Commercial,Indonesia,2016,230.023005,63.895279
RAS,Commercial,Indonesia,2017,241.551886,67.097746
RAS,Commercial,Indonesia,2018,246.429653,68.452681
RAS,Commercial,Indonesia,2019,250.903621,69.69545
RAS,Commercial,Indonesia,2020,238.723925,66.312201
RAS,Commercial,Indonesia,2021,248.322457,68.97846
RAS,Commercial,Indonesia,2022,283.525072,78.756964
RAS,Commercial,Indonesia,2023,325.208852,90.335792
RAS,Commercial,Indonesia,2024,342.066583,95.018495
RAS,Commercial,Indonesia,2025,321.496276,89.304521
RAS,Commercial,Indonesia,2026,330.686999,91.8575
RAS,Commercial,Indonesia,2027,341.486666,94.857407
RAS,Commercial,Indonesia,2028,351.134524,97.537368
RAS,Commercial,Indonesia,2029,359.604847,99.890235
RAS,Commercial,Indonesia,2030,365.884703,101.63464
RAS,Commercial,Indonesia,2031,403.513195,112.086999
RAS,Commercial,Indonesia,2032,444.126263,123.368406
RAS,Commercial,Indonesia,2033,487.47204,135.4089
RAS,Commercial,Indonesia,2034,533.603919,148.223311
RAS,Commercial,Indonesia,2035,581.203318,161.445366
RAS,Commercial,Indonesia,2036,633.022507,175.839585
RAS,Commercial,Indonesia,2037,686.100461,190.583461
RAS,Commercial,Indonesia,2038,740.506062,205.696128
RAS,Commercial,Indonesia,2039,796.183356,221.162043
RAS,Commercial,Indonesia,2040,853.107114,236.974198
RAS,Commercial,Indonesia,2041,913.590579,253.775161
RAS,Commercial,Indonesia,2042,975.625218,271.007005
RAS,Commercial,Indonesia,2043,1039.225354,288.673709
RAS,Commercial,Indonesia,2044,1104.644299,306.845639
RAS,Commercial,Indonesia,2045,1171.679106,325.466418
RAS,Commercial,Indonesia,2046,1240.30159,344.528219
RAS,Commercial,Indonesia,2047,1310.259909,363.961086
RAS,Commercial,Indonesia,2048,1381.439632,383.733231
RAS,Commercial,Indonesia,2049,1453.46997,403.741658
RAS,Commercial,Indonesia,2050,1526.198082,423.943912
RAS,Commercial,Indonesia,2051,1602.621612,445.17267
RAS,Commercial,Indonesia,2052,1680.230763,466.730768
RAS,Commercial,Indonesia,2053,1758.920649,488.589069
RAS,Commercial,Indonesia,2054,1838.421201,510.672556
RAS,Commercial,Indonesia,2055,1918.615357,532.94871
RAS,Commercial,Indonesia,2056,1999.189684,555.330468
RAS,Commercial,Indonesia,2057,2080.209565,577.83599
RAS,Commercial,Indonesia,2058,2161.558299,600.432861
RAS,Commercial,Indonesia,2059,2243.022321,623.061756
RAS,Commercial,Indonesia,2060,2324.377145,645.660318
RAS,Commercial,Laos,2005,10.131219,2.814227
RAS,Commercial,Laos,2006,10.433924,2.898312
RAS,Commercial,Laos,2007,11.429965,3.17499
RAS,Commercial,Laos,2008,12.968195,3.602276
RAS,Commercial,Laos,2009,13.758661,3.82185
RAS,Commercial,Laos,2010,13.939532,3.872092
RAS,Commercial,Laos,2011,13.818951,3.838598
RAS,Commercial,Laos,2012,14.445716,4.012699
RAS,Commercial,Laos,2013,14.505587,4.02933
RAS,Commercial,Laos,2014,14.09669,3.915747
RAS,Commercial,Laos,2015,14.684569,4.079047
RAS,Commercial,Laos,2016,15.16124,4.211456
RAS,Commercial,Laos,2017,15.546426,4.318452
RAS,Commercial,Laos,2018,16.080661,4.46685
RAS,Commercial,Laos,2019,16.69654,4.637928
RAS,Commercial,Laos,2020,16.235992,4.509998
RAS,Commercial,Laos,2021,16.012417,4.447894
RAS,Commercial,Laos,2022,16.815032,4.670842
RAS,Commercial,Laos,2023,17.856283,4.960079
RAS,Commercial,Laos,2024,17.646943,4.901929
RAS,Commercial,Laos,2025,14.36264,3.989622
RAS,Commercial,Laos,2026,14.501968,4.028324
RAS,Commercial,Laos,2027,14.666839,4.074122
RAS,Commercial,Laos,2028,14.862981,4.128606
RAS,Commercial,Laos,2029,15.086275,4.190632
RAS,Commercial,Laos,2030,14.669112,4.074753
RAS,Commercial,Laos,2031,14.572247,4.047846
RAS,Commercial,Laos,2032,14.474007,4.020557
RAS,Commercial,Laos,2033,14.374353,3.992876
RAS,Commercial,Laos,2034,14.272921,3.9647
RAS,Commercial,Laos,2035,14.16878,3.935772
RAS,Commercial,Laos,2036,14.168835,3.935787
RAS,Commercial,Laos,2037,14.167468,3.935408
RAS,Commercial,Laos,2038,14.164435,3.934565
RAS,Commercial,Laos,2039,14.160838,3.933566
RAS,Commercial,Laos,2040,14.156645,3.932401
RAS,Commercial,Laos,2041,14.19191,3.942197
RAS,Commercial,Laos,2042,14.224219,3.951172
RAS,Commercial,Laos,2043,14.254709,3.959641
RAS,Commercial,Laos,2044,14.28245,3.967347
RAS,Commercial,Laos,2045,14.306582,3.974051
RAS,Commercial,Laos,2046,14.353141,3.986984
RAS,Commercial,Laos,2047,14.395659,3.998794
RAS,Commercial,Laos,2048,14.433639,4.009344
RAS,Commercial,Laos,2049,14.466961,4.0186
RAS,Commercial,Laos,2050,14.495472,4.02652
RAS,Commercial,Laos,2051,14.910779,4.141883
RAS,Commercial,Laos,2052,15.342116,4.261699
RAS,Commercial,Laos,2053,15.790577,4.386271
RAS,Commercial,Laos,2054,16.257035,4.515843
RAS,Commercial,Laos,2055,16.742874,4.650798
RAS,Commercial,Laos,2056,17.248114,4.791143
RAS,Commercial,Laos,2057,17.772647,4.936846
RAS,Commercial,Laos,2058,18.317917,5.08831
RAS,Commercial,Laos,2059,18.88568,5.246022
RAS,Commercial,Laos,2060,19.476547,5.410152
RAS,Commercial,Malaysia,2005,123.552467,34.32013
RAS,Commercial,Malaysia,2006,128.145132,35.59587
RAS,Commercial,Malaysia,2007,158.009833,43.89162
RAS,Commercial,Malaysia,2008,147.500963,40.97249
RAS,Commercial,Malaysia,2009,158.863076,44.128632
RAS,Commercial,Malaysia,2010,179.864927,49.96248
RAS,Commercial,Malaysia,2011,176.766697,49.10186
RAS,Commercial,Malaysia,2012,176.850432,49.12512
RAS,Commercial,Malaysia,2013,184.344804,51.20689
RAS,Commercial,Malaysia,2014,186.94062,51.92795
RAS,Commercial,Malaysia,2015,186.3126,51.7535
RAS,Commercial,Malaysia,2016,199.48107,55.411408
RAS,Commercial,Malaysia,2017,191.499208,53.194224
RAS,Commercial,Malaysia,2018,185.47524,51.5209
RAS,Commercial,Malaysia,2019,195.169097,54.213638
RAS,Commercial,Malaysia,2020,169.073033,46.964731
RAS,Commercial,Malaysia,2021,163.942109,45.539475
RAS,Commercial,Malaysia,2022,184.596012,51.27667
RAS,Commercial,Malaysia,2023,251.274992,69.798609
RAS,Commercial,Malaysia,2024,222.821496,61.89486
RAS,Commercial,Malaysia,2025,232.819766,64.672157
RAS,Commercial,Malaysia,2026,255.412647,70.947958
RAS,Commercial,Malaysia,2027,277.109946,76.974985
RAS,Commercial,Malaysia,2028,298.600472,82.944576
RAS,Commercial,Malaysia,2029,319.879643,88.855456
RAS,Commercial,Malaysia,2030,341.277629,94.799341
RAS,Commercial,Malaysia,2031,370.207053,102.835292
RAS,Commercial,Malaysia,2032,394.040359,109.455655
RAS,Commercial,Malaysia,2033,415.012273,115.281187
RAS,Commercial,Malaysia,2034,433.533234,120.425898
RAS,Commercial,Malaysia,2035,454.277747,126.188263
RAS,Commercial,Malaysia,2036,480.496501,133.47125
RAS,Commercial,Malaysia,2037,501.531298,139.314249
RAS,Commercial,Malaysia,2038,525.998338,146.110649
RAS,Commercial,Malaysia,2039,549.830213,152.730615
RAS,Commercial,Malaysia,2040,573.122743,159.200762
RAS,Commercial,Malaysia,2041,600.384707,166.77353
RAS,Commercial,Malaysia,2042,623.183079,173.106411
RAS,Commercial,Malaysia,2043,645.579359,179.3276
RAS,Commercial,Malaysia,2044,671.370783,186.491884
RAS,Commercial,Malaysia,2045,692.979123,192.494201
RAS,Commercial,Malaysia,2046,717.818492,199.394026
RAS,Commercial,Malaysia,2047,742.132119,206.147811
RAS,Commercial,Malaysia,2048,765.926643,212.757401
RAS,Commercial,Malaysia,2049,789.196802,219.221334
RAS,Commercial,Malaysia,2050,808.667817,224.629949
RAS,Commercial,Malaysia,2051,829.353018,230.375838
RAS,Commercial,Malaysia,2052,850.167727,236.157702
RAS,Commercial,Malaysia,2053,871.09455,241.970708
RAS,Commercial,Malaysia,2054,892.148225,247.818951
RAS,Commercial,Malaysia,2055,913.342421,253.706228
RAS,Commercial,Malaysia,2056,934.650409,259.625114
RAS,Commercial,Malaysia,2057,956.051809,265.569947
RAS,Commercial,Malaysia,2058,977.549956,271.541654
RAS,Commercial,Malaysia,2059,999.127541,277.535428
RAS,Commercial,Malaysia,2060,1020.798356,283.555099
RAS,Commercial,Myanmar,2005,98.529388,27.369274
RAS,Commercial,Myanmar,2006,101.738989,28.26083
RAS,Commercial,Myanmar,2007,105.010597,29.16961
RAS,Commercial,Myanmar,2008,108.406886,30.113024
RAS,Commercial,Myanmar,2009,111.908517,31.085699
RAS,Commercial,Myanmar,2010,115.325095,32.034749
RAS,Commercial,Myanmar,2011,122.789424,34.108173
RAS,Commercial,Myanmar,2012,124.339331,34.538703
RAS,Commercial,Myanmar,2013,119.886891,33.301914
RAS,Commercial,Myanmar,2014,127.673429,35.464841
RAS,Commercial,Myanmar,2015,119.900303,33.30564
RAS,Commercial,Myanmar,2016,122.574342,34.048428
RAS,Commercial,Myanmar,2017,107.889471,29.969297
RAS,Commercial,Myanmar,2018,101.802991,28.278609
RAS,Commercial,Myanmar,2019,153.588165,42.663379
RAS,Commercial,Myanmar,2020,103.567616,28.768782
RAS,Commercial,Myanmar,2021,127.660557,35.461266
RAS,Commercial,Myanmar,2022,76.20043,21.166786
RAS,Commercial,Myanmar,2023,94.00107,26.111408
RAS,Commercial,Myanmar,2024,94.00107,26.111408
RAS,Commercial,Myanmar,2025,75.497157,20.971433
RAS,Commercial,Myanmar,2026,73.773693,20.492692
RAS,Commercial,Myanmar,2027,72.013568,20.003769
RAS,Commercial,Myanmar,2028,70.208298,19.502305
RAS,Commercial,Myanmar,2029,68.355164,18.987546
RAS,Commercial,Myanmar,2030,65.523929,18.201091
RAS,Commercial,Myanmar,2031,64.719179,17.97755
RAS,Commercial,Myanmar,2032,63.855324,17.73759
RAS,Commercial,Myanmar,2033,62.928248,17.480069
RAS,Commercial,Myanmar,2034,61.932559,17.203489
RAS,Commercial,Myanmar,2035,60.863291,16.90647
RAS,Commercial,Myanmar,2036,59.995891,16.665525
RAS,Commercial,Myanmar,2037,59.056452,16.40457
RAS,Commercial,Myanmar,2038,58.037357,16.121488
RAS,Commercial,Myanmar,2039,56.935908,15.81553
RAS,Commercial,Myanmar,2040,55.747408,15.485391
RAS,Commercial,Myanmar,2041,54.48555,15.134875
RAS,Commercial,Myanmar,2042,53.122529,14.756258
RAS,Commercial,Myanmar,2043,51.653035,14.348065
RAS,Commercial,Myanmar,2044,50.070358,13.908433
RAS,Commercial,Myanmar,2045,48.364895,13.434693
RAS,Commercial,Myanmar,2046,46.586346,12.940652
RAS,Commercial,Myanmar,2047,44.667518,12.407644
RAS,Commercial,Myanmar,2048,42.597635,11.832676
RAS,Commercial,Myanmar,2049,40.366903,11.213029
RAS,Commercial,Myanmar,2050,37.964681,10.545745
RAS,Commercial,Myanmar,2051,39.149686,10.874913
RAS,Commercial,Myanmar,2052,40.379679,11.216578
RAS,Commercial,Myanmar,2053,41.6558,11.571056
RAS,Commercial,Myanmar,2054,42.980869,11.93913
RAS,Commercial,Myanmar,2055,44.356708,12.321308
RAS,Commercial,Myanmar,2056,45.785672,12.718242
RAS,Commercial,Myanmar,2057,47.268378,13.130105
RAS,Commercial,Myanmar,2058,48.804664,13.556851
RAS,Commercial,Myanmar,2059,50.399261,13.999795
RAS,Commercial,Myanmar,2060,52.056174,14.460048
RAS,Commercial,Philippines,2005,77.573226,21.548118
RAS,Commercial,Philippines,2006,80.696077,22.415577
RAS,Commercial,Philippines,2007,83.28215,23.133931
RAS,Commercial,Philippines,2008,85.558932,23.76637
RAS,Commercial,Philippines,2009,101.015289,28.059802
RAS,Commercial,Philippines,2010,111.487366,30.968713
RAS,Commercial,Philippines,2011,114.67394,31.853872
RAS,Commercial,Philippines,2012,118.468017,32.907783
RAS,Commercial,Philippines,2013,127.164264,35.323407
RAS,Commercial,Philippines,2014,142.228525,39.507924
RAS,Commercial,Philippines,2015,141.083855,39.18996
RAS,Commercial,Philippines,2016,161.794008,44.94278
RAS,Commercial,Philippines,2017,184.405931,51.22387
RAS,Commercial,Philippines,2018,195.445266,54.290352
RAS,Commercial,Philippines,2019,205.775778,57.159938
RAS,Commercial,Philippines,2020,193.057533,53.627093
RAS,Commercial,Philippines,2021,202.971041,56.380845
RAS,Commercial,Philippines,2022,186.376658,51.771294
RAS,Commercial,Philippines,2023,198.307363,55.085379
RAS,Commercial,Philippines,2024,198.307362,55.085378
RAS,Commercial,Philippines,2025,179.767669,49.935464
RAS,Commercial,Philippines,2026,177.982911,49.439698
RAS,Commercial,Philippines,2027,175.717597,48.810444
RAS,Commercial,Philippines,2028,172.697495,47.971526
RAS,Commercial,Philippines,2029,168.949815,46.930504
RAS,Commercial,Philippines,2030,162.082048,45.022791
RAS,Commercial,Philippines,2031,167.442582,46.511828
RAS,Commercial,Philippines,2032,174.244327,48.401202
RAS,Commercial,Philippines,2033,179.289866,49.802741
RAS,Commercial,Philippines,2034,185.761947,51.600541
RAS,Commercial,Philippines,2035,190.551426,52.930952
RAS,Commercial,Philippines,2036,198.071091,55.019748
RAS,Commercial,Philippines,2037,205.579879,57.105522
RAS,Commercial,Philippines,2038,213.101276,59.194799
RAS,Commercial,Philippines,2039,222.17988,61.716633
RAS,Commercial,Philippines,2040,229.790371,63.830659
RAS,Commercial,Philippines,2041,238.993389,66.387053
RAS,Commercial,Philippines,2042,248.286215,68.968393
RAS,Commercial,Philippines,2043,257.692485,71.581246
RAS,Commercial,Philippines,2044,267.231641,74.231011
RAS,Commercial,Philippines,2045,276.934231,76.926175
RAS,Commercial,Philippines,2046,286.824134,79.673371
RAS,Commercial,Philippines,2047,298.464272,82.906742
RAS,Commercial,Philippines,2048,310.366698,86.212972
RAS,Commercial,Philippines,2049,321.003835,89.167732
RAS,Commercial,Philippines,2050,333.485852,92.634959
RAS,Commercial,Philippines,2051,348.274357,96.742877
RAS,Commercial,Philippines,2052,363.991321,101.1087
RAS,Commercial,Philippines,2053,380.686481,105.746245
RAS,Commercial,Philippines,2054,398.401007,110.666946
RAS,Commercial,Philippines,2055,417.20022,115.88895
RAS,Commercial,Philippines,2056,437.149035,121.430288
RAS,Commercial,Philippines,2057,458.287257,127.302016
RAS,Commercial,Philippines,2058,480.660374,133.516771
RAS,Commercial,Philippines,2059,504.346,140.096111
RAS,Commercial,Philippines,2060,529.406086,147.057246
RAS,Commercial,Singapore,2005,51.204564,14.22349
RAS,Commercial,Singapore,2006,55.683896,15.467749
RAS,Commercial,Singapore,2007,60.62329,16.839803
RAS,Commercial,Singapore,2008,63.01291,17.503586
RAS,Commercial,Singapore,2009,62.722283,17.422856
RAS,Commercial,Singapore,2010,65.983465,18.32874
RAS,Commercial,Singapore,2011,67.575321,18.770923
RAS,Commercial,Singapore,2012,69.453774,19.292715
RAS,Commercial,Singapore,2013,71.47141,19.853169
RAS,Commercial,Singapore,2014,72.394804,20.109668
RAS,Commercial,Singapore,2015,74.143547,20.59543
RAS,Commercial,Singapore,2016,75.77815,21.049486
RAS,Commercial,Singapore,2017,75.697411,21.027059
RAS,Commercial,Singapore,2018,78.963718,21.934366
RAS,Commercial,Singapore,2019,76.155475,21.154299
RAS,Commercial,Singapore,2020,108.153916,30.042754
RAS,Commercial,Singapore,2021,78.880049,21.911125
RAS,Commercial,Singapore,2022,82.271807,22.85328
RAS,Commercial,Singapore,2023,82.271807,22.85328
RAS,Commercial,Singapore,2024,82.271807,22.85328
RAS,Commercial,Singapore,2025,82.55856,22.932933
RAS,Commercial,Singapore,2026,86.897407,24.138169
RAS,Commercial,Singapore,2027,91.095818,25.304394
RAS,Commercial,Singapore,2028,95.189409,26.441502
RAS,Commercial,Singapore,2029,99.206233,27.557287
RAS,Commercial,Singapore,2030,103.292059,28.692239
RAS,Commercial,Singapore,2031,108.433616,30.120449
RAS,Commercial,Singapore,2032,112.739481,31.316523
RAS,Commercial,Singapore,2033,116.259737,32.294371
RAS,Commercial,Singapore,2034,119.331444,33.147623
RAS,Commercial,Singapore,2035,122.072936,33.909149
RAS,Commercial,Singapore,2036,124.860706,34.683529
RAS,Commercial,Singapore,2037,127.43574,35.398817
RAS,Commercial,Singapore,2038,129.846346,36.068429
RAS,Commercial,Singapore,2039,132.212154,36.725598
RAS,Commercial,Singapore,2040,134.379479,37.327633
RAS,Commercial,Singapore,2041,136.553141,37.931428
RAS,Commercial,Singapore,2042,138.577234,38.493676
RAS,Commercial,Singapore,2043,140.632883,39.06469
RAS,Commercial,Singapore,2044,142.621279,39.617022
RAS,Commercial,Singapore,2045,144.489001,40.135834
RAS,Commercial,Singapore,2046,146.471909,40.686641
RAS,Commercial,Singapore,2047,148.315254,41.198682
RAS,Commercial,Singapore,2048,150.221615,41.728226
RAS,Commercial,Singapore,2049,152.070287,42.241746
RAS,Commercial,Singapore,2050,153.871019,42.74195
RAS,Commercial,Singapore,2051,156.506504,43.474029
RAS,Commercial,Singapore,2052,158.527844,44.035512
RAS,Commercial,Singapore,2053,160.546531,44.596259
RAS,Commercial,Singapore,2054,162.614136,45.170593
RAS,Commercial,Singapore,2055,164.701825,45.750507
RAS,Commercial,Singapore,2056,166.781796,46.328277
RAS,Commercial,Singapore,2057,168.865573,46.907104
RAS,Commercial,Singapore,2058,170.984564,47.495712
RAS,Commercial,Singapore,2059,173.136489,48.093469
RAS,Commercial,Singapore,2060,175.32391,48.701086
RAS,Commercial,Thailand,2005,161.008419,44.724561
RAS,Commercial,Thailand,2006,176.458484,49.016246
RAS,Commercial,Thailand,2007,187.937915,52.204976
RAS,Commercial,Thailand,2008,211.063706,58.628807
RAS,Commercial,Thailand,2009,206.844667,57.456852
RAS,Commercial,Thailand,2010,235.366076,65.379466
RAS,Commercial,Thailand,2011,230.750503,64.097362
RAS,Commercial,Thailand,2012,254.618488,70.727358
RAS,Commercial,Thailand,2013,243.06593,67.518314
RAS,Commercial,Thailand,2014,229.046305,63.623974
RAS,Commercial,Thailand,2015,249.211532,69.225426
RAS,Commercial,Thailand,2016,260.223917,72.284421
RAS,Commercial,Thailand,2017,270.143223,75.039784
RAS,Commercial,Thailand,2018,274.198137,76.166149
RAS,Commercial,Thailand,2019,286.631678,79.619911
RAS,Commercial,Thailand,2020,265.284171,73.690048
RAS,Commercial,Thailand,2021,259.352137,72.04226
RAS,Commercial,Thailand,2022,279.64818,77.68005
RAS,Commercial,Thailand,2023,298.768792,82.991331
RAS,Commercial,Thailand,2024,316.385825,87.884951
RAS,Commercial,Thailand,2025,266.576653,74.04907
RAS,Commercial,Thailand,2026,264.741844,73.539401
RAS,Commercial,Thailand,2027,262.40732,72.890922
RAS,Commercial,Thailand,2028,259.575928,72.104424
RAS,Commercial,Thailand,2029,256.263031,71.184175
RAS,Commercial,Thailand,2030,254.204033,70.612231
RAS,Commercial,Thailand,2031,262.463188,72.906441
RAS,Commercial,Thailand,2032,273.358755,75.932987
RAS,Commercial,Thailand,2033,282.058804,78.349668
RAS,Commercial,Thailand,2034,293.477751,81.521598
RAS,Commercial,Thailand,2035,305.217835,84.782732
RAS,Commercial,Thailand,2036,321.794928,89.38748
RAS,Commercial,Thailand,2037,339.078388,94.188441
RAS,Commercial,Thailand,2038,357.096412,99.193448
RAS,Commercial,Thailand,2039,378.494163,105.137268
RAS,Commercial,Thailand,2040,398.037034,110.565843
RAS,Commercial,Thailand,2041,421.079114,116.966421
RAS,Commercial,Thailand,2042,444.927839,123.591066
RAS,Commercial,Thailand,2043,469.531503,130.425417
RAS,Commercial,Thailand,2044,494.83886,137.455239
RAS,Commercial,Thailand,2045,520.793756,144.664932
RAS,Commercial,Thailand,2046,547.334126,152.037257
RAS,Commercial,Thailand,2047,577.299003,160.360834
RAS,Commercial,Thailand,2048,607.720159,168.811155
RAS,Commercial,Thailand,2049,635.551876,176.542188
RAS,Commercial,Thailand,2050,666.593289,185.164803
RAS,Commercial,Thailand,2051,699.291041,194.247511
RAS,Commercial,Thailand,2052,732.838576,203.566271
RAS,Commercial,Thailand,2053,767.150008,213.097224
RAS,Commercial,Thailand,2054,802.164773,222.823548
RAS,Commercial,Thailand,2055,837.83943,232.733175
RAS,Commercial,Thailand,2056,874.1215,242.811528
RAS,Commercial,Thailand,2057,910.973366,253.048157
RAS,Commercial,Thailand,2058,948.348301,263.430084
RAS,Commercial,Thailand,2059,986.219072,273.949742
RAS,Commercial,Thailand,2060,1024.59143,284.608731
RAS,Commercial,Vietnam,2005,69.710219,19.36395
RAS,Commercial,Vietnam,2006,66.953627,18.59823
RAS,Commercial,Vietnam,2007,64.727928,17.97998
RAS,Commercial,Vietnam,2008,65.983968,18.32888
RAS,Commercial,Vietnam,2009,68.956596,19.15461
RAS,Commercial,Vietnam,2010,69.0822,19.1895
RAS,Commercial,Vietnam,2011,79.046784,21.95744
RAS,Commercial,Vietnam,2012,76.979852,21.383292
RAS,Commercial,Vietnam,2013,84.57336,23.4926
RAS,Commercial,Vietnam,2014,88.793148,24.664763
RAS,Commercial,Vietnam,2015,79.088653,21.96907
RAS,Commercial,Vietnam,2016,87.034869,24.176353
RAS,Commercial,Vietnam,2017,93.961188,26.10033
RAS,Commercial,Vietnam,2018,101.069352,28.07482
RAS,Commercial,Vietnam,2019,111.829427,31.06373
RAS,Commercial,Vietnam,2020,101.623797,28.228832
RAS,Commercial,Vietnam,2021,86.909276,24.141466
RAS,Commercial,Vietnam,2022,112.848094,31.346693
RAS,Commercial,Vietnam,2023,116.557229,32.377008
RAS,Commercial,Vietnam,2024,116.557228,32.377008
RAS,Commercial,Vietnam,2025,105.788702,29.385751
RAS,Commercial,Vietnam,2026,105.845899,29.401639
RAS,Commercial,Vietnam,2027,105.465841,29.296067
RAS,Commercial,Vietnam,2028,104.588301,29.052306
RAS,Commercial,Vietnam,2029,103.157087,28.654746
RAS,Commercial,Vietnam,2030,99.761194,27.711443
RAS,Commercial,Vietnam,2031,104.337829,28.98273
RAS,Commercial,Vietnam,2032,109.179237,30.327566
RAS,Commercial,Vietnam,2033,114.309629,31.752675
RAS,Commercial,Vietnam,2034,120.078452,33.355126
RAS,Commercial,Vietnam,2035,126.037727,35.01048
RAS,Commercial,Vietnam,2036,133.532707,37.092419
RAS,Commercial,Vietnam,2037,141.546653,39.318515
RAS,Commercial,Vietnam,2038,150.293819,41.748283
RAS,Commercial,Vietnam,2039,158.962706,44.156307
RAS,Commercial,Vietnam,2040,169.70773,47.141036
RAS,Commercial,Vietnam,2041,181.036063,50.287795
RAS,Commercial,Vietnam,2042,192.975997,53.604444
RAS,Commercial,Vietnam,2043,205.577631,57.104897
RAS,Commercial,Vietnam,2044,218.882417,60.800671
RAS,Commercial,Vietnam,2045,232.911922,64.697756
RAS,Commercial,Vietnam,2046,247.694883,68.804134
RAS,Commercial,Vietnam,2047,263.259363,73.127601
RAS,Commercial,Vietnam,2048,281.720478,78.255688
RAS,Commercial,Vietnam,2049,298.917077,83.032521
RAS,Commercial,Vietnam,2050,319.0799,88.633306
RAS,Commercial,Vietnam,2051,341.518734,94.866315
RAS,Commercial,Vietnam,2052,365.407762,101.502156
RAS,Commercial,Vietnam,2053,390.741521,108.539311
RAS,Commercial,Vietnam,2054,417.520276,115.977854
RAS,Commercial,Vietnam,2055,445.726276,123.812854
RAS,Commercial,Vietnam,2056,475.318356,132.032877
RAS,Commercial,Vietnam,2057,506.255335,140.626482
RAS,Commercial,Vietnam,2058,538.499495,149.583193
RAS,Commercial,Vietnam,2059,571.970311,158.880642
RAS,Commercial,Vietnam,2060,606.577006,168.493613
RAS,Industry,Brunei,2005,2.72142,0.75595
RAS,Industry,Brunei,2006,3.014496,0.83736
RAS,Industry,Brunei,2007,3.1401,0.87225
RAS,Industry,Brunei,2008,3.76812,1.0467
RAS,Industry,Brunei,2009,4.731084,1.31419
RAS,Industry,Brunei,2010,5.44284,1.5119
RAS,Industry,Brunei,2011,6.2802,1.7445
RAS,Industry,Brunei,2012,7.201296,2.00036
RAS,Industry,Brunei,2013,5.945256,1.65146
RAS,Industry,Brunei,2014,5.191632,1.44212
RAS,Industry,Brunei,2015,5.903388,1.63983
RAS,Industry,Brunei,2016,4.856688,1.34908
RAS,Industry,Brunei,2017,6.315926,1.754424
RAS,Industry,Brunei,2018,5.923767,1.645491
RAS,Industry,Brunei,2019,7.693369,2.137047
RAS,Industry,Brunei,2020,9.922716,2.75631
RAS,Industry,Brunei,2021,11.705299,3.251472
RAS,Industry,Brunei,2022,11.712215,3.253393
RAS,Industry,Brunei,2023,11.74666,3.262961
RAS,Industry,Brunei,2024,12.021077,3.339188
RAS,Industry,Brunei,2025,8.816671,2.449075
RAS,Industry,Brunei,2026,8.843471,2.45652
RAS,Industry,Brunei,2027,8.888463,2.469017
RAS,Industry,Brunei,2028,8.943234,2.484232
RAS,Industry,Brunei,2029,9.012769,2.503547
RAS,Industry,Brunei,2030,8.901436,2.472621
RAS,Industry,Brunei,2031,8.774735,2.437426
RAS,Industry,Brunei,2032,8.712114,2.420032
RAS,Industry,Brunei,2033,8.64736,2.402044
RAS,Industry,Brunei,2034,8.62121,2.394781
RAS,Industry,Brunei,2035,8.671939,2.408872
RAS,Industry,Brunei,2036,8.680763,2.411323
RAS,Industry,Brunei,2037,8.765284,2.434801
RAS,Industry,Brunei,2038,8.883485,2.467635
RAS,Industry,Brunei,2039,9.022982,2.506384
RAS,Industry,Brunei,2040,9.167409,2.546502
RAS,Industry,Brunei,2041,9.298722,2.582978
RAS,Industry,Brunei,2042,9.363655,2.601015
RAS,Industry,Brunei,2043,9.423103,2.617529
RAS,Industry,Brunei,2044,9.433785,2.620496
RAS,Industry,Brunei,2045,9.394398,2.609555
RAS,Industry,Brunei,2046,9.272068,2.575574
RAS,Industry,Brunei,2047,9.145145,2.540318
RAS,Industry,Brunei,2048,8.949662,2.486017
RAS,Industry,Brunei,2049,8.76265,2.434069
RAS,Industry,Brunei,2050,8.555234,2.376454
RAS,Industry,Brunei,2051,8.380201,2.327834
RAS,Industry,Brunei,2052,8.194548,2.276263
RAS,Industry,Brunei,2053,8.001513,2.222643
RAS,Industry,Brunei,2054,7.803628,2.167674
RAS,Industry,Brunei,2055,7.60285,2.111903
RAS,Industry,Brunei,2056,7.432017,2.064449
RAS,Industry,Brunei,2057,7.259508,2.01653
RAS,Industry,Brunei,2058,7.086047,1.968346
RAS,Industry,Brunei,2059,6.912243,1.920068
RAS,Industry,Brunei,2060,6.73849,1.871803
RAS,Industry,Cambodia,2005,24.953328,6.93148
RAS,Industry,Cambodia,2006,24.367176,6.76866
RAS,Industry,Cambodia,2007,25.1208,6.978
RAS,Industry,Cambodia,2008,25.916292,7.19897
RAS,Industry,Cambodia,2009,28.177164,7.82699
RAS,Industry,Cambodia,2010,33.871212,9.40867
RAS,Industry,Cambodia,2011,33.28506,9.24585
RAS,Industry,Cambodia,2012,33.452532,9.29237
RAS,Industry,Cambodia,2013,32.280228,8.96673
RAS,Industry,Cambodia,2014,32.23836,8.9551
RAS,Industry,Cambodia,2015,30.647376,8.51316
RAS,Industry,Cambodia,2016,36.6345,10.17625
RAS,Industry,Cambodia,2017,35.37846,9.82735
RAS,Industry,Cambodia,2018,31.652208,8.79228
RAS,Industry,Cambodia,2019,44.439113,12.344198
RAS,Industry,Cambodia,2020,95.108597,26.419055
RAS,Industry,Cambodia,2021,103.659328,28.794258
RAS,Industry,Cambodia,2022,102.436502,28.454584
RAS,Industry,Cambodia,2023,95.213165,26.448101
RAS,Industry,Cambodia,2024,100.925954,28.034987
RAS,Industry,Cambodia,2025,169.689353,47.135931
RAS,Industry,Cambodia,2026,175.188317,48.663421
RAS,Industry,Cambodia,2027,180.493067,50.136963
RAS,Industry,Cambodia,2028,185.448484,51.513468
RAS,Industry,Cambodia,2029,189.834824,52.731896
RAS,Industry,Cambodia,2030,185.557625,51.543785
RAS,Industry,Cambodia,2031,184.284109,51.19003
RAS,Industry,Cambodia,2032,182.564583,50.712384
RAS,Industry,Cambodia,2033,180.301767,50.083824
RAS,Industry,Cambodia,2034,177.397573,49.277104
RAS,Industry,Cambodia,2035,173.765047,48.268069
RAS,Industry,Cambodia,2036,169.390064,47.052796
RAS,Industry,Cambodia,2037,164.214235,45.615065
RAS,Industry,Cambodia,2038,158.308068,43.974463
RAS,Industry,Cambodia,2039,151.832222,42.175617
RAS,Industry,Cambodia,2040,145.022725,40.28409
RAS,Industry,Cambodia,2041,138.070758,38.352988
RAS,Industry,Cambodia,2042,131.366762,36.490767
RAS,Industry,Cambodia,2043,125.151339,34.764261
RAS,Industry,Cambodia,2044,119.584279,33.217855
RAS,Industry,Cambodia,2045,114.7374,31.8715
RAS,Industry,Cambodia,2046,110.408437,30.66901
RAS,Industry,Cambodia,2047,106.750089,29.652802
RAS,Industry,Cambodia,2048,103.671958,28.797766
RAS,Industry,Cambodia,2049,101.074376,28.076216
RAS,Industry,Cambodia,2050,98.860719,27.461311
RAS,Industry,Cambodia,2051,97.540291,27.094525
RAS,Industry,Cambodia,2052,96.444408,26.790113
RAS,Industry,Cambodia,2053,95.518258,26.532849
RAS,Industry,Cambodia,2054,94.71788,26.310522
RAS,Industry,Cambodia,2055,94.008716,26.113532
RAS,Industry,Cambodia,2056,93.712444,26.031234
RAS,Industry,Cambodia,2057,93.465344,25.962596
RAS,Industry,Cambodia,2058,93.252252,25.903403
RAS,Industry,Cambodia,2059,93.061447,25.850402
RAS,Industry,Cambodia,2060,92.88403,25.801119
RAS,Industry,Indonesia,2005,1449.047954,402.513321
RAS,Industry,Indonesia,2006,1713.543458,475.984294
RAS,Industry,Indonesia,2007,1992.07944,553.3554
RAS,Industry,Indonesia,2008,1884.056103,523.348917
RAS,Industry,Indonesia,2009,1792.800717,498.000199
RAS,Industry,Indonesia,2010,2053.076051,570.298903
RAS,Industry,Indonesia,2011,2199.59867,610.999631
RAS,Industry,Indonesia,2012,2165.303691,601.473247
RAS,Industry,Indonesia,2013,1659.807835,461.057732
RAS,Industry,Indonesia,2014,1704.656956,473.515821
RAS,Industry,Indonesia,2015,1659.830227,461.063952
RAS,Industry,Indonesia,2016,1606.784146,446.328929
RAS,Industry,Indonesia,2017,1518.858834,421.905232
RAS,Industry,Indonesia,2018,1960.484839,544.579122
RAS,Industry,Indonesia,2019,2266.168991,629.491386
RAS,Industry,Indonesia,2020,1902.546392,528.485109
RAS,Industry,Indonesia,2021,1837.325212,510.368114
RAS,Industry,Indonesia,2022,3107.32832,863.146756
RAS,Industry,Indonesia,2023,3230.850075,897.458354
RAS,Industry,Indonesia,2024,3402.175997,945.048888
RAS,Industry,Indonesia,2025,3334.198483,926.166245
RAS,Industry,Indonesia,2026,3507.186436,974.218454
RAS,Industry,Indonesia,2027,3722.283443,1033.967623
RAS,Industry,Indonesia,2028,3949.456087,1097.071135
RAS,Industry,Indonesia,2029,4193.706112,1164.918364
RAS,Industry,Indonesia,2030,4444.583478,1234.606522
RAS,Industry,Indonesia,2031,4720.345637,1311.207121
RAS,Industry,Indonesia,2032,5009.526297,1391.535083
RAS,Industry,Indonesia,2033,5313.015241,1475.837567
RAS,Industry,Indonesia,2034,5636.965959,1565.823878
RAS,Industry,Indonesia,2035,5961.554277,1655.987299
RAS,Industry,Indonesia,2036,6304.373217,1751.214782
RAS,Industry,Indonesia,2037,6641.9684,1844.991222
RAS,Industry,Indonesia,2038,6975.166859,1937.54635
RAS,Industry,Indonesia,2039,7327.957465,2035.54374
RAS,Industry,Indonesia,2040,7713.853823,2142.737173
RAS,Industry,Indonesia,2041,8108.316684,2252.31019
RAS,Industry,Indonesia,2042,8501.92435,2361.645653
RAS,Industry,Indonesia,2043,8893.610782,2470.447439
RAS,Industry,Indonesia,2044,9286.883859,2579.689961
RAS,Industry,Indonesia,2045,9678.214918,2688.393033
RAS,Industry,Indonesia,2046,10065.343835,2795.928843
RAS,Industry,Indonesia,2047,10443.961739,2901.100483
RAS,Industry,Indonesia,2048,10812.371757,3003.436599
RAS,Industry,Indonesia,2049,11164.6016,3101.278222
RAS,Industry,Indonesia,2050,11498.408363,3194.002323
RAS,Industry,Indonesia,2051,11870.936762,3297.482434
RAS,Industry,Indonesia,2052,12225.453905,3395.959418
RAS,Industry,Indonesia,2053,12561.200465,3489.222351
RAS,Industry,Indonesia,2054,12875.06681,3576.407447
RAS,Industry,Indonesia,2055,13152.618832,3653.505231
RAS,Industry,Indonesia,2056,13422.457652,3728.460459
RAS,Industry,Indonesia,2057,13671.761282,3797.711467
RAS,Industry,Indonesia,2058,13887.759195,3857.710887
RAS,Industry,Indonesia,2059,14063.245391,3906.457053
RAS,Industry,Indonesia,2060,14193.823503,3942.728751
RAS,Industry,Laos,2005,4.657805,1.293835
RAS,Industry,Laos,2006,9.300724,2.583534
RAS,Industry,Laos,2007,9.83898,2.73305
RAS,Industry,Laos,2008,13.362006,3.711668
RAS,Industry,Laos,2009,13.10096,3.639156
RAS,Industry,Laos,2010,15.131306,4.203141
RAS,Industry,Laos,2011,12.885016,3.579171
RAS,Industry,Laos,2012,12.889526,3.580424
RAS,Industry,Laos,2013,16.536367,4.593435
RAS,Industry,Laos,2014,22.546758,6.262988
RAS,Industry,Laos,2015,18.147344,5.040929
RAS,Industry,Laos,2016,15.055166,4.181991
RAS,Industry,Laos,2017,15.997578,4.443772
RAS,Industry,Laos,2018,17.704883,4.918023
RAS,Industry,Laos,2019,20.787335,5.77426
RAS,Industry,Laos,2020,38.979743,10.827706
RAS,Industry,Laos,2021,40.50838,11.252328
RAS,Industry,Laos,2022,55.506479,15.418466
RAS,Industry,Laos,2023,128.559407,35.710946
RAS,Industry,Laos,2024,176.765336,49.101482
RAS,Industry,Laos,2025,176.793594,49.109332
RAS,Industry,Laos,2026,181.07599,50.298886
RAS,Industry,Laos,2027,185.656331,51.571203
RAS,Industry,Laos,2028,190.594064,52.942796
RAS,Industry,Laos,2029,195.807394,54.390943
RAS,Industry,Laos,2030,192.502785,53.472996
RAS,Industry,Laos,2031,192.49831,53.471753
RAS,Industry,Laos,2032,192.158561,53.377378
RAS,Industry,Laos,2033,191.409474,53.169298
RAS,Industry,Laos,2034,190.174203,52.826168
RAS,Industry,Laos,2035,188.385022,52.329173
RAS,Industry,Laos,2036,186.35648,51.765689
RAS,Industry,Laos,2037,183.713991,51.031664
RAS,Industry,Laos,2038,180.512467,50.142352
RAS,Industry,Laos,2039,176.876298,49.132305
RAS,Industry,Laos,2040,172.990031,48.052786
RAS,Industry,Laos,2041,169.572287,47.103413
RAS,Industry,Laos,2042,166.337466,46.204852
RAS,Industry,Laos,2043,163.482224,45.411729
RAS,Industry,Laos,2044,161.139891,44.761081
RAS,Industry,Laos,2045,159.376526,44.271257
RAS,Industry,Laos,2046,158.48493,44.023592
RAS,Industry,Laos,2047,158.135975,43.92666
RAS,Industry,Laos,2048,158.27088,43.964133
RAS,Industry,Laos,2049,158.815982,44.115551
RAS,Industry,Laos,2050,159.701177,44.361438
RAS,Industry,Laos,2051,161.026411,44.729559
RAS,Industry,Laos,2052,162.567114,45.157532
RAS,Industry,Laos,2053,164.281588,45.633774
RAS,Industry,Laos,2054,166.136052,46.148903
RAS,Industry,Laos,2055,168.103773,46.695492
RAS,Industry,Laos,2056,170.269989,47.297219
RAS,Industry,Laos,2057,172.51438,47.920661
RAS,Industry,Laos,2058,174.825341,48.562595
RAS,Industry,Laos,2059,177.193973,49.220548
RAS,Industry,Laos,2060,179.613555,49.892654
RAS,Industry,Malaysia,2005,652.429044,181.23029
RAS,Industry,Malaysia,2006,638.361396,177.32261
RAS,Industry,Malaysia,2007,688.854204,191.34839
RAS,Industry,Malaysia,2008,678.512808,188.47578
RAS,Industry,Malaysia,2009,599.256684,166.46019
RAS,Industry,Malaysia,2010,541.269504,150.35264
RAS,Industry,Malaysia,2011,506.6028,140.723
RAS,Industry,Malaysia,2012,582.718824,161.86634
RAS,Industry,Malaysia,2013,565.050528,156.95848
RAS,Industry,Malaysia,2014,551.024748,153.06243
RAS,Industry,Malaysia,2015,585.73332,162.7037
RAS,Industry,Malaysia,2016,670.683492,186.30097
RAS,Industry,Malaysia,2017,731.152755,203.097988
RAS,Industry,Malaysia,2018,797.459796,221.51661
RAS,Industry,Malaysia,2019,792.184428,220.05123
RAS,Industry,Malaysia,2020,741.66244,206.017344
RAS,Industry,Malaysia,2021,802.054021,222.792784
RAS,Industry,Malaysia,2022,796.831776,221.34216
RAS,Industry,Malaysia,2023,943.327908,262.03553
RAS,Industry,Malaysia,2024,868.635396,241.28761
RAS,Industry,Malaysia,2025,770.822384,214.117329
RAS,Industry,Malaysia,2026,790.119294,219.477582
RAS,Industry,Malaysia,2027,806.66792,224.074422
RAS,Industry,Malaysia,2028,824.038554,228.899598
RAS,Industry,Malaysia,2029,842.408262,234.002295
RAS,Industry,Malaysia,2030,864.043621,240.012117
RAS,Industry,Malaysia,2031,890.759951,247.43332
RAS,Industry,Malaysia,2032,913.578989,253.771941
RAS,Industry,Malaysia,2033,937.431021,260.397506
RAS,Industry,Malaysia,2034,962.803879,267.445522
RAS,Industry,Malaysia,2035,998.583844,277.384401
RAS,Industry,Malaysia,2036,1037.700881,288.250245
RAS,Industry,Malaysia,2037,1070.655128,297.404202
RAS,Industry,Malaysia,2038,1114.021648,309.450458
RAS,Industry,Malaysia,2039,1158.732819,321.870227
RAS,Industry,Malaysia,2040,1203.647049,334.346403
RAS,Industry,Malaysia,2041,1255.706784,348.80744
RAS,Industry,Malaysia,2042,1296.566206,360.157279
RAS,Industry,Malaysia,2043,1334.788492,370.774581
RAS,Industry,Malaysia,2044,1379.994849,383.331903
RAS,Industry,Malaysia,2045,1411.676366,392.132324
RAS,Industry,Malaysia,2046,1446.256452,401.737903
RAS,Industry,Malaysia,2047,1475.306049,409.807236
RAS,Industry,Malaysia,2048,1499.199118,416.444199
RAS,Industry,Malaysia,2049,1518.383726,421.773257
RAS,Industry,Malaysia,2050,1525.618885,423.783024
RAS,Industry,Malaysia,2051,1538.10374,427.251039
RAS,Industry,Malaysia,2052,1548.759732,430.211037
RAS,Industry,Malaysia,2053,1557.941125,432.761424
RAS,Industry,Malaysia,2054,1565.862483,434.961801
RAS,Industry,Malaysia,2055,1572.754024,436.876118
RAS,Industry,Malaysia,2056,1583.913322,439.975923
RAS,Industry,Malaysia,2057,1594.13013,442.813925
RAS,Industry,Malaysia,2058,1603.742462,445.484017
RAS,Industry,Malaysia,2059,1612.785692,447.996026
RAS,Industry,Malaysia,2060,1621.278354,450.355098
RAS,Industry,Myanmar,2005,142.572807,39.603557
RAS,Industry,Myanmar,2006,161.960972,44.989159
RAS,Industry,Myanmar,2007,171.491328,47.63648
RAS,Industry,Myanmar,2008,165.396485,45.943468
RAS,Industry,Myanmar,2009,157.478103,43.743917
RAS,Industry,Myanmar,2010,188.869219,52.463672
RAS,Industry,Myanmar,2011,195.257468,54.238186
RAS,Industry,Myanmar,2012,200.298694,55.638526
RAS,Industry,Myanmar,2013,207.584717,57.662421
RAS,Industry,Myanmar,2014,242.972098,67.492249
RAS,Industry,Myanmar,2015,266.547483,74.040967
RAS,Industry,Myanmar,2016,240.430217,66.786171
RAS,Industry,Myanmar,2017,287.062472,79.739576
RAS,Industry,Myanmar,2018,278.0656,77.240444
RAS,Industry,Myanmar,2019,261.348682,72.596856
RAS,Industry,Myanmar,2020,193.132382,53.647884
RAS,Industry,Myanmar,2021,154.212732,42.83687
RAS,Industry,Myanmar,2022,138.512776,38.475771
RAS,Industry,Myanmar,2023,172.469342,47.908151
RAS,Industry,Myanmar,2024,166.560193,46.26672
RAS,Industry,Myanmar,2025,160.200402,44.500112
RAS,Industry,Myanmar,2026,159.701201,44.361445
RAS,Industry,Myanmar,2027,159.145086,44.206968
RAS,Industry,Myanmar,2028,158.514673,44.031854
RAS,Industry,Myanmar,2029,157.805659,43.834905
RAS,Industry,Myanmar,2030,154.827812,43.007726
RAS,Industry,Myanmar,2031,156.375073,43.43752
RAS,Industry,Myanmar,2032,157.885965,43.857213
RAS,Industry,Myanmar,2033,159.353354,44.264821
RAS,Industry,Myanmar,2034,160.768324,44.657868
RAS,Industry,Myanmar,2035,162.135278,45.037577
RAS,Industry,Myanmar,2036,163.843059,45.511961
RAS,Industry,Myanmar,2037,165.500436,45.972343
RAS,Industry,Myanmar,2038,167.110302,46.419528
RAS,Industry,Myanmar,2039,168.684298,46.856749
RAS,Industry,Myanmar,2040,170.238768,47.288547
RAS,Industry,Myanmar,2041,172.173689,47.826025
RAS,Industry,Myanmar,2042,174.148775,48.37466
RAS,Industry,Myanmar,2043,176.182373,48.939548
RAS,Industry,Myanmar,2044,178.288148,49.524486
RAS,Industry,Myanmar,2045,180.473806,50.131613
RAS,Industry,Myanmar,2046,182.713763,50.753823
RAS,Industry,Myanmar,2047,185.022253,51.39507
RAS,Industry,Myanmar,2048,187.394579,52.05405
RAS,Industry,Myanmar,2049,189.824372,52.728992
RAS,Industry,Myanmar,2050,192.304801,53.418
RAS,Industry,Myanmar,2051,196.258979,54.516383
RAS,Industry,Myanmar,2052,200.32548,55.645967
RAS,Industry,Myanmar,2053,204.502587,56.806274
RAS,Industry,Myanmar,2054,208.789236,57.99701
RAS,Industry,Myanmar,2055,213.184882,59.218023
RAS,Industry,Myanmar,2056,218.166913,60.60192
RAS,Industry,Myanmar,2057,223.274676,62.020743
RAS,Industry,Myanmar,2058,228.509314,63.474809
RAS,Industry,Myanmar,2059,233.872282,64.964523
RAS,Industry,Myanmar,2060,239.365403,66.49039
RAS,Industry,Philippines,2005,207.345387,57.595941
RAS,Industry,Philippines,2006,210.852206,58.570057
RAS,Industry,Philippines,2007,220.351284,61.20869
RAS,Industry,Philippines,2008,241.906368,67.196213
RAS,Industry,Philippines,2009,224.805511,62.445975
RAS,Industry,Philippines,2010,249.049486,69.180413
RAS,Industry,Philippines,2011,249.016348,69.171208
RAS,Industry,Philippines,2012,243.084424,67.523451
RAS,Industry,Philippines,2013,264.286086,73.412802
RAS,Industry,Philippines,2014,273.350879,75.9308
RAS,Industry,Philippines,2015,282.611079,78.503078
RAS,Industry,Philippines,2016,311.890048,86.636124
RAS,Industry,Philippines,2017,332.48005,92.355569
RAS,Industry,Philippines,2018,314.986626,87.496285
RAS,Industry,Philippines,2019,305.880431,84.966786
RAS,Industry,Philippines,2020,265.467697,73.741027
RAS,Industry,Philippines,2021,285.59672,79.332422
RAS,Industry,Philippines,2022,297.543734,82.651037
RAS,Industry,Philippines,2023,291.432638,80.953511
RAS,Industry,Philippines,2024,303.978138,84.438372
RAS,Industry,Philippines,2025,308.9986,85.832944
RAS,Industry,Philippines,2026,318.99507,88.609742
RAS,Industry,Philippines,2027,329.834398,91.620666
RAS,Industry,Philippines,2028,341.243585,94.789885
RAS,Industry,Philippines,2029,353.540937,98.205816
RAS,Industry,Philippines,2030,361.604258,100.445627
RAS,Industry,Philippines,2031,373.629002,103.785834
RAS,Industry,Philippines,2032,389.305987,108.140552
RAS,Industry,Philippines,2033,401.922868,111.645241
RAS,Industry,Philippines,2034,418.575591,116.270997
RAS,Industry,Philippines,2035,432.740026,120.205563
RAS,Industry,Philippines,2036,451.930811,125.536336
RAS,Industry,Philippines,2037,472.122366,131.145102
RAS,Industry,Philippines,2038,493.203553,137.000987
RAS,Industry,Philippines,2039,518.233779,143.953827
RAS,Industry,Philippines,2040,539.987243,149.996456
RAS,Industry,Philippines,2041,564.637779,156.843828
RAS,Industry,Philippines,2042,587.997162,163.332545
RAS,Industry,Philippines,2043,609.469216,169.297004
RAS,Industry,Philippines,2044,628.614116,174.615032
RAS,Industry,Philippines,2045,645.199269,179.222019
RAS,Industry,Philippines,2046,658.515795,182.921054
RAS,Industry,Philippines,2047,672.50522,186.807006
RAS,Industry,Philippines,2048,684.019667,190.005463
RAS,Industry,Philippines,2049,690.192923,191.720256
RAS,Industry,Philippines,2050,697.448486,193.735691
RAS,Industry,Philippines,2051,709.47919,197.077553
RAS,Industry,Philippines,2052,720.876917,200.243588
RAS,Industry,Philippines,2053,731.74538,203.262606
RAS,Industry,Philippines,2054,742.165158,206.156988
RAS,Industry,Philippines,2055,752.196222,208.943395
RAS,Industry,Philippines,2056,764.080174,212.244493
RAS,Industry,Philippines,2057,775.731716,215.481032
RAS,Industry,Philippines,2058,787.165859,218.657183
RAS,Industry,Philippines,2059,798.388979,221.774716
RAS,Industry,Philippines,2060,809.400904,224.833584
RAS,Industry,Singapore,2005,135.484848,37.63468
RAS,Industry,Singapore,2006,141.3045,39.25125
RAS,Industry,Singapore,2007,148.045248,41.12368
RAS,Industry,Singapore,2008,151.938972,42.20527
RAS,Industry,Singapore,2009,153.047048,42.513069
RAS,Industry,Singapore,2010,181.881606,50.522668
RAS,Industry,Singapore,2011,186.713744,51.864929
RAS,Industry,Singapore,2012,187.187641,51.996567
RAS,Industry,Singapore,2013,209.836637,58.287955
RAS,Industry,Singapore,2014,223.87774,62.188261
RAS,Industry,Singapore,2015,228.985851,63.607181
RAS,Industry,Singapore,2016,219.097943,60.86054
RAS,Industry,Singapore,2017,246.528559,68.480155
RAS,Industry,Singapore,2018,237.228108,65.896697
RAS,Industry,Singapore,2019,246.080559,68.355711
RAS,Industry,Singapore,2020,240.824441,66.895678
RAS,Industry,Singapore,2021,247.827391,68.840942
RAS,Industry,Singapore,2022,263.552684,73.209079
RAS,Industry,Singapore,2023,253.006295,70.279526
RAS,Industry,Singapore,2024,260.348369,72.318991
RAS,Industry,Singapore,2025,294.900207,81.916724
RAS,Industry,Singapore,2026,299.75527,83.265353
RAS,Industry,Singapore,2027,304.578044,84.605012
RAS,Industry,Singapore,2028,309.419086,85.949746
RAS,Industry,Singapore,2029,314.384632,87.329064
RAS,Industry,Singapore,2030,320.885354,89.134821
RAS,Industry,Singapore,2031,327.190981,90.886384
RAS,Industry,Singapore,2032,333.347963,92.596656
RAS,Industry,Singapore,2033,338.758575,94.099604
RAS,Industry,Singapore,2034,344.584287,95.717857
RAS,Industry,Singapore,2035,350.850823,97.458562
RAS,Industry,Singapore,2036,356.957581,99.154884
RAS,Industry,Singapore,2037,362.861233,100.794787
RAS,Industry,Singapore,2038,368.60816,102.391156
RAS,Industry,Singapore,2039,374.77178,104.103272
RAS,Industry,Singapore,2040,380.152975,105.598049
RAS,Industry,Singapore,2041,385.936653,107.204626
RAS,Industry,Singapore,2042,391.010727,108.614091
RAS,Industry,Singapore,2043,396.422435,110.117343
RAS,Industry,Singapore,2044,401.677291,111.577025
RAS,Industry,Singapore,2045,406.239424,112.844284
RAS,Industry,Singapore,2046,411.653272,114.348131
RAS,Industry,Singapore,2047,416.372604,115.659057
RAS,Industry,Singapore,2048,421.458842,117.071901
RAS,Industry,Singapore,2049,426.312442,118.420123
RAS,Industry,Singapore,2050,430.996157,119.721155
RAS,Industry,Singapore,2051,435.749931,121.041647
RAS,Industry,Singapore,2052,440.462763,122.350768
RAS,Industry,Singapore,2053,445.202569,123.66738
RAS,Industry,Singapore,2054,449.971484,124.992079
RAS,Industry,Singapore,2055,454.689829,126.30273
RAS,Industry,Singapore,2056,459.456716,127.626866
RAS,Industry,Singapore,2057,464.247696,128.957693
RAS,Industry,Singapore,2058,468.977717,130.271588
RAS,Industry,Singapore,2059,473.723804,131.589946
RAS,Industry,Singapore,2060,478.488151,132.913375
RAS,Industry,Thailand,2005,886.163729,246.156591
RAS,Industry,Thailand,2006,938.736169,260.760047
RAS,Industry,Thailand,2007,968.658048,269.07168
RAS,Industry,Thailand,2008,993.260229,275.905619
RAS,Industry,Thailand,2009,1007.377187,279.826996
RAS,Industry,Thailand,2010,1070.563082,297.378634
RAS,Industry,Thailand,2011,1040.200518,288.944588
RAS,Industry,Thailand,2012,1126.670805,312.964112
RAS,Industry,Thailand,2013,1138.485458,316.245961
RAS,Industry,Thailand,2014,1177.703313,327.139809
RAS,Industry,Thailand,2015,1190.642416,330.734004
RAS,Industry,Thailand,2016,1233.68411,342.690031
RAS,Industry,Thailand,2017,1191.519179,330.97755
RAS,Industry,Thailand,2018,1274.46192,354.0172
RAS,Industry,Thailand,2019,1303.936992,362.20472
RAS,Industry,Thailand,2020,1207.305648,335.36268
RAS,Industry,Thailand,2021,1113.605064,309.33474
RAS,Industry,Thailand,2022,1381.01598,383.61555
RAS,Industry,Thailand,2023,1292.130216,358.92506
RAS,Industry,Thailand,2024,1225.099548,340.30543
RAS,Industry,Thailand,2025,1235.251985,343.125551
RAS,Industry,Thailand,2026,1245.932708,346.092419
RAS,Industry,Thailand,2027,1256.722108,349.089474
RAS,Industry,Thailand,2028,1267.99302,352.220283
RAS,Industry,Thailand,2029,1292.62493,359.062481
RAS,Industry,Thailand,2030,1316.373731,365.65937
RAS,Industry,Thailand,2031,1342.852184,373.014496
RAS,Industry,Thailand,2032,1381.878264,383.855073
RAS,Industry,Thailand,2033,1410.751152,391.87532
RAS,Industry,Thailand,2034,1453.296066,403.693352
RAS,Industry,Thailand,2035,1498.637144,416.288096
RAS,Industry,Thailand,2036,1546.127981,429.479995
RAS,Industry,Thailand,2037,1596.945015,443.595838
RAS,Industry,Thailand,2038,1650.608744,458.502429
RAS,Industry,Thailand,2039,1717.198942,476.999706
RAS,Industry,Thailand,2040,1773.154083,492.542801
RAS,Industry,Thailand,2041,1840.220046,511.172235
RAS,Industry,Thailand,2042,1903.455976,528.737771
RAS,Industry,Thailand,2043,1960.868248,544.685624
RAS,Industry,Thailand,2044,2011.119749,558.644375
RAS,Industry,Thailand,2045,2053.479873,570.411076
RAS,Industry,Thailand,2046,2087.208229,579.780064
RAS,Industry,Thailand,2047,2123.711662,589.919906
RAS,Industry,Thailand,2048,2152.493161,597.914767
RAS,Industry,Thailand,2049,2164.098515,601.138476
RAS,Industry,Thailand,2050,2179.597967,605.44388
RAS,Industry,Thailand,2051,2210.105797,613.918277
RAS,Industry,Thailand,2052,2238.223176,621.72866
RAS,Industry,Thailand,2053,2264.283113,628.967531
RAS,Industry,Thailand,2054,2288.112505,635.586807
RAS,Industry,Thailand,2055,2310.464225,641.795618
RAS,Industry,Thailand,2056,2342.399673,650.666576
RAS,Industry,Thailand,2057,2373.523201,659.312
RAS,Industry,Thailand,2058,2403.99412,667.776144
RAS,Industry,Thailand,2059,2433.881059,676.078072
RAS,Industry,Thailand,2060,2463.220676,684.227966
RAS,Industry,Vietnam,2005,467.8749,129.96525
RAS,Industry,Vietnam,2006,497.977992,138.32722
RAS,Industry,Vietnam,2007,572.712372,159.08677
RAS,Industry,Vietnam,2008,639.826776,177.72966
RAS,Industry,Vietnam,2009,688.30992,191.1972
RAS,Industry,Vietnam,2010,745.920288,207.20008
RAS,Industry,Vietnam,2011,794.86398,220.79555
RAS,Industry,Vietnam,2012,820.989612,228.05267
RAS,Industry,Vietnam,2013,867.630564,241.00849
RAS,Industry,Vietnam,2014,931.897944,258.86054
RAS,Industry,Vietnam,2015,1357.276824,377.02134
RAS,Industry,Vietnam,2016,1428.661764,396.85049
RAS,Industry,Vietnam,2017,1456.545852,404.59607
RAS,Industry,Vietnam,2018,1162.841832,323.01162
RAS,Industry,Vietnam,2019,1284.71958,356.86655
RAS,Industry,Vietnam,2020,1468.143288,407.81758
RAS,Industry,Vietnam,2021,1477.563588,410.43433
RAS,Industry,Vietnam,2022,1563.309252,434.25257
RAS,Industry,Vietnam,2023,1234.603584,342.94544
RAS,Industry,Vietnam,2024,1310.635872,364.06552
RAS,Industry,Vietnam,2025,1542.088999,428.358055
RAS,Industry,Vietnam,2026,1608.290907,446.747474
RAS,Industry,Vietnam,2027,1678.375418,466.215394
RAS,Industry,Vietnam,2028,1753.091307,486.969807
RAS,Industry,Vietnam,2029,1833.426265,509.285074
RAS,Industry,Vietnam,2030,1892.653008,525.736947
RAS,Industry,Vietnam,2031,1973.706606,548.251835
RAS,Industry,Vietnam,2032,2062.176347,572.826763
RAS,Industry,Vietnam,2033,2159.893145,599.970318
RAS,Industry,Vietnam,2034,2274.407952,631.779987
RAS,Industry,Vietnam,2035,2399.550638,666.541844
RAS,Industry,Vietnam,2036,2546.311729,707.308814
RAS,Industry,Vietnam,2037,2708.673126,752.409202
RAS,Industry,Vietnam,2038,2888.647589,802.402108
RAS,Industry,Vietnam,2039,3068.783638,852.439899
RAS,Industry,Vietnam,2040,3280.355014,911.209726
RAS,Industry,Vietnam,2041,3496.328823,971.202451
RAS,Industry,Vietnam,2042,3705.587231,1029.329786
RAS,Industry,Vietnam,2043,3902.469463,1084.019295
RAS,Industry,Vietnam,2044,4082.765352,1134.101487
RAS,Industry,Vietnam,2045,4244.053623,1178.903784
RAS,Industry,Vietnam,2046,4381.43368,1217.064911
RAS,Industry,Vietnam,2047,4499.221682,1249.783801
RAS,Industry,Vietnam,2048,4629.788884,1286.052468
RAS,Industry,Vietnam,2049,4716.579697,1310.161027
RAS,Industry,Vietnam,2050,4822.270968,1339.519713
RAS,Industry,Vietnam,2051,4963.036208,1378.621169
RAS,Industry,Vietnam,2052,5100.723634,1416.867676
RAS,Industry,Vietnam,2053,5236.015989,1454.448886
RAS,Industry,Vietnam,2054,5369.873173,1491.631437
RAS,Industry,Vietnam,2055,5502.89983,1528.583286
RAS,Industry,Vietnam,2056,5655.189277,1570.88591
RAS,Industry,Vietnam,2057,5808.65661,1613.515725
RAS,Industry,Vietnam,2058,5963.551164,1656.54199
RAS,Industry,Vietnam,2059,6120.113196,1700.031443
RAS,Industry,Vietnam,2060,6278.362102,1743.989473
RAS,International Transport,Brunei,2005,3.181968,0.88388
RAS,International Transport,Brunei,2006,3.34944,0.9304
RAS,International Transport,Brunei,2007,3.475044,0.96529
RAS,International Transport,Brunei,2008,3.935592,1.09322
RAS,International Transport,Brunei,2009,3.76812,1.0467
RAS,International Transport,Brunei,2010,4.647348,1.29093
RAS,International Transport,Brunei,2011,4.772952,1.32582
RAS,International Transport,Brunei,2012,3.55878,0.98855
RAS,International Transport,Brunei,2013,3.684384,1.02344
RAS,International Transport,Brunei,2014,3.181968,0.88388
RAS,International Transport,Brunei,2015,3.223836,0.89551
RAS,International Transport,Brunei,2016,3.265704,0.90714
RAS,International Transport,Brunei,2017,3.181968,0.88388
RAS,International Transport,Brunei,2018,3.600648,1.00018
RAS,International Transport,Brunei,2019,4.81482,1.33745
RAS,International Transport,Brunei,2020,1.67472,0.4652
RAS,International Transport,Brunei,2021,0.785862,0.218295
RAS,International Transport,Brunei,2022,1.76976,0.4916
RAS,International Transport,Brunei,2023,2.715977,0.754438
RAS,International Transport,Brunei,2024,2.81353,0.781536
RAS,International Transport,Brunei,2025,2.892314,0.803421
RAS,International Transport,Brunei,2026,2.976712,0.826864
RAS,International Transport,Brunei,2027,3.067645,0.852124
RAS,International Transport,Brunei,2028,3.161519,0.8782
RAS,International Transport,Brunei,2029,3.258894,0.905248
RAS,International Transport,Brunei,2030,3.285939,0.912761
RAS,International Transport,Brunei,2031,3.299461,0.916517
RAS,International Transport,Brunei,2032,3.326506,0.924029
RAS,International Transport,Brunei,2033,3.340028,0.927786
RAS,International Transport,Brunei,2034,3.353551,0.931542
RAS,International Transport,Brunei,2035,3.380596,0.939054
RAS,International Transport,Brunei,2036,3.380596,0.939054
RAS,International Transport,Brunei,2037,3.394118,0.942811
RAS,International Transport,Brunei,2038,3.40764,0.946567
RAS,International Transport,Brunei,2039,3.421163,0.950323
RAS,International Transport,Brunei,2040,3.434685,0.954079
RAS,International Transport,Brunei,2041,3.448208,0.957836
RAS,International Transport,Brunei,2042,3.448208,0.957836
RAS,International Transport,Brunei,2043,3.46173,0.961592
RAS,International Transport,Brunei,2044,3.475252,0.965348
RAS,International Transport,Brunei,2045,3.488775,0.969104
RAS,International Transport,Brunei,2046,3.488775,0.969104
RAS,International Transport,Brunei,2047,3.502297,0.97286
RAS,International Transport,Brunei,2048,3.502297,0.97286
RAS,International Transport,Brunei,2049,3.51582,0.976617
RAS,International Transport,Brunei,2050,3.529342,0.980373
RAS,International Transport,Brunei,2051,3.542917,0.984144
RAS,International Transport,Brunei,2052,3.556543,0.987929
RAS,International Transport,Brunei,2053,3.570222,0.991728
RAS,International Transport,Brunei,2054,3.583954,0.995543
RAS,International Transport,Brunei,2055,3.597738,0.999372
RAS,International Transport,Brunei,2056,3.611576,1.003216
RAS,International Transport,Brunei,2057,3.625467,1.007074
RAS,International Transport,Brunei,2058,3.639411,1.010947
RAS,International Transport,Brunei,2059,3.653408,1.014836
RAS,International Transport,Brunei,2060,3.66746,1.018739
RAS,International Transport,Cambodia,2005,0.879228,0.24423
RAS,International Transport,Cambodia,2006,0.962964,0.26749
RAS,International Transport,Cambodia,2007,1.967796,0.54661
RAS,International Transport,Cambodia,2008,1.758456,0.48846
RAS,International Transport,Cambodia,2009,1.423512,0.39542
RAS,International Transport,Cambodia,2010,1.842192,0.51172
RAS,International Transport,Cambodia,2011,2.177136,0.60476
RAS,International Transport,Cambodia,2012,2.805156,0.77921
RAS,International Transport,Cambodia,2013,3.181968,0.88388
RAS,International Transport,Cambodia,2014,3.684384,1.02344
RAS,International Transport,Cambodia,2015,3.893724,1.08159
RAS,International Transport,Cambodia,2016,3.684384,1.02344
RAS,International Transport,Cambodia,2017,1.632852,0.45357
RAS,International Transport,Cambodia,2018,6.405804,1.77939
RAS,International Transport,Cambodia,2019,6.69888,1.8608
RAS,International Transport,Cambodia,2020,1.758456,0.48846
RAS,International Transport,Cambodia,2021,2.174624,0.604062
RAS,International Transport,Cambodia,2022,2.289761,0.636045
RAS,International Transport,Cambodia,2023,2.289761,0.636045
RAS,International Transport,Cambodia,2024,2.289761,0.636045
RAS,International Transport,Cambodia,2025,2.427144,0.674207
RAS,International Transport,Cambodia,2026,2.575004,0.715279
RAS,International Transport,Cambodia,2027,2.728297,0.75786
RAS,International Transport,Cambodia,2028,2.885543,0.80154
RAS,International Transport,Cambodia,2029,3.044268,0.84563
RAS,International Transport,Cambodia,2030,3.071597,0.853221
RAS,International Transport,Cambodia,2031,3.155875,0.876632
RAS,International Transport,Cambodia,2032,3.242481,0.900689
RAS,International Transport,Cambodia,2033,3.331452,0.925403
RAS,International Transport,Cambodia,2034,3.422862,0.950795
RAS,International Transport,Cambodia,2035,3.516785,0.976885
RAS,International Transport,Cambodia,2036,3.614496,1.004027
RAS,International Transport,Cambodia,2037,3.714905,1.031918
RAS,International Transport,Cambodia,2038,3.818085,1.060579
RAS,International Transport,Cambodia,2039,3.924167,1.090046
RAS,International Transport,Cambodia,2040,4.033168,1.120324
RAS,International Transport,Cambodia,2041,4.142409,1.150669
RAS,International Transport,Cambodia,2042,4.254588,1.18183
RAS,International Transport,Cambodia,2043,4.369816,1.213838
RAS,International Transport,Cambodia,2044,4.488167,1.246713
RAS,International Transport,Cambodia,2045,4.609715,1.280476
RAS,International Transport,Cambodia,2046,4.726643,1.312956
RAS,International Transport,Cambodia,2047,4.846527,1.346257
RAS,International Transport,Cambodia,2048,4.969442,1.380401
RAS,International Transport,Cambodia,2049,5.09548,1.415411
RAS,International Transport,Cambodia,2050,5.224714,1.451309
RAS,International Transport,Cambodia,2051,5.357226,1.488118
RAS,International Transport,Cambodia,2052,5.493099,1.525861
RAS,International Transport,Cambodia,2053,5.632418,1.564561
RAS,International Transport,Cambodia,2054,5.77527,1.604242
RAS,International Transport,Cambodia,2055,5.921746,1.644929
RAS,International Transport,Cambodia,2056,6.071936,1.686649
RAS,International Transport,Cambodia,2057,6.225936,1.729427
RAS,International Transport,Cambodia,2058,6.383842,1.773289
RAS,International Transport,Cambodia,2059,6.545752,1.818264
RAS,International Transport,Cambodia,2060,6.711769,1.86438
RAS,International Transport,Laos,2005,1.723706,0.478807
RAS,International Transport,Laos,2006,1.729148,0.480319
RAS,International Transport,Laos,2007,1.73501,0.481947
RAS,International Transport,Laos,2008,1.740453,0.483459
RAS,International Transport,Laos,2009,1.746314,0.485087
RAS,International Transport,Laos,2010,1.752176,0.486716
RAS,International Transport,Laos,2011,1.757619,0.488227
RAS,International Transport,Laos,2012,1.76348,0.489856
RAS,International Transport,Laos,2013,1.769342,0.491484
RAS,International Transport,Laos,2014,1.774785,0.492996
RAS,International Transport,Laos,2015,1.715332,0.476481
RAS,International Transport,Laos,2016,1.762643,0.489623
RAS,International Transport,Laos,2017,1.566282,0.435078
RAS,International Transport,Malaysia,2005,69.793956,19.38721
RAS,International Transport,Malaysia,2006,75.764333,21.045648
RAS,International Transport,Malaysia,2007,74.901852,20.80607
RAS,International Transport,Malaysia,2008,73.252253,20.347848
RAS,International Transport,Malaysia,2009,72.808452,20.22457
RAS,International Transport,Malaysia,2010,82.06128,22.7948
RAS,International Transport,Malaysia,2011,93.926671,26.090742
RAS,International Transport,Malaysia,2012,86.78399,24.106664
RAS,International Transport,Malaysia,2013,114.986275,31.940632
RAS,International Transport,Malaysia,2014,114.441991,31.789442
RAS,International Transport,Malaysia,2015,119.457778,33.182716
RAS,International Transport,Malaysia,2016,113.55439,31.542886
RAS,International Transport,Malaysia,2017,124.180488,34.49458
RAS,International Transport,Malaysia,2018,122.078714,33.910754
RAS,International Transport,Malaysia,2019,126.13991,35.038864
RAS,International Transport,Malaysia,2020,63.036043,17.510012
RAS,International Transport,Malaysia,2021,60.38831,16.774531
RAS,International Transport,Malaysia,2022,64.011567,17.780991
RAS,International Transport,Malaysia,2023,64.011567,17.780991
RAS,International Transport,Malaysia,2024,64.011567,17.780991
RAS,International Transport,Malaysia,2025,66.956127,18.598924
RAS,International Transport,Malaysia,2026,69.905971,19.418325
RAS,International Transport,Malaysia,2027,72.669831,20.186064
RAS,International Transport,Malaysia,2028,75.548875,20.985799
RAS,International Transport,Malaysia,2029,78.545216,21.818116
RAS,International Transport,Malaysia,2030,81.85329,22.737025
RAS,International Transport,Malaysia,2031,85.670175,23.797271
RAS,International Transport,Malaysia,2032,89.063315,24.73981
RAS,International Transport,Malaysia,2033,92.455927,25.682202
RAS,International Transport,Malaysia,2034,95.849067,26.624741
RAS,International Transport,Malaysia,2035,100.090227,27.802841
RAS,International Transport,Malaysia,2036,104.331389,28.980941
RAS,International Transport,Malaysia,2037,107.723999,29.923333
RAS,International Transport,Malaysia,2038,111.96516,31.101433
RAS,International Transport,Malaysia,2039,116.206321,32.279534
RAS,International Transport,Malaysia,2040,120.447481,33.457634
RAS,International Transport,Malaysia,2041,125.536662,34.871295
RAS,International Transport,Malaysia,2042,129.777823,36.049395
RAS,International Transport,Malaysia,2043,134.018983,37.227495
RAS,International Transport,Malaysia,2044,139.108165,38.641157
RAS,International Transport,Malaysia,2045,143.349325,39.819257
RAS,International Transport,Malaysia,2046,148.438506,41.232918
RAS,International Transport,Malaysia,2047,153.528216,42.646727
RAS,International Transport,Malaysia,2048,158.617398,44.060388
RAS,International Transport,Malaysia,2049,163.706579,45.47405
RAS,International Transport,Malaysia,2050,167.947741,46.65215
RAS,International Transport,Malaysia,2051,172.298777,47.860771
RAS,International Transport,Malaysia,2052,176.762535,49.100704
RAS,International Transport,Malaysia,2053,181.341938,50.372761
RAS,International Transport,Malaysia,2054,186.039979,51.677772
RAS,International Transport,Malaysia,2055,190.859733,53.016593
RAS,International Transport,Malaysia,2056,195.804353,54.390098
RAS,International Transport,Malaysia,2057,200.877074,55.799187
RAS,International Transport,Malaysia,2058,206.081213,57.244781
RAS,International Transport,Malaysia,2059,211.420178,58.727827
RAS,International Transport,Malaysia,2060,216.897458,60.249294
RAS,International Transport,Myanmar,2005,0.563962,0.156656
RAS,International Transport,Myanmar,2006,0.61839,0.171775
RAS,International Transport,Myanmar,2007,0.59955,0.166542
RAS,International Transport,Myanmar,2008,0.584058,0.162238
RAS,International Transport,Myanmar,2009,0.611273,0.169798
RAS,International Transport,Myanmar,2010,0.85327,0.237019
RAS,International Transport,Myanmar,2011,1.181096,0.328082
RAS,International Transport,Myanmar,2012,1.567538,0.435427
RAS,International Transport,Myanmar,2013,3.39382,0.942728
RAS,International Transport,Myanmar,2014,3.513982,0.976106
RAS,International Transport,Myanmar,2015,1.787345,0.496485
RAS,International Transport,Myanmar,2016,3.750535,1.041815
RAS,International Transport,Myanmar,2017,3.164802,0.879112
RAS,International Transport,Myanmar,2018,3.363675,0.934354
RAS,International Transport,Myanmar,2019,4.003837,1.112177
RAS,International Transport,Myanmar,2020,0.692915,0.192476
RAS,International Transport,Myanmar,2021,0.832755,0.231321
RAS,International Transport,Myanmar,2022,0.91021,0.252836
RAS,International Transport,Myanmar,2023,0.91021,0.252836
RAS,International Transport,Myanmar,2024,0.91021,0.252836
RAS,International Transport,Myanmar,2025,0.930232,0.258398
RAS,International Transport,Myanmar,2026,0.949015,0.263615
RAS,International Transport,Myanmar,2027,0.968213,0.268948
RAS,International Transport,Myanmar,2028,0.987751,0.274375
RAS,International Transport,Myanmar,2029,1.007635,0.279899
RAS,International Transport,Myanmar,2030,1.013569,0.281547
RAS,International Transport,Myanmar,2031,1.042923,0.289701
RAS,International Transport,Myanmar,2032,1.073124,0.29809
RAS,International Transport,Myanmar,2033,1.104203,0.306723
RAS,International Transport,Myanmar,2034,1.136179,0.315605
RAS,International Transport,Myanmar,2035,1.169084,0.324746
RAS,International Transport,Myanmar,2036,1.20327,0.334242
RAS,International Transport,Myanmar,2037,1.23846,0.344017
RAS,International Transport,Myanmar,2038,1.274676,0.354077
RAS,International Transport,Myanmar,2039,1.311952,0.364431
RAS,International Transport,Myanmar,2040,1.350317,0.375088
RAS,International Transport,Myanmar,2041,1.390313,0.386198
RAS,International Transport,Myanmar,2042,1.431498,0.397638
RAS,International Transport,Myanmar,2043,1.473901,0.409417
RAS,International Transport,Myanmar,2044,1.517559,0.421544
RAS,International Transport,Myanmar,2045,1.562512,0.434031
RAS,International Transport,Myanmar,2046,1.610719,0.447422
RAS,International Transport,Myanmar,2047,1.660411,0.461225
RAS,International Transport,Myanmar,2048,1.711638,0.475455
RAS,International Transport,Myanmar,2049,1.764447,0.490124
RAS,International Transport,Myanmar,2050,1.818885,0.505246
RAS,International Transport,Myanmar,2051,1.875003,0.520834
RAS,International Transport,Myanmar,2052,1.932852,0.536903
RAS,International Transport,Myanmar,2053,1.992486,0.553468
RAS,International Transport,Myanmar,2054,2.053959,0.570544
RAS,International Transport,Myanmar,2055,2.117329,0.588147
RAS,International Transport,Myanmar,2056,2.182655,0.606293
RAS,International Transport,Myanmar,2057,2.249996,0.624999
RAS,International Transport,Myanmar,2058,2.319414,0.644282
RAS,International Transport,Myanmar,2059,2.390974,0.664159
RAS,International Transport,Myanmar,2060,2.464742,0.684651
RAS,International Transport,Philippines,2005,36.875327,10.243146
RAS,International Transport,Philippines,2006,39.102565,10.861824
RAS,International Transport,Philippines,2007,50.662144,14.072818
RAS,International Transport,Philippines,2008,49.406198,13.723944
RAS,International Transport,Philippines,2009,49.139966,13.649991
RAS,International Transport,Philippines,2010,49.063332,13.628703
RAS,International Transport,Philippines,2011,53.71323,14.920342
RAS,International Transport,Philippines,2012,52.876807,14.688002
RAS,International Transport,Philippines,2013,52.763008,14.656391
RAS,International Transport,Philippines,2014,47.288709,13.135752
RAS,International Transport,Philippines,2015,52.028898,14.452472
RAS,International Transport,Philippines,2016,56.329787,15.647163
RAS,International Transport,Philippines,2017,70.181002,19.494723
RAS,International Transport,Philippines,2018,71.490571,19.858492
RAS,International Transport,Philippines,2019,70.008285,19.446746
RAS,International Transport,Philippines,2020,27.960271,7.766742
RAS,International Transport,Philippines,2021,25.362669,7.045186
RAS,International Transport,Philippines,2022,54.998011,15.277225
RAS,International Transport,Philippines,2023,54.998011,15.277225
RAS,International Transport,Philippines,2024,54.998011,15.277225
RAS,International Transport,Philippines,2025,58.407733,16.22437
RAS,International Transport,Philippines,2026,62.021526,17.228202
RAS,International Transport,Philippines,2027,65.938679,18.3163
RAS,International Transport,Philippines,2028,70.108863,19.474684
RAS,International Transport,Philippines,2029,74.594304,20.72064
RAS,International Transport,Philippines,2030,78.278103,21.743917
RAS,International Transport,Philippines,2031,82.115184,22.809773
RAS,International Transport,Philippines,2032,86.71959,24.088775
RAS,International Transport,Philippines,2033,90.556671,25.154631
RAS,International Transport,Philippines,2034,95.161535,26.43376
RAS,International Transport,Philippines,2035,98.998616,27.499616
RAS,International Transport,Philippines,2036,103.603022,28.778617
RAS,International Transport,Philippines,2037,108.207885,30.057746
RAS,International Transport,Philippines,2038,112.81229,31.336747
RAS,International Transport,Philippines,2039,118.18448,32.829022
RAS,International Transport,Philippines,2040,122.788885,34.108024
RAS,International Transport,Philippines,2041,128.161074,35.600298
RAS,International Transport,Philippines,2042,133.532803,37.092445
RAS,International Transport,Philippines,2043,138.904992,38.58472
RAS,International Transport,Philippines,2044,144.276722,40.076867
RAS,International Transport,Philippines,2045,149.648911,41.569142
RAS,International Transport,Philippines,2046,155.021099,43.061416
RAS,International Transport,Philippines,2047,161.160154,44.766709
RAS,International Transport,Philippines,2048,167.299667,46.47213
RAS,International Transport,Philippines,2049,172.671855,47.964404
RAS,International Transport,Philippines,2050,178.811368,49.669824
RAS,International Transport,Philippines,2051,185.169177,51.435882
RAS,International Transport,Philippines,2052,191.753044,53.264734
RAS,International Transport,Philippines,2053,198.571007,55.158613
RAS,International Transport,Philippines,2054,205.631389,57.11983
RAS,International Transport,Philippines,2055,212.94281,59.150781
RAS,International Transport,Philippines,2056,220.514196,61.253943
RAS,International Transport,Philippines,2057,228.354789,63.431886
RAS,International Transport,Philippines,2058,236.47416,65.687267
RAS,International Transport,Philippines,2059,244.882226,68.022841
RAS,International Transport,Philippines,2060,253.589247,70.441458
RAS,International Transport,Singapore,2005,1219.112424,338.64234
RAS,International Transport,Singapore,2006,1350.284868,375.07913
RAS,International Transport,Singapore,2007,1486.062792,412.79522
RAS,International Transport,Singapore,2008,1627.157952,451.98832
RAS,International Transport,Singapore,2009,1680.497784,466.80494
RAS,International Transport,Singapore,2010,1887.241968,524.23388
RAS,International Transport,Singapore,2011,1998.317772,555.08827
RAS,International Transport,Singapore,2012,2007.444996,557.62361
RAS,International Transport,Singapore,2013,2020.047264,561.12424
RAS,International Transport,Singapore,2014,2011.171248,558.65868
RAS,International Transport,Singapore,2015,2129.490216,591.52506
RAS,International Transport,Singapore,2016,2287.66752,635.4632
RAS,International Transport,Singapore,2017,2389.19742,663.66595
RAS,International Transport,Singapore,2018,2373.999336,659.44426
RAS,International Transport,Singapore,2019,2120.028048,588.89668
RAS,International Transport,Singapore,2020,1866.05676,518.3491
RAS,International Transport,Singapore,2021,1880.333748,522.31493
RAS,International Transport,Singapore,2022,1961.1881,544.774472
RAS,International Transport,Singapore,2023,1961.1881,544.774472
RAS,International Transport,Singapore,2024,1961.1881,544.774472
RAS,International Transport,Singapore,2025,1963.597332,545.443703
RAS,International Transport,Singapore,2026,1965.996026,546.110007
RAS,International Transport,Singapore,2027,1968.420197,546.783388
RAS,International Transport,Singapore,2028,1970.900534,547.472371
RAS,International Transport,Singapore,2029,1973.461009,548.183614
RAS,International Transport,Singapore,2030,1976.577933,549.049426
RAS,International Transport,Singapore,2031,1979.694972,549.91527
RAS,International Transport,Singapore,2032,1982.811896,550.781082
RAS,International Transport,Singapore,2033,1985.720948,551.589152
RAS,International Transport,Singapore,2034,1988.838451,552.455125
RAS,International Transport,Singapore,2035,1992.163247,553.37868
RAS,International Transport,Singapore,2036,1995.486885,554.301912
RAS,International Transport,Singapore,2037,1998.811681,555.225467
RAS,International Transport,Singapore,2038,2002.136477,556.149021
RAS,International Transport,Singapore,2039,2005.669724,557.130479
RAS,International Transport,Singapore,2040,2008.99452,558.054033
RAS,International Transport,Singapore,2041,2012.526609,559.035169
RAS,International Transport,Singapore,2042,2015.851405,559.958724
RAS,International Transport,Singapore,2043,2019.383494,560.939859
RAS,International Transport,Singapore,2044,2022.916741,561.921317
RAS,International Transport,Singapore,2045,2026.241537,562.844871
RAS,International Transport,Singapore,2046,2029.982078,563.883911
RAS,International Transport,Singapore,2047,2033.514167,564.865046
RAS,International Transport,Singapore,2048,2037.254707,565.904085
RAS,International Transport,Singapore,2049,2040.995247,566.943124
RAS,International Transport,Singapore,2050,2044.734629,567.981841
RAS,International Transport,Singapore,2051,2048.555086,569.043079
RAS,International Transport,Singapore,2052,2052.458374,570.127326
RAS,International Transport,Singapore,2053,2056.44629,571.235081
RAS,International Transport,Singapore,2054,2060.52067,572.366853
RAS,International Transport,Singapore,2055,2064.683386,573.523163
RAS,International Transport,Singapore,2056,2068.936355,574.704543
RAS,International Transport,Singapore,2057,2073.281533,575.911537
RAS,International Transport,Singapore,2058,2077.72092,577.1447
RAS,International Transport,Singapore,2059,2082.256559,578.4046
RAS,International Transport,Singapore,2060,2086.890535,579.691815
RAS,International Transport,Thailand,2005,135.875476,37.743188
RAS,International Transport,Thailand,2006,144.363376,40.100938
RAS,International Transport,Thailand,2007,158.175211,43.937559
RAS,International Transport,Thailand,2008,148.297712,41.193809
RAS,International Transport,Thailand,2009,139.638991,38.788609
RAS,International Transport,Thailand,2010,150.491595,41.803221
RAS,International Transport,Thailand,2011,170.330747,47.314096
RAS,International Transport,Thailand,2012,163.282688,45.356302
RAS,International Transport,Thailand,2013,179.7724,49.936778
RAS,International Transport,Thailand,2014,176.835778,49.121049
RAS,International Transport,Thailand,2015,194.398567,53.999602
RAS,International Transport,Thailand,2016,187.090926,51.969702
RAS,International Transport,Thailand,2017,194.029291,53.897025
RAS,International Transport,Thailand,2018,206.995392,57.49872
RAS,International Transport,Thailand,2019,214.824708,59.67353
RAS,International Transport,Thailand,2020,73.980756,20.55021
RAS,International Transport,Thailand,2021,47.837121,13.288089
RAS,International Transport,Thailand,2022,89.937488,24.982636
RAS,International Transport,Thailand,2023,89.937488,24.982636
RAS,International Transport,Thailand,2024,89.937488,24.982636
RAS,International Transport,Thailand,2025,92.635855,25.732182
RAS,International Transport,Thailand,2026,95.418511,26.505142
RAS,International Transport,Thailand,2027,98.261783,27.29494
RAS,International Transport,Thailand,2028,101.17953,28.105425
RAS,International Transport,Thailand,2029,104.192534,28.942371
RAS,International Transport,Thailand,2030,108.124044,30.034457
RAS,International Transport,Thailand,2031,112.056131,31.126703
RAS,International Transport,Thailand,2032,116.970808,32.491891
RAS,International Transport,Thailand,2033,120.902319,33.583978
RAS,International Transport,Thailand,2034,125.816995,34.949165
RAS,International Transport,Thailand,2035,130.731672,36.314353
RAS,International Transport,Thailand,2036,135.646927,37.679702
RAS,International Transport,Thailand,2037,140.561603,39.04489
RAS,International Transport,Thailand,2038,145.47628,40.410078
RAS,International Transport,Thailand,2039,151.374124,42.048368
RAS,International Transport,Thailand,2040,156.2888,43.413556
RAS,International Transport,Thailand,2041,162.186066,45.051685
RAS,International Transport,Thailand,2042,168.083909,46.689975
RAS,International Transport,Thailand,2043,173.981752,48.328264
RAS,International Transport,Thailand,2044,179.879018,49.966394
RAS,International Transport,Thailand,2045,185.776861,51.604684
RAS,International Transport,Thailand,2046,191.674704,53.242973
RAS,International Transport,Thailand,2047,198.555135,55.154204
RAS,International Transport,Thailand,2048,205.436145,57.065596
RAS,International Transport,Thailand,2049,211.333411,58.703725
RAS,International Transport,Thailand,2050,218.21442,60.615117
RAS,International Transport,Thailand,2051,225.319475,62.588743
RAS,International Transport,Thailand,2052,232.65587,64.626631
RAS,International Transport,Thailand,2053,240.231138,66.730872
RAS,International Transport,Thailand,2054,248.053057,68.903627
RAS,International Transport,Thailand,2055,256.129656,71.147127
RAS,International Transport,Thailand,2056,264.46923,73.463675
RAS,International Transport,Thailand,2057,273.08034,75.85565
RAS,International Transport,Thailand,2058,281.971827,78.325508
RAS,International Transport,Thailand,2059,291.152822,80.875784
RAS,International Transport,Thailand,2060,300.632749,83.509097
RAS,International Transport,Vietnam,2005,17.961372,4.98927
RAS,International Transport,Vietnam,2006,25.665084,7.12919
RAS,International Transport,Vietnam,2007,23.781024,6.60584
RAS,International Transport,Vietnam,2008,25.372008,7.04778
RAS,International Transport,Vietnam,2009,30.312432,8.42012
RAS,International Transport,Vietnam,2010,33.368796,9.26911
RAS,International Transport,Vietnam,2011,30.438036,8.45501
RAS,International Transport,Vietnam,2012,33.033852,9.17607
RAS,International Transport,Vietnam,2013,36.6345,10.17625
RAS,International Transport,Vietnam,2014,36.090216,10.02506
RAS,International Transport,Vietnam,2015,50.66028,14.0723
RAS,International Transport,Vietnam,2016,56.647404,15.73539
RAS,International Transport,Vietnam,2017,60.7086,16.8635
RAS,International Transport,Vietnam,2018,59.456747,16.515763
RAS,International Transport,Vietnam,2019,64.861906,18.017196
RAS,International Transport,Vietnam,2020,21.620635,6.005732
RAS,International Transport,Vietnam,2021,21.620635,6.005732
RAS,International Transport,Vietnam,2022,21.620635,6.005732
RAS,International Transport,Vietnam,2023,21.620635,6.005732
RAS,International Transport,Vietnam,2024,21.620635,6.005732
RAS,International Transport,Vietnam,2025,22.961157,6.378099
RAS,International Transport,Vietnam,2026,24.453613,6.79267
RAS,International Transport,Vietnam,2027,26.043051,7.234181
RAS,International Transport,Vietnam,2028,27.735858,7.704405
RAS,International Transport,Vietnam,2029,29.538716,8.205199
RAS,International Transport,Vietnam,2030,30.999686,8.611024
RAS,International Transport,Vietnam,2031,32.551846,9.042179
RAS,International Transport,Vietnam,2032,34.149898,9.486083
RAS,International Transport,Vietnam,2033,35.793397,9.94261
RAS,International Transport,Vietnam,2034,37.573978,10.437216
RAS,International Transport,Vietnam,2035,39.35441,10.931781
RAS,International Transport,Vietnam,2036,41.226329,11.451758
RAS,International Transport,Vietnam,2037,43.143843,11.984401
RAS,International Transport,Vietnam,2038,45.152695,12.542415
RAS,International Transport,Vietnam,2039,47.024466,13.062352
RAS,International Transport,Vietnam,2040,49.307185,13.69644
RAS,International Transport,Vietnam,2041,51.590053,14.33057
RAS,International Transport,Vietnam,2042,53.872773,14.964659
RAS,International Transport,Vietnam,2043,56.155492,15.598748
RAS,International Transport,Vietnam,2044,58.438211,16.232836
RAS,International Transport,Vietnam,2045,60.720931,16.866925
RAS,International Transport,Vietnam,2046,63.00365,17.501014
RAS,International Transport,Vietnam,2047,65.28637,18.135103
RAS,International Transport,Vietnam,2048,68.025781,18.89605
RAS,International Transport,Vietnam,2049,70.308501,19.530139
RAS,International Transport,Vietnam,2050,73.047764,20.291046
RAS,International Transport,Vietnam,2051,75.893751,21.081597
RAS,International Transport,Vietnam,2052,78.850619,21.90295
RAS,International Transport,Vietnam,2053,81.922689,22.756303
RAS,International Transport,Vietnam,2054,85.114448,23.642902
RAS,International Transport,Vietnam,2055,88.43056,24.564044
RAS,International Transport,Vietnam,2056,91.87587,25.521075
RAS,International Transport,Vietnam,2057,95.455412,26.515392
RAS,International Transport,Vietnam,2058,99.174415,27.548449
RAS,International Transport,Vietnam,2059,103.038312,28.621753
RAS,International Transport,Vietnam,2060,107.052749,29.736875
RAS,Non Energy Fossil Fuels,Brunei,2005,0.669888,0.18608
RAS,Non Energy Fossil Fuels,Brunei,2006,0.544284,0.15119
RAS,Non Energy Fossil Fuels,Brunei,2007,0.460548,0.12793
RAS,Non Energy Fossil Fuels,Brunei,2008,0.544284,0.15119
RAS,Non Energy Fossil Fuels,Brunei,2009,0.62802,0.17445
RAS,Non Energy Fossil Fuels,Brunei,2010,0.879316,0.244254
RAS,Non Energy Fossil Fuels,Brunei,2011,40.021805,11.117168
RAS,Non Energy Fossil Fuels,Brunei,2012,44.715024,12.42084
RAS,Non Energy Fossil Fuels,Brunei,2013,8.750412,2.43067
RAS,Non Energy Fossil Fuels,Brunei,2014,24.702119,6.8617
RAS,Non Energy Fossil Fuels,Brunei,2015,19.091808,5.30328
RAS,Non Energy Fossil Fuels,Brunei,2016,23.613552,6.55932
RAS,Non Energy Fossil Fuels,Brunei,2017,17.855865,4.959963
RAS,Non Energy Fossil Fuels,Brunei,2018,23.671329,6.575369
RAS,Non Energy Fossil Fuels,Brunei,2019,22.207206,6.168668
RAS,Non Energy Fossil Fuels,Brunei,2020,24.149783,6.708273
RAS,Non Energy Fossil Fuels,Brunei,2021,18.902146,5.250596
RAS,Non Energy Fossil Fuels,Brunei,2022,19.022307,5.283974
RAS,Non Energy Fossil Fuels,Brunei,2023,20.510714,5.697421
RAS,Non Energy Fossil Fuels,Brunei,2024,22.943246,6.373124
RAS,Non Energy Fossil Fuels,Brunei,2025,23.585705,6.551585
RAS,Non Energy Fossil Fuels,Brunei,2026,24.273937,6.74276
RAS,Non Energy Fossil Fuels,Brunei,2027,25.015458,6.948738
RAS,Non Energy Fossil Fuels,Brunei,2028,25.780961,7.161378
RAS,Non Energy Fossil Fuels,Brunei,2029,26.575019,7.38195
RAS,Non Energy Fossil Fuels,Brunei,2030,26.795559,7.443211
RAS,Non Energy Fossil Fuels,Brunei,2031,26.905828,7.473841
RAS,Non Energy Fossil Fuels,Brunei,2032,27.126369,7.535102
RAS,Non Energy Fossil Fuels,Brunei,2033,27.236639,7.565733
RAS,Non Energy Fossil Fuels,Brunei,2034,27.346908,7.596363
RAS,Non Energy Fossil Fuels,Brunei,2035,27.567449,7.657625
RAS,Non Energy Fossil Fuels,Brunei,2036,27.567449,7.657625
RAS,Non Energy Fossil Fuels,Brunei,2037,27.677719,7.688255
RAS,Non Energy Fossil Fuels,Brunei,2038,27.787989,7.718886
RAS,Non Energy Fossil Fuels,Brunei,2039,27.898259,7.749516
RAS,Non Energy Fossil Fuels,Brunei,2040,28.008528,7.780147
RAS,Non Energy Fossil Fuels,Brunei,2041,28.1188,7.810778
RAS,Non Energy Fossil Fuels,Brunei,2042,28.1188,7.810778
RAS,Non Energy Fossil Fuels,Brunei,2043,28.229069,7.841408
RAS,Non Energy Fossil Fuels,Brunei,2044,28.339339,7.872039
RAS,Non Energy Fossil Fuels,Brunei,2045,28.449609,7.902669
RAS,Non Energy Fossil Fuels,Brunei,2046,28.449609,7.902669
RAS,Non Energy Fossil Fuels,Brunei,2047,28.559879,7.9333
RAS,Non Energy Fossil Fuels,Brunei,2048,28.559879,7.9333
RAS,Non Energy Fossil Fuels,Brunei,2049,28.670149,7.96393
RAS,Non Energy Fossil Fuels,Brunei,2050,28.78042,7.994561
RAS,Non Energy Fossil Fuels,Brunei,2051,28.891113,8.025309
RAS,Non Energy Fossil Fuels,Brunei,2052,29.002233,8.056176
RAS,Non Energy Fossil Fuels,Brunei,2053,29.11378,8.087161
RAS,Non Energy Fossil Fuels,Brunei,2054,29.225757,8.118266
RAS,Non Energy Fossil Fuels,Brunei,2055,29.338165,8.14949
RAS,Non Energy Fossil Fuels,Brunei,2056,29.451004,8.180834
RAS,Non Energy Fossil Fuels,Brunei,2057,29.564276,8.212299
RAS,Non Energy Fossil Fuels,Brunei,2058,29.677986,8.243885
RAS,Non Energy Fossil Fuels,Brunei,2059,29.792132,8.275592
RAS,Non Energy Fossil Fuels,Brunei,2060,29.906717,8.307421
RAS,Non Energy Fossil Fuels,Cambodia,2005,0.502416,0.13956
RAS,Non Energy Fossil Fuels,Cambodia,2006,0.544284,0.15119
RAS,Non Energy Fossil Fuels,Cambodia,2007,0.502416,0.13956
RAS,Non Energy Fossil Fuels,Cambodia,2008,0.669888,0.18608
RAS,Non Energy Fossil Fuels,Cambodia,2009,0.586152,0.16282
RAS,Non Energy Fossil Fuels,Cambodia,2010,0.669888,0.18608
RAS,Non Energy Fossil Fuels,Cambodia,2011,0.795492,0.22097
RAS,Non Energy Fossil Fuels,Cambodia,2012,0.753624,0.20934
RAS,Non Energy Fossil Fuels,Cambodia,2013,0.83736,0.2326
RAS,Non Energy Fossil Fuels,Cambodia,2014,0.669888,0.18608
RAS,Non Energy Fossil Fuels,Cambodia,2015,2.051532,0.56987
RAS,Non Energy Fossil Fuels,Cambodia,2016,1.130436,0.31401
RAS,Non Energy Fossil Fuels,Cambodia,2017,0.586152,0.16282
RAS,Non Energy Fossil Fuels,Cambodia,2018,2.595816,0.72106
RAS,Non Energy Fossil Fuels,Cambodia,2019,2.99105,0.830847
RAS,Non Energy Fossil Fuels,Cambodia,2020,5.491407,1.525391
RAS,Non Energy Fossil Fuels,Cambodia,2021,7.035499,1.954305
RAS,Non Energy Fossil Fuels,Cambodia,2022,3.793241,1.053678
RAS,Non Energy Fossil Fuels,Cambodia,2023,3.158522,0.877367
RAS,Non Energy Fossil Fuels,Cambodia,2024,3.158522,0.877367
RAS,Non Energy Fossil Fuels,Cambodia,2025,3.348029,0.930008
RAS,Non Energy Fossil Fuels,Cambodia,2026,3.551989,0.986664
RAS,Non Energy Fossil Fuels,Cambodia,2027,3.763442,1.045401
RAS,Non Energy Fossil Fuels,Cambodia,2028,3.980351,1.105653
RAS,Non Energy Fossil Fuels,Cambodia,2029,4.199298,1.166472
RAS,Non Energy Fossil Fuels,Cambodia,2030,4.236996,1.176943
RAS,Non Energy Fossil Fuels,Cambodia,2031,4.353249,1.209236
RAS,Non Energy Fossil Fuels,Cambodia,2032,4.472714,1.242421
RAS,Non Energy Fossil Fuels,Cambodia,2033,4.595441,1.276511
RAS,Non Energy Fossil Fuels,Cambodia,2034,4.721534,1.311537
RAS,Non Energy Fossil Fuels,Cambodia,2035,4.851092,1.347526
RAS,Non Energy Fossil Fuels,Cambodia,2036,4.985876,1.384966
RAS,Non Energy Fossil Fuels,Cambodia,2037,5.124381,1.423439
RAS,Non Energy Fossil Fuels,Cambodia,2038,5.26671,1.462975
RAS,Non Energy Fossil Fuels,Cambodia,2039,5.413039,1.503622
RAS,Non Energy Fossil Fuels,Cambodia,2040,5.563397,1.545388
RAS,Non Energy Fossil Fuels,Cambodia,2041,5.714086,1.587246
RAS,Non Energy Fossil Fuels,Cambodia,2042,5.868827,1.63023
RAS,Non Energy Fossil Fuels,Cambodia,2043,6.027774,1.674382
RAS,Non Energy Fossil Fuels,Cambodia,2044,6.191028,1.71973
RAS,Non Energy Fossil Fuels,Cambodia,2045,6.358692,1.766303
RAS,Non Energy Fossil Fuels,Cambodia,2046,6.519984,1.811107
RAS,Non Energy Fossil Fuels,Cambodia,2047,6.685354,1.857043
RAS,Non Energy Fossil Fuels,Cambodia,2048,6.854904,1.90414
RAS,Non Energy Fossil Fuels,Cambodia,2049,7.028762,1.952434
RAS,Non Energy Fossil Fuels,Cambodia,2050,7.207029,2.001953
RAS,Non Energy Fossil Fuels,Cambodia,2051,7.389817,2.052727
RAS,Non Energy Fossil Fuels,Cambodia,2052,7.577242,2.104789
RAS,Non Energy Fossil Fuels,Cambodia,2053,7.769421,2.158172
RAS,Non Energy Fossil Fuels,Cambodia,2054,7.966473,2.212909
RAS,Non Energy Fossil Fuels,Cambodia,2055,8.168523,2.269034
RAS,Non Energy Fossil Fuels,Cambodia,2056,8.375698,2.326583
RAS,Non Energy Fossil Fuels,Cambodia,2057,8.588126,2.385591
RAS,Non Energy Fossil Fuels,Cambodia,2058,8.805943,2.446095
RAS,Non Energy Fossil Fuels,Cambodia,2059,9.029284,2.508134
RAS,Non Energy Fossil Fuels,Cambodia,2060,9.25829,2.571747
RAS,Non Energy Fossil Fuels,Indonesia,2005,403.687656,112.13546
RAS,Non Energy Fossil Fuels,Indonesia,2006,307.624246,85.451179
RAS,Non Energy Fossil Fuels,Indonesia,2007,373.898574,103.860715
RAS,Non Energy Fossil Fuels,Indonesia,2008,421.757158,117.154766
RAS,Non Energy Fossil Fuels,Indonesia,2009,480.25361,133.403781
RAS,Non Energy Fossil Fuels,Indonesia,2010,480.529042,133.480289
RAS,Non Energy Fossil Fuels,Indonesia,2011,561.281236,155.911454
RAS,Non Energy Fossil Fuels,Indonesia,2012,642.855848,178.571069
RAS,Non Energy Fossil Fuels,Indonesia,2013,539.84046,149.955683
RAS,Non Energy Fossil Fuels,Indonesia,2014,563.924823,156.645784
RAS,Non Energy Fossil Fuels,Indonesia,2015,442.263867,122.851074
RAS,Non Energy Fossil Fuels,Indonesia,2016,451.156254,125.321182
RAS,Non Energy Fossil Fuels,Indonesia,2017,854.453867,237.348296
RAS,Non Energy Fossil Fuels,Indonesia,2018,546.463857,151.795516
RAS,Non Energy Fossil Fuels,Indonesia,2019,594.011,165.003056
RAS,Non Energy Fossil Fuels,Indonesia,2020,470.662011,130.739448
RAS,Non Energy Fossil Fuels,Indonesia,2021,283.629658,78.786016
RAS,Non Energy Fossil Fuels,Indonesia,2022,336.097212,93.360337
RAS,Non Energy Fossil Fuels,Indonesia,2023,185.036463,51.399017
RAS,Non Energy Fossil Fuels,Indonesia,2024,186.167737,51.71326
RAS,Non Energy Fossil Fuels,Indonesia,2025,196.034627,54.454063
RAS,Non Energy Fossil Fuels,Indonesia,2026,208.384808,57.884669
RAS,Non Energy Fossil Fuels,Indonesia,2027,224.013669,62.226019
RAS,Non Energy Fossil Fuels,Indonesia,2028,241.262721,67.017422
RAS,Non Energy Fossil Fuels,Indonesia,2029,260.563739,72.378816
RAS,Non Energy Fossil Fuels,Indonesia,2030,281.408838,78.169122
RAS,Non Energy Fossil Fuels,Indonesia,2031,304.202954,84.500821
RAS,Non Energy Fossil Fuels,Indonesia,2032,329.147596,91.429888
RAS,Non Energy Fossil Fuels,Indonesia,2033,356.466847,99.018569
RAS,Non Energy Fossil Fuels,Indonesia,2034,386.766529,107.435147
RAS,Non Energy Fossil Fuels,Indonesia,2035,418.868151,116.352264
RAS,Non Energy Fossil Fuels,Indonesia,2036,452.587037,125.718621
RAS,Non Energy Fossil Fuels,Indonesia,2037,487.888826,135.524674
RAS,Non Energy Fossil Fuels,Indonesia,2038,524.968376,145.824549
RAS,Non Energy Fossil Fuels,Indonesia,2039,563.816036,156.615566
RAS,Non Energy Fossil Fuels,Indonesia,2040,604.410791,167.891886
RAS,Non Energy Fossil Fuels,Indonesia,2041,646.719546,179.644318
RAS,Non Energy Fossil Fuels,Indonesia,2042,690.696475,191.860132
RAS,Non Energy Fossil Fuels,Indonesia,2043,736.282443,204.522901
RAS,Non Energy Fossil Fuels,Indonesia,2044,783.77266,217.714628
RAS,Non Energy Fossil Fuels,Indonesia,2045,832.915206,231.365335
RAS,Non Energy Fossil Fuels,Indonesia,2046,883.723034,245.478621
RAS,Non Energy Fossil Fuels,Indonesia,2047,935.862693,259.961859
RAS,Non Energy Fossil Fuels,Indonesia,2048,989.206866,274.779685
RAS,Non Energy Fossil Fuels,Indonesia,2049,1043.217561,289.782656
RAS,Non Energy Fossil Fuels,Indonesia,2050,1097.673518,304.909311
RAS,Non Energy Fossil Fuels,Indonesia,2051,1152.447426,320.124285
RAS,Non Energy Fossil Fuels,Indonesia,2052,1207.188679,335.330189
RAS,Non Energy Fossil Fuels,Indonesia,2053,1261.753607,350.487113
RAS,Non Energy Fossil Fuels,Indonesia,2054,1315.756662,365.487962
RAS,Non Energy Fossil Fuels,Indonesia,2055,1369.044807,380.290224
RAS,Non Energy Fossil Fuels,Indonesia,2056,1421.205414,394.779282
RAS,Non Energy Fossil Fuels,Indonesia,2057,1472.368809,408.991336
RAS,Non Energy Fossil Fuels,Indonesia,2058,1522.429348,422.897041
RAS,Non Energy Fossil Fuels,Indonesia,2059,1571.147087,436.429746
RAS,Non Energy Fossil Fuels,Indonesia,2060,1618.2815,449.522639
RAS,Non Energy Fossil Fuels,Laos,2005,0.017585,0.004885
RAS,Non Energy Fossil Fuels,Laos,2006,0.021771,0.006047
RAS,Non Energy Fossil Fuels,Laos,2007,0.026377,0.007327
RAS,Non Energy Fossil Fuels,Laos,2008,0.03182,0.008839
RAS,Non Energy Fossil Fuels,Laos,2009,0.038937,0.010816
RAS,Non Energy Fossil Fuels,Laos,2010,0.054428,0.015119
RAS,Non Energy Fossil Fuels,Laos,2011,0.061965,0.017212
RAS,Non Energy Fossil Fuels,Laos,2012,0.070338,0.019538
RAS,Non Energy Fossil Fuels,Laos,2013,0.079968,0.022213
RAS,Non Energy Fossil Fuels,Laos,2014,0.090854,0.025237
RAS,Non Energy Fossil Fuels,Laos,2015,0.103414,0.028726
RAS,Non Energy Fossil Fuels,Laos,2016,0.110113,0.030587
RAS,Non Energy Fossil Fuels,Laos,2017,0.125604,0.03489
RAS,Non Energy Fossil Fuels,Laos,2018,0.129372,0.035937
RAS,Non Energy Fossil Fuels,Laos,2019,0.102577,0.028494
RAS,Non Energy Fossil Fuels,Laos,2020,0.136071,0.037797
RAS,Non Energy Fossil Fuels,Laos,2021,0.146957,0.040821
RAS,Non Energy Fossil Fuels,Laos,2022,0.132303,0.036751
RAS,Non Energy Fossil Fuels,Malaysia,2005,90.979164,25.27199
RAS,Non Energy Fossil Fuels,Malaysia,2006,118.025893,32.78497
RAS,Non Energy Fossil Fuels,Malaysia,2007,123.845543,34.40154
RAS,Non Energy Fossil Fuels,Malaysia,2008,120.454236,33.45951
RAS,Non Energy Fossil Fuels,Malaysia,2009,161.971094,44.991971
RAS,Non Energy Fossil Fuels,Malaysia,2010,154.744128,42.98448
RAS,Non Energy Fossil Fuels,Malaysia,2011,266.992236,74.16451
RAS,Non Energy Fossil Fuels,Malaysia,2012,313.769259,87.158128
RAS,Non Energy Fossil Fuels,Malaysia,2013,304.673436,84.63151
RAS,Non Energy Fossil Fuels,Malaysia,2014,260.225463,72.284851
RAS,Non Energy Fossil Fuels,Malaysia,2015,248.193504,68.94264
RAS,Non Energy Fossil Fuels,Malaysia,2016,365.544191,101.540053
RAS,Non Energy Fossil Fuels,Malaysia,2017,524.067199,145.574222
RAS,Non Energy Fossil Fuels,Malaysia,2018,555.253416,154.23706
RAS,Non Energy Fossil Fuels,Malaysia,2019,570.702708,158.52853
RAS,Non Energy Fossil Fuels,Malaysia,2020,494.233318,137.287033
RAS,Non Energy Fossil Fuels,Malaysia,2021,455.059943,126.40554
RAS,Non Energy Fossil Fuels,Malaysia,2022,300.737843,83.53829
RAS,Non Energy Fossil Fuels,Malaysia,2023,290.451137,80.680871
RAS,Non Energy Fossil Fuels,Malaysia,2024,344.246136,95.623927
RAS,Non Energy Fossil Fuels,Malaysia,2025,360.081611,100.02267
RAS,Non Energy Fossil Fuels,Malaysia,2026,375.945502,104.429306
RAS,Non Energy Fossil Fuels,Malaysia,2027,390.809197,108.55811
RAS,Non Energy Fossil Fuels,Malaysia,2028,406.292332,112.858981
RAS,Non Energy Fossil Fuels,Malaysia,2029,422.406271,117.335075
RAS,Non Energy Fossil Fuels,Malaysia,2030,440.196673,122.276854
RAS,Non Energy Fossil Fuels,Malaysia,2031,460.723405,127.978724
RAS,Non Energy Fossil Fuels,Malaysia,2032,478.971283,133.047579
RAS,Non Energy Fossil Fuels,Malaysia,2033,497.216319,138.115644
RAS,Non Energy Fossil Fuels,Malaysia,2034,515.464198,143.184499
RAS,Non Energy Fossil Fuels,Malaysia,2035,538.272625,149.520174
RAS,Non Energy Fossil Fuels,Malaysia,2036,561.081053,155.855848
RAS,Non Energy Fossil Fuels,Malaysia,2037,579.326088,160.923913
RAS,Non Energy Fossil Fuels,Malaysia,2038,602.134516,167.259588
RAS,Non Energy Fossil Fuels,Malaysia,2039,624.942942,173.595262
RAS,Non Energy Fossil Fuels,Malaysia,2040,647.75137,179.930936
RAS,Non Energy Fossil Fuels,Malaysia,2041,675.120346,187.533429
RAS,Non Energy Fossil Fuels,Malaysia,2042,697.928772,193.869103
RAS,Non Energy Fossil Fuels,Malaysia,2043,720.737199,200.204777
RAS,Non Energy Fossil Fuels,Malaysia,2044,748.106175,207.807271
RAS,Non Energy Fossil Fuels,Malaysia,2045,770.914601,214.142945
RAS,Non Energy Fossil Fuels,Malaysia,2046,798.283578,221.745438
RAS,Non Energy Fossil Fuels,Malaysia,2047,825.655394,229.348721
RAS,Non Energy Fossil Fuels,Malaysia,2048,853.02437,236.951214
RAS,Non Energy Fossil Fuels,Malaysia,2049,880.393346,244.553707
RAS,Non Energy Fossil Fuels,Malaysia,2050,903.201773,250.889381
RAS,Non Energy Fossil Fuels,Malaysia,2051,926.6011,257.389194
RAS,Non Energy Fossil Fuels,Malaysia,2052,950.606635,264.057399
RAS,Non Energy Fossil Fuels,Malaysia,2053,975.234084,270.898357
RAS,Non Energy Fossil Fuels,Malaysia,2054,1000.499559,277.916544
RAS,Non Energy Fossil Fuels,Malaysia,2055,1026.419587,285.116552
RAS,Non Energy Fossil Fuels,Malaysia,2056,1053.011129,292.503091
RAS,Non Energy Fossil Fuels,Malaysia,2057,1080.29158,300.080994
RAS,Non Energy Fossil Fuels,Malaysia,2058,1108.278787,307.855219
RAS,Non Energy Fossil Fuels,Malaysia,2059,1136.991062,315.830851
RAS,Non Energy Fossil Fuels,Malaysia,2060,1166.447188,324.013108
RAS,Non Energy Fossil Fuels,Myanmar,2005,3.90461,1.084614
RAS,Non Energy Fossil Fuels,Myanmar,2006,6.84165,1.900458
RAS,Non Energy Fossil Fuels,Myanmar,2007,7.651795,2.125499
RAS,Non Energy Fossil Fuels,Myanmar,2008,8.906999,2.474166
RAS,Non Energy Fossil Fuels,Myanmar,2009,6.747865,1.874407
RAS,Non Energy Fossil Fuels,Myanmar,2010,7.40049,2.055692
RAS,Non Energy Fossil Fuels,Myanmar,2011,12.84887,3.569131
RAS,Non Energy Fossil Fuels,Myanmar,2012,11.841108,3.289197
RAS,Non Energy Fossil Fuels,Myanmar,2013,13.555602,3.765445
RAS,Non Energy Fossil Fuels,Myanmar,2014,17.945462,4.984851
RAS,Non Energy Fossil Fuels,Myanmar,2015,17.856283,4.960079
RAS,Non Energy Fossil Fuels,Myanmar,2016,22.159895,6.155526
RAS,Non Energy Fossil Fuels,Myanmar,2017,22.052574,6.125715
RAS,Non Energy Fossil Fuels,Myanmar,2018,21.945252,6.095903
RAS,Non Energy Fossil Fuels,Myanmar,2019,21.840114,6.066698
RAS,Non Energy Fossil Fuels,Myanmar,2020,16.941487,4.705969
RAS,Non Energy Fossil Fuels,Myanmar,2021,12.226745,3.396318
RAS,Non Energy Fossil Fuels,Myanmar,2022,12.380368,3.438991
RAS,Non Energy Fossil Fuels,Myanmar,2023,4.213595,1.170443
RAS,Non Energy Fossil Fuels,Myanmar,2024,4.213595,1.170443
RAS,Non Energy Fossil Fuels,Myanmar,2025,4.306281,1.196189
RAS,Non Energy Fossil Fuels,Myanmar,2026,4.393235,1.220343
RAS,Non Energy Fossil Fuels,Myanmar,2027,4.482104,1.245029
RAS,Non Energy Fossil Fuels,Myanmar,2028,4.572549,1.270152
RAS,Non Energy Fossil Fuels,Myanmar,2029,4.664601,1.295722
RAS,Non Energy Fossil Fuels,Myanmar,2030,4.692071,1.303353
RAS,Non Energy Fossil Fuels,Myanmar,2031,4.827955,1.341099
RAS,Non Energy Fossil Fuels,Myanmar,2032,4.967763,1.379934
RAS,Non Energy Fossil Fuels,Myanmar,2033,5.111635,1.419899
RAS,Non Energy Fossil Fuels,Myanmar,2034,5.259663,1.461017
RAS,Non Energy Fossil Fuels,Myanmar,2035,5.411986,1.503329
RAS,Non Energy Fossil Fuels,Myanmar,2036,5.570242,1.547289
RAS,Non Energy Fossil Fuels,Myanmar,2037,5.733149,1.592541
RAS,Non Energy Fossil Fuels,Myanmar,2038,5.900798,1.639111
RAS,Non Energy Fossil Fuels,Myanmar,2039,6.073362,1.687045
RAS,Non Energy Fossil Fuels,Myanmar,2040,6.250961,1.736378
RAS,Non Energy Fossil Fuels,Myanmar,2041,6.436115,1.78781
RAS,Non Energy Fossil Fuels,Myanmar,2042,6.62677,1.840769
RAS,Non Energy Fossil Fuels,Myanmar,2043,6.823064,1.895296
RAS,Non Energy Fossil Fuels,Myanmar,2044,7.025166,1.951435
RAS,Non Energy Fossil Fuels,Myanmar,2045,7.233265,2.00924
RAS,Non Energy Fossil Fuels,Myanmar,2046,7.456427,2.07123
RAS,Non Energy Fossil Fuels,Myanmar,2047,7.686464,2.135129
RAS,Non Energy Fossil Fuels,Myanmar,2048,7.923608,2.201002
RAS,Non Energy Fossil Fuels,Myanmar,2049,8.168076,2.26891
RAS,Non Energy Fossil Fuels,Myanmar,2050,8.420084,2.338912
RAS,Non Energy Fossil Fuels,Myanmar,2051,8.679866,2.411074
RAS,Non Energy Fossil Fuels,Myanmar,2052,8.947664,2.485462
RAS,Non Energy Fossil Fuels,Myanmar,2053,9.223724,2.562146
RAS,Non Energy Fossil Fuels,Myanmar,2054,9.508301,2.641195
RAS,Non Energy Fossil Fuels,Myanmar,2055,9.801657,2.722682
RAS,Non Energy Fossil Fuels,Myanmar,2056,10.104066,2.806685
RAS,Non Energy Fossil Fuels,Myanmar,2057,10.415804,2.893279
RAS,Non Energy Fossil Fuels,Myanmar,2058,10.737159,2.982544
RAS,Non Energy Fossil Fuels,Myanmar,2059,11.068429,3.074564
RAS,Non Energy Fossil Fuels,Myanmar,2060,11.409921,3.169423
RAS,Non Energy Fossil Fuels,Philippines,2005,7.828479,2.174577
RAS,Non Energy Fossil Fuels,Philippines,2006,9.377595,2.604887
RAS,Non Energy Fossil Fuels,Philippines,2007,11.676148,3.243374
RAS,Non Energy Fossil Fuels,Philippines,2008,10.099399,2.805389
RAS,Non Energy Fossil Fuels,Philippines,2009,11.162427,3.100674
RAS,Non Energy Fossil Fuels,Philippines,2010,9.207611,2.55767
RAS,Non Energy Fossil Fuels,Philippines,2011,9.197144,2.554762
RAS,Non Energy Fossil Fuels,Philippines,2012,11.926937,3.313038
RAS,Non Energy Fossil Fuels,Philippines,2013,17.907781,4.974384
RAS,Non Energy Fossil Fuels,Philippines,2014,25.311299,7.030916
RAS,Non Energy Fossil Fuels,Philippines,2015,49.358603,13.710723
RAS,Non Energy Fossil Fuels,Philippines,2016,54.677514,15.188198
RAS,Non Energy Fossil Fuels,Philippines,2017,67.556168,18.765602
RAS,Non Energy Fossil Fuels,Philippines,2018,59.588534,16.552371
RAS,Non Energy Fossil Fuels,Philippines,2019,47.588844,13.219123
RAS,Non Energy Fossil Fuels,Philippines,2020,57.448339,15.957872
RAS,Non Energy Fossil Fuels,Philippines,2021,68.762329,19.100647
RAS,Non Energy Fossil Fuels,Philippines,2022,53.964503,14.99014
RAS,Non Energy Fossil Fuels,Philippines,2023,59.413205,16.503668
RAS,Non Energy Fossil Fuels,Philippines,2024,59.413205,16.503668
RAS,Non Energy Fossil Fuels,Philippines,2025,63.096657,17.526849
RAS,Non Energy Fossil Fuels,Philippines,2026,67.00056,18.611267
RAS,Non Energy Fossil Fuels,Philippines,2027,71.23218,19.786717
RAS,Non Energy Fossil Fuels,Philippines,2028,75.737143,21.038095
RAS,Non Energy Fossil Fuels,Philippines,2029,80.582671,22.384075
RAS,Non Energy Fossil Fuels,Philippines,2030,84.562202,23.489501
RAS,Non Energy Fossil Fuels,Philippines,2031,88.70732,24.640922
RAS,Non Energy Fossil Fuels,Philippines,2032,93.681364,26.022601
RAS,Non Energy Fossil Fuels,Philippines,2033,97.826483,27.174023
RAS,Non Energy Fossil Fuels,Philippines,2034,102.801021,28.555839
RAS,Non Energy Fossil Fuels,Philippines,2035,106.94614,29.707261
RAS,Non Energy Fossil Fuels,Philippines,2036,111.920183,31.08894
RAS,Non Energy Fossil Fuels,Philippines,2037,116.894721,32.470756
RAS,Non Energy Fossil Fuels,Philippines,2038,121.868766,33.852435
RAS,Non Energy Fossil Fuels,Philippines,2039,127.672228,35.464508
RAS,Non Energy Fossil Fuels,Philippines,2040,132.646272,36.846187
RAS,Non Energy Fossil Fuels,Philippines,2041,138.449734,38.458259
RAS,Non Energy Fossil Fuels,Philippines,2042,144.252703,40.070195
RAS,Non Energy Fossil Fuels,Philippines,2043,150.056166,41.682268
RAS,Non Energy Fossil Fuels,Philippines,2044,155.859135,43.294204
RAS,Non Energy Fossil Fuels,Philippines,2045,161.662597,44.906277
RAS,Non Energy Fossil Fuels,Philippines,2046,167.466061,46.51835
RAS,Non Energy Fossil Fuels,Philippines,2047,174.097953,48.360543
RAS,Non Energy Fossil Fuels,Philippines,2048,180.730342,50.202873
RAS,Non Energy Fossil Fuels,Philippines,2049,186.533804,51.814946
RAS,Non Energy Fossil Fuels,Philippines,2050,193.166191,53.657275
RAS,Non Energy Fossil Fuels,Philippines,2051,200.0344,55.565111
RAS,Non Energy Fossil Fuels,Philippines,2052,207.146815,57.540782
RAS,Non Energy Fossil Fuels,Philippines,2053,214.512118,59.586699
RAS,Non Energy Fossil Fuels,Philippines,2054,222.139301,61.705361
RAS,Non Energy Fossil Fuels,Philippines,2055,230.037676,63.899354
RAS,Non Energy Fossil Fuels,Philippines,2056,238.216887,66.171357
RAS,Non Energy Fossil Fuels,Philippines,2057,246.686915,68.524143
RAS,Non Energy Fossil Fuels,Philippines,2058,255.458104,70.960584
RAS,Non Energy Fossil Fuels,Philippines,2059,264.541162,73.483656
RAS,Non Energy Fossil Fuels,Philippines,2060,273.947175,76.096438
RAS,Non Energy Fossil Fuels,Singapore,2005,264.8151,73.55975
RAS,Non Energy Fossil Fuels,Singapore,2006,269.294976,74.80416
RAS,Non Energy Fossil Fuels,Singapore,2007,299.942352,83.31732
RAS,Non Energy Fossil Fuels,Singapore,2008,165.420468,45.95013
RAS,Non Energy Fossil Fuels,Singapore,2009,169.607268,47.11313
RAS,Non Energy Fossil Fuels,Singapore,2010,229.2273,63.67425
RAS,Non Energy Fossil Fuels,Singapore,2011,255.436668,70.95463
RAS,Non Energy Fossil Fuels,Singapore,2012,243.04374,67.51215
RAS,Non Energy Fossil Fuels,Singapore,2013,262.51236,72.9201
RAS,Non Energy Fossil Fuels,Singapore,2014,279.67824,77.6884
RAS,Non Energy Fossil Fuels,Singapore,2015,303.626736,84.34076
RAS,Non Energy Fossil Fuels,Singapore,2016,492.242076,136.73391
RAS,Non Energy Fossil Fuels,Singapore,2017,534.44502,148.45695
RAS,Non Energy Fossil Fuels,Singapore,2018,323.84898,89.95805
RAS,Non Energy Fossil Fuels,Singapore,2019,310.534956,86.25971
RAS,Non Energy Fossil Fuels,Singapore,2020,297.220932,82.56137
RAS,Non Energy Fossil Fuels,Singapore,2021,283.906908,78.86303
RAS,Non Energy Fossil Fuels,Singapore,2022,296.11478,82.254106
RAS,Non Energy Fossil Fuels,Singapore,2023,296.11478,82.254106
RAS,Non Energy Fossil Fuels,Singapore,2024,296.11478,82.254106
RAS,Non Energy Fossil Fuels,Singapore,2025,303.813647,84.39268
RAS,Non Energy Fossil Fuels,Singapore,2026,311.478839,86.5219
RAS,Non Energy Fossil Fuels,Singapore,2027,319.225444,88.673734
RAS,Non Energy Fossil Fuels,Singapore,2028,327.151532,90.875426
RAS,Non Energy Fossil Fuels,Singapore,2029,335.333707,93.148252
RAS,Non Energy Fossil Fuels,Singapore,2030,345.294052,95.915014
RAS,Non Energy Fossil Fuels,Singapore,2031,355.254766,98.681879
RAS,Non Energy Fossil Fuels,Singapore,2032,365.215111,101.448642
RAS,Non Energy Fossil Fuels,Singapore,2033,374.511186,104.030885
RAS,Non Energy Fossil Fuels,Singapore,2034,384.473382,106.798162
RAS,Non Energy Fossil Fuels,Singapore,2035,395.097996,109.749443
RAS,Non Energy Fossil Fuels,Singapore,2036,405.71891,112.699697
RAS,Non Energy Fossil Fuels,Singapore,2037,416.343525,115.650979
RAS,Non Energy Fossil Fuels,Singapore,2038,426.968139,118.602261
RAS,Non Energy Fossil Fuels,Singapore,2039,438.258873,121.738576
RAS,Non Energy Fossil Fuels,Singapore,2040,448.883487,124.689858
RAS,Non Energy Fossil Fuels,Singapore,2041,460.170522,127.825145
RAS,Non Energy Fossil Fuels,Singapore,2042,470.795137,130.776427
RAS,Non Energy Fossil Fuels,Singapore,2043,482.08217,133.911714
RAS,Non Energy Fossil Fuels,Singapore,2044,493.372905,137.048029
RAS,Non Energy Fossil Fuels,Singapore,2045,503.99752,139.999311
RAS,Non Energy Fossil Fuels,Singapore,2046,515.950675,143.319632
RAS,Non Energy Fossil Fuels,Singapore,2047,527.237708,146.454919
RAS,Non Energy Fossil Fuels,Singapore,2048,539.190862,149.775239
RAS,Non Energy Fossil Fuels,Singapore,2049,551.144014,153.095559
RAS,Non Energy Fossil Fuels,Singapore,2050,563.093469,156.414852
RAS,Non Energy Fossil Fuels,Singapore,2051,575.302,159.806111
RAS,Non Energy Fossil Fuels,Singapore,2052,587.775227,163.270896
RAS,Non Energy Fossil Fuels,Singapore,2053,600.518888,166.810802
RAS,Non Energy Fossil Fuels,Singapore,2054,613.538847,170.427458
RAS,Non Energy Fossil Fuels,Singapore,2055,626.841095,174.122526
RAS,Non Energy Fossil Fuels,Singapore,2056,640.431749,177.897708
RAS,Non Energy Fossil Fuels,Singapore,2057,654.317067,181.754741
RAS,Non Energy Fossil Fuels,Singapore,2058,668.503433,185.695398
RAS,Non Energy Fossil Fuels,Singapore,2059,682.997377,189.721494
RAS,Non Energy Fossil Fuels,Singapore,2060,697.805568,193.83488
RAS,Non Energy Fossil Fuels,Thailand,2005,178.172388,49.49233
RAS,Non Energy Fossil Fuels,Thailand,2006,150.766668,41.87963
RAS,Non Energy Fossil Fuels,Thailand,2007,209.214396,58.11511
RAS,Non Energy Fossil Fuels,Thailand,2008,224.30631,62.307308
RAS,Non Energy Fossil Fuels,Thailand,2009,569.530403,158.20289
RAS,Non Energy Fossil Fuels,Thailand,2010,596.894248,165.803958
RAS,Non Energy Fossil Fuels,Thailand,2011,700.284168,194.52338
RAS,Non Energy Fossil Fuels,Thailand,2012,700.828453,194.67457
RAS,Non Energy Fossil Fuels,Thailand,2013,901.215077,250.337521
RAS,Non Energy Fossil Fuels,Thailand,2014,451.549662,125.430462
RAS,Non Energy Fossil Fuels,Thailand,2015,390.754045,108.54279
RAS,Non Energy Fossil Fuels,Thailand,2016,424.33218,117.87005
RAS,Non Energy Fossil Fuels,Thailand,2017,402.686425,111.85734
RAS,Non Energy Fossil Fuels,Thailand,2018,496.67228,137.964522
RAS,Non Energy Fossil Fuels,Thailand,2019,495.515457,137.643182
RAS,Non Energy Fossil Fuels,Thailand,2020,383.594616,106.55406
RAS,Non Energy Fossil Fuels,Thailand,2021,466.744464,129.65124
RAS,Non Energy Fossil Fuels,Thailand,2022,393.894144,109.41504
RAS,Non Energy Fossil Fuels,Thailand,2023,396.07128,110.0198
RAS,Non Energy Fossil Fuels,Thailand,2024,447.35958,124.26655
RAS,Non Energy Fossil Fuels,Thailand,2025,460.781574,127.994882
RAS,Non Energy Fossil Fuels,Thailand,2026,474.622825,131.839674
RAS,Non Energy Fossil Fuels,Thailand,2027,488.765597,135.768221
RAS,Non Energy Fossil Fuels,Thailand,2028,503.278809,139.799669
RAS,Non Energy Fossil Fuels,Thailand,2029,518.26584,143.962733
RAS,Non Energy Fossil Fuels,Thailand,2030,537.821634,149.394898
RAS,Non Energy Fossil Fuels,Thailand,2031,557.380298,154.827861
RAS,Non Energy Fossil Fuels,Thailand,2032,581.826475,161.618465
RAS,Non Energy Fossil Fuels,Thailand,2033,601.382267,167.05063
RAS,Non Energy Fossil Fuels,Thailand,2034,625.828445,173.841235
RAS,Non Energy Fossil Fuels,Thailand,2035,650.274622,180.631839
RAS,Non Energy Fossil Fuels,Thailand,2036,674.72367,187.423242
RAS,Non Energy Fossil Fuels,Thailand,2037,699.169847,194.213846
RAS,Non Energy Fossil Fuels,Thailand,2038,723.616023,201.004451
RAS,Non Energy Fossil Fuels,Thailand,2039,752.952584,209.153496
RAS,Non Energy Fossil Fuels,Thailand,2040,777.398761,215.9441
RAS,Non Energy Fossil Fuels,Thailand,2041,806.732451,224.092347
RAS,Non Energy Fossil Fuels,Thailand,2042,836.069011,232.241392
RAS,Non Energy Fossil Fuels,Thailand,2043,865.405572,240.390437
RAS,Non Energy Fossil Fuels,Thailand,2044,894.739261,248.538684
RAS,Non Energy Fossil Fuels,Thailand,2045,924.075822,256.687728
RAS,Non Energy Fossil Fuels,Thailand,2046,953.412383,264.836773
RAS,Non Energy Fossil Fuels,Thailand,2047,987.636456,274.34346
RAS,Non Energy Fossil Fuels,Thailand,2048,1021.863402,283.850945
RAS,Non Energy Fossil Fuels,Thailand,2049,1051.19709,291.999192
RAS,Non Energy Fossil Fuels,Thailand,2050,1085.424036,301.506677
RAS,Non Energy Fossil Fuels,Thailand,2051,1120.765409,311.323725
RAS,Non Energy Fossil Fuels,Thailand,2052,1157.257496,321.460416
RAS,Non Energy Fossil Fuels,Thailand,2053,1194.937764,331.927157
RAS,Non Energy Fossil Fuels,Thailand,2054,1233.844901,342.734695
RAS,Non Energy Fossil Fuels,Thailand,2055,1274.018853,353.894126
RAS,Non Energy Fossil Fuels,Thailand,2056,1315.500867,365.416907
RAS,Non Energy Fossil Fuels,Thailand,2057,1358.333535,377.314871
RAS,Non Energy Fossil Fuels,Thailand,2058,1402.560832,389.600231
RAS,Non Energy Fossil Fuels,Thailand,2059,1448.228171,402.285603
RAS,Non Energy Fossil Fuels,Thailand,2060,1495.382435,415.38401
RAS,Non Energy Fossil Fuels,Vietnam,2005,12.602268,3.50063
RAS,Non Energy Fossil Fuels,Vietnam,2006,16.454124,4.57059
RAS,Non Energy Fossil Fuels,Vietnam,2007,33.536268,9.31563
RAS,Non Energy Fossil Fuels,Vietnam,2008,26.628048,7.39668
RAS,Non Energy Fossil Fuels,Vietnam,2009,25.581348,7.10593
RAS,Non Energy Fossil Fuels,Vietnam,2010,77.078988,21.41083
RAS,Non Energy Fossil Fuels,Vietnam,2011,26.041896,7.23386
RAS,Non Energy Fossil Fuels,Vietnam,2012,29.475072,8.18752
RAS,Non Energy Fossil Fuels,Vietnam,2013,42.07734,11.68815
RAS,Non Energy Fossil Fuels,Vietnam,2014,51.246432,14.23512
RAS,Non Energy Fossil Fuels,Vietnam,2015,29.265732,8.12937
RAS,Non Energy Fossil Fuels,Vietnam,2016,27.507275,7.64091
RAS,Non Energy Fossil Fuels,Vietnam,2017,26.293104,7.30364
RAS,Non Energy Fossil Fuels,Vietnam,2018,105.065692,29.184914
RAS,Non Energy Fossil Fuels,Vietnam,2019,108.651647,30.181013
RAS,Non Energy Fossil Fuels,Vietnam,2020,109.585304,30.440362
RAS,Non Energy Fossil Fuels,Vietnam,2021,157.85492,43.848589
RAS,Non Energy Fossil Fuels,Vietnam,2022,140.631926,39.064424
RAS,Non Energy Fossil Fuels,Vietnam,2023,150.982732,41.939648
RAS,Non Energy Fossil Fuels,Vietnam,2024,150.982732,41.939648
RAS,Non Energy Fossil Fuels,Vietnam,2025,160.343959,44.539989
RAS,Non Energy Fossil Fuels,Vietnam,2026,170.766182,47.435051
RAS,Non Energy Fossil Fuels,Vietnam,2027,181.865655,50.518237
RAS,Non Energy Fossil Fuels,Vietnam,2028,193.686981,53.801939
RAS,Non Energy Fossil Fuels,Vietnam,2029,206.276827,57.299119
RAS,Non Energy Fossil Fuels,Vietnam,2030,216.479177,60.133105
RAS,Non Energy Fossil Fuels,Vietnam,2031,227.31833,63.143981
RAS,Non Energy Fossil Fuels,Vietnam,2032,238.477958,66.243877
RAS,Non Energy Fossil Fuels,Vietnam,2033,249.954952,69.431931
RAS,Non Energy Fossil Fuels,Vietnam,2034,262.389227,72.885896
RAS,Non Energy Fossil Fuels,Vietnam,2035,274.822464,76.339573
RAS,Non Energy Fossil Fuels,Vietnam,2036,287.894581,79.970717
RAS,Non Energy Fossil Fuels,Vietnam,2037,301.285098,83.690305
RAS,Non Energy Fossil Fuels,Vietnam,2038,315.313457,87.587071
RAS,Non Energy Fossil Fuels,Vietnam,2039,328.384536,91.217927
RAS,Non Energy Fossil Fuels,Vietnam,2040,344.325381,95.645939
RAS,Non Energy Fossil Fuels,Vietnam,2041,360.267265,100.07424
RAS,Non Energy Fossil Fuels,Vietnam,2042,376.20811,104.502253
RAS,Non Energy Fossil Fuels,Vietnam,2043,392.148958,108.930266
RAS,Non Energy Fossil Fuels,Vietnam,2044,408.089804,113.358279
RAS,Non Energy Fossil Fuels,Vietnam,2045,424.030649,117.786291
RAS,Non Energy Fossil Fuels,Vietnam,2046,439.971494,122.214304
RAS,Non Energy Fossil Fuels,Vietnam,2047,455.91234,126.642317
RAS,Non Energy Fossil Fuels,Vietnam,2048,475.042394,131.956221
RAS,Non Energy Fossil Fuels,Vietnam,2049,490.983239,136.384233
RAS,Non Energy Fossil Fuels,Vietnam,2050,510.112252,141.697848
RAS,Non Energy Fossil Fuels,Vietnam,2051,529.986547,147.218485
RAS,Non Energy Fossil Fuels,Vietnam,2052,550.635155,152.95421
RAS,Non Energy Fossil Fuels,Vietnam,2053,572.088246,158.913402
RAS,Non Energy Fossil Fuels,Vietnam,2054,594.377163,165.104768
RAS,Non Energy Fossil Fuels,Vietnam,2055,617.534472,171.537353
RAS,Non Energy Fossil Fuels,Vietnam,2056,641.594001,178.220556
RAS,Non Energy Fossil Fuels,Vietnam,2057,666.590906,185.164141
RAS,Non Energy Fossil Fuels,Vietnam,2058,692.561707,192.378252
RAS,Non Energy Fossil Fuels,Vietnam,2059,719.544344,199.873429
RAS,Non Energy Fossil Fuels,Vietnam,2060,747.578245,207.660624
RAS,Residential,Brunei,2005,5.819652,1.61657
RAS,Residential,Brunei,2006,5.777784,1.60494
RAS,Residential,Brunei,2007,6.07086,1.68635
RAS,Residential,Brunei,2008,6.363936,1.76776
RAS,Residential,Brunei,2009,6.48954,1.80265
RAS,Residential,Brunei,2010,6.657012,1.84917
RAS,Residential,Brunei,2011,6.866352,1.90732
RAS,Residential,Brunei,2012,6.615144,1.83754
RAS,Residential,Brunei,2013,6.531408,1.81428
RAS,Residential,Brunei,2014,6.363936,1.76776
RAS,Residential,Brunei,2015,6.531408,1.81428
RAS,Residential,Brunei,2016,6.531408,1.81428
RAS,Residential,Brunei,2017,6.143878,1.706633
RAS,Residential,Brunei,2018,6.345263,1.762573
RAS,Residential,Brunei,2019,6.410284,1.780634
RAS,Residential,Brunei,2020,6.684645,1.856846
RAS,Residential,Brunei,2021,6.666935,1.851926
RAS,Residential,Brunei,2022,6.488912,1.802476
RAS,Residential,Brunei,2023,6.412504,1.781251
RAS,Residential,Brunei,2024,5.711381,1.586495
RAS,Residential,Brunei,2025,8.809138,2.446983
RAS,Residential,Brunei,2026,8.067128,2.240869
RAS,Residential,Brunei,2027,7.294754,2.026321
RAS,Residential,Brunei,2028,6.52596,1.812767
RAS,Residential,Brunei,2029,5.753429,1.598175
RAS,Residential,Brunei,2030,5.574109,1.548364
RAS,Residential,Brunei,2031,5.496289,1.526747
RAS,Residential,Brunei,2032,5.299918,1.472199
RAS,Residential,Brunei,2033,5.196397,1.443444
RAS,Residential,Brunei,2034,5.08882,1.413561
RAS,Residential,Brunei,2035,4.888576,1.357938
RAS,Residential,Brunei,2036,4.866316,1.351754
RAS,Residential,Brunei,2037,4.747541,1.318761
RAS,Residential,Brunei,2038,4.73262,1.314617
RAS,Residential,Brunei,2039,4.714453,1.30957
RAS,Residential,Brunei,2040,4.684744,1.301318
RAS,Residential,Brunei,2041,4.651107,1.291974
RAS,Residential,Brunei,2042,4.691225,1.303118
RAS,Residential,Brunei,2043,4.646405,1.290668
RAS,Residential,Brunei,2044,4.597108,1.276974
RAS,Residential,Brunei,2045,4.547684,1.263246
RAS,Residential,Brunei,2046,4.568656,1.269071
RAS,Residential,Brunei,2047,4.508109,1.252253
RAS,Residential,Brunei,2048,4.515793,1.254387
RAS,Residential,Brunei,2049,4.447678,1.235466
RAS,Residential,Brunei,2050,4.376114,1.215587
RAS,Residential,Brunei,2051,4.329085,1.202524
RAS,Residential,Brunei,2052,4.270511,1.186253
RAS,Residential,Brunei,2053,4.202318,1.167311
RAS,Residential,Brunei,2054,4.130591,1.147386
RAS,Residential,Brunei,2055,4.054293,1.126193
RAS,Residential,Brunei,2056,4.019827,1.116619
RAS,Residential,Brunei,2057,4.011513,1.114309
RAS,Residential,Brunei,2058,4.002657,1.111849
RAS,Residential,Brunei,2059,3.993471,1.109298
RAS,Residential,Brunei,2060,3.984411,1.106781
RAS,Residential,Cambodia,2005,32.112756,8.92021
RAS,Residential,Cambodia,2006,32.489568,9.02488
RAS,Residential,Cambodia,2007,32.86638,9.12955
RAS,Residential,Cambodia,2008,33.07572,9.1877
RAS,Residential,Cambodia,2009,37.26252,10.3507
RAS,Residential,Cambodia,2010,41.03064,11.3974
RAS,Residential,Cambodia,2011,38.979108,10.82753
RAS,Residential,Cambodia,2012,38.602296,10.72286
RAS,Residential,Cambodia,2013,37.6812,10.467
RAS,Residential,Cambodia,2014,38.30922,10.64145
RAS,Residential,Cambodia,2015,38.058012,10.57167
RAS,Residential,Cambodia,2016,40.946904,11.37414
RAS,Residential,Cambodia,2017,43.207776,12.00216
RAS,Residential,Cambodia,2018,45.383991,12.606664
RAS,Residential,Cambodia,2019,60.071369,16.686491
RAS,Residential,Cambodia,2020,43.809879,12.169411
RAS,Residential,Cambodia,2021,48.399155,13.44421
RAS,Residential,Cambodia,2022,54.740024,15.205562
RAS,Residential,Cambodia,2023,65.302441,18.139567
RAS,Residential,Cambodia,2024,69.186451,19.218459
RAS,Residential,Cambodia,2025,79.361685,22.044912
RAS,Residential,Cambodia,2026,71.523928,19.867758
RAS,Residential,Cambodia,2027,64.494927,17.915257
RAS,Residential,Cambodia,2028,58.619088,16.28308
RAS,Residential,Cambodia,2029,55.781557,15.494877
RAS,Residential,Cambodia,2030,55.60502,15.445839
RAS,Residential,Cambodia,2031,54.675633,15.187676
RAS,Residential,Cambodia,2032,53.780099,14.938916
RAS,Residential,Cambodia,2033,52.936855,14.704682
RAS,Residential,Cambodia,2034,52.162788,14.489663
RAS,Residential,Cambodia,2035,51.467955,14.296654
RAS,Residential,Cambodia,2036,51.221855,14.228293
RAS,Residential,Cambodia,2037,51.059309,14.183141
RAS,Residential,Cambodia,2038,51.585673,14.329354
RAS,Residential,Cambodia,2039,52.104804,14.473557
RAS,Residential,Cambodia,2040,52.613275,14.614799
RAS,Residential,Cambodia,2041,53.111557,14.75321
RAS,Residential,Cambodia,2042,53.604812,14.890226
RAS,Residential,Cambodia,2043,54.089045,15.024735
RAS,Residential,Cambodia,2044,54.562985,15.156385
RAS,Residential,Cambodia,2045,55.025967,15.284991
RAS,Residential,Cambodia,2046,55.473964,15.409434
RAS,Residential,Cambodia,2047,55.912964,15.531379
RAS,Residential,Cambodia,2048,56.340119,15.650033
RAS,Residential,Cambodia,2049,56.757781,15.76605
RAS,Residential,Cambodia,2050,57.18527,15.884797
RAS,Residential,Cambodia,2051,57.614,16.003889
RAS,Residential,Cambodia,2052,58.034227,16.120619
RAS,Residential,Cambodia,2053,58.440441,16.233456
RAS,Residential,Cambodia,2054,58.83781,16.343836
RAS,Residential,Cambodia,2055,59.228253,16.452292
RAS,Residential,Cambodia,2056,59.605474,16.557076
RAS,Residential,Cambodia,2057,59.977903,16.660529
RAS,Residential,Cambodia,2058,60.283243,16.745345
RAS,Residential,Cambodia,2059,60.577985,16.827218
RAS,Residential,Cambodia,2060,60.869308,16.908141
RAS,Residential,Indonesia,2005,1045.822405,290.506224
RAS,Residential,Indonesia,2006,971.143877,269.762188
RAS,Residential,Indonesia,2007,944.675262,262.409795
RAS,Residential,Indonesia,2008,887.633462,246.564851
RAS,Residential,Indonesia,2009,835.743267,232.150908
RAS,Residential,Indonesia,2010,840.346821,233.429672
RAS,Residential,Indonesia,2011,845.964083,234.990023
RAS,Residential,Indonesia,2012,858.920345,238.588985
RAS,Residential,Indonesia,2013,869.199902,241.444417
RAS,Residential,Indonesia,2014,889.721586,247.144885
RAS,Residential,Indonesia,2015,843.306721,234.251867
RAS,Residential,Indonesia,2016,844.116951,234.476931
RAS,Residential,Indonesia,2017,838.968569,233.046825
RAS,Residential,Indonesia,2018,881.898969,244.971936
RAS,Residential,Indonesia,2019,859.668862,238.796906
RAS,Residential,Indonesia,2020,899.456231,249.848953
RAS,Residential,Indonesia,2021,872.408331,242.335647
RAS,Residential,Indonesia,2022,943.937004,262.204723
RAS,Residential,Indonesia,2023,982.444134,272.901148
RAS,Residential,Indonesia,2024,1028.745662,285.762684
RAS,Residential,Indonesia,2025,1187.458978,329.849716
RAS,Residential,Indonesia,2026,1158.286731,321.746314
RAS,Residential,Indonesia,2027,1138.324291,316.201192
RAS,Residential,Indonesia,2028,1118.487673,310.69102
RAS,Residential,Indonesia,2029,1097.2102,304.780611
RAS,Residential,Indonesia,2030,1074.52123,298.478119
RAS,Residential,Indonesia,2031,1063.557913,295.432754
RAS,Residential,Indonesia,2032,1049.830177,291.619494
RAS,Residential,Indonesia,2033,1036.014505,287.781807
RAS,Residential,Indonesia,2034,1022.192369,283.942325
RAS,Residential,Indonesia,2035,1011.372605,280.936835
RAS,Residential,Indonesia,2036,1011.927252,281.090903
RAS,Residential,Indonesia,2037,1010.221121,280.616978
RAS,Residential,Indonesia,2038,1004.630665,279.064074
RAS,Residential,Indonesia,2039,996.198907,276.721919
RAS,Residential,Indonesia,2040,991.113044,275.309179
RAS,Residential,Indonesia,2041,983.10641,273.085114
RAS,Residential,Indonesia,2042,976.868621,271.352395
RAS,Residential,Indonesia,2043,974.023711,270.562142
RAS,Residential,Indonesia,2044,971.741625,269.928229
RAS,Residential,Indonesia,2045,965.853409,268.292614
RAS,Residential,Indonesia,2046,965.74578,268.262717
RAS,Residential,Indonesia,2047,964.532186,267.925607
RAS,Residential,Indonesia,2048,961.931076,267.203077
RAS,Residential,Indonesia,2049,959.85607,266.626686
RAS,Residential,Indonesia,2050,957.259108,265.905308
RAS,Residential,Indonesia,2051,964.887275,268.024243
RAS,Residential,Indonesia,2052,972.389078,270.108077
RAS,Residential,Indonesia,2053,979.791055,272.164182
RAS,Residential,Indonesia,2054,987.026203,274.173945
RAS,Residential,Indonesia,2055,994.055558,276.126544
RAS,Residential,Indonesia,2056,1000.86945,278.019292
RAS,Residential,Indonesia,2057,1007.426467,279.840685
RAS,Residential,Indonesia,2058,1013.78962,281.608228
RAS,Residential,Indonesia,2059,1019.915964,283.30999
RAS,Residential,Indonesia,2060,1025.999188,284.999774
RAS,Residential,Laos,2005,45.719648,12.699902
RAS,Residential,Laos,2006,46.974975,13.048604
RAS,Residential,Laos,2007,50.905459,14.140405
RAS,Residential,Laos,2008,54.87756,15.243767
RAS,Residential,Laos,2009,53.970993,14.991942
RAS,Residential,Laos,2010,53.16139,14.767053
RAS,Residential,Laos,2011,52.116198,14.476722
RAS,Residential,Laos,2012,51.40105,14.278069
RAS,Residential,Laos,2013,50.43997,14.011103
RAS,Residential,Laos,2014,51.44003,14.288897
RAS,Residential,Laos,2015,52.520434,14.589009
RAS,Residential,Laos,2016,52.824017,14.673338
RAS,Residential,Laos,2017,52.95226,14.708961
RAS,Residential,Laos,2018,53.044704,14.73464
RAS,Residential,Laos,2019,53.946416,14.985116
RAS,Residential,Laos,2020,53.891318,14.969811
RAS,Residential,Laos,2021,54.161366,15.044824
RAS,Residential,Laos,2022,53.802473,14.945131
RAS,Residential,Laos,2023,55.310475,15.364021
RAS,Residential,Laos,2024,55.57014,15.43615
RAS,Residential,Laos,2025,60.015566,16.670991
RAS,Residential,Laos,2026,57.982572,16.10627
RAS,Residential,Laos,2027,55.90766,15.529906
RAS,Residential,Laos,2028,53.790276,14.941743
RAS,Residential,Laos,2029,52.161356,14.489266
RAS,Residential,Laos,2030,50.483832,14.023287
RAS,Residential,Laos,2031,49.315704,13.698807
RAS,Residential,Laos,2032,48.138807,13.371891
RAS,Residential,Laos,2033,46.958632,13.044064
RAS,Residential,Laos,2034,45.741308,12.705919
RAS,Residential,Laos,2035,44.530288,12.369524
RAS,Residential,Laos,2036,43.391412,12.05317
RAS,Residential,Laos,2037,42.232249,11.73118
RAS,Residential,Laos,2038,41.130082,11.425023
RAS,Residential,Laos,2039,40.073001,11.131389
RAS,Residential,Laos,2040,39.017813,10.838281
RAS,Residential,Laos,2041,37.97608,10.548911
RAS,Residential,Laos,2042,36.94637,10.262881
RAS,Residential,Laos,2043,35.926602,9.979612
RAS,Residential,Laos,2044,34.922559,9.700711
RAS,Residential,Laos,2045,33.93629,9.426747
RAS,Residential,Laos,2046,33.01008,9.169467
RAS,Residential,Laos,2047,32.106879,8.918577
RAS,Residential,Laos,2048,31.224979,8.673605
RAS,Residential,Laos,2049,30.366438,8.435122
RAS,Residential,Laos,2050,29.611883,8.225523
RAS,Residential,Laos,2051,29.852921,8.292478
RAS,Residential,Laos,2052,30.089114,8.358087
RAS,Residential,Laos,2053,30.321318,8.422588
RAS,Residential,Laos,2054,30.548638,8.485733
RAS,Residential,Laos,2055,30.768849,8.546902
RAS,Residential,Laos,2056,30.9835,8.606528
RAS,Residential,Laos,2057,31.193874,8.664965
RAS,Residential,Laos,2058,31.400207,8.72228
RAS,Residential,Laos,2059,31.598945,8.777485
RAS,Residential,Laos,2060,31.791265,8.830907
RAS,Residential,Malaysia,2005,91.397844,25.38829
RAS,Residential,Malaysia,2006,98.975952,27.49332
RAS,Residential,Malaysia,2007,101.488032,28.19112
RAS,Residential,Malaysia,2008,112.331844,31.20329
RAS,Residential,Malaysia,2009,106.512192,29.58672
RAS,Residential,Malaysia,2010,111.15954,30.87765
RAS,Residential,Malaysia,2011,116.016228,32.22673
RAS,Residential,Malaysia,2012,118.988856,33.05246
RAS,Residential,Malaysia,2013,125.101584,34.75044
RAS,Residential,Malaysia,2014,125.352792,34.82022
RAS,Residential,Malaysia,2015,130.20948,36.1693
RAS,Residential,Malaysia,2016,137.494512,38.19292
RAS,Residential,Malaysia,2017,134.768277,37.435633
RAS,Residential,Malaysia,2018,139.947474,38.874298
RAS,Residential,Malaysia,2019,139.780002,38.827778
RAS,Residential,Malaysia,2020,171.013698,47.503805
RAS,Residential,Malaysia,2021,174.52433,48.478981
RAS,Residential,Malaysia,2022,171.156384,47.54344
RAS,Residential,Malaysia,2023,145.784376,40.49566
RAS,Residential,Malaysia,2024,193.597632,53.77712
RAS,Residential,Malaysia,2025,259.710868,72.141908
RAS,Residential,Malaysia,2026,262.402063,72.889462
RAS,Residential,Malaysia,2027,264.365752,73.434931
RAS,Residential,Malaysia,2028,265.495801,73.748834
RAS,Residential,Malaysia,2029,264.637447,73.510402
RAS,Residential,Malaysia,2030,263.773987,73.270552
RAS,Residential,Malaysia,2031,263.140447,73.094569
RAS,Residential,Malaysia,2032,261.691115,72.691976
RAS,Residential,Malaysia,2033,259.963469,72.212075
RAS,Residential,Malaysia,2034,258.019474,71.672076
RAS,Residential,Malaysia,2035,256.557403,71.265945
RAS,Residential,Malaysia,2036,255.770287,71.047302
RAS,Residential,Malaysia,2037,253.945095,70.540304
RAS,Residential,Malaysia,2038,255.81027,71.058408
RAS,Residential,Malaysia,2039,257.52822,71.535617
RAS,Residential,Malaysia,2040,259.047061,71.957517
RAS,Residential,Malaysia,2041,261.014826,72.504118
RAS,Residential,Malaysia,2042,262.228881,72.841356
RAS,Residential,Malaysia,2043,263.287498,73.135416
RAS,Residential,Malaysia,2044,264.456551,73.460153
RAS,Residential,Malaysia,2045,264.883542,73.578762
RAS,Residential,Malaysia,2046,265.652697,73.792416
RAS,Residential,Malaysia,2047,266.201326,73.944813
RAS,Residential,Malaysia,2048,266.533279,74.037022
RAS,Residential,Malaysia,2049,266.648096,74.068916
RAS,Residential,Malaysia,2050,266.141855,73.928293
RAS,Residential,Malaysia,2051,269.465021,74.851395
RAS,Residential,Malaysia,2052,272.789095,75.774749
RAS,Residential,Malaysia,2053,276.039923,76.677756
RAS,Residential,Malaysia,2054,279.29729,77.582581
RAS,Residential,Malaysia,2055,282.528714,78.480198
RAS,Residential,Malaysia,2056,285.605641,79.3349
RAS,Residential,Malaysia,2057,288.696003,80.193334
RAS,Residential,Malaysia,2058,291.802807,81.056335
RAS,Residential,Malaysia,2059,294.949721,81.930478
RAS,Residential,Malaysia,2060,298.114292,82.809526
RAS,Residential,Myanmar,2005,168.212311,46.725642
RAS,Residential,Myanmar,2006,172.211877,47.836633
RAS,Residential,Myanmar,2007,177.602298,49.333972
RAS,Residential,Myanmar,2008,183.43518,50.954217
RAS,Residential,Myanmar,2009,189.471079,52.630855
RAS,Residential,Myanmar,2010,196.495442,54.582067
RAS,Residential,Myanmar,2011,211.159667,58.655463
RAS,Residential,Myanmar,2012,207.225959,57.562766
RAS,Residential,Myanmar,2013,207.3936,57.609333
RAS,Residential,Myanmar,2014,218.772107,60.77003
RAS,Residential,Myanmar,2015,214.047763,59.457712
RAS,Residential,Myanmar,2016,216.572153,60.158931
RAS,Residential,Myanmar,2017,201.926308,56.090641
RAS,Residential,Myanmar,2018,197.265729,54.796036
RAS,Residential,Myanmar,2019,198.409898,55.113861
RAS,Residential,Myanmar,2020,203.415301,56.50425
RAS,Residential,Myanmar,2021,187.225281,52.007022
RAS,Residential,Myanmar,2022,120.988429,33.607897
RAS,Residential,Myanmar,2023,175.231104,48.675307
RAS,Residential,Myanmar,2024,194.596687,54.054635
RAS,Residential,Myanmar,2025,210.603972,58.501103
RAS,Residential,Myanmar,2026,179.160785,49.766885
RAS,Residential,Myanmar,2027,146.261304,40.62814
RAS,Residential,Myanmar,2028,111.948236,31.096732
RAS,Residential,Myanmar,2029,92.364629,25.656841
RAS,Residential,Myanmar,2030,90.857982,25.238328
RAS,Residential,Myanmar,2031,90.31065,25.086292
RAS,Residential,Myanmar,2032,89.771909,24.936641
RAS,Residential,Myanmar,2033,89.287862,24.802184
RAS,Residential,Myanmar,2034,88.893403,24.692612
RAS,Residential,Myanmar,2035,88.590833,24.608565
RAS,Residential,Myanmar,2036,88.763937,24.656649
RAS,Residential,Myanmar,2037,88.803209,24.667558
RAS,Residential,Myanmar,2038,88.922452,24.700681
RAS,Residential,Myanmar,2039,89.070774,24.741882
RAS,Residential,Myanmar,2040,89.232107,24.786696
RAS,Residential,Myanmar,2041,89.434484,24.842912
RAS,Residential,Myanmar,2042,89.621557,24.894877
RAS,Residential,Myanmar,2043,89.802123,24.945034
RAS,Residential,Myanmar,2044,89.977952,24.993876
RAS,Residential,Myanmar,2045,90.150232,25.041731
RAS,Residential,Myanmar,2046,90.321633,25.089342
RAS,Residential,Myanmar,2047,90.480348,25.13343
RAS,Residential,Myanmar,2048,90.630907,25.175252
RAS,Residential,Myanmar,2049,90.778177,25.21616
RAS,Residential,Myanmar,2050,90.925231,25.257009
RAS,Residential,Myanmar,2051,91.768559,25.491266
RAS,Residential,Myanmar,2052,92.623952,25.728876
RAS,Residential,Myanmar,2053,93.169638,25.880455
RAS,Residential,Myanmar,2054,93.532262,25.981184
RAS,Residential,Myanmar,2055,93.874273,26.076187
RAS,Residential,Myanmar,2056,94.214166,26.170602
RAS,Residential,Myanmar,2057,94.546433,26.262898
RAS,Residential,Myanmar,2058,94.877507,26.354863
RAS,Residential,Myanmar,2059,95.205381,26.445939
RAS,Residential,Myanmar,2060,95.523412,26.534281
RAS,Residential,Philippines,2005,296.103811,82.251059
RAS,Residential,Philippines,2006,297.054547,82.515152
RAS,Residential,Philippines,2007,303.58558,84.329328
RAS,Residential,Philippines,2008,308.848805,85.791335
RAS,Residential,Philippines,2009,319.565464,88.768184
RAS,Residential,Philippines,2010,329.854484,91.626246
RAS,Residential,Philippines,2011,334.574809,92.937447
RAS,Residential,Philippines,2012,342.117119,95.032533
RAS,Residential,Philippines,2013,351.091818,97.525505
RAS,Residential,Philippines,2014,355.392458,98.720127
RAS,Residential,Philippines,2015,365.563618,101.545449
RAS,Residential,Philippines,2016,378.273317,105.075921
RAS,Residential,Philippines,2017,384.870962,106.908601
RAS,Residential,Philippines,2018,394.842956,109.678599
RAS,Residential,Philippines,2019,406.572445,112.93679
RAS,Residential,Philippines,2020,419.856071,116.626686
RAS,Residential,Philippines,2021,426.155866,118.376629
RAS,Residential,Philippines,2022,431.665068,119.906963
RAS,Residential,Philippines,2023,441.121543,122.533762
RAS,Residential,Philippines,2024,459.923749,127.756597
RAS,Residential,Philippines,2025,490.271873,136.186631
RAS,Residential,Philippines,2026,474.188165,131.718935
RAS,Residential,Philippines,2027,456.369664,126.769351
RAS,Residential,Philippines,2028,437.643372,121.567603
RAS,Residential,Philippines,2029,418.239097,116.177527
RAS,Residential,Philippines,2030,397.150575,110.319604
RAS,Residential,Philippines,2031,375.225923,104.229423
RAS,Residential,Philippines,2032,352.956813,98.043559
RAS,Residential,Philippines,2033,329.341995,91.483888
RAS,Residential,Philippines,2034,305.536221,84.871172
RAS,Residential,Philippines,2035,288.964782,80.267995
RAS,Residential,Philippines,2036,289.238978,80.344161
RAS,Residential,Philippines,2037,289.235433,80.343176
RAS,Residential,Philippines,2038,291.449244,80.958123
RAS,Residential,Philippines,2039,293.941365,81.650379
RAS,Residential,Philippines,2040,295.804994,82.168054
RAS,Residential,Philippines,2041,298.256568,82.849047
RAS,Residential,Philippines,2042,300.578098,83.493916
RAS,Residential,Philippines,2043,302.809635,84.113787
RAS,Residential,Philippines,2044,304.899157,84.69421
RAS,Residential,Philippines,2045,306.865636,85.240454
RAS,Residential,Philippines,2046,308.694051,85.748347
RAS,Residential,Philippines,2047,310.73628,86.315633
RAS,Residential,Philippines,2048,312.642196,86.845054
RAS,Residential,Philippines,2049,314.286648,87.301847
RAS,Residential,Philippines,2050,316.420687,87.894635
RAS,Residential,Philippines,2051,320.265455,88.962626
RAS,Residential,Philippines,2052,323.105599,89.751555
RAS,Residential,Philippines,2053,325.982419,90.550672
RAS,Residential,Philippines,2054,328.878112,91.355031
RAS,Residential,Philippines,2055,331.777162,92.160323
RAS,Residential,Philippines,2056,334.527744,92.924373
RAS,Residential,Philippines,2057,337.31757,93.699325
RAS,Residential,Philippines,2058,340.160391,94.488997
RAS,Residential,Philippines,2059,343.080986,95.300274
RAS,Residential,Philippines,2060,346.563135,96.267538
RAS,Residential,Singapore,2005,25.413876,7.05941
RAS,Residential,Singapore,2006,25.33014,7.03615
RAS,Residential,Singapore,2007,25.497612,7.08267
RAS,Residential,Singapore,2008,25.33014,7.03615
RAS,Residential,Singapore,2009,26.468949,7.352486
RAS,Residential,Singapore,2010,27.055102,7.515306
RAS,Residential,Singapore,2011,26.686663,7.412962
RAS,Residential,Singapore,2012,27.239321,7.566478
RAS,Residential,Singapore,2013,27.942703,7.761862
RAS,Residential,Singapore,2014,28.49536,7.915378
RAS,Residential,Singapore,2015,29.62161,8.228225
RAS,Residential,Singapore,2016,30.953012,8.598059
RAS,Residential,Singapore,2017,29.918873,8.310798
RAS,Residential,Singapore,2018,29.759774,8.266604
RAS,Residential,Singapore,2019,31.30889,8.696914
RAS,Residential,Singapore,2020,33.900519,9.416811
RAS,Residential,Singapore,2021,33.917267,9.421463
RAS,Residential,Singapore,2022,32.397459,8.999294
RAS,Residential,Singapore,2023,32.682161,9.078378
RAS,Residential,Singapore,2024,34.070922,9.464145
RAS,Residential,Singapore,2025,61.301562,17.028212
RAS,Residential,Singapore,2026,60.412896,16.78136
RAS,Residential,Singapore,2027,59.52819,16.535608
RAS,Residential,Singapore,2028,58.610413,16.28067
RAS,Residential,Singapore,2029,57.630072,16.008353
RAS,Residential,Singapore,2030,56.613969,15.726102
RAS,Residential,Singapore,2031,55.599329,15.444258
RAS,Residential,Singapore,2032,54.556278,15.154522
RAS,Residential,Singapore,2033,53.508863,14.863573
RAS,Residential,Singapore,2034,52.415759,14.559933
RAS,Residential,Singapore,2035,51.274257,14.242849
RAS,Residential,Singapore,2036,50.359655,13.988793
RAS,Residential,Singapore,2037,49.422982,13.728606
RAS,Residential,Singapore,2038,49.200323,13.666756
RAS,Residential,Singapore,2039,48.941374,13.594826
RAS,Residential,Singapore,2040,48.640695,13.511304
RAS,Residential,Singapore,2041,48.310081,13.419467
RAS,Residential,Singapore,2042,47.971197,13.325332
RAS,Residential,Singapore,2043,47.623514,13.228754
RAS,Residential,Singapore,2044,47.23944,13.122067
RAS,Residential,Singapore,2045,46.865825,13.018285
RAS,Residential,Singapore,2046,46.50449,12.917914
RAS,Residential,Singapore,2047,46.118458,12.810683
RAS,Residential,Singapore,2048,45.768595,12.713499
RAS,Residential,Singapore,2049,45.39402,12.60945
RAS,Residential,Singapore,2050,45.009283,12.502579
RAS,Residential,Singapore,2051,44.33313,12.314758
RAS,Residential,Singapore,2052,44.132855,12.259126
RAS,Residential,Singapore,2053,43.936387,12.204552
RAS,Residential,Singapore,2054,43.717204,12.143668
RAS,Residential,Singapore,2055,43.476444,12.07679
RAS,Residential,Singapore,2056,43.247319,12.013144
RAS,Residential,Singapore,2057,43.026152,11.951709
RAS,Residential,Singapore,2058,42.786267,11.885074
RAS,Residential,Singapore,2059,42.543165,11.817546
RAS,Residential,Singapore,2060,42.287776,11.746604
RAS,Residential,Thailand,2005,373.769452,103.824848
RAS,Residential,Thailand,2006,378.094668,105.026297
RAS,Residential,Thailand,2007,400.023326,111.117591
RAS,Residential,Thailand,2008,416.715762,115.754378
RAS,Residential,Thailand,2009,422.382638,117.328511
RAS,Residential,Thailand,2010,458.990888,127.497469
RAS,Residential,Thailand,2011,462.224855,128.395793
RAS,Residential,Thailand,2012,431.445972,119.846103
RAS,Residential,Thailand,2013,475.933192,132.203664
RAS,Residential,Thailand,2014,479.764449,133.267902
RAS,Residential,Thailand,2015,464.691048,129.080847
RAS,Residential,Thailand,2016,463.519498,128.755416
RAS,Residential,Thailand,2017,455.10516,126.4181
RAS,Residential,Thailand,2018,460.589868,127.94163
RAS,Residential,Thailand,2019,467.707428,129.91873
RAS,Residential,Thailand,2020,424.9602,118.0445
RAS,Residential,Thailand,2021,405.0729,112.52025
RAS,Residential,Thailand,2022,407.79432,113.2762
RAS,Residential,Thailand,2023,412.651008,114.62528
RAS,Residential,Thailand,2024,431.366004,119.82389
RAS,Residential,Thailand,2025,442.740584,122.983496
RAS,Residential,Thailand,2026,403.32271,112.034086
RAS,Residential,Thailand,2027,367.292698,102.025749
RAS,Residential,Thailand,2028,360.988882,100.274689
RAS,Residential,Thailand,2029,355.373709,98.714919
RAS,Residential,Thailand,2030,350.311553,97.308765
RAS,Residential,Thailand,2031,345.756257,96.043405
RAS,Residential,Thailand,2032,341.910864,94.97524
RAS,Residential,Thailand,2033,338.720733,94.089092
RAS,Residential,Thailand,2034,336.357014,93.432504
RAS,Residential,Thailand,2035,334.473225,92.909229
RAS,Residential,Thailand,2036,332.411985,92.336663
RAS,Residential,Thailand,2037,331.499567,92.083213
RAS,Residential,Thailand,2038,331.033686,91.953802
RAS,Residential,Thailand,2039,330.581197,91.82811
RAS,Residential,Thailand,2040,330.139198,91.705333
RAS,Residential,Thailand,2041,329.690384,91.580662
RAS,Residential,Thailand,2042,329.171849,91.436625
RAS,Residential,Thailand,2043,328.597719,91.277144
RAS,Residential,Thailand,2044,327.747149,91.040875
RAS,Residential,Thailand,2045,326.55341,90.709281
RAS,Residential,Thailand,2046,325.404756,90.39021
RAS,Residential,Thailand,2047,324.27282,90.075783
RAS,Residential,Thailand,2048,323.019176,89.727549
RAS,Residential,Thailand,2049,321.601232,89.333676
RAS,Residential,Thailand,2050,320.194311,88.942864
RAS,Residential,Thailand,2051,318.803162,88.556434
RAS,Residential,Thailand,2052,317.349465,88.152629
RAS,Residential,Thailand,2053,315.824929,87.729147
RAS,Residential,Thailand,2054,314.175372,87.270937
RAS,Residential,Thailand,2055,312.569857,86.82496
RAS,Residential,Thailand,2056,310.860066,86.350018
RAS,Residential,Thailand,2057,309.157324,85.877034
RAS,Residential,Thailand,2058,307.462987,85.406385
RAS,Residential,Thailand,2059,305.790469,84.941797
RAS,Residential,Thailand,2060,303.905433,84.418176
RAS,Residential,Vietnam,2005,630.825156,175.22921
RAS,Residential,Vietnam,2006,652.973328,181.38148
RAS,Residential,Vietnam,2007,658.541772,182.92827
RAS,Residential,Vietnam,2008,664.780104,184.66114
RAS,Residential,Vietnam,2009,686.760804,190.76689
RAS,Residential,Vietnam,2010,647.69796,179.9161
RAS,Residential,Vietnam,2011,650.251908,180.62553
RAS,Residential,Vietnam,2012,662.14242,183.92845
RAS,Residential,Vietnam,2013,657.620676,182.67241
RAS,Residential,Vietnam,2014,623.791332,173.27537
RAS,Residential,Vietnam,2015,441.037512,122.51042
RAS,Residential,Vietnam,2016,443.130912,123.09192
RAS,Residential,Vietnam,2017,477.08586,132.52385
RAS,Residential,Vietnam,2018,437.30791,121.474419
RAS,Residential,Vietnam,2019,437.158024,121.432784
RAS,Residential,Vietnam,2020,427.420364,118.727879
RAS,Residential,Vietnam,2021,432.872414,120.242337
RAS,Residential,Vietnam,2022,420.044897,116.679138
RAS,Residential,Vietnam,2023,426.145902,118.373862
RAS,Residential,Vietnam,2024,448.001835,124.444954
RAS,Residential,Vietnam,2025,572.937575,159.149326
RAS,Residential,Vietnam,2026,563.964612,156.656837
RAS,Residential,Vietnam,2027,554.807327,154.113146
RAS,Residential,Vietnam,2028,545.004093,151.390026
RAS,Residential,Vietnam,2029,534.667033,148.51862
RAS,Residential,Vietnam,2030,524.773236,145.770343
RAS,Residential,Vietnam,2031,513.698678,142.694077
RAS,Residential,Vietnam,2032,502.804547,139.66793
RAS,Residential,Vietnam,2033,492.279301,136.74425
RAS,Residential,Vietnam,2034,482.119561,133.9221
RAS,Residential,Vietnam,2035,472.595309,131.276475
RAS,Residential,Vietnam,2036,465.655035,129.348621
RAS,Residential,Vietnam,2037,458.27876,127.299656
RAS,Residential,Vietnam,2038,455.708771,126.58577
RAS,Residential,Vietnam,2039,452.78931,125.774808
RAS,Residential,Vietnam,2040,452.229162,125.619212
RAS,Residential,Vietnam,2041,454.749279,126.319244
RAS,Residential,Vietnam,2042,457.099836,126.972177
RAS,Residential,Vietnam,2043,460.634878,127.954133
RAS,Residential,Vietnam,2044,463.599316,128.777588
RAS,Residential,Vietnam,2045,466.354631,129.542953
RAS,Residential,Vietnam,2046,469.180798,130.327999
RAS,Residential,Vietnam,2047,471.785331,131.051481
RAS,Residential,Vietnam,2048,474.256224,131.73784
RAS,Residential,Vietnam,2049,475.828857,132.174682
RAS,Residential,Vietnam,2050,477.854277,132.737299
RAS,Residential,Vietnam,2051,480.507052,133.474181
RAS,Residential,Vietnam,2052,483.687651,134.357681
RAS,Residential,Vietnam,2053,486.945433,135.26262
RAS,Residential,Vietnam,2054,490.193306,136.164807
RAS,Residential,Vietnam,2055,492.582266,136.828407
RAS,Residential,Vietnam,2056,494.821521,137.450422
RAS,Residential,Vietnam,2057,497.068968,138.074713
RAS,Residential,Vietnam,2058,499.085665,138.634907
RAS,Residential,Vietnam,2059,500.941405,139.15039
RAS,Residential,Vietnam,2060,502.776471,139.660131
RAS,Transport,Brunei,2006,0.432725,0.120201
RAS,Transport,Brunei,2007,0.68444,0.190122
RAS,Transport,Brunei,2008,0.725821,0.201617
RAS,Transport,Brunei,2009,1.418656,0.394071
RAS,Transport,Brunei,2010,1.61661,0.449058
RAS,Transport,Brunei,2011,1.671933,0.464426
RAS,Transport,Brunei,2012,1.821096,0.50586
RAS,Transport,Brunei,2013,2.206552,0.612931
RAS,Transport,Brunei,2014,2.365585,0.657107
RAS,Transport,Brunei,2015,2.8857,0.801583
RAS,Transport,Brunei,2016,3.34142,0.928172
RAS,Transport,Brunei,2017,3.353494,0.931526
RAS,Transport,Brunei,2018,3.341498,0.928194
RAS,Transport,Brunei,2019,3.587566,0.996546
RAS,Transport,Brunei,2020,4.062922,1.128589
RAS,Transport,Brunei,2021,4.275548,1.187652
RAS,Transport,Brunei,2022,4.169518,1.158199
RAS,Transport,Brunei,2023,4.339657,1.20546
RAS,Transport,Brunei,2024,5.228915,1.452476
RAS,Transport,Brunei,2025,6.264671,1.740186
RAS,Transport,Brunei,2026,7.411447,2.058735
RAS,Transport,Brunei,2027,8.650694,2.402971
RAS,Transport,Brunei,2028,9.929252,2.758126
RAS,Transport,Brunei,2029,11.203299,3.112028
RAS,Transport,Brunei,2030,12.450019,3.458339
RAS,Transport,Brunei,2031,13.648449,3.791236
RAS,Transport,Brunei,2032,14.764923,4.101367
RAS,Transport,Brunei,2033,15.772211,4.38117
RAS,Transport,Brunei,2034,16.649949,4.624986
RAS,Transport,Brunei,2035,17.386032,4.829453
RAS,Transport,Brunei,2036,17.970684,4.991857
RAS,Transport,Brunei,2037,18.402345,5.111763
RAS,Transport,Brunei,2038,18.68252,5.189589
RAS,Transport,Brunei,2039,18.813356,5.225932
RAS,Transport,Brunei,2040,18.798895,5.221915
RAS,Transport,Brunei,2041,18.679618,5.188783
RAS,Transport,Brunei,2042,18.470896,5.130804
RAS,Transport,Brunei,2043,18.177411,5.049281
RAS,Transport,Brunei,2044,17.816595,4.949054
RAS,Transport,Brunei,2045,17.417655,4.838238
RAS,Transport,Brunei,2046,17.006169,4.723936
RAS,Transport,Brunei,2047,16.600914,4.611365
RAS,Transport,Brunei,2048,16.212802,4.503556
RAS,Transport,Brunei,2049,15.85246,4.403461
RAS,Transport,Brunei,2050,15.529354,4.313709
RAS,Transport,Brunei,2051,15.245306,4.234807
RAS,Transport,Brunei,2052,14.999528,4.166536
RAS,Transport,Brunei,2053,14.789018,4.108061
RAS,Transport,Brunei,2054,14.609426,4.058174
RAS,Transport,Brunei,2055,14.455753,4.015487
RAS,Transport,Brunei,2056,14.322789,3.978552
RAS,Transport,Brunei,2057,14.205635,3.94601
RAS,Transport,Brunei,2058,14.099801,3.916611
RAS,Transport,Brunei,2059,14.001836,3.889399
RAS,Transport,Brunei,2060,13.908943,3.863595
RAS,Transport,Cambodia,2005,0.405748,0.112708
RAS,Transport,Cambodia,2006,11.147654,3.096571
RAS,Transport,Cambodia,2007,19.618198,5.449499
RAS,Transport,Cambodia,2008,22.034785,6.120774
RAS,Transport,Cambodia,2009,23.634475,6.565132
RAS,Transport,Cambodia,2010,26.380861,7.328017
RAS,Transport,Cambodia,2011,30.981931,8.606092
RAS,Transport,Cambodia,2012,40.519034,11.255287
RAS,Transport,Cambodia,2013,54.63027,15.175075
RAS,Transport,Cambodia,2014,69.66574,19.351594
RAS,Transport,Cambodia,2015,84.039856,23.344404
RAS,Transport,Cambodia,2016,96.636031,26.843342
RAS,Transport,Cambodia,2017,111.517091,30.97697
RAS,Transport,Cambodia,2018,124.298861,34.527461
RAS,Transport,Cambodia,2019,135.651204,37.68089
RAS,Transport,Cambodia,2020,125.896895,34.97136
RAS,Transport,Cambodia,2021,128.839493,35.788748
RAS,Transport,Cambodia,2022,137.158017,38.099449
RAS,Transport,Cambodia,2023,138.569663,38.491573
RAS,Transport,Cambodia,2024,148.918507,41.366252
RAS,Transport,Cambodia,2025,159.255387,44.237607
RAS,Transport,Cambodia,2026,170.717737,47.421594
RAS,Transport,Cambodia,2027,183.13466,50.870739
RAS,Transport,Cambodia,2028,196.367979,54.546661
RAS,Transport,Cambodia,2029,210.225039,58.395844
RAS,Transport,Cambodia,2030,224.34991,62.319419
RAS,Transport,Cambodia,2031,238.648989,66.291386
RAS,Transport,Cambodia,2032,253.03086,70.28635
RAS,Transport,Cambodia,2033,267.468313,74.296754
RAS,Transport,Cambodia,2034,281.549244,78.208123
RAS,Transport,Cambodia,2035,295.212764,82.003546
RAS,Transport,Cambodia,2036,308.181911,85.606086
RAS,Transport,Cambodia,2037,320.223434,88.950954
RAS,Transport,Cambodia,2038,331.003964,91.945546
RAS,Transport,Cambodia,2039,340.371666,94.547685
RAS,Transport,Cambodia,2040,348.270262,96.741739
RAS,Transport,Cambodia,2041,354.415472,98.448742
RAS,Transport,Cambodia,2042,358.889298,99.691472
RAS,Transport,Cambodia,2043,361.806637,100.501844
RAS,Transport,Cambodia,2044,363.213141,100.892539
RAS,Transport,Cambodia,2045,363.355642,100.932123
RAS,Transport,Cambodia,2046,362.329707,100.647141
RAS,Transport,Cambodia,2047,360.398376,100.11066
RAS,Transport,Cambodia,2048,357.785364,99.384823
RAS,Transport,Cambodia,2049,354.594031,98.498342
RAS,Transport,Cambodia,2050,351.009138,97.502538
RAS,Transport,Cambodia,2051,347.145734,96.429371
RAS,Transport,Cambodia,2052,343.094928,95.304147
RAS,Transport,Cambodia,2053,338.925757,94.146044
RAS,Transport,Cambodia,2054,334.689892,92.969414
RAS,Transport,Cambodia,2055,330.424763,91.784656
RAS,Transport,Cambodia,2056,326.156646,90.599068
RAS,Transport,Cambodia,2057,321.903767,89.417713
RAS,Transport,Cambodia,2058,317.677733,88.243815
RAS,Transport,Cambodia,2059,313.488156,87.080043
RAS,Transport,Cambodia,2060,309.341756,85.928266
RAS,Transport,Indonesia,2005,1059.033047,294.175846
RAS,Transport,Indonesia,2006,1173.603045,326.000846
RAS,Transport,Indonesia,2007,1257.727235,349.368676
RAS,Transport,Indonesia,2008,1298.216102,360.615584
RAS,Transport,Indonesia,2009,1306.351808,362.875502
RAS,Transport,Indonesia,2010,1976.331373,548.980937
RAS,Transport,Indonesia,2011,2184.980851,606.939125
RAS,Transport,Indonesia,2012,2435.418954,676.505265
RAS,Transport,Indonesia,2013,2702.017227,750.560341
RAS,Transport,Indonesia,2014,2928.983371,813.606492
RAS,Transport,Indonesia,2015,3147.530928,874.314147
RAS,Transport,Indonesia,2016,3350.640996,930.73361
RAS,Transport,Indonesia,2017,3631.521591,1008.755997
RAS,Transport,Indonesia,2018,3919.659061,1088.794184
RAS,Transport,Indonesia,2019,4300.007121,1194.446422
RAS,Transport,Indonesia,2020,4086.538757,1135.149655
RAS,Transport,Indonesia,2021,4077.782917,1132.717477
RAS,Transport,Indonesia,2022,4436.408344,1232.335651
RAS,Transport,Indonesia,2023,4655.074805,1293.076335
RAS,Transport,Indonesia,2024,4998.971696,1388.603249
RAS,Transport,Indonesia,2025,5418.814347,1505.226207
RAS,Transport,Indonesia,2026,5903.632229,1639.897841
RAS,Transport,Indonesia,2027,6439.828506,1788.841252
RAS,Transport,Indonesia,2028,7030.578838,1952.938566
RAS,Transport,Indonesia,2029,7662.994683,2128.609634
RAS,Transport,Indonesia,2030,8329.746381,2313.818439
RAS,Transport,Indonesia,2031,9024.77212,2506.881144
RAS,Transport,Indonesia,2032,9736.48134,2704.57815
RAS,Transport,Indonesia,2033,10461.774754,2906.048543
RAS,Transport,Indonesia,2034,11184.35208,3106.764467
RAS,Transport,Indonesia,2035,11897.888705,3304.969085
RAS,Transport,Indonesia,2036,12604.077671,3501.132686
RAS,Transport,Indonesia,2037,13291.328915,3692.03581
RAS,Transport,Indonesia,2038,13950.390324,3875.108423
RAS,Transport,Indonesia,2039,14579.798948,4049.944152
RAS,Transport,Indonesia,2040,15179.723245,4216.58979
RAS,Transport,Indonesia,2041,15740.675422,4372.409839
RAS,Transport,Indonesia,2042,16263.914517,4517.754033
RAS,Transport,Indonesia,2043,16755.81239,4654.392331
RAS,Transport,Indonesia,2044,17220.255614,4783.404337
RAS,Transport,Indonesia,2045,17662.838641,4906.344067
RAS,Transport,Indonesia,2046,18085.143906,5023.651085
RAS,Transport,Indonesia,2047,18491.768194,5136.602276
RAS,Transport,Indonesia,2048,18887.665534,5246.573759
RAS,Transport,Indonesia,2049,19273.129504,5353.647084
RAS,Transport,Indonesia,2050,19649.20991,5458.113864
RAS,Transport,Indonesia,2051,20015.819646,5559.949902
RAS,Transport,Indonesia,2052,20371.965738,5658.879372
RAS,Transport,Indonesia,2053,20716.20113,5754.500314
RAS,Transport,Indonesia,2054,21046.690241,5846.302845
RAS,Transport,Indonesia,2055,21361.567217,5933.768671
RAS,Transport,Indonesia,2056,21658.82952,6016.341533
RAS,Transport,Indonesia,2057,21937.04633,6093.623981
RAS,Transport,Indonesia,2058,22194.917961,6165.254989
RAS,Transport,Indonesia,2059,22431.364799,6230.934666
RAS,Transport,Indonesia,2060,22645.632813,6290.453559
RAS,Transport,Laos,2005,0.13942,0.038728
RAS,Transport,Laos,2006,6.014358,1.670655
RAS,Transport,Laos,2007,9.813948,2.726097
RAS,Transport,Laos,2008,13.711535,3.80876
RAS,Transport,Laos,2009,17.213966,4.781657
RAS,Transport,Laos,2010,20.490885,5.691912
RAS,Transport,Laos,2011,26.284105,7.30114
RAS,Transport,Laos,2012,32.813036,9.114732
RAS,Transport,Laos,2013,39.445877,10.957188
RAS,Transport,Laos,2014,45.31019,12.586164
RAS,Transport,Laos,2015,49.511706,13.753252
RAS,Transport,Laos,2016,52.308258,14.530072
RAS,Transport,Laos,2017,57.761492,16.044859
RAS,Transport,Laos,2018,62.575242,17.382012
RAS,Transport,Laos,2019,65.534252,18.203959
RAS,Transport,Laos,2020,66.751785,18.542162
RAS,Transport,Laos,2021,68.517562,19.032656
RAS,Transport,Laos,2022,74.99112,20.830867
RAS,Transport,Laos,2023,78.683765,21.856601
RAS,Transport,Laos,2024,82.780069,22.994464
RAS,Transport,Laos,2025,87.526911,24.313031
RAS,Transport,Laos,2026,92.974269,25.826186
RAS,Transport,Laos,2027,98.992596,27.497943
RAS,Transport,Laos,2028,105.494801,29.304111
RAS,Transport,Laos,2029,112.381825,31.217174
RAS,Transport,Laos,2030,119.456926,33.182479
RAS,Transport,Laos,2031,126.551153,35.153098
RAS,Transport,Laos,2032,133.513604,37.087112
RAS,Transport,Laos,2033,140.30682,38.974117
RAS,Transport,Laos,2034,146.720471,40.755686
RAS,Transport,Laos,2035,152.672379,42.408994
RAS,Transport,Laos,2036,158.021746,43.894929
RAS,Transport,Laos,2037,162.636048,45.17668
RAS,Transport,Laos,2038,166.469189,46.241441
RAS,Transport,Laos,2039,169.454509,47.070697
RAS,Transport,Laos,2040,171.648072,47.68002
RAS,Transport,Laos,2041,172.997944,48.054984
RAS,Transport,Laos,2042,173.509646,48.197124
RAS,Transport,Laos,2043,173.349951,48.152764
RAS,Transport,Laos,2044,172.561304,47.933696
RAS,Transport,Laos,2045,171.216799,47.560222
RAS,Transport,Laos,2046,169.378334,47.049537
RAS,Transport,Laos,2047,167.136888,46.426913
RAS,Transport,Laos,2048,164.622781,45.72855
RAS,Transport,Laos,2049,161.897719,44.971589
RAS,Transport,Laos,2050,159.030217,44.17506
RAS,Transport,Laos,2051,156.082807,43.356335
RAS,Transport,Laos,2052,153.104846,42.529124
RAS,Transport,Laos,2053,150.133037,41.703621
RAS,Transport,Laos,2054,147.194206,40.887279
RAS,Transport,Laos,2055,144.306562,40.085156
RAS,Transport,Laos,2056,141.481601,39.300445
RAS,Transport,Laos,2057,138.726275,38.535076
RAS,Transport,Laos,2058,136.043705,37.789918
RAS,Transport,Laos,2059,133.435182,37.065328
RAS,Transport,Laos,2060,130.900194,36.361165
RAS,Transport,Malaysia,2005,437.418027,121.505007
RAS,Transport,Malaysia,2006,450.171909,125.047752
RAS,Transport,Malaysia,2007,451.238634,125.344065
RAS,Transport,Malaysia,2008,453.527196,125.979777
RAS,Transport,Malaysia,2009,490.843075,136.345299
RAS,Transport,Malaysia,2010,500.325336,138.97926
RAS,Transport,Malaysia,2011,491.468874,136.519132
RAS,Transport,Malaysia,2012,532.070433,147.797342
RAS,Transport,Malaysia,2013,562.249682,156.180467
RAS,Transport,Malaysia,2014,578.128332,160.591203
RAS,Transport,Malaysia,2015,612.246633,170.068509
RAS,Transport,Malaysia,2016,611.546844,169.874123
RAS,Transport,Malaysia,2017,627.610528,174.336258
RAS,Transport,Malaysia,2018,697.078884,193.633023
RAS,Transport,Malaysia,2019,721.392316,200.386754
RAS,Transport,Malaysia,2020,668.145563,185.59599
RAS,Transport,Malaysia,2021,647.211087,179.780857
RAS,Transport,Malaysia,2022,687.521465,190.978185
RAS,Transport,Malaysia,2023,736.409744,204.558262
RAS,Transport,Malaysia,2024,852.578159,236.827266
RAS,Transport,Malaysia,2025,987.959072,274.433076
RAS,Transport,Malaysia,2026,1135.583892,315.43997
RAS,Transport,Malaysia,2027,1288.993909,358.053864
RAS,Transport,Malaysia,2028,1441.570199,400.436166
RAS,Transport,Malaysia,2029,1589.130273,441.425076
RAS,Transport,Malaysia,2030,1729.721395,480.478165
RAS,Transport,Malaysia,2031,1859.682789,516.578553
RAS,Transport,Malaysia,2032,1977.295214,549.248671
RAS,Transport,Malaysia,2033,2082.20155,578.389319
RAS,Transport,Malaysia,2034,2173.939355,603.872043
RAS,Transport,Malaysia,2035,2252.633839,625.731622
RAS,Transport,Malaysia,2036,2323.140658,645.316849
RAS,Transport,Malaysia,2037,2383.017976,661.949438
RAS,Transport,Malaysia,2038,2431.219268,675.338686
RAS,Transport,Malaysia,2039,2467.548148,685.430041
RAS,Transport,Malaysia,2040,2492.268148,692.296708
RAS,Transport,Malaysia,2041,2505.938672,696.094076
RAS,Transport,Malaysia,2042,2509.868498,697.185694
RAS,Transport,Malaysia,2043,2506.310656,696.197404
RAS,Transport,Malaysia,2044,2498.300941,693.972484
RAS,Transport,Malaysia,2045,2488.409441,691.224845
RAS,Transport,Malaysia,2046,2478.558049,688.488347
RAS,Transport,Malaysia,2047,2470.299801,686.194389
RAS,Transport,Malaysia,2048,2464.594219,684.609505
RAS,Transport,Malaysia,2049,2461.839204,683.844223
RAS,Transport,Malaysia,2050,2462.028583,683.896829
RAS,Transport,Malaysia,2051,2464.852012,684.681114
RAS,Transport,Malaysia,2052,2469.737164,686.038101
RAS,Transport,Malaysia,2053,2475.99435,687.776208
RAS,Transport,Malaysia,2054,2483.018948,689.727486
RAS,Transport,Malaysia,2055,2490.264934,691.740259
RAS,Transport,Malaysia,2056,2497.282583,693.689606
RAS,Transport,Malaysia,2057,2503.806494,695.501804
RAS,Transport,Malaysia,2058,2509.665778,697.129383
RAS,Transport,Malaysia,2059,2514.769134,698.546982
RAS,Transport,Malaysia,2060,2519.068763,699.741323
RAS,Transport,Myanmar,2005,2.294785,0.63744
RAS,Transport,Myanmar,2006,20.900852,5.805792
RAS,Transport,Myanmar,2007,26.767626,7.435452
RAS,Transport,Myanmar,2008,37.846366,10.512879
RAS,Transport,Myanmar,2009,44.673732,12.40937
RAS,Transport,Myanmar,2010,55.079193,15.299776
RAS,Transport,Myanmar,2011,70.293099,19.525861
RAS,Transport,Myanmar,2012,86.477919,24.021644
RAS,Transport,Myanmar,2013,103.629297,28.785916
RAS,Transport,Myanmar,2014,119.562844,33.211901
RAS,Transport,Myanmar,2015,138.285508,38.412641
RAS,Transport,Myanmar,2016,156.967523,43.60209
RAS,Transport,Myanmar,2017,180.861027,50.239174
RAS,Transport,Myanmar,2018,205.798887,57.166358
RAS,Transport,Myanmar,2019,222.730928,61.869702
RAS,Transport,Myanmar,2020,221.594261,61.553961
RAS,Transport,Myanmar,2021,217.778602,60.494056
RAS,Transport,Myanmar,2022,229.841298,63.844805
RAS,Transport,Myanmar,2023,224.520297,62.366749
RAS,Transport,Myanmar,2024,254.461532,70.683759
RAS,Transport,Myanmar,2025,289.243197,80.345332
RAS,Transport,Myanmar,2026,328.645667,91.290463
RAS,Transport,Myanmar,2027,371.986959,103.329711
RAS,Transport,Myanmar,2028,418.803235,116.334232
RAS,Transport,Myanmar,2029,468.917263,130.254795
RAS,Transport,Myanmar,2030,521.661125,144.905868
RAS,Transport,Myanmar,2031,576.490407,160.136224
RAS,Transport,Myanmar,2032,632.855458,175.793183
RAS,Transport,Myanmar,2033,690.120364,191.700101
RAS,Transport,Myanmar,2034,746.635691,207.398803
RAS,Transport,Myanmar,2035,801.887851,222.746625
RAS,Transport,Myanmar,2036,854.839413,237.455393
RAS,Transport,Myanmar,2037,904.566888,251.26858
RAS,Transport,Myanmar,2038,950.372182,263.992273
RAS,Transport,Myanmar,2039,991.545905,275.429418
RAS,Transport,Myanmar,2040,1027.770442,285.491789
RAS,Transport,Myanmar,2041,1058.043279,293.900911
RAS,Transport,Myanmar,2042,1082.562932,300.711926
RAS,Transport,Myanmar,2043,1101.595598,305.998777
RAS,Transport,Myanmar,2044,1115.196975,309.776938
RAS,Transport,Myanmar,2045,1124.179882,312.272189
RAS,Transport,Myanmar,2046,1129.012401,313.614556
RAS,Transport,Myanmar,2047,1130.39941,313.999836
RAS,Transport,Myanmar,2048,1128.960523,313.600145
RAS,Transport,Myanmar,2049,1124.999244,312.49979
RAS,Transport,Myanmar,2050,1119.156214,310.876726
RAS,Transport,Myanmar,2051,1111.795995,308.832221
RAS,Transport,Myanmar,2052,1103.229939,306.452761
RAS,Transport,Myanmar,2053,1093.720632,303.811287
RAS,Transport,Myanmar,2054,1083.48631,300.968419
RAS,Transport,Myanmar,2055,1072.705587,297.973774
RAS,Transport,Myanmar,2056,1061.52158,294.867106
RAS,Transport,Myanmar,2057,1050.047793,291.679942
RAS,Transport,Myanmar,2058,1038.374036,288.437232
RAS,Transport,Myanmar,2059,1026.5717,285.158806
RAS,Transport,Myanmar,2060,1014.697,281.860278
RAS,Transport,Philippines,2005,53.664728,14.906869
RAS,Transport,Philippines,2006,72.677386,20.188163
RAS,Transport,Philippines,2007,82.723659,22.978794
RAS,Transport,Philippines,2008,78.098442,21.694012
RAS,Transport,Philippines,2009,87.462637,24.295177
RAS,Transport,Philippines,2010,107.169923,29.769423
RAS,Transport,Philippines,2011,119.034307,33.065085
RAS,Transport,Philippines,2012,143.982784,39.995218
RAS,Transport,Philippines,2013,171.77382,47.71495
RAS,Transport,Philippines,2014,198.772257,55.214516
RAS,Transport,Philippines,2015,245.697788,68.249386
RAS,Transport,Philippines,2016,280.973098,78.048083
RAS,Transport,Philippines,2017,310.232044,86.175568
RAS,Transport,Philippines,2018,342.590484,95.164023
RAS,Transport,Philippines,2019,381.376346,105.937874
RAS,Transport,Philippines,2020,354.861487,98.572635
RAS,Transport,Philippines,2021,352.559023,97.933062
RAS,Transport,Philippines,2022,391.530627,108.758508
RAS,Transport,Philippines,2023,417.864891,116.073581
RAS,Transport,Philippines,2024,467.338907,129.816363
RAS,Transport,Philippines,2025,525.389175,145.941438
RAS,Transport,Philippines,2026,589.65694,163.793594
RAS,Transport,Philippines,2027,658.795184,182.998662
RAS,Transport,Philippines,2028,731.437417,203.17706
RAS,Transport,Philippines,2029,806.39772,223.999367
RAS,Transport,Philippines,2030,882.077067,245.021407
RAS,Transport,Philippines,2031,957.638725,266.010757
RAS,Transport,Philippines,2032,1032.161162,286.711434
RAS,Transport,Philippines,2033,1103.855941,306.62665
RAS,Transport,Philippines,2034,1172.447914,325.679976
RAS,Transport,Philippines,2035,1235.736008,343.260002
RAS,Transport,Philippines,2036,1294.675179,359.631994
RAS,Transport,Philippines,2037,1348.159265,374.488685
RAS,Transport,Philippines,2038,1395.250731,387.569648
RAS,Transport,Philippines,2039,1436.550766,399.041879
RAS,Transport,Philippines,2040,1470.85408,408.570578
RAS,Transport,Philippines,2041,1499.306299,416.473972
RAS,Transport,Philippines,2042,1521.390923,422.60859
RAS,Transport,Philippines,2043,1537.717699,427.143805
RAS,Transport,Philippines,2044,1549.021213,430.28367
RAS,Transport,Philippines,2045,1556.527331,432.368703
RAS,Transport,Philippines,2046,1560.81049,433.558469
RAS,Transport,Philippines,2047,1563.461458,434.294849
RAS,Transport,Philippines,2048,1564.674969,434.631936
RAS,Transport,Philippines,2049,1564.147551,434.485431
RAS,Transport,Philippines,2050,1563.830434,434.397343
RAS,Transport,Philippines,2051,1563.499987,434.305552
RAS,Transport,Philippines,2052,1563.330004,434.258334
RAS,Transport,Philippines,2053,1563.4077,434.279917
RAS,Transport,Philippines,2054,1563.754137,434.376149
RAS,Transport,Philippines,2055,1564.349673,434.541576
RAS,Transport,Philippines,2056,1565.150592,434.764053
RAS,Transport,Philippines,2057,1566.109485,435.030412
RAS,Transport,Philippines,2058,1567.180538,435.327927
RAS,Transport,Philippines,2059,1568.33575,435.648819
RAS,Transport,Philippines,2060,1569.565942,435.990539
RAS,Transport,Singapore,2005,4.312404,1.19789
RAS,Transport,Singapore,2006,12.751484,3.542079
RAS,Transport,Singapore,2007,16.907537,4.696538
RAS,Transport,Singapore,2008,40.969595,11.380443
RAS,Transport,Singapore,2009,51.899274,14.416465
RAS,Transport,Singapore,2010,54.4934,15.137056
RAS,Transport,Singapore,2011,56.532293,15.703415
RAS,Transport,Singapore,2012,57.69866,16.027406
RAS,Transport,Singapore,2013,64.474879,17.909689
RAS,Transport,Singapore,2014,66.953054,18.598071
RAS,Transport,Singapore,2015,67.974418,18.881783
RAS,Transport,Singapore,2016,69.133418,19.203727
RAS,Transport,Singapore,2017,74.609832,20.724953
RAS,Transport,Singapore,2018,79.499527,22.083202
RAS,Transport,Singapore,2019,86.685534,24.079315
RAS,Transport,Singapore,2020,90.882055,25.245015
RAS,Transport,Singapore,2021,89.590656,24.886293
RAS,Transport,Singapore,2022,94.881354,26.355932
RAS,Transport,Singapore,2023,98.314003,27.309445
RAS,Transport,Singapore,2024,103.143622,28.651006
RAS,Transport,Singapore,2025,109.49396,30.414989
RAS,Transport,Singapore,2026,117.163121,32.545311
RAS,Transport,Singapore,2027,125.594626,34.887396
RAS,Transport,Singapore,2028,134.587099,37.385305
RAS,Transport,Singapore,2029,144.176662,40.049073
RAS,Transport,Singapore,2030,154.032381,42.786772
RAS,Transport,Singapore,2031,164.331631,45.647675
RAS,Transport,Singapore,2032,174.58783,48.496619
RAS,Transport,Singapore,2033,184.722844,51.311901
RAS,Transport,Singapore,2034,194.801738,54.111594
RAS,Transport,Singapore,2035,204.529633,56.813787
RAS,Transport,Singapore,2036,213.785447,59.384846
RAS,Transport,Singapore,2037,222.463257,61.795349
RAS,Transport,Singapore,2038,230.57853,64.049592
RAS,Transport,Singapore,2039,238.086,66.135
RAS,Transport,Singapore,2040,245.03145,68.064292
RAS,Transport,Singapore,2041,251.385155,69.82921
RAS,Transport,Singapore,2042,257.021178,71.394772
RAS,Transport,Singapore,2043,262.122205,72.811724
RAS,Transport,Singapore,2044,266.675339,74.076483
RAS,Transport,Singapore,2045,270.763485,75.212079
RAS,Transport,Singapore,2046,274.525346,76.257041
RAS,Transport,Singapore,2047,277.892466,77.192352
RAS,Transport,Singapore,2048,281.026408,78.062891
RAS,Transport,Singapore,2049,283.926531,78.868481
RAS,Transport,Singapore,2050,286.625643,79.618234
RAS,Transport,Singapore,2051,289.161185,80.322551
RAS,Transport,Singapore,2052,291.573228,80.992563
RAS,Transport,Singapore,2053,293.851126,81.625313
RAS,Transport,Singapore,2054,296.003151,82.223097
RAS,Transport,Singapore,2055,298.033981,82.787217
RAS,Transport,Singapore,2056,299.943472,83.317631
RAS,Transport,Singapore,2057,301.731704,83.814362
RAS,Transport,Singapore,2058,303.398244,84.27729
RAS,Transport,Singapore,2059,304.943431,84.706509
RAS,Transport,Singapore,2060,306.367619,85.102116
RAS,Transport,Thailand,2005,91.436059,25.398905
RAS,Transport,Thailand,2006,121.399916,33.722199
RAS,Transport,Thailand,2007,158.450999,44.014166
RAS,Transport,Thailand,2008,191.202622,53.111839
RAS,Transport,Thailand,2009,200.717231,55.754786
RAS,Transport,Thailand,2010,231.218787,64.227441
RAS,Transport,Thailand,2011,253.230327,70.341757
RAS,Transport,Thailand,2012,308.771747,85.76993
RAS,Transport,Thailand,2013,348.714874,96.865243
RAS,Transport,Thailand,2014,422.963445,117.489846
RAS,Transport,Thailand,2015,514.968667,143.046852
RAS,Transport,Thailand,2016,590.640812,164.066892
RAS,Transport,Thailand,2017,657.331462,182.592073
RAS,Transport,Thailand,2018,787.427558,218.729877
RAS,Transport,Thailand,2019,780.918183,216.921717
RAS,Transport,Thailand,2020,738.146182,205.040606
RAS,Transport,Thailand,2021,738.109329,205.030369
RAS,Transport,Thailand,2022,822.42647,228.451797
RAS,Transport,Thailand,2023,876.536152,243.482264
RAS,Transport,Thailand,2024,952.961263,264.711462
RAS,Transport,Thailand,2025,1059.993509,294.442641
RAS,Transport,Thailand,2026,1177.669139,327.130316
RAS,Transport,Thailand,2027,1302.159342,361.710928
RAS,Transport,Thailand,2028,1431.209273,397.558131
RAS,Transport,Thailand,2029,1562.461162,434.016989
RAS,Transport,Thailand,2030,1694.47461,470.687392
RAS,Transport,Thailand,2031,1823.643869,506.567741
RAS,Transport,Thailand,2032,1949.728181,541.591161
RAS,Transport,Thailand,2033,2070.347843,575.096623
RAS,Transport,Thailand,2034,2186.183843,607.27329
RAS,Transport,Thailand,2035,2295.4156,637.615444
RAS,Transport,Thailand,2036,2399.623762,666.562156
RAS,Transport,Thailand,2037,2496.678151,693.521709
RAS,Transport,Thailand,2038,2584.979611,718.049892
RAS,Transport,Thailand,2039,2664.306005,740.085001
RAS,Transport,Thailand,2040,2732.781944,759.106096
RAS,Transport,Thailand,2041,2791.871359,775.519822
RAS,Transport,Thailand,2042,2841.402775,789.278549
RAS,Transport,Thailand,2043,2883.178474,800.882909
RAS,Transport,Thailand,2044,2918.879779,810.799939
RAS,Transport,Thailand,2045,2950.398382,819.555106
RAS,Transport,Thailand,2046,2978.961973,827.489437
RAS,Transport,Thailand,2047,3006.908464,835.252351
RAS,Transport,Thailand,2048,3034.405681,842.890467
RAS,Transport,Thailand,2049,3060.821914,850.228309
RAS,Transport,Thailand,2050,3088.543398,857.928722
RAS,Transport,Thailand,2051,3116.865927,865.796091
RAS,Transport,Thailand,2052,3145.66907,873.796964
RAS,Transport,Thailand,2053,3174.714819,881.865227
RAS,Transport,Thailand,2054,3203.759571,889.933214
RAS,Transport,Thailand,2055,3232.55653,897.932369
RAS,Transport,Thailand,2056,3260.881742,905.800484
RAS,Transport,Thailand,2057,3288.58381,913.495503
RAS,Transport,Thailand,2058,3315.54832,920.985644
RAS,Transport,Thailand,2059,3341.697018,928.249172
RAS,Transport,Thailand,2060,3366.980225,935.272285
RAS,Transport,Vietnam,2005,7.703712,2.13992
RAS,Transport,Vietnam,2006,74.239849,20.62218
RAS,Transport,Vietnam,2007,147.238923,40.899701
RAS,Transport,Vietnam,2008,169.998239,47.221733
RAS,Transport,Vietnam,2009,212.45678,59.015772
RAS,Transport,Vietnam,2010,401.7579,111.599417
RAS,Transport,Vietnam,2011,427.839437,118.844288
RAS,Transport,Vietnam,2012,458.42654,127.340706
RAS,Transport,Vietnam,2013,575.169912,159.76942
RAS,Transport,Vietnam,2014,671.788795,186.607999
RAS,Transport,Vietnam,2015,922.811748,256.336597
RAS,Transport,Vietnam,2016,1051.228209,292.007836
RAS,Transport,Vietnam,2017,1221.239019,339.233061
RAS,Transport,Vietnam,2018,1407.217733,390.893815
RAS,Transport,Vietnam,2019,1527.595174,424.331993
RAS,Transport,Vietnam,2020,1486.598684,412.944079
RAS,Transport,Vietnam,2021,1561.788147,433.830041
RAS,Transport,Vietnam,2022,1708.747348,474.652041
RAS,Transport,Vietnam,2023,1685.744512,468.262364
RAS,Transport,Vietnam,2024,1829.864003,508.295556
RAS,Transport,Vietnam,2025,2327.899725,646.638812
RAS,Transport,Vietnam,2026,2453.421568,681.505991
RAS,Transport,Vietnam,2027,2569.721257,713.81146
RAS,Transport,Vietnam,2028,2683.339176,745.371993
RAS,Transport,Vietnam,2029,2791.767068,775.490852
RAS,Transport,Vietnam,2030,2880.283538,800.078761
RAS,Transport,Vietnam,2031,2959.76624,822.157289
RAS,Transport,Vietnam,2032,3029.930533,841.64737
RAS,Transport,Vietnam,2033,3088.030518,857.786255
RAS,Transport,Vietnam,2034,3129.644016,869.34556
RAS,Transport,Vietnam,2035,3156.850589,876.902941
RAS,Transport,Vietnam,2036,3173.740805,881.594668
RAS,Transport,Vietnam,2037,3175.869699,882.186027
RAS,Transport,Vietnam,2038,3169.272743,880.35354
RAS,Transport,Vietnam,2039,3154.947624,876.37434
RAS,Transport,Vietnam,2040,3139.127695,871.979915
RAS,Transport,Vietnam,2041,3113.860866,864.961352
RAS,Transport,Vietnam,2042,3081.706364,856.029546
RAS,Transport,Vietnam,2043,3047.893297,846.637027
RAS,Transport,Vietnam,2044,3010.046173,836.123937
RAS,Transport,Vietnam,2045,2973.008509,825.835697
RAS,Transport,Vietnam,2046,2942.60634,817.39065
RAS,Transport,Vietnam,2047,2915.094285,809.748412
RAS,Transport,Vietnam,2048,2897.306895,804.807471
RAS,Transport,Vietnam,2049,2878.017066,799.449185
RAS,Transport,Vietnam,2050,2865.966382,796.101773
RAS,Transport,Vietnam,2051,2860.253048,794.514736
RAS,Transport,Vietnam,2052,2858.146551,793.929597
RAS,Transport,Vietnam,2053,2859.159021,794.210839
RAS,Transport,Vietnam,2054,2862.963403,795.267612
RAS,Transport,Vietnam,2055,2869.365865,797.046074
RAS,Transport,Vietnam,2056,2877.975935,799.43776
RAS,Transport,Vietnam,2057,2909.818649,808.282958
RAS,Transport,Vietnam,2058,2949.205089,819.223636
RAS,Transport,Vietnam,2059,2989.808897,830.502471
RAS,Transport,Vietnam,2060,3031.363781,842.045495
