ams,branch,variable,expression,unit,fuel,source,note,src_csv,data_confidence,scenario
Brunei,Key\TransportDataStock\Vehicle_Sales\Bus,Activity Level,"Interp(2006, 50, 2007, 32.6709, 2008, 33.651, 2009, 34.6605, 2010, 35.7004, 2011, 36.7714, 2012, 37.8745, 2013, 39.0107, 2014, 40.1811, 2015, 41.3865, 2016, 42.6281, 2017, 43.9069, 2018, 45.2241, 2019, 46.5809, 2020, 50.9783, 2021, 53.4176, 2022, 55.9002, 2023, 58.4272, 2024, 61, 2025, 1593.45, 2026, 101.241, 2027, 104.409, 2028, 105.63, 2029, 108.331, 2030, 81.5573, 2031, 79.7125, 2032, 83.8002, 2033, 85.0879, 2034, 119.105, 2035, 211.308, 2036, 190.023, 2037, 215.431, 2038, 235.415, 2039, 240.435, 2040, 258.312, 2041, 262.274, 2042, 259.807, 2043, 223.558, 2044, 214.4, 2045, 208.839, 2046, 195.336, 2047, 173.905, 2048, 168.954, 2049, 183.459, 2050, 193.971, 2051, 206.393, 2052, 221.329, 2053, 231.578, 2054, 240.936, 2055, 247.754, 2056, 250.653, 2057, 249.32, 2058, 246.436, 2059, 242.796, 2060, 238.415)",,,sales_magnitude.csv (Transport pipeline 2026-05-19),absolute sales count (all fuels combined),sales_magnitude.csv,Medium,Current Accounts
Brunei,Key\TransportDataStock\Vehicle_Sales\Motorcycle,Activity Level,"Interp(2006, 81, 2007, 85, 2008, 89, 2009, 92, 2010, 96, 2011, 101, 2012, 105, 2013, 109, 2014, 114, 2015, 119, 2016, 124, 2017, 130, 2018, 135, 2019, 141, 2020, 150, 2021, 158, 2022, 165, 2023, 173, 2024, 181, 2025, 1940.19, 2026, 127.091, 2027, 131.769, 2028, 134.684, 2029, 139.39, 2030, 144.111, 2031, 148.912, 2032, 155.505, 2033, 164.111, 2034, 205.836, 2035, 306.282, 2036, 289.269, 2037, 307.734, 2038, 325.303, 2039, 324.519, 2040, 341.218, 2041, 339.602, 2042, 338.171, 2043, 284.833, 2044, 272.157, 2045, 264.342, 2046, 255.772, 2047, 223.988, 2048, 226.695, 2049, 236.833, 2050, 248.849, 2051, 265.249, 2052, 280.795, 2053, 289.709, 2054, 296.971, 2055, 301.202, 2056, 301.015, 2057, 295.998, 2058, 289.69, 2059, 282.596, 2060, 275.065)",,,sales_magnitude.csv (Transport pipeline 2026-05-19),absolute sales count (all fuels combined),sales_magnitude.csv,Medium,Current Accounts
Brunei,Key\TransportDataStock\Vehicle_Sales\PassengerCar,Activity Level,"Interp(2006, 3930.61, 2007, 4044.55, 2008, 4161.88, 2009, 4281.69, 2010, 4406.1, 2011, 4534.22, 2012, 4665.14, 2013, 4801, 2014, 4940.9, 2015, 5084.96, 2016, 5232.32, 2017, 5385.1, 2018, 5542.44, 2019, 5705.46, 2020, 5873.31, 2021, 6046.14, 2022, 6223.1, 2023, 6406.33, 2024, 6595, 2025, 207560, 2026, 6784.56, 2027, 6803.69, 2028, 6726.35, 2029, 6846.05, 2030, 6946.97, 2031, 7041.07, 2032, 7326.44, 2033, 7817.47, 2034, 12103.6, 2035, 23246.2, 2036, 21337.9, 2037, 23414.1, 2038, 25473.9, 2039, 25521.7, 2040, 27577.9, 2041, 27629.1, 2042, 27720.4, 2043, 21892, 2044, 20517, 2045, 19664.7, 2046, 18696.1, 2047, 15034.3, 2048, 15178.2, 2049, 16181.7, 2050, 17435.4, 2051, 19097.8, 2052, 20794.7, 2053, 21794.2, 2054, 22644.3, 2055, 23184.1, 2056, 23245, 2057, 22763.1, 2058, 22123.7, 2059, 21378.9, 2060, 20560.9)",,,sales_magnitude.csv (Transport pipeline 2026-05-19),absolute sales count (all fuels combined),sales_magnitude.csv,Medium,Current Accounts
Brunei,Key\TransportDataStock\Vehicle_Sales\Truck,Activity Level,"Interp(2006, 175.631, 2007, 180.9, 2008, 186.327, 2009, 191.917, 2010, 197.674, 2011, 203.604, 2012, 209.713, 2013, 216.004, 2014, 222.484, 2015, 229.159, 2016, 236.033, 2017, 243.114, 2018, 250.408, 2019, 257.92, 2020, 265.658, 2021, 273.627, 2022, 286.836, 2023, 296.291, 2024, 306, 2025, 4508.62, 2026, 341.671, 2027, 361.037, 2028, 381.501, 2029, 403.125, 2030, 403.125, 2031, 403.125, 2032, 403.125, 2033, 403.125, 2034, 403.125, 2035, 403.125, 2036, 403.125, 2037, 403.125, 2038, 681.889, 2039, 721.712, 2040, 775.407, 2041, 785.993, 2042, 791.647, 2043, 679.432, 2044, 645.477, 2045, 610.351, 2046, 567.969, 2047, 478.044, 2048, 468.46, 2049, 484.425, 2050, 500.621, 2051, 526.757, 2052, 558.66, 2053, 585.926, 2054, 613.306, 2055, 636.279, 2056, 645.473, 2057, 646.791, 2058, 640.073, 2059, 631.397, 2060, 612.964)",,,sales_magnitude.csv (Transport pipeline 2026-05-19),absolute sales count (all fuels combined),sales_magnitude.csv,Medium,Current Accounts
Brunei,Key\TransportDataStock\Vehicles_Sales_Share\Bus\Blended Diesel,Activity Level,"Interp(2025, 88.5246, 2026, 88.1808, 2027, 87.813, 2028, 87.4205, 2029, 87.0029, 2030, 86.56, 2031, 86.0918, 2032, 85.5987, 2033, 85.0814, 2034, 84.5406, 2035, 83.9777, 2036, 83.3943, 2037, 82.7923, 2038, 82.174, 2039, 81.5418, 2040, 80.8986, 2041, 80.2473, 2042, 79.5912, 2043, 78.9334, 2044, 78.2773, 2045, 77.626, 2046, 76.9828, 2047, 76.3506, 2048, 75.7323, 2049, 75.1303, 2050, 74.5469, 2051, 73.984, 2052, 73.4432, 2053, 72.9259, 2054, 72.4328, 2055, 71.9646, 2056, 71.5217, 2057, 71.1041, 2058, 70.7116, 2059, 70.3437, 2060, 70)",,Blended Diesel,sales_mix.csv (Transport pipeline 2026-05-19),"sales share_percent, scenario=AMS Target Scenario",sales_mix.csv,Medium,AMS Target Scenario
Brunei,Key\TransportDataStock\Vehicles_Sales_Share\Bus\Blended Diesel,Activity Level,"Interp(2025, 88.5246, 2026, 88.1808, 2027, 87.813, 2028, 87.4205, 2029, 87.0029, 2030, 86.56, 2031, 86.0918, 2032, 85.5987, 2033, 85.0814, 2034, 84.5406, 2035, 83.9777, 2036, 83.3943, 2037, 82.7923, 2038, 82.174, 2039, 81.5418, 2040, 80.8986, 2041, 80.2473, 2042, 79.5912, 2043, 78.9334, 2044, 78.2773, 2045, 77.626, 2046, 76.9828, 2047, 76.3506, 2048, 75.7323, 2049, 75.1303, 2050, 74.5469, 2051, 73.984, 2052, 73.4432, 2053, 72.9259, 2054, 72.4328, 2055, 71.9646, 2056, 71.5217, 2057, 71.1041, 2058, 70.7116, 2059, 70.3437, 2060, 70)",,Blended Diesel,sales_mix.csv (Transport pipeline 2026-05-19),"sales share_percent, scenario=Baseline Simulation",sales_mix.csv,Medium,Baseline Simulation
Brunei,Key\TransportDataStock\Vehicles_Sales_Share\Bus\Blended Diesel,Activity Level,"Interp(2006, 100, 2007, 100, 2008, 100, 2009, 100, 2010, 100, 2011, 100, 2012, 100, 2013, 100, 2014, 100, 2015, 100, 2016, 100, 2017, 100, 2018, 100, 2019, 100, 2020, 94.1151, 2021, 92.5118, 2022, 91.0555, 2023, 89.7308, 2024, 88.5246)",,Blended Diesel,sales_mix.csv (Transport pipeline 2026-05-19),"sales share_percent, scenario=Current Accounts",sales_mix.csv,Medium,Current Accounts
Brunei,Key\TransportDataStock\Vehicles_Sales_Share\Bus\Blended Diesel,Activity Level,"Interp(2025, 88.5246, 2026, 88.1808, 2027, 87.813, 2028, 87.4205, 2029, 86.9399, 2030, 86.3654, 2031, 85.7009, 2032, 84.9369, 2033, 84.0647, 2034, 83.0766, 2035, 81.9672, 2036, 80.7342, 2037, 79.3789, 2038, 77.9073, 2039, 76.3306, 2040, 74.6652, 2041, 72.9323, 2042, 71.1571, 2043, 69.3675, 2044, 67.5923, 2045, 65.8594, 2046, 64.194, 2047, 62.6173, 2048, 61.1457, 2049, 59.7904, 2050, 58.5574, 2051, 57.448, 2052, 56.4599, 2053, 55.5877, 2054, 54.8237, 2055, 54.1592, 2056, 53.5847, 2057, 53.0906, 2058, 52.6676, 2059, 52.3068, 2060, 52)",,Blended Diesel,sales_mix.csv (Transport pipeline 2026-05-19),"sales share_percent, scenario=Regional Aspiration Scenario",sales_mix.csv,Medium,Regional Aspiration Scenario
Brunei,Key\TransportDataStock\Vehicles_Sales_Share\Bus\Electricity,Activity Level,"Interp(2025, 11.4754, 2026, 11.8192, 2027, 12.187, 2028, 12.5795, 2029, 12.9971, 2030, 13.44, 2031, 13.9082, 2032, 14.4013, 2033, 14.9186, 2034, 15.4594, 2035, 16.0223, 2036, 16.6057, 2037, 17.2077, 2038, 17.826, 2039, 18.4582, 2040, 19.1014, 2041, 19.7527, 2042, 20.4088, 2043, 21.0666, 2044, 21.7227, 2045, 22.374, 2046, 23.0172, 2047, 23.6494, 2048, 24.2677, 2049, 24.8697, 2050, 25.4531, 2051, 26.016, 2052, 26.5568, 2053, 27.0741, 2054, 27.5672, 2055, 28.0354, 2056, 28.4783, 2057, 28.8959, 2058, 29.2884, 2059, 29.6563, 2060, 30)",,Electricity,sales_mix.csv (Transport pipeline 2026-05-19),"sales share_percent, scenario=AMS Target Scenario",sales_mix.csv,Medium,AMS Target Scenario
Brunei,Key\TransportDataStock\Vehicles_Sales_Share\Bus\Electricity,Activity Level,"Interp(2025, 11.4754, 2026, 11.8192, 2027, 12.187, 2028, 12.5795, 2029, 12.9971, 2030, 13.44, 2031, 13.9082, 2032, 14.4013, 2033, 14.9186, 2034, 15.4594, 2035, 16.0223, 2036, 16.6057, 2037, 17.2077, 2038, 17.826, 2039, 18.4582, 2040, 19.1014, 2041, 19.7527, 2042, 20.4088, 2043, 21.0666, 2044, 21.7227, 2045, 22.374, 2046, 23.0172, 2047, 23.6494, 2048, 24.2677, 2049, 24.8697, 2050, 25.4531, 2051, 26.016, 2052, 26.5568, 2053, 27.0741, 2054, 27.5672, 2055, 28.0354, 2056, 28.4783, 2057, 28.8959, 2058, 29.2884, 2059, 29.6563, 2060, 30)",,Electricity,sales_mix.csv (Transport pipeline 2026-05-19),"sales share_percent, scenario=Baseline Simulation",sales_mix.csv,Medium,Baseline Simulation
Brunei,Key\TransportDataStock\Vehicles_Sales_Share\Bus\Electricity,Activity Level,"Interp(2006, 0, 2007, 0, 2008, 0, 2009, 0, 2010, 0, 2011, 0, 2012, 0, 2013, 0, 2014, 0, 2015, 0, 2016, 0, 2017, 0, 2018, 0, 2019, 0, 2020, 5.88486, 2021, 7.48816, 2022, 8.94452, 2023, 10.2692, 2024, 11.4754)",,Electricity,sales_mix.csv (Transport pipeline 2026-05-19),"sales share_percent, scenario=Current Accounts",sales_mix.csv,Medium,Current Accounts
Brunei,Key\TransportDataStock\Vehicles_Sales_Share\Bus\Electricity,Activity Level,"Interp(2025, 11.4754, 2026, 11.8192, 2027, 12.187, 2028, 12.5795, 2029, 13.0601, 2030, 13.6346, 2031, 14.2991, 2032, 15.0631, 2033, 15.9353, 2034, 16.9234, 2035, 18.0328, 2036, 19.2658, 2037, 20.6211, 2038, 22.0927, 2039, 23.6694, 2040, 25.3348, 2041, 27.0677, 2042, 28.8429, 2043, 30.6325, 2044, 32.4077, 2045, 34.1406, 2046, 35.806, 2047, 37.3827, 2048, 38.8543, 2049, 40.2096, 2050, 41.4426, 2051, 42.552, 2052, 43.5401, 2053, 44.4123, 2054, 45.1763, 2055, 45.8408, 2056, 46.4153, 2057, 46.9094, 2058, 47.3324, 2059, 47.6932, 2060, 48)",,Electricity,sales_mix.csv (Transport pipeline 2026-05-19),"sales share_percent, scenario=Regional Aspiration Scenario",sales_mix.csv,Medium,Regional Aspiration Scenario
Brunei,Key\TransportDataStock\Vehicles_Sales_Share\Motorcycle\Electricity,Activity Level,"Interp(2025, 3.8674, 2026, 4.9088, 2027, 5.99662, 2028, 7.1211, 2029, 8.27092, 2030, 9.4337, 2031, 10.5965, 2032, 11.7463, 2033, 12.8708, 2034, 13.9586, 2035, 15.1907, 2036, 16.6435, 2037, 18.1427, 2038, 19.6826, 2039, 21.257, 2040, 22.8588, 2041, 24.4806, 2042, 26.1146, 2043, 27.7528, 2044, 29.3868, 2045, 31.0086, 2046, 32.6104, 2047, 34.1848, 2048, 35.7247, 2049, 37.2239, 2050, 38.6767, 2051, 40.0785, 2052, 41.4252, 2053, 42.7136, 2054, 43.9415, 2055, 45.1074, 2056, 46.2104, 2057, 47.2504, 2058, 48.2279, 2059, 49.144, 2060, 50)",,Electricity,sales_mix.csv (Transport pipeline 2026-05-19),"sales share_percent, scenario=AMS Target Scenario",sales_mix.csv,Medium,AMS Target Scenario
Brunei,Key\TransportDataStock\Vehicles_Sales_Share\Motorcycle\Electricity,Activity Level,"Interp(2025, 3.8674, 2026, 4.72344, 2027, 5.63949, 2028, 6.61701, 2029, 7.65702, 2030, 8.76001, 2031, 9.92586, 2032, 11.1538, 2033, 12.4422, 2034, 13.7889, 2035, 15.1907, 2036, 16.6435, 2037, 18.1427, 2038, 19.6826, 2039, 21.257, 2040, 22.8588, 2041, 24.4806, 2042, 26.1146, 2043, 27.7528, 2044, 29.3868, 2045, 31.0086, 2046, 32.6104, 2047, 34.1848, 2048, 35.7247, 2049, 37.2239, 2050, 38.6767, 2051, 40.0785, 2052, 41.4252, 2053, 42.7136, 2054, 43.9415, 2055, 45.1074, 2056, 46.2104, 2057, 47.2504, 2058, 48.2279, 2059, 49.144, 2060, 50)",,Electricity,sales_mix.csv (Transport pipeline 2026-05-19),"sales share_percent, scenario=Baseline Simulation",sales_mix.csv,Medium,Baseline Simulation
Brunei,Key\TransportDataStock\Vehicles_Sales_Share\Motorcycle\Electricity,Activity Level,"Interp(2006, 0, 2007, 0, 2008, 0, 2009, 0, 2010, 0, 2011, 0, 2012, 0, 2013, 0, 2014, 0, 2015, 0, 2016, 0, 2017, 0, 2018, 0, 2019, 0, 2020, 2, 2021, 2.53165, 2022, 3.0303, 2023, 3.46821, 2024, 3.8674)",,Electricity,sales_mix.csv (Transport pipeline 2026-05-19),"sales share_percent, scenario=Current Accounts",sales_mix.csv,Medium,Current Accounts
Brunei,Key\TransportDataStock\Vehicles_Sales_Share\Motorcycle\Electricity,Activity Level,"Interp(2025, 3.8674, 2026, 8.54741, 2027, 14.278, 2028, 21.1087, 2029, 28.9945, 2030, 37.7692, 2031, 47.1418, 2032, 56.7256, 2033, 66.0982, 2034, 74.8729, 2035, 82.7587, 2036, 89.5894, 2037, 95.32, 2038, 100, 2039, 100, 2040, 100, 2041, 100, 2042, 100, 2043, 100, 2044, 100, 2045, 100, 2046, 100, 2047, 100, 2048, 100, 2049, 100, 2050, 100, 2051, 100, 2052, 100, 2053, 100, 2054, 100, 2055, 100, 2056, 100, 2057, 100, 2058, 100, 2059, 100, 2060, 100)",,Electricity,sales_mix.csv (Transport pipeline 2026-05-19),"sales share_percent, scenario=Regional Aspiration Scenario",sales_mix.csv,Medium,Regional Aspiration Scenario
Brunei,Key\TransportDataStock\Vehicles_Sales_Share\Motorcycle\Gasoline,Activity Level,"Interp(2025, 96.1326, 2026, 95.0912, 2027, 94.0034, 2028, 92.8789, 2029, 91.7291, 2030, 90.5663, 2031, 89.4035, 2032, 88.2537, 2033, 87.1292, 2034, 86.0414, 2035, 84.8093, 2036, 83.3565, 2037, 81.8573, 2038, 80.3174, 2039, 78.743, 2040, 77.1412, 2041, 75.5194, 2042, 73.8854, 2043, 72.2472, 2044, 70.6132, 2045, 68.9914, 2046, 67.3896, 2047, 65.8152, 2048, 64.2753, 2049, 62.7761, 2050, 61.3233, 2051, 59.9215, 2052, 58.5748, 2053, 57.2864, 2054, 56.0585, 2055, 54.8926, 2056, 53.7896, 2057, 52.7496, 2058, 51.7721, 2059, 50.856, 2060, 50)",,Gasoline,sales_mix.csv (Transport pipeline 2026-05-19),"sales share_percent, scenario=AMS Target Scenario",sales_mix.csv,Medium,AMS Target Scenario
Brunei,Key\TransportDataStock\Vehicles_Sales_Share\Motorcycle\Gasoline,Activity Level,"Interp(2025, 96.1326, 2026, 95.2766, 2027, 94.3605, 2028, 93.383, 2029, 92.343, 2030, 91.24, 2031, 90.0741, 2032, 88.8462, 2033, 87.5578, 2034, 86.2111, 2035, 84.8093, 2036, 83.3565, 2037, 81.8573, 2038, 80.3174, 2039, 78.743, 2040, 77.1412, 2041, 75.5194, 2042, 73.8854, 2043, 72.2472, 2044, 70.6132, 2045, 68.9914, 2046, 67.3896, 2047, 65.8152, 2048, 64.2753, 2049, 62.7761, 2050, 61.3233, 2051, 59.9215, 2052, 58.5748, 2053, 57.2864, 2054, 56.0585, 2055, 54.8926, 2056, 53.7896, 2057, 52.7496, 2058, 51.7721, 2059, 50.856, 2060, 50)",,Gasoline,sales_mix.csv (Transport pipeline 2026-05-19),"sales share_percent, scenario=Baseline Simulation",sales_mix.csv,Medium,Baseline Simulation
Brunei,Key\TransportDataStock\Vehicles_Sales_Share\Motorcycle\Gasoline,Activity Level,"Interp(2006, 100, 2007, 100, 2008, 100, 2009, 100, 2010, 100, 2011, 100, 2012, 100, 2013, 100, 2014, 100, 2015, 100, 2016, 100, 2017, 100, 2018, 100, 2019, 100, 2020, 98, 2021, 97.4684, 2022, 96.9697, 2023, 96.5318, 2024, 96.1326)",,Gasoline,sales_mix.csv (Transport pipeline 2026-05-19),"sales share_percent, scenario=Current Accounts",sales_mix.csv,Medium,Current Accounts
Brunei,Key\TransportDataStock\Vehicles_Sales_Share\Motorcycle\Gasoline,Activity Level,"Interp(2025, 96.1326, 2026, 91.4526, 2027, 85.722, 2028, 78.8913, 2029, 71.0055, 2030, 62.2308, 2031, 52.8582, 2032, 43.2744, 2033, 33.9018, 2034, 25.1271, 2035, 17.2413, 2036, 10.4106, 2037, 4.68, 2038, 1.11022e-14, 2039, 1.11022e-14, 2040, 1.11022e-14, 2041, 1.11022e-14, 2042, 1.11022e-14, 2043, 1.11022e-14, 2044, 1.11022e-14, 2045, 1.11022e-14, 2046, 1.11022e-14, 2047, 1.11022e-14, 2048, 1.11022e-14, 2049, 1.11022e-14, 2050, 1.11022e-14, 2051, 1.11022e-14, 2052, 1.11022e-14, 2053, 1.11022e-14, 2054, 1.11022e-14, 2055, 1.11022e-14, 2056, 1.11022e-14, 2057, 1.11022e-14, 2058, 1.11022e-14, 2059, 1.11022e-14, 2060, 1.11022e-14)",,Gasoline,sales_mix.csv (Transport pipeline 2026-05-19),"sales share_percent, scenario=Regional Aspiration Scenario",sales_mix.csv,Medium,Regional Aspiration Scenario
Brunei,Key\TransportDataStock\Vehicles_Sales_Share\PassengerCar\Blended Diesel,Activity Level,"Interp(2025, 2.71418, 2026, 1.97376, 2027, 1.20034, 2028, 0.400856)",,Blended Diesel,sales_mix.csv (Transport pipeline 2026-05-19),"sales share_percent, scenario=AMS Target Scenario",sales_mix.csv,Medium,AMS Target Scenario
Brunei,Key\TransportDataStock\Vehicles_Sales_Share\PassengerCar\Blended Diesel,Activity Level,"Interp(2025, 2.71418, 2026, 2.70663, 2027, 2.69855, 2028, 2.68993, 2029, 2.68076, 2030, 2.67103, 2031, 2.66075, 2032, 2.64992, 2033, 2.63856, 2034, 2.62668, 2035, 2.61432, 2036, 2.6015, 2037, 2.58828, 2038, 2.5747, 2039, 2.56082, 2040, 2.54669, 2041, 2.53239, 2042, 2.51798, 2043, 2.50353, 2044, 2.48912, 2045, 2.47482, 2046, 2.46069, 2047, 2.44681, 2048, 2.43323, 2049, 2.42, 2050, 2.40719, 2051, 2.39483, 2052, 2.38295, 2053, 2.37159, 2054, 2.36076, 2055, 2.35048, 2056, 2.34075, 2057, 2.33158, 2058, 2.32296, 2059, 2.31488, 2060, 2.30733)",,Blended Diesel,sales_mix.csv (Transport pipeline 2026-05-19),"sales share_percent, scenario=Baseline Simulation",sales_mix.csv,Medium,Baseline Simulation
Brunei,Key\TransportDataStock\Vehicles_Sales_Share\PassengerCar\Blended Diesel,Activity Level,"Interp(2006, 4.22326, 2007, 4.12901, 2008, 4.03664, 2009, 3.92368, 2010, 3.83559, 2011, 3.74927, 2012, 3.64405, 2013, 3.56176, 2014, 3.48115, 2015, 3.40219, 2016, 3.30637, 2017, 3.23114, 2018, 3.15746, 2019, 3.06724, 2020, 2.9966, 2021, 2.92749, 2022, 2.84424, 2023, 2.7785, 2024, 2.71418)",,Blended Diesel,sales_mix.csv (Transport pipeline 2026-05-19),"sales share_percent, scenario=Current Accounts",sales_mix.csv,Medium,Current Accounts
Brunei,Key\TransportDataStock\Vehicles_Sales_Share\PassengerCar\Blended Diesel,Activity Level,"Interp(2025, 2.71418)",,Blended Diesel,sales_mix.csv (Transport pipeline 2026-05-19),"sales share_percent, scenario=Regional Aspiration Scenario",sales_mix.csv,Medium,Regional Aspiration Scenario
Brunei,Key\TransportDataStock\Vehicles_Sales_Share\PassengerCar\Electricity,Activity Level,"Interp(2025, 0.106141, 2026, 1.03166, 2027, 1.99844, 2028, 2.99779, 2029, 4.01967, 2030, 5.05307, 2031, 6.08647, 2032, 7.10835, 2033, 8.1077, 2034, 9.07448, 2035, 10, 2036, 10.8772, 2037, 11.7006, 2038, 12.4667, 2039, 13.1737, 2040, 13.821, 2041, 14.4095, 2042, 14.9412, 2043, 15.4187, 2044, 15.8455, 2045, 16.225, 2046, 16.5612, 2047, 16.8579, 2048, 17.1189, 2049, 17.3478, 2050, 17.5482, 2051, 17.723, 2052, 17.8754, 2053, 18.008, 2054, 18.1232, 2055, 18.2231, 2056, 18.3098, 2057, 18.3848, 2058, 18.4496, 2059, 18.5057, 2060, 18.5542)",,Electricity,sales_mix.csv (Transport pipeline 2026-05-19),"sales share_percent, scenario=AMS Target Scenario",sales_mix.csv,Medium,AMS Target Scenario
Brunei,Key\TransportDataStock\Vehicles_Sales_Share\PassengerCar\Electricity,Activity Level,"Interp(2025, 0.106141, 2026, 0.115578, 2027, 0.125676, 2028, 0.136452, 2029, 0.147917, 2030, 0.160076, 2031, 0.172929, 2032, 0.186465, 2033, 0.200669, 2034, 0.215514, 2035, 0.230967, 2036, 0.246983, 2037, 0.26351, 2038, 0.280486, 2039, 0.297841, 2040, 0.315499, 2041, 0.333378, 2042, 0.351391, 2043, 0.36945, 2044, 0.387463, 2045, 0.405342, 2046, 0.423, 2047, 0.440355, 2048, 0.457331, 2049, 0.473858, 2050, 0.489874, 2051, 0.505327, 2052, 0.520172, 2053, 0.534376, 2054, 0.547912, 2055, 0.560765, 2056, 0.572924, 2057, 0.584389, 2058, 0.595165, 2059, 0.605263, 2060, 0.6147)",,Electricity,sales_mix.csv (Transport pipeline 2026-05-19),"sales share_percent, scenario=Baseline Simulation",sales_mix.csv,Medium,Baseline Simulation
Brunei,Key\TransportDataStock\Vehicles_Sales_Share\PassengerCar\Electricity,Activity Level,"Interp(2006, 0, 2007, 0, 2008, 0, 2009, 0, 2010, 0, 2011, 0, 2012, 0, 2013, 0, 2014, 0, 2015, 0, 2016, 0, 2017, 0, 2018, 0, 2019, 0.0350541, 2020, 0.0510785, 2021, 0.0661579, 2022, 0.0803458, 2023, 0.0936574, 2024, 0.106141)",,Electricity,sales_mix.csv (Transport pipeline 2026-05-19),"sales share_percent, scenario=Current Accounts",sales_mix.csv,Medium,Current Accounts
Brunei,Key\TransportDataStock\Vehicles_Sales_Share\PassengerCar\Electricity,Activity Level,"Interp(2025, 0.106141, 2026, 3.71084, 2027, 8.22298, 2028, 13.748, 2029, 20.3337, 2030, 27.9366, 2031, 36.3966, 2032, 45.433, 2033, 54.6731, 2034, 63.7095, 2035, 72.1695, 2036, 79.7725, 2037, 86.3582, 2038, 91.8832, 2039, 96.3953, 2040, 100, 2041, 100, 2042, 100, 2043, 100, 2044, 100, 2045, 100, 2046, 100, 2047, 100, 2048, 100, 2049, 100, 2050, 100, 2051, 100, 2052, 100, 2053, 100, 2054, 100, 2055, 100, 2056, 100, 2057, 100, 2058, 100, 2059, 100, 2060, 100)",,Electricity,sales_mix.csv (Transport pipeline 2026-05-19),"sales share_percent, scenario=Regional Aspiration Scenario",sales_mix.csv,Medium,Regional Aspiration Scenario
Brunei,Key\TransportDataStock\Vehicles_Sales_Share\PassengerCar\Gasoline,Activity Level,"Interp(2025, 97.1797, 2026, 96.9946, 2027, 96.8012, 2028, 96.6014, 2029, 95.9803, 2030, 94.9469, 2031, 93.9135, 2032, 92.8917, 2033, 91.8923, 2034, 90.9255, 2035, 90, 2036, 89.1228, 2037, 88.2994, 2038, 87.5333, 2039, 86.8263, 2040, 86.179, 2041, 85.5905, 2042, 85.0588, 2043, 84.5813, 2044, 84.1545, 2045, 83.775, 2046, 83.4388, 2047, 83.1421, 2048, 82.8811, 2049, 82.6522, 2050, 82.4518, 2051, 82.277, 2052, 82.1246, 2053, 81.992, 2054, 81.8768, 2055, 81.7769, 2056, 81.6902, 2057, 81.6152, 2058, 81.5504, 2059, 81.4943, 2060, 81.4458)",,Gasoline,sales_mix.csv (Transport pipeline 2026-05-19),"sales share_percent, scenario=AMS Target Scenario",sales_mix.csv,Medium,AMS Target Scenario
Brunei,Key\TransportDataStock\Vehicles_Sales_Share\PassengerCar\Gasoline,Activity Level,"Interp(2025, 97.1797, 2026, 97.1778, 2027, 97.1758, 2028, 97.1736, 2029, 97.1713, 2030, 97.1689, 2031, 97.1663, 2032, 97.1636, 2033, 97.1608, 2034, 97.1578, 2035, 97.1547, 2036, 97.1515, 2037, 97.1482, 2038, 97.1448, 2039, 97.1413, 2040, 97.1378, 2041, 97.1342, 2042, 97.1306, 2043, 97.127, 2044, 97.1234, 2045, 97.1198, 2046, 97.1163, 2047, 97.1128, 2048, 97.1094, 2049, 97.1061, 2050, 97.1029, 2051, 97.0998, 2052, 97.0969, 2053, 97.094, 2054, 97.0913, 2055, 97.0888, 2056, 97.0863, 2057, 97.084, 2058, 97.0819, 2059, 97.0799, 2060, 97.078)",,Gasoline,sales_mix.csv (Transport pipeline 2026-05-19),"sales share_percent, scenario=Baseline Simulation",sales_mix.csv,Medium,Baseline Simulation
Brunei,Key\TransportDataStock\Vehicles_Sales_Share\PassengerCar\Gasoline,Activity Level,"Interp(2006, 95.7767, 2007, 95.871, 2008, 95.9634, 2009, 96.0763, 2010, 96.1644, 2011, 96.2507, 2012, 96.356, 2013, 96.4382, 2014, 96.5189, 2015, 96.5978, 2016, 96.6936, 2017, 96.7689, 2018, 96.8425, 2019, 96.8977, 2020, 96.9523, 2021, 97.0064, 2022, 97.0754, 2023, 97.1278, 2024, 97.1797)",,Gasoline,sales_mix.csv (Transport pipeline 2026-05-19),"sales share_percent, scenario=Current Accounts",sales_mix.csv,Medium,Current Accounts
Brunei,Key\TransportDataStock\Vehicles_Sales_Share\PassengerCar\Gasoline,Activity Level,"Interp(2025, 97.1797, 2026, 96.2892, 2027, 91.777, 2028, 86.252, 2029, 79.6663, 2030, 72.0634, 2031, 63.6034, 2032, 54.567, 2033, 45.3269, 2034, 36.2905, 2035, 27.8305, 2036, 20.2275, 2037, 13.6418, 2038, 8.11684, 2039, 3.6047)",,Gasoline,sales_mix.csv (Transport pipeline 2026-05-19),"sales share_percent, scenario=Regional Aspiration Scenario",sales_mix.csv,Medium,Regional Aspiration Scenario
Brunei,Key\TransportDataStock\Vehicles_Sales_Share\Truck\Blended Diesel,Activity Level,"Interp(2025, 97.7124, 2026, 97.6318, 2027, 97.5456, 2028, 97.4536, 2029, 97.3557, 2030, 97.2519, 2031, 97.1421, 2032, 97.0266, 2033, 96.9053, 2034, 96.7785, 2035, 96.6466, 2036, 96.5098, 2037, 96.3687, 2038, 96.2237, 2039, 96.0756, 2040, 95.9248, 2041, 95.7721, 2042, 95.6183, 2043, 95.4641, 2044, 95.3103, 2045, 95.1576, 2046, 95.0069, 2047, 94.8587, 2048, 94.7137, 2049, 94.5726, 2050, 94.4358, 2051, 94.3039, 2052, 94.1771, 2053, 94.0559, 2054, 93.9403, 2055, 93.8305, 2056, 93.7267, 2057, 93.6288, 2058, 93.5368, 2059, 93.4506, 2060, 93.37)",,Blended Diesel,sales_mix.csv (Transport pipeline 2026-05-19),"sales share_percent, scenario=AMS Target Scenario",sales_mix.csv,Medium,AMS Target Scenario
Brunei,Key\TransportDataStock\Vehicles_Sales_Share\Truck\Blended Diesel,Activity Level,"Interp(2025, 97.7124, 2026, 97.6318, 2027, 97.5456, 2028, 97.4536, 2029, 97.3557, 2030, 97.2519, 2031, 97.1421, 2032, 97.0266, 2033, 96.9053, 2034, 96.7785, 2035, 96.6466, 2036, 96.5098, 2037, 96.3687, 2038, 96.2237, 2039, 96.0756, 2040, 95.9248, 2041, 95.7721, 2042, 95.6183, 2043, 95.4641, 2044, 95.3103, 2045, 95.1576, 2046, 95.0069, 2047, 94.8587, 2048, 94.7137, 2049, 94.5726, 2050, 94.4358, 2051, 94.3039, 2052, 94.1771, 2053, 94.0559, 2054, 93.9403, 2055, 93.8305, 2056, 93.7267, 2057, 93.6288, 2058, 93.5368, 2059, 93.4506, 2060, 93.37)",,Blended Diesel,sales_mix.csv (Transport pipeline 2026-05-19),"sales share_percent, scenario=Baseline Simulation",sales_mix.csv,Medium,Baseline Simulation
Brunei,Key\TransportDataStock\Vehicles_Sales_Share\Truck\Blended Diesel,Activity Level,"Interp(2006, 100, 2007, 100, 2008, 100, 2009, 100, 2010, 100, 2011, 100, 2012, 100, 2013, 100, 2014, 100, 2015, 100, 2016, 100, 2017, 100, 2018, 100, 2019, 100, 2020, 100, 2021, 100, 2022, 98.2568, 2023, 97.975, 2024, 97.7124)",,Blended Diesel,sales_mix.csv (Transport pipeline 2026-05-19),"sales share_percent, scenario=Current Accounts",sales_mix.csv,Medium,Current Accounts
Brunei,Key\TransportDataStock\Vehicles_Sales_Share\Truck\Blended Diesel,Activity Level,"Interp(2025, 97.7124, 2026, 97.5637, 2027, 97.3887, 2028, 97.1835, 2029, 96.9439, 2030, 96.6653, 2031, 96.3431, 2032, 95.9726, 2033, 95.5496, 2034, 95.0704, 2035, 94.5324, 2036, 93.9345, 2037, 93.2772, 2038, 92.5636, 2039, 91.799, 2040, 90.9914, 2041, 90.151, 2042, 89.2901, 2043, 88.4223, 2044, 87.5614, 2045, 86.721, 2046, 85.9134, 2047, 85.1488, 2048, 84.4352, 2049, 83.7779, 2050, 83.18, 2051, 82.642, 2052, 82.1628, 2053, 81.7398, 2054, 81.3693, 2055, 81.0471, 2056, 80.7685, 2057, 80.5289, 2058, 80.3237, 2059, 80.1488, 2060, 80)",,Blended Diesel,sales_mix.csv (Transport pipeline 2026-05-19),"sales share_percent, scenario=Regional Aspiration Scenario",sales_mix.csv,Medium,Regional Aspiration Scenario
Brunei,Key\TransportDataStock\Vehicles_Sales_Share\Truck\Electricity,Activity Level,"Interp(2025, 2.28758, 2026, 2.36816, 2027, 2.45439, 2028, 2.5464, 2029, 2.64429, 2030, 2.74812, 2031, 2.85786, 2032, 2.97344, 2033, 3.09472, 2034, 3.22149, 2035, 3.35343, 2036, 3.49019, 2037, 3.6313, 2038, 3.77625, 2039, 3.92444, 2040, 4.07522, 2041, 4.22788, 2042, 4.38169, 2043, 4.53589, 2044, 4.6897, 2045, 4.84236, 2046, 4.99314, 2047, 5.14133, 2048, 5.28628, 2049, 5.42739, 2050, 5.56415, 2051, 5.6961, 2052, 5.82286, 2053, 5.94414, 2054, 6.05972, 2055, 6.16946, 2056, 6.27329, 2057, 6.37118, 2058, 6.4632, 2059, 6.54942, 2060, 6.63)",,Electricity,sales_mix.csv (Transport pipeline 2026-05-19),"sales share_percent, scenario=AMS Target Scenario",sales_mix.csv,Medium,AMS Target Scenario
Brunei,Key\TransportDataStock\Vehicles_Sales_Share\Truck\Electricity,Activity Level,"Interp(2025, 2.28758, 2026, 2.36816, 2027, 2.45439, 2028, 2.5464, 2029, 2.64429, 2030, 2.74812, 2031, 2.85786, 2032, 2.97344, 2033, 3.09472, 2034, 3.22149, 2035, 3.35343, 2036, 3.49019, 2037, 3.6313, 2038, 3.77625, 2039, 3.92444, 2040, 4.07522, 2041, 4.22788, 2042, 4.38169, 2043, 4.53589, 2044, 4.6897, 2045, 4.84236, 2046, 4.99314, 2047, 5.14133, 2048, 5.28628, 2049, 5.42739, 2050, 5.56415, 2051, 5.6961, 2052, 5.82286, 2053, 5.94414, 2054, 6.05972, 2055, 6.16946, 2056, 6.27329, 2057, 6.37118, 2058, 6.4632, 2059, 6.54942, 2060, 6.63)",,Electricity,sales_mix.csv (Transport pipeline 2026-05-19),"sales share_percent, scenario=Baseline Simulation",sales_mix.csv,Medium,Baseline Simulation
Brunei,Key\TransportDataStock\Vehicles_Sales_Share\Truck\Electricity,Activity Level,"Interp(2006, 0, 2007, 0, 2008, 0, 2009, 0, 2010, 0, 2011, 0, 2012, 0, 2013, 0, 2014, 0, 2015, 0, 2016, 0, 2017, 0, 2018, 0, 2019, 0, 2020, 0, 2021, 0, 2022, 1.74316, 2023, 2.02503, 2024, 2.28758)",,Electricity,sales_mix.csv (Transport pipeline 2026-05-19),"sales share_percent, scenario=Current Accounts",sales_mix.csv,Medium,Current Accounts
Brunei,Key\TransportDataStock\Vehicles_Sales_Share\Truck\Electricity,Activity Level,"Interp(2025, 2.28758, 2026, 2.43634, 2027, 2.61133, 2028, 2.81648, 2029, 3.05609, 2030, 3.33468, 2031, 3.65692, 2032, 4.0274, 2033, 4.4504, 2034, 4.92958, 2035, 5.46756, 2036, 6.06551, 2037, 6.72276, 2038, 7.43638, 2039, 8.20099, 2040, 9.00863, 2041, 9.849, 2042, 10.7099, 2043, 11.5777, 2044, 12.4386, 2045, 13.279, 2046, 14.0866, 2047, 14.8512, 2048, 15.5648, 2049, 16.2221, 2050, 16.82, 2051, 17.358, 2052, 17.8372, 2053, 18.2602, 2054, 18.6307, 2055, 18.9529, 2056, 19.2315, 2057, 19.4711, 2058, 19.6763, 2059, 19.8512, 2060, 20)",,Electricity,sales_mix.csv (Transport pipeline 2026-05-19),"sales share_percent, scenario=Regional Aspiration Scenario",sales_mix.csv,Medium,Regional Aspiration Scenario
Brunei,Demand\Transport\Road\Bus\Blended Diesel\Blended Diesel,Mileage,"Interp(2025, 20907, 2030, 20907, 2035, 20907, 2040, 20907, 2045, 20907, 2050, 20907, 2055, 20907, 2060, 20907)",Kilometer,Blended Diesel,"hdv-socioecon-fit (n_train=8 = 2 ASEAN + 6 peers; R2=0.15, LOO_RMSE_log=0.552)",mileage vehicle-wide; confidence=hdv_socioecon_predicted,mileage_anchors.csv,Medium,Current Accounts
Brunei,Demand\Transport\Road\Bus\Electricity\Electricity,Mileage,"Interp(2025, 20907, 2030, 20907, 2035, 20907, 2040, 20907, 2045, 20907, 2050, 20907, 2055, 20907, 2060, 20907)",Kilometer,Electricity,"hdv-socioecon-fit (n_train=8 = 2 ASEAN + 6 peers; R2=0.15, LOO_RMSE_log=0.552)",mileage vehicle-wide; confidence=hdv_socioecon_predicted,mileage_anchors.csv,Medium,Current Accounts
Brunei,Demand\Transport\Road\Bus\Gasoline\Gasoline,Mileage,"Interp(2025, 20907, 2030, 20907, 2035, 20907, 2040, 20907, 2045, 20907, 2050, 20907, 2055, 20907, 2060, 20907)",Kilometer,Gasoline,"hdv-socioecon-fit (n_train=8 = 2 ASEAN + 6 peers; R2=0.15, LOO_RMSE_log=0.552)",mileage vehicle-wide; confidence=hdv_socioecon_predicted,mileage_anchors.csv,Medium,Current Accounts
Brunei,Demand\Transport\Road\Bus\Hydrogen\Hydrogen,Mileage,"Interp(2025, 20907, 2030, 20907, 2035, 20907, 2040, 20907, 2045, 20907, 2050, 20907, 2055, 20907, 2060, 20907)",Kilometer,Hydrogen,"hdv-socioecon-fit (n_train=8 = 2 ASEAN + 6 peers; R2=0.15, LOO_RMSE_log=0.552)",mileage vehicle-wide; confidence=hdv_socioecon_predicted,mileage_anchors.csv,Medium,Current Accounts
Brunei,Demand\Transport\Road\Bus\Natural Gas\Natural Gas,Mileage,"Interp(2025, 20907, 2030, 20907, 2035, 20907, 2040, 20907, 2045, 20907, 2050, 20907, 2055, 20907, 2060, 20907)",Kilometer,Natural Gas,"hdv-socioecon-fit (n_train=8 = 2 ASEAN + 6 peers; R2=0.15, LOO_RMSE_log=0.552)",mileage vehicle-wide; confidence=hdv_socioecon_predicted,mileage_anchors.csv,Medium,Current Accounts
Brunei,Demand\Transport\Road\Motorcyle\Electricity\Electricity,Mileage,"Interp(2025, 8593, 2030, 8593, 2035, 8593, 2040, 8593, 2045, 8593, 2050, 8593, 2055, 8593, 2060, 8593)",Kilometer,Electricity,"socioecon-fit v2 pooled (n_train=5, R2=0.77, LOO_RMSE_log=0.295); train countries: India,Indonesia,Malaysia,Singapore,Viet Nam",mileage vehicle-wide; confidence=socioecon_predicted,mileage_anchors.csv,Medium,Current Accounts
Brunei,Demand\Transport\Road\Motorcyle\Gasoline\Gasoline,Mileage,"Interp(2025, 8593, 2030, 8593, 2035, 8593, 2040, 8593, 2045, 8593, 2050, 8593, 2055, 8593, 2060, 8593)",Kilometer,Gasoline,"socioecon-fit v2 pooled (n_train=5, R2=0.77, LOO_RMSE_log=0.295); train countries: India,Indonesia,Malaysia,Singapore,Viet Nam",mileage vehicle-wide; confidence=socioecon_predicted,mileage_anchors.csv,Medium,Current Accounts
Brunei,Demand\Transport\Road\PassengerCar\Blended Diesel\Blended Diesel,Mileage,"Interp(2025, 16052, 2030, 16052, 2035, 16052, 2040, 16052, 2045, 16052, 2050, 16052, 2055, 16052, 2060, 16052)",Kilometer,Blended Diesel,"socioecon-fit v2 pooled (n_train=13, R2=0.07, LOO_RMSE_log=0.244); train countries: China,France,Germany,India,Indonesia,Japan,Malaysia,New Zealand,Philippines,Singapore,United Kingdom,United States,Viet Nam",mileage vehicle-wide; confidence=socioecon_predicted,mileage_anchors.csv,Medium,Current Accounts
Brunei,Demand\Transport\Road\PassengerCar\Electricity\Electricity,Mileage,"Interp(2025, 16052, 2030, 16052, 2035, 16052, 2040, 16052, 2045, 16052, 2050, 16052, 2055, 16052, 2060, 16052)",Kilometer,Electricity,"socioecon-fit v2 pooled (n_train=13, R2=0.07, LOO_RMSE_log=0.244); train countries: China,France,Germany,India,Indonesia,Japan,Malaysia,New Zealand,Philippines,Singapore,United Kingdom,United States,Viet Nam",mileage vehicle-wide; confidence=socioecon_predicted,mileage_anchors.csv,Medium,Current Accounts
Brunei,Demand\Transport\Road\PassengerCar\Gasoline\Gasoline,Mileage,"Interp(2025, 16052, 2030, 16052, 2035, 16052, 2040, 16052, 2045, 16052, 2050, 16052, 2055, 16052, 2060, 16052)",Kilometer,Gasoline,"socioecon-fit v2 pooled (n_train=13, R2=0.07, LOO_RMSE_log=0.244); train countries: China,France,Germany,India,Indonesia,Japan,Malaysia,New Zealand,Philippines,Singapore,United Kingdom,United States,Viet Nam",mileage vehicle-wide; confidence=socioecon_predicted,mileage_anchors.csv,Medium,Current Accounts
Brunei,Demand\Transport\Road\PassengerCar\Natural Gas\Natural Gas,Mileage,"Interp(2025, 16052, 2030, 16052, 2035, 16052, 2040, 16052, 2045, 16052, 2050, 16052, 2055, 16052, 2060, 16052)",Kilometer,Natural Gas,"socioecon-fit v2 pooled (n_train=13, R2=0.07, LOO_RMSE_log=0.244); train countries: China,France,Germany,India,Indonesia,Japan,Malaysia,New Zealand,Philippines,Singapore,United Kingdom,United States,Viet Nam",mileage vehicle-wide; confidence=socioecon_predicted,mileage_anchors.csv,Medium,Current Accounts
Brunei,Demand\Transport\Road\Truck\Blended Diesel\Blended Diesel,Mileage,"Interp(2025, 28451, 2030, 28451, 2035, 28451, 2040, 28451, 2045, 28451, 2050, 28451, 2055, 28451, 2060, 28451)",Kilometer,Blended Diesel,"hdv-socioecon-fit (n_train=9 = 4 ASEAN + 5 peers; R2=0.40, LOO_RMSE_log=0.922)",mileage vehicle-wide; confidence=hdv_socioecon_predicted,mileage_anchors.csv,Medium,Current Accounts
Brunei,Demand\Transport\Road\Truck\Electricity\Electricity,Mileage,"Interp(2025, 28451, 2030, 28451, 2035, 28451, 2040, 28451, 2045, 28451, 2050, 28451, 2055, 28451, 2060, 28451)",Kilometer,Electricity,"hdv-socioecon-fit (n_train=9 = 4 ASEAN + 5 peers; R2=0.40, LOO_RMSE_log=0.922)",mileage vehicle-wide; confidence=hdv_socioecon_predicted,mileage_anchors.csv,Medium,Current Accounts
Brunei,Demand\Transport\Road\Truck\Gasoline\Gasoline,Mileage,"Interp(2025, 28451, 2030, 28451, 2035, 28451, 2040, 28451, 2045, 28451, 2050, 28451, 2055, 28451, 2060, 28451)",Kilometer,Gasoline,"hdv-socioecon-fit (n_train=9 = 4 ASEAN + 5 peers; R2=0.40, LOO_RMSE_log=0.922)",mileage vehicle-wide; confidence=hdv_socioecon_predicted,mileage_anchors.csv,Medium,Current Accounts
Brunei,Demand\Transport\Road\Truck\Hydrogen\Hydrogen,Mileage,"Interp(2025, 28451, 2030, 28451, 2035, 28451, 2040, 28451, 2045, 28451, 2050, 28451, 2055, 28451, 2060, 28451)",Kilometer,Hydrogen,"hdv-socioecon-fit (n_train=9 = 4 ASEAN + 5 peers; R2=0.40, LOO_RMSE_log=0.922)",mileage vehicle-wide; confidence=hdv_socioecon_predicted,mileage_anchors.csv,Medium,Current Accounts
Brunei,Demand\Transport\Road\Truck\Natural Gas\Natural Gas,Mileage,"Interp(2025, 28451, 2030, 28451, 2035, 28451, 2040, 28451, 2045, 28451, 2050, 28451, 2055, 28451, 2060, 28451)",Kilometer,Natural Gas,"hdv-socioecon-fit (n_train=9 = 4 ASEAN + 5 peers; R2=0.40, LOO_RMSE_log=0.922)",mileage vehicle-wide; confidence=hdv_socioecon_predicted,mileage_anchors.csv,Medium,Current Accounts
Cambodia,Key\TransportDataStock\Vehicle_Sales\Bus,Activity Level,"Interp(2006, 2302, 2007, 2334, 2008, 2360, 2009, 1578.16, 2010, 1623.03, 2011, 1668.21, 2012, 1714.74, 2013, 1762.68, 2014, 1813.05, 2015, 1863.9, 2016, 1916.27, 2017, 1971.22, 2018, 2026.79, 2019, 2084.02, 2020, 2142.97, 2021, 2204.69, 2022, 2267.23, 2023, 2331.65, 2024, 2405, 2025, 41504, 2026, 5438.08, 2027, 5626.79, 2028, 5751.43, 2029, 5879.07, 2030, 4057.38, 2031, 5020.16, 2032, 5231.45, 2033, 5492.37, 2034, 6512.3, 2035, 8931.81, 2036, 9005.75, 2037, 9825.59, 2038, 10678.5, 2039, 11139.2, 2040, 11919.2, 2041, 12363.4, 2042, 12850.1, 2043, 12180.9, 2044, 12339.2, 2045, 12566.6, 2046, 12655.9, 2047, 12343.9, 2048, 12800.8, 2049, 13420.1, 2050, 14138.1, 2051, 15077.1, 2052, 16047.6, 2053, 16918.4, 2054, 17794.4, 2055, 18642.6, 2056, 19422, 2057, 20122.5, 2058, 20817.9, 2059, 21518, 2060, 22235.3)",,,sales_magnitude.csv (Transport pipeline 2026-05-19),absolute sales count (all fuels combined),sales_magnitude.csv,Medium,Current Accounts
Cambodia,Key\TransportDataStock\Vehicle_Sales\Motorcycle,Activity Level,"Interp(2006, 84915, 2007, 92819, 2008, 101460, 2009, 110905, 2010, 121228, 2011, 132513, 2012, 144848, 2013, 158331, 2014, 173070, 2015, 189181, 2016, 206790, 2017, 226040, 2018, 247080, 2019, 270080, 2020, 295223, 2021, 322704, 2022, 352743, 2023, 385578, 2024, 421469, 2025, 2.3159e+06, 2026, 538257, 2027, 533913, 2028, 522758, 2029, 508853, 2030, 265009, 2031, 385411, 2032, 404837, 2033, 427732, 2034, 487525, 2035, 612912, 2036, 622026, 2037, 663808, 2038, 703415, 2039, 717381, 2040, 736775, 2041, 742410, 2042, 745538, 2043, 690823, 2044, 675199, 2045, 661418, 2046, 643559, 2047, 606191, 2048, 610735, 2049, 622860, 2050, 639224, 2051, 663675, 2052, 691444, 2053, 710668, 2054, 726746, 2055, 738130, 2056, 742898, 2057, 740578, 2058, 735548, 2059, 728388, 2060, 719982)",,,sales_magnitude.csv (Transport pipeline 2026-05-19),absolute sales count (all fuels combined),sales_magnitude.csv,Medium,Current Accounts
Cambodia,Key\TransportDataStock\Vehicle_Sales\PassengerCar,Activity Level,"Interp(2006, 923, 2007, 1091, 2008, 1284, 2009, 1502, 2010, 1752, 2011, 2034, 2012, 2354, 2013, 2716, 2014, 3125, 2015, 3587, 2016, 4108, 2017, 4695, 2018, 5357, 2019, 6100, 2020, 7257, 2021, 8289, 2022, 9449, 2023, 10755, 2024, 12221, 2025, 40606.4, 2026, 23565.6, 2027, 27259.7, 2028, 31036, 2029, 34591.9, 2030, 6463.25, 2031, 20444.3, 2032, 22350.4, 2033, 24498.9, 2034, 27336.1, 2035, 31471.3, 2036, 34957.8, 2037, 38937.1, 2038, 43316.9, 2039, 47272.6, 2040, 50344.1, 2041, 53474.3, 2042, 57315.7, 2043, 60451.3, 2044, 64354.1, 2045, 68173.9, 2046, 68957.1, 2047, 72427, 2048, 77403.8, 2049, 82622.1, 2050, 88112.9, 2051, 93018.5, 2052, 99346.8, 2053, 105693, 2054, 112194, 2055, 118780, 2056, 125266, 2057, 131787, 2058, 138403, 2059, 145103, 2060, 151889)",,,sales_magnitude.csv (Transport pipeline 2026-05-19),absolute sales count (all fuels combined),sales_magnitude.csv,Medium,Current Accounts
Cambodia,Key\TransportDataStock\Vehicle_Sales\Truck,Activity Level,"Interp(2006, 1858, 2007, 2004, 2008, 2160, 2009, 2328, 2010, 2508, 2011, 2702, 2012, 2910, 2013, 3133, 2014, 3373, 2015, 3630, 2016, 3905, 2017, 4200, 2018, 4517, 2019, 4855, 2020, 5218, 2021, 5606, 2022, 6020, 2023, 6464, 2024, 6937, 2025, 48466.7, 2026, 11478.1, 2027, 11981.8, 2028, 12345.3, 2029, 12587.9, 2030, 7066.78, 2031, 7066.78, 2032, 8954.83, 2033, 9732.1, 2034, 11059.3, 2035, 13886.2, 2036, 14352.1, 2037, 15531.8, 2038, 16723.9, 2039, 17454.3, 2040, 18252.4, 2041, 18591.2, 2042, 19136.5, 2043, 18379.9, 2044, 18474.8, 2045, 18560.5, 2046, 18274.9, 2047, 17787, 2048, 18208, 2049, 18856.8, 2050, 19605.6, 2051, 20415.4, 2052, 21416.9, 2053, 22260.5, 2054, 23095.3, 2055, 23803.5, 2056, 24393.4, 2057, 24836, 2058, 25204.1, 2059, 25533.3, 2060, 25840.1)",,,sales_magnitude.csv (Transport pipeline 2026-05-19),absolute sales count (all fuels combined),sales_magnitude.csv,Medium,Current Accounts
Cambodia,Key\TransportDataStock\Vehicles_Sales_Share\Bus\Blended Diesel,Activity Level,Remainder(100),,Blended Diesel,sales_mix.csv (Transport pipeline 2026-05-19),"PATCHED 2026-05-20: Remainder(100) replaces Interp() per CA-2024 vs fwd-2025 continuity check (see _ca_2024_vs_fwd_2025_mismatches_20260520.csv) | sales share_percent, scenario=AMS Target Scenario",sales_mix.csv,Medium,AMS Target Scenario
Cambodia,Key\TransportDataStock\Vehicles_Sales_Share\Bus\Blended Diesel,Activity Level,Remainder(100),,Blended Diesel,sales_mix.csv (Transport pipeline 2026-05-19),"PATCHED 2026-05-20: Remainder(100) replaces Interp() per CA-2024 vs fwd-2025 continuity check (see _ca_2024_vs_fwd_2025_mismatches_20260520.csv) | sales share_percent, scenario=Baseline Simulation",sales_mix.csv,Medium,Baseline Simulation
Cambodia,Key\TransportDataStock\Vehicles_Sales_Share\Bus\Blended Diesel,Activity Level,"Interp(2006, 95.1347, 2007, 95.1157, 2008, 95.1271, 2009, 92.6497, 2010, 92.7912, 2011, 92.9865, 2012, 93.1768, 2013, 93.3624, 2014, 93.4916, 2015, 93.6692, 2016, 93.8422, 2017, 93.9631, 2018, 94.1286, 2019, 94.2899, 2020, 94.447, 2021, 94.5571, 2022, 94.7072, 2023, 94.8534, 2024, 94.7193)",,Blended Diesel,sales_mix.csv (Transport pipeline 2026-05-19),"sales share_percent, scenario=Current Accounts",sales_mix.csv,Medium,Current Accounts
Cambodia,Key\TransportDataStock\Vehicles_Sales_Share\Bus\Blended Diesel,Activity Level,Remainder(100),,Blended Diesel,sales_mix.csv (Transport pipeline 2026-05-19),"PATCHED 2026-05-20: Remainder(100) replaces Interp() per CA-2024 vs fwd-2025 continuity check (see _ca_2024_vs_fwd_2025_mismatches_20260520.csv) | sales share_percent, scenario=Regional Aspiration Scenario",sales_mix.csv,Medium,Regional Aspiration Scenario
Cambodia,Key\TransportDataStock\Vehicles_Sales_Share\Bus\Electricity,Activity Level,"Interp(2025, 0.29106, 2026, 0.307825, 2027, 0.325764, 2028, 0.344907, 2029, 0.365274, 2030, 0.386875, 2031, 0.409706, 2032, 0.433753, 2033, 0.458986, 2034, 0.485359, 2035, 0.51281, 2036, 0.541262, 2037, 0.570622, 2038, 0.600778, 2039, 0.631609, 2040, 0.662979, 2041, 0.69474, 2042, 0.72674, 2043, 0.75882, 2044, 0.79082, 2045, 0.822582, 2046, 0.853951, 2047, 0.884782, 2048, 0.914939, 2049, 0.944298, 2050, 0.97275, 2051, 1.0002, 2052, 1.02657, 2053, 1.05181, 2054, 1.07585, 2055, 1.09869, 2056, 1.12029, 2057, 1.14065, 2058, 1.1598, 2059, 1.17774, 2060, 1.1945)",,Electricity,sales_mix.csv (Transport pipeline 2026-05-19),"sales share_percent, scenario=AMS Target Scenario",sales_mix.csv,Medium,AMS Target Scenario
Cambodia,Key\TransportDataStock\Vehicles_Sales_Share\Bus\Electricity,Activity Level,"Interp(2025, 0.29106, 2026, 0.307825, 2027, 0.325764, 2028, 0.344907, 2029, 0.365274, 2030, 0.386875, 2031, 0.409706, 2032, 0.433753, 2033, 0.458986, 2034, 0.485359, 2035, 0.51281, 2036, 0.541262, 2037, 0.570622, 2038, 0.600778, 2039, 0.631609, 2040, 0.662979, 2041, 0.69474, 2042, 0.72674, 2043, 0.75882, 2044, 0.79082, 2045, 0.822582, 2046, 0.853951, 2047, 0.884782, 2048, 0.914939, 2049, 0.944298, 2050, 0.97275, 2051, 1.0002, 2052, 1.02657, 2053, 1.05181, 2054, 1.07585, 2055, 1.09869, 2056, 1.12029, 2057, 1.14065, 2058, 1.1598, 2059, 1.17774, 2060, 1.1945)",,Electricity,sales_mix.csv (Transport pipeline 2026-05-19),"sales share_percent, scenario=Baseline Simulation",sales_mix.csv,Medium,Baseline Simulation
Cambodia,Key\TransportDataStock\Vehicles_Sales_Share\Bus\Electricity,Activity Level,"Interp(2006, 0, 2007, 0, 2008, 0, 2009, 0, 2010, 0, 2011, 0, 2012, 0, 2013, 0, 2014, 0, 2015, 0, 2016, 0, 2017, 0, 2018, 0, 2019, 0, 2020, 0, 2021, 0, 2022, 0, 2023, 0, 2024, 0.29106)",,Electricity,sales_mix.csv (Transport pipeline 2026-05-19),"sales share_percent, scenario=Current Accounts",sales_mix.csv,Medium,Current Accounts
Cambodia,Key\TransportDataStock\Vehicles_Sales_Share\Bus\Electricity,Activity Level,"Interp(2025, 0.29106, 2026, 0.660712, 2027, 1.08027, 2028, 1.55484, 2029, 2.08955, 2030, 2.68938, 2031, 3.35897, 2032, 4.10234, 2033, 4.92261, 2034, 5.82169, 2035, 6.79992, 2036, 7.85577, 2037, 8.98562, 2038, 10.1835, 2039, 11.4412, 2040, 12.7482, 2041, 14.092, 2042, 15.4584, 2043, 16.8326, 2044, 18.1991, 2045, 19.5428, 2046, 20.8498, 2047, 22.1075, 2048, 23.3054, 2049, 24.4353, 2050, 25.4911, 2051, 26.4694, 2052, 27.3684, 2053, 28.1887, 2054, 28.9321, 2055, 29.6017, 2056, 30.2015, 2057, 30.7362, 2058, 31.2108, 2059, 31.6303, 2060, 32)",,Electricity,sales_mix.csv (Transport pipeline 2026-05-19),"sales share_percent, scenario=Regional Aspiration Scenario",sales_mix.csv,Medium,Regional Aspiration Scenario
Cambodia,Key\TransportDataStock\Vehicles_Sales_Share\Bus\Gasoline,Activity Level,"Interp(2006, 4.86533, 2007, 4.88432, 2008, 4.87288, 2009, 7.35032, 2010, 7.20876, 2011, 7.01352, 2012, 6.82318, 2013, 6.63764, 2014, 6.50838, 2015, 6.33082, 2016, 6.15778, 2017, 6.03686, 2018, 5.87136, 2019, 5.71011, 2020, 5.55303, 2021, 5.44294, 2022, 5.29279, 2023, 5.14657, 2024, 4.9896)",,Gasoline,sales_mix.csv (Transport pipeline 2026-05-19),"sales share_percent, scenario=Current Accounts",sales_mix.csv,Medium,Current Accounts
Cambodia,Key\TransportDataStock\Vehicles_Sales_Share\Bus\Natural Gas,Activity Level,"Interp(2006, 0, 2007, 0, 2008, 0, 2009, 0, 2010, 0, 2011, 0, 2012, 0, 2013, 0, 2014, 0, 2015, 0, 2016, 0, 2017, 0, 2018, 0, 2019, 0, 2020, 0, 2021, 0, 2022, 0, 2023, 0, 2024, 0)",,Natural Gas,sales_mix.csv (Transport pipeline 2026-05-19),"sales share_percent, scenario=Current Accounts",sales_mix.csv,Medium,Current Accounts
Cambodia,Key\TransportDataStock\Vehicles_Sales_Share\Motorcycle\Electricity,Activity Level,"Interp(2025, 0.00166086, 2026, 1.40467, 2027, 2.87024, 2028, 4.38519, 2029, 5.93428, 2030, 7.50083, 2031, 9.06738, 2032, 10.6165, 2033, 12.1314, 2034, 13.597, 2035, 15, 2036, 16.3297, 2037, 17.578, 2038, 18.7394, 2039, 19.811, 2040, 20.7923, 2041, 21.6844, 2042, 22.4904, 2043, 23.2144, 2044, 23.8613, 2045, 24.4367, 2046, 24.9463, 2047, 25.3961, 2048, 25.7917, 2049, 26.1388, 2050, 26.4424, 2051, 26.7075, 2052, 26.9386, 2053, 27.1396, 2054, 27.3142, 2055, 27.4657, 2056, 27.597, 2057, 27.7106, 2058, 27.809, 2059, 27.894, 2060, 27.9675)",,Electricity,sales_mix.csv (Transport pipeline 2026-05-19),"sales share_percent, scenario=AMS Target Scenario",sales_mix.csv,Medium,AMS Target Scenario
Cambodia,Key\TransportDataStock\Vehicles_Sales_Share\Motorcycle\Electricity,Activity Level,"Interp(2025, 0.00166086, 2026, 0.00258197, 2027, 0.00356764, 2028, 0.00461946, 2029, 0.00573852, 2030, 0.00692535, 2031, 0.00817982, 2032, 0.00950108, 2033, 0.0108875, 2034, 0.0123365, 2035, 0.0138448, 2036, 0.0154081, 2037, 0.0170212, 2038, 0.0186782, 2039, 0.0203722, 2040, 0.0220958, 2041, 0.0238409, 2042, 0.0255991, 2043, 0.0273617, 2044, 0.02912, 2045, 0.0308651, 2046, 0.0325887, 2047, 0.0342827, 2048, 0.0359396, 2049, 0.0375527, 2050, 0.039116, 2051, 0.0406243, 2052, 0.0420734, 2053, 0.0434598, 2054, 0.044781, 2055, 0.0460355, 2056, 0.0472223, 2057, 0.0483414, 2058, 0.0493932, 2059, 0.0503789, 2060, 0.0513)",,Electricity,sales_mix.csv (Transport pipeline 2026-05-19),"sales share_percent, scenario=Baseline Simulation",sales_mix.csv,Medium,Baseline Simulation
Cambodia,Key\TransportDataStock\Vehicles_Sales_Share\Motorcycle\Electricity,Activity Level,"Interp(2006, 0, 2007, 0, 2008, 0, 2009, 0, 2010, 0, 2011, 0, 2012, 0, 2013, 0, 2014, 0, 2015, 0, 2016, 0, 2017, 0, 2018, 0, 2019, 0, 2020, 0.00101618, 2021, 0.00123953, 2022, 0.00141746, 2023, 0.00155611, 2024, 0.00166086)",,Electricity,sales_mix.csv (Transport pipeline 2026-05-19),"sales share_percent, scenario=Current Accounts",sales_mix.csv,Medium,Current Accounts
Cambodia,Key\TransportDataStock\Vehicles_Sales_Share\Motorcycle\Electricity,Activity Level,"Interp(2025, 0.00166086, 2026, 4.29984, 2027, 9.38056, 2028, 15.2752, 2029, 21.9679, 2030, 29.3826, 2031, 37.3774, 2032, 45.7494, 2033, 54.2523, 2034, 62.6243, 2035, 70.619, 2036, 78.0337, 2037, 84.7264, 2038, 90.6211, 2039, 95.7018, 2040, 100, 2041, 100, 2042, 100, 2043, 100, 2044, 100, 2045, 100, 2046, 100, 2047, 100, 2048, 100, 2049, 100, 2050, 100, 2051, 100, 2052, 100, 2053, 100, 2054, 100, 2055, 100, 2056, 100, 2057, 100, 2058, 100, 2059, 100, 2060, 100)",,Electricity,sales_mix.csv (Transport pipeline 2026-05-19),"sales share_percent, scenario=Regional Aspiration Scenario",sales_mix.csv,Medium,Regional Aspiration Scenario
Cambodia,Key\TransportDataStock\Vehicles_Sales_Share\Motorcycle\Gasoline,Activity Level,Remainder(100),,Gasoline,sales_mix.csv (Transport pipeline 2026-05-19),"PATCHED 2026-05-20: Remainder(100) replaces Interp() per CA-2024 vs fwd-2025 continuity check (see _ca_2024_vs_fwd_2025_mismatches_20260520.csv) | sales share_percent, scenario=AMS Target Scenario",sales_mix.csv,Medium,AMS Target Scenario
Cambodia,Key\TransportDataStock\Vehicles_Sales_Share\Motorcycle\Gasoline,Activity Level,Remainder(100),,Gasoline,sales_mix.csv (Transport pipeline 2026-05-19),"PATCHED 2026-05-20: Remainder(100) replaces Interp() per CA-2024 vs fwd-2025 continuity check (see _ca_2024_vs_fwd_2025_mismatches_20260520.csv) | sales share_percent, scenario=Baseline Simulation",sales_mix.csv,Medium,Baseline Simulation
Cambodia,Key\TransportDataStock\Vehicles_Sales_Share\Motorcycle\Gasoline,Activity Level,"Interp(2006, 95.3365, 2007, 95.3027, 2008, 95.2681, 2009, 95.2338, 2010, 95.2, 2011, 95.165, 2012, 95.1308, 2013, 95.0963, 2014, 95.0615, 2015, 95.027, 2016, 94.9925, 2017, 94.9575, 2018, 94.9231, 2019, 94.8882, 2020, 94.8524, 2021, 94.8175, 2022, 94.7823, 2023, 94.7474, 2024, 94.7123)",,Gasoline,sales_mix.csv (Transport pipeline 2026-05-19),"sales share_percent, scenario=Current Accounts",sales_mix.csv,Medium,Current Accounts
Cambodia,Key\TransportDataStock\Vehicles_Sales_Share\Motorcycle\Gasoline,Activity Level,Remainder(100),,Gasoline,sales_mix.csv (Transport pipeline 2026-05-19),"PATCHED 2026-05-20: Remainder(100) replaces Interp() per CA-2024 vs fwd-2025 continuity check (see _ca_2024_vs_fwd_2025_mismatches_20260520.csv) | sales share_percent, scenario=Regional Aspiration Scenario",sales_mix.csv,Medium,Regional Aspiration Scenario
Cambodia,Key\TransportDataStock\Vehicles_Sales_Share\PassengerCar\Blended Diesel,Activity Level,"Interp(2025, 28.2301, 2026, 27.7761, 2027, 27.2903, 2028, 26.7718, 2029, 26.2202, 2030, 25.6353, 2031, 25.0169, 2032, 24.3657, 2033, 23.6824, 2034, 22.9681, 2035, 22.2247, 2036, 21.4542, 2037, 20.6591, 2038, 19.8424, 2039, 19.0074, 2040, 18.1579, 2041, 17.2977, 2042, 16.4311, 2043, 15.5623, 2044, 14.6957, 2045, 13.8355, 2046, 12.986, 2047, 12.151, 2048, 11.3343, 2049, 10.5392, 2050, 9.76866, 2051, 9.02523, 2052, 8.311, 2053, 7.62766, 2054, 6.97642, 2055, 6.3581, 2056, 5.77312, 2057, 5.22154, 2058, 4.7031, 2059, 4.21727, 2060, 3.76326)",,Blended Diesel,sales_mix.csv (Transport pipeline 2026-05-19),"sales share_percent, scenario=AMS Target Scenario",sales_mix.csv,Medium,AMS Target Scenario
Cambodia,Key\TransportDataStock\Vehicles_Sales_Share\PassengerCar\Blended Diesel,Activity Level,"Interp(2025, 28.2301, 2026, 27.7761, 2027, 27.2903, 2028, 26.7718, 2029, 26.2202, 2030, 25.6353, 2031, 25.0169, 2032, 24.3657, 2033, 23.6824, 2034, 22.9681, 2035, 22.2247, 2036, 21.4542, 2037, 20.6591, 2038, 19.8424, 2039, 19.0074, 2040, 18.1579, 2041, 17.2977, 2042, 16.4311, 2043, 15.5623, 2044, 14.6957, 2045, 13.8355, 2046, 12.986, 2047, 12.151, 2048, 11.3343, 2049, 10.5392, 2050, 9.76866, 2051, 9.02523, 2052, 8.311, 2053, 7.62766, 2054, 6.97642, 2055, 6.3581, 2056, 5.77312, 2057, 5.22154, 2058, 4.7031, 2059, 4.21727, 2060, 3.76326)",,Blended Diesel,sales_mix.csv (Transport pipeline 2026-05-19),"sales share_percent, scenario=Baseline Simulation",sales_mix.csv,Medium,Baseline Simulation
Cambodia,Key\TransportDataStock\Vehicles_Sales_Share\PassengerCar\Blended Diesel,Activity Level,"Interp(2006, 29.7941, 2007, 29.7892, 2008, 29.8287, 2009, 29.8935, 2010, 29.9087, 2011, 29.941, 2012, 29.9915, 2013, 30.0074, 2014, 30.016, 2015, 30.053, 2016, 30.0633, 2017, 30.0745, 2018, 30.0915, 2019, 30.0984, 2020, 28.786, 2021, 28.6283, 2022, 28.4792, 2023, 28.3496, 2024, 28.2301)",,Blended Diesel,sales_mix.csv (Transport pipeline 2026-05-19),"sales share_percent, scenario=Current Accounts",sales_mix.csv,Medium,Current Accounts
Cambodia,Key\TransportDataStock\Vehicles_Sales_Share\PassengerCar\Blended Diesel,Activity Level,"Interp(2025, 28.2301, 2026, 25.7286, 2027, 22.7245, 2028, 19.1735, 2029, 15.0536, 2030, 10.3759, 2031, 5.19359)",,Blended Diesel,sales_mix.csv (Transport pipeline 2026-05-19),"sales share_percent, scenario=Regional Aspiration Scenario",sales_mix.csv,Medium,Regional Aspiration Scenario
Cambodia,Key\TransportDataStock\Vehicles_Sales_Share\PassengerCar\Electricity,Activity Level,"Interp(2025, 6.38246, 2026, 6.94997, 2027, 7.55726, 2028, 8.2053, 2029, 8.89478, 2030, 9.626, 2031, 10.3989, 2032, 11.213, 2033, 12.0671, 2034, 12.9599, 2035, 13.8892, 2036, 14.8524, 2037, 15.8463, 2038, 16.8671, 2039, 17.9108, 2040, 18.9728, 2041, 20.048, 2042, 21.1312, 2043, 22.2172, 2044, 23.3005, 2045, 24.3757, 2046, 25.4376, 2047, 26.4813, 2048, 27.5022, 2049, 28.4961, 2050, 29.4592, 2051, 30.3885, 2052, 31.2813, 2053, 32.1355, 2054, 32.9496, 2055, 33.7225, 2056, 34.4537, 2057, 35.1432, 2058, 35.7912, 2059, 36.3985, 2060, 36.966)",,Electricity,sales_mix.csv (Transport pipeline 2026-05-19),"sales share_percent, scenario=AMS Target Scenario",sales_mix.csv,Medium,AMS Target Scenario
Cambodia,Key\TransportDataStock\Vehicles_Sales_Share\PassengerCar\Electricity,Activity Level,"Interp(2025, 6.38246, 2026, 6.94997, 2027, 7.55726, 2028, 8.2053, 2029, 8.89478, 2030, 9.626, 2031, 10.3989, 2032, 11.213, 2033, 12.0671, 2034, 12.9599, 2035, 13.8892, 2036, 14.8524, 2037, 15.8463, 2038, 16.8671, 2039, 17.9108, 2040, 18.9728, 2041, 20.048, 2042, 21.1312, 2043, 22.2172, 2044, 23.3005, 2045, 24.3757, 2046, 25.4376, 2047, 26.4813, 2048, 27.5022, 2049, 28.4961, 2050, 29.4592, 2051, 30.3885, 2052, 31.2813, 2053, 32.1355, 2054, 32.9496, 2055, 33.7225, 2056, 34.4537, 2057, 35.1432, 2058, 35.7912, 2059, 36.3985, 2060, 36.966)",,Electricity,sales_mix.csv (Transport pipeline 2026-05-19),"sales share_percent, scenario=Baseline Simulation",sales_mix.csv,Medium,Baseline Simulation
Cambodia,Key\TransportDataStock\Vehicles_Sales_Share\PassengerCar\Electricity,Activity Level,"Interp(2006, 0, 2007, 0, 2008, 0, 2009, 0, 2010, 0, 2011, 0, 2012, 0, 2013, 0, 2014, 0, 2015, 0, 2016, 0, 2017, 0, 2018, 0, 2019, 0, 2020, 4.40954, 2021, 4.97044, 2022, 5.48206, 2023, 5.95072, 2024, 6.38246)",,Electricity,sales_mix.csv (Transport pipeline 2026-05-19),"sales share_percent, scenario=Current Accounts",sales_mix.csv,Medium,Current Accounts
Cambodia,Key\TransportDataStock\Vehicles_Sales_Share\PassengerCar\Electricity,Activity Level,"Interp(2025, 6.38246, 2026, 9.50935, 2027, 13.2645, 2028, 17.7032, 2029, 22.8531, 2030, 28.7002, 2031, 35.1781, 2032, 42.1627, 2033, 49.4769, 2034, 56.9055, 2035, 64.2197, 2036, 71.2044, 2037, 77.6822, 2038, 83.5293, 2039, 88.6792, 2040, 93.118, 2041, 96.8731, 2042, 100, 2043, 100, 2044, 100, 2045, 100, 2046, 100, 2047, 100, 2048, 100, 2049, 100, 2050, 100, 2051, 100, 2052, 100, 2053, 100, 2054, 100, 2055, 100, 2056, 100, 2057, 100, 2058, 100, 2059, 100, 2060, 100)",,Electricity,sales_mix.csv (Transport pipeline 2026-05-19),"sales share_percent, scenario=Regional Aspiration Scenario",sales_mix.csv,Medium,Regional Aspiration Scenario
Cambodia,Key\TransportDataStock\Vehicles_Sales_Share\PassengerCar\Gasoline,Activity Level,Remainder(100),,Gasoline,sales_mix.csv (Transport pipeline 2026-05-19),"PATCHED 2026-05-20: Remainder(100) replaces Interp() per CA-2024 vs fwd-2025 continuity check (see _ca_2024_vs_fwd_2025_mismatches_20260520.csv) | sales share_percent, scenario=AMS Target Scenario",sales_mix.csv,Medium,AMS Target Scenario
Cambodia,Key\TransportDataStock\Vehicles_Sales_Share\PassengerCar\Gasoline,Activity Level,Remainder(100),,Gasoline,sales_mix.csv (Transport pipeline 2026-05-19),"PATCHED 2026-05-20: Remainder(100) replaces Interp() per CA-2024 vs fwd-2025 continuity check (see _ca_2024_vs_fwd_2025_mismatches_20260520.csv) | sales share_percent, scenario=Baseline Simulation",sales_mix.csv,Medium,Baseline Simulation
Cambodia,Key\TransportDataStock\Vehicles_Sales_Share\PassengerCar\Gasoline,Activity Level,"Interp(2006, 59.0466, 2007, 58.9368, 2008, 58.7227, 2009, 58.5885, 2010, 58.4475, 2011, 58.3579, 2012, 58.2413, 2013, 58.137, 2014, 58.08, 2015, 57.9872, 2016, 57.9357, 2017, 57.8701, 2018, 57.8122, 2019, 57.7705, 2020, 55.1743, 2021, 54.8076, 2022, 54.482, 2023, 54.1702, 2024, 53.8908)",,Gasoline,sales_mix.csv (Transport pipeline 2026-05-19),"sales share_percent, scenario=Current Accounts",sales_mix.csv,Medium,Current Accounts
Cambodia,Key\TransportDataStock\Vehicles_Sales_Share\PassengerCar\Gasoline,Activity Level,Remainder(100),,Gasoline,sales_mix.csv (Transport pipeline 2026-05-19),"PATCHED 2026-05-20: Remainder(100) replaces Interp() per CA-2024 vs fwd-2025 continuity check (see _ca_2024_vs_fwd_2025_mismatches_20260520.csv) | sales share_percent, scenario=Regional Aspiration Scenario",sales_mix.csv,Medium,Regional Aspiration Scenario
Cambodia,Key\TransportDataStock\Vehicles_Sales_Share\PassengerCar\Natural Gas,Activity Level,"Interp(2006, 11.1593, 2007, 11.2741, 2008, 11.4486, 2009, 11.518, 2010, 11.6438, 2011, 11.7011, 2012, 11.7672, 2013, 11.8557, 2014, 11.904, 2015, 11.9599, 2016, 12.001, 2017, 12.0554, 2018, 12.0963, 2019, 12.1311, 2020, 11.6302, 2021, 11.5937, 2022, 11.5568, 2023, 11.5295, 2024, 11.4966)",,Natural Gas,sales_mix.csv (Transport pipeline 2026-05-19),"sales share_percent, scenario=Current Accounts",sales_mix.csv,Medium,Current Accounts
Cambodia,Key\TransportDataStock\Vehicles_Sales_Share\Truck\Blended Diesel,Activity Level,"Interp(2025, 100, 2026, 100, 2027, 100, 2028, 100, 2029, 100, 2030, 100, 2031, 100, 2032, 100, 2033, 100, 2034, 100, 2035, 100, 2036, 100, 2037, 100, 2038, 100, 2039, 100, 2040, 100, 2041, 100, 2042, 100, 2043, 100, 2044, 100, 2045, 100, 2046, 100, 2047, 100, 2048, 100, 2049, 100, 2050, 100, 2051, 100, 2052, 100, 2053, 100, 2054, 100, 2055, 100, 2056, 100, 2057, 100, 2058, 100, 2059, 100, 2060, 100)",,Blended Diesel,sales_mix.csv (Transport pipeline 2026-05-19),"sales share_percent, scenario=AMS Target Scenario",sales_mix.csv,Medium,AMS Target Scenario
Cambodia,Key\TransportDataStock\Vehicles_Sales_Share\Truck\Blended Diesel,Activity Level,"Interp(2025, 100, 2026, 100, 2027, 100, 2028, 100, 2029, 100, 2030, 100, 2031, 100, 2032, 100, 2033, 100, 2034, 100, 2035, 100, 2036, 100, 2037, 100, 2038, 100, 2039, 100, 2040, 100, 2041, 100, 2042, 100, 2043, 100, 2044, 100, 2045, 100, 2046, 100, 2047, 100, 2048, 100, 2049, 100, 2050, 100, 2051, 100, 2052, 100, 2053, 100, 2054, 100, 2055, 100, 2056, 100, 2057, 100, 2058, 100, 2059, 100, 2060, 100)",,Blended Diesel,sales_mix.csv (Transport pipeline 2026-05-19),"sales share_percent, scenario=Baseline Simulation",sales_mix.csv,Medium,Baseline Simulation
Cambodia,Key\TransportDataStock\Vehicles_Sales_Share\Truck\Blended Diesel,Activity Level,"Interp(2006, 100, 2007, 100, 2008, 100, 2009, 100, 2010, 100, 2011, 100, 2012, 100, 2013, 100, 2014, 100, 2015, 100, 2016, 100, 2017, 100, 2018, 100, 2019, 100, 2020, 100, 2021, 100, 2022, 100, 2023, 100, 2024, 100)",,Blended Diesel,sales_mix.csv (Transport pipeline 2026-05-19),"sales share_percent, scenario=Current Accounts",sales_mix.csv,Medium,Current Accounts
Cambodia,Key\TransportDataStock\Vehicles_Sales_Share\Truck\Blended Diesel,Activity Level,"Interp(2025, 100, 2026, 99.8834, 2027, 99.7511, 2028, 99.6014, 2029, 99.4328, 2030, 99.2436, 2031, 99.0325, 2032, 98.798, 2033, 98.5394, 2034, 98.2558, 2035, 97.9473, 2036, 97.6143, 2037, 97.258, 2038, 96.8802, 2039, 96.4836, 2040, 96.0714, 2041, 95.6476, 2042, 95.2167, 2043, 94.7833, 2044, 94.3524, 2045, 93.9286, 2046, 93.5164, 2047, 93.1198, 2048, 92.742, 2049, 92.3857, 2050, 92.0527, 2051, 91.7442, 2052, 91.4606, 2053, 91.202, 2054, 90.9675, 2055, 90.7564, 2056, 90.5672, 2057, 90.3986, 2058, 90.2489, 2059, 90.1166, 2060, 90)",,Blended Diesel,sales_mix.csv (Transport pipeline 2026-05-19),"sales share_percent, scenario=Regional Aspiration Scenario",sales_mix.csv,Medium,Regional Aspiration Scenario
Cambodia,Key\TransportDataStock\Vehicles_Sales_Share\Truck\Electricity,Activity Level,"Interp(2026, 0.116576, 2027, 0.248892, 2028, 0.398556, 2029, 0.567186, 2030, 0.756354, 2031, 0.967521, 2032, 1.20196, 2033, 1.46065, 2034, 1.74419, 2035, 2.05269, 2036, 2.38567, 2037, 2.74199, 2038, 3.11978, 2039, 3.51642, 2040, 3.92859, 2041, 4.35237, 2042, 4.78332, 2043, 5.21668, 2044, 5.64763, 2045, 6.07141, 2046, 6.48358, 2047, 6.88022, 2048, 7.25801, 2049, 7.61433, 2050, 7.94731, 2051, 8.25581, 2052, 8.53935, 2053, 8.79804, 2054, 9.03248, 2055, 9.24365, 2056, 9.43281, 2057, 9.60144, 2058, 9.75111, 2059, 9.88342, 2060, 10)",,Electricity,sales_mix.csv (Transport pipeline 2026-05-19),"sales share_percent, scenario=Regional Aspiration Scenario",sales_mix.csv,Medium,Regional Aspiration Scenario
Cambodia,Key\TransportDataStock\Vehicles_Sales_Share\Truck\Natural Gas,Activity Level,"Interp(2006, 0, 2007, 0, 2008, 0, 2009, 0, 2010, 0, 2011, 0, 2012, 0, 2013, 0, 2014, 0, 2015, 0, 2016, 0, 2017, 0, 2018, 0, 2019, 0, 2020, 0, 2021, 0, 2022, 0, 2023, 0, 2024, 0)",,Natural Gas,sales_mix.csv (Transport pipeline 2026-05-19),"sales share_percent, scenario=Current Accounts",sales_mix.csv,Medium,Current Accounts
Cambodia,Demand\Transport\Road\Bus\Blended Diesel\Blended Diesel,Mileage,"Interp(2025, 16528, 2030, 16528, 2035, 16528, 2040, 16528, 2045, 16528, 2050, 16528, 2055, 16528, 2060, 16528)",Kilometer,Blended Diesel,"hdv-socioecon-fit (n_train=8 = 2 ASEAN + 6 peers; R2=0.15, LOO_RMSE_log=0.552)",mileage vehicle-wide; confidence=hdv_socioecon_predicted,mileage_anchors.csv,Medium,Current Accounts
Cambodia,Demand\Transport\Road\Bus\Electricity\Electricity,Mileage,"Interp(2025, 16528, 2030, 16528, 2035, 16528, 2040, 16528, 2045, 16528, 2050, 16528, 2055, 16528, 2060, 16528)",Kilometer,Electricity,"hdv-socioecon-fit (n_train=8 = 2 ASEAN + 6 peers; R2=0.15, LOO_RMSE_log=0.552)",mileage vehicle-wide; confidence=hdv_socioecon_predicted,mileage_anchors.csv,Medium,Current Accounts
Cambodia,Demand\Transport\Road\Bus\Gasoline\Gasoline,Mileage,"Interp(2025, 16528, 2030, 16528, 2035, 16528, 2040, 16528, 2045, 16528, 2050, 16528, 2055, 16528, 2060, 16528)",Kilometer,Gasoline,"hdv-socioecon-fit (n_train=8 = 2 ASEAN + 6 peers; R2=0.15, LOO_RMSE_log=0.552)",mileage vehicle-wide; confidence=hdv_socioecon_predicted,mileage_anchors.csv,Medium,Current Accounts
Cambodia,Demand\Transport\Road\Bus\Hydrogen\Hydrogen,Mileage,"Interp(2025, 16528, 2030, 16528, 2035, 16528, 2040, 16528, 2045, 16528, 2050, 16528, 2055, 16528, 2060, 16528)",Kilometer,Hydrogen,"hdv-socioecon-fit (n_train=8 = 2 ASEAN + 6 peers; R2=0.15, LOO_RMSE_log=0.552)",mileage vehicle-wide; confidence=hdv_socioecon_predicted,mileage_anchors.csv,Medium,Current Accounts
Cambodia,Demand\Transport\Road\Bus\Natural Gas\Natural Gas,Mileage,"Interp(2025, 16528, 2030, 16528, 2035, 16528, 2040, 16528, 2045, 16528, 2050, 16528, 2055, 16528, 2060, 16528)",Kilometer,Natural Gas,"hdv-socioecon-fit (n_train=8 = 2 ASEAN + 6 peers; R2=0.15, LOO_RMSE_log=0.552)",mileage vehicle-wide; confidence=hdv_socioecon_predicted,mileage_anchors.csv,Medium,Current Accounts
Cambodia,Demand\Transport\Road\Motorcyle\Electricity\Electricity,Mileage,"Interp(2025, 9384, 2030, 9384, 2035, 9384, 2040, 9384, 2045, 9384, 2050, 9384, 2055, 9384, 2060, 9384)",Kilometer,Electricity,"socioecon-fit v2 pooled (n_train=5, R2=0.77, LOO_RMSE_log=0.295); train countries: India,Indonesia,Malaysia,Singapore,Viet Nam",mileage vehicle-wide; confidence=socioecon_predicted,mileage_anchors.csv,Medium,Current Accounts
Cambodia,Demand\Transport\Road\Motorcyle\Gasoline\Gasoline,Mileage,"Interp(2025, 9384, 2030, 9384, 2035, 9384, 2040, 9384, 2045, 9384, 2050, 9384, 2055, 9384, 2060, 9384)",Kilometer,Gasoline,"socioecon-fit v2 pooled (n_train=5, R2=0.77, LOO_RMSE_log=0.295); train countries: India,Indonesia,Malaysia,Singapore,Viet Nam",mileage vehicle-wide; confidence=socioecon_predicted,mileage_anchors.csv,Medium,Current Accounts
Cambodia,Demand\Transport\Road\PassengerCar\Blended Diesel\Blended Diesel,Mileage,"Interp(2025, 13711, 2030, 13711, 2035, 13711, 2040, 13711, 2045, 13711, 2050, 13711, 2055, 13711, 2060, 13711)",Kilometer,Blended Diesel,"socioecon-fit v2 pooled (n_train=13, R2=0.07, LOO_RMSE_log=0.244); train countries: China,France,Germany,India,Indonesia,Japan,Malaysia,New Zealand,Philippines,Singapore,United Kingdom,United States,Viet Nam",mileage vehicle-wide; confidence=socioecon_predicted,mileage_anchors.csv,Medium,Current Accounts
Cambodia,Demand\Transport\Road\PassengerCar\Electricity\Electricity,Mileage,"Interp(2025, 13711, 2030, 13711, 2035, 13711, 2040, 13711, 2045, 13711, 2050, 13711, 2055, 13711, 2060, 13711)",Kilometer,Electricity,"socioecon-fit v2 pooled (n_train=13, R2=0.07, LOO_RMSE_log=0.244); train countries: China,France,Germany,India,Indonesia,Japan,Malaysia,New Zealand,Philippines,Singapore,United Kingdom,United States,Viet Nam",mileage vehicle-wide; confidence=socioecon_predicted,mileage_anchors.csv,Medium,Current Accounts
Cambodia,Demand\Transport\Road\PassengerCar\Gasoline\Gasoline,Mileage,"Interp(2025, 13711, 2030, 13711, 2035, 13711, 2040, 13711, 2045, 13711, 2050, 13711, 2055, 13711, 2060, 13711)",Kilometer,Gasoline,"socioecon-fit v2 pooled (n_train=13, R2=0.07, LOO_RMSE_log=0.244); train countries: China,France,Germany,India,Indonesia,Japan,Malaysia,New Zealand,Philippines,Singapore,United Kingdom,United States,Viet Nam",mileage vehicle-wide; confidence=socioecon_predicted,mileage_anchors.csv,Medium,Current Accounts
Cambodia,Demand\Transport\Road\PassengerCar\Natural Gas\Natural Gas,Mileage,"Interp(2025, 13711, 2030, 13711, 2035, 13711, 2040, 13711, 2045, 13711, 2050, 13711, 2055, 13711, 2060, 13711)",Kilometer,Natural Gas,"socioecon-fit v2 pooled (n_train=13, R2=0.07, LOO_RMSE_log=0.244); train countries: China,France,Germany,India,Indonesia,Japan,Malaysia,New Zealand,Philippines,Singapore,United Kingdom,United States,Viet Nam",mileage vehicle-wide; confidence=socioecon_predicted,mileage_anchors.csv,Medium,Current Accounts
Cambodia,Demand\Transport\Road\Truck\Blended Diesel\Blended Diesel,Mileage,"Interp(2025, 83109, 2030, 83109, 2035, 83109, 2040, 83109, 2045, 83109, 2050, 83109, 2055, 83109, 2060, 83109)",Kilometer,Blended Diesel,"hdv-socioecon-fit (n_train=9 = 4 ASEAN + 5 peers; R2=0.40, LOO_RMSE_log=0.922)",mileage vehicle-wide; confidence=hdv_socioecon_predicted,mileage_anchors.csv,Medium,Current Accounts
Cambodia,Demand\Transport\Road\Truck\Electricity\Electricity,Mileage,"Interp(2025, 83109, 2030, 83109, 2035, 83109, 2040, 83109, 2045, 83109, 2050, 83109, 2055, 83109, 2060, 83109)",Kilometer,Electricity,"hdv-socioecon-fit (n_train=9 = 4 ASEAN + 5 peers; R2=0.40, LOO_RMSE_log=0.922)",mileage vehicle-wide; confidence=hdv_socioecon_predicted,mileage_anchors.csv,Medium,Current Accounts
Cambodia,Demand\Transport\Road\Truck\Gasoline\Gasoline,Mileage,"Interp(2025, 83109, 2030, 83109, 2035, 83109, 2040, 83109, 2045, 83109, 2050, 83109, 2055, 83109, 2060, 83109)",Kilometer,Gasoline,"hdv-socioecon-fit (n_train=9 = 4 ASEAN + 5 peers; R2=0.40, LOO_RMSE_log=0.922)",mileage vehicle-wide; confidence=hdv_socioecon_predicted,mileage_anchors.csv,Medium,Current Accounts
Cambodia,Demand\Transport\Road\Truck\Hydrogen\Hydrogen,Mileage,"Interp(2025, 83109, 2030, 83109, 2035, 83109, 2040, 83109, 2045, 83109, 2050, 83109, 2055, 83109, 2060, 83109)",Kilometer,Hydrogen,"hdv-socioecon-fit (n_train=9 = 4 ASEAN + 5 peers; R2=0.40, LOO_RMSE_log=0.922)",mileage vehicle-wide; confidence=hdv_socioecon_predicted,mileage_anchors.csv,Medium,Current Accounts
Cambodia,Demand\Transport\Road\Truck\Natural Gas\Natural Gas,Mileage,"Interp(2025, 83109, 2030, 83109, 2035, 83109, 2040, 83109, 2045, 83109, 2050, 83109, 2055, 83109, 2060, 83109)",Kilometer,Natural Gas,"hdv-socioecon-fit (n_train=9 = 4 ASEAN + 5 peers; R2=0.40, LOO_RMSE_log=0.922)",mileage vehicle-wide; confidence=hdv_socioecon_predicted,mileage_anchors.csv,Medium,Current Accounts
Indonesia,Key\TransportDataStock\Vehicle_Sales\Bus,Activity Level,"Interp(2019, 3774, 2020, 3774, 2021, 3774, 2022, 3774, 2023, 3774, 2024, 9087, 2025, 285328, 2026, 16352.1, 2027, 16749.5, 2028, 17283.6, 2029, 18287.1, 2030, 17297.3, 2031, 18048.1, 2032, 19124.4, 2033, 20599.9, 2034, 27669.6, 2035, 44252, 2036, 43366.3, 2037, 47857.7, 2038, 52423.2, 2039, 54326.3, 2040, 58871.8, 2041, 60702.1, 2042, 62629.6, 2043, 56456.8, 2044, 56190, 2045, 56611.4, 2046, 56801.5, 2047, 53219.8, 2048, 54882.2, 2049, 57775, 2050, 61127.6, 2051, 66109.8, 2052, 70747.7, 2053, 74558.3, 2054, 78255.3, 2055, 81608.7, 2056, 84362.4, 2057, 86408.7, 2058, 88270.3, 2059, 90019.2, 2060, 91722.3)",,,sales_magnitude.csv (Transport pipeline 2026-05-19),absolute sales count (all fuels combined),sales_magnitude.csv,Medium,Current Accounts
Indonesia,Key\TransportDataStock\Vehicle_Sales\Motorcycle,Activity Level,"Interp(2019, 5.59677e+06, 2020, 5.81268e+06, 2021, 5.98692e+06, 2022, 6.16764e+06, 2023, 6.36409e+06, 2024, 6.56927e+06, 2025, 1.07966e+08, 2026, 5.27607e+06, 2027, 4.82383e+06, 2028, 4.49521e+06, 2029, 4.57353e+06, 2030, 4.13008e+06, 2031, 4.36694e+06, 2032, 4.79345e+06, 2033, 5.35507e+06, 2034, 7.92492e+06, 2035, 1.39413e+07, 2036, 1.33247e+07, 2037, 1.45507e+07, 2038, 1.57013e+07, 2039, 1.57723e+07, 2040, 1.67708e+07, 2041, 1.66306e+07, 2042, 1.6479e+07, 2043, 1.3352e+07, 2044, 1.25232e+07, 2045, 1.20069e+07, 2046, 1.14964e+07, 2047, 9.67198e+06, 2048, 9.83084e+06, 2049, 1.04707e+07, 2050, 1.12537e+07, 2051, 1.22246e+07, 2052, 1.3204e+07, 2053, 1.37996e+07, 2054, 1.42826e+07, 2055, 1.45765e+07, 2056, 1.45997e+07, 2057, 1.43266e+07, 2058, 1.39629e+07, 2059, 1.3549e+07, 2060, 1.31093e+07)",,,sales_magnitude.csv (Transport pipeline 2026-05-19),absolute sales count (all fuels combined),sales_magnitude.csv,Medium,Current Accounts
Indonesia,Key\TransportDataStock\Vehicle_Sales\PassengerCar,Activity Level,"Interp(2005, 4.23639e+06, 2006, 813316, 2007, 699559, 2008, 514072, 2009, 350551, 2010, 816228, 2011, 552340, 2012, 737166, 2013, 992829, 2014, 1.00117e+06, 2015, 7736.73, 2016, 1.08922e+06, 2017, 1.16158e+06, 2018, 1.32299e+06, 2019, 1.21262e+06, 2020, 790781, 2021, 1.18229e+06, 2022, 1.39352e+06, 2023, 1.89596e+06, 2024, 658000, 2025, 7.59897e+06, 2026, 2.46193e+06, 2027, 2.5558e+06, 2028, 2.71733e+06, 2029, 2.90567e+06, 2030, 2.62503e+06, 2031, 2.75544e+06, 2032, 2.90409e+06, 2033, 3.09285e+06, 2034, 3.3209e+06, 2035, 3.82714e+06, 2036, 3.9696e+06, 2037, 4.24198e+06, 2038, 4.53856e+06, 2039, 4.75649e+06, 2040, 5.01748e+06, 2041, 5.2226e+06, 2042, 5.46802e+06, 2043, 5.51202e+06, 2044, 5.66007e+06, 2045, 5.80182e+06, 2046, 5.94569e+06, 2047, 5.98513e+06, 2048, 6.13048e+06, 2049, 6.30082e+06, 2050, 6.47929e+06, 2051, 6.79396e+06, 2052, 7.04836e+06, 2053, 7.28391e+06, 2054, 7.51201e+06, 2055, 7.72544e+06, 2056, 7.91797e+06, 2057, 8.08361e+06, 2058, 8.23266e+06, 2059, 8.36597e+06, 2060, 8.48494e+06)",,,sales_magnitude.csv (Transport pipeline 2026-05-19),absolute sales count (all fuels combined),sales_magnitude.csv,Medium,Current Accounts
Indonesia,Key\TransportDataStock\Vehicle_Sales\Truck,Activity Level,"Interp(2019, 228977, 2020, 133413, 2021, 212620, 2022, 242360, 2023, 220249, 2024, 265624, 2025, 4.90751e+06, 2026, 355730, 2027, 411668, 2028, 476402, 2029, 551315, 2030, 551315, 2031, 551315, 2032, 551315, 2033, 551315, 2034, 551315, 2035, 551315, 2036, 551315, 2037, 551315, 2038, 551315, 2039, 904131, 2040, 1.08056e+06, 2041, 1.11492e+06, 2042, 1.1479e+06, 2043, 1.04163e+06, 2044, 1.02215e+06, 2045, 998567, 2046, 969304, 2047, 865898, 2048, 851366, 2049, 872950, 2050, 898554, 2051, 947597, 2052, 997791, 2053, 1.04409e+06, 2054, 1.09167e+06, 2055, 1.14134e+06, 2056, 1.18457e+06, 2057, 1.21121e+06, 2058, 1.22982e+06, 2059, 1.24096e+06, 2060, 1.24689e+06)",,,sales_magnitude.csv (Transport pipeline 2026-05-19),absolute sales count (all fuels combined),sales_magnitude.csv,Medium,Current Accounts
Indonesia,Key\TransportDataStock\Vehicles_Sales_Share\Bus\Blended Diesel,Activity Level,Remainder(100),,Blended Diesel,sales_mix.csv (Transport pipeline 2026-05-19),"PATCHED 2026-05-20: Remainder(100) replaces Interp() per CA-2024 vs fwd-2025 continuity check (see _ca_2024_vs_fwd_2025_mismatches_20260520.csv) | sales share_percent, scenario=AMS Target Scenario",sales_mix.csv,Medium,AMS Target Scenario
Indonesia,Key\TransportDataStock\Vehicles_Sales_Share\Bus\Blended Diesel,Activity Level,Remainder(100),,Blended Diesel,sales_mix.csv (Transport pipeline 2026-05-19),"PATCHED 2026-05-20: Remainder(100) replaces Interp() per CA-2024 vs fwd-2025 continuity check (see _ca_2024_vs_fwd_2025_mismatches_20260520.csv) | sales share_percent, scenario=Baseline Simulation",sales_mix.csv,Medium,Baseline Simulation
Indonesia,Key\TransportDataStock\Vehicles_Sales_Share\Bus\Blended Diesel,Activity Level,"Interp(2019, 91.4944, 2020, 94.6476, 2021, 95.7075, 2022, 94.9126, 2023, 94.3826, 2024, 91.1302)",,Blended Diesel,sales_mix.csv (Transport pipeline 2026-05-19),"sales share_percent, scenario=Current Accounts",sales_mix.csv,Medium,Current Accounts
Indonesia,Key\TransportDataStock\Vehicles_Sales_Share\Bus\Blended Diesel,Activity Level,Remainder(100),,Blended Diesel,sales_mix.csv (Transport pipeline 2026-05-19),"PATCHED 2026-05-20: Remainder(100) replaces Interp() per CA-2024 vs fwd-2025 continuity check (see _ca_2024_vs_fwd_2025_mismatches_20260520.csv) | sales share_percent, scenario=Regional Aspiration Scenario",sales_mix.csv,Medium,Regional Aspiration Scenario
Indonesia,Key\TransportDataStock\Vehicles_Sales_Share\Bus\Electricity,Activity Level,"Interp(2025, 2.20095, 2026, 2.35906, 2027, 2.52826, 2028, 2.70765, 2029, 2.896, 2030, 3.09172, 2031, 3.29295, 2032, 3.49758, 2033, 3.70337, 2034, 3.908, 2035, 4.10923, 2036, 4.30495, 2037, 4.49329, 2038, 4.67269, 2039, 4.84188, 2040, 5.01329, 2041, 5.25346, 2042, 5.49543, 2043, 5.73801, 2044, 5.97999, 2045, 6.22016, 2046, 6.45737, 2047, 6.6905, 2048, 6.91854, 2049, 7.14054, 2050, 7.35569, 2051, 7.56327, 2052, 7.76269, 2053, 7.95349, 2054, 8.13533, 2055, 8.30798, 2056, 8.47131, 2057, 8.62532, 2058, 8.77008, 2059, 8.90573, 2060, 9.0325)",,Electricity,sales_mix.csv (Transport pipeline 2026-05-19),"sales share_percent, scenario=AMS Target Scenario",sales_mix.csv,Medium,AMS Target Scenario
Indonesia,Key\TransportDataStock\Vehicles_Sales_Share\Bus\Electricity,Activity Level,"Interp(2025, 2.20095, 2026, 2.32771, 2027, 2.46337, 2028, 2.60812, 2029, 2.76213, 2030, 2.92547, 2031, 3.09811, 2032, 3.27995, 2033, 3.47075, 2034, 3.67018, 2035, 3.87776, 2036, 4.0929, 2037, 4.31491, 2038, 4.54295, 2039, 4.77608, 2040, 5.01329, 2041, 5.25346, 2042, 5.49543, 2043, 5.73801, 2044, 5.97999, 2045, 6.22016, 2046, 6.45737, 2047, 6.6905, 2048, 6.91854, 2049, 7.14054, 2050, 7.35569, 2051, 7.56327, 2052, 7.76269, 2053, 7.95349, 2054, 8.13533, 2055, 8.30798, 2056, 8.47131, 2057, 8.62532, 2058, 8.77008, 2059, 8.90573, 2060, 9.0325)",,Electricity,sales_mix.csv (Transport pipeline 2026-05-19),"sales share_percent, scenario=Baseline Simulation",sales_mix.csv,Medium,Baseline Simulation
Indonesia,Key\TransportDataStock\Vehicles_Sales_Share\Bus\Electricity,Activity Level,"Interp(2019, 0, 2020, 0, 2021, 0, 2022, 0, 2023, 0, 2024, 2.20095)",,Electricity,sales_mix.csv (Transport pipeline 2026-05-19),"sales share_percent, scenario=Current Accounts",sales_mix.csv,Medium,Current Accounts
Indonesia,Key\TransportDataStock\Vehicles_Sales_Share\Bus\Electricity,Activity Level,"Interp(2025, 2.20095, 2026, 2.70318, 2027, 3.29394, 2028, 3.98657, 2029, 4.7955, 2030, 5.73606, 2031, 6.82397, 2032, 8.07475, 2033, 9.50286, 2034, 11.1206, 2035, 12.9369, 2036, 14.9556, 2037, 17.1746, 2038, 19.5839, 2039, 22.1652, 2040, 24.8919, 2041, 27.7291, 2042, 30.6355, 2043, 33.5654, 2044, 36.4718, 2045, 39.309, 2046, 42.0357, 2047, 44.6171, 2048, 47.0264, 2049, 49.2453, 2050, 51.2641, 2051, 53.0803, 2052, 54.6981, 2053, 56.1262, 2054, 57.377, 2055, 58.4649, 2056, 59.4054, 2057, 60.2144, 2058, 60.907, 2059, 61.4978, 2060, 62)",,Electricity,sales_mix.csv (Transport pipeline 2026-05-19),"sales share_percent, scenario=Regional Aspiration Scenario",sales_mix.csv,Medium,Regional Aspiration Scenario
Indonesia,Key\TransportDataStock\Vehicles_Sales_Share\Bus\Hydrogen,Activity Level,"Interp(2019, 0, 2020, 0, 2021, 0, 2022, 0, 2023, 0, 2024, 0)",,Hydrogen,sales_mix.csv (Transport pipeline 2026-05-19),"sales share_percent, scenario=Current Accounts",sales_mix.csv,Medium,Current Accounts
Indonesia,Key\TransportDataStock\Vehicles_Sales_Share\Bus\Natural Gas,Activity Level,"Interp(2019, 8.50556, 2020, 5.35241, 2021, 4.29253, 2022, 5.08744, 2023, 5.61738, 2024, 6.66887)",,Natural Gas,sales_mix.csv (Transport pipeline 2026-05-19),"sales share_percent, scenario=Current Accounts",sales_mix.csv,Medium,Current Accounts
Indonesia,Key\TransportDataStock\Vehicles_Sales_Share\Motorcycle\Electricity,Activity Level,"Interp(2025, 1.23426, 2026, 2.93971, 2027, 4.75422, 2028, 6.65668, 2029, 8.62095, 2030, 10.6171, 2031, 12.6133, 2032, 14.5776, 2033, 16.48, 2034, 18.2946, 2035, 20, 2036, 21.581, 2037, 23.028, 2038, 24.337, 2039, 25.5086, 2040, 26.5473, 2041, 27.4606, 2042, 28.2576, 2043, 28.9486, 2044, 29.5445, 2045, 30.0557, 2046, 30.4926, 2047, 30.8646, 2048, 31.1804, 2049, 31.4478, 2050, 31.6737, 2051, 31.8643, 2052, 32.0247, 2053, 32.3231, 2054, 33.3058, 2055, 34.2388, 2056, 35.1216, 2057, 35.9539, 2058, 36.7362, 2059, 37.4693, 2060, 38.1544)",,Electricity,sales_mix.csv (Transport pipeline 2026-05-19),"sales share_percent, scenario=AMS Target Scenario",sales_mix.csv,Medium,AMS Target Scenario
Indonesia,Key\TransportDataStock\Vehicles_Sales_Share\Motorcycle\Electricity,Activity Level,"Interp(2025, 1.23426, 2026, 1.91936, 2027, 2.65247, 2028, 3.43479, 2029, 4.26711, 2030, 5.14984, 2031, 6.08288, 2032, 7.06559, 2033, 8.09675, 2034, 9.1745, 2035, 10.2963, 2036, 11.4591, 2037, 12.6589, 2038, 13.8913, 2039, 15.1512, 2040, 16.4331, 2041, 17.7311, 2042, 19.0388, 2043, 20.3498, 2044, 21.6575, 2045, 22.9555, 2046, 24.2375, 2047, 25.4974, 2048, 26.7298, 2049, 27.9296, 2050, 29.0923, 2051, 30.2142, 2052, 31.2919, 2053, 32.3231, 2054, 33.3058, 2055, 34.2388, 2056, 35.1216, 2057, 35.9539, 2058, 36.7362, 2059, 37.4693, 2060, 38.1544)",,Electricity,sales_mix.csv (Transport pipeline 2026-05-19),"sales share_percent, scenario=Baseline Simulation",sales_mix.csv,Medium,Baseline Simulation
Indonesia,Key\TransportDataStock\Vehicles_Sales_Share\Motorcycle\Electricity,Activity Level,"Interp(2019, 0, 2020, 0.825904, 2021, 0.82354, 2022, 0.841483, 2023, 1.01939, 2024, 1.23426)",,Electricity,sales_mix.csv (Transport pipeline 2026-05-19),"sales share_percent, scenario=Current Accounts",sales_mix.csv,Medium,Current Accounts
Indonesia,Key\TransportDataStock\Vehicles_Sales_Share\Motorcycle\Electricity,Activity Level,"Interp(2025, 1.23426, 2026, 8.21739, 2027, 16.8338, 2028, 27.0185, 2029, 38.4637, 2030, 50.6171, 2031, 62.7705, 2032, 74.2157, 2033, 84.4005, 2034, 93.0169, 2035, 100, 2036, 100, 2037, 100, 2038, 100, 2039, 100, 2040, 100, 2041, 100, 2042, 100, 2043, 100, 2044, 100, 2045, 100, 2046, 100, 2047, 100, 2048, 100, 2049, 100, 2050, 100, 2051, 100, 2052, 100, 2053, 100, 2054, 100, 2055, 100, 2056, 100, 2057, 100, 2058, 100, 2059, 100, 2060, 100)",,Electricity,sales_mix.csv (Transport pipeline 2026-05-19),"sales share_percent, scenario=Regional Aspiration Scenario",sales_mix.csv,Medium,Regional Aspiration Scenario
Indonesia,Key\TransportDataStock\Vehicles_Sales_Share\Motorcycle\Gasoline,Activity Level,"Interp(2025, 98.7657, 2026, 97.0603, 2027, 95.2458, 2028, 93.3433, 2029, 91.379, 2030, 89.3829, 2031, 87.3867, 2032, 85.4224, 2033, 83.52, 2034, 81.7054, 2035, 80, 2036, 78.419, 2037, 76.972, 2038, 75.663, 2039, 74.4914, 2040, 73.4527, 2041, 72.5394, 2042, 71.7424, 2043, 71.0514, 2044, 70.4555, 2045, 69.9443, 2046, 69.5074, 2047, 69.1354, 2048, 68.8196, 2049, 68.5522, 2050, 68.3263, 2051, 68.1357, 2052, 67.9753, 2053, 67.6769, 2054, 66.6942, 2055, 65.7612, 2056, 64.8784, 2057, 64.0461, 2058, 63.2638, 2059, 62.5307, 2060, 61.8456)",,Gasoline,sales_mix.csv (Transport pipeline 2026-05-19),"sales share_percent, scenario=AMS Target Scenario",sales_mix.csv,Medium,AMS Target Scenario
Indonesia,Key\TransportDataStock\Vehicles_Sales_Share\Motorcycle\Gasoline,Activity Level,"Interp(2025, 98.7657, 2026, 98.0806, 2027, 97.3475, 2028, 96.5652, 2029, 95.7329, 2030, 94.8502, 2031, 93.9171, 2032, 92.9344, 2033, 91.9032, 2034, 90.8255, 2035, 89.7037, 2036, 88.5409, 2037, 87.3411, 2038, 86.1087, 2039, 84.8488, 2040, 83.5669, 2041, 82.2689, 2042, 80.9612, 2043, 79.6502, 2044, 78.3425, 2045, 77.0445, 2046, 75.7625, 2047, 74.5026, 2048, 73.2702, 2049, 72.0704, 2050, 70.9077, 2051, 69.7858, 2052, 68.7081, 2053, 67.6769, 2054, 66.6942, 2055, 65.7612, 2056, 64.8784, 2057, 64.0461, 2058, 63.2638, 2059, 62.5307, 2060, 61.8456)",,Gasoline,sales_mix.csv (Transport pipeline 2026-05-19),"sales share_percent, scenario=Baseline Simulation",sales_mix.csv,Medium,Baseline Simulation
Indonesia,Key\TransportDataStock\Vehicles_Sales_Share\Motorcycle\Gasoline,Activity Level,"Interp(2019, 100, 2020, 99.1741, 2021, 99.1765, 2022, 99.1585, 2023, 98.9806, 2024, 98.7657)",,Gasoline,sales_mix.csv (Transport pipeline 2026-05-19),"sales share_percent, scenario=Current Accounts",sales_mix.csv,Medium,Current Accounts
Indonesia,Key\TransportDataStock\Vehicles_Sales_Share\Motorcycle\Gasoline,Activity Level,"Interp(2025, 98.7657, 2026, 91.7826, 2027, 83.1662, 2028, 72.9815, 2029, 61.5363, 2030, 49.3829, 2031, 37.2295, 2032, 25.7843, 2033, 15.5995, 2034, 6.98313, 2035, 1.11022e-14, 2036, 1.11022e-14, 2037, 1.11022e-14, 2038, 1.11022e-14, 2039, 1.11022e-14, 2040, 1.11022e-14, 2041, 1.11022e-14, 2042, 1.11022e-14, 2043, 1.11022e-14, 2044, 1.11022e-14, 2045, 1.11022e-14, 2046, 1.11022e-14, 2047, 1.11022e-14, 2048, 1.11022e-14, 2049, 1.11022e-14, 2050, 1.11022e-14, 2051, 1.11022e-14, 2052, 1.11022e-14, 2053, 1.11022e-14, 2054, 1.11022e-14, 2055, 1.11022e-14, 2056, 1.11022e-14, 2057, 1.11022e-14, 2058, 1.11022e-14, 2059, 1.11022e-14, 2060, 1.11022e-14)",,Gasoline,sales_mix.csv (Transport pipeline 2026-05-19),"sales share_percent, scenario=Regional Aspiration Scenario",sales_mix.csv,Medium,Regional Aspiration Scenario
Indonesia,Key\TransportDataStock\Vehicles_Sales_Share\PassengerCar\Blended Diesel,Activity Level,"Interp(2025, 3.19149)",,Blended Diesel,sales_mix.csv (Transport pipeline 2026-05-19),"sales share_percent, scenario=AMS Target Scenario",sales_mix.csv,Medium,AMS Target Scenario
Indonesia,Key\TransportDataStock\Vehicles_Sales_Share\PassengerCar\Blended Diesel,Activity Level,"Interp(2025, 3.19149, 2026, 3.00771, 2027, 2.81104, 2028, 2.60118, 2029, 2.37791, 2030, 2.14111, 2031, 1.89081, 2032, 1.62719, 2033, 1.35058, 2034, 1.06146, 2035, 0.760524, 2036, 0.448612, 2037, 0.126758)",,Blended Diesel,sales_mix.csv (Transport pipeline 2026-05-19),"sales share_percent, scenario=Baseline Simulation",sales_mix.csv,Medium,Baseline Simulation
Indonesia,Key\TransportDataStock\Vehicles_Sales_Share\PassengerCar\Blended Diesel,Activity Level,"Interp(2005, 6.9034, 2006, 6.9034, 2007, 6.9034, 2008, 6.9034, 2009, 6.9034, 2010, 6.9034, 2011, 6.9034, 2012, 6.9034, 2013, 6.9034, 2014, 6.9034, 2015, 6.9034, 2016, 6.9034, 2017, 6.9034, 2018, 6.9034, 2019, 6.9034, 2020, 7.3415, 2021, 9.1808, 2022, 11.2734, 2023, 9.6449, 2024, 3.19149)",,Blended Diesel,sales_mix.csv (Transport pipeline 2026-05-19),"sales share_percent, scenario=Current Accounts",sales_mix.csv,Medium,Current Accounts
Indonesia,Key\TransportDataStock\Vehicles_Sales_Share\PassengerCar\Blended Diesel,Activity Level,"Interp(2025, 3.19149)",,Blended Diesel,sales_mix.csv (Transport pipeline 2026-05-19),"sales share_percent, scenario=Regional Aspiration Scenario",sales_mix.csv,Medium,Regional Aspiration Scenario
Indonesia,Key\TransportDataStock\Vehicles_Sales_Share\PassengerCar\Electricity,Activity Level,"Interp(2025, 2.58359, 2026, 6.97837, 2027, 11.5055, 2028, 16.078, 2029, 20.6052, 2030, 25, 2031, 29.1853, 2032, 33.0991, 2033, 36.6971, 2034, 39.9531, 2035, 42.8581, 2036, 45.4172, 2037, 47.6465, 2038, 49.5696, 2039, 51.2147, 2040, 52.6118, 2041, 53.7911, 2042, 54.7814, 2043, 55.6093, 2044, 56.2991, 2045, 56.8719, 2046, 57.3465, 2047, 57.7389, 2048, 58.0627, 2049, 58.3295, 2050, 58.5492, 2051, 58.7298, 2052, 58.8783, 2053, 59.0001, 2054, 59.1002, 2055, 59.1822, 2056, 59.2495, 2057, 59.3047, 2058, 59.3499, 2059, 59.387, 2060, 59.4174)",,Electricity,sales_mix.csv (Transport pipeline 2026-05-19),"sales share_percent, scenario=AMS Target Scenario",sales_mix.csv,Medium,AMS Target Scenario
Indonesia,Key\TransportDataStock\Vehicles_Sales_Share\PassengerCar\Electricity,Activity Level,"Interp(2025, 2.58359, 2026, 2.81331, 2027, 3.05914, 2028, 3.32147, 2029, 3.60057, 2030, 3.89656, 2031, 4.20943, 2032, 4.53896, 2033, 4.88473, 2034, 5.24612, 2035, 5.62229, 2036, 6.01218, 2037, 6.4145, 2038, 6.82775, 2039, 7.25024, 2040, 7.6801, 2041, 8.11534, 2042, 8.55384, 2043, 8.99344, 2044, 9.43195, 2045, 9.86719, 2046, 10.2971, 2047, 10.7195, 2048, 11.1328, 2049, 11.5351, 2050, 11.925, 2051, 12.3012, 2052, 12.6626, 2053, 13.0083, 2054, 13.3379, 2055, 13.6507, 2056, 13.9467, 2057, 14.2258, 2058, 14.4881, 2059, 14.734, 2060, 14.9637)",,Electricity,sales_mix.csv (Transport pipeline 2026-05-19),"sales share_percent, scenario=Baseline Simulation",sales_mix.csv,Medium,Baseline Simulation
Indonesia,Key\TransportDataStock\Vehicles_Sales_Share\PassengerCar\Electricity,Activity Level,"Interp(2005, 0, 2006, 0, 2007, 0, 2008, 0, 2009, 0, 2010, 0, 2011, 0, 2012, 0, 2013, 0, 2014, 0, 2015, 0, 2016, 0, 2017, 0, 2018, 0, 2019, 0, 2020, 0.008, 2021, 0.01, 2022, 0.01, 2023, 0.01, 2024, 2.58359)",,Electricity,sales_mix.csv (Transport pipeline 2026-05-19),"sales share_percent, scenario=Current Accounts",sales_mix.csv,Medium,Current Accounts
Indonesia,Key\TransportDataStock\Vehicles_Sales_Share\PassengerCar\Electricity,Activity Level,"Interp(2025, 2.58359, 2026, 7.32609, 2027, 13.1332, 2028, 20.0551, 2029, 28.0462, 2030, 36.9381, 2031, 46.4359, 2032, 56.1477, 2033, 65.6455, 2034, 74.5374, 2035, 82.5285, 2036, 89.4504, 2037, 95.2575, 2038, 100, 2039, 100, 2040, 100, 2041, 100, 2042, 100, 2043, 100, 2044, 100, 2045, 100, 2046, 100, 2047, 100, 2048, 100, 2049, 100, 2050, 100, 2051, 100, 2052, 100, 2053, 100, 2054, 100, 2055, 100, 2056, 100, 2057, 100, 2058, 100, 2059, 100, 2060, 100)",,Electricity,sales_mix.csv (Transport pipeline 2026-05-19),"sales share_percent, scenario=Regional Aspiration Scenario",sales_mix.csv,Medium,Regional Aspiration Scenario
Indonesia,Key\TransportDataStock\Vehicles_Sales_Share\PassengerCar\Gasoline,Activity Level,"Interp(2025, 94.2249, 2026, 93.0216, 2027, 88.4945, 2028, 83.922, 2029, 79.3948, 2030, 75, 2031, 70.8147, 2032, 66.9009, 2033, 63.3029, 2034, 60.0469, 2035, 57.1419, 2036, 54.5828, 2037, 52.3535, 2038, 50.4304, 2039, 48.7853, 2040, 47.3882, 2041, 46.2089, 2042, 45.2186, 2043, 44.3907, 2044, 43.7009, 2045, 43.1281, 2046, 42.6535, 2047, 42.2611, 2048, 41.9373, 2049, 41.6705, 2050, 41.4508, 2051, 41.2702, 2052, 41.1217, 2053, 40.9999, 2054, 40.8998, 2055, 40.8178, 2056, 40.7505, 2057, 40.6953, 2058, 40.6501, 2059, 40.613, 2060, 40.5826)",,Gasoline,sales_mix.csv (Transport pipeline 2026-05-19),"sales share_percent, scenario=AMS Target Scenario",sales_mix.csv,Medium,AMS Target Scenario
Indonesia,Key\TransportDataStock\Vehicles_Sales_Share\PassengerCar\Gasoline,Activity Level,"Interp(2025, 94.2249, 2026, 94.179, 2027, 94.1298, 2028, 94.0773, 2029, 94.0215, 2030, 93.9623, 2031, 93.8998, 2032, 93.8339, 2033, 93.7647, 2034, 93.6924, 2035, 93.6172, 2036, 93.5392, 2037, 93.4587, 2038, 93.1723, 2039, 92.7498, 2040, 92.3199, 2041, 91.8847, 2042, 91.4462, 2043, 91.0066, 2044, 90.5681, 2045, 90.1328, 2046, 89.7029, 2047, 89.2805, 2048, 88.8672, 2049, 88.4649, 2050, 88.075, 2051, 87.6988, 2052, 87.3374, 2053, 86.9917, 2054, 86.6621, 2055, 86.3493, 2056, 86.0533, 2057, 85.7742, 2058, 85.5119, 2059, 85.266, 2060, 85.0363)",,Gasoline,sales_mix.csv (Transport pipeline 2026-05-19),"sales share_percent, scenario=Baseline Simulation",sales_mix.csv,Medium,Baseline Simulation
Indonesia,Key\TransportDataStock\Vehicles_Sales_Share\PassengerCar\Gasoline,Activity Level,"Interp(2005, 93.0916, 2006, 93.0916, 2007, 93.0916, 2008, 93.0916, 2009, 93.0916, 2010, 93.0916, 2011, 93.0916, 2012, 93.0916, 2013, 93.0916, 2014, 93.0916, 2015, 93.0916, 2016, 93.0916, 2017, 93.0916, 2018, 93.0916, 2019, 93.0916, 2020, 92.6455, 2021, 90.8042, 2022, 88.7116, 2023, 90.3401, 2024, 94.2249)",,Gasoline,sales_mix.csv (Transport pipeline 2026-05-19),"sales share_percent, scenario=Current Accounts",sales_mix.csv,Medium,Current Accounts
Indonesia,Key\TransportDataStock\Vehicles_Sales_Share\PassengerCar\Gasoline,Activity Level,"Interp(2025, 94.2249, 2026, 92.6739, 2027, 86.8668, 2028, 79.9449, 2029, 71.9538, 2030, 63.0619, 2031, 53.5641, 2032, 43.8523, 2033, 34.3545, 2034, 25.4626, 2035, 17.4715, 2036, 10.5496, 2037, 4.7425, 2038, 1.11022e-14, 2039, 1.11022e-14, 2040, 1.11022e-14, 2041, 1.11022e-14, 2042, 1.11022e-14, 2043, 1.11022e-14, 2044, 1.11022e-14, 2045, 1.11022e-14, 2046, 1.11022e-14, 2047, 1.11022e-14, 2048, 1.11022e-14, 2049, 1.11022e-14, 2050, 1.11022e-14, 2051, 1.11022e-14, 2052, 1.11022e-14, 2053, 1.11022e-14, 2054, 1.11022e-14, 2055, 1.11022e-14, 2056, 1.11022e-14, 2057, 1.11022e-14, 2058, 1.11022e-14, 2059, 1.11022e-14, 2060, 1.11022e-14)",,Gasoline,sales_mix.csv (Transport pipeline 2026-05-19),"sales share_percent, scenario=Regional Aspiration Scenario",sales_mix.csv,Medium,Regional Aspiration Scenario
Indonesia,Key\TransportDataStock\Vehicles_Sales_Share\PassengerCar\Hydrogen,Activity Level,"Interp(2005, 0, 2006, 0, 2007, 0, 2008, 0, 2009, 0, 2010, 0, 2011, 0, 2012, 0, 2013, 0, 2014, 0, 2015, 0, 2016, 0, 2017, 0, 2018, 0, 2019, 0, 2020, 0, 2021, 0, 2022, 0, 2023, 0)",,Hydrogen,sales_mix.csv (Transport pipeline 2026-05-19),"sales share_percent, scenario=Current Accounts",sales_mix.csv,Medium,Current Accounts
Indonesia,Key\TransportDataStock\Vehicles_Sales_Share\PassengerCar\Natural Gas,Activity Level,"Interp(2005, 0.005, 2006, 0.005, 2007, 0.005, 2008, 0.005, 2009, 0.005, 2010, 0.005, 2011, 0.005, 2012, 0.005, 2013, 0.005, 2014, 0.005, 2015, 0.005, 2016, 0.005, 2017, 0.005, 2018, 0.005, 2019, 0.005, 2020, 0.005, 2021, 0.005, 2022, 0.005, 2023, 0.005)",,Natural Gas,sales_mix.csv (Transport pipeline 2026-05-19),"sales share_percent, scenario=Current Accounts",sales_mix.csv,Medium,Current Accounts
Indonesia,Key\TransportDataStock\Vehicles_Sales_Share\Truck\Blended Diesel,Activity Level,"Interp(2025, 100, 2026, 100, 2027, 100, 2028, 100, 2029, 100, 2030, 100, 2031, 100, 2032, 100, 2033, 100, 2034, 100, 2035, 100, 2036, 100, 2037, 100, 2038, 100, 2039, 100, 2040, 100, 2041, 100, 2042, 100, 2043, 100, 2044, 100, 2045, 100, 2046, 100, 2047, 100, 2048, 100, 2049, 100, 2050, 100, 2051, 100, 2052, 100, 2053, 100, 2054, 100, 2055, 100, 2056, 100, 2057, 100, 2058, 100, 2059, 100, 2060, 100)",,Blended Diesel,sales_mix.csv (Transport pipeline 2026-05-19),"sales share_percent, scenario=AMS Target Scenario",sales_mix.csv,Medium,AMS Target Scenario
Indonesia,Key\TransportDataStock\Vehicles_Sales_Share\Truck\Blended Diesel,Activity Level,"Interp(2025, 100, 2026, 100, 2027, 100, 2028, 100, 2029, 100, 2030, 100, 2031, 100, 2032, 100, 2033, 100, 2034, 100, 2035, 100, 2036, 100, 2037, 100, 2038, 100, 2039, 100, 2040, 100, 2041, 100, 2042, 100, 2043, 100, 2044, 100, 2045, 100, 2046, 100, 2047, 100, 2048, 100, 2049, 100, 2050, 100, 2051, 100, 2052, 100, 2053, 100, 2054, 100, 2055, 100, 2056, 100, 2057, 100, 2058, 100, 2059, 100, 2060, 100)",,Blended Diesel,sales_mix.csv (Transport pipeline 2026-05-19),"sales share_percent, scenario=Baseline Simulation",sales_mix.csv,Medium,Baseline Simulation
Indonesia,Key\TransportDataStock\Vehicles_Sales_Share\Truck\Blended Diesel,Activity Level,"Interp(2019, 100, 2020, 100, 2021, 100, 2022, 100, 2023, 100, 2024, 100)",,Blended Diesel,sales_mix.csv (Transport pipeline 2026-05-19),"sales share_percent, scenario=Current Accounts",sales_mix.csv,Medium,Current Accounts
Indonesia,Key\TransportDataStock\Vehicles_Sales_Share\Truck\Blended Diesel,Activity Level,"Interp(2025, 100, 2026, 99.7382, 2027, 99.4296, 2028, 99.0669, 2029, 98.6421, 2030, 98.147, 2031, 97.5727, 2032, 96.9107, 2033, 96.1527, 2034, 95.2917, 2035, 94.3225, 2036, 93.2423, 2037, 92.0522, 2038, 90.7571, 2039, 89.3667, 2040, 87.8956, 2041, 86.3631, 2042, 84.7921, 2043, 83.2079, 2044, 81.6369, 2045, 80.1044, 2046, 78.6333, 2047, 77.2429, 2048, 75.9478, 2049, 74.7577, 2050, 73.6775, 2051, 72.7083, 2052, 71.8473, 2053, 71.0893, 2054, 70.4273, 2055, 69.853, 2056, 69.3579, 2057, 68.9331, 2058, 68.5704, 2059, 68.2618, 2060, 68)",,Blended Diesel,sales_mix.csv (Transport pipeline 2026-05-19),"sales share_percent, scenario=Regional Aspiration Scenario",sales_mix.csv,Medium,Regional Aspiration Scenario
Indonesia,Key\TransportDataStock\Vehicles_Sales_Share\Truck\Electricity,Activity Level,"Interp(2026, 0.235163, 2027, 0.511778, 2028, 0.836089, 2029, 1.21486, 2030, 1.65526, 2031, 2.16466, 2032, 2.75032, 2033, 3.41901, 2034, 4.1765, 2035, 5.02694, 2036, 5.97219, 2037, 7.01118, 2038, 8.13929, 2039, 9.34798, 2040, 10.6247, 2041, 11.9532, 2042, 13.3141, 2043, 14.6859, 2044, 16.0468, 2045, 17.3753, 2046, 18.652, 2047, 19.8607, 2048, 20.9888, 2049, 22.0278, 2050, 22.9731, 2051, 23.8235, 2052, 24.581, 2053, 25.2497, 2054, 25.8353, 2055, 26.3447, 2056, 26.7851, 2057, 27.1639, 2058, 27.4882, 2059, 27.7648, 2060, 28)",,Electricity,sales_mix.csv (Transport pipeline 2026-05-19),"sales share_percent, scenario=Regional Aspiration Scenario",sales_mix.csv,Medium,Regional Aspiration Scenario
Indonesia,Key\TransportDataStock\Vehicles_Sales_Share\Truck\Hydrogen,Activity Level,"Interp(2026, 0.0265949, 2027, 0.0586165, 2028, 0.0970551, 2029, 0.14303, 2030, 0.197778, 2031, 0.26264, 2032, 0.339013, 2033, 0.428293, 2034, 0.531788, 2035, 0.650594, 2036, 0.785458, 2037, 0.936619, 2038, 1.10365, 2039, 1.28535, 2040, 1.47966, 2041, 1.68369, 2042, 1.89386, 2043, 2.10614, 2044, 2.31631, 2045, 2.52034, 2046, 2.71465, 2047, 2.89635, 2048, 3.06338, 2049, 3.21454, 2050, 3.34941, 2051, 3.46821, 2052, 3.57171, 2053, 3.66099, 2054, 3.73736, 2055, 3.80222, 2056, 3.85697, 2057, 3.90294, 2058, 3.94138, 2059, 3.97341, 2060, 4)",,Hydrogen,sales_mix.csv (Transport pipeline 2026-05-19),"sales share_percent, scenario=Regional Aspiration Scenario",sales_mix.csv,Medium,Regional Aspiration Scenario
Indonesia,Demand\Transport\Road\Bus\Blended Diesel\Blended Diesel,Mileage,"Interp(2025, 34439, 2030, 34439, 2035, 34439, 2040, 34439, 2045, 34439, 2050, 34439, 2055, 34439, 2060, 34439)",Kilometer,Blended Diesel,"hdv-socioecon-fit (n_train=8 = 2 ASEAN + 6 peers; R2=0.15, LOO_RMSE_log=0.552)",mileage vehicle-wide; confidence=hdv_socioecon_predicted,mileage_anchors.csv,Medium,Current Accounts
Indonesia,Demand\Transport\Road\Bus\Electricity\Electricity,Mileage,"Interp(2025, 34439, 2030, 34439, 2035, 34439, 2040, 34439, 2045, 34439, 2050, 34439, 2055, 34439, 2060, 34439)",Kilometer,Electricity,"hdv-socioecon-fit (n_train=8 = 2 ASEAN + 6 peers; R2=0.15, LOO_RMSE_log=0.552)",mileage vehicle-wide; confidence=hdv_socioecon_predicted,mileage_anchors.csv,Medium,Current Accounts
Indonesia,Demand\Transport\Road\Bus\Gasoline\Gasoline,Mileage,"Interp(2025, 34439, 2030, 34439, 2035, 34439, 2040, 34439, 2045, 34439, 2050, 34439, 2055, 34439, 2060, 34439)",Kilometer,Gasoline,"hdv-socioecon-fit (n_train=8 = 2 ASEAN + 6 peers; R2=0.15, LOO_RMSE_log=0.552)",mileage vehicle-wide; confidence=hdv_socioecon_predicted,mileage_anchors.csv,Medium,Current Accounts
Indonesia,Demand\Transport\Road\Bus\Hydrogen\Hydrogen,Mileage,"Interp(2025, 34439, 2030, 34439, 2035, 34439, 2040, 34439, 2045, 34439, 2050, 34439, 2055, 34439, 2060, 34439)",Kilometer,Hydrogen,"hdv-socioecon-fit (n_train=8 = 2 ASEAN + 6 peers; R2=0.15, LOO_RMSE_log=0.552)",mileage vehicle-wide; confidence=hdv_socioecon_predicted,mileage_anchors.csv,Medium,Current Accounts
Indonesia,Demand\Transport\Road\Bus\Natural Gas\Natural Gas,Mileage,"Interp(2025, 34439, 2030, 34439, 2035, 34439, 2040, 34439, 2045, 34439, 2050, 34439, 2055, 34439, 2060, 34439)",Kilometer,Natural Gas,"hdv-socioecon-fit (n_train=8 = 2 ASEAN + 6 peers; R2=0.15, LOO_RMSE_log=0.552)",mileage vehicle-wide; confidence=hdv_socioecon_predicted,mileage_anchors.csv,Medium,Current Accounts
Indonesia,Demand\Transport\Road\Motorcyle\Electricity\Electricity,Mileage,"Interp(2025, 10800, 2030, 10800, 2035, 10800, 2040, 10800, 2045, 10800, 2050, 10800, 2055, 10800, 2060, 10800)",Kilometer,Electricity,ERIA 2022 RPR No.16 Phase II Table 3.6 Vehicle Kilometre of Travel,mileage vehicle-wide; confidence=source_confirmed_external,mileage_anchors.csv,Medium,Current Accounts
Indonesia,Demand\Transport\Road\Motorcyle\Gasoline\Gasoline,Mileage,"Interp(2025, 10800, 2030, 10800, 2035, 10800, 2040, 10800, 2045, 10800, 2050, 10800, 2055, 10800, 2060, 10800)",Kilometer,Gasoline,ERIA 2022 RPR No.16 Phase II Table 3.6 Vehicle Kilometre of Travel,mileage vehicle-wide; confidence=source_confirmed_external,mileage_anchors.csv,Medium,Current Accounts
Indonesia,Demand\Transport\Road\PassengerCar\Blended Diesel\Blended Diesel,Mileage,"Interp(2025, 12723, 2030, 12723, 2035, 12723, 2040, 12723, 2045, 12723, 2050, 12723, 2055, 12723, 2060, 12723)",Kilometer,Blended Diesel,ERIA 2022 RPR No.16 Phase II Table 3.6 Vehicle Kilometre of Travel (Morimoto Gheewala Chollacoop Anbumozhi eds; ERIA Working Group bottom-up energy demand model),mileage vehicle-wide; confidence=source_confirmed_external,mileage_anchors.csv,Medium,Current Accounts
Indonesia,Demand\Transport\Road\PassengerCar\Electricity\Electricity,Mileage,"Interp(2025, 12723, 2030, 12723, 2035, 12723, 2040, 12723, 2045, 12723, 2050, 12723, 2055, 12723, 2060, 12723)",Kilometer,Electricity,ERIA 2022 RPR No.16 Phase II Table 3.6 Vehicle Kilometre of Travel (Morimoto Gheewala Chollacoop Anbumozhi eds; ERIA Working Group bottom-up energy demand model),mileage vehicle-wide; confidence=source_confirmed_external,mileage_anchors.csv,Medium,Current Accounts
Indonesia,Demand\Transport\Road\PassengerCar\Gasoline\Gasoline,Mileage,"Interp(2025, 12723, 2030, 12723, 2035, 12723, 2040, 12723, 2045, 12723, 2050, 12723, 2055, 12723, 2060, 12723)",Kilometer,Gasoline,ERIA 2022 RPR No.16 Phase II Table 3.6 Vehicle Kilometre of Travel (Morimoto Gheewala Chollacoop Anbumozhi eds; ERIA Working Group bottom-up energy demand model),mileage vehicle-wide; confidence=source_confirmed_external,mileage_anchors.csv,Medium,Current Accounts
Indonesia,Demand\Transport\Road\PassengerCar\Natural Gas\Natural Gas,Mileage,"Interp(2025, 12723, 2030, 12723, 2035, 12723, 2040, 12723, 2045, 12723, 2050, 12723, 2055, 12723, 2060, 12723)",Kilometer,Natural Gas,ERIA 2022 RPR No.16 Phase II Table 3.6 Vehicle Kilometre of Travel (Morimoto Gheewala Chollacoop Anbumozhi eds; ERIA Working Group bottom-up energy demand model),mileage vehicle-wide; confidence=source_confirmed_external,mileage_anchors.csv,Medium,Current Accounts
Indonesia,Demand\Transport\Road\Truck\Blended Diesel\Blended Diesel,Mileage,"Interp(2025, 50000, 2030, 50000, 2035, 50000, 2040, 50000, 2045, 50000, 2050, 50000, 2055, 50000, 2060, 50000)",Kilometer,Blended Diesel,GIZ NDC-TIA Truck Fleet Modernization in Indonesia Mitigation Action Outline 2021 p.27 citing Motoris 2019; all-truck average,mileage vehicle-wide; confidence=source_confirmed_external,mileage_anchors.csv,Medium,Current Accounts
Indonesia,Demand\Transport\Road\Truck\Electricity\Electricity,Mileage,"Interp(2025, 50000, 2030, 50000, 2035, 50000, 2040, 50000, 2045, 50000, 2050, 50000, 2055, 50000, 2060, 50000)",Kilometer,Electricity,GIZ NDC-TIA Truck Fleet Modernization in Indonesia Mitigation Action Outline 2021 p.27 citing Motoris 2019; all-truck average,mileage vehicle-wide; confidence=source_confirmed_external,mileage_anchors.csv,Medium,Current Accounts
Indonesia,Demand\Transport\Road\Truck\Gasoline\Gasoline,Mileage,"Interp(2025, 50000, 2030, 50000, 2035, 50000, 2040, 50000, 2045, 50000, 2050, 50000, 2055, 50000, 2060, 50000)",Kilometer,Gasoline,GIZ NDC-TIA Truck Fleet Modernization in Indonesia Mitigation Action Outline 2021 p.27 citing Motoris 2019; all-truck average,mileage vehicle-wide; confidence=source_confirmed_external,mileage_anchors.csv,Medium,Current Accounts
Indonesia,Demand\Transport\Road\Truck\Hydrogen\Hydrogen,Mileage,"Interp(2025, 50000, 2030, 50000, 2035, 50000, 2040, 50000, 2045, 50000, 2050, 50000, 2055, 50000, 2060, 50000)",Kilometer,Hydrogen,GIZ NDC-TIA Truck Fleet Modernization in Indonesia Mitigation Action Outline 2021 p.27 citing Motoris 2019; all-truck average,mileage vehicle-wide; confidence=source_confirmed_external,mileage_anchors.csv,Medium,Current Accounts
Indonesia,Demand\Transport\Road\Truck\Natural Gas\Natural Gas,Mileage,"Interp(2025, 50000, 2030, 50000, 2035, 50000, 2040, 50000, 2045, 50000, 2050, 50000, 2055, 50000, 2060, 50000)",Kilometer,Natural Gas,GIZ NDC-TIA Truck Fleet Modernization in Indonesia Mitigation Action Outline 2021 p.27 citing Motoris 2019; all-truck average,mileage vehicle-wide; confidence=source_confirmed_external,mileage_anchors.csv,Medium,Current Accounts
Laos,Key\TransportDataStock\Vehicle_Sales\Bus,Activity Level,"Interp(2006, 2436, 2007, 2583, 2008, 2737, 2009, 2898, 2010, 3064, 2011, 3236, 2012, 3413, 2013, 3595, 2014, 3781, 2015, 3971, 2016, 4162, 2017, 4355, 2018, 4548, 2019, 4738, 2020, 4924, 2021, 5103, 2022, 5273, 2023, 5430, 2024, 5576, 2025, 5735.79, 2026, 5900.16, 2027, 6069.24, 2028, 6243.17, 2029, 6422.08, 2030, 6422.08, 2031, 6422.08, 2032, 6422.08, 2033, 7036.24, 2034, 8099.33, 2035, 8391.98, 2036, 8787.32, 2037, 9080.59, 2038, 9374.02, 2039, 9661.1, 2040, 9936.64, 2041, 10366.4, 2042, 10680.4, 2043, 11036.8, 2044, 11443.3, 2045, 11857.1, 2046, 12444.1, 2047, 12917.8, 2048, 13421.5, 2049, 13961.6, 2050, 14527.5, 2051, 15280.5, 2052, 15947.8, 2053, 16641.3, 2054, 17359.5, 2055, 18096.5, 2056, 18855.5, 2057, 19644.2, 2058, 20471.1, 2059, 21338.2, 2060, 22255)",,,sales_magnitude.csv (Transport pipeline 2026-05-19),absolute sales count (all fuels combined),sales_magnitude.csv,Medium,Current Accounts
Laos,Key\TransportDataStock\Vehicle_Sales\Motorcycle,Activity Level,"Interp(2006, 65294, 2007, 68656, 2008, 72074, 2009, 75530, 2010, 79001, 2011, 82459, 2012, 85871, 2013, 89198, 2014, 92394, 2015, 95407, 2016, 98172, 2017, 100617, 2018, 102659, 2019, 104199, 2020, 93573.1, 2021, 96381.2, 2022, 99273.5, 2023, 102253, 2024, 105321, 2025, 1.05743e+06, 2026, 185408, 2027, 196313, 2028, 206209, 2029, 214747, 2030, 100568, 2031, 169445, 2032, 172905, 2033, 177163, 2034, 199404, 2035, 255307, 2036, 259153, 2037, 276124, 2038, 294332, 2039, 301816, 2040, 313823, 2041, 329323, 2042, 335826, 2043, 313861, 2044, 311306, 2045, 309217, 2046, 310519, 2047, 293912, 2048, 296887, 2049, 302561, 2050, 309504, 2051, 320202, 2052, 332974, 2053, 341939, 2054, 350052, 2055, 356753, 2056, 361302, 2057, 362771, 2058, 363209, 2059, 362487, 2060, 360950)",,,sales_magnitude.csv (Transport pipeline 2026-05-19),absolute sales count (all fuels combined),sales_magnitude.csv,Medium,Current Accounts
Laos,Key\TransportDataStock\Vehicle_Sales\PassengerCar,Activity Level,"Interp(2006, 5588, 2007, 5917, 2008, 6259, 2009, 6612, 2010, 6978, 2011, 7355, 2012, 7740, 2013, 8131, 2014, 8530, 2015, 8931, 2016, 9333, 2017, 9731, 2018, 10123, 2019, 10502, 2020, 10867, 2021, 11204, 2022, 11510, 2023, 11774, 2024, 11986, 2025, 97327.5, 2026, 28174.9, 2027, 31729.3, 2028, 35868.6, 2029, 40291.5, 2030, 4893.63, 2031, 26766.7, 2032, 28238.6, 2033, 29859, 2034, 33146, 2035, 39685.3, 2036, 43891.5, 2037, 47917.9, 2038, 52369.6, 2039, 55682.4, 2040, 58401.7, 2041, 66159.5, 2042, 69884, 2043, 71119.3, 2044, 74148.4, 2045, 77017.8, 2046, 83183.4, 2047, 85207, 2048, 89678.2, 2049, 94123.3, 2050, 98807.7, 2051, 103284, 2052, 108900, 2053, 114037, 2054, 119046, 2055, 123944, 2056, 128771, 2057, 133194, 2058, 137484, 2059, 141495, 2060, 145289)",,,sales_magnitude.csv (Transport pipeline 2026-05-19),absolute sales count (all fuels combined),sales_magnitude.csv,Medium,Current Accounts
Laos,Key\TransportDataStock\Vehicle_Sales\Truck,Activity Level,"Interp(2006, 3521, 2007, 3860, 2008, 4231, 2009, 4638, 2010, 5085, 2011, 5574, 2012, 6111, 2013, 6699, 2014, 7343, 2015, 8050, 2016, 8824, 2017, 9673, 2018, 10604, 2019, 11624, 2020, 12742, 2021, 13967, 2022, 15310, 2023, 16783, 2024, 18397, 2025, 19772.5, 2026, 21250.9, 2027, 22839.9, 2028, 24547.6, 2029, 26383, 2030, 26383, 2031, 26383, 2032, 26383, 2033, 26383, 2034, 26383, 2035, 26383, 2036, 26383, 2037, 26383, 2038, 26383, 2039, 26383, 2040, 26383, 2041, 26383, 2042, 26383, 2043, 26383, 2044, 26383, 2045, 26383, 2046, 26383, 2047, 26383, 2048, 26383, 2049, 26383, 2050, 26383, 2051, 26383, 2052, 26383, 2053, 26383, 2054, 26383, 2055, 26383, 2056, 26383, 2057, 26383, 2058, 26383, 2059, 26383, 2060, 26383)",,,sales_magnitude.csv (Transport pipeline 2026-05-19),absolute sales count (all fuels combined),sales_magnitude.csv,Medium,Current Accounts
Laos,Key\TransportDataStock\Vehicles_Sales_Share\Bus\Blended Diesel,Activity Level,"Interp(2025, 99.8745, 2026, 99.8672, 2027, 99.8595, 2028, 99.8512, 2029, 99.8425, 2030, 99.8331, 2031, 99.8233, 2032, 99.8129, 2033, 99.802, 2034, 99.7907, 2035, 99.7788, 2036, 99.7665, 2037, 99.7539, 2038, 99.7409, 2039, 99.7276, 2040, 99.7141, 2041, 99.7004, 2042, 99.6865, 2043, 99.6727, 2044, 99.6589, 2045, 99.6452, 2046, 99.6317, 2047, 99.6184, 2048, 99.6054, 2049, 99.5927, 2050, 99.5804, 2051, 99.5686, 2052, 99.5572, 2053, 99.5463, 2054, 99.536, 2055, 99.5261, 2056, 99.5168, 2057, 99.508, 2058, 99.4998, 2059, 99.492, 2060, 99.4848)",,Blended Diesel,sales_mix.csv (Transport pipeline 2026-05-19),"sales share_percent, scenario=AMS Target Scenario",sales_mix.csv,Medium,AMS Target Scenario
Laos,Key\TransportDataStock\Vehicles_Sales_Share\Bus\Blended Diesel,Activity Level,"Interp(2025, 99.8745, 2026, 99.8672, 2027, 99.8595, 2028, 99.8512, 2029, 99.8425, 2030, 99.8331, 2031, 99.8233, 2032, 99.8129, 2033, 99.802, 2034, 99.7907, 2035, 99.7788, 2036, 99.7665, 2037, 99.7539, 2038, 99.7409, 2039, 99.7276, 2040, 99.7141, 2041, 99.7004, 2042, 99.6865, 2043, 99.6727, 2044, 99.6589, 2045, 99.6452, 2046, 99.6317, 2047, 99.6184, 2048, 99.6054, 2049, 99.5927, 2050, 99.5804, 2051, 99.5686, 2052, 99.5572, 2053, 99.5463, 2054, 99.536, 2055, 99.5261, 2056, 99.5168, 2057, 99.508, 2058, 99.4998, 2059, 99.492, 2060, 99.4848)",,Blended Diesel,sales_mix.csv (Transport pipeline 2026-05-19),"sales share_percent, scenario=Baseline Simulation",sales_mix.csv,Medium,Baseline Simulation
Laos,Key\TransportDataStock\Vehicles_Sales_Share\Bus\Blended Diesel,Activity Level,"Interp(2006, 100, 2007, 100, 2008, 100, 2009, 100, 2010, 100, 2011, 100, 2012, 100, 2013, 100, 2014, 100, 2015, 100, 2016, 100, 2017, 100, 2018, 100, 2019, 100, 2020, 100, 2021, 100, 2022, 100, 2023, 100, 2024, 99.8745)",,Blended Diesel,sales_mix.csv (Transport pipeline 2026-05-19),"sales share_percent, scenario=Current Accounts",sales_mix.csv,Medium,Current Accounts
Laos,Key\TransportDataStock\Vehicles_Sales_Share\Bus\Blended Diesel,Activity Level,"Interp(2025, 99.8745, 2026, 99.5029, 2027, 99.0811, 2028, 98.6041, 2029, 98.0666, 2030, 97.4636, 2031, 96.7905, 2032, 96.0433, 2033, 95.2187, 2034, 94.315, 2035, 93.3316, 2036, 92.2703, 2037, 91.1345, 2038, 89.9303, 2039, 88.6661, 2040, 87.3523, 2041, 86.0015, 2042, 84.6279, 2043, 83.2466, 2044, 81.8729, 2045, 80.5222, 2046, 79.2084, 2047, 77.9441, 2048, 76.7399, 2049, 75.6042, 2050, 74.5428, 2051, 73.5595, 2052, 72.6557, 2053, 71.8312, 2054, 71.0839, 2055, 70.4108, 2056, 69.8079, 2057, 69.2704, 2058, 68.7933, 2059, 68.3716, 2060, 68)",,Blended Diesel,sales_mix.csv (Transport pipeline 2026-05-19),"sales share_percent, scenario=Regional Aspiration Scenario",sales_mix.csv,Medium,Regional Aspiration Scenario
Laos,Key\TransportDataStock\Vehicles_Sales_Share\Bus\Electricity,Activity Level,"Interp(2025, 0.125538, 2026, 0.132769, 2027, 0.140506, 2028, 0.148763, 2029, 0.157547, 2030, 0.166864, 2031, 0.176711, 2032, 0.187083, 2033, 0.197966, 2034, 0.209341, 2035, 0.221181, 2036, 0.233453, 2037, 0.246115, 2038, 0.259122, 2039, 0.27242, 2040, 0.28595, 2041, 0.299649, 2042, 0.313451, 2043, 0.327287, 2044, 0.341089, 2045, 0.354788, 2046, 0.368318, 2047, 0.381616, 2048, 0.394623, 2049, 0.407286, 2050, 0.419557, 2051, 0.431397, 2052, 0.442772, 2053, 0.453655, 2054, 0.464027, 2055, 0.473874, 2056, 0.483191, 2057, 0.491975, 2058, 0.500232, 2059, 0.507969, 2060, 0.5152)",,Electricity,sales_mix.csv (Transport pipeline 2026-05-19),"sales share_percent, scenario=AMS Target Scenario",sales_mix.csv,Medium,AMS Target Scenario
Laos,Key\TransportDataStock\Vehicles_Sales_Share\Bus\Electricity,Activity Level,"Interp(2025, 0.125538, 2026, 0.132769, 2027, 0.140506, 2028, 0.148763, 2029, 0.157547, 2030, 0.166864, 2031, 0.176711, 2032, 0.187083, 2033, 0.197966, 2034, 0.209341, 2035, 0.221181, 2036, 0.233453, 2037, 0.246115, 2038, 0.259122, 2039, 0.27242, 2040, 0.28595, 2041, 0.299649, 2042, 0.313451, 2043, 0.327287, 2044, 0.341089, 2045, 0.354788, 2046, 0.368318, 2047, 0.381616, 2048, 0.394623, 2049, 0.407286, 2050, 0.419557, 2051, 0.431397, 2052, 0.442772, 2053, 0.453655, 2054, 0.464027, 2055, 0.473874, 2056, 0.483191, 2057, 0.491975, 2058, 0.500232, 2059, 0.507969, 2060, 0.5152)",,Electricity,sales_mix.csv (Transport pipeline 2026-05-19),"sales share_percent, scenario=Baseline Simulation",sales_mix.csv,Medium,Baseline Simulation
Laos,Key\TransportDataStock\Vehicles_Sales_Share\Bus\Electricity,Activity Level,"Interp(2006, 0, 2007, 0, 2008, 0, 2009, 0, 2010, 0, 2011, 0, 2012, 0, 2013, 0, 2014, 0, 2015, 0, 2016, 0, 2017, 0, 2018, 0, 2019, 0, 2020, 0, 2021, 0, 2022, 0, 2023, 0, 2024, 0.125538)",,Electricity,sales_mix.csv (Transport pipeline 2026-05-19),"sales share_percent, scenario=Current Accounts",sales_mix.csv,Medium,Current Accounts
Laos,Key\TransportDataStock\Vehicles_Sales_Share\Bus\Electricity,Activity Level,"Interp(2025, 0.125538, 2026, 0.497119, 2027, 0.918868, 2028, 1.39591, 2029, 1.93341, 2030, 2.53638, 2031, 3.20946, 2032, 3.95671, 2033, 4.78127, 2034, 5.68504, 2035, 6.66837, 2036, 7.72974, 2037, 8.86549, 2038, 10.0697, 2039, 11.3339, 2040, 12.6477, 2041, 13.9985, 2042, 15.3721, 2043, 16.7534, 2044, 18.1271, 2045, 19.4778, 2046, 20.7916, 2047, 22.0559, 2048, 23.2601, 2049, 24.3958, 2050, 25.4572, 2051, 26.4405, 2052, 27.3443, 2053, 28.1688, 2054, 28.9161, 2055, 29.5892, 2056, 30.1921, 2057, 30.7296, 2058, 31.2067, 2059, 31.6284, 2060, 32)",,Electricity,sales_mix.csv (Transport pipeline 2026-05-19),"sales share_percent, scenario=Regional Aspiration Scenario",sales_mix.csv,Medium,Regional Aspiration Scenario
Laos,Key\TransportDataStock\Vehicles_Sales_Share\Motorcycle\Electricity,Activity Level,"Interp(2025, 0.00664635, 2026, 1.40919, 2027, 2.87428, 2028, 4.38871, 2029, 5.93729, 2030, 7.50332, 2031, 9.06935, 2032, 10.6179, 2033, 12.1324, 2034, 13.5975, 2035, 15, 2036, 16.3293, 2037, 17.5771, 2038, 18.7382, 2039, 19.8094, 2040, 20.7904, 2041, 21.6822, 2042, 22.488, 2043, 23.2117, 2044, 23.8584, 2045, 24.4335, 2046, 24.943, 2047, 25.3926, 2048, 25.7881, 2049, 26.1351, 2050, 26.4386, 2051, 26.7037, 2052, 26.9346, 2053, 27.1355, 2054, 27.3101, 2055, 27.4615, 2056, 27.5928, 2057, 27.7064, 2058, 27.8047, 2059, 27.8897, 2060, 27.9632)",,Electricity,sales_mix.csv (Transport pipeline 2026-05-19),"sales share_percent, scenario=AMS Target Scenario",sales_mix.csv,Medium,AMS Target Scenario
Laos,Key\TransportDataStock\Vehicles_Sales_Share\Motorcycle\Electricity,Activity Level,"Interp(2025, 0.00664635, 2026, 0.0103363, 2027, 0.0142849, 2028, 0.0184985, 2029, 0.0229814, 2030, 0.0277358, 2031, 0.0327612, 2032, 0.0380542, 2033, 0.043608, 2034, 0.0494129, 2035, 0.0554551, 2036, 0.0617176, 2037, 0.0681798, 2038, 0.0748175, 2039, 0.0816037, 2040, 0.0885083, 2041, 0.0954992, 2042, 0.102543, 2043, 0.109604, 2044, 0.116647, 2045, 0.123638, 2046, 0.130543, 2047, 0.137329, 2048, 0.143967, 2049, 0.150429, 2050, 0.156691, 2051, 0.162733, 2052, 0.168538, 2053, 0.174092, 2054, 0.179385, 2055, 0.184411, 2056, 0.189165, 2057, 0.193648, 2058, 0.197861, 2059, 0.20181, 2060, 0.2055)",,Electricity,sales_mix.csv (Transport pipeline 2026-05-19),"sales share_percent, scenario=Baseline Simulation",sales_mix.csv,Medium,Baseline Simulation
Laos,Key\TransportDataStock\Vehicles_Sales_Share\Motorcycle\Electricity,Activity Level,"Interp(2006, 0, 2007, 0, 2008, 0, 2009, 0, 2010, 0, 2011, 0, 2012, 0, 2013, 0, 2014, 0, 2015, 0, 2016, 0, 2017, 0, 2018, 0, 2019, 0, 2020, 0.00320605, 2021, 0.00415019, 2022, 0.00503659, 2023, 0.00586782, 2024, 0.00664635)",,Electricity,sales_mix.csv (Transport pipeline 2026-05-19),"sales share_percent, scenario=Current Accounts",sales_mix.csv,Medium,Current Accounts
Laos,Key\TransportDataStock\Vehicles_Sales_Share\Motorcycle\Electricity,Activity Level,"Interp(2025, 0.00664635, 2026, 4.30461, 2027, 9.38508, 2028, 15.2795, 2029, 21.9718, 2030, 29.3861, 2031, 37.3805, 2032, 45.7521, 2033, 54.2546, 2034, 62.6261, 2035, 70.6205, 2036, 78.0348, 2037, 84.7272, 2038, 90.6216, 2039, 95.702, 2040, 100, 2041, 100, 2042, 100, 2043, 100, 2044, 100, 2045, 100, 2046, 100, 2047, 100, 2048, 100, 2049, 100, 2050, 100, 2051, 100, 2052, 100, 2053, 100, 2054, 100, 2055, 100, 2056, 100, 2057, 100, 2058, 100, 2059, 100, 2060, 100)",,Electricity,sales_mix.csv (Transport pipeline 2026-05-19),"sales share_percent, scenario=Regional Aspiration Scenario",sales_mix.csv,Medium,Regional Aspiration Scenario
Laos,Key\TransportDataStock\Vehicles_Sales_Share\Motorcycle\Gasoline,Activity Level,"Interp(2025, 99.9934, 2026, 98.5908, 2027, 97.1257, 2028, 95.6113, 2029, 94.0627, 2030, 92.4967, 2031, 90.9306, 2032, 89.3821, 2033, 87.8676, 2034, 86.4025, 2035, 85, 2036, 83.6707, 2037, 82.4229, 2038, 81.2618, 2039, 80.1906, 2040, 79.2096, 2041, 78.3178, 2042, 77.512, 2043, 76.7883, 2044, 76.1416, 2045, 75.5665, 2046, 75.057, 2047, 74.6074, 2048, 74.2119, 2049, 73.8649, 2050, 73.5614, 2051, 73.2963, 2052, 73.0654, 2053, 72.8645, 2054, 72.6899, 2055, 72.5385, 2056, 72.4072, 2057, 72.2936, 2058, 72.1953, 2059, 72.1103, 2060, 72.0368)",,Gasoline,sales_mix.csv (Transport pipeline 2026-05-19),"sales share_percent, scenario=AMS Target Scenario",sales_mix.csv,Medium,AMS Target Scenario
Laos,Key\TransportDataStock\Vehicles_Sales_Share\Motorcycle\Gasoline,Activity Level,"Interp(2025, 99.9934, 2026, 99.9897, 2027, 99.9857, 2028, 99.9815, 2029, 99.977, 2030, 99.9723, 2031, 99.9672, 2032, 99.9619, 2033, 99.9564, 2034, 99.9506, 2035, 99.9445, 2036, 99.9383, 2037, 99.9318, 2038, 99.9252, 2039, 99.9184, 2040, 99.9115, 2041, 99.9045, 2042, 99.8975, 2043, 99.8904, 2044, 99.8834, 2045, 99.8764, 2046, 99.8695, 2047, 99.8627, 2048, 99.856, 2049, 99.8496, 2050, 99.8433, 2051, 99.8373, 2052, 99.8315, 2053, 99.8259, 2054, 99.8206, 2055, 99.8156, 2056, 99.8108, 2057, 99.8064, 2058, 99.8021, 2059, 99.7982, 2060, 99.7945)",,Gasoline,sales_mix.csv (Transport pipeline 2026-05-19),"sales share_percent, scenario=Baseline Simulation",sales_mix.csv,Medium,Baseline Simulation
Laos,Key\TransportDataStock\Vehicles_Sales_Share\Motorcycle\Gasoline,Activity Level,"Interp(2006, 100, 2007, 100, 2008, 100, 2009, 100, 2010, 100, 2011, 100, 2012, 100, 2013, 100, 2014, 100, 2015, 100, 2016, 100, 2017, 100, 2018, 100, 2019, 100, 2020, 99.9968, 2021, 99.9958, 2022, 99.995, 2023, 99.9941, 2024, 99.9934)",,Gasoline,sales_mix.csv (Transport pipeline 2026-05-19),"sales share_percent, scenario=Current Accounts",sales_mix.csv,Medium,Current Accounts
Laos,Key\TransportDataStock\Vehicles_Sales_Share\Motorcycle\Gasoline,Activity Level,"Interp(2025, 99.9934, 2026, 95.6954, 2027, 90.6149, 2028, 84.7205, 2029, 78.0282, 2030, 70.6139, 2031, 62.6195, 2032, 54.2479, 2033, 45.7454, 2034, 37.3739, 2035, 29.3795, 2036, 21.9652, 2037, 15.2728, 2038, 9.37843, 2039, 4.29796)",,Gasoline,sales_mix.csv (Transport pipeline 2026-05-19),"sales share_percent, scenario=Regional Aspiration Scenario",sales_mix.csv,Medium,Regional Aspiration Scenario
Laos,Key\TransportDataStock\Vehicles_Sales_Share\PassengerCar\Blended Diesel,Activity Level,"Interp(2025, 26.9731, 2026, 26.2291, 2027, 25.452, 2028, 24.6487, 2029, 23.8272, 2030, 22.9965, 2031, 22.1658, 2032, 21.3443, 2033, 20.541, 2034, 19.7638, 2035, 19.0199, 2036, 18.3147, 2037, 17.6528, 2038, 17.0369, 2039, 16.4687, 2040, 15.9483, 2041, 15.4752, 2042, 15.0478, 2043, 14.6639, 2044, 14.3209, 2045, 14.0158, 2046, 13.7456, 2047, 13.5071, 2048, 13.2973, 2049, 13.1132, 2050, 12.9522, 2051, 12.8116, 2052, 12.6891, 2053, 12.5825, 2054, 12.4899, 2055, 12.4096, 2056, 12.34, 2057, 12.2797, 2058, 12.2275, 2059, 12.1824, 2060, 12.1435)",,Blended Diesel,sales_mix.csv (Transport pipeline 2026-05-19),"sales share_percent, scenario=AMS Target Scenario",sales_mix.csv,Medium,AMS Target Scenario
Laos,Key\TransportDataStock\Vehicles_Sales_Share\PassengerCar\Blended Diesel,Activity Level,"Interp(2025, 26.9731, 2026, 26.969, 2027, 26.9645, 2028, 26.9598, 2029, 26.9547, 2030, 26.9494, 2031, 26.9437, 2032, 26.9378, 2033, 26.9315, 2034, 26.925, 2035, 26.9182, 2036, 26.9111, 2037, 26.9038, 2038, 26.8964, 2039, 26.8887, 2040, 26.881, 2041, 26.8731, 2042, 26.8652, 2043, 26.8572, 2044, 26.8493, 2045, 26.8414, 2046, 26.8336, 2047, 26.826, 2048, 26.8185, 2049, 26.8112, 2050, 26.8042, 2051, 26.7974, 2052, 26.7908, 2053, 26.7846, 2054, 26.7786, 2055, 26.773, 2056, 26.7676, 2057, 26.7626, 2058, 26.7578, 2059, 26.7534, 2060, 26.7492)",,Blended Diesel,sales_mix.csv (Transport pipeline 2026-05-19),"sales share_percent, scenario=Baseline Simulation",sales_mix.csv,Medium,Baseline Simulation
Laos,Key\TransportDataStock\Vehicles_Sales_Share\PassengerCar\Blended Diesel,Activity Level,"Interp(2006, 27.0043, 2007, 27.0069, 2008, 27.0011, 2009, 26.9964, 2010, 26.9991, 2011, 27.002, 2012, 27.0026, 2013, 26.9954, 2014, 26.9988, 2015, 26.9959, 2016, 27.001, 2017, 26.9962, 2018, 26.9979, 2019, 26.9949, 2020, 26.99, 2021, 26.9814, 2022, 26.9852, 2023, 26.9832, 2024, 26.9731)",,Blended Diesel,sales_mix.csv (Transport pipeline 2026-05-19),"sales share_percent, scenario=Current Accounts",sales_mix.csv,Medium,Current Accounts
Laos,Key\TransportDataStock\Vehicles_Sales_Share\PassengerCar\Blended Diesel,Activity Level,"Interp(2025, 26.9731, 2026, 24.3026, 2027, 21.0956, 2028, 17.3047, 2029, 12.9065, 2030, 7.91284, 2031, 2.38046)",,Blended Diesel,sales_mix.csv (Transport pipeline 2026-05-19),"sales share_percent, scenario=Regional Aspiration Scenario",sales_mix.csv,Medium,Regional Aspiration Scenario
Laos,Key\TransportDataStock\Vehicles_Sales_Share\PassengerCar\Electricity,Activity Level,"Interp(2025, 0.0584015, 2026, 0.988384, 2027, 1.95983, 2028, 2.96401, 2029, 3.99082, 2030, 5.0292, 2031, 6.06758, 2032, 7.09439, 2033, 8.09857, 2034, 9.07002, 2035, 10, 2036, 10.8814, 2037, 11.7088, 2038, 12.4787, 2039, 13.189, 2040, 13.8394, 2041, 14.4308, 2042, 14.965, 2043, 15.4449, 2044, 15.8737, 2045, 16.2551, 2046, 16.5929, 2047, 16.891, 2048, 17.1533, 2049, 17.3833, 2050, 17.5846, 2051, 17.7603, 2052, 17.9134, 2053, 18.0467, 2054, 18.1624, 2055, 18.2628, 2056, 18.3499, 2057, 18.4252, 2058, 18.4904, 2059, 18.5468, 2060, 18.5955)",,Electricity,sales_mix.csv (Transport pipeline 2026-05-19),"sales share_percent, scenario=AMS Target Scenario",sales_mix.csv,Medium,AMS Target Scenario
Laos,Key\TransportDataStock\Vehicles_Sales_Share\PassengerCar\Electricity,Activity Level,"Interp(2025, 0.0584015, 2026, 0.0635953, 2027, 0.0691532, 2028, 0.0750841, 2029, 0.0813941, 2030, 0.0880862, 2031, 0.0951597, 2032, 0.10261, 2033, 0.110427, 2034, 0.118598, 2035, 0.127103, 2036, 0.135918, 2037, 0.145014, 2038, 0.154357, 2039, 0.163908, 2040, 0.173627, 2041, 0.183467, 2042, 0.193381, 2043, 0.20332, 2044, 0.213234, 2045, 0.223074, 2046, 0.232793, 2047, 0.242345, 2048, 0.251688, 2049, 0.260784, 2050, 0.269599, 2051, 0.278104, 2052, 0.286274, 2053, 0.294092, 2054, 0.301542, 2055, 0.308615, 2056, 0.315307, 2057, 0.321617, 2058, 0.327548, 2059, 0.333106, 2060, 0.3383)",,Electricity,sales_mix.csv (Transport pipeline 2026-05-19),"sales share_percent, scenario=Baseline Simulation",sales_mix.csv,Medium,Baseline Simulation
Laos,Key\TransportDataStock\Vehicles_Sales_Share\PassengerCar\Electricity,Activity Level,"Interp(2006, 0, 2007, 0, 2008, 0, 2009, 0, 2010, 0, 2011, 0, 2012, 0, 2013, 0, 2014, 0, 2015, 0, 2016, 0, 2017, 0, 2018, 0, 2019, 0, 2020, 0.0276065, 2021, 0.0357015, 2022, 0.0434405, 2023, 0.0509597, 2024, 0.0584015)",,Electricity,sales_mix.csv (Transport pipeline 2026-05-19),"sales share_percent, scenario=Current Accounts",sales_mix.csv,Medium,Current Accounts
Laos,Key\TransportDataStock\Vehicles_Sales_Share\PassengerCar\Electricity,Activity Level,"Interp(2025, 0.0584015, 2026, 3.39652, 2027, 7.4053, 2028, 12.1439, 2029, 17.6417, 2030, 23.8838, 2031, 30.7992, 2032, 38.2557, 2033, 46.064, 2034, 53.9944, 2035, 61.8027, 2036, 69.2592, 2037, 76.1746, 2038, 82.4167, 2039, 87.9145, 2040, 92.6531, 2041, 96.6619, 2042, 100, 2043, 100, 2044, 100, 2045, 100, 2046, 100, 2047, 100, 2048, 100, 2049, 100, 2050, 100, 2051, 100, 2052, 100, 2053, 100, 2054, 100, 2055, 100, 2056, 100, 2057, 100, 2058, 100, 2059, 100, 2060, 100)",,Electricity,sales_mix.csv (Transport pipeline 2026-05-19),"sales share_percent, scenario=Regional Aspiration Scenario",sales_mix.csv,Medium,Regional Aspiration Scenario
Laos,Key\TransportDataStock\Vehicles_Sales_Share\PassengerCar\Gasoline,Activity Level,"Interp(2025, 72.9685, 2026, 72.7825, 2027, 72.5882, 2028, 72.3873, 2029, 72.182, 2030, 71.9743, 2031, 71.7666, 2032, 71.5613, 2033, 71.3604, 2034, 71.1661, 2035, 70.9801, 2036, 70.8039, 2037, 70.6384, 2038, 70.4844, 2039, 70.3423, 2040, 70.2123, 2041, 70.094, 2042, 69.9871, 2043, 69.8912, 2044, 69.8054, 2045, 69.7291, 2046, 69.6616, 2047, 69.6019, 2048, 69.5495, 2049, 69.5035, 2050, 69.4632, 2051, 69.4281, 2052, 69.3975, 2053, 69.3708, 2054, 69.3477, 2055, 69.3276, 2056, 69.3102, 2057, 69.2951, 2058, 69.2821, 2059, 69.2708, 2060, 69.2611)",,Gasoline,sales_mix.csv (Transport pipeline 2026-05-19),"sales share_percent, scenario=AMS Target Scenario",sales_mix.csv,Medium,AMS Target Scenario
Laos,Key\TransportDataStock\Vehicles_Sales_Share\PassengerCar\Gasoline,Activity Level,"Interp(2025, 72.9685, 2026, 72.9674, 2027, 72.9663, 2028, 72.9651, 2029, 72.9639, 2030, 72.9625, 2031, 72.9611, 2032, 72.9596, 2033, 72.9581, 2034, 72.9564, 2035, 72.9547, 2036, 72.953, 2037, 72.9511, 2038, 72.9493, 2039, 72.9474, 2040, 72.9454, 2041, 72.9435, 2042, 72.9415, 2043, 72.9395, 2044, 72.9375, 2045, 72.9355, 2046, 72.9336, 2047, 72.9317, 2048, 72.9298, 2049, 72.928, 2050, 72.9262, 2051, 72.9245, 2052, 72.9229, 2053, 72.9213, 2054, 72.9198, 2055, 72.9184, 2056, 72.9171, 2057, 72.9158, 2058, 72.9146, 2059, 72.9135, 2060, 72.9125)",,Gasoline,sales_mix.csv (Transport pipeline 2026-05-19),"sales share_percent, scenario=Baseline Simulation",sales_mix.csv,Medium,Baseline Simulation
Laos,Key\TransportDataStock\Vehicles_Sales_Share\PassengerCar\Gasoline,Activity Level,"Interp(2006, 72.9957, 2007, 72.9931, 2008, 72.9989, 2009, 73.0036, 2010, 73.0009, 2011, 72.998, 2012, 72.9974, 2013, 73.0046, 2014, 73.0012, 2015, 73.0041, 2016, 72.999, 2017, 73.0038, 2018, 73.0021, 2019, 73.0051, 2020, 72.9824, 2021, 72.9829, 2022, 72.9713, 2023, 72.9659, 2024, 72.9685)",,Gasoline,sales_mix.csv (Transport pipeline 2026-05-19),"sales share_percent, scenario=Current Accounts",sales_mix.csv,Medium,Current Accounts
Laos,Key\TransportDataStock\Vehicles_Sales_Share\PassengerCar\Gasoline,Activity Level,"Interp(2025, 72.9685, 2026, 72.3008, 2027, 71.4991, 2028, 70.5514, 2029, 69.4518, 2030, 68.2034, 2031, 66.8203, 2032, 61.7443, 2033, 53.936, 2034, 46.0056, 2035, 38.1973, 2036, 30.7408, 2037, 23.8254, 2038, 17.5833, 2039, 12.0855, 2040, 7.3469, 2041, 3.33812, 2042, 5.55112e-15, 2043, 5.55112e-15, 2044, 5.55112e-15, 2045, 5.55112e-15, 2046, 5.55112e-15, 2047, 5.55112e-15, 2048, 5.55112e-15, 2049, 5.55112e-15, 2050, 5.55112e-15, 2051, 5.55112e-15, 2052, 5.55112e-15, 2053, 5.55112e-15, 2054, 5.55112e-15, 2055, 5.55112e-15, 2056, 5.55112e-15, 2057, 5.55112e-15, 2058, 5.55112e-15, 2059, 5.55112e-15, 2060, 5.55112e-15)",,Gasoline,sales_mix.csv (Transport pipeline 2026-05-19),"sales share_percent, scenario=Regional Aspiration Scenario",sales_mix.csv,Medium,Regional Aspiration Scenario
Laos,Key\TransportDataStock\Vehicles_Sales_Share\Truck\Blended Diesel,Activity Level,"Interp(2025, 100, 2026, 100, 2027, 100, 2028, 100, 2029, 100, 2030, 100, 2031, 100, 2032, 100, 2033, 100, 2034, 100, 2035, 100, 2036, 100, 2037, 100, 2038, 100, 2039, 100, 2040, 100, 2041, 100, 2042, 100, 2043, 100, 2044, 100, 2045, 100, 2046, 100, 2047, 100, 2048, 100, 2049, 100, 2050, 100, 2051, 100, 2052, 100, 2053, 100, 2054, 100, 2055, 100, 2056, 100, 2057, 100, 2058, 100, 2059, 100, 2060, 100)",,Blended Diesel,sales_mix.csv (Transport pipeline 2026-05-19),"sales share_percent, scenario=AMS Target Scenario",sales_mix.csv,Medium,AMS Target Scenario
Laos,Key\TransportDataStock\Vehicles_Sales_Share\Truck\Blended Diesel,Activity Level,"Interp(2025, 100, 2026, 100, 2027, 100, 2028, 100, 2029, 100, 2030, 100, 2031, 100, 2032, 100, 2033, 100, 2034, 100, 2035, 100, 2036, 100, 2037, 100, 2038, 100, 2039, 100, 2040, 100, 2041, 100, 2042, 100, 2043, 100, 2044, 100, 2045, 100, 2046, 100, 2047, 100, 2048, 100, 2049, 100, 2050, 100, 2051, 100, 2052, 100, 2053, 100, 2054, 100, 2055, 100, 2056, 100, 2057, 100, 2058, 100, 2059, 100, 2060, 100)",,Blended Diesel,sales_mix.csv (Transport pipeline 2026-05-19),"sales share_percent, scenario=Baseline Simulation",sales_mix.csv,Medium,Baseline Simulation
Laos,Key\TransportDataStock\Vehicles_Sales_Share\Truck\Blended Diesel,Activity Level,"Interp(2006, 100, 2007, 100, 2008, 100, 2009, 100, 2010, 100, 2011, 100, 2012, 100, 2013, 100, 2014, 100, 2015, 100, 2016, 100, 2017, 100, 2018, 100, 2019, 100, 2020, 100, 2021, 100, 2022, 100, 2023, 100, 2024, 100)",,Blended Diesel,sales_mix.csv (Transport pipeline 2026-05-19),"sales share_percent, scenario=Current Accounts",sales_mix.csv,Medium,Current Accounts
Laos,Key\TransportDataStock\Vehicles_Sales_Share\Truck\Blended Diesel,Activity Level,"Interp(2025, 100, 2026, 99.8834, 2027, 99.7511, 2028, 99.6014, 2029, 99.4328, 2030, 99.2436, 2031, 99.0325, 2032, 98.798, 2033, 98.5394, 2034, 98.2558, 2035, 97.9473, 2036, 97.6143, 2037, 97.258, 2038, 96.8802, 2039, 96.4836, 2040, 96.0714, 2041, 95.6476, 2042, 95.2167, 2043, 94.7833, 2044, 94.3524, 2045, 93.9286, 2046, 93.5164, 2047, 93.1198, 2048, 92.742, 2049, 92.3857, 2050, 92.0527, 2051, 91.7442, 2052, 91.4606, 2053, 91.202, 2054, 90.9675, 2055, 90.7564, 2056, 90.5672, 2057, 90.3986, 2058, 90.2489, 2059, 90.1166, 2060, 90)",,Blended Diesel,sales_mix.csv (Transport pipeline 2026-05-19),"sales share_percent, scenario=Regional Aspiration Scenario",sales_mix.csv,Medium,Regional Aspiration Scenario
Laos,Key\TransportDataStock\Vehicles_Sales_Share\Truck\Electricity,Activity Level,"Interp(2026, 0.116576, 2027, 0.248892, 2028, 0.398556, 2029, 0.567186, 2030, 0.756354, 2031, 0.967521, 2032, 1.20196, 2033, 1.46065, 2034, 1.74419, 2035, 2.05269, 2036, 2.38567, 2037, 2.74199, 2038, 3.11978, 2039, 3.51642, 2040, 3.92859, 2041, 4.35237, 2042, 4.78332, 2043, 5.21668, 2044, 5.64763, 2045, 6.07141, 2046, 6.48358, 2047, 6.88022, 2048, 7.25801, 2049, 7.61433, 2050, 7.94731, 2051, 8.25581, 2052, 8.53935, 2053, 8.79804, 2054, 9.03248, 2055, 9.24365, 2056, 9.43281, 2057, 9.60144, 2058, 9.75111, 2059, 9.88342, 2060, 10)",,Electricity,sales_mix.csv (Transport pipeline 2026-05-19),"sales share_percent, scenario=Regional Aspiration Scenario",sales_mix.csv,Medium,Regional Aspiration Scenario
Laos,Demand\Transport\Road\Bus\Blended Diesel\Blended Diesel,Mileage,"Interp(2025, 34061, 2030, 34061, 2035, 34061, 2040, 34061, 2045, 34061, 2050, 34061, 2055, 34061, 2060, 34061)",Kilometer,Blended Diesel,"hdv-socioecon-fit (n_train=8 = 2 ASEAN + 6 peers; R2=0.15, LOO_RMSE_log=0.552)",mileage vehicle-wide; confidence=hdv_socioecon_predicted,mileage_anchors.csv,Medium,Current Accounts
Laos,Demand\Transport\Road\Bus\Electricity\Electricity,Mileage,"Interp(2025, 34061, 2030, 34061, 2035, 34061, 2040, 34061, 2045, 34061, 2050, 34061, 2055, 34061, 2060, 34061)",Kilometer,Electricity,"hdv-socioecon-fit (n_train=8 = 2 ASEAN + 6 peers; R2=0.15, LOO_RMSE_log=0.552)",mileage vehicle-wide; confidence=hdv_socioecon_predicted,mileage_anchors.csv,Medium,Current Accounts
Laos,Demand\Transport\Road\Bus\Gasoline\Gasoline,Mileage,"Interp(2025, 34061, 2030, 34061, 2035, 34061, 2040, 34061, 2045, 34061, 2050, 34061, 2055, 34061, 2060, 34061)",Kilometer,Gasoline,"hdv-socioecon-fit (n_train=8 = 2 ASEAN + 6 peers; R2=0.15, LOO_RMSE_log=0.552)",mileage vehicle-wide; confidence=hdv_socioecon_predicted,mileage_anchors.csv,Medium,Current Accounts
Laos,Demand\Transport\Road\Bus\Hydrogen\Hydrogen,Mileage,"Interp(2025, 34061, 2030, 34061, 2035, 34061, 2040, 34061, 2045, 34061, 2050, 34061, 2055, 34061, 2060, 34061)",Kilometer,Hydrogen,"hdv-socioecon-fit (n_train=8 = 2 ASEAN + 6 peers; R2=0.15, LOO_RMSE_log=0.552)",mileage vehicle-wide; confidence=hdv_socioecon_predicted,mileage_anchors.csv,Medium,Current Accounts
Laos,Demand\Transport\Road\Bus\Natural Gas\Natural Gas,Mileage,"Interp(2025, 34061, 2030, 34061, 2035, 34061, 2040, 34061, 2045, 34061, 2050, 34061, 2055, 34061, 2060, 34061)",Kilometer,Natural Gas,"hdv-socioecon-fit (n_train=8 = 2 ASEAN + 6 peers; R2=0.15, LOO_RMSE_log=0.552)",mileage vehicle-wide; confidence=hdv_socioecon_predicted,mileage_anchors.csv,Medium,Current Accounts
Laos,Demand\Transport\Road\Motorcyle\Electricity\Electricity,Mileage,"Interp(2025, 9015, 2030, 9015, 2035, 9015, 2040, 9015, 2045, 9015, 2050, 9015, 2055, 9015, 2060, 9015)",Kilometer,Electricity,"socioecon-fit v2 pooled (n_train=5, R2=0.77, LOO_RMSE_log=0.295); train countries: India,Indonesia,Malaysia,Singapore,Viet Nam",mileage vehicle-wide; confidence=socioecon_predicted,mileage_anchors.csv,Medium,Current Accounts
Laos,Demand\Transport\Road\Motorcyle\Gasoline\Gasoline,Mileage,"Interp(2025, 9015, 2030, 9015, 2035, 9015, 2040, 9015, 2045, 9015, 2050, 9015, 2055, 9015, 2060, 9015)",Kilometer,Gasoline,"socioecon-fit v2 pooled (n_train=5, R2=0.77, LOO_RMSE_log=0.295); train countries: India,Indonesia,Malaysia,Singapore,Viet Nam",mileage vehicle-wide; confidence=socioecon_predicted,mileage_anchors.csv,Medium,Current Accounts
Laos,Demand\Transport\Road\PassengerCar\Blended Diesel\Blended Diesel,Mileage,"Interp(2025, 14276, 2030, 14276, 2035, 14276, 2040, 14276, 2045, 14276, 2050, 14276, 2055, 14276, 2060, 14276)",Kilometer,Blended Diesel,"socioecon-fit v2 pooled (n_train=13, R2=0.07, LOO_RMSE_log=0.244); train countries: China,France,Germany,India,Indonesia,Japan,Malaysia,New Zealand,Philippines,Singapore,United Kingdom,United States,Viet Nam",mileage vehicle-wide; confidence=socioecon_predicted,mileage_anchors.csv,Medium,Current Accounts
Laos,Demand\Transport\Road\PassengerCar\Electricity\Electricity,Mileage,"Interp(2025, 14276, 2030, 14276, 2035, 14276, 2040, 14276, 2045, 14276, 2050, 14276, 2055, 14276, 2060, 14276)",Kilometer,Electricity,"socioecon-fit v2 pooled (n_train=13, R2=0.07, LOO_RMSE_log=0.244); train countries: China,France,Germany,India,Indonesia,Japan,Malaysia,New Zealand,Philippines,Singapore,United Kingdom,United States,Viet Nam",mileage vehicle-wide; confidence=socioecon_predicted,mileage_anchors.csv,Medium,Current Accounts
Laos,Demand\Transport\Road\PassengerCar\Gasoline\Gasoline,Mileage,"Interp(2025, 14276, 2030, 14276, 2035, 14276, 2040, 14276, 2045, 14276, 2050, 14276, 2055, 14276, 2060, 14276)",Kilometer,Gasoline,"socioecon-fit v2 pooled (n_train=13, R2=0.07, LOO_RMSE_log=0.244); train countries: China,France,Germany,India,Indonesia,Japan,Malaysia,New Zealand,Philippines,Singapore,United Kingdom,United States,Viet Nam",mileage vehicle-wide; confidence=socioecon_predicted,mileage_anchors.csv,Medium,Current Accounts
Laos,Demand\Transport\Road\PassengerCar\Natural Gas\Natural Gas,Mileage,"Interp(2025, 14276, 2030, 14276, 2035, 14276, 2040, 14276, 2045, 14276, 2050, 14276, 2055, 14276, 2060, 14276)",Kilometer,Natural Gas,"socioecon-fit v2 pooled (n_train=13, R2=0.07, LOO_RMSE_log=0.244); train countries: China,France,Germany,India,Indonesia,Japan,Malaysia,New Zealand,Philippines,Singapore,United Kingdom,United States,Viet Nam",mileage vehicle-wide; confidence=socioecon_predicted,mileage_anchors.csv,Medium,Current Accounts
Laos,Demand\Transport\Road\Truck\Blended Diesel\Blended Diesel,Mileage,"Interp(2025, 35564, 2030, 35564, 2035, 35564, 2040, 35564, 2045, 35564, 2050, 35564, 2055, 35564, 2060, 35564)",Kilometer,Blended Diesel,"hdv-socioecon-fit (n_train=9 = 4 ASEAN + 5 peers; R2=0.40, LOO_RMSE_log=0.922)",mileage vehicle-wide; confidence=hdv_socioecon_predicted,mileage_anchors.csv,Medium,Current Accounts
Laos,Demand\Transport\Road\Truck\Electricity\Electricity,Mileage,"Interp(2025, 35564, 2030, 35564, 2035, 35564, 2040, 35564, 2045, 35564, 2050, 35564, 2055, 35564, 2060, 35564)",Kilometer,Electricity,"hdv-socioecon-fit (n_train=9 = 4 ASEAN + 5 peers; R2=0.40, LOO_RMSE_log=0.922)",mileage vehicle-wide; confidence=hdv_socioecon_predicted,mileage_anchors.csv,Medium,Current Accounts
Laos,Demand\Transport\Road\Truck\Gasoline\Gasoline,Mileage,"Interp(2025, 35564, 2030, 35564, 2035, 35564, 2040, 35564, 2045, 35564, 2050, 35564, 2055, 35564, 2060, 35564)",Kilometer,Gasoline,"hdv-socioecon-fit (n_train=9 = 4 ASEAN + 5 peers; R2=0.40, LOO_RMSE_log=0.922)",mileage vehicle-wide; confidence=hdv_socioecon_predicted,mileage_anchors.csv,Medium,Current Accounts
Laos,Demand\Transport\Road\Truck\Hydrogen\Hydrogen,Mileage,"Interp(2025, 35564, 2030, 35564, 2035, 35564, 2040, 35564, 2045, 35564, 2050, 35564, 2055, 35564, 2060, 35564)",Kilometer,Hydrogen,"hdv-socioecon-fit (n_train=9 = 4 ASEAN + 5 peers; R2=0.40, LOO_RMSE_log=0.922)",mileage vehicle-wide; confidence=hdv_socioecon_predicted,mileage_anchors.csv,Medium,Current Accounts
Laos,Demand\Transport\Road\Truck\Natural Gas\Natural Gas,Mileage,"Interp(2025, 35564, 2030, 35564, 2035, 35564, 2040, 35564, 2045, 35564, 2050, 35564, 2055, 35564, 2060, 35564)",Kilometer,Natural Gas,"hdv-socioecon-fit (n_train=9 = 4 ASEAN + 5 peers; R2=0.40, LOO_RMSE_log=0.922)",mileage vehicle-wide; confidence=hdv_socioecon_predicted,mileage_anchors.csv,Medium,Current Accounts
Malaysia,Key\TransportDataStock\Vehicle_Sales\Bus,Activity Level,"Interp(2006, 461.196, 2007, 474.342, 2008, 488.883, 2009, 502.829, 2010, 518.194, 2011, 532.99, 2012, 549.229, 2013, 564.926, 2014, 582.094, 2015, 599.747, 2016, 616.899, 2017, 634.566, 2018, 702.763, 2019, 740.506, 2020, 781.811, 2021, 827.696, 2022, 878.177, 2023, 934.272, 2024, 994, 2025, 90299.1, 2026, 4970.44, 2027, 4788.31, 2028, 4824, 2029, 4946.19, 2030, 5216.98, 2031, 5633.42, 2032, 5420.05, 2033, 5620.95, 2034, 7532.23, 2035, 13201.1, 2036, 12646.9, 2037, 13174.4, 2038, 15025.2, 2039, 15388.2, 2040, 16655.9, 2041, 17704.2, 2042, 17504.5, 2043, 15355.9, 2044, 15698.5, 2045, 15072.5, 2046, 15564, 2047, 14221.6, 2048, 14536, 2049, 15211.9, 2050, 15470.1, 2051, 17238.7, 2052, 18412.6, 2053, 19322.3, 2054, 20214.6, 2055, 20978.9, 2056, 21584.3, 2057, 21933.7, 2058, 22214.3, 2059, 22439.6, 2060, 22610.9)",,,sales_magnitude.csv (Transport pipeline 2026-05-19),absolute sales count (all fuels combined),sales_magnitude.csv,Medium,Current Accounts
Malaysia,Key\TransportDataStock\Vehicle_Sales\Motorcycle,Activity Level,"Interp(2018, 471842, 2019, 546813, 2020, 498327, 2021, 497262, 2022, 680749, 2023, 541703, 2024, 555675, 2025, 1.32722e+07, 2026, 496275, 2027, 441651, 2028, 451435, 2029, 471424, 2030, 505649, 2031, 555031, 2032, 568101, 2033, 620205, 2034, 921097, 2035, 1.68232e+06, 2036, 1.56675e+06, 2037, 1.68322e+06, 2038, 1.83655e+06, 2039, 1.84054e+06, 2040, 1.95875e+06, 2041, 1.96044e+06, 2042, 1.94695e+06, 2043, 1.5723e+06, 2044, 1.48682e+06, 2045, 1.43474e+06, 2046, 1.38535e+06, 2047, 1.16388e+06, 2048, 1.18681e+06, 2049, 1.26578e+06, 2050, 1.35957e+06, 2051, 1.47468e+06, 2052, 1.59086e+06, 2053, 1.65972e+06, 2054, 1.71773e+06, 2055, 1.75504e+06, 2056, 1.76077e+06, 2057, 1.73095e+06, 2058, 1.69194e+06, 2059, 1.64756e+06, 2060, 1.59973e+06)",,,sales_magnitude.csv (Transport pipeline 2026-05-19),absolute sales count (all fuels combined),sales_magnitude.csv,Medium,Current Accounts
Malaysia,Key\TransportDataStock\Vehicle_Sales\PassengerCar,Activity Level,"Interp(2000, 352437, 2001, 406245, 2002, 446651, 2003, 431706, 2004, 489293, 2005, 566609, 2006, 475514, 2007, 480705, 2008, 551151, 2009, 539220, 2010, 608644, 2011, 607579, 2012, 633069, 2013, 664722, 2014, 677266, 2015, 678115, 2016, 588126, 2017, 579631, 2018, 608994, 2019, 612973, 2020, 552359, 2021, 530057, 2022, 744762, 2023, 832347, 2024, 856292, 2025, 9.05962e+06, 2026, 1.21982e+06, 2027, 1.15709e+06, 2028, 1.14799e+06, 2029, 1.14108e+06, 2030, 1.15003e+06, 2031, 1.17353e+06, 2032, 1.10658e+06, 2033, 1.10419e+06, 2034, 1.26428e+06, 2035, 1.77686e+06, 2036, 1.70332e+06, 2037, 1.74648e+06, 2038, 1.89978e+06, 2039, 1.92685e+06, 2040, 2.03331e+06, 2041, 2.08645e+06, 2042, 2.08016e+06, 2043, 1.86255e+06, 2044, 1.82906e+06, 2045, 1.78078e+06, 2046, 1.75443e+06, 2047, 1.5995e+06, 2048, 1.5975e+06, 2049, 1.63187e+06, 2050, 1.6763e+06, 2051, 1.75753e+06, 2052, 1.83305e+06, 2053, 1.88278e+06, 2054, 1.9298e+06, 2055, 1.96605e+06, 2056, 1.9832e+06, 2057, 1.97577e+06, 2058, 1.96045e+06, 2059, 1.93924e+06, 2060, 1.91273e+06)",,,sales_magnitude.csv (Transport pipeline 2026-05-19),absolute sales count (all fuels combined),sales_magnitude.csv,Medium,Current Accounts
Malaysia,Key\TransportDataStock\Vehicle_Sales\Truck,Activity Level,"Interp(2006, 19374, 2007, 20660, 2008, 22009, 2009, 23424, 2010, 24908, 2011, 26465, 2012, 28096, 2013, 29806, 2014, 31597, 2015, 33473, 2016, 35438, 2017, 37494, 2018, 39649, 2019, 41903, 2020, 44261, 2021, 46730, 2022, 49312, 2023, 52012, 2024, 54838, 2025, 1.04451e+06, 2026, 82418.6, 2027, 84988.6, 2028, 98352.9, 2029, 113819, 2030, 113819, 2031, 113819, 2032, 113819, 2033, 113819, 2034, 113819, 2035, 113819, 2036, 130410, 2037, 181078, 2038, 205910, 2039, 210668, 2040, 225385, 2041, 239751, 2042, 235559, 2043, 210975, 2044, 213690, 2045, 199792, 2046, 203506, 2047, 186259, 2048, 187273, 2049, 192354, 2050, 191941, 2051, 209133, 2052, 220568, 2053, 230643, 2054, 240802, 2055, 248164, 2056, 254082, 2057, 257927, 2058, 260107, 2059, 259782, 2060, 258799)",,,sales_magnitude.csv (Transport pipeline 2026-05-19),absolute sales count (all fuels combined),sales_magnitude.csv,Medium,Current Accounts
Malaysia,Key\TransportDataStock\Vehicles_Sales_Share\Bus\Blended Diesel,Activity Level,Remainder(100),,Blended Diesel,sales_mix.csv (Transport pipeline 2026-05-19),"PATCHED 2026-05-20: Remainder(100) replaces Interp() per CA-2024 vs fwd-2025 continuity check (see _ca_2024_vs_fwd_2025_mismatches_20260520.csv) | sales share_percent, scenario=AMS Target Scenario",sales_mix.csv,Medium,AMS Target Scenario
Malaysia,Key\TransportDataStock\Vehicles_Sales_Share\Bus\Blended Diesel,Activity Level,Remainder(100),,Blended Diesel,sales_mix.csv (Transport pipeline 2026-05-19),"PATCHED 2026-05-20: Remainder(100) replaces Interp() per CA-2024 vs fwd-2025 continuity check (see _ca_2024_vs_fwd_2025_mismatches_20260520.csv) | sales share_percent, scenario=Baseline Simulation",sales_mix.csv,Medium,Baseline Simulation
Malaysia,Key\TransportDataStock\Vehicles_Sales_Share\Bus\Blended Diesel,Activity Level,"Interp(2006, 95.013, 2007, 95.1512, 2008, 95.0908, 2009, 95.227, 2010, 95.1756, 2011, 95.3095, 2012, 95.2661, 2013, 95.3976, 2014, 95.3616, 2015, 95.3314, 2016, 95.4612, 2017, 95.5875, 2018, 88.901, 2019, 86.9009, 2020, 84.7789, 2021, 82.4815, 2022, 80.0723, 2023, 77.5226, 2024, 75.0503)",,Blended Diesel,sales_mix.csv (Transport pipeline 2026-05-19),"sales share_percent, scenario=Current Accounts",sales_mix.csv,Medium,Current Accounts
Malaysia,Key\TransportDataStock\Vehicles_Sales_Share\Bus\Blended Diesel,Activity Level,Remainder(100),,Blended Diesel,sales_mix.csv (Transport pipeline 2026-05-19),"PATCHED 2026-05-20: Remainder(100) replaces Interp() per CA-2024 vs fwd-2025 continuity check (see _ca_2024_vs_fwd_2025_mismatches_20260520.csv) | sales share_percent, scenario=Regional Aspiration Scenario",sales_mix.csv,Medium,Regional Aspiration Scenario
Malaysia,Key\TransportDataStock\Vehicles_Sales_Share\Bus\Electricity,Activity Level,"Interp(2025, 21.7304, 2026, 21.8838, 2027, 22.048, 2028, 22.2233, 2029, 22.4097, 2030, 22.6074, 2031, 22.8164, 2032, 23.0365, 2033, 23.2675, 2034, 23.5089, 2035, 23.7602, 2036, 24.0206, 2037, 24.2893, 2038, 24.5654, 2039, 24.8476, 2040, 25.1347, 2041, 25.4255, 2042, 25.7184, 2043, 26.012, 2044, 26.3049, 2045, 26.5957, 2046, 26.8828, 2047, 27.165, 2048, 27.441, 2049, 27.7098, 2050, 27.9702, 2051, 28.2215, 2052, 28.4629, 2053, 28.6939, 2054, 28.914, 2055, 29.123, 2056, 29.3207, 2057, 29.5071, 2058, 29.6823, 2059, 29.8465, 2060, 30)",,Electricity,sales_mix.csv (Transport pipeline 2026-05-19),"sales share_percent, scenario=AMS Target Scenario",sales_mix.csv,Medium,AMS Target Scenario
Malaysia,Key\TransportDataStock\Vehicles_Sales_Share\Bus\Electricity,Activity Level,"Interp(2025, 21.7304, 2026, 21.8838, 2027, 22.048, 2028, 22.2233, 2029, 22.4097, 2030, 22.6074, 2031, 22.8164, 2032, 23.0365, 2033, 23.2675, 2034, 23.5089, 2035, 23.7602, 2036, 24.0206, 2037, 24.2893, 2038, 24.5654, 2039, 24.8476, 2040, 25.1347, 2041, 25.4255, 2042, 25.7184, 2043, 26.012, 2044, 26.3049, 2045, 26.5957, 2046, 26.8828, 2047, 27.165, 2048, 27.441, 2049, 27.7098, 2050, 27.9702, 2051, 28.2215, 2052, 28.4629, 2053, 28.6939, 2054, 28.914, 2055, 29.123, 2056, 29.3207, 2057, 29.5071, 2058, 29.6823, 2059, 29.8465, 2060, 30)",,Electricity,sales_mix.csv (Transport pipeline 2026-05-19),"sales share_percent, scenario=Baseline Simulation",sales_mix.csv,Medium,Baseline Simulation
Malaysia,Key\TransportDataStock\Vehicles_Sales_Share\Bus\Electricity,Activity Level,"Interp(2006, 0, 2007, 0, 2008, 0, 2009, 0, 2010, 0, 2011, 0, 2012, 0, 2013, 0, 2014, 0, 2015, 0, 2016, 0, 2017, 0, 2018, 6.97248, 2019, 9.04787, 2020, 11.3838, 2021, 13.894, 2022, 16.3976, 2023, 19.0523, 2024, 21.7304)",,Electricity,sales_mix.csv (Transport pipeline 2026-05-19),"sales share_percent, scenario=Current Accounts",sales_mix.csv,Medium,Current Accounts
Malaysia,Key\TransportDataStock\Vehicles_Sales_Share\Bus\Electricity,Activity Level,"Interp(2025, 21.7304, 2026, 22.1526, 2027, 22.6492, 2028, 23.2314, 2029, 23.9115, 2030, 24.7021, 2031, 25.6167, 2032, 26.6681, 2033, 27.8687, 2034, 29.2286, 2035, 30.7555, 2036, 32.4525, 2037, 34.3179, 2038, 36.3432, 2039, 38.5132, 2040, 40.8054, 2041, 43.1905, 2042, 45.6337, 2043, 48.0967, 2044, 50.5399, 2045, 52.925, 2046, 55.2172, 2047, 57.3872, 2048, 59.4125, 2049, 61.2779, 2050, 62.9749, 2051, 64.5017, 2052, 65.8617, 2053, 67.0622, 2054, 68.1137, 2055, 69.0282, 2056, 69.8189, 2057, 70.4989, 2058, 71.0812, 2059, 71.5778, 2060, 72)",,Electricity,sales_mix.csv (Transport pipeline 2026-05-19),"sales share_percent, scenario=Regional Aspiration Scenario",sales_mix.csv,Medium,Regional Aspiration Scenario
Malaysia,Key\TransportDataStock\Vehicles_Sales_Share\Bus\Gasoline,Activity Level,"Interp(2006, 0.86731, 2007, 0.843273, 2008, 1.02274, 2009, 0.994374, 2010, 0.96489, 2011, 0.938104, 2012, 1.09244, 2013, 1.06209, 2014, 1.03076, 2015, 1.16716, 2016, 1.13471, 2017, 1.10312, 2018, 0.996068, 2019, 1.08034, 2020, 1.02326, 2021, 0.966539, 2022, 0.910979, 2023, 0.963317, 2024, 0.905433)",,Gasoline,sales_mix.csv (Transport pipeline 2026-05-19),"sales share_percent, scenario=Current Accounts",sales_mix.csv,Medium,Current Accounts
Malaysia,Key\TransportDataStock\Vehicles_Sales_Share\Bus\Hydrogen,Activity Level,"Interp(2026, 0.0199462, 2027, 0.0439623, 2028, 0.0727914, 2029, 0.107272, 2030, 0.148334, 2031, 0.19698, 2032, 0.25426, 2033, 0.32122, 2034, 0.398841, 2035, 0.487945, 2036, 0.589094, 2037, 0.702465, 2038, 0.827741, 2039, 0.964015, 2040, 1.10974, 2041, 1.26276, 2042, 1.4204, 2043, 1.5796, 2044, 1.73724, 2045, 1.89026, 2046, 2.03599, 2047, 2.17226, 2048, 2.29754, 2049, 2.41091, 2050, 2.51205, 2051, 2.60116, 2052, 2.67878, 2053, 2.74574, 2054, 2.80302, 2055, 2.85167, 2056, 2.89273, 2057, 2.92721, 2058, 2.95604, 2059, 2.98005, 2060, 3)",,Hydrogen,sales_mix.csv (Transport pipeline 2026-05-19),"sales share_percent, scenario=Regional Aspiration Scenario",sales_mix.csv,Medium,Regional Aspiration Scenario
Malaysia,Key\TransportDataStock\Vehicles_Sales_Share\Bus\Natural Gas,Activity Level,"Interp(2006, 4.11972, 2007, 4.00555, 2008, 3.88641, 2009, 3.77862, 2010, 3.85956, 2011, 3.75242, 2012, 3.64147, 2013, 3.54028, 2014, 3.60766, 2015, 3.50148, 2016, 3.40412, 2017, 3.30935, 2018, 3.1305, 2019, 2.97094, 2020, 2.81398, 2021, 2.65798, 2022, 2.61906, 2023, 2.46181, 2024, 2.31388)",,Natural Gas,sales_mix.csv (Transport pipeline 2026-05-19),"sales share_percent, scenario=Current Accounts",sales_mix.csv,Medium,Current Accounts
Malaysia,Key\TransportDataStock\Vehicles_Sales_Share\Motorcycle\Electricity,Activity Level,"Interp(2025, 4, 2026, 5.02899, 2027, 6.10386, 2028, 7.21494, 2029, 8.35107, 2030, 9.5, 2031, 10.6489, 2032, 11.7851, 2033, 12.8961, 2034, 13.971, 2035, 15.2907, 2036, 16.7394, 2037, 18.2343, 2038, 19.7698, 2039, 21.3396, 2040, 22.9368, 2041, 24.554, 2042, 26.1833, 2043, 27.8167, 2044, 29.446, 2045, 31.0632, 2046, 32.6604, 2047, 34.2302, 2048, 35.7657, 2049, 37.2606, 2050, 38.7093, 2051, 40.107, 2052, 41.4498, 2053, 42.7346, 2054, 43.959, 2055, 45.1215, 2056, 46.2213, 2057, 47.2583, 2058, 48.233, 2059, 49.1464, 2060, 50)",,Electricity,sales_mix.csv (Transport pipeline 2026-05-19),"sales share_percent, scenario=AMS Target Scenario",sales_mix.csv,Medium,AMS Target Scenario
Malaysia,Key\TransportDataStock\Vehicles_Sales_Share\Motorcycle\Electricity,Activity Level,"Interp(2025, 4, 2026, 4.85358, 2027, 5.76699, 2028, 6.7417, 2029, 7.77873, 2030, 8.87855, 2031, 10.041, 2032, 11.2654, 2033, 12.5502, 2034, 13.893, 2035, 15.2907, 2036, 16.7394, 2037, 18.2343, 2038, 19.7698, 2039, 21.3396, 2040, 22.9368, 2041, 24.554, 2042, 26.1833, 2043, 27.8167, 2044, 29.446, 2045, 31.0632, 2046, 32.6604, 2047, 34.2302, 2048, 35.7657, 2049, 37.2606, 2050, 38.7093, 2051, 40.107, 2052, 41.4498, 2053, 42.7346, 2054, 43.959, 2055, 45.1215, 2056, 46.2213, 2057, 47.2583, 2058, 48.233, 2059, 49.1464, 2060, 50)",,Electricity,sales_mix.csv (Transport pipeline 2026-05-19),"sales share_percent, scenario=Baseline Simulation",sales_mix.csv,Medium,Baseline Simulation
Malaysia,Key\TransportDataStock\Vehicles_Sales_Share\Motorcycle\Electricity,Activity Level,"Interp(2018, 0.999911, 2019, 1.49996, 2020, 2.00009, 2021, 2.50009, 2022, 2.99993, 2023, 3.50007, 2024, 4)",,Electricity,sales_mix.csv (Transport pipeline 2026-05-19),"sales share_percent, scenario=Current Accounts",sales_mix.csv,Medium,Current Accounts
Malaysia,Key\TransportDataStock\Vehicles_Sales_Share\Motorcycle\Electricity,Activity Level,"Interp(2025, 4, 2026, 13.7544, 2027, 25.2844, 2028, 38.2413, 2029, 52, 2030, 65.7587, 2031, 78.7156, 2032, 90.2456, 2033, 100, 2034, 100, 2035, 100, 2036, 100, 2037, 100, 2038, 100, 2039, 100, 2040, 100, 2041, 100, 2042, 100, 2043, 100, 2044, 100, 2045, 100, 2046, 100, 2047, 100, 2048, 100, 2049, 100, 2050, 100, 2051, 100, 2052, 100, 2053, 100, 2054, 100, 2055, 100, 2056, 100, 2057, 100, 2058, 100, 2059, 100, 2060, 100)",,Electricity,sales_mix.csv (Transport pipeline 2026-05-19),"sales share_percent, scenario=Regional Aspiration Scenario",sales_mix.csv,Medium,Regional Aspiration Scenario
Malaysia,Key\TransportDataStock\Vehicles_Sales_Share\Motorcycle\Gasoline,Activity Level,"Interp(2025, 96, 2026, 94.971, 2027, 93.8961, 2028, 92.7851, 2029, 91.6489, 2030, 90.5, 2031, 89.3511, 2032, 88.2149, 2033, 87.1039, 2034, 86.029, 2035, 84.7093, 2036, 83.2606, 2037, 81.7657, 2038, 80.2302, 2039, 78.6604, 2040, 77.0632, 2041, 75.446, 2042, 73.8167, 2043, 72.1833, 2044, 70.554, 2045, 68.9368, 2046, 67.3396, 2047, 65.7698, 2048, 64.2343, 2049, 62.7394, 2050, 61.2907, 2051, 59.893, 2052, 58.5502, 2053, 57.2654, 2054, 56.041, 2055, 54.8785, 2056, 53.7787, 2057, 52.7417, 2058, 51.767, 2059, 50.8536, 2060, 50)",,Gasoline,sales_mix.csv (Transport pipeline 2026-05-19),"sales share_percent, scenario=AMS Target Scenario",sales_mix.csv,Medium,AMS Target Scenario
Malaysia,Key\TransportDataStock\Vehicles_Sales_Share\Motorcycle\Gasoline,Activity Level,"Interp(2025, 96, 2026, 95.1464, 2027, 94.233, 2028, 93.2583, 2029, 92.2213, 2030, 91.1215, 2031, 89.959, 2032, 88.7346, 2033, 87.4498, 2034, 86.107, 2035, 84.7093, 2036, 83.2606, 2037, 81.7657, 2038, 80.2302, 2039, 78.6604, 2040, 77.0632, 2041, 75.446, 2042, 73.8167, 2043, 72.1833, 2044, 70.554, 2045, 68.9368, 2046, 67.3396, 2047, 65.7698, 2048, 64.2343, 2049, 62.7394, 2050, 61.2907, 2051, 59.893, 2052, 58.5502, 2053, 57.2654, 2054, 56.041, 2055, 54.8785, 2056, 53.7787, 2057, 52.7417, 2058, 51.767, 2059, 50.8536, 2060, 50)",,Gasoline,sales_mix.csv (Transport pipeline 2026-05-19),"sales share_percent, scenario=Baseline Simulation",sales_mix.csv,Medium,Baseline Simulation
Malaysia,Key\TransportDataStock\Vehicles_Sales_Share\Motorcycle\Gasoline,Activity Level,"Interp(2018, 99.0001, 2019, 98.5, 2020, 97.9999, 2021, 97.4999, 2022, 97.0001, 2023, 96.4999, 2024, 96)",,Gasoline,sales_mix.csv (Transport pipeline 2026-05-19),"sales share_percent, scenario=Current Accounts",sales_mix.csv,Medium,Current Accounts
Malaysia,Key\TransportDataStock\Vehicles_Sales_Share\Motorcycle\Gasoline,Activity Level,"Interp(2025, 96, 2026, 86.2456, 2027, 74.7156, 2028, 61.7587, 2029, 48, 2030, 34.2413, 2031, 21.2844, 2032, 9.75443)",,Gasoline,sales_mix.csv (Transport pipeline 2026-05-19),"sales share_percent, scenario=Regional Aspiration Scenario",sales_mix.csv,Medium,Regional Aspiration Scenario
Malaysia,Key\TransportDataStock\Vehicles_Sales_Share\PassengerCar\Blended Diesel,Activity Level,"Interp(2025, 6.47209, 2026, 4.51856, 2027, 2.50618, 2028, 0.473661)",,Blended Diesel,sales_mix.csv (Transport pipeline 2026-05-19),"sales share_percent, scenario=AMS Target Scenario",sales_mix.csv,Medium,AMS Target Scenario
Malaysia,Key\TransportDataStock\Vehicles_Sales_Share\PassengerCar\Blended Diesel,Activity Level,"Interp(2025, 6.47209, 2026, 6.29109, 2027, 6.09739, 2028, 5.8907, 2029, 5.6708, 2030, 5.43757, 2031, 5.19106, 2032, 4.93142, 2033, 4.65899, 2034, 4.37424, 2035, 4.07784, 2036, 3.77064, 2037, 3.45365, 2038, 3.12804, 2039, 2.79516, 2040, 2.45646, 2041, 2.11353, 2042, 1.76803, 2043, 1.42166, 2044, 1.07615, 2045, 0.73322, 2046, 0.394523, 2047, 0.0616385)",,Blended Diesel,sales_mix.csv (Transport pipeline 2026-05-19),"sales share_percent, scenario=Baseline Simulation",sales_mix.csv,Medium,Baseline Simulation
Malaysia,Key\TransportDataStock\Vehicles_Sales_Share\PassengerCar\Blended Diesel,Activity Level,"Interp(2000, 4.23054, 2001, 4.27328, 2002, 4.22903, 2003, 4.85261, 2004, 5.59113, 2005, 5.4152, 2006, 6.03978, 2007, 5.93982, 2008, 5.84613, 2009, 6.41501, 2010, 7.75166, 2011, 8.76758, 2012, 9.73006, 2013, 9.61906, 2014, 9.3278, 2015, 9.37083, 2016, 8.59204, 2017, 8.20695, 2018, 8.67923, 2019, 7.03359, 2020, 6.82328, 2021, 8.20799, 2022, 8.58368, 2023, 7.95353, 2024, 6.47209)",,Blended Diesel,sales_mix.csv (Transport pipeline 2026-05-19),"sales share_percent, scenario=Current Accounts",sales_mix.csv,Medium,Current Accounts
Malaysia,Key\TransportDataStock\Vehicles_Sales_Share\PassengerCar\Blended Diesel,Activity Level,"Interp(2025, 6.47209, 2026, 0.959704)",,Blended Diesel,sales_mix.csv (Transport pipeline 2026-05-19),"sales share_percent, scenario=Regional Aspiration Scenario",sales_mix.csv,Medium,Regional Aspiration Scenario
Malaysia,Key\TransportDataStock\Vehicles_Sales_Share\PassengerCar\Electricity,Activity Level,"Interp(2025, 2.54458, 2026, 4.98649, 2027, 7.50196, 2028, 10.0426, 2029, 12.5581, 2030, 15, 2031, 17.3255, 2032, 19.5002, 2033, 21.4994, 2034, 23.3085, 2035, 24.9226, 2036, 26.3446, 2037, 27.5833, 2038, 28.6518, 2039, 29.5659, 2040, 30.3422, 2041, 30.9974, 2042, 31.5477, 2043, 32.0077, 2044, 32.391, 2045, 32.7093, 2046, 32.973, 2047, 33.191, 2048, 33.3709, 2049, 33.5192, 2050, 33.6412, 2051, 33.7416, 2052, 33.8241, 2053, 33.8918, 2054, 33.9474, 2055, 33.993, 2056, 34.0304, 2057, 34.061, 2058, 34.0862, 2059, 34.1067, 2060, 34.1236)",,Electricity,sales_mix.csv (Transport pipeline 2026-05-19),"sales share_percent, scenario=AMS Target Scenario",sales_mix.csv,Medium,AMS Target Scenario
Malaysia,Key\TransportDataStock\Vehicles_Sales_Share\PassengerCar\Electricity,Activity Level,"Interp(2025, 2.54458, 2026, 2.77083, 2027, 3.01295, 2028, 3.27131, 2029, 3.54619, 2030, 3.83772, 2031, 4.14586, 2032, 4.47041, 2033, 4.81096, 2034, 5.16689, 2035, 5.53739, 2036, 5.92139, 2037, 6.31763, 2038, 6.72463, 2039, 7.14074, 2040, 7.56411, 2041, 7.99277, 2042, 8.42466, 2043, 8.85762, 2044, 9.2895, 2045, 9.71817, 2046, 10.1415, 2047, 10.5576, 2048, 10.9646, 2049, 11.3609, 2050, 11.7449, 2051, 12.1154, 2052, 12.4713, 2053, 12.8119, 2054, 13.1364, 2055, 13.4446, 2056, 13.7361, 2057, 14.011, 2058, 14.2693, 2059, 14.5114, 2060, 14.7377)",,Electricity,sales_mix.csv (Transport pipeline 2026-05-19),"sales share_percent, scenario=Baseline Simulation",sales_mix.csv,Medium,Baseline Simulation
Malaysia,Key\TransportDataStock\Vehicles_Sales_Share\PassengerCar\Electricity,Activity Level,"Interp(2009, 0, 2011, 0, 2012, 0, 2013, 0, 2014, 0, 2015, 0.00811072, 2016, 0.0069713, 2017, 0.00431309, 2018, 0.00164205, 2019, 0.00717813, 2020, 0.012854, 2021, 0.0484854, 2022, 0.420134, 2023, 1.59801, 2024, 2.54458)",,Electricity,sales_mix.csv (Transport pipeline 2026-05-19),"sales share_percent, scenario=Current Accounts",sales_mix.csv,Medium,Current Accounts
Malaysia,Key\TransportDataStock\Vehicles_Sales_Share\PassengerCar\Electricity,Activity Level,"Interp(2025, 2.54458, 2026, 9.43506, 2027, 17.9371, 2028, 27.9868, 2029, 39.2801, 2030, 51.2723, 2031, 63.2645, 2032, 74.5578, 2033, 84.6075, 2034, 93.1095, 2035, 100, 2036, 100, 2037, 100, 2038, 100, 2039, 100, 2040, 100, 2041, 100, 2042, 100, 2043, 100, 2044, 100, 2045, 100, 2046, 100, 2047, 100, 2048, 100, 2049, 100, 2050, 100, 2051, 100, 2052, 100, 2053, 100, 2054, 100, 2055, 100, 2056, 100, 2057, 100, 2058, 100, 2059, 100, 2060, 100)",,Electricity,sales_mix.csv (Transport pipeline 2026-05-19),"sales share_percent, scenario=Regional Aspiration Scenario",sales_mix.csv,Medium,Regional Aspiration Scenario
Malaysia,Key\TransportDataStock\Vehicles_Sales_Share\PassengerCar\Gasoline,Activity Level,"Interp(2025, 90.9833, 2026, 90.495, 2027, 89.9919, 2028, 89.4837, 2029, 87.4419, 2030, 85, 2031, 82.6745, 2032, 80.4998, 2033, 78.5006, 2034, 76.6915, 2035, 75.0774, 2036, 73.6554, 2037, 72.4167, 2038, 71.3482, 2039, 70.4341, 2040, 69.6578, 2041, 69.0026, 2042, 68.4523, 2043, 67.9923, 2044, 67.609, 2045, 67.2907, 2046, 67.027, 2047, 66.809, 2048, 66.6291, 2049, 66.4808, 2050, 66.3588, 2051, 66.2584, 2052, 66.1759, 2053, 66.1082, 2054, 66.0526, 2055, 66.007, 2056, 65.9696, 2057, 65.939, 2058, 65.9138, 2059, 65.8933, 2060, 65.8764)",,Gasoline,sales_mix.csv (Transport pipeline 2026-05-19),"sales share_percent, scenario=AMS Target Scenario",sales_mix.csv,Medium,AMS Target Scenario
Malaysia,Key\TransportDataStock\Vehicles_Sales_Share\PassengerCar\Gasoline,Activity Level,"Interp(2025, 90.9833, 2026, 90.9381, 2027, 90.8897, 2028, 90.838, 2029, 90.783, 2030, 90.7247, 2031, 90.6631, 2032, 90.5982, 2033, 90.5301, 2034, 90.4589, 2035, 90.3848, 2036, 90.308, 2037, 90.2287, 2038, 90.1473, 2039, 90.0641, 2040, 89.9794, 2041, 89.8937, 2042, 89.8073, 2043, 89.7207, 2044, 89.6343, 2045, 89.5486, 2046, 89.4639, 2047, 89.3807, 2048, 89.0354, 2049, 88.6391, 2050, 88.2551, 2051, 87.8846, 2052, 87.5287, 2053, 87.1881, 2054, 86.8636, 2055, 86.5554, 2056, 86.2639, 2057, 85.989, 2058, 85.7307, 2059, 85.4886, 2060, 85.2623)",,Gasoline,sales_mix.csv (Transport pipeline 2026-05-19),"sales share_percent, scenario=Baseline Simulation",sales_mix.csv,Medium,Baseline Simulation
Malaysia,Key\TransportDataStock\Vehicles_Sales_Share\PassengerCar\Gasoline,Activity Level,"Interp(2000, 95.7695, 2001, 95.7267, 2002, 95.771, 2003, 95.1474, 2004, 94.4089, 2005, 94.5848, 2006, 93.9602, 2007, 94.0602, 2008, 94.1539, 2009, 93.585, 2010, 92.2483, 2011, 91.2324, 2012, 90.2699, 2013, 90.3809, 2014, 90.6722, 2015, 90.6211, 2016, 91.401, 2017, 91.7887, 2018, 91.3191, 2019, 92.9589, 2020, 93.1637, 2021, 91.7435, 2022, 90.9962, 2023, 90.4485, 2024, 90.9833)",,Gasoline,sales_mix.csv (Transport pipeline 2026-05-19),"sales share_percent, scenario=Current Accounts",sales_mix.csv,Medium,Current Accounts
Malaysia,Key\TransportDataStock\Vehicles_Sales_Share\PassengerCar\Gasoline,Activity Level,"Interp(2025, 90.9833, 2026, 89.6052, 2027, 82.0629, 2028, 72.0132, 2029, 60.7199, 2030, 48.7277, 2031, 36.7355, 2032, 25.4422, 2033, 15.3925, 2034, 6.89048)",,Gasoline,sales_mix.csv (Transport pipeline 2026-05-19),"sales share_percent, scenario=Regional Aspiration Scenario",sales_mix.csv,Medium,Regional Aspiration Scenario
Malaysia,Key\TransportDataStock\Vehicles_Sales_Share\PassengerCar\Hydrogen,Activity Level,"Interp(2019, 0.000326279, 2020, 0.000181042)",,Hydrogen,sales_mix.csv (Transport pipeline 2026-05-19),"sales share_percent, scenario=Current Accounts",sales_mix.csv,Medium,Current Accounts
Malaysia,Key\TransportDataStock\Vehicles_Sales_Share\Truck\Blended Diesel,Activity Level,Remainder(100),,Blended Diesel,sales_mix.csv (Transport pipeline 2026-05-19),"PATCHED 2026-05-20: Remainder(100) replaces Interp() per CA-2024 vs fwd-2025 continuity check (see _ca_2024_vs_fwd_2025_mismatches_20260520.csv) | sales share_percent, scenario=AMS Target Scenario",sales_mix.csv,Medium,AMS Target Scenario
Malaysia,Key\TransportDataStock\Vehicles_Sales_Share\Truck\Blended Diesel,Activity Level,Remainder(100),,Blended Diesel,sales_mix.csv (Transport pipeline 2026-05-19),"PATCHED 2026-05-20: Remainder(100) replaces Interp() per CA-2024 vs fwd-2025 continuity check (see _ca_2024_vs_fwd_2025_mismatches_20260520.csv) | sales share_percent, scenario=Baseline Simulation",sales_mix.csv,Medium,Baseline Simulation
Malaysia,Key\TransportDataStock\Vehicles_Sales_Share\Truck\Blended Diesel,Activity Level,"Interp(2006, 81.9036, 2007, 81.9506, 2008, 81.9937, 2009, 82.0355, 2010, 82.074, 2011, 82.1084, 2012, 82.1434, 2013, 82.1714, 2014, 82.204, 2015, 82.2305, 2016, 82.2592, 2017, 82.2852, 2018, 82.3072, 2019, 82.3306, 2020, 82.3547, 2021, 82.3753, 2022, 82.3958, 2023, 82.4156, 2024, 82.4319)",,Blended Diesel,sales_mix.csv (Transport pipeline 2026-05-19),"sales share_percent, scenario=Current Accounts",sales_mix.csv,Medium,Current Accounts
Malaysia,Key\TransportDataStock\Vehicles_Sales_Share\Truck\Blended Diesel,Activity Level,Remainder(100),,Blended Diesel,sales_mix.csv (Transport pipeline 2026-05-19),"PATCHED 2026-05-20: Remainder(100) replaces Interp() per CA-2024 vs fwd-2025 continuity check (see _ca_2024_vs_fwd_2025_mismatches_20260520.csv) | sales share_percent, scenario=Regional Aspiration Scenario",sales_mix.csv,Medium,Regional Aspiration Scenario
Malaysia,Key\TransportDataStock\Vehicles_Sales_Share\Truck\Electricity,Activity Level,"Interp(2026, 0.265949, 2027, 0.586165, 2028, 0.970551, 2029, 1.4303, 2030, 1.97778, 2031, 2.6264, 2032, 3.39013, 2033, 4.28293, 2034, 5.31788, 2035, 6.50594, 2036, 7.85458, 2037, 9.36619, 2038, 11.0365, 2039, 12.8535, 2040, 14.7966, 2041, 16.8369, 2042, 18.9386, 2043, 21.0614, 2044, 23.1631, 2045, 25.2034, 2046, 27.1465, 2047, 28.9635, 2048, 30.6338, 2049, 32.1454, 2050, 33.4941, 2051, 34.6821, 2052, 35.7171, 2053, 36.6099, 2054, 37.3736, 2055, 38.0222, 2056, 38.5697, 2057, 39.0294, 2058, 39.4138, 2059, 39.7341, 2060, 40)",,Electricity,sales_mix.csv (Transport pipeline 2026-05-19),"sales share_percent, scenario=Regional Aspiration Scenario",sales_mix.csv,Medium,Regional Aspiration Scenario
Malaysia,Key\TransportDataStock\Vehicles_Sales_Share\Truck\Gasoline,Activity Level,"Interp(2006, 17.7145, 2007, 17.667, 2008, 17.6201, 2009, 17.576, 2010, 17.5365, 2011, 17.4986, 2012, 17.4616, 2013, 17.4294, 2014, 17.3972, 2015, 17.3662, 2016, 17.3373, 2017, 17.3094, 2018, 17.2842, 2019, 17.2589, 2020, 17.2341, 2021, 17.2116, 2022, 17.1905, 2023, 17.1691, 2024, 17.1505)",,Gasoline,sales_mix.csv (Transport pipeline 2026-05-19),"sales share_percent, scenario=Current Accounts",sales_mix.csv,Medium,Current Accounts
Malaysia,Key\TransportDataStock\Vehicles_Sales_Share\Truck\Hydrogen,Activity Level,"Interp(2006, 0, 2007, 0, 2008, 0, 2009, 0, 2010, 0, 2011, 0, 2012, 0, 2013, 0, 2014, 0, 2015, 0, 2016, 0, 2017, 0, 2018, 0, 2019, 0, 2020, 0, 2021, 0, 2022, 0, 2023, 0, 2024, 0)",,Hydrogen,sales_mix.csv (Transport pipeline 2026-05-19),"sales share_percent, scenario=Current Accounts",sales_mix.csv,Medium,Current Accounts
Malaysia,Key\TransportDataStock\Vehicles_Sales_Share\Truck\Hydrogen,Activity Level,"Interp(2026, 0.0531899, 2027, 0.117233, 2028, 0.19411, 2029, 0.286059, 2030, 0.395557, 2031, 0.52528, 2032, 0.678026, 2033, 0.856587, 2034, 1.06358, 2035, 1.30119, 2036, 1.57092, 2037, 1.87324, 2038, 2.20731, 2039, 2.57071, 2040, 2.95932, 2041, 3.36737, 2042, 3.78772, 2043, 4.21228, 2044, 4.63263, 2045, 5.04068, 2046, 5.42929, 2047, 5.79269, 2048, 6.12676, 2049, 6.42908, 2050, 6.69881, 2051, 6.93642, 2052, 7.14341, 2053, 7.32197, 2054, 7.47472, 2055, 7.60444, 2056, 7.71394, 2057, 7.80589, 2058, 7.88277, 2059, 7.94681, 2060, 8)",,Hydrogen,sales_mix.csv (Transport pipeline 2026-05-19),"sales share_percent, scenario=Regional Aspiration Scenario",sales_mix.csv,Medium,Regional Aspiration Scenario
Malaysia,Key\TransportDataStock\Vehicles_Sales_Share\Truck\Natural Gas,Activity Level,"Interp(2006, 0.381955, 2007, 0.382381, 2008, 0.386206, 2009, 0.38849, 2010, 0.389433, 2011, 0.392972, 2012, 0.395074, 2013, 0.399248, 2014, 0.398772, 2015, 0.40331, 2016, 0.403522, 2017, 0.405398, 2018, 0.408585, 2019, 0.410472, 2020, 0.411197, 2021, 0.413011, 2022, 0.413692, 2023, 0.415289, 2024, 0.417594)",,Natural Gas,sales_mix.csv (Transport pipeline 2026-05-19),"sales share_percent, scenario=Current Accounts",sales_mix.csv,Medium,Current Accounts
Malaysia,Demand\Transport\Road\Bus\Blended Diesel\Blended Diesel,Mileage,"Interp(2025, 18644, 2030, 18644, 2035, 18644, 2040, 18644, 2045, 18644, 2050, 18644, 2055, 18644, 2060, 18644)",Kilometer,Blended Diesel,"hdv-socioecon-fit (n_train=8 = 2 ASEAN + 6 peers; R2=0.15, LOO_RMSE_log=0.552)",mileage vehicle-wide; confidence=hdv_socioecon_predicted,mileage_anchors.csv,Medium,Current Accounts
Malaysia,Demand\Transport\Road\Bus\Electricity\Electricity,Mileage,"Interp(2025, 18644, 2030, 18644, 2035, 18644, 2040, 18644, 2045, 18644, 2050, 18644, 2055, 18644, 2060, 18644)",Kilometer,Electricity,"hdv-socioecon-fit (n_train=8 = 2 ASEAN + 6 peers; R2=0.15, LOO_RMSE_log=0.552)",mileage vehicle-wide; confidence=hdv_socioecon_predicted,mileage_anchors.csv,Medium,Current Accounts
Malaysia,Demand\Transport\Road\Bus\Gasoline\Gasoline,Mileage,"Interp(2025, 18644, 2030, 18644, 2035, 18644, 2040, 18644, 2045, 18644, 2050, 18644, 2055, 18644, 2060, 18644)",Kilometer,Gasoline,"hdv-socioecon-fit (n_train=8 = 2 ASEAN + 6 peers; R2=0.15, LOO_RMSE_log=0.552)",mileage vehicle-wide; confidence=hdv_socioecon_predicted,mileage_anchors.csv,Medium,Current Accounts
Malaysia,Demand\Transport\Road\Bus\Hydrogen\Hydrogen,Mileage,"Interp(2025, 18644, 2030, 18644, 2035, 18644, 2040, 18644, 2045, 18644, 2050, 18644, 2055, 18644, 2060, 18644)",Kilometer,Hydrogen,"hdv-socioecon-fit (n_train=8 = 2 ASEAN + 6 peers; R2=0.15, LOO_RMSE_log=0.552)",mileage vehicle-wide; confidence=hdv_socioecon_predicted,mileage_anchors.csv,Medium,Current Accounts
Malaysia,Demand\Transport\Road\Bus\Natural Gas\Natural Gas,Mileage,"Interp(2025, 18644, 2030, 18644, 2035, 18644, 2040, 18644, 2045, 18644, 2050, 18644, 2055, 18644, 2060, 18644)",Kilometer,Natural Gas,"hdv-socioecon-fit (n_train=8 = 2 ASEAN + 6 peers; R2=0.15, LOO_RMSE_log=0.552)",mileage vehicle-wide; confidence=hdv_socioecon_predicted,mileage_anchors.csv,Medium,Current Accounts
Malaysia,Demand\Transport\Road\Motorcyle\Electricity\Electricity,Mileage,"Interp(2025, 16081, 2030, 16081, 2035, 16081, 2040, 16081, 2045, 16081, 2050, 16081, 2055, 16081, 2060, 16081)",Kilometer,Electricity,MIROS Nurulhuda et al. 2020 Vehicle Kilometer Travelled by Online Survey IJARBSS 10(10):1131-1136 (n=63),mileage vehicle-wide; confidence=source_confirmed_external,mileage_anchors.csv,Medium,Current Accounts
Malaysia,Demand\Transport\Road\Motorcyle\Gasoline\Gasoline,Mileage,"Interp(2025, 16081, 2030, 16081, 2035, 16081, 2040, 16081, 2045, 16081, 2050, 16081, 2055, 16081, 2060, 16081)",Kilometer,Gasoline,MIROS Nurulhuda et al. 2020 Vehicle Kilometer Travelled by Online Survey IJARBSS 10(10):1131-1136 (n=63),mileage vehicle-wide; confidence=source_confirmed_external,mileage_anchors.csv,Medium,Current Accounts
Malaysia,Demand\Transport\Road\PassengerCar\Blended Diesel\Blended Diesel,Mileage,"Interp(2025, 22715, 2030, 22715, 2035, 22715, 2040, 22715, 2045, 22715, 2050, 22715, 2055, 22715, 2060, 22715)",Kilometer,Blended Diesel,MIROS Nurulhuda et al. 2020 Vehicle Kilometer Travelled by Online Survey IJARBSS 10(10):1131-1136 (n=63 odometer-based panel),mileage vehicle-wide; confidence=source_confirmed_external,mileage_anchors.csv,Medium,Current Accounts
Malaysia,Demand\Transport\Road\PassengerCar\Electricity\Electricity,Mileage,"Interp(2025, 22715, 2030, 22715, 2035, 22715, 2040, 22715, 2045, 22715, 2050, 22715, 2055, 22715, 2060, 22715)",Kilometer,Electricity,MIROS Nurulhuda et al. 2020 Vehicle Kilometer Travelled by Online Survey IJARBSS 10(10):1131-1136 (n=63 odometer-based panel),mileage vehicle-wide; confidence=source_confirmed_external,mileage_anchors.csv,Medium,Current Accounts
Malaysia,Demand\Transport\Road\PassengerCar\Gasoline\Gasoline,Mileage,"Interp(2025, 22715, 2030, 22715, 2035, 22715, 2040, 22715, 2045, 22715, 2050, 22715, 2055, 22715, 2060, 22715)",Kilometer,Gasoline,MIROS Nurulhuda et al. 2020 Vehicle Kilometer Travelled by Online Survey IJARBSS 10(10):1131-1136 (n=63 odometer-based panel),mileage vehicle-wide; confidence=source_confirmed_external,mileage_anchors.csv,Medium,Current Accounts
Malaysia,Demand\Transport\Road\PassengerCar\Natural Gas\Natural Gas,Mileage,"Interp(2025, 22715, 2030, 22715, 2035, 22715, 2040, 22715, 2045, 22715, 2050, 22715, 2055, 22715, 2060, 22715)",Kilometer,Natural Gas,MIROS Nurulhuda et al. 2020 Vehicle Kilometer Travelled by Online Survey IJARBSS 10(10):1131-1136 (n=63 odometer-based panel),mileage vehicle-wide; confidence=source_confirmed_external,mileage_anchors.csv,Medium,Current Accounts
Malaysia,Demand\Transport\Road\Truck\Blended Diesel\Blended Diesel,Mileage,"Interp(2025, 24245, 2030, 24245, 2035, 24245, 2040, 24245, 2045, 24245, 2050, 24245, 2055, 24245, 2060, 24245)",Kilometer,Blended Diesel,"hdv-socioecon-fit (n_train=9 = 4 ASEAN + 5 peers; R2=0.40, LOO_RMSE_log=0.922)",mileage vehicle-wide; confidence=hdv_socioecon_predicted,mileage_anchors.csv,Medium,Current Accounts
Malaysia,Demand\Transport\Road\Truck\Electricity\Electricity,Mileage,"Interp(2025, 24245, 2030, 24245, 2035, 24245, 2040, 24245, 2045, 24245, 2050, 24245, 2055, 24245, 2060, 24245)",Kilometer,Electricity,"hdv-socioecon-fit (n_train=9 = 4 ASEAN + 5 peers; R2=0.40, LOO_RMSE_log=0.922)",mileage vehicle-wide; confidence=hdv_socioecon_predicted,mileage_anchors.csv,Medium,Current Accounts
Malaysia,Demand\Transport\Road\Truck\Gasoline\Gasoline,Mileage,"Interp(2025, 24245, 2030, 24245, 2035, 24245, 2040, 24245, 2045, 24245, 2050, 24245, 2055, 24245, 2060, 24245)",Kilometer,Gasoline,"hdv-socioecon-fit (n_train=9 = 4 ASEAN + 5 peers; R2=0.40, LOO_RMSE_log=0.922)",mileage vehicle-wide; confidence=hdv_socioecon_predicted,mileage_anchors.csv,Medium,Current Accounts
Malaysia,Demand\Transport\Road\Truck\Hydrogen\Hydrogen,Mileage,"Interp(2025, 24245, 2030, 24245, 2035, 24245, 2040, 24245, 2045, 24245, 2050, 24245, 2055, 24245, 2060, 24245)",Kilometer,Hydrogen,"hdv-socioecon-fit (n_train=9 = 4 ASEAN + 5 peers; R2=0.40, LOO_RMSE_log=0.922)",mileage vehicle-wide; confidence=hdv_socioecon_predicted,mileage_anchors.csv,Medium,Current Accounts
Malaysia,Demand\Transport\Road\Truck\Natural Gas\Natural Gas,Mileage,"Interp(2025, 24245, 2030, 24245, 2035, 24245, 2040, 24245, 2045, 24245, 2050, 24245, 2055, 24245, 2060, 24245)",Kilometer,Natural Gas,"hdv-socioecon-fit (n_train=9 = 4 ASEAN + 5 peers; R2=0.40, LOO_RMSE_log=0.922)",mileage vehicle-wide; confidence=hdv_socioecon_predicted,mileage_anchors.csv,Medium,Current Accounts
Myanmar,Key\TransportDataStock\Vehicle_Sales\Bus,Activity Level,"Interp(2006, 333.19, 2007, 339.075, 2008, 346.138, 2009, 352.382, 2010, 358.813, 2011, 366.438, 2012, 373.261, 2013, 381.289, 2014, 388.527, 2015, 395.983, 2016, 404.663, 2017, 412.573, 2018, 420.72, 2019, 430.111, 2020, 441.755, 2021, 452.657, 2022, 462.827, 2023, 473.272, 2024, 485, 2025, 26821.1, 2026, 1264.6, 2027, 1297.08, 2028, 1320.7, 2029, 1368.76, 2030, 1147.19, 2031, 1638.1, 2032, 1728.52, 2033, 1850.68, 2034, 2478.59, 2035, 4020.31, 2036, 3909.63, 2037, 4312.15, 2038, 4727.2, 2039, 4889.24, 2040, 5309.25, 2041, 5510.44, 2042, 5703.33, 2043, 5133.54, 2044, 5137.87, 2045, 5214.2, 2046, 5322.33, 2047, 5045.52, 2048, 5273.69, 2049, 5607.18, 2050, 5992.35, 2051, 6471.02, 2052, 6959.26, 2053, 7366.9, 2054, 7770.45, 2055, 8151.49, 2056, 8489.15, 2057, 8771.77, 2058, 9050.91, 2059, 9332.29, 2060, 9621.94)",,,sales_magnitude.csv (Transport pipeline 2026-05-19),absolute sales count (all fuels combined),sales_magnitude.csv,Medium,Current Accounts
Myanmar,Key\TransportDataStock\Vehicle_Sales\Motorcycle,Activity Level,"Interp(2006, 195689, 2007, 206234, 2008, 217038, 2009, 228054, 2010, 239230, 2011, 250497, 2012, 261774, 2013, 272966, 2014, 283955, 2015, 294607, 2016, 304761, 2017, 314230, 2018, 322797, 2019, 330210, 2020, 336177, 2021, 340362, 2022, 342379, 2023, 342379, 2024, 342380, 2025, 2.41816e+06, 2026, 461301, 2027, 485558, 2028, 504242, 2029, 523393, 2030, 342331, 2031, 680437, 2032, 707452, 2033, 735574, 2034, 802237, 2035, 941003, 2036, 955313, 2037, 1.00589e+06, 2038, 1.05735e+06, 2039, 1.08562e+06, 2040, 1.13071e+06, 2041, 1.18319e+06, 2042, 1.22484e+06, 2043, 1.20711e+06, 2044, 1.23558e+06, 2045, 1.26673e+06, 2046, 1.32278e+06, 2047, 1.32581e+06, 2048, 1.3704e+06, 2049, 1.41431e+06, 2050, 1.45781e+06, 2051, 1.50112e+06, 2052, 1.54809e+06, 2053, 1.58127e+06, 2054, 1.61101e+06, 2055, 1.63729e+06, 2056, 1.65945e+06, 2057, 1.67513e+06, 2058, 1.68946e+06, 2059, 1.7018e+06, 2060, 1.71236e+06)",,,sales_magnitude.csv (Transport pipeline 2026-05-19),absolute sales count (all fuels combined),sales_magnitude.csv,Medium,Current Accounts
Myanmar,Key\TransportDataStock\Vehicle_Sales\PassengerCar,Activity Level,"Interp(2006, 12528, 2007, 12903.8, 2008, 13290.9, 2009, 13689.6, 2010, 14100.3, 2011, 14523.3, 2012, 14959, 2013, 15407.8, 2014, 15870, 2015, 16346.1, 2016, 16836.5, 2017, 17341.6, 2018, 17862.9, 2019, 18399.7, 2020, 18952.7, 2021, 19522.1, 2022, 20108.7, 2023, 20712.8, 2024, 21335, 2025, 481754, 2026, 35604.5, 2027, 36960.4, 2028, 37967.4, 2029, 39385.2, 2030, 22070, 2031, 53605.2, 2032, 56785.7, 2033, 60588.5, 2034, 73317.3, 2035, 102168, 2036, 102594, 2037, 111868, 2038, 121517, 2039, 126658, 2040, 136327, 2041, 144663, 2042, 152248, 2043, 146890, 2044, 152155, 2045, 158960, 2046, 170344, 2047, 172635, 2048, 184609, 2049, 198648, 2050, 213896, 2051, 229309, 2052, 246700, 2053, 262786, 2054, 279260, 2055, 295953, 2056, 312658, 2057, 328989, 2058, 345969, 2059, 363622, 2060, 381979)",,,sales_magnitude.csv (Transport pipeline 2026-05-19),absolute sales count (all fuels combined),sales_magnitude.csv,Medium,Current Accounts
Myanmar,Key\TransportDataStock\Vehicle_Sales\Truck,Activity Level,"Interp(2006, 14894, 2007, 15565, 2008, 16232, 2009, 16886, 2010, 17521, 2011, 18126, 2012, 18692, 2013, 19203, 2014, 19647, 2015, 20005, 2016, 20257, 2017, 16578.1, 2018, 17075.5, 2019, 17587.7, 2020, 18115.4, 2021, 18658.8, 2022, 19218.6, 2023, 19795.1, 2024, 20389, 2025, 131235, 2026, 28233.2, 2027, 29308.2, 2028, 30065.6, 2029, 30746.7, 2030, 29239.7, 2031, 31883.3, 2032, 40796.2, 2033, 42042.3, 2034, 45340.9, 2035, 52706.4, 2036, 53609.9, 2037, 56516.6, 2038, 59568.5, 2039, 61696.4, 2040, 64871, 2041, 67883.5, 2042, 70934.7, 2043, 70670.5, 2044, 72723.4, 2045, 75243.7, 2046, 79473.3, 2047, 80691.7, 2048, 83970.1, 2049, 87789.5, 2050, 91455.6, 2051, 94226.1, 2052, 98359.6, 2053, 102173, 2054, 105895, 2055, 109471, 2056, 113092, 2057, 116396, 2058, 120046, 2059, 123387, 2060, 126993)",,,sales_magnitude.csv (Transport pipeline 2026-05-19),absolute sales count (all fuels combined),sales_magnitude.csv,Medium,Current Accounts
Myanmar,Key\TransportDataStock\Vehicles_Sales_Share\Bus\Blended Diesel,Activity Level,Remainder(100),,Blended Diesel,sales_mix.csv (Transport pipeline 2026-05-19),"PATCHED 2026-05-20: Remainder(100) replaces Interp() per CA-2024 vs fwd-2025 continuity check (see _ca_2024_vs_fwd_2025_mismatches_20260520.csv) | sales share_percent, scenario=AMS Target Scenario",sales_mix.csv,Medium,AMS Target Scenario
Myanmar,Key\TransportDataStock\Vehicles_Sales_Share\Bus\Blended Diesel,Activity Level,Remainder(100),,Blended Diesel,sales_mix.csv (Transport pipeline 2026-05-19),"PATCHED 2026-05-20: Remainder(100) replaces Interp() per CA-2024 vs fwd-2025 continuity check (see _ca_2024_vs_fwd_2025_mismatches_20260520.csv) | sales share_percent, scenario=Baseline Simulation",sales_mix.csv,Medium,Baseline Simulation
Myanmar,Key\TransportDataStock\Vehicles_Sales_Share\Bus\Blended Diesel,Activity Level,"Interp(2006, 58.8823, 2007, 59.596, 2008, 60.1315, 2009, 60.8379, 2010, 61.5399, 2011, 62.0672, 2012, 62.7606, 2013, 63.2824, 2014, 63.9665, 2015, 64.645, 2016, 65.1562, 2017, 65.8242, 2018, 66.486, 2019, 66.9853, 2020, 67.1764, 2021, 67.5251, 2022, 68.0226, 2023, 68.517, 2024, 68.866)",,Blended Diesel,sales_mix.csv (Transport pipeline 2026-05-19),"sales share_percent, scenario=Current Accounts",sales_mix.csv,Medium,Current Accounts
Myanmar,Key\TransportDataStock\Vehicles_Sales_Share\Bus\Blended Diesel,Activity Level,Remainder(100),,Blended Diesel,sales_mix.csv (Transport pipeline 2026-05-19),"PATCHED 2026-05-20: Remainder(100) replaces Interp() per CA-2024 vs fwd-2025 continuity check (see _ca_2024_vs_fwd_2025_mismatches_20260520.csv) | sales share_percent, scenario=Regional Aspiration Scenario",sales_mix.csv,Medium,Regional Aspiration Scenario
Myanmar,Key\TransportDataStock\Vehicles_Sales_Share\Bus\Electricity,Activity Level,"Interp(2025, 1.4433, 2026, 1.52643, 2027, 1.61539, 2028, 1.71031, 2029, 1.81131, 2030, 1.91842, 2031, 2.03163, 2032, 2.15087, 2033, 2.276, 2034, 2.40677, 2035, 2.54289, 2036, 2.68398, 2037, 2.82956, 2038, 2.9791, 2039, 3.13198, 2040, 3.28754, 2041, 3.44503, 2042, 3.60371, 2043, 3.76279, 2044, 3.92147, 2045, 4.07896, 2046, 4.23451, 2047, 4.3874, 2048, 4.53694, 2049, 4.68252, 2050, 4.82361, 2051, 4.95973, 2052, 5.0905, 2053, 5.21563, 2054, 5.33487, 2055, 5.44808, 2056, 5.55519, 2057, 5.65619, 2058, 5.75111, 2059, 5.84007, 2060, 5.9232)",,Electricity,sales_mix.csv (Transport pipeline 2026-05-19),"sales share_percent, scenario=AMS Target Scenario",sales_mix.csv,Medium,AMS Target Scenario
Myanmar,Key\TransportDataStock\Vehicles_Sales_Share\Bus\Electricity,Activity Level,"Interp(2025, 1.4433, 2026, 1.52643, 2027, 1.61539, 2028, 1.71031, 2029, 1.81131, 2030, 1.91842, 2031, 2.03163, 2032, 2.15087, 2033, 2.276, 2034, 2.40677, 2035, 2.54289, 2036, 2.68398, 2037, 2.82956, 2038, 2.9791, 2039, 3.13198, 2040, 3.28754, 2041, 3.44503, 2042, 3.60371, 2043, 3.76279, 2044, 3.92147, 2045, 4.07896, 2046, 4.23451, 2047, 4.3874, 2048, 4.53694, 2049, 4.68252, 2050, 4.82361, 2051, 4.95973, 2052, 5.0905, 2053, 5.21563, 2054, 5.33487, 2055, 5.44808, 2056, 5.55519, 2057, 5.65619, 2058, 5.75111, 2059, 5.84007, 2060, 5.9232)",,Electricity,sales_mix.csv (Transport pipeline 2026-05-19),"sales share_percent, scenario=Baseline Simulation",sales_mix.csv,Medium,Baseline Simulation
Myanmar,Key\TransportDataStock\Vehicles_Sales_Share\Bus\Electricity,Activity Level,"Interp(2006, 0, 2007, 0, 2008, 0, 2009, 0, 2010, 0, 2011, 0, 2012, 0, 2013, 0, 2014, 0, 2015, 0, 2016, 0, 2017, 0, 2018, 0, 2019, 0, 2020, 0.67911, 2021, 0.883671, 2022, 1.08032, 2023, 1.26777, 2024, 1.4433)",,Electricity,sales_mix.csv (Transport pipeline 2026-05-19),"sales share_percent, scenario=Current Accounts",sales_mix.csv,Medium,Current Accounts
Myanmar,Key\TransportDataStock\Vehicles_Sales_Share\Bus\Electricity,Activity Level,"Interp(2025, 1.4433, 2026, 1.79952, 2027, 2.20383, 2028, 2.66115, 2029, 3.17643, 2030, 3.75447, 2031, 4.39973, 2032, 5.11608, 2033, 5.90655, 2034, 6.77296, 2035, 7.71564, 2036, 8.73312, 2037, 9.82192, 2038, 10.9763, 2039, 12.1883, 2040, 13.4478, 2041, 14.7427, 2042, 16.0595, 2043, 17.3838, 2044, 18.7006, 2045, 19.9955, 2046, 21.255, 2047, 22.467, 2048, 23.6214, 2049, 24.7102, 2050, 25.7277, 2051, 26.6703, 2052, 27.5367, 2053, 28.3272, 2054, 29.0436, 2055, 29.6888, 2056, 30.2669, 2057, 30.7821, 2058, 31.2395, 2059, 31.6438, 2060, 32)",,Electricity,sales_mix.csv (Transport pipeline 2026-05-19),"sales share_percent, scenario=Regional Aspiration Scenario",sales_mix.csv,Medium,Regional Aspiration Scenario
Myanmar,Key\TransportDataStock\Vehicles_Sales_Share\Bus\Natural Gas,Activity Level,"Interp(2006, 41.1177, 2007, 40.404, 2008, 39.8685, 2009, 39.1621, 2010, 38.4601, 2011, 37.9328, 2012, 37.2394, 2013, 36.7176, 2014, 36.0335, 2015, 35.355, 2016, 34.8438, 2017, 34.1758, 2018, 33.514, 2019, 33.0147, 2020, 32.1445, 2021, 31.5912, 2022, 30.8971, 2023, 30.2152, 2024, 29.6907)",,Natural Gas,sales_mix.csv (Transport pipeline 2026-05-19),"sales share_percent, scenario=Current Accounts",sales_mix.csv,Medium,Current Accounts
Myanmar,Key\TransportDataStock\Vehicles_Sales_Share\Motorcycle\Electricity,Activity Level,"Interp(2026, 1.40317, 2027, 2.8689, 2028, 4.38401, 2029, 5.93327, 2030, 7.5, 2031, 9.06673, 2032, 10.616, 2033, 12.1311, 2034, 13.5968, 2035, 15, 2036, 16.3299, 2037, 17.5783, 2038, 18.7398, 2039, 19.8116, 2040, 20.7929, 2041, 21.6852, 2042, 22.4913, 2043, 23.2153, 2044, 23.8623, 2045, 24.4377, 2046, 24.9474, 2047, 25.3972, 2048, 25.7929, 2049, 26.14, 2050, 26.4437, 2051, 26.7088, 2052, 26.9399, 2053, 27.1409, 2054, 27.3155, 2055, 27.467, 2056, 27.5984, 2057, 27.7121, 2058, 27.8104, 2059, 27.8955, 2060, 27.9689)",,Electricity,sales_mix.csv (Transport pipeline 2026-05-19),"sales share_percent, scenario=AMS Target Scenario",sales_mix.csv,Medium,AMS Target Scenario
Myanmar,Key\TransportDataStock\Vehicles_Sales_Share\Motorcycle\Electricity,Activity Level,"Interp(2026, 4.29825, 2027, 9.37906, 2028, 15.2738, 2029, 21.9666, 2030, 29.3815, 2031, 37.3764, 2032, 45.7485, 2033, 54.2515, 2034, 62.6236, 2035, 70.6185, 2036, 78.0334, 2037, 84.7262, 2038, 90.6209, 2039, 95.7018, 2040, 100, 2041, 100, 2042, 100, 2043, 100, 2044, 100, 2045, 100, 2046, 100, 2047, 100, 2048, 100, 2049, 100, 2050, 100, 2051, 100, 2052, 100, 2053, 100, 2054, 100, 2055, 100, 2056, 100, 2057, 100, 2058, 100, 2059, 100, 2060, 100)",,Electricity,sales_mix.csv (Transport pipeline 2026-05-19),"sales share_percent, scenario=Regional Aspiration Scenario",sales_mix.csv,Medium,Regional Aspiration Scenario
Myanmar,Key\TransportDataStock\Vehicles_Sales_Share\Motorcycle\Gasoline,Activity Level,"Interp(2025, 100, 2026, 98.5968, 2027, 97.1311, 2028, 95.616, 2029, 94.0667, 2030, 92.5, 2031, 90.9333, 2032, 89.384, 2033, 87.8689, 2034, 86.4032, 2035, 85, 2036, 83.6701, 2037, 82.4217, 2038, 81.2602, 2039, 80.1884, 2040, 79.2071, 2041, 78.3148, 2042, 77.5087, 2043, 76.7847, 2044, 76.1377, 2045, 75.5623, 2046, 75.0526, 2047, 74.6028, 2048, 74.2071, 2049, 73.86, 2050, 73.5563, 2051, 73.2912, 2052, 73.0601, 2053, 72.8591, 2054, 72.6845, 2055, 72.533, 2056, 72.4016, 2057, 72.2879, 2058, 72.1896, 2059, 72.1045, 2060, 72.0311)",,Gasoline,sales_mix.csv (Transport pipeline 2026-05-19),"sales share_percent, scenario=AMS Target Scenario",sales_mix.csv,Medium,AMS Target Scenario
Myanmar,Key\TransportDataStock\Vehicles_Sales_Share\Motorcycle\Gasoline,Activity Level,"Interp(2025, 100, 2026, 100, 2027, 100, 2028, 100, 2029, 100, 2030, 100, 2031, 100, 2032, 100, 2033, 100, 2034, 100, 2035, 100, 2036, 100, 2037, 100, 2038, 100, 2039, 100, 2040, 100, 2041, 100, 2042, 100, 2043, 100, 2044, 100, 2045, 100, 2046, 100, 2047, 100, 2048, 100, 2049, 100, 2050, 100, 2051, 100, 2052, 100, 2053, 100, 2054, 100, 2055, 100, 2056, 100, 2057, 100, 2058, 100, 2059, 100, 2060, 100)",,Gasoline,sales_mix.csv (Transport pipeline 2026-05-19),"sales share_percent, scenario=Baseline Simulation",sales_mix.csv,Medium,Baseline Simulation
Myanmar,Key\TransportDataStock\Vehicles_Sales_Share\Motorcycle\Gasoline,Activity Level,"Interp(2006, 100, 2007, 100, 2008, 100, 2009, 100, 2010, 100, 2011, 100, 2012, 100, 2013, 100, 2014, 100, 2015, 100, 2016, 100, 2017, 100, 2018, 100, 2019, 100, 2020, 100, 2021, 100, 2022, 100, 2023, 100, 2024, 100)",,Gasoline,sales_mix.csv (Transport pipeline 2026-05-19),"sales share_percent, scenario=Current Accounts",sales_mix.csv,Medium,Current Accounts
Myanmar,Key\TransportDataStock\Vehicles_Sales_Share\Motorcycle\Gasoline,Activity Level,"Interp(2025, 100, 2026, 95.7018, 2027, 90.6209, 2028, 84.7262, 2029, 78.0334, 2030, 70.6185, 2031, 62.6236, 2032, 54.2515, 2033, 45.7485, 2034, 37.3764, 2035, 29.3815, 2036, 21.9666, 2037, 15.2738, 2038, 9.37906, 2039, 4.29825, 2040, 5.55112e-15, 2041, 5.55112e-15, 2042, 5.55112e-15, 2043, 5.55112e-15, 2044, 5.55112e-15, 2045, 5.55112e-15, 2046, 5.55112e-15, 2047, 5.55112e-15, 2048, 5.55112e-15, 2049, 5.55112e-15, 2050, 5.55112e-15, 2051, 5.55112e-15, 2052, 5.55112e-15, 2053, 5.55112e-15, 2054, 5.55112e-15, 2055, 5.55112e-15, 2056, 5.55112e-15, 2057, 5.55112e-15, 2058, 5.55112e-15, 2059, 5.55112e-15, 2060, 5.55112e-15)",,Gasoline,sales_mix.csv (Transport pipeline 2026-05-19),"sales share_percent, scenario=Regional Aspiration Scenario",sales_mix.csv,Medium,Regional Aspiration Scenario
Myanmar,Key\TransportDataStock\Vehicles_Sales_Share\PassengerCar\Blended Diesel,Activity Level,"Interp(2025, 49.9742, 2026, 49.2283, 2027, 48.4492, 2028, 47.6438, 2029, 46.8202, 2030, 45.9873, 2031, 45.1545, 2032, 44.3309, 2033, 43.5255, 2034, 42.7464, 2035, 42.0005, 2036, 41.2935, 2037, 40.6299, 2038, 40.0124, 2039, 39.4427, 2040, 38.921, 2041, 38.4467, 2042, 38.0182, 2043, 37.6333, 2044, 37.2894, 2045, 36.9835, 2046, 36.7126, 2047, 36.4735, 2048, 36.2631, 2049, 36.0786, 2050, 35.9172, 2051, 35.7762, 2052, 35.6534, 2053, 35.5466, 2054, 35.4537, 2055, 35.3732, 2056, 35.3034, 2057, 35.243, 2058, 35.1907, 2059, 35.1455, 2060, 35.1064)",,Blended Diesel,sales_mix.csv (Transport pipeline 2026-05-19),"sales share_percent, scenario=AMS Target Scenario",sales_mix.csv,Medium,AMS Target Scenario
Myanmar,Key\TransportDataStock\Vehicles_Sales_Share\PassengerCar\Blended Diesel,Activity Level,"Interp(2025, 49.9742, 2026, 49.9719, 2027, 49.9694, 2028, 49.9667, 2029, 49.9639, 2030, 49.9609, 2031, 49.9577, 2032, 49.9544, 2033, 49.9508, 2034, 49.9472, 2035, 49.9434, 2036, 49.9394, 2037, 49.9353, 2038, 49.9311, 2039, 49.9268, 2040, 49.9225, 2041, 49.918, 2042, 49.9136, 2043, 49.9091, 2044, 49.9047, 2045, 49.9002, 2046, 49.8959, 2047, 49.8916, 2048, 49.8874, 2049, 49.8833, 2050, 49.8793, 2051, 49.8755, 2052, 49.8718, 2053, 49.8683, 2054, 49.865, 2055, 49.8618, 2056, 49.8588, 2057, 49.856, 2058, 49.8533, 2059, 49.8508, 2060, 49.8485)",,Blended Diesel,sales_mix.csv (Transport pipeline 2026-05-19),"sales share_percent, scenario=Baseline Simulation",sales_mix.csv,Medium,Baseline Simulation
Myanmar,Key\TransportDataStock\Vehicles_Sales_Share\PassengerCar\Blended Diesel,Activity Level,"Interp(2006, 49.9906, 2007, 49.9906, 2008, 49.9906, 2009, 49.9906, 2010, 49.9906, 2011, 49.9906, 2012, 49.9906, 2013, 49.9906, 2014, 49.9906, 2015, 49.9906, 2016, 49.9906, 2017, 49.9906, 2018, 49.9878, 2019, 49.9852, 2020, 49.9827, 2021, 49.9804, 2022, 49.9782, 2023, 49.9761, 2024, 49.9742)",,Blended Diesel,sales_mix.csv (Transport pipeline 2026-05-19),"sales share_percent, scenario=Current Accounts",sales_mix.csv,Medium,Current Accounts
Myanmar,Key\TransportDataStock\Vehicles_Sales_Share\PassengerCar\Blended Diesel,Activity Level,"Interp(2025, 49.9742, 2026, 47.303, 2027, 44.0952, 2028, 40.3033, 2029, 35.904, 2030, 30.909, 2031, 25.3753, 2032, 19.4085, 2033, 13.1603, 2034, 6.81436, 2035, 0.566142)",,Blended Diesel,sales_mix.csv (Transport pipeline 2026-05-19),"sales share_percent, scenario=Regional Aspiration Scenario",sales_mix.csv,Medium,Regional Aspiration Scenario
Myanmar,Key\TransportDataStock\Vehicles_Sales_Share\PassengerCar\Electricity,Activity Level,"Interp(2025, 0.0328099, 2026, 0.965187, 2027, 1.93914, 2028, 2.94589, 2029, 3.97535, 2030, 5.0164, 2031, 6.05746, 2032, 7.08692, 2033, 8.09367, 2034, 9.06762, 2035, 10, 2036, 10.8837, 2037, 11.7132, 2038, 12.485, 2039, 13.1972, 2040, 13.8493, 2041, 14.4422, 2042, 14.9778, 2043, 15.4589, 2044, 15.8888, 2045, 16.2712, 2046, 16.6099, 2047, 16.9087, 2048, 17.1717, 2049, 17.4023, 2050, 17.6041, 2051, 17.7803, 2052, 17.9338, 2053, 18.0674, 2054, 18.1834, 2055, 18.2841, 2056, 18.3713, 2057, 18.4469, 2058, 18.5123, 2059, 18.5688, 2060, 18.6176)",,Electricity,sales_mix.csv (Transport pipeline 2026-05-19),"sales share_percent, scenario=AMS Target Scenario",sales_mix.csv,Medium,AMS Target Scenario
Myanmar,Key\TransportDataStock\Vehicles_Sales_Share\PassengerCar\Electricity,Activity Level,"Interp(2025, 0.0328099, 2026, 0.0357268, 2027, 0.0388481, 2028, 0.0421788, 2029, 0.0457225, 2030, 0.0494808, 2031, 0.0534533, 2032, 0.0576372, 2033, 0.0620275, 2034, 0.0666161, 2035, 0.0713923, 2036, 0.0763428, 2037, 0.081451, 2038, 0.086698, 2039, 0.0920623, 2040, 0.0975203, 2041, 0.103046, 2042, 0.108614, 2043, 0.114196, 2044, 0.119763, 2045, 0.12529, 2046, 0.130748, 2047, 0.136112, 2048, 0.141359, 2049, 0.146467, 2050, 0.151418, 2051, 0.156194, 2052, 0.160782, 2053, 0.165173, 2054, 0.169357, 2055, 0.173329, 2056, 0.177087, 2057, 0.180631, 2058, 0.183962, 2059, 0.187083, 2060, 0.19)",,Electricity,sales_mix.csv (Transport pipeline 2026-05-19),"sales share_percent, scenario=Baseline Simulation",sales_mix.csv,Medium,Baseline Simulation
Myanmar,Key\TransportDataStock\Vehicles_Sales_Share\PassengerCar\Electricity,Activity Level,"Interp(2006, 0, 2007, 0, 2008, 0, 2009, 0, 2010, 0, 2011, 0, 2012, 0, 2013, 0, 2014, 0, 2015, 0, 2016, 0, 2017, 0, 2018, 0.00559821, 2019, 0.0108697, 2020, 0.0158289, 2021, 0.0204896, 2022, 0.0248649, 2023, 0.0289676, 2024, 0.0328099)",,Electricity,sales_mix.csv (Transport pipeline 2026-05-19),"sales share_percent, scenario=Current Accounts",sales_mix.csv,Medium,Current Accounts
Myanmar,Key\TransportDataStock\Vehicles_Sales_Share\PassengerCar\Electricity,Activity Level,"Interp(2025, 0.0328099, 2026, 3.37179, 2027, 7.38159, 2028, 12.1214, 2029, 17.6206, 2030, 23.8643, 2031, 30.7815, 2032, 38.2399, 2033, 46.0502, 2034, 53.9826, 2035, 61.7929, 2036, 69.2513, 2037, 76.1685, 2038, 82.4122, 2039, 87.9114, 2040, 92.6512, 2041, 96.661, 2042, 100, 2043, 100, 2044, 100, 2045, 100, 2046, 100, 2047, 100, 2048, 100, 2049, 100, 2050, 100, 2051, 100, 2052, 100, 2053, 100, 2054, 100, 2055, 100, 2056, 100, 2057, 100, 2058, 100, 2059, 100, 2060, 100)",,Electricity,sales_mix.csv (Transport pipeline 2026-05-19),"sales share_percent, scenario=Regional Aspiration Scenario",sales_mix.csv,Medium,Regional Aspiration Scenario
Myanmar,Key\TransportDataStock\Vehicles_Sales_Share\PassengerCar\Gasoline,Activity Level,Remainder(100),,Gasoline,sales_mix.csv (Transport pipeline 2026-05-19),"PATCHED 2026-05-20: Remainder(100) replaces Interp() per CA-2024 vs fwd-2025 continuity check (see _ca_2024_vs_fwd_2025_mismatches_20260520.csv) | sales share_percent, scenario=AMS Target Scenario",sales_mix.csv,Medium,AMS Target Scenario
Myanmar,Key\TransportDataStock\Vehicles_Sales_Share\PassengerCar\Gasoline,Activity Level,Remainder(100),,Gasoline,sales_mix.csv (Transport pipeline 2026-05-19),"PATCHED 2026-05-20: Remainder(100) replaces Interp() per CA-2024 vs fwd-2025 continuity check (see _ca_2024_vs_fwd_2025_mismatches_20260520.csv) | sales share_percent, scenario=Baseline Simulation",sales_mix.csv,Medium,Baseline Simulation
Myanmar,Key\TransportDataStock\Vehicles_Sales_Share\PassengerCar\Gasoline,Activity Level,"Interp(2006, 40.06, 2007, 40.06, 2008, 40.06, 2009, 40.06, 2010, 40.06, 2011, 40.06, 2012, 40.06, 2013, 40.06, 2014, 40.06, 2015, 40.06, 2016, 40.06, 2017, 40.06, 2018, 40.0578, 2019, 40.0557, 2020, 40.0537, 2021, 40.0518, 2022, 40.0501, 2023, 40.0484, 2024, 40.0469)",,Gasoline,sales_mix.csv (Transport pipeline 2026-05-19),"sales share_percent, scenario=Current Accounts",sales_mix.csv,Medium,Current Accounts
Myanmar,Key\TransportDataStock\Vehicles_Sales_Share\PassengerCar\Gasoline,Activity Level,Remainder(100),,Gasoline,sales_mix.csv (Transport pipeline 2026-05-19),"PATCHED 2026-05-20: Remainder(100) replaces Interp() per CA-2024 vs fwd-2025 continuity check (see _ca_2024_vs_fwd_2025_mismatches_20260520.csv) | sales share_percent, scenario=Regional Aspiration Scenario",sales_mix.csv,Medium,Regional Aspiration Scenario
Myanmar,Key\TransportDataStock\Vehicles_Sales_Share\PassengerCar\Natural Gas,Activity Level,"Interp(2006, 9.94936, 2007, 9.94936, 2008, 9.94936, 2009, 9.94936, 2010, 9.94936, 2011, 9.94936, 2012, 9.94936, 2013, 9.94936, 2014, 9.94936, 2015, 9.94936, 2016, 9.94936, 2017, 9.94936, 2018, 9.94881, 2019, 9.94828, 2020, 9.94779, 2021, 9.94732, 2022, 9.94689, 2023, 9.94648, 2024, 9.9461)",,Natural Gas,sales_mix.csv (Transport pipeline 2026-05-19),"sales share_percent, scenario=Current Accounts",sales_mix.csv,Medium,Current Accounts
Myanmar,Key\TransportDataStock\Vehicles_Sales_Share\Truck\Blended Diesel,Activity Level,Remainder(100),,Blended Diesel,sales_mix.csv (Transport pipeline 2026-05-19),"PATCHED 2026-05-20: Remainder(100) replaces Interp() per CA-2024 vs fwd-2025 continuity check (see _ca_2024_vs_fwd_2025_mismatches_20260520.csv) | sales share_percent, scenario=AMS Target Scenario",sales_mix.csv,Medium,AMS Target Scenario
Myanmar,Key\TransportDataStock\Vehicles_Sales_Share\Truck\Blended Diesel,Activity Level,Remainder(100),,Blended Diesel,sales_mix.csv (Transport pipeline 2026-05-19),"PATCHED 2026-05-20: Remainder(100) replaces Interp() per CA-2024 vs fwd-2025 continuity check (see _ca_2024_vs_fwd_2025_mismatches_20260520.csv) | sales share_percent, scenario=Baseline Simulation",sales_mix.csv,Medium,Baseline Simulation
Myanmar,Key\TransportDataStock\Vehicles_Sales_Share\Truck\Blended Diesel,Activity Level,"Interp(2006, 70.0013, 2007, 70.0032, 2008, 70.0037, 2009, 70.0047, 2010, 70.0017, 2011, 70.0044, 2012, 70.0032, 2013, 70.0047, 2014, 70.0056, 2015, 70.0025, 2016, 70.0054, 2017, 69.9887, 2018, 69.9887, 2019, 69.9887, 2020, 69.9887, 2021, 69.9887, 2022, 69.9887, 2023, 69.9887, 2024, 69.9887)",,Blended Diesel,sales_mix.csv (Transport pipeline 2026-05-19),"sales share_percent, scenario=Current Accounts",sales_mix.csv,Medium,Current Accounts
Myanmar,Key\TransportDataStock\Vehicles_Sales_Share\Truck\Blended Diesel,Activity Level,Remainder(100),,Blended Diesel,sales_mix.csv (Transport pipeline 2026-05-19),"PATCHED 2026-05-20: Remainder(100) replaces Interp() per CA-2024 vs fwd-2025 continuity check (see _ca_2024_vs_fwd_2025_mismatches_20260520.csv) | sales share_percent, scenario=Regional Aspiration Scenario",sales_mix.csv,Medium,Regional Aspiration Scenario
Myanmar,Key\TransportDataStock\Vehicles_Sales_Share\Truck\Electricity,Activity Level,"Interp(2026, 0.116576, 2027, 0.248892, 2028, 0.398556, 2029, 0.567186, 2030, 0.756354, 2031, 0.967521, 2032, 1.20196, 2033, 1.46065, 2034, 1.74419, 2035, 2.05269, 2036, 2.38567, 2037, 2.74199, 2038, 3.11978, 2039, 3.51642, 2040, 3.92859, 2041, 4.35237, 2042, 4.78332, 2043, 5.21668, 2044, 5.64763, 2045, 6.07141, 2046, 6.48358, 2047, 6.88022, 2048, 7.25801, 2049, 7.61433, 2050, 7.94731, 2051, 8.25581, 2052, 8.53935, 2053, 8.79804, 2054, 9.03248, 2055, 9.24365, 2056, 9.43281, 2057, 9.60144, 2058, 9.75111, 2059, 9.88342, 2060, 10)",,Electricity,sales_mix.csv (Transport pipeline 2026-05-19),"sales share_percent, scenario=Regional Aspiration Scenario",sales_mix.csv,Medium,Regional Aspiration Scenario
Myanmar,Key\TransportDataStock\Vehicles_Sales_Share\Truck\Gasoline,Activity Level,"Interp(2006, 9.99731, 2007, 9.99679, 2008, 9.99877, 2009, 9.99645, 2010, 9.99943, 2011, 9.99669, 2012, 9.99893, 2013, 9.99844, 2014, 9.99644, 2015, 9.9975, 2016, 9.99654, 2017, 10.0054, 2018, 10.0054, 2019, 10.0054, 2020, 10.0054, 2021, 10.0054, 2022, 10.0054, 2023, 10.0054, 2024, 10.0054)",,Gasoline,sales_mix.csv (Transport pipeline 2026-05-19),"sales share_percent, scenario=Current Accounts",sales_mix.csv,Medium,Current Accounts
Myanmar,Key\TransportDataStock\Vehicles_Sales_Share\Truck\Natural Gas,Activity Level,"Interp(2006, 20.0013, 2007, 20, 2008, 19.9975, 2009, 19.9988, 2010, 19.9989, 2011, 19.9989, 2012, 19.9979, 2013, 19.9969, 2014, 19.998, 2015, 20, 2016, 19.998, 2017, 20.0059, 2018, 20.0059, 2019, 20.0059, 2020, 20.0059, 2021, 20.0059, 2022, 20.0059, 2023, 20.0059, 2024, 20.0059)",,Natural Gas,sales_mix.csv (Transport pipeline 2026-05-19),"sales share_percent, scenario=Current Accounts",sales_mix.csv,Medium,Current Accounts
Myanmar,Demand\Transport\Road\Bus\Blended Diesel\Blended Diesel,Mileage,"Interp(2025, 36990, 2030, 36990, 2035, 36990, 2040, 36990, 2045, 36990, 2050, 36990, 2055, 36990, 2060, 36990)",Kilometer,Blended Diesel,"hdv-socioecon-fit (n_train=8 = 2 ASEAN + 6 peers; R2=0.15, LOO_RMSE_log=0.552)",mileage vehicle-wide; confidence=hdv_socioecon_predicted,mileage_anchors.csv,Medium,Current Accounts
Myanmar,Demand\Transport\Road\Bus\Electricity\Electricity,Mileage,"Interp(2025, 36990, 2030, 36990, 2035, 36990, 2040, 36990, 2045, 36990, 2050, 36990, 2055, 36990, 2060, 36990)",Kilometer,Electricity,"hdv-socioecon-fit (n_train=8 = 2 ASEAN + 6 peers; R2=0.15, LOO_RMSE_log=0.552)",mileage vehicle-wide; confidence=hdv_socioecon_predicted,mileage_anchors.csv,Medium,Current Accounts
Myanmar,Demand\Transport\Road\Bus\Gasoline\Gasoline,Mileage,"Interp(2025, 36990, 2030, 36990, 2035, 36990, 2040, 36990, 2045, 36990, 2050, 36990, 2055, 36990, 2060, 36990)",Kilometer,Gasoline,"hdv-socioecon-fit (n_train=8 = 2 ASEAN + 6 peers; R2=0.15, LOO_RMSE_log=0.552)",mileage vehicle-wide; confidence=hdv_socioecon_predicted,mileage_anchors.csv,Medium,Current Accounts
Myanmar,Demand\Transport\Road\Bus\Hydrogen\Hydrogen,Mileage,"Interp(2025, 36990, 2030, 36990, 2035, 36990, 2040, 36990, 2045, 36990, 2050, 36990, 2055, 36990, 2060, 36990)",Kilometer,Hydrogen,"hdv-socioecon-fit (n_train=8 = 2 ASEAN + 6 peers; R2=0.15, LOO_RMSE_log=0.552)",mileage vehicle-wide; confidence=hdv_socioecon_predicted,mileage_anchors.csv,Medium,Current Accounts
Myanmar,Demand\Transport\Road\Bus\Natural Gas\Natural Gas,Mileage,"Interp(2025, 36990, 2030, 36990, 2035, 36990, 2040, 36990, 2045, 36990, 2050, 36990, 2055, 36990, 2060, 36990)",Kilometer,Natural Gas,"hdv-socioecon-fit (n_train=8 = 2 ASEAN + 6 peers; R2=0.15, LOO_RMSE_log=0.552)",mileage vehicle-wide; confidence=hdv_socioecon_predicted,mileage_anchors.csv,Medium,Current Accounts
Myanmar,Demand\Transport\Road\Motorcyle\Electricity\Electricity,Mileage,"Interp(2025, 10609, 2030, 10609, 2035, 10609, 2040, 10609, 2045, 10609, 2050, 10609, 2055, 10609, 2060, 10609)",Kilometer,Electricity,"socioecon-fit v2 pooled (n_train=5, R2=0.77, LOO_RMSE_log=0.295); train countries: India,Indonesia,Malaysia,Singapore,Viet Nam",mileage vehicle-wide; confidence=socioecon_predicted,mileage_anchors.csv,Medium,Current Accounts
Myanmar,Demand\Transport\Road\Motorcyle\Gasoline\Gasoline,Mileage,"Interp(2025, 10609, 2030, 10609, 2035, 10609, 2040, 10609, 2045, 10609, 2050, 10609, 2055, 10609, 2060, 10609)",Kilometer,Gasoline,"socioecon-fit v2 pooled (n_train=5, R2=0.77, LOO_RMSE_log=0.295); train countries: India,Indonesia,Malaysia,Singapore,Viet Nam",mileage vehicle-wide; confidence=socioecon_predicted,mileage_anchors.csv,Medium,Current Accounts
Myanmar,Demand\Transport\Road\PassengerCar\Blended Diesel\Blended Diesel,Mileage,"Interp(2025, 13519, 2030, 13519, 2035, 13519, 2040, 13519, 2045, 13519, 2050, 13519, 2055, 13519, 2060, 13519)",Kilometer,Blended Diesel,"socioecon-fit v2 pooled (n_train=13, R2=0.07, LOO_RMSE_log=0.244); train countries: China,France,Germany,India,Indonesia,Japan,Malaysia,New Zealand,Philippines,Singapore,United Kingdom,United States,Viet Nam",mileage vehicle-wide; confidence=socioecon_predicted,mileage_anchors.csv,Medium,Current Accounts
Myanmar,Demand\Transport\Road\PassengerCar\Electricity\Electricity,Mileage,"Interp(2025, 13519, 2030, 13519, 2035, 13519, 2040, 13519, 2045, 13519, 2050, 13519, 2055, 13519, 2060, 13519)",Kilometer,Electricity,"socioecon-fit v2 pooled (n_train=13, R2=0.07, LOO_RMSE_log=0.244); train countries: China,France,Germany,India,Indonesia,Japan,Malaysia,New Zealand,Philippines,Singapore,United Kingdom,United States,Viet Nam",mileage vehicle-wide; confidence=socioecon_predicted,mileage_anchors.csv,Medium,Current Accounts
Myanmar,Demand\Transport\Road\PassengerCar\Gasoline\Gasoline,Mileage,"Interp(2025, 13519, 2030, 13519, 2035, 13519, 2040, 13519, 2045, 13519, 2050, 13519, 2055, 13519, 2060, 13519)",Kilometer,Gasoline,"socioecon-fit v2 pooled (n_train=13, R2=0.07, LOO_RMSE_log=0.244); train countries: China,France,Germany,India,Indonesia,Japan,Malaysia,New Zealand,Philippines,Singapore,United Kingdom,United States,Viet Nam",mileage vehicle-wide; confidence=socioecon_predicted,mileage_anchors.csv,Medium,Current Accounts
Myanmar,Demand\Transport\Road\PassengerCar\Natural Gas\Natural Gas,Mileage,"Interp(2025, 13519, 2030, 13519, 2035, 13519, 2040, 13519, 2045, 13519, 2050, 13519, 2055, 13519, 2060, 13519)",Kilometer,Natural Gas,"socioecon-fit v2 pooled (n_train=13, R2=0.07, LOO_RMSE_log=0.244); train countries: China,France,Germany,India,Indonesia,Japan,Malaysia,New Zealand,Philippines,Singapore,United Kingdom,United States,Viet Nam",mileage vehicle-wide; confidence=socioecon_predicted,mileage_anchors.csv,Medium,Current Accounts
Myanmar,Demand\Transport\Road\Truck\Blended Diesel\Blended Diesel,Mileage,"Interp(2025, 44238, 2030, 44238, 2035, 44238, 2040, 44238, 2045, 44238, 2050, 44238, 2055, 44238, 2060, 44238)",Kilometer,Blended Diesel,"hdv-socioecon-fit (n_train=9 = 4 ASEAN + 5 peers; R2=0.40, LOO_RMSE_log=0.922)",mileage vehicle-wide; confidence=hdv_socioecon_predicted,mileage_anchors.csv,Medium,Current Accounts
Myanmar,Demand\Transport\Road\Truck\Electricity\Electricity,Mileage,"Interp(2025, 44238, 2030, 44238, 2035, 44238, 2040, 44238, 2045, 44238, 2050, 44238, 2055, 44238, 2060, 44238)",Kilometer,Electricity,"hdv-socioecon-fit (n_train=9 = 4 ASEAN + 5 peers; R2=0.40, LOO_RMSE_log=0.922)",mileage vehicle-wide; confidence=hdv_socioecon_predicted,mileage_anchors.csv,Medium,Current Accounts
Myanmar,Demand\Transport\Road\Truck\Gasoline\Gasoline,Mileage,"Interp(2025, 44238, 2030, 44238, 2035, 44238, 2040, 44238, 2045, 44238, 2050, 44238, 2055, 44238, 2060, 44238)",Kilometer,Gasoline,"hdv-socioecon-fit (n_train=9 = 4 ASEAN + 5 peers; R2=0.40, LOO_RMSE_log=0.922)",mileage vehicle-wide; confidence=hdv_socioecon_predicted,mileage_anchors.csv,Medium,Current Accounts
Myanmar,Demand\Transport\Road\Truck\Hydrogen\Hydrogen,Mileage,"Interp(2025, 44238, 2030, 44238, 2035, 44238, 2040, 44238, 2045, 44238, 2050, 44238, 2055, 44238, 2060, 44238)",Kilometer,Hydrogen,"hdv-socioecon-fit (n_train=9 = 4 ASEAN + 5 peers; R2=0.40, LOO_RMSE_log=0.922)",mileage vehicle-wide; confidence=hdv_socioecon_predicted,mileage_anchors.csv,Medium,Current Accounts
Myanmar,Demand\Transport\Road\Truck\Natural Gas\Natural Gas,Mileage,"Interp(2025, 44238, 2030, 44238, 2035, 44238, 2040, 44238, 2045, 44238, 2050, 44238, 2055, 44238, 2060, 44238)",Kilometer,Natural Gas,"hdv-socioecon-fit (n_train=9 = 4 ASEAN + 5 peers; R2=0.40, LOO_RMSE_log=0.922)",mileage vehicle-wide; confidence=hdv_socioecon_predicted,mileage_anchors.csv,Medium,Current Accounts
Philippines,Key\TransportDataStock\Vehicle_Sales\Bus,Activity Level,"Interp(2006, 1469.49, 2007, 1513.54, 2008, 1558.92, 2009, 1605.65, 2010, 1653.79, 2011, 1704.38, 2012, 1755.45, 2013, 1808.05, 2014, 1862.23, 2015, 1918.04, 2016, 1975.52, 2017, 2034.73, 2018, 2214.71, 2019, 2323.52, 2020, 2443.22, 2021, 2572.85, 2022, 2713.49, 2023, 2869.18, 2024, 3000, 2025, 16414.6, 2026, 4035.92, 2027, 4308.21, 2028, 4533.95, 2029, 4797.76, 2030, 4633.67, 2031, 4811.95, 2032, 5316.47, 2033, 5210.71, 2034, 5989.84, 2035, 6636.13, 2036, 7089.53, 2037, 7510.75, 2038, 7960.59, 2039, 8597.14, 2040, 8742.54, 2041, 9399.03, 2042, 9760.03, 2043, 9707.89, 2044, 9942.2, 2045, 10195.4, 2046, 10464.3, 2047, 10869.2, 2048, 11217.5, 2049, 11331.9, 2050, 12084.7, 2051, 12864.2, 2052, 13550.5, 2053, 14225.7, 2054, 14910, 2055, 15599.8, 2056, 16286.4, 2057, 16970.9, 2058, 17659.4, 2059, 18346.8, 2060, 19078.6)",,,sales_magnitude.csv (Transport pipeline 2026-05-19),absolute sales count (all fuels combined),sales_magnitude.csv,Medium,Current Accounts
Philippines,Key\TransportDataStock\Vehicle_Sales\Motorcycle,Activity Level,"Interp(2006, 152287, 2007, 164938, 2008, 178632, 2009, 193455, 2010, 209500, 2011, 226867, 2012, 245663, 2013, 266006, 2014, 288022, 2015, 311848, 2016, 337632, 2017, 365535, 2018, 395729, 2019, 428401, 2020, 463756, 2021, 502009, 2022, 543398, 2023, 588179, 2024, 636628, 2025, 5.07684e+06, 2026, 1.21466e+06, 2027, 1.32588e+06, 2028, 1.41399e+06, 2029, 1.5172e+06, 2030, 1.2981e+06, 2031, 1.35386e+06, 2032, 1.57617e+06, 2033, 1.38832e+06, 2034, 1.68913e+06, 2035, 1.76018e+06, 2036, 1.95341e+06, 2037, 2.04261e+06, 2038, 2.14055e+06, 2039, 2.35324e+06, 2040, 2.28239e+06, 2041, 2.48037e+06, 2042, 2.53046e+06, 2043, 2.43999e+06, 2044, 2.44433e+06, 2045, 2.44265e+06, 2046, 2.44587e+06, 2047, 2.47477e+06, 2048, 2.47982e+06, 2049, 2.43658e+06, 2050, 2.5452e+06, 2051, 2.63719e+06, 2052, 2.71312e+06, 2053, 2.77946e+06, 2054, 2.83802e+06, 2055, 2.89061e+06, 2056, 2.93222e+06, 2057, 2.96211e+06, 2058, 2.98299e+06, 2059, 2.99228e+06, 2060, 3.00176e+06)",,,sales_magnitude.csv (Transport pipeline 2026-05-19),absolute sales count (all fuels combined),sales_magnitude.csv,Medium,Current Accounts
Philippines,Key\TransportDataStock\Vehicle_Sales\PassengerCar,Activity Level,"Interp(2006, 60890.5, 2007, 62717.2, 2008, 64598.7, 2009, 66536.7, 2010, 68532.8, 2011, 70588.8, 2012, 72706.4, 2013, 74887.6, 2014, 77134.3, 2015, 79448.3, 2016, 81831.7, 2017, 84286.7, 2018, 86815.3, 2019, 89421.8, 2020, 92105.3, 2021, 94869.4, 2022, 97716.4, 2023, 100649, 2024, 103669, 2025, 4.00321e+06, 2026, 365719, 2027, 395426, 2028, 420787, 2029, 455818, 2030, 397623, 2031, 417245, 2032, 495022, 2033, 443912, 2034, 602567, 2035, 761586, 2036, 822434, 2037, 890822, 2038, 963068, 2039, 1.07456e+06, 2040, 1.07317e+06, 2041, 1.18996e+06, 2042, 1.23489e+06, 2043, 1.16225e+06, 2044, 1.17293e+06, 2045, 1.1881e+06, 2046, 1.20396e+06, 2047, 1.24858e+06, 2048, 1.28368e+06, 2049, 1.25475e+06, 2050, 1.39397e+06, 2051, 1.50034e+06, 2052, 1.59932e+06, 2053, 1.69005e+06, 2054, 1.77966e+06, 2055, 1.86608e+06, 2056, 1.94683e+06, 2057, 2.02171e+06, 2058, 2.09263e+06, 2059, 2.15797e+06, 2060, 2.22848e+06)",,,sales_magnitude.csv (Transport pipeline 2026-05-19),absolute sales count (all fuels combined),sales_magnitude.csv,Medium,Current Accounts
Philippines,Key\TransportDataStock\Vehicle_Sales\Truck,Activity Level,"Interp(2006, 6711, 2007, 7237, 2008, 7793, 2009, 8380, 2010, 8998, 2011, 9651, 2012, 10339, 2013, 11064, 2014, 11828, 2015, 12633, 2016, 13481, 2017, 14372, 2018, 15312, 2019, 16300, 2020, 17339, 2021, 18432, 2022, 19582, 2023, 20790, 2024, 22061, 2025, 433867, 2026, 48672, 2027, 51560.9, 2028, 53760, 2029, 56740.4, 2030, 49433.3, 2031, 51085.4, 2032, 58717.7, 2033, 53135.4, 2034, 68766.6, 2035, 86001.8, 2036, 90898.7, 2037, 97275.6, 2038, 104141, 2039, 112975, 2040, 113627, 2041, 122210, 2042, 125544, 2043, 116023, 2044, 115656, 2045, 115514, 2046, 115319, 2047, 114656, 2048, 116304, 2049, 115150, 2050, 123842, 2051, 131272, 2052, 138084, 2053, 143845, 2054, 149528, 2055, 154372, 2056, 158645, 2057, 161533, 2058, 164442, 2059, 166134, 2060, 168430)",,,sales_magnitude.csv (Transport pipeline 2026-05-19),absolute sales count (all fuels combined),sales_magnitude.csv,Medium,Current Accounts
Philippines,Key\TransportDataStock\Vehicles_Sales_Share\Bus\Blended Diesel,Activity Level,"Interp(2025, 83.3333, 2026, 83.0859, 2027, 82.8212, 2028, 82.5386, 2029, 82.2381, 2030, 81.9193, 2031, 81.5823, 2032, 81.2274, 2033, 80.855, 2034, 80.4658, 2035, 80.0607, 2036, 79.6407, 2037, 79.2075, 2038, 78.7624, 2039, 78.3074, 2040, 77.8444, 2041, 77.3757, 2042, 76.9034, 2043, 76.4299, 2044, 75.9577, 2045, 75.4889, 2046, 75.026, 2047, 74.5709, 2048, 74.1259, 2049, 73.6926, 2050, 73.2727, 2051, 72.8675, 2052, 72.4783, 2053, 72.1059, 2054, 71.751, 2055, 71.4141, 2056, 71.0953, 2057, 70.7947, 2058, 70.5122, 2059, 70.2474, 2060, 70)",,Blended Diesel,sales_mix.csv (Transport pipeline 2026-05-19),"sales share_percent, scenario=AMS Target Scenario",sales_mix.csv,Medium,AMS Target Scenario
Philippines,Key\TransportDataStock\Vehicles_Sales_Share\Bus\Blended Diesel,Activity Level,"Interp(2025, 83.3333, 2026, 83.0859, 2027, 82.8212, 2028, 82.5386, 2029, 82.2381, 2030, 81.9193, 2031, 81.5823, 2032, 81.2274, 2033, 80.855, 2034, 80.4658, 2035, 80.0607, 2036, 79.6407, 2037, 79.2075, 2038, 78.7624, 2039, 78.3074, 2040, 77.8444, 2041, 77.3757, 2042, 76.9034, 2043, 76.4299, 2044, 75.9577, 2045, 75.4889, 2046, 75.026, 2047, 74.5709, 2048, 74.1259, 2049, 73.6926, 2050, 73.2727, 2051, 72.8675, 2052, 72.4783, 2053, 72.1059, 2054, 71.751, 2055, 71.4141, 2056, 71.0953, 2057, 70.7947, 2058, 70.5122, 2059, 70.2474, 2060, 70)",,Blended Diesel,sales_mix.csv (Transport pipeline 2026-05-19),"sales share_percent, scenario=Baseline Simulation",sales_mix.csv,Medium,Baseline Simulation
Philippines,Key\TransportDataStock\Vehicles_Sales_Share\Bus\Blended Diesel,Activity Level,"Interp(2006, 99.9319, 2007, 99.9339, 2008, 99.9359, 2009, 99.9377, 2010, 99.9395, 2011, 99.8827, 2012, 99.8861, 2013, 99.8894, 2014, 99.8926, 2015, 99.8957, 2016, 99.8988, 2017, 99.9017, 2018, 94.5365, 2019, 92.8126, 2020, 90.9136, 2021, 88.9228, 2022, 86.8435, 2023, 84.5949, 2024, 83.3333)",,Blended Diesel,sales_mix.csv (Transport pipeline 2026-05-19),"sales share_percent, scenario=Current Accounts",sales_mix.csv,Medium,Current Accounts
Philippines,Key\TransportDataStock\Vehicles_Sales_Share\Bus\Blended Diesel,Activity Level,"Interp(2025, 83.3333, 2026, 83.0702, 2027, 82.7606, 2028, 82.3977, 2029, 81.9738, 2030, 81.481, 2031, 80.911, 2032, 80.2556, 2033, 79.5073, 2034, 78.6596, 2035, 77.7079, 2036, 76.6502, 2037, 75.4875, 2038, 74.2251, 2039, 72.8725, 2040, 71.4438, 2041, 69.9571, 2042, 68.4343, 2043, 66.8991, 2044, 65.3762, 2045, 63.8896, 2046, 62.4608, 2047, 61.1082, 2048, 59.8458, 2049, 58.6832, 2050, 57.6254, 2051, 56.6737, 2052, 55.826, 2053, 55.0777, 2054, 54.4224, 2055, 53.8523, 2056, 53.3595, 2057, 52.9356, 2058, 52.5727, 2059, 52.2632, 2060, 52)",,Blended Diesel,sales_mix.csv (Transport pipeline 2026-05-19),"sales share_percent, scenario=Regional Aspiration Scenario",sales_mix.csv,Medium,Regional Aspiration Scenario
Philippines,Key\TransportDataStock\Vehicles_Sales_Share\Bus\Electricity,Activity Level,"Interp(2025, 16.6667, 2026, 16.9141, 2027, 17.1788, 2028, 17.4614, 2029, 17.7619, 2030, 18.0807, 2031, 18.4177, 2032, 18.7726, 2033, 19.145, 2034, 19.5342, 2035, 19.9393, 2036, 20.3593, 2037, 20.7925, 2038, 21.2376, 2039, 21.6926, 2040, 22.1556, 2041, 22.6243, 2042, 23.0966, 2043, 23.5701, 2044, 24.0423, 2045, 24.5111, 2046, 24.974, 2047, 25.4291, 2048, 25.8741, 2049, 26.3074, 2050, 26.7273, 2051, 27.1325, 2052, 27.5217, 2053, 27.8941, 2054, 28.249, 2055, 28.5859, 2056, 28.9047, 2057, 29.2053, 2058, 29.4878, 2059, 29.7526, 2060, 30)",,Electricity,sales_mix.csv (Transport pipeline 2026-05-19),"sales share_percent, scenario=AMS Target Scenario",sales_mix.csv,Medium,AMS Target Scenario
Philippines,Key\TransportDataStock\Vehicles_Sales_Share\Bus\Electricity,Activity Level,"Interp(2025, 16.6667, 2026, 16.9141, 2027, 17.1788, 2028, 17.4614, 2029, 17.7619, 2030, 18.0807, 2031, 18.4177, 2032, 18.7726, 2033, 19.145, 2034, 19.5342, 2035, 19.9393, 2036, 20.3593, 2037, 20.7925, 2038, 21.2376, 2039, 21.6926, 2040, 22.1556, 2041, 22.6243, 2042, 23.0966, 2043, 23.5701, 2044, 24.0423, 2045, 24.5111, 2046, 24.974, 2047, 25.4291, 2048, 25.8741, 2049, 26.3074, 2050, 26.7273, 2051, 27.1325, 2052, 27.5217, 2053, 27.8941, 2054, 28.249, 2055, 28.5859, 2056, 28.9047, 2057, 29.2053, 2058, 29.4878, 2059, 29.7526, 2060, 30)",,Electricity,sales_mix.csv (Transport pipeline 2026-05-19),"sales share_percent, scenario=Baseline Simulation",sales_mix.csv,Medium,Baseline Simulation
Philippines,Key\TransportDataStock\Vehicles_Sales_Share\Bus\Electricity,Activity Level,"Interp(2006, 0, 2007, 0, 2008, 0, 2009, 0, 2010, 0, 2011, 0, 2012, 0, 2013, 0, 2014, 0, 2015, 0, 2016, 0, 2017, 0, 2018, 5.37316, 2019, 7.10129, 2020, 9.00452, 2021, 10.9995, 2022, 13.0828, 2023, 15.3354, 2024, 16.6667)",,Electricity,sales_mix.csv (Transport pipeline 2026-05-19),"sales share_percent, scenario=Current Accounts",sales_mix.csv,Medium,Current Accounts
Philippines,Key\TransportDataStock\Vehicles_Sales_Share\Bus\Electricity,Activity Level,"Interp(2025, 16.6667, 2026, 16.9298, 2027, 17.2394, 2028, 17.6023, 2029, 18.0262, 2030, 18.519, 2031, 19.089, 2032, 19.7444, 2033, 20.4927, 2034, 21.3404, 2035, 22.2921, 2036, 23.3498, 2037, 24.5125, 2038, 25.7749, 2039, 27.1275, 2040, 28.5562, 2041, 30.0429, 2042, 31.5657, 2043, 33.1009, 2044, 34.6238, 2045, 36.1104, 2046, 37.5392, 2047, 38.8918, 2048, 40.1542, 2049, 41.3168, 2050, 42.3746, 2051, 43.3263, 2052, 44.174, 2053, 44.9223, 2054, 45.5776, 2055, 46.1477, 2056, 46.6405, 2057, 47.0644, 2058, 47.4273, 2059, 47.7368, 2060, 48)",,Electricity,sales_mix.csv (Transport pipeline 2026-05-19),"sales share_percent, scenario=Regional Aspiration Scenario",sales_mix.csv,Medium,Regional Aspiration Scenario
Philippines,Key\TransportDataStock\Vehicles_Sales_Share\Bus\Gasoline,Activity Level,"Interp(2006, 0.068051, 2007, 0.0660702, 2008, 0.0641471, 2009, 0.0622799, 2010, 0.060467, 2011, 0.117345, 2012, 0.113931, 2013, 0.110616, 2014, 0.107398, 2015, 0.104273, 2016, 0.101239, 2017, 0.0982932, 2018, 0.0903053, 2019, 0.0860762, 2020, 0.0818593, 2021, 0.0777347, 2022, 0.0737058, 2023, 0.0697062, 2024, 0)",,Gasoline,sales_mix.csv (Transport pipeline 2026-05-19),"sales share_percent, scenario=Current Accounts",sales_mix.csv,Medium,Current Accounts
Philippines,Key\TransportDataStock\Vehicles_Sales_Share\Motorcycle\Electricity,Activity Level,"Interp(2025, 0.00109954, 2026, 1.40417, 2027, 2.86979, 2028, 4.38479, 2029, 5.93394, 2030, 7.50055, 2031, 9.06716, 2032, 10.6163, 2033, 12.1313, 2034, 13.5969, 2035, 15, 2036, 16.3298, 2037, 17.5781, 2038, 18.7395, 2039, 19.8112, 2040, 20.7925, 2041, 21.6847, 2042, 22.4907, 2043, 23.2147, 2044, 23.8616, 2045, 24.437, 2046, 24.9467, 2047, 25.3965, 2048, 25.7921, 2049, 26.1392, 2050, 26.4429, 2051, 26.708, 2052, 26.939, 2053, 27.14, 2054, 27.3146, 2055, 27.4661, 2056, 27.5974, 2057, 27.7111, 2058, 27.8095, 2059, 27.8945, 2060, 27.968)",,Electricity,sales_mix.csv (Transport pipeline 2026-05-19),"sales share_percent, scenario=AMS Target Scenario",sales_mix.csv,Medium,AMS Target Scenario
Philippines,Key\TransportDataStock\Vehicles_Sales_Share\Motorcycle\Electricity,Activity Level,"Interp(2025, 0.00109954, 2026, 0.00171005, 2027, 0.00236335, 2028, 0.00306048, 2029, 0.00380219, 2030, 0.00458881, 2031, 0.00542026, 2032, 0.00629598, 2033, 0.00721488, 2034, 0.00817529, 2035, 0.00917498, 2036, 0.0102111, 2037, 0.0112803, 2038, 0.0123785, 2039, 0.0135013, 2040, 0.0146437, 2041, 0.0158003, 2042, 0.0169656, 2043, 0.0181339, 2044, 0.0192992, 2045, 0.0204559, 2046, 0.0215983, 2047, 0.022721, 2048, 0.0238193, 2049, 0.0248884, 2050, 0.0259246, 2051, 0.0269243, 2052, 0.0278847, 2053, 0.0288036, 2054, 0.0296793, 2055, 0.0305107, 2056, 0.0312974, 2057, 0.0320391, 2058, 0.0327362, 2059, 0.0333895, 2060, 0.034)",,Electricity,sales_mix.csv (Transport pipeline 2026-05-19),"sales share_percent, scenario=Baseline Simulation",sales_mix.csv,Medium,Baseline Simulation
Philippines,Key\TransportDataStock\Vehicles_Sales_Share\Motorcycle\Electricity,Activity Level,"Interp(2006, 0, 2007, 0, 2008, 0, 2009, 0, 2010, 0, 2011, 0, 2012, 0, 2013, 0, 2014, 0, 2015, 0, 2016, 0, 2017, 0, 2018, 0, 2019, 0, 2020, 0.000646892, 2021, 0.000796798, 2022, 0.000920136, 2023, 0.0010201, 2024, 0.00109954)",,Electricity,sales_mix.csv (Transport pipeline 2026-05-19),"sales share_percent, scenario=Current Accounts",sales_mix.csv,Medium,Current Accounts
Philippines,Key\TransportDataStock\Vehicles_Sales_Share\Motorcycle\Electricity,Activity Level,"Interp(2025, 0.00109954, 2026, 4.86933, 2027, 10.8304, 2028, 17.9358, 2029, 26.1387, 2030, 35.2664, 2031, 45.0159, 2032, 54.9852, 2033, 64.7347, 2034, 73.8624, 2035, 82.0653, 2036, 89.1707, 2037, 95.1318, 2038, 100, 2039, 100, 2040, 100, 2041, 100, 2042, 100, 2043, 100, 2044, 100, 2045, 100, 2046, 100, 2047, 100, 2048, 100, 2049, 100, 2050, 100, 2051, 100, 2052, 100, 2053, 100, 2054, 100, 2055, 100, 2056, 100, 2057, 100, 2058, 100, 2059, 100, 2060, 100)",,Electricity,sales_mix.csv (Transport pipeline 2026-05-19),"sales share_percent, scenario=Regional Aspiration Scenario",sales_mix.csv,Medium,Regional Aspiration Scenario
Philippines,Key\TransportDataStock\Vehicles_Sales_Share\Motorcycle\Gasoline,Activity Level,"Interp(2025, 99.9989, 2026, 98.5958, 2027, 97.1302, 2028, 95.6152, 2029, 94.0661, 2030, 92.4995, 2031, 90.9328, 2032, 89.3837, 2033, 87.8687, 2034, 86.4031, 2035, 85, 2036, 83.6702, 2037, 82.4219, 2038, 81.2605, 2039, 80.1888, 2040, 79.2075, 2041, 78.3153, 2042, 77.5093, 2043, 76.7853, 2044, 76.1384, 2045, 75.563, 2046, 75.0533, 2047, 74.6035, 2048, 74.2079, 2049, 73.8608, 2050, 73.5571, 2051, 73.292, 2052, 73.061, 2053, 72.86, 2054, 72.6854, 2055, 72.5339, 2056, 72.4026, 2057, 72.2889, 2058, 72.1905, 2059, 72.1055, 2060, 72.032)",,Gasoline,sales_mix.csv (Transport pipeline 2026-05-19),"sales share_percent, scenario=AMS Target Scenario",sales_mix.csv,Medium,AMS Target Scenario
Philippines,Key\TransportDataStock\Vehicles_Sales_Share\Motorcycle\Gasoline,Activity Level,"Interp(2025, 99.9989, 2026, 99.9983, 2027, 99.9976, 2028, 99.9969, 2029, 99.9962, 2030, 99.9954, 2031, 99.9946, 2032, 99.9937, 2033, 99.9928, 2034, 99.9918, 2035, 99.9908, 2036, 99.9898, 2037, 99.9887, 2038, 99.9876, 2039, 99.9865, 2040, 99.9854, 2041, 99.9842, 2042, 99.983, 2043, 99.9819, 2044, 99.9807, 2045, 99.9795, 2046, 99.9784, 2047, 99.9773, 2048, 99.9762, 2049, 99.9751, 2050, 99.9741, 2051, 99.9731, 2052, 99.9721, 2053, 99.9712, 2054, 99.9703, 2055, 99.9695, 2056, 99.9687, 2057, 99.968, 2058, 99.9673, 2059, 99.9666, 2060, 99.966)",,Gasoline,sales_mix.csv (Transport pipeline 2026-05-19),"sales share_percent, scenario=Baseline Simulation",sales_mix.csv,Medium,Baseline Simulation
Philippines,Key\TransportDataStock\Vehicles_Sales_Share\Motorcycle\Gasoline,Activity Level,"Interp(2006, 100, 2007, 100, 2008, 100, 2009, 100, 2010, 100, 2011, 100, 2012, 100, 2013, 100, 2014, 100, 2015, 100, 2016, 100, 2017, 100, 2018, 100, 2019, 100, 2020, 99.9994, 2021, 99.9992, 2022, 99.9991, 2023, 99.999, 2024, 99.9989)",,Gasoline,sales_mix.csv (Transport pipeline 2026-05-19),"sales share_percent, scenario=Current Accounts",sales_mix.csv,Medium,Current Accounts
Philippines,Key\TransportDataStock\Vehicles_Sales_Share\Motorcycle\Gasoline,Activity Level,"Interp(2025, 99.9989, 2026, 95.1307, 2027, 89.1696, 2028, 82.0642, 2029, 73.8613, 2030, 64.7336, 2031, 54.9841, 2032, 45.0148, 2033, 35.2653, 2034, 26.1376, 2035, 17.9347, 2036, 10.8293, 2037, 4.86823, 2038, 1.11022e-14, 2039, 1.11022e-14, 2040, 1.11022e-14, 2041, 1.11022e-14, 2042, 1.11022e-14, 2043, 1.11022e-14, 2044, 1.11022e-14, 2045, 1.11022e-14, 2046, 1.11022e-14, 2047, 1.11022e-14, 2048, 1.11022e-14, 2049, 1.11022e-14, 2050, 1.11022e-14, 2051, 1.11022e-14, 2052, 1.11022e-14, 2053, 1.11022e-14, 2054, 1.11022e-14, 2055, 1.11022e-14, 2056, 1.11022e-14, 2057, 1.11022e-14, 2058, 1.11022e-14, 2059, 1.11022e-14, 2060, 1.11022e-14)",,Gasoline,sales_mix.csv (Transport pipeline 2026-05-19),"sales share_percent, scenario=Regional Aspiration Scenario",sales_mix.csv,Medium,Regional Aspiration Scenario
Philippines,Key\TransportDataStock\Vehicles_Sales_Share\PassengerCar\Blended Diesel,Activity Level,"Interp(2025, 53.1171, 2026, 52.334, 2027, 51.5272, 2028, 50.7124, 2029, 49.9057, 2030, 49.1225, 2031, 48.3767, 2032, 47.6793, 2033, 47.0381, 2034, 46.4579, 2035, 45.9402, 2036, 45.4842, 2037, 45.0869, 2038, 44.7442, 2039, 44.4511, 2040, 44.2021, 2041, 43.992, 2042, 43.8155, 2043, 43.668, 2044, 43.545, 2045, 43.443, 2046, 43.3584, 2047, 43.2885, 2048, 43.2308, 2049, 43.1832, 2050, 43.1441, 2051, 43.1119, 2052, 43.0854, 2053, 43.0637, 2054, 43.0459, 2055, 43.0313, 2056, 43.0193, 2057, 43.0094, 2058, 43.0014, 2059, 42.9948, 2060, 42.9894)",,Blended Diesel,sales_mix.csv (Transport pipeline 2026-05-19),"sales share_percent, scenario=AMS Target Scenario",sales_mix.csv,Medium,AMS Target Scenario
Philippines,Key\TransportDataStock\Vehicles_Sales_Share\PassengerCar\Blended Diesel,Activity Level,"Interp(2025, 53.1171, 2026, 53.1167, 2027, 53.1161, 2028, 53.1156, 2029, 53.115, 2030, 53.1144, 2031, 53.1137, 2032, 53.113, 2033, 53.1123, 2034, 53.1116, 2035, 53.1108, 2036, 53.11, 2037, 53.1091, 2038, 53.1083, 2039, 53.1074, 2040, 53.1065, 2041, 53.1056, 2042, 53.1047, 2043, 53.1037, 2044, 53.1028, 2045, 53.1019, 2046, 53.101, 2047, 53.1001, 2048, 53.0993, 2049, 53.0984, 2050, 53.0976, 2051, 53.0968, 2052, 53.0961, 2053, 53.0953, 2054, 53.0947, 2055, 53.094, 2056, 53.0934, 2057, 53.0928, 2058, 53.0922, 2059, 53.0917, 2060, 53.0913)",,Blended Diesel,sales_mix.csv (Transport pipeline 2026-05-19),"sales share_percent, scenario=Baseline Simulation",sales_mix.csv,Medium,Baseline Simulation
Philippines,Key\TransportDataStock\Vehicles_Sales_Share\PassengerCar\Blended Diesel,Activity Level,"Interp(2006, 53.1207, 2007, 53.1207, 2008, 53.1207, 2009, 53.1207, 2010, 53.1207, 2011, 53.1207, 2012, 53.1207, 2013, 53.1207, 2014, 53.1207, 2015, 53.1207, 2016, 53.1207, 2017, 53.1207, 2018, 53.1207, 2019, 53.1195, 2020, 53.119, 2021, 53.1185, 2022, 53.118, 2023, 53.1176, 2024, 53.1171)",,Blended Diesel,sales_mix.csv (Transport pipeline 2026-05-19),"sales share_percent, scenario=Current Accounts",sales_mix.csv,Medium,Current Accounts
Philippines,Key\TransportDataStock\Vehicles_Sales_Share\PassengerCar\Blended Diesel,Activity Level,"Interp(2025, 53.1171, 2026, 50.2305, 2027, 46.6172, 2028, 42.1928, 2029, 36.919, 2030, 30.8306, 2031, 24.0559, 2032, 16.8196, 2033, 9.42012, 2034, 2.1838)",,Blended Diesel,sales_mix.csv (Transport pipeline 2026-05-19),"sales share_percent, scenario=Regional Aspiration Scenario",sales_mix.csv,Medium,Regional Aspiration Scenario
Philippines,Key\TransportDataStock\Vehicles_Sales_Share\PassengerCar\Electricity,Activity Level,"Interp(2025, 0.00675226, 2026, 0.985689, 2027, 1.99412, 2028, 3.01264, 2029, 4.02106, 2030, 5, 2031, 5.93228, 2032, 6.80408, 2033, 7.60552, 2034, 8.3308, 2035, 8.97788, 2036, 9.54792, 2037, 10.0445, 2038, 10.4729, 2039, 10.8393, 2040, 11.1505, 2041, 11.4132, 2042, 11.6338, 2043, 11.8182, 2044, 11.9719, 2045, 12.0995, 2046, 12.2052, 2047, 12.2926, 2048, 12.3647, 2049, 12.4241, 2050, 12.4731, 2051, 12.5133, 2052, 12.5464, 2053, 12.5735, 2054, 12.5958, 2055, 12.6141, 2056, 12.6291, 2057, 12.6414, 2058, 12.6514, 2059, 12.6597, 2060, 12.6665)",,Electricity,sales_mix.csv (Transport pipeline 2026-05-19),"sales share_percent, scenario=AMS Target Scenario",sales_mix.csv,Medium,AMS Target Scenario
Philippines,Key\TransportDataStock\Vehicles_Sales_Share\PassengerCar\Electricity,Activity Level,"Interp(2025, 0.00675226, 2026, 0.00735251, 2027, 0.00799483, 2028, 0.00868026, 2029, 0.0094095, 2030, 0.0101829, 2031, 0.0110004, 2032, 0.0118614, 2033, 0.0127649, 2034, 0.0137091, 2035, 0.014692, 2036, 0.0157108, 2037, 0.016762, 2038, 0.0178417, 2039, 0.0189456, 2040, 0.0200688, 2041, 0.0212061, 2042, 0.0223518, 2043, 0.0235004, 2044, 0.0246462, 2045, 0.0257834, 2046, 0.0269066, 2047, 0.0280105, 2048, 0.0290903, 2049, 0.0301415, 2050, 0.0311602, 2051, 0.0321431, 2052, 0.0330874, 2053, 0.0339909, 2054, 0.0348519, 2055, 0.0356693, 2056, 0.0364428, 2057, 0.037172, 2058, 0.0378574, 2059, 0.0384998, 2060, 0.0391)",,Electricity,sales_mix.csv (Transport pipeline 2026-05-19),"sales share_percent, scenario=Baseline Simulation",sales_mix.csv,Medium,Baseline Simulation
Philippines,Key\TransportDataStock\Vehicles_Sales_Share\PassengerCar\Electricity,Activity Level,"Interp(2006, 0, 2007, 0, 2008, 0, 2009, 0, 2010, 0, 2011, 0, 2012, 0, 2013, 0, 2014, 0, 2015, 0, 2016, 0, 2017, 0, 2018, 0, 2019, 0.00223659, 2020, 0.00325714, 2021, 0.00421632, 2022, 0.00511685, 2023, 0.00596133, 2024, 0.00675226)",,Electricity,sales_mix.csv (Transport pipeline 2026-05-19),"sales share_percent, scenario=Current Accounts",sales_mix.csv,Medium,Current Accounts
Philippines,Key\TransportDataStock\Vehicles_Sales_Share\PassengerCar\Electricity,Activity Level,"Interp(2025, 0.00675226, 2026, 3.61504, 2027, 8.13167, 2028, 13.6622, 2029, 20.2544, 2030, 27.8649, 2031, 36.3333, 2032, 45.3787, 2033, 54.628, 2034, 63.6734, 2035, 72.1418, 2036, 79.7523, 2037, 86.3446, 2038, 91.8751, 2039, 96.3917, 2040, 100, 2041, 100, 2042, 100, 2043, 100, 2044, 100, 2045, 100, 2046, 100, 2047, 100, 2048, 100, 2049, 100, 2050, 100, 2051, 100, 2052, 100, 2053, 100, 2054, 100, 2055, 100, 2056, 100, 2057, 100, 2058, 100, 2059, 100, 2060, 100)",,Electricity,sales_mix.csv (Transport pipeline 2026-05-19),"sales share_percent, scenario=Regional Aspiration Scenario",sales_mix.csv,Medium,Regional Aspiration Scenario
Philippines,Key\TransportDataStock\Vehicles_Sales_Share\PassengerCar\Gasoline,Activity Level,"Interp(2025, 46.8761, 2026, 46.6803, 2027, 46.4786, 2028, 46.2749, 2029, 46.0733, 2030, 45.8775, 2031, 45.691, 2032, 45.5166, 2033, 45.3564, 2034, 45.2113, 2035, 45.0819, 2036, 44.9679, 2037, 44.8686, 2038, 44.7829, 2039, 44.7096, 2040, 44.6474, 2041, 44.5948, 2042, 44.5507, 2043, 44.5138, 2044, 44.4831, 2045, 44.4576, 2046, 44.4364, 2047, 44.419, 2048, 44.4045, 2049, 44.3926, 2050, 44.3829, 2051, 44.3748, 2052, 44.3682, 2053, 44.3628, 2054, 44.3583, 2055, 44.3546, 2056, 44.3517, 2057, 44.3492, 2058, 44.3472, 2059, 44.3455, 2060, 44.3442)",,Gasoline,sales_mix.csv (Transport pipeline 2026-05-19),"sales share_percent, scenario=AMS Target Scenario",sales_mix.csv,Medium,AMS Target Scenario
Philippines,Key\TransportDataStock\Vehicles_Sales_Share\PassengerCar\Gasoline,Activity Level,"Interp(2025, 46.8761, 2026, 46.876, 2027, 46.8759, 2028, 46.8757, 2029, 46.8756, 2030, 46.8754, 2031, 46.8753, 2032, 46.8751, 2033, 46.8749, 2034, 46.8747, 2035, 46.8745, 2036, 46.8743, 2037, 46.8741, 2038, 46.8739, 2039, 46.8737, 2040, 46.8735, 2041, 46.8732, 2042, 46.873, 2043, 46.8728, 2044, 46.8725, 2045, 46.8723, 2046, 46.8721, 2047, 46.8719, 2048, 46.8716, 2049, 46.8714, 2050, 46.8712, 2051, 46.871, 2052, 46.8708, 2053, 46.8707, 2054, 46.8705, 2055, 46.8703, 2056, 46.8702, 2057, 46.87, 2058, 46.8699, 2059, 46.8698, 2060, 46.8696)",,Gasoline,sales_mix.csv (Transport pipeline 2026-05-19),"sales share_percent, scenario=Baseline Simulation",sales_mix.csv,Medium,Baseline Simulation
Philippines,Key\TransportDataStock\Vehicles_Sales_Share\PassengerCar\Gasoline,Activity Level,"Interp(2006, 46.8793, 2007, 46.8793, 2008, 46.8793, 2009, 46.8793, 2010, 46.8793, 2011, 46.8793, 2012, 46.8793, 2013, 46.8793, 2014, 46.8793, 2015, 46.8793, 2016, 46.8793, 2017, 46.8793, 2018, 46.8793, 2019, 46.8782, 2020, 46.8778, 2021, 46.8773, 2022, 46.8769, 2023, 46.8765, 2024, 46.8761)",,Gasoline,sales_mix.csv (Transport pipeline 2026-05-19),"sales share_percent, scenario=Current Accounts",sales_mix.csv,Medium,Current Accounts
Philippines,Key\TransportDataStock\Vehicles_Sales_Share\PassengerCar\Gasoline,Activity Level,"Interp(2025, 46.8761, 2026, 46.1545, 2027, 45.2511, 2028, 44.145, 2029, 42.8266, 2030, 41.3045, 2031, 39.6108, 2032, 37.8017, 2033, 35.9519, 2034, 34.1428, 2035, 27.8582, 2036, 20.2477, 2037, 13.6554, 2038, 8.12492, 2039, 3.60829)",,Gasoline,sales_mix.csv (Transport pipeline 2026-05-19),"sales share_percent, scenario=Regional Aspiration Scenario",sales_mix.csv,Medium,Regional Aspiration Scenario
Philippines,Key\TransportDataStock\Vehicles_Sales_Share\Truck\Blended Diesel,Activity Level,Remainder(100),,Blended Diesel,sales_mix.csv (Transport pipeline 2026-05-19),"PATCHED 2026-05-20: Remainder(100) replaces Interp() per CA-2024 vs fwd-2025 continuity check (see _ca_2024_vs_fwd_2025_mismatches_20260520.csv) | sales share_percent, scenario=AMS Target Scenario",sales_mix.csv,Medium,AMS Target Scenario
Philippines,Key\TransportDataStock\Vehicles_Sales_Share\Truck\Blended Diesel,Activity Level,Remainder(100),,Blended Diesel,sales_mix.csv (Transport pipeline 2026-05-19),"PATCHED 2026-05-20: Remainder(100) replaces Interp() per CA-2024 vs fwd-2025 continuity check (see _ca_2024_vs_fwd_2025_mismatches_20260520.csv) | sales share_percent, scenario=Baseline Simulation",sales_mix.csv,Medium,Baseline Simulation
Philippines,Key\TransportDataStock\Vehicles_Sales_Share\Truck\Blended Diesel,Activity Level,"Interp(2006, 98.793, 2007, 98.7978, 2008, 98.7938, 2009, 98.7947, 2010, 98.7997, 2011, 98.7981, 2012, 98.8007, 2013, 98.7979, 2014, 98.7995, 2015, 98.7968, 2016, 98.7983, 2017, 98.8032, 2018, 98.7983, 2019, 98.7975, 2020, 98.8004, 2021, 98.801, 2022, 98.7999, 2023, 98.8023, 2024, 98.7988)",,Blended Diesel,sales_mix.csv (Transport pipeline 2026-05-19),"sales share_percent, scenario=Current Accounts",sales_mix.csv,Medium,Current Accounts
Philippines,Key\TransportDataStock\Vehicles_Sales_Share\Truck\Blended Diesel,Activity Level,Remainder(100),,Blended Diesel,sales_mix.csv (Transport pipeline 2026-05-19),"PATCHED 2026-05-20: Remainder(100) replaces Interp() per CA-2024 vs fwd-2025 continuity check (see _ca_2024_vs_fwd_2025_mismatches_20260520.csv) | sales share_percent, scenario=Regional Aspiration Scenario",sales_mix.csv,Medium,Regional Aspiration Scenario
Philippines,Key\TransportDataStock\Vehicles_Sales_Share\Truck\Electricity,Activity Level,"Interp(2026, 0.167973, 2027, 0.365556, 2028, 0.597206, 2029, 0.867758, 2030, 1.18233, 2031, 1.54618, 2032, 1.96451, 2033, 2.44215, 2034, 2.98322, 2035, 3.59067, 2036, 4.26585, 2037, 5.00798, 2038, 5.81378, 2039, 6.67713, 2040, 7.58908, 2041, 8.53799, 2042, 9.51004, 2043, 10.49, 2044, 11.462, 2045, 12.4109, 2046, 13.3229, 2047, 14.1862, 2048, 14.992, 2049, 15.7341, 2050, 16.4093, 2051, 17.0168, 2052, 17.5578, 2053, 18.0355, 2054, 18.4538, 2055, 18.8177, 2056, 19.1322, 2057, 19.4028, 2058, 19.6344, 2059, 19.832, 2060, 20)",,Electricity,sales_mix.csv (Transport pipeline 2026-05-19),"sales share_percent, scenario=Regional Aspiration Scenario",sales_mix.csv,Medium,Regional Aspiration Scenario
Philippines,Key\TransportDataStock\Vehicles_Sales_Share\Truck\Gasoline,Activity Level,"Interp(2006, 1.20697, 2007, 1.20216, 2008, 1.20621, 2009, 1.20525, 2010, 1.20027, 2011, 1.20195, 2012, 1.19934, 2013, 1.2021, 2014, 1.20054, 2015, 1.2032, 2016, 1.20169, 2017, 1.19677, 2018, 1.20167, 2019, 1.20245, 2020, 1.19961, 2021, 1.199, 2022, 1.20008, 2023, 1.19769, 2024, 1.20121)",,Gasoline,sales_mix.csv (Transport pipeline 2026-05-19),"sales share_percent, scenario=Current Accounts",sales_mix.csv,Medium,Current Accounts
Philippines,Demand\Transport\Road\Bus\Blended Diesel\Blended Diesel,Mileage,"Interp(2025, 10096, 2030, 10096, 2035, 10096, 2040, 10096, 2045, 10096, 2050, 10096, 2055, 10096, 2060, 10096)",Kilometer,Blended Diesel,"hdv-socioecon-fit (n_train=8 = 2 ASEAN + 6 peers; R2=0.15, LOO_RMSE_log=0.552)",mileage vehicle-wide; confidence=hdv_socioecon_predicted,mileage_anchors.csv,Medium,Current Accounts
Philippines,Demand\Transport\Road\Bus\Electricity\Electricity,Mileage,"Interp(2025, 10096, 2030, 10096, 2035, 10096, 2040, 10096, 2045, 10096, 2050, 10096, 2055, 10096, 2060, 10096)",Kilometer,Electricity,"hdv-socioecon-fit (n_train=8 = 2 ASEAN + 6 peers; R2=0.15, LOO_RMSE_log=0.552)",mileage vehicle-wide; confidence=hdv_socioecon_predicted,mileage_anchors.csv,Medium,Current Accounts
Philippines,Demand\Transport\Road\Bus\Gasoline\Gasoline,Mileage,"Interp(2025, 10096, 2030, 10096, 2035, 10096, 2040, 10096, 2045, 10096, 2050, 10096, 2055, 10096, 2060, 10096)",Kilometer,Gasoline,"hdv-socioecon-fit (n_train=8 = 2 ASEAN + 6 peers; R2=0.15, LOO_RMSE_log=0.552)",mileage vehicle-wide; confidence=hdv_socioecon_predicted,mileage_anchors.csv,Medium,Current Accounts
Philippines,Demand\Transport\Road\Bus\Hydrogen\Hydrogen,Mileage,"Interp(2025, 10096, 2030, 10096, 2035, 10096, 2040, 10096, 2045, 10096, 2050, 10096, 2055, 10096, 2060, 10096)",Kilometer,Hydrogen,"hdv-socioecon-fit (n_train=8 = 2 ASEAN + 6 peers; R2=0.15, LOO_RMSE_log=0.552)",mileage vehicle-wide; confidence=hdv_socioecon_predicted,mileage_anchors.csv,Medium,Current Accounts
Philippines,Demand\Transport\Road\Bus\Natural Gas\Natural Gas,Mileage,"Interp(2025, 10096, 2030, 10096, 2035, 10096, 2040, 10096, 2045, 10096, 2050, 10096, 2055, 10096, 2060, 10096)",Kilometer,Natural Gas,"hdv-socioecon-fit (n_train=8 = 2 ASEAN + 6 peers; R2=0.15, LOO_RMSE_log=0.552)",mileage vehicle-wide; confidence=hdv_socioecon_predicted,mileage_anchors.csv,Medium,Current Accounts
Philippines,Demand\Transport\Road\Motorcyle\Electricity\Electricity,Mileage,"Interp(2025, 13176, 2030, 13176, 2035, 13176, 2040, 13176, 2045, 13176, 2050, 13176, 2055, 13176, 2060, 13176)",Kilometer,Electricity,"socioecon-fit v2 pooled (n_train=5, R2=0.77, LOO_RMSE_log=0.295); train countries: India,Indonesia,Malaysia,Singapore,Viet Nam",mileage vehicle-wide; confidence=socioecon_predicted,mileage_anchors.csv,Medium,Current Accounts
Philippines,Demand\Transport\Road\Motorcyle\Gasoline\Gasoline,Mileage,"Interp(2025, 13176, 2030, 13176, 2035, 13176, 2040, 13176, 2045, 13176, 2050, 13176, 2055, 13176, 2060, 13176)",Kilometer,Gasoline,"socioecon-fit v2 pooled (n_train=5, R2=0.77, LOO_RMSE_log=0.295); train countries: India,Indonesia,Malaysia,Singapore,Viet Nam",mileage vehicle-wide; confidence=socioecon_predicted,mileage_anchors.csv,Medium,Current Accounts
Philippines,Demand\Transport\Road\PassengerCar\Blended Diesel\Blended Diesel,Mileage,"Interp(2025, 13236, 2030, 13236, 2035, 13236, 2040, 13236, 2045, 13236, 2050, 13236, 2055, 13236, 2060, 13236)",Kilometer,Blended Diesel,Energy and environmental benefits and policy implications for private passenger vehicles in an emerging metropolis of Southeast Asia: A case study of Metro Manila (2020 PMC7314698) - household survey n=1795,mileage vehicle-wide; confidence=source_confirmed_external,mileage_anchors.csv,Medium,Current Accounts
Philippines,Demand\Transport\Road\PassengerCar\Electricity\Electricity,Mileage,"Interp(2025, 13236, 2030, 13236, 2035, 13236, 2040, 13236, 2045, 13236, 2050, 13236, 2055, 13236, 2060, 13236)",Kilometer,Electricity,Energy and environmental benefits and policy implications for private passenger vehicles in an emerging metropolis of Southeast Asia: A case study of Metro Manila (2020 PMC7314698) - household survey n=1795,mileage vehicle-wide; confidence=source_confirmed_external,mileage_anchors.csv,Medium,Current Accounts
Philippines,Demand\Transport\Road\PassengerCar\Gasoline\Gasoline,Mileage,"Interp(2025, 13236, 2030, 13236, 2035, 13236, 2040, 13236, 2045, 13236, 2050, 13236, 2055, 13236, 2060, 13236)",Kilometer,Gasoline,Energy and environmental benefits and policy implications for private passenger vehicles in an emerging metropolis of Southeast Asia: A case study of Metro Manila (2020 PMC7314698) - household survey n=1795,mileage vehicle-wide; confidence=source_confirmed_external,mileage_anchors.csv,Medium,Current Accounts
Philippines,Demand\Transport\Road\PassengerCar\Natural Gas\Natural Gas,Mileage,"Interp(2025, 13236, 2030, 13236, 2035, 13236, 2040, 13236, 2045, 13236, 2050, 13236, 2055, 13236, 2060, 13236)",Kilometer,Natural Gas,Energy and environmental benefits and policy implications for private passenger vehicles in an emerging metropolis of Southeast Asia: A case study of Metro Manila (2020 PMC7314698) - household survey n=1795,mileage vehicle-wide; confidence=source_confirmed_external,mileage_anchors.csv,Medium,Current Accounts
Philippines,Demand\Transport\Road\Truck\Blended Diesel\Blended Diesel,Mileage,"Interp(2025, 33247, 2030, 33247, 2035, 33247, 2040, 33247, 2045, 33247, 2050, 33247, 2055, 33247, 2060, 33247)",Kilometer,Blended Diesel,Vergel et al 2022 Asian Transport Studies 8 100058 Table 8 truck VKT 13.55 billion vehicle-km / LTO truck stock 407.4k (ASEAN Statistical Yearbook 2016),mileage vehicle-wide; confidence=source_confirmed_external,mileage_anchors.csv,Medium,Current Accounts
Philippines,Demand\Transport\Road\Truck\Electricity\Electricity,Mileage,"Interp(2025, 33247, 2030, 33247, 2035, 33247, 2040, 33247, 2045, 33247, 2050, 33247, 2055, 33247, 2060, 33247)",Kilometer,Electricity,Vergel et al 2022 Asian Transport Studies 8 100058 Table 8 truck VKT 13.55 billion vehicle-km / LTO truck stock 407.4k (ASEAN Statistical Yearbook 2016),mileage vehicle-wide; confidence=source_confirmed_external,mileage_anchors.csv,Medium,Current Accounts
Philippines,Demand\Transport\Road\Truck\Gasoline\Gasoline,Mileage,"Interp(2025, 33247, 2030, 33247, 2035, 33247, 2040, 33247, 2045, 33247, 2050, 33247, 2055, 33247, 2060, 33247)",Kilometer,Gasoline,Vergel et al 2022 Asian Transport Studies 8 100058 Table 8 truck VKT 13.55 billion vehicle-km / LTO truck stock 407.4k (ASEAN Statistical Yearbook 2016),mileage vehicle-wide; confidence=source_confirmed_external,mileage_anchors.csv,Medium,Current Accounts
Philippines,Demand\Transport\Road\Truck\Hydrogen\Hydrogen,Mileage,"Interp(2025, 33247, 2030, 33247, 2035, 33247, 2040, 33247, 2045, 33247, 2050, 33247, 2055, 33247, 2060, 33247)",Kilometer,Hydrogen,Vergel et al 2022 Asian Transport Studies 8 100058 Table 8 truck VKT 13.55 billion vehicle-km / LTO truck stock 407.4k (ASEAN Statistical Yearbook 2016),mileage vehicle-wide; confidence=source_confirmed_external,mileage_anchors.csv,Medium,Current Accounts
Philippines,Demand\Transport\Road\Truck\Natural Gas\Natural Gas,Mileage,"Interp(2025, 33247, 2030, 33247, 2035, 33247, 2040, 33247, 2045, 33247, 2050, 33247, 2055, 33247, 2060, 33247)",Kilometer,Natural Gas,Vergel et al 2022 Asian Transport Studies 8 100058 Table 8 truck VKT 13.55 billion vehicle-km / LTO truck stock 407.4k (ASEAN Statistical Yearbook 2016),mileage vehicle-wide; confidence=source_confirmed_external,mileage_anchors.csv,Medium,Current Accounts
Singapore,Key\TransportDataStock\Vehicle_Sales\Bus,Activity Level,"Interp(2006, 157.762, 2007, 157.815, 2008, 158.87, 2009, 158.926, 2010, 158.983, 2011, 159.043, 2012, 160.104, 2013, 160.167, 2014, 160.232, 2015, 160.299, 2016, 161.368, 2017, 161.439, 2018, 312.512, 2019, 371.588, 2020, 441.665, 2021, 521.745, 2022, 613.828, 2023, 719.913, 2024, 853, 2025, 17077.8, 2026, 949.353, 2027, 1001.54, 2028, 1056.59, 2029, 1114.67, 2030, 1114.67, 2031, 1114.67, 2032, 1114.67, 2033, 1114.67, 2034, 1114.67, 2035, 1114.67, 2036, 1114.67, 2037, 1114.67, 2038, 2297.98, 2039, 2606.55, 2040, 2807.13, 2041, 2881.01, 2042, 2904.78, 2043, 2478.61, 2044, 2346.48, 2045, 2187.74, 2046, 2085.37, 2047, 1699.49, 2048, 1711.61, 2049, 1775.37, 2050, 1856.2, 2051, 1988.65, 2052, 2139.06, 2053, 2277.01, 2054, 2411.98, 2055, 2534.65, 2056, 2605.05, 2057, 2631.94, 2058, 2637.11, 2059, 2622.4, 2060, 2573.22)",,,sales_magnitude.csv (Transport pipeline 2026-05-19),absolute sales count (all fuels combined),sales_magnitude.csv,Medium,Current Accounts
Singapore,Key\TransportDataStock\Vehicle_Sales\Motorcycle,Activity Level,"Interp(2006, 792.983, 2007, 816.772, 2008, 841.275, 2009, 866.514, 2010, 892.509, 2011, 919.284, 2012, 946.863, 2013, 975.269, 2014, 1004.53, 2015, 1034.66, 2016, 1065.7, 2017, 1097.67, 2018, 2153.6, 2019, 2591.52, 2020, 3096.46, 2021, 3678.44, 2022, 4347.5, 2023, 5113.68, 2024, 1500, 2025, 112938, 2026, 2063.59, 2027, 1999.84, 2028, 1980.21, 2029, 2078.03, 2030, 2224.06, 2031, 2411.32, 2032, 2749.73, 2033, 3176.04, 2034, 5520.91, 2035, 11728.7, 2036, 10681.9, 2037, 11787.7, 2038, 12882.6, 2039, 12813.4, 2040, 13814.8, 2041, 13663, 2042, 13630.4, 2043, 10344.8, 2044, 9528.1, 2045, 9026.87, 2046, 8546.5, 2047, 6594.53, 2048, 6736.61, 2049, 7360.08, 2050, 8096.24, 2051, 8964.33, 2052, 9883.55, 2053, 10401.2, 2054, 10821.8, 2055, 11063.2, 2056, 11041.5, 2057, 10724.2, 2058, 10328.2, 2059, 9887.26, 2060, 9415.35)",,,sales_magnitude.csv (Transport pipeline 2026-05-19),absolute sales count (all fuels combined),sales_magnitude.csv,Medium,Current Accounts
Singapore,Key\TransportDataStock\Vehicle_Sales\PassengerCar,Activity Level,"Interp(2006, 4722.65, 2007, 4864.33, 2008, 5010.26, 2009, 5160.57, 2010, 5315.39, 2011, 5474.85, 2012, 5639.09, 2013, 5808.27, 2014, 5982.52, 2015, 6161.99, 2016, 6346.85, 2017, 6537.26, 2018, 13317.4, 2019, 14955.4, 2020, 16810.4, 2021, 18909.7, 2022, 21285.5, 2023, 23968.8, 2024, 12000, 2025, 513493, 2026, 10791.5, 2027, 10617.1, 2028, 10717.5, 2029, 11288.7, 2030, 12059.6, 2031, 12989.2, 2032, 14547.1, 2033, 16557.3, 2034, 27416.8, 2035, 55518.1, 2036, 50735.6, 2037, 55711.3, 2038, 60600.2, 2039, 60267.2, 2040, 64745.1, 2041, 64034.9, 2042, 63768, 2043, 48860.9, 2044, 45181.8, 2045, 42947.9, 2046, 40742, 2047, 31925, 2048, 32607.1, 2049, 35462.6, 2050, 38813, 2051, 42770.1, 2052, 46930.4, 2053, 49263.6, 2054, 51153.3, 2055, 52227.3, 2056, 52103.3, 2057, 50642.7, 2058, 48831.1, 2059, 46820.5, 2060, 44677.8)",,,sales_magnitude.csv (Transport pipeline 2026-05-19),absolute sales count (all fuels combined),sales_magnitude.csv,Medium,Current Accounts
Singapore,Key\TransportDataStock\Vehicle_Sales\Truck,Activity Level,"Interp(2005, 14762, 2006, 14367, 2007, 11682, 2008, 9616, 2009, 6142, 2010, 4714, 2011, 6094, 2012, 4853, 2013, 6745, 2014, 12598, 2015, 1798, 2016, 17339, 2017, 19748, 2025, 97860.2, 2026, 26016, 2027, 26016, 2028, 26016, 2029, 26016, 2030, 26016, 2031, 26016, 2032, 26016, 2033, 26016, 2034, 26016, 2035, 26016, 2036, 26016, 2037, 26016, 2038, 26016, 2039, 26016, 2040, 26016, 2041, 26016, 2042, 26016, 2043, 26016, 2044, 26016, 2045, 26016, 2046, 26016, 2047, 26016, 2048, 26016, 2049, 26016, 2050, 26016, 2051, 26016, 2052, 26016, 2053, 26016, 2054, 26016, 2055, 26016, 2056, 26016, 2057, 26016, 2058, 26016, 2059, 26016, 2060, 26016)",,,sales_magnitude.csv (Transport pipeline 2026-05-19),absolute sales count (all fuels combined),sales_magnitude.csv,Medium,Current Accounts
Singapore,Key\TransportDataStock\Vehicles_Sales_Share\Bus\Blended Diesel,Activity Level,"Interp(2025, 88.2767, 2026, 84.4823, 2027, 79.9972, 2028, 74.7934, 2029, 68.8853, 2030, 62.3397, 2031, 55.2821, 2032, 47.8915, 2033, 40.3852, 2034, 32.9946, 2035, 25.937, 2036, 19.3914, 2037, 13.4832, 2038, 8.27952, 2039, 3.79435)",,Blended Diesel,sales_mix.csv (Transport pipeline 2026-05-19),"sales share_percent, scenario=AMS Target Scenario",sales_mix.csv,Medium,AMS Target Scenario
Singapore,Key\TransportDataStock\Vehicles_Sales_Share\Bus\Blended Diesel,Activity Level,"Interp(2025, 88.2767, 2026, 87.9375, 2027, 87.5746, 2028, 87.1873, 2029, 86.7753, 2030, 86.3383, 2031, 85.8764, 2032, 85.39, 2033, 84.8795, 2034, 84.346, 2035, 83.7906, 2036, 83.2151, 2037, 82.6211, 2038, 82.011, 2039, 81.3873, 2040, 80.7527, 2041, 80.1102, 2042, 79.4628, 2043, 78.8138, 2044, 78.1665, 2045, 77.5239, 2046, 76.8893, 2047, 76.2656, 2048, 75.6556, 2049, 75.0616, 2050, 74.486, 2051, 73.9307, 2052, 73.3972, 2053, 72.8867, 2054, 72.4002, 2055, 71.9383, 2056, 71.5014, 2057, 71.0893, 2058, 70.7021, 2059, 70.3391, 2060, 70)",,Blended Diesel,sales_mix.csv (Transport pipeline 2026-05-19),"sales share_percent, scenario=Baseline Simulation",sales_mix.csv,Medium,Baseline Simulation
Singapore,Key\TransportDataStock\Vehicles_Sales_Share\Bus\Blended Diesel,Activity Level,"Interp(2006, 98.883, 2007, 98.8499, 2008, 98.8232, 2009, 98.7884, 2010, 98.7525, 2011, 98.7155, 2012, 98.6858, 2013, 98.6469, 2014, 98.6068, 2015, 98.5657, 2016, 98.5324, 2017, 98.489, 2018, 50.878, 2019, 42.7893, 2020, 36.2265, 2021, 30.6663, 2022, 26.0659, 2023, 22.2249, 2024, 87.925)",,Blended Diesel,sales_mix.csv (Transport pipeline 2026-05-19),"sales share_percent, scenario=Current Accounts",sales_mix.csv,Medium,Current Accounts
Singapore,Key\TransportDataStock\Vehicles_Sales_Share\Bus\Blended Diesel,Activity Level,"Interp(2025, 88.2767, 2026, 81.4595, 2027, 73.4573, 2028, 64.3825, 2029, 54.4848, 2030, 44.1383, 2031, 33.7919, 2032, 23.8942, 2033, 14.8194, 2034, 6.81721)",,Blended Diesel,sales_mix.csv (Transport pipeline 2026-05-19),"sales share_percent, scenario=Regional Aspiration Scenario",sales_mix.csv,Medium,Regional Aspiration Scenario
Singapore,Key\TransportDataStock\Vehicles_Sales_Share\Bus\Electricity,Activity Level,"Interp(2025, 11.7233, 2026, 15.5177, 2027, 20.0028, 2028, 25.2066, 2029, 31.1147, 2030, 37.6603, 2031, 44.7179, 2032, 52.1085, 2033, 59.6148, 2034, 67.0054, 2035, 74.063, 2036, 80.6086, 2037, 86.5168, 2038, 91.7205, 2039, 96.2056, 2040, 100, 2041, 100, 2042, 100, 2043, 100, 2044, 100, 2045, 100, 2046, 100, 2047, 100, 2048, 100, 2049, 100, 2050, 100, 2051, 100, 2052, 100, 2053, 100, 2054, 100, 2055, 100, 2056, 100, 2057, 100, 2058, 100, 2059, 100, 2060, 100)",,Electricity,sales_mix.csv (Transport pipeline 2026-05-19),"sales share_percent, scenario=AMS Target Scenario",sales_mix.csv,Medium,AMS Target Scenario
Singapore,Key\TransportDataStock\Vehicles_Sales_Share\Bus\Electricity,Activity Level,"Interp(2025, 11.7233, 2026, 12.0625, 2027, 12.4254, 2028, 12.8127, 2029, 13.2247, 2030, 13.6617, 2031, 14.1236, 2032, 14.61, 2033, 15.1205, 2034, 15.654, 2035, 16.2094, 2036, 16.7849, 2037, 17.3789, 2038, 17.989, 2039, 18.6127, 2040, 19.2473, 2041, 19.8898, 2042, 20.5372, 2043, 21.1862, 2044, 21.8335, 2045, 22.4761, 2046, 23.1107, 2047, 23.7344, 2048, 24.3444, 2049, 24.9384, 2050, 25.514, 2051, 26.0693, 2052, 26.6028, 2053, 27.1133, 2054, 27.5998, 2055, 28.0617, 2056, 28.4986, 2057, 28.9107, 2058, 29.2979, 2059, 29.6609, 2060, 30)",,Electricity,sales_mix.csv (Transport pipeline 2026-05-19),"sales share_percent, scenario=Baseline Simulation",sales_mix.csv,Medium,Baseline Simulation
Singapore,Key\TransportDataStock\Vehicles_Sales_Share\Bus\Electricity,Activity Level,"Interp(2006, 0, 2007, 0, 2008, 0, 2009, 0, 2010, 0, 2011, 0, 2012, 0, 2013, 0, 2014, 0, 2015, 0, 2016, 0, 2017, 0, 2018, 48.3181, 2019, 56.5142, 2020, 63.17, 2021, 68.8075, 2022, 73.4734, 2023, 77.3705, 2024, 11.7233)",,Electricity,sales_mix.csv (Transport pipeline 2026-05-19),"sales share_percent, scenario=Current Accounts",sales_mix.csv,Medium,Current Accounts
Singapore,Key\TransportDataStock\Vehicles_Sales_Share\Bus\Electricity,Activity Level,"Interp(2025, 11.7233, 2026, 18.5405, 2027, 26.5427, 2028, 35.6175, 2029, 45.5152, 2030, 55.8617, 2031, 66.2081, 2032, 76.1058, 2033, 85.1806, 2034, 93.1828, 2035, 100, 2036, 100, 2037, 100, 2038, 100, 2039, 100, 2040, 100, 2041, 100, 2042, 100, 2043, 100, 2044, 100, 2045, 100, 2046, 100, 2047, 100, 2048, 100, 2049, 100, 2050, 100, 2051, 100, 2052, 100, 2053, 100, 2054, 100, 2055, 100, 2056, 100, 2057, 100, 2058, 100, 2059, 100, 2060, 100)",,Electricity,sales_mix.csv (Transport pipeline 2026-05-19),"sales share_percent, scenario=Regional Aspiration Scenario",sales_mix.csv,Medium,Regional Aspiration Scenario
Singapore,Key\TransportDataStock\Vehicles_Sales_Share\Bus\Gasoline,Activity Level,"Interp(2006, 1.11699, 2007, 1.15011, 2008, 1.17675, 2009, 1.21163, 2010, 1.24752, 2011, 1.28447, 2012, 1.31423, 2013, 1.35313, 2014, 1.39315, 2015, 1.43435, 2016, 1.46759, 2017, 1.51095, 2018, 0.803953, 2019, 0.696424, 2020, 0.603502, 2021, 0.5262, 2022, 0.460681, 2023, 0.40458, 2024, 0.3517)",,Gasoline,sales_mix.csv (Transport pipeline 2026-05-19),"sales share_percent, scenario=Current Accounts",sales_mix.csv,Medium,Current Accounts
Singapore,Key\TransportDataStock\Vehicles_Sales_Share\Motorcycle\Electricity,Activity Level,"Interp(2025, 10, 2026, 23.5713, 2027, 37.783, 2028, 52.217, 2029, 66.4287, 2030, 80, 2031, 92.5867, 2032, 100, 2033, 100, 2034, 100, 2035, 100, 2036, 100, 2037, 100, 2038, 100, 2039, 100, 2040, 100, 2041, 100, 2042, 100, 2043, 100, 2044, 100, 2045, 100, 2046, 100, 2047, 100, 2048, 100, 2049, 100, 2050, 100, 2051, 100, 2052, 100, 2053, 100, 2054, 100, 2055, 100, 2056, 100, 2057, 100, 2058, 100, 2059, 100, 2060, 100)",,Electricity,sales_mix.csv (Transport pipeline 2026-05-19),"sales share_percent, scenario=AMS Target Scenario",sales_mix.csv,Medium,AMS Target Scenario
Singapore,Key\TransportDataStock\Vehicles_Sales_Share\Motorcycle\Electricity,Activity Level,"Interp(2025, 10, 2026, 10.7422, 2027, 11.5365, 2028, 12.3841, 2029, 13.2858, 2030, 14.2422, 2031, 15.2531, 2032, 16.3178, 2033, 17.435, 2034, 18.6026, 2035, 19.818, 2036, 21.0778, 2037, 22.3776, 2038, 23.7128, 2039, 25.0779, 2040, 26.4668, 2041, 27.873, 2042, 29.2898, 2043, 30.7102, 2044, 32.127, 2045, 33.5332, 2046, 34.9221, 2047, 36.2872, 2048, 37.6224, 2049, 38.9222, 2050, 40.182, 2051, 41.3974, 2052, 42.565, 2053, 43.6822, 2054, 44.7469, 2055, 45.7578, 2056, 46.7142, 2057, 47.6159, 2058, 48.4635, 2059, 49.2578, 2060, 50)",,Electricity,sales_mix.csv (Transport pipeline 2026-05-19),"sales share_percent, scenario=Baseline Simulation",sales_mix.csv,Medium,Baseline Simulation
Singapore,Key\TransportDataStock\Vehicles_Sales_Share\Motorcycle\Electricity,Activity Level,"Interp(2006, 0, 2007, 0, 2008, 0, 2009, 0, 2010, 0, 2011, 0, 2012, 0, 2013, 0, 2014, 0, 2015, 0, 2016, 0, 2017, 0, 2018, 47.5018, 2019, 55.0642, 2020, 61.2636, 2021, 66.414, 2022, 70.7302, 2023, 74.3691, 2024, 10)",,Electricity,sales_mix.csv (Transport pipeline 2026-05-19),"sales share_percent, scenario=Current Accounts",sales_mix.csv,Medium,Current Accounts
Singapore,Key\TransportDataStock\Vehicles_Sales_Share\Motorcycle\Electricity,Activity Level,"Interp(2025, 10, 2026, 23.5713, 2027, 37.783, 2028, 52.217, 2029, 66.4287, 2030, 80, 2031, 92.5867, 2032, 100, 2033, 100, 2034, 100, 2035, 100, 2036, 100, 2037, 100, 2038, 100, 2039, 100, 2040, 100, 2041, 100, 2042, 100, 2043, 100, 2044, 100, 2045, 100, 2046, 100, 2047, 100, 2048, 100, 2049, 100, 2050, 100, 2051, 100, 2052, 100, 2053, 100, 2054, 100, 2055, 100, 2056, 100, 2057, 100, 2058, 100, 2059, 100, 2060, 100)",,Electricity,sales_mix.csv (Transport pipeline 2026-05-19),"sales share_percent, scenario=Regional Aspiration Scenario",sales_mix.csv,Medium,Regional Aspiration Scenario
Singapore,Key\TransportDataStock\Vehicles_Sales_Share\Motorcycle\Gasoline,Activity Level,"Interp(2025, 90, 2026, 76.4287, 2027, 62.217, 2028, 47.783, 2029, 33.5713, 2030, 20, 2031, 7.41332, 2032, 1.11022e-14, 2033, 1.11022e-14, 2034, 1.11022e-14, 2035, 1.11022e-14, 2036, 1.11022e-14, 2037, 1.11022e-14, 2038, 1.11022e-14, 2039, 1.11022e-14, 2040, 1.11022e-14, 2041, 1.11022e-14, 2042, 1.11022e-14, 2043, 1.11022e-14, 2044, 1.11022e-14, 2045, 1.11022e-14, 2046, 1.11022e-14, 2047, 1.11022e-14, 2048, 1.11022e-14, 2049, 1.11022e-14, 2050, 1.11022e-14, 2051, 1.11022e-14, 2052, 1.11022e-14, 2053, 1.11022e-14, 2054, 1.11022e-14, 2055, 1.11022e-14, 2056, 1.11022e-14, 2057, 1.11022e-14, 2058, 1.11022e-14, 2059, 1.11022e-14, 2060, 1.11022e-14)",,Gasoline,sales_mix.csv (Transport pipeline 2026-05-19),"sales share_percent, scenario=AMS Target Scenario",sales_mix.csv,Medium,AMS Target Scenario
Singapore,Key\TransportDataStock\Vehicles_Sales_Share\Motorcycle\Gasoline,Activity Level,"Interp(2025, 90, 2026, 89.2578, 2027, 88.4635, 2028, 87.6159, 2029, 86.7142, 2030, 85.7578, 2031, 84.7469, 2032, 83.6822, 2033, 82.565, 2034, 81.3974, 2035, 80.182, 2036, 78.9222, 2037, 77.6224, 2038, 76.2872, 2039, 74.9221, 2040, 73.5332, 2041, 72.127, 2042, 70.7102, 2043, 69.2898, 2044, 67.873, 2045, 66.4668, 2046, 65.0779, 2047, 63.7128, 2048, 62.3776, 2049, 61.0778, 2050, 59.818, 2051, 58.6026, 2052, 57.435, 2053, 56.3178, 2054, 55.2531, 2055, 54.2422, 2056, 53.2858, 2057, 52.3841, 2058, 51.5365, 2059, 50.7422, 2060, 50)",,Gasoline,sales_mix.csv (Transport pipeline 2026-05-19),"sales share_percent, scenario=Baseline Simulation",sales_mix.csv,Medium,Baseline Simulation
Singapore,Key\TransportDataStock\Vehicles_Sales_Share\Motorcycle\Gasoline,Activity Level,"Interp(2006, 100, 2007, 100, 2008, 100, 2009, 100, 2010, 100, 2011, 100, 2012, 100, 2013, 100, 2014, 100, 2015, 100, 2016, 100, 2017, 100, 2018, 52.4982, 2019, 44.9358, 2020, 38.7364, 2021, 33.586, 2022, 29.2698, 2023, 25.6309, 2024, 90)",,Gasoline,sales_mix.csv (Transport pipeline 2026-05-19),"sales share_percent, scenario=Current Accounts",sales_mix.csv,Medium,Current Accounts
Singapore,Key\TransportDataStock\Vehicles_Sales_Share\Motorcycle\Gasoline,Activity Level,"Interp(2025, 90, 2026, 76.4287, 2027, 62.217, 2028, 47.783, 2029, 33.5713, 2030, 20, 2031, 7.41332, 2032, 1.11022e-14, 2033, 1.11022e-14, 2034, 1.11022e-14, 2035, 1.11022e-14, 2036, 1.11022e-14, 2037, 1.11022e-14, 2038, 1.11022e-14, 2039, 1.11022e-14, 2040, 1.11022e-14, 2041, 1.11022e-14, 2042, 1.11022e-14, 2043, 1.11022e-14, 2044, 1.11022e-14, 2045, 1.11022e-14, 2046, 1.11022e-14, 2047, 1.11022e-14, 2048, 1.11022e-14, 2049, 1.11022e-14, 2050, 1.11022e-14, 2051, 1.11022e-14, 2052, 1.11022e-14, 2053, 1.11022e-14, 2054, 1.11022e-14, 2055, 1.11022e-14, 2056, 1.11022e-14, 2057, 1.11022e-14, 2058, 1.11022e-14, 2059, 1.11022e-14, 2060, 1.11022e-14)",,Gasoline,sales_mix.csv (Transport pipeline 2026-05-19),"sales share_percent, scenario=Regional Aspiration Scenario",sales_mix.csv,Medium,Regional Aspiration Scenario
Singapore,Key\TransportDataStock\Vehicles_Sales_Share\PassengerCar\Blended Diesel,Activity Level,"Interp(2025, 47, 2026, 36.6082, 2027, 25.7262, 2028, 14.6738, 2029, 3.79177)",,Blended Diesel,sales_mix.csv (Transport pipeline 2026-05-19),"sales share_percent, scenario=AMS Target Scenario",sales_mix.csv,Medium,AMS Target Scenario
Singapore,Key\TransportDataStock\Vehicles_Sales_Share\PassengerCar\Blended Diesel,Activity Level,"Interp(2025, 47, 2026, 46.8961, 2027, 46.7849, 2028, 46.6662, 2029, 46.54, 2030, 46.4061, 2031, 46.2646, 2032, 46.1155, 2033, 45.9591, 2034, 45.7956, 2035, 45.6255, 2036, 45.4491, 2037, 45.2671, 2038, 45.0802, 2039, 44.8891, 2040, 44.6947, 2041, 44.4978, 2042, 44.2994, 2043, 44.1006, 2044, 43.9022, 2045, 43.7053, 2046, 43.5109, 2047, 43.3198, 2048, 43.1329, 2049, 42.9509, 2050, 42.7745, 2051, 42.6044, 2052, 42.4409, 2053, 42.2845, 2054, 42.1354, 2055, 41.9939, 2056, 41.86, 2057, 41.7338, 2058, 41.6151, 2059, 41.5039, 2060, 41.4)",,Blended Diesel,sales_mix.csv (Transport pipeline 2026-05-19),"sales share_percent, scenario=Baseline Simulation",sales_mix.csv,Medium,Baseline Simulation
Singapore,Key\TransportDataStock\Vehicles_Sales_Share\PassengerCar\Blended Diesel,Activity Level,"Interp(2006, 70.1493, 2007, 70.1493, 2008, 70.1493, 2009, 70.1493, 2010, 70.1493, 2011, 70.1493, 2012, 70.1493, 2013, 70.1493, 2014, 70.1493, 2015, 70.1493, 2016, 70.1493, 2017, 70.1493, 2018, 35.468, 2019, 32.5309, 2020, 29.8093, 2021, 27.2949, 2022, 24.9759, 2023, 22.8452, 2024, 47)",,Blended Diesel,sales_mix.csv (Transport pipeline 2026-05-19),"sales share_percent, scenario=Current Accounts",sales_mix.csv,Medium,Current Accounts
Singapore,Key\TransportDataStock\Vehicles_Sales_Share\PassengerCar\Blended Diesel,Activity Level,"Interp(2025, 47, 2026, 36.6082, 2027, 25.7262, 2028, 14.6738, 2029, 3.79177)",,Blended Diesel,sales_mix.csv (Transport pipeline 2026-05-19),"sales share_percent, scenario=Regional Aspiration Scenario",sales_mix.csv,Medium,Regional Aspiration Scenario
Singapore,Key\TransportDataStock\Vehicles_Sales_Share\PassengerCar\Electricity,Activity Level,"Interp(2025, 33, 2026, 45.9897, 2027, 59.5923, 2028, 73.4077, 2029, 87.0103, 2030, 100, 2031, 100, 2032, 100, 2033, 100, 2034, 100, 2035, 100, 2036, 100, 2037, 100, 2038, 100, 2039, 100, 2040, 100, 2041, 100, 2042, 100, 2043, 100, 2044, 100, 2045, 100, 2046, 100, 2047, 100, 2048, 100, 2049, 100, 2050, 100, 2051, 100, 2052, 100, 2053, 100, 2054, 100, 2055, 100, 2056, 100, 2057, 100, 2058, 100, 2059, 100, 2060, 100)",,Electricity,sales_mix.csv (Transport pipeline 2026-05-19),"sales share_percent, scenario=AMS Target Scenario",sales_mix.csv,Medium,AMS Target Scenario
Singapore,Key\TransportDataStock\Vehicles_Sales_Share\PassengerCar\Electricity,Activity Level,"Interp(2025, 33, 2026, 33.1299, 2027, 33.2689, 2028, 33.4172, 2029, 33.575, 2030, 33.7424, 2031, 33.9193, 2032, 34.1056, 2033, 34.3011, 2034, 34.5055, 2035, 34.7182, 2036, 34.9386, 2037, 35.1661, 2038, 35.3997, 2039, 35.6386, 2040, 35.8817, 2041, 36.1278, 2042, 36.3757, 2043, 36.6243, 2044, 36.8722, 2045, 37.1183, 2046, 37.3614, 2047, 37.6003, 2048, 37.8339, 2049, 38.0614, 2050, 38.2818, 2051, 38.4945, 2052, 38.6989, 2053, 38.8944, 2054, 39.0807, 2055, 39.2576, 2056, 39.425, 2057, 39.5828, 2058, 39.7311, 2059, 39.8701, 2060, 40)",,Electricity,sales_mix.csv (Transport pipeline 2026-05-19),"sales share_percent, scenario=Baseline Simulation",sales_mix.csv,Medium,Baseline Simulation
Singapore,Key\TransportDataStock\Vehicles_Sales_Share\PassengerCar\Electricity,Activity Level,"Interp(2006, 0, 2007, 0, 2008, 0, 2009, 0, 2010, 0, 2011, 0, 2012, 0, 2013, 0, 2014, 0, 2015, 0, 2016, 0, 2017, 0, 2018, 49.4392, 2019, 53.6262, 2020, 57.5059, 2021, 61.0902, 2022, 64.396, 2023, 67.4334, 2024, 33)",,Electricity,sales_mix.csv (Transport pipeline 2026-05-19),"sales share_percent, scenario=Current Accounts",sales_mix.csv,Medium,Current Accounts
Singapore,Key\TransportDataStock\Vehicles_Sales_Share\PassengerCar\Electricity,Activity Level,"Interp(2025, 33, 2026, 45.9897, 2027, 59.5923, 2028, 73.4077, 2029, 87.0103, 2030, 100, 2031, 100, 2032, 100, 2033, 100, 2034, 100, 2035, 100, 2036, 100, 2037, 100, 2038, 100, 2039, 100, 2040, 100, 2041, 100, 2042, 100, 2043, 100, 2044, 100, 2045, 100, 2046, 100, 2047, 100, 2048, 100, 2049, 100, 2050, 100, 2051, 100, 2052, 100, 2053, 100, 2054, 100, 2055, 100, 2056, 100, 2057, 100, 2058, 100, 2059, 100, 2060, 100)",,Electricity,sales_mix.csv (Transport pipeline 2026-05-19),"sales share_percent, scenario=Regional Aspiration Scenario",sales_mix.csv,Medium,Regional Aspiration Scenario
Singapore,Key\TransportDataStock\Vehicles_Sales_Share\PassengerCar\Gasoline,Activity Level,"Interp(2025, 20, 2026, 17.4021, 2027, 14.6815, 2028, 11.9185, 2029, 9.19794)",,Gasoline,sales_mix.csv (Transport pipeline 2026-05-19),"sales share_percent, scenario=AMS Target Scenario",sales_mix.csv,Medium,AMS Target Scenario
Singapore,Key\TransportDataStock\Vehicles_Sales_Share\PassengerCar\Gasoline,Activity Level,"Interp(2025, 20, 2026, 19.974, 2027, 19.9462, 2028, 19.9166, 2029, 19.885, 2030, 19.8515, 2031, 19.8161, 2032, 19.7789, 2033, 19.7398, 2034, 19.6989, 2035, 19.6564, 2036, 19.6123, 2037, 19.5668, 2038, 19.5201, 2039, 19.4723, 2040, 19.4237, 2041, 19.3744, 2042, 19.3249, 2043, 19.2751, 2044, 19.2256, 2045, 19.1763, 2046, 19.1277, 2047, 19.0799, 2048, 19.0332, 2049, 18.9877, 2050, 18.9436, 2051, 18.9011, 2052, 18.8602, 2053, 18.8211, 2054, 18.7839, 2055, 18.7485, 2056, 18.715, 2057, 18.6834, 2058, 18.6538, 2059, 18.626, 2060, 18.6)",,Gasoline,sales_mix.csv (Transport pipeline 2026-05-19),"sales share_percent, scenario=Baseline Simulation",sales_mix.csv,Medium,Baseline Simulation
Singapore,Key\TransportDataStock\Vehicles_Sales_Share\PassengerCar\Gasoline,Activity Level,"Interp(2006, 29.8507, 2007, 29.8507, 2008, 29.8507, 2009, 29.8507, 2010, 29.8507, 2011, 29.8507, 2012, 29.8507, 2013, 29.8507, 2014, 29.8507, 2015, 29.8507, 2016, 29.8507, 2017, 29.8507, 2018, 15.0928, 2019, 13.8429, 2020, 12.6848, 2021, 11.6149, 2022, 10.628, 2023, 9.72137, 2024, 20)",,Gasoline,sales_mix.csv (Transport pipeline 2026-05-19),"sales share_percent, scenario=Current Accounts",sales_mix.csv,Medium,Current Accounts
Singapore,Key\TransportDataStock\Vehicles_Sales_Share\PassengerCar\Gasoline,Activity Level,"Interp(2025, 20, 2026, 17.4021, 2027, 14.6815, 2028, 11.9185, 2029, 9.19794)",,Gasoline,sales_mix.csv (Transport pipeline 2026-05-19),"sales share_percent, scenario=Regional Aspiration Scenario",sales_mix.csv,Medium,Regional Aspiration Scenario
Singapore,Key\TransportDataStock\Vehicles_Sales_Share\Truck\Blended Diesel,Activity Level,"Interp(2025, 100, 2026, 100, 2027, 100, 2028, 100, 2029, 100, 2030, 100, 2031, 100, 2032, 100, 2033, 100, 2034, 100, 2035, 100, 2036, 100, 2037, 100, 2038, 100, 2039, 100, 2040, 100, 2041, 100, 2042, 100, 2043, 100, 2044, 100, 2045, 100, 2046, 100, 2047, 100, 2048, 100, 2049, 100, 2050, 100, 2051, 100, 2052, 100, 2053, 100, 2054, 100, 2055, 100, 2056, 100, 2057, 100, 2058, 100, 2059, 100, 2060, 100)",,Blended Diesel,sales_mix.csv (Transport pipeline 2026-05-19),"sales share_percent, scenario=AMS Target Scenario",sales_mix.csv,Medium,AMS Target Scenario
Singapore,Key\TransportDataStock\Vehicles_Sales_Share\Truck\Blended Diesel,Activity Level,"Interp(2025, 100, 2026, 100, 2027, 100, 2028, 100, 2029, 100, 2030, 100, 2031, 100, 2032, 100, 2033, 100, 2034, 100, 2035, 100, 2036, 100, 2037, 100, 2038, 100, 2039, 100, 2040, 100, 2041, 100, 2042, 100, 2043, 100, 2044, 100, 2045, 100, 2046, 100, 2047, 100, 2048, 100, 2049, 100, 2050, 100, 2051, 100, 2052, 100, 2053, 100, 2054, 100, 2055, 100, 2056, 100, 2057, 100, 2058, 100, 2059, 100, 2060, 100)",,Blended Diesel,sales_mix.csv (Transport pipeline 2026-05-19),"sales share_percent, scenario=Baseline Simulation",sales_mix.csv,Medium,Baseline Simulation
Singapore,Key\TransportDataStock\Vehicles_Sales_Share\Truck\Blended Diesel,Activity Level,"Interp(2005, 95, 2006, 95, 2007, 95, 2008, 95, 2009, 95, 2010, 95, 2011, 95, 2012, 95, 2013, 95, 2014, 95, 2015, 95, 2016, 95, 2017, 95)",,Blended Diesel,sales_mix.csv (Transport pipeline 2026-05-19),"sales share_percent, scenario=Current Accounts",sales_mix.csv,Medium,Current Accounts
Singapore,Key\TransportDataStock\Vehicles_Sales_Share\Truck\Blended Diesel,Activity Level,"Interp(2025, 100, 2026, 99.6809, 2027, 99.2966, 2028, 98.8353, 2029, 98.2836, 2030, 97.6267, 2031, 96.8483, 2032, 95.9318, 2033, 94.8605, 2034, 93.6185, 2035, 92.1929, 2036, 90.5745, 2037, 88.7606, 2038, 86.7561, 2039, 84.5758, 2040, 82.2441, 2041, 79.7958, 2042, 77.2737, 2043, 74.7263, 2044, 72.2042, 2045, 69.7559, 2046, 67.4242, 2047, 65.2439, 2048, 63.2394, 2049, 61.4255, 2050, 59.8071, 2051, 58.3815, 2052, 57.1395, 2053, 56.0682, 2054, 55.1517, 2055, 54.3733, 2056, 53.7164, 2057, 53.1647, 2058, 52.7034, 2059, 52.3191, 2060, 52)",,Blended Diesel,sales_mix.csv (Transport pipeline 2026-05-19),"sales share_percent, scenario=Regional Aspiration Scenario",sales_mix.csv,Medium,Regional Aspiration Scenario
Singapore,Key\TransportDataStock\Vehicles_Sales_Share\Truck\Electricity,Activity Level,"Interp(2026, 0.265949, 2027, 0.586165, 2028, 0.970551, 2029, 1.4303, 2030, 1.97778, 2031, 2.6264, 2032, 3.39013, 2033, 4.28293, 2034, 5.31788, 2035, 6.50594, 2036, 7.85458, 2037, 9.36619, 2038, 11.0365, 2039, 12.8535, 2040, 14.7966, 2041, 16.8369, 2042, 18.9386, 2043, 21.0614, 2044, 23.1631, 2045, 25.2034, 2046, 27.1465, 2047, 28.9635, 2048, 30.6338, 2049, 32.1454, 2050, 33.4941, 2051, 34.6821, 2052, 35.7171, 2053, 36.6099, 2054, 37.3736, 2055, 38.0222, 2056, 38.5697, 2057, 39.0294, 2058, 39.4138, 2059, 39.7341, 2060, 40)",,Electricity,sales_mix.csv (Transport pipeline 2026-05-19),"sales share_percent, scenario=Regional Aspiration Scenario",sales_mix.csv,Medium,Regional Aspiration Scenario
Singapore,Key\TransportDataStock\Vehicles_Sales_Share\Truck\Gasoline,Activity Level,"Interp(2005, 5, 2006, 5, 2007, 5, 2008, 5, 2009, 5, 2010, 5, 2011, 5, 2012, 5, 2013, 5, 2014, 5, 2015, 5, 2016, 5, 2017, 5)",,Gasoline,sales_mix.csv (Transport pipeline 2026-05-19),"sales share_percent, scenario=Current Accounts",sales_mix.csv,Medium,Current Accounts
Singapore,Key\TransportDataStock\Vehicles_Sales_Share\Truck\Hydrogen,Activity Level,"Interp(2026, 0.0531899, 2027, 0.117233, 2028, 0.19411, 2029, 0.286059, 2030, 0.395557, 2031, 0.52528, 2032, 0.678026, 2033, 0.856587, 2034, 1.06358, 2035, 1.30119, 2036, 1.57092, 2037, 1.87324, 2038, 2.20731, 2039, 2.57071, 2040, 2.95932, 2041, 3.36737, 2042, 3.78772, 2043, 4.21228, 2044, 4.63263, 2045, 5.04068, 2046, 5.42929, 2047, 5.79269, 2048, 6.12676, 2049, 6.42908, 2050, 6.69881, 2051, 6.93642, 2052, 7.14341, 2053, 7.32197, 2054, 7.47472, 2055, 7.60444, 2056, 7.71394, 2057, 7.80589, 2058, 7.88277, 2059, 7.94681, 2060, 8)",,Hydrogen,sales_mix.csv (Transport pipeline 2026-05-19),"sales share_percent, scenario=Regional Aspiration Scenario",sales_mix.csv,Medium,Regional Aspiration Scenario
Singapore,Demand\Transport\Road\Bus\Blended Diesel\Blended Diesel,Mileage,"Interp(2025, 43950, 2030, 43950, 2035, 43950, 2040, 43950, 2045, 43950, 2050, 43950, 2055, 43950, 2060, 43950)",Kilometer,Blended Diesel,LTA Average Annual Kilometres Travelled Per Vehicle (data.gov.sg dataset d_bdc4c6434e47b055de4b5f2fde10c1af),mileage vehicle-wide; confidence=source_confirmed_external,mileage_anchors.csv,Medium,Current Accounts
Singapore,Demand\Transport\Road\Bus\Electricity\Electricity,Mileage,"Interp(2025, 43950, 2030, 43950, 2035, 43950, 2040, 43950, 2045, 43950, 2050, 43950, 2055, 43950, 2060, 43950)",Kilometer,Electricity,LTA Average Annual Kilometres Travelled Per Vehicle (data.gov.sg dataset d_bdc4c6434e47b055de4b5f2fde10c1af),mileage vehicle-wide; confidence=source_confirmed_external,mileage_anchors.csv,Medium,Current Accounts
Singapore,Demand\Transport\Road\Bus\Gasoline\Gasoline,Mileage,"Interp(2025, 43950, 2030, 43950, 2035, 43950, 2040, 43950, 2045, 43950, 2050, 43950, 2055, 43950, 2060, 43950)",Kilometer,Gasoline,LTA Average Annual Kilometres Travelled Per Vehicle (data.gov.sg dataset d_bdc4c6434e47b055de4b5f2fde10c1af),mileage vehicle-wide; confidence=source_confirmed_external,mileage_anchors.csv,Medium,Current Accounts
Singapore,Demand\Transport\Road\Bus\Hydrogen\Hydrogen,Mileage,"Interp(2025, 43950, 2030, 43950, 2035, 43950, 2040, 43950, 2045, 43950, 2050, 43950, 2055, 43950, 2060, 43950)",Kilometer,Hydrogen,LTA Average Annual Kilometres Travelled Per Vehicle (data.gov.sg dataset d_bdc4c6434e47b055de4b5f2fde10c1af),mileage vehicle-wide; confidence=source_confirmed_external,mileage_anchors.csv,Medium,Current Accounts
Singapore,Demand\Transport\Road\Bus\Natural Gas\Natural Gas,Mileage,"Interp(2025, 43950, 2030, 43950, 2035, 43950, 2040, 43950, 2045, 43950, 2050, 43950, 2055, 43950, 2060, 43950)",Kilometer,Natural Gas,LTA Average Annual Kilometres Travelled Per Vehicle (data.gov.sg dataset d_bdc4c6434e47b055de4b5f2fde10c1af),mileage vehicle-wide; confidence=source_confirmed_external,mileage_anchors.csv,Medium,Current Accounts
Singapore,Demand\Transport\Road\Motorcyle\Electricity\Electricity,Mileage,"Interp(2025, 13000, 2030, 13000, 2035, 13000, 2040, 13000, 2045, 13000, 2050, 13000, 2055, 13000, 2060, 13000)",Kilometer,Electricity,LTA Average Annual Kilometres Travelled Per Vehicle (data.gov.sg dataset d_bdc4c6434e47b055de4b5f2fde10c1af),mileage vehicle-wide; confidence=source_confirmed_external,mileage_anchors.csv,Medium,Current Accounts
Singapore,Demand\Transport\Road\Motorcyle\Gasoline\Gasoline,Mileage,"Interp(2025, 13000, 2030, 13000, 2035, 13000, 2040, 13000, 2045, 13000, 2050, 13000, 2055, 13000, 2060, 13000)",Kilometer,Gasoline,LTA Average Annual Kilometres Travelled Per Vehicle (data.gov.sg dataset d_bdc4c6434e47b055de4b5f2fde10c1af),mileage vehicle-wide; confidence=source_confirmed_external,mileage_anchors.csv,Medium,Current Accounts
Singapore,Demand\Transport\Road\PassengerCar\Blended Diesel\Blended Diesel,Mileage,"Interp(2025, 17500, 2030, 17500, 2035, 17500, 2040, 17500, 2045, 17500, 2050, 17500, 2055, 17500, 2060, 17500)",Kilometer,Blended Diesel,LTA Average Annual Kilometres Travelled Per Vehicle (data.gov.sg dataset d_bdc4c6434e47b055de4b5f2fde10c1af),mileage vehicle-wide; confidence=source_confirmed_external,mileage_anchors.csv,Medium,Current Accounts
Singapore,Demand\Transport\Road\PassengerCar\Electricity\Electricity,Mileage,"Interp(2025, 17500, 2030, 17500, 2035, 17500, 2040, 17500, 2045, 17500, 2050, 17500, 2055, 17500, 2060, 17500)",Kilometer,Electricity,LTA Average Annual Kilometres Travelled Per Vehicle (data.gov.sg dataset d_bdc4c6434e47b055de4b5f2fde10c1af),mileage vehicle-wide; confidence=source_confirmed_external,mileage_anchors.csv,Medium,Current Accounts
Singapore,Demand\Transport\Road\PassengerCar\Gasoline\Gasoline,Mileage,"Interp(2025, 17500, 2030, 17500, 2035, 17500, 2040, 17500, 2045, 17500, 2050, 17500, 2055, 17500, 2060, 17500)",Kilometer,Gasoline,LTA Average Annual Kilometres Travelled Per Vehicle (data.gov.sg dataset d_bdc4c6434e47b055de4b5f2fde10c1af),mileage vehicle-wide; confidence=source_confirmed_external,mileage_anchors.csv,Medium,Current Accounts
Singapore,Demand\Transport\Road\PassengerCar\Natural Gas\Natural Gas,Mileage,"Interp(2025, 17500, 2030, 17500, 2035, 17500, 2040, 17500, 2045, 17500, 2050, 17500, 2055, 17500, 2060, 17500)",Kilometer,Natural Gas,LTA Average Annual Kilometres Travelled Per Vehicle (data.gov.sg dataset d_bdc4c6434e47b055de4b5f2fde10c1af),mileage vehicle-wide; confidence=source_confirmed_external,mileage_anchors.csv,Medium,Current Accounts
Singapore,Demand\Transport\Road\Truck\Blended Diesel\Blended Diesel,Mileage,"Interp(2025, 34500, 2030, 34500, 2035, 34500, 2040, 34500, 2045, 34500, 2050, 34500, 2055, 34500, 2060, 34500)",Kilometer,Blended Diesel,LTA Average Annual Kilometres Travelled Per Vehicle (data.gov.sg dataset d_bdc4c6434e47b055de4b5f2fde10c1af),mileage vehicle-wide; confidence=source_confirmed_external,mileage_anchors.csv,Medium,Current Accounts
Singapore,Demand\Transport\Road\Truck\Electricity\Electricity,Mileage,"Interp(2025, 34500, 2030, 34500, 2035, 34500, 2040, 34500, 2045, 34500, 2050, 34500, 2055, 34500, 2060, 34500)",Kilometer,Electricity,LTA Average Annual Kilometres Travelled Per Vehicle (data.gov.sg dataset d_bdc4c6434e47b055de4b5f2fde10c1af),mileage vehicle-wide; confidence=source_confirmed_external,mileage_anchors.csv,Medium,Current Accounts
Singapore,Demand\Transport\Road\Truck\Gasoline\Gasoline,Mileage,"Interp(2025, 34500, 2030, 34500, 2035, 34500, 2040, 34500, 2045, 34500, 2050, 34500, 2055, 34500, 2060, 34500)",Kilometer,Gasoline,LTA Average Annual Kilometres Travelled Per Vehicle (data.gov.sg dataset d_bdc4c6434e47b055de4b5f2fde10c1af),mileage vehicle-wide; confidence=source_confirmed_external,mileage_anchors.csv,Medium,Current Accounts
Singapore,Demand\Transport\Road\Truck\Hydrogen\Hydrogen,Mileage,"Interp(2025, 34500, 2030, 34500, 2035, 34500, 2040, 34500, 2045, 34500, 2050, 34500, 2055, 34500, 2060, 34500)",Kilometer,Hydrogen,LTA Average Annual Kilometres Travelled Per Vehicle (data.gov.sg dataset d_bdc4c6434e47b055de4b5f2fde10c1af),mileage vehicle-wide; confidence=source_confirmed_external,mileage_anchors.csv,Medium,Current Accounts
Singapore,Demand\Transport\Road\Truck\Natural Gas\Natural Gas,Mileage,"Interp(2025, 34500, 2030, 34500, 2035, 34500, 2040, 34500, 2045, 34500, 2050, 34500, 2055, 34500, 2060, 34500)",Kilometer,Natural Gas,LTA Average Annual Kilometres Travelled Per Vehicle (data.gov.sg dataset d_bdc4c6434e47b055de4b5f2fde10c1af),mileage vehicle-wide; confidence=source_confirmed_external,mileage_anchors.csv,Medium,Current Accounts
Thailand,Key\TransportDataStock\Vehicle_Sales\Bus,Activity Level,"Interp(2006, 2839.85, 2007, 2920.58, 2008, 3004.73, 2009, 3091.37, 2010, 3179.58, 2011, 3271.44, 2012, 3366.02, 2013, 3462.41, 2014, 3562.69, 2015, 3665.96, 2016, 3771.28, 2017, 3880.77, 2018, 4648.52, 2019, 4877.61, 2020, 5127.16, 2021, 5398.26, 2022, 5692.03, 2023, 6011.57, 2024, 6361, 2025, 162332, 2026, 12031.3, 2027, 12311.1, 2028, 12574.2, 2029, 13008, 2030, 14516.6, 2031, 14840.6, 2032, 16628.4, 2033, 15996.4, 2034, 20932.7, 2035, 29980, 2036, 29221.3, 2037, 31491, 2038, 33805.9, 2039, 35926.2, 2040, 37085.8, 2041, 39319.1, 2042, 40318.2, 2043, 36673.6, 2044, 36624.4, 2045, 36923.3, 2046, 37107.6, 2047, 36476.5, 2048, 37404.6, 2049, 37804, 2050, 40841.1, 2051, 43771.4, 2052, 46454.1, 2053, 48651.7, 2054, 50800.5, 2055, 52774.9, 2056, 54451.7, 2057, 55785.6, 2058, 57025, 2059, 58155.8, 2060, 59358.7)",,,sales_magnitude.csv (Transport pipeline 2026-05-19),absolute sales count (all fuels combined),sales_magnitude.csv,Medium,Current Accounts
Thailand,Key\TransportDataStock\Vehicle_Sales\Motorcycle,Activity Level,"Interp(2018, 1.79e+06, 2019, 1.715e+06, 2020, 1.515e+06, 2021, 1.6e+06, 2022, 1.79e+06, 2023, 1.85e+06, 2024, 1.68e+06, 2025, 1.58515e+07, 2026, 815733, 2027, 800654, 2028, 883891, 2029, 958576, 2030, 1.185e+06, 2031, 1.24527e+06, 2032, 1.4631e+06, 2033, 1.44283e+06, 2034, 1.92799e+06, 2035, 2.76484e+06, 2036, 2.59268e+06, 2037, 2.70722e+06, 2038, 2.81756e+06, 2039, 2.8088e+06, 2040, 2.83924e+06, 2041, 2.78411e+06, 2042, 2.72003e+06, 2043, 2.24249e+06, 2044, 2.11981e+06, 2045, 2.05267e+06, 2046, 1.98897e+06, 2047, 1.75173e+06, 2048, 1.78932e+06, 2049, 1.88842e+06, 2050, 1.99748e+06, 2051, 2.13233e+06, 2052, 2.24871e+06, 2053, 2.303e+06, 2054, 2.33803e+06, 2055, 2.34719e+06, 2056, 2.31809e+06, 2057, 2.24999e+06, 2058, 2.17626e+06, 2059, 2.10081e+06, 2060, 2.02658e+06)",,,sales_magnitude.csv (Transport pipeline 2026-05-19),absolute sales count (all fuels combined),sales_magnitude.csv,Medium,Current Accounts
Thailand,Key\TransportDataStock\Vehicle_Sales\PassengerCar,Activity Level,"Interp(2015, 356063, 2016, 328053, 2017, 665871, 2018, 729709, 2019, 468638, 2020, 343494, 2021, 312200, 2022, 628423, 2023, 775780, 2024, 572675, 2025, 6.87726e+06, 2026, 990726, 2027, 1.07052e+06, 2028, 1.14871e+06, 2029, 1.22207e+06, 2030, 1.5629e+06, 2031, 1.59587e+06, 2032, 1.95261e+06, 2033, 1.67656e+06, 2034, 2.0966e+06, 2035, 2.41663e+06, 2036, 2.3351e+06, 2037, 2.37136e+06, 2038, 2.41564e+06, 2039, 2.60241e+06, 2040, 2.44727e+06, 2041, 2.61837e+06, 2042, 2.62008e+06, 2043, 2.43206e+06, 2044, 2.39434e+06, 2045, 2.37043e+06, 2046, 2.34514e+06, 2047, 2.31235e+06, 2048, 2.28808e+06, 2049, 2.24882e+06, 2050, 2.30974e+06, 2051, 2.36522e+06, 2052, 2.39571e+06, 2053, 2.40278e+06, 2054, 2.40537e+06, 2055, 2.40366e+06, 2056, 2.38988e+06, 2057, 2.36106e+06, 2058, 2.33287e+06, 2059, 2.29895e+06, 2060, 2.26738e+06)",,,sales_magnitude.csv (Transport pipeline 2026-05-19),absolute sales count (all fuels combined),sales_magnitude.csv,Medium,Current Accounts
Thailand,Key\TransportDataStock\Vehicle_Sales\Truck,Activity Level,"Interp(2006, 19237.2, 2007, 19814.3, 2008, 20408.7, 2009, 21021, 2010, 21651.6, 2011, 22301.2, 2012, 22970.2, 2013, 23659.3, 2014, 24369.1, 2015, 25100.1, 2016, 25853.2, 2017, 26628.7, 2018, 27427.6, 2019, 28250.4, 2020, 29098, 2021, 29970.9, 2022, 30870, 2023, 31796.1, 2024, 32750, 2025, 841518, 2026, 53332.9, 2027, 53952.2, 2028, 54310.2, 2029, 55537.8, 2030, 64435.9, 2031, 64332.7, 2032, 73671.8, 2033, 66075.9, 2034, 91290.6, 2035, 135734, 2036, 128626, 2037, 137609, 2038, 146825, 2039, 155423, 2040, 158211, 2041, 167074, 2042, 169601, 2043, 147706, 2044, 144055, 2045, 142024, 2046, 139651, 2047, 131906, 2048, 133004, 2049, 132641, 2050, 143040, 2051, 152041, 2052, 160528, 2053, 165905, 2054, 171250, 2055, 175291, 2056, 177382, 2057, 177471, 2058, 176926, 2059, 175777, 2060, 174133)",,,sales_magnitude.csv (Transport pipeline 2026-05-19),absolute sales count (all fuels combined),sales_magnitude.csv,Medium,Current Accounts
Thailand,Key\TransportDataStock\Vehicles_Sales_Share\Bus\Blended Diesel,Activity Level,Remainder(100),,Blended Diesel,sales_mix.csv (Transport pipeline 2026-05-19),"PATCHED 2026-05-20: Remainder(100) replaces Interp() per CA-2024 vs fwd-2025 continuity check (see _ca_2024_vs_fwd_2025_mismatches_20260520.csv) | sales share_percent, scenario=AMS Target Scenario",sales_mix.csv,Medium,AMS Target Scenario
Thailand,Key\TransportDataStock\Vehicles_Sales_Share\Bus\Blended Diesel,Activity Level,Remainder(100),,Blended Diesel,sales_mix.csv (Transport pipeline 2026-05-19),"PATCHED 2026-05-20: Remainder(100) replaces Interp() per CA-2024 vs fwd-2025 continuity check (see _ca_2024_vs_fwd_2025_mismatches_20260520.csv) | sales share_percent, scenario=Baseline Simulation",sales_mix.csv,Medium,Baseline Simulation
Thailand,Key\TransportDataStock\Vehicles_Sales_Share\Bus\Blended Diesel,Activity Level,"Interp(2006, 73.0765, 2007, 73.1883, 2008, 73.2728, 2009, 73.3558, 2010, 73.4603, 2011, 73.5396, 2012, 73.6173, 2013, 73.7149, 2014, 73.7892, 2015, 73.8621, 2016, 73.9531, 2017, 74.0227, 2018, 63.6511, 2019, 62.4813, 2020, 61.2235, 2021, 59.8932, 2022, 58.5062, 2023, 57.0582, 2024, 55.5416)",,Blended Diesel,sales_mix.csv (Transport pipeline 2026-05-19),"sales share_percent, scenario=Current Accounts",sales_mix.csv,Medium,Current Accounts
Thailand,Key\TransportDataStock\Vehicles_Sales_Share\Bus\Blended Diesel,Activity Level,Remainder(100),,Blended Diesel,sales_mix.csv (Transport pipeline 2026-05-19),"PATCHED 2026-05-20: Remainder(100) replaces Interp() per CA-2024 vs fwd-2025 continuity check (see _ca_2024_vs_fwd_2025_mismatches_20260520.csv) | sales share_percent, scenario=Regional Aspiration Scenario",sales_mix.csv,Medium,Regional Aspiration Scenario
Thailand,Key\TransportDataStock\Vehicles_Sales_Share\Bus\Electricity,Activity Level,"Interp(2025, 25.452, 2026, 25.5364, 2027, 25.6267, 2028, 25.723, 2029, 25.8256, 2030, 25.9343, 2031, 26.0493, 2032, 26.1703, 2033, 26.2973, 2034, 26.4301, 2035, 26.5683, 2036, 26.7115, 2037, 26.8593, 2038, 27.0111, 2039, 27.1663, 2040, 27.3243, 2041, 27.4841, 2042, 27.6452, 2043, 27.8067, 2044, 27.9678, 2045, 28.1277, 2046, 28.2856, 2047, 28.4408, 2048, 28.5927, 2049, 28.7405, 2050, 28.8837, 2051, 29.0219, 2052, 29.1546, 2053, 29.2817, 2054, 29.4027, 2055, 29.5177, 2056, 29.6264, 2057, 29.7289, 2058, 29.8253, 2059, 29.9156, 2060, 30)",,Electricity,sales_mix.csv (Transport pipeline 2026-05-19),"sales share_percent, scenario=AMS Target Scenario",sales_mix.csv,Medium,AMS Target Scenario
Thailand,Key\TransportDataStock\Vehicles_Sales_Share\Bus\Electricity,Activity Level,"Interp(2025, 25.452, 2026, 25.5364, 2027, 25.6267, 2028, 25.723, 2029, 25.8256, 2030, 25.9343, 2031, 26.0493, 2032, 26.1703, 2033, 26.2973, 2034, 26.4301, 2035, 26.5683, 2036, 26.7115, 2037, 26.8593, 2038, 27.0111, 2039, 27.1663, 2040, 27.3243, 2041, 27.4841, 2042, 27.6452, 2043, 27.8067, 2044, 27.9678, 2045, 28.1277, 2046, 28.2856, 2047, 28.4408, 2048, 28.5927, 2049, 28.7405, 2050, 28.8837, 2051, 29.0219, 2052, 29.1546, 2053, 29.2817, 2054, 29.4027, 2055, 29.5177, 2056, 29.6264, 2057, 29.7289, 2058, 29.8253, 2059, 29.9156, 2060, 30)",,Electricity,sales_mix.csv (Transport pipeline 2026-05-19),"sales share_percent, scenario=Baseline Simulation",sales_mix.csv,Medium,Baseline Simulation
Thailand,Key\TransportDataStock\Vehicles_Sales_Share\Bus\Electricity,Activity Level,"Interp(2006, 0, 2007, 0, 2008, 0, 2009, 0, 2010, 0, 2011, 0, 2012, 0, 2013, 0, 2014, 0, 2015, 0, 2016, 0, 2017, 0, 2018, 14.0905, 2019, 15.7659, 2020, 17.5341, 2021, 19.3951, 2022, 21.3456, 2023, 23.355, 2024, 25.452)",,Electricity,sales_mix.csv (Transport pipeline 2026-05-19),"sales share_percent, scenario=Current Accounts",sales_mix.csv,Medium,Current Accounts
Thailand,Key\TransportDataStock\Vehicles_Sales_Share\Bus\Electricity,Activity Level,"Interp(2025, 25.452, 2026, 25.8429, 2027, 26.3028, 2028, 26.8419, 2029, 27.4716, 2030, 28.2037, 2031, 29.0506, 2032, 30.0242, 2033, 31.1358, 2034, 32.3951, 2035, 33.8089, 2036, 35.3803, 2037, 37.1076, 2038, 38.983, 2039, 40.9923, 2040, 43.1148, 2041, 45.3233, 2042, 47.5856, 2043, 49.8663, 2044, 52.1287, 2045, 54.3372, 2046, 56.4596, 2047, 58.469, 2048, 60.3444, 2049, 62.0716, 2050, 63.6431, 2051, 65.0569, 2052, 66.3161, 2053, 67.4278, 2054, 68.4014, 2055, 69.2482, 2056, 69.9804, 2057, 70.6101, 2058, 71.1492, 2059, 71.6091, 2060, 72)",,Electricity,sales_mix.csv (Transport pipeline 2026-05-19),"sales share_percent, scenario=Regional Aspiration Scenario",sales_mix.csv,Medium,Regional Aspiration Scenario
Thailand,Key\TransportDataStock\Vehicles_Sales_Share\Bus\Gasoline,Activity Level,"Interp(2006, 5.24675, 2007, 5.10173, 2008, 4.99213, 2009, 4.88457, 2010, 4.74905, 2011, 4.64627, 2012, 4.54543, 2013, 4.41889, 2014, 4.32257, 2015, 4.22809, 2016, 4.11001, 2017, 4.01982, 2018, 3.37742, 2019, 3.21879, 2020, 3.08163, 2021, 2.94539, 2022, 2.79338, 2023, 2.66153, 2024, 2.53105)",,Gasoline,sales_mix.csv (Transport pipeline 2026-05-19),"sales share_percent, scenario=Current Accounts",sales_mix.csv,Medium,Current Accounts
Thailand,Key\TransportDataStock\Vehicles_Sales_Share\Bus\Hydrogen,Activity Level,"Interp(2026, 0.0199462, 2027, 0.0439623, 2028, 0.0727914, 2029, 0.107272, 2030, 0.148334, 2031, 0.19698, 2032, 0.25426, 2033, 0.32122, 2034, 0.398841, 2035, 0.487945, 2036, 0.589094, 2037, 0.702465, 2038, 0.827741, 2039, 0.964015, 2040, 1.10974, 2041, 1.26276, 2042, 1.4204, 2043, 1.5796, 2044, 1.73724, 2045, 1.89026, 2046, 2.03599, 2047, 2.17226, 2048, 2.29754, 2049, 2.41091, 2050, 2.51205, 2051, 2.60116, 2052, 2.67878, 2053, 2.74574, 2054, 2.80302, 2055, 2.85167, 2056, 2.89273, 2057, 2.92721, 2058, 2.95604, 2059, 2.98005, 2060, 3)",,Hydrogen,sales_mix.csv (Transport pipeline 2026-05-19),"sales share_percent, scenario=Regional Aspiration Scenario",sales_mix.csv,Medium,Regional Aspiration Scenario
Thailand,Key\TransportDataStock\Vehicles_Sales_Share\Bus\Natural Gas,Activity Level,"Interp(2006, 21.6768, 2007, 21.71, 2008, 21.735, 2009, 21.7597, 2010, 21.7907, 2011, 21.8142, 2012, 21.8372, 2013, 21.8662, 2014, 21.8882, 2015, 21.9098, 2016, 21.9369, 2017, 21.9575, 2018, 18.8809, 2019, 18.534, 2020, 18.1608, 2021, 17.7662, 2022, 17.3548, 2023, 16.9253, 2024, 16.4754)",,Natural Gas,sales_mix.csv (Transport pipeline 2026-05-19),"sales share_percent, scenario=Current Accounts",sales_mix.csv,Medium,Current Accounts
Thailand,Key\TransportDataStock\Vehicles_Sales_Share\Motorcycle\Electricity,Activity Level,"Interp(2025, 1.48929, 2026, 3.62596, 2027, 5.89927, 2028, 8.28278, 2029, 10.7437, 2030, 13.2446, 2031, 15.7456, 2032, 18.2065, 2033, 20.59, 2034, 22.8633, 2035, 25, 2036, 26.9807, 2037, 28.7936, 2038, 30.4336, 2039, 31.9014, 2040, 33.2028, 2041, 34.347, 2042, 35.3455, 2043, 36.2113, 2044, 36.9578, 2045, 37.5984, 2046, 38.1457, 2047, 38.6118, 2048, 39.0074, 2049, 39.3424, 2050, 39.6255, 2051, 39.8642, 2052, 40.0652, 2053, 40.2342, 2054, 40.3762, 2055, 41.3132, 2056, 42.3783, 2057, 43.3826, 2058, 44.3266, 2059, 45.2112, 2060, 46.0378)",,Electricity,sales_mix.csv (Transport pipeline 2026-05-19),"sales share_percent, scenario=AMS Target Scenario",sales_mix.csv,Medium,AMS Target Scenario
Thailand,Key\TransportDataStock\Vehicles_Sales_Share\Motorcycle\Electricity,Activity Level,"Interp(2025, 1.48929, 2026, 2.31593, 2027, 3.20052, 2028, 4.14448, 2029, 5.14878, 2030, 6.21389, 2031, 7.33971, 2032, 8.52547, 2033, 9.76969, 2034, 11.0701, 2035, 12.4237, 2036, 13.8267, 2037, 15.2744, 2038, 16.7614, 2039, 18.2817, 2040, 19.8285, 2041, 21.3947, 2042, 22.9726, 2043, 24.5545, 2044, 26.1324, 2045, 27.6985, 2046, 29.2454, 2047, 30.7656, 2048, 32.2527, 2049, 33.7004, 2050, 35.1033, 2051, 36.457, 2052, 37.7574, 2053, 39.0016, 2054, 40.1874, 2055, 41.3132, 2056, 42.3783, 2057, 43.3826, 2058, 44.3266, 2059, 45.2112, 2060, 46.0378)",,Electricity,sales_mix.csv (Transport pipeline 2026-05-19),"sales share_percent, scenario=Baseline Simulation",sales_mix.csv,Medium,Baseline Simulation
Thailand,Key\TransportDataStock\Vehicles_Sales_Share\Motorcycle\Electricity,Activity Level,"Interp(2018, 0.0075419, 2019, 0.0461224, 2020, 0.105017, 2021, 0.236125, 2022, 0.553966, 2023, 1.18524, 2024, 1.48929)",,Electricity,sales_mix.csv (Transport pipeline 2026-05-19),"sales share_percent, scenario=Current Accounts",sales_mix.csv,Medium,Current Accounts
Thailand,Key\TransportDataStock\Vehicles_Sales_Share\Motorcycle\Electricity,Activity Level,"Interp(2025, 1.48929, 2026, 11.4988, 2027, 23.3304, 2028, 36.6262, 2029, 50.7446, 2030, 64.8631, 2031, 78.1589, 2032, 89.9905, 2033, 100, 2034, 100, 2035, 100, 2036, 100, 2037, 100, 2038, 100, 2039, 100, 2040, 100, 2041, 100, 2042, 100, 2043, 100, 2044, 100, 2045, 100, 2046, 100, 2047, 100, 2048, 100, 2049, 100, 2050, 100, 2051, 100, 2052, 100, 2053, 100, 2054, 100, 2055, 100, 2056, 100, 2057, 100, 2058, 100, 2059, 100, 2060, 100)",,Electricity,sales_mix.csv (Transport pipeline 2026-05-19),"sales share_percent, scenario=Regional Aspiration Scenario",sales_mix.csv,Medium,Regional Aspiration Scenario
Thailand,Key\TransportDataStock\Vehicles_Sales_Share\Motorcycle\Gasoline,Activity Level,"Interp(2025, 98.5107, 2026, 96.374, 2027, 94.1007, 2028, 91.7172, 2029, 89.2563, 2030, 86.7554, 2031, 84.2544, 2032, 81.7935, 2033, 79.41, 2034, 77.1367, 2035, 75, 2036, 73.0193, 2037, 71.2064, 2038, 69.5664, 2039, 68.0986, 2040, 66.7972, 2041, 65.653, 2042, 64.6545, 2043, 63.7887, 2044, 63.0422, 2045, 62.4016, 2046, 61.8543, 2047, 61.3882, 2048, 60.9926, 2049, 60.6576, 2050, 60.3745, 2051, 60.1358, 2052, 59.9348, 2053, 59.7658, 2054, 59.6238, 2055, 58.6868, 2056, 57.6217, 2057, 56.6174, 2058, 55.6734, 2059, 54.7888, 2060, 53.9622)",,Gasoline,sales_mix.csv (Transport pipeline 2026-05-19),"sales share_percent, scenario=AMS Target Scenario",sales_mix.csv,Medium,AMS Target Scenario
Thailand,Key\TransportDataStock\Vehicles_Sales_Share\Motorcycle\Gasoline,Activity Level,"Interp(2025, 98.5107, 2026, 97.6841, 2027, 96.7995, 2028, 95.8555, 2029, 94.8512, 2030, 93.7861, 2031, 92.6603, 2032, 91.4745, 2033, 90.2303, 2034, 88.9299, 2035, 87.5763, 2036, 86.1733, 2037, 84.7256, 2038, 83.2386, 2039, 81.7183, 2040, 80.1715, 2041, 78.6053, 2042, 77.0274, 2043, 75.4455, 2044, 73.8676, 2045, 72.3015, 2046, 70.7546, 2047, 69.2344, 2048, 67.7473, 2049, 66.2996, 2050, 64.8967, 2051, 63.543, 2052, 62.2426, 2053, 60.9984, 2054, 59.8126, 2055, 58.6868, 2056, 57.6217, 2057, 56.6174, 2058, 55.6734, 2059, 54.7888, 2060, 53.9622)",,Gasoline,sales_mix.csv (Transport pipeline 2026-05-19),"sales share_percent, scenario=Baseline Simulation",sales_mix.csv,Medium,Baseline Simulation
Thailand,Key\TransportDataStock\Vehicles_Sales_Share\Motorcycle\Gasoline,Activity Level,"Interp(2018, 99.9925, 2019, 99.9539, 2020, 99.895, 2021, 99.7639, 2022, 99.446, 2023, 98.8148, 2024, 98.5107)",,Gasoline,sales_mix.csv (Transport pipeline 2026-05-19),"sales share_percent, scenario=Current Accounts",sales_mix.csv,Medium,Current Accounts
Thailand,Key\TransportDataStock\Vehicles_Sales_Share\Motorcycle\Gasoline,Activity Level,"Interp(2025, 98.5107, 2026, 88.5012, 2027, 76.6696, 2028, 63.3738, 2029, 49.2554, 2030, 35.1369, 2031, 21.8411, 2032, 10.0095)",,Gasoline,sales_mix.csv (Transport pipeline 2026-05-19),"sales share_percent, scenario=Regional Aspiration Scenario",sales_mix.csv,Medium,Regional Aspiration Scenario
Thailand,Key\TransportDataStock\Vehicles_Sales_Share\PassengerCar\Blended Diesel,Activity Level,"Interp(2025, 52, 2026, 49.1616, 2027, 46.1892, 2028, 43.1704, 2029, 40.198, 2030, 37.3596, 2031, 34.7271, 2032, 32.3509, 2033, 30.2581, 2034, 28.4543, 2035, 26.9283, 2036, 25.6576, 2037, 24.6133, 2038, 23.7644, 2039, 23.0804, 2040, 22.5331, 2041, 22.0977, 2042, 21.7529, 2043, 21.4809, 2044, 21.2668, 2045, 21.0988, 2046, 20.9671, 2047, 20.864, 2048, 20.7834, 2049, 20.7205, 2050, 20.6713, 2051, 20.633, 2052, 20.6031, 2053, 20.5798, 2054, 20.5616, 2055, 20.5474, 2056, 20.5364, 2057, 20.5278, 2058, 20.5211, 2059, 20.5159, 2060, 20.5118)",,Blended Diesel,sales_mix.csv (Transport pipeline 2026-05-19),"sales share_percent, scenario=AMS Target Scenario",sales_mix.csv,Medium,AMS Target Scenario
Thailand,Key\TransportDataStock\Vehicles_Sales_Share\PassengerCar\Blended Diesel,Activity Level,"Interp(2025, 52, 2026, 51.5799, 2027, 51.1303, 2028, 50.6506, 2029, 50.1402, 2030, 49.5989, 2031, 49.0267, 2032, 48.4241, 2033, 47.7917, 2034, 47.1308, 2035, 46.4429, 2036, 45.7299, 2037, 44.9941, 2038, 44.2384, 2039, 43.4658, 2040, 42.6796, 2041, 41.8837, 2042, 41.0818, 2043, 40.2778, 2044, 39.4759, 2045, 38.6799, 2046, 37.8938, 2047, 37.1212, 2048, 36.3655, 2049, 35.6297, 2050, 34.9167, 2051, 34.2288, 2052, 33.5678, 2053, 32.9355, 2054, 32.3329, 2055, 31.7607, 2056, 31.2194, 2057, 30.709, 2058, 30.2293, 2059, 29.7797, 2060, 29.3596)",,Blended Diesel,sales_mix.csv (Transport pipeline 2026-05-19),"sales share_percent, scenario=Baseline Simulation",sales_mix.csv,Medium,Baseline Simulation
Thailand,Key\TransportDataStock\Vehicles_Sales_Share\PassengerCar\Blended Diesel,Activity Level,"Interp(2015, 44.9359, 2016, 45, 2017, 50.0001, 2018, 49.9999, 2019, 50, 2020, 50, 2021, 48, 2022, 50.0001, 2023, 55, 2024, 52)",,Blended Diesel,sales_mix.csv (Transport pipeline 2026-05-19),"sales share_percent, scenario=Current Accounts",sales_mix.csv,Medium,Current Accounts
Thailand,Key\TransportDataStock\Vehicles_Sales_Share\PassengerCar\Blended Diesel,Activity Level,"Interp(2025, 52, 2026, 47.0054, 2027, 40.8427, 2028, 33.5583, 2029, 25.3723, 2030, 16.6798, 2031, 7.98729)",,Blended Diesel,sales_mix.csv (Transport pipeline 2026-05-19),"sales share_percent, scenario=Regional Aspiration Scenario",sales_mix.csv,Medium,Regional Aspiration Scenario
Thailand,Key\TransportDataStock\Vehicles_Sales_Share\PassengerCar\Electricity,Activity Level,"Interp(2025, 11.6995, 2026, 15.2475, 2027, 18.963, 2028, 22.7365, 2029, 26.452, 2030, 30, 2031, 33.2906, 2032, 36.2608, 2033, 38.8768, 2034, 41.1316, 2035, 43.0391, 2036, 44.6275, 2037, 45.9329, 2038, 46.994, 2039, 47.849, 2040, 48.5331, 2041, 49.0773, 2042, 49.5083, 2043, 49.8484, 2044, 50.1159, 2045, 50.326, 2046, 50.4906, 2047, 50.6195, 2048, 50.7202, 2049, 50.7989, 2050, 50.8603, 2051, 50.9082, 2052, 50.9456, 2053, 50.9748, 2054, 50.9975, 2055, 51.0152, 2056, 51.029, 2057, 51.0397, 2058, 51.0481, 2059, 51.0546, 2060, 51.0597)",,Electricity,sales_mix.csv (Transport pipeline 2026-05-19),"sales share_percent, scenario=AMS Target Scenario",sales_mix.csv,Medium,AMS Target Scenario
Thailand,Key\TransportDataStock\Vehicles_Sales_Share\PassengerCar\Electricity,Activity Level,"Interp(2025, 11.6995, 2026, 12.2246, 2027, 12.7866, 2028, 13.3863, 2029, 14.0243, 2030, 14.7009, 2031, 15.4161, 2032, 16.1694, 2033, 16.9598, 2034, 17.7859, 2035, 18.6459, 2036, 19.5371, 2037, 20.4568, 2038, 21.4015, 2039, 22.3673, 2040, 23.3499, 2041, 24.3449, 2042, 25.3473, 2043, 26.3522, 2044, 27.3546, 2045, 28.3495, 2046, 29.3322, 2047, 30.298, 2048, 31.2427, 2049, 32.1623, 2050, 33.0536, 2051, 33.9135, 2052, 34.7397, 2053, 35.5301, 2054, 36.2834, 2055, 36.9986, 2056, 37.6752, 2057, 38.3132, 2058, 38.9129, 2059, 39.4749, 2060, 40)",,Electricity,sales_mix.csv (Transport pipeline 2026-05-19),"sales share_percent, scenario=Baseline Simulation",sales_mix.csv,Medium,Baseline Simulation
Thailand,Key\TransportDataStock\Vehicles_Sales_Share\PassengerCar\Electricity,Activity Level,"Interp(2015, 0, 2016, 0, 2017, 0, 2018, 0.0149375, 2019, 0.147449, 2020, 0.307429, 2021, 0.619795, 2022, 1.54816, 2023, 9.83707, 2024, 11.6995)",,Electricity,sales_mix.csv (Transport pipeline 2026-05-19),"sales share_percent, scenario=Current Accounts",sales_mix.csv,Medium,Current Accounts
Thailand,Key\TransportDataStock\Vehicles_Sales_Share\PassengerCar\Electricity,Activity Level,"Interp(2025, 11.6995, 2026, 17.9427, 2027, 25.646, 2028, 34.7516, 2029, 44.9841, 2030, 55.8497, 2031, 66.7154, 2032, 76.9478, 2033, 86.0534, 2034, 93.7568, 2035, 100, 2036, 100, 2037, 100, 2038, 100, 2039, 100, 2040, 100, 2041, 100, 2042, 100, 2043, 100, 2044, 100, 2045, 100, 2046, 100, 2047, 100, 2048, 100, 2049, 100, 2050, 100, 2051, 100, 2052, 100, 2053, 100, 2054, 100, 2055, 100, 2056, 100, 2057, 100, 2058, 100, 2059, 100, 2060, 100)",,Electricity,sales_mix.csv (Transport pipeline 2026-05-19),"sales share_percent, scenario=Regional Aspiration Scenario",sales_mix.csv,Medium,Regional Aspiration Scenario
Thailand,Key\TransportDataStock\Vehicles_Sales_Share\PassengerCar\Gasoline,Activity Level,"Interp(2025, 36.3005, 2026, 35.5909, 2027, 34.8478, 2028, 34.0931, 2029, 33.35, 2030, 32.6404, 2031, 31.9823, 2032, 31.3883, 2033, 30.8651, 2034, 30.4141, 2035, 30.0326, 2036, 29.7149, 2037, 29.4538, 2038, 29.2416, 2039, 29.0706, 2040, 28.9338, 2041, 28.8249, 2042, 28.7388, 2043, 28.6707, 2044, 28.6172, 2045, 28.5752, 2046, 28.5423, 2047, 28.5165, 2048, 28.4964, 2049, 28.4806, 2050, 28.4684, 2051, 28.4588, 2052, 28.4513, 2053, 28.4455, 2054, 28.4409, 2055, 28.4374, 2056, 28.4346, 2057, 28.4325, 2058, 28.4308, 2059, 28.4295, 2060, 28.4285)",,Gasoline,sales_mix.csv (Transport pipeline 2026-05-19),"sales share_percent, scenario=AMS Target Scenario",sales_mix.csv,Medium,AMS Target Scenario
Thailand,Key\TransportDataStock\Vehicles_Sales_Share\PassengerCar\Gasoline,Activity Level,"Interp(2025, 36.3005, 2026, 36.1955, 2027, 36.0831, 2028, 35.9632, 2029, 35.8356, 2030, 35.7002, 2031, 35.5572, 2032, 35.4065, 2033, 35.2485, 2034, 35.0832, 2035, 34.9112, 2036, 34.733, 2037, 34.5491, 2038, 34.3601, 2039, 34.167, 2040, 33.9704, 2041, 33.7714, 2042, 33.571, 2043, 33.37, 2044, 33.1695, 2045, 32.9705, 2046, 32.774, 2047, 32.5808, 2048, 32.3919, 2049, 32.2079, 2050, 32.0297, 2051, 31.8577, 2052, 31.6925, 2053, 31.5344, 2054, 31.3837, 2055, 31.2407, 2056, 31.1054, 2057, 30.9778, 2058, 30.8578, 2059, 30.7454, 2060, 30.6404)",,Gasoline,sales_mix.csv (Transport pipeline 2026-05-19),"sales share_percent, scenario=Baseline Simulation",sales_mix.csv,Medium,Baseline Simulation
Thailand,Key\TransportDataStock\Vehicles_Sales_Share\PassengerCar\Gasoline,Activity Level,"Interp(2015, 55.0641, 2016, 55, 2017, 49.9999, 2018, 49.9851, 2019, 49.8526, 2020, 49.6926, 2021, 51.3802, 2022, 48.4518, 2023, 35.1629, 2024, 36.3005)",,Gasoline,sales_mix.csv (Transport pipeline 2026-05-19),"sales share_percent, scenario=Current Accounts",sales_mix.csv,Medium,Current Accounts
Thailand,Key\TransportDataStock\Vehicles_Sales_Share\PassengerCar\Gasoline,Activity Level,"Interp(2025, 36.3005, 2026, 35.0519, 2027, 33.5112, 2028, 31.6901, 2029, 29.6436, 2030, 27.4705, 2031, 25.2973, 2032, 23.0522, 2033, 13.9466, 2034, 6.2432)",,Gasoline,sales_mix.csv (Transport pipeline 2026-05-19),"sales share_percent, scenario=Regional Aspiration Scenario",sales_mix.csv,Medium,Regional Aspiration Scenario
Thailand,Key\TransportDataStock\Vehicles_Sales_Share\Truck\Blended Diesel,Activity Level,Remainder(100),,Blended Diesel,sales_mix.csv (Transport pipeline 2026-05-19),"PATCHED 2026-05-20: Remainder(100) replaces Interp() per CA-2024 vs fwd-2025 continuity check (see _ca_2024_vs_fwd_2025_mismatches_20260520.csv) | sales share_percent, scenario=AMS Target Scenario",sales_mix.csv,Medium,AMS Target Scenario
Thailand,Key\TransportDataStock\Vehicles_Sales_Share\Truck\Blended Diesel,Activity Level,Remainder(100),,Blended Diesel,sales_mix.csv (Transport pipeline 2026-05-19),"PATCHED 2026-05-20: Remainder(100) replaces Interp() per CA-2024 vs fwd-2025 continuity check (see _ca_2024_vs_fwd_2025_mismatches_20260520.csv) | sales share_percent, scenario=Baseline Simulation",sales_mix.csv,Medium,Baseline Simulation
Thailand,Key\TransportDataStock\Vehicles_Sales_Share\Truck\Blended Diesel,Activity Level,"Interp(2006, 88.7756, 2007, 88.7756, 2008, 88.7756, 2009, 88.7756, 2010, 88.7756, 2011, 88.7756, 2012, 88.7756, 2013, 88.7756, 2014, 88.7756, 2015, 88.7756, 2016, 88.7756, 2017, 88.7756, 2018, 88.7756, 2019, 88.7756, 2020, 88.7756, 2021, 88.7756, 2022, 88.7756, 2023, 88.7756, 2024, 88.7756)",,Blended Diesel,sales_mix.csv (Transport pipeline 2026-05-19),"sales share_percent, scenario=Current Accounts",sales_mix.csv,Medium,Current Accounts
Thailand,Key\TransportDataStock\Vehicles_Sales_Share\Truck\Blended Diesel,Activity Level,Remainder(100),,Blended Diesel,sales_mix.csv (Transport pipeline 2026-05-19),"PATCHED 2026-05-20: Remainder(100) replaces Interp() per CA-2024 vs fwd-2025 continuity check (see _ca_2024_vs_fwd_2025_mismatches_20260520.csv) | sales share_percent, scenario=Regional Aspiration Scenario",sales_mix.csv,Medium,Regional Aspiration Scenario
Thailand,Key\TransportDataStock\Vehicles_Sales_Share\Truck\Electricity,Activity Level,"Interp(2026, 0.265949, 2027, 0.586165, 2028, 0.970551, 2029, 1.4303, 2030, 1.97778, 2031, 2.6264, 2032, 3.39013, 2033, 4.28293, 2034, 5.31788, 2035, 6.50594, 2036, 7.85458, 2037, 9.36619, 2038, 11.0365, 2039, 12.8535, 2040, 14.7966, 2041, 16.8369, 2042, 18.9386, 2043, 21.0614, 2044, 23.1631, 2045, 25.2034, 2046, 27.1465, 2047, 28.9635, 2048, 30.6338, 2049, 32.1454, 2050, 33.4941, 2051, 34.6821, 2052, 35.7171, 2053, 36.6099, 2054, 37.3736, 2055, 38.0222, 2056, 38.5697, 2057, 39.0294, 2058, 39.4138, 2059, 39.7341, 2060, 40)",,Electricity,sales_mix.csv (Transport pipeline 2026-05-19),"sales share_percent, scenario=Regional Aspiration Scenario",sales_mix.csv,Medium,Regional Aspiration Scenario
Thailand,Key\TransportDataStock\Vehicles_Sales_Share\Truck\Gasoline,Activity Level,"Interp(2006, 0.714504, 2007, 0.714504, 2008, 0.714504, 2009, 0.714504, 2010, 0.714504, 2011, 0.714504, 2012, 0.714504, 2013, 0.714504, 2014, 0.714504, 2015, 0.714504, 2016, 0.714504, 2017, 0.714504, 2018, 0.714504, 2019, 0.714504, 2020, 0.714504, 2021, 0.714504, 2022, 0.714504, 2023, 0.714504, 2024, 0.714504)",,Gasoline,sales_mix.csv (Transport pipeline 2026-05-19),"sales share_percent, scenario=Current Accounts",sales_mix.csv,Medium,Current Accounts
Thailand,Key\TransportDataStock\Vehicles_Sales_Share\Truck\Hydrogen,Activity Level,"Interp(2026, 0.0531899, 2027, 0.117233, 2028, 0.19411, 2029, 0.286059, 2030, 0.395557, 2031, 0.52528, 2032, 0.678026, 2033, 0.856587, 2034, 1.06358, 2035, 1.30119, 2036, 1.57092, 2037, 1.87324, 2038, 2.20731, 2039, 2.57071, 2040, 2.95932, 2041, 3.36737, 2042, 3.78772, 2043, 4.21228, 2044, 4.63263, 2045, 5.04068, 2046, 5.42929, 2047, 5.79269, 2048, 6.12676, 2049, 6.42908, 2050, 6.69881, 2051, 6.93642, 2052, 7.14341, 2053, 7.32197, 2054, 7.47472, 2055, 7.60444, 2056, 7.71394, 2057, 7.80589, 2058, 7.88277, 2059, 7.94681, 2060, 8)",,Hydrogen,sales_mix.csv (Transport pipeline 2026-05-19),"sales share_percent, scenario=Regional Aspiration Scenario",sales_mix.csv,Medium,Regional Aspiration Scenario
Thailand,Key\TransportDataStock\Vehicles_Sales_Share\Truck\Natural Gas,Activity Level,"Interp(2006, 10.5099, 2007, 10.5099, 2008, 10.5099, 2009, 10.5099, 2010, 10.5099, 2011, 10.5099, 2012, 10.5099, 2013, 10.5099, 2014, 10.5099, 2015, 10.5099, 2016, 10.5099, 2017, 10.5099, 2018, 10.5099, 2019, 10.5099, 2020, 10.5099, 2021, 10.5099, 2022, 10.5099, 2023, 10.5099, 2024, 10.5099)",,Natural Gas,sales_mix.csv (Transport pipeline 2026-05-19),"sales share_percent, scenario=Current Accounts",sales_mix.csv,Medium,Current Accounts
Thailand,Demand\Transport\Road\Bus\Blended Diesel\Blended Diesel,Mileage,"Interp(2025, 25517, 2030, 25517, 2035, 25517, 2040, 25517, 2045, 25517, 2050, 25517, 2055, 25517, 2060, 25517)",Kilometer,Blended Diesel,"hdv-socioecon-fit (n_train=8 = 2 ASEAN + 6 peers; R2=0.15, LOO_RMSE_log=0.552)",mileage vehicle-wide; confidence=hdv_socioecon_predicted,mileage_anchors.csv,Medium,Current Accounts
Thailand,Demand\Transport\Road\Bus\Electricity\Electricity,Mileage,"Interp(2025, 25517, 2030, 25517, 2035, 25517, 2040, 25517, 2045, 25517, 2050, 25517, 2055, 25517, 2060, 25517)",Kilometer,Electricity,"hdv-socioecon-fit (n_train=8 = 2 ASEAN + 6 peers; R2=0.15, LOO_RMSE_log=0.552)",mileage vehicle-wide; confidence=hdv_socioecon_predicted,mileage_anchors.csv,Medium,Current Accounts
Thailand,Demand\Transport\Road\Bus\Gasoline\Gasoline,Mileage,"Interp(2025, 25517, 2030, 25517, 2035, 25517, 2040, 25517, 2045, 25517, 2050, 25517, 2055, 25517, 2060, 25517)",Kilometer,Gasoline,"hdv-socioecon-fit (n_train=8 = 2 ASEAN + 6 peers; R2=0.15, LOO_RMSE_log=0.552)",mileage vehicle-wide; confidence=hdv_socioecon_predicted,mileage_anchors.csv,Medium,Current Accounts
Thailand,Demand\Transport\Road\Bus\Hydrogen\Hydrogen,Mileage,"Interp(2025, 25517, 2030, 25517, 2035, 25517, 2040, 25517, 2045, 25517, 2050, 25517, 2055, 25517, 2060, 25517)",Kilometer,Hydrogen,"hdv-socioecon-fit (n_train=8 = 2 ASEAN + 6 peers; R2=0.15, LOO_RMSE_log=0.552)",mileage vehicle-wide; confidence=hdv_socioecon_predicted,mileage_anchors.csv,Medium,Current Accounts
Thailand,Demand\Transport\Road\Bus\Natural Gas\Natural Gas,Mileage,"Interp(2025, 25517, 2030, 25517, 2035, 25517, 2040, 25517, 2045, 25517, 2050, 25517, 2055, 25517, 2060, 25517)",Kilometer,Natural Gas,"hdv-socioecon-fit (n_train=8 = 2 ASEAN + 6 peers; R2=0.15, LOO_RMSE_log=0.552)",mileage vehicle-wide; confidence=hdv_socioecon_predicted,mileage_anchors.csv,Medium,Current Accounts
Thailand,Demand\Transport\Road\Motorcyle\Electricity\Electricity,Mileage,"Interp(2025, 8793, 2030, 8793, 2035, 8793, 2040, 8793, 2045, 8793, 2050, 8793, 2055, 8793, 2060, 8793)",Kilometer,Electricity,"socioecon-fit v2 pooled (n_train=5, R2=0.77, LOO_RMSE_log=0.295); train countries: India,Indonesia,Malaysia,Singapore,Viet Nam",mileage vehicle-wide; confidence=socioecon_predicted,mileage_anchors.csv,Medium,Current Accounts
Thailand,Demand\Transport\Road\Motorcyle\Gasoline\Gasoline,Mileage,"Interp(2025, 8793, 2030, 8793, 2035, 8793, 2040, 8793, 2045, 8793, 2050, 8793, 2055, 8793, 2060, 8793)",Kilometer,Gasoline,"socioecon-fit v2 pooled (n_train=5, R2=0.77, LOO_RMSE_log=0.295); train countries: India,Indonesia,Malaysia,Singapore,Viet Nam",mileage vehicle-wide; confidence=socioecon_predicted,mileage_anchors.csv,Medium,Current Accounts
Thailand,Demand\Transport\Road\PassengerCar\Blended Diesel\Blended Diesel,Mileage,"Interp(2025, 14922, 2030, 14922, 2035, 14922, 2040, 14922, 2045, 14922, 2050, 14922, 2055, 14922, 2060, 14922)",Kilometer,Blended Diesel,"socioecon-fit v2 pooled (n_train=13, R2=0.07, LOO_RMSE_log=0.244); train countries: China,France,Germany,India,Indonesia,Japan,Malaysia,New Zealand,Philippines,Singapore,United Kingdom,United States,Viet Nam",mileage vehicle-wide; confidence=socioecon_predicted,mileage_anchors.csv,Medium,Current Accounts
Thailand,Demand\Transport\Road\PassengerCar\Electricity\Electricity,Mileage,"Interp(2025, 14922, 2030, 14922, 2035, 14922, 2040, 14922, 2045, 14922, 2050, 14922, 2055, 14922, 2060, 14922)",Kilometer,Electricity,"socioecon-fit v2 pooled (n_train=13, R2=0.07, LOO_RMSE_log=0.244); train countries: China,France,Germany,India,Indonesia,Japan,Malaysia,New Zealand,Philippines,Singapore,United Kingdom,United States,Viet Nam",mileage vehicle-wide; confidence=socioecon_predicted,mileage_anchors.csv,Medium,Current Accounts
Thailand,Demand\Transport\Road\PassengerCar\Gasoline\Gasoline,Mileage,"Interp(2025, 14922, 2030, 14922, 2035, 14922, 2040, 14922, 2045, 14922, 2050, 14922, 2055, 14922, 2060, 14922)",Kilometer,Gasoline,"socioecon-fit v2 pooled (n_train=13, R2=0.07, LOO_RMSE_log=0.244); train countries: China,France,Germany,India,Indonesia,Japan,Malaysia,New Zealand,Philippines,Singapore,United Kingdom,United States,Viet Nam",mileage vehicle-wide; confidence=socioecon_predicted,mileage_anchors.csv,Medium,Current Accounts
Thailand,Demand\Transport\Road\PassengerCar\Natural Gas\Natural Gas,Mileage,"Interp(2025, 14922, 2030, 14922, 2035, 14922, 2040, 14922, 2045, 14922, 2050, 14922, 2055, 14922, 2060, 14922)",Kilometer,Natural Gas,"socioecon-fit v2 pooled (n_train=13, R2=0.07, LOO_RMSE_log=0.244); train countries: China,France,Germany,India,Indonesia,Japan,Malaysia,New Zealand,Philippines,Singapore,United Kingdom,United States,Viet Nam",mileage vehicle-wide; confidence=socioecon_predicted,mileage_anchors.csv,Medium,Current Accounts
Thailand,Demand\Transport\Road\Truck\Blended Diesel\Blended Diesel,Mileage,"Interp(2025, 32033, 2030, 32033, 2035, 32033, 2040, 32033, 2045, 32033, 2050, 32033, 2055, 32033, 2060, 32033)",Kilometer,Blended Diesel,"hdv-socioecon-fit (n_train=9 = 4 ASEAN + 5 peers; R2=0.40, LOO_RMSE_log=0.922)",mileage vehicle-wide; confidence=hdv_socioecon_predicted,mileage_anchors.csv,Medium,Current Accounts
Thailand,Demand\Transport\Road\Truck\Electricity\Electricity,Mileage,"Interp(2025, 32033, 2030, 32033, 2035, 32033, 2040, 32033, 2045, 32033, 2050, 32033, 2055, 32033, 2060, 32033)",Kilometer,Electricity,"hdv-socioecon-fit (n_train=9 = 4 ASEAN + 5 peers; R2=0.40, LOO_RMSE_log=0.922)",mileage vehicle-wide; confidence=hdv_socioecon_predicted,mileage_anchors.csv,Medium,Current Accounts
Thailand,Demand\Transport\Road\Truck\Gasoline\Gasoline,Mileage,"Interp(2025, 32033, 2030, 32033, 2035, 32033, 2040, 32033, 2045, 32033, 2050, 32033, 2055, 32033, 2060, 32033)",Kilometer,Gasoline,"hdv-socioecon-fit (n_train=9 = 4 ASEAN + 5 peers; R2=0.40, LOO_RMSE_log=0.922)",mileage vehicle-wide; confidence=hdv_socioecon_predicted,mileage_anchors.csv,Medium,Current Accounts
Thailand,Demand\Transport\Road\Truck\Hydrogen\Hydrogen,Mileage,"Interp(2025, 32033, 2030, 32033, 2035, 32033, 2040, 32033, 2045, 32033, 2050, 32033, 2055, 32033, 2060, 32033)",Kilometer,Hydrogen,"hdv-socioecon-fit (n_train=9 = 4 ASEAN + 5 peers; R2=0.40, LOO_RMSE_log=0.922)",mileage vehicle-wide; confidence=hdv_socioecon_predicted,mileage_anchors.csv,Medium,Current Accounts
Thailand,Demand\Transport\Road\Truck\Natural Gas\Natural Gas,Mileage,"Interp(2025, 32033, 2030, 32033, 2035, 32033, 2040, 32033, 2045, 32033, 2050, 32033, 2055, 32033, 2060, 32033)",Kilometer,Natural Gas,"hdv-socioecon-fit (n_train=9 = 4 ASEAN + 5 peers; R2=0.40, LOO_RMSE_log=0.922)",mileage vehicle-wide; confidence=hdv_socioecon_predicted,mileage_anchors.csv,Medium,Current Accounts
Vietnam,Key\TransportDataStock\Vehicle_Sales\Bus,Activity Level,"Interp(2006, 1954, 2007, 2220, 2008, 2507, 2009, 2814, 2010, 3146, 2011, 3503, 2012, 3886, 2013, 4298, 2014, 4740, 2015, 5214, 2016, 5722, 2017, 6267, 2018, 6850, 2019, 7474, 2020, 8143, 2021, 8857, 2022, 9620, 2023, 10437, 2024, 11308, 2025, 129265, 2026, 17090.2, 2027, 19158.3, 2028, 22839.2, 2029, 27227.3, 2030, 27227.3, 2031, 27227.3, 2032, 27227.3, 2033, 27227.3, 2034, 27227.3, 2035, 27227.3, 2036, 27227.3, 2037, 27227.3, 2038, 34900.9, 2039, 43016.6, 2040, 48134, 2041, 50081.2, 2042, 51959.7, 2043, 50515.7, 2044, 51233.2, 2045, 51827.7, 2046, 52197, 2047, 50743.8, 2048, 54025.6, 2049, 53554.6, 2050, 57780.5, 2051, 60651.6, 2052, 64039.2, 2053, 67529.4, 2054, 71254, 2055, 75132.8, 2056, 78861.2, 2057, 82371, 2058, 85845.9, 2059, 89178.8, 2060, 92538.4)",,,sales_magnitude.csv (Transport pipeline 2026-05-19),absolute sales count (all fuels combined),sales_magnitude.csv,Medium,Current Accounts
Vietnam,Key\TransportDataStock\Vehicle_Sales\Motorcycle,Activity Level,"Interp(2015, 2.83482e+06, 2016, 3.08981e+06, 2017, 3.23267e+06, 2018, 3.53344e+06, 2019, 3.44659e+06, 2020, 2.98422e+06, 2021, 2.88932e+06, 2022, 3.003e+06, 2023, 2.51621e+06, 2024, 2.65361e+06, 2025, 5.10631e+07, 2026, 3.14847e+06, 2027, 3.06191e+06, 2028, 3.02847e+06, 2029, 3.04806e+06, 2030, 2.88905e+06, 2031, 3.06289e+06, 2032, 3.27171e+06, 2033, 3.4366e+06, 2034, 4.52893e+06, 2035, 7.22019e+06, 2036, 6.78001e+06, 2037, 7.22599e+06, 2038, 7.66671e+06, 2039, 7.61878e+06, 2040, 8.06199e+06, 2041, 8.04214e+06, 2042, 8.05601e+06, 2043, 6.66624e+06, 2044, 6.35155e+06, 2045, 6.18029e+06, 2046, 5.98132e+06, 2047, 5.13107e+06, 2048, 5.18984e+06, 2049, 5.45047e+06, 2050, 5.76418e+06, 2051, 6.15423e+06, 2052, 6.56e+06, 2053, 6.79291e+06, 2054, 6.98478e+06, 2055, 7.10276e+06, 2056, 7.10727e+06, 2057, 6.98467e+06, 2058, 6.82851e+06, 2059, 6.65238e+06, 2060, 6.46301e+06)",,,sales_magnitude.csv (Transport pipeline 2026-05-19),absolute sales count (all fuels combined),sales_magnitude.csv,Medium,Current Accounts
Vietnam,Key\TransportDataStock\Vehicle_Sales\PassengerCar,Activity Level,"Interp(2015, 117288, 2016, 159501, 2017, 152799, 2018, 197752, 2019, 229539, 2020, 215898, 2021, 207693, 2022, 508547, 2023, 370000, 2024, 340000, 2025, 4.30718e+06, 2026, 993490, 2027, 1.12155e+06, 2028, 1.26051e+06, 2029, 1.40875e+06, 2030, 1.19698e+06, 2031, 1.3154e+06, 2032, 1.41073e+06, 2033, 1.48945e+06, 2034, 1.71039e+06, 2035, 1.96268e+06, 2036, 2.05371e+06, 2037, 2.17852e+06, 2038, 2.33794e+06, 2039, 2.29578e+06, 2040, 2.6418e+06, 2041, 2.66749e+06, 2042, 2.69533e+06, 2043, 2.60962e+06, 2044, 2.59767e+06, 2045, 2.59162e+06, 2046, 2.58595e+06, 2047, 2.52465e+06, 2048, 2.69562e+06, 2049, 2.54706e+06, 2050, 2.72302e+06, 2051, 2.75274e+06, 2052, 2.81037e+06, 2053, 2.85434e+06, 2054, 2.88807e+06, 2055, 2.91411e+06, 2056, 2.92462e+06, 2057, 2.927e+06, 2058, 2.92081e+06, 2059, 2.90034e+06, 2060, 2.88583e+06)",,,sales_magnitude.csv (Transport pipeline 2026-05-19),absolute sales count (all fuels combined),sales_magnitude.csv,Medium,Current Accounts
Vietnam,Key\TransportDataStock\Vehicle_Sales\Truck,Activity Level,"Interp(2006, 10138, 2007, 13229, 2008, 16809, 2009, 20945, 2010, 25708, 2011, 31181, 2012, 37453, 2013, 44627, 2014, 52816, 2015, 62149, 2016, 72767, 2017, 84830, 2018, 98514, 2019, 114019, 2020, 131564, 2021, 151397, 2022, 173791, 2023, 199054, 2024, 227525, 2025, 234382, 2026, 241446, 2027, 248722, 2028, 256218, 2029, 263940, 2030, 263940, 2031, 263940, 2032, 263940, 2033, 263940, 2034, 263940, 2035, 263940, 2036, 263940, 2037, 263940, 2038, 263940, 2039, 263940, 2040, 263940, 2041, 263940, 2042, 263940, 2043, 263940, 2044, 263940, 2045, 263940, 2046, 263940, 2047, 263940, 2048, 263940, 2049, 263940, 2050, 263940, 2051, 263940, 2052, 263940, 2053, 263940, 2054, 263940, 2055, 263940, 2056, 263940, 2057, 318976, 2058, 334928, 2059, 335284, 2060, 335088)",,,sales_magnitude.csv (Transport pipeline 2026-05-19),absolute sales count (all fuels combined),sales_magnitude.csv,Medium,Current Accounts
Vietnam,Key\TransportDataStock\Vehicles_Sales_Share\Bus\Blended Diesel,Activity Level,Remainder(100),,Blended Diesel,sales_mix.csv (Transport pipeline 2026-05-19),"PATCHED 2026-05-20: Remainder(100) replaces Interp() per CA-2024 vs fwd-2025 continuity check (see _ca_2024_vs_fwd_2025_mismatches_20260520.csv) | sales share_percent, scenario=AMS Target Scenario",sales_mix.csv,Medium,AMS Target Scenario
Vietnam,Key\TransportDataStock\Vehicles_Sales_Share\Bus\Blended Diesel,Activity Level,Remainder(100),,Blended Diesel,sales_mix.csv (Transport pipeline 2026-05-19),"PATCHED 2026-05-20: Remainder(100) replaces Interp() per CA-2024 vs fwd-2025 continuity check (see _ca_2024_vs_fwd_2025_mismatches_20260520.csv) | sales share_percent, scenario=Baseline Simulation",sales_mix.csv,Medium,Baseline Simulation
Vietnam,Key\TransportDataStock\Vehicles_Sales_Share\Bus\Blended Diesel,Activity Level,"Interp(2006, 70.0102, 2007, 70, 2008, 70.004, 2009, 70.0071, 2010, 69.9936, 2011, 69.9971, 2012, 69.9949, 2013, 70.0093, 2014, 70, 2015, 70.0038, 2016, 69.993, 2017, 70.0016, 2018, 70, 2019, 70.0027, 2020, 69.9988, 2021, 70.0011, 2022, 70, 2023, 70.001, 2024, 70.0035)",,Blended Diesel,sales_mix.csv (Transport pipeline 2026-05-19),"sales share_percent, scenario=Current Accounts",sales_mix.csv,Medium,Current Accounts
Vietnam,Key\TransportDataStock\Vehicles_Sales_Share\Bus\Blended Diesel,Activity Level,Remainder(100),,Blended Diesel,sales_mix.csv (Transport pipeline 2026-05-19),"PATCHED 2026-05-20: Remainder(100) replaces Interp() per CA-2024 vs fwd-2025 continuity check (see _ca_2024_vs_fwd_2025_mismatches_20260520.csv) | sales share_percent, scenario=Regional Aspiration Scenario",sales_mix.csv,Medium,Regional Aspiration Scenario
Vietnam,Key\TransportDataStock\Vehicles_Sales_Share\Bus\Electricity,Activity Level,"Interp(2026, 0.520717, 2027, 1.13322, 2028, 1.85134, 2029, 2.69005, 2030, 3.66523, 2031, 4.79317, 2032, 6.08999, 2033, 7.57067, 2034, 9.24797, 2035, 11.1311, 2036, 13.2241, 2037, 15.5248, 2038, 18.0227, 2039, 20.6991, 2040, 23.5261, 2041, 26.4678, 2042, 29.4811, 2043, 32.5189, 2044, 35.5322, 2045, 38.4739, 2046, 41.3009, 2047, 43.9773, 2048, 46.4752, 2049, 48.7759, 2050, 50.8689, 2051, 52.752, 2052, 54.4293, 2053, 55.91, 2054, 57.2068, 2055, 58.3348, 2056, 59.3099, 2057, 60.1487, 2058, 60.8668, 2059, 61.4793, 2060, 62)",,Electricity,sales_mix.csv (Transport pipeline 2026-05-19),"sales share_percent, scenario=Regional Aspiration Scenario",sales_mix.csv,Medium,Regional Aspiration Scenario
Vietnam,Key\TransportDataStock\Vehicles_Sales_Share\Bus\Natural Gas,Activity Level,"Interp(2006, 29.9898, 2007, 30, 2008, 29.996, 2009, 29.9929, 2010, 30.0064, 2011, 30.0029, 2012, 30.0051, 2013, 29.9907, 2014, 30, 2015, 29.9962, 2016, 30.007, 2017, 29.9984, 2018, 30, 2019, 29.9973, 2020, 30.0012, 2021, 29.9989, 2022, 30, 2023, 29.999, 2024, 29.9965)",,Natural Gas,sales_mix.csv (Transport pipeline 2026-05-19),"sales share_percent, scenario=Current Accounts",sales_mix.csv,Medium,Current Accounts
Vietnam,Key\TransportDataStock\Vehicles_Sales_Share\Motorcycle\Electricity,Activity Level,"Interp(2025, 7.91376, 2026, 9.92097, 2027, 12.0566, 2028, 14.2956, 2029, 16.6075, 2030, 18.9569, 2031, 21.3063, 2032, 23.6181, 2033, 25.8572, 2034, 27.9928, 2035, 30, 2036, 31.8607, 2037, 33.5638, 2038, 35.1044, 2039, 36.4833, 2040, 37.7058, 2041, 38.7807, 2042, 39.7187, 2043, 40.532, 2044, 41.2333, 2045, 41.835, 2046, 42.3492, 2047, 42.7871, 2048, 43.1587, 2049, 43.4734, 2050, 43.7393, 2051, 43.9636, 2052, 44.1524, 2053, 44.3112, 2054, 44.4729, 2055, 45.5365, 2056, 46.5428, 2057, 47.4916, 2058, 48.3833, 2059, 49.219, 2060, 50)",,Electricity,sales_mix.csv (Transport pipeline 2026-05-19),"sales share_percent, scenario=AMS Target Scenario",sales_mix.csv,Medium,AMS Target Scenario
Vietnam,Key\TransportDataStock\Vehicles_Sales_Share\Motorcycle\Electricity,Activity Level,"Interp(2025, 7.91376, 2026, 8.69471, 2027, 9.53041, 2028, 10.4222, 2029, 11.371, 2030, 12.3772, 2031, 13.4408, 2032, 14.561, 2033, 15.7365, 2034, 16.965, 2035, 18.2439, 2036, 19.5693, 2037, 20.937, 2038, 22.3418, 2039, 23.778, 2040, 25.2394, 2041, 26.719, 2042, 28.2097, 2043, 29.7041, 2044, 31.1948, 2045, 32.6744, 2046, 34.1357, 2047, 35.572, 2048, 36.9768, 2049, 38.3445, 2050, 39.6699, 2051, 40.9487, 2052, 42.1773, 2053, 43.3527, 2054, 44.4729, 2055, 45.5365, 2056, 46.5428, 2057, 47.4916, 2058, 48.3833, 2059, 49.219, 2060, 50)",,Electricity,sales_mix.csv (Transport pipeline 2026-05-19),"sales share_percent, scenario=Baseline Simulation",sales_mix.csv,Medium,Baseline Simulation
Vietnam,Key\TransportDataStock\Vehicles_Sales_Share\Motorcycle\Electricity,Activity Level,"Interp(2015, 0, 2016, 0, 2017, 0, 2018, 2.90001, 2019, 4.74173, 2020, 7.94178, 2021, 9.96775, 2022, 11.988, 2023, 3.97423, 2024, 7.91376)",,Electricity,sales_mix.csv (Transport pipeline 2026-05-19),"sales share_percent, scenario=Current Accounts",sales_mix.csv,Medium,Current Accounts
Vietnam,Key\TransportDataStock\Vehicles_Sales_Share\Motorcycle\Electricity,Activity Level,"Interp(2025, 7.91376, 2026, 14.4246, 2027, 22.4583, 2028, 31.9542, 2029, 42.6254, 2030, 53.9569, 2031, 65.2884, 2032, 75.9595, 2033, 85.4555, 2034, 93.4891, 2035, 100, 2036, 100, 2037, 100, 2038, 100, 2039, 100, 2040, 100, 2041, 100, 2042, 100, 2043, 100, 2044, 100, 2045, 100, 2046, 100, 2047, 100, 2048, 100, 2049, 100, 2050, 100, 2051, 100, 2052, 100, 2053, 100, 2054, 100, 2055, 100, 2056, 100, 2057, 100, 2058, 100, 2059, 100, 2060, 100)",,Electricity,sales_mix.csv (Transport pipeline 2026-05-19),"sales share_percent, scenario=Regional Aspiration Scenario",sales_mix.csv,Medium,Regional Aspiration Scenario
Vietnam,Key\TransportDataStock\Vehicles_Sales_Share\Motorcycle\Gasoline,Activity Level,"Interp(2025, 92.0862, 2026, 90.079, 2027, 87.9434, 2028, 85.7044, 2029, 83.3925, 2030, 81.0431, 2031, 78.6937, 2032, 76.3819, 2033, 74.1428, 2034, 72.0072, 2035, 70, 2036, 68.1393, 2037, 66.4362, 2038, 64.8956, 2039, 63.5167, 2040, 62.2942, 2041, 61.2193, 2042, 60.2813, 2043, 59.468, 2044, 58.7667, 2045, 58.165, 2046, 57.6508, 2047, 57.2129, 2048, 56.8413, 2049, 56.5266, 2050, 56.2607, 2051, 56.0364, 2052, 55.8476, 2053, 55.6888, 2054, 55.5271, 2055, 54.4635, 2056, 53.4572, 2057, 52.5084, 2058, 51.6167, 2059, 50.781, 2060, 50)",,Gasoline,sales_mix.csv (Transport pipeline 2026-05-19),"sales share_percent, scenario=AMS Target Scenario",sales_mix.csv,Medium,AMS Target Scenario
Vietnam,Key\TransportDataStock\Vehicles_Sales_Share\Motorcycle\Gasoline,Activity Level,"Interp(2025, 92.0862, 2026, 91.3053, 2027, 90.4696, 2028, 89.5778, 2029, 88.629, 2030, 87.6228, 2031, 86.5592, 2032, 85.439, 2033, 84.2635, 2034, 83.035, 2035, 81.7561, 2036, 80.4307, 2037, 79.063, 2038, 77.6582, 2039, 76.222, 2040, 74.7606, 2041, 73.281, 2042, 71.7903, 2043, 70.2959, 2044, 68.8052, 2045, 67.3256, 2046, 65.8643, 2047, 64.428, 2048, 63.0232, 2049, 61.6555, 2050, 60.3301, 2051, 59.0513, 2052, 57.8227, 2053, 56.6473, 2054, 55.5271, 2055, 54.4635, 2056, 53.4572, 2057, 52.5084, 2058, 51.6167, 2059, 50.781, 2060, 50)",,Gasoline,sales_mix.csv (Transport pipeline 2026-05-19),"sales share_percent, scenario=Baseline Simulation",sales_mix.csv,Medium,Baseline Simulation
Vietnam,Key\TransportDataStock\Vehicles_Sales_Share\Motorcycle\Gasoline,Activity Level,"Interp(2015, 100, 2016, 100, 2017, 100, 2018, 97.1, 2019, 95.2583, 2020, 92.0582, 2021, 90.0322, 2022, 88.012, 2023, 96.0258, 2024, 92.0862)",,Gasoline,sales_mix.csv (Transport pipeline 2026-05-19),"sales share_percent, scenario=Current Accounts",sales_mix.csv,Medium,Current Accounts
Vietnam,Key\TransportDataStock\Vehicles_Sales_Share\Motorcycle\Gasoline,Activity Level,"Interp(2025, 92.0862, 2026, 85.5754, 2027, 77.5417, 2028, 68.0458, 2029, 57.3746, 2030, 46.0431, 2031, 34.7116, 2032, 24.0405, 2033, 14.5445, 2034, 6.51086, 2035, 1.11022e-14, 2036, 1.11022e-14, 2037, 1.11022e-14, 2038, 1.11022e-14, 2039, 1.11022e-14, 2040, 1.11022e-14, 2041, 1.11022e-14, 2042, 1.11022e-14, 2043, 1.11022e-14, 2044, 1.11022e-14, 2045, 1.11022e-14, 2046, 1.11022e-14, 2047, 1.11022e-14, 2048, 1.11022e-14, 2049, 1.11022e-14, 2050, 1.11022e-14, 2051, 1.11022e-14, 2052, 1.11022e-14, 2053, 1.11022e-14, 2054, 1.11022e-14, 2055, 1.11022e-14, 2056, 1.11022e-14, 2057, 1.11022e-14, 2058, 1.11022e-14, 2059, 1.11022e-14, 2060, 1.11022e-14)",,Gasoline,sales_mix.csv (Transport pipeline 2026-05-19),"sales share_percent, scenario=Regional Aspiration Scenario",sales_mix.csv,Medium,Regional Aspiration Scenario
Vietnam,Key\TransportDataStock\Vehicles_Sales_Share\PassengerCar\Blended Diesel,Activity Level,"Interp(2025, 5.88235, 2026, 5.39645, 2027, 4.85701, 2028, 4.26176, 2029, 3.60933, 2030, 2.89947, 2031, 2.13326, 2032, 1.31337, 2033, 0.444077)",,Blended Diesel,sales_mix.csv (Transport pipeline 2026-05-19),"sales share_percent, scenario=AMS Target Scenario",sales_mix.csv,Medium,AMS Target Scenario
Vietnam,Key\TransportDataStock\Vehicles_Sales_Share\PassengerCar\Blended Diesel,Activity Level,"Interp(2025, 5.88235, 2026, 5.66841, 2027, 5.43947, 2028, 5.19517, 2029, 4.93526, 2030, 4.6596, 2031, 4.36823, 2032, 4.06135, 2033, 3.73934, 2034, 3.40278, 2035, 3.05245, 2036, 2.68935, 2037, 2.31468, 2038, 1.92983, 2039, 1.53637, 2040, 1.13605, 2041, 0.730718, 2042, 0.322344)",,Blended Diesel,sales_mix.csv (Transport pipeline 2026-05-19),"sales share_percent, scenario=Baseline Simulation",sales_mix.csv,Medium,Baseline Simulation
Vietnam,Key\TransportDataStock\Vehicles_Sales_Share\PassengerCar\Blended Diesel,Activity Level,"Interp(2015, 8.98898, 2016, 9.12283, 2017, 7.28146, 2018, 6.00196, 2019, 17.3456, 2020, 8.75969, 2021, 8.72249, 2022, 8.72997, 2023, 7.28243, 2024, 5.88235)",,Blended Diesel,sales_mix.csv (Transport pipeline 2026-05-19),"sales share_percent, scenario=Current Accounts",sales_mix.csv,Medium,Current Accounts
Vietnam,Key\TransportDataStock\Vehicles_Sales_Share\PassengerCar\Blended Diesel,Activity Level,"Interp(2025, 5.88235, 2026, 2.98429)",,Blended Diesel,sales_mix.csv (Transport pipeline 2026-05-19),"sales share_percent, scenario=Regional Aspiration Scenario",sales_mix.csv,Medium,Regional Aspiration Scenario
Vietnam,Key\TransportDataStock\Vehicles_Sales_Share\PassengerCar\Electricity,Activity Level,"Interp(2025, 25.5882, 2026, 26.1956, 2027, 26.8699, 2028, 27.614, 2029, 28.4295, 2030, 29.3168, 2031, 30.2746, 2032, 31.2995, 2033, 32.3861, 2034, 33.5269, 2035, 34.7125, 2036, 35.9314, 2037, 37.1709, 2038, 38.4174, 2039, 39.6569, 2040, 40.8758, 2041, 42.0613, 2042, 43.2022, 2043, 44.2888, 2044, 45.3136, 2045, 46.2714, 2046, 47.1587, 2047, 47.9743, 2048, 48.7183, 2049, 49.3926, 2050, 50, 2051, 50.5441, 2052, 51.0291, 2053, 51.4596, 2054, 51.8402, 2055, 52.1755, 2056, 52.47, 2057, 52.728, 2058, 52.9535, 2059, 53.1502, 2060, 53.3215)",,Electricity,sales_mix.csv (Transport pipeline 2026-05-19),"sales share_percent, scenario=AMS Target Scenario",sales_mix.csv,Medium,AMS Target Scenario
Vietnam,Key\TransportDataStock\Vehicles_Sales_Share\PassengerCar\Electricity,Activity Level,"Interp(2025, 25.5882, 2026, 25.8557, 2027, 26.1418, 2028, 26.4472, 2029, 26.7721, 2030, 27.1167, 2031, 27.4809, 2032, 27.8645, 2033, 28.267, 2034, 28.6877, 2035, 29.1256, 2036, 29.5795, 2037, 30.0478, 2038, 30.5289, 2039, 31.0207, 2040, 31.5211, 2041, 32.0278, 2042, 32.5382, 2043, 33.05, 2044, 33.5605, 2045, 34.0671, 2046, 34.5675, 2047, 35.0593, 2048, 35.5404, 2049, 36.0088, 2050, 36.4626, 2051, 36.9005, 2052, 37.3212, 2053, 37.7237, 2054, 38.1073, 2055, 38.4716, 2056, 38.8161, 2057, 39.141, 2058, 39.4464, 2059, 39.7326, 2060, 40)",,Electricity,sales_mix.csv (Transport pipeline 2026-05-19),"sales share_percent, scenario=Baseline Simulation",sales_mix.csv,Medium,Baseline Simulation
Vietnam,Key\TransportDataStock\Vehicles_Sales_Share\PassengerCar\Electricity,Activity Level,"Interp(2015, 0, 2016, 0, 2017, 0, 2018, 0, 2019, 0, 2020, 0, 2021, 0.72222, 2022, 0.79442, 2023, 8.06838, 2024, 25.5882)",,Electricity,sales_mix.csv (Transport pipeline 2026-05-19),"sales share_percent, scenario=Current Accounts",sales_mix.csv,Medium,Current Accounts
Vietnam,Key\TransportDataStock\Vehicles_Sales_Share\PassengerCar\Electricity,Activity Level,"Interp(2025, 25.5882, 2026, 29.2108, 2027, 33.6466, 2028, 38.9339, 2029, 45.0379, 2030, 51.83, 2031, 59.0849, 2032, 66.5033, 2033, 73.7582, 2034, 80.5503, 2035, 86.6543, 2036, 91.9417, 2037, 96.3774, 2038, 100, 2039, 100, 2040, 100, 2041, 100, 2042, 100, 2043, 100, 2044, 100, 2045, 100, 2046, 100, 2047, 100, 2048, 100, 2049, 100, 2050, 100, 2051, 100, 2052, 100, 2053, 100, 2054, 100, 2055, 100, 2056, 100, 2057, 100, 2058, 100, 2059, 100, 2060, 100)",,Electricity,sales_mix.csv (Transport pipeline 2026-05-19),"sales share_percent, scenario=Regional Aspiration Scenario",sales_mix.csv,Medium,Regional Aspiration Scenario
Vietnam,Key\TransportDataStock\Vehicles_Sales_Share\PassengerCar\Gasoline,Activity Level,"Interp(2025, 68.5294, 2026, 68.4079, 2027, 68.2731, 2028, 68.1243, 2029, 67.9612, 2030, 67.7837, 2031, 67.5921, 2032, 67.3872, 2033, 67.1698, 2034, 66.4731, 2035, 65.2875, 2036, 64.0686, 2037, 62.8291, 2038, 61.5826, 2039, 60.3431, 2040, 59.1242, 2041, 57.9387, 2042, 56.7978, 2043, 55.7112, 2044, 54.6864, 2045, 53.7286, 2046, 52.8413, 2047, 52.0257, 2048, 51.2817, 2049, 50.6074, 2050, 50, 2051, 49.4559, 2052, 48.9709, 2053, 48.5404, 2054, 48.1598, 2055, 47.8245, 2056, 47.53, 2057, 47.272, 2058, 47.0465, 2059, 46.8498, 2060, 46.6785)",,Gasoline,sales_mix.csv (Transport pipeline 2026-05-19),"sales share_percent, scenario=AMS Target Scenario",sales_mix.csv,Medium,AMS Target Scenario
Vietnam,Key\TransportDataStock\Vehicles_Sales_Share\PassengerCar\Gasoline,Activity Level,"Interp(2025, 68.5294, 2026, 68.4759, 2027, 68.4187, 2028, 68.3576, 2029, 68.2926, 2030, 68.2237, 2031, 68.1509, 2032, 68.0742, 2033, 67.9937, 2034, 67.9095, 2035, 67.8219, 2036, 67.7312, 2037, 67.6375, 2038, 67.5413, 2039, 67.4429, 2040, 67.3428, 2041, 67.2415, 2042, 67.1394, 2043, 66.95, 2044, 66.4395, 2045, 65.9329, 2046, 65.4325, 2047, 64.9407, 2048, 64.4596, 2049, 63.9912, 2050, 63.5374, 2051, 63.0995, 2052, 62.6788, 2053, 62.2763, 2054, 61.8927, 2055, 61.5284, 2056, 61.1839, 2057, 60.859, 2058, 60.5536, 2059, 60.2674, 2060, 60)",,Gasoline,sales_mix.csv (Transport pipeline 2026-05-19),"sales share_percent, scenario=Baseline Simulation",sales_mix.csv,Medium,Baseline Simulation
Vietnam,Key\TransportDataStock\Vehicles_Sales_Share\PassengerCar\Gasoline,Activity Level,"Interp(2015, 91.011, 2016, 90.8772, 2017, 92.7185, 2018, 93.998, 2019, 82.6544, 2020, 91.2403, 2021, 90.5553, 2022, 90.4756, 2023, 84.6492, 2024, 68.5294)",,Gasoline,sales_mix.csv (Transport pipeline 2026-05-19),"sales share_percent, scenario=Current Accounts",sales_mix.csv,Medium,Current Accounts
Vietnam,Key\TransportDataStock\Vehicles_Sales_Share\PassengerCar\Gasoline,Activity Level,"Interp(2025, 68.5294, 2026, 67.8049, 2027, 66.3534, 2028, 61.0661, 2029, 54.9621, 2030, 48.17, 2031, 40.9151, 2032, 33.4967, 2033, 26.2418, 2034, 19.4497, 2035, 13.3457, 2036, 8.05833, 2037, 3.62257, 2038, 5.55112e-15, 2039, 5.55112e-15, 2040, 5.55112e-15, 2041, 5.55112e-15, 2042, 5.55112e-15, 2043, 5.55112e-15, 2044, 5.55112e-15, 2045, 5.55112e-15, 2046, 5.55112e-15, 2047, 5.55112e-15, 2048, 5.55112e-15, 2049, 5.55112e-15, 2050, 5.55112e-15, 2051, 5.55112e-15, 2052, 5.55112e-15, 2053, 5.55112e-15, 2054, 5.55112e-15, 2055, 5.55112e-15, 2056, 5.55112e-15, 2057, 5.55112e-15, 2058, 5.55112e-15, 2059, 5.55112e-15, 2060, 5.55112e-15)",,Gasoline,sales_mix.csv (Transport pipeline 2026-05-19),"sales share_percent, scenario=Regional Aspiration Scenario",sales_mix.csv,Medium,Regional Aspiration Scenario
Vietnam,Key\TransportDataStock\Vehicles_Sales_Share\Truck\Blended Diesel,Activity Level,"Interp(2025, 100, 2026, 100, 2027, 100, 2028, 100, 2029, 100, 2030, 100, 2031, 100, 2032, 100, 2033, 100, 2034, 100, 2035, 100, 2036, 100, 2037, 100, 2038, 100, 2039, 100, 2040, 100, 2041, 100, 2042, 100, 2043, 100, 2044, 100, 2045, 100, 2046, 100, 2047, 100, 2048, 100, 2049, 100, 2050, 100, 2051, 100, 2052, 100, 2053, 100, 2054, 100, 2055, 100, 2056, 100, 2057, 100, 2058, 100, 2059, 100, 2060, 100)",,Blended Diesel,sales_mix.csv (Transport pipeline 2026-05-19),"sales share_percent, scenario=AMS Target Scenario",sales_mix.csv,Medium,AMS Target Scenario
Vietnam,Key\TransportDataStock\Vehicles_Sales_Share\Truck\Blended Diesel,Activity Level,"Interp(2025, 100, 2026, 100, 2027, 100, 2028, 100, 2029, 100, 2030, 100, 2031, 100, 2032, 100, 2033, 100, 2034, 100, 2035, 100, 2036, 100, 2037, 100, 2038, 100, 2039, 100, 2040, 100, 2041, 100, 2042, 100, 2043, 100, 2044, 100, 2045, 100, 2046, 100, 2047, 100, 2048, 100, 2049, 100, 2050, 100, 2051, 100, 2052, 100, 2053, 100, 2054, 100, 2055, 100, 2056, 100, 2057, 100, 2058, 100, 2059, 100, 2060, 100)",,Blended Diesel,sales_mix.csv (Transport pipeline 2026-05-19),"sales share_percent, scenario=Baseline Simulation",sales_mix.csv,Medium,Baseline Simulation
Vietnam,Key\TransportDataStock\Vehicles_Sales_Share\Truck\Blended Diesel,Activity Level,"Interp(2006, 100, 2007, 100, 2008, 100, 2009, 100, 2010, 100, 2011, 100, 2012, 100, 2013, 100, 2014, 100, 2015, 100, 2016, 100, 2017, 100, 2018, 100, 2019, 100, 2020, 100, 2021, 100, 2022, 100, 2023, 100, 2024, 100)",,Blended Diesel,sales_mix.csv (Transport pipeline 2026-05-19),"sales share_percent, scenario=Current Accounts",sales_mix.csv,Medium,Current Accounts
Vietnam,Key\TransportDataStock\Vehicles_Sales_Share\Truck\Blended Diesel,Activity Level,"Interp(2025, 100, 2026, 99.7382, 2027, 99.4296, 2028, 99.0669, 2029, 98.6421, 2030, 98.147, 2031, 97.5727, 2032, 96.9107, 2033, 96.1527, 2034, 95.2917, 2035, 94.3225, 2036, 93.2423, 2037, 92.0522, 2038, 90.7571, 2039, 89.3667, 2040, 87.8956, 2041, 86.3631, 2042, 84.7921, 2043, 83.2079, 2044, 81.6369, 2045, 80.1044, 2046, 78.6333, 2047, 77.2429, 2048, 75.9478, 2049, 74.7577, 2050, 73.6775, 2051, 72.7083, 2052, 71.8473, 2053, 71.0893, 2054, 70.4273, 2055, 69.853, 2056, 69.3579, 2057, 68.9331, 2058, 68.5704, 2059, 68.2618, 2060, 68)",,Blended Diesel,sales_mix.csv (Transport pipeline 2026-05-19),"sales share_percent, scenario=Regional Aspiration Scenario",sales_mix.csv,Medium,Regional Aspiration Scenario
Vietnam,Key\TransportDataStock\Vehicles_Sales_Share\Truck\Electricity,Activity Level,"Interp(2026, 0.235163, 2027, 0.511778, 2028, 0.836089, 2029, 1.21486, 2030, 1.65526, 2031, 2.16466, 2032, 2.75032, 2033, 3.41901, 2034, 4.1765, 2035, 5.02694, 2036, 5.97219, 2037, 7.01118, 2038, 8.13929, 2039, 9.34798, 2040, 10.6247, 2041, 11.9532, 2042, 13.3141, 2043, 14.6859, 2044, 16.0468, 2045, 17.3753, 2046, 18.652, 2047, 19.8607, 2048, 20.9888, 2049, 22.0278, 2050, 22.9731, 2051, 23.8235, 2052, 24.581, 2053, 25.2497, 2054, 25.8353, 2055, 26.3447, 2056, 26.7851, 2057, 27.1639, 2058, 27.4882, 2059, 27.7648, 2060, 28)",,Electricity,sales_mix.csv (Transport pipeline 2026-05-19),"sales share_percent, scenario=Regional Aspiration Scenario",sales_mix.csv,Medium,Regional Aspiration Scenario
Vietnam,Key\TransportDataStock\Vehicles_Sales_Share\Truck\Hydrogen,Activity Level,"Interp(2026, 0.0265949, 2027, 0.0586165, 2028, 0.0970551, 2029, 0.14303, 2030, 0.197778, 2031, 0.26264, 2032, 0.339013, 2033, 0.428293, 2034, 0.531788, 2035, 0.650594, 2036, 0.785458, 2037, 0.936619, 2038, 1.10365, 2039, 1.28535, 2040, 1.47966, 2041, 1.68369, 2042, 1.89386, 2043, 2.10614, 2044, 2.31631, 2045, 2.52034, 2046, 2.71465, 2047, 2.89635, 2048, 3.06338, 2049, 3.21454, 2050, 3.34941, 2051, 3.46821, 2052, 3.57171, 2053, 3.66099, 2054, 3.73736, 2055, 3.80222, 2056, 3.85697, 2057, 3.90294, 2058, 3.94138, 2059, 3.97341, 2060, 4)",,Hydrogen,sales_mix.csv (Transport pipeline 2026-05-19),"sales share_percent, scenario=Regional Aspiration Scenario",sales_mix.csv,Medium,Regional Aspiration Scenario
Vietnam,Demand\Transport\Road\Bus\Blended Diesel\Blended Diesel,Mileage,"Interp(2025, 31838, 2030, 31838, 2035, 31838, 2040, 31838, 2045, 31838, 2050, 31838, 2055, 31838, 2060, 31838)",Kilometer,Blended Diesel,GIZ NDC-TIA Vietnam Component 2021 Table 2.6 Summary of road motor vehicles in Viet Nam (Duc 2019 + Institute of Transport Science and Technology 2018 with 2016 DOE statistics); all-bus average across 14% gasoline / 86% diesel mix,mileage vehicle-wide; confidence=source_confirmed_external,mileage_anchors.csv,Medium,Current Accounts
Vietnam,Demand\Transport\Road\Bus\Electricity\Electricity,Mileage,"Interp(2025, 31838, 2030, 31838, 2035, 31838, 2040, 31838, 2045, 31838, 2050, 31838, 2055, 31838, 2060, 31838)",Kilometer,Electricity,GIZ NDC-TIA Vietnam Component 2021 Table 2.6 Summary of road motor vehicles in Viet Nam (Duc 2019 + Institute of Transport Science and Technology 2018 with 2016 DOE statistics); all-bus average across 14% gasoline / 86% diesel mix,mileage vehicle-wide; confidence=source_confirmed_external,mileage_anchors.csv,Medium,Current Accounts
Vietnam,Demand\Transport\Road\Bus\Gasoline\Gasoline,Mileage,"Interp(2025, 31838, 2030, 31838, 2035, 31838, 2040, 31838, 2045, 31838, 2050, 31838, 2055, 31838, 2060, 31838)",Kilometer,Gasoline,GIZ NDC-TIA Vietnam Component 2021 Table 2.6 Summary of road motor vehicles in Viet Nam (Duc 2019 + Institute of Transport Science and Technology 2018 with 2016 DOE statistics); all-bus average across 14% gasoline / 86% diesel mix,mileage vehicle-wide; confidence=source_confirmed_external,mileage_anchors.csv,Medium,Current Accounts
Vietnam,Demand\Transport\Road\Bus\Hydrogen\Hydrogen,Mileage,"Interp(2025, 31838, 2030, 31838, 2035, 31838, 2040, 31838, 2045, 31838, 2050, 31838, 2055, 31838, 2060, 31838)",Kilometer,Hydrogen,GIZ NDC-TIA Vietnam Component 2021 Table 2.6 Summary of road motor vehicles in Viet Nam (Duc 2019 + Institute of Transport Science and Technology 2018 with 2016 DOE statistics); all-bus average across 14% gasoline / 86% diesel mix,mileage vehicle-wide; confidence=source_confirmed_external,mileage_anchors.csv,Medium,Current Accounts
Vietnam,Demand\Transport\Road\Bus\Natural Gas\Natural Gas,Mileage,"Interp(2025, 31838, 2030, 31838, 2035, 31838, 2040, 31838, 2045, 31838, 2050, 31838, 2055, 31838, 2060, 31838)",Kilometer,Natural Gas,GIZ NDC-TIA Vietnam Component 2021 Table 2.6 Summary of road motor vehicles in Viet Nam (Duc 2019 + Institute of Transport Science and Technology 2018 with 2016 DOE statistics); all-bus average across 14% gasoline / 86% diesel mix,mileage vehicle-wide; confidence=source_confirmed_external,mileage_anchors.csv,Medium,Current Accounts
Vietnam,Demand\Transport\Road\Motorcyle\Electricity\Electricity,Mileage,"Interp(2025, 7225, 2030, 7225, 2035, 7225, 2040, 7225, 2045, 7225, 2050, 7225, 2055, 7225, 2060, 7225)",Kilometer,Electricity,ERIA 2022 RPR No.16 Phase II Table 3.6 Vehicle Kilometre of Travel,mileage vehicle-wide; confidence=source_confirmed_external,mileage_anchors.csv,Medium,Current Accounts
Vietnam,Demand\Transport\Road\Motorcyle\Gasoline\Gasoline,Mileage,"Interp(2025, 7225, 2030, 7225, 2035, 7225, 2040, 7225, 2045, 7225, 2050, 7225, 2055, 7225, 2060, 7225)",Kilometer,Gasoline,ERIA 2022 RPR No.16 Phase II Table 3.6 Vehicle Kilometre of Travel,mileage vehicle-wide; confidence=source_confirmed_external,mileage_anchors.csv,Medium,Current Accounts
Vietnam,Demand\Transport\Road\PassengerCar\Blended Diesel\Blended Diesel,Mileage,"Interp(2025, 13723, 2030, 13723, 2035, 13723, 2040, 13723, 2045, 13723, 2050, 13723, 2055, 13723, 2060, 13723)",Kilometer,Blended Diesel,ERIA 2022 RPR No.16 Phase II Table 3.6 Vehicle Kilometre of Travel,mileage vehicle-wide; confidence=source_confirmed_external,mileage_anchors.csv,Medium,Current Accounts
Vietnam,Demand\Transport\Road\PassengerCar\Electricity\Electricity,Mileage,"Interp(2025, 13723, 2030, 13723, 2035, 13723, 2040, 13723, 2045, 13723, 2050, 13723, 2055, 13723, 2060, 13723)",Kilometer,Electricity,ERIA 2022 RPR No.16 Phase II Table 3.6 Vehicle Kilometre of Travel,mileage vehicle-wide; confidence=source_confirmed_external,mileage_anchors.csv,Medium,Current Accounts
Vietnam,Demand\Transport\Road\PassengerCar\Gasoline\Gasoline,Mileage,"Interp(2025, 13723, 2030, 13723, 2035, 13723, 2040, 13723, 2045, 13723, 2050, 13723, 2055, 13723, 2060, 13723)",Kilometer,Gasoline,ERIA 2022 RPR No.16 Phase II Table 3.6 Vehicle Kilometre of Travel,mileage vehicle-wide; confidence=source_confirmed_external,mileage_anchors.csv,Medium,Current Accounts
Vietnam,Demand\Transport\Road\PassengerCar\Natural Gas\Natural Gas,Mileage,"Interp(2025, 13723, 2030, 13723, 2035, 13723, 2040, 13723, 2045, 13723, 2050, 13723, 2055, 13723, 2060, 13723)",Kilometer,Natural Gas,ERIA 2022 RPR No.16 Phase II Table 3.6 Vehicle Kilometre of Travel,mileage vehicle-wide; confidence=source_confirmed_external,mileage_anchors.csv,Medium,Current Accounts
Vietnam,Demand\Transport\Road\Truck\Blended Diesel\Blended Diesel,Mileage,"Interp(2025, 61016, 2030, 61016, 2035, 61016, 2040, 61016, 2045, 61016, 2050, 61016, 2055, 61016, 2060, 61016)",Kilometer,Blended Diesel,ATO TAS-FRA-018 land freight vkm divided by TAS-VEP-020 truck stock; mean 2018-2020 (61016/54370/63490),mileage vehicle-wide; confidence=source_confirmed_external,mileage_anchors.csv,Medium,Current Accounts
Vietnam,Demand\Transport\Road\Truck\Electricity\Electricity,Mileage,"Interp(2025, 61016, 2030, 61016, 2035, 61016, 2040, 61016, 2045, 61016, 2050, 61016, 2055, 61016, 2060, 61016)",Kilometer,Electricity,ATO TAS-FRA-018 land freight vkm divided by TAS-VEP-020 truck stock; mean 2018-2020 (61016/54370/63490),mileage vehicle-wide; confidence=source_confirmed_external,mileage_anchors.csv,Medium,Current Accounts
Vietnam,Demand\Transport\Road\Truck\Gasoline\Gasoline,Mileage,"Interp(2025, 61016, 2030, 61016, 2035, 61016, 2040, 61016, 2045, 61016, 2050, 61016, 2055, 61016, 2060, 61016)",Kilometer,Gasoline,ATO TAS-FRA-018 land freight vkm divided by TAS-VEP-020 truck stock; mean 2018-2020 (61016/54370/63490),mileage vehicle-wide; confidence=source_confirmed_external,mileage_anchors.csv,Medium,Current Accounts
Vietnam,Demand\Transport\Road\Truck\Hydrogen\Hydrogen,Mileage,"Interp(2025, 61016, 2030, 61016, 2035, 61016, 2040, 61016, 2045, 61016, 2050, 61016, 2055, 61016, 2060, 61016)",Kilometer,Hydrogen,ATO TAS-FRA-018 land freight vkm divided by TAS-VEP-020 truck stock; mean 2018-2020 (61016/54370/63490),mileage vehicle-wide; confidence=source_confirmed_external,mileage_anchors.csv,Medium,Current Accounts
Vietnam,Demand\Transport\Road\Truck\Natural Gas\Natural Gas,Mileage,"Interp(2025, 61016, 2030, 61016, 2035, 61016, 2040, 61016, 2045, 61016, 2050, 61016, 2055, 61016, 2060, 61016)",Kilometer,Natural Gas,ATO TAS-FRA-018 land freight vkm divided by TAS-VEP-020 truck stock; mean 2018-2020 (61016/54370/63490),mileage vehicle-wide; confidence=source_confirmed_external,mileage_anchors.csv,Medium,Current Accounts
